symbol,report_type_id,report_type_name,period_mode,id,name,parentID,expanded,level,field,values_json
ACG,1,BalanceSheet,Quarter,1,TÀI SẢN,-1,True,1,,"[{""period"": ""Q4 2018"", ""year"": 2018, ""quarter"": 4, ""value"": null}, {""period"": ""Q1 2019"", ""year"": 2019, ""quarter"": 1, ""value"": null}, {""period"": ""Q2 2019"", ""year"": 2019, ""quarter"": 2, ""value"": null}, {""period"": ""Q3 2019"", ""year"": 2019, ""quarter"": 3, ""value"": null}, {""period"": ""Q4 2019"", ""year"": 2019, ""quarter"": 4, ""value"": null}, {""period"": ""Q2 2020"", ""year"": 2020, ""quarter"": 2, ""value"": null}, {""period"": ""Q3 2020"", ""year"": 2020, ""quarter"": 3, ""value"": null}, {""period"": ""Q4 2020"", ""year"": 2020, ""quarter"": 4, ""value"": null}, {""period"": ""Q1 2021"", ""year"": 2021, ""quarter"": 1, ""value"": null}, {""period"": ""Q2 2021"", ""year"": 2021, ""quarter"": 2, ""value"": null}, {""period"": ""Q3 2021"", ""year"": 2021, ""quarter"": 3, ""value"": null}, {""period"": ""Q4 2021"", ""year"": 2021, ""quarter"": 4, ""value"": null}, {""period"": ""Q1 2022"", ""year"": 2022, ""quarter"": 1, ""value"": null}, {""period"": ""Q2 2022"", ""year"": 2022, ""quarter"": 2, ""value"": null}, {""period"": ""Q3 2022"", ""year"": 2022, ""quarter"": 3, ""value"": null}, {""period"": ""Q4 2022"", ""year"": 2022, ""quarter"": 4, ""value"": null}, {""period"": ""Q1 2023"", ""year"": 2023, ""quarter"": 1, ""value"": null}, {""period"": ""Q2 2023"", ""year"": 2023, ""quarter"": 2, ""value"": null}, {""period"": ""Q3 2023"", ""year"": 2023, ""quarter"": 3, ""value"": null}, {""period"": ""Q4 2023"", ""year"": 2023, ""quarter"": 4, ""value"": null}, {""period"": ""Q1 2024"", ""year"": 2024, ""quarter"": 1, ""value"": null}, {""period"": ""Q2 2024"", ""year"": 2024, ""quarter"": 2, ""value"": null}, {""period"": ""Q3 2024"", ""year"": 2024, ""quarter"": 3, ""value"": null}, {""period"": ""Q4 2024"", ""year"": 2024, ""quarter"": 4, ""value"": null}, {""period"": ""Q1 2025"", ""year"": 2025, ""quarter"": 1, ""value"": null}, {""period"": ""Q2 2025"", ""year"": 2025, ""quarter"": 2, ""value"": null}, {""period"": ""Q3 2025"", ""year"": 2025, ""quarter"": 3, ""value"": null}, {""period"": ""Q4 2025"", ""year"": 2025, ""quarter"": 4, ""value"": null}, {""period"": ""Q1 2026"", ""year"": 2026, ""quarter"": 1, ""value"": null}, {""period"": ""Q2 2026"", ""year"": 2026, ""quarter"": 2, ""value"": null}]"
ACG,1,BalanceSheet,Quarter,101,A. Tài sản lưu động và đầu tư ngắn hạn,1,True,2,,"[{""period"": ""Q4 2018"", ""year"": 2018, ""quarter"": 4, ""value"": 2573383275411.0}, {""period"": ""Q1 2019"", ""year"": 2019, ""quarter"": 1, ""value"": 3180584313091.0}, {""period"": ""Q2 2019"", ""year"": 2019, ""quarter"": 2, ""value"": 3284644682697.0}, {""period"": ""Q3 2019"", ""year"": 2019, ""quarter"": 3, ""value"": 3329982898178.0}, {""period"": ""Q4 2019"", ""year"": 2019, ""quarter"": 4, ""value"": 3197102726018.0}, {""period"": ""Q2 2020"", ""year"": 2020, ""quarter"": 2, ""value"": 3404389736703.0}, {""period"": ""Q3 2020"", ""year"": 2020, ""quarter"": 3, ""value"": 3529440443654.0}, {""period"": ""Q4 2020"", ""year"": 2020, ""quarter"": 4, ""value"": 3688399748702.0}, {""period"": ""Q1 2021"", ""year"": 2021, ""quarter"": 1, ""value"": 3482845320963.0}, {""period"": ""Q2 2021"", ""year"": 2021, ""quarter"": 2, ""value"": 3505887160434.0}, {""period"": ""Q3 2021"", ""year"": 2021, ""quarter"": 3, ""value"": 3400788423664.0}, {""period"": ""Q4 2021"", ""year"": 2021, ""quarter"": 4, ""value"": 3650800848248.0}, {""period"": ""Q1 2022"", ""year"": 2022, ""quarter"": 1, ""value"": 3588732690520.0}, {""period"": ""Q2 2022"", ""year"": 2022, ""quarter"": 2, ""value"": 3610605802672.0}, {""period"": ""Q3 2022"", ""year"": 2022, ""quarter"": 3, ""value"": 3748839596683.0}, {""period"": ""Q4 2022"", ""year"": 2022, ""quarter"": 4, ""value"": 3839455530541.0}, {""period"": ""Q1 2023"", ""year"": 2023, ""quarter"": 1, ""value"": 3738741934226.0}, {""period"": ""Q2 2023"", ""year"": 2023, ""quarter"": 2, ""value"": 3741323451816.0}, {""period"": ""Q3 2023"", ""year"": 2023, ""quarter"": 3, ""value"": 3477046496610.0}, {""period"": ""Q4 2023"", ""year"": 2023, ""quarter"": 4, ""value"": 4132297806618.0}, {""period"": ""Q1 2024"", ""year"": 2024, ""quarter"": 1, ""value"": 4384818585454.0}, {""period"": ""Q2 2024"", ""year"": 2024, ""quarter"": 2, ""value"": 4289965492417.0}, {""period"": ""Q3 2024"", ""year"": 2024, ""quarter"": 3, ""value"": 4099544620932.0}, {""period"": ""Q4 2024"", ""year"": 2024, ""quarter"": 4, ""value"": 4119960561265.0}, {""period"": ""Q1 2025"", ""year"": 2025, ""quarter"": 1, ""value"": 4504539317330.0}, {""period"": ""Q2 2025"", ""year"": 2025, ""quarter"": 2, ""value"": 4447693850812.0}, {""period"": ""Q3 2025"", ""year"": 2025, ""quarter"": 3, ""value"": 4568094406348.0}, {""period"": ""Q4 2025"", ""year"": 2025, ""quarter"": 4, ""value"": 5150094439590.0}, {""period"": ""Q1 2026"", ""year"": 2026, ""quarter"": 1, ""value"": 4866883118285.0}, {""period"": ""Q2 2026"", ""year"": 2026, ""quarter"": 2, ""value"": 5661507286616.0}]"
ACG,1,BalanceSheet,Quarter,10101,I. Tiền và các khoản tương đương tiền,101,False,3,,"[{""period"": ""Q4 2018"", ""year"": 2018, ""quarter"": 4, ""value"": 32331088573.0}, {""period"": ""Q1 2019"", ""year"": 2019, ""quarter"": 1, ""value"": 68450657921.0}, {""period"": ""Q2 2019"", ""year"": 2019, ""quarter"": 2, ""value"": 23502049586.0}, {""period"": ""Q3 2019"", ""year"": 2019, ""quarter"": 3, ""value"": 19096450398.0}, {""period"": ""Q4 2019"", ""year"": 2019, ""quarter"": 4, ""value"": 64461661002.0}, {""period"": ""Q2 2020"", ""year"": 2020, ""quarter"": 2, ""value"": 29185324281.0}, {""period"": ""Q3 2020"", ""year"": 2020, ""quarter"": 3, ""value"": 33596728239.0}, {""period"": ""Q4 2020"", ""year"": 2020, ""quarter"": 4, ""value"": 53239217833.0}, {""period"": ""Q1 2021"", ""year"": 2021, ""quarter"": 1, ""value"": 26962010285.0}, {""period"": ""Q2 2021"", ""year"": 2021, ""quarter"": 2, ""value"": 39909087407.0}, {""period"": ""Q3 2021"", ""year"": 2021, ""quarter"": 3, ""value"": 16975410813.0}, {""period"": ""Q4 2021"", ""year"": 2021, ""quarter"": 4, ""value"": 99169609256.0}, {""period"": ""Q1 2022"", ""year"": 2022, ""quarter"": 1, ""value"": 55184648457.0}, {""period"": ""Q2 2022"", ""year"": 2022, ""quarter"": 2, ""value"": 72901727741.0}, {""period"": ""Q3 2022"", ""year"": 2022, ""quarter"": 3, ""value"": 338346736780.0}, {""period"": ""Q4 2022"", ""year"": 2022, ""quarter"": 4, ""value"": 387855741942.0}, {""period"": ""Q1 2023"", ""year"": 2023, ""quarter"": 1, ""value"": 32132953866.0}, {""period"": ""Q2 2023"", ""year"": 2023, ""quarter"": 2, ""value"": 60971349491.0}, {""period"": ""Q3 2023"", ""year"": 2023, ""quarter"": 3, ""value"": 92864531696.0}, {""period"": ""Q4 2023"", ""year"": 2023, ""quarter"": 4, ""value"": 66882261518.0}, {""period"": ""Q1 2024"", ""year"": 2024, ""quarter"": 1, ""value"": 31237816308.0}, {""period"": ""Q2 2024"", ""year"": 2024, ""quarter"": 2, ""value"": 141916067972.0}, {""period"": ""Q3 2024"", ""year"": 2024, ""quarter"": 3, ""value"": 73698604920.0}, {""period"": ""Q4 2024"", ""year"": 2024, ""quarter"": 4, ""value"": 155329618175.0}, {""period"": ""Q1 2025"", ""year"": 2025, ""quarter"": 1, ""value"": 159522919222.0}, {""period"": ""Q2 2025"", ""year"": 2025, ""quarter"": 2, ""value"": 30527975174.0}, {""period"": ""Q3 2025"", ""year"": 2025, ""quarter"": 3, ""value"": 38916897520.0}, {""period"": ""Q4 2025"", ""year"": 2025, ""quarter"": 4, ""value"": 387706924742.0}, {""period"": ""Q1 2026"", ""year"": 2026, ""quarter"": 1, ""value"": 219625678228.0}, {""period"": ""Q2 2026"", ""year"": 2026, ""quarter"": 2, ""value"": 241133823696.0}]"
ACG,1,BalanceSheet,Quarter,1010101,1. Tiền,10101,False,4,,"[{""period"": ""Q4 2018"", ""year"": 2018, ""quarter"": 4, ""value"": 32331088573.0}, {""period"": ""Q1 2019"", ""year"": 2019, ""quarter"": 1, ""value"": 48450657921.0}, {""period"": ""Q2 2019"", ""year"": 2019, ""quarter"": 2, ""value"": 23502049586.0}, {""period"": ""Q3 2019"", ""year"": 2019, ""quarter"": 3, ""value"": 19096450398.0}, {""period"": ""Q4 2019"", ""year"": 2019, ""quarter"": 4, ""value"": 54061661002.0}, {""period"": ""Q2 2020"", ""year"": 2020, ""quarter"": 2, ""value"": 25185324281.0}, {""period"": ""Q3 2020"", ""year"": 2020, ""quarter"": 3, ""value"": 33596728239.0}, {""period"": ""Q4 2020"", ""year"": 2020, ""quarter"": 4, ""value"": 53239217833.0}, {""period"": ""Q1 2021"", ""year"": 2021, ""quarter"": 1, ""value"": 26962010285.0}, {""period"": ""Q2 2021"", ""year"": 2021, ""quarter"": 2, ""value"": 39909087407.0}, {""period"": ""Q3 2021"", ""year"": 2021, ""quarter"": 3, ""value"": 16975410813.0}, {""period"": ""Q4 2021"", ""year"": 2021, ""quarter"": 4, ""value"": 99169609256.0}, {""period"": ""Q1 2022"", ""year"": 2022, ""quarter"": 1, ""value"": 45184648457.0}, {""period"": ""Q2 2022"", ""year"": 2022, ""quarter"": 2, ""value"": 40765659431.0}, {""period"": ""Q3 2022"", ""year"": 2022, ""quarter"": 3, ""value"": 30050942199.0}, {""period"": ""Q4 2022"", ""year"": 2022, ""quarter"": 4, ""value"": 70855741942.0}, {""period"": ""Q1 2023"", ""year"": 2023, ""quarter"": 1, ""value"": 31132953866.0}, {""period"": ""Q2 2023"", ""year"": 2023, ""quarter"": 2, ""value"": 51971349491.0}, {""period"": ""Q3 2023"", ""year"": 2023, ""quarter"": 3, ""value"": 45864531696.0}, {""period"": ""Q4 2023"", ""year"": 2023, ""quarter"": 4, ""value"": 66882261518.0}, {""period"": ""Q1 2024"", ""year"": 2024, ""quarter"": 1, ""value"": 30237816308.0}, {""period"": ""Q2 2024"", ""year"": 2024, ""quarter"": 2, ""value"": 141916067972.0}, {""period"": ""Q3 2024"", ""year"": 2024, ""quarter"": 3, ""value"": 73698604920.0}, {""period"": ""Q4 2024"", ""year"": 2024, ""quarter"": 4, ""value"": 155329618175.0}, {""period"": ""Q1 2025"", ""year"": 2025, ""quarter"": 1, ""value"": 159522919222.0}, {""period"": ""Q2 2025"", ""year"": 2025, ""quarter"": 2, ""value"": 30527975174.0}, {""period"": ""Q3 2025"", ""year"": 2025, ""quarter"": 3, ""value"": 38916897520.0}, {""period"": ""Q4 2025"", ""year"": 2025, ""quarter"": 4, ""value"": 87706924742.0}, {""period"": ""Q1 2026"", ""year"": 2026, ""quarter"": 1, ""value"": 89625678228.0}, {""period"": ""Q2 2026"", ""year"": 2026, ""quarter"": 2, ""value"": 90841015477.0}]"
ACG,1,BalanceSheet,Quarter,1010102,2. Các khoản tương đương tiền,10101,False,4,,"[{""period"": ""Q4 2018"", ""year"": 2018, ""quarter"": 4, ""value"": 0.0}, {""period"": ""Q1 2019"", ""year"": 2019, ""quarter"": 1, ""value"": 20000000000.0}, {""period"": ""Q2 2019"", ""year"": 2019, ""quarter"": 2, ""value"": 0.0}, {""period"": ""Q3 2019"", ""year"": 2019, ""quarter"": 3, ""value"": 0.0}, {""period"": ""Q4 2019"", ""year"": 2019, ""quarter"": 4, ""value"": 10400000000.0}, {""period"": ""Q2 2020"", ""year"": 2020, ""quarter"": 2, ""value"": 4000000000.0}, {""period"": ""Q3 2020"", ""year"": 2020, ""quarter"": 3, ""value"": 0.0}, {""period"": ""Q4 2020"", ""year"": 2020, ""quarter"": 4, ""value"": 0.0}, {""period"": ""Q1 2021"", ""year"": 2021, ""quarter"": 1, ""value"": 0.0}, {""period"": ""Q2 2021"", ""year"": 2021, ""quarter"": 2, ""value"": 0.0}, {""period"": ""Q3 2021"", ""year"": 2021, ""quarter"": 3, ""value"": 0.0}, {""period"": ""Q4 2021"", ""year"": 2021, ""quarter"": 4, ""value"": 0.0}, {""period"": ""Q1 2022"", ""year"": 2022, ""quarter"": 1, ""value"": 10000000000.0}, {""period"": ""Q2 2022"", ""year"": 2022, ""quarter"": 2, ""value"": 32136068310.0}, {""period"": ""Q3 2022"", ""year"": 2022, ""quarter"": 3, ""value"": 308295794581.0}, {""period"": ""Q4 2022"", ""year"": 2022, ""quarter"": 4, ""value"": 317000000000.0}, {""period"": ""Q1 2023"", ""year"": 2023, ""quarter"": 1, ""value"": 1000000000.0}, {""period"": ""Q2 2023"", ""year"": 2023, ""quarter"": 2, ""value"": 9000000000.0}, {""period"": ""Q3 2023"", ""year"": 2023, ""quarter"": 3, ""value"": 47000000000.0}, {""period"": ""Q4 2023"", ""year"": 2023, ""quarter"": 4, ""value"": 0.0}, {""period"": ""Q1 2024"", ""year"": 2024, ""quarter"": 1, ""value"": 1000000000.0}, {""period"": ""Q2 2024"", ""year"": 2024, ""quarter"": 2, ""value"": 0.0}, {""period"": ""Q3 2024"", ""year"": 2024, ""quarter"": 3, ""value"": 0.0}, {""period"": ""Q4 2024"", ""year"": 2024, ""quarter"": 4, ""value"": 0.0}, {""period"": ""Q1 2025"", ""year"": 2025, ""quarter"": 1, ""value"": 0.0}, {""period"": ""Q2 2025"", ""year"": 2025, ""quarter"": 2, ""value"": 0.0}, {""period"": ""Q3 2025"", ""year"": 2025, ""quarter"": 3, ""value"": 0.0}, {""period"": ""Q4 2025"", ""year"": 2025, ""quarter"": 4, ""value"": 300000000000.0}, {""period"": ""Q1 2026"", ""year"": 2026, ""quarter"": 1, ""value"": 130000000000.0}, {""period"": ""Q2 2026"", ""year"": 2026, ""quarter"": 2, ""value"": 150292808219.0}]"
ACG,1,BalanceSheet,Quarter,10102,II. Các khoản đầu tư tài chính ngắn hạn,101,False,3,,"[{""period"": ""Q4 2018"", ""year"": 2018, ""quarter"": 4, ""value"": 479500000000.0}, {""period"": ""Q1 2019"", ""year"": 2019, ""quarter"": 1, ""value"": 1096500000000.0}, {""period"": ""Q2 2019"", ""year"": 2019, ""quarter"": 2, ""value"": 987000000000.0}, {""period"": ""Q3 2019"", ""year"": 2019, ""quarter"": 3, ""value"": 961245044955.0}, {""period"": ""Q4 2019"", ""year"": 2019, ""quarter"": 4, ""value"": 1045245044955.0}, {""period"": ""Q2 2020"", ""year"": 2020, ""quarter"": 2, ""value"": 1416445044955.0}, {""period"": ""Q3 2020"", ""year"": 2020, ""quarter"": 3, ""value"": 1656445044955.0}, {""period"": ""Q4 2020"", ""year"": 2020, ""quarter"": 4, ""value"": 1680045044955.0}, {""period"": ""Q1 2021"", ""year"": 2021, ""quarter"": 1, ""value"": 1493045044955.0}, {""period"": ""Q2 2021"", ""year"": 2021, ""quarter"": 2, ""value"": 1380745044955.0}, {""period"": ""Q3 2021"", ""year"": 2021, ""quarter"": 3, ""value"": 1286345044955.0}, {""period"": ""Q4 2021"", ""year"": 2021, ""quarter"": 4, ""value"": 1527845044955.0}, {""period"": ""Q1 2022"", ""year"": 2022, ""quarter"": 1, ""value"": 1517262744955.0}, {""period"": ""Q2 2022"", ""year"": 2022, ""quarter"": 2, ""value"": 1333262744955.0}, {""period"": ""Q3 2022"", ""year"": 2022, ""quarter"": 3, ""value"": 1189017700000.0}, {""period"": ""Q4 2022"", ""year"": 2022, ""quarter"": 4, ""value"": 1205017700000.0}, {""period"": ""Q1 2023"", ""year"": 2023, ""quarter"": 1, ""value"": 1228000000000.0}, {""period"": ""Q2 2023"", ""year"": 2023, ""quarter"": 2, ""value"": 1297000000000.0}, {""period"": ""Q3 2023"", ""year"": 2023, ""quarter"": 3, ""value"": 1175500000000.0}, {""period"": ""Q4 2023"", ""year"": 2023, ""quarter"": 4, ""value"": 1834500000000.0}, {""period"": ""Q1 2024"", ""year"": 2024, ""quarter"": 1, ""value"": 2135500000000.0}, {""period"": ""Q2 2024"", ""year"": 2024, ""quarter"": 2, ""value"": 1872500000000.0}, {""period"": ""Q3 2024"", ""year"": 2024, ""quarter"": 3, ""value"": 1814850000000.0}, {""period"": ""Q4 2024"", ""year"": 2024, ""quarter"": 4, ""value"": 2048350000000.0}, {""period"": ""Q1 2025"", ""year"": 2025, ""quarter"": 1, ""value"": 2274350000000.0}, {""period"": ""Q2 2025"", ""year"": 2025, ""quarter"": 2, ""value"": 2295350000000.0}, {""period"": ""Q3 2025"", ""year"": 2025, ""quarter"": 3, ""value"": 2081364350000.0}, {""period"": ""Q4 2025"", ""year"": 2025, ""quarter"": 4, ""value"": 1764864350000.0}, {""period"": ""Q1 2026"", ""year"": 2026, ""quarter"": 1, ""value"": 2166729829619.0}, {""period"": ""Q2 2026"", ""year"": 2026, ""quarter"": 2, ""value"": 2697053604743.0}]"
ACG,1,BalanceSheet,Quarter,1010201,1. Chứng khoán kinh doanh,10102,False,4,,"[{""period"": ""Q4 2018"", ""year"": 2018, ""quarter"": 4, ""value"": 0.0}, {""period"": ""Q1 2019"", ""year"": 2019, ""quarter"": 1, ""value"": 0.0}, {""period"": ""Q2 2019"", ""year"": 2019, ""quarter"": 2, ""value"": 0.0}, {""period"": ""Q3 2019"", ""year"": 2019, ""quarter"": 3, ""value"": 0.0}, {""period"": ""Q4 2019"", ""year"": 2019, ""quarter"": 4, ""value"": 0.0}, {""period"": ""Q2 2020"", ""year"": 2020, ""quarter"": 2, ""value"": 0.0}, {""period"": ""Q3 2020"", ""year"": 2020, ""quarter"": 3, ""value"": 0.0}, {""period"": ""Q4 2020"", ""year"": 2020, ""quarter"": 4, ""value"": 0.0}, {""period"": ""Q1 2021"", ""year"": 2021, ""quarter"": 1, ""value"": 0.0}, {""period"": ""Q2 2021"", ""year"": 2021, ""quarter"": 2, ""value"": 0.0}, {""period"": ""Q3 2021"", ""year"": 2021, ""quarter"": 3, ""value"": 0.0}, {""period"": ""Q4 2021"", ""year"": 2021, ""quarter"": 4, ""value"": 0.0}, {""period"": ""Q1 2022"", ""year"": 2022, ""quarter"": 1, ""value"": 0.0}, {""period"": ""Q2 2022"", ""year"": 2022, ""quarter"": 2, ""value"": 0.0}, {""period"": ""Q3 2022"", ""year"": 2022, ""quarter"": 3, ""value"": 0.0}, {""period"": ""Q4 2022"", ""year"": 2022, ""quarter"": 4, ""value"": 0.0}, {""period"": ""Q1 2023"", ""year"": 2023, ""quarter"": 1, ""value"": 0.0}, {""period"": ""Q2 2023"", ""year"": 2023, ""quarter"": 2, ""value"": 0.0}, {""period"": ""Q3 2023"", ""year"": 2023, ""quarter"": 3, ""value"": 0.0}, {""period"": ""Q4 2023"", ""year"": 2023, ""quarter"": 4, ""value"": 0.0}, {""period"": ""Q1 2024"", ""year"": 2024, ""quarter"": 1, ""value"": 0.0}, {""period"": ""Q2 2024"", ""year"": 2024, ""quarter"": 2, ""value"": 0.0}, {""period"": ""Q3 2024"", ""year"": 2024, ""quarter"": 3, ""value"": 0.0}, {""period"": ""Q4 2024"", ""year"": 2024, ""quarter"": 4, ""value"": 0.0}, {""period"": ""Q1 2025"", ""year"": 2025, ""quarter"": 1, ""value"": 0.0}, {""period"": ""Q2 2025"", ""year"": 2025, ""quarter"": 2, ""value"": 0.0}, {""period"": ""Q3 2025"", ""year"": 2025, ""quarter"": 3, ""value"": 0.0}, {""period"": ""Q4 2025"", ""year"": 2025, ""quarter"": 4, ""value"": 0.0}, {""period"": ""Q1 2026"", ""year"": 2026, ""quarter"": 1, ""value"": 0.0}, {""period"": ""Q2 2026"", ""year"": 2026, ""quarter"": 2, ""value"": 0.0}]"
ACG,1,BalanceSheet,Quarter,1010202,2. Dự phòng giảm giá chứng khoán kinh doanh,10102,False,4,,"[{""period"": ""Q4 2018"", ""year"": 2018, ""quarter"": 4, ""value"": 0.0}, {""period"": ""Q1 2019"", ""year"": 2019, ""quarter"": 1, ""value"": 0.0}, {""period"": ""Q2 2019"", ""year"": 2019, ""quarter"": 2, ""value"": 0.0}, {""period"": ""Q3 2019"", ""year"": 2019, ""quarter"": 3, ""value"": 0.0}, {""period"": ""Q4 2019"", ""year"": 2019, ""quarter"": 4, ""value"": 0.0}, {""period"": ""Q2 2020"", ""year"": 2020, ""quarter"": 2, ""value"": 0.0}, {""period"": ""Q3 2020"", ""year"": 2020, ""quarter"": 3, ""value"": 0.0}, {""period"": ""Q4 2020"", ""year"": 2020, ""quarter"": 4, ""value"": 0.0}, {""period"": ""Q1 2021"", ""year"": 2021, ""quarter"": 1, ""value"": 0.0}, {""period"": ""Q2 2021"", ""year"": 2021, ""quarter"": 2, ""value"": 0.0}, {""period"": ""Q3 2021"", ""year"": 2021, ""quarter"": 3, ""value"": 0.0}, {""period"": ""Q4 2021"", ""year"": 2021, ""quarter"": 4, ""value"": 0.0}, {""period"": ""Q1 2022"", ""year"": 2022, ""quarter"": 1, ""value"": 0.0}, {""period"": ""Q2 2022"", ""year"": 2022, ""quarter"": 2, ""value"": 0.0}, {""period"": ""Q3 2022"", ""year"": 2022, ""quarter"": 3, ""value"": 0.0}, {""period"": ""Q4 2022"", ""year"": 2022, ""quarter"": 4, ""value"": 0.0}, {""period"": ""Q1 2023"", ""year"": 2023, ""quarter"": 1, ""value"": 0.0}, {""period"": ""Q2 2023"", ""year"": 2023, ""quarter"": 2, ""value"": 0.0}, {""period"": ""Q3 2023"", ""year"": 2023, ""quarter"": 3, ""value"": 0.0}, {""period"": ""Q4 2023"", ""year"": 2023, ""quarter"": 4, ""value"": 0.0}, {""period"": ""Q1 2024"", ""year"": 2024, ""quarter"": 1, ""value"": 0.0}, {""period"": ""Q2 2024"", ""year"": 2024, ""quarter"": 2, ""value"": 0.0}, {""period"": ""Q3 2024"", ""year"": 2024, ""quarter"": 3, ""value"": 0.0}, {""period"": ""Q4 2024"", ""year"": 2024, ""quarter"": 4, ""value"": 0.0}, {""period"": ""Q1 2025"", ""year"": 2025, ""quarter"": 1, ""value"": 0.0}, {""period"": ""Q2 2025"", ""year"": 2025, ""quarter"": 2, ""value"": 0.0}, {""period"": ""Q3 2025"", ""year"": 2025, ""quarter"": 3, ""value"": 0.0}, {""period"": ""Q4 2025"", ""year"": 2025, ""quarter"": 4, ""value"": 0.0}, {""period"": ""Q1 2026"", ""year"": 2026, ""quarter"": 1, ""value"": 0.0}, {""period"": ""Q2 2026"", ""year"": 2026, ""quarter"": 2, ""value"": 0.0}]"
ACG,1,BalanceSheet,Quarter,1010203,3. Đầu tư nắm giữ đến ngày đáo hạn,10102,False,4,,"[{""period"": ""Q4 2018"", ""year"": 2018, ""quarter"": 4, ""value"": 479500000000.0}, {""period"": ""Q1 2019"", ""year"": 2019, ""quarter"": 1, ""value"": 1096500000000.0}, {""period"": ""Q2 2019"", ""year"": 2019, ""quarter"": 2, ""value"": 987000000000.0}, {""period"": ""Q3 2019"", ""year"": 2019, ""quarter"": 3, ""value"": 961245044955.0}, {""period"": ""Q4 2019"", ""year"": 2019, ""quarter"": 4, ""value"": 1045245044955.0}, {""period"": ""Q2 2020"", ""year"": 2020, ""quarter"": 2, ""value"": 1416445044955.0}, {""period"": ""Q3 2020"", ""year"": 2020, ""quarter"": 3, ""value"": 1656445044955.0}, {""period"": ""Q4 2020"", ""year"": 2020, ""quarter"": 4, ""value"": 1680045044955.0}, {""period"": ""Q1 2021"", ""year"": 2021, ""quarter"": 1, ""value"": 1493045044955.0}, {""period"": ""Q2 2021"", ""year"": 2021, ""quarter"": 2, ""value"": 1380745044955.0}, {""period"": ""Q3 2021"", ""year"": 2021, ""quarter"": 3, ""value"": 1286345044955.0}, {""period"": ""Q4 2021"", ""year"": 2021, ""quarter"": 4, ""value"": 1527845044955.0}, {""period"": ""Q1 2022"", ""year"": 2022, ""quarter"": 1, ""value"": 1517262744955.0}, {""period"": ""Q2 2022"", ""year"": 2022, ""quarter"": 2, ""value"": 1333262744955.0}, {""period"": ""Q3 2022"", ""year"": 2022, ""quarter"": 3, ""value"": 1189017700000.0}, {""period"": ""Q4 2022"", ""year"": 2022, ""quarter"": 4, ""value"": 1205017700000.0}, {""period"": ""Q1 2023"", ""year"": 2023, ""quarter"": 1, ""value"": 1228000000000.0}, {""period"": ""Q2 2023"", ""year"": 2023, ""quarter"": 2, ""value"": 1297000000000.0}, {""period"": ""Q3 2023"", ""year"": 2023, ""quarter"": 3, ""value"": 1175500000000.0}, {""period"": ""Q4 2023"", ""year"": 2023, ""quarter"": 4, ""value"": 1834500000000.0}, {""period"": ""Q1 2024"", ""year"": 2024, ""quarter"": 1, ""value"": 2135500000000.0}, {""period"": ""Q2 2024"", ""year"": 2024, ""quarter"": 2, ""value"": 1872500000000.0}, {""period"": ""Q3 2024"", ""year"": 2024, ""quarter"": 3, ""value"": 1814850000000.0}, {""period"": ""Q4 2024"", ""year"": 2024, ""quarter"": 4, ""value"": 2048350000000.0}, {""period"": ""Q1 2025"", ""year"": 2025, ""quarter"": 1, ""value"": 2274350000000.0}, {""period"": ""Q2 2025"", ""year"": 2025, ""quarter"": 2, ""value"": 2295350000000.0}, {""period"": ""Q3 2025"", ""year"": 2025, ""quarter"": 3, ""value"": 2081364350000.0}, {""period"": ""Q4 2025"", ""year"": 2025, ""quarter"": 4, ""value"": 1764864350000.0}, {""period"": ""Q1 2026"", ""year"": 2026, ""quarter"": 1, ""value"": 2166729829619.0}, {""period"": ""Q2 2026"", ""year"": 2026, ""quarter"": 2, ""value"": 2697053604743.0}]"
ACG,1,BalanceSheet,Quarter,10103,III. Các khoản phải thu ngắn hạn,101,False,3,,"[{""period"": ""Q4 2018"", ""year"": 2018, ""quarter"": 4, ""value"": 577262841105.0}, {""period"": ""Q1 2019"", ""year"": 2019, ""quarter"": 1, ""value"": 468541009240.0}, {""period"": ""Q2 2019"", ""year"": 2019, ""quarter"": 2, ""value"": 613776536523.0}, {""period"": ""Q3 2019"", ""year"": 2019, ""quarter"": 3, ""value"": 581383745975.0}, {""period"": ""Q4 2019"", ""year"": 2019, ""quarter"": 4, ""value"": 687239888913.0}, {""period"": ""Q2 2020"", ""year"": 2020, ""quarter"": 2, ""value"": 640763206119.0}, {""period"": ""Q3 2020"", ""year"": 2020, ""quarter"": 3, ""value"": 576217083743.0}, {""period"": ""Q4 2020"", ""year"": 2020, ""quarter"": 4, ""value"": 689453876852.0}, {""period"": ""Q1 2021"", ""year"": 2021, ""quarter"": 1, ""value"": 668811154863.0}, {""period"": ""Q2 2021"", ""year"": 2021, ""quarter"": 2, ""value"": 733417893683.0}, {""period"": ""Q3 2021"", ""year"": 2021, ""quarter"": 3, ""value"": 586806959478.0}, {""period"": ""Q4 2021"", ""year"": 2021, ""quarter"": 4, ""value"": 618583366551.0}, {""period"": ""Q1 2022"", ""year"": 2022, ""quarter"": 1, ""value"": 562263534423.0}, {""period"": ""Q2 2022"", ""year"": 2022, ""quarter"": 2, ""value"": 645380813966.0}, {""period"": ""Q3 2022"", ""year"": 2022, ""quarter"": 3, ""value"": 683603744364.0}, {""period"": ""Q4 2022"", ""year"": 2022, ""quarter"": 4, ""value"": 732066423282.0}, {""period"": ""Q1 2023"", ""year"": 2023, ""quarter"": 1, ""value"": 902079025372.0}, {""period"": ""Q2 2023"", ""year"": 2023, ""quarter"": 2, ""value"": 960145234491.0}, {""period"": ""Q3 2023"", ""year"": 2023, ""quarter"": 3, ""value"": 875038657510.0}, {""period"": ""Q4 2023"", ""year"": 2023, ""quarter"": 4, ""value"": 1079509691669.0}, {""period"": ""Q1 2024"", ""year"": 2024, ""quarter"": 1, ""value"": 933335420099.0}, {""period"": ""Q2 2024"", ""year"": 2024, ""quarter"": 2, ""value"": 1123199011970.0}, {""period"": ""Q3 2024"", ""year"": 2024, ""quarter"": 3, ""value"": 1151754354811.0}, {""period"": ""Q4 2024"", ""year"": 2024, ""quarter"": 4, ""value"": 931966064539.0}, {""period"": ""Q1 2025"", ""year"": 2025, ""quarter"": 1, ""value"": 908485204722.0}, {""period"": ""Q2 2025"", ""year"": 2025, ""quarter"": 2, ""value"": 897451772204.0}, {""period"": ""Q3 2025"", ""year"": 2025, ""quarter"": 3, ""value"": 1083150110429.0}, {""period"": ""Q4 2025"", ""year"": 2025, ""quarter"": 4, ""value"": 1347735456971.0}, {""period"": ""Q1 2026"", ""year"": 2026, ""quarter"": 1, ""value"": 918098002302.0}, {""period"": ""Q2 2026"", ""year"": 2026, ""quarter"": 2, ""value"": 908925956501.0}]"
ACG,1,BalanceSheet,Quarter,1010301,1. Phải thu ngắn hạn của khách hàng,10103,False,4,,"[{""period"": ""Q4 2018"", ""year"": 2018, ""quarter"": 4, ""value"": 496571221055.0}, {""period"": ""Q1 2019"", ""year"": 2019, ""quarter"": 1, ""value"": 380367467367.0}, {""period"": ""Q2 2019"", ""year"": 2019, ""quarter"": 2, ""value"": 502550841164.0}, {""period"": ""Q3 2019"", ""year"": 2019, ""quarter"": 3, ""value"": 487620202676.0}, {""period"": ""Q4 2019"", ""year"": 2019, ""quarter"": 4, ""value"": 613349471702.0}, {""period"": ""Q2 2020"", ""year"": 2020, ""quarter"": 2, ""value"": 547554018503.0}, {""period"": ""Q3 2020"", ""year"": 2020, ""quarter"": 3, ""value"": 514728598476.0}, {""period"": ""Q4 2020"", ""year"": 2020, ""quarter"": 4, ""value"": 607079449113.0}, {""period"": ""Q1 2021"", ""year"": 2021, ""quarter"": 1, ""value"": 532901245083.0}, {""period"": ""Q2 2021"", ""year"": 2021, ""quarter"": 2, ""value"": 608776787961.0}, {""period"": ""Q3 2021"", ""year"": 2021, ""quarter"": 3, ""value"": 510061195755.0}, {""period"": ""Q4 2021"", ""year"": 2021, ""quarter"": 4, ""value"": 549583344234.0}, {""period"": ""Q1 2022"", ""year"": 2022, ""quarter"": 1, ""value"": 440663027588.0}, {""period"": ""Q2 2022"", ""year"": 2022, ""quarter"": 2, ""value"": 529538216388.0}, {""period"": ""Q3 2022"", ""year"": 2022, ""quarter"": 3, ""value"": 580307188725.0}, {""period"": ""Q4 2022"", ""year"": 2022, ""quarter"": 4, ""value"": 654268204929.0}, {""period"": ""Q1 2023"", ""year"": 2023, ""quarter"": 1, ""value"": 629763410324.0}, {""period"": ""Q2 2023"", ""year"": 2023, ""quarter"": 2, ""value"": 710741012310.0}, {""period"": ""Q3 2023"", ""year"": 2023, ""quarter"": 3, ""value"": 673848314441.0}, {""period"": ""Q4 2023"", ""year"": 2023, ""quarter"": 4, ""value"": 723795484707.0}, {""period"": ""Q1 2024"", ""year"": 2024, ""quarter"": 1, ""value"": 554886966726.0}, {""period"": ""Q2 2024"", ""year"": 2024, ""quarter"": 2, ""value"": 736169087503.0}, {""period"": ""Q3 2024"", ""year"": 2024, ""quarter"": 3, ""value"": 783535102745.0}, {""period"": ""Q4 2024"", ""year"": 2024, ""quarter"": 4, ""value"": 667210885642.0}, {""period"": ""Q1 2025"", ""year"": 2025, ""quarter"": 1, ""value"": 606274035955.0}, {""period"": ""Q2 2025"", ""year"": 2025, ""quarter"": 2, ""value"": 587397448931.0}, {""period"": ""Q3 2025"", ""year"": 2025, ""quarter"": 3, ""value"": 660512373635.0}, {""period"": ""Q4 2025"", ""year"": 2025, ""quarter"": 4, ""value"": 701702510928.0}, {""period"": ""Q1 2026"", ""year"": 2026, ""quarter"": 1, ""value"": 658640705101.0}, {""period"": ""Q2 2026"", ""year"": 2026, ""quarter"": 2, ""value"": 736291518950.0}]"
ACG,1,BalanceSheet,Quarter,1010302,2. Trả trước cho người bán,10103,False,4,,"[{""period"": ""Q4 2018"", ""year"": 2018, ""quarter"": 4, ""value"": 60957239224.0}, {""period"": ""Q1 2019"", ""year"": 2019, ""quarter"": 1, ""value"": 65847058550.0}, {""period"": ""Q2 2019"", ""year"": 2019, ""quarter"": 2, ""value"": 73177908032.0}, {""period"": ""Q3 2019"", ""year"": 2019, ""quarter"": 3, ""value"": 59715331583.0}, {""period"": ""Q4 2019"", ""year"": 2019, ""quarter"": 4, ""value"": 35152427479.0}, {""period"": ""Q2 2020"", ""year"": 2020, ""quarter"": 2, ""value"": 29949865032.0}, {""period"": ""Q3 2020"", ""year"": 2020, ""quarter"": 3, ""value"": 37634089701.0}, {""period"": ""Q4 2020"", ""year"": 2020, ""quarter"": 4, ""value"": 32794536220.0}, {""period"": ""Q1 2021"", ""year"": 2021, ""quarter"": 1, ""value"": 56174999642.0}, {""period"": ""Q2 2021"", ""year"": 2021, ""quarter"": 2, ""value"": 51685448684.0}, {""period"": ""Q3 2021"", ""year"": 2021, ""quarter"": 3, ""value"": 43642932453.0}, {""period"": ""Q4 2021"", ""year"": 2021, ""quarter"": 4, ""value"": 47549408310.0}, {""period"": ""Q1 2022"", ""year"": 2022, ""quarter"": 1, ""value"": 60447571434.0}, {""period"": ""Q2 2022"", ""year"": 2022, ""quarter"": 2, ""value"": 47153265470.0}, {""period"": ""Q3 2022"", ""year"": 2022, ""quarter"": 3, ""value"": 53029895150.0}, {""period"": ""Q4 2022"", ""year"": 2022, ""quarter"": 4, ""value"": 42996923973.0}, {""period"": ""Q1 2023"", ""year"": 2023, ""quarter"": 1, ""value"": 48005432541.0}, {""period"": ""Q2 2023"", ""year"": 2023, ""quarter"": 2, ""value"": 38556689461.0}, {""period"": ""Q3 2023"", ""year"": 2023, ""quarter"": 3, ""value"": 22893166215.0}, {""period"": ""Q4 2023"", ""year"": 2023, ""quarter"": 4, ""value"": 18994277642.0}, {""period"": ""Q1 2024"", ""year"": 2024, ""quarter"": 1, ""value"": 26929190133.0}, {""period"": ""Q2 2024"", ""year"": 2024, ""quarter"": 2, ""value"": 25082770573.0}, {""period"": ""Q3 2024"", ""year"": 2024, ""quarter"": 3, ""value"": 27687952123.0}, {""period"": ""Q4 2024"", ""year"": 2024, ""quarter"": 4, ""value"": 31349438661.0}, {""period"": ""Q1 2025"", ""year"": 2025, ""quarter"": 1, ""value"": 59832102372.0}, {""period"": ""Q2 2025"", ""year"": 2025, ""quarter"": 2, ""value"": 34376921008.0}, {""period"": ""Q3 2025"", ""year"": 2025, ""quarter"": 3, ""value"": 120988968829.0}, {""period"": ""Q4 2025"", ""year"": 2025, ""quarter"": 4, ""value"": 292072055261.0}, {""period"": ""Q1 2026"", ""year"": 2026, ""quarter"": 1, ""value"": 345978131267.0}, {""period"": ""Q2 2026"", ""year"": 2026, ""quarter"": 2, ""value"": 251072717395.0}]"
ACG,1,BalanceSheet,Quarter,1010303,3. Phải thu nội bộ ngắn hạn,10103,False,4,,"[{""period"": ""Q4 2018"", ""year"": 2018, ""quarter"": 4, ""value"": 0.0}, {""period"": ""Q1 2019"", ""year"": 2019, ""quarter"": 1, ""value"": 0.0}, {""period"": ""Q2 2019"", ""year"": 2019, ""quarter"": 2, ""value"": 0.0}, {""period"": ""Q3 2019"", ""year"": 2019, ""quarter"": 3, ""value"": 0.0}, {""period"": ""Q4 2019"", ""year"": 2019, ""quarter"": 4, ""value"": 0.0}, {""period"": ""Q2 2020"", ""year"": 2020, ""quarter"": 2, ""value"": 0.0}, {""period"": ""Q3 2020"", ""year"": 2020, ""quarter"": 3, ""value"": 0.0}, {""period"": ""Q4 2020"", ""year"": 2020, ""quarter"": 4, ""value"": 0.0}, {""period"": ""Q1 2021"", ""year"": 2021, ""quarter"": 1, ""value"": 0.0}, {""period"": ""Q2 2021"", ""year"": 2021, ""quarter"": 2, ""value"": 0.0}, {""period"": ""Q3 2021"", ""year"": 2021, ""quarter"": 3, ""value"": 0.0}, {""period"": ""Q4 2021"", ""year"": 2021, ""quarter"": 4, ""value"": 0.0}, {""period"": ""Q1 2022"", ""year"": 2022, ""quarter"": 1, ""value"": 0.0}, {""period"": ""Q2 2022"", ""year"": 2022, ""quarter"": 2, ""value"": 0.0}, {""period"": ""Q3 2022"", ""year"": 2022, ""quarter"": 3, ""value"": 0.0}, {""period"": ""Q4 2022"", ""year"": 2022, ""quarter"": 4, ""value"": 0.0}, {""period"": ""Q1 2023"", ""year"": 2023, ""quarter"": 1, ""value"": 0.0}, {""period"": ""Q2 2023"", ""year"": 2023, ""quarter"": 2, ""value"": 0.0}, {""period"": ""Q3 2023"", ""year"": 2023, ""quarter"": 3, ""value"": 0.0}, {""period"": ""Q4 2023"", ""year"": 2023, ""quarter"": 4, ""value"": 0.0}, {""period"": ""Q1 2024"", ""year"": 2024, ""quarter"": 1, ""value"": 0.0}, {""period"": ""Q2 2024"", ""year"": 2024, ""quarter"": 2, ""value"": 0.0}, {""period"": ""Q3 2024"", ""year"": 2024, ""quarter"": 3, ""value"": 0.0}, {""period"": ""Q4 2024"", ""year"": 2024, ""quarter"": 4, ""value"": 0.0}, {""period"": ""Q1 2025"", ""year"": 2025, ""quarter"": 1, ""value"": 0.0}, {""period"": ""Q2 2025"", ""year"": 2025, ""quarter"": 2, ""value"": 0.0}, {""period"": ""Q3 2025"", ""year"": 2025, ""quarter"": 3, ""value"": 0.0}, {""period"": ""Q4 2025"", ""year"": 2025, ""quarter"": 4, ""value"": 0.0}, {""period"": ""Q1 2026"", ""year"": 2026, ""quarter"": 1, ""value"": 0.0}, {""period"": ""Q2 2026"", ""year"": 2026, ""quarter"": 2, ""value"": 0.0}]"
ACG,1,BalanceSheet,Quarter,1010304,4. Phải thu theo tiến độ hợp đồng xây dựng,10103,False,4,,"[{""period"": ""Q4 2018"", ""year"": 2018, ""quarter"": 4, ""value"": 0.0}, {""period"": ""Q1 2019"", ""year"": 2019, ""quarter"": 1, ""value"": 0.0}, {""period"": ""Q2 2019"", ""year"": 2019, ""quarter"": 2, ""value"": 0.0}, {""period"": ""Q3 2019"", ""year"": 2019, ""quarter"": 3, ""value"": 0.0}, {""period"": ""Q4 2019"", ""year"": 2019, ""quarter"": 4, ""value"": 0.0}, {""period"": ""Q2 2020"", ""year"": 2020, ""quarter"": 2, ""value"": 0.0}, {""period"": ""Q3 2020"", ""year"": 2020, ""quarter"": 3, ""value"": 0.0}, {""period"": ""Q4 2020"", ""year"": 2020, ""quarter"": 4, ""value"": 0.0}, {""period"": ""Q1 2021"", ""year"": 2021, ""quarter"": 1, ""value"": 0.0}, {""period"": ""Q2 2021"", ""year"": 2021, ""quarter"": 2, ""value"": 0.0}, {""period"": ""Q3 2021"", ""year"": 2021, ""quarter"": 3, ""value"": 0.0}, {""period"": ""Q4 2021"", ""year"": 2021, ""quarter"": 4, ""value"": 0.0}, {""period"": ""Q1 2022"", ""year"": 2022, ""quarter"": 1, ""value"": 0.0}, {""period"": ""Q2 2022"", ""year"": 2022, ""quarter"": 2, ""value"": 0.0}, {""period"": ""Q3 2022"", ""year"": 2022, ""quarter"": 3, ""value"": 0.0}, {""period"": ""Q4 2022"", ""year"": 2022, ""quarter"": 4, ""value"": 0.0}, {""period"": ""Q1 2023"", ""year"": 2023, ""quarter"": 1, ""value"": 0.0}, {""period"": ""Q2 2023"", ""year"": 2023, ""quarter"": 2, ""value"": 0.0}, {""period"": ""Q3 2023"", ""year"": 2023, ""quarter"": 3, ""value"": 0.0}, {""period"": ""Q4 2023"", ""year"": 2023, ""quarter"": 4, ""value"": 0.0}, {""period"": ""Q1 2024"", ""year"": 2024, ""quarter"": 1, ""value"": 0.0}, {""period"": ""Q2 2024"", ""year"": 2024, ""quarter"": 2, ""value"": 0.0}, {""period"": ""Q3 2024"", ""year"": 2024, ""quarter"": 3, ""value"": 0.0}, {""period"": ""Q4 2024"", ""year"": 2024, ""quarter"": 4, ""value"": 0.0}, {""period"": ""Q1 2025"", ""year"": 2025, ""quarter"": 1, ""value"": 0.0}, {""period"": ""Q2 2025"", ""year"": 2025, ""quarter"": 2, ""value"": 0.0}, {""period"": ""Q3 2025"", ""year"": 2025, ""quarter"": 3, ""value"": 0.0}, {""period"": ""Q4 2025"", ""year"": 2025, ""quarter"": 4, ""value"": 0.0}, {""period"": ""Q1 2026"", ""year"": 2026, ""quarter"": 1, ""value"": 0.0}, {""period"": ""Q2 2026"", ""year"": 2026, ""quarter"": 2, ""value"": 0.0}]"
ACG,1,BalanceSheet,Quarter,1010305,5. Phải thu về cho vay ngắn hạn,10103,False,4,,"[{""period"": ""Q4 2018"", ""year"": 2018, ""quarter"": 4, ""value"": 0.0}, {""period"": ""Q1 2019"", ""year"": 2019, ""quarter"": 1, ""value"": 0.0}, {""period"": ""Q2 2019"", ""year"": 2019, ""quarter"": 2, ""value"": 0.0}, {""period"": ""Q3 2019"", ""year"": 2019, ""quarter"": 3, ""value"": 0.0}, {""period"": ""Q4 2019"", ""year"": 2019, ""quarter"": 4, ""value"": 0.0}, {""period"": ""Q2 2020"", ""year"": 2020, ""quarter"": 2, ""value"": 0.0}, {""period"": ""Q3 2020"", ""year"": 2020, ""quarter"": 3, ""value"": 0.0}, {""period"": ""Q4 2020"", ""year"": 2020, ""quarter"": 4, ""value"": 0.0}, {""period"": ""Q1 2021"", ""year"": 2021, ""quarter"": 1, ""value"": 15455000000.0}, {""period"": ""Q2 2021"", ""year"": 2021, ""quarter"": 2, ""value"": 15455000000.0}, {""period"": ""Q3 2021"", ""year"": 2021, ""quarter"": 3, ""value"": 15455000000.0}, {""period"": ""Q4 2021"", ""year"": 2021, ""quarter"": 4, ""value"": 0.0}, {""period"": ""Q1 2022"", ""year"": 2022, ""quarter"": 1, ""value"": 10600000000.0}, {""period"": ""Q2 2022"", ""year"": 2022, ""quarter"": 2, ""value"": 10600000000.0}, {""period"": ""Q3 2022"", ""year"": 2022, ""quarter"": 3, ""value"": 2200000000.0}, {""period"": ""Q4 2022"", ""year"": 2022, ""quarter"": 4, ""value"": 2050000000.0}, {""period"": ""Q1 2023"", ""year"": 2023, ""quarter"": 1, ""value"": 2000000000.0}, {""period"": ""Q2 2023"", ""year"": 2023, ""quarter"": 2, ""value"": 30505283031.0}, {""period"": ""Q3 2023"", ""year"": 2023, ""quarter"": 3, ""value"": 30055283031.0}, {""period"": ""Q4 2023"", ""year"": 2023, ""quarter"": 4, ""value"": 115551132127.0}, {""period"": ""Q1 2024"", ""year"": 2024, ""quarter"": 1, ""value"": 115501132127.0}, {""period"": ""Q2 2024"", ""year"": 2024, ""quarter"": 2, ""value"": 115421132127.0}, {""period"": ""Q3 2024"", ""year"": 2024, ""quarter"": 3, ""value"": 115421132127.0}, {""period"": ""Q4 2024"", ""year"": 2024, ""quarter"": 4, ""value"": 257897547278.0}, {""period"": ""Q1 2025"", ""year"": 2025, ""quarter"": 1, ""value"": 257797547278.0}, {""period"": ""Q2 2025"", ""year"": 2025, ""quarter"": 2, ""value"": 257747547278.0}, {""period"": ""Q3 2025"", ""year"": 2025, ""quarter"": 3, ""value"": 257697547278.0}, {""period"": ""Q4 2025"", ""year"": 2025, ""quarter"": 4, ""value"": 457607547278.0}, {""period"": ""Q1 2026"", ""year"": 2026, ""quarter"": 1, ""value"": 0.0}, {""period"": ""Q2 2026"", ""year"": 2026, ""quarter"": 2, ""value"": 0.0}]"
ACG,1,BalanceSheet,Quarter,1010306,6. Phải thu ngắn hạn khác,10103,False,4,,"[{""period"": ""Q4 2018"", ""year"": 2018, ""quarter"": 4, ""value"": 22745503837.0}, {""period"": ""Q1 2019"", ""year"": 2019, ""quarter"": 1, ""value"": 25337606334.0}, {""period"": ""Q2 2019"", ""year"": 2019, ""quarter"": 2, ""value"": 41782279243.0}, {""period"": ""Q3 2019"", ""year"": 2019, ""quarter"": 3, ""value"": 38608850370.0}, {""period"": ""Q4 2019"", ""year"": 2019, ""quarter"": 4, ""value"": 49476462690.0}, {""period"": ""Q2 2020"", ""year"": 2020, ""quarter"": 2, ""value"": 76465218834.0}, {""period"": ""Q3 2020"", ""year"": 2020, ""quarter"": 3, ""value"": 35560834908.0}, {""period"": ""Q4 2020"", ""year"": 2020, ""quarter"": 4, ""value"": 60241758412.0}, {""period"": ""Q1 2021"", ""year"": 2021, ""quarter"": 1, ""value"": 79831981630.0}, {""period"": ""Q2 2021"", ""year"": 2021, ""quarter"": 2, ""value"": 73992467593.0}, {""period"": ""Q3 2021"", ""year"": 2021, ""quarter"": 3, ""value"": 34139641825.0}, {""period"": ""Q4 2021"", ""year"": 2021, ""quarter"": 4, ""value"": 40215953669.0}, {""period"": ""Q1 2022"", ""year"": 2022, ""quarter"": 1, ""value"": 69288136613.0}, {""period"": ""Q2 2022"", ""year"": 2022, ""quarter"": 2, ""value"": 76058375057.0}, {""period"": ""Q3 2022"", ""year"": 2022, ""quarter"": 3, ""value"": 67214656659.0}, {""period"": ""Q4 2022"", ""year"": 2022, ""quarter"": 4, ""value"": 64515518815.0}, {""period"": ""Q1 2023"", ""year"": 2023, ""quarter"": 1, ""value"": 254849096671.0}, {""period"": ""Q2 2023"", ""year"": 2023, ""quarter"": 2, ""value"": 227636128178.0}, {""period"": ""Q3 2023"", ""year"": 2023, ""quarter"": 3, ""value"": 199267868118.0}, {""period"": ""Q4 2023"", ""year"": 2023, ""quarter"": 4, ""value"": 278286870834.0}, {""period"": ""Q1 2024"", ""year"": 2024, ""quarter"": 1, ""value"": 293365452358.0}, {""period"": ""Q2 2024"", ""year"": 2024, ""quarter"": 2, ""value"": 309137862614.0}, {""period"": ""Q3 2024"", ""year"": 2024, ""quarter"": 3, ""value"": 312071426730.0}, {""period"": ""Q4 2024"", ""year"": 2024, ""quarter"": 4, ""value"": 177986886031.0}, {""period"": ""Q1 2025"", ""year"": 2025, ""quarter"": 1, ""value"": 184987686287.0}, {""period"": ""Q2 2025"", ""year"": 2025, ""quarter"": 2, ""value"": 216449602937.0}, {""period"": ""Q3 2025"", ""year"": 2025, ""quarter"": 3, ""value"": 250766739051.0}, {""period"": ""Q4 2025"", ""year"": 2025, ""quarter"": 4, ""value"": 189484101631.0}, {""period"": ""Q1 2026"", ""year"": 2026, ""quarter"": 1, ""value"": 11343552024.0}, {""period"": ""Q2 2026"", ""year"": 2026, ""quarter"": 2, ""value"": 19120774597.0}]"
ACG,1,BalanceSheet,Quarter,1010307,7. Dự phòng phải thu ngắn hạn khó đòi,10103,False,4,,"[{""period"": ""Q4 2018"", ""year"": 2018, ""quarter"": 4, ""value"": -3011123011.0}, {""period"": ""Q1 2019"", ""year"": 2019, ""quarter"": 1, ""value"": -3011123011.0}, {""period"": ""Q2 2019"", ""year"": 2019, ""quarter"": 2, ""value"": -3734491916.0}, {""period"": ""Q3 2019"", ""year"": 2019, ""quarter"": 3, ""value"": -4560638654.0}, {""period"": ""Q4 2019"", ""year"": 2019, ""quarter"": 4, ""value"": -10738472958.0}, {""period"": ""Q2 2020"", ""year"": 2020, ""quarter"": 2, ""value"": -13205896250.0}, {""period"": ""Q3 2020"", ""year"": 2020, ""quarter"": 3, ""value"": -11706439342.0}, {""period"": ""Q4 2020"", ""year"": 2020, ""quarter"": 4, ""value"": -10661866893.0}, {""period"": ""Q1 2021"", ""year"": 2021, ""quarter"": 1, ""value"": -15552071492.0}, {""period"": ""Q2 2021"", ""year"": 2021, ""quarter"": 2, ""value"": -16491810555.0}, {""period"": ""Q3 2021"", ""year"": 2021, ""quarter"": 3, ""value"": -16491810555.0}, {""period"": ""Q4 2021"", ""year"": 2021, ""quarter"": 4, ""value"": -18765339662.0}, {""period"": ""Q1 2022"", ""year"": 2022, ""quarter"": 1, ""value"": -18735201212.0}, {""period"": ""Q2 2022"", ""year"": 2022, ""quarter"": 2, ""value"": -17969042949.0}, {""period"": ""Q3 2022"", ""year"": 2022, ""quarter"": 3, ""value"": -19147996170.0}, {""period"": ""Q4 2022"", ""year"": 2022, ""quarter"": 4, ""value"": -31764224435.0}, {""period"": ""Q1 2023"", ""year"": 2023, ""quarter"": 1, ""value"": -32538914164.0}, {""period"": ""Q2 2023"", ""year"": 2023, ""quarter"": 2, ""value"": -47293878489.0}, {""period"": ""Q3 2023"", ""year"": 2023, ""quarter"": 3, ""value"": -51025974295.0}, {""period"": ""Q4 2023"", ""year"": 2023, ""quarter"": 4, ""value"": -57118073641.0}, {""period"": ""Q1 2024"", ""year"": 2024, ""quarter"": 1, ""value"": -57347321245.0}, {""period"": ""Q2 2024"", ""year"": 2024, ""quarter"": 2, ""value"": -62611840847.0}, {""period"": ""Q3 2024"", ""year"": 2024, ""quarter"": 3, ""value"": -86961258914.0}, {""period"": ""Q4 2024"", ""year"": 2024, ""quarter"": 4, ""value"": -202478693073.0}, {""period"": ""Q1 2025"", ""year"": 2025, ""quarter"": 1, ""value"": -200406167170.0}, {""period"": ""Q2 2025"", ""year"": 2025, ""quarter"": 2, ""value"": -198519747950.0}, {""period"": ""Q3 2025"", ""year"": 2025, ""quarter"": 3, ""value"": -206815518364.0}, {""period"": ""Q4 2025"", ""year"": 2025, ""quarter"": 4, ""value"": -293130758127.0}, {""period"": ""Q1 2026"", ""year"": 2026, ""quarter"": 1, ""value"": -97864386090.0}, {""period"": ""Q2 2026"", ""year"": 2026, ""quarter"": 2, ""value"": -97559054441.0}]"
ACG,1,BalanceSheet,Quarter,10104,IV. Tổng hàng tồn kho,101,False,3,,"[{""period"": ""Q4 2018"", ""year"": 2018, ""quarter"": 4, ""value"": 1386802158791.0}, {""period"": ""Q1 2019"", ""year"": 2019, ""quarter"": 1, ""value"": 1439348577132.0}, {""period"": ""Q2 2019"", ""year"": 2019, ""quarter"": 2, ""value"": 1547215779847.0}, {""period"": ""Q3 2019"", ""year"": 2019, ""quarter"": 3, ""value"": 1648696543506.0}, {""period"": ""Q4 2019"", ""year"": 2019, ""quarter"": 4, ""value"": 1329008116506.0}, {""period"": ""Q2 2020"", ""year"": 2020, ""quarter"": 2, ""value"": 1267641744302.0}, {""period"": ""Q3 2020"", ""year"": 2020, ""quarter"": 3, ""value"": 1222674989829.0}, {""period"": ""Q4 2020"", ""year"": 2020, ""quarter"": 4, ""value"": 1132964681719.0}, {""period"": ""Q1 2021"", ""year"": 2021, ""quarter"": 1, ""value"": 1257680171951.0}, {""period"": ""Q2 2021"", ""year"": 2021, ""quarter"": 2, ""value"": 1319332864820.0}, {""period"": ""Q3 2021"", ""year"": 2021, ""quarter"": 3, ""value"": 1475950762627.0}, {""period"": ""Q4 2021"", ""year"": 2021, ""quarter"": 4, ""value"": 1380301310465.0}, {""period"": ""Q1 2022"", ""year"": 2022, ""quarter"": 1, ""value"": 1428269291913.0}, {""period"": ""Q2 2022"", ""year"": 2022, ""quarter"": 2, ""value"": 1527920619522.0}, {""period"": ""Q3 2022"", ""year"": 2022, ""quarter"": 3, ""value"": 1501605937996.0}, {""period"": ""Q4 2022"", ""year"": 2022, ""quarter"": 4, ""value"": 1466857166709.0}, {""period"": ""Q1 2023"", ""year"": 2023, ""quarter"": 1, ""value"": 1546473067433.0}, {""period"": ""Q2 2023"", ""year"": 2023, ""quarter"": 2, ""value"": 1397327869955.0}, {""period"": ""Q3 2023"", ""year"": 2023, ""quarter"": 3, ""value"": 1309189334311.0}, {""period"": ""Q4 2023"", ""year"": 2023, ""quarter"": 4, ""value"": 1134504136989.0}, {""period"": ""Q1 2024"", ""year"": 2024, ""quarter"": 1, ""value"": 1256209096799.0}, {""period"": ""Q2 2024"", ""year"": 2024, ""quarter"": 2, ""value"": 1128424308054.0}, {""period"": ""Q3 2024"", ""year"": 2024, ""quarter"": 3, ""value"": 1037943721620.0}, {""period"": ""Q4 2024"", ""year"": 2024, ""quarter"": 4, ""value"": 967636647034.0}, {""period"": ""Q1 2025"", ""year"": 2025, ""quarter"": 1, ""value"": 1118501382610.0}, {""period"": ""Q2 2025"", ""year"": 2025, ""quarter"": 2, ""value"": 1173439566252.0}, {""period"": ""Q3 2025"", ""year"": 2025, ""quarter"": 3, ""value"": 1287641312735.0}, {""period"": ""Q4 2025"", ""year"": 2025, ""quarter"": 4, ""value"": 1543778653057.0}, {""period"": ""Q1 2026"", ""year"": 2026, ""quarter"": 1, ""value"": 1456585114171.0}, {""period"": ""Q2 2026"", ""year"": 2026, ""quarter"": 2, ""value"": 1735800490566.0}]"
ACG,1,BalanceSheet,Quarter,1010401,1. Hàng tồn kho,10104,False,4,,"[{""period"": ""Q4 2018"", ""year"": 2018, ""quarter"": 4, ""value"": 1388656774059.0}, {""period"": ""Q1 2019"", ""year"": 2019, ""quarter"": 1, ""value"": 1441048162136.0}, {""period"": ""Q2 2019"", ""year"": 2019, ""quarter"": 2, ""value"": 1548753956352.0}, {""period"": ""Q3 2019"", ""year"": 2019, ""quarter"": 3, ""value"": 1650162869028.0}, {""period"": ""Q4 2019"", ""year"": 2019, ""quarter"": 4, ""value"": 1333953241919.0}, {""period"": ""Q2 2020"", ""year"": 2020, ""quarter"": 2, ""value"": 1285680822815.0}, {""period"": ""Q3 2020"", ""year"": 2020, ""quarter"": 3, ""value"": 1241525615233.0}, {""period"": ""Q4 2020"", ""year"": 2020, ""quarter"": 4, ""value"": 1151953993414.0}, {""period"": ""Q1 2021"", ""year"": 2021, ""quarter"": 1, ""value"": 1276106279931.0}, {""period"": ""Q2 2021"", ""year"": 2021, ""quarter"": 2, ""value"": 1336995690458.0}, {""period"": ""Q3 2021"", ""year"": 2021, ""quarter"": 3, ""value"": 1493480621365.0}, {""period"": ""Q4 2021"", ""year"": 2021, ""quarter"": 4, ""value"": 1409876670599.0}, {""period"": ""Q1 2022"", ""year"": 2022, ""quarter"": 1, ""value"": 1460887886322.0}, {""period"": ""Q2 2022"", ""year"": 2022, ""quarter"": 2, ""value"": 1560092088924.0}, {""period"": ""Q3 2022"", ""year"": 2022, ""quarter"": 3, ""value"": 1527935221653.0}, {""period"": ""Q4 2022"", ""year"": 2022, ""quarter"": 4, ""value"": 1491571074416.0}, {""period"": ""Q1 2023"", ""year"": 2023, ""quarter"": 1, ""value"": 1577165114236.0}, {""period"": ""Q2 2023"", ""year"": 2023, ""quarter"": 2, ""value"": 1430084055290.0}, {""period"": ""Q3 2023"", ""year"": 2023, ""quarter"": 3, ""value"": 1347063925612.0}, {""period"": ""Q4 2023"", ""year"": 2023, ""quarter"": 4, ""value"": 1170522474357.0}, {""period"": ""Q1 2024"", ""year"": 2024, ""quarter"": 1, ""value"": 1295083599745.0}, {""period"": ""Q2 2024"", ""year"": 2024, ""quarter"": 2, ""value"": 1161710253196.0}, {""period"": ""Q3 2024"", ""year"": 2024, ""quarter"": 3, ""value"": 1079933776312.0}, {""period"": ""Q4 2024"", ""year"": 2024, ""quarter"": 4, ""value"": 1002379816375.0}, {""period"": ""Q1 2025"", ""year"": 2025, ""quarter"": 1, ""value"": 1163368485055.0}, {""period"": ""Q2 2025"", ""year"": 2025, ""quarter"": 2, ""value"": 1213739724797.0}, {""period"": ""Q3 2025"", ""year"": 2025, ""quarter"": 3, ""value"": 1329567781151.0}, {""period"": ""Q4 2025"", ""year"": 2025, ""quarter"": 4, ""value"": 1592019882925.0}, {""period"": ""Q1 2026"", ""year"": 2026, ""quarter"": 1, ""value"": 1504354935271.0}, {""period"": ""Q2 2026"", ""year"": 2026, ""quarter"": 2, ""value"": 1784928441938.0}]"
ACG,1,BalanceSheet,Quarter,1010402,2. Dự phòng giảm giá hàng tồn kho,10104,False,4,,"[{""period"": ""Q4 2018"", ""year"": 2018, ""quarter"": 4, ""value"": -1854615268.0}, {""period"": ""Q1 2019"", ""year"": 2019, ""quarter"": 1, ""value"": -1699585004.0}, {""period"": ""Q2 2019"", ""year"": 2019, ""quarter"": 2, ""value"": -1538176505.0}, {""period"": ""Q3 2019"", ""year"": 2019, ""quarter"": 3, ""value"": -1466325522.0}, {""period"": ""Q4 2019"", ""year"": 2019, ""quarter"": 4, ""value"": -4945125413.0}, {""period"": ""Q2 2020"", ""year"": 2020, ""quarter"": 2, ""value"": -18039078513.0}, {""period"": ""Q3 2020"", ""year"": 2020, ""quarter"": 3, ""value"": -18850625404.0}, {""period"": ""Q4 2020"", ""year"": 2020, ""quarter"": 4, ""value"": -18989311695.0}, {""period"": ""Q1 2021"", ""year"": 2021, ""quarter"": 1, ""value"": -18426107980.0}, {""period"": ""Q2 2021"", ""year"": 2021, ""quarter"": 2, ""value"": -17662825638.0}, {""period"": ""Q3 2021"", ""year"": 2021, ""quarter"": 3, ""value"": -17529858738.0}, {""period"": ""Q4 2021"", ""year"": 2021, ""quarter"": 4, ""value"": -29575360134.0}, {""period"": ""Q1 2022"", ""year"": 2022, ""quarter"": 1, ""value"": -32618594409.0}, {""period"": ""Q2 2022"", ""year"": 2022, ""quarter"": 2, ""value"": -32171469402.0}, {""period"": ""Q3 2022"", ""year"": 2022, ""quarter"": 3, ""value"": -26329283657.0}, {""period"": ""Q4 2022"", ""year"": 2022, ""quarter"": 4, ""value"": -24713907707.0}, {""period"": ""Q1 2023"", ""year"": 2023, ""quarter"": 1, ""value"": -30692046803.0}, {""period"": ""Q2 2023"", ""year"": 2023, ""quarter"": 2, ""value"": -32756185335.0}, {""period"": ""Q3 2023"", ""year"": 2023, ""quarter"": 3, ""value"": -37874591301.0}, {""period"": ""Q4 2023"", ""year"": 2023, ""quarter"": 4, ""value"": -36018337368.0}, {""period"": ""Q1 2024"", ""year"": 2024, ""quarter"": 1, ""value"": -38874502946.0}, {""period"": ""Q2 2024"", ""year"": 2024, ""quarter"": 2, ""value"": -33285945142.0}, {""period"": ""Q3 2024"", ""year"": 2024, ""quarter"": 3, ""value"": -41990054692.0}, {""period"": ""Q4 2024"", ""year"": 2024, ""quarter"": 4, ""value"": -34743169341.0}, {""period"": ""Q1 2025"", ""year"": 2025, ""quarter"": 1, ""value"": -44867102445.0}, {""period"": ""Q2 2025"", ""year"": 2025, ""quarter"": 2, ""value"": -40300158545.0}, {""period"": ""Q3 2025"", ""year"": 2025, ""quarter"": 3, ""value"": -41926468416.0}, {""period"": ""Q4 2025"", ""year"": 2025, ""quarter"": 4, ""value"": -48241229868.0}, {""period"": ""Q1 2026"", ""year"": 2026, ""quarter"": 1, ""value"": -47769821100.0}, {""period"": ""Q2 2026"", ""year"": 2026, ""quarter"": 2, ""value"": -49127951372.0}]"
ACG,1,BalanceSheet,Quarter,10105,V. Tài sản ngắn hạn khác,101,False,3,,"[{""period"": ""Q4 2018"", ""year"": 2018, ""quarter"": 4, ""value"": 97487186942.0}, {""period"": ""Q1 2019"", ""year"": 2019, ""quarter"": 1, ""value"": 107744068798.0}, {""period"": ""Q2 2019"", ""year"": 2019, ""quarter"": 2, ""value"": 113150316741.0}, {""period"": ""Q3 2019"", ""year"": 2019, ""quarter"": 3, ""value"": 119561113344.0}, {""period"": ""Q4 2019"", ""year"": 2019, ""quarter"": 4, ""value"": 71148014642.0}, {""period"": ""Q2 2020"", ""year"": 2020, ""quarter"": 2, ""value"": 50354417046.0}, {""period"": ""Q3 2020"", ""year"": 2020, ""quarter"": 3, ""value"": 40506596888.0}, {""period"": ""Q4 2020"", ""year"": 2020, ""quarter"": 4, ""value"": 32696927343.0}, {""period"": ""Q1 2021"", ""year"": 2021, ""quarter"": 1, ""value"": 36346938909.0}, {""period"": ""Q2 2021"", ""year"": 2021, ""quarter"": 2, ""value"": 32482269569.0}, {""period"": ""Q3 2021"", ""year"": 2021, ""quarter"": 3, ""value"": 34710245791.0}, {""period"": ""Q4 2021"", ""year"": 2021, ""quarter"": 4, ""value"": 24901517021.0}, {""period"": ""Q1 2022"", ""year"": 2022, ""quarter"": 1, ""value"": 25752470772.0}, {""period"": ""Q2 2022"", ""year"": 2022, ""quarter"": 2, ""value"": 31139896488.0}, {""period"": ""Q3 2022"", ""year"": 2022, ""quarter"": 3, ""value"": 36265477543.0}, {""period"": ""Q4 2022"", ""year"": 2022, ""quarter"": 4, ""value"": 47658498608.0}, {""period"": ""Q1 2023"", ""year"": 2023, ""quarter"": 1, ""value"": 30056887555.0}, {""period"": ""Q2 2023"", ""year"": 2023, ""quarter"": 2, ""value"": 25878997879.0}, {""period"": ""Q3 2023"", ""year"": 2023, ""quarter"": 3, ""value"": 24453973093.0}, {""period"": ""Q4 2023"", ""year"": 2023, ""quarter"": 4, ""value"": 16901716442.0}, {""period"": ""Q1 2024"", ""year"": 2024, ""quarter"": 1, ""value"": 28536252248.0}, {""period"": ""Q2 2024"", ""year"": 2024, ""quarter"": 2, ""value"": 23926104421.0}, {""period"": ""Q3 2024"", ""year"": 2024, ""quarter"": 3, ""value"": 21297939581.0}, {""period"": ""Q4 2024"", ""year"": 2024, ""quarter"": 4, ""value"": 16678231517.0}, {""period"": ""Q1 2025"", ""year"": 2025, ""quarter"": 1, ""value"": 43679810776.0}, {""period"": ""Q2 2025"", ""year"": 2025, ""quarter"": 2, ""value"": 50924537182.0}, {""period"": ""Q3 2025"", ""year"": 2025, ""quarter"": 3, ""value"": 77021735664.0}, {""period"": ""Q4 2025"", ""year"": 2025, ""quarter"": 4, ""value"": 106009054820.0}, {""period"": ""Q1 2026"", ""year"": 2026, ""quarter"": 1, ""value"": 105844493965.0}, {""period"": ""Q2 2026"", ""year"": 2026, ""quarter"": 2, ""value"": 78593411110.0}]"
ACG,1,BalanceSheet,Quarter,1010501,1. Chi phí trả trước ngắn hạn,10105,False,4,,"[{""period"": ""Q4 2018"", ""year"": 2018, ""quarter"": 4, ""value"": 30952452478.0}, {""period"": ""Q1 2019"", ""year"": 2019, ""quarter"": 1, ""value"": 29498119662.0}, {""period"": ""Q2 2019"", ""year"": 2019, ""quarter"": 2, ""value"": 28803021476.0}, {""period"": ""Q3 2019"", ""year"": 2019, ""quarter"": 3, ""value"": 24096394248.0}, {""period"": ""Q4 2019"", ""year"": 2019, ""quarter"": 4, ""value"": 26980575520.0}, {""period"": ""Q2 2020"", ""year"": 2020, ""quarter"": 2, ""value"": 19818502400.0}, {""period"": ""Q3 2020"", ""year"": 2020, ""quarter"": 3, ""value"": 18618574409.0}, {""period"": ""Q4 2020"", ""year"": 2020, ""quarter"": 4, ""value"": 23747113791.0}, {""period"": ""Q1 2021"", ""year"": 2021, ""quarter"": 1, ""value"": 25951292972.0}, {""period"": ""Q2 2021"", ""year"": 2021, ""quarter"": 2, ""value"": 27090082805.0}, {""period"": ""Q3 2021"", ""year"": 2021, ""quarter"": 3, ""value"": 17639927388.0}, {""period"": ""Q4 2021"", ""year"": 2021, ""quarter"": 4, ""value"": 22007833088.0}, {""period"": ""Q1 2022"", ""year"": 2022, ""quarter"": 1, ""value"": 23135313070.0}, {""period"": ""Q2 2022"", ""year"": 2022, ""quarter"": 2, ""value"": 26838802488.0}, {""period"": ""Q3 2022"", ""year"": 2022, ""quarter"": 3, ""value"": 33035302224.0}, {""period"": ""Q4 2022"", ""year"": 2022, ""quarter"": 4, ""value"": 44987623366.0}, {""period"": ""Q1 2023"", ""year"": 2023, ""quarter"": 1, ""value"": 25053842830.0}, {""period"": ""Q2 2023"", ""year"": 2023, ""quarter"": 2, ""value"": 23470067066.0}, {""period"": ""Q3 2023"", ""year"": 2023, ""quarter"": 3, ""value"": 22372717950.0}, {""period"": ""Q4 2023"", ""year"": 2023, ""quarter"": 4, ""value"": 14935644627.0}, {""period"": ""Q1 2024"", ""year"": 2024, ""quarter"": 1, ""value"": 22847553278.0}, {""period"": ""Q2 2024"", ""year"": 2024, ""quarter"": 2, ""value"": 21285164682.0}, {""period"": ""Q3 2024"", ""year"": 2024, ""quarter"": 3, ""value"": 19107389773.0}, {""period"": ""Q4 2024"", ""year"": 2024, ""quarter"": 4, ""value"": 14376976634.0}, {""period"": ""Q1 2025"", ""year"": 2025, ""quarter"": 1, ""value"": 20406232949.0}, {""period"": ""Q2 2025"", ""year"": 2025, ""quarter"": 2, ""value"": 20430954550.0}, {""period"": ""Q3 2025"", ""year"": 2025, ""quarter"": 3, ""value"": 19679848282.0}, {""period"": ""Q4 2025"", ""year"": 2025, ""quarter"": 4, ""value"": 14470665955.0}, {""period"": ""Q1 2026"", ""year"": 2026, ""quarter"": 1, ""value"": 24585173390.0}, {""period"": ""Q2 2026"", ""year"": 2026, ""quarter"": 2, ""value"": 21324342607.0}]"
ACG,1,BalanceSheet,Quarter,1010502,2. Thuế giá trị gia tăng được khấu trừ,10105,False,4,,"[{""period"": ""Q4 2018"", ""year"": 2018, ""quarter"": 4, ""value"": 61221220880.0}, {""period"": ""Q1 2019"", ""year"": 2019, ""quarter"": 1, ""value"": 71988822024.0}, {""period"": ""Q2 2019"", ""year"": 2019, ""quarter"": 2, ""value"": 80189771247.0}, {""period"": ""Q3 2019"", ""year"": 2019, ""quarter"": 3, ""value"": 90220429567.0}, {""period"": ""Q4 2019"", ""year"": 2019, ""quarter"": 4, ""value"": 38021291916.0}, {""period"": ""Q2 2020"", ""year"": 2020, ""quarter"": 2, ""value"": 28627629982.0}, {""period"": ""Q3 2020"", ""year"": 2020, ""quarter"": 3, ""value"": 21713040508.0}, {""period"": ""Q4 2020"", ""year"": 2020, ""quarter"": 4, ""value"": 7965797220.0}, {""period"": ""Q1 2021"", ""year"": 2021, ""quarter"": 1, ""value"": 9636852762.0}, {""period"": ""Q2 2021"", ""year"": 2021, ""quarter"": 2, ""value"": 5129764774.0}, {""period"": ""Q3 2021"", ""year"": 2021, ""quarter"": 3, ""value"": 16754453295.0}, {""period"": ""Q4 2021"", ""year"": 2021, ""quarter"": 4, ""value"": 2322179488.0}, {""period"": ""Q1 2022"", ""year"": 2022, ""quarter"": 1, ""value"": 1599506711.0}, {""period"": ""Q2 2022"", ""year"": 2022, ""quarter"": 2, ""value"": 2334496154.0}, {""period"": ""Q3 2022"", ""year"": 2022, ""quarter"": 3, ""value"": 1283086579.0}, {""period"": ""Q4 2022"", ""year"": 2022, ""quarter"": 4, ""value"": 1333331682.0}, {""period"": ""Q1 2023"", ""year"": 2023, ""quarter"": 1, ""value"": 3903268182.0}, {""period"": ""Q2 2023"", ""year"": 2023, ""quarter"": 2, ""value"": 1978013887.0}, {""period"": ""Q3 2023"", ""year"": 2023, ""quarter"": 3, ""value"": 1805752398.0}, {""period"": ""Q4 2023"", ""year"": 2023, ""quarter"": 4, ""value"": 1786084549.0}, {""period"": ""Q1 2024"", ""year"": 2024, ""quarter"": 1, ""value"": 5463038659.0}, {""period"": ""Q2 2024"", ""year"": 2024, ""quarter"": 2, ""value"": 2041550622.0}, {""period"": ""Q3 2024"", ""year"": 2024, ""quarter"": 3, ""value"": 2093362745.0}, {""period"": ""Q4 2024"", ""year"": 2024, ""quarter"": 4, ""value"": 2198114826.0}, {""period"": ""Q1 2025"", ""year"": 2025, ""quarter"": 1, ""value"": 22700670654.0}, {""period"": ""Q2 2025"", ""year"": 2025, ""quarter"": 2, ""value"": 29637009990.0}, {""period"": ""Q3 2025"", ""year"": 2025, ""quarter"": 3, ""value"": 56487345737.0}, {""period"": ""Q4 2025"", ""year"": 2025, ""quarter"": 4, ""value"": 90419979410.0}, {""period"": ""Q1 2026"", ""year"": 2026, ""quarter"": 1, ""value"": 80665845201.0}, {""period"": ""Q2 2026"", ""year"": 2026, ""quarter"": 2, ""value"": 56687599712.0}]"
ACG,1,BalanceSheet,Quarter,1010503,3. Thuế và các khoản phải thu Nhà nước,10105,False,4,,"[{""period"": ""Q4 2018"", ""year"": 2018, ""quarter"": 4, ""value"": 0.0}, {""period"": ""Q1 2019"", ""year"": 2019, ""quarter"": 1, ""value"": 6257127112.0}, {""period"": ""Q2 2019"", ""year"": 2019, ""quarter"": 2, ""value"": 4157524018.0}, {""period"": ""Q3 2019"", ""year"": 2019, ""quarter"": 3, ""value"": 5244289529.0}, {""period"": ""Q4 2019"", ""year"": 2019, ""quarter"": 4, ""value"": 6146147206.0}, {""period"": ""Q2 2020"", ""year"": 2020, ""quarter"": 2, ""value"": 1908284664.0}, {""period"": ""Q3 2020"", ""year"": 2020, ""quarter"": 3, ""value"": 174981971.0}, {""period"": ""Q4 2020"", ""year"": 2020, ""quarter"": 4, ""value"": 984016332.0}, {""period"": ""Q1 2021"", ""year"": 2021, ""quarter"": 1, ""value"": 758793175.0}, {""period"": ""Q2 2021"", ""year"": 2021, ""quarter"": 2, ""value"": 262421990.0}, {""period"": ""Q3 2021"", ""year"": 2021, ""quarter"": 3, ""value"": 315865108.0}, {""period"": ""Q4 2021"", ""year"": 2021, ""quarter"": 4, ""value"": 571504445.0}, {""period"": ""Q1 2022"", ""year"": 2022, ""quarter"": 1, ""value"": 1017650991.0}, {""period"": ""Q2 2022"", ""year"": 2022, ""quarter"": 2, ""value"": 1966597846.0}, {""period"": ""Q3 2022"", ""year"": 2022, ""quarter"": 3, ""value"": 1947088740.0}, {""period"": ""Q4 2022"", ""year"": 2022, ""quarter"": 4, ""value"": 1337543560.0}, {""period"": ""Q1 2023"", ""year"": 2023, ""quarter"": 1, ""value"": 1099776543.0}, {""period"": ""Q2 2023"", ""year"": 2023, ""quarter"": 2, ""value"": 430916926.0}, {""period"": ""Q3 2023"", ""year"": 2023, ""quarter"": 3, ""value"": 275502745.0}, {""period"": ""Q4 2023"", ""year"": 2023, ""quarter"": 4, ""value"": 179987266.0}, {""period"": ""Q1 2024"", ""year"": 2024, ""quarter"": 1, ""value"": 225660311.0}, {""period"": ""Q2 2024"", ""year"": 2024, ""quarter"": 2, ""value"": 599389117.0}, {""period"": ""Q3 2024"", ""year"": 2024, ""quarter"": 3, ""value"": 97187063.0}, {""period"": ""Q4 2024"", ""year"": 2024, ""quarter"": 4, ""value"": 103140057.0}, {""period"": ""Q1 2025"", ""year"": 2025, ""quarter"": 1, ""value"": 572907173.0}, {""period"": ""Q2 2025"", ""year"": 2025, ""quarter"": 2, ""value"": 856572642.0}, {""period"": ""Q3 2025"", ""year"": 2025, ""quarter"": 3, ""value"": 854541645.0}, {""period"": ""Q4 2025"", ""year"": 2025, ""quarter"": 4, ""value"": 1118409455.0}, {""period"": ""Q1 2026"", ""year"": 2026, ""quarter"": 1, ""value"": 593475374.0}, {""period"": ""Q2 2026"", ""year"": 2026, ""quarter"": 2, ""value"": 581468791.0}]"
ACG,1,BalanceSheet,Quarter,1010504,4. Giao dịch mua bán lại trái phiếu chính phủ,10105,False,4,,"[{""period"": ""Q4 2018"", ""year"": 2018, ""quarter"": 4, ""value"": 0.0}, {""period"": ""Q1 2019"", ""year"": 2019, ""quarter"": 1, ""value"": 0.0}, {""period"": ""Q2 2019"", ""year"": 2019, ""quarter"": 2, ""value"": 0.0}, {""period"": ""Q3 2019"", ""year"": 2019, ""quarter"": 3, ""value"": 0.0}, {""period"": ""Q4 2019"", ""year"": 2019, ""quarter"": 4, ""value"": 0.0}, {""period"": ""Q2 2020"", ""year"": 2020, ""quarter"": 2, ""value"": 0.0}, {""period"": ""Q3 2020"", ""year"": 2020, ""quarter"": 3, ""value"": 0.0}, {""period"": ""Q4 2020"", ""year"": 2020, ""quarter"": 4, ""value"": 0.0}, {""period"": ""Q1 2021"", ""year"": 2021, ""quarter"": 1, ""value"": 0.0}, {""period"": ""Q2 2021"", ""year"": 2021, ""quarter"": 2, ""value"": 0.0}, {""period"": ""Q3 2021"", ""year"": 2021, ""quarter"": 3, ""value"": 0.0}, {""period"": ""Q4 2021"", ""year"": 2021, ""quarter"": 4, ""value"": 0.0}, {""period"": ""Q1 2022"", ""year"": 2022, ""quarter"": 1, ""value"": 0.0}, {""period"": ""Q2 2022"", ""year"": 2022, ""quarter"": 2, ""value"": 0.0}, {""period"": ""Q3 2022"", ""year"": 2022, ""quarter"": 3, ""value"": 0.0}, {""period"": ""Q4 2022"", ""year"": 2022, ""quarter"": 4, ""value"": 0.0}, {""period"": ""Q1 2023"", ""year"": 2023, ""quarter"": 1, ""value"": 0.0}, {""period"": ""Q2 2023"", ""year"": 2023, ""quarter"": 2, ""value"": 0.0}, {""period"": ""Q3 2023"", ""year"": 2023, ""quarter"": 3, ""value"": 0.0}, {""period"": ""Q4 2023"", ""year"": 2023, ""quarter"": 4, ""value"": 0.0}, {""period"": ""Q1 2024"", ""year"": 2024, ""quarter"": 1, ""value"": 0.0}, {""period"": ""Q2 2024"", ""year"": 2024, ""quarter"": 2, ""value"": 0.0}, {""period"": ""Q3 2024"", ""year"": 2024, ""quarter"": 3, ""value"": 0.0}, {""period"": ""Q4 2024"", ""year"": 2024, ""quarter"": 4, ""value"": 0.0}, {""period"": ""Q1 2025"", ""year"": 2025, ""quarter"": 1, ""value"": 0.0}, {""period"": ""Q2 2025"", ""year"": 2025, ""quarter"": 2, ""value"": 0.0}, {""period"": ""Q3 2025"", ""year"": 2025, ""quarter"": 3, ""value"": 0.0}, {""period"": ""Q4 2025"", ""year"": 2025, ""quarter"": 4, ""value"": 0.0}, {""period"": ""Q1 2026"", ""year"": 2026, ""quarter"": 1, ""value"": 0.0}, {""period"": ""Q2 2026"", ""year"": 2026, ""quarter"": 2, ""value"": 0.0}]"
ACG,1,BalanceSheet,Quarter,1010505,5. Tài sản ngắn hạn khác,10105,False,4,,"[{""period"": ""Q4 2018"", ""year"": 2018, ""quarter"": 4, ""value"": 5313513584.0}, {""period"": ""Q1 2019"", ""year"": 2019, ""quarter"": 1, ""value"": 0.0}, {""period"": ""Q2 2019"", ""year"": 2019, ""quarter"": 2, ""value"": 0.0}, {""period"": ""Q3 2019"", ""year"": 2019, ""quarter"": 3, ""value"": 0.0}, {""period"": ""Q4 2019"", ""year"": 2019, ""quarter"": 4, ""value"": 0.0}, {""period"": ""Q2 2020"", ""year"": 2020, ""quarter"": 2, ""value"": 0.0}, {""period"": ""Q3 2020"", ""year"": 2020, ""quarter"": 3, ""value"": 0.0}, {""period"": ""Q4 2020"", ""year"": 2020, ""quarter"": 4, ""value"": 0.0}, {""period"": ""Q1 2021"", ""year"": 2021, ""quarter"": 1, ""value"": 0.0}, {""period"": ""Q2 2021"", ""year"": 2021, ""quarter"": 2, ""value"": 0.0}, {""period"": ""Q3 2021"", ""year"": 2021, ""quarter"": 3, ""value"": 0.0}, {""period"": ""Q4 2021"", ""year"": 2021, ""quarter"": 4, ""value"": 0.0}, {""period"": ""Q1 2022"", ""year"": 2022, ""quarter"": 1, ""value"": 0.0}, {""period"": ""Q2 2022"", ""year"": 2022, ""quarter"": 2, ""value"": 0.0}, {""period"": ""Q3 2022"", ""year"": 2022, ""quarter"": 3, ""value"": 0.0}, {""period"": ""Q4 2022"", ""year"": 2022, ""quarter"": 4, ""value"": 0.0}, {""period"": ""Q1 2023"", ""year"": 2023, ""quarter"": 1, ""value"": 0.0}, {""period"": ""Q2 2023"", ""year"": 2023, ""quarter"": 2, ""value"": 0.0}, {""period"": ""Q3 2023"", ""year"": 2023, ""quarter"": 3, ""value"": 0.0}, {""period"": ""Q4 2023"", ""year"": 2023, ""quarter"": 4, ""value"": 0.0}, {""period"": ""Q1 2024"", ""year"": 2024, ""quarter"": 1, ""value"": 0.0}, {""period"": ""Q2 2024"", ""year"": 2024, ""quarter"": 2, ""value"": 0.0}, {""period"": ""Q3 2024"", ""year"": 2024, ""quarter"": 3, ""value"": 0.0}, {""period"": ""Q4 2024"", ""year"": 2024, ""quarter"": 4, ""value"": 0.0}, {""period"": ""Q1 2025"", ""year"": 2025, ""quarter"": 1, ""value"": 0.0}, {""period"": ""Q2 2025"", ""year"": 2025, ""quarter"": 2, ""value"": 0.0}, {""period"": ""Q3 2025"", ""year"": 2025, ""quarter"": 3, ""value"": 0.0}, {""period"": ""Q4 2025"", ""year"": 2025, ""quarter"": 4, ""value"": 0.0}, {""period"": ""Q1 2026"", ""year"": 2026, ""quarter"": 1, ""value"": 0.0}, {""period"": ""Q2 2026"", ""year"": 2026, ""quarter"": 2, ""value"": 0.0}]"
ACG,1,BalanceSheet,Quarter,102,B. Tài sản cố định và đầu tư dài hạn,1,True,2,,"[{""period"": ""Q4 2018"", ""year"": 2018, ""quarter"": 4, ""value"": 995445427216.0}, {""period"": ""Q1 2019"", ""year"": 2019, ""quarter"": 1, ""value"": 994747944253.0}, {""period"": ""Q2 2019"", ""year"": 2019, ""quarter"": 2, ""value"": 1001422985434.0}, {""period"": ""Q3 2019"", ""year"": 2019, ""quarter"": 3, ""value"": 1009423276698.0}, {""period"": ""Q4 2019"", ""year"": 2019, ""quarter"": 4, ""value"": 987730194916.0}, {""period"": ""Q2 2020"", ""year"": 2020, ""quarter"": 2, ""value"": 928321547467.0}, {""period"": ""Q3 2020"", ""year"": 2020, ""quarter"": 3, ""value"": 892321947275.0}, {""period"": ""Q4 2020"", ""year"": 2020, ""quarter"": 4, ""value"": 864717863998.0}, {""period"": ""Q1 2021"", ""year"": 2021, ""quarter"": 1, ""value"": 1273466326805.0}, {""period"": ""Q2 2021"", ""year"": 2021, ""quarter"": 2, ""value"": 1373850107679.0}, {""period"": ""Q3 2021"", ""year"": 2021, ""quarter"": 3, ""value"": 1345749715585.0}, {""period"": ""Q4 2021"", ""year"": 2021, ""quarter"": 4, ""value"": 1332118177476.0}, {""period"": ""Q1 2022"", ""year"": 2022, ""quarter"": 1, ""value"": 1548046668256.0}, {""period"": ""Q2 2022"", ""year"": 2022, ""quarter"": 2, ""value"": 1536031683435.0}, {""period"": ""Q3 2022"", ""year"": 2022, ""quarter"": 3, ""value"": 1531442885102.0}, {""period"": ""Q4 2022"", ""year"": 2022, ""quarter"": 4, ""value"": 1627756234720.0}, {""period"": ""Q1 2023"", ""year"": 2023, ""quarter"": 1, ""value"": 1526389271557.0}, {""period"": ""Q2 2023"", ""year"": 2023, ""quarter"": 2, ""value"": 1496482295879.0}, {""period"": ""Q3 2023"", ""year"": 2023, ""quarter"": 3, ""value"": 1645220552681.0}, {""period"": ""Q4 2023"", ""year"": 2023, ""quarter"": 4, ""value"": 1389790488749.0}, {""period"": ""Q1 2024"", ""year"": 2024, ""quarter"": 1, ""value"": 1315491429327.0}, {""period"": ""Q2 2024"", ""year"": 2024, ""quarter"": 2, ""value"": 1309831918346.0}, {""period"": ""Q3 2024"", ""year"": 2024, ""quarter"": 3, ""value"": 1444034484637.0}, {""period"": ""Q4 2024"", ""year"": 2024, ""quarter"": 4, ""value"": 1519852953100.0}, {""period"": ""Q1 2025"", ""year"": 2025, ""quarter"": 1, ""value"": 1250662784587.0}, {""period"": ""Q2 2025"", ""year"": 2025, ""quarter"": 2, ""value"": 1180221762981.0}, {""period"": ""Q3 2025"", ""year"": 2025, ""quarter"": 3, ""value"": 1413149714422.0}, {""period"": ""Q4 2025"", ""year"": 2025, ""quarter"": 4, ""value"": 1821905533378.0}, {""period"": ""Q1 2026"", ""year"": 2026, ""quarter"": 1, ""value"": 2036830776421.0}, {""period"": ""Q2 2026"", ""year"": 2026, ""quarter"": 2, ""value"": 2688847226304.0}]"
ACG,1,BalanceSheet,Quarter,10201,I. Các khoản phải thu dài hạn,102,False,3,,"[{""period"": ""Q4 2018"", ""year"": 2018, ""quarter"": 4, ""value"": 1486727000.0}, {""period"": ""Q1 2019"", ""year"": 2019, ""quarter"": 1, ""value"": 1731752000.0}, {""period"": ""Q2 2019"", ""year"": 2019, ""quarter"": 2, ""value"": 2147927000.0}, {""period"": ""Q3 2019"", ""year"": 2019, ""quarter"": 3, ""value"": 2157927000.0}, {""period"": ""Q4 2019"", ""year"": 2019, ""quarter"": 4, ""value"": 2157927000.0}, {""period"": ""Q2 2020"", ""year"": 2020, ""quarter"": 2, ""value"": 7229050600.0}, {""period"": ""Q3 2020"", ""year"": 2020, ""quarter"": 3, ""value"": 7229050600.0}, {""period"": ""Q4 2020"", ""year"": 2020, ""quarter"": 4, ""value"": 5728730600.0}, {""period"": ""Q1 2021"", ""year"": 2021, ""quarter"": 1, ""value"": 290781560911.0}, {""period"": ""Q2 2021"", ""year"": 2021, ""quarter"": 2, ""value"": 303834544736.0}, {""period"": ""Q3 2021"", ""year"": 2021, ""quarter"": 3, ""value"": 313174905970.0}, {""period"": ""Q4 2021"", ""year"": 2021, ""quarter"": 4, ""value"": 322336513405.0}, {""period"": ""Q1 2022"", ""year"": 2022, ""quarter"": 1, ""value"": 331952117108.0}, {""period"": ""Q2 2022"", ""year"": 2022, ""quarter"": 2, ""value"": 347489176677.0}, {""period"": ""Q3 2022"", ""year"": 2022, ""quarter"": 3, ""value"": 357504851838.0}, {""period"": ""Q4 2022"", ""year"": 2022, ""quarter"": 4, ""value"": 366943654159.0}, {""period"": ""Q1 2023"", ""year"": 2023, ""quarter"": 1, ""value"": 379508180060.0}, {""period"": ""Q2 2023"", ""year"": 2023, ""quarter"": 2, ""value"": 360440908598.0}, {""period"": ""Q3 2023"", ""year"": 2023, ""quarter"": 3, ""value"": 363563794478.0}, {""period"": ""Q4 2023"", ""year"": 2023, ""quarter"": 4, ""value"": 164158232918.0}, {""period"": ""Q1 2024"", ""year"": 2024, ""quarter"": 1, ""value"": 177608153929.0}, {""period"": ""Q2 2024"", ""year"": 2024, ""quarter"": 2, ""value"": 186624380225.0}, {""period"": ""Q3 2024"", ""year"": 2024, ""quarter"": 3, ""value"": 187132359624.0}, {""period"": ""Q4 2024"", ""year"": 2024, ""quarter"": 4, ""value"": 145661812954.0}, {""period"": ""Q1 2025"", ""year"": 2025, ""quarter"": 1, ""value"": 142825458123.0}, {""period"": ""Q2 2025"", ""year"": 2025, ""quarter"": 2, ""value"": 142822998093.0}, {""period"": ""Q3 2025"", ""year"": 2025, ""quarter"": 3, ""value"": 144518420823.0}, {""period"": ""Q4 2025"", ""year"": 2025, ""quarter"": 4, ""value"": 164037509131.0}, {""period"": ""Q1 2026"", ""year"": 2026, ""quarter"": 1, ""value"": 168848634152.0}, {""period"": ""Q2 2026"", ""year"": 2026, ""quarter"": 2, ""value"": 170862356700.0}]"
ACG,1,BalanceSheet,Quarter,1020101,1. Phải thu dài hạn của khách hàng,10201,False,4,,"[{""period"": ""Q4 2018"", ""year"": 2018, ""quarter"": 4, ""value"": 0.0}, {""period"": ""Q1 2019"", ""year"": 2019, ""quarter"": 1, ""value"": 0.0}, {""period"": ""Q2 2019"", ""year"": 2019, ""quarter"": 2, ""value"": 0.0}, {""period"": ""Q3 2019"", ""year"": 2019, ""quarter"": 3, ""value"": 0.0}, {""period"": ""Q4 2019"", ""year"": 2019, ""quarter"": 4, ""value"": 0.0}, {""period"": ""Q2 2020"", ""year"": 2020, ""quarter"": 2, ""value"": 0.0}, {""period"": ""Q3 2020"", ""year"": 2020, ""quarter"": 3, ""value"": 0.0}, {""period"": ""Q4 2020"", ""year"": 2020, ""quarter"": 4, ""value"": 0.0}, {""period"": ""Q1 2021"", ""year"": 2021, ""quarter"": 1, ""value"": 0.0}, {""period"": ""Q2 2021"", ""year"": 2021, ""quarter"": 2, ""value"": 0.0}, {""period"": ""Q3 2021"", ""year"": 2021, ""quarter"": 3, ""value"": 0.0}, {""period"": ""Q4 2021"", ""year"": 2021, ""quarter"": 4, ""value"": 0.0}, {""period"": ""Q1 2022"", ""year"": 2022, ""quarter"": 1, ""value"": 0.0}, {""period"": ""Q2 2022"", ""year"": 2022, ""quarter"": 2, ""value"": 0.0}, {""period"": ""Q3 2022"", ""year"": 2022, ""quarter"": 3, ""value"": 0.0}, {""period"": ""Q4 2022"", ""year"": 2022, ""quarter"": 4, ""value"": 0.0}, {""period"": ""Q1 2023"", ""year"": 2023, ""quarter"": 1, ""value"": 0.0}, {""period"": ""Q2 2023"", ""year"": 2023, ""quarter"": 2, ""value"": 0.0}, {""period"": ""Q3 2023"", ""year"": 2023, ""quarter"": 3, ""value"": 0.0}, {""period"": ""Q4 2023"", ""year"": 2023, ""quarter"": 4, ""value"": 0.0}, {""period"": ""Q1 2024"", ""year"": 2024, ""quarter"": 1, ""value"": 6397816281.0}, {""period"": ""Q2 2024"", ""year"": 2024, ""quarter"": 2, ""value"": 9884545134.0}, {""period"": ""Q3 2024"", ""year"": 2024, ""quarter"": 3, ""value"": 4852818089.0}, {""period"": ""Q4 2024"", ""year"": 2024, ""quarter"": 4, ""value"": 3825349804.0}, {""period"": ""Q1 2025"", ""year"": 2025, ""quarter"": 1, ""value"": 719594973.0}, {""period"": ""Q2 2025"", ""year"": 2025, ""quarter"": 2, ""value"": 35959943.0}, {""period"": ""Q3 2025"", ""year"": 2025, ""quarter"": 3, ""value"": 1500000000.0}, {""period"": ""Q4 2025"", ""year"": 2025, ""quarter"": 4, ""value"": 1528474856.0}, {""period"": ""Q1 2026"", ""year"": 2026, ""quarter"": 1, ""value"": 1100000000.0}, {""period"": ""Q2 2026"", ""year"": 2026, ""quarter"": 2, ""value"": 1100000000.0}]"
ACG,1,BalanceSheet,Quarter,1020102,2. Vốn kinh doanh tại các đơn vị trực thuộc,10201,False,4,,"[{""period"": ""Q4 2018"", ""year"": 2018, ""quarter"": 4, ""value"": 0.0}, {""period"": ""Q1 2019"", ""year"": 2019, ""quarter"": 1, ""value"": 0.0}, {""period"": ""Q2 2019"", ""year"": 2019, ""quarter"": 2, ""value"": 0.0}, {""period"": ""Q3 2019"", ""year"": 2019, ""quarter"": 3, ""value"": 0.0}, {""period"": ""Q4 2019"", ""year"": 2019, ""quarter"": 4, ""value"": 0.0}, {""period"": ""Q2 2020"", ""year"": 2020, ""quarter"": 2, ""value"": 0.0}, {""period"": ""Q3 2020"", ""year"": 2020, ""quarter"": 3, ""value"": 0.0}, {""period"": ""Q4 2020"", ""year"": 2020, ""quarter"": 4, ""value"": 0.0}, {""period"": ""Q1 2021"", ""year"": 2021, ""quarter"": 1, ""value"": 0.0}, {""period"": ""Q2 2021"", ""year"": 2021, ""quarter"": 2, ""value"": 0.0}, {""period"": ""Q3 2021"", ""year"": 2021, ""quarter"": 3, ""value"": 0.0}, {""period"": ""Q4 2021"", ""year"": 2021, ""quarter"": 4, ""value"": 0.0}, {""period"": ""Q1 2022"", ""year"": 2022, ""quarter"": 1, ""value"": 0.0}, {""period"": ""Q2 2022"", ""year"": 2022, ""quarter"": 2, ""value"": 0.0}, {""period"": ""Q3 2022"", ""year"": 2022, ""quarter"": 3, ""value"": 0.0}, {""period"": ""Q4 2022"", ""year"": 2022, ""quarter"": 4, ""value"": 0.0}, {""period"": ""Q1 2023"", ""year"": 2023, ""quarter"": 1, ""value"": 0.0}, {""period"": ""Q2 2023"", ""year"": 2023, ""quarter"": 2, ""value"": 0.0}, {""period"": ""Q3 2023"", ""year"": 2023, ""quarter"": 3, ""value"": 0.0}, {""period"": ""Q4 2023"", ""year"": 2023, ""quarter"": 4, ""value"": 0.0}, {""period"": ""Q1 2024"", ""year"": 2024, ""quarter"": 1, ""value"": 0.0}, {""period"": ""Q2 2024"", ""year"": 2024, ""quarter"": 2, ""value"": 0.0}, {""period"": ""Q3 2024"", ""year"": 2024, ""quarter"": 3, ""value"": 0.0}, {""period"": ""Q4 2024"", ""year"": 2024, ""quarter"": 4, ""value"": 0.0}, {""period"": ""Q1 2025"", ""year"": 2025, ""quarter"": 1, ""value"": 0.0}, {""period"": ""Q2 2025"", ""year"": 2025, ""quarter"": 2, ""value"": 0.0}, {""period"": ""Q3 2025"", ""year"": 2025, ""quarter"": 3, ""value"": 0.0}, {""period"": ""Q4 2025"", ""year"": 2025, ""quarter"": 4, ""value"": 0.0}, {""period"": ""Q1 2026"", ""year"": 2026, ""quarter"": 1, ""value"": 0.0}, {""period"": ""Q2 2026"", ""year"": 2026, ""quarter"": 2, ""value"": 0.0}]"
ACG,1,BalanceSheet,Quarter,1020103,3. Phải thu dài hạn nội bộ,10201,False,4,,"[{""period"": ""Q4 2018"", ""year"": 2018, ""quarter"": 4, ""value"": 0.0}, {""period"": ""Q1 2019"", ""year"": 2019, ""quarter"": 1, ""value"": 0.0}, {""period"": ""Q2 2019"", ""year"": 2019, ""quarter"": 2, ""value"": 0.0}, {""period"": ""Q3 2019"", ""year"": 2019, ""quarter"": 3, ""value"": 0.0}, {""period"": ""Q4 2019"", ""year"": 2019, ""quarter"": 4, ""value"": 0.0}, {""period"": ""Q2 2020"", ""year"": 2020, ""quarter"": 2, ""value"": 0.0}, {""period"": ""Q3 2020"", ""year"": 2020, ""quarter"": 3, ""value"": 0.0}, {""period"": ""Q4 2020"", ""year"": 2020, ""quarter"": 4, ""value"": 0.0}, {""period"": ""Q1 2021"", ""year"": 2021, ""quarter"": 1, ""value"": 0.0}, {""period"": ""Q2 2021"", ""year"": 2021, ""quarter"": 2, ""value"": 0.0}, {""period"": ""Q3 2021"", ""year"": 2021, ""quarter"": 3, ""value"": 0.0}, {""period"": ""Q4 2021"", ""year"": 2021, ""quarter"": 4, ""value"": 0.0}, {""period"": ""Q1 2022"", ""year"": 2022, ""quarter"": 1, ""value"": 0.0}, {""period"": ""Q2 2022"", ""year"": 2022, ""quarter"": 2, ""value"": 0.0}, {""period"": ""Q3 2022"", ""year"": 2022, ""quarter"": 3, ""value"": 0.0}, {""period"": ""Q4 2022"", ""year"": 2022, ""quarter"": 4, ""value"": 0.0}, {""period"": ""Q1 2023"", ""year"": 2023, ""quarter"": 1, ""value"": 0.0}, {""period"": ""Q2 2023"", ""year"": 2023, ""quarter"": 2, ""value"": 0.0}, {""period"": ""Q3 2023"", ""year"": 2023, ""quarter"": 3, ""value"": 0.0}, {""period"": ""Q4 2023"", ""year"": 2023, ""quarter"": 4, ""value"": 0.0}, {""period"": ""Q1 2024"", ""year"": 2024, ""quarter"": 1, ""value"": 0.0}, {""period"": ""Q2 2024"", ""year"": 2024, ""quarter"": 2, ""value"": 0.0}, {""period"": ""Q3 2024"", ""year"": 2024, ""quarter"": 3, ""value"": 0.0}, {""period"": ""Q4 2024"", ""year"": 2024, ""quarter"": 4, ""value"": 0.0}, {""period"": ""Q1 2025"", ""year"": 2025, ""quarter"": 1, ""value"": 0.0}, {""period"": ""Q2 2025"", ""year"": 2025, ""quarter"": 2, ""value"": 0.0}, {""period"": ""Q3 2025"", ""year"": 2025, ""quarter"": 3, ""value"": 0.0}, {""period"": ""Q4 2025"", ""year"": 2025, ""quarter"": 4, ""value"": 0.0}, {""period"": ""Q1 2026"", ""year"": 2026, ""quarter"": 1, ""value"": 0.0}, {""period"": ""Q2 2026"", ""year"": 2026, ""quarter"": 2, ""value"": 0.0}]"
ACG,1,BalanceSheet,Quarter,1020104,4. Phải thu về cho vay dài hạn,10201,False,4,,"[{""period"": ""Q4 2018"", ""year"": 2018, ""quarter"": 4, ""value"": 0.0}, {""period"": ""Q1 2019"", ""year"": 2019, ""quarter"": 1, ""value"": 0.0}, {""period"": ""Q2 2019"", ""year"": 2019, ""quarter"": 2, ""value"": 0.0}, {""period"": ""Q3 2019"", ""year"": 2019, ""quarter"": 3, ""value"": 0.0}, {""period"": ""Q4 2019"", ""year"": 2019, ""quarter"": 4, ""value"": 0.0}, {""period"": ""Q2 2020"", ""year"": 2020, ""quarter"": 2, ""value"": 0.0}, {""period"": ""Q3 2020"", ""year"": 2020, ""quarter"": 3, ""value"": 0.0}, {""period"": ""Q4 2020"", ""year"": 2020, ""quarter"": 4, ""value"": 0.0}, {""period"": ""Q1 2021"", ""year"": 2021, ""quarter"": 1, ""value"": 0.0}, {""period"": ""Q2 2021"", ""year"": 2021, ""quarter"": 2, ""value"": 0.0}, {""period"": ""Q3 2021"", ""year"": 2021, ""quarter"": 3, ""value"": 0.0}, {""period"": ""Q4 2021"", ""year"": 2021, ""quarter"": 4, ""value"": 0.0}, {""period"": ""Q1 2022"", ""year"": 2022, ""quarter"": 1, ""value"": 0.0}, {""period"": ""Q2 2022"", ""year"": 2022, ""quarter"": 2, ""value"": 0.0}, {""period"": ""Q3 2022"", ""year"": 2022, ""quarter"": 3, ""value"": 0.0}, {""period"": ""Q4 2022"", ""year"": 2022, ""quarter"": 4, ""value"": 0.0}, {""period"": ""Q1 2023"", ""year"": 2023, ""quarter"": 1, ""value"": 0.0}, {""period"": ""Q2 2023"", ""year"": 2023, ""quarter"": 2, ""value"": 256547547280.0}, {""period"": ""Q3 2023"", ""year"": 2023, ""quarter"": 3, ""value"": 256547547280.0}, {""period"": ""Q4 2023"", ""year"": 2023, ""quarter"": 4, ""value"": 142526415151.0}, {""period"": ""Q1 2024"", ""year"": 2024, ""quarter"": 1, ""value"": 142526415151.0}, {""period"": ""Q2 2024"", ""year"": 2024, ""quarter"": 2, ""value"": 142526415151.0}, {""period"": ""Q3 2024"", ""year"": 2024, ""quarter"": 3, ""value"": 39753126384.0}, {""period"": ""Q4 2024"", ""year"": 2024, ""quarter"": 4, ""value"": 0.0}, {""period"": ""Q1 2025"", ""year"": 2025, ""quarter"": 1, ""value"": 0.0}, {""period"": ""Q2 2025"", ""year"": 2025, ""quarter"": 2, ""value"": 0.0}, {""period"": ""Q3 2025"", ""year"": 2025, ""quarter"": 3, ""value"": 0.0}, {""period"": ""Q4 2025"", ""year"": 2025, ""quarter"": 4, ""value"": 0.0}, {""period"": ""Q1 2026"", ""year"": 2026, ""quarter"": 1, ""value"": 0.0}, {""period"": ""Q2 2026"", ""year"": 2026, ""quarter"": 2, ""value"": 0.0}]"
ACG,1,BalanceSheet,Quarter,1020105,5. Phải thu dài hạn khác,10201,False,4,,"[{""period"": ""Q4 2018"", ""year"": 2018, ""quarter"": 4, ""value"": 1486727000.0}, {""period"": ""Q1 2019"", ""year"": 2019, ""quarter"": 1, ""value"": 1731752000.0}, {""period"": ""Q2 2019"", ""year"": 2019, ""quarter"": 2, ""value"": 2147927000.0}, {""period"": ""Q3 2019"", ""year"": 2019, ""quarter"": 3, ""value"": 2157927000.0}, {""period"": ""Q4 2019"", ""year"": 2019, ""quarter"": 4, ""value"": 2157927000.0}, {""period"": ""Q2 2020"", ""year"": 2020, ""quarter"": 2, ""value"": 7229050600.0}, {""period"": ""Q3 2020"", ""year"": 2020, ""quarter"": 3, ""value"": 7229050600.0}, {""period"": ""Q4 2020"", ""year"": 2020, ""quarter"": 4, ""value"": 5728730600.0}, {""period"": ""Q1 2021"", ""year"": 2021, ""quarter"": 1, ""value"": 290781560911.0}, {""period"": ""Q2 2021"", ""year"": 2021, ""quarter"": 2, ""value"": 303834544736.0}, {""period"": ""Q3 2021"", ""year"": 2021, ""quarter"": 3, ""value"": 313174905970.0}, {""period"": ""Q4 2021"", ""year"": 2021, ""quarter"": 4, ""value"": 322336513405.0}, {""period"": ""Q1 2022"", ""year"": 2022, ""quarter"": 1, ""value"": 331952117108.0}, {""period"": ""Q2 2022"", ""year"": 2022, ""quarter"": 2, ""value"": 347489176677.0}, {""period"": ""Q3 2022"", ""year"": 2022, ""quarter"": 3, ""value"": 357504851838.0}, {""period"": ""Q4 2022"", ""year"": 2022, ""quarter"": 4, ""value"": 366943654159.0}, {""period"": ""Q1 2023"", ""year"": 2023, ""quarter"": 1, ""value"": 379508180060.0}, {""period"": ""Q2 2023"", ""year"": 2023, ""quarter"": 2, ""value"": 103893361318.0}, {""period"": ""Q3 2023"", ""year"": 2023, ""quarter"": 3, ""value"": 107016247198.0}, {""period"": ""Q4 2023"", ""year"": 2023, ""quarter"": 4, ""value"": 21631817767.0}, {""period"": ""Q1 2024"", ""year"": 2024, ""quarter"": 1, ""value"": 28683922497.0}, {""period"": ""Q2 2024"", ""year"": 2024, ""quarter"": 2, ""value"": 34213419940.0}, {""period"": ""Q3 2024"", ""year"": 2024, ""quarter"": 3, ""value"": 142526415151.0}, {""period"": ""Q4 2024"", ""year"": 2024, ""quarter"": 4, ""value"": 141836463150.0}, {""period"": ""Q1 2025"", ""year"": 2025, ""quarter"": 1, ""value"": 142105863150.0}, {""period"": ""Q2 2025"", ""year"": 2025, ""quarter"": 2, ""value"": 142787038150.0}, {""period"": ""Q3 2025"", ""year"": 2025, ""quarter"": 3, ""value"": 143018420823.0}, {""period"": ""Q4 2025"", ""year"": 2025, ""quarter"": 4, ""value"": 162509034275.0}, {""period"": ""Q1 2026"", ""year"": 2026, ""quarter"": 1, ""value"": 167748634152.0}, {""period"": ""Q2 2026"", ""year"": 2026, ""quarter"": 2, ""value"": 169762356700.0}]"
ACG,1,BalanceSheet,Quarter,1020106,6. Dự phòng phải thu dài hạn khó đòi,10201,False,4,,"[{""period"": ""Q4 2018"", ""year"": 2018, ""quarter"": 4, ""value"": 0.0}, {""period"": ""Q1 2019"", ""year"": 2019, ""quarter"": 1, ""value"": 0.0}, {""period"": ""Q2 2019"", ""year"": 2019, ""quarter"": 2, ""value"": 0.0}, {""period"": ""Q3 2019"", ""year"": 2019, ""quarter"": 3, ""value"": 0.0}, {""period"": ""Q4 2019"", ""year"": 2019, ""quarter"": 4, ""value"": 0.0}, {""period"": ""Q2 2020"", ""year"": 2020, ""quarter"": 2, ""value"": 0.0}, {""period"": ""Q3 2020"", ""year"": 2020, ""quarter"": 3, ""value"": 0.0}, {""period"": ""Q4 2020"", ""year"": 2020, ""quarter"": 4, ""value"": 0.0}, {""period"": ""Q1 2021"", ""year"": 2021, ""quarter"": 1, ""value"": 0.0}, {""period"": ""Q2 2021"", ""year"": 2021, ""quarter"": 2, ""value"": 0.0}, {""period"": ""Q3 2021"", ""year"": 2021, ""quarter"": 3, ""value"": 0.0}, {""period"": ""Q4 2021"", ""year"": 2021, ""quarter"": 4, ""value"": 0.0}, {""period"": ""Q1 2022"", ""year"": 2022, ""quarter"": 1, ""value"": 0.0}, {""period"": ""Q2 2022"", ""year"": 2022, ""quarter"": 2, ""value"": 0.0}, {""period"": ""Q3 2022"", ""year"": 2022, ""quarter"": 3, ""value"": 0.0}, {""period"": ""Q4 2022"", ""year"": 2022, ""quarter"": 4, ""value"": 0.0}, {""period"": ""Q1 2023"", ""year"": 2023, ""quarter"": 1, ""value"": 0.0}, {""period"": ""Q2 2023"", ""year"": 2023, ""quarter"": 2, ""value"": 0.0}, {""period"": ""Q3 2023"", ""year"": 2023, ""quarter"": 3, ""value"": 0.0}, {""period"": ""Q4 2023"", ""year"": 2023, ""quarter"": 4, ""value"": 0.0}, {""period"": ""Q1 2024"", ""year"": 2024, ""quarter"": 1, ""value"": 0.0}, {""period"": ""Q2 2024"", ""year"": 2024, ""quarter"": 2, ""value"": 0.0}, {""period"": ""Q3 2024"", ""year"": 2024, ""quarter"": 3, ""value"": 0.0}, {""period"": ""Q4 2024"", ""year"": 2024, ""quarter"": 4, ""value"": 0.0}, {""period"": ""Q1 2025"", ""year"": 2025, ""quarter"": 1, ""value"": 0.0}, {""period"": ""Q2 2025"", ""year"": 2025, ""quarter"": 2, ""value"": 0.0}, {""period"": ""Q3 2025"", ""year"": 2025, ""quarter"": 3, ""value"": 0.0}, {""period"": ""Q4 2025"", ""year"": 2025, ""quarter"": 4, ""value"": 0.0}, {""period"": ""Q1 2026"", ""year"": 2026, ""quarter"": 1, ""value"": 0.0}, {""period"": ""Q2 2026"", ""year"": 2026, ""quarter"": 2, ""value"": 0.0}]"
ACG,1,BalanceSheet,Quarter,10202,II. Tài sản cố định,102,False,3,,"[{""period"": ""Q4 2018"", ""year"": 2018, ""quarter"": 4, ""value"": 735259468743.0}, {""period"": ""Q1 2019"", ""year"": 2019, ""quarter"": 1, ""value"": 732713576658.0}, {""period"": ""Q2 2019"", ""year"": 2019, ""quarter"": 2, ""value"": 733298007548.0}, {""period"": ""Q3 2019"", ""year"": 2019, ""quarter"": 3, ""value"": 743292143072.0}, {""period"": ""Q4 2019"", ""year"": 2019, ""quarter"": 4, ""value"": 727923936361.0}, {""period"": ""Q2 2020"", ""year"": 2020, ""quarter"": 2, ""value"": 679643560111.0}, {""period"": ""Q3 2020"", ""year"": 2020, ""quarter"": 3, ""value"": 652464425361.0}, {""period"": ""Q4 2020"", ""year"": 2020, ""quarter"": 4, ""value"": 635138407774.0}, {""period"": ""Q1 2021"", ""year"": 2021, ""quarter"": 1, ""value"": 606812954615.0}, {""period"": ""Q2 2021"", ""year"": 2021, ""quarter"": 2, ""value"": 581908173687.0}, {""period"": ""Q3 2021"", ""year"": 2021, ""quarter"": 3, ""value"": 554730798249.0}, {""period"": ""Q4 2021"", ""year"": 2021, ""quarter"": 4, ""value"": 534761034183.0}, {""period"": ""Q1 2022"", ""year"": 2022, ""quarter"": 1, ""value"": 507526222564.0}, {""period"": ""Q2 2022"", ""year"": 2022, ""quarter"": 2, ""value"": 479625196451.0}, {""period"": ""Q3 2022"", ""year"": 2022, ""quarter"": 3, ""value"": 460808339977.0}, {""period"": ""Q4 2022"", ""year"": 2022, ""quarter"": 4, ""value"": 439123243902.0}, {""period"": ""Q1 2023"", ""year"": 2023, ""quarter"": 1, ""value"": 413729683577.0}, {""period"": ""Q2 2023"", ""year"": 2023, ""quarter"": 2, ""value"": 405027744846.0}, {""period"": ""Q3 2023"", ""year"": 2023, ""quarter"": 3, ""value"": 416745845305.0}, {""period"": ""Q4 2023"", ""year"": 2023, ""quarter"": 4, ""value"": 404977442045.0}, {""period"": ""Q1 2024"", ""year"": 2024, ""quarter"": 1, ""value"": 414948542466.0}, {""period"": ""Q2 2024"", ""year"": 2024, ""quarter"": 2, ""value"": 403957044926.0}, {""period"": ""Q3 2024"", ""year"": 2024, ""quarter"": 3, ""value"": 392898399140.0}, {""period"": ""Q4 2024"", ""year"": 2024, ""quarter"": 4, ""value"": 374277696923.0}, {""period"": ""Q1 2025"", ""year"": 2025, ""quarter"": 1, ""value"": 358041537995.0}, {""period"": ""Q2 2025"", ""year"": 2025, ""quarter"": 2, ""value"": 334713709324.0}, {""period"": ""Q3 2025"", ""year"": 2025, ""quarter"": 3, ""value"": 325190614501.0}, {""period"": ""Q4 2025"", ""year"": 2025, ""quarter"": 4, ""value"": 320906569613.0}, {""period"": ""Q1 2026"", ""year"": 2026, ""quarter"": 1, ""value"": 345680430679.0}, {""period"": ""Q2 2026"", ""year"": 2026, ""quarter"": 2, ""value"": 342757304230.0}]"
ACG,1,BalanceSheet,Quarter,1020201,1. Tài sản cố định hữu hình,10202,False,4,,"[{""period"": ""Q4 2018"", ""year"": 2018, ""quarter"": 4, ""value"": 713639267401.0}, {""period"": ""Q1 2019"", ""year"": 2019, ""quarter"": 1, ""value"": 710788179485.0}, {""period"": ""Q2 2019"", ""year"": 2019, ""quarter"": 2, ""value"": 711889372772.0}, {""period"": ""Q3 2019"", ""year"": 2019, ""quarter"": 3, ""value"": 722543622973.0}, {""period"": ""Q4 2019"", ""year"": 2019, ""quarter"": 4, ""value"": 707928769570.0}, {""period"": ""Q2 2020"", ""year"": 2020, ""quarter"": 2, ""value"": 658526084027.0}, {""period"": ""Q3 2020"", ""year"": 2020, ""quarter"": 3, ""value"": 632259892725.0}, {""period"": ""Q4 2020"", ""year"": 2020, ""quarter"": 4, ""value"": 615103068586.0}, {""period"": ""Q1 2021"", ""year"": 2021, ""quarter"": 1, ""value"": 587737433875.0}, {""period"": ""Q2 2021"", ""year"": 2021, ""quarter"": 2, ""value"": 563328871391.0}, {""period"": ""Q3 2021"", ""year"": 2021, ""quarter"": 3, ""value"": 537140289402.0}, {""period"": ""Q4 2021"", ""year"": 2021, ""quarter"": 4, ""value"": 518159318784.0}, {""period"": ""Q1 2022"", ""year"": 2022, ""quarter"": 1, ""value"": 491900800613.0}, {""period"": ""Q2 2022"", ""year"": 2022, ""quarter"": 2, ""value"": 464970215671.0}, {""period"": ""Q3 2022"", ""year"": 2022, ""quarter"": 3, ""value"": 446986126925.0}, {""period"": ""Q4 2022"", ""year"": 2022, ""quarter"": 4, ""value"": 425861523672.0}, {""period"": ""Q1 2023"", ""year"": 2023, ""quarter"": 1, ""value"": 401299206167.0}, {""period"": ""Q2 2023"", ""year"": 2023, ""quarter"": 2, ""value"": 393172364420.0}, {""period"": ""Q3 2023"", ""year"": 2023, ""quarter"": 3, ""value"": 405722801450.0}, {""period"": ""Q4 2023"", ""year"": 2023, ""quarter"": 4, ""value"": 393162446484.0}, {""period"": ""Q1 2024"", ""year"": 2024, ""quarter"": 1, ""value"": 387278373946.0}, {""period"": ""Q2 2024"", ""year"": 2024, ""quarter"": 2, ""value"": 375809831413.0}, {""period"": ""Q3 2024"", ""year"": 2024, ""quarter"": 3, ""value"": 364444427755.0}, {""period"": ""Q4 2024"", ""year"": 2024, ""quarter"": 4, ""value"": 347326827337.0}, {""period"": ""Q1 2025"", ""year"": 2025, ""quarter"": 1, ""value"": 332331853400.0}, {""period"": ""Q2 2025"", ""year"": 2025, ""quarter"": 2, ""value"": 308185054734.0}, {""period"": ""Q3 2025"", ""year"": 2025, ""quarter"": 3, ""value"": 298051520944.0}, {""period"": ""Q4 2025"", ""year"": 2025, ""quarter"": 4, ""value"": 287510114278.0}, {""period"": ""Q1 2026"", ""year"": 2026, ""quarter"": 1, ""value"": 292204010579.0}, {""period"": ""Q2 2026"", ""year"": 2026, ""quarter"": 2, ""value"": 270309862920.0}]"
ACG,1,BalanceSheet,Quarter,102020101,- Nguyên giá,1020201,False,5,,"[{""period"": ""Q4 2018"", ""year"": 2018, ""quarter"": 4, ""value"": 916346644549.0}, {""period"": ""Q1 2019"", ""year"": 2019, ""quarter"": 1, ""value"": 938640417356.0}, {""period"": ""Q2 2019"", ""year"": 2019, ""quarter"": 2, ""value"": 964358960350.0}, {""period"": ""Q3 2019"", ""year"": 2019, ""quarter"": 3, ""value"": 987074142570.0}, {""period"": ""Q4 2019"", ""year"": 2019, ""quarter"": 4, ""value"": 992164123312.0}, {""period"": ""Q2 2020"", ""year"": 2020, ""quarter"": 2, ""value"": 998204729497.0}, {""period"": ""Q3 2020"", ""year"": 2020, ""quarter"": 3, ""value"": 999399921661.0}, {""period"": ""Q4 2020"", ""year"": 2020, ""quarter"": 4, ""value"": 1009655377117.0}, {""period"": ""Q1 2021"", ""year"": 2021, ""quarter"": 1, ""value"": 1010075727117.0}, {""period"": ""Q2 2021"", ""year"": 2021, ""quarter"": 2, ""value"": 1013488967549.0}, {""period"": ""Q3 2021"", ""year"": 2021, ""quarter"": 3, ""value"": 1015074249149.0}, {""period"": ""Q4 2021"", ""year"": 2021, ""quarter"": 4, ""value"": 1020819135402.0}, {""period"": ""Q1 2022"", ""year"": 2022, ""quarter"": 1, ""value"": 1021849135402.0}, {""period"": ""Q2 2022"", ""year"": 2022, ""quarter"": 2, ""value"": 1018637892137.0}, {""period"": ""Q3 2022"", ""year"": 2022, ""quarter"": 3, ""value"": 1021388767908.0}, {""period"": ""Q4 2022"", ""year"": 2022, ""quarter"": 4, ""value"": 1026347861999.0}, {""period"": ""Q1 2023"", ""year"": 2023, ""quarter"": 1, ""value"": 1023735915926.0}, {""period"": ""Q2 2023"", ""year"": 2023, ""quarter"": 2, ""value"": 1040626869616.0}, {""period"": ""Q3 2023"", ""year"": 2023, ""quarter"": 3, ""value"": 1067639089159.0}, {""period"": ""Q4 2023"", ""year"": 2023, ""quarter"": 4, ""value"": 1072429376434.0}, {""period"": ""Q1 2024"", ""year"": 2024, ""quarter"": 1, ""value"": 1090579029745.0}, {""period"": ""Q2 2024"", ""year"": 2024, ""quarter"": 2, ""value"": 1099578385069.0}, {""period"": ""Q3 2024"", ""year"": 2024, ""quarter"": 3, ""value"": 1110395904152.0}, {""period"": ""Q4 2024"", ""year"": 2024, ""quarter"": 4, ""value"": 1113043701215.0}, {""period"": ""Q1 2025"", ""year"": 2025, ""quarter"": 1, ""value"": 1113057036679.0}, {""period"": ""Q2 2025"", ""year"": 2025, ""quarter"": 2, ""value"": 1088834546648.0}, {""period"": ""Q3 2025"", ""year"": 2025, ""quarter"": 3, ""value"": 1089093343567.0}, {""period"": ""Q4 2025"", ""year"": 2025, ""quarter"": 4, ""value"": 1071258168969.0}, {""period"": ""Q1 2026"", ""year"": 2026, ""quarter"": 1, ""value"": 1094956664499.0}, {""period"": ""Q2 2026"", ""year"": 2026, ""quarter"": 2, ""value"": 1089830017376.0}]"
ACG,1,BalanceSheet,Quarter,102020102,- Giá trị hao mòn lũy kế,1020201,False,5,,"[{""period"": ""Q4 2018"", ""year"": 2018, ""quarter"": 4, ""value"": -202707377148.0}, {""period"": ""Q1 2019"", ""year"": 2019, ""quarter"": 1, ""value"": -227852237871.0}, {""period"": ""Q2 2019"", ""year"": 2019, ""quarter"": 2, ""value"": -252469587578.0}, {""period"": ""Q3 2019"", ""year"": 2019, ""quarter"": 3, ""value"": -264530519597.0}, {""period"": ""Q4 2019"", ""year"": 2019, ""quarter"": 4, ""value"": -284235353742.0}, {""period"": ""Q2 2020"", ""year"": 2020, ""quarter"": 2, ""value"": -339678645470.0}, {""period"": ""Q3 2020"", ""year"": 2020, ""quarter"": 3, ""value"": -367140028936.0}, {""period"": ""Q4 2020"", ""year"": 2020, ""quarter"": 4, ""value"": -394552308531.0}, {""period"": ""Q1 2021"", ""year"": 2021, ""quarter"": 1, ""value"": -422338293242.0}, {""period"": ""Q2 2021"", ""year"": 2021, ""quarter"": 2, ""value"": -450160096158.0}, {""period"": ""Q3 2021"", ""year"": 2021, ""quarter"": 3, ""value"": -477933959747.0}, {""period"": ""Q4 2021"", ""year"": 2021, ""quarter"": 4, ""value"": -502659816618.0}, {""period"": ""Q1 2022"", ""year"": 2022, ""quarter"": 1, ""value"": -529948334789.0}, {""period"": ""Q2 2022"", ""year"": 2022, ""quarter"": 2, ""value"": -553667676466.0}, {""period"": ""Q3 2022"", ""year"": 2022, ""quarter"": 3, ""value"": -574402640983.0}, {""period"": ""Q4 2022"", ""year"": 2022, ""quarter"": 4, ""value"": -600486338327.0}, {""period"": ""Q1 2023"", ""year"": 2023, ""quarter"": 1, ""value"": -622436709759.0}, {""period"": ""Q2 2023"", ""year"": 2023, ""quarter"": 2, ""value"": -647454505196.0}, {""period"": ""Q3 2023"", ""year"": 2023, ""quarter"": 3, ""value"": -661916287709.0}, {""period"": ""Q4 2023"", ""year"": 2023, ""quarter"": 4, ""value"": -679266929950.0}, {""period"": ""Q1 2024"", ""year"": 2024, ""quarter"": 1, ""value"": -703300655799.0}, {""period"": ""Q2 2024"", ""year"": 2024, ""quarter"": 2, ""value"": -723768553656.0}, {""period"": ""Q3 2024"", ""year"": 2024, ""quarter"": 3, ""value"": -745951476397.0}, {""period"": ""Q4 2024"", ""year"": 2024, ""quarter"": 4, ""value"": -765716873878.0}, {""period"": ""Q1 2025"", ""year"": 2025, ""quarter"": 1, ""value"": -780725183279.0}, {""period"": ""Q2 2025"", ""year"": 2025, ""quarter"": 2, ""value"": -780649491914.0}, {""period"": ""Q3 2025"", ""year"": 2025, ""quarter"": 3, ""value"": -791041822623.0}, {""period"": ""Q4 2025"", ""year"": 2025, ""quarter"": 4, ""value"": -783748054691.0}, {""period"": ""Q1 2026"", ""year"": 2026, ""quarter"": 1, ""value"": -802752653920.0}, {""period"": ""Q2 2026"", ""year"": 2026, ""quarter"": 2, ""value"": -819520154456.0}]"
ACG,1,BalanceSheet,Quarter,1020202,2. Tài sản cố định thuê tài chính,10202,False,4,,"[{""period"": ""Q4 2018"", ""year"": 2018, ""quarter"": 4, ""value"": 0.0}, {""period"": ""Q1 2019"", ""year"": 2019, ""quarter"": 1, ""value"": 0.0}, {""period"": ""Q2 2019"", ""year"": 2019, ""quarter"": 2, ""value"": 0.0}, {""period"": ""Q3 2019"", ""year"": 2019, ""quarter"": 3, ""value"": 0.0}, {""period"": ""Q4 2019"", ""year"": 2019, ""quarter"": 4, ""value"": 0.0}, {""period"": ""Q2 2020"", ""year"": 2020, ""quarter"": 2, ""value"": 0.0}, {""period"": ""Q3 2020"", ""year"": 2020, ""quarter"": 3, ""value"": 0.0}, {""period"": ""Q4 2020"", ""year"": 2020, ""quarter"": 4, ""value"": 0.0}, {""period"": ""Q1 2021"", ""year"": 2021, ""quarter"": 1, ""value"": 0.0}, {""period"": ""Q2 2021"", ""year"": 2021, ""quarter"": 2, ""value"": 0.0}, {""period"": ""Q3 2021"", ""year"": 2021, ""quarter"": 3, ""value"": 0.0}, {""period"": ""Q4 2021"", ""year"": 2021, ""quarter"": 4, ""value"": 0.0}, {""period"": ""Q1 2022"", ""year"": 2022, ""quarter"": 1, ""value"": 0.0}, {""period"": ""Q2 2022"", ""year"": 2022, ""quarter"": 2, ""value"": 0.0}, {""period"": ""Q3 2022"", ""year"": 2022, ""quarter"": 3, ""value"": 0.0}, {""period"": ""Q4 2022"", ""year"": 2022, ""quarter"": 4, ""value"": 0.0}, {""period"": ""Q1 2023"", ""year"": 2023, ""quarter"": 1, ""value"": 0.0}, {""period"": ""Q2 2023"", ""year"": 2023, ""quarter"": 2, ""value"": 0.0}, {""period"": ""Q3 2023"", ""year"": 2023, ""quarter"": 3, ""value"": 0.0}, {""period"": ""Q4 2023"", ""year"": 2023, ""quarter"": 4, ""value"": 0.0}, {""period"": ""Q1 2024"", ""year"": 2024, ""quarter"": 1, ""value"": 0.0}, {""period"": ""Q2 2024"", ""year"": 2024, ""quarter"": 2, ""value"": 0.0}, {""period"": ""Q3 2024"", ""year"": 2024, ""quarter"": 3, ""value"": 0.0}, {""period"": ""Q4 2024"", ""year"": 2024, ""quarter"": 4, ""value"": 0.0}, {""period"": ""Q1 2025"", ""year"": 2025, ""quarter"": 1, ""value"": 0.0}, {""period"": ""Q2 2025"", ""year"": 2025, ""quarter"": 2, ""value"": 0.0}, {""period"": ""Q3 2025"", ""year"": 2025, ""quarter"": 3, ""value"": 0.0}, {""period"": ""Q4 2025"", ""year"": 2025, ""quarter"": 4, ""value"": 5171001632.0}, {""period"": ""Q1 2026"", ""year"": 2026, ""quarter"": 1, ""value"": 26052195928.0}, {""period"": ""Q2 2026"", ""year"": 2026, ""quarter"": 2, ""value"": 46141970312.0}]"
ACG,1,BalanceSheet,Quarter,102020201,- Nguyên giá,1020202,False,5,,"[{""period"": ""Q4 2018"", ""year"": 2018, ""quarter"": 4, ""value"": 0.0}, {""period"": ""Q1 2019"", ""year"": 2019, ""quarter"": 1, ""value"": 0.0}, {""period"": ""Q2 2019"", ""year"": 2019, ""quarter"": 2, ""value"": 0.0}, {""period"": ""Q3 2019"", ""year"": 2019, ""quarter"": 3, ""value"": 0.0}, {""period"": ""Q4 2019"", ""year"": 2019, ""quarter"": 4, ""value"": 0.0}, {""period"": ""Q2 2020"", ""year"": 2020, ""quarter"": 2, ""value"": 0.0}, {""period"": ""Q3 2020"", ""year"": 2020, ""quarter"": 3, ""value"": 0.0}, {""period"": ""Q4 2020"", ""year"": 2020, ""quarter"": 4, ""value"": 0.0}, {""period"": ""Q1 2021"", ""year"": 2021, ""quarter"": 1, ""value"": 0.0}, {""period"": ""Q2 2021"", ""year"": 2021, ""quarter"": 2, ""value"": 0.0}, {""period"": ""Q3 2021"", ""year"": 2021, ""quarter"": 3, ""value"": 0.0}, {""period"": ""Q4 2021"", ""year"": 2021, ""quarter"": 4, ""value"": 0.0}, {""period"": ""Q1 2022"", ""year"": 2022, ""quarter"": 1, ""value"": 0.0}, {""period"": ""Q2 2022"", ""year"": 2022, ""quarter"": 2, ""value"": 0.0}, {""period"": ""Q3 2022"", ""year"": 2022, ""quarter"": 3, ""value"": 0.0}, {""period"": ""Q4 2022"", ""year"": 2022, ""quarter"": 4, ""value"": 0.0}, {""period"": ""Q1 2023"", ""year"": 2023, ""quarter"": 1, ""value"": 0.0}, {""period"": ""Q2 2023"", ""year"": 2023, ""quarter"": 2, ""value"": 0.0}, {""period"": ""Q3 2023"", ""year"": 2023, ""quarter"": 3, ""value"": 0.0}, {""period"": ""Q4 2023"", ""year"": 2023, ""quarter"": 4, ""value"": 0.0}, {""period"": ""Q1 2024"", ""year"": 2024, ""quarter"": 1, ""value"": 0.0}, {""period"": ""Q2 2024"", ""year"": 2024, ""quarter"": 2, ""value"": 0.0}, {""period"": ""Q3 2024"", ""year"": 2024, ""quarter"": 3, ""value"": 0.0}, {""period"": ""Q4 2024"", ""year"": 2024, ""quarter"": 4, ""value"": 0.0}, {""period"": ""Q1 2025"", ""year"": 2025, ""quarter"": 1, ""value"": 0.0}, {""period"": ""Q2 2025"", ""year"": 2025, ""quarter"": 2, ""value"": 0.0}, {""period"": ""Q3 2025"", ""year"": 2025, ""quarter"": 3, ""value"": 0.0}, {""period"": ""Q4 2025"", ""year"": 2025, ""quarter"": 4, ""value"": 5218027535.0}, {""period"": ""Q1 2026"", ""year"": 2026, ""quarter"": 1, ""value"": 26556055627.0}, {""period"": ""Q2 2026"", ""year"": 2026, ""quarter"": 2, ""value"": 47612170658.0}]"
ACG,1,BalanceSheet,Quarter,102020202,- Giá trị hao mòn lũy kế,1020202,False,5,,"[{""period"": ""Q4 2018"", ""year"": 2018, ""quarter"": 4, ""value"": 0.0}, {""period"": ""Q1 2019"", ""year"": 2019, ""quarter"": 1, ""value"": 0.0}, {""period"": ""Q2 2019"", ""year"": 2019, ""quarter"": 2, ""value"": 0.0}, {""period"": ""Q3 2019"", ""year"": 2019, ""quarter"": 3, ""value"": 0.0}, {""period"": ""Q4 2019"", ""year"": 2019, ""quarter"": 4, ""value"": 0.0}, {""period"": ""Q2 2020"", ""year"": 2020, ""quarter"": 2, ""value"": 0.0}, {""period"": ""Q3 2020"", ""year"": 2020, ""quarter"": 3, ""value"": 0.0}, {""period"": ""Q4 2020"", ""year"": 2020, ""quarter"": 4, ""value"": 0.0}, {""period"": ""Q1 2021"", ""year"": 2021, ""quarter"": 1, ""value"": 0.0}, {""period"": ""Q2 2021"", ""year"": 2021, ""quarter"": 2, ""value"": 0.0}, {""period"": ""Q3 2021"", ""year"": 2021, ""quarter"": 3, ""value"": 0.0}, {""period"": ""Q4 2021"", ""year"": 2021, ""quarter"": 4, ""value"": 0.0}, {""period"": ""Q1 2022"", ""year"": 2022, ""quarter"": 1, ""value"": 0.0}, {""period"": ""Q2 2022"", ""year"": 2022, ""quarter"": 2, ""value"": 0.0}, {""period"": ""Q3 2022"", ""year"": 2022, ""quarter"": 3, ""value"": 0.0}, {""period"": ""Q4 2022"", ""year"": 2022, ""quarter"": 4, ""value"": 0.0}, {""period"": ""Q1 2023"", ""year"": 2023, ""quarter"": 1, ""value"": 0.0}, {""period"": ""Q2 2023"", ""year"": 2023, ""quarter"": 2, ""value"": 0.0}, {""period"": ""Q3 2023"", ""year"": 2023, ""quarter"": 3, ""value"": 0.0}, {""period"": ""Q4 2023"", ""year"": 2023, ""quarter"": 4, ""value"": 0.0}, {""period"": ""Q1 2024"", ""year"": 2024, ""quarter"": 1, ""value"": 0.0}, {""period"": ""Q2 2024"", ""year"": 2024, ""quarter"": 2, ""value"": 0.0}, {""period"": ""Q3 2024"", ""year"": 2024, ""quarter"": 3, ""value"": 0.0}, {""period"": ""Q4 2024"", ""year"": 2024, ""quarter"": 4, ""value"": 0.0}, {""period"": ""Q1 2025"", ""year"": 2025, ""quarter"": 1, ""value"": 0.0}, {""period"": ""Q2 2025"", ""year"": 2025, ""quarter"": 2, ""value"": 0.0}, {""period"": ""Q3 2025"", ""year"": 2025, ""quarter"": 3, ""value"": 0.0}, {""period"": ""Q4 2025"", ""year"": 2025, ""quarter"": 4, ""value"": -47025903.0}, {""period"": ""Q1 2026"", ""year"": 2026, ""quarter"": 1, ""value"": -503859699.0}, {""period"": ""Q2 2026"", ""year"": 2026, ""quarter"": 2, ""value"": -1470200346.0}]"
ACG,1,BalanceSheet,Quarter,1020203,3. Tài sản cố định vô hình,10202,False,4,,"[{""period"": ""Q4 2018"", ""year"": 2018, ""quarter"": 4, ""value"": 21620201342.0}, {""period"": ""Q1 2019"", ""year"": 2019, ""quarter"": 1, ""value"": 21925397173.0}, {""period"": ""Q2 2019"", ""year"": 2019, ""quarter"": 2, ""value"": 21408634776.0}, {""period"": ""Q3 2019"", ""year"": 2019, ""quarter"": 3, ""value"": 20748520099.0}, {""period"": ""Q4 2019"", ""year"": 2019, ""quarter"": 4, ""value"": 19995166791.0}, {""period"": ""Q2 2020"", ""year"": 2020, ""quarter"": 2, ""value"": 21117476084.0}, {""period"": ""Q3 2020"", ""year"": 2020, ""quarter"": 3, ""value"": 20204532636.0}, {""period"": ""Q4 2020"", ""year"": 2020, ""quarter"": 4, ""value"": 20035339188.0}, {""period"": ""Q1 2021"", ""year"": 2021, ""quarter"": 1, ""value"": 19075520740.0}, {""period"": ""Q2 2021"", ""year"": 2021, ""quarter"": 2, ""value"": 18579302296.0}, {""period"": ""Q3 2021"", ""year"": 2021, ""quarter"": 3, ""value"": 17590508847.0}, {""period"": ""Q4 2021"", ""year"": 2021, ""quarter"": 4, ""value"": 16601715399.0}, {""period"": ""Q1 2022"", ""year"": 2022, ""quarter"": 1, ""value"": 15625421951.0}, {""period"": ""Q2 2022"", ""year"": 2022, ""quarter"": 2, ""value"": 14654980780.0}, {""period"": ""Q3 2022"", ""year"": 2022, ""quarter"": 3, ""value"": 13822213052.0}, {""period"": ""Q4 2022"", ""year"": 2022, ""quarter"": 4, ""value"": 13261720230.0}, {""period"": ""Q1 2023"", ""year"": 2023, ""quarter"": 1, ""value"": 12430477410.0}, {""period"": ""Q2 2023"", ""year"": 2023, ""quarter"": 2, ""value"": 11855380426.0}, {""period"": ""Q3 2023"", ""year"": 2023, ""quarter"": 3, ""value"": 11023043855.0}, {""period"": ""Q4 2023"", ""year"": 2023, ""quarter"": 4, ""value"": 11814995561.0}, {""period"": ""Q1 2024"", ""year"": 2024, ""quarter"": 1, ""value"": 27670168520.0}, {""period"": ""Q2 2024"", ""year"": 2024, ""quarter"": 2, ""value"": 28147213513.0}, {""period"": ""Q3 2024"", ""year"": 2024, ""quarter"": 3, ""value"": 28453971385.0}, {""period"": ""Q4 2024"", ""year"": 2024, ""quarter"": 4, ""value"": 26950869586.0}, {""period"": ""Q1 2025"", ""year"": 2025, ""quarter"": 1, ""value"": 25709684595.0}, {""period"": ""Q2 2025"", ""year"": 2025, ""quarter"": 2, ""value"": 26528654590.0}, {""period"": ""Q3 2025"", ""year"": 2025, ""quarter"": 3, ""value"": 27139093557.0}, {""period"": ""Q4 2025"", ""year"": 2025, ""quarter"": 4, ""value"": 28225453703.0}, {""period"": ""Q1 2026"", ""year"": 2026, ""quarter"": 1, ""value"": 27424224172.0}, {""period"": ""Q2 2026"", ""year"": 2026, ""quarter"": 2, ""value"": 26305470998.0}]"
ACG,1,BalanceSheet,Quarter,102020301,- Nguyên giá,1020203,False,5,,"[{""period"": ""Q4 2018"", ""year"": 2018, ""quarter"": 4, ""value"": 26735635891.0}, {""period"": ""Q1 2019"", ""year"": 2019, ""quarter"": 1, ""value"": 27755583941.0}, {""period"": ""Q2 2019"", ""year"": 2019, ""quarter"": 2, ""value"": 27980583941.0}, {""period"": ""Q3 2019"", ""year"": 2019, ""quarter"": 3, ""value"": 28070583941.0}, {""period"": ""Q4 2019"", ""year"": 2019, ""quarter"": 4, ""value"": 28070583941.0}, {""period"": ""Q2 2020"", ""year"": 2020, ""quarter"": 2, ""value"": 30934967346.0}, {""period"": ""Q3 2020"", ""year"": 2020, ""quarter"": 3, ""value"": 30934967346.0}, {""period"": ""Q4 2020"", ""year"": 2020, ""quarter"": 4, ""value"": 31684967346.0}, {""period"": ""Q1 2021"", ""year"": 2021, ""quarter"": 1, ""value"": 31684967346.0}, {""period"": ""Q2 2021"", ""year"": 2021, ""quarter"": 2, ""value"": 32148567346.0}, {""period"": ""Q3 2021"", ""year"": 2021, ""quarter"": 3, ""value"": 32148567346.0}, {""period"": ""Q4 2021"", ""year"": 2021, ""quarter"": 4, ""value"": 32148567346.0}, {""period"": ""Q1 2022"", ""year"": 2022, ""quarter"": 1, ""value"": 32148567346.0}, {""period"": ""Q2 2022"", ""year"": 2022, ""quarter"": 2, ""value"": 32148567346.0}, {""period"": ""Q3 2022"", ""year"": 2022, ""quarter"": 3, ""value"": 32268567346.0}, {""period"": ""Q4 2022"", ""year"": 2022, ""quarter"": 4, ""value"": 32568567346.0}, {""period"": ""Q1 2023"", ""year"": 2023, ""quarter"": 1, ""value"": 32568567346.0}, {""period"": ""Q2 2023"", ""year"": 2023, ""quarter"": 2, ""value"": 32826067346.0}, {""period"": ""Q3 2023"", ""year"": 2023, ""quarter"": 3, ""value"": 32826067346.0}, {""period"": ""Q4 2023"", ""year"": 2023, ""quarter"": 4, ""value"": 34504878488.0}, {""period"": ""Q1 2024"", ""year"": 2024, ""quarter"": 1, ""value"": 51859870136.0}, {""period"": ""Q2 2024"", ""year"": 2024, ""quarter"": 2, ""value"": 53883109331.0}, {""period"": ""Q3 2024"", ""year"": 2024, ""quarter"": 3, ""value"": 55806991197.0}, {""period"": ""Q4 2024"", ""year"": 2024, ""quarter"": 4, ""value"": 55966991197.0}, {""period"": ""Q1 2025"", ""year"": 2025, ""quarter"": 1, ""value"": 56320491197.0}, {""period"": ""Q2 2025"", ""year"": 2025, ""quarter"": 2, ""value"": 58314247560.0}, {""period"": ""Q3 2025"", ""year"": 2025, ""quarter"": 3, ""value"": 60072409977.0}, {""period"": ""Q4 2025"", ""year"": 2025, ""quarter"": 4, ""value"": 62358947370.0}, {""period"": ""Q1 2026"", ""year"": 2026, ""quarter"": 1, ""value"": 62872922370.0}, {""period"": ""Q2 2026"", ""year"": 2026, ""quarter"": 2, ""value"": 63083762370.0}]"
ACG,1,BalanceSheet,Quarter,102020302,- Giá trị hao mòn lũy kế,1020203,False,5,,"[{""period"": ""Q4 2018"", ""year"": 2018, ""quarter"": 4, ""value"": -5115434549.0}, {""period"": ""Q1 2019"", ""year"": 2019, ""quarter"": 1, ""value"": -5830186768.0}, {""period"": ""Q2 2019"", ""year"": 2019, ""quarter"": 2, ""value"": -6571949165.0}, {""period"": ""Q3 2019"", ""year"": 2019, ""quarter"": 3, ""value"": -7322063842.0}, {""period"": ""Q4 2019"", ""year"": 2019, ""quarter"": 4, ""value"": -8075417150.0}, {""period"": ""Q2 2020"", ""year"": 2020, ""quarter"": 2, ""value"": -9817491262.0}, {""period"": ""Q3 2020"", ""year"": 2020, ""quarter"": 3, ""value"": -10730434710.0}, {""period"": ""Q4 2020"", ""year"": 2020, ""quarter"": 4, ""value"": -11649628158.0}, {""period"": ""Q1 2021"", ""year"": 2021, ""quarter"": 1, ""value"": -12609446606.0}, {""period"": ""Q2 2021"", ""year"": 2021, ""quarter"": 2, ""value"": -13569265050.0}, {""period"": ""Q3 2021"", ""year"": 2021, ""quarter"": 3, ""value"": -14558058499.0}, {""period"": ""Q4 2021"", ""year"": 2021, ""quarter"": 4, ""value"": -15546851947.0}, {""period"": ""Q1 2022"", ""year"": 2022, ""quarter"": 1, ""value"": -16523145395.0}, {""period"": ""Q2 2022"", ""year"": 2022, ""quarter"": 2, ""value"": -17493586566.0}, {""period"": ""Q3 2022"", ""year"": 2022, ""quarter"": 3, ""value"": -18446354294.0}, {""period"": ""Q4 2022"", ""year"": 2022, ""quarter"": 4, ""value"": -19306847116.0}, {""period"": ""Q1 2023"", ""year"": 2023, ""quarter"": 1, ""value"": -20138089936.0}, {""period"": ""Q2 2023"", ""year"": 2023, ""quarter"": 2, ""value"": -20970686920.0}, {""period"": ""Q3 2023"", ""year"": 2023, ""quarter"": 3, ""value"": -21803023491.0}, {""period"": ""Q4 2023"", ""year"": 2023, ""quarter"": 4, ""value"": -22689882927.0}, {""period"": ""Q1 2024"", ""year"": 2024, ""quarter"": 1, ""value"": -24189701616.0}, {""period"": ""Q2 2024"", ""year"": 2024, ""quarter"": 2, ""value"": -25735895818.0}, {""period"": ""Q3 2024"", ""year"": 2024, ""quarter"": 3, ""value"": -27353019812.0}, {""period"": ""Q4 2024"", ""year"": 2024, ""quarter"": 4, ""value"": -29016121611.0}, {""period"": ""Q1 2025"", ""year"": 2025, ""quarter"": 1, ""value"": -30610806602.0}, {""period"": ""Q2 2025"", ""year"": 2025, ""quarter"": 2, ""value"": -31785592970.0}, {""period"": ""Q3 2025"", ""year"": 2025, ""quarter"": 3, ""value"": -32933316420.0}, {""period"": ""Q4 2025"", ""year"": 2025, ""quarter"": 4, ""value"": -34133493667.0}, {""period"": ""Q1 2026"", ""year"": 2026, ""quarter"": 1, ""value"": -35448698198.0}, {""period"": ""Q2 2026"", ""year"": 2026, ""quarter"": 2, ""value"": -36778291372.0}]"
ACG,1,BalanceSheet,Quarter,10203,III. Bất động sản đầu tư,102,False,3,,"[{""period"": ""Q4 2018"", ""year"": 2018, ""quarter"": 4, ""value"": 0.0}, {""period"": ""Q1 2019"", ""year"": 2019, ""quarter"": 1, ""value"": 0.0}, {""period"": ""Q2 2019"", ""year"": 2019, ""quarter"": 2, ""value"": 0.0}, {""period"": ""Q3 2019"", ""year"": 2019, ""quarter"": 3, ""value"": 0.0}, {""period"": ""Q4 2019"", ""year"": 2019, ""quarter"": 4, ""value"": 0.0}, {""period"": ""Q2 2020"", ""year"": 2020, ""quarter"": 2, ""value"": 0.0}, {""period"": ""Q3 2020"", ""year"": 2020, ""quarter"": 3, ""value"": 0.0}, {""period"": ""Q4 2020"", ""year"": 2020, ""quarter"": 4, ""value"": 0.0}, {""period"": ""Q1 2021"", ""year"": 2021, ""quarter"": 1, ""value"": 0.0}, {""period"": ""Q2 2021"", ""year"": 2021, ""quarter"": 2, ""value"": 0.0}, {""period"": ""Q3 2021"", ""year"": 2021, ""quarter"": 3, ""value"": 0.0}, {""period"": ""Q4 2021"", ""year"": 2021, ""quarter"": 4, ""value"": 0.0}, {""period"": ""Q1 2022"", ""year"": 2022, ""quarter"": 1, ""value"": 0.0}, {""period"": ""Q2 2022"", ""year"": 2022, ""quarter"": 2, ""value"": 0.0}, {""period"": ""Q3 2022"", ""year"": 2022, ""quarter"": 3, ""value"": 0.0}, {""period"": ""Q4 2022"", ""year"": 2022, ""quarter"": 4, ""value"": 0.0}, {""period"": ""Q1 2023"", ""year"": 2023, ""quarter"": 1, ""value"": 0.0}, {""period"": ""Q2 2023"", ""year"": 2023, ""quarter"": 2, ""value"": 0.0}, {""period"": ""Q3 2023"", ""year"": 2023, ""quarter"": 3, ""value"": 0.0}, {""period"": ""Q4 2023"", ""year"": 2023, ""quarter"": 4, ""value"": 0.0}, {""period"": ""Q1 2024"", ""year"": 2024, ""quarter"": 1, ""value"": 0.0}, {""period"": ""Q2 2024"", ""year"": 2024, ""quarter"": 2, ""value"": 0.0}, {""period"": ""Q3 2024"", ""year"": 2024, ""quarter"": 3, ""value"": 0.0}, {""period"": ""Q4 2024"", ""year"": 2024, ""quarter"": 4, ""value"": 0.0}, {""period"": ""Q1 2025"", ""year"": 2025, ""quarter"": 1, ""value"": 4171781557.0}, {""period"": ""Q2 2025"", ""year"": 2025, ""quarter"": 2, ""value"": 22793312394.0}, {""period"": ""Q3 2025"", ""year"": 2025, ""quarter"": 3, ""value"": 25608161349.0}, {""period"": ""Q4 2025"", ""year"": 2025, ""quarter"": 4, ""value"": 13170985705.0}, {""period"": ""Q1 2026"", ""year"": 2026, ""quarter"": 1, ""value"": 13128846498.0}, {""period"": ""Q2 2026"", ""year"": 2026, ""quarter"": 2, ""value"": 13086707289.0}]"
ACG,1,BalanceSheet,Quarter,1020301,- Nguyên giá,10203,False,4,,"[{""period"": ""Q4 2018"", ""year"": 2018, ""quarter"": 4, ""value"": 0.0}, {""period"": ""Q1 2019"", ""year"": 2019, ""quarter"": 1, ""value"": 0.0}, {""period"": ""Q2 2019"", ""year"": 2019, ""quarter"": 2, ""value"": 0.0}, {""period"": ""Q3 2019"", ""year"": 2019, ""quarter"": 3, ""value"": 0.0}, {""period"": ""Q4 2019"", ""year"": 2019, ""quarter"": 4, ""value"": 0.0}, {""period"": ""Q2 2020"", ""year"": 2020, ""quarter"": 2, ""value"": 0.0}, {""period"": ""Q3 2020"", ""year"": 2020, ""quarter"": 3, ""value"": 0.0}, {""period"": ""Q4 2020"", ""year"": 2020, ""quarter"": 4, ""value"": 0.0}, {""period"": ""Q1 2021"", ""year"": 2021, ""quarter"": 1, ""value"": 0.0}, {""period"": ""Q2 2021"", ""year"": 2021, ""quarter"": 2, ""value"": 0.0}, {""period"": ""Q3 2021"", ""year"": 2021, ""quarter"": 3, ""value"": 0.0}, {""period"": ""Q4 2021"", ""year"": 2021, ""quarter"": 4, ""value"": 0.0}, {""period"": ""Q1 2022"", ""year"": 2022, ""quarter"": 1, ""value"": 0.0}, {""period"": ""Q2 2022"", ""year"": 2022, ""quarter"": 2, ""value"": 0.0}, {""period"": ""Q3 2022"", ""year"": 2022, ""quarter"": 3, ""value"": 0.0}, {""period"": ""Q4 2022"", ""year"": 2022, ""quarter"": 4, ""value"": 0.0}, {""period"": ""Q1 2023"", ""year"": 2023, ""quarter"": 1, ""value"": 0.0}, {""period"": ""Q2 2023"", ""year"": 2023, ""quarter"": 2, ""value"": 0.0}, {""period"": ""Q3 2023"", ""year"": 2023, ""quarter"": 3, ""value"": 0.0}, {""period"": ""Q4 2023"", ""year"": 2023, ""quarter"": 4, ""value"": 0.0}, {""period"": ""Q1 2024"", ""year"": 2024, ""quarter"": 1, ""value"": 0.0}, {""period"": ""Q2 2024"", ""year"": 2024, ""quarter"": 2, ""value"": 0.0}, {""period"": ""Q3 2024"", ""year"": 2024, ""quarter"": 3, ""value"": 0.0}, {""period"": ""Q4 2024"", ""year"": 2024, ""quarter"": 4, ""value"": 0.0}, {""period"": ""Q1 2025"", ""year"": 2025, ""quarter"": 1, ""value"": 4213920764.0}, {""period"": ""Q2 2025"", ""year"": 2025, ""quarter"": 2, ""value"": 22877590810.0}, {""period"": ""Q3 2025"", ""year"": 2025, ""quarter"": 3, ""value"": 25734578972.0}, {""period"": ""Q4 2025"", ""year"": 2025, ""quarter"": 4, ""value"": 13339542536.0}, {""period"": ""Q1 2026"", ""year"": 2026, ""quarter"": 1, ""value"": 13339542536.0}, {""period"": ""Q2 2026"", ""year"": 2026, ""quarter"": 2, ""value"": 13339542536.0}]"
ACG,1,BalanceSheet,Quarter,1020302,- Giá trị hao mòn lũy kế,10203,False,4,,"[{""period"": ""Q4 2018"", ""year"": 2018, ""quarter"": 4, ""value"": 0.0}, {""period"": ""Q1 2019"", ""year"": 2019, ""quarter"": 1, ""value"": 0.0}, {""period"": ""Q2 2019"", ""year"": 2019, ""quarter"": 2, ""value"": 0.0}, {""period"": ""Q3 2019"", ""year"": 2019, ""quarter"": 3, ""value"": 0.0}, {""period"": ""Q4 2019"", ""year"": 2019, ""quarter"": 4, ""value"": 0.0}, {""period"": ""Q2 2020"", ""year"": 2020, ""quarter"": 2, ""value"": 0.0}, {""period"": ""Q3 2020"", ""year"": 2020, ""quarter"": 3, ""value"": 0.0}, {""period"": ""Q4 2020"", ""year"": 2020, ""quarter"": 4, ""value"": 0.0}, {""period"": ""Q1 2021"", ""year"": 2021, ""quarter"": 1, ""value"": 0.0}, {""period"": ""Q2 2021"", ""year"": 2021, ""quarter"": 2, ""value"": 0.0}, {""period"": ""Q3 2021"", ""year"": 2021, ""quarter"": 3, ""value"": 0.0}, {""period"": ""Q4 2021"", ""year"": 2021, ""quarter"": 4, ""value"": 0.0}, {""period"": ""Q1 2022"", ""year"": 2022, ""quarter"": 1, ""value"": 0.0}, {""period"": ""Q2 2022"", ""year"": 2022, ""quarter"": 2, ""value"": 0.0}, {""period"": ""Q3 2022"", ""year"": 2022, ""quarter"": 3, ""value"": 0.0}, {""period"": ""Q4 2022"", ""year"": 2022, ""quarter"": 4, ""value"": 0.0}, {""period"": ""Q1 2023"", ""year"": 2023, ""quarter"": 1, ""value"": 0.0}, {""period"": ""Q2 2023"", ""year"": 2023, ""quarter"": 2, ""value"": 0.0}, {""period"": ""Q3 2023"", ""year"": 2023, ""quarter"": 3, ""value"": 0.0}, {""period"": ""Q4 2023"", ""year"": 2023, ""quarter"": 4, ""value"": 0.0}, {""period"": ""Q1 2024"", ""year"": 2024, ""quarter"": 1, ""value"": 0.0}, {""period"": ""Q2 2024"", ""year"": 2024, ""quarter"": 2, ""value"": 0.0}, {""period"": ""Q3 2024"", ""year"": 2024, ""quarter"": 3, ""value"": 0.0}, {""period"": ""Q4 2024"", ""year"": 2024, ""quarter"": 4, ""value"": 0.0}, {""period"": ""Q1 2025"", ""year"": 2025, ""quarter"": 1, ""value"": -42139207.0}, {""period"": ""Q2 2025"", ""year"": 2025, ""quarter"": 2, ""value"": -84278416.0}, {""period"": ""Q3 2025"", ""year"": 2025, ""quarter"": 3, ""value"": -126417623.0}, {""period"": ""Q4 2025"", ""year"": 2025, ""quarter"": 4, ""value"": -168556831.0}, {""period"": ""Q1 2026"", ""year"": 2026, ""quarter"": 1, ""value"": -210696038.0}, {""period"": ""Q2 2026"", ""year"": 2026, ""quarter"": 2, ""value"": -252835247.0}]"
ACG,1,BalanceSheet,Quarter,10204,IV. Tài sản dở dang dài hạn,102,False,3,,"[{""period"": ""Q4 2018"", ""year"": 2018, ""quarter"": 4, ""value"": 23117271830.0}, {""period"": ""Q1 2019"", ""year"": 2019, ""quarter"": 1, ""value"": 23813766385.0}, {""period"": ""Q2 2019"", ""year"": 2019, ""quarter"": 2, ""value"": 20340611815.0}, {""period"": ""Q3 2019"", ""year"": 2019, ""quarter"": 3, ""value"": 10059021502.0}, {""period"": ""Q4 2019"", ""year"": 2019, ""quarter"": 4, ""value"": 1284804836.0}, {""period"": ""Q2 2020"", ""year"": 2020, ""quarter"": 2, ""value"": 711817394.0}, {""period"": ""Q3 2020"", ""year"": 2020, ""quarter"": 3, ""value"": 2313319262.0}, {""period"": ""Q4 2020"", ""year"": 2020, ""quarter"": 4, ""value"": 2660445161.0}, {""period"": ""Q1 2021"", ""year"": 2021, ""quarter"": 1, ""value"": 2312563483.0}, {""period"": ""Q2 2021"", ""year"": 2021, ""quarter"": 2, ""value"": 3072829006.0}, {""period"": ""Q3 2021"", ""year"": 2021, ""quarter"": 3, ""value"": 2422521026.0}, {""period"": ""Q4 2021"", ""year"": 2021, ""quarter"": 4, ""value"": 1425546949.0}, {""period"": ""Q1 2022"", ""year"": 2022, ""quarter"": 1, ""value"": 1338950004.0}, {""period"": ""Q2 2022"", ""year"": 2022, ""quarter"": 2, ""value"": 1612699384.0}, {""period"": ""Q3 2022"", ""year"": 2022, ""quarter"": 3, ""value"": 1896008282.0}, {""period"": ""Q4 2022"", ""year"": 2022, ""quarter"": 4, ""value"": 4590174133.0}, {""period"": ""Q1 2023"", ""year"": 2023, ""quarter"": 1, ""value"": 14522722205.0}, {""period"": ""Q2 2023"", ""year"": 2023, ""quarter"": 2, ""value"": 7673222178.0}, {""period"": ""Q3 2023"", ""year"": 2023, ""quarter"": 3, ""value"": 11836480715.0}, {""period"": ""Q4 2023"", ""year"": 2023, ""quarter"": 4, ""value"": 21542045902.0}, {""period"": ""Q1 2024"", ""year"": 2024, ""quarter"": 1, ""value"": 5269872549.0}, {""period"": ""Q2 2024"", ""year"": 2024, ""quarter"": 2, ""value"": 5130391661.0}, {""period"": ""Q3 2024"", ""year"": 2024, ""quarter"": 3, ""value"": 3141018214.0}, {""period"": ""Q4 2024"", ""year"": 2024, ""quarter"": 4, ""value"": 3048002170.0}, {""period"": ""Q1 2025"", ""year"": 2025, ""quarter"": 1, ""value"": 5826823589.0}, {""period"": ""Q2 2025"", ""year"": 2025, ""quarter"": 2, ""value"": 6080106667.0}, {""period"": ""Q3 2025"", ""year"": 2025, ""quarter"": 3, ""value"": 245838445773.0}, {""period"": ""Q4 2025"", ""year"": 2025, ""quarter"": 4, ""value"": 32853852767.0}, {""period"": ""Q1 2026"", ""year"": 2026, ""quarter"": 1, ""value"": 222509732702.0}, {""period"": ""Q2 2026"", ""year"": 2026, ""quarter"": 2, ""value"": 875991526395.0}]"
ACG,1,BalanceSheet,Quarter,1020401,"1. Chi phí sản xuất, kinh doanh dở dang dài hạn",10204,False,4,,"[{""period"": ""Q4 2018"", ""year"": 2018, ""quarter"": 4, ""value"": 0.0}, {""period"": ""Q1 2019"", ""year"": 2019, ""quarter"": 1, ""value"": 0.0}, {""period"": ""Q2 2019"", ""year"": 2019, ""quarter"": 2, ""value"": 0.0}, {""period"": ""Q3 2019"", ""year"": 2019, ""quarter"": 3, ""value"": 0.0}, {""period"": ""Q4 2019"", ""year"": 2019, ""quarter"": 4, ""value"": 0.0}, {""period"": ""Q2 2020"", ""year"": 2020, ""quarter"": 2, ""value"": 0.0}, {""period"": ""Q3 2020"", ""year"": 2020, ""quarter"": 3, ""value"": 0.0}, {""period"": ""Q4 2020"", ""year"": 2020, ""quarter"": 4, ""value"": 0.0}, {""period"": ""Q1 2021"", ""year"": 2021, ""quarter"": 1, ""value"": 0.0}, {""period"": ""Q2 2021"", ""year"": 2021, ""quarter"": 2, ""value"": 0.0}, {""period"": ""Q3 2021"", ""year"": 2021, ""quarter"": 3, ""value"": 0.0}, {""period"": ""Q4 2021"", ""year"": 2021, ""quarter"": 4, ""value"": 0.0}, {""period"": ""Q1 2022"", ""year"": 2022, ""quarter"": 1, ""value"": 0.0}, {""period"": ""Q2 2022"", ""year"": 2022, ""quarter"": 2, ""value"": 0.0}, {""period"": ""Q3 2022"", ""year"": 2022, ""quarter"": 3, ""value"": 0.0}, {""period"": ""Q4 2022"", ""year"": 2022, ""quarter"": 4, ""value"": 0.0}, {""period"": ""Q1 2023"", ""year"": 2023, ""quarter"": 1, ""value"": 0.0}, {""period"": ""Q2 2023"", ""year"": 2023, ""quarter"": 2, ""value"": 0.0}, {""period"": ""Q3 2023"", ""year"": 2023, ""quarter"": 3, ""value"": 0.0}, {""period"": ""Q4 2023"", ""year"": 2023, ""quarter"": 4, ""value"": 0.0}, {""period"": ""Q1 2024"", ""year"": 2024, ""quarter"": 1, ""value"": 0.0}, {""period"": ""Q2 2024"", ""year"": 2024, ""quarter"": 2, ""value"": 0.0}, {""period"": ""Q3 2024"", ""year"": 2024, ""quarter"": 3, ""value"": 0.0}, {""period"": ""Q4 2024"", ""year"": 2024, ""quarter"": 4, ""value"": 0.0}, {""period"": ""Q1 2025"", ""year"": 2025, ""quarter"": 1, ""value"": 0.0}, {""period"": ""Q2 2025"", ""year"": 2025, ""quarter"": 2, ""value"": 0.0}, {""period"": ""Q3 2025"", ""year"": 2025, ""quarter"": 3, ""value"": 0.0}, {""period"": ""Q4 2025"", ""year"": 2025, ""quarter"": 4, ""value"": 0.0}, {""period"": ""Q1 2026"", ""year"": 2026, ""quarter"": 1, ""value"": 0.0}, {""period"": ""Q2 2026"", ""year"": 2026, ""quarter"": 2, ""value"": 0.0}]"
ACG,1,BalanceSheet,Quarter,1020402,2. chi phí xây dựng cơ bản dở dang,10204,False,4,,"[{""period"": ""Q4 2018"", ""year"": 2018, ""quarter"": 4, ""value"": 23117271830.0}, {""period"": ""Q1 2019"", ""year"": 2019, ""quarter"": 1, ""value"": 23813766385.0}, {""period"": ""Q2 2019"", ""year"": 2019, ""quarter"": 2, ""value"": 20340611815.0}, {""period"": ""Q3 2019"", ""year"": 2019, ""quarter"": 3, ""value"": 10059021502.0}, {""period"": ""Q4 2019"", ""year"": 2019, ""quarter"": 4, ""value"": 1284804836.0}, {""period"": ""Q2 2020"", ""year"": 2020, ""quarter"": 2, ""value"": 711817394.0}, {""period"": ""Q3 2020"", ""year"": 2020, ""quarter"": 3, ""value"": 2313319262.0}, {""period"": ""Q4 2020"", ""year"": 2020, ""quarter"": 4, ""value"": 2660445161.0}, {""period"": ""Q1 2021"", ""year"": 2021, ""quarter"": 1, ""value"": 2312563483.0}, {""period"": ""Q2 2021"", ""year"": 2021, ""quarter"": 2, ""value"": 3072829006.0}, {""period"": ""Q3 2021"", ""year"": 2021, ""quarter"": 3, ""value"": 2422521026.0}, {""period"": ""Q4 2021"", ""year"": 2021, ""quarter"": 4, ""value"": 1425546949.0}, {""period"": ""Q1 2022"", ""year"": 2022, ""quarter"": 1, ""value"": 1338950004.0}, {""period"": ""Q2 2022"", ""year"": 2022, ""quarter"": 2, ""value"": 1612699384.0}, {""period"": ""Q3 2022"", ""year"": 2022, ""quarter"": 3, ""value"": 1896008282.0}, {""period"": ""Q4 2022"", ""year"": 2022, ""quarter"": 4, ""value"": 4590174133.0}, {""period"": ""Q1 2023"", ""year"": 2023, ""quarter"": 1, ""value"": 14522722205.0}, {""period"": ""Q2 2023"", ""year"": 2023, ""quarter"": 2, ""value"": 7673222178.0}, {""period"": ""Q3 2023"", ""year"": 2023, ""quarter"": 3, ""value"": 11836480715.0}, {""period"": ""Q4 2023"", ""year"": 2023, ""quarter"": 4, ""value"": 21542045902.0}, {""period"": ""Q1 2024"", ""year"": 2024, ""quarter"": 1, ""value"": 5269872549.0}, {""period"": ""Q2 2024"", ""year"": 2024, ""quarter"": 2, ""value"": 5130391661.0}, {""period"": ""Q3 2024"", ""year"": 2024, ""quarter"": 3, ""value"": 3141018214.0}, {""period"": ""Q4 2024"", ""year"": 2024, ""quarter"": 4, ""value"": 3048002170.0}, {""period"": ""Q1 2025"", ""year"": 2025, ""quarter"": 1, ""value"": 5826823589.0}, {""period"": ""Q2 2025"", ""year"": 2025, ""quarter"": 2, ""value"": 6080106667.0}, {""period"": ""Q3 2025"", ""year"": 2025, ""quarter"": 3, ""value"": 245838445773.0}, {""period"": ""Q4 2025"", ""year"": 2025, ""quarter"": 4, ""value"": 32853852767.0}, {""period"": ""Q1 2026"", ""year"": 2026, ""quarter"": 1, ""value"": 222509732702.0}, {""period"": ""Q2 2026"", ""year"": 2026, ""quarter"": 2, ""value"": 875991526395.0}]"
ACG,1,BalanceSheet,Quarter,10205,V. Các khoản đầu tư tài chính dài hạn,102,False,3,,"[{""period"": ""Q4 2018"", ""year"": 2018, ""quarter"": 4, ""value"": 0.0}, {""period"": ""Q1 2019"", ""year"": 2019, ""quarter"": 1, ""value"": 0.0}, {""period"": ""Q2 2019"", ""year"": 2019, ""quarter"": 2, ""value"": 0.0}, {""period"": ""Q3 2019"", ""year"": 2019, ""quarter"": 3, ""value"": 0.0}, {""period"": ""Q4 2019"", ""year"": 2019, ""quarter"": 4, ""value"": 0.0}, {""period"": ""Q2 2020"", ""year"": 2020, ""quarter"": 2, ""value"": 0.0}, {""period"": ""Q3 2020"", ""year"": 2020, ""quarter"": 3, ""value"": 0.0}, {""period"": ""Q4 2020"", ""year"": 2020, ""quarter"": 4, ""value"": 0.0}, {""period"": ""Q1 2021"", ""year"": 2021, ""quarter"": 1, ""value"": 156017700000.0}, {""period"": ""Q2 2021"", ""year"": 2021, ""quarter"": 2, ""value"": 275217700000.0}, {""period"": ""Q3 2021"", ""year"": 2021, ""quarter"": 3, ""value"": 275217700000.0}, {""period"": ""Q4 2021"", ""year"": 2021, ""quarter"": 4, ""value"": 275217700000.0}, {""period"": ""Q1 2022"", ""year"": 2022, ""quarter"": 1, ""value"": 512831200000.0}, {""period"": ""Q2 2022"", ""year"": 2022, ""quarter"": 2, ""value"": 512831200000.0}, {""period"": ""Q3 2022"", ""year"": 2022, ""quarter"": 3, ""value"": 512831200000.0}, {""period"": ""Q4 2022"", ""year"": 2022, ""quarter"": 4, ""value"": 615831200000.0}, {""period"": ""Q1 2023"", ""year"": 2023, ""quarter"": 1, ""value"": 522680434733.0}, {""period"": ""Q2 2023"", ""year"": 2023, ""quarter"": 2, ""value"": 525080434733.0}, {""period"": ""Q3 2023"", ""year"": 2023, ""quarter"": 3, ""value"": 655080434733.0}, {""period"": ""Q4 2023"", ""year"": 2023, ""quarter"": 4, ""value"": 601080434733.0}, {""period"": ""Q1 2024"", ""year"": 2024, ""quarter"": 1, ""value"": 525080434733.0}, {""period"": ""Q2 2024"", ""year"": 2024, ""quarter"": 2, ""value"": 525229580100.0}, {""period"": ""Q3 2024"", ""year"": 2024, ""quarter"": 3, ""value"": 673229580100.0}, {""period"": ""Q4 2024"", ""year"": 2024, ""quarter"": 4, ""value"": 780328806676.0}, {""period"": ""Q1 2025"", ""year"": 2025, ""quarter"": 1, ""value"": 525328806676.0}, {""period"": ""Q2 2025"", ""year"": 2025, ""quarter"": 2, ""value"": 464630702853.0}, {""period"": ""Q3 2025"", ""year"": 2025, ""quarter"": 3, ""value"": 465991689013.0}, {""period"": ""Q4 2025"", ""year"": 2025, ""quarter"": 4, ""value"": 465714776087.0}, {""period"": ""Q1 2026"", ""year"": 2026, ""quarter"": 1, ""value"": 465365016217.0}, {""period"": ""Q2 2026"", ""year"": 2026, ""quarter"": 2, ""value"": 465023075692.0}]"
ACG,1,BalanceSheet,Quarter,1020501,1. Đầu tư vào công ty con,10205,False,4,,"[{""period"": ""Q4 2018"", ""year"": 2018, ""quarter"": 4, ""value"": 0.0}, {""period"": ""Q1 2019"", ""year"": 2019, ""quarter"": 1, ""value"": 0.0}, {""period"": ""Q2 2019"", ""year"": 2019, ""quarter"": 2, ""value"": 0.0}, {""period"": ""Q3 2019"", ""year"": 2019, ""quarter"": 3, ""value"": 0.0}, {""period"": ""Q4 2019"", ""year"": 2019, ""quarter"": 4, ""value"": 0.0}, {""period"": ""Q2 2020"", ""year"": 2020, ""quarter"": 2, ""value"": 0.0}, {""period"": ""Q3 2020"", ""year"": 2020, ""quarter"": 3, ""value"": 0.0}, {""period"": ""Q4 2020"", ""year"": 2020, ""quarter"": 4, ""value"": 0.0}, {""period"": ""Q1 2021"", ""year"": 2021, ""quarter"": 1, ""value"": 0.0}, {""period"": ""Q2 2021"", ""year"": 2021, ""quarter"": 2, ""value"": 0.0}, {""period"": ""Q3 2021"", ""year"": 2021, ""quarter"": 3, ""value"": 0.0}, {""period"": ""Q4 2021"", ""year"": 2021, ""quarter"": 4, ""value"": 0.0}, {""period"": ""Q1 2022"", ""year"": 2022, ""quarter"": 1, ""value"": 0.0}, {""period"": ""Q2 2022"", ""year"": 2022, ""quarter"": 2, ""value"": 0.0}, {""period"": ""Q3 2022"", ""year"": 2022, ""quarter"": 3, ""value"": 0.0}, {""period"": ""Q4 2022"", ""year"": 2022, ""quarter"": 4, ""value"": 0.0}, {""period"": ""Q1 2023"", ""year"": 2023, ""quarter"": 1, ""value"": 0.0}, {""period"": ""Q2 2023"", ""year"": 2023, ""quarter"": 2, ""value"": 0.0}, {""period"": ""Q3 2023"", ""year"": 2023, ""quarter"": 3, ""value"": 0.0}, {""period"": ""Q4 2023"", ""year"": 2023, ""quarter"": 4, ""value"": 0.0}, {""period"": ""Q1 2024"", ""year"": 2024, ""quarter"": 1, ""value"": 0.0}, {""period"": ""Q2 2024"", ""year"": 2024, ""quarter"": 2, ""value"": 0.0}, {""period"": ""Q3 2024"", ""year"": 2024, ""quarter"": 3, ""value"": 0.0}, {""period"": ""Q4 2024"", ""year"": 2024, ""quarter"": 4, ""value"": 0.0}, {""period"": ""Q1 2025"", ""year"": 2025, ""quarter"": 1, ""value"": 0.0}, {""period"": ""Q2 2025"", ""year"": 2025, ""quarter"": 2, ""value"": 0.0}, {""period"": ""Q3 2025"", ""year"": 2025, ""quarter"": 3, ""value"": 0.0}, {""period"": ""Q4 2025"", ""year"": 2025, ""quarter"": 4, ""value"": 0.0}, {""period"": ""Q1 2026"", ""year"": 2026, ""quarter"": 1, ""value"": 0.0}, {""period"": ""Q2 2026"", ""year"": 2026, ""quarter"": 2, ""value"": 0.0}]"
ACG,1,BalanceSheet,Quarter,1020502,"2. Đầu tư vào công ty liên kết, liên doanh",10205,False,4,,"[{""period"": ""Q4 2018"", ""year"": 2018, ""quarter"": 4, ""value"": 0.0}, {""period"": ""Q1 2019"", ""year"": 2019, ""quarter"": 1, ""value"": 0.0}, {""period"": ""Q2 2019"", ""year"": 2019, ""quarter"": 2, ""value"": 0.0}, {""period"": ""Q3 2019"", ""year"": 2019, ""quarter"": 3, ""value"": 0.0}, {""period"": ""Q4 2019"", ""year"": 2019, ""quarter"": 4, ""value"": 0.0}, {""period"": ""Q2 2020"", ""year"": 2020, ""quarter"": 2, ""value"": 0.0}, {""period"": ""Q3 2020"", ""year"": 2020, ""quarter"": 3, ""value"": 0.0}, {""period"": ""Q4 2020"", ""year"": 2020, ""quarter"": 4, ""value"": 0.0}, {""period"": ""Q1 2021"", ""year"": 2021, ""quarter"": 1, ""value"": 0.0}, {""period"": ""Q2 2021"", ""year"": 2021, ""quarter"": 2, ""value"": 0.0}, {""period"": ""Q3 2021"", ""year"": 2021, ""quarter"": 3, ""value"": 0.0}, {""period"": ""Q4 2021"", ""year"": 2021, ""quarter"": 4, ""value"": 0.0}, {""period"": ""Q1 2022"", ""year"": 2022, ""quarter"": 1, ""value"": 393631200000.0}, {""period"": ""Q2 2022"", ""year"": 2022, ""quarter"": 2, ""value"": 393631200000.0}, {""period"": ""Q3 2022"", ""year"": 2022, ""quarter"": 3, ""value"": 393631200000.0}, {""period"": ""Q4 2022"", ""year"": 2022, ""quarter"": 4, ""value"": 401631200000.0}, {""period"": ""Q1 2023"", ""year"": 2023, ""quarter"": 1, ""value"": 403480434733.0}, {""period"": ""Q2 2023"", ""year"": 2023, ""quarter"": 2, ""value"": 405880434733.0}, {""period"": ""Q3 2023"", ""year"": 2023, ""quarter"": 3, ""value"": 405880434733.0}, {""period"": ""Q4 2023"", ""year"": 2023, ""quarter"": 4, ""value"": 405880434733.0}, {""period"": ""Q1 2024"", ""year"": 2024, ""quarter"": 1, ""value"": 405880434733.0}, {""period"": ""Q2 2024"", ""year"": 2024, ""quarter"": 2, ""value"": 406029580100.0}, {""period"": ""Q3 2024"", ""year"": 2024, ""quarter"": 3, ""value"": 406029580100.0}, {""period"": ""Q4 2024"", ""year"": 2024, ""quarter"": 4, ""value"": 406128806676.0}, {""period"": ""Q1 2025"", ""year"": 2025, ""quarter"": 1, ""value"": 406128806676.0}, {""period"": ""Q2 2025"", ""year"": 2025, ""quarter"": 2, ""value"": 345430702853.0}, {""period"": ""Q3 2025"", ""year"": 2025, ""quarter"": 3, ""value"": 346791689013.0}, {""period"": ""Q4 2025"", ""year"": 2025, ""quarter"": 4, ""value"": 346514776087.0}, {""period"": ""Q1 2026"", ""year"": 2026, ""quarter"": 1, ""value"": 346165016217.0}, {""period"": ""Q2 2026"", ""year"": 2026, ""quarter"": 2, ""value"": 345823075692.0}]"
ACG,1,BalanceSheet,Quarter,1020503,3. Đầu tư khác vào công cụ vốn,10205,False,4,,"[{""period"": ""Q4 2018"", ""year"": 2018, ""quarter"": 4, ""value"": 0.0}, {""period"": ""Q1 2019"", ""year"": 2019, ""quarter"": 1, ""value"": 0.0}, {""period"": ""Q2 2019"", ""year"": 2019, ""quarter"": 2, ""value"": 0.0}, {""period"": ""Q3 2019"", ""year"": 2019, ""quarter"": 3, ""value"": 0.0}, {""period"": ""Q4 2019"", ""year"": 2019, ""quarter"": 4, ""value"": 0.0}, {""period"": ""Q2 2020"", ""year"": 2020, ""quarter"": 2, ""value"": 0.0}, {""period"": ""Q3 2020"", ""year"": 2020, ""quarter"": 3, ""value"": 0.0}, {""period"": ""Q4 2020"", ""year"": 2020, ""quarter"": 4, ""value"": 0.0}, {""period"": ""Q1 2021"", ""year"": 2021, ""quarter"": 1, ""value"": 0.0}, {""period"": ""Q2 2021"", ""year"": 2021, ""quarter"": 2, ""value"": 119200000000.0}, {""period"": ""Q3 2021"", ""year"": 2021, ""quarter"": 3, ""value"": 119200000000.0}, {""period"": ""Q4 2021"", ""year"": 2021, ""quarter"": 4, ""value"": 119200000000.0}, {""period"": ""Q1 2022"", ""year"": 2022, ""quarter"": 1, ""value"": 119200000000.0}, {""period"": ""Q2 2022"", ""year"": 2022, ""quarter"": 2, ""value"": 119200000000.0}, {""period"": ""Q3 2022"", ""year"": 2022, ""quarter"": 3, ""value"": 119200000000.0}, {""period"": ""Q4 2022"", ""year"": 2022, ""quarter"": 4, ""value"": 119200000000.0}, {""period"": ""Q1 2023"", ""year"": 2023, ""quarter"": 1, ""value"": 119200000000.0}, {""period"": ""Q2 2023"", ""year"": 2023, ""quarter"": 2, ""value"": 119200000000.0}, {""period"": ""Q3 2023"", ""year"": 2023, ""quarter"": 3, ""value"": 119200000000.0}, {""period"": ""Q4 2023"", ""year"": 2023, ""quarter"": 4, ""value"": 119200000000.0}, {""period"": ""Q1 2024"", ""year"": 2024, ""quarter"": 1, ""value"": 119200000000.0}, {""period"": ""Q2 2024"", ""year"": 2024, ""quarter"": 2, ""value"": 119200000000.0}, {""period"": ""Q3 2024"", ""year"": 2024, ""quarter"": 3, ""value"": 119200000000.0}, {""period"": ""Q4 2024"", ""year"": 2024, ""quarter"": 4, ""value"": 119200000000.0}, {""period"": ""Q1 2025"", ""year"": 2025, ""quarter"": 1, ""value"": 119200000000.0}, {""period"": ""Q2 2025"", ""year"": 2025, ""quarter"": 2, ""value"": 119200000000.0}, {""period"": ""Q3 2025"", ""year"": 2025, ""quarter"": 3, ""value"": 119200000000.0}, {""period"": ""Q4 2025"", ""year"": 2025, ""quarter"": 4, ""value"": 119200000000.0}, {""period"": ""Q1 2026"", ""year"": 2026, ""quarter"": 1, ""value"": 119200000000.0}, {""period"": ""Q2 2026"", ""year"": 2026, ""quarter"": 2, ""value"": 119200000000.0}]"
ACG,1,BalanceSheet,Quarter,1020504,4. Dự phòng giảm giá đầu tư tài chính dài hạn,10205,False,4,,"[{""period"": ""Q4 2018"", ""year"": 2018, ""quarter"": 4, ""value"": 0.0}, {""period"": ""Q1 2019"", ""year"": 2019, ""quarter"": 1, ""value"": 0.0}, {""period"": ""Q2 2019"", ""year"": 2019, ""quarter"": 2, ""value"": 0.0}, {""period"": ""Q3 2019"", ""year"": 2019, ""quarter"": 3, ""value"": 0.0}, {""period"": ""Q4 2019"", ""year"": 2019, ""quarter"": 4, ""value"": 0.0}, {""period"": ""Q2 2020"", ""year"": 2020, ""quarter"": 2, ""value"": 0.0}, {""period"": ""Q3 2020"", ""year"": 2020, ""quarter"": 3, ""value"": 0.0}, {""period"": ""Q4 2020"", ""year"": 2020, ""quarter"": 4, ""value"": 0.0}, {""period"": ""Q1 2021"", ""year"": 2021, ""quarter"": 1, ""value"": 0.0}, {""period"": ""Q2 2021"", ""year"": 2021, ""quarter"": 2, ""value"": 0.0}, {""period"": ""Q3 2021"", ""year"": 2021, ""quarter"": 3, ""value"": 0.0}, {""period"": ""Q4 2021"", ""year"": 2021, ""quarter"": 4, ""value"": 0.0}, {""period"": ""Q1 2022"", ""year"": 2022, ""quarter"": 1, ""value"": 0.0}, {""period"": ""Q2 2022"", ""year"": 2022, ""quarter"": 2, ""value"": 0.0}, {""period"": ""Q3 2022"", ""year"": 2022, ""quarter"": 3, ""value"": 0.0}, {""period"": ""Q4 2022"", ""year"": 2022, ""quarter"": 4, ""value"": 0.0}, {""period"": ""Q1 2023"", ""year"": 2023, ""quarter"": 1, ""value"": 0.0}, {""period"": ""Q2 2023"", ""year"": 2023, ""quarter"": 2, ""value"": 0.0}, {""period"": ""Q3 2023"", ""year"": 2023, ""quarter"": 3, ""value"": 0.0}, {""period"": ""Q4 2023"", ""year"": 2023, ""quarter"": 4, ""value"": 0.0}, {""period"": ""Q1 2024"", ""year"": 2024, ""quarter"": 1, ""value"": 0.0}, {""period"": ""Q2 2024"", ""year"": 2024, ""quarter"": 2, ""value"": 0.0}, {""period"": ""Q3 2024"", ""year"": 2024, ""quarter"": 3, ""value"": 0.0}, {""period"": ""Q4 2024"", ""year"": 2024, ""quarter"": 4, ""value"": 0.0}, {""period"": ""Q1 2025"", ""year"": 2025, ""quarter"": 1, ""value"": 0.0}, {""period"": ""Q2 2025"", ""year"": 2025, ""quarter"": 2, ""value"": 0.0}, {""period"": ""Q3 2025"", ""year"": 2025, ""quarter"": 3, ""value"": 0.0}, {""period"": ""Q4 2025"", ""year"": 2025, ""quarter"": 4, ""value"": 0.0}, {""period"": ""Q1 2026"", ""year"": 2026, ""quarter"": 1, ""value"": 0.0}, {""period"": ""Q2 2026"", ""year"": 2026, ""quarter"": 2, ""value"": 0.0}]"
ACG,1,BalanceSheet,Quarter,1020505,5. Đầu tư nắm giữ đến ngày đáo hạn,10205,False,4,,"[{""period"": ""Q4 2018"", ""year"": 2018, ""quarter"": 4, ""value"": 0.0}, {""period"": ""Q1 2019"", ""year"": 2019, ""quarter"": 1, ""value"": 0.0}, {""period"": ""Q2 2019"", ""year"": 2019, ""quarter"": 2, ""value"": 0.0}, {""period"": ""Q3 2019"", ""year"": 2019, ""quarter"": 3, ""value"": 0.0}, {""period"": ""Q4 2019"", ""year"": 2019, ""quarter"": 4, ""value"": 0.0}, {""period"": ""Q2 2020"", ""year"": 2020, ""quarter"": 2, ""value"": 0.0}, {""period"": ""Q3 2020"", ""year"": 2020, ""quarter"": 3, ""value"": 0.0}, {""period"": ""Q4 2020"", ""year"": 2020, ""quarter"": 4, ""value"": 0.0}, {""period"": ""Q1 2021"", ""year"": 2021, ""quarter"": 1, ""value"": 156017700000.0}, {""period"": ""Q2 2021"", ""year"": 2021, ""quarter"": 2, ""value"": 156017700000.0}, {""period"": ""Q3 2021"", ""year"": 2021, ""quarter"": 3, ""value"": 156017700000.0}, {""period"": ""Q4 2021"", ""year"": 2021, ""quarter"": 4, ""value"": 156017700000.0}, {""period"": ""Q1 2022"", ""year"": 2022, ""quarter"": 1, ""value"": 0.0}, {""period"": ""Q2 2022"", ""year"": 2022, ""quarter"": 2, ""value"": 0.0}, {""period"": ""Q3 2022"", ""year"": 2022, ""quarter"": 3, ""value"": 0.0}, {""period"": ""Q4 2022"", ""year"": 2022, ""quarter"": 4, ""value"": 95000000000.0}, {""period"": ""Q1 2023"", ""year"": 2023, ""quarter"": 1, ""value"": 0.0}, {""period"": ""Q2 2023"", ""year"": 2023, ""quarter"": 2, ""value"": 0.0}, {""period"": ""Q3 2023"", ""year"": 2023, ""quarter"": 3, ""value"": 130000000000.0}, {""period"": ""Q4 2023"", ""year"": 2023, ""quarter"": 4, ""value"": 76000000000.0}, {""period"": ""Q1 2024"", ""year"": 2024, ""quarter"": 1, ""value"": 0.0}, {""period"": ""Q2 2024"", ""year"": 2024, ""quarter"": 2, ""value"": 0.0}, {""period"": ""Q3 2024"", ""year"": 2024, ""quarter"": 3, ""value"": 148000000000.0}, {""period"": ""Q4 2024"", ""year"": 2024, ""quarter"": 4, ""value"": 255000000000.0}, {""period"": ""Q1 2025"", ""year"": 2025, ""quarter"": 1, ""value"": 0.0}, {""period"": ""Q2 2025"", ""year"": 2025, ""quarter"": 2, ""value"": 0.0}, {""period"": ""Q3 2025"", ""year"": 2025, ""quarter"": 3, ""value"": 0.0}, {""period"": ""Q4 2025"", ""year"": 2025, ""quarter"": 4, ""value"": 0.0}, {""period"": ""Q1 2026"", ""year"": 2026, ""quarter"": 1, ""value"": 0.0}, {""period"": ""Q2 2026"", ""year"": 2026, ""quarter"": 2, ""value"": 0.0}]"
ACG,1,BalanceSheet,Quarter,10206,VI. Tổng tài sản dài hạn khác,102,False,3,,"[{""period"": ""Q4 2018"", ""year"": 2018, ""quarter"": 4, ""value"": 235581959643.0}, {""period"": ""Q1 2019"", ""year"": 2019, ""quarter"": 1, ""value"": 236488849210.0}, {""period"": ""Q2 2019"", ""year"": 2019, ""quarter"": 2, ""value"": 245636439071.0}, {""period"": ""Q3 2019"", ""year"": 2019, ""quarter"": 3, ""value"": 253914185124.0}, {""period"": ""Q4 2019"", ""year"": 2019, ""quarter"": 4, ""value"": 256363526719.0}, {""period"": ""Q2 2020"", ""year"": 2020, ""quarter"": 2, ""value"": 240737119362.0}, {""period"": ""Q3 2020"", ""year"": 2020, ""quarter"": 3, ""value"": 230315152052.0}, {""period"": ""Q4 2020"", ""year"": 2020, ""quarter"": 4, ""value"": 221190280463.0}, {""period"": ""Q1 2021"", ""year"": 2021, ""quarter"": 1, ""value"": 217541547796.0}, {""period"": ""Q2 2021"", ""year"": 2021, ""quarter"": 2, ""value"": 209816860250.0}, {""period"": ""Q3 2021"", ""year"": 2021, ""quarter"": 3, ""value"": 200203790340.0}, {""period"": ""Q4 2021"", ""year"": 2021, ""quarter"": 4, ""value"": 198377382939.0}, {""period"": ""Q1 2022"", ""year"": 2022, ""quarter"": 1, ""value"": 194398178580.0}, {""period"": ""Q2 2022"", ""year"": 2022, ""quarter"": 2, ""value"": 194473410923.0}, {""period"": ""Q3 2022"", ""year"": 2022, ""quarter"": 3, ""value"": 198402485005.0}, {""period"": ""Q4 2022"", ""year"": 2022, ""quarter"": 4, ""value"": 201267962526.0}, {""period"": ""Q1 2023"", ""year"": 2023, ""quarter"": 1, ""value"": 195948250982.0}, {""period"": ""Q2 2023"", ""year"": 2023, ""quarter"": 2, ""value"": 198259985524.0}, {""period"": ""Q3 2023"", ""year"": 2023, ""quarter"": 3, ""value"": 197993997450.0}, {""period"": ""Q4 2023"", ""year"": 2023, ""quarter"": 4, ""value"": 198032333151.0}, {""period"": ""Q1 2024"", ""year"": 2024, ""quarter"": 1, ""value"": 192584425650.0}, {""period"": ""Q2 2024"", ""year"": 2024, ""quarter"": 2, ""value"": 188890521434.0}, {""period"": ""Q3 2024"", ""year"": 2024, ""quarter"": 3, ""value"": 187633127559.0}, {""period"": ""Q4 2024"", ""year"": 2024, ""quarter"": 4, ""value"": 216536634377.0}, {""period"": ""Q1 2025"", ""year"": 2025, ""quarter"": 1, ""value"": 214468376647.0}, {""period"": ""Q2 2025"", ""year"": 2025, ""quarter"": 2, ""value"": 209180933650.0}, {""period"": ""Q3 2025"", ""year"": 2025, ""quarter"": 3, ""value"": 206002382963.0}, {""period"": ""Q4 2025"", ""year"": 2025, ""quarter"": 4, ""value"": 825221840075.0}, {""period"": ""Q1 2026"", ""year"": 2026, ""quarter"": 1, ""value"": 821298116173.0}, {""period"": ""Q2 2026"", ""year"": 2026, ""quarter"": 2, ""value"": 821126255998.0}]"
ACG,1,BalanceSheet,Quarter,1020601,1. Chi phí trả trước dài hạn,10206,False,4,,"[{""period"": ""Q4 2018"", ""year"": 2018, ""quarter"": 4, ""value"": 235291687635.0}, {""period"": ""Q1 2019"", ""year"": 2019, ""quarter"": 1, ""value"": 236198577202.0}, {""period"": ""Q2 2019"", ""year"": 2019, ""quarter"": 2, ""value"": 244488740729.0}, {""period"": ""Q3 2019"", ""year"": 2019, ""quarter"": 3, ""value"": 252943069214.0}, {""period"": ""Q4 2019"", ""year"": 2019, ""quarter"": 4, ""value"": 253407953245.0}, {""period"": ""Q2 2020"", ""year"": 2020, ""quarter"": 2, ""value"": 233359902946.0}, {""period"": ""Q3 2020"", ""year"": 2020, ""quarter"": 3, ""value"": 222388613328.0}, {""period"": ""Q4 2020"", ""year"": 2020, ""quarter"": 4, ""value"": 212227664545.0}, {""period"": ""Q1 2021"", ""year"": 2021, ""quarter"": 1, ""value"": 209565729825.0}, {""period"": ""Q2 2021"", ""year"": 2021, ""quarter"": 2, ""value"": 202696854296.0}, {""period"": ""Q3 2021"", ""year"": 2021, ""quarter"": 3, ""value"": 194069094996.0}, {""period"": ""Q4 2021"", ""year"": 2021, ""quarter"": 4, ""value"": 190080570500.0}, {""period"": ""Q1 2022"", ""year"": 2022, ""quarter"": 1, ""value"": 186344836778.0}, {""period"": ""Q2 2022"", ""year"": 2022, ""quarter"": 2, ""value"": 186781405730.0}, {""period"": ""Q3 2022"", ""year"": 2022, ""quarter"": 3, ""value"": 189452637647.0}, {""period"": ""Q4 2022"", ""year"": 2022, ""quarter"": 4, ""value"": 191951361477.0}, {""period"": ""Q1 2023"", ""year"": 2023, ""quarter"": 1, ""value"": 189974905067.0}, {""period"": ""Q2 2023"", ""year"": 2023, ""quarter"": 2, ""value"": 191081926140.0}, {""period"": ""Q3 2023"", ""year"": 2023, ""quarter"": 3, ""value"": 188809323931.0}, {""period"": ""Q4 2023"", ""year"": 2023, ""quarter"": 4, ""value"": 187035283084.0}, {""period"": ""Q1 2024"", ""year"": 2024, ""quarter"": 1, ""value"": 183893660848.0}, {""period"": ""Q2 2024"", ""year"": 2024, ""quarter"": 2, ""value"": 180779019888.0}, {""period"": ""Q3 2024"", ""year"": 2024, ""quarter"": 3, ""value"": 179174761418.0}, {""period"": ""Q4 2024"", ""year"": 2024, ""quarter"": 4, ""value"": 176138255323.0}, {""period"": ""Q1 2025"", ""year"": 2025, ""quarter"": 1, ""value"": 173728190709.0}, {""period"": ""Q2 2025"", ""year"": 2025, ""quarter"": 2, ""value"": 171320195829.0}, {""period"": ""Q3 2025"", ""year"": 2025, ""quarter"": 3, ""value"": 166579773415.0}, {""period"": ""Q4 2025"", ""year"": 2025, ""quarter"": 4, ""value"": 768871502700.0}, {""period"": ""Q1 2026"", ""year"": 2026, ""quarter"": 1, ""value"": 767631146282.0}, {""period"": ""Q2 2026"", ""year"": 2026, ""quarter"": 2, ""value"": 764562285763.0}]"
ACG,1,BalanceSheet,Quarter,1020602,2. Tài sản Thuế thu nhập hoãn lại,10206,False,4,,"[{""period"": ""Q4 2018"", ""year"": 2018, ""quarter"": 4, ""value"": 290272008.0}, {""period"": ""Q1 2019"", ""year"": 2019, ""quarter"": 1, ""value"": 290272008.0}, {""period"": ""Q2 2019"", ""year"": 2019, ""quarter"": 2, ""value"": 1147698342.0}, {""period"": ""Q3 2019"", ""year"": 2019, ""quarter"": 3, ""value"": 971115910.0}, {""period"": ""Q4 2019"", ""year"": 2019, ""quarter"": 4, ""value"": 2955573474.0}, {""period"": ""Q2 2020"", ""year"": 2020, ""quarter"": 2, ""value"": 7377216416.0}, {""period"": ""Q3 2020"", ""year"": 2020, ""quarter"": 3, ""value"": 7926538724.0}, {""period"": ""Q4 2020"", ""year"": 2020, ""quarter"": 4, ""value"": 8962615918.0}, {""period"": ""Q1 2021"", ""year"": 2021, ""quarter"": 1, ""value"": 7975817971.0}, {""period"": ""Q2 2021"", ""year"": 2021, ""quarter"": 2, ""value"": 7120005954.0}, {""period"": ""Q3 2021"", ""year"": 2021, ""quarter"": 3, ""value"": 6134695344.0}, {""period"": ""Q4 2021"", ""year"": 2021, ""quarter"": 4, ""value"": 8296812439.0}, {""period"": ""Q1 2022"", ""year"": 2022, ""quarter"": 1, ""value"": 8053341802.0}, {""period"": ""Q2 2022"", ""year"": 2022, ""quarter"": 2, ""value"": 7692005193.0}, {""period"": ""Q3 2022"", ""year"": 2022, ""quarter"": 3, ""value"": 8949847358.0}, {""period"": ""Q4 2022"", ""year"": 2022, ""quarter"": 4, ""value"": 9316601049.0}, {""period"": ""Q1 2023"", ""year"": 2023, ""quarter"": 1, ""value"": 5973345915.0}, {""period"": ""Q2 2023"", ""year"": 2023, ""quarter"": 2, ""value"": 7178059384.0}, {""period"": ""Q3 2023"", ""year"": 2023, ""quarter"": 3, ""value"": 9184673519.0}, {""period"": ""Q4 2023"", ""year"": 2023, ""quarter"": 4, ""value"": 10997050067.0}, {""period"": ""Q1 2024"", ""year"": 2024, ""quarter"": 1, ""value"": 8690764802.0}, {""period"": ""Q2 2024"", ""year"": 2024, ""quarter"": 2, ""value"": 8111501546.0}, {""period"": ""Q3 2024"", ""year"": 2024, ""quarter"": 3, ""value"": 8458366141.0}, {""period"": ""Q4 2024"", ""year"": 2024, ""quarter"": 4, ""value"": 40398379054.0}, {""period"": ""Q1 2025"", ""year"": 2025, ""quarter"": 1, ""value"": 40740185938.0}, {""period"": ""Q2 2025"", ""year"": 2025, ""quarter"": 2, ""value"": 37860737821.0}, {""period"": ""Q3 2025"", ""year"": 2025, ""quarter"": 3, ""value"": 39422609548.0}, {""period"": ""Q4 2025"", ""year"": 2025, ""quarter"": 4, ""value"": 56350337375.0}, {""period"": ""Q1 2026"", ""year"": 2026, ""quarter"": 1, ""value"": 53666969891.0}, {""period"": ""Q2 2026"", ""year"": 2026, ""quarter"": 2, ""value"": 56563970235.0}]"
ACG,1,BalanceSheet,Quarter,1020603,3. Tài sản dài hạn khác,10206,False,4,,"[{""period"": ""Q4 2018"", ""year"": 2018, ""quarter"": 4, ""value"": 0.0}, {""period"": ""Q1 2019"", ""year"": 2019, ""quarter"": 1, ""value"": 0.0}, {""period"": ""Q2 2019"", ""year"": 2019, ""quarter"": 2, ""value"": 0.0}, {""period"": ""Q3 2019"", ""year"": 2019, ""quarter"": 3, ""value"": 0.0}, {""period"": ""Q4 2019"", ""year"": 2019, ""quarter"": 4, ""value"": 0.0}, {""period"": ""Q2 2020"", ""year"": 2020, ""quarter"": 2, ""value"": 0.0}, {""period"": ""Q3 2020"", ""year"": 2020, ""quarter"": 3, ""value"": 0.0}, {""period"": ""Q4 2020"", ""year"": 2020, ""quarter"": 4, ""value"": 0.0}, {""period"": ""Q1 2021"", ""year"": 2021, ""quarter"": 1, ""value"": 0.0}, {""period"": ""Q2 2021"", ""year"": 2021, ""quarter"": 2, ""value"": 0.0}, {""period"": ""Q3 2021"", ""year"": 2021, ""quarter"": 3, ""value"": 0.0}, {""period"": ""Q4 2021"", ""year"": 2021, ""quarter"": 4, ""value"": 0.0}, {""period"": ""Q1 2022"", ""year"": 2022, ""quarter"": 1, ""value"": 0.0}, {""period"": ""Q2 2022"", ""year"": 2022, ""quarter"": 2, ""value"": 0.0}, {""period"": ""Q3 2022"", ""year"": 2022, ""quarter"": 3, ""value"": 0.0}, {""period"": ""Q4 2022"", ""year"": 2022, ""quarter"": 4, ""value"": 0.0}, {""period"": ""Q1 2023"", ""year"": 2023, ""quarter"": 1, ""value"": 0.0}, {""period"": ""Q2 2023"", ""year"": 2023, ""quarter"": 2, ""value"": 0.0}, {""period"": ""Q3 2023"", ""year"": 2023, ""quarter"": 3, ""value"": 0.0}, {""period"": ""Q4 2023"", ""year"": 2023, ""quarter"": 4, ""value"": 0.0}, {""period"": ""Q1 2024"", ""year"": 2024, ""quarter"": 1, ""value"": 0.0}, {""period"": ""Q2 2024"", ""year"": 2024, ""quarter"": 2, ""value"": 0.0}, {""period"": ""Q3 2024"", ""year"": 2024, ""quarter"": 3, ""value"": 0.0}, {""period"": ""Q4 2024"", ""year"": 2024, ""quarter"": 4, ""value"": 0.0}, {""period"": ""Q1 2025"", ""year"": 2025, ""quarter"": 1, ""value"": 0.0}, {""period"": ""Q2 2025"", ""year"": 2025, ""quarter"": 2, ""value"": 0.0}, {""period"": ""Q3 2025"", ""year"": 2025, ""quarter"": 3, ""value"": 0.0}, {""period"": ""Q4 2025"", ""year"": 2025, ""quarter"": 4, ""value"": 0.0}, {""period"": ""Q1 2026"", ""year"": 2026, ""quarter"": 1, ""value"": 0.0}, {""period"": ""Q2 2026"", ""year"": 2026, ""quarter"": 2, ""value"": 0.0}]"
ACG,1,BalanceSheet,Quarter,10207,VII. Lợi thế thương mại,102,False,3,,"[{""period"": ""Q4 2018"", ""year"": 2018, ""quarter"": 4, ""value"": 0.0}, {""period"": ""Q1 2019"", ""year"": 2019, ""quarter"": 1, ""value"": 0.0}, {""period"": ""Q2 2019"", ""year"": 2019, ""quarter"": 2, ""value"": 0.0}, {""period"": ""Q3 2019"", ""year"": 2019, ""quarter"": 3, ""value"": 0.0}, {""period"": ""Q4 2019"", ""year"": 2019, ""quarter"": 4, ""value"": 0.0}, {""period"": ""Q2 2020"", ""year"": 2020, ""quarter"": 2, ""value"": 0.0}, {""period"": ""Q3 2020"", ""year"": 2020, ""quarter"": 3, ""value"": 0.0}, {""period"": ""Q4 2020"", ""year"": 2020, ""quarter"": 4, ""value"": 0.0}, {""period"": ""Q1 2021"", ""year"": 2021, ""quarter"": 1, ""value"": 0.0}, {""period"": ""Q2 2021"", ""year"": 2021, ""quarter"": 2, ""value"": 0.0}, {""period"": ""Q3 2021"", ""year"": 2021, ""quarter"": 3, ""value"": 0.0}, {""period"": ""Q4 2021"", ""year"": 2021, ""quarter"": 4, ""value"": 0.0}, {""period"": ""Q1 2022"", ""year"": 2022, ""quarter"": 1, ""value"": 0.0}, {""period"": ""Q2 2022"", ""year"": 2022, ""quarter"": 2, ""value"": 0.0}, {""period"": ""Q3 2022"", ""year"": 2022, ""quarter"": 3, ""value"": 0.0}, {""period"": ""Q4 2022"", ""year"": 2022, ""quarter"": 4, ""value"": 0.0}, {""period"": ""Q1 2023"", ""year"": 2023, ""quarter"": 1, ""value"": 0.0}, {""period"": ""Q2 2023"", ""year"": 2023, ""quarter"": 2, ""value"": 0.0}, {""period"": ""Q3 2023"", ""year"": 2023, ""quarter"": 3, ""value"": 0.0}, {""period"": ""Q4 2023"", ""year"": 2023, ""quarter"": 4, ""value"": 0.0}, {""period"": ""Q1 2024"", ""year"": 2024, ""quarter"": 1, ""value"": 0.0}, {""period"": ""Q2 2024"", ""year"": 2024, ""quarter"": 2, ""value"": 0.0}, {""period"": ""Q3 2024"", ""year"": 2024, ""quarter"": 3, ""value"": 0.0}, {""period"": ""Q4 2024"", ""year"": 2024, ""quarter"": 4, ""value"": 0.0}, {""period"": ""Q1 2025"", ""year"": 2025, ""quarter"": 1, ""value"": 0.0}, {""period"": ""Q2 2025"", ""year"": 2025, ""quarter"": 2, ""value"": 0.0}, {""period"": ""Q3 2025"", ""year"": 2025, ""quarter"": 3, ""value"": 0.0}, {""period"": ""Q4 2025"", ""year"": 2025, ""quarter"": 4, ""value"": 0.0}, {""period"": ""Q1 2026"", ""year"": 2026, ""quarter"": 1, ""value"": 0.0}, {""period"": ""Q2 2026"", ""year"": 2026, ""quarter"": 2, ""value"": 0.0}]"
ACG,1,BalanceSheet,Quarter,2,TỔNG CỘNG TÀI SẢN,-1,True,1,,"[{""period"": ""Q4 2018"", ""year"": 2018, ""quarter"": 4, ""value"": 3568828702627.0}, {""period"": ""Q1 2019"", ""year"": 2019, ""quarter"": 1, ""value"": 4175332257344.0}, {""period"": ""Q2 2019"", ""year"": 2019, ""quarter"": 2, ""value"": 4286067668131.0}, {""period"": ""Q3 2019"", ""year"": 2019, ""quarter"": 3, ""value"": 4339406174876.0}, {""period"": ""Q4 2019"", ""year"": 2019, ""quarter"": 4, ""value"": 4184832920934.0}, {""period"": ""Q2 2020"", ""year"": 2020, ""quarter"": 2, ""value"": 4332711284170.0}, {""period"": ""Q3 2020"", ""year"": 2020, ""quarter"": 3, ""value"": 4421762390929.0}, {""period"": ""Q4 2020"", ""year"": 2020, ""quarter"": 4, ""value"": 4553117612700.0}, {""period"": ""Q1 2021"", ""year"": 2021, ""quarter"": 1, ""value"": 4756311647768.0}, {""period"": ""Q2 2021"", ""year"": 2021, ""quarter"": 2, ""value"": 4879737268113.0}, {""period"": ""Q3 2021"", ""year"": 2021, ""quarter"": 3, ""value"": 4746538139249.0}, {""period"": ""Q4 2021"", ""year"": 2021, ""quarter"": 4, ""value"": 4982919025724.0}, {""period"": ""Q1 2022"", ""year"": 2022, ""quarter"": 1, ""value"": 5136779358776.0}, {""period"": ""Q2 2022"", ""year"": 2022, ""quarter"": 2, ""value"": 5146637486107.0}, {""period"": ""Q3 2022"", ""year"": 2022, ""quarter"": 3, ""value"": 5280282481785.0}, {""period"": ""Q4 2022"", ""year"": 2022, ""quarter"": 4, ""value"": 5467211765261.0}, {""period"": ""Q1 2023"", ""year"": 2023, ""quarter"": 1, ""value"": 5265131205783.0}, {""period"": ""Q2 2023"", ""year"": 2023, ""quarter"": 2, ""value"": 5237805747695.0}, {""period"": ""Q3 2023"", ""year"": 2023, ""quarter"": 3, ""value"": 5122267049291.0}, {""period"": ""Q4 2023"", ""year"": 2023, ""quarter"": 4, ""value"": 5522088295367.0}, {""period"": ""Q1 2024"", ""year"": 2024, ""quarter"": 1, ""value"": 5700310014781.0}, {""period"": ""Q2 2024"", ""year"": 2024, ""quarter"": 2, ""value"": 5599797410763.0}, {""period"": ""Q3 2024"", ""year"": 2024, ""quarter"": 3, ""value"": 5543579105569.0}, {""period"": ""Q4 2024"", ""year"": 2024, ""quarter"": 4, ""value"": 5639813514365.0}, {""period"": ""Q1 2025"", ""year"": 2025, ""quarter"": 1, ""value"": 5755202101917.0}, {""period"": ""Q2 2025"", ""year"": 2025, ""quarter"": 2, ""value"": 5627915613793.0}, {""period"": ""Q3 2025"", ""year"": 2025, ""quarter"": 3, ""value"": 5981244120770.0}, {""period"": ""Q4 2025"", ""year"": 2025, ""quarter"": 4, ""value"": 6971999972968.0}, {""period"": ""Q1 2026"", ""year"": 2026, ""quarter"": 1, ""value"": 6903713894706.0}, {""period"": ""Q2 2026"", ""year"": 2026, ""quarter"": 2, ""value"": 8350354512920.0}]"
ACG,1,BalanceSheet,Quarter,3,NGUỒN VỐN,-1,True,1,,"[{""period"": ""Q4 2018"", ""year"": 2018, ""quarter"": 4, ""value"": null}, {""period"": ""Q1 2019"", ""year"": 2019, ""quarter"": 1, ""value"": null}, {""period"": ""Q2 2019"", ""year"": 2019, ""quarter"": 2, ""value"": null}, {""period"": ""Q3 2019"", ""year"": 2019, ""quarter"": 3, ""value"": null}, {""period"": ""Q4 2019"", ""year"": 2019, ""quarter"": 4, ""value"": null}, {""period"": ""Q2 2020"", ""year"": 2020, ""quarter"": 2, ""value"": null}, {""period"": ""Q3 2020"", ""year"": 2020, ""quarter"": 3, ""value"": null}, {""period"": ""Q4 2020"", ""year"": 2020, ""quarter"": 4, ""value"": null}, {""period"": ""Q1 2021"", ""year"": 2021, ""quarter"": 1, ""value"": null}, {""period"": ""Q2 2021"", ""year"": 2021, ""quarter"": 2, ""value"": null}, {""period"": ""Q3 2021"", ""year"": 2021, ""quarter"": 3, ""value"": null}, {""period"": ""Q4 2021"", ""year"": 2021, ""quarter"": 4, ""value"": null}, {""period"": ""Q1 2022"", ""year"": 2022, ""quarter"": 1, ""value"": null}, {""period"": ""Q2 2022"", ""year"": 2022, ""quarter"": 2, ""value"": null}, {""period"": ""Q3 2022"", ""year"": 2022, ""quarter"": 3, ""value"": null}, {""period"": ""Q4 2022"", ""year"": 2022, ""quarter"": 4, ""value"": null}, {""period"": ""Q1 2023"", ""year"": 2023, ""quarter"": 1, ""value"": null}, {""period"": ""Q2 2023"", ""year"": 2023, ""quarter"": 2, ""value"": null}, {""period"": ""Q3 2023"", ""year"": 2023, ""quarter"": 3, ""value"": null}, {""period"": ""Q4 2023"", ""year"": 2023, ""quarter"": 4, ""value"": null}, {""period"": ""Q1 2024"", ""year"": 2024, ""quarter"": 1, ""value"": null}, {""period"": ""Q2 2024"", ""year"": 2024, ""quarter"": 2, ""value"": null}, {""period"": ""Q3 2024"", ""year"": 2024, ""quarter"": 3, ""value"": null}, {""period"": ""Q4 2024"", ""year"": 2024, ""quarter"": 4, ""value"": null}, {""period"": ""Q1 2025"", ""year"": 2025, ""quarter"": 1, ""value"": null}, {""period"": ""Q2 2025"", ""year"": 2025, ""quarter"": 2, ""value"": null}, {""period"": ""Q3 2025"", ""year"": 2025, ""quarter"": 3, ""value"": null}, {""period"": ""Q4 2025"", ""year"": 2025, ""quarter"": 4, ""value"": null}, {""period"": ""Q1 2026"", ""year"": 2026, ""quarter"": 1, ""value"": null}, {""period"": ""Q2 2026"", ""year"": 2026, ""quarter"": 2, ""value"": null}]"
ACG,1,BalanceSheet,Quarter,301,A. Nợ phải trả,3,True,2,,"[{""period"": ""Q4 2018"", ""year"": 2018, ""quarter"": 4, ""value"": 1018929600100.0}, {""period"": ""Q1 2019"", ""year"": 2019, ""quarter"": 1, ""value"": 894685414090.0}, {""period"": ""Q2 2019"", ""year"": 2019, ""quarter"": 2, ""value"": 1029575361163.0}, {""period"": ""Q3 2019"", ""year"": 2019, ""quarter"": 3, ""value"": 960855855269.0}, {""period"": ""Q4 2019"", ""year"": 2019, ""quarter"": 4, ""value"": 805478114014.0}, {""period"": ""Q2 2020"", ""year"": 2020, ""quarter"": 2, ""value"": 803183899605.0}, {""period"": ""Q3 2020"", ""year"": 2020, ""quarter"": 3, ""value"": 920019656102.0}, {""period"": ""Q4 2020"", ""year"": 2020, ""quarter"": 4, ""value"": 936426104376.0}, {""period"": ""Q1 2021"", ""year"": 2021, ""quarter"": 1, ""value"": 1143533007196.0}, {""period"": ""Q2 2021"", ""year"": 2021, ""quarter"": 2, ""value"": 1266966963873.0}, {""period"": ""Q3 2021"", ""year"": 2021, ""quarter"": 3, ""value"": 1118075523607.0}, {""period"": ""Q4 2021"", ""year"": 2021, ""quarter"": 4, ""value"": 1206120120534.0}, {""period"": ""Q1 2022"", ""year"": 2022, ""quarter"": 1, ""value"": 1283888969867.0}, {""period"": ""Q2 2022"", ""year"": 2022, ""quarter"": 2, ""value"": 1421885160219.0}, {""period"": ""Q3 2022"", ""year"": 2022, ""quarter"": 3, ""value"": 1389285519980.0}, {""period"": ""Q4 2022"", ""year"": 2022, ""quarter"": 4, ""value"": 1554994395371.0}, {""period"": ""Q1 2023"", ""year"": 2023, ""quarter"": 1, ""value"": 1306793955873.0}, {""period"": ""Q2 2023"", ""year"": 2023, ""quarter"": 2, ""value"": 1231203279516.0}, {""period"": ""Q3 2023"", ""year"": 2023, ""quarter"": 3, ""value"": 985795936042.0}, {""period"": ""Q4 2023"", ""year"": 2023, ""quarter"": 4, ""value"": 1348532394376.0}, {""period"": ""Q1 2024"", ""year"": 2024, ""quarter"": 1, ""value"": 1445620683029.0}, {""period"": ""Q2 2024"", ""year"": 2024, ""quarter"": 2, ""value"": 1523559863607.0}, {""period"": ""Q3 2024"", ""year"": 2024, ""quarter"": 3, ""value"": 1336920569753.0}, {""period"": ""Q4 2024"", ""year"": 2024, ""quarter"": 4, ""value"": 1463639638592.0}, {""period"": ""Q1 2025"", ""year"": 2025, ""quarter"": 1, ""value"": 1494162345205.0}, {""period"": ""Q2 2025"", ""year"": 2025, ""quarter"": 2, ""value"": 1377755358171.0}, {""period"": ""Q3 2025"", ""year"": 2025, ""quarter"": 3, ""value"": 1547725643777.0}, {""period"": ""Q4 2025"", ""year"": 2025, ""quarter"": 4, ""value"": 2562962434202.0}, {""period"": ""Q1 2026"", ""year"": 2026, ""quarter"": 1, ""value"": 2223208269044.0}, {""period"": ""Q2 2026"", ""year"": 2026, ""quarter"": 2, ""value"": 3650213236066.0}]"
ACG,1,BalanceSheet,Quarter,30101,I. Nợ ngắn hạn,301,False,3,,"[{""period"": ""Q4 2018"", ""year"": 2018, ""quarter"": 4, ""value"": 1018929600100.0}, {""period"": ""Q1 2019"", ""year"": 2019, ""quarter"": 1, ""value"": 894685414090.0}, {""period"": ""Q2 2019"", ""year"": 2019, ""quarter"": 2, ""value"": 1029575361163.0}, {""period"": ""Q3 2019"", ""year"": 2019, ""quarter"": 3, ""value"": 960855855269.0}, {""period"": ""Q4 2019"", ""year"": 2019, ""quarter"": 4, ""value"": 805478114014.0}, {""period"": ""Q2 2020"", ""year"": 2020, ""quarter"": 2, ""value"": 800836959605.0}, {""period"": ""Q3 2020"", ""year"": 2020, ""quarter"": 3, ""value"": 913245532965.0}, {""period"": ""Q4 2020"", ""year"": 2020, ""quarter"": 4, ""value"": 929831152397.0}, {""period"": ""Q1 2021"", ""year"": 2021, ""quarter"": 1, ""value"": 1137220641375.0}, {""period"": ""Q2 2021"", ""year"": 2021, ""quarter"": 2, ""value"": 1260937184210.0}, {""period"": ""Q3 2021"", ""year"": 2021, ""quarter"": 3, ""value"": 1112328330102.0}, {""period"": ""Q4 2021"", ""year"": 2021, ""quarter"": 4, ""value"": 1196572464437.0}, {""period"": ""Q1 2022"", ""year"": 2022, ""quarter"": 1, ""value"": 1273776141454.0}, {""period"": ""Q2 2022"", ""year"": 2022, ""quarter"": 2, ""value"": 1412842762271.0}, {""period"": ""Q3 2022"", ""year"": 2022, ""quarter"": 3, ""value"": 1380525708190.0}, {""period"": ""Q4 2022"", ""year"": 2022, ""quarter"": 4, ""value"": 1542324168489.0}, {""period"": ""Q1 2023"", ""year"": 2023, ""quarter"": 1, ""value"": 1295529571319.0}, {""period"": ""Q2 2023"", ""year"": 2023, ""quarter"": 2, ""value"": 1220221481121.0}, {""period"": ""Q3 2023"", ""year"": 2023, ""quarter"": 3, ""value"": 971329055464.0}, {""period"": ""Q4 2023"", ""year"": 2023, ""quarter"": 4, ""value"": 1333511572465.0}, {""period"": ""Q1 2024"", ""year"": 2024, ""quarter"": 1, ""value"": 1429699861118.0}, {""period"": ""Q2 2024"", ""year"": 2024, ""quarter"": 2, ""value"": 1508474673176.0}, {""period"": ""Q3 2024"", ""year"": 2024, ""quarter"": 3, ""value"": 1325323770089.0}, {""period"": ""Q4 2024"", ""year"": 2024, ""quarter"": 4, ""value"": 1450829564255.0}, {""period"": ""Q1 2025"", ""year"": 2025, ""quarter"": 1, ""value"": 1480668635838.0}, {""period"": ""Q2 2025"", ""year"": 2025, ""quarter"": 2, ""value"": 1367345103842.0}, {""period"": ""Q3 2025"", ""year"": 2025, ""quarter"": 3, ""value"": 1535081372876.0}, {""period"": ""Q4 2025"", ""year"": 2025, ""quarter"": 4, ""value"": 2489191555790.0}, {""period"": ""Q1 2026"", ""year"": 2026, ""quarter"": 1, ""value"": 1992957457729.0}, {""period"": ""Q2 2026"", ""year"": 2026, ""quarter"": 2, ""value"": 2980158577296.0}]"
ACG,1,BalanceSheet,Quarter,3010101,1. Vay và nợ thuê tài chính ngắn hạn,30101,False,4,,"[{""period"": ""Q4 2018"", ""year"": 2018, ""quarter"": 4, ""value"": 328807204070.0}, {""period"": ""Q1 2019"", ""year"": 2019, ""quarter"": 1, ""value"": 329739731201.0}, {""period"": ""Q2 2019"", ""year"": 2019, ""quarter"": 2, ""value"": 299624800474.0}, {""period"": ""Q3 2019"", ""year"": 2019, ""quarter"": 3, ""value"": 325142619939.0}, {""period"": ""Q4 2019"", ""year"": 2019, ""quarter"": 4, ""value"": 221431332215.0}, {""period"": ""Q2 2020"", ""year"": 2020, ""quarter"": 2, ""value"": 335386035960.0}, {""period"": ""Q3 2020"", ""year"": 2020, ""quarter"": 3, ""value"": 335776267486.0}, {""period"": ""Q4 2020"", ""year"": 2020, ""quarter"": 4, ""value"": 307899246071.0}, {""period"": ""Q1 2021"", ""year"": 2021, ""quarter"": 1, ""value"": 554226929436.0}, {""period"": ""Q2 2021"", ""year"": 2021, ""quarter"": 2, ""value"": 601284815981.0}, {""period"": ""Q3 2021"", ""year"": 2021, ""quarter"": 3, ""value"": 608709205020.0}, {""period"": ""Q4 2021"", ""year"": 2021, ""quarter"": 4, ""value"": 566975088269.0}, {""period"": ""Q1 2022"", ""year"": 2022, ""quarter"": 1, ""value"": 781645525044.0}, {""period"": ""Q2 2022"", ""year"": 2022, ""quarter"": 2, ""value"": 737530073937.0}, {""period"": ""Q3 2022"", ""year"": 2022, ""quarter"": 3, ""value"": 674937669848.0}, {""period"": ""Q4 2022"", ""year"": 2022, ""quarter"": 4, ""value"": 813722672711.0}, {""period"": ""Q1 2023"", ""year"": 2023, ""quarter"": 1, ""value"": 789056319097.0}, {""period"": ""Q2 2023"", ""year"": 2023, ""quarter"": 2, ""value"": 622006032903.0}, {""period"": ""Q3 2023"", ""year"": 2023, ""quarter"": 3, ""value"": 327328050862.0}, {""period"": ""Q4 2023"", ""year"": 2023, ""quarter"": 4, ""value"": 706566540805.0}, {""period"": ""Q1 2024"", ""year"": 2024, ""quarter"": 1, ""value"": 953161538412.0}, {""period"": ""Q2 2024"", ""year"": 2024, ""quarter"": 2, ""value"": 768049464674.0}, {""period"": ""Q3 2024"", ""year"": 2024, ""quarter"": 3, ""value"": 646174252431.0}, {""period"": ""Q4 2024"", ""year"": 2024, ""quarter"": 4, ""value"": 728008953225.0}, {""period"": ""Q1 2025"", ""year"": 2025, ""quarter"": 1, ""value"": 882489673070.0}, {""period"": ""Q2 2025"", ""year"": 2025, ""quarter"": 2, ""value"": 722376354436.0}, {""period"": ""Q3 2025"", ""year"": 2025, ""quarter"": 3, ""value"": 648493767899.0}, {""period"": ""Q4 2025"", ""year"": 2025, ""quarter"": 4, ""value"": 1209034306911.0}, {""period"": ""Q1 2026"", ""year"": 2026, ""quarter"": 1, ""value"": 997316701816.0}, {""period"": ""Q2 2026"", ""year"": 2026, ""quarter"": 2, ""value"": 1499470901354.0}]"
ACG,1,BalanceSheet,Quarter,3010102,2. Vay và nợ dài hạn đến hạn phải trả,30101,False,4,,"[{""period"": ""Q4 2018"", ""year"": 2018, ""quarter"": 4, ""value"": 0.0}, {""period"": ""Q1 2019"", ""year"": 2019, ""quarter"": 1, ""value"": 0.0}, {""period"": ""Q2 2019"", ""year"": 2019, ""quarter"": 2, ""value"": 0.0}, {""period"": ""Q3 2019"", ""year"": 2019, ""quarter"": 3, ""value"": 0.0}, {""period"": ""Q4 2019"", ""year"": 2019, ""quarter"": 4, ""value"": 0.0}, {""period"": ""Q2 2020"", ""year"": 2020, ""quarter"": 2, ""value"": 0.0}, {""period"": ""Q3 2020"", ""year"": 2020, ""quarter"": 3, ""value"": 0.0}, {""period"": ""Q4 2020"", ""year"": 2020, ""quarter"": 4, ""value"": 0.0}, {""period"": ""Q1 2021"", ""year"": 2021, ""quarter"": 1, ""value"": 0.0}, {""period"": ""Q2 2021"", ""year"": 2021, ""quarter"": 2, ""value"": 0.0}, {""period"": ""Q3 2021"", ""year"": 2021, ""quarter"": 3, ""value"": 0.0}, {""period"": ""Q4 2021"", ""year"": 2021, ""quarter"": 4, ""value"": 0.0}, {""period"": ""Q1 2022"", ""year"": 2022, ""quarter"": 1, ""value"": 0.0}, {""period"": ""Q2 2022"", ""year"": 2022, ""quarter"": 2, ""value"": 0.0}, {""period"": ""Q3 2022"", ""year"": 2022, ""quarter"": 3, ""value"": 0.0}, {""period"": ""Q4 2022"", ""year"": 2022, ""quarter"": 4, ""value"": 0.0}, {""period"": ""Q1 2023"", ""year"": 2023, ""quarter"": 1, ""value"": 0.0}, {""period"": ""Q2 2023"", ""year"": 2023, ""quarter"": 2, ""value"": 0.0}, {""period"": ""Q3 2023"", ""year"": 2023, ""quarter"": 3, ""value"": 0.0}, {""period"": ""Q4 2023"", ""year"": 2023, ""quarter"": 4, ""value"": 0.0}, {""period"": ""Q1 2024"", ""year"": 2024, ""quarter"": 1, ""value"": 0.0}, {""period"": ""Q2 2024"", ""year"": 2024, ""quarter"": 2, ""value"": 0.0}, {""period"": ""Q3 2024"", ""year"": 2024, ""quarter"": 3, ""value"": 0.0}, {""period"": ""Q4 2024"", ""year"": 2024, ""quarter"": 4, ""value"": 0.0}, {""period"": ""Q1 2025"", ""year"": 2025, ""quarter"": 1, ""value"": 0.0}, {""period"": ""Q2 2025"", ""year"": 2025, ""quarter"": 2, ""value"": 0.0}, {""period"": ""Q3 2025"", ""year"": 2025, ""quarter"": 3, ""value"": 0.0}, {""period"": ""Q4 2025"", ""year"": 2025, ""quarter"": 4, ""value"": 0.0}, {""period"": ""Q1 2026"", ""year"": 2026, ""quarter"": 1, ""value"": 0.0}, {""period"": ""Q2 2026"", ""year"": 2026, ""quarter"": 2, ""value"": 0.0}]"
ACG,1,BalanceSheet,Quarter,3010103,3. Phải trả người bán ngắn hạn,30101,False,4,,"[{""period"": ""Q4 2018"", ""year"": 2018, ""quarter"": 4, ""value"": 294301981306.0}, {""period"": ""Q1 2019"", ""year"": 2019, ""quarter"": 1, ""value"": 237240497470.0}, {""period"": ""Q2 2019"", ""year"": 2019, ""quarter"": 2, ""value"": 359450301469.0}, {""period"": ""Q3 2019"", ""year"": 2019, ""quarter"": 3, ""value"": 277123090797.0}, {""period"": ""Q4 2019"", ""year"": 2019, ""quarter"": 4, ""value"": 254254945820.0}, {""period"": ""Q2 2020"", ""year"": 2020, ""quarter"": 2, ""value"": 187717816417.0}, {""period"": ""Q3 2020"", ""year"": 2020, ""quarter"": 3, ""value"": 216423582313.0}, {""period"": ""Q4 2020"", ""year"": 2020, ""quarter"": 4, ""value"": 245477558884.0}, {""period"": ""Q1 2021"", ""year"": 2021, ""quarter"": 1, ""value"": 236246094288.0}, {""period"": ""Q2 2021"", ""year"": 2021, ""quarter"": 2, ""value"": 266822306571.0}, {""period"": ""Q3 2021"", ""year"": 2021, ""quarter"": 3, ""value"": 208678887256.0}, {""period"": ""Q4 2021"", ""year"": 2021, ""quarter"": 4, ""value"": 289187086507.0}, {""period"": ""Q1 2022"", ""year"": 2022, ""quarter"": 1, ""value"": 234768314967.0}, {""period"": ""Q2 2022"", ""year"": 2022, ""quarter"": 2, ""value"": 301255472920.0}, {""period"": ""Q3 2022"", ""year"": 2022, ""quarter"": 3, ""value"": 298060989981.0}, {""period"": ""Q4 2022"", ""year"": 2022, ""quarter"": 4, ""value"": 347514345447.0}, {""period"": ""Q1 2023"", ""year"": 2023, ""quarter"": 1, ""value"": 218962364682.0}, {""period"": ""Q2 2023"", ""year"": 2023, ""quarter"": 2, ""value"": 214027424391.0}, {""period"": ""Q3 2023"", ""year"": 2023, ""quarter"": 3, ""value"": 236365671358.0}, {""period"": ""Q4 2023"", ""year"": 2023, ""quarter"": 4, ""value"": 263319483521.0}, {""period"": ""Q1 2024"", ""year"": 2024, ""quarter"": 1, ""value"": 268409795154.0}, {""period"": ""Q2 2024"", ""year"": 2024, ""quarter"": 2, ""value"": 255265137227.0}, {""period"": ""Q3 2024"", ""year"": 2024, ""quarter"": 3, ""value"": 269543584755.0}, {""period"": ""Q4 2024"", ""year"": 2024, ""quarter"": 4, ""value"": 318314906925.0}, {""period"": ""Q1 2025"", ""year"": 2025, ""quarter"": 1, ""value"": 326690282664.0}, {""period"": ""Q2 2025"", ""year"": 2025, ""quarter"": 2, ""value"": 266708971699.0}, {""period"": ""Q3 2025"", ""year"": 2025, ""quarter"": 3, ""value"": 460749123929.0}, {""period"": ""Q4 2025"", ""year"": 2025, ""quarter"": 4, ""value"": 819392909799.0}, {""period"": ""Q1 2026"", ""year"": 2026, ""quarter"": 1, ""value"": 655733161357.0}, {""period"": ""Q2 2026"", ""year"": 2026, ""quarter"": 2, ""value"": 916595413749.0}]"
ACG,1,BalanceSheet,Quarter,3010104,4. Người mua trả tiền trước,30101,False,4,,"[{""period"": ""Q4 2018"", ""year"": 2018, ""quarter"": 4, ""value"": 203486312024.0}, {""period"": ""Q1 2019"", ""year"": 2019, ""quarter"": 1, ""value"": 202655157550.0}, {""period"": ""Q2 2019"", ""year"": 2019, ""quarter"": 2, ""value"": 229683862789.0}, {""period"": ""Q3 2019"", ""year"": 2019, ""quarter"": 3, ""value"": 215521941349.0}, {""period"": ""Q4 2019"", ""year"": 2019, ""quarter"": 4, ""value"": 173032530318.0}, {""period"": ""Q2 2020"", ""year"": 2020, ""quarter"": 2, ""value"": 153048614023.0}, {""period"": ""Q3 2020"", ""year"": 2020, ""quarter"": 3, ""value"": 201146064204.0}, {""period"": ""Q4 2020"", ""year"": 2020, ""quarter"": 4, ""value"": 232947885577.0}, {""period"": ""Q1 2021"", ""year"": 2021, ""quarter"": 1, ""value"": 260025956039.0}, {""period"": ""Q2 2021"", ""year"": 2021, ""quarter"": 2, ""value"": 258910295030.0}, {""period"": ""Q3 2021"", ""year"": 2021, ""quarter"": 3, ""value"": 189711981656.0}, {""period"": ""Q4 2021"", ""year"": 2021, ""quarter"": 4, ""value"": 206024768522.0}, {""period"": ""Q1 2022"", ""year"": 2022, ""quarter"": 1, ""value"": 149425988863.0}, {""period"": ""Q2 2022"", ""year"": 2022, ""quarter"": 2, ""value"": 202864114616.0}, {""period"": ""Q3 2022"", ""year"": 2022, ""quarter"": 3, ""value"": 180150303403.0}, {""period"": ""Q4 2022"", ""year"": 2022, ""quarter"": 4, ""value"": 160976991093.0}, {""period"": ""Q1 2023"", ""year"": 2023, ""quarter"": 1, ""value"": 197784088880.0}, {""period"": ""Q2 2023"", ""year"": 2023, ""quarter"": 2, ""value"": 192830909950.0}, {""period"": ""Q3 2023"", ""year"": 2023, ""quarter"": 3, ""value"": 185737023439.0}, {""period"": ""Q4 2023"", ""year"": 2023, ""quarter"": 4, ""value"": 174455445430.0}, {""period"": ""Q1 2024"", ""year"": 2024, ""quarter"": 1, ""value"": 114474752966.0}, {""period"": ""Q2 2024"", ""year"": 2024, ""quarter"": 2, ""value"": 155053266814.0}, {""period"": ""Q3 2024"", ""year"": 2024, ""quarter"": 3, ""value"": 113541985831.0}, {""period"": ""Q4 2024"", ""year"": 2024, ""quarter"": 4, ""value"": 135686038866.0}, {""period"": ""Q1 2025"", ""year"": 2025, ""quarter"": 1, ""value"": 97455533657.0}, {""period"": ""Q2 2025"", ""year"": 2025, ""quarter"": 2, ""value"": 106361992480.0}, {""period"": ""Q3 2025"", ""year"": 2025, ""quarter"": 3, ""value"": 151281135726.0}, {""period"": ""Q4 2025"", ""year"": 2025, ""quarter"": 4, ""value"": 147898485174.0}, {""period"": ""Q1 2026"", ""year"": 2026, ""quarter"": 1, ""value"": 144821676248.0}, {""period"": ""Q2 2026"", ""year"": 2026, ""quarter"": 2, ""value"": 169996563486.0}]"
ACG,1,BalanceSheet,Quarter,3010105,5. Thuế và các khoản phải nộp nhà nước,30101,False,4,,"[{""period"": ""Q4 2018"", ""year"": 2018, ""quarter"": 4, ""value"": 68090128685.0}, {""period"": ""Q1 2019"", ""year"": 2019, ""quarter"": 1, ""value"": 38067026707.0}, {""period"": ""Q2 2019"", ""year"": 2019, ""quarter"": 2, ""value"": 40417551653.0}, {""period"": ""Q3 2019"", ""year"": 2019, ""quarter"": 3, ""value"": 31250045540.0}, {""period"": ""Q4 2019"", ""year"": 2019, ""quarter"": 4, ""value"": 40741892604.0}, {""period"": ""Q2 2020"", ""year"": 2020, ""quarter"": 2, ""value"": 37832125875.0}, {""period"": ""Q3 2020"", ""year"": 2020, ""quarter"": 3, ""value"": 55346048505.0}, {""period"": ""Q4 2020"", ""year"": 2020, ""quarter"": 4, ""value"": 44095993433.0}, {""period"": ""Q1 2021"", ""year"": 2021, ""quarter"": 1, ""value"": 23335913082.0}, {""period"": ""Q2 2021"", ""year"": 2021, ""quarter"": 2, ""value"": 57440052532.0}, {""period"": ""Q3 2021"", ""year"": 2021, ""quarter"": 3, ""value"": 47113593265.0}, {""period"": ""Q4 2021"", ""year"": 2021, ""quarter"": 4, ""value"": 36046362980.0}, {""period"": ""Q1 2022"", ""year"": 2022, ""quarter"": 1, ""value"": 33229254303.0}, {""period"": ""Q2 2022"", ""year"": 2022, ""quarter"": 2, ""value"": 45015995263.0}, {""period"": ""Q3 2022"", ""year"": 2022, ""quarter"": 3, ""value"": 94224788159.0}, {""period"": ""Q4 2022"", ""year"": 2022, ""quarter"": 4, ""value"": 122055076239.0}, {""period"": ""Q1 2023"", ""year"": 2023, ""quarter"": 1, ""value"": 10796028607.0}, {""period"": ""Q2 2023"", ""year"": 2023, ""quarter"": 2, ""value"": 58527959805.0}, {""period"": ""Q3 2023"", ""year"": 2023, ""quarter"": 3, ""value"": 98638068195.0}, {""period"": ""Q4 2023"", ""year"": 2023, ""quarter"": 4, ""value"": 66381511717.0}, {""period"": ""Q1 2024"", ""year"": 2024, ""quarter"": 1, ""value"": 19028709503.0}, {""period"": ""Q2 2024"", ""year"": 2024, ""quarter"": 2, ""value"": 76551972868.0}, {""period"": ""Q3 2024"", ""year"": 2024, ""quarter"": 3, ""value"": 124587799288.0}, {""period"": ""Q4 2024"", ""year"": 2024, ""quarter"": 4, ""value"": 76187779764.0}, {""period"": ""Q1 2025"", ""year"": 2025, ""quarter"": 1, ""value"": 29402877290.0}, {""period"": ""Q2 2025"", ""year"": 2025, ""quarter"": 2, ""value"": 81194737681.0}, {""period"": ""Q3 2025"", ""year"": 2025, ""quarter"": 3, ""value"": 84182243955.0}, {""period"": ""Q4 2025"", ""year"": 2025, ""quarter"": 4, ""value"": 85286674834.0}, {""period"": ""Q1 2026"", ""year"": 2026, ""quarter"": 1, ""value"": 30933340497.0}, {""period"": ""Q2 2026"", ""year"": 2026, ""quarter"": 2, ""value"": 42149447539.0}]"
ACG,1,BalanceSheet,Quarter,3010106,6. Phải trả người lao động,30101,False,4,,"[{""period"": ""Q4 2018"", ""year"": 2018, ""quarter"": 4, ""value"": 76378908356.0}, {""period"": ""Q1 2019"", ""year"": 2019, ""quarter"": 1, ""value"": 41117913282.0}, {""period"": ""Q2 2019"", ""year"": 2019, ""quarter"": 2, ""value"": 22829705974.0}, {""period"": ""Q3 2019"", ""year"": 2019, ""quarter"": 3, ""value"": 20765344902.0}, {""period"": ""Q4 2019"", ""year"": 2019, ""quarter"": 4, ""value"": 79615752627.0}, {""period"": ""Q2 2020"", ""year"": 2020, ""quarter"": 2, ""value"": 15041336223.0}, {""period"": ""Q3 2020"", ""year"": 2020, ""quarter"": 3, ""value"": 18469439448.0}, {""period"": ""Q4 2020"", ""year"": 2020, ""quarter"": 4, ""value"": 72324084358.0}, {""period"": ""Q1 2021"", ""year"": 2021, ""quarter"": 1, ""value"": 19624112846.0}, {""period"": ""Q2 2021"", ""year"": 2021, ""quarter"": 2, ""value"": 16472385488.0}, {""period"": ""Q3 2021"", ""year"": 2021, ""quarter"": 3, ""value"": 14500105064.0}, {""period"": ""Q4 2021"", ""year"": 2021, ""quarter"": 4, ""value"": 58355659772.0}, {""period"": ""Q1 2022"", ""year"": 2022, ""quarter"": 1, ""value"": 16837147421.0}, {""period"": ""Q2 2022"", ""year"": 2022, ""quarter"": 2, ""value"": 16435133422.0}, {""period"": ""Q3 2022"", ""year"": 2022, ""quarter"": 3, ""value"": 15868779477.0}, {""period"": ""Q4 2022"", ""year"": 2022, ""quarter"": 4, ""value"": 23034215577.0}, {""period"": ""Q1 2023"", ""year"": 2023, ""quarter"": 1, ""value"": 15907742302.0}, {""period"": ""Q2 2023"", ""year"": 2023, ""quarter"": 2, ""value"": 14780253366.0}, {""period"": ""Q3 2023"", ""year"": 2023, ""quarter"": 3, ""value"": 17980081085.0}, {""period"": ""Q4 2023"", ""year"": 2023, ""quarter"": 4, ""value"": 72997981546.0}, {""period"": ""Q1 2024"", ""year"": 2024, ""quarter"": 1, ""value"": 15388997467.0}, {""period"": ""Q2 2024"", ""year"": 2024, ""quarter"": 2, ""value"": 16962256542.0}, {""period"": ""Q3 2024"", ""year"": 2024, ""quarter"": 3, ""value"": 16266210225.0}, {""period"": ""Q4 2024"", ""year"": 2024, ""quarter"": 4, ""value"": 82021509648.0}, {""period"": ""Q1 2025"", ""year"": 2025, ""quarter"": 1, ""value"": 19374468723.0}, {""period"": ""Q2 2025"", ""year"": 2025, ""quarter"": 2, ""value"": 17172189036.0}, {""period"": ""Q3 2025"", ""year"": 2025, ""quarter"": 3, ""value"": 21746695700.0}, {""period"": ""Q4 2025"", ""year"": 2025, ""quarter"": 4, ""value"": 98238555537.0}, {""period"": ""Q1 2026"", ""year"": 2026, ""quarter"": 1, ""value"": 20387274564.0}, {""period"": ""Q2 2026"", ""year"": 2026, ""quarter"": 2, ""value"": 23021730638.0}]"
ACG,1,BalanceSheet,Quarter,3010107,7. Chi phí phải trả ngắn hạn,30101,False,4,,"[{""period"": ""Q4 2018"", ""year"": 2018, ""quarter"": 4, ""value"": 36795763560.0}, {""period"": ""Q1 2019"", ""year"": 2019, ""quarter"": 1, ""value"": 35642268038.0}, {""period"": ""Q2 2019"", ""year"": 2019, ""quarter"": 2, ""value"": 42974001608.0}, {""period"": ""Q3 2019"", ""year"": 2019, ""quarter"": 3, ""value"": 56466480800.0}, {""period"": ""Q4 2019"", ""year"": 2019, ""quarter"": 4, ""value"": 34049601314.0}, {""period"": ""Q2 2020"", ""year"": 2020, ""quarter"": 2, ""value"": 42236178112.0}, {""period"": ""Q3 2020"", ""year"": 2020, ""quarter"": 3, ""value"": 55678684757.0}, {""period"": ""Q4 2020"", ""year"": 2020, ""quarter"": 4, ""value"": 24256358433.0}, {""period"": ""Q1 2021"", ""year"": 2021, ""quarter"": 1, ""value"": 35282509153.0}, {""period"": ""Q2 2021"", ""year"": 2021, ""quarter"": 2, ""value"": 25831742972.0}, {""period"": ""Q3 2021"", ""year"": 2021, ""quarter"": 3, ""value"": 20604203590.0}, {""period"": ""Q4 2021"", ""year"": 2021, ""quarter"": 4, ""value"": 24826970905.0}, {""period"": ""Q1 2022"", ""year"": 2022, ""quarter"": 1, ""value"": 32296332381.0}, {""period"": ""Q2 2022"", ""year"": 2022, ""quarter"": 2, ""value"": 47432914262.0}, {""period"": ""Q3 2022"", ""year"": 2022, ""quarter"": 3, ""value"": 62372719431.0}, {""period"": ""Q4 2022"", ""year"": 2022, ""quarter"": 4, ""value"": 30570918651.0}, {""period"": ""Q1 2023"", ""year"": 2023, ""quarter"": 1, ""value"": 23894494081.0}, {""period"": ""Q2 2023"", ""year"": 2023, ""quarter"": 2, ""value"": 24711061640.0}, {""period"": ""Q3 2023"", ""year"": 2023, ""quarter"": 3, ""value"": 22287052241.0}, {""period"": ""Q4 2023"", ""year"": 2023, ""quarter"": 4, ""value"": 22405996833.0}, {""period"": ""Q1 2024"", ""year"": 2024, ""quarter"": 1, ""value"": 34692596531.0}, {""period"": ""Q2 2024"", ""year"": 2024, ""quarter"": 2, ""value"": 25221525513.0}, {""period"": ""Q3 2024"", ""year"": 2024, ""quarter"": 3, ""value"": 70750084812.0}, {""period"": ""Q4 2024"", ""year"": 2024, ""quarter"": 4, ""value"": 30576504072.0}, {""period"": ""Q1 2025"", ""year"": 2025, ""quarter"": 1, ""value"": 41572199341.0}, {""period"": ""Q2 2025"", ""year"": 2025, ""quarter"": 2, ""value"": 54677735739.0}, {""period"": ""Q3 2025"", ""year"": 2025, ""quarter"": 3, ""value"": 61844783394.0}, {""period"": ""Q4 2025"", ""year"": 2025, ""quarter"": 4, ""value"": 38124739498.0}, {""period"": ""Q1 2026"", ""year"": 2026, ""quarter"": 1, ""value"": 59262619694.0}, {""period"": ""Q2 2026"", ""year"": 2026, ""quarter"": 2, ""value"": 63196406741.0}]"
ACG,1,BalanceSheet,Quarter,3010108,8. Phải trả nội bộ ngắn hạn,30101,False,4,,"[{""period"": ""Q4 2018"", ""year"": 2018, ""quarter"": 4, ""value"": 0.0}, {""period"": ""Q1 2019"", ""year"": 2019, ""quarter"": 1, ""value"": 0.0}, {""period"": ""Q2 2019"", ""year"": 2019, ""quarter"": 2, ""value"": 0.0}, {""period"": ""Q3 2019"", ""year"": 2019, ""quarter"": 3, ""value"": 0.0}, {""period"": ""Q4 2019"", ""year"": 2019, ""quarter"": 4, ""value"": 0.0}, {""period"": ""Q2 2020"", ""year"": 2020, ""quarter"": 2, ""value"": 0.0}, {""period"": ""Q3 2020"", ""year"": 2020, ""quarter"": 3, ""value"": 0.0}, {""period"": ""Q4 2020"", ""year"": 2020, ""quarter"": 4, ""value"": 0.0}, {""period"": ""Q1 2021"", ""year"": 2021, ""quarter"": 1, ""value"": 0.0}, {""period"": ""Q2 2021"", ""year"": 2021, ""quarter"": 2, ""value"": 0.0}, {""period"": ""Q3 2021"", ""year"": 2021, ""quarter"": 3, ""value"": 0.0}, {""period"": ""Q4 2021"", ""year"": 2021, ""quarter"": 4, ""value"": 0.0}, {""period"": ""Q1 2022"", ""year"": 2022, ""quarter"": 1, ""value"": 0.0}, {""period"": ""Q2 2022"", ""year"": 2022, ""quarter"": 2, ""value"": 0.0}, {""period"": ""Q3 2022"", ""year"": 2022, ""quarter"": 3, ""value"": 0.0}, {""period"": ""Q4 2022"", ""year"": 2022, ""quarter"": 4, ""value"": 0.0}, {""period"": ""Q1 2023"", ""year"": 2023, ""quarter"": 1, ""value"": 0.0}, {""period"": ""Q2 2023"", ""year"": 2023, ""quarter"": 2, ""value"": 0.0}, {""period"": ""Q3 2023"", ""year"": 2023, ""quarter"": 3, ""value"": 0.0}, {""period"": ""Q4 2023"", ""year"": 2023, ""quarter"": 4, ""value"": 0.0}, {""period"": ""Q1 2024"", ""year"": 2024, ""quarter"": 1, ""value"": 0.0}, {""period"": ""Q2 2024"", ""year"": 2024, ""quarter"": 2, ""value"": 0.0}, {""period"": ""Q3 2024"", ""year"": 2024, ""quarter"": 3, ""value"": 0.0}, {""period"": ""Q4 2024"", ""year"": 2024, ""quarter"": 4, ""value"": 0.0}, {""period"": ""Q1 2025"", ""year"": 2025, ""quarter"": 1, ""value"": 0.0}, {""period"": ""Q2 2025"", ""year"": 2025, ""quarter"": 2, ""value"": 0.0}, {""period"": ""Q3 2025"", ""year"": 2025, ""quarter"": 3, ""value"": 0.0}, {""period"": ""Q4 2025"", ""year"": 2025, ""quarter"": 4, ""value"": 0.0}, {""period"": ""Q1 2026"", ""year"": 2026, ""quarter"": 1, ""value"": 0.0}, {""period"": ""Q2 2026"", ""year"": 2026, ""quarter"": 2, ""value"": 0.0}]"
ACG,1,BalanceSheet,Quarter,3010109,9. Phải trả theo tiến độ kế hoạch hợp đồng xây dựng,30101,False,4,,"[{""period"": ""Q4 2018"", ""year"": 2018, ""quarter"": 4, ""value"": 0.0}, {""period"": ""Q1 2019"", ""year"": 2019, ""quarter"": 1, ""value"": 0.0}, {""period"": ""Q2 2019"", ""year"": 2019, ""quarter"": 2, ""value"": 0.0}, {""period"": ""Q3 2019"", ""year"": 2019, ""quarter"": 3, ""value"": 0.0}, {""period"": ""Q4 2019"", ""year"": 2019, ""quarter"": 4, ""value"": 0.0}, {""period"": ""Q2 2020"", ""year"": 2020, ""quarter"": 2, ""value"": 0.0}, {""period"": ""Q3 2020"", ""year"": 2020, ""quarter"": 3, ""value"": 0.0}, {""period"": ""Q4 2020"", ""year"": 2020, ""quarter"": 4, ""value"": 0.0}, {""period"": ""Q1 2021"", ""year"": 2021, ""quarter"": 1, ""value"": 0.0}, {""period"": ""Q2 2021"", ""year"": 2021, ""quarter"": 2, ""value"": 0.0}, {""period"": ""Q3 2021"", ""year"": 2021, ""quarter"": 3, ""value"": 0.0}, {""period"": ""Q4 2021"", ""year"": 2021, ""quarter"": 4, ""value"": 0.0}, {""period"": ""Q1 2022"", ""year"": 2022, ""quarter"": 1, ""value"": 0.0}, {""period"": ""Q2 2022"", ""year"": 2022, ""quarter"": 2, ""value"": 0.0}, {""period"": ""Q3 2022"", ""year"": 2022, ""quarter"": 3, ""value"": 0.0}, {""period"": ""Q4 2022"", ""year"": 2022, ""quarter"": 4, ""value"": 0.0}, {""period"": ""Q1 2023"", ""year"": 2023, ""quarter"": 1, ""value"": 0.0}, {""period"": ""Q2 2023"", ""year"": 2023, ""quarter"": 2, ""value"": 0.0}, {""period"": ""Q3 2023"", ""year"": 2023, ""quarter"": 3, ""value"": 0.0}, {""period"": ""Q4 2023"", ""year"": 2023, ""quarter"": 4, ""value"": 0.0}, {""period"": ""Q1 2024"", ""year"": 2024, ""quarter"": 1, ""value"": 0.0}, {""period"": ""Q2 2024"", ""year"": 2024, ""quarter"": 2, ""value"": 0.0}, {""period"": ""Q3 2024"", ""year"": 2024, ""quarter"": 3, ""value"": 0.0}, {""period"": ""Q4 2024"", ""year"": 2024, ""quarter"": 4, ""value"": 0.0}, {""period"": ""Q1 2025"", ""year"": 2025, ""quarter"": 1, ""value"": 0.0}, {""period"": ""Q2 2025"", ""year"": 2025, ""quarter"": 2, ""value"": 0.0}, {""period"": ""Q3 2025"", ""year"": 2025, ""quarter"": 3, ""value"": 0.0}, {""period"": ""Q4 2025"", ""year"": 2025, ""quarter"": 4, ""value"": 0.0}, {""period"": ""Q1 2026"", ""year"": 2026, ""quarter"": 1, ""value"": 0.0}, {""period"": ""Q2 2026"", ""year"": 2026, ""quarter"": 2, ""value"": 0.0}]"
ACG,1,BalanceSheet,Quarter,3010110,10. Doanh thu chưa thực hiện ngắn hạn,30101,False,4,,"[{""period"": ""Q4 2018"", ""year"": 2018, ""quarter"": 4, ""value"": 0.0}, {""period"": ""Q1 2019"", ""year"": 2019, ""quarter"": 1, ""value"": 0.0}, {""period"": ""Q2 2019"", ""year"": 2019, ""quarter"": 2, ""value"": 0.0}, {""period"": ""Q3 2019"", ""year"": 2019, ""quarter"": 3, ""value"": 0.0}, {""period"": ""Q4 2019"", ""year"": 2019, ""quarter"": 4, ""value"": 0.0}, {""period"": ""Q2 2020"", ""year"": 2020, ""quarter"": 2, ""value"": 0.0}, {""period"": ""Q3 2020"", ""year"": 2020, ""quarter"": 3, ""value"": 1130344632.0}, {""period"": ""Q4 2020"", ""year"": 2020, ""quarter"": 4, ""value"": 1130344632.0}, {""period"": ""Q1 2021"", ""year"": 2021, ""quarter"": 1, ""value"": 1505344631.0}, {""period"": ""Q2 2021"", ""year"": 2021, ""quarter"": 2, ""value"": 1380344630.0}, {""period"": ""Q3 2021"", ""year"": 2021, ""quarter"": 3, ""value"": 1255344629.0}, {""period"": ""Q4 2021"", ""year"": 2021, ""quarter"": 4, ""value"": 1130344632.0}, {""period"": ""Q1 2022"", ""year"": 2022, ""quarter"": 1, ""value"": 657586157.0}, {""period"": ""Q2 2022"", ""year"": 2022, ""quarter"": 2, ""value"": 1380344630.0}, {""period"": ""Q3 2022"", ""year"": 2022, ""quarter"": 3, ""value"": 1255344629.0}, {""period"": ""Q4 2022"", ""year"": 2022, ""quarter"": 4, ""value"": 1630344632.0}, {""period"": ""Q1 2023"", ""year"": 2023, ""quarter"": 1, ""value"": 1505344632.0}, {""period"": ""Q2 2023"", ""year"": 2023, ""quarter"": 2, ""value"": 1380344631.0}, {""period"": ""Q3 2023"", ""year"": 2023, ""quarter"": 3, ""value"": 1255344630.0}, {""period"": ""Q4 2023"", ""year"": 2023, ""quarter"": 4, ""value"": 1403071904.0}, {""period"": ""Q1 2024"", ""year"": 2024, ""quarter"": 1, ""value"": 1050346013.0}, {""period"": ""Q2 2024"", ""year"": 2024, ""quarter"": 2, ""value"": 1266708278.0}, {""period"": ""Q3 2024"", ""year"": 2024, ""quarter"": 3, ""value"": 1104331074.0}, {""period"": ""Q4 2024"", ""year"": 2024, ""quarter"": 4, ""value"": 1069926731.0}, {""period"": ""Q1 2025"", ""year"": 2025, ""quarter"": 1, ""value"": 719158736.0}, {""period"": ""Q2 2025"", ""year"": 2025, ""quarter"": 2, ""value"": 368390741.0}, {""period"": ""Q3 2025"", ""year"": 2025, ""quarter"": 3, ""value"": 111818116.0}, {""period"": ""Q4 2025"", ""year"": 2025, ""quarter"": 4, ""value"": 1752316797.0}, {""period"": ""Q1 2026"", ""year"": 2026, ""quarter"": 1, ""value"": 1630923886.0}, {""period"": ""Q2 2026"", ""year"": 2026, ""quarter"": 2, ""value"": 1408770975.0}]"
ACG,1,BalanceSheet,Quarter,3010111,11. Phải trả ngắn hạn khác,30101,False,4,,"[{""period"": ""Q4 2018"", ""year"": 2018, ""quarter"": 4, ""value"": 2416202099.0}, {""period"": ""Q1 2019"", ""year"": 2019, ""quarter"": 1, ""value"": 2488419842.0}, {""period"": ""Q2 2019"", ""year"": 2019, ""quarter"": 2, ""value"": 1601250390.0}, {""period"": ""Q3 2019"", ""year"": 2019, ""quarter"": 3, ""value"": 1592445136.0}, {""period"": ""Q4 2019"", ""year"": 2019, ""quarter"": 4, ""value"": 1357671310.0}, {""period"": ""Q2 2020"", ""year"": 2020, ""quarter"": 2, ""value"": 5109555045.0}, {""period"": ""Q3 2020"", ""year"": 2020, ""quarter"": 3, ""value"": 5000803670.0}, {""period"": ""Q4 2020"", ""year"": 2020, ""quarter"": 4, ""value"": 1524645739.0}, {""period"": ""Q1 2021"", ""year"": 2021, ""quarter"": 1, ""value"": 6758801830.0}, {""period"": ""Q2 2021"", ""year"": 2021, ""quarter"": 2, ""value"": 6450976900.0}, {""period"": ""Q3 2021"", ""year"": 2021, ""quarter"": 3, ""value"": 11757879018.0}, {""period"": ""Q4 2021"", ""year"": 2021, ""quarter"": 4, ""value"": 11359884360.0}, {""period"": ""Q1 2022"", ""year"": 2022, ""quarter"": 1, ""value"": 24385954787.0}, {""period"": ""Q2 2022"", ""year"": 2022, ""quarter"": 2, ""value"": 11873355255.0}, {""period"": ""Q3 2022"", ""year"": 2022, ""quarter"": 3, ""value"": 5296834803.0}, {""period"": ""Q4 2022"", ""year"": 2022, ""quarter"": 4, ""value"": 3802766572.0}, {""period"": ""Q1 2023"", ""year"": 2023, ""quarter"": 1, ""value"": 2601074971.0}, {""period"": ""Q2 2023"", ""year"": 2023, ""quarter"": 2, ""value"": 8581449617.0}, {""period"": ""Q3 2023"", ""year"": 2023, ""quarter"": 3, ""value"": 9009959486.0}, {""period"": ""Q4 2023"", ""year"": 2023, ""quarter"": 4, ""value"": 2307823541.0}, {""period"": ""Q1 2024"", ""year"": 2024, ""quarter"": 1, ""value"": 2876057904.0}, {""period"": ""Q2 2024"", ""year"": 2024, ""quarter"": 2, ""value"": 124154558528.0}, {""period"": ""Q3 2024"", ""year"": 2024, ""quarter"": 3, ""value"": 4231638941.0}, {""period"": ""Q4 2024"", ""year"": 2024, ""quarter"": 4, ""value"": 3015062292.0}, {""period"": ""Q1 2025"", ""year"": 2025, ""quarter"": 1, ""value"": 8077929625.0}, {""period"": ""Q2 2025"", ""year"": 2025, ""quarter"": 2, ""value"": 9737157871.0}, {""period"": ""Q3 2025"", ""year"": 2025, ""quarter"": 3, ""value"": 3985049998.0}, {""period"": ""Q4 2025"", ""year"": 2025, ""quarter"": 4, ""value"": 2183778547.0}, {""period"": ""Q1 2026"", ""year"": 2026, ""quarter"": 1, ""value"": 2712850394.0}, {""period"": ""Q2 2026"", ""year"": 2026, ""quarter"": 2, ""value"": 163025819692.0}]"
ACG,1,BalanceSheet,Quarter,3010112,12. Dự phòng phải trả ngắn hạn,30101,False,4,,"[{""period"": ""Q4 2018"", ""year"": 2018, ""quarter"": 4, ""value"": 0.0}, {""period"": ""Q1 2019"", ""year"": 2019, ""quarter"": 1, ""value"": 0.0}, {""period"": ""Q2 2019"", ""year"": 2019, ""quarter"": 2, ""value"": 0.0}, {""period"": ""Q3 2019"", ""year"": 2019, ""quarter"": 3, ""value"": 0.0}, {""period"": ""Q4 2019"", ""year"": 2019, ""quarter"": 4, ""value"": 0.0}, {""period"": ""Q2 2020"", ""year"": 2020, ""quarter"": 2, ""value"": 0.0}, {""period"": ""Q3 2020"", ""year"": 2020, ""quarter"": 3, ""value"": 0.0}, {""period"": ""Q4 2020"", ""year"": 2020, ""quarter"": 4, ""value"": 0.0}, {""period"": ""Q1 2021"", ""year"": 2021, ""quarter"": 1, ""value"": 0.0}, {""period"": ""Q2 2021"", ""year"": 2021, ""quarter"": 2, ""value"": 0.0}, {""period"": ""Q3 2021"", ""year"": 2021, ""quarter"": 3, ""value"": 0.0}, {""period"": ""Q4 2021"", ""year"": 2021, ""quarter"": 4, ""value"": 0.0}, {""period"": ""Q1 2022"", ""year"": 2022, ""quarter"": 1, ""value"": 0.0}, {""period"": ""Q2 2022"", ""year"": 2022, ""quarter"": 2, ""value"": 0.0}, {""period"": ""Q3 2022"", ""year"": 2022, ""quarter"": 3, ""value"": 0.0}, {""period"": ""Q4 2022"", ""year"": 2022, ""quarter"": 4, ""value"": 0.0}, {""period"": ""Q1 2023"", ""year"": 2023, ""quarter"": 1, ""value"": 0.0}, {""period"": ""Q2 2023"", ""year"": 2023, ""quarter"": 2, ""value"": 0.0}, {""period"": ""Q3 2023"", ""year"": 2023, ""quarter"": 3, ""value"": 0.0}, {""period"": ""Q4 2023"", ""year"": 2023, ""quarter"": 4, ""value"": 0.0}, {""period"": ""Q1 2024"", ""year"": 2024, ""quarter"": 1, ""value"": 0.0}, {""period"": ""Q2 2024"", ""year"": 2024, ""quarter"": 2, ""value"": 0.0}, {""period"": ""Q3 2024"", ""year"": 2024, ""quarter"": 3, ""value"": 0.0}, {""period"": ""Q4 2024"", ""year"": 2024, ""quarter"": 4, ""value"": 0.0}, {""period"": ""Q1 2025"", ""year"": 2025, ""quarter"": 1, ""value"": 0.0}, {""period"": ""Q2 2025"", ""year"": 2025, ""quarter"": 2, ""value"": 0.0}, {""period"": ""Q3 2025"", ""year"": 2025, ""quarter"": 3, ""value"": 0.0}, {""period"": ""Q4 2025"", ""year"": 2025, ""quarter"": 4, ""value"": 0.0}, {""period"": ""Q1 2026"", ""year"": 2026, ""quarter"": 1, ""value"": 0.0}, {""period"": ""Q2 2026"", ""year"": 2026, ""quarter"": 2, ""value"": 0.0}]"
ACG,1,BalanceSheet,Quarter,3010113,13. Quỹ khen thưởng phúc lợi,30101,False,4,,"[{""period"": ""Q4 2018"", ""year"": 2018, ""quarter"": 4, ""value"": 8653100000.0}, {""period"": ""Q1 2019"", ""year"": 2019, ""quarter"": 1, ""value"": 7734400000.0}, {""period"": ""Q2 2019"", ""year"": 2019, ""quarter"": 2, ""value"": 32993886806.0}, {""period"": ""Q3 2019"", ""year"": 2019, ""quarter"": 3, ""value"": 32993886806.0}, {""period"": ""Q4 2019"", ""year"": 2019, ""quarter"": 4, ""value"": 994387806.0}, {""period"": ""Q2 2020"", ""year"": 2020, ""quarter"": 2, ""value"": 24465297950.0}, {""period"": ""Q3 2020"", ""year"": 2020, ""quarter"": 3, ""value"": 24274297950.0}, {""period"": ""Q4 2020"", ""year"": 2020, ""quarter"": 4, ""value"": 175035270.0}, {""period"": ""Q1 2021"", ""year"": 2021, ""quarter"": 1, ""value"": 214980070.0}, {""period"": ""Q2 2021"", ""year"": 2021, ""quarter"": 2, ""value"": 26344264106.0}, {""period"": ""Q3 2021"", ""year"": 2021, ""quarter"": 3, ""value"": 9997130604.0}, {""period"": ""Q4 2021"", ""year"": 2021, ""quarter"": 4, ""value"": 2666298490.0}, {""period"": ""Q1 2022"", ""year"": 2022, ""quarter"": 1, ""value"": 530037531.0}, {""period"": ""Q2 2022"", ""year"": 2022, ""quarter"": 2, ""value"": 49055357966.0}, {""period"": ""Q3 2022"", ""year"": 2022, ""quarter"": 3, ""value"": 48358278459.0}, {""period"": ""Q4 2022"", ""year"": 2022, ""quarter"": 4, ""value"": 39016837567.0}, {""period"": ""Q1 2023"", ""year"": 2023, ""quarter"": 1, ""value"": 35022114067.0}, {""period"": ""Q2 2023"", ""year"": 2023, ""quarter"": 2, ""value"": 83376044818.0}, {""period"": ""Q3 2023"", ""year"": 2023, ""quarter"": 3, ""value"": 72727804168.0}, {""period"": ""Q4 2023"", ""year"": 2023, ""quarter"": 4, ""value"": 23673717168.0}, {""period"": ""Q1 2024"", ""year"": 2024, ""quarter"": 1, ""value"": 20617067168.0}, {""period"": ""Q2 2024"", ""year"": 2024, ""quarter"": 2, ""value"": 85949782732.0}, {""period"": ""Q3 2024"", ""year"": 2024, ""quarter"": 3, ""value"": 79123882732.0}, {""period"": ""Q4 2024"", ""year"": 2024, ""quarter"": 4, ""value"": 75948882732.0}, {""period"": ""Q1 2025"", ""year"": 2025, ""quarter"": 1, ""value"": 74886512732.0}, {""period"": ""Q2 2025"", ""year"": 2025, ""quarter"": 2, ""value"": 108747574159.0}, {""period"": ""Q3 2025"", ""year"": 2025, ""quarter"": 3, ""value"": 102686754159.0}, {""period"": ""Q4 2025"", ""year"": 2025, ""quarter"": 4, ""value"": 87279788693.0}, {""period"": ""Q1 2026"", ""year"": 2026, ""quarter"": 1, ""value"": 80158909273.0}, {""period"": ""Q2 2026"", ""year"": 2026, ""quarter"": 2, ""value"": 101293523122.0}]"
ACG,1,BalanceSheet,Quarter,3010114,14. Quỹ bình ổn giá,30101,False,4,,"[{""period"": ""Q4 2018"", ""year"": 2018, ""quarter"": 4, ""value"": 0.0}, {""period"": ""Q1 2019"", ""year"": 2019, ""quarter"": 1, ""value"": 0.0}, {""period"": ""Q2 2019"", ""year"": 2019, ""quarter"": 2, ""value"": 0.0}, {""period"": ""Q3 2019"", ""year"": 2019, ""quarter"": 3, ""value"": 0.0}, {""period"": ""Q4 2019"", ""year"": 2019, ""quarter"": 4, ""value"": 0.0}, {""period"": ""Q2 2020"", ""year"": 2020, ""quarter"": 2, ""value"": 0.0}, {""period"": ""Q3 2020"", ""year"": 2020, ""quarter"": 3, ""value"": 0.0}, {""period"": ""Q4 2020"", ""year"": 2020, ""quarter"": 4, ""value"": 0.0}, {""period"": ""Q1 2021"", ""year"": 2021, ""quarter"": 1, ""value"": 0.0}, {""period"": ""Q2 2021"", ""year"": 2021, ""quarter"": 2, ""value"": 0.0}, {""period"": ""Q3 2021"", ""year"": 2021, ""quarter"": 3, ""value"": 0.0}, {""period"": ""Q4 2021"", ""year"": 2021, ""quarter"": 4, ""value"": 0.0}, {""period"": ""Q1 2022"", ""year"": 2022, ""quarter"": 1, ""value"": 0.0}, {""period"": ""Q2 2022"", ""year"": 2022, ""quarter"": 2, ""value"": 0.0}, {""period"": ""Q3 2022"", ""year"": 2022, ""quarter"": 3, ""value"": 0.0}, {""period"": ""Q4 2022"", ""year"": 2022, ""quarter"": 4, ""value"": 0.0}, {""period"": ""Q1 2023"", ""year"": 2023, ""quarter"": 1, ""value"": 0.0}, {""period"": ""Q2 2023"", ""year"": 2023, ""quarter"": 2, ""value"": 0.0}, {""period"": ""Q3 2023"", ""year"": 2023, ""quarter"": 3, ""value"": 0.0}, {""period"": ""Q4 2023"", ""year"": 2023, ""quarter"": 4, ""value"": 0.0}, {""period"": ""Q1 2024"", ""year"": 2024, ""quarter"": 1, ""value"": 0.0}, {""period"": ""Q2 2024"", ""year"": 2024, ""quarter"": 2, ""value"": 0.0}, {""period"": ""Q3 2024"", ""year"": 2024, ""quarter"": 3, ""value"": 0.0}, {""period"": ""Q4 2024"", ""year"": 2024, ""quarter"": 4, ""value"": 0.0}, {""period"": ""Q1 2025"", ""year"": 2025, ""quarter"": 1, ""value"": 0.0}, {""period"": ""Q2 2025"", ""year"": 2025, ""quarter"": 2, ""value"": 0.0}, {""period"": ""Q3 2025"", ""year"": 2025, ""quarter"": 3, ""value"": 0.0}, {""period"": ""Q4 2025"", ""year"": 2025, ""quarter"": 4, ""value"": 0.0}, {""period"": ""Q1 2026"", ""year"": 2026, ""quarter"": 1, ""value"": 0.0}, {""period"": ""Q2 2026"", ""year"": 2026, ""quarter"": 2, ""value"": 0.0}]"
ACG,1,BalanceSheet,Quarter,3010115,15. Giao dịch mua bán lại trái phiếu chính phủ,30101,False,4,,"[{""period"": ""Q4 2018"", ""year"": 2018, ""quarter"": 4, ""value"": 0.0}, {""period"": ""Q1 2019"", ""year"": 2019, ""quarter"": 1, ""value"": 0.0}, {""period"": ""Q2 2019"", ""year"": 2019, ""quarter"": 2, ""value"": 0.0}, {""period"": ""Q3 2019"", ""year"": 2019, ""quarter"": 3, ""value"": 0.0}, {""period"": ""Q4 2019"", ""year"": 2019, ""quarter"": 4, ""value"": 0.0}, {""period"": ""Q2 2020"", ""year"": 2020, ""quarter"": 2, ""value"": 0.0}, {""period"": ""Q3 2020"", ""year"": 2020, ""quarter"": 3, ""value"": 0.0}, {""period"": ""Q4 2020"", ""year"": 2020, ""quarter"": 4, ""value"": 0.0}, {""period"": ""Q1 2021"", ""year"": 2021, ""quarter"": 1, ""value"": 0.0}, {""period"": ""Q2 2021"", ""year"": 2021, ""quarter"": 2, ""value"": 0.0}, {""period"": ""Q3 2021"", ""year"": 2021, ""quarter"": 3, ""value"": 0.0}, {""period"": ""Q4 2021"", ""year"": 2021, ""quarter"": 4, ""value"": 0.0}, {""period"": ""Q1 2022"", ""year"": 2022, ""quarter"": 1, ""value"": 0.0}, {""period"": ""Q2 2022"", ""year"": 2022, ""quarter"": 2, ""value"": 0.0}, {""period"": ""Q3 2022"", ""year"": 2022, ""quarter"": 3, ""value"": 0.0}, {""period"": ""Q4 2022"", ""year"": 2022, ""quarter"": 4, ""value"": 0.0}, {""period"": ""Q1 2023"", ""year"": 2023, ""quarter"": 1, ""value"": 0.0}, {""period"": ""Q2 2023"", ""year"": 2023, ""quarter"": 2, ""value"": 0.0}, {""period"": ""Q3 2023"", ""year"": 2023, ""quarter"": 3, ""value"": 0.0}, {""period"": ""Q4 2023"", ""year"": 2023, ""quarter"": 4, ""value"": 0.0}, {""period"": ""Q1 2024"", ""year"": 2024, ""quarter"": 1, ""value"": 0.0}, {""period"": ""Q2 2024"", ""year"": 2024, ""quarter"": 2, ""value"": 0.0}, {""period"": ""Q3 2024"", ""year"": 2024, ""quarter"": 3, ""value"": 0.0}, {""period"": ""Q4 2024"", ""year"": 2024, ""quarter"": 4, ""value"": 0.0}, {""period"": ""Q1 2025"", ""year"": 2025, ""quarter"": 1, ""value"": 0.0}, {""period"": ""Q2 2025"", ""year"": 2025, ""quarter"": 2, ""value"": 0.0}, {""period"": ""Q3 2025"", ""year"": 2025, ""quarter"": 3, ""value"": 0.0}, {""period"": ""Q4 2025"", ""year"": 2025, ""quarter"": 4, ""value"": 0.0}, {""period"": ""Q1 2026"", ""year"": 2026, ""quarter"": 1, ""value"": 0.0}, {""period"": ""Q2 2026"", ""year"": 2026, ""quarter"": 2, ""value"": 0.0}]"
ACG,1,BalanceSheet,Quarter,30102,II. Nợ dài hạn,301,False,3,,"[{""period"": ""Q4 2018"", ""year"": 2018, ""quarter"": 4, ""value"": 0.0}, {""period"": ""Q1 2019"", ""year"": 2019, ""quarter"": 1, ""value"": 0.0}, {""period"": ""Q2 2019"", ""year"": 2019, ""quarter"": 2, ""value"": 0.0}, {""period"": ""Q3 2019"", ""year"": 2019, ""quarter"": 3, ""value"": 0.0}, {""period"": ""Q4 2019"", ""year"": 2019, ""quarter"": 4, ""value"": 0.0}, {""period"": ""Q2 2020"", ""year"": 2020, ""quarter"": 2, ""value"": 2346940000.0}, {""period"": ""Q3 2020"", ""year"": 2020, ""quarter"": 3, ""value"": 6774123137.0}, {""period"": ""Q4 2020"", ""year"": 2020, ""quarter"": 4, ""value"": 6594951979.0}, {""period"": ""Q1 2021"", ""year"": 2021, ""quarter"": 1, ""value"": 6312365821.0}, {""period"": ""Q2 2021"", ""year"": 2021, ""quarter"": 2, ""value"": 6029779663.0}, {""period"": ""Q3 2021"", ""year"": 2021, ""quarter"": 3, ""value"": 5747193505.0}, {""period"": ""Q4 2021"", ""year"": 2021, ""quarter"": 4, ""value"": 9547656097.0}, {""period"": ""Q1 2022"", ""year"": 2022, ""quarter"": 1, ""value"": 10112828413.0}, {""period"": ""Q2 2022"", ""year"": 2022, ""quarter"": 2, ""value"": 9042397948.0}, {""period"": ""Q3 2022"", ""year"": 2022, ""quarter"": 3, ""value"": 8759811790.0}, {""period"": ""Q4 2022"", ""year"": 2022, ""quarter"": 4, ""value"": 12670226882.0}, {""period"": ""Q1 2023"", ""year"": 2023, ""quarter"": 1, ""value"": 11264384554.0}, {""period"": ""Q2 2023"", ""year"": 2023, ""quarter"": 2, ""value"": 10981798395.0}, {""period"": ""Q3 2023"", ""year"": 2023, ""quarter"": 3, ""value"": 14466880578.0}, {""period"": ""Q4 2023"", ""year"": 2023, ""quarter"": 4, ""value"": 15020821911.0}, {""period"": ""Q1 2024"", ""year"": 2024, ""quarter"": 1, ""value"": 15920821911.0}, {""period"": ""Q2 2024"", ""year"": 2024, ""quarter"": 2, ""value"": 15085190431.0}, {""period"": ""Q3 2024"", ""year"": 2024, ""quarter"": 3, ""value"": 11596799664.0}, {""period"": ""Q4 2024"", ""year"": 2024, ""quarter"": 4, ""value"": 12810074337.0}, {""period"": ""Q1 2025"", ""year"": 2025, ""quarter"": 1, ""value"": 13493709367.0}, {""period"": ""Q2 2025"", ""year"": 2025, ""quarter"": 2, ""value"": 10410254329.0}, {""period"": ""Q3 2025"", ""year"": 2025, ""quarter"": 3, ""value"": 12644270901.0}, {""period"": ""Q4 2025"", ""year"": 2025, ""quarter"": 4, ""value"": 73770878412.0}, {""period"": ""Q1 2026"", ""year"": 2026, ""quarter"": 1, ""value"": 230250811315.0}, {""period"": ""Q2 2026"", ""year"": 2026, ""quarter"": 2, ""value"": 670054658770.0}]"
ACG,1,BalanceSheet,Quarter,3010201,1. Phải trả người bán dài hạn,30102,False,4,,"[{""period"": ""Q4 2018"", ""year"": 2018, ""quarter"": 4, ""value"": 0.0}, {""period"": ""Q1 2019"", ""year"": 2019, ""quarter"": 1, ""value"": 0.0}, {""period"": ""Q2 2019"", ""year"": 2019, ""quarter"": 2, ""value"": 0.0}, {""period"": ""Q3 2019"", ""year"": 2019, ""quarter"": 3, ""value"": 0.0}, {""period"": ""Q4 2019"", ""year"": 2019, ""quarter"": 4, ""value"": 0.0}, {""period"": ""Q2 2020"", ""year"": 2020, ""quarter"": 2, ""value"": 0.0}, {""period"": ""Q3 2020"", ""year"": 2020, ""quarter"": 3, ""value"": 0.0}, {""period"": ""Q4 2020"", ""year"": 2020, ""quarter"": 4, ""value"": 0.0}, {""period"": ""Q1 2021"", ""year"": 2021, ""quarter"": 1, ""value"": 0.0}, {""period"": ""Q2 2021"", ""year"": 2021, ""quarter"": 2, ""value"": 0.0}, {""period"": ""Q3 2021"", ""year"": 2021, ""quarter"": 3, ""value"": 0.0}, {""period"": ""Q4 2021"", ""year"": 2021, ""quarter"": 4, ""value"": 0.0}, {""period"": ""Q1 2022"", ""year"": 2022, ""quarter"": 1, ""value"": 0.0}, {""period"": ""Q2 2022"", ""year"": 2022, ""quarter"": 2, ""value"": 0.0}, {""period"": ""Q3 2022"", ""year"": 2022, ""quarter"": 3, ""value"": 0.0}, {""period"": ""Q4 2022"", ""year"": 2022, ""quarter"": 4, ""value"": 0.0}, {""period"": ""Q1 2023"", ""year"": 2023, ""quarter"": 1, ""value"": 0.0}, {""period"": ""Q2 2023"", ""year"": 2023, ""quarter"": 2, ""value"": 0.0}, {""period"": ""Q3 2023"", ""year"": 2023, ""quarter"": 3, ""value"": 0.0}, {""period"": ""Q4 2023"", ""year"": 2023, ""quarter"": 4, ""value"": 0.0}, {""period"": ""Q1 2024"", ""year"": 2024, ""quarter"": 1, ""value"": 0.0}, {""period"": ""Q2 2024"", ""year"": 2024, ""quarter"": 2, ""value"": 0.0}, {""period"": ""Q3 2024"", ""year"": 2024, ""quarter"": 3, ""value"": 0.0}, {""period"": ""Q4 2024"", ""year"": 2024, ""quarter"": 4, ""value"": 0.0}, {""period"": ""Q1 2025"", ""year"": 2025, ""quarter"": 1, ""value"": 0.0}, {""period"": ""Q2 2025"", ""year"": 2025, ""quarter"": 2, ""value"": 0.0}, {""period"": ""Q3 2025"", ""year"": 2025, ""quarter"": 3, ""value"": 0.0}, {""period"": ""Q4 2025"", ""year"": 2025, ""quarter"": 4, ""value"": 0.0}, {""period"": ""Q1 2026"", ""year"": 2026, ""quarter"": 1, ""value"": 14057329.0}, {""period"": ""Q2 2026"", ""year"": 2026, ""quarter"": 2, ""value"": 0.0}]"
ACG,1,BalanceSheet,Quarter,3010202,2. Chi phí phải trả dài hạn,30102,False,4,,"[{""period"": ""Q4 2018"", ""year"": 2018, ""quarter"": 4, ""value"": 0.0}, {""period"": ""Q1 2019"", ""year"": 2019, ""quarter"": 1, ""value"": 0.0}, {""period"": ""Q2 2019"", ""year"": 2019, ""quarter"": 2, ""value"": 0.0}, {""period"": ""Q3 2019"", ""year"": 2019, ""quarter"": 3, ""value"": 0.0}, {""period"": ""Q4 2019"", ""year"": 2019, ""quarter"": 4, ""value"": 0.0}, {""period"": ""Q2 2020"", ""year"": 2020, ""quarter"": 2, ""value"": 0.0}, {""period"": ""Q3 2020"", ""year"": 2020, ""quarter"": 3, ""value"": 0.0}, {""period"": ""Q4 2020"", ""year"": 2020, ""quarter"": 4, ""value"": 0.0}, {""period"": ""Q1 2021"", ""year"": 2021, ""quarter"": 1, ""value"": 0.0}, {""period"": ""Q2 2021"", ""year"": 2021, ""quarter"": 2, ""value"": 0.0}, {""period"": ""Q3 2021"", ""year"": 2021, ""quarter"": 3, ""value"": 0.0}, {""period"": ""Q4 2021"", ""year"": 2021, ""quarter"": 4, ""value"": 0.0}, {""period"": ""Q1 2022"", ""year"": 2022, ""quarter"": 1, ""value"": 0.0}, {""period"": ""Q2 2022"", ""year"": 2022, ""quarter"": 2, ""value"": 0.0}, {""period"": ""Q3 2022"", ""year"": 2022, ""quarter"": 3, ""value"": 0.0}, {""period"": ""Q4 2022"", ""year"": 2022, ""quarter"": 4, ""value"": 0.0}, {""period"": ""Q1 2023"", ""year"": 2023, ""quarter"": 1, ""value"": 0.0}, {""period"": ""Q2 2023"", ""year"": 2023, ""quarter"": 2, ""value"": 0.0}, {""period"": ""Q3 2023"", ""year"": 2023, ""quarter"": 3, ""value"": 0.0}, {""period"": ""Q4 2023"", ""year"": 2023, ""quarter"": 4, ""value"": 0.0}, {""period"": ""Q1 2024"", ""year"": 2024, ""quarter"": 1, ""value"": 0.0}, {""period"": ""Q2 2024"", ""year"": 2024, ""quarter"": 2, ""value"": 0.0}, {""period"": ""Q3 2024"", ""year"": 2024, ""quarter"": 3, ""value"": 0.0}, {""period"": ""Q4 2024"", ""year"": 2024, ""quarter"": 4, ""value"": 0.0}, {""period"": ""Q1 2025"", ""year"": 2025, ""quarter"": 1, ""value"": 0.0}, {""period"": ""Q2 2025"", ""year"": 2025, ""quarter"": 2, ""value"": 0.0}, {""period"": ""Q3 2025"", ""year"": 2025, ""quarter"": 3, ""value"": 0.0}, {""period"": ""Q4 2025"", ""year"": 2025, ""quarter"": 4, ""value"": 0.0}, {""period"": ""Q1 2026"", ""year"": 2026, ""quarter"": 1, ""value"": 0.0}, {""period"": ""Q2 2026"", ""year"": 2026, ""quarter"": 2, ""value"": 0.0}]"
ACG,1,BalanceSheet,Quarter,3010203,3. Phải trả nội bộ về vốn kinh doanh,30102,False,4,,"[{""period"": ""Q4 2018"", ""year"": 2018, ""quarter"": 4, ""value"": 0.0}, {""period"": ""Q1 2019"", ""year"": 2019, ""quarter"": 1, ""value"": 0.0}, {""period"": ""Q2 2019"", ""year"": 2019, ""quarter"": 2, ""value"": 0.0}, {""period"": ""Q3 2019"", ""year"": 2019, ""quarter"": 3, ""value"": 0.0}, {""period"": ""Q4 2019"", ""year"": 2019, ""quarter"": 4, ""value"": 0.0}, {""period"": ""Q2 2020"", ""year"": 2020, ""quarter"": 2, ""value"": 0.0}, {""period"": ""Q3 2020"", ""year"": 2020, ""quarter"": 3, ""value"": 0.0}, {""period"": ""Q4 2020"", ""year"": 2020, ""quarter"": 4, ""value"": 0.0}, {""period"": ""Q1 2021"", ""year"": 2021, ""quarter"": 1, ""value"": 0.0}, {""period"": ""Q2 2021"", ""year"": 2021, ""quarter"": 2, ""value"": 0.0}, {""period"": ""Q3 2021"", ""year"": 2021, ""quarter"": 3, ""value"": 0.0}, {""period"": ""Q4 2021"", ""year"": 2021, ""quarter"": 4, ""value"": 0.0}, {""period"": ""Q1 2022"", ""year"": 2022, ""quarter"": 1, ""value"": 0.0}, {""period"": ""Q2 2022"", ""year"": 2022, ""quarter"": 2, ""value"": 0.0}, {""period"": ""Q3 2022"", ""year"": 2022, ""quarter"": 3, ""value"": 0.0}, {""period"": ""Q4 2022"", ""year"": 2022, ""quarter"": 4, ""value"": 0.0}, {""period"": ""Q1 2023"", ""year"": 2023, ""quarter"": 1, ""value"": 0.0}, {""period"": ""Q2 2023"", ""year"": 2023, ""quarter"": 2, ""value"": 0.0}, {""period"": ""Q3 2023"", ""year"": 2023, ""quarter"": 3, ""value"": 0.0}, {""period"": ""Q4 2023"", ""year"": 2023, ""quarter"": 4, ""value"": 0.0}, {""period"": ""Q1 2024"", ""year"": 2024, ""quarter"": 1, ""value"": 0.0}, {""period"": ""Q2 2024"", ""year"": 2024, ""quarter"": 2, ""value"": 0.0}, {""period"": ""Q3 2024"", ""year"": 2024, ""quarter"": 3, ""value"": 0.0}, {""period"": ""Q4 2024"", ""year"": 2024, ""quarter"": 4, ""value"": 0.0}, {""period"": ""Q1 2025"", ""year"": 2025, ""quarter"": 1, ""value"": 0.0}, {""period"": ""Q2 2025"", ""year"": 2025, ""quarter"": 2, ""value"": 0.0}, {""period"": ""Q3 2025"", ""year"": 2025, ""quarter"": 3, ""value"": 0.0}, {""period"": ""Q4 2025"", ""year"": 2025, ""quarter"": 4, ""value"": 0.0}, {""period"": ""Q1 2026"", ""year"": 2026, ""quarter"": 1, ""value"": 0.0}, {""period"": ""Q2 2026"", ""year"": 2026, ""quarter"": 2, ""value"": 0.0}]"
ACG,1,BalanceSheet,Quarter,3010204,4. Phải trả nội bộ dài hạn,30102,False,4,,"[{""period"": ""Q4 2018"", ""year"": 2018, ""quarter"": 4, ""value"": 0.0}, {""period"": ""Q1 2019"", ""year"": 2019, ""quarter"": 1, ""value"": 0.0}, {""period"": ""Q2 2019"", ""year"": 2019, ""quarter"": 2, ""value"": 0.0}, {""period"": ""Q3 2019"", ""year"": 2019, ""quarter"": 3, ""value"": 0.0}, {""period"": ""Q4 2019"", ""year"": 2019, ""quarter"": 4, ""value"": 0.0}, {""period"": ""Q2 2020"", ""year"": 2020, ""quarter"": 2, ""value"": 0.0}, {""period"": ""Q3 2020"", ""year"": 2020, ""quarter"": 3, ""value"": 0.0}, {""period"": ""Q4 2020"", ""year"": 2020, ""quarter"": 4, ""value"": 0.0}, {""period"": ""Q1 2021"", ""year"": 2021, ""quarter"": 1, ""value"": 0.0}, {""period"": ""Q2 2021"", ""year"": 2021, ""quarter"": 2, ""value"": 0.0}, {""period"": ""Q3 2021"", ""year"": 2021, ""quarter"": 3, ""value"": 0.0}, {""period"": ""Q4 2021"", ""year"": 2021, ""quarter"": 4, ""value"": 0.0}, {""period"": ""Q1 2022"", ""year"": 2022, ""quarter"": 1, ""value"": 0.0}, {""period"": ""Q2 2022"", ""year"": 2022, ""quarter"": 2, ""value"": 0.0}, {""period"": ""Q3 2022"", ""year"": 2022, ""quarter"": 3, ""value"": 0.0}, {""period"": ""Q4 2022"", ""year"": 2022, ""quarter"": 4, ""value"": 0.0}, {""period"": ""Q1 2023"", ""year"": 2023, ""quarter"": 1, ""value"": 0.0}, {""period"": ""Q2 2023"", ""year"": 2023, ""quarter"": 2, ""value"": 0.0}, {""period"": ""Q3 2023"", ""year"": 2023, ""quarter"": 3, ""value"": 0.0}, {""period"": ""Q4 2023"", ""year"": 2023, ""quarter"": 4, ""value"": 0.0}, {""period"": ""Q1 2024"", ""year"": 2024, ""quarter"": 1, ""value"": 0.0}, {""period"": ""Q2 2024"", ""year"": 2024, ""quarter"": 2, ""value"": 0.0}, {""period"": ""Q3 2024"", ""year"": 2024, ""quarter"": 3, ""value"": 0.0}, {""period"": ""Q4 2024"", ""year"": 2024, ""quarter"": 4, ""value"": 0.0}, {""period"": ""Q1 2025"", ""year"": 2025, ""quarter"": 1, ""value"": 0.0}, {""period"": ""Q2 2025"", ""year"": 2025, ""quarter"": 2, ""value"": 0.0}, {""period"": ""Q3 2025"", ""year"": 2025, ""quarter"": 3, ""value"": 0.0}, {""period"": ""Q4 2025"", ""year"": 2025, ""quarter"": 4, ""value"": 0.0}, {""period"": ""Q1 2026"", ""year"": 2026, ""quarter"": 1, ""value"": 0.0}, {""period"": ""Q2 2026"", ""year"": 2026, ""quarter"": 2, ""value"": 0.0}]"
ACG,1,BalanceSheet,Quarter,3010205,5. Phải trả dài hạn khác,30102,False,4,,"[{""period"": ""Q4 2018"", ""year"": 2018, ""quarter"": 4, ""value"": 0.0}, {""period"": ""Q1 2019"", ""year"": 2019, ""quarter"": 1, ""value"": 0.0}, {""period"": ""Q2 2019"", ""year"": 2019, ""quarter"": 2, ""value"": 0.0}, {""period"": ""Q3 2019"", ""year"": 2019, ""quarter"": 3, ""value"": 0.0}, {""period"": ""Q4 2019"", ""year"": 2019, ""quarter"": 4, ""value"": 0.0}, {""period"": ""Q2 2020"", ""year"": 2020, ""quarter"": 2, ""value"": 0.0}, {""period"": ""Q3 2020"", ""year"": 2020, ""quarter"": 3, ""value"": 0.0}, {""period"": ""Q4 2020"", ""year"": 2020, ""quarter"": 4, ""value"": 0.0}, {""period"": ""Q1 2021"", ""year"": 2021, ""quarter"": 1, ""value"": 0.0}, {""period"": ""Q2 2021"", ""year"": 2021, ""quarter"": 2, ""value"": 0.0}, {""period"": ""Q3 2021"", ""year"": 2021, ""quarter"": 3, ""value"": 0.0}, {""period"": ""Q4 2021"", ""year"": 2021, ""quarter"": 4, ""value"": 0.0}, {""period"": ""Q1 2022"", ""year"": 2022, ""quarter"": 1, ""value"": 0.0}, {""period"": ""Q2 2022"", ""year"": 2022, ""quarter"": 2, ""value"": 0.0}, {""period"": ""Q3 2022"", ""year"": 2022, ""quarter"": 3, ""value"": 0.0}, {""period"": ""Q4 2022"", ""year"": 2022, ""quarter"": 4, ""value"": 0.0}, {""period"": ""Q1 2023"", ""year"": 2023, ""quarter"": 1, ""value"": 0.0}, {""period"": ""Q2 2023"", ""year"": 2023, ""quarter"": 2, ""value"": 0.0}, {""period"": ""Q3 2023"", ""year"": 2023, ""quarter"": 3, ""value"": 0.0}, {""period"": ""Q4 2023"", ""year"": 2023, ""quarter"": 4, ""value"": 0.0}, {""period"": ""Q1 2024"", ""year"": 2024, ""quarter"": 1, ""value"": 0.0}, {""period"": ""Q2 2024"", ""year"": 2024, ""quarter"": 2, ""value"": 0.0}, {""period"": ""Q3 2024"", ""year"": 2024, ""quarter"": 3, ""value"": 0.0}, {""period"": ""Q4 2024"", ""year"": 2024, ""quarter"": 4, ""value"": 0.0}, {""period"": ""Q1 2025"", ""year"": 2025, ""quarter"": 1, ""value"": 0.0}, {""period"": ""Q2 2025"", ""year"": 2025, ""quarter"": 2, ""value"": 0.0}, {""period"": ""Q3 2025"", ""year"": 2025, ""quarter"": 3, ""value"": 0.0}, {""period"": ""Q4 2025"", ""year"": 2025, ""quarter"": 4, ""value"": 0.0}, {""period"": ""Q1 2026"", ""year"": 2026, ""quarter"": 1, ""value"": 0.0}, {""period"": ""Q2 2026"", ""year"": 2026, ""quarter"": 2, ""value"": 0.0}]"
ACG,1,BalanceSheet,Quarter,3010206,6. Vay và nợ thuê tài chính dài hạn,30102,False,4,,"[{""period"": ""Q4 2018"", ""year"": 2018, ""quarter"": 4, ""value"": 0.0}, {""period"": ""Q1 2019"", ""year"": 2019, ""quarter"": 1, ""value"": 0.0}, {""period"": ""Q2 2019"", ""year"": 2019, ""quarter"": 2, ""value"": 0.0}, {""period"": ""Q3 2019"", ""year"": 2019, ""quarter"": 3, ""value"": 0.0}, {""period"": ""Q4 2019"", ""year"": 2019, ""quarter"": 4, ""value"": 0.0}, {""period"": ""Q2 2020"", ""year"": 2020, ""quarter"": 2, ""value"": 0.0}, {""period"": ""Q3 2020"", ""year"": 2020, ""quarter"": 3, ""value"": 0.0}, {""period"": ""Q4 2020"", ""year"": 2020, ""quarter"": 4, ""value"": 0.0}, {""period"": ""Q1 2021"", ""year"": 2021, ""quarter"": 1, ""value"": 0.0}, {""period"": ""Q2 2021"", ""year"": 2021, ""quarter"": 2, ""value"": 0.0}, {""period"": ""Q3 2021"", ""year"": 2021, ""quarter"": 3, ""value"": 0.0}, {""period"": ""Q4 2021"", ""year"": 2021, ""quarter"": 4, ""value"": 0.0}, {""period"": ""Q1 2022"", ""year"": 2022, ""quarter"": 1, ""value"": 0.0}, {""period"": ""Q2 2022"", ""year"": 2022, ""quarter"": 2, ""value"": 0.0}, {""period"": ""Q3 2022"", ""year"": 2022, ""quarter"": 3, ""value"": 0.0}, {""period"": ""Q4 2022"", ""year"": 2022, ""quarter"": 4, ""value"": 0.0}, {""period"": ""Q1 2023"", ""year"": 2023, ""quarter"": 1, ""value"": 0.0}, {""period"": ""Q2 2023"", ""year"": 2023, ""quarter"": 2, ""value"": 0.0}, {""period"": ""Q3 2023"", ""year"": 2023, ""quarter"": 3, ""value"": 0.0}, {""period"": ""Q4 2023"", ""year"": 2023, ""quarter"": 4, ""value"": 0.0}, {""period"": ""Q1 2024"", ""year"": 2024, ""quarter"": 1, ""value"": 0.0}, {""period"": ""Q2 2024"", ""year"": 2024, ""quarter"": 2, ""value"": 0.0}, {""period"": ""Q3 2024"", ""year"": 2024, ""quarter"": 3, ""value"": 0.0}, {""period"": ""Q4 2024"", ""year"": 2024, ""quarter"": 4, ""value"": 0.0}, {""period"": ""Q1 2025"", ""year"": 2025, ""quarter"": 1, ""value"": 0.0}, {""period"": ""Q2 2025"", ""year"": 2025, ""quarter"": 2, ""value"": 0.0}, {""period"": ""Q3 2025"", ""year"": 2025, ""quarter"": 3, ""value"": 0.0}, {""period"": ""Q4 2025"", ""year"": 2025, ""quarter"": 4, ""value"": 56005968518.0}, {""period"": ""Q1 2026"", ""year"": 2026, ""quarter"": 1, ""value"": 207763130773.0}, {""period"": ""Q2 2026"", ""year"": 2026, ""quarter"": 2, ""value"": 649707545050.0}]"
ACG,1,BalanceSheet,Quarter,3010207,7. Trái phiếu chuyển đổi,30102,False,4,,"[{""period"": ""Q4 2018"", ""year"": 2018, ""quarter"": 4, ""value"": 0.0}, {""period"": ""Q1 2019"", ""year"": 2019, ""quarter"": 1, ""value"": 0.0}, {""period"": ""Q2 2019"", ""year"": 2019, ""quarter"": 2, ""value"": 0.0}, {""period"": ""Q3 2019"", ""year"": 2019, ""quarter"": 3, ""value"": 0.0}, {""period"": ""Q4 2019"", ""year"": 2019, ""quarter"": 4, ""value"": 0.0}, {""period"": ""Q2 2020"", ""year"": 2020, ""quarter"": 2, ""value"": 0.0}, {""period"": ""Q3 2020"", ""year"": 2020, ""quarter"": 3, ""value"": 0.0}, {""period"": ""Q4 2020"", ""year"": 2020, ""quarter"": 4, ""value"": 0.0}, {""period"": ""Q1 2021"", ""year"": 2021, ""quarter"": 1, ""value"": 0.0}, {""period"": ""Q2 2021"", ""year"": 2021, ""quarter"": 2, ""value"": 0.0}, {""period"": ""Q3 2021"", ""year"": 2021, ""quarter"": 3, ""value"": 0.0}, {""period"": ""Q4 2021"", ""year"": 2021, ""quarter"": 4, ""value"": 0.0}, {""period"": ""Q1 2022"", ""year"": 2022, ""quarter"": 1, ""value"": 0.0}, {""period"": ""Q2 2022"", ""year"": 2022, ""quarter"": 2, ""value"": 0.0}, {""period"": ""Q3 2022"", ""year"": 2022, ""quarter"": 3, ""value"": 0.0}, {""period"": ""Q4 2022"", ""year"": 2022, ""quarter"": 4, ""value"": 0.0}, {""period"": ""Q1 2023"", ""year"": 2023, ""quarter"": 1, ""value"": 0.0}, {""period"": ""Q2 2023"", ""year"": 2023, ""quarter"": 2, ""value"": 0.0}, {""period"": ""Q3 2023"", ""year"": 2023, ""quarter"": 3, ""value"": 0.0}, {""period"": ""Q4 2023"", ""year"": 2023, ""quarter"": 4, ""value"": 0.0}, {""period"": ""Q1 2024"", ""year"": 2024, ""quarter"": 1, ""value"": 0.0}, {""period"": ""Q2 2024"", ""year"": 2024, ""quarter"": 2, ""value"": 0.0}, {""period"": ""Q3 2024"", ""year"": 2024, ""quarter"": 3, ""value"": 0.0}, {""period"": ""Q4 2024"", ""year"": 2024, ""quarter"": 4, ""value"": 0.0}, {""period"": ""Q1 2025"", ""year"": 2025, ""quarter"": 1, ""value"": 0.0}, {""period"": ""Q2 2025"", ""year"": 2025, ""quarter"": 2, ""value"": 0.0}, {""period"": ""Q3 2025"", ""year"": 2025, ""quarter"": 3, ""value"": 0.0}, {""period"": ""Q4 2025"", ""year"": 2025, ""quarter"": 4, ""value"": 0.0}, {""period"": ""Q1 2026"", ""year"": 2026, ""quarter"": 1, ""value"": 0.0}, {""period"": ""Q2 2026"", ""year"": 2026, ""quarter"": 2, ""value"": 0.0}]"
ACG,1,BalanceSheet,Quarter,3010208,8. Thuế thu nhập hoãn lại phải trả,30102,False,4,,"[{""period"": ""Q4 2018"", ""year"": 2018, ""quarter"": 4, ""value"": 0.0}, {""period"": ""Q1 2019"", ""year"": 2019, ""quarter"": 1, ""value"": 0.0}, {""period"": ""Q2 2019"", ""year"": 2019, ""quarter"": 2, ""value"": 0.0}, {""period"": ""Q3 2019"", ""year"": 2019, ""quarter"": 3, ""value"": 0.0}, {""period"": ""Q4 2019"", ""year"": 2019, ""quarter"": 4, ""value"": 0.0}, {""period"": ""Q2 2020"", ""year"": 2020, ""quarter"": 2, ""value"": 0.0}, {""period"": ""Q3 2020"", ""year"": 2020, ""quarter"": 3, ""value"": 0.0}, {""period"": ""Q4 2020"", ""year"": 2020, ""quarter"": 4, ""value"": 0.0}, {""period"": ""Q1 2021"", ""year"": 2021, ""quarter"": 1, ""value"": 0.0}, {""period"": ""Q2 2021"", ""year"": 2021, ""quarter"": 2, ""value"": 0.0}, {""period"": ""Q3 2021"", ""year"": 2021, ""quarter"": 3, ""value"": 0.0}, {""period"": ""Q4 2021"", ""year"": 2021, ""quarter"": 4, ""value"": 0.0}, {""period"": ""Q1 2022"", ""year"": 2022, ""quarter"": 1, ""value"": 0.0}, {""period"": ""Q2 2022"", ""year"": 2022, ""quarter"": 2, ""value"": 0.0}, {""period"": ""Q3 2022"", ""year"": 2022, ""quarter"": 3, ""value"": 0.0}, {""period"": ""Q4 2022"", ""year"": 2022, ""quarter"": 4, ""value"": 0.0}, {""period"": ""Q1 2023"", ""year"": 2023, ""quarter"": 1, ""value"": 0.0}, {""period"": ""Q2 2023"", ""year"": 2023, ""quarter"": 2, ""value"": 0.0}, {""period"": ""Q3 2023"", ""year"": 2023, ""quarter"": 3, ""value"": 0.0}, {""period"": ""Q4 2023"", ""year"": 2023, ""quarter"": 4, ""value"": 0.0}, {""period"": ""Q1 2024"", ""year"": 2024, ""quarter"": 1, ""value"": 0.0}, {""period"": ""Q2 2024"", ""year"": 2024, ""quarter"": 2, ""value"": 0.0}, {""period"": ""Q3 2024"", ""year"": 2024, ""quarter"": 3, ""value"": 0.0}, {""period"": ""Q4 2024"", ""year"": 2024, ""quarter"": 4, ""value"": 0.0}, {""period"": ""Q1 2025"", ""year"": 2025, ""quarter"": 1, ""value"": 0.0}, {""period"": ""Q2 2025"", ""year"": 2025, ""quarter"": 2, ""value"": 0.0}, {""period"": ""Q3 2025"", ""year"": 2025, ""quarter"": 3, ""value"": 0.0}, {""period"": ""Q4 2025"", ""year"": 2025, ""quarter"": 4, ""value"": 0.0}, {""period"": ""Q1 2026"", ""year"": 2026, ""quarter"": 1, ""value"": 0.0}, {""period"": ""Q2 2026"", ""year"": 2026, ""quarter"": 2, ""value"": 0.0}]"
ACG,1,BalanceSheet,Quarter,3010209,9. Dự phòng trợ cấp mất việc làm,30102,False,4,,"[{""period"": ""Q4 2018"", ""year"": 2018, ""quarter"": 4, ""value"": 0.0}, {""period"": ""Q1 2019"", ""year"": 2019, ""quarter"": 1, ""value"": 0.0}, {""period"": ""Q2 2019"", ""year"": 2019, ""quarter"": 2, ""value"": 0.0}, {""period"": ""Q3 2019"", ""year"": 2019, ""quarter"": 3, ""value"": 0.0}, {""period"": ""Q4 2019"", ""year"": 2019, ""quarter"": 4, ""value"": 0.0}, {""period"": ""Q2 2020"", ""year"": 2020, ""quarter"": 2, ""value"": 0.0}, {""period"": ""Q3 2020"", ""year"": 2020, ""quarter"": 3, ""value"": 0.0}, {""period"": ""Q4 2020"", ""year"": 2020, ""quarter"": 4, ""value"": 2450355000.0}, {""period"": ""Q1 2021"", ""year"": 2021, ""quarter"": 1, ""value"": 0.0}, {""period"": ""Q2 2021"", ""year"": 2021, ""quarter"": 2, ""value"": 0.0}, {""period"": ""Q3 2021"", ""year"": 2021, ""quarter"": 3, ""value"": 0.0}, {""period"": ""Q4 2021"", ""year"": 2021, ""quarter"": 4, ""value"": 0.0}, {""period"": ""Q1 2022"", ""year"": 2022, ""quarter"": 1, ""value"": 0.0}, {""period"": ""Q2 2022"", ""year"": 2022, ""quarter"": 2, ""value"": 0.0}, {""period"": ""Q3 2022"", ""year"": 2022, ""quarter"": 3, ""value"": 0.0}, {""period"": ""Q4 2022"", ""year"": 2022, ""quarter"": 4, ""value"": 0.0}, {""period"": ""Q1 2023"", ""year"": 2023, ""quarter"": 1, ""value"": 0.0}, {""period"": ""Q2 2023"", ""year"": 2023, ""quarter"": 2, ""value"": 0.0}, {""period"": ""Q3 2023"", ""year"": 2023, ""quarter"": 3, ""value"": 0.0}, {""period"": ""Q4 2023"", ""year"": 2023, ""quarter"": 4, ""value"": 0.0}, {""period"": ""Q1 2024"", ""year"": 2024, ""quarter"": 1, ""value"": 0.0}, {""period"": ""Q2 2024"", ""year"": 2024, ""quarter"": 2, ""value"": 0.0}, {""period"": ""Q3 2024"", ""year"": 2024, ""quarter"": 3, ""value"": 0.0}, {""period"": ""Q4 2024"", ""year"": 2024, ""quarter"": 4, ""value"": 0.0}, {""period"": ""Q1 2025"", ""year"": 2025, ""quarter"": 1, ""value"": 0.0}, {""period"": ""Q2 2025"", ""year"": 2025, ""quarter"": 2, ""value"": 0.0}, {""period"": ""Q3 2025"", ""year"": 2025, ""quarter"": 3, ""value"": 0.0}, {""period"": ""Q4 2025"", ""year"": 2025, ""quarter"": 4, ""value"": 0.0}, {""period"": ""Q1 2026"", ""year"": 2026, ""quarter"": 1, ""value"": 0.0}, {""period"": ""Q2 2026"", ""year"": 2026, ""quarter"": 2, ""value"": 0.0}]"
ACG,1,BalanceSheet,Quarter,3010210,10. Dự phòng phải trả dài hạn,30102,False,4,,"[{""period"": ""Q4 2018"", ""year"": 2018, ""quarter"": 4, ""value"": 0.0}, {""period"": ""Q1 2019"", ""year"": 2019, ""quarter"": 1, ""value"": 0.0}, {""period"": ""Q2 2019"", ""year"": 2019, ""quarter"": 2, ""value"": 0.0}, {""period"": ""Q3 2019"", ""year"": 2019, ""quarter"": 3, ""value"": 0.0}, {""period"": ""Q4 2019"", ""year"": 2019, ""quarter"": 4, ""value"": 0.0}, {""period"": ""Q2 2020"", ""year"": 2020, ""quarter"": 2, ""value"": 2346940000.0}, {""period"": ""Q3 2020"", ""year"": 2020, ""quarter"": 3, ""value"": 2346940000.0}, {""period"": ""Q4 2020"", ""year"": 2020, ""quarter"": 4, ""value"": 0.0}, {""period"": ""Q1 2021"", ""year"": 2021, ""quarter"": 1, ""value"": 2450355000.0}, {""period"": ""Q2 2021"", ""year"": 2021, ""quarter"": 2, ""value"": 2450355000.0}, {""period"": ""Q3 2021"", ""year"": 2021, ""quarter"": 3, ""value"": 2450355000.0}, {""period"": ""Q4 2021"", ""year"": 2021, ""quarter"": 4, ""value"": 6533403750.0}, {""period"": ""Q1 2022"", ""year"": 2022, ""quarter"": 1, ""value"": 6533403750.0}, {""period"": ""Q2 2022"", ""year"": 2022, ""quarter"": 2, ""value"": 6593317917.0}, {""period"": ""Q3 2022"", ""year"": 2022, ""quarter"": 3, ""value"": 6593317917.0}, {""period"": ""Q4 2022"", ""year"": 2022, ""quarter"": 4, ""value"": 10786319167.0}, {""period"": ""Q1 2023"", ""year"": 2023, ""quarter"": 1, ""value"": 9663062996.0}, {""period"": ""Q2 2023"", ""year"": 2023, ""quarter"": 2, ""value"": 9663062996.0}, {""period"": ""Q3 2023"", ""year"": 2023, ""quarter"": 3, ""value"": 13430731336.0}, {""period"": ""Q4 2023"", ""year"": 2023, ""quarter"": 4, ""value"": 14267258827.0}, {""period"": ""Q1 2024"", ""year"": 2024, ""quarter"": 1, ""value"": 15167258827.0}, {""period"": ""Q2 2024"", ""year"": 2024, ""quarter"": 2, ""value"": 14896799664.0}, {""period"": ""Q3 2024"", ""year"": 2024, ""quarter"": 3, ""value"": 11596799664.0}, {""period"": ""Q4 2024"", ""year"": 2024, ""quarter"": 4, ""value"": 12810074337.0}, {""period"": ""Q1 2025"", ""year"": 2025, ""quarter"": 1, ""value"": 12810074337.0}, {""period"": ""Q2 2025"", ""year"": 2025, ""quarter"": 2, ""value"": 10410254329.0}, {""period"": ""Q3 2025"", ""year"": 2025, ""quarter"": 3, ""value"": 12644270901.0}, {""period"": ""Q4 2025"", ""year"": 2025, ""quarter"": 4, ""value"": 12940783410.0}, {""period"": ""Q1 2026"", ""year"": 2026, ""quarter"": 1, ""value"": 17966183009.0}, {""period"": ""Q2 2026"", ""year"": 2026, ""quarter"": 2, ""value"": 16055599796.0}]"
ACG,1,BalanceSheet,Quarter,3010211,11. Doanh thu chưa thực hiện dài hạn,30102,False,4,,"[{""period"": ""Q4 2018"", ""year"": 2018, ""quarter"": 4, ""value"": 0.0}, {""period"": ""Q1 2019"", ""year"": 2019, ""quarter"": 1, ""value"": 0.0}, {""period"": ""Q2 2019"", ""year"": 2019, ""quarter"": 2, ""value"": 0.0}, {""period"": ""Q3 2019"", ""year"": 2019, ""quarter"": 3, ""value"": 0.0}, {""period"": ""Q4 2019"", ""year"": 2019, ""quarter"": 4, ""value"": 0.0}, {""period"": ""Q2 2020"", ""year"": 2020, ""quarter"": 2, ""value"": 0.0}, {""period"": ""Q3 2020"", ""year"": 2020, ""quarter"": 3, ""value"": 4427183137.0}, {""period"": ""Q4 2020"", ""year"": 2020, ""quarter"": 4, ""value"": 4144596979.0}, {""period"": ""Q1 2021"", ""year"": 2021, ""quarter"": 1, ""value"": 3862010821.0}, {""period"": ""Q2 2021"", ""year"": 2021, ""quarter"": 2, ""value"": 3579424663.0}, {""period"": ""Q3 2021"", ""year"": 2021, ""quarter"": 3, ""value"": 3296838505.0}, {""period"": ""Q4 2021"", ""year"": 2021, ""quarter"": 4, ""value"": 3014252347.0}, {""period"": ""Q1 2022"", ""year"": 2022, ""quarter"": 1, ""value"": 3579424663.0}, {""period"": ""Q2 2022"", ""year"": 2022, ""quarter"": 2, ""value"": 2449080031.0}, {""period"": ""Q3 2022"", ""year"": 2022, ""quarter"": 3, ""value"": 2166493873.0}, {""period"": ""Q4 2022"", ""year"": 2022, ""quarter"": 4, ""value"": 1883907715.0}, {""period"": ""Q1 2023"", ""year"": 2023, ""quarter"": 1, ""value"": 1601321558.0}, {""period"": ""Q2 2023"", ""year"": 2023, ""quarter"": 2, ""value"": 1318735399.0}, {""period"": ""Q3 2023"", ""year"": 2023, ""quarter"": 3, ""value"": 1036149242.0}, {""period"": ""Q4 2023"", ""year"": 2023, ""quarter"": 4, ""value"": 753563084.0}, {""period"": ""Q1 2024"", ""year"": 2024, ""quarter"": 1, ""value"": 753563084.0}, {""period"": ""Q2 2024"", ""year"": 2024, ""quarter"": 2, ""value"": 188390767.0}, {""period"": ""Q3 2024"", ""year"": 2024, ""quarter"": 3, ""value"": 0.0}, {""period"": ""Q4 2024"", ""year"": 2024, ""quarter"": 4, ""value"": 0.0}, {""period"": ""Q1 2025"", ""year"": 2025, ""quarter"": 1, ""value"": 683635030.0}, {""period"": ""Q2 2025"", ""year"": 2025, ""quarter"": 2, ""value"": 0.0}, {""period"": ""Q3 2025"", ""year"": 2025, ""quarter"": 3, ""value"": 0.0}, {""period"": ""Q4 2025"", ""year"": 2025, ""quarter"": 4, ""value"": 4824126484.0}, {""period"": ""Q1 2026"", ""year"": 2026, ""quarter"": 1, ""value"": 4507440204.0}, {""period"": ""Q2 2026"", ""year"": 2026, ""quarter"": 2, ""value"": 4291513924.0}]"
ACG,1,BalanceSheet,Quarter,3010212,12. Quỹ phát triển khoa học và công nghệ,30102,False,4,,"[{""period"": ""Q4 2018"", ""year"": 2018, ""quarter"": 4, ""value"": 0.0}, {""period"": ""Q1 2019"", ""year"": 2019, ""quarter"": 1, ""value"": 0.0}, {""period"": ""Q2 2019"", ""year"": 2019, ""quarter"": 2, ""value"": 0.0}, {""period"": ""Q3 2019"", ""year"": 2019, ""quarter"": 3, ""value"": 0.0}, {""period"": ""Q4 2019"", ""year"": 2019, ""quarter"": 4, ""value"": 0.0}, {""period"": ""Q2 2020"", ""year"": 2020, ""quarter"": 2, ""value"": 0.0}, {""period"": ""Q3 2020"", ""year"": 2020, ""quarter"": 3, ""value"": 0.0}, {""period"": ""Q4 2020"", ""year"": 2020, ""quarter"": 4, ""value"": 0.0}, {""period"": ""Q1 2021"", ""year"": 2021, ""quarter"": 1, ""value"": 0.0}, {""period"": ""Q2 2021"", ""year"": 2021, ""quarter"": 2, ""value"": 0.0}, {""period"": ""Q3 2021"", ""year"": 2021, ""quarter"": 3, ""value"": 0.0}, {""period"": ""Q4 2021"", ""year"": 2021, ""quarter"": 4, ""value"": 0.0}, {""period"": ""Q1 2022"", ""year"": 2022, ""quarter"": 1, ""value"": 0.0}, {""period"": ""Q2 2022"", ""year"": 2022, ""quarter"": 2, ""value"": 0.0}, {""period"": ""Q3 2022"", ""year"": 2022, ""quarter"": 3, ""value"": 0.0}, {""period"": ""Q4 2022"", ""year"": 2022, ""quarter"": 4, ""value"": 0.0}, {""period"": ""Q1 2023"", ""year"": 2023, ""quarter"": 1, ""value"": 0.0}, {""period"": ""Q2 2023"", ""year"": 2023, ""quarter"": 2, ""value"": 0.0}, {""period"": ""Q3 2023"", ""year"": 2023, ""quarter"": 3, ""value"": 0.0}, {""period"": ""Q4 2023"", ""year"": 2023, ""quarter"": 4, ""value"": 0.0}, {""period"": ""Q1 2024"", ""year"": 2024, ""quarter"": 1, ""value"": 0.0}, {""period"": ""Q2 2024"", ""year"": 2024, ""quarter"": 2, ""value"": 0.0}, {""period"": ""Q3 2024"", ""year"": 2024, ""quarter"": 3, ""value"": 0.0}, {""period"": ""Q4 2024"", ""year"": 2024, ""quarter"": 4, ""value"": 0.0}, {""period"": ""Q1 2025"", ""year"": 2025, ""quarter"": 1, ""value"": 0.0}, {""period"": ""Q2 2025"", ""year"": 2025, ""quarter"": 2, ""value"": 0.0}, {""period"": ""Q3 2025"", ""year"": 2025, ""quarter"": 3, ""value"": 0.0}, {""period"": ""Q4 2025"", ""year"": 2025, ""quarter"": 4, ""value"": 0.0}, {""period"": ""Q1 2026"", ""year"": 2026, ""quarter"": 1, ""value"": 0.0}, {""period"": ""Q2 2026"", ""year"": 2026, ""quarter"": 2, ""value"": 0.0}]"
ACG,1,BalanceSheet,Quarter,302,B. Nguồn vốn chủ sở hữu,3,True,2,,"[{""period"": ""Q4 2018"", ""year"": 2018, ""quarter"": 4, ""value"": 2549899102527.0}, {""period"": ""Q1 2019"", ""year"": 2019, ""quarter"": 1, ""value"": 3280646843254.0}, {""period"": ""Q2 2019"", ""year"": 2019, ""quarter"": 2, ""value"": 3256492306968.0}, {""period"": ""Q3 2019"", ""year"": 2019, ""quarter"": 3, ""value"": 3378550319607.0}, {""period"": ""Q4 2019"", ""year"": 2019, ""quarter"": 4, ""value"": 3379354806920.0}, {""period"": ""Q2 2020"", ""year"": 2020, ""quarter"": 2, ""value"": 3529527384565.0}, {""period"": ""Q3 2020"", ""year"": 2020, ""quarter"": 3, ""value"": 3501742734827.0}, {""period"": ""Q4 2020"", ""year"": 2020, ""quarter"": 4, ""value"": 3516691508324.0}, {""period"": ""Q1 2021"", ""year"": 2021, ""quarter"": 1, ""value"": 3612778640572.0}, {""period"": ""Q2 2021"", ""year"": 2021, ""quarter"": 2, ""value"": 3612770304240.0}, {""period"": ""Q3 2021"", ""year"": 2021, ""quarter"": 3, ""value"": 3628462615642.0}, {""period"": ""Q4 2021"", ""year"": 2021, ""quarter"": 4, ""value"": 3776798905190.0}, {""period"": ""Q1 2022"", ""year"": 2022, ""quarter"": 1, ""value"": 3852890388909.0}, {""period"": ""Q2 2022"", ""year"": 2022, ""quarter"": 2, ""value"": 3724752325888.0}, {""period"": ""Q3 2022"", ""year"": 2022, ""quarter"": 3, ""value"": 3890996961805.0}, {""period"": ""Q4 2022"", ""year"": 2022, ""quarter"": 4, ""value"": 3912217369890.0}, {""period"": ""Q1 2023"", ""year"": 2023, ""quarter"": 1, ""value"": 3958337249910.0}, {""period"": ""Q2 2023"", ""year"": 2023, ""quarter"": 2, ""value"": 4006602468179.0}, {""period"": ""Q3 2023"", ""year"": 2023, ""quarter"": 3, ""value"": 4136471113249.0}, {""period"": ""Q4 2023"", ""year"": 2023, ""quarter"": 4, ""value"": 4173555900991.0}, {""period"": ""Q1 2024"", ""year"": 2024, ""quarter"": 1, ""value"": 4254689331752.0}, {""period"": ""Q2 2024"", ""year"": 2024, ""quarter"": 2, ""value"": 4076237547156.0}, {""period"": ""Q3 2024"", ""year"": 2024, ""quarter"": 3, ""value"": 4206658535816.0}, {""period"": ""Q4 2024"", ""year"": 2024, ""quarter"": 4, ""value"": 4176173875773.0}, {""period"": ""Q1 2025"", ""year"": 2025, ""quarter"": 1, ""value"": 4261039756712.0}, {""period"": ""Q2 2025"", ""year"": 2025, ""quarter"": 2, ""value"": 4250160255622.0}, {""period"": ""Q3 2025"", ""year"": 2025, ""quarter"": 3, ""value"": 4433518476993.0}, {""period"": ""Q4 2025"", ""year"": 2025, ""quarter"": 4, ""value"": 4409037538766.0}, {""period"": ""Q1 2026"", ""year"": 2026, ""quarter"": 1, ""value"": 4680505625662.0}, {""period"": ""Q2 2026"", ""year"": 2026, ""quarter"": 2, ""value"": 4700141276854.0}]"
ACG,1,BalanceSheet,Quarter,30201,I. Vốn chủ sở hữu,302,False,3,,"[{""period"": ""Q4 2018"", ""year"": 2018, ""quarter"": 4, ""value"": 2549899102527.0}, {""period"": ""Q1 2019"", ""year"": 2019, ""quarter"": 1, ""value"": 3280646843254.0}, {""period"": ""Q2 2019"", ""year"": 2019, ""quarter"": 2, ""value"": 3256492306968.0}, {""period"": ""Q3 2019"", ""year"": 2019, ""quarter"": 3, ""value"": 3378550319607.0}, {""period"": ""Q4 2019"", ""year"": 2019, ""quarter"": 4, ""value"": 3379354806920.0}, {""period"": ""Q2 2020"", ""year"": 2020, ""quarter"": 2, ""value"": 3529527384565.0}, {""period"": ""Q3 2020"", ""year"": 2020, ""quarter"": 3, ""value"": 3501742734827.0}, {""period"": ""Q4 2020"", ""year"": 2020, ""quarter"": 4, ""value"": 3516691508324.0}, {""period"": ""Q1 2021"", ""year"": 2021, ""quarter"": 1, ""value"": 3612778640572.0}, {""period"": ""Q2 2021"", ""year"": 2021, ""quarter"": 2, ""value"": 3612770304240.0}, {""period"": ""Q3 2021"", ""year"": 2021, ""quarter"": 3, ""value"": 3628462615642.0}, {""period"": ""Q4 2021"", ""year"": 2021, ""quarter"": 4, ""value"": 3776798905190.0}, {""period"": ""Q1 2022"", ""year"": 2022, ""quarter"": 1, ""value"": 3852890388909.0}, {""period"": ""Q2 2022"", ""year"": 2022, ""quarter"": 2, ""value"": 3724752325888.0}, {""period"": ""Q3 2022"", ""year"": 2022, ""quarter"": 3, ""value"": 3890996961805.0}, {""period"": ""Q4 2022"", ""year"": 2022, ""quarter"": 4, ""value"": 3912217369890.0}, {""period"": ""Q1 2023"", ""year"": 2023, ""quarter"": 1, ""value"": 3958337249910.0}, {""period"": ""Q2 2023"", ""year"": 2023, ""quarter"": 2, ""value"": 4006602468179.0}, {""period"": ""Q3 2023"", ""year"": 2023, ""quarter"": 3, ""value"": 4136471113249.0}, {""period"": ""Q4 2023"", ""year"": 2023, ""quarter"": 4, ""value"": 4173555900991.0}, {""period"": ""Q1 2024"", ""year"": 2024, ""quarter"": 1, ""value"": 4254689331752.0}, {""period"": ""Q2 2024"", ""year"": 2024, ""quarter"": 2, ""value"": 4076237547156.0}, {""period"": ""Q3 2024"", ""year"": 2024, ""quarter"": 3, ""value"": 4206658535816.0}, {""period"": ""Q4 2024"", ""year"": 2024, ""quarter"": 4, ""value"": 4176173875773.0}, {""period"": ""Q1 2025"", ""year"": 2025, ""quarter"": 1, ""value"": 4261039756712.0}, {""period"": ""Q2 2025"", ""year"": 2025, ""quarter"": 2, ""value"": 4250160255622.0}, {""period"": ""Q3 2025"", ""year"": 2025, ""quarter"": 3, ""value"": 4433518476993.0}, {""period"": ""Q4 2025"", ""year"": 2025, ""quarter"": 4, ""value"": 4409037538766.0}, {""period"": ""Q1 2026"", ""year"": 2026, ""quarter"": 1, ""value"": 4680505625662.0}, {""period"": ""Q2 2026"", ""year"": 2026, ""quarter"": 2, ""value"": 4700141276854.0}]"
ACG,1,BalanceSheet,Quarter,3020101,1. Vốn đầu tư của chủ sở hữu,30201,False,4,,"[{""period"": ""Q4 2018"", ""year"": 2018, ""quarter"": 4, ""value"": 803160690000.0}, {""period"": ""Q1 2019"", ""year"": 2019, ""quarter"": 1, ""value"": 859380830000.0}, {""period"": ""Q2 2019"", ""year"": 2019, ""quarter"": 2, ""value"": 859380830000.0}, {""period"": ""Q3 2019"", ""year"": 2019, ""quarter"": 3, ""value"": 859380830000.0}, {""period"": ""Q4 2019"", ""year"": 2019, ""quarter"": 4, ""value"": 859380830000.0}, {""period"": ""Q2 2020"", ""year"": 2020, ""quarter"": 2, ""value"": 876568440000.0}, {""period"": ""Q3 2020"", ""year"": 2020, ""quarter"": 3, ""value"": 876568440000.0}, {""period"": ""Q4 2020"", ""year"": 2020, ""quarter"": 4, ""value"": 876568440000.0}, {""period"": ""Q1 2021"", ""year"": 2021, ""quarter"": 1, ""value"": 876568440000.0}, {""period"": ""Q2 2021"", ""year"": 2021, ""quarter"": 2, ""value"": 876503440000.0}, {""period"": ""Q3 2021"", ""year"": 2021, ""quarter"": 3, ""value"": 876503440000.0}, {""period"": ""Q4 2021"", ""year"": 2021, ""quarter"": 4, ""value"": 876503440000.0}, {""period"": ""Q1 2022"", ""year"": 2022, ""quarter"": 1, ""value"": 876503440000.0}, {""period"": ""Q2 2022"", ""year"": 2022, ""quarter"": 2, ""value"": 1358461220000.0}, {""period"": ""Q3 2022"", ""year"": 2022, ""quarter"": 3, ""value"": 1358461220000.0}, {""period"": ""Q4 2022"", ""year"": 2022, ""quarter"": 4, ""value"": 1358461220000.0}, {""period"": ""Q1 2023"", ""year"": 2023, ""quarter"": 1, ""value"": 1358461220000.0}, {""period"": ""Q2 2023"", ""year"": 2023, ""quarter"": 2, ""value"": 1358461220000.0}, {""period"": ""Q3 2023"", ""year"": 2023, ""quarter"": 3, ""value"": 1507879460000.0}, {""period"": ""Q4 2023"", ""year"": 2023, ""quarter"": 4, ""value"": 1507879460000.0}, {""period"": ""Q1 2024"", ""year"": 2024, ""quarter"": 1, ""value"": 1507879460000.0}, {""period"": ""Q2 2024"", ""year"": 2024, ""quarter"": 2, ""value"": 1507879460000.0}, {""period"": ""Q3 2024"", ""year"": 2024, ""quarter"": 3, ""value"": 1507879460000.0}, {""period"": ""Q4 2024"", ""year"": 2024, ""quarter"": 4, ""value"": 1507879460000.0}, {""period"": ""Q1 2025"", ""year"": 2025, ""quarter"": 1, ""value"": 1507879460000.0}, {""period"": ""Q2 2025"", ""year"": 2025, ""quarter"": 2, ""value"": 1507879460000.0}, {""period"": ""Q3 2025"", ""year"": 2025, ""quarter"": 3, ""value"": 1507879460000.0}, {""period"": ""Q4 2025"", ""year"": 2025, ""quarter"": 4, ""value"": 1507879460000.0}, {""period"": ""Q1 2026"", ""year"": 2026, ""quarter"": 1, ""value"": 1507879460000.0}, {""period"": ""Q2 2026"", ""year"": 2026, ""quarter"": 2, ""value"": 1507879460000.0}]"
ACG,1,BalanceSheet,Quarter,3020102,2. Thặng dư vốn cổ phần,30201,False,4,,"[{""period"": ""Q4 2018"", ""year"": 2018, ""quarter"": 4, ""value"": 826008726600.0}, {""period"": ""Q1 2019"", ""year"": 2019, ""quarter"": 1, ""value"": 1408471865056.0}, {""period"": ""Q2 2019"", ""year"": 2019, ""quarter"": 2, ""value"": 1408471865056.0}, {""period"": ""Q3 2019"", ""year"": 2019, ""quarter"": 3, ""value"": 1408471865056.0}, {""period"": ""Q4 2019"", ""year"": 2019, ""quarter"": 4, ""value"": 1408471865056.0}, {""period"": ""Q2 2020"", ""year"": 2020, ""quarter"": 2, ""value"": 1408471865056.0}, {""period"": ""Q3 2020"", ""year"": 2020, ""quarter"": 3, ""value"": 1408471865056.0}, {""period"": ""Q4 2020"", ""year"": 2020, ""quarter"": 4, ""value"": 1408471865056.0}, {""period"": ""Q1 2021"", ""year"": 2021, ""quarter"": 1, ""value"": 1408471865056.0}, {""period"": ""Q2 2021"", ""year"": 2021, ""quarter"": 2, ""value"": 1408471865056.0}, {""period"": ""Q3 2021"", ""year"": 2021, ""quarter"": 3, ""value"": 1408471865056.0}, {""period"": ""Q4 2021"", ""year"": 2021, ""quarter"": 4, ""value"": 1419304688703.0}, {""period"": ""Q1 2022"", ""year"": 2022, ""quarter"": 1, ""value"": 1419304688703.0}, {""period"": ""Q2 2022"", ""year"": 2022, ""quarter"": 2, ""value"": 1419298588703.0}, {""period"": ""Q3 2022"", ""year"": 2022, ""quarter"": 3, ""value"": 1419298588703.0}, {""period"": ""Q4 2022"", ""year"": 2022, ""quarter"": 4, ""value"": 1419298588703.0}, {""period"": ""Q1 2023"", ""year"": 2023, ""quarter"": 1, ""value"": 1419298588703.0}, {""period"": ""Q2 2023"", ""year"": 2023, ""quarter"": 2, ""value"": 1419298588703.0}, {""period"": ""Q3 2023"", ""year"": 2023, ""quarter"": 3, ""value"": 1419298588703.0}, {""period"": ""Q4 2023"", ""year"": 2023, ""quarter"": 4, ""value"": 1418741358556.0}, {""period"": ""Q1 2024"", ""year"": 2024, ""quarter"": 1, ""value"": 1418741358556.0}, {""period"": ""Q2 2024"", ""year"": 2024, ""quarter"": 2, ""value"": 1418741358556.0}, {""period"": ""Q3 2024"", ""year"": 2024, ""quarter"": 3, ""value"": 1418741358556.0}, {""period"": ""Q4 2024"", ""year"": 2024, ""quarter"": 4, ""value"": 1418741358556.0}, {""period"": ""Q1 2025"", ""year"": 2025, ""quarter"": 1, ""value"": 1418741358556.0}, {""period"": ""Q2 2025"", ""year"": 2025, ""quarter"": 2, ""value"": 1418741358556.0}, {""period"": ""Q3 2025"", ""year"": 2025, ""quarter"": 3, ""value"": 1418741358556.0}, {""period"": ""Q4 2025"", ""year"": 2025, ""quarter"": 4, ""value"": 1418741358556.0}, {""period"": ""Q1 2026"", ""year"": 2026, ""quarter"": 1, ""value"": 1418741358556.0}, {""period"": ""Q2 2026"", ""year"": 2026, ""quarter"": 2, ""value"": 1418741358556.0}]"
ACG,1,BalanceSheet,Quarter,3020103,3. Quyền chọn chuyển đổi trái phiếu,30201,False,4,,"[{""period"": ""Q4 2018"", ""year"": 2018, ""quarter"": 4, ""value"": 0.0}, {""period"": ""Q1 2019"", ""year"": 2019, ""quarter"": 1, ""value"": 0.0}, {""period"": ""Q2 2019"", ""year"": 2019, ""quarter"": 2, ""value"": 0.0}, {""period"": ""Q3 2019"", ""year"": 2019, ""quarter"": 3, ""value"": 0.0}, {""period"": ""Q4 2019"", ""year"": 2019, ""quarter"": 4, ""value"": 0.0}, {""period"": ""Q2 2020"", ""year"": 2020, ""quarter"": 2, ""value"": 0.0}, {""period"": ""Q3 2020"", ""year"": 2020, ""quarter"": 3, ""value"": 0.0}, {""period"": ""Q4 2020"", ""year"": 2020, ""quarter"": 4, ""value"": 0.0}, {""period"": ""Q1 2021"", ""year"": 2021, ""quarter"": 1, ""value"": 0.0}, {""period"": ""Q2 2021"", ""year"": 2021, ""quarter"": 2, ""value"": 0.0}, {""period"": ""Q3 2021"", ""year"": 2021, ""quarter"": 3, ""value"": 0.0}, {""period"": ""Q4 2021"", ""year"": 2021, ""quarter"": 4, ""value"": 0.0}, {""period"": ""Q1 2022"", ""year"": 2022, ""quarter"": 1, ""value"": 0.0}, {""period"": ""Q2 2022"", ""year"": 2022, ""quarter"": 2, ""value"": 0.0}, {""period"": ""Q3 2022"", ""year"": 2022, ""quarter"": 3, ""value"": 0.0}, {""period"": ""Q4 2022"", ""year"": 2022, ""quarter"": 4, ""value"": 0.0}, {""period"": ""Q1 2023"", ""year"": 2023, ""quarter"": 1, ""value"": 0.0}, {""period"": ""Q2 2023"", ""year"": 2023, ""quarter"": 2, ""value"": 0.0}, {""period"": ""Q3 2023"", ""year"": 2023, ""quarter"": 3, ""value"": 0.0}, {""period"": ""Q4 2023"", ""year"": 2023, ""quarter"": 4, ""value"": 0.0}, {""period"": ""Q1 2024"", ""year"": 2024, ""quarter"": 1, ""value"": 0.0}, {""period"": ""Q2 2024"", ""year"": 2024, ""quarter"": 2, ""value"": 0.0}, {""period"": ""Q3 2024"", ""year"": 2024, ""quarter"": 3, ""value"": 0.0}, {""period"": ""Q4 2024"", ""year"": 2024, ""quarter"": 4, ""value"": 0.0}, {""period"": ""Q1 2025"", ""year"": 2025, ""quarter"": 1, ""value"": 0.0}, {""period"": ""Q2 2025"", ""year"": 2025, ""quarter"": 2, ""value"": 0.0}, {""period"": ""Q3 2025"", ""year"": 2025, ""quarter"": 3, ""value"": 0.0}, {""period"": ""Q4 2025"", ""year"": 2025, ""quarter"": 4, ""value"": 0.0}, {""period"": ""Q1 2026"", ""year"": 2026, ""quarter"": 1, ""value"": 0.0}, {""period"": ""Q2 2026"", ""year"": 2026, ""quarter"": 2, ""value"": 0.0}]"
ACG,1,BalanceSheet,Quarter,3020104,4. Vốn khác của chủ sở hữu,30201,False,4,,"[{""period"": ""Q4 2018"", ""year"": 2018, ""quarter"": 4, ""value"": 0.0}, {""period"": ""Q1 2019"", ""year"": 2019, ""quarter"": 1, ""value"": 0.0}, {""period"": ""Q2 2019"", ""year"": 2019, ""quarter"": 2, ""value"": 0.0}, {""period"": ""Q3 2019"", ""year"": 2019, ""quarter"": 3, ""value"": 0.0}, {""period"": ""Q4 2019"", ""year"": 2019, ""quarter"": 4, ""value"": 0.0}, {""period"": ""Q2 2020"", ""year"": 2020, ""quarter"": 2, ""value"": 0.0}, {""period"": ""Q3 2020"", ""year"": 2020, ""quarter"": 3, ""value"": 0.0}, {""period"": ""Q4 2020"", ""year"": 2020, ""quarter"": 4, ""value"": 0.0}, {""period"": ""Q1 2021"", ""year"": 2021, ""quarter"": 1, ""value"": 0.0}, {""period"": ""Q2 2021"", ""year"": 2021, ""quarter"": 2, ""value"": 0.0}, {""period"": ""Q3 2021"", ""year"": 2021, ""quarter"": 3, ""value"": 0.0}, {""period"": ""Q4 2021"", ""year"": 2021, ""quarter"": 4, ""value"": 0.0}, {""period"": ""Q1 2022"", ""year"": 2022, ""quarter"": 1, ""value"": 0.0}, {""period"": ""Q2 2022"", ""year"": 2022, ""quarter"": 2, ""value"": 0.0}, {""period"": ""Q3 2022"", ""year"": 2022, ""quarter"": 3, ""value"": 0.0}, {""period"": ""Q4 2022"", ""year"": 2022, ""quarter"": 4, ""value"": 0.0}, {""period"": ""Q1 2023"", ""year"": 2023, ""quarter"": 1, ""value"": 0.0}, {""period"": ""Q2 2023"", ""year"": 2023, ""quarter"": 2, ""value"": 0.0}, {""period"": ""Q3 2023"", ""year"": 2023, ""quarter"": 3, ""value"": 0.0}, {""period"": ""Q4 2023"", ""year"": 2023, ""quarter"": 4, ""value"": 0.0}, {""period"": ""Q1 2024"", ""year"": 2024, ""quarter"": 1, ""value"": 0.0}, {""period"": ""Q2 2024"", ""year"": 2024, ""quarter"": 2, ""value"": 0.0}, {""period"": ""Q3 2024"", ""year"": 2024, ""quarter"": 3, ""value"": 0.0}, {""period"": ""Q4 2024"", ""year"": 2024, ""quarter"": 4, ""value"": 0.0}, {""period"": ""Q1 2025"", ""year"": 2025, ""quarter"": 1, ""value"": 0.0}, {""period"": ""Q2 2025"", ""year"": 2025, ""quarter"": 2, ""value"": 0.0}, {""period"": ""Q3 2025"", ""year"": 2025, ""quarter"": 3, ""value"": 0.0}, {""period"": ""Q4 2025"", ""year"": 2025, ""quarter"": 4, ""value"": 0.0}, {""period"": ""Q1 2026"", ""year"": 2026, ""quarter"": 1, ""value"": 0.0}, {""period"": ""Q2 2026"", ""year"": 2026, ""quarter"": 2, ""value"": 0.0}]"
ACG,1,BalanceSheet,Quarter,3020105,5. Cổ phiếu quỹ,30201,False,4,,"[{""period"": ""Q4 2018"", ""year"": 2018, ""quarter"": 4, ""value"": -16000000.0}, {""period"": ""Q1 2019"", ""year"": 2019, ""quarter"": 1, ""value"": -16000000.0}, {""period"": ""Q2 2019"", ""year"": 2019, ""quarter"": 2, ""value"": -16000000.0}, {""period"": ""Q3 2019"", ""year"": 2019, ""quarter"": 3, ""value"": -16000000.0}, {""period"": ""Q4 2019"", ""year"": 2019, ""quarter"": 4, ""value"": -16000000.0}, {""period"": ""Q2 2020"", ""year"": 2020, ""quarter"": 2, ""value"": -16000000.0}, {""period"": ""Q3 2020"", ""year"": 2020, ""quarter"": 3, ""value"": -96000000.0}, {""period"": ""Q4 2020"", ""year"": 2020, ""quarter"": 4, ""value"": -20046000000.0}, {""period"": ""Q1 2021"", ""year"": 2021, ""quarter"": 1, ""value"": -20111000000.0}, {""period"": ""Q2 2021"", ""year"": 2021, ""quarter"": 2, ""value"": -20046000000.0}, {""period"": ""Q3 2021"", ""year"": 2021, ""quarter"": 3, ""value"": -20046000000.0}, {""period"": ""Q4 2021"", ""year"": 2021, ""quarter"": 4, ""value"": -653230147.0}, {""period"": ""Q1 2022"", ""year"": 2022, ""quarter"": 1, ""value"": -653230147.0}, {""period"": ""Q2 2022"", ""year"": 2022, ""quarter"": 2, ""value"": -653230147.0}, {""period"": ""Q3 2022"", ""year"": 2022, ""quarter"": 3, ""value"": -653230147.0}, {""period"": ""Q4 2022"", ""year"": 2022, ""quarter"": 4, ""value"": -653230147.0}, {""period"": ""Q1 2023"", ""year"": 2023, ""quarter"": 1, ""value"": -653230147.0}, {""period"": ""Q2 2023"", ""year"": 2023, ""quarter"": 2, ""value"": -653230147.0}, {""period"": ""Q3 2023"", ""year"": 2023, ""quarter"": 3, ""value"": -653230147.0}, {""period"": ""Q4 2023"", ""year"": 2023, ""quarter"": 4, ""value"": 0.0}, {""period"": ""Q1 2024"", ""year"": 2024, ""quarter"": 1, ""value"": 0.0}, {""period"": ""Q2 2024"", ""year"": 2024, ""quarter"": 2, ""value"": 0.0}, {""period"": ""Q3 2024"", ""year"": 2024, ""quarter"": 3, ""value"": 0.0}, {""period"": ""Q4 2024"", ""year"": 2024, ""quarter"": 4, ""value"": 0.0}, {""period"": ""Q1 2025"", ""year"": 2025, ""quarter"": 1, ""value"": 0.0}, {""period"": ""Q2 2025"", ""year"": 2025, ""quarter"": 2, ""value"": 0.0}, {""period"": ""Q3 2025"", ""year"": 2025, ""quarter"": 3, ""value"": 0.0}, {""period"": ""Q4 2025"", ""year"": 2025, ""quarter"": 4, ""value"": 0.0}, {""period"": ""Q1 2026"", ""year"": 2026, ""quarter"": 1, ""value"": 0.0}, {""period"": ""Q2 2026"", ""year"": 2026, ""quarter"": 2, ""value"": 0.0}]"
ACG,1,BalanceSheet,Quarter,3020106,6. Chênh lệch đánh giá lại tài sản,30201,False,4,,"[{""period"": ""Q4 2018"", ""year"": 2018, ""quarter"": 4, ""value"": 0.0}, {""period"": ""Q1 2019"", ""year"": 2019, ""quarter"": 1, ""value"": 0.0}, {""period"": ""Q2 2019"", ""year"": 2019, ""quarter"": 2, ""value"": 0.0}, {""period"": ""Q3 2019"", ""year"": 2019, ""quarter"": 3, ""value"": 0.0}, {""period"": ""Q4 2019"", ""year"": 2019, ""quarter"": 4, ""value"": 0.0}, {""period"": ""Q2 2020"", ""year"": 2020, ""quarter"": 2, ""value"": 0.0}, {""period"": ""Q3 2020"", ""year"": 2020, ""quarter"": 3, ""value"": 0.0}, {""period"": ""Q4 2020"", ""year"": 2020, ""quarter"": 4, ""value"": 0.0}, {""period"": ""Q1 2021"", ""year"": 2021, ""quarter"": 1, ""value"": 0.0}, {""period"": ""Q2 2021"", ""year"": 2021, ""quarter"": 2, ""value"": 0.0}, {""period"": ""Q3 2021"", ""year"": 2021, ""quarter"": 3, ""value"": 0.0}, {""period"": ""Q4 2021"", ""year"": 2021, ""quarter"": 4, ""value"": 0.0}, {""period"": ""Q1 2022"", ""year"": 2022, ""quarter"": 1, ""value"": 0.0}, {""period"": ""Q2 2022"", ""year"": 2022, ""quarter"": 2, ""value"": 0.0}, {""period"": ""Q3 2022"", ""year"": 2022, ""quarter"": 3, ""value"": 0.0}, {""period"": ""Q4 2022"", ""year"": 2022, ""quarter"": 4, ""value"": 0.0}, {""period"": ""Q1 2023"", ""year"": 2023, ""quarter"": 1, ""value"": 0.0}, {""period"": ""Q2 2023"", ""year"": 2023, ""quarter"": 2, ""value"": 0.0}, {""period"": ""Q3 2023"", ""year"": 2023, ""quarter"": 3, ""value"": 0.0}, {""period"": ""Q4 2023"", ""year"": 2023, ""quarter"": 4, ""value"": 0.0}, {""period"": ""Q1 2024"", ""year"": 2024, ""quarter"": 1, ""value"": 0.0}, {""period"": ""Q2 2024"", ""year"": 2024, ""quarter"": 2, ""value"": 0.0}, {""period"": ""Q3 2024"", ""year"": 2024, ""quarter"": 3, ""value"": 0.0}, {""period"": ""Q4 2024"", ""year"": 2024, ""quarter"": 4, ""value"": 0.0}, {""period"": ""Q1 2025"", ""year"": 2025, ""quarter"": 1, ""value"": 0.0}, {""period"": ""Q2 2025"", ""year"": 2025, ""quarter"": 2, ""value"": 0.0}, {""period"": ""Q3 2025"", ""year"": 2025, ""quarter"": 3, ""value"": 0.0}, {""period"": ""Q4 2025"", ""year"": 2025, ""quarter"": 4, ""value"": 0.0}, {""period"": ""Q1 2026"", ""year"": 2026, ""quarter"": 1, ""value"": 0.0}, {""period"": ""Q2 2026"", ""year"": 2026, ""quarter"": 2, ""value"": 0.0}]"
ACG,1,BalanceSheet,Quarter,3020107,7. Chênh lệch tỷ giá hối đoái,30201,False,4,,"[{""period"": ""Q4 2018"", ""year"": 2018, ""quarter"": 4, ""value"": 0.0}, {""period"": ""Q1 2019"", ""year"": 2019, ""quarter"": 1, ""value"": 0.0}, {""period"": ""Q2 2019"", ""year"": 2019, ""quarter"": 2, ""value"": 0.0}, {""period"": ""Q3 2019"", ""year"": 2019, ""quarter"": 3, ""value"": 0.0}, {""period"": ""Q4 2019"", ""year"": 2019, ""quarter"": 4, ""value"": 0.0}, {""period"": ""Q2 2020"", ""year"": 2020, ""quarter"": 2, ""value"": 0.0}, {""period"": ""Q3 2020"", ""year"": 2020, ""quarter"": 3, ""value"": 0.0}, {""period"": ""Q4 2020"", ""year"": 2020, ""quarter"": 4, ""value"": 0.0}, {""period"": ""Q1 2021"", ""year"": 2021, ""quarter"": 1, ""value"": 0.0}, {""period"": ""Q2 2021"", ""year"": 2021, ""quarter"": 2, ""value"": 0.0}, {""period"": ""Q3 2021"", ""year"": 2021, ""quarter"": 3, ""value"": 0.0}, {""period"": ""Q4 2021"", ""year"": 2021, ""quarter"": 4, ""value"": 0.0}, {""period"": ""Q1 2022"", ""year"": 2022, ""quarter"": 1, ""value"": 0.0}, {""period"": ""Q2 2022"", ""year"": 2022, ""quarter"": 2, ""value"": 0.0}, {""period"": ""Q3 2022"", ""year"": 2022, ""quarter"": 3, ""value"": 0.0}, {""period"": ""Q4 2022"", ""year"": 2022, ""quarter"": 4, ""value"": 0.0}, {""period"": ""Q1 2023"", ""year"": 2023, ""quarter"": 1, ""value"": 0.0}, {""period"": ""Q2 2023"", ""year"": 2023, ""quarter"": 2, ""value"": 0.0}, {""period"": ""Q3 2023"", ""year"": 2023, ""quarter"": 3, ""value"": 0.0}, {""period"": ""Q4 2023"", ""year"": 2023, ""quarter"": 4, ""value"": 0.0}, {""period"": ""Q1 2024"", ""year"": 2024, ""quarter"": 1, ""value"": 0.0}, {""period"": ""Q2 2024"", ""year"": 2024, ""quarter"": 2, ""value"": 0.0}, {""period"": ""Q3 2024"", ""year"": 2024, ""quarter"": 3, ""value"": 0.0}, {""period"": ""Q4 2024"", ""year"": 2024, ""quarter"": 4, ""value"": 0.0}, {""period"": ""Q1 2025"", ""year"": 2025, ""quarter"": 1, ""value"": 0.0}, {""period"": ""Q2 2025"", ""year"": 2025, ""quarter"": 2, ""value"": 0.0}, {""period"": ""Q3 2025"", ""year"": 2025, ""quarter"": 3, ""value"": 0.0}, {""period"": ""Q4 2025"", ""year"": 2025, ""quarter"": 4, ""value"": 0.0}, {""period"": ""Q1 2026"", ""year"": 2026, ""quarter"": 1, ""value"": 0.0}, {""period"": ""Q2 2026"", ""year"": 2026, ""quarter"": 2, ""value"": 0.0}]"
ACG,1,BalanceSheet,Quarter,3020108,8. Quỹ đầu tư phát triển,30201,False,4,,"[{""period"": ""Q4 2018"", ""year"": 2018, ""quarter"": 4, ""value"": 7673760702.0}, {""period"": ""Q1 2019"", ""year"": 2019, ""quarter"": 1, ""value"": 7673760702.0}, {""period"": ""Q2 2019"", ""year"": 2019, ""quarter"": 2, ""value"": 22829452785.0}, {""period"": ""Q3 2019"", ""year"": 2019, ""quarter"": 3, ""value"": 22829452785.0}, {""period"": ""Q4 2019"", ""year"": 2019, ""quarter"": 4, ""value"": 22829452785.0}, {""period"": ""Q2 2020"", ""year"": 2020, ""quarter"": 2, ""value"": 37420918871.0}, {""period"": ""Q3 2020"", ""year"": 2020, ""quarter"": 3, ""value"": 37420918871.0}, {""period"": ""Q4 2020"", ""year"": 2020, ""quarter"": 4, ""value"": 36590318871.0}, {""period"": ""Q1 2021"", ""year"": 2021, ""quarter"": 1, ""value"": 31734291598.0}, {""period"": ""Q2 2021"", ""year"": 2021, ""quarter"": 2, ""value"": 46039084205.0}, {""period"": ""Q3 2021"", ""year"": 2021, ""quarter"": 3, ""value"": 32657898488.0}, {""period"": ""Q4 2021"", ""year"": 2021, ""quarter"": 4, ""value"": 25138524261.0}, {""period"": ""Q1 2022"", ""year"": 2022, ""quarter"": 1, ""value"": 25138524261.0}, {""period"": ""Q2 2022"", ""year"": 2022, ""quarter"": 2, ""value"": 5387266.0}, {""period"": ""Q3 2022"", ""year"": 2022, ""quarter"": 3, ""value"": 5387266.0}, {""period"": ""Q4 2022"", ""year"": 2022, ""quarter"": 4, ""value"": 5387266.0}, {""period"": ""Q1 2023"", ""year"": 2023, ""quarter"": 1, ""value"": 5387266.0}, {""period"": ""Q2 2023"", ""year"": 2023, ""quarter"": 2, ""value"": 45171953287.0}, {""period"": ""Q3 2023"", ""year"": 2023, ""quarter"": 3, ""value"": 45171953287.0}, {""period"": ""Q4 2023"", ""year"": 2023, ""quarter"": 4, ""value"": 35502563287.0}, {""period"": ""Q1 2024"", ""year"": 2024, ""quarter"": 1, ""value"": 35216469967.0}, {""period"": ""Q2 2024"", ""year"": 2024, ""quarter"": 2, ""value"": 0.0}, {""period"": ""Q3 2024"", ""year"": 2024, ""quarter"": 3, ""value"": 0.0}, {""period"": ""Q4 2024"", ""year"": 2024, ""quarter"": 4, ""value"": 0.0}, {""period"": ""Q1 2025"", ""year"": 2025, ""quarter"": 1, ""value"": 0.0}, {""period"": ""Q2 2025"", ""year"": 2025, ""quarter"": 2, ""value"": 20998599300.0}, {""period"": ""Q3 2025"", ""year"": 2025, ""quarter"": 3, ""value"": 20998599300.0}, {""period"": ""Q4 2025"", ""year"": 2025, ""quarter"": 4, ""value"": 20998599300.0}, {""period"": ""Q1 2026"", ""year"": 2026, ""quarter"": 1, ""value"": 20998599300.0}, {""period"": ""Q2 2026"", ""year"": 2026, ""quarter"": 2, ""value"": 20998599300.0}]"
ACG,1,BalanceSheet,Quarter,3020109,9. Quỹ dự phòng tài chính,30201,False,4,,"[{""period"": ""Q4 2018"", ""year"": 2018, ""quarter"": 4, ""value"": 0.0}, {""period"": ""Q1 2019"", ""year"": 2019, ""quarter"": 1, ""value"": 0.0}, {""period"": ""Q2 2019"", ""year"": 2019, ""quarter"": 2, ""value"": 0.0}, {""period"": ""Q3 2019"", ""year"": 2019, ""quarter"": 3, ""value"": 0.0}, {""period"": ""Q4 2019"", ""year"": 2019, ""quarter"": 4, ""value"": 0.0}, {""period"": ""Q2 2020"", ""year"": 2020, ""quarter"": 2, ""value"": 0.0}, {""period"": ""Q3 2020"", ""year"": 2020, ""quarter"": 3, ""value"": 0.0}, {""period"": ""Q4 2020"", ""year"": 2020, ""quarter"": 4, ""value"": 0.0}, {""period"": ""Q1 2021"", ""year"": 2021, ""quarter"": 1, ""value"": 0.0}, {""period"": ""Q2 2021"", ""year"": 2021, ""quarter"": 2, ""value"": 0.0}, {""period"": ""Q3 2021"", ""year"": 2021, ""quarter"": 3, ""value"": 0.0}, {""period"": ""Q4 2021"", ""year"": 2021, ""quarter"": 4, ""value"": 0.0}, {""period"": ""Q1 2022"", ""year"": 2022, ""quarter"": 1, ""value"": 0.0}, {""period"": ""Q2 2022"", ""year"": 2022, ""quarter"": 2, ""value"": 0.0}, {""period"": ""Q3 2022"", ""year"": 2022, ""quarter"": 3, ""value"": 0.0}, {""period"": ""Q4 2022"", ""year"": 2022, ""quarter"": 4, ""value"": 0.0}, {""period"": ""Q1 2023"", ""year"": 2023, ""quarter"": 1, ""value"": 0.0}, {""period"": ""Q2 2023"", ""year"": 2023, ""quarter"": 2, ""value"": 0.0}, {""period"": ""Q3 2023"", ""year"": 2023, ""quarter"": 3, ""value"": 0.0}, {""period"": ""Q4 2023"", ""year"": 2023, ""quarter"": 4, ""value"": 0.0}, {""period"": ""Q1 2024"", ""year"": 2024, ""quarter"": 1, ""value"": 0.0}, {""period"": ""Q2 2024"", ""year"": 2024, ""quarter"": 2, ""value"": 0.0}, {""period"": ""Q3 2024"", ""year"": 2024, ""quarter"": 3, ""value"": 0.0}, {""period"": ""Q4 2024"", ""year"": 2024, ""quarter"": 4, ""value"": 0.0}, {""period"": ""Q1 2025"", ""year"": 2025, ""quarter"": 1, ""value"": 0.0}, {""period"": ""Q2 2025"", ""year"": 2025, ""quarter"": 2, ""value"": 0.0}, {""period"": ""Q3 2025"", ""year"": 2025, ""quarter"": 3, ""value"": 0.0}, {""period"": ""Q4 2025"", ""year"": 2025, ""quarter"": 4, ""value"": 0.0}, {""period"": ""Q1 2026"", ""year"": 2026, ""quarter"": 1, ""value"": 0.0}, {""period"": ""Q2 2026"", ""year"": 2026, ""quarter"": 2, ""value"": 0.0}]"
ACG,1,BalanceSheet,Quarter,3020110,10. Quỹ khác thuộc vốn chủ sở hữu,30201,False,4,,"[{""period"": ""Q4 2018"", ""year"": 2018, ""quarter"": 4, ""value"": 0.0}, {""period"": ""Q1 2019"", ""year"": 2019, ""quarter"": 1, ""value"": 0.0}, {""period"": ""Q2 2019"", ""year"": 2019, ""quarter"": 2, ""value"": 0.0}, {""period"": ""Q3 2019"", ""year"": 2019, ""quarter"": 3, ""value"": 0.0}, {""period"": ""Q4 2019"", ""year"": 2019, ""quarter"": 4, ""value"": 0.0}, {""period"": ""Q2 2020"", ""year"": 2020, ""quarter"": 2, ""value"": 0.0}, {""period"": ""Q3 2020"", ""year"": 2020, ""quarter"": 3, ""value"": 0.0}, {""period"": ""Q4 2020"", ""year"": 2020, ""quarter"": 4, ""value"": 0.0}, {""period"": ""Q1 2021"", ""year"": 2021, ""quarter"": 1, ""value"": 0.0}, {""period"": ""Q2 2021"", ""year"": 2021, ""quarter"": 2, ""value"": 0.0}, {""period"": ""Q3 2021"", ""year"": 2021, ""quarter"": 3, ""value"": 0.0}, {""period"": ""Q4 2021"", ""year"": 2021, ""quarter"": 4, ""value"": 0.0}, {""period"": ""Q1 2022"", ""year"": 2022, ""quarter"": 1, ""value"": 0.0}, {""period"": ""Q2 2022"", ""year"": 2022, ""quarter"": 2, ""value"": 0.0}, {""period"": ""Q3 2022"", ""year"": 2022, ""quarter"": 3, ""value"": 0.0}, {""period"": ""Q4 2022"", ""year"": 2022, ""quarter"": 4, ""value"": 0.0}, {""period"": ""Q1 2023"", ""year"": 2023, ""quarter"": 1, ""value"": 0.0}, {""period"": ""Q2 2023"", ""year"": 2023, ""quarter"": 2, ""value"": 0.0}, {""period"": ""Q3 2023"", ""year"": 2023, ""quarter"": 3, ""value"": 0.0}, {""period"": ""Q4 2023"", ""year"": 2023, ""quarter"": 4, ""value"": 0.0}, {""period"": ""Q1 2024"", ""year"": 2024, ""quarter"": 1, ""value"": 0.0}, {""period"": ""Q2 2024"", ""year"": 2024, ""quarter"": 2, ""value"": 0.0}, {""period"": ""Q3 2024"", ""year"": 2024, ""quarter"": 3, ""value"": 0.0}, {""period"": ""Q4 2024"", ""year"": 2024, ""quarter"": 4, ""value"": 0.0}, {""period"": ""Q1 2025"", ""year"": 2025, ""quarter"": 1, ""value"": 0.0}, {""period"": ""Q2 2025"", ""year"": 2025, ""quarter"": 2, ""value"": 0.0}, {""period"": ""Q3 2025"", ""year"": 2025, ""quarter"": 3, ""value"": 0.0}, {""period"": ""Q4 2025"", ""year"": 2025, ""quarter"": 4, ""value"": 0.0}, {""period"": ""Q1 2026"", ""year"": 2026, ""quarter"": 1, ""value"": 0.0}, {""period"": ""Q2 2026"", ""year"": 2026, ""quarter"": 2, ""value"": 0.0}]"
ACG,1,BalanceSheet,Quarter,3020111,11. Lợi nhuận sau thuế chưa phân phối,30201,False,4,,"[{""period"": ""Q4 2018"", ""year"": 2018, ""quarter"": 4, ""value"": 913071925225.0}, {""period"": ""Q1 2019"", ""year"": 2019, ""quarter"": 1, ""value"": 1005136387496.0}, {""period"": ""Q2 2019"", ""year"": 2019, ""quarter"": 2, ""value"": 965826159127.0}, {""period"": ""Q3 2019"", ""year"": 2019, ""quarter"": 3, ""value"": 1087884171766.0}, {""period"": ""Q4 2019"", ""year"": 2019, ""quarter"": 4, ""value"": 1088688659079.0}, {""period"": ""Q2 2020"", ""year"": 2020, ""quarter"": 2, ""value"": 1207082160638.0}, {""period"": ""Q3 2020"", ""year"": 2020, ""quarter"": 3, ""value"": 1179377510900.0}, {""period"": ""Q4 2020"", ""year"": 2020, ""quarter"": 4, ""value"": 1215106884397.0}, {""period"": ""Q1 2021"", ""year"": 2021, ""quarter"": 1, ""value"": 1316115043918.0}, {""period"": ""Q2 2021"", ""year"": 2021, ""quarter"": 2, ""value"": 1301801914979.0}, {""period"": ""Q3 2021"", ""year"": 2021, ""quarter"": 3, ""value"": 1330875412098.0}, {""period"": ""Q4 2021"", ""year"": 2021, ""quarter"": 4, ""value"": 1456505482373.0}, {""period"": ""Q1 2022"", ""year"": 2022, ""quarter"": 1, ""value"": 1532596966092.0}, {""period"": ""Q2 2022"", ""year"": 2022, ""quarter"": 2, ""value"": 947640360066.0}, {""period"": ""Q3 2022"", ""year"": 2022, ""quarter"": 3, ""value"": 1113884995983.0}, {""period"": ""Q4 2022"", ""year"": 2022, ""quarter"": 4, ""value"": 1135105404068.0}, {""period"": ""Q1 2023"", ""year"": 2023, ""quarter"": 1, ""value"": 1171426754088.0}, {""period"": ""Q2 2023"", ""year"": 2023, ""quarter"": 2, ""value"": 1174525406336.0}, {""period"": ""Q3 2023"", ""year"": 2023, ""quarter"": 3, ""value"": 1154975811406.0}, {""period"": ""Q4 2023"", ""year"": 2023, ""quarter"": 4, ""value"": 1211432519148.0}, {""period"": ""Q1 2024"", ""year"": 2024, ""quarter"": 1, ""value"": 1292852043229.0}, {""period"": ""Q2 2024"", ""year"": 2024, ""quarter"": 2, ""value"": 1149616728600.0}, {""period"": ""Q3 2024"", ""year"": 2024, ""quarter"": 3, ""value"": 1280037717260.0}, {""period"": ""Q4 2024"", ""year"": 2024, ""quarter"": 4, ""value"": 1249553057217.0}, {""period"": ""Q1 2025"", ""year"": 2025, ""quarter"": 1, ""value"": 1334418938156.0}, {""period"": ""Q2 2025"", ""year"": 2025, ""quarter"": 2, ""value"": 1302540837766.0}, {""period"": ""Q3 2025"", ""year"": 2025, ""quarter"": 3, ""value"": 1437894675818.0}, {""period"": ""Q4 2025"", ""year"": 2025, ""quarter"": 4, ""value"": 1387559214388.0}, {""period"": ""Q1 2026"", ""year"": 2026, ""quarter"": 1, ""value"": 1499462001555.0}, {""period"": ""Q2 2026"", ""year"": 2026, ""quarter"": 2, ""value"": 1450995517502.0}]"
ACG,1,BalanceSheet,Quarter,302011101,- LNST chưa phân phối lũy kế đến cuối kỳ trước,3020111,False,5,,"[{""period"": ""Q4 2018"", ""year"": 2018, ""quarter"": 4, ""value"": 611042879096.0}, {""period"": ""Q1 2019"", ""year"": 2019, ""quarter"": 1, ""value"": 913071925225.0}, {""period"": ""Q2 2019"", ""year"": 2019, ""quarter"": 2, ""value"": 750345670136.0}, {""period"": ""Q3 2019"", ""year"": 2019, ""quarter"": 3, ""value"": 749345670136.0}, {""period"": ""Q4 2019"", ""year"": 2019, ""quarter"": 4, ""value"": 748345670136.0}, {""period"": ""Q2 2020"", ""year"": 2020, ""quarter"": 2, ""value"": 1041131627395.0}, {""period"": ""Q3 2020"", ""year"": 2020, ""quarter"": 3, ""value"": 880369288195.0}, {""period"": ""Q4 2020"", ""year"": 2020, ""quarter"": 4, ""value"": 880369288195.0}, {""period"": ""Q1 2021"", ""year"": 2021, ""quarter"": 1, ""value"": 1215106884397.0}, {""period"": ""Q2 2021"", ""year"": 2021, ""quarter"": 2, ""value"": 1064326369499.0}, {""period"": ""Q3 2021"", ""year"": 2021, ""quarter"": 3, ""value"": 1034544110211.0}, {""period"": ""Q4 2021"", ""year"": 2021, ""quarter"": 4, ""value"": 1034544110211.0}, {""period"": ""Q1 2022"", ""year"": 2022, ""quarter"": 1, ""value"": 1412685110373.0}, {""period"": ""Q2 2022"", ""year"": 2022, ""quarter"": 2, ""value"": 668944288934.0}, {""period"": ""Q3 2022"", ""year"": 2022, ""quarter"": 3, ""value"": 668944288933.0}, {""period"": ""Q4 2022"", ""year"": 2022, ""quarter"": 4, ""value"": 519524114733.0}, {""period"": ""Q1 2023"", ""year"": 2023, ""quarter"": 1, ""value"": 1135105404068.0}, {""period"": ""Q2 2023"", ""year"": 2023, ""quarter"": 2, ""value"": 1029677330766.0}, {""period"": ""Q3 2023"", ""year"": 2023, ""quarter"": 3, ""value"": 880259090766.0}, {""period"": ""Q4 2023"", ""year"": 2023, ""quarter"": 4, ""value"": 774714248566.0}, {""period"": ""Q1 2024"", ""year"": 2024, ""quarter"": 1, ""value"": 1211432519148.0}, {""period"": ""Q2 2024"", ""year"": 2024, ""quarter"": 2, ""value"": 950068342537.0}, {""period"": ""Q3 2024"", ""year"": 2024, ""quarter"": 3, ""value"": 950068342537.0}, {""period"": ""Q4 2024"", ""year"": 2024, ""quarter"": 4, ""value"": 829437985737.0}, {""period"": ""Q1 2025"", ""year"": 2025, ""quarter"": 1, ""value"": 1249409971617.0}, {""period"": ""Q2 2025"", ""year"": 2025, ""quarter"": 2, ""value"": 1079594519810.0}, {""period"": ""Q3 2025"", ""year"": 2025, ""quarter"": 3, ""value"": 1079594519810.0}, {""period"": ""Q4 2025"", ""year"": 2025, ""quarter"": 4, ""value"": 883570190010.0}, {""period"": ""Q1 2026"", ""year"": 2026, ""quarter"": 1, ""value"": 1387559214388.0}, {""period"": ""Q2 2026"", ""year"": 2026, ""quarter"": 2, ""value"": 1203304656235.0}]"
ACG,1,BalanceSheet,Quarter,302011102,- LNST chưa phân phối kỳ này,3020111,False,5,,"[{""period"": ""Q4 2018"", ""year"": 2018, ""quarter"": 4, ""value"": 302029046129.0}, {""period"": ""Q1 2019"", ""year"": 2019, ""quarter"": 1, ""value"": 92064462271.0}, {""period"": ""Q2 2019"", ""year"": 2019, ""quarter"": 2, ""value"": 215480488991.0}, {""period"": ""Q3 2019"", ""year"": 2019, ""quarter"": 3, ""value"": 338538501630.0}, {""period"": ""Q4 2019"", ""year"": 2019, ""quarter"": 4, ""value"": 340342988943.0}, {""period"": ""Q2 2020"", ""year"": 2020, ""quarter"": 2, ""value"": 165950533243.0}, {""period"": ""Q3 2020"", ""year"": 2020, ""quarter"": 3, ""value"": 299008222705.0}, {""period"": ""Q4 2020"", ""year"": 2020, ""quarter"": 4, ""value"": 334737596202.0}, {""period"": ""Q1 2021"", ""year"": 2021, ""quarter"": 1, ""value"": 101008159521.0}, {""period"": ""Q2 2021"", ""year"": 2021, ""quarter"": 2, ""value"": 237475545480.0}, {""period"": ""Q3 2021"", ""year"": 2021, ""quarter"": 3, ""value"": 296331301887.0}, {""period"": ""Q4 2021"", ""year"": 2021, ""quarter"": 4, ""value"": 421961372162.0}, {""period"": ""Q1 2022"", ""year"": 2022, ""quarter"": 1, ""value"": 119911855719.0}, {""period"": ""Q2 2022"", ""year"": 2022, ""quarter"": 2, ""value"": 278696071132.0}, {""period"": ""Q3 2022"", ""year"": 2022, ""quarter"": 3, ""value"": 444940707050.0}, {""period"": ""Q4 2022"", ""year"": 2022, ""quarter"": 4, ""value"": 615581289335.0}, {""period"": ""Q1 2023"", ""year"": 2023, ""quarter"": 1, ""value"": 36321350020.0}, {""period"": ""Q2 2023"", ""year"": 2023, ""quarter"": 2, ""value"": 144848075570.0}, {""period"": ""Q3 2023"", ""year"": 2023, ""quarter"": 3, ""value"": 274716720640.0}, {""period"": ""Q4 2023"", ""year"": 2023, ""quarter"": 4, ""value"": 436718270582.0}, {""period"": ""Q1 2024"", ""year"": 2024, ""quarter"": 1, ""value"": 81419524081.0}, {""period"": ""Q2 2024"", ""year"": 2024, ""quarter"": 2, ""value"": 199548386063.0}, {""period"": ""Q3 2024"", ""year"": 2024, ""quarter"": 3, ""value"": 329969374723.0}, {""period"": ""Q4 2024"", ""year"": 2024, ""quarter"": 4, ""value"": 420115071480.0}, {""period"": ""Q1 2025"", ""year"": 2025, ""quarter"": 1, ""value"": 85008966539.0}, {""period"": ""Q2 2025"", ""year"": 2025, ""quarter"": 2, ""value"": 222946317956.0}, {""period"": ""Q3 2025"", ""year"": 2025, ""quarter"": 3, ""value"": 358300156008.0}, {""period"": ""Q4 2025"", ""year"": 2025, ""quarter"": 4, ""value"": 503989024378.0}, {""period"": ""Q1 2026"", ""year"": 2026, ""quarter"": 1, ""value"": 111902787167.0}, {""period"": ""Q2 2026"", ""year"": 2026, ""quarter"": 2, ""value"": 247690861267.0}]"
ACG,1,BalanceSheet,Quarter,3020112,12. Nguồn vốn đầu tư xây dựng cơ bản,30201,False,4,,"[{""period"": ""Q4 2018"", ""year"": 2018, ""quarter"": 4, ""value"": 0.0}, {""period"": ""Q1 2019"", ""year"": 2019, ""quarter"": 1, ""value"": 0.0}, {""period"": ""Q2 2019"", ""year"": 2019, ""quarter"": 2, ""value"": 0.0}, {""period"": ""Q3 2019"", ""year"": 2019, ""quarter"": 3, ""value"": 0.0}, {""period"": ""Q4 2019"", ""year"": 2019, ""quarter"": 4, ""value"": 0.0}, {""period"": ""Q2 2020"", ""year"": 2020, ""quarter"": 2, ""value"": 0.0}, {""period"": ""Q3 2020"", ""year"": 2020, ""quarter"": 3, ""value"": 0.0}, {""period"": ""Q4 2020"", ""year"": 2020, ""quarter"": 4, ""value"": 0.0}, {""period"": ""Q1 2021"", ""year"": 2021, ""quarter"": 1, ""value"": 0.0}, {""period"": ""Q2 2021"", ""year"": 2021, ""quarter"": 2, ""value"": 0.0}, {""period"": ""Q3 2021"", ""year"": 2021, ""quarter"": 3, ""value"": 0.0}, {""period"": ""Q4 2021"", ""year"": 2021, ""quarter"": 4, ""value"": 0.0}, {""period"": ""Q1 2022"", ""year"": 2022, ""quarter"": 1, ""value"": 0.0}, {""period"": ""Q2 2022"", ""year"": 2022, ""quarter"": 2, ""value"": 0.0}, {""period"": ""Q3 2022"", ""year"": 2022, ""quarter"": 3, ""value"": 0.0}, {""period"": ""Q4 2022"", ""year"": 2022, ""quarter"": 4, ""value"": 0.0}, {""period"": ""Q1 2023"", ""year"": 2023, ""quarter"": 1, ""value"": 0.0}, {""period"": ""Q2 2023"", ""year"": 2023, ""quarter"": 2, ""value"": 0.0}, {""period"": ""Q3 2023"", ""year"": 2023, ""quarter"": 3, ""value"": 0.0}, {""period"": ""Q4 2023"", ""year"": 2023, ""quarter"": 4, ""value"": 0.0}, {""period"": ""Q1 2024"", ""year"": 2024, ""quarter"": 1, ""value"": 0.0}, {""period"": ""Q2 2024"", ""year"": 2024, ""quarter"": 2, ""value"": 0.0}, {""period"": ""Q3 2024"", ""year"": 2024, ""quarter"": 3, ""value"": 0.0}, {""period"": ""Q4 2024"", ""year"": 2024, ""quarter"": 4, ""value"": 0.0}, {""period"": ""Q1 2025"", ""year"": 2025, ""quarter"": 1, ""value"": 0.0}, {""period"": ""Q2 2025"", ""year"": 2025, ""quarter"": 2, ""value"": 0.0}, {""period"": ""Q3 2025"", ""year"": 2025, ""quarter"": 3, ""value"": 0.0}, {""period"": ""Q4 2025"", ""year"": 2025, ""quarter"": 4, ""value"": 0.0}, {""period"": ""Q1 2026"", ""year"": 2026, ""quarter"": 1, ""value"": 0.0}, {""period"": ""Q2 2026"", ""year"": 2026, ""quarter"": 2, ""value"": 0.0}]"
ACG,1,BalanceSheet,Quarter,3020113,13. Quỹ hỗ trợ sắp xếp doanh nghiệp,30201,False,4,,"[{""period"": ""Q4 2018"", ""year"": 2018, ""quarter"": 4, ""value"": 0.0}, {""period"": ""Q1 2019"", ""year"": 2019, ""quarter"": 1, ""value"": 0.0}, {""period"": ""Q2 2019"", ""year"": 2019, ""quarter"": 2, ""value"": 0.0}, {""period"": ""Q3 2019"", ""year"": 2019, ""quarter"": 3, ""value"": 0.0}, {""period"": ""Q4 2019"", ""year"": 2019, ""quarter"": 4, ""value"": 0.0}, {""period"": ""Q2 2020"", ""year"": 2020, ""quarter"": 2, ""value"": 0.0}, {""period"": ""Q3 2020"", ""year"": 2020, ""quarter"": 3, ""value"": 0.0}, {""period"": ""Q4 2020"", ""year"": 2020, ""quarter"": 4, ""value"": 0.0}, {""period"": ""Q1 2021"", ""year"": 2021, ""quarter"": 1, ""value"": 0.0}, {""period"": ""Q2 2021"", ""year"": 2021, ""quarter"": 2, ""value"": 0.0}, {""period"": ""Q3 2021"", ""year"": 2021, ""quarter"": 3, ""value"": 0.0}, {""period"": ""Q4 2021"", ""year"": 2021, ""quarter"": 4, ""value"": 0.0}, {""period"": ""Q1 2022"", ""year"": 2022, ""quarter"": 1, ""value"": 0.0}, {""period"": ""Q2 2022"", ""year"": 2022, ""quarter"": 2, ""value"": 0.0}, {""period"": ""Q3 2022"", ""year"": 2022, ""quarter"": 3, ""value"": 0.0}, {""period"": ""Q4 2022"", ""year"": 2022, ""quarter"": 4, ""value"": 0.0}, {""period"": ""Q1 2023"", ""year"": 2023, ""quarter"": 1, ""value"": 0.0}, {""period"": ""Q2 2023"", ""year"": 2023, ""quarter"": 2, ""value"": 0.0}, {""period"": ""Q3 2023"", ""year"": 2023, ""quarter"": 3, ""value"": 0.0}, {""period"": ""Q4 2023"", ""year"": 2023, ""quarter"": 4, ""value"": 0.0}, {""period"": ""Q1 2024"", ""year"": 2024, ""quarter"": 1, ""value"": 0.0}, {""period"": ""Q2 2024"", ""year"": 2024, ""quarter"": 2, ""value"": 0.0}, {""period"": ""Q3 2024"", ""year"": 2024, ""quarter"": 3, ""value"": 0.0}, {""period"": ""Q4 2024"", ""year"": 2024, ""quarter"": 4, ""value"": 0.0}, {""period"": ""Q1 2025"", ""year"": 2025, ""quarter"": 1, ""value"": 0.0}, {""period"": ""Q2 2025"", ""year"": 2025, ""quarter"": 2, ""value"": 0.0}, {""period"": ""Q3 2025"", ""year"": 2025, ""quarter"": 3, ""value"": 0.0}, {""period"": ""Q4 2025"", ""year"": 2025, ""quarter"": 4, ""value"": 0.0}, {""period"": ""Q1 2026"", ""year"": 2026, ""quarter"": 1, ""value"": 0.0}, {""period"": ""Q2 2026"", ""year"": 2026, ""quarter"": 2, ""value"": 0.0}]"
ACG,1,BalanceSheet,Quarter,3020114,14. Lợi ích của cổ đông không kiểm soát,30201,False,4,,"[{""period"": ""Q4 2018"", ""year"": 2018, ""quarter"": 4, ""value"": 0.0}, {""period"": ""Q1 2019"", ""year"": 2019, ""quarter"": 1, ""value"": 0.0}, {""period"": ""Q2 2019"", ""year"": 2019, ""quarter"": 2, ""value"": 0.0}, {""period"": ""Q3 2019"", ""year"": 2019, ""quarter"": 3, ""value"": 0.0}, {""period"": ""Q4 2019"", ""year"": 2019, ""quarter"": 4, ""value"": 0.0}, {""period"": ""Q2 2020"", ""year"": 2020, ""quarter"": 2, ""value"": 0.0}, {""period"": ""Q3 2020"", ""year"": 2020, ""quarter"": 3, ""value"": 0.0}, {""period"": ""Q4 2020"", ""year"": 2020, ""quarter"": 4, ""value"": 0.0}, {""period"": ""Q1 2021"", ""year"": 2021, ""quarter"": 1, ""value"": 0.0}, {""period"": ""Q2 2021"", ""year"": 2021, ""quarter"": 2, ""value"": 0.0}, {""period"": ""Q3 2021"", ""year"": 2021, ""quarter"": 3, ""value"": 0.0}, {""period"": ""Q4 2021"", ""year"": 2021, ""quarter"": 4, ""value"": 0.0}, {""period"": ""Q1 2022"", ""year"": 2022, ""quarter"": 1, ""value"": 0.0}, {""period"": ""Q2 2022"", ""year"": 2022, ""quarter"": 2, ""value"": 0.0}, {""period"": ""Q3 2022"", ""year"": 2022, ""quarter"": 3, ""value"": 0.0}, {""period"": ""Q4 2022"", ""year"": 2022, ""quarter"": 4, ""value"": 0.0}, {""period"": ""Q1 2023"", ""year"": 2023, ""quarter"": 1, ""value"": 9798530000.0}, {""period"": ""Q2 2023"", ""year"": 2023, ""quarter"": 2, ""value"": 9798530000.0}, {""period"": ""Q3 2023"", ""year"": 2023, ""quarter"": 3, ""value"": 9798530000.0}, {""period"": ""Q4 2023"", ""year"": 2023, ""quarter"": 4, ""value"": 0.0}, {""period"": ""Q1 2024"", ""year"": 2024, ""quarter"": 1, ""value"": 0.0}, {""period"": ""Q2 2024"", ""year"": 2024, ""quarter"": 2, ""value"": 0.0}, {""period"": ""Q3 2024"", ""year"": 2024, ""quarter"": 3, ""value"": 0.0}, {""period"": ""Q4 2024"", ""year"": 2024, ""quarter"": 4, ""value"": 0.0}, {""period"": ""Q1 2025"", ""year"": 2025, ""quarter"": 1, ""value"": 0.0}, {""period"": ""Q2 2025"", ""year"": 2025, ""quarter"": 2, ""value"": 0.0}, {""period"": ""Q3 2025"", ""year"": 2025, ""quarter"": 3, ""value"": 48004383319.0}, {""period"": ""Q4 2025"", ""year"": 2025, ""quarter"": 4, ""value"": 73858906522.0}, {""period"": ""Q1 2026"", ""year"": 2026, ""quarter"": 1, ""value"": 233424206251.0}, {""period"": ""Q2 2026"", ""year"": 2026, ""quarter"": 2, ""value"": 301526341496.0}]"
ACG,1,BalanceSheet,Quarter,30202,II. Nguồn kinh phí và quỹ khác,302,False,3,,"[{""period"": ""Q4 2018"", ""year"": 2018, ""quarter"": 4, ""value"": 0.0}, {""period"": ""Q1 2019"", ""year"": 2019, ""quarter"": 1, ""value"": 0.0}, {""period"": ""Q2 2019"", ""year"": 2019, ""quarter"": 2, ""value"": 0.0}, {""period"": ""Q3 2019"", ""year"": 2019, ""quarter"": 3, ""value"": 0.0}, {""period"": ""Q4 2019"", ""year"": 2019, ""quarter"": 4, ""value"": 0.0}, {""period"": ""Q2 2020"", ""year"": 2020, ""quarter"": 2, ""value"": 0.0}, {""period"": ""Q3 2020"", ""year"": 2020, ""quarter"": 3, ""value"": 0.0}, {""period"": ""Q4 2020"", ""year"": 2020, ""quarter"": 4, ""value"": 0.0}, {""period"": ""Q1 2021"", ""year"": 2021, ""quarter"": 1, ""value"": 0.0}, {""period"": ""Q2 2021"", ""year"": 2021, ""quarter"": 2, ""value"": 0.0}, {""period"": ""Q3 2021"", ""year"": 2021, ""quarter"": 3, ""value"": 0.0}, {""period"": ""Q4 2021"", ""year"": 2021, ""quarter"": 4, ""value"": 0.0}, {""period"": ""Q1 2022"", ""year"": 2022, ""quarter"": 1, ""value"": 0.0}, {""period"": ""Q2 2022"", ""year"": 2022, ""quarter"": 2, ""value"": 0.0}, {""period"": ""Q3 2022"", ""year"": 2022, ""quarter"": 3, ""value"": 0.0}, {""period"": ""Q4 2022"", ""year"": 2022, ""quarter"": 4, ""value"": 0.0}, {""period"": ""Q1 2023"", ""year"": 2023, ""quarter"": 1, ""value"": 0.0}, {""period"": ""Q2 2023"", ""year"": 2023, ""quarter"": 2, ""value"": 0.0}, {""period"": ""Q3 2023"", ""year"": 2023, ""quarter"": 3, ""value"": 0.0}, {""period"": ""Q4 2023"", ""year"": 2023, ""quarter"": 4, ""value"": 0.0}, {""period"": ""Q1 2024"", ""year"": 2024, ""quarter"": 1, ""value"": 0.0}, {""period"": ""Q2 2024"", ""year"": 2024, ""quarter"": 2, ""value"": 0.0}, {""period"": ""Q3 2024"", ""year"": 2024, ""quarter"": 3, ""value"": 0.0}, {""period"": ""Q4 2024"", ""year"": 2024, ""quarter"": 4, ""value"": 0.0}, {""period"": ""Q1 2025"", ""year"": 2025, ""quarter"": 1, ""value"": 0.0}, {""period"": ""Q2 2025"", ""year"": 2025, ""quarter"": 2, ""value"": 0.0}, {""period"": ""Q3 2025"", ""year"": 2025, ""quarter"": 3, ""value"": 0.0}, {""period"": ""Q4 2025"", ""year"": 2025, ""quarter"": 4, ""value"": 0.0}, {""period"": ""Q1 2026"", ""year"": 2026, ""quarter"": 1, ""value"": 0.0}, {""period"": ""Q2 2026"", ""year"": 2026, ""quarter"": 2, ""value"": 0.0}]"
ACG,1,BalanceSheet,Quarter,3020201,1. Nguồn kinh phí,30202,False,4,,"[{""period"": ""Q4 2018"", ""year"": 2018, ""quarter"": 4, ""value"": 0.0}, {""period"": ""Q1 2019"", ""year"": 2019, ""quarter"": 1, ""value"": 0.0}, {""period"": ""Q2 2019"", ""year"": 2019, ""quarter"": 2, ""value"": 0.0}, {""period"": ""Q3 2019"", ""year"": 2019, ""quarter"": 3, ""value"": 0.0}, {""period"": ""Q4 2019"", ""year"": 2019, ""quarter"": 4, ""value"": 0.0}, {""period"": ""Q2 2020"", ""year"": 2020, ""quarter"": 2, ""value"": 0.0}, {""period"": ""Q3 2020"", ""year"": 2020, ""quarter"": 3, ""value"": 0.0}, {""period"": ""Q4 2020"", ""year"": 2020, ""quarter"": 4, ""value"": 0.0}, {""period"": ""Q1 2021"", ""year"": 2021, ""quarter"": 1, ""value"": 0.0}, {""period"": ""Q2 2021"", ""year"": 2021, ""quarter"": 2, ""value"": 0.0}, {""period"": ""Q3 2021"", ""year"": 2021, ""quarter"": 3, ""value"": 0.0}, {""period"": ""Q4 2021"", ""year"": 2021, ""quarter"": 4, ""value"": 0.0}, {""period"": ""Q1 2022"", ""year"": 2022, ""quarter"": 1, ""value"": 0.0}, {""period"": ""Q2 2022"", ""year"": 2022, ""quarter"": 2, ""value"": 0.0}, {""period"": ""Q3 2022"", ""year"": 2022, ""quarter"": 3, ""value"": 0.0}, {""period"": ""Q4 2022"", ""year"": 2022, ""quarter"": 4, ""value"": 0.0}, {""period"": ""Q1 2023"", ""year"": 2023, ""quarter"": 1, ""value"": 0.0}, {""period"": ""Q2 2023"", ""year"": 2023, ""quarter"": 2, ""value"": 0.0}, {""period"": ""Q3 2023"", ""year"": 2023, ""quarter"": 3, ""value"": 0.0}, {""period"": ""Q4 2023"", ""year"": 2023, ""quarter"": 4, ""value"": 0.0}, {""period"": ""Q1 2024"", ""year"": 2024, ""quarter"": 1, ""value"": 0.0}, {""period"": ""Q2 2024"", ""year"": 2024, ""quarter"": 2, ""value"": 0.0}, {""period"": ""Q3 2024"", ""year"": 2024, ""quarter"": 3, ""value"": 0.0}, {""period"": ""Q4 2024"", ""year"": 2024, ""quarter"": 4, ""value"": 0.0}, {""period"": ""Q1 2025"", ""year"": 2025, ""quarter"": 1, ""value"": 0.0}, {""period"": ""Q2 2025"", ""year"": 2025, ""quarter"": 2, ""value"": 0.0}, {""period"": ""Q3 2025"", ""year"": 2025, ""quarter"": 3, ""value"": 0.0}, {""period"": ""Q4 2025"", ""year"": 2025, ""quarter"": 4, ""value"": 0.0}, {""period"": ""Q1 2026"", ""year"": 2026, ""quarter"": 1, ""value"": 0.0}, {""period"": ""Q2 2026"", ""year"": 2026, ""quarter"": 2, ""value"": 0.0}]"
ACG,1,BalanceSheet,Quarter,3020202,2. Nguồn kinh phí đã hình thành tài sản cố định,30202,False,4,,"[{""period"": ""Q4 2018"", ""year"": 2018, ""quarter"": 4, ""value"": 0.0}, {""period"": ""Q1 2019"", ""year"": 2019, ""quarter"": 1, ""value"": 0.0}, {""period"": ""Q2 2019"", ""year"": 2019, ""quarter"": 2, ""value"": 0.0}, {""period"": ""Q3 2019"", ""year"": 2019, ""quarter"": 3, ""value"": 0.0}, {""period"": ""Q4 2019"", ""year"": 2019, ""quarter"": 4, ""value"": 0.0}, {""period"": ""Q2 2020"", ""year"": 2020, ""quarter"": 2, ""value"": 0.0}, {""period"": ""Q3 2020"", ""year"": 2020, ""quarter"": 3, ""value"": 0.0}, {""period"": ""Q4 2020"", ""year"": 2020, ""quarter"": 4, ""value"": 0.0}, {""period"": ""Q1 2021"", ""year"": 2021, ""quarter"": 1, ""value"": 0.0}, {""period"": ""Q2 2021"", ""year"": 2021, ""quarter"": 2, ""value"": 0.0}, {""period"": ""Q3 2021"", ""year"": 2021, ""quarter"": 3, ""value"": 0.0}, {""period"": ""Q4 2021"", ""year"": 2021, ""quarter"": 4, ""value"": 0.0}, {""period"": ""Q1 2022"", ""year"": 2022, ""quarter"": 1, ""value"": 0.0}, {""period"": ""Q2 2022"", ""year"": 2022, ""quarter"": 2, ""value"": 0.0}, {""period"": ""Q3 2022"", ""year"": 2022, ""quarter"": 3, ""value"": 0.0}, {""period"": ""Q4 2022"", ""year"": 2022, ""quarter"": 4, ""value"": 0.0}, {""period"": ""Q1 2023"", ""year"": 2023, ""quarter"": 1, ""value"": 0.0}, {""period"": ""Q2 2023"", ""year"": 2023, ""quarter"": 2, ""value"": 0.0}, {""period"": ""Q3 2023"", ""year"": 2023, ""quarter"": 3, ""value"": 0.0}, {""period"": ""Q4 2023"", ""year"": 2023, ""quarter"": 4, ""value"": 0.0}, {""period"": ""Q1 2024"", ""year"": 2024, ""quarter"": 1, ""value"": 0.0}, {""period"": ""Q2 2024"", ""year"": 2024, ""quarter"": 2, ""value"": 0.0}, {""period"": ""Q3 2024"", ""year"": 2024, ""quarter"": 3, ""value"": 0.0}, {""period"": ""Q4 2024"", ""year"": 2024, ""quarter"": 4, ""value"": 0.0}, {""period"": ""Q1 2025"", ""year"": 2025, ""quarter"": 1, ""value"": 0.0}, {""period"": ""Q2 2025"", ""year"": 2025, ""quarter"": 2, ""value"": 0.0}, {""period"": ""Q3 2025"", ""year"": 2025, ""quarter"": 3, ""value"": 0.0}, {""period"": ""Q4 2025"", ""year"": 2025, ""quarter"": 4, ""value"": 0.0}, {""period"": ""Q1 2026"", ""year"": 2026, ""quarter"": 1, ""value"": 0.0}, {""period"": ""Q2 2026"", ""year"": 2026, ""quarter"": 2, ""value"": 0.0}]"
ACG,1,BalanceSheet,Quarter,3020203,3. Quỹ dự phòng trợ cấp mất việc làm,30202,False,4,,"[{""period"": ""Q4 2018"", ""year"": 2018, ""quarter"": 4, ""value"": 0.0}, {""period"": ""Q1 2019"", ""year"": 2019, ""quarter"": 1, ""value"": 0.0}, {""period"": ""Q2 2019"", ""year"": 2019, ""quarter"": 2, ""value"": 0.0}, {""period"": ""Q3 2019"", ""year"": 2019, ""quarter"": 3, ""value"": 0.0}, {""period"": ""Q4 2019"", ""year"": 2019, ""quarter"": 4, ""value"": 0.0}, {""period"": ""Q2 2020"", ""year"": 2020, ""quarter"": 2, ""value"": 0.0}, {""period"": ""Q3 2020"", ""year"": 2020, ""quarter"": 3, ""value"": 0.0}, {""period"": ""Q4 2020"", ""year"": 2020, ""quarter"": 4, ""value"": 0.0}, {""period"": ""Q1 2021"", ""year"": 2021, ""quarter"": 1, ""value"": 0.0}, {""period"": ""Q2 2021"", ""year"": 2021, ""quarter"": 2, ""value"": 0.0}, {""period"": ""Q3 2021"", ""year"": 2021, ""quarter"": 3, ""value"": 0.0}, {""period"": ""Q4 2021"", ""year"": 2021, ""quarter"": 4, ""value"": 0.0}, {""period"": ""Q1 2022"", ""year"": 2022, ""quarter"": 1, ""value"": 0.0}, {""period"": ""Q2 2022"", ""year"": 2022, ""quarter"": 2, ""value"": 0.0}, {""period"": ""Q3 2022"", ""year"": 2022, ""quarter"": 3, ""value"": 0.0}, {""period"": ""Q4 2022"", ""year"": 2022, ""quarter"": 4, ""value"": 0.0}, {""period"": ""Q1 2023"", ""year"": 2023, ""quarter"": 1, ""value"": 0.0}, {""period"": ""Q2 2023"", ""year"": 2023, ""quarter"": 2, ""value"": 0.0}, {""period"": ""Q3 2023"", ""year"": 2023, ""quarter"": 3, ""value"": 0.0}, {""period"": ""Q4 2023"", ""year"": 2023, ""quarter"": 4, ""value"": 0.0}, {""period"": ""Q1 2024"", ""year"": 2024, ""quarter"": 1, ""value"": 0.0}, {""period"": ""Q2 2024"", ""year"": 2024, ""quarter"": 2, ""value"": 0.0}, {""period"": ""Q3 2024"", ""year"": 2024, ""quarter"": 3, ""value"": 0.0}, {""period"": ""Q4 2024"", ""year"": 2024, ""quarter"": 4, ""value"": 0.0}, {""period"": ""Q1 2025"", ""year"": 2025, ""quarter"": 1, ""value"": 0.0}, {""period"": ""Q2 2025"", ""year"": 2025, ""quarter"": 2, ""value"": 0.0}, {""period"": ""Q3 2025"", ""year"": 2025, ""quarter"": 3, ""value"": 0.0}, {""period"": ""Q4 2025"", ""year"": 2025, ""quarter"": 4, ""value"": 0.0}, {""period"": ""Q1 2026"", ""year"": 2026, ""quarter"": 1, ""value"": 0.0}, {""period"": ""Q2 2026"", ""year"": 2026, ""quarter"": 2, ""value"": 0.0}]"
ACG,1,BalanceSheet,Quarter,4,TỔNG CỘNG NGUỒN VỐN,-1,True,1,,"[{""period"": ""Q4 2018"", ""year"": 2018, ""quarter"": 4, ""value"": 3568828702627.0}, {""period"": ""Q1 2019"", ""year"": 2019, ""quarter"": 1, ""value"": 4175332257344.0}, {""period"": ""Q2 2019"", ""year"": 2019, ""quarter"": 2, ""value"": 4286067668131.0}, {""period"": ""Q3 2019"", ""year"": 2019, ""quarter"": 3, ""value"": 4339406174876.0}, {""period"": ""Q4 2019"", ""year"": 2019, ""quarter"": 4, ""value"": 4184832920934.0}, {""period"": ""Q2 2020"", ""year"": 2020, ""quarter"": 2, ""value"": 4332711284170.0}, {""period"": ""Q3 2020"", ""year"": 2020, ""quarter"": 3, ""value"": 4421762390929.0}, {""period"": ""Q4 2020"", ""year"": 2020, ""quarter"": 4, ""value"": 4453117612700.0}, {""period"": ""Q1 2021"", ""year"": 2021, ""quarter"": 1, ""value"": 4756311647768.0}, {""period"": ""Q2 2021"", ""year"": 2021, ""quarter"": 2, ""value"": 4879737268113.0}, {""period"": ""Q3 2021"", ""year"": 2021, ""quarter"": 3, ""value"": 4746538139249.0}, {""period"": ""Q4 2021"", ""year"": 2021, ""quarter"": 4, ""value"": 4982919025724.0}, {""period"": ""Q1 2022"", ""year"": 2022, ""quarter"": 1, ""value"": 5136779358776.0}, {""period"": ""Q2 2022"", ""year"": 2022, ""quarter"": 2, ""value"": 5146637486107.0}, {""period"": ""Q3 2022"", ""year"": 2022, ""quarter"": 3, ""value"": 5280282481785.0}, {""period"": ""Q4 2022"", ""year"": 2022, ""quarter"": 4, ""value"": 5467211765261.0}, {""period"": ""Q1 2023"", ""year"": 2023, ""quarter"": 1, ""value"": 5265131205783.0}, {""period"": ""Q2 2023"", ""year"": 2023, ""quarter"": 2, ""value"": 5237805747695.0}, {""period"": ""Q3 2023"", ""year"": 2023, ""quarter"": 3, ""value"": 5122267049291.0}, {""period"": ""Q4 2023"", ""year"": 2023, ""quarter"": 4, ""value"": 5522088295367.0}, {""period"": ""Q1 2024"", ""year"": 2024, ""quarter"": 1, ""value"": 5700310014781.0}, {""period"": ""Q2 2024"", ""year"": 2024, ""quarter"": 2, ""value"": 5599797410763.0}, {""period"": ""Q3 2024"", ""year"": 2024, ""quarter"": 3, ""value"": 5543579105569.0}, {""period"": ""Q4 2024"", ""year"": 2024, ""quarter"": 4, ""value"": 5639813514365.0}, {""period"": ""Q1 2025"", ""year"": 2025, ""quarter"": 1, ""value"": 5755202101917.0}, {""period"": ""Q2 2025"", ""year"": 2025, ""quarter"": 2, ""value"": 5627915613793.0}, {""period"": ""Q3 2025"", ""year"": 2025, ""quarter"": 3, ""value"": 5981244120770.0}, {""period"": ""Q4 2025"", ""year"": 2025, ""quarter"": 4, ""value"": 6971999972968.0}, {""period"": ""Q1 2026"", ""year"": 2026, ""quarter"": 1, ""value"": 6903713894706.0}, {""period"": ""Q2 2026"", ""year"": 2026, ""quarter"": 2, ""value"": 8350354512920.0}]"
ACG,2,IncomeStatement,Quarter,1,1. Tổng doanh thu hoạt động kinh doanh,-1,True,1,,"[{""period"": ""Q1 2019"", ""year"": 2019, ""quarter"": 1, ""value"": 833761632097.0}, {""period"": ""Q2 2019"", ""year"": 2019, ""quarter"": 2, ""value"": 1092559061207.0}, {""period"": ""Q3 2019"", ""year"": 2019, ""quarter"": 3, ""value"": 1053535370799.0}, {""period"": ""Q4 2019"", ""year"": 2019, ""quarter"": 4, ""value"": 1500026523264.0}, {""period"": ""Q3 2020"", ""year"": 2020, ""quarter"": 3, ""value"": 942465283468.0}, {""period"": ""Q1 2021"", ""year"": 2021, ""quarter"": 1, ""value"": 793758052032.0}, {""period"": ""Q2 2021"", ""year"": 2021, ""quarter"": 2, ""value"": 925836105910.0}, {""period"": ""Q3 2021"", ""year"": 2021, ""quarter"": 3, ""value"": 498539746528.0}, {""period"": ""Q4 2021"", ""year"": 2021, ""quarter"": 4, ""value"": 1094816775132.0}, {""period"": ""Q1 2022"", ""year"": 2022, ""quarter"": 1, ""value"": 861844817545.0}, {""period"": ""Q2 2022"", ""year"": 2022, ""quarter"": 2, ""value"": 1064023245030.0}, {""period"": ""Q3 2022"", ""year"": 2022, ""quarter"": 3, ""value"": 1183192518499.0}, {""period"": ""Q4 2022"", ""year"": 2022, ""quarter"": 4, ""value"": 1400608376661.0}, {""period"": ""Q1 2023"", ""year"": 2023, ""quarter"": 1, ""value"": 684538140608.0}, {""period"": ""Q2 2023"", ""year"": 2023, ""quarter"": 2, ""value"": 973374829757.0}, {""period"": ""Q3 2023"", ""year"": 2023, ""quarter"": 3, ""value"": 964196931397.0}, {""period"": ""Q4 2023"", ""year"": 2023, ""quarter"": 4, ""value"": 1156609709772.0}, {""period"": ""Q1 2024"", ""year"": 2024, ""quarter"": 1, ""value"": 702947827198.0}, {""period"": ""Q2 2024"", ""year"": 2024, ""quarter"": 2, ""value"": 1032234887425.0}, {""period"": ""Q3 2024"", ""year"": 2024, ""quarter"": 3, ""value"": 1054581951155.0}, {""period"": ""Q4 2024"", ""year"": 2024, ""quarter"": 4, ""value"": 1235619420457.0}, {""period"": ""Q1 2025"", ""year"": 2025, ""quarter"": 1, ""value"": 807851817580.0}, {""period"": ""Q2 2025"", ""year"": 2025, ""quarter"": 2, ""value"": 967740035787.0}, {""period"": ""Q3 2025"", ""year"": 2025, ""quarter"": 3, ""value"": 1187054347539.0}, {""period"": ""Q4 2025"", ""year"": 2025, ""quarter"": 4, ""value"": 1685313332802.0}, {""period"": ""Q1 2026"", ""year"": 2026, ""quarter"": 1, ""value"": 1119843291467.0}, {""period"": ""Q2 2026"", ""year"": 2026, ""quarter"": 2, ""value"": 1247039781339.0}]"
ACG,2,IncomeStatement,Quarter,2,2. Các khoản giảm trừ doanh thu,-1,True,1,,"[{""period"": ""Q1 2019"", ""year"": 2019, ""quarter"": 1, ""value"": 4429061923.0}, {""period"": ""Q2 2019"", ""year"": 2019, ""quarter"": 2, ""value"": 5067523589.0}, {""period"": ""Q3 2019"", ""year"": 2019, ""quarter"": 3, ""value"": 6796075966.0}, {""period"": ""Q4 2019"", ""year"": 2019, ""quarter"": 4, ""value"": 29020173481.0}, {""period"": ""Q3 2020"", ""year"": 2020, ""quarter"": 3, ""value"": 10210783833.0}, {""period"": ""Q1 2021"", ""year"": 2021, ""quarter"": 1, ""value"": 6368436799.0}, {""period"": ""Q2 2021"", ""year"": 2021, ""quarter"": 2, ""value"": 4219531905.0}, {""period"": ""Q3 2021"", ""year"": 2021, ""quarter"": 3, ""value"": 1739798045.0}, {""period"": ""Q4 2021"", ""year"": 2021, ""quarter"": 4, ""value"": 7115327342.0}, {""period"": ""Q1 2022"", ""year"": 2022, ""quarter"": 1, ""value"": 5841327445.0}, {""period"": ""Q2 2022"", ""year"": 2022, ""quarter"": 2, ""value"": 5192592416.0}, {""period"": ""Q3 2022"", ""year"": 2022, ""quarter"": 3, ""value"": 6874107559.0}, {""period"": ""Q4 2022"", ""year"": 2022, ""quarter"": 4, ""value"": 16282491492.0}, {""period"": ""Q1 2023"", ""year"": 2023, ""quarter"": 1, ""value"": 4588004757.0}, {""period"": ""Q2 2023"", ""year"": 2023, ""quarter"": 2, ""value"": 5185798220.0}, {""period"": ""Q3 2023"", ""year"": 2023, ""quarter"": 3, ""value"": 1628393405.0}, {""period"": ""Q4 2023"", ""year"": 2023, ""quarter"": 4, ""value"": 5188163404.0}, {""period"": ""Q1 2024"", ""year"": 2024, ""quarter"": 1, ""value"": 7970249263.0}, {""period"": ""Q2 2024"", ""year"": 2024, ""quarter"": 2, ""value"": 6379343345.0}, {""period"": ""Q3 2024"", ""year"": 2024, ""quarter"": 3, ""value"": 10764603279.0}, {""period"": ""Q4 2024"", ""year"": 2024, ""quarter"": 4, ""value"": 19405868710.0}, {""period"": ""Q1 2025"", ""year"": 2025, ""quarter"": 1, ""value"": 5817450801.0}, {""period"": ""Q2 2025"", ""year"": 2025, ""quarter"": 2, ""value"": 6650101515.0}, {""period"": ""Q3 2025"", ""year"": 2025, ""quarter"": 3, ""value"": 9591828163.0}, {""period"": ""Q4 2025"", ""year"": 2025, ""quarter"": 4, ""value"": 17196876501.0}, {""period"": ""Q1 2026"", ""year"": 2026, ""quarter"": 1, ""value"": 9915344292.0}, {""period"": ""Q2 2026"", ""year"": 2026, ""quarter"": 2, ""value"": 7560708791.0}]"
ACG,2,IncomeStatement,Quarter,3,3. Doanh thu thuần (1)-(2),-1,True,1,,"[{""period"": ""Q1 2019"", ""year"": 2019, ""quarter"": 1, ""value"": 829332570174.0}, {""period"": ""Q2 2019"", ""year"": 2019, ""quarter"": 2, ""value"": 1087491537618.0}, {""period"": ""Q3 2019"", ""year"": 2019, ""quarter"": 3, ""value"": 1046739294833.0}, {""period"": ""Q4 2019"", ""year"": 2019, ""quarter"": 4, ""value"": 1471006349783.0}, {""period"": ""Q3 2020"", ""year"": 2020, ""quarter"": 3, ""value"": 932254499635.0}, {""period"": ""Q1 2021"", ""year"": 2021, ""quarter"": 1, ""value"": 787389615233.0}, {""period"": ""Q2 2021"", ""year"": 2021, ""quarter"": 2, ""value"": 921616574005.0}, {""period"": ""Q3 2021"", ""year"": 2021, ""quarter"": 3, ""value"": 496799948483.0}, {""period"": ""Q4 2021"", ""year"": 2021, ""quarter"": 4, ""value"": 1087701447790.0}, {""period"": ""Q1 2022"", ""year"": 2022, ""quarter"": 1, ""value"": 856003490100.0}, {""period"": ""Q2 2022"", ""year"": 2022, ""quarter"": 2, ""value"": 1058830652614.0}, {""period"": ""Q3 2022"", ""year"": 2022, ""quarter"": 3, ""value"": 1176318410940.0}, {""period"": ""Q4 2022"", ""year"": 2022, ""quarter"": 4, ""value"": 1384325885169.0}, {""period"": ""Q1 2023"", ""year"": 2023, ""quarter"": 1, ""value"": 679950135851.0}, {""period"": ""Q2 2023"", ""year"": 2023, ""quarter"": 2, ""value"": 968189031537.0}, {""period"": ""Q3 2023"", ""year"": 2023, ""quarter"": 3, ""value"": 962568537992.0}, {""period"": ""Q4 2023"", ""year"": 2023, ""quarter"": 4, ""value"": 1151421546368.0}, {""period"": ""Q1 2024"", ""year"": 2024, ""quarter"": 1, ""value"": 694977577935.0}, {""period"": ""Q2 2024"", ""year"": 2024, ""quarter"": 2, ""value"": 1025855544080.0}, {""period"": ""Q3 2024"", ""year"": 2024, ""quarter"": 3, ""value"": 1043817347876.0}, {""period"": ""Q4 2024"", ""year"": 2024, ""quarter"": 4, ""value"": 1216213551747.0}, {""period"": ""Q1 2025"", ""year"": 2025, ""quarter"": 1, ""value"": 802034366779.0}, {""period"": ""Q2 2025"", ""year"": 2025, ""quarter"": 2, ""value"": 961089934272.0}, {""period"": ""Q3 2025"", ""year"": 2025, ""quarter"": 3, ""value"": 1177462519376.0}, {""period"": ""Q4 2025"", ""year"": 2025, ""quarter"": 4, ""value"": 1668116456301.0}, {""period"": ""Q1 2026"", ""year"": 2026, ""quarter"": 1, ""value"": 1109927947175.0}, {""period"": ""Q2 2026"", ""year"": 2026, ""quarter"": 2, ""value"": 1239479072548.0}]"
ACG,2,IncomeStatement,Quarter,4,4. Giá vốn hàng bán,-1,True,1,,"[{""period"": ""Q1 2019"", ""year"": 2019, ""quarter"": 1, ""value"": 587435023042.0}, {""period"": ""Q2 2019"", ""year"": 2019, ""quarter"": 2, ""value"": 819634671419.0}, {""period"": ""Q3 2019"", ""year"": 2019, ""quarter"": 3, ""value"": 773586123402.0}, {""period"": ""Q4 2019"", ""year"": 2019, ""quarter"": 4, ""value"": 1142455632221.0}, {""period"": ""Q3 2020"", ""year"": 2020, ""quarter"": 3, ""value"": 669772684649.0}, {""period"": ""Q1 2021"", ""year"": 2021, ""quarter"": 1, ""value"": 554092035068.0}, {""period"": ""Q2 2021"", ""year"": 2021, ""quarter"": 2, ""value"": 668796205184.0}, {""period"": ""Q3 2021"", ""year"": 2021, ""quarter"": 3, ""value"": 379176709547.0}, {""period"": ""Q4 2021"", ""year"": 2021, ""quarter"": 4, ""value"": 795547884682.0}, {""period"": ""Q1 2022"", ""year"": 2022, ""quarter"": 1, ""value"": 604335976282.0}, {""period"": ""Q2 2022"", ""year"": 2022, ""quarter"": 2, ""value"": 751235912755.0}, {""period"": ""Q3 2022"", ""year"": 2022, ""quarter"": 3, ""value"": 827960780933.0}, {""period"": ""Q4 2022"", ""year"": 2022, ""quarter"": 4, ""value"": 954099463537.0}, {""period"": ""Q1 2023"", ""year"": 2023, ""quarter"": 1, ""value"": 489058095016.0}, {""period"": ""Q2 2023"", ""year"": 2023, ""quarter"": 2, ""value"": 688592716441.0}, {""period"": ""Q3 2023"", ""year"": 2023, ""quarter"": 3, ""value"": 664308898598.0}, {""period"": ""Q4 2023"", ""year"": 2023, ""quarter"": 4, ""value"": 812556478391.0}, {""period"": ""Q1 2024"", ""year"": 2024, ""quarter"": 1, ""value"": 481001446595.0}, {""period"": ""Q2 2024"", ""year"": 2024, ""quarter"": 2, ""value"": 692548364135.0}, {""period"": ""Q3 2024"", ""year"": 2024, ""quarter"": 3, ""value"": 716145923949.0}, {""period"": ""Q4 2024"", ""year"": 2024, ""quarter"": 4, ""value"": 839808377872.0}, {""period"": ""Q1 2025"", ""year"": 2025, ""quarter"": 1, ""value"": 566301152177.0}, {""period"": ""Q2 2025"", ""year"": 2025, ""quarter"": 2, ""value"": 671368209539.0}, {""period"": ""Q3 2025"", ""year"": 2025, ""quarter"": 3, ""value"": 842143883092.0}, {""period"": ""Q4 2025"", ""year"": 2025, ""quarter"": 4, ""value"": 1183578081846.0}, {""period"": ""Q1 2026"", ""year"": 2026, ""quarter"": 1, ""value"": 801258309659.0}, {""period"": ""Q2 2026"", ""year"": 2026, ""quarter"": 2, ""value"": 886895467922.0}]"
ACG,2,IncomeStatement,Quarter,5,5. Lợi nhuận gộp (3)-(4),-1,True,1,,"[{""period"": ""Q1 2019"", ""year"": 2019, ""quarter"": 1, ""value"": 241897547132.0}, {""period"": ""Q2 2019"", ""year"": 2019, ""quarter"": 2, ""value"": 267856866199.0}, {""period"": ""Q3 2019"", ""year"": 2019, ""quarter"": 3, ""value"": 273153171431.0}, {""period"": ""Q4 2019"", ""year"": 2019, ""quarter"": 4, ""value"": 328550717562.0}, {""period"": ""Q3 2020"", ""year"": 2020, ""quarter"": 3, ""value"": 262481814986.0}, {""period"": ""Q1 2021"", ""year"": 2021, ""quarter"": 1, ""value"": 233297580165.0}, {""period"": ""Q2 2021"", ""year"": 2021, ""quarter"": 2, ""value"": 252820368821.0}, {""period"": ""Q3 2021"", ""year"": 2021, ""quarter"": 3, ""value"": 117623238936.0}, {""period"": ""Q4 2021"", ""year"": 2021, ""quarter"": 4, ""value"": 292153563108.0}, {""period"": ""Q1 2022"", ""year"": 2022, ""quarter"": 1, ""value"": 251667513818.0}, {""period"": ""Q2 2022"", ""year"": 2022, ""quarter"": 2, ""value"": 307594739859.0}, {""period"": ""Q3 2022"", ""year"": 2022, ""quarter"": 3, ""value"": 348357630007.0}, {""period"": ""Q4 2022"", ""year"": 2022, ""quarter"": 4, ""value"": 430226421632.0}, {""period"": ""Q1 2023"", ""year"": 2023, ""quarter"": 1, ""value"": 190892040835.0}, {""period"": ""Q2 2023"", ""year"": 2023, ""quarter"": 2, ""value"": 279596315096.0}, {""period"": ""Q3 2023"", ""year"": 2023, ""quarter"": 3, ""value"": 298259639394.0}, {""period"": ""Q4 2023"", ""year"": 2023, ""quarter"": 4, ""value"": 338865067977.0}, {""period"": ""Q1 2024"", ""year"": 2024, ""quarter"": 1, ""value"": 213976131340.0}, {""period"": ""Q2 2024"", ""year"": 2024, ""quarter"": 2, ""value"": 333307179945.0}, {""period"": ""Q3 2024"", ""year"": 2024, ""quarter"": 3, ""value"": 327671423927.0}, {""period"": ""Q4 2024"", ""year"": 2024, ""quarter"": 4, ""value"": 376405173875.0}, {""period"": ""Q1 2025"", ""year"": 2025, ""quarter"": 1, ""value"": 235733214602.0}, {""period"": ""Q2 2025"", ""year"": 2025, ""quarter"": 2, ""value"": 289721724733.0}, {""period"": ""Q3 2025"", ""year"": 2025, ""quarter"": 3, ""value"": 335318636284.0}, {""period"": ""Q4 2025"", ""year"": 2025, ""quarter"": 4, ""value"": 484538374455.0}, {""period"": ""Q1 2026"", ""year"": 2026, ""quarter"": 1, ""value"": 308669637516.0}, {""period"": ""Q2 2026"", ""year"": 2026, ""quarter"": 2, ""value"": 352583604626.0}]"
ACG,2,IncomeStatement,Quarter,6,6. Doanh thu hoạt động tài chính,-1,True,1,,"[{""period"": ""Q1 2019"", ""year"": 2019, ""quarter"": 1, ""value"": 17866174384.0}, {""period"": ""Q2 2019"", ""year"": 2019, ""quarter"": 2, ""value"": 19314661249.0}, {""period"": ""Q3 2019"", ""year"": 2019, ""quarter"": 3, ""value"": 21630815412.0}, {""period"": ""Q4 2019"", ""year"": 2019, ""quarter"": 4, ""value"": 20534944259.0}, {""period"": ""Q3 2020"", ""year"": 2020, ""quarter"": 3, ""value"": 29083362032.0}, {""period"": ""Q1 2021"", ""year"": 2021, ""quarter"": 1, ""value"": 34787879358.0}, {""period"": ""Q2 2021"", ""year"": 2021, ""quarter"": 2, ""value"": 41002401641.0}, {""period"": ""Q3 2021"", ""year"": 2021, ""quarter"": 3, ""value"": 40879020984.0}, {""period"": ""Q4 2021"", ""year"": 2021, ""quarter"": 4, ""value"": 37399134774.0}, {""period"": ""Q1 2022"", ""year"": 2022, ""quarter"": 1, ""value"": 41422357122.0}, {""period"": ""Q2 2022"", ""year"": 2022, ""quarter"": 2, ""value"": 45212631855.0}, {""period"": ""Q3 2022"", ""year"": 2022, ""quarter"": 3, ""value"": 36743686951.0}, {""period"": ""Q4 2022"", ""year"": 2022, ""quarter"": 4, ""value"": 50084088660.0}, {""period"": ""Q1 2023"", ""year"": 2023, ""quarter"": 1, ""value"": 40572610140.0}, {""period"": ""Q2 2023"", ""year"": 2023, ""quarter"": 2, ""value"": 37504467460.0}, {""period"": ""Q3 2023"", ""year"": 2023, ""quarter"": 3, ""value"": 32496017667.0}, {""period"": ""Q4 2023"", ""year"": 2023, ""quarter"": 4, ""value"": 49174368151.0}, {""period"": ""Q1 2024"", ""year"": 2024, ""quarter"": 1, ""value"": 45680565378.0}, {""period"": ""Q2 2024"", ""year"": 2024, ""quarter"": 2, ""value"": 44066860862.0}, {""period"": ""Q3 2024"", ""year"": 2024, ""quarter"": 3, ""value"": 40050118904.0}, {""period"": ""Q4 2024"", ""year"": 2024, ""quarter"": 4, ""value"": 33640911813.0}, {""period"": ""Q1 2025"", ""year"": 2025, ""quarter"": 1, ""value"": 37793486808.0}, {""period"": ""Q2 2025"", ""year"": 2025, ""quarter"": 2, ""value"": 74024934273.0}, {""period"": ""Q3 2025"", ""year"": 2025, ""quarter"": 3, ""value"": 35141916428.0}, {""period"": ""Q4 2025"", ""year"": 2025, ""quarter"": 4, ""value"": 38607074095.0}, {""period"": ""Q1 2026"", ""year"": 2026, ""quarter"": 1, ""value"": 42936759173.0}, {""period"": ""Q2 2026"", ""year"": 2026, ""quarter"": 2, ""value"": 41070288608.0}]"
ACG,2,IncomeStatement,Quarter,7,7. Chi phí tài chính,-1,True,1,,"[{""period"": ""Q1 2019"", ""year"": 2019, ""quarter"": 1, ""value"": 5667835539.0}, {""period"": ""Q2 2019"", ""year"": 2019, ""quarter"": 2, ""value"": 5277669770.0}, {""period"": ""Q3 2019"", ""year"": 2019, ""quarter"": 3, ""value"": 4959001519.0}, {""period"": ""Q4 2019"", ""year"": 2019, ""quarter"": 4, ""value"": 3814282289.0}, {""period"": ""Q3 2020"", ""year"": 2020, ""quarter"": 3, ""value"": 4155578911.0}, {""period"": ""Q1 2021"", ""year"": 2021, ""quarter"": 1, ""value"": 4175000217.0}, {""period"": ""Q2 2021"", ""year"": 2021, ""quarter"": 2, ""value"": 7063206244.0}, {""period"": ""Q3 2021"", ""year"": 2021, ""quarter"": 3, ""value"": 6888011687.0}, {""period"": ""Q4 2021"", ""year"": 2021, ""quarter"": 4, ""value"": 6031930119.0}, {""period"": ""Q1 2022"", ""year"": 2022, ""quarter"": 1, ""value"": 8770901426.0}, {""period"": ""Q2 2022"", ""year"": 2022, ""quarter"": 2, ""value"": 7614400865.0}, {""period"": ""Q3 2022"", ""year"": 2022, ""quarter"": 3, ""value"": 12261103977.0}, {""period"": ""Q4 2022"", ""year"": 2022, ""quarter"": 4, ""value"": 26369546804.0}, {""period"": ""Q1 2023"", ""year"": 2023, ""quarter"": 1, ""value"": 16308382032.0}, {""period"": ""Q2 2023"", ""year"": 2023, ""quarter"": 2, ""value"": 13014305007.0}, {""period"": ""Q3 2023"", ""year"": 2023, ""quarter"": 3, ""value"": 8652136035.0}, {""period"": ""Q4 2023"", ""year"": 2023, ""quarter"": 4, ""value"": 7559842107.0}, {""period"": ""Q1 2024"", ""year"": 2024, ""quarter"": 1, ""value"": 9791003621.0}, {""period"": ""Q2 2024"", ""year"": 2024, ""quarter"": 2, ""value"": 11490595978.0}, {""period"": ""Q3 2024"", ""year"": 2024, ""quarter"": 3, ""value"": 6556282156.0}, {""period"": ""Q4 2024"", ""year"": 2024, ""quarter"": 4, ""value"": 8342878112.0}, {""period"": ""Q1 2025"", ""year"": 2025, ""quarter"": 1, ""value"": 9281600094.0}, {""period"": ""Q2 2025"", ""year"": 2025, ""quarter"": 2, ""value"": 13737642749.0}, {""period"": ""Q3 2025"", ""year"": 2025, ""quarter"": 3, ""value"": 7131579073.0}, {""period"": ""Q4 2025"", ""year"": 2025, ""quarter"": 4, ""value"": 14637648609.0}, {""period"": ""Q1 2026"", ""year"": 2026, ""quarter"": 1, ""value"": 12726723875.0}, {""period"": ""Q2 2026"", ""year"": 2026, ""quarter"": 2, ""value"": 19201309198.0}]"
ACG,2,IncomeStatement,Quarter,701,-Trong đó: Chi phí lãi vay,7,True,2,,"[{""period"": ""Q1 2019"", ""year"": 2019, ""quarter"": 1, ""value"": 4867372278.0}, {""period"": ""Q2 2019"", ""year"": 2019, ""quarter"": 2, ""value"": 4354838934.0}, {""period"": ""Q3 2019"", ""year"": 2019, ""quarter"": 3, ""value"": 4388749047.0}, {""period"": ""Q4 2019"", ""year"": 2019, ""quarter"": 4, ""value"": 3210172945.0}, {""period"": ""Q3 2020"", ""year"": 2020, ""quarter"": 3, ""value"": 3616484977.0}, {""period"": ""Q1 2021"", ""year"": 2021, ""quarter"": 1, ""value"": 3918123836.0}, {""period"": ""Q2 2021"", ""year"": 2021, ""quarter"": 2, ""value"": 5063259377.0}, {""period"": ""Q3 2021"", ""year"": 2021, ""quarter"": 3, ""value"": 6655074134.0}, {""period"": ""Q4 2021"", ""year"": 2021, ""quarter"": 4, ""value"": 4844477703.0}, {""period"": ""Q1 2022"", ""year"": 2022, ""quarter"": 1, ""value"": 7165352379.0}, {""period"": ""Q2 2022"", ""year"": 2022, ""quarter"": 2, ""value"": 7888034047.0}, {""period"": ""Q3 2022"", ""year"": 2022, ""quarter"": 3, ""value"": 7074439098.0}, {""period"": ""Q4 2022"", ""year"": 2022, ""quarter"": 4, ""value"": -9751593267.0}, {""period"": ""Q1 2023"", ""year"": 2023, ""quarter"": 1, ""value"": 13353177834.0}, {""period"": ""Q2 2023"", ""year"": 2023, ""quarter"": 2, ""value"": 12753749366.0}, {""period"": ""Q3 2023"", ""year"": 2023, ""quarter"": 3, ""value"": 7005789072.0}, {""period"": ""Q4 2023"", ""year"": 2023, ""quarter"": 4, ""value"": 5985893502.0}, {""period"": ""Q1 2024"", ""year"": 2024, ""quarter"": 1, ""value"": 8015295167.0}, {""period"": ""Q2 2024"", ""year"": 2024, ""quarter"": 2, ""value"": 8677143869.0}, {""period"": ""Q3 2024"", ""year"": 2024, ""quarter"": 3, ""value"": 5106665682.0}, {""period"": ""Q4 2024"", ""year"": 2024, ""quarter"": 4, ""value"": 5762020297.0}, {""period"": ""Q1 2025"", ""year"": 2025, ""quarter"": 1, ""value"": 6172998244.0}, {""period"": ""Q2 2025"", ""year"": 2025, ""quarter"": 2, ""value"": 9330967082.0}, {""period"": ""Q3 2025"", ""year"": 2025, ""quarter"": 3, ""value"": 7396031613.0}, {""period"": ""Q4 2025"", ""year"": 2025, ""quarter"": 4, ""value"": 12624105212.0}, {""period"": ""Q1 2026"", ""year"": 2026, ""quarter"": 1, ""value"": 11659835717.0}, {""period"": ""Q2 2026"", ""year"": 2026, ""quarter"": 2, ""value"": 17352841967.0}]"
ACG,2,IncomeStatement,Quarter,8,8. Phần lợi nhuận hoặc lỗ trong công ty liên kết liên doanh,-1,True,1,,"[{""period"": ""Q1 2019"", ""year"": 2019, ""quarter"": 1, ""value"": 0.0}, {""period"": ""Q2 2019"", ""year"": 2019, ""quarter"": 2, ""value"": 0.0}, {""period"": ""Q3 2019"", ""year"": 2019, ""quarter"": 3, ""value"": 0.0}, {""period"": ""Q4 2019"", ""year"": 2019, ""quarter"": 4, ""value"": 0.0}, {""period"": ""Q3 2020"", ""year"": 2020, ""quarter"": 3, ""value"": 0.0}, {""period"": ""Q1 2021"", ""year"": 2021, ""quarter"": 1, ""value"": 0.0}, {""period"": ""Q2 2021"", ""year"": 2021, ""quarter"": 2, ""value"": 0.0}, {""period"": ""Q3 2021"", ""year"": 2021, ""quarter"": 3, ""value"": 0.0}, {""period"": ""Q4 2021"", ""year"": 2021, ""quarter"": 4, ""value"": 0.0}, {""period"": ""Q1 2022"", ""year"": 2022, ""quarter"": 1, ""value"": 0.0}, {""period"": ""Q2 2022"", ""year"": 2022, ""quarter"": 2, ""value"": 0.0}, {""period"": ""Q3 2022"", ""year"": 2022, ""quarter"": 3, ""value"": 0.0}, {""period"": ""Q4 2022"", ""year"": 2022, ""quarter"": 4, ""value"": 8000000000.0}, {""period"": ""Q1 2023"", ""year"": 2023, ""quarter"": 1, ""value"": 1849234733.0}, {""period"": ""Q2 2023"", ""year"": 2023, ""quarter"": 2, ""value"": 0.0}, {""period"": ""Q3 2023"", ""year"": 2023, ""quarter"": 3, ""value"": 0.0}, {""period"": ""Q4 2023"", ""year"": 2023, ""quarter"": 4, ""value"": 0.0}, {""period"": ""Q1 2024"", ""year"": 2024, ""quarter"": 1, ""value"": 0.0}, {""period"": ""Q2 2024"", ""year"": 2024, ""quarter"": 2, ""value"": 149145367.0}, {""period"": ""Q3 2024"", ""year"": 2024, ""quarter"": 3, ""value"": 0.0}, {""period"": ""Q4 2024"", ""year"": 2024, ""quarter"": 4, ""value"": 99226576.0}, {""period"": ""Q1 2025"", ""year"": 2025, ""quarter"": 1, ""value"": 0.0}, {""period"": ""Q2 2025"", ""year"": 2025, ""quarter"": 2, ""value"": 254417887.0}, {""period"": ""Q3 2025"", ""year"": 2025, ""quarter"": 3, ""value"": 1360986160.0}, {""period"": ""Q4 2025"", ""year"": 2025, ""quarter"": 4, ""value"": -276912926.0}, {""period"": ""Q1 2026"", ""year"": 2026, ""quarter"": 1, ""value"": -349759870.0}, {""period"": ""Q2 2026"", ""year"": 2026, ""quarter"": 2, ""value"": -341940525.0}]"
ACG,2,IncomeStatement,Quarter,9,9. Chi phí bán hàng,-1,True,1,,"[{""period"": ""Q1 2019"", ""year"": 2019, ""quarter"": 1, ""value"": 107819691562.0}, {""period"": ""Q2 2019"", ""year"": 2019, ""quarter"": 2, ""value"": 116993935152.0}, {""period"": ""Q3 2019"", ""year"": 2019, ""quarter"": 3, ""value"": 123739916367.0}, {""period"": ""Q4 2019"", ""year"": 2019, ""quarter"": 4, ""value"": 134747741512.0}, {""period"": ""Q3 2020"", ""year"": 2020, ""quarter"": 3, ""value"": 112874778584.0}, {""period"": ""Q1 2021"", ""year"": 2021, ""quarter"": 1, ""value"": 110116352249.0}, {""period"": ""Q2 2021"", ""year"": 2021, ""quarter"": 2, ""value"": 99745855426.0}, {""period"": ""Q3 2021"", ""year"": 2021, ""quarter"": 3, ""value"": 65775564512.0}, {""period"": ""Q4 2021"", ""year"": 2021, ""quarter"": 4, ""value"": 108132636586.0}, {""period"": ""Q1 2022"", ""year"": 2022, ""quarter"": 1, ""value"": 106744879881.0}, {""period"": ""Q2 2022"", ""year"": 2022, ""quarter"": 2, ""value"": 119434334513.0}, {""period"": ""Q3 2022"", ""year"": 2022, ""quarter"": 3, ""value"": 136890745079.0}, {""period"": ""Q4 2022"", ""year"": 2022, ""quarter"": 4, ""value"": 184800984700.0}, {""period"": ""Q1 2023"", ""year"": 2023, ""quarter"": 1, ""value"": 136152971922.0}, {""period"": ""Q2 2023"", ""year"": 2023, ""quarter"": 2, ""value"": 128261708751.0}, {""period"": ""Q3 2023"", ""year"": 2023, ""quarter"": 3, ""value"": 123177734481.0}, {""period"": ""Q4 2023"", ""year"": 2023, ""quarter"": 4, ""value"": 134793728960.0}, {""period"": ""Q1 2024"", ""year"": 2024, ""quarter"": 1, ""value"": 111542073768.0}, {""period"": ""Q2 2024"", ""year"": 2024, ""quarter"": 2, ""value"": 109588835918.0}, {""period"": ""Q3 2024"", ""year"": 2024, ""quarter"": 3, ""value"": 133533704573.0}, {""period"": ""Q4 2024"", ""year"": 2024, ""quarter"": 4, ""value"": 139086122247.0}, {""period"": ""Q1 2025"", ""year"": 2025, ""quarter"": 1, ""value"": 118495970675.0}, {""period"": ""Q2 2025"", ""year"": 2025, ""quarter"": 2, ""value"": 131956842365.0}, {""period"": ""Q3 2025"", ""year"": 2025, ""quarter"": 3, ""value"": 139946755340.0}, {""period"": ""Q4 2025"", ""year"": 2025, ""quarter"": 4, ""value"": 174192630964.0}, {""period"": ""Q1 2026"", ""year"": 2026, ""quarter"": 1, ""value"": 138265728132.0}, {""period"": ""Q2 2026"", ""year"": 2026, ""quarter"": 2, ""value"": 157280449328.0}]"
ACG,2,IncomeStatement,Quarter,10,10. Chi phí quản lý doanh nghiệp,-1,True,1,,"[{""period"": ""Q1 2019"", ""year"": 2019, ""quarter"": 1, ""value"": 32553866721.0}, {""period"": ""Q2 2019"", ""year"": 2019, ""quarter"": 2, ""value"": 28545648289.0}, {""period"": ""Q3 2019"", ""year"": 2019, ""quarter"": 3, ""value"": 29816918167.0}, {""period"": ""Q4 2019"", ""year"": 2019, ""quarter"": 4, ""value"": 36722833982.0}, {""period"": ""Q3 2020"", ""year"": 2020, ""quarter"": 3, ""value"": 21786765368.0}, {""period"": ""Q1 2021"", ""year"": 2021, ""quarter"": 1, ""value"": 33731460764.0}, {""period"": ""Q2 2021"", ""year"": 2021, ""quarter"": 2, ""value"": 23640666535.0}, {""period"": ""Q3 2021"", ""year"": 2021, ""quarter"": 3, ""value"": 15357858900.0}, {""period"": ""Q4 2021"", ""year"": 2021, ""quarter"": 4, ""value"": 27362510385.0}, {""period"": ""Q1 2022"", ""year"": 2022, ""quarter"": 1, ""value"": 31564923185.0}, {""period"": ""Q2 2022"", ""year"": 2022, ""quarter"": 2, ""value"": 32984736007.0}, {""period"": ""Q3 2022"", ""year"": 2022, ""quarter"": 3, ""value"": 35545866373.0}, {""period"": ""Q4 2022"", ""year"": 2022, ""quarter"": 4, ""value"": 67798329742.0}, {""period"": ""Q1 2023"", ""year"": 2023, ""quarter"": 1, ""value"": 36540113876.0}, {""period"": ""Q2 2023"", ""year"": 2023, ""quarter"": 2, ""value"": 47183400206.0}, {""period"": ""Q3 2023"", ""year"": 2023, ""quarter"": 3, ""value"": 37168518983.0}, {""period"": ""Q4 2023"", ""year"": 2023, ""quarter"": 4, ""value"": 51512532527.0}, {""period"": ""Q1 2024"", ""year"": 2024, ""quarter"": 1, ""value"": 38946338209.0}, {""period"": ""Q2 2024"", ""year"": 2024, ""quarter"": 2, ""value"": 36356802398.0}, {""period"": ""Q3 2024"", ""year"": 2024, ""quarter"": 3, ""value"": 71342489166.0}, {""period"": ""Q4 2024"", ""year"": 2024, ""quarter"": 4, ""value"": 163614047650.0}, {""period"": ""Q1 2025"", ""year"": 2025, ""quarter"": 1, ""value"": 37219988827.0}, {""period"": ""Q2 2025"", ""year"": 2025, ""quarter"": 2, ""value"": 42041765834.0}, {""period"": ""Q3 2025"", ""year"": 2025, ""quarter"": 3, ""value"": 54492624011.0}, {""period"": ""Q4 2025"", ""year"": 2025, ""quarter"": 4, ""value"": 148216395755.0}, {""period"": ""Q1 2026"", ""year"": 2026, ""quarter"": 1, ""value"": 57924705046.0}, {""period"": ""Q2 2026"", ""year"": 2026, ""quarter"": 2, ""value"": 49026212036.0}]"
ACG,2,IncomeStatement,Quarter,11,11. Lợi nhuận thuần từ hoạt động kinh doanh (5)+(6)-(7)+(8)-(9)-(10),-1,True,1,,"[{""period"": ""Q1 2019"", ""year"": 2019, ""quarter"": 1, ""value"": 113722327694.0}, {""period"": ""Q2 2019"", ""year"": 2019, ""quarter"": 2, ""value"": 136354274237.0}, {""period"": ""Q3 2019"", ""year"": 2019, ""quarter"": 3, ""value"": 136268150790.0}, {""period"": ""Q4 2019"", ""year"": 2019, ""quarter"": 4, ""value"": 173800804038.0}, {""period"": ""Q3 2020"", ""year"": 2020, ""quarter"": 3, ""value"": 152748054155.0}, {""period"": ""Q1 2021"", ""year"": 2021, ""quarter"": 1, ""value"": 120062646293.0}, {""period"": ""Q2 2021"", ""year"": 2021, ""quarter"": 2, ""value"": 163373042257.0}, {""period"": ""Q3 2021"", ""year"": 2021, ""quarter"": 3, ""value"": 70480824821.0}, {""period"": ""Q4 2021"", ""year"": 2021, ""quarter"": 4, ""value"": 188025620792.0}, {""period"": ""Q1 2022"", ""year"": 2022, ""quarter"": 1, ""value"": 146009166448.0}, {""period"": ""Q2 2022"", ""year"": 2022, ""quarter"": 2, ""value"": 192773900329.0}, {""period"": ""Q3 2022"", ""year"": 2022, ""quarter"": 3, ""value"": 200403601529.0}, {""period"": ""Q4 2022"", ""year"": 2022, ""quarter"": 4, ""value"": 209341649046.0}, {""period"": ""Q1 2023"", ""year"": 2023, ""quarter"": 1, ""value"": 44312417878.0}, {""period"": ""Q2 2023"", ""year"": 2023, ""quarter"": 2, ""value"": 128641368592.0}, {""period"": ""Q3 2023"", ""year"": 2023, ""quarter"": 3, ""value"": 161757267562.0}, {""period"": ""Q4 2023"", ""year"": 2023, ""quarter"": 4, ""value"": 194173332534.0}, {""period"": ""Q1 2024"", ""year"": 2024, ""quarter"": 1, ""value"": 99377281120.0}, {""period"": ""Q2 2024"", ""year"": 2024, ""quarter"": 2, ""value"": 220086951880.0}, {""period"": ""Q3 2024"", ""year"": 2024, ""quarter"": 3, ""value"": 156289066936.0}, {""period"": ""Q4 2024"", ""year"": 2024, ""quarter"": 4, ""value"": 99102264255.0}, {""period"": ""Q1 2025"", ""year"": 2025, ""quarter"": 1, ""value"": 108529141814.0}, {""period"": ""Q2 2025"", ""year"": 2025, ""quarter"": 2, ""value"": 176264825945.0}, {""period"": ""Q3 2025"", ""year"": 2025, ""quarter"": 3, ""value"": 170250580448.0}, {""period"": ""Q4 2025"", ""year"": 2025, ""quarter"": 4, ""value"": 185821860296.0}, {""period"": ""Q1 2026"", ""year"": 2026, ""quarter"": 1, ""value"": 142339479766.0}, {""period"": ""Q2 2026"", ""year"": 2026, ""quarter"": 2, ""value"": 167803982147.0}]"
ACG,2,IncomeStatement,Quarter,12,12. Thu nhập khác,-1,True,1,,"[{""period"": ""Q1 2019"", ""year"": 2019, ""quarter"": 1, ""value"": 3051269153.0}, {""period"": ""Q2 2019"", ""year"": 2019, ""quarter"": 2, ""value"": 2742958827.0}, {""period"": ""Q3 2019"", ""year"": 2019, ""quarter"": 3, ""value"": 2622336696.0}, {""period"": ""Q4 2019"", ""year"": 2019, ""quarter"": 4, ""value"": 1093665654.0}, {""period"": ""Q3 2020"", ""year"": 2020, ""quarter"": 3, ""value"": 1698411947.0}, {""period"": ""Q1 2021"", ""year"": 2021, ""quarter"": 1, ""value"": 3018785837.0}, {""period"": ""Q2 2021"", ""year"": 2021, ""quarter"": 2, ""value"": 1304131448.0}, {""period"": ""Q3 2021"", ""year"": 2021, ""quarter"": 3, ""value"": 428360764.0}, {""period"": ""Q4 2021"", ""year"": 2021, ""quarter"": 4, ""value"": 959698128.0}, {""period"": ""Q1 2022"", ""year"": 2022, ""quarter"": 1, ""value"": 1606863385.0}, {""period"": ""Q2 2022"", ""year"": 2022, ""quarter"": 2, ""value"": 772040722.0}, {""period"": ""Q3 2022"", ""year"": 2022, ""quarter"": 3, ""value"": 13000939857.0}, {""period"": ""Q4 2022"", ""year"": 2022, ""quarter"": 4, ""value"": 1047164493.0}, {""period"": ""Q1 2023"", ""year"": 2023, ""quarter"": 1, ""value"": 3194984092.0}, {""period"": ""Q2 2023"", ""year"": 2023, ""quarter"": 2, ""value"": 4857695517.0}, {""period"": ""Q3 2023"", ""year"": 2023, ""quarter"": 3, ""value"": 1948237062.0}, {""period"": ""Q4 2023"", ""year"": 2023, ""quarter"": 4, ""value"": 4092238841.0}, {""period"": ""Q1 2024"", ""year"": 2024, ""quarter"": 1, ""value"": 1885545380.0}, {""period"": ""Q2 2024"", ""year"": 2024, ""quarter"": 2, ""value"": 1651543974.0}, {""period"": ""Q3 2024"", ""year"": 2024, ""quarter"": 3, ""value"": 1305848574.0}, {""period"": ""Q4 2024"", ""year"": 2024, ""quarter"": 4, ""value"": 482028804.0}, {""period"": ""Q1 2025"", ""year"": 2025, ""quarter"": 1, ""value"": 1414007707.0}, {""period"": ""Q2 2025"", ""year"": 2025, ""quarter"": 2, ""value"": 3429220258.0}, {""period"": ""Q3 2025"", ""year"": 2025, ""quarter"": 3, ""value"": 4744058644.0}, {""period"": ""Q4 2025"", ""year"": 2025, ""quarter"": 4, ""value"": 2136967738.0}, {""period"": ""Q1 2026"", ""year"": 2026, ""quarter"": 1, ""value"": 2468985222.0}, {""period"": ""Q2 2026"", ""year"": 2026, ""quarter"": 2, ""value"": 672839328.0}]"
ACG,2,IncomeStatement,Quarter,13,13. Chi phí khác,-1,True,1,,"[{""period"": ""Q1 2019"", ""year"": 2019, ""quarter"": 1, ""value"": 75378505.0}, {""period"": ""Q2 2019"", ""year"": 2019, ""quarter"": 2, ""value"": 345305686.0}, {""period"": ""Q3 2019"", ""year"": 2019, ""quarter"": 3, ""value"": 1279803726.0}, {""period"": ""Q4 2019"", ""year"": 2019, ""quarter"": 4, ""value"": 2853487270.0}, {""period"": ""Q3 2020"", ""year"": 2020, ""quarter"": 3, ""value"": 1459141496.0}, {""period"": ""Q1 2021"", ""year"": 2021, ""quarter"": 1, ""value"": 234742540.0}, {""period"": ""Q2 2021"", ""year"": 2021, ""quarter"": 2, ""value"": 29172291.0}, {""period"": ""Q3 2021"", ""year"": 2021, ""quarter"": 3, ""value"": 403556028.0}, {""period"": ""Q4 2021"", ""year"": 2021, ""quarter"": 4, ""value"": 569049036.0}, {""period"": ""Q1 2022"", ""year"": 2022, ""quarter"": 1, ""value"": 29809139.0}, {""period"": ""Q2 2022"", ""year"": 2022, ""quarter"": 2, ""value"": 338632885.0}, {""period"": ""Q3 2022"", ""year"": 2022, ""quarter"": 3, ""value"": 373942076.0}, {""period"": ""Q4 2022"", ""year"": 2022, ""quarter"": 4, ""value"": 576308570.0}, {""period"": ""Q1 2023"", ""year"": 2023, ""quarter"": 1, ""value"": 18825602.0}, {""period"": ""Q2 2023"", ""year"": 2023, ""quarter"": 2, ""value"": 225253670.0}, {""period"": ""Q3 2023"", ""year"": 2023, ""quarter"": 3, ""value"": 1175782299.0}, {""period"": ""Q4 2023"", ""year"": 2023, ""quarter"": 4, ""value"": 1412814441.0}, {""period"": ""Q1 2024"", ""year"": 2024, ""quarter"": 1, ""value"": 42762540.0}, {""period"": ""Q2 2024"", ""year"": 2024, ""quarter"": 2, ""value"": 55301451391.0}, {""period"": ""Q3 2024"", ""year"": 2024, ""quarter"": 3, ""value"": 349813335.0}, {""period"": ""Q4 2024"", ""year"": 2024, ""quarter"": 4, ""value"": 592869729.0}, {""period"": ""Q1 2025"", ""year"": 2025, ""quarter"": 1, ""value"": 1125958845.0}, {""period"": ""Q2 2025"", ""year"": 2025, ""quarter"": 2, ""value"": 608988800.0}, {""period"": ""Q3 2025"", ""year"": 2025, ""quarter"": 3, ""value"": 836449597.0}, {""period"": ""Q4 2025"", ""year"": 2025, ""quarter"": 4, ""value"": 1089761830.0}, {""period"": ""Q1 2026"", ""year"": 2026, ""quarter"": 1, ""value"": 161399589.0}, {""period"": ""Q2 2026"", ""year"": 2026, ""quarter"": 2, ""value"": 2774547513.0}]"
ACG,2,IncomeStatement,Quarter,14,14. Lợi nhuận khác (12)-(13),-1,True,1,,"[{""period"": ""Q1 2019"", ""year"": 2019, ""quarter"": 1, ""value"": 2975890648.0}, {""period"": ""Q2 2019"", ""year"": 2019, ""quarter"": 2, ""value"": 2397653141.0}, {""period"": ""Q3 2019"", ""year"": 2019, ""quarter"": 3, ""value"": 1342532970.0}, {""period"": ""Q4 2019"", ""year"": 2019, ""quarter"": 4, ""value"": -1759821616.0}, {""period"": ""Q3 2020"", ""year"": 2020, ""quarter"": 3, ""value"": 239270451.0}, {""period"": ""Q1 2021"", ""year"": 2021, ""quarter"": 1, ""value"": 2784043297.0}, {""period"": ""Q2 2021"", ""year"": 2021, ""quarter"": 2, ""value"": 1274959157.0}, {""period"": ""Q3 2021"", ""year"": 2021, ""quarter"": 3, ""value"": 24804736.0}, {""period"": ""Q4 2021"", ""year"": 2021, ""quarter"": 4, ""value"": 390649092.0}, {""period"": ""Q1 2022"", ""year"": 2022, ""quarter"": 1, ""value"": 1577054246.0}, {""period"": ""Q2 2022"", ""year"": 2022, ""quarter"": 2, ""value"": 433407837.0}, {""period"": ""Q3 2022"", ""year"": 2022, ""quarter"": 3, ""value"": 12626997781.0}, {""period"": ""Q4 2022"", ""year"": 2022, ""quarter"": 4, ""value"": 470855923.0}, {""period"": ""Q1 2023"", ""year"": 2023, ""quarter"": 1, ""value"": 3176158490.0}, {""period"": ""Q2 2023"", ""year"": 2023, ""quarter"": 2, ""value"": 4632441847.0}, {""period"": ""Q3 2023"", ""year"": 2023, ""quarter"": 3, ""value"": 772454763.0}, {""period"": ""Q4 2023"", ""year"": 2023, ""quarter"": 4, ""value"": 2679424400.0}, {""period"": ""Q1 2024"", ""year"": 2024, ""quarter"": 1, ""value"": 1842782840.0}, {""period"": ""Q2 2024"", ""year"": 2024, ""quarter"": 2, ""value"": -53649907417.0}, {""period"": ""Q3 2024"", ""year"": 2024, ""quarter"": 3, ""value"": 956035239.0}, {""period"": ""Q4 2024"", ""year"": 2024, ""quarter"": 4, ""value"": -110840925.0}, {""period"": ""Q1 2025"", ""year"": 2025, ""quarter"": 1, ""value"": 288048862.0}, {""period"": ""Q2 2025"", ""year"": 2025, ""quarter"": 2, ""value"": 2820231458.0}, {""period"": ""Q3 2025"", ""year"": 2025, ""quarter"": 3, ""value"": 3907609047.0}, {""period"": ""Q4 2025"", ""year"": 2025, ""quarter"": 4, ""value"": 1047205908.0}, {""period"": ""Q1 2026"", ""year"": 2026, ""quarter"": 1, ""value"": 2307585633.0}, {""period"": ""Q2 2026"", ""year"": 2026, ""quarter"": 2, ""value"": -2101708185.0}]"
ACG,2,IncomeStatement,Quarter,15,15. Tổng lợi nhuận kế toán trước thuế (11)+(14),-1,True,1,,"[{""period"": ""Q1 2019"", ""year"": 2019, ""quarter"": 1, ""value"": 116698218342.0}, {""period"": ""Q2 2019"", ""year"": 2019, ""quarter"": 2, ""value"": 138751927378.0}, {""period"": ""Q3 2019"", ""year"": 2019, ""quarter"": 3, ""value"": 137610683760.0}, {""period"": ""Q4 2019"", ""year"": 2019, ""quarter"": 4, ""value"": 172040982422.0}, {""period"": ""Q3 2020"", ""year"": 2020, ""quarter"": 3, ""value"": 152987324606.0}, {""period"": ""Q1 2021"", ""year"": 2021, ""quarter"": 1, ""value"": 122846689590.0}, {""period"": ""Q2 2021"", ""year"": 2021, ""quarter"": 2, ""value"": 164648001414.0}, {""period"": ""Q3 2021"", ""year"": 2021, ""quarter"": 3, ""value"": 70505629557.0}, {""period"": ""Q4 2021"", ""year"": 2021, ""quarter"": 4, ""value"": 188416269884.0}, {""period"": ""Q1 2022"", ""year"": 2022, ""quarter"": 1, ""value"": 147586220694.0}, {""period"": ""Q2 2022"", ""year"": 2022, ""quarter"": 2, ""value"": 193207308166.0}, {""period"": ""Q3 2022"", ""year"": 2022, ""quarter"": 3, ""value"": 213030599310.0}, {""period"": ""Q4 2022"", ""year"": 2022, ""quarter"": 4, ""value"": 209812504969.0}, {""period"": ""Q1 2023"", ""year"": 2023, ""quarter"": 1, ""value"": 47488576368.0}, {""period"": ""Q2 2023"", ""year"": 2023, ""quarter"": 2, ""value"": 133273810439.0}, {""period"": ""Q3 2023"", ""year"": 2023, ""quarter"": 3, ""value"": 162529722325.0}, {""period"": ""Q4 2023"", ""year"": 2023, ""quarter"": 4, ""value"": 196852756934.0}, {""period"": ""Q1 2024"", ""year"": 2024, ""quarter"": 1, ""value"": 101220063960.0}, {""period"": ""Q2 2024"", ""year"": 2024, ""quarter"": 2, ""value"": 166437044463.0}, {""period"": ""Q3 2024"", ""year"": 2024, ""quarter"": 3, ""value"": 157245102175.0}, {""period"": ""Q4 2024"", ""year"": 2024, ""quarter"": 4, ""value"": 98991423330.0}, {""period"": ""Q1 2025"", ""year"": 2025, ""quarter"": 1, ""value"": 108817190676.0}, {""period"": ""Q2 2025"", ""year"": 2025, ""quarter"": 2, ""value"": 179085057403.0}, {""period"": ""Q3 2025"", ""year"": 2025, ""quarter"": 3, ""value"": 174158189495.0}, {""period"": ""Q4 2025"", ""year"": 2025, ""quarter"": 4, ""value"": 186869066204.0}, {""period"": ""Q1 2026"", ""year"": 2026, ""quarter"": 1, ""value"": 144647065399.0}, {""period"": ""Q2 2026"", ""year"": 2026, ""quarter"": 2, ""value"": 165702273962.0}]"
ACG,2,IncomeStatement,Quarter,16,16. Chi phí thuế TNDN hiện hành,-1,True,1,,"[{""period"": ""Q1 2019"", ""year"": 2019, ""quarter"": 1, ""value"": 24633756071.0}, {""period"": ""Q2 2019"", ""year"": 2019, ""quarter"": 2, ""value"": 16193326992.0}, {""period"": ""Q3 2019"", ""year"": 2019, ""quarter"": 3, ""value"": 14376088689.0}, {""period"": ""Q4 2019"", ""year"": 2019, ""quarter"": 4, ""value"": 17535283273.0}, {""period"": ""Q3 2020"", ""year"": 2020, ""quarter"": 3, ""value"": 20478957452.0}, {""period"": ""Q1 2021"", ""year"": 2021, ""quarter"": 1, ""value"": 20851732122.0}, {""period"": ""Q2 2021"", ""year"": 2021, ""quarter"": 2, ""value"": 27324803438.0}, {""period"": ""Q3 2021"", ""year"": 2021, ""quarter"": 3, ""value"": 10664562540.0}, {""period"": ""Q4 2021"", ""year"": 2021, ""quarter"": 4, ""value"": 35630466032.0}, {""period"": ""Q1 2022"", ""year"": 2022, ""quarter"": 1, ""value"": 27430894338.0}, {""period"": ""Q2 2022"", ""year"": 2022, ""quarter"": 2, ""value"": 34061756143.0}, {""period"": ""Q3 2022"", ""year"": 2022, ""quarter"": 3, ""value"": 36343805559.0}, {""period"": ""Q4 2022"", ""year"": 2022, ""quarter"": 4, ""value"": 39538676375.0}, {""period"": ""Q1 2023"", ""year"": 2023, ""quarter"": 1, ""value"": 7825441213.0}, {""period"": ""Q2 2023"", ""year"": 2023, ""quarter"": 2, ""value"": 25951798359.0}, {""period"": ""Q3 2023"", ""year"": 2023, ""quarter"": 3, ""value"": 34667691389.0}, {""period"": ""Q4 2023"", ""year"": 2023, ""quarter"": 4, ""value"": 36663583540.0}, {""period"": ""Q1 2024"", ""year"": 2024, ""quarter"": 1, ""value"": 17494254615.0}, {""period"": ""Q2 2024"", ""year"": 2024, ""quarter"": 2, ""value"": 47728919225.0}, {""period"": ""Q3 2024"", ""year"": 2024, ""quarter"": 3, ""value"": 27170978109.0}, {""period"": ""Q4 2024"", ""year"": 2024, ""quarter"": 4, ""value"": 40785739486.0}, {""period"": ""Q1 2025"", ""year"": 2025, ""quarter"": 1, ""value"": 24150031021.0}, {""period"": ""Q2 2025"", ""year"": 2025, ""quarter"": 2, ""value"": 38268257869.0}, {""period"": ""Q3 2025"", ""year"": 2025, ""quarter"": 3, ""value"": 40461839851.0}, {""period"": ""Q4 2025"", ""year"": 2025, ""quarter"": 4, ""value"": 58253402458.0}, {""period"": ""Q1 2026"", ""year"": 2026, ""quarter"": 1, ""value"": 30895611019.0}, {""period"": ""Q2 2026"", ""year"": 2026, ""quarter"": 2, ""value"": 38007064961.0}]"
ACG,2,IncomeStatement,Quarter,17,17. Chi phí thuế TNDN hoãn lại,-1,True,1,,"[{""period"": ""Q1 2019"", ""year"": 2019, ""quarter"": 1, ""value"": 0.0}, {""period"": ""Q2 2019"", ""year"": 2019, ""quarter"": 2, ""value"": -857426334.0}, {""period"": ""Q3 2019"", ""year"": 2019, ""quarter"": 3, ""value"": 176582432.0}, {""period"": ""Q4 2019"", ""year"": 2019, ""quarter"": 4, ""value"": -1984457564.0}, {""period"": ""Q3 2020"", ""year"": 2020, ""quarter"": 3, ""value"": -549322308.0}, {""period"": ""Q1 2021"", ""year"": 2021, ""quarter"": 1, ""value"": 986797947.0}, {""period"": ""Q2 2021"", ""year"": 2021, ""quarter"": 2, ""value"": 855812017.0}, {""period"": ""Q3 2021"", ""year"": 2021, ""quarter"": 3, ""value"": 985310610.0}, {""period"": ""Q4 2021"", ""year"": 2021, ""quarter"": 4, ""value"": -2162117095.0}, {""period"": ""Q1 2022"", ""year"": 2022, ""quarter"": 1, ""value"": 243470637.0}, {""period"": ""Q2 2022"", ""year"": 2022, ""quarter"": 2, ""value"": 361336610.0}, {""period"": ""Q3 2022"", ""year"": 2022, ""quarter"": 3, ""value"": -1257842166.0}, {""period"": ""Q4 2022"", ""year"": 2022, ""quarter"": 4, ""value"": -366753691.0}, {""period"": ""Q1 2023"", ""year"": 2023, ""quarter"": 1, ""value"": 3343255135.0}, {""period"": ""Q2 2023"", ""year"": 2023, ""quarter"": 2, ""value"": -1204713470.0}, {""period"": ""Q3 2023"", ""year"": 2023, ""quarter"": 3, ""value"": -2006614134.0}, {""period"": ""Q4 2023"", ""year"": 2023, ""quarter"": 4, ""value"": -1812376548.0}, {""period"": ""Q1 2024"", ""year"": 2024, ""quarter"": 1, ""value"": 2306285264.0}, {""period"": ""Q2 2024"", ""year"": 2024, ""quarter"": 2, ""value"": 579263256.0}, {""period"": ""Q3 2024"", ""year"": 2024, ""quarter"": 3, ""value"": -346864594.0}, {""period"": ""Q4 2024"", ""year"": 2024, ""quarter"": 4, ""value"": -31940012913.0}, {""period"": ""Q1 2025"", ""year"": 2025, ""quarter"": 1, ""value"": -341806884.0}, {""period"": ""Q2 2025"", ""year"": 2025, ""quarter"": 2, ""value"": 2879448117.0}, {""period"": ""Q3 2025"", ""year"": 2025, ""quarter"": 3, ""value"": -1561871727.0}, {""period"": ""Q4 2025"", ""year"": 2025, ""quarter"": 4, ""value"": -16927727827.0}, {""period"": ""Q1 2026"", ""year"": 2026, ""quarter"": 1, ""value"": 2683367484.0}, {""period"": ""Q2 2026"", ""year"": 2026, ""quarter"": 2, ""value"": -2897000344.0}]"
ACG,2,IncomeStatement,Quarter,18,18. Chi phí thuế TNDN (16)+(17),-1,True,1,,"[{""period"": ""Q1 2019"", ""year"": 2019, ""quarter"": 1, ""value"": 24633756071.0}, {""period"": ""Q2 2019"", ""year"": 2019, ""quarter"": 2, ""value"": 15335900658.0}, {""period"": ""Q3 2019"", ""year"": 2019, ""quarter"": 3, ""value"": 14552671121.0}, {""period"": ""Q4 2019"", ""year"": 2019, ""quarter"": 4, ""value"": 15550825709.0}, {""period"": ""Q3 2020"", ""year"": 2020, ""quarter"": 3, ""value"": 19929635144.0}, {""period"": ""Q1 2021"", ""year"": 2021, ""quarter"": 1, ""value"": 21838530069.0}, {""period"": ""Q2 2021"", ""year"": 2021, ""quarter"": 2, ""value"": 28180615455.0}, {""period"": ""Q3 2021"", ""year"": 2021, ""quarter"": 3, ""value"": 11649873150.0}, {""period"": ""Q4 2021"", ""year"": 2021, ""quarter"": 4, ""value"": 33468348937.0}, {""period"": ""Q1 2022"", ""year"": 2022, ""quarter"": 1, ""value"": 27674364975.0}, {""period"": ""Q2 2022"", ""year"": 2022, ""quarter"": 2, ""value"": 34423092753.0}, {""period"": ""Q3 2022"", ""year"": 2022, ""quarter"": 3, ""value"": 35085963393.0}, {""period"": ""Q4 2022"", ""year"": 2022, ""quarter"": 4, ""value"": 39171922684.0}, {""period"": ""Q1 2023"", ""year"": 2023, ""quarter"": 1, ""value"": 11168696348.0}, {""period"": ""Q2 2023"", ""year"": 2023, ""quarter"": 2, ""value"": 24747084889.0}, {""period"": ""Q3 2023"", ""year"": 2023, ""quarter"": 3, ""value"": 32661077255.0}, {""period"": ""Q4 2023"", ""year"": 2023, ""quarter"": 4, ""value"": 34851206992.0}, {""period"": ""Q1 2024"", ""year"": 2024, ""quarter"": 1, ""value"": 19800539879.0}, {""period"": ""Q2 2024"", ""year"": 2024, ""quarter"": 2, ""value"": 48308182481.0}, {""period"": ""Q3 2024"", ""year"": 2024, ""quarter"": 3, ""value"": 26824113515.0}, {""period"": ""Q4 2024"", ""year"": 2024, ""quarter"": 4, ""value"": 8845726573.0}, {""period"": ""Q1 2025"", ""year"": 2025, ""quarter"": 1, ""value"": 23808224137.0}, {""period"": ""Q2 2025"", ""year"": 2025, ""quarter"": 2, ""value"": 41147705986.0}, {""period"": ""Q3 2025"", ""year"": 2025, ""quarter"": 3, ""value"": 38899968124.0}, {""period"": ""Q4 2025"", ""year"": 2025, ""quarter"": 4, ""value"": 41325674631.0}, {""period"": ""Q1 2026"", ""year"": 2026, ""quarter"": 1, ""value"": 33578978503.0}, {""period"": ""Q2 2026"", ""year"": 2026, ""quarter"": 2, ""value"": 35110064617.0}]"
ACG,2,IncomeStatement,Quarter,19,19. Lợi nhuận sau thuế thu nhập doanh nghiệp (15)-(18),-1,True,1,,"[{""period"": ""Q1 2019"", ""year"": 2019, ""quarter"": 1, ""value"": 92064462271.0}, {""period"": ""Q2 2019"", ""year"": 2019, ""quarter"": 2, ""value"": 123416026720.0}, {""period"": ""Q3 2019"", ""year"": 2019, ""quarter"": 3, ""value"": 123058012639.0}, {""period"": ""Q4 2019"", ""year"": 2019, ""quarter"": 4, ""value"": 156490156713.0}, {""period"": ""Q3 2020"", ""year"": 2020, ""quarter"": 3, ""value"": 133057689462.0}, {""period"": ""Q1 2021"", ""year"": 2021, ""quarter"": 1, ""value"": 101008159521.0}, {""period"": ""Q2 2021"", ""year"": 2021, ""quarter"": 2, ""value"": 136467385959.0}, {""period"": ""Q3 2021"", ""year"": 2021, ""quarter"": 3, ""value"": 58855756407.0}, {""period"": ""Q4 2021"", ""year"": 2021, ""quarter"": 4, ""value"": 154947920947.0}, {""period"": ""Q1 2022"", ""year"": 2022, ""quarter"": 1, ""value"": 119911855719.0}, {""period"": ""Q2 2022"", ""year"": 2022, ""quarter"": 2, ""value"": 158784215413.0}, {""period"": ""Q3 2022"", ""year"": 2022, ""quarter"": 3, ""value"": 177944635917.0}, {""period"": ""Q4 2022"", ""year"": 2022, ""quarter"": 4, ""value"": 170640582285.0}, {""period"": ""Q1 2023"", ""year"": 2023, ""quarter"": 1, ""value"": 36319880020.0}, {""period"": ""Q2 2023"", ""year"": 2023, ""quarter"": 2, ""value"": 108526725550.0}, {""period"": ""Q3 2023"", ""year"": 2023, ""quarter"": 3, ""value"": 129868645070.0}, {""period"": ""Q4 2023"", ""year"": 2023, ""quarter"": 4, ""value"": 162001549942.0}, {""period"": ""Q1 2024"", ""year"": 2024, ""quarter"": 1, ""value"": 81419524081.0}, {""period"": ""Q2 2024"", ""year"": 2024, ""quarter"": 2, ""value"": 118128861982.0}, {""period"": ""Q3 2024"", ""year"": 2024, ""quarter"": 3, ""value"": 130420988660.0}, {""period"": ""Q4 2024"", ""year"": 2024, ""quarter"": 4, ""value"": 90145696757.0}, {""period"": ""Q1 2025"", ""year"": 2025, ""quarter"": 1, ""value"": 85008966539.0}, {""period"": ""Q2 2025"", ""year"": 2025, ""quarter"": 2, ""value"": 137937351417.0}, {""period"": ""Q3 2025"", ""year"": 2025, ""quarter"": 3, ""value"": 135258221371.0}, {""period"": ""Q4 2025"", ""year"": 2025, ""quarter"": 4, ""value"": 145543391573.0}, {""period"": ""Q1 2026"", ""year"": 2026, ""quarter"": 1, ""value"": 111068086896.0}, {""period"": ""Q2 2026"", ""year"": 2026, ""quarter"": 2, ""value"": 130592209345.0}]"
ACG,2,IncomeStatement,Quarter,20,20. Lợi nhuận sau thuế của cổ đông không kiểm soát,-1,True,1,,"[{""period"": ""Q1 2019"", ""year"": 2019, ""quarter"": 1, ""value"": 0.0}, {""period"": ""Q2 2019"", ""year"": 2019, ""quarter"": 2, ""value"": 0.0}, {""period"": ""Q3 2019"", ""year"": 2019, ""quarter"": 3, ""value"": 0.0}, {""period"": ""Q4 2019"", ""year"": 2019, ""quarter"": 4, ""value"": 0.0}, {""period"": ""Q3 2020"", ""year"": 2020, ""quarter"": 3, ""value"": 0.0}, {""period"": ""Q1 2021"", ""year"": 2021, ""quarter"": 1, ""value"": 0.0}, {""period"": ""Q2 2021"", ""year"": 2021, ""quarter"": 2, ""value"": 0.0}, {""period"": ""Q3 2021"", ""year"": 2021, ""quarter"": 3, ""value"": 0.0}, {""period"": ""Q4 2021"", ""year"": 2021, ""quarter"": 4, ""value"": 0.0}, {""period"": ""Q1 2022"", ""year"": 2022, ""quarter"": 1, ""value"": 0.0}, {""period"": ""Q2 2022"", ""year"": 2022, ""quarter"": 2, ""value"": 0.0}, {""period"": ""Q3 2022"", ""year"": 2022, ""quarter"": 3, ""value"": 0.0}, {""period"": ""Q4 2022"", ""year"": 2022, ""quarter"": 4, ""value"": 0.0}, {""period"": ""Q1 2023"", ""year"": 2023, ""quarter"": 1, ""value"": -1470000.0}, {""period"": ""Q2 2023"", ""year"": 2023, ""quarter"": 2, ""value"": 0.0}, {""period"": ""Q3 2023"", ""year"": 2023, ""quarter"": 3, ""value"": 0.0}, {""period"": ""Q4 2023"", ""year"": 2023, ""quarter"": 4, ""value"": 0.0}, {""period"": ""Q1 2024"", ""year"": 2024, ""quarter"": 1, ""value"": 0.0}, {""period"": ""Q2 2024"", ""year"": 2024, ""quarter"": 2, ""value"": 0.0}, {""period"": ""Q3 2024"", ""year"": 2024, ""quarter"": 3, ""value"": 0.0}, {""period"": ""Q4 2024"", ""year"": 2024, ""quarter"": 4, ""value"": 0.0}, {""period"": ""Q1 2025"", ""year"": 2025, ""quarter"": 1, ""value"": 0.0}, {""period"": ""Q2 2025"", ""year"": 2025, ""quarter"": 2, ""value"": 0.0}, {""period"": ""Q3 2025"", ""year"": 2025, ""quarter"": 3, ""value"": -95616681.0}, {""period"": ""Q4 2025"", ""year"": 2025, ""quarter"": 4, ""value"": -145476797.0}, {""period"": ""Q1 2026"", ""year"": 2026, ""quarter"": 1, ""value"": -834700271.0}, {""period"": ""Q2 2026"", ""year"": 2026, ""quarter"": 2, ""value"": -1667515813.0}]"
ACG,2,IncomeStatement,Quarter,21,21. Lợi nhuận sau thuế của cổ đông của công ty mẹ (19)-(20),-1,True,1,,"[{""period"": ""Q1 2019"", ""year"": 2019, ""quarter"": 1, ""value"": 92064462271.0}, {""period"": ""Q2 2019"", ""year"": 2019, ""quarter"": 2, ""value"": 123416026720.0}, {""period"": ""Q3 2019"", ""year"": 2019, ""quarter"": 3, ""value"": 123058012639.0}, {""period"": ""Q4 2019"", ""year"": 2019, ""quarter"": 4, ""value"": 156490156713.0}, {""period"": ""Q3 2020"", ""year"": 2020, ""quarter"": 3, ""value"": 133057689462.0}, {""period"": ""Q1 2021"", ""year"": 2021, ""quarter"": 1, ""value"": 101008159521.0}, {""period"": ""Q2 2021"", ""year"": 2021, ""quarter"": 2, ""value"": 136467385959.0}, {""period"": ""Q3 2021"", ""year"": 2021, ""quarter"": 3, ""value"": 58855756407.0}, {""period"": ""Q4 2021"", ""year"": 2021, ""quarter"": 4, ""value"": 154947920947.0}, {""period"": ""Q1 2022"", ""year"": 2022, ""quarter"": 1, ""value"": 119911855719.0}, {""period"": ""Q2 2022"", ""year"": 2022, ""quarter"": 2, ""value"": 158784215413.0}, {""period"": ""Q3 2022"", ""year"": 2022, ""quarter"": 3, ""value"": 177944635917.0}, {""period"": ""Q4 2022"", ""year"": 2022, ""quarter"": 4, ""value"": 170640582285.0}, {""period"": ""Q1 2023"", ""year"": 2023, ""quarter"": 1, ""value"": 36321350020.0}, {""period"": ""Q2 2023"", ""year"": 2023, ""quarter"": 2, ""value"": 108526725550.0}, {""period"": ""Q3 2023"", ""year"": 2023, ""quarter"": 3, ""value"": 129868645070.0}, {""period"": ""Q4 2023"", ""year"": 2023, ""quarter"": 4, ""value"": 162001549942.0}, {""period"": ""Q1 2024"", ""year"": 2024, ""quarter"": 1, ""value"": 81419524081.0}, {""period"": ""Q2 2024"", ""year"": 2024, ""quarter"": 2, ""value"": 118128861982.0}, {""period"": ""Q3 2024"", ""year"": 2024, ""quarter"": 3, ""value"": 130420988660.0}, {""period"": ""Q4 2024"", ""year"": 2024, ""quarter"": 4, ""value"": 90145696757.0}, {""period"": ""Q1 2025"", ""year"": 2025, ""quarter"": 1, ""value"": 85008966539.0}, {""period"": ""Q2 2025"", ""year"": 2025, ""quarter"": 2, ""value"": 137937351417.0}, {""period"": ""Q3 2025"", ""year"": 2025, ""quarter"": 3, ""value"": 135353838052.0}, {""period"": ""Q4 2025"", ""year"": 2025, ""quarter"": 4, ""value"": 145688868370.0}, {""period"": ""Q1 2026"", ""year"": 2026, ""quarter"": 1, ""value"": 111902787167.0}, {""period"": ""Q2 2026"", ""year"": 2026, ""quarter"": 2, ""value"": 132259725158.0}]"
ACG,4,CashFlow_Indirect,Quarter,1,I. Lưu chuyển tiền từ hoạt động kinh doanh,-1,True,1,,"[{""period"": ""Q1 2019"", ""year"": 2019, ""quarter"": 1, ""value"": null}, {""period"": ""Q2 2019"", ""year"": 2019, ""quarter"": 2, ""value"": null}, {""period"": ""Q3 2019"", ""year"": 2019, ""quarter"": 3, ""value"": null}, {""period"": ""Q4 2019"", ""year"": 2019, ""quarter"": 4, ""value"": null}, {""period"": ""Q1 2021"", ""year"": 2021, ""quarter"": 1, ""value"": null}, {""period"": ""Q2 2021"", ""year"": 2021, ""quarter"": 2, ""value"": null}, {""period"": ""Q3 2021"", ""year"": 2021, ""quarter"": 3, ""value"": null}, {""period"": ""Q4 2021"", ""year"": 2021, ""quarter"": 4, ""value"": null}, {""period"": ""Q1 2022"", ""year"": 2022, ""quarter"": 1, ""value"": null}, {""period"": ""Q2 2022"", ""year"": 2022, ""quarter"": 2, ""value"": null}, {""period"": ""Q3 2022"", ""year"": 2022, ""quarter"": 3, ""value"": null}, {""period"": ""Q4 2022"", ""year"": 2022, ""quarter"": 4, ""value"": null}, {""period"": ""Q1 2023"", ""year"": 2023, ""quarter"": 1, ""value"": null}, {""period"": ""Q2 2023"", ""year"": 2023, ""quarter"": 2, ""value"": null}, {""period"": ""Q3 2023"", ""year"": 2023, ""quarter"": 3, ""value"": null}, {""period"": ""Q4 2023"", ""year"": 2023, ""quarter"": 4, ""value"": null}, {""period"": ""Q1 2024"", ""year"": 2024, ""quarter"": 1, ""value"": null}, {""period"": ""Q2 2024"", ""year"": 2024, ""quarter"": 2, ""value"": null}, {""period"": ""Q3 2024"", ""year"": 2024, ""quarter"": 3, ""value"": null}, {""period"": ""Q4 2024"", ""year"": 2024, ""quarter"": 4, ""value"": null}, {""period"": ""Q1 2025"", ""year"": 2025, ""quarter"": 1, ""value"": null}, {""period"": ""Q2 2025"", ""year"": 2025, ""quarter"": 2, ""value"": null}, {""period"": ""Q3 2025"", ""year"": 2025, ""quarter"": 3, ""value"": null}, {""period"": ""Q4 2025"", ""year"": 2025, ""quarter"": 4, ""value"": null}, {""period"": ""Q1 2026"", ""year"": 2026, ""quarter"": 1, ""value"": null}, {""period"": ""Q2 2026"", ""year"": 2026, ""quarter"": 2, ""value"": null}]"
ACG,4,CashFlow_Indirect,Quarter,101,1. Lợi nhuận trước thuế,1,True,2,,"[{""period"": ""Q1 2019"", ""year"": 2019, ""quarter"": 1, ""value"": 116698218342.0}, {""period"": ""Q2 2019"", ""year"": 2019, ""quarter"": 2, ""value"": 138751927378.0}, {""period"": ""Q3 2019"", ""year"": 2019, ""quarter"": 3, ""value"": 137610683760.0}, {""period"": ""Q4 2019"", ""year"": 2019, ""quarter"": 4, ""value"": 172040982422.0}, {""period"": ""Q1 2021"", ""year"": 2021, ""quarter"": 1, ""value"": 122846689590.0}, {""period"": ""Q2 2021"", ""year"": 2021, ""quarter"": 2, ""value"": 164648001414.0}, {""period"": ""Q3 2021"", ""year"": 2021, ""quarter"": 3, ""value"": 70505629557.0}, {""period"": ""Q4 2021"", ""year"": 2021, ""quarter"": 4, ""value"": 188416269884.0}, {""period"": ""Q1 2022"", ""year"": 2022, ""quarter"": 1, ""value"": 147586220694.0}, {""period"": ""Q2 2022"", ""year"": 2022, ""quarter"": 2, ""value"": 193207308166.0}, {""period"": ""Q3 2022"", ""year"": 2022, ""quarter"": 3, ""value"": 201330599310.0}, {""period"": ""Q4 2022"", ""year"": 2022, ""quarter"": 4, ""value"": 209812504969.0}, {""period"": ""Q1 2023"", ""year"": 2023, ""quarter"": 1, ""value"": 47488576368.0}, {""period"": ""Q2 2023"", ""year"": 2023, ""quarter"": 2, ""value"": 133273810439.0}, {""period"": ""Q3 2023"", ""year"": 2023, ""quarter"": 3, ""value"": 162529722325.0}, {""period"": ""Q4 2023"", ""year"": 2023, ""quarter"": 4, ""value"": 196852756934.0}, {""period"": ""Q1 2024"", ""year"": 2024, ""quarter"": 1, ""value"": 101220063960.0}, {""period"": ""Q2 2024"", ""year"": 2024, ""quarter"": 2, ""value"": 166437044463.0}, {""period"": ""Q3 2024"", ""year"": 2024, ""quarter"": 3, ""value"": 157245102175.0}, {""period"": ""Q4 2024"", ""year"": 2024, ""quarter"": 4, ""value"": 98991423330.0}, {""period"": ""Q1 2025"", ""year"": 2025, ""quarter"": 1, ""value"": 108817190676.0}, {""period"": ""Q2 2025"", ""year"": 2025, ""quarter"": 2, ""value"": 179085057403.0}, {""period"": ""Q3 2025"", ""year"": 2025, ""quarter"": 3, ""value"": 174158189495.0}, {""period"": ""Q4 2025"", ""year"": 2025, ""quarter"": 4, ""value"": 186869066204.0}, {""period"": ""Q1 2026"", ""year"": 2026, ""quarter"": 1, ""value"": 144647065399.0}, {""period"": ""Q2 2026"", ""year"": 2026, ""quarter"": 2, ""value"": 165702273962.0}]"
ACG,4,CashFlow_Indirect,Quarter,102,2. Điều chỉnh cho các khoản,1,True,2,,"[{""period"": ""Q1 2019"", ""year"": 2019, ""quarter"": 1, ""value"": 14722343586.0}, {""period"": ""Q2 2019"", ""year"": 2019, ""quarter"": 2, ""value"": 15416872194.0}, {""period"": ""Q3 2019"", ""year"": 2019, ""quarter"": 3, ""value"": 14364281031.0}, {""period"": ""Q4 2019"", ""year"": 2019, ""quarter"": 4, ""value"": 25273531130.0}, {""period"": ""Q1 2021"", ""year"": 2021, ""quarter"": 1, ""value"": 4834489551.0}, {""period"": ""Q2 2021"", ""year"": 2021, ""quarter"": 2, ""value"": -3109761251.0}, {""period"": ""Q3 2021"", ""year"": 2021, ""quarter"": 3, ""value"": -1132293431.0}, {""period"": ""Q4 2021"", ""year"": 2021, ""quarter"": 4, ""value"": 19936464898.0}, {""period"": ""Q1 2022"", ""year"": 2022, ""quarter"": 1, ""value"": 1520944489.0}, {""period"": ""Q2 2022"", ""year"": 2022, ""quarter"": 2, ""value"": -9235140742.0}, {""period"": ""Q3 2022"", ""year"": 2022, ""quarter"": 3, ""value"": -2706988589.0}, {""period"": ""Q4 2022"", ""year"": 2022, ""quarter"": 4, ""value"": 8628144348.0}, {""period"": ""Q1 2023"", ""year"": 2023, ""quarter"": 1, ""value"": 8885874182.0}, {""period"": ""Q2 2023"", ""year"": 2023, ""quarter"": 2, ""value"": 24057455463.0}, {""period"": ""Q3 2023"", ""year"": 2023, ""quarter"": 3, ""value"": 14254574813.0}, {""period"": ""Q4 2023"", ""year"": 2023, ""quarter"": 4, ""value"": -8367324780.0}, {""period"": ""Q1 2024"", ""year"": 2024, ""quarter"": 1, ""value"": -68756986.0}, {""period"": ""Q2 2024"", ""year"": 2024, ""quarter"": 2, ""value"": -10956178552.0}, {""period"": ""Q3 2024"", ""year"": 2024, ""quarter"": 3, ""value"": 22424411997.0}, {""period"": ""Q4 2024"", ""year"": 2024, ""quarter"": 4, ""value"": 111765291241.0}, {""period"": ""Q1 2025"", ""year"": 2025, ""quarter"": 1, ""value"": 5573822210.0}, {""period"": ""Q2 2025"", ""year"": 2025, ""quarter"": 2, ""value"": -48809796545.0}, {""period"": ""Q3 2025"", ""year"": 2025, ""quarter"": 3, ""value"": 16320591045.0}, {""period"": ""Q4 2025"", ""year"": 2025, ""quarter"": 4, ""value"": 79273991094.0}, {""period"": ""Q1 2026"", ""year"": 2026, ""quarter"": 1, ""value"": 176594452.0}, {""period"": ""Q2 2026"", ""year"": 2026, ""quarter"": 2, ""value"": 9632629115.0}]"
ACG,4,CashFlow_Indirect,Quarter,10201,- Khấu hao TSCĐ,102,False,3,,"[{""period"": ""Q1 2019"", ""year"": 2019, ""quarter"": 1, ""value"": 25859612942.0}, {""period"": ""Q2 2019"", ""year"": 2019, ""quarter"": 2, ""value"": 26725556520.0}, {""period"": ""Q3 2019"", ""year"": 2019, ""quarter"": 3, ""value"": 27837605073.0}, {""period"": ""Q4 2019"", ""year"": 2019, ""quarter"": 4, ""value"": 28433795137.0}, {""period"": ""Q1 2021"", ""year"": 2021, ""quarter"": 1, ""value"": 28745803159.0}, {""period"": ""Q2 2021"", ""year"": 2021, ""quarter"": 2, ""value"": 28781621360.0}, {""period"": ""Q3 2021"", ""year"": 2021, ""quarter"": 3, ""value"": 28762657038.0}, {""period"": ""Q4 2021"", ""year"": 2021, ""quarter"": 4, ""value"": 28410927140.0}, {""period"": ""Q1 2022"", ""year"": 2022, ""quarter"": 1, ""value"": 28264811619.0}, {""period"": ""Q2 2022"", ""year"": 2022, ""quarter"": 2, ""value"": 27990418399.0}, {""period"": ""Q3 2022"", ""year"": 2022, ""quarter"": 3, ""value"": 27272422019.0}, {""period"": ""Q4 2022"", ""year"": 2022, ""quarter"": 4, ""value"": 26973281075.0}, {""period"": ""Q1 2023"", ""year"": 2023, ""quarter"": 1, ""value"": 26630808884.0}, {""period"": ""Q2 2023"", ""year"": 2023, ""quarter"": 2, ""value"": 26385647306.0}, {""period"": ""Q3 2023"", ""year"": 2023, ""quarter"": 3, ""value"": 25585645981.0}, {""period"": ""Q4 2023"", ""year"": 2023, ""quarter"": 4, ""value"": 25528389456.0}, {""period"": ""Q1 2024"", ""year"": 2024, ""quarter"": 1, ""value"": 25533544538.0}, {""period"": ""Q2 2024"", ""year"": 2024, ""quarter"": 2, ""value"": 25343111627.0}, {""period"": ""Q3 2024"", ""year"": 2024, ""quarter"": 3, ""value"": 25195346492.0}, {""period"": ""Q4 2024"", ""year"": 2024, ""quarter"": 4, ""value"": 24988781728.0}, {""period"": ""Q1 2025"", ""year"": 2025, ""quarter"": 1, ""value"": 23982271867.0}, {""period"": ""Q2 2025"", ""year"": 2025, ""quarter"": 2, ""value"": 22913485270.0}, {""period"": ""Q3 2025"", ""year"": 2025, ""quarter"": 3, ""value"": 23071292173.0}, {""period"": ""Q4 2025"", ""year"": 2025, ""quarter"": 4, ""value"": 22346597302.0}, {""period"": ""Q1 2026"", ""year"": 2026, ""quarter"": 1, ""value"": 21792280713.0}, {""period"": ""Q2 2026"", ""year"": 2026, ""quarter"": 2, ""value"": 32200314819.0}]"
ACG,4,CashFlow_Indirect,Quarter,10202,- Các khoản dự phòng,102,False,3,,"[{""period"": ""Q1 2019"", ""year"": 2019, ""quarter"": 1, ""value"": -155030264.0}, {""period"": ""Q2 2019"", ""year"": 2019, ""quarter"": 2, ""value"": 561960406.0}, {""period"": ""Q3 2019"", ""year"": 2019, ""quarter"": 3, ""value"": 754295755.0}, {""period"": ""Q4 2019"", ""year"": 2019, ""quarter"": 4, ""value"": 9656634195.0}, {""period"": ""Q1 2021"", ""year"": 2021, ""quarter"": 1, ""value"": 4327000884.0}, {""period"": ""Q2 2021"", ""year"": 2021, ""quarter"": 2, ""value"": 176456721.0}, {""period"": ""Q3 2021"", ""year"": 2021, ""quarter"": 3, ""value"": -132966900.0}, {""period"": ""Q4 2021"", ""year"": 2021, ""quarter"": 4, ""value"": 18402079253.0}, {""period"": ""Q1 2022"", ""year"": 2022, ""quarter"": 1, ""value"": 3013095825.0}, {""period"": ""Q2 2022"", ""year"": 2022, ""quarter"": 2, ""value"": -1153369103.0}, {""period"": ""Q3 2022"", ""year"": 2022, ""quarter"": 3, ""value"": -4663232524.0}, {""period"": ""Q4 2022"", ""year"": 2022, ""quarter"": 4, ""value"": 15193853565.0}, {""period"": ""Q1 2023"", ""year"": 2023, ""quarter"": 1, ""value"": 5629572654.0}, {""period"": ""Q2 2023"", ""year"": 2023, ""quarter"": 2, ""value"": 16959142113.0}, {""period"": ""Q3 2023"", ""year"": 2023, ""quarter"": 3, ""value"": 12478130856.0}, {""period"": ""Q4 2023"", ""year"": 2023, ""quarter"": 4, ""value"": 5072372904.0}, {""period"": ""Q1 2024"", ""year"": 2024, ""quarter"": 1, ""value"": 3985413182.0}, {""period"": ""Q2 2024"", ""year"": 2024, ""quarter"": 2, ""value"": -594497365.0}, {""period"": ""Q3 2024"", ""year"": 2024, ""quarter"": 3, ""value"": 29753527617.0}, {""period"": ""Q4 2024"", ""year"": 2024, ""quarter"": 4, ""value"": 109483823481.0}, {""period"": ""Q1 2025"", ""year"": 2025, ""quarter"": 1, ""value"": 8051407201.0}, {""period"": ""Q2 2025"", ""year"": 2025, ""quarter"": 2, ""value"": -8853183128.0}, {""period"": ""Q3 2025"", ""year"": 2025, ""quarter"": 3, ""value"": 12156096857.0}, {""period"": ""Q4 2025"", ""year"": 2025, ""quarter"": 4, ""value"": 92926513724.0}, {""period"": ""Q1 2026"", ""year"": 2026, ""quarter"": 1, ""value"": 4487618794.0}, {""period"": ""Q2 2026"", ""year"": 2026, ""quarter"": 2, ""value"": -857784590.0}]"
ACG,4,CashFlow_Indirect,Quarter,10203,- Lợi nhuận thuần từ đầu tư vào công ty liên kết,102,False,3,,"[{""period"": ""Q1 2019"", ""year"": 2019, ""quarter"": 1, ""value"": 0.0}, {""period"": ""Q2 2019"", ""year"": 2019, ""quarter"": 2, ""value"": 0.0}, {""period"": ""Q3 2019"", ""year"": 2019, ""quarter"": 3, ""value"": 0.0}, {""period"": ""Q4 2019"", ""year"": 2019, ""quarter"": 4, ""value"": 0.0}, {""period"": ""Q1 2021"", ""year"": 2021, ""quarter"": 1, ""value"": 0.0}, {""period"": ""Q2 2021"", ""year"": 2021, ""quarter"": 2, ""value"": 0.0}, {""period"": ""Q3 2021"", ""year"": 2021, ""quarter"": 3, ""value"": 0.0}, {""period"": ""Q4 2021"", ""year"": 2021, ""quarter"": 4, ""value"": 0.0}, {""period"": ""Q1 2022"", ""year"": 2022, ""quarter"": 1, ""value"": 0.0}, {""period"": ""Q2 2022"", ""year"": 2022, ""quarter"": 2, ""value"": 0.0}, {""period"": ""Q3 2022"", ""year"": 2022, ""quarter"": 3, ""value"": 0.0}, {""period"": ""Q4 2022"", ""year"": 2022, ""quarter"": 4, ""value"": 0.0}, {""period"": ""Q1 2023"", ""year"": 2023, ""quarter"": 1, ""value"": 0.0}, {""period"": ""Q2 2023"", ""year"": 2023, ""quarter"": 2, ""value"": 0.0}, {""period"": ""Q3 2023"", ""year"": 2023, ""quarter"": 3, ""value"": 0.0}, {""period"": ""Q4 2023"", ""year"": 2023, ""quarter"": 4, ""value"": 0.0}, {""period"": ""Q1 2024"", ""year"": 2024, ""quarter"": 1, ""value"": 0.0}, {""period"": ""Q2 2024"", ""year"": 2024, ""quarter"": 2, ""value"": 0.0}, {""period"": ""Q3 2024"", ""year"": 2024, ""quarter"": 3, ""value"": 0.0}, {""period"": ""Q4 2024"", ""year"": 2024, ""quarter"": 4, ""value"": 0.0}, {""period"": ""Q1 2025"", ""year"": 2025, ""quarter"": 1, ""value"": 0.0}, {""period"": ""Q2 2025"", ""year"": 2025, ""quarter"": 2, ""value"": 0.0}, {""period"": ""Q3 2025"", ""year"": 2025, ""quarter"": 3, ""value"": 0.0}, {""period"": ""Q4 2025"", ""year"": 2025, ""quarter"": 4, ""value"": 0.0}, {""period"": ""Q1 2026"", ""year"": 2026, ""quarter"": 1, ""value"": 0.0}, {""period"": ""Q2 2026"", ""year"": 2026, ""quarter"": 2, ""value"": 0.0}]"
ACG,4,CashFlow_Indirect,Quarter,10204,- Xóa sổ tài sản cố định (thuần),102,False,3,,"[{""period"": ""Q1 2019"", ""year"": 2019, ""quarter"": 1, ""value"": 0.0}, {""period"": ""Q2 2019"", ""year"": 2019, ""quarter"": 2, ""value"": 0.0}, {""period"": ""Q3 2019"", ""year"": 2019, ""quarter"": 3, ""value"": 0.0}, {""period"": ""Q4 2019"", ""year"": 2019, ""quarter"": 4, ""value"": 0.0}, {""period"": ""Q1 2021"", ""year"": 2021, ""quarter"": 1, ""value"": 0.0}, {""period"": ""Q2 2021"", ""year"": 2021, ""quarter"": 2, ""value"": 0.0}, {""period"": ""Q3 2021"", ""year"": 2021, ""quarter"": 3, ""value"": 0.0}, {""period"": ""Q4 2021"", ""year"": 2021, ""quarter"": 4, ""value"": 0.0}, {""period"": ""Q1 2022"", ""year"": 2022, ""quarter"": 1, ""value"": 0.0}, {""period"": ""Q2 2022"", ""year"": 2022, ""quarter"": 2, ""value"": 0.0}, {""period"": ""Q3 2022"", ""year"": 2022, ""quarter"": 3, ""value"": 0.0}, {""period"": ""Q4 2022"", ""year"": 2022, ""quarter"": 4, ""value"": 0.0}, {""period"": ""Q1 2023"", ""year"": 2023, ""quarter"": 1, ""value"": 0.0}, {""period"": ""Q2 2023"", ""year"": 2023, ""quarter"": 2, ""value"": 0.0}, {""period"": ""Q3 2023"", ""year"": 2023, ""quarter"": 3, ""value"": 0.0}, {""period"": ""Q4 2023"", ""year"": 2023, ""quarter"": 4, ""value"": 0.0}, {""period"": ""Q1 2024"", ""year"": 2024, ""quarter"": 1, ""value"": 0.0}, {""period"": ""Q2 2024"", ""year"": 2024, ""quarter"": 2, ""value"": 0.0}, {""period"": ""Q3 2024"", ""year"": 2024, ""quarter"": 3, ""value"": 0.0}, {""period"": ""Q4 2024"", ""year"": 2024, ""quarter"": 4, ""value"": 0.0}, {""period"": ""Q1 2025"", ""year"": 2025, ""quarter"": 1, ""value"": 0.0}, {""period"": ""Q2 2025"", ""year"": 2025, ""quarter"": 2, ""value"": 0.0}, {""period"": ""Q3 2025"", ""year"": 2025, ""quarter"": 3, ""value"": 0.0}, {""period"": ""Q4 2025"", ""year"": 2025, ""quarter"": 4, ""value"": 0.0}, {""period"": ""Q1 2026"", ""year"": 2026, ""quarter"": 1, ""value"": 0.0}, {""period"": ""Q2 2026"", ""year"": 2026, ""quarter"": 2, ""value"": 0.0}]"
ACG,4,CashFlow_Indirect,Quarter,10205,"- Lãi, lỗ chênh lệch tỷ giá hối đoái chưa thực hiện",102,False,3,,"[{""period"": ""Q1 2019"", ""year"": 2019, ""quarter"": 1, ""value"": 7901698.0}, {""period"": ""Q2 2019"", ""year"": 2019, ""quarter"": 2, ""value"": 618743455.0}, {""period"": ""Q3 2019"", ""year"": 2019, ""quarter"": 3, ""value"": -1403518947.0}, {""period"": ""Q4 2019"", ""year"": 2019, ""quarter"": 4, ""value"": 321089438.0}, {""period"": ""Q1 2021"", ""year"": 2021, ""quarter"": 1, ""value"": -519569581.0}, {""period"": ""Q2 2021"", ""year"": 2021, ""quarter"": 2, ""value"": -677785583.0}, {""period"": ""Q3 2021"", ""year"": 2021, ""quarter"": 3, ""value"": -873022521.0}, {""period"": ""Q4 2021"", ""year"": 2021, ""quarter"": 4, ""value"": 2553161280.0}, {""period"": ""Q1 2022"", ""year"": 2022, ""quarter"": 1, ""value"": 432781607.0}, {""period"": ""Q2 2022"", ""year"": 2022, ""quarter"": 2, ""value"": -719729488.0}, {""period"": ""Q3 2022"", ""year"": 2022, ""quarter"": 3, ""value"": 924293708.0}, {""period"": ""Q4 2022"", ""year"": 2022, ""quarter"": 4, ""value"": 1213073871.0}, {""period"": ""Q1 2023"", ""year"": 2023, ""quarter"": 1, ""value"": 316370588.0}, {""period"": ""Q2 2023"", ""year"": 2023, ""quarter"": 2, ""value"": -143486890.0}, {""period"": ""Q3 2023"", ""year"": 2023, ""quarter"": 3, ""value"": 743506852.0}, {""period"": ""Q4 2023"", ""year"": 2023, ""quarter"": 4, ""value"": -1006523751.0}, {""period"": ""Q1 2024"", ""year"": 2024, ""quarter"": 1, ""value"": -72567376.0}, {""period"": ""Q2 2024"", ""year"": 2024, ""quarter"": 2, ""value"": -352626394.0}, {""period"": ""Q3 2024"", ""year"": 2024, ""quarter"": 3, ""value"": 183389282.0}, {""period"": ""Q4 2024"", ""year"": 2024, ""quarter"": 4, ""value"": 537525336.0}, {""period"": ""Q1 2025"", ""year"": 2025, ""quarter"": 1, ""value"": 354014108.0}, {""period"": ""Q2 2025"", ""year"": 2025, ""quarter"": 2, ""value"": 823867183.0}, {""period"": ""Q3 2025"", ""year"": 2025, ""quarter"": 3, ""value"": -1305172191.0}, {""period"": ""Q4 2025"", ""year"": 2025, ""quarter"": 4, ""value"": 96757258.0}, {""period"": ""Q1 2026"", ""year"": 2026, ""quarter"": 1, ""value"": 930932873.0}, {""period"": ""Q2 2026"", ""year"": 2026, ""quarter"": 2, ""value"": -1887289524.0}]"
ACG,4,CashFlow_Indirect,Quarter,10206,"- Lãi, lỗ từ thanh lý TSCĐ",102,False,3,,"[{""period"": ""Q1 2019"", ""year"": 2019, ""quarter"": 1, ""value"": 0.0}, {""period"": ""Q2 2019"", ""year"": 2019, ""quarter"": 2, ""value"": 0.0}, {""period"": ""Q3 2019"", ""year"": 2019, ""quarter"": 3, ""value"": 0.0}, {""period"": ""Q4 2019"", ""year"": 2019, ""quarter"": 4, ""value"": 0.0}, {""period"": ""Q1 2021"", ""year"": 2021, ""quarter"": 1, ""value"": 0.0}, {""period"": ""Q2 2021"", ""year"": 2021, ""quarter"": 2, ""value"": 0.0}, {""period"": ""Q3 2021"", ""year"": 2021, ""quarter"": 3, ""value"": 0.0}, {""period"": ""Q4 2021"", ""year"": 2021, ""quarter"": 4, ""value"": 0.0}, {""period"": ""Q1 2022"", ""year"": 2022, ""quarter"": 1, ""value"": 0.0}, {""period"": ""Q2 2022"", ""year"": 2022, ""quarter"": 2, ""value"": 0.0}, {""period"": ""Q3 2022"", ""year"": 2022, ""quarter"": 3, ""value"": 0.0}, {""period"": ""Q4 2022"", ""year"": 2022, ""quarter"": 4, ""value"": 0.0}, {""period"": ""Q1 2023"", ""year"": 2023, ""quarter"": 1, ""value"": 0.0}, {""period"": ""Q2 2023"", ""year"": 2023, ""quarter"": 2, ""value"": 0.0}, {""period"": ""Q3 2023"", ""year"": 2023, ""quarter"": 3, ""value"": 0.0}, {""period"": ""Q4 2023"", ""year"": 2023, ""quarter"": 4, ""value"": 0.0}, {""period"": ""Q1 2024"", ""year"": 2024, ""quarter"": 1, ""value"": 0.0}, {""period"": ""Q2 2024"", ""year"": 2024, ""quarter"": 2, ""value"": 0.0}, {""period"": ""Q3 2024"", ""year"": 2024, ""quarter"": 3, ""value"": 0.0}, {""period"": ""Q4 2024"", ""year"": 2024, ""quarter"": 4, ""value"": 0.0}, {""period"": ""Q1 2025"", ""year"": 2025, ""quarter"": 1, ""value"": 0.0}, {""period"": ""Q2 2025"", ""year"": 2025, ""quarter"": 2, ""value"": 0.0}, {""period"": ""Q3 2025"", ""year"": 2025, ""quarter"": 3, ""value"": 0.0}, {""period"": ""Q4 2025"", ""year"": 2025, ""quarter"": 4, ""value"": 0.0}, {""period"": ""Q1 2026"", ""year"": 2026, ""quarter"": 1, ""value"": 0.0}, {""period"": ""Q2 2026"", ""year"": 2026, ""quarter"": 2, ""value"": 0.0}]"
ACG,4,CashFlow_Indirect,Quarter,10207,"- Lãi, lỗ từ hoạt động đầu tư",102,False,3,,"[{""period"": ""Q1 2019"", ""year"": 2019, ""quarter"": 1, ""value"": -15857513068.0}, {""period"": ""Q2 2019"", ""year"": 2019, ""quarter"": 2, ""value"": -16844227121.0}, {""period"": ""Q3 2019"", ""year"": 2019, ""quarter"": 3, ""value"": -17212849897.0}, {""period"": ""Q4 2019"", ""year"": 2019, ""quarter"": 4, ""value"": -16348160585.0}, {""period"": ""Q1 2021"", ""year"": 2021, ""quarter"": 1, ""value"": -31636868747.0}, {""period"": ""Q2 2021"", ""year"": 2021, ""quarter"": 2, ""value"": -37453323126.0}, {""period"": ""Q3 2021"", ""year"": 2021, ""quarter"": 3, ""value"": -35544035182.0}, {""period"": ""Q4 2021"", ""year"": 2021, ""quarter"": 4, ""value"": -34274180478.0}, {""period"": ""Q1 2022"", ""year"": 2022, ""quarter"": 1, ""value"": -37355096941.0}, {""period"": ""Q2 2022"", ""year"": 2022, ""quarter"": 2, ""value"": -43240494597.0}, {""period"": ""Q3 2022"", ""year"": 2022, ""quarter"": 3, ""value"": -33314910890.0}, {""period"": ""Q4 2022"", ""year"": 2022, ""quarter"": 4, ""value"": -44503657430.0}, {""period"": ""Q1 2023"", ""year"": 2023, ""quarter"": 1, ""value"": -37044055778.0}, {""period"": ""Q2 2023"", ""year"": 2023, ""quarter"": 2, ""value"": -31638415812.0}, {""period"": ""Q3 2023"", ""year"": 2023, ""quarter"": 3, ""value"": -31558497948.0}, {""period"": ""Q4 2023"", ""year"": 2023, ""quarter"": 4, ""value"": -43947456891.0}, {""period"": ""Q1 2024"", ""year"": 2024, ""quarter"": 1, ""value"": -37530442497.0}, {""period"": ""Q2 2024"", ""year"": 2024, ""quarter"": 2, ""value"": -44029310289.0}, {""period"": ""Q3 2024"", ""year"": 2024, ""quarter"": 3, ""value"": -37814517076.0}, {""period"": ""Q4 2024"", ""year"": 2024, ""quarter"": 4, ""value"": -29006859601.0}, {""period"": ""Q1 2025"", ""year"": 2025, ""quarter"": 1, ""value"": -32986869210.0}, {""period"": ""Q2 2025"", ""year"": 2025, ""quarter"": 2, ""value"": -73024932952.0}, {""period"": ""Q3 2025"", ""year"": 2025, ""quarter"": 3, ""value"": -24997657407.0}, {""period"": ""Q4 2025"", ""year"": 2025, ""quarter"": 4, ""value"": -48719982402.0}, {""period"": ""Q1 2026"", ""year"": 2026, ""quarter"": 1, ""value"": -38694074645.0}, {""period"": ""Q2 2026"", ""year"": 2026, ""quarter"": 2, ""value"": -37175452557.0}]"
ACG,4,CashFlow_Indirect,Quarter,10208,- Lãi tiền gửi,102,False,3,,"[{""period"": ""Q1 2019"", ""year"": 2019, ""quarter"": 1, ""value"": 0.0}, {""period"": ""Q2 2019"", ""year"": 2019, ""quarter"": 2, ""value"": 0.0}, {""period"": ""Q3 2019"", ""year"": 2019, ""quarter"": 3, ""value"": 0.0}, {""period"": ""Q4 2019"", ""year"": 2019, ""quarter"": 4, ""value"": 0.0}, {""period"": ""Q1 2021"", ""year"": 2021, ""quarter"": 1, ""value"": 0.0}, {""period"": ""Q2 2021"", ""year"": 2021, ""quarter"": 2, ""value"": 0.0}, {""period"": ""Q3 2021"", ""year"": 2021, ""quarter"": 3, ""value"": 0.0}, {""period"": ""Q4 2021"", ""year"": 2021, ""quarter"": 4, ""value"": 0.0}, {""period"": ""Q1 2022"", ""year"": 2022, ""quarter"": 1, ""value"": 0.0}, {""period"": ""Q2 2022"", ""year"": 2022, ""quarter"": 2, ""value"": 0.0}, {""period"": ""Q3 2022"", ""year"": 2022, ""quarter"": 3, ""value"": 0.0}, {""period"": ""Q4 2022"", ""year"": 2022, ""quarter"": 4, ""value"": 0.0}, {""period"": ""Q1 2023"", ""year"": 2023, ""quarter"": 1, ""value"": 0.0}, {""period"": ""Q2 2023"", ""year"": 2023, ""quarter"": 2, ""value"": 0.0}, {""period"": ""Q3 2023"", ""year"": 2023, ""quarter"": 3, ""value"": 0.0}, {""period"": ""Q4 2023"", ""year"": 2023, ""quarter"": 4, ""value"": 0.0}, {""period"": ""Q1 2024"", ""year"": 2024, ""quarter"": 1, ""value"": 0.0}, {""period"": ""Q2 2024"", ""year"": 2024, ""quarter"": 2, ""value"": 0.0}, {""period"": ""Q3 2024"", ""year"": 2024, ""quarter"": 3, ""value"": 0.0}, {""period"": ""Q4 2024"", ""year"": 2024, ""quarter"": 4, ""value"": 0.0}, {""period"": ""Q1 2025"", ""year"": 2025, ""quarter"": 1, ""value"": 0.0}, {""period"": ""Q2 2025"", ""year"": 2025, ""quarter"": 2, ""value"": 0.0}, {""period"": ""Q3 2025"", ""year"": 2025, ""quarter"": 3, ""value"": 0.0}, {""period"": ""Q4 2025"", ""year"": 2025, ""quarter"": 4, ""value"": 0.0}, {""period"": ""Q1 2026"", ""year"": 2026, ""quarter"": 1, ""value"": 0.0}, {""period"": ""Q2 2026"", ""year"": 2026, ""quarter"": 2, ""value"": 0.0}]"
ACG,4,CashFlow_Indirect,Quarter,10209,- Thu nhập lãi,102,False,3,,"[{""period"": ""Q1 2019"", ""year"": 2019, ""quarter"": 1, ""value"": 0.0}, {""period"": ""Q2 2019"", ""year"": 2019, ""quarter"": 2, ""value"": 0.0}, {""period"": ""Q3 2019"", ""year"": 2019, ""quarter"": 3, ""value"": 0.0}, {""period"": ""Q4 2019"", ""year"": 2019, ""quarter"": 4, ""value"": 0.0}, {""period"": ""Q1 2021"", ""year"": 2021, ""quarter"": 1, ""value"": 0.0}, {""period"": ""Q2 2021"", ""year"": 2021, ""quarter"": 2, ""value"": 0.0}, {""period"": ""Q3 2021"", ""year"": 2021, ""quarter"": 3, ""value"": 0.0}, {""period"": ""Q4 2021"", ""year"": 2021, ""quarter"": 4, ""value"": 0.0}, {""period"": ""Q1 2022"", ""year"": 2022, ""quarter"": 1, ""value"": 0.0}, {""period"": ""Q2 2022"", ""year"": 2022, ""quarter"": 2, ""value"": 0.0}, {""period"": ""Q3 2022"", ""year"": 2022, ""quarter"": 3, ""value"": 0.0}, {""period"": ""Q4 2022"", ""year"": 2022, ""quarter"": 4, ""value"": 0.0}, {""period"": ""Q1 2023"", ""year"": 2023, ""quarter"": 1, ""value"": 0.0}, {""period"": ""Q2 2023"", ""year"": 2023, ""quarter"": 2, ""value"": 0.0}, {""period"": ""Q3 2023"", ""year"": 2023, ""quarter"": 3, ""value"": 0.0}, {""period"": ""Q4 2023"", ""year"": 2023, ""quarter"": 4, ""value"": 0.0}, {""period"": ""Q1 2024"", ""year"": 2024, ""quarter"": 1, ""value"": 0.0}, {""period"": ""Q2 2024"", ""year"": 2024, ""quarter"": 2, ""value"": 0.0}, {""period"": ""Q3 2024"", ""year"": 2024, ""quarter"": 3, ""value"": 0.0}, {""period"": ""Q4 2024"", ""year"": 2024, ""quarter"": 4, ""value"": 0.0}, {""period"": ""Q1 2025"", ""year"": 2025, ""quarter"": 1, ""value"": 0.0}, {""period"": ""Q2 2025"", ""year"": 2025, ""quarter"": 2, ""value"": 0.0}, {""period"": ""Q3 2025"", ""year"": 2025, ""quarter"": 3, ""value"": 0.0}, {""period"": ""Q4 2025"", ""year"": 2025, ""quarter"": 4, ""value"": 0.0}, {""period"": ""Q1 2026"", ""year"": 2026, ""quarter"": 1, ""value"": 0.0}, {""period"": ""Q2 2026"", ""year"": 2026, ""quarter"": 2, ""value"": 0.0}]"
ACG,4,CashFlow_Indirect,Quarter,10210,- Chi phí lãi vay,102,False,3,,"[{""period"": ""Q1 2019"", ""year"": 2019, ""quarter"": 1, ""value"": 4867372278.0}, {""period"": ""Q2 2019"", ""year"": 2019, ""quarter"": 2, ""value"": 4354838934.0}, {""period"": ""Q3 2019"", ""year"": 2019, ""quarter"": 3, ""value"": 4388749047.0}, {""period"": ""Q4 2019"", ""year"": 2019, ""quarter"": 4, ""value"": 3210172945.0}, {""period"": ""Q1 2021"", ""year"": 2021, ""quarter"": 1, ""value"": 3918123836.0}, {""period"": ""Q2 2021"", ""year"": 2021, ""quarter"": 2, ""value"": 6063269377.0}, {""period"": ""Q3 2021"", ""year"": 2021, ""quarter"": 3, ""value"": 6655074134.0}, {""period"": ""Q4 2021"", ""year"": 2021, ""quarter"": 4, ""value"": 4844477703.0}, {""period"": ""Q1 2022"", ""year"": 2022, ""quarter"": 1, ""value"": 7165352379.0}, {""period"": ""Q2 2022"", ""year"": 2022, ""quarter"": 2, ""value"": 7888034047.0}, {""period"": ""Q3 2022"", ""year"": 2022, ""quarter"": 3, ""value"": 7074439098.0}, {""period"": ""Q4 2022"", ""year"": 2022, ""quarter"": 4, ""value"": 9751593267.0}, {""period"": ""Q1 2023"", ""year"": 2023, ""quarter"": 1, ""value"": 13353177834.0}, {""period"": ""Q2 2023"", ""year"": 2023, ""quarter"": 2, ""value"": 12494568746.0}, {""period"": ""Q3 2023"", ""year"": 2023, ""quarter"": 3, ""value"": 7005789072.0}, {""period"": ""Q4 2023"", ""year"": 2023, ""quarter"": 4, ""value"": 5985893502.0}, {""period"": ""Q1 2024"", ""year"": 2024, ""quarter"": 1, ""value"": 8015295167.0}, {""period"": ""Q2 2024"", ""year"": 2024, ""quarter"": 2, ""value"": 8677143869.0}, {""period"": ""Q3 2024"", ""year"": 2024, ""quarter"": 3, ""value"": 5106665682.0}, {""period"": ""Q4 2024"", ""year"": 2024, ""quarter"": 4, ""value"": 5762020297.0}, {""period"": ""Q1 2025"", ""year"": 2025, ""quarter"": 1, ""value"": 6172998244.0}, {""period"": ""Q2 2025"", ""year"": 2025, ""quarter"": 2, ""value"": 9330967082.0}, {""period"": ""Q3 2025"", ""year"": 2025, ""quarter"": 3, ""value"": 7396031613.0}, {""period"": ""Q4 2025"", ""year"": 2025, ""quarter"": 4, ""value"": 12624105212.0}, {""period"": ""Q1 2026"", ""year"": 2026, ""quarter"": 1, ""value"": 11659836717.0}, {""period"": ""Q2 2026"", ""year"": 2026, ""quarter"": 2, ""value"": 17352840967.0}]"
ACG,4,CashFlow_Indirect,Quarter,10211,- Các khoản chi trực tiếp từ lợi nhuận,102,False,3,,"[{""period"": ""Q1 2019"", ""year"": 2019, ""quarter"": 1, ""value"": 0.0}, {""period"": ""Q2 2019"", ""year"": 2019, ""quarter"": 2, ""value"": 0.0}, {""period"": ""Q3 2019"", ""year"": 2019, ""quarter"": 3, ""value"": 0.0}, {""period"": ""Q4 2019"", ""year"": 2019, ""quarter"": 4, ""value"": 0.0}, {""period"": ""Q1 2021"", ""year"": 2021, ""quarter"": 1, ""value"": 0.0}, {""period"": ""Q2 2021"", ""year"": 2021, ""quarter"": 2, ""value"": 0.0}, {""period"": ""Q3 2021"", ""year"": 2021, ""quarter"": 3, ""value"": 0.0}, {""period"": ""Q4 2021"", ""year"": 2021, ""quarter"": 4, ""value"": 0.0}, {""period"": ""Q1 2022"", ""year"": 2022, ""quarter"": 1, ""value"": 0.0}, {""period"": ""Q2 2022"", ""year"": 2022, ""quarter"": 2, ""value"": 0.0}, {""period"": ""Q3 2022"", ""year"": 2022, ""quarter"": 3, ""value"": 0.0}, {""period"": ""Q4 2022"", ""year"": 2022, ""quarter"": 4, ""value"": 0.0}, {""period"": ""Q1 2023"", ""year"": 2023, ""quarter"": 1, ""value"": 0.0}, {""period"": ""Q2 2023"", ""year"": 2023, ""quarter"": 2, ""value"": 0.0}, {""period"": ""Q3 2023"", ""year"": 2023, ""quarter"": 3, ""value"": 0.0}, {""period"": ""Q4 2023"", ""year"": 2023, ""quarter"": 4, ""value"": 0.0}, {""period"": ""Q1 2024"", ""year"": 2024, ""quarter"": 1, ""value"": 0.0}, {""period"": ""Q2 2024"", ""year"": 2024, ""quarter"": 2, ""value"": 0.0}, {""period"": ""Q3 2024"", ""year"": 2024, ""quarter"": 3, ""value"": 0.0}, {""period"": ""Q4 2024"", ""year"": 2024, ""quarter"": 4, ""value"": 0.0}, {""period"": ""Q1 2025"", ""year"": 2025, ""quarter"": 1, ""value"": 0.0}, {""period"": ""Q2 2025"", ""year"": 2025, ""quarter"": 2, ""value"": 0.0}, {""period"": ""Q3 2025"", ""year"": 2025, ""quarter"": 3, ""value"": 0.0}, {""period"": ""Q4 2025"", ""year"": 2025, ""quarter"": 4, ""value"": 0.0}, {""period"": ""Q1 2026"", ""year"": 2026, ""quarter"": 1, ""value"": 0.0}, {""period"": ""Q2 2026"", ""year"": 2026, ""quarter"": 2, ""value"": 0.0}]"
ACG,4,CashFlow_Indirect,Quarter,103,3. Lợi nhuận từ hoạt động kinh doanh trước thay đổi vốn lưu động,1,True,2,,"[{""period"": ""Q1 2019"", ""year"": 2019, ""quarter"": 1, ""value"": 131420561928.0}, {""period"": ""Q2 2019"", ""year"": 2019, ""quarter"": 2, ""value"": 154168799572.0}, {""period"": ""Q3 2019"", ""year"": 2019, ""quarter"": 3, ""value"": 151974964791.0}, {""period"": ""Q4 2019"", ""year"": 2019, ""quarter"": 4, ""value"": 197314513552.0}, {""period"": ""Q1 2021"", ""year"": 2021, ""quarter"": 1, ""value"": 127681179141.0}, {""period"": ""Q2 2021"", ""year"": 2021, ""quarter"": 2, ""value"": 161538240163.0}, {""period"": ""Q3 2021"", ""year"": 2021, ""quarter"": 3, ""value"": 69373336126.0}, {""period"": ""Q4 2021"", ""year"": 2021, ""quarter"": 4, ""value"": 208352734782.0}, {""period"": ""Q1 2022"", ""year"": 2022, ""quarter"": 1, ""value"": 149107165183.0}, {""period"": ""Q2 2022"", ""year"": 2022, ""quarter"": 2, ""value"": 183972167424.0}, {""period"": ""Q3 2022"", ""year"": 2022, ""quarter"": 3, ""value"": 198623610721.0}, {""period"": ""Q4 2022"", ""year"": 2022, ""quarter"": 4, ""value"": 218440649317.0}, {""period"": ""Q1 2023"", ""year"": 2023, ""quarter"": 1, ""value"": 56374450550.0}, {""period"": ""Q2 2023"", ""year"": 2023, ""quarter"": 2, ""value"": 157331265902.0}, {""period"": ""Q3 2023"", ""year"": 2023, ""quarter"": 3, ""value"": 176784297138.0}, {""period"": ""Q4 2023"", ""year"": 2023, ""quarter"": 4, ""value"": 188485432154.0}, {""period"": ""Q1 2024"", ""year"": 2024, ""quarter"": 1, ""value"": 101151306974.0}, {""period"": ""Q2 2024"", ""year"": 2024, ""quarter"": 2, ""value"": 155480865911.0}, {""period"": ""Q3 2024"", ""year"": 2024, ""quarter"": 3, ""value"": 179669514172.0}, {""period"": ""Q4 2024"", ""year"": 2024, ""quarter"": 4, ""value"": 210756714571.0}, {""period"": ""Q1 2025"", ""year"": 2025, ""quarter"": 1, ""value"": 114391012886.0}, {""period"": ""Q2 2025"", ""year"": 2025, ""quarter"": 2, ""value"": 130275260858.0}, {""period"": ""Q3 2025"", ""year"": 2025, ""quarter"": 3, ""value"": 190478780540.0}, {""period"": ""Q4 2025"", ""year"": 2025, ""quarter"": 4, ""value"": 266143057298.0}, {""period"": ""Q1 2026"", ""year"": 2026, ""quarter"": 1, ""value"": 144823659851.0}, {""period"": ""Q2 2026"", ""year"": 2026, ""quarter"": 2, ""value"": 175334903077.0}]"
ACG,4,CashFlow_Indirect,Quarter,10301,"- Tăng, giảm các khoản phải thu",103,False,3,,"[{""period"": ""Q1 2019"", ""year"": 2019, ""quarter"": 1, ""value"": 101581408072.0}, {""period"": ""Q2 2019"", ""year"": 2019, ""quarter"": 2, ""value"": -140926446298.0}, {""period"": ""Q3 2019"", ""year"": 2019, ""quarter"": 3, ""value"": 9047338881.0}, {""period"": ""Q4 2019"", ""year"": 2019, ""quarter"": 4, ""value"": -42076063849.0}, {""period"": ""Q1 2021"", ""year"": 2021, ""quarter"": 1, ""value"": 47465902417.0}, {""period"": ""Q2 2021"", ""year"": 2021, ""quarter"": 2, ""value"": -68072986305.0}, {""period"": ""Q3 2021"", ""year"": 2021, ""quarter"": 3, ""value"": 95496318497.0}, {""period"": ""Q4 2021"", ""year"": 2021, ""quarter"": 4, ""value"": -27802535569.0}, {""period"": ""Q1 2022"", ""year"": 2022, ""quarter"": 1, ""value"": 63517901845.0}, {""period"": ""Q2 2022"", ""year"": 2022, ""quarter"": 2, ""value"": -60358315890.0}, {""period"": ""Q3 2022"", ""year"": 2022, ""quarter"": 3, ""value"": -70990807610.0}, {""period"": ""Q4 2022"", ""year"": 2022, ""quarter"": 4, ""value"": -53359305583.0}, {""period"": ""Q1 2023"", ""year"": 2023, ""quarter"": 1, ""value"": -7952167778.0}, {""period"": ""Q2 2023"", ""year"": 2023, ""quarter"": 2, ""value"": -36332968832.0}, {""period"": ""Q3 2023"", ""year"": 2023, ""quarter"": 3, ""value"": 72646050920.0}, {""period"": ""Q4 2023"", ""year"": 2023, ""quarter"": 4, ""value"": -37885980774.0}, {""period"": ""Q1 2024"", ""year"": 2024, ""quarter"": 1, ""value"": 143766030758.0}, {""period"": ""Q2 2024"", ""year"": 2024, ""quarter"": 2, ""value"": -171394908844.0}, {""period"": ""Q3 2024"", ""year"": 2024, ""quarter"": 3, ""value"": -46732873875.0}, {""period"": ""Q4 2024"", ""year"": 2024, ""quarter"": 4, ""value"": 116595861364.0}, {""period"": ""Q1 2025"", ""year"": 2025, ""quarter"": 1, ""value"": 8583121788.0}, {""period"": ""Q2 2025"", ""year"": 2025, ""quarter"": 2, ""value"": 52758644101.0}, {""period"": ""Q3 2025"", ""year"": 2025, ""quarter"": 3, ""value"": -215274639804.0}, {""period"": ""Q4 2025"", ""year"": 2025, ""quarter"": 4, ""value"": -101731865232.0}, {""period"": ""Q1 2026"", ""year"": 2026, ""quarter"": 1, ""value"": -150746284856.0}, {""period"": ""Q2 2026"", ""year"": 2026, ""quarter"": 2, ""value"": 429244117912.0}]"
ACG,4,CashFlow_Indirect,Quarter,10302,"- Tăng, giảm hàng tồn kho",103,False,3,,"[{""period"": ""Q1 2019"", ""year"": 2019, ""quarter"": 1, ""value"": -52391388077.0}, {""period"": ""Q2 2019"", ""year"": 2019, ""quarter"": 2, ""value"": -107705794216.0}, {""period"": ""Q3 2019"", ""year"": 2019, ""quarter"": 3, ""value"": -101408912676.0}, {""period"": ""Q4 2019"", ""year"": 2019, ""quarter"": 4, ""value"": 316209627109.0}, {""period"": ""Q1 2021"", ""year"": 2021, ""quarter"": 1, ""value"": -124152286517.0}, {""period"": ""Q2 2021"", ""year"": 2021, ""quarter"": 2, ""value"": -60889410527.0}, {""period"": ""Q3 2021"", ""year"": 2021, ""quarter"": 3, ""value"": -156484930907.0}, {""period"": ""Q4 2021"", ""year"": 2021, ""quarter"": 4, ""value"": 83603950766.0}, {""period"": ""Q1 2022"", ""year"": 2022, ""quarter"": 1, ""value"": -51011215723.0}, {""period"": ""Q2 2022"", ""year"": 2022, ""quarter"": 2, ""value"": -99204202602.0}, {""period"": ""Q3 2022"", ""year"": 2022, ""quarter"": 3, ""value"": 32156867271.0}, {""period"": ""Q4 2022"", ""year"": 2022, ""quarter"": 4, ""value"": 36364147237.0}, {""period"": ""Q1 2023"", ""year"": 2023, ""quarter"": 1, ""value"": -85594039820.0}, {""period"": ""Q2 2023"", ""year"": 2023, ""quarter"": 2, ""value"": 147081058946.0}, {""period"": ""Q3 2023"", ""year"": 2023, ""quarter"": 3, ""value"": 83020129678.0}, {""period"": ""Q4 2023"", ""year"": 2023, ""quarter"": 4, ""value"": 176541451255.0}, {""period"": ""Q1 2024"", ""year"": 2024, ""quarter"": 1, ""value"": -124561125388.0}, {""period"": ""Q2 2024"", ""year"": 2024, ""quarter"": 2, ""value"": 133373346549.0}, {""period"": ""Q3 2024"", ""year"": 2024, ""quarter"": 3, ""value"": 81776476884.0}, {""period"": ""Q4 2024"", ""year"": 2024, ""quarter"": 4, ""value"": 77553959937.0}, {""period"": ""Q1 2025"", ""year"": 2025, ""quarter"": 1, ""value"": -160988668680.0}, {""period"": ""Q2 2025"", ""year"": 2025, ""quarter"": 2, ""value"": -50371239742.0}, {""period"": ""Q3 2025"", ""year"": 2025, ""quarter"": 3, ""value"": -115828056354.0}, {""period"": ""Q4 2025"", ""year"": 2025, ""quarter"": 4, ""value"": -262452101774.0}, {""period"": ""Q1 2026"", ""year"": 2026, ""quarter"": 1, ""value"": 87664947654.0}, {""period"": ""Q2 2026"", ""year"": 2026, ""quarter"": 2, ""value"": -280573506667.0}]"
ACG,4,CashFlow_Indirect,Quarter,10303,"- Tăng, giảm các khoản phải trả (Không kể lãi vay phải trả, thuế thu nhập doanh nghiệp phải nộp)",103,False,3,,"[{""period"": ""Q1 2019"", ""year"": 2019, ""quarter"": 1, ""value"": -115838007366.0}, {""period"": ""Q2 2019"", ""year"": 2019, ""quarter"": 2, ""value"": 131094339845.0}, {""period"": ""Q3 2019"", ""year"": 2019, ""quarter"": 3, ""value"": -82297051248.0}, {""period"": ""Q4 2019"", ""year"": 2019, ""quarter"": 4, ""value"": -11566839442.0}, {""period"": ""Q1 2021"", ""year"": 2021, ""quarter"": 1, ""value"": -29795101185.0}, {""period"": ""Q2 2021"", ""year"": 2021, ""quarter"": 2, ""value"": 12926429926.0}, {""period"": ""Q3 2021"", ""year"": 2021, ""quarter"": 3, ""value"": -126735703683.0}, {""period"": ""Q4 2021"", ""year"": 2021, ""quarter"": 4, ""value"": 150313523271.0}, {""period"": ""Q1 2022"", ""year"": 2022, ""quarter"": 1, ""value"": -159486528221.0}, {""period"": ""Q2 2022"", ""year"": 2022, ""quarter"": 2, ""value"": 142277721549.0}, {""period"": ""Q3 2022"", ""year"": 2022, ""quarter"": 3, ""value"": -5305927993.0}, {""period"": ""Q4 2022"", ""year"": 2022, ""quarter"": 4, ""value"": 3130163994.0}, {""period"": ""Q1 2023"", ""year"": 2023, ""quarter"": 1, ""value"": -122387107810.0}, {""period"": ""Q2 2023"", ""year"": 2023, ""quarter"": 2, ""value"": 15999812458.0}, {""period"": ""Q3 2023"", ""year"": 2023, ""quarter"": 3, ""value"": 30761318466.0}, {""period"": ""Q4 2023"", ""year"": 2023, ""quarter"": 4, ""value"": 52141717654.0}, {""period"": ""Q1 2024"", ""year"": 2024, ""quarter"": 1, ""value"": -125837423534.0}, {""period"": ""Q2 2024"", ""year"": 2024, ""quarter"": 2, ""value"": 7135802629.0}, {""period"": ""Q3 2024"", ""year"": 2024, ""quarter"": 3, ""value"": 35320279047.0}, {""period"": ""Q4 2024"", ""year"": 2024, ""quarter"": 4, ""value"": 74634502687.0}, {""period"": ""Q1 2025"", ""year"": 2025, ""quarter"": 1, ""value"": -91228539710.0}, {""period"": ""Q2 2025"", ""year"": 2025, ""quarter"": 2, ""value"": -27977554662.0}, {""period"": ""Q3 2025"", ""year"": 2025, ""quarter"": 3, ""value"": 154315135172.0}, {""period"": ""Q4 2025"", ""year"": 2025, ""quarter"": 4, ""value"": 506715258631.0}, {""period"": ""Q1 2026"", ""year"": 2026, ""quarter"": 1, ""value"": -106073983250.0}, {""period"": ""Q2 2026"", ""year"": 2026, ""quarter"": 2, ""value"": 144343418598.0}]"
ACG,4,CashFlow_Indirect,Quarter,10304,- Tăng giảm chi phí trả trước,103,False,3,,"[{""period"": ""Q1 2019"", ""year"": 2019, ""quarter"": 1, ""value"": 2398572999.0}, {""period"": ""Q2 2019"", ""year"": 2019, ""quarter"": 2, ""value"": -9446195091.0}, {""period"": ""Q3 2019"", ""year"": 2019, ""quarter"": 3, ""value"": -3747701257.0}, {""period"": ""Q4 2019"", ""year"": 2019, ""quarter"": 4, ""value"": -3349065303.0}, {""period"": ""Q1 2021"", ""year"": 2021, ""quarter"": 1, ""value"": 1556134119.0}, {""period"": ""Q2 2021"", ""year"": 2021, ""quarter"": 2, ""value"": 5714514364.0}, {""period"": ""Q3 2021"", ""year"": 2021, ""quarter"": 3, ""value"": 17901993825.0}, {""period"": ""Q4 2021"", ""year"": 2021, ""quarter"": 4, ""value"": -1286267560.0}, {""period"": ""Q1 2022"", ""year"": 2022, ""quarter"": 1, ""value"": 2954978103.0}, {""period"": ""Q2 2022"", ""year"": 2022, ""quarter"": 2, ""value"": -4486782733.0}, {""period"": ""Q3 2022"", ""year"": 2022, ""quarter"": 3, ""value"": -8867731653.0}, {""period"": ""Q4 2022"", ""year"": 2022, ""quarter"": 4, ""value"": -14451044972.0}, {""period"": ""Q1 2023"", ""year"": 2023, ""quarter"": 1, ""value"": 21910236946.0}, {""period"": ""Q2 2023"", ""year"": 2023, ""quarter"": 2, ""value"": 476754691.0}, {""period"": ""Q3 2023"", ""year"": 2023, ""quarter"": 3, ""value"": 3369951325.0}, {""period"": ""Q4 2023"", ""year"": 2023, ""quarter"": 4, ""value"": 9211114170.0}, {""period"": ""Q1 2024"", ""year"": 2024, ""quarter"": 1, ""value"": -746728699.0}, {""period"": ""Q2 2024"", ""year"": 2024, ""quarter"": 2, ""value"": 3971805413.0}, {""period"": ""Q3 2024"", ""year"": 2024, ""quarter"": 3, ""value"": 5326466643.0}, {""period"": ""Q4 2024"", ""year"": 2024, ""quarter"": 4, ""value"": 8945729423.0}, {""period"": ""Q1 2025"", ""year"": 2025, ""quarter"": 1, ""value"": -3036753071.0}, {""period"": ""Q2 2025"", ""year"": 2025, ""quarter"": 2, ""value"": 4928284198.0}, {""period"": ""Q3 2025"", ""year"": 2025, ""quarter"": 3, ""value"": 5907081569.0}, {""period"": ""Q4 2025"", ""year"": 2025, ""quarter"": 4, ""value"": -595801290359.0}, {""period"": ""Q1 2026"", ""year"": 2026, ""quarter"": 1, ""value"": -8874151017.0}, {""period"": ""Q2 2026"", ""year"": 2026, ""quarter"": 2, ""value"": -2911603981.0}]"
ACG,4,CashFlow_Indirect,Quarter,10305,- Tăng giảm tài sản ngắn hạn khác,103,False,3,,"[{""period"": ""Q1 2019"", ""year"": 2019, ""quarter"": 1, ""value"": 0.0}, {""period"": ""Q2 2019"", ""year"": 2019, ""quarter"": 2, ""value"": 0.0}, {""period"": ""Q3 2019"", ""year"": 2019, ""quarter"": 3, ""value"": 0.0}, {""period"": ""Q4 2019"", ""year"": 2019, ""quarter"": 4, ""value"": 0.0}, {""period"": ""Q1 2021"", ""year"": 2021, ""quarter"": 1, ""value"": 0.0}, {""period"": ""Q2 2021"", ""year"": 2021, ""quarter"": 2, ""value"": 0.0}, {""period"": ""Q3 2021"", ""year"": 2021, ""quarter"": 3, ""value"": 0.0}, {""period"": ""Q4 2021"", ""year"": 2021, ""quarter"": 4, ""value"": 0.0}, {""period"": ""Q1 2022"", ""year"": 2022, ""quarter"": 1, ""value"": 0.0}, {""period"": ""Q2 2022"", ""year"": 2022, ""quarter"": 2, ""value"": 0.0}, {""period"": ""Q3 2022"", ""year"": 2022, ""quarter"": 3, ""value"": 0.0}, {""period"": ""Q4 2022"", ""year"": 2022, ""quarter"": 4, ""value"": 0.0}, {""period"": ""Q1 2023"", ""year"": 2023, ""quarter"": 1, ""value"": 0.0}, {""period"": ""Q2 2023"", ""year"": 2023, ""quarter"": 2, ""value"": 0.0}, {""period"": ""Q3 2023"", ""year"": 2023, ""quarter"": 3, ""value"": 0.0}, {""period"": ""Q4 2023"", ""year"": 2023, ""quarter"": 4, ""value"": 0.0}, {""period"": ""Q1 2024"", ""year"": 2024, ""quarter"": 1, ""value"": 0.0}, {""period"": ""Q2 2024"", ""year"": 2024, ""quarter"": 2, ""value"": 0.0}, {""period"": ""Q3 2024"", ""year"": 2024, ""quarter"": 3, ""value"": 0.0}, {""period"": ""Q4 2024"", ""year"": 2024, ""quarter"": 4, ""value"": 0.0}, {""period"": ""Q1 2025"", ""year"": 2025, ""quarter"": 1, ""value"": 0.0}, {""period"": ""Q2 2025"", ""year"": 2025, ""quarter"": 2, ""value"": 0.0}, {""period"": ""Q3 2025"", ""year"": 2025, ""quarter"": 3, ""value"": 0.0}, {""period"": ""Q4 2025"", ""year"": 2025, ""quarter"": 4, ""value"": 0.0}, {""period"": ""Q1 2026"", ""year"": 2026, ""quarter"": 1, ""value"": 0.0}, {""period"": ""Q2 2026"", ""year"": 2026, ""quarter"": 2, ""value"": 0.0}]"
ACG,4,CashFlow_Indirect,Quarter,10306,- Tiền lãi vay phải trả,103,False,3,,"[{""period"": ""Q1 2019"", ""year"": 2019, ""quarter"": 1, ""value"": -4867372278.0}, {""period"": ""Q2 2019"", ""year"": 2019, ""quarter"": 2, ""value"": -4354838934.0}, {""period"": ""Q3 2019"", ""year"": 2019, ""quarter"": 3, ""value"": -4388749047.0}, {""period"": ""Q4 2019"", ""year"": 2019, ""quarter"": 4, ""value"": -3210172945.0}, {""period"": ""Q1 2021"", ""year"": 2021, ""quarter"": 1, ""value"": -3918123836.0}, {""period"": ""Q2 2021"", ""year"": 2021, ""quarter"": 2, ""value"": -6063269377.0}, {""period"": ""Q3 2021"", ""year"": 2021, ""quarter"": 3, ""value"": -6655074134.0}, {""period"": ""Q4 2021"", ""year"": 2021, ""quarter"": 4, ""value"": -4844477703.0}, {""period"": ""Q1 2022"", ""year"": 2022, ""quarter"": 1, ""value"": -7165352379.0}, {""period"": ""Q2 2022"", ""year"": 2022, ""quarter"": 2, ""value"": -7888034047.0}, {""period"": ""Q3 2022"", ""year"": 2022, ""quarter"": 3, ""value"": -7074439098.0}, {""period"": ""Q4 2022"", ""year"": 2022, ""quarter"": 4, ""value"": -9751593267.0}, {""period"": ""Q1 2023"", ""year"": 2023, ""quarter"": 1, ""value"": -13353177834.0}, {""period"": ""Q2 2023"", ""year"": 2023, ""quarter"": 2, ""value"": -12494568746.0}, {""period"": ""Q3 2023"", ""year"": 2023, ""quarter"": 3, ""value"": -7005789072.0}, {""period"": ""Q4 2023"", ""year"": 2023, ""quarter"": 4, ""value"": -5985893502.0}, {""period"": ""Q1 2024"", ""year"": 2024, ""quarter"": 1, ""value"": -8015295167.0}, {""period"": ""Q2 2024"", ""year"": 2024, ""quarter"": 2, ""value"": -8818327826.0}, {""period"": ""Q3 2024"", ""year"": 2024, ""quarter"": 3, ""value"": -4965481725.0}, {""period"": ""Q4 2024"", ""year"": 2024, ""quarter"": 4, ""value"": -5981666314.0}, {""period"": ""Q1 2025"", ""year"": 2025, ""quarter"": 1, ""value"": -6534137226.0}, {""period"": ""Q2 2025"", ""year"": 2025, ""quarter"": 2, ""value"": -8975284967.0}, {""period"": ""Q3 2025"", ""year"": 2025, ""quarter"": 3, ""value"": -8192508248.0}, {""period"": ""Q4 2025"", ""year"": 2025, ""quarter"": 4, ""value"": -14841283889.0}, {""period"": ""Q1 2026"", ""year"": 2026, ""quarter"": 1, ""value"": -11659836717.0}, {""period"": ""Q2 2026"", ""year"": 2026, ""quarter"": 2, ""value"": -16586786917.0}]"
ACG,4,CashFlow_Indirect,Quarter,10307,- Thuế thu nhập doanh nghiệp đã nộp,103,False,3,,"[{""period"": ""Q1 2019"", ""year"": 2019, ""quarter"": 1, ""value"": -32988246922.0}, {""period"": ""Q2 2019"", ""year"": 2019, ""quarter"": 2, ""value"": -8213774618.0}, {""period"": ""Q3 2019"", ""year"": 2019, ""quarter"": 3, ""value"": -24658344150.0}, {""period"": ""Q4 2019"", ""year"": 2019, ""quarter"": 4, ""value"": -26301296308.0}, {""period"": ""Q1 2021"", ""year"": 2021, ""quarter"": 1, ""value"": -29586908673.0}, {""period"": ""Q2 2021"", ""year"": 2021, ""quarter"": 2, ""value"": 0.0}, {""period"": ""Q3 2021"", ""year"": 2021, ""quarter"": 3, ""value"": -18750000196.0}, {""period"": ""Q4 2021"", ""year"": 2021, ""quarter"": 4, ""value"": -53144067967.0}, {""period"": ""Q1 2022"", ""year"": 2022, ""quarter"": 1, ""value"": -24882538599.0}, {""period"": ""Q2 2022"", ""year"": 2022, ""quarter"": 2, ""value"": -24766664419.0}, {""period"": ""Q3 2022"", ""year"": 2022, ""quarter"": 3, ""value"": -237569817.0}, {""period"": ""Q4 2022"", ""year"": 2022, ""quarter"": 4, ""value"": -10862815385.0}, {""period"": ""Q1 2023"", ""year"": 2023, ""quarter"": 1, ""value"": -101873366325.0}, {""period"": ""Q2 2023"", ""year"": 2023, ""quarter"": 2, ""value"": -276317915.0}, {""period"": ""Q3 2023"", ""year"": 2023, ""quarter"": 3, ""value"": -9330303230.0}, {""period"": ""Q4 2023"", ""year"": 2023, ""quarter"": 4, ""value"": -55475480870.0}, {""period"": ""Q1 2024"", ""year"": 2024, ""quarter"": 1, ""value"": -39567306834.0}, {""period"": ""Q2 2024"", ""year"": 2024, ""quarter"": 2, ""value"": -70659695895.0}, {""period"": ""Q3 2024"", ""year"": 2024, ""quarter"": 3, ""value"": -12980901.0}, {""period"": ""Q4 2024"", ""year"": 2024, ""quarter"": 4, ""value"": -68619964367.0}, {""period"": ""Q1 2025"", ""year"": 2025, ""quarter"": 1, ""value"": -55130218361.0}, {""period"": ""Q2 2025"", ""year"": 2025, ""quarter"": 2, ""value"": -81812165.0}, {""period"": ""Q3 2025"", ""year"": 2025, ""quarter"": 3, ""value"": -21421449866.0}, {""period"": ""Q4 2025"", ""year"": 2025, ""quarter"": 4, ""value"": -71280176547.0}, {""period"": ""Q1 2026"", ""year"": 2026, ""quarter"": 1, ""value"": -69668300278.0}, {""period"": ""Q2 2026"", ""year"": 2026, ""quarter"": 2, ""value"": -28491955710.0}]"
ACG,4,CashFlow_Indirect,Quarter,10308,- Tiền thu khác từ hoạt động kinh doanh,103,False,3,,"[{""period"": ""Q1 2019"", ""year"": 2019, ""quarter"": 1, ""value"": 0.0}, {""period"": ""Q2 2019"", ""year"": 2019, ""quarter"": 2, ""value"": 0.0}, {""period"": ""Q3 2019"", ""year"": 2019, ""quarter"": 3, ""value"": 0.0}, {""period"": ""Q4 2019"", ""year"": 2019, ""quarter"": 4, ""value"": 0.0}, {""period"": ""Q1 2021"", ""year"": 2021, ""quarter"": 1, ""value"": 0.0}, {""period"": ""Q2 2021"", ""year"": 2021, ""quarter"": 2, ""value"": 0.0}, {""period"": ""Q3 2021"", ""year"": 2021, ""quarter"": 3, ""value"": 0.0}, {""period"": ""Q4 2021"", ""year"": 2021, ""quarter"": 4, ""value"": 0.0}, {""period"": ""Q1 2022"", ""year"": 2022, ""quarter"": 1, ""value"": 0.0}, {""period"": ""Q2 2022"", ""year"": 2022, ""quarter"": 2, ""value"": 0.0}, {""period"": ""Q3 2022"", ""year"": 2022, ""quarter"": 3, ""value"": 0.0}, {""period"": ""Q4 2022"", ""year"": 2022, ""quarter"": 4, ""value"": 0.0}, {""period"": ""Q1 2023"", ""year"": 2023, ""quarter"": 1, ""value"": 0.0}, {""period"": ""Q2 2023"", ""year"": 2023, ""quarter"": 2, ""value"": 0.0}, {""period"": ""Q3 2023"", ""year"": 2023, ""quarter"": 3, ""value"": 0.0}, {""period"": ""Q4 2023"", ""year"": 2023, ""quarter"": 4, ""value"": 0.0}, {""period"": ""Q1 2024"", ""year"": 2024, ""quarter"": 1, ""value"": 0.0}, {""period"": ""Q2 2024"", ""year"": 2024, ""quarter"": 2, ""value"": 0.0}, {""period"": ""Q3 2024"", ""year"": 2024, ""quarter"": 3, ""value"": 0.0}, {""period"": ""Q4 2024"", ""year"": 2024, ""quarter"": 4, ""value"": 0.0}, {""period"": ""Q1 2025"", ""year"": 2025, ""quarter"": 1, ""value"": 0.0}, {""period"": ""Q2 2025"", ""year"": 2025, ""quarter"": 2, ""value"": 0.0}, {""period"": ""Q3 2025"", ""year"": 2025, ""quarter"": 3, ""value"": 0.0}, {""period"": ""Q4 2025"", ""year"": 2025, ""quarter"": 4, ""value"": 0.0}, {""period"": ""Q1 2026"", ""year"": 2026, ""quarter"": 1, ""value"": 0.0}, {""period"": ""Q2 2026"", ""year"": 2026, ""quarter"": 2, ""value"": 0.0}]"
ACG,4,CashFlow_Indirect,Quarter,10309,- Tiền chi khác từ hoạt động kinh doanh,103,False,3,,"[{""period"": ""Q1 2019"", ""year"": 2019, ""quarter"": 1, ""value"": -918700000.0}, {""period"": ""Q2 2019"", ""year"": 2019, ""quarter"": 2, ""value"": -2000000000.0}, {""period"": ""Q3 2019"", ""year"": 2019, ""quarter"": 3, ""value"": -1000000000.0}, {""period"": ""Q4 2019"", ""year"": 2019, ""quarter"": 4, ""value"": -32999499000.0}, {""period"": ""Q1 2021"", ""year"": 2021, ""quarter"": 1, ""value"": -4856027273.0}, {""period"": ""Q2 2021"", ""year"": 2021, ""quarter"": 2, ""value"": 4830972073.0}, {""period"": ""Q3 2021"", ""year"": 2021, ""quarter"": 3, ""value"": -64821151235.0}, {""period"": ""Q4 2021"", ""year"": 2021, ""quarter"": 4, ""value"": -44168057013.0}, {""period"": ""Q1 2022"", ""year"": 2022, ""quarter"": 1, ""value"": -2136260959.0}, {""period"": ""Q2 2022"", ""year"": 2022, ""quarter"": 2, ""value"": -5472114000.0}, {""period"": ""Q3 2022"", ""year"": 2022, ""quarter"": 3, ""value"": -697079507.0}, {""period"": ""Q4 2022"", ""year"": 2022, ""quarter"": 4, ""value"": -9341440892.0}, {""period"": ""Q1 2023"", ""year"": 2023, ""quarter"": 1, ""value"": -5694723500.0}, {""period"": ""Q2 2023"", ""year"": 2023, ""quarter"": 2, ""value"": -10907576530.0}, {""period"": ""Q3 2023"", ""year"": 2023, ""quarter"": 3, ""value"": -10708240650.0}, {""period"": ""Q4 2023"", ""year"": 2023, ""quarter"": 4, ""value"": -60093477000.0}, {""period"": ""Q1 2024"", ""year"": 2024, ""quarter"": 1, ""value"": -3651531920.0}, {""period"": ""Q2 2024"", ""year"": 2024, ""quarter"": 2, ""value"": -12560107400.0}, {""period"": ""Q3 2024"", ""year"": 2024, ""quarter"": 3, ""value"": -7405900000.0}, {""period"": ""Q4 2024"", ""year"": 2024, ""quarter"": 4, ""value"": -3275000000.0}, {""period"": ""Q1 2025"", ""year"": 2025, ""quarter"": 1, ""value"": -1062370000.0}, {""period"": ""Q2 2025"", ""year"": 2025, ""quarter"": 2, ""value"": -7561228880.0}, {""period"": ""Q3 2025"", ""year"": 2025, ""quarter"": 3, ""value"": -5710820000.0}, {""period"": ""Q4 2025"", ""year"": 2025, ""quarter"": 4, ""value"": -17574965466.0}, {""period"": ""Q1 2026"", ""year"": 2026, ""quarter"": 1, ""value"": -7120879420.0}, {""period"": ""Q2 2026"", ""year"": 2026, ""quarter"": 2, ""value"": -9835564376.0}]"
ACG,4,CashFlow_Indirect,Quarter,104,Lưu chuyển tiền thuần từ hoạt động kinh doanh,1,True,2,,"[{""period"": ""Q1 2019"", ""year"": 2019, ""quarter"": 1, ""value"": 28396828356.0}, {""period"": ""Q2 2019"", ""year"": 2019, ""quarter"": 2, ""value"": 12616090260.0}, {""period"": ""Q3 2019"", ""year"": 2019, ""quarter"": 3, ""value"": -56478454706.0}, {""period"": ""Q4 2019"", ""year"": 2019, ""quarter"": 4, ""value"": 394021203814.0}, {""period"": ""Q1 2021"", ""year"": 2021, ""quarter"": 1, ""value"": -15605231807.0}, {""period"": ""Q2 2021"", ""year"": 2021, ""quarter"": 2, ""value"": 49984490317.0}, {""period"": ""Q3 2021"", ""year"": 2021, ""quarter"": 3, ""value"": -190675211707.0}, {""period"": ""Q4 2021"", ""year"": 2021, ""quarter"": 4, ""value"": 311024803007.0}, {""period"": ""Q1 2022"", ""year"": 2022, ""quarter"": 1, ""value"": -29101850750.0}, {""period"": ""Q2 2022"", ""year"": 2022, ""quarter"": 2, ""value"": 124073775282.0}, {""period"": ""Q3 2022"", ""year"": 2022, ""quarter"": 3, ""value"": 137606922314.0}, {""period"": ""Q4 2022"", ""year"": 2022, ""quarter"": 4, ""value"": 160168760449.0}, {""period"": ""Q1 2023"", ""year"": 2023, ""quarter"": 1, ""value"": -258569895571.0}, {""period"": ""Q2 2023"", ""year"": 2023, ""quarter"": 2, ""value"": 260877459974.0}, {""period"": ""Q3 2023"", ""year"": 2023, ""quarter"": 3, ""value"": 339537414575.0}, {""period"": ""Q4 2023"", ""year"": 2023, ""quarter"": 4, ""value"": 266938883087.0}, {""period"": ""Q1 2024"", ""year"": 2024, ""quarter"": 1, ""value"": -57462073810.0}, {""period"": ""Q2 2024"", ""year"": 2024, ""quarter"": 2, ""value"": 36528780537.0}, {""period"": ""Q3 2024"", ""year"": 2024, ""quarter"": 3, ""value"": 242975500245.0}, {""period"": ""Q4 2024"", ""year"": 2024, ""quarter"": 4, ""value"": 410610137301.0}, {""period"": ""Q1 2025"", ""year"": 2025, ""quarter"": 1, ""value"": -195006552374.0}, {""period"": ""Q2 2025"", ""year"": 2025, ""quarter"": 2, ""value"": 92995068741.0}, {""period"": ""Q3 2025"", ""year"": 2025, ""quarter"": 3, ""value"": -15726476991.0}, {""period"": ""Q4 2025"", ""year"": 2025, ""quarter"": 4, ""value"": -290823367338.0}, {""period"": ""Q1 2026"", ""year"": 2026, ""quarter"": 1, ""value"": -121654828033.0}, {""period"": ""Q2 2026"", ""year"": 2026, ""quarter"": 2, ""value"": 410523021936.0}]"
ACG,4,CashFlow_Indirect,Quarter,2,II. Lưu chuyển tiền từ hoạt động đầu tư,-1,True,1,,"[{""period"": ""Q1 2019"", ""year"": 2019, ""quarter"": 1, ""value"": null}, {""period"": ""Q2 2019"", ""year"": 2019, ""quarter"": 2, ""value"": null}, {""period"": ""Q3 2019"", ""year"": 2019, ""quarter"": 3, ""value"": null}, {""period"": ""Q4 2019"", ""year"": 2019, ""quarter"": 4, ""value"": null}, {""period"": ""Q1 2021"", ""year"": 2021, ""quarter"": 1, ""value"": null}, {""period"": ""Q2 2021"", ""year"": 2021, ""quarter"": 2, ""value"": null}, {""period"": ""Q3 2021"", ""year"": 2021, ""quarter"": 3, ""value"": null}, {""period"": ""Q4 2021"", ""year"": 2021, ""quarter"": 4, ""value"": null}, {""period"": ""Q1 2022"", ""year"": 2022, ""quarter"": 1, ""value"": null}, {""period"": ""Q2 2022"", ""year"": 2022, ""quarter"": 2, ""value"": null}, {""period"": ""Q3 2022"", ""year"": 2022, ""quarter"": 3, ""value"": null}, {""period"": ""Q4 2022"", ""year"": 2022, ""quarter"": 4, ""value"": null}, {""period"": ""Q1 2023"", ""year"": 2023, ""quarter"": 1, ""value"": null}, {""period"": ""Q2 2023"", ""year"": 2023, ""quarter"": 2, ""value"": null}, {""period"": ""Q3 2023"", ""year"": 2023, ""quarter"": 3, ""value"": null}, {""period"": ""Q4 2023"", ""year"": 2023, ""quarter"": 4, ""value"": null}, {""period"": ""Q1 2024"", ""year"": 2024, ""quarter"": 1, ""value"": null}, {""period"": ""Q2 2024"", ""year"": 2024, ""quarter"": 2, ""value"": null}, {""period"": ""Q3 2024"", ""year"": 2024, ""quarter"": 3, ""value"": null}, {""period"": ""Q4 2024"", ""year"": 2024, ""quarter"": 4, ""value"": null}, {""period"": ""Q1 2025"", ""year"": 2025, ""quarter"": 1, ""value"": null}, {""period"": ""Q2 2025"", ""year"": 2025, ""quarter"": 2, ""value"": null}, {""period"": ""Q3 2025"", ""year"": 2025, ""quarter"": 3, ""value"": null}, {""period"": ""Q4 2025"", ""year"": 2025, ""quarter"": 4, ""value"": null}, {""period"": ""Q1 2026"", ""year"": 2026, ""quarter"": 1, ""value"": null}, {""period"": ""Q2 2026"", ""year"": 2026, ""quarter"": 2, ""value"": null}]"
ACG,4,CashFlow_Indirect,Quarter,201,"1. Tiền chi để mua sắm, xây dựng TSCĐ và các tài sản dài hạn khác",2,True,2,,"[{""period"": ""Q1 2019"", ""year"": 2019, ""quarter"": 1, ""value"": -25861345162.0}, {""period"": ""Q2 2019"", ""year"": 2019, ""quarter"": 2, ""value"": -23240358674.0}, {""period"": ""Q3 2019"", ""year"": 2019, ""quarter"": 3, ""value"": -27917166815.0}, {""period"": ""Q4 2019"", ""year"": 2019, ""quarter"": 4, ""value"": -9782210488.0}, {""period"": ""Q1 2021"", ""year"": 2021, ""quarter"": 1, ""value"": -286234077213.0}, {""period"": ""Q2 2021"", ""year"": 2021, ""quarter"": 2, ""value"": 280441695688.0}, {""period"": ""Q3 2021"", ""year"": 2021, ""quarter"": 3, ""value"": -769452728.0}, {""period"": ""Q4 2021"", ""year"": 2021, ""quarter"": 4, ""value"": -6537302641.0}, {""period"": ""Q1 2022"", ""year"": 2022, ""quarter"": 1, ""value"": -1290127418.0}, {""period"": ""Q2 2022"", ""year"": 2022, ""quarter"": 2, ""value"": -362638866.0}, {""period"": ""Q3 2022"", ""year"": 2022, ""quarter"": 3, ""value"": -8765161348.0}, {""period"": ""Q4 2022"", ""year"": 2022, ""quarter"": 4, ""value"": -7982350851.0}, {""period"": ""Q1 2023"", ""year"": 2023, ""quarter"": 1, ""value"": -11926283364.0}, {""period"": ""Q2 2023"", ""year"": 2023, ""quarter"": 2, ""value"": -9659287052.0}, {""period"": ""Q3 2023"", ""year"": 2023, ""quarter"": 3, ""value"": -42849814041.0}, {""period"": ""Q4 2023"", ""year"": 2023, ""quarter"": 4, ""value"": -24210675172.0}, {""period"": ""Q1 2024"", ""year"": 2024, ""quarter"": 1, ""value"": -22784789324.0}, {""period"": ""Q2 2024"", ""year"": 2024, ""quarter"": 2, ""value"": -21165061477.0}, {""period"": ""Q3 2024"", ""year"": 2024, ""quarter"": 3, ""value"": -6832403100.0}, {""period"": ""Q4 2024"", ""year"": 2024, ""quarter"": 4, ""value"": -7784277523.0}, {""period"": ""Q1 2025"", ""year"": 2025, ""quarter"": 1, ""value"": -11227649457.0}, {""period"": ""Q2 2025"", ""year"": 2025, ""quarter"": 2, ""value"": -33458578204.0}, {""period"": ""Q3 2025"", ""year"": 2025, ""quarter"": 3, ""value"": -189838507773.0}, {""period"": ""Q4 2025"", ""year"": 2025, ""quarter"": 4, ""value"": -33806391531.0}, {""period"": ""Q1 2026"", ""year"": 2026, ""quarter"": 1, ""value"": -215009277666.0}, {""period"": ""Q2 2026"", ""year"": 2026, ""quarter"": 2, ""value"": -596203556557.0}]"
ACG,4,CashFlow_Indirect,Quarter,202,"2. Tiền thu từ thanh lý, nhượng bán TSCĐ và các tài sản dài hạn khác",2,True,2,,"[{""period"": ""Q1 2019"", ""year"": 2019, ""quarter"": 1, ""value"": 0.0}, {""period"": ""Q2 2019"", ""year"": 2019, ""quarter"": 2, ""value"": 272727273.0}, {""period"": ""Q3 2019"", ""year"": 2019, ""quarter"": 3, ""value"": 14477866.0}, {""period"": ""Q4 2019"", ""year"": 2019, ""quarter"": 4, ""value"": 2840043274.0}, {""period"": ""Q1 2021"", ""year"": 2021, ""quarter"": 1, ""value"": 0.0}, {""period"": ""Q2 2021"", ""year"": 2021, ""quarter"": 2, ""value"": 0.0}, {""period"": ""Q3 2021"", ""year"": 2021, ""quarter"": 3, ""value"": 0.0}, {""period"": ""Q4 2021"", ""year"": 2021, ""quarter"": 4, ""value"": 0.0}, {""period"": ""Q1 2022"", ""year"": 2022, ""quarter"": 1, ""value"": 0.0}, {""period"": ""Q2 2022"", ""year"": 2022, ""quarter"": 2, ""value"": 0.0}, {""period"": ""Q3 2022"", ""year"": 2022, ""quarter"": 3, ""value"": 181818182.0}, {""period"": ""Q4 2022"", ""year"": 2022, ""quarter"": 4, ""value"": 0.0}, {""period"": ""Q1 2023"", ""year"": 2023, ""quarter"": 1, ""value"": 1366363636.0}, {""period"": ""Q2 2023"", ""year"": 2023, ""quarter"": 2, ""value"": -1366363636.0}, {""period"": ""Q3 2023"", ""year"": 2023, ""quarter"": 3, ""value"": 1720663636.0}, {""period"": ""Q4 2023"", ""year"": 2023, ""quarter"": 4, ""value"": 0.0}, {""period"": ""Q1 2024"", ""year"": 2024, ""quarter"": 1, ""value"": 0.0}, {""period"": ""Q2 2024"", ""year"": 2024, ""quarter"": 2, ""value"": 437555557.0}, {""period"": ""Q3 2024"", ""year"": 2024, ""quarter"": 3, ""value"": 86363636.0}, {""period"": ""Q4 2024"", ""year"": 2024, ""quarter"": 4, ""value"": 690417509.0}, {""period"": ""Q1 2025"", ""year"": 2025, ""quarter"": 1, ""value"": 0.0}, {""period"": ""Q2 2025"", ""year"": 2025, ""quarter"": 2, ""value"": 112626262.0}, {""period"": ""Q3 2025"", ""year"": 2025, ""quarter"": 3, ""value"": 4862558837.0}, {""period"": ""Q4 2025"", ""year"": 2025, ""quarter"": 4, ""value"": 37502540905.0}, {""period"": ""Q1 2026"", ""year"": 2026, ""quarter"": 1, ""value"": 167423251.0}, {""period"": ""Q2 2026"", ""year"": 2026, ""quarter"": 2, ""value"": 10701414139.0}]"
ACG,4,CashFlow_Indirect,Quarter,203,"3. Tiền chi cho vay, mua các công cụ nợ của đơn vị khác",2,True,2,,"[{""period"": ""Q1 2019"", ""year"": 2019, ""quarter"": 1, ""value"": -1038000000000.0}, {""period"": ""Q2 2019"", ""year"": 2019, ""quarter"": 2, ""value"": -56500000000.0}, {""period"": ""Q3 2019"", ""year"": 2019, ""quarter"": 3, ""value"": -953245044955.0}, {""period"": ""Q4 2019"", ""year"": 2019, ""quarter"": 4, ""value"": -206000000000.0}, {""period"": ""Q1 2021"", ""year"": 2021, ""quarter"": 1, ""value"": -171472700000.0}, {""period"": ""Q2 2021"", ""year"": 2021, ""quarter"": 2, ""value"": -520752830311.0}, {""period"": ""Q3 2021"", ""year"": 2021, ""quarter"": 3, ""value"": -466200000000.0}, {""period"": ""Q4 2021"", ""year"": 2021, ""quarter"": 4, ""value"": -699945000000.0}, {""period"": ""Q1 2022"", ""year"": 2022, ""quarter"": 1, ""value"": -660800000000.0}, {""period"": ""Q2 2022"", ""year"": 2022, ""quarter"": 2, ""value"": 55200000000.0}, {""period"": ""Q3 2022"", ""year"": 2022, ""quarter"": 3, ""value"": -682600000000.0}, {""period"": ""Q4 2022"", ""year"": 2022, ""quarter"": 4, ""value"": -80000000000.0}, {""period"": ""Q1 2023"", ""year"": 2023, ""quarter"": 1, ""value"": -114000000000.0}, {""period"": ""Q2 2023"", ""year"": 2023, ""quarter"": 2, ""value"": -438000000000.0}, {""period"": ""Q3 2023"", ""year"": 2023, ""quarter"": 3, ""value"": -492500000000.0}, {""period"": ""Q4 2023"", ""year"": 2023, ""quarter"": 4, ""value"": -962500000000.0}, {""period"": ""Q1 2024"", ""year"": 2024, ""quarter"": 1, ""value"": -461500000000.0}, {""period"": ""Q2 2024"", ""year"": 2024, ""quarter"": 2, ""value"": 37000000000.0}, {""period"": ""Q3 2024"", ""year"": 2024, ""quarter"": 3, ""value"": -481850000000.0}, {""period"": ""Q4 2024"", ""year"": 2024, ""quarter"": 4, ""value"": -1376000000000.0}, {""period"": ""Q1 2025"", ""year"": 2025, ""quarter"": 1, ""value"": -419000000000.0}, {""period"": ""Q2 2025"", ""year"": 2025, ""quarter"": 2, ""value"": -152500000000.0}, {""period"": ""Q3 2025"", ""year"": 2025, ""quarter"": 3, ""value"": -149514350000.0}, {""period"": ""Q4 2025"", ""year"": 2025, ""quarter"": 4, ""value"": -1148500000000.0}, {""period"": ""Q1 2026"", ""year"": 2026, ""quarter"": 1, ""value"": -835836710560.0}, {""period"": ""Q2 2026"", ""year"": 2026, ""quarter"": 2, ""value"": -619163289440.0}]"
ACG,4,CashFlow_Indirect,Quarter,204,"4. Tiền thu hồi cho vay, bán lại các công cụ nợ của các đơn vị khác",2,True,2,,"[{""period"": ""Q1 2019"", ""year"": 2019, ""quarter"": 1, ""value"": 421000000000.0}, {""period"": ""Q2 2019"", ""year"": 2019, ""quarter"": 2, ""value"": 166000000000.0}, {""period"": ""Q3 2019"", ""year"": 2019, ""quarter"": 3, ""value"": 979000000000.0}, {""period"": ""Q4 2019"", ""year"": 2019, ""quarter"": 4, ""value"": 122000000000.0}, {""period"": ""Q1 2021"", ""year"": 2021, ""quarter"": 1, ""value"": 187000000000.0}, {""period"": ""Q2 2021"", ""year"": 2021, ""quarter"": 2, ""value"": 348000000000.0}, {""period"": ""Q3 2021"", ""year"": 2021, ""quarter"": 3, ""value"": 560600000000.0}, {""period"": ""Q4 2021"", ""year"": 2021, ""quarter"": 4, ""value"": 473900000000.0}, {""period"": ""Q1 2022"", ""year"": 2022, ""quarter"": 1, ""value"": 549800000000.0}, {""period"": ""Q2 2022"", ""year"": 2022, ""quarter"": 2, ""value"": 128800000000.0}, {""period"": ""Q3 2022"", ""year"": 2022, ""quarter"": 3, ""value"": 835245044955.0}, {""period"": ""Q4 2022"", ""year"": 2022, ""quarter"": 4, ""value"": -30850000000.0}, {""period"": ""Q1 2023"", ""year"": 2023, ""quarter"": 1, ""value"": 30050000000.0}, {""period"": ""Q2 2023"", ""year"": 2023, ""quarter"": 2, ""value"": 369000000000.0}, {""period"": ""Q3 2023"", ""year"": 2023, ""quarter"": 3, ""value"": 484450000000.0}, {""period"": ""Q4 2023"", ""year"": 2023, ""quarter"": 4, ""value"": 386025283033.0}, {""period"": ""Q1 2024"", ""year"": 2024, ""quarter"": 1, ""value"": 236550000000.0}, {""period"": ""Q2 2024"", ""year"": 2024, ""quarter"": 2, ""value"": 226080000000.0}, {""period"": ""Q3 2024"", ""year"": 2024, ""quarter"": 3, ""value"": 391500000000.0}, {""period"": ""Q4 2024"", ""year"": 2024, ""quarter"": 4, ""value"": 1035550000000.0}, {""period"": ""Q1 2025"", ""year"": 2025, ""quarter"": 1, ""value"": 448100000000.0}, {""period"": ""Q2 2025"", ""year"": 2025, ""quarter"": 2, ""value"": 131550000000.0}, {""period"": ""Q3 2025"", ""year"": 2025, ""quarter"": 3, ""value"": 363550000000.0}, {""period"": ""Q4 2025"", ""year"": 2025, ""quarter"": 4, ""value"": 1265090000000.0}, {""period"": ""Q1 2026"", ""year"": 2026, ""quarter"": 1, ""value"": 884985595621.0}, {""period"": ""Q2 2026"", ""year"": 2026, ""quarter"": 2, ""value"": 103724404379.0}]"
ACG,4,CashFlow_Indirect,Quarter,205,5. Đầu tư góp vốn vào công ty liên doanh liên kết,2,True,2,,"[{""period"": ""Q1 2019"", ""year"": 2019, ""quarter"": 1, ""value"": 0.0}, {""period"": ""Q2 2019"", ""year"": 2019, ""quarter"": 2, ""value"": 0.0}, {""period"": ""Q3 2019"", ""year"": 2019, ""quarter"": 3, ""value"": 0.0}, {""period"": ""Q4 2019"", ""year"": 2019, ""quarter"": 4, ""value"": 0.0}, {""period"": ""Q1 2021"", ""year"": 2021, ""quarter"": 1, ""value"": 0.0}, {""period"": ""Q2 2021"", ""year"": 2021, ""quarter"": 2, ""value"": 0.0}, {""period"": ""Q3 2021"", ""year"": 2021, ""quarter"": 3, ""value"": 0.0}, {""period"": ""Q4 2021"", ""year"": 2021, ""quarter"": 4, ""value"": 0.0}, {""period"": ""Q1 2022"", ""year"": 2022, ""quarter"": 1, ""value"": 0.0}, {""period"": ""Q2 2022"", ""year"": 2022, ""quarter"": 2, ""value"": 0.0}, {""period"": ""Q3 2022"", ""year"": 2022, ""quarter"": 3, ""value"": 0.0}, {""period"": ""Q4 2022"", ""year"": 2022, ""quarter"": 4, ""value"": 0.0}, {""period"": ""Q1 2023"", ""year"": 2023, ""quarter"": 1, ""value"": 0.0}, {""period"": ""Q2 2023"", ""year"": 2023, ""quarter"": 2, ""value"": 0.0}, {""period"": ""Q3 2023"", ""year"": 2023, ""quarter"": 3, ""value"": 0.0}, {""period"": ""Q4 2023"", ""year"": 2023, ""quarter"": 4, ""value"": 0.0}, {""period"": ""Q1 2024"", ""year"": 2024, ""quarter"": 1, ""value"": 0.0}, {""period"": ""Q2 2024"", ""year"": 2024, ""quarter"": 2, ""value"": 0.0}, {""period"": ""Q3 2024"", ""year"": 2024, ""quarter"": 3, ""value"": 0.0}, {""period"": ""Q4 2024"", ""year"": 2024, ""quarter"": 4, ""value"": 0.0}, {""period"": ""Q1 2025"", ""year"": 2025, ""quarter"": 1, ""value"": 0.0}, {""period"": ""Q2 2025"", ""year"": 2025, ""quarter"": 2, ""value"": 0.0}, {""period"": ""Q3 2025"", ""year"": 2025, ""quarter"": 3, ""value"": 0.0}, {""period"": ""Q4 2025"", ""year"": 2025, ""quarter"": 4, ""value"": 0.0}, {""period"": ""Q1 2026"", ""year"": 2026, ""quarter"": 1, ""value"": 0.0}, {""period"": ""Q2 2026"", ""year"": 2026, ""quarter"": 2, ""value"": 0.0}]"
ACG,4,CashFlow_Indirect,Quarter,206,6. Chi đầu tư ngắn hạn,2,True,2,,"[{""period"": ""Q1 2019"", ""year"": 2019, ""quarter"": 1, ""value"": 0.0}, {""period"": ""Q2 2019"", ""year"": 2019, ""quarter"": 2, ""value"": 0.0}, {""period"": ""Q3 2019"", ""year"": 2019, ""quarter"": 3, ""value"": 0.0}, {""period"": ""Q4 2019"", ""year"": 2019, ""quarter"": 4, ""value"": 0.0}, {""period"": ""Q1 2021"", ""year"": 2021, ""quarter"": 1, ""value"": 0.0}, {""period"": ""Q2 2021"", ""year"": 2021, ""quarter"": 2, ""value"": 0.0}, {""period"": ""Q3 2021"", ""year"": 2021, ""quarter"": 3, ""value"": 0.0}, {""period"": ""Q4 2021"", ""year"": 2021, ""quarter"": 4, ""value"": 0.0}, {""period"": ""Q1 2022"", ""year"": 2022, ""quarter"": 1, ""value"": 0.0}, {""period"": ""Q2 2022"", ""year"": 2022, ""quarter"": 2, ""value"": 0.0}, {""period"": ""Q3 2022"", ""year"": 2022, ""quarter"": 3, ""value"": 0.0}, {""period"": ""Q4 2022"", ""year"": 2022, ""quarter"": 4, ""value"": 0.0}, {""period"": ""Q1 2023"", ""year"": 2023, ""quarter"": 1, ""value"": 0.0}, {""period"": ""Q2 2023"", ""year"": 2023, ""quarter"": 2, ""value"": 0.0}, {""period"": ""Q3 2023"", ""year"": 2023, ""quarter"": 3, ""value"": 0.0}, {""period"": ""Q4 2023"", ""year"": 2023, ""quarter"": 4, ""value"": 0.0}, {""period"": ""Q1 2024"", ""year"": 2024, ""quarter"": 1, ""value"": 0.0}, {""period"": ""Q2 2024"", ""year"": 2024, ""quarter"": 2, ""value"": 0.0}, {""period"": ""Q3 2024"", ""year"": 2024, ""quarter"": 3, ""value"": 0.0}, {""period"": ""Q4 2024"", ""year"": 2024, ""quarter"": 4, ""value"": 0.0}, {""period"": ""Q1 2025"", ""year"": 2025, ""quarter"": 1, ""value"": 0.0}, {""period"": ""Q2 2025"", ""year"": 2025, ""quarter"": 2, ""value"": 0.0}, {""period"": ""Q3 2025"", ""year"": 2025, ""quarter"": 3, ""value"": 0.0}, {""period"": ""Q4 2025"", ""year"": 2025, ""quarter"": 4, ""value"": 0.0}, {""period"": ""Q1 2026"", ""year"": 2026, ""quarter"": 1, ""value"": 0.0}, {""period"": ""Q2 2026"", ""year"": 2026, ""quarter"": 2, ""value"": 0.0}]"
ACG,4,CashFlow_Indirect,Quarter,207,7. Tiền chi đầu tư góp vốn vào đơn vị khác,2,True,2,,"[{""period"": ""Q1 2019"", ""year"": 2019, ""quarter"": 1, ""value"": 0.0}, {""period"": ""Q2 2019"", ""year"": 2019, ""quarter"": 2, ""value"": 0.0}, {""period"": ""Q3 2019"", ""year"": 2019, ""quarter"": 3, ""value"": 0.0}, {""period"": ""Q4 2019"", ""year"": 2019, ""quarter"": 4, ""value"": 0.0}, {""period"": ""Q1 2021"", ""year"": 2021, ""quarter"": 1, ""value"": 0.0}, {""period"": ""Q2 2021"", ""year"": 2021, ""quarter"": 2, ""value"": -119200000000.0}, {""period"": ""Q3 2021"", ""year"": 2021, ""quarter"": 3, ""value"": 0.0}, {""period"": ""Q4 2021"", ""year"": 2021, ""quarter"": 4, ""value"": 0.0}, {""period"": ""Q1 2022"", ""year"": 2022, ""quarter"": 1, ""value"": -126631200000.0}, {""period"": ""Q2 2022"", ""year"": 2022, ""quarter"": 2, ""value"": 0.0}, {""period"": ""Q3 2022"", ""year"": 2022, ""quarter"": 3, ""value"": 0.0}, {""period"": ""Q4 2022"", ""year"": 2022, ""quarter"": 4, ""value"": 0.0}, {""period"": ""Q1 2023"", ""year"": 2023, ""quarter"": 1, ""value"": 0.0}, {""period"": ""Q2 2023"", ""year"": 2023, ""quarter"": 2, ""value"": -2400000000.0}, {""period"": ""Q3 2023"", ""year"": 2023, ""quarter"": 3, ""value"": 0.0}, {""period"": ""Q4 2023"", ""year"": 2023, ""quarter"": 4, ""value"": 0.0}, {""period"": ""Q1 2024"", ""year"": 2024, ""quarter"": 1, ""value"": 0.0}, {""period"": ""Q2 2024"", ""year"": 2024, ""quarter"": 2, ""value"": 0.0}, {""period"": ""Q3 2024"", ""year"": 2024, ""quarter"": 3, ""value"": 0.0}, {""period"": ""Q4 2024"", ""year"": 2024, ""quarter"": 4, ""value"": 0.0}, {""period"": ""Q1 2025"", ""year"": 2025, ""quarter"": 1, ""value"": 0.0}, {""period"": ""Q2 2025"", ""year"": 2025, ""quarter"": 2, ""value"": 0.0}, {""period"": ""Q3 2025"", ""year"": 2025, ""quarter"": 3, ""value"": 0.0}, {""period"": ""Q4 2025"", ""year"": 2025, ""quarter"": 4, ""value"": 0.0}, {""period"": ""Q1 2026"", ""year"": 2026, ""quarter"": 1, ""value"": 0.0}, {""period"": ""Q2 2026"", ""year"": 2026, ""quarter"": 2, ""value"": 0.0}]"
ACG,4,CashFlow_Indirect,Quarter,208,8. Tiền thu hồi đầu tư góp vốn vào đơn vị khác,2,True,2,,"[{""period"": ""Q1 2019"", ""year"": 2019, ""quarter"": 1, ""value"": 0.0}, {""period"": ""Q2 2019"", ""year"": 2019, ""quarter"": 2, ""value"": 0.0}, {""period"": ""Q3 2019"", ""year"": 2019, ""quarter"": 3, ""value"": 0.0}, {""period"": ""Q4 2019"", ""year"": 2019, ""quarter"": 4, ""value"": 0.0}, {""period"": ""Q1 2021"", ""year"": 2021, ""quarter"": 1, ""value"": 0.0}, {""period"": ""Q2 2021"", ""year"": 2021, ""quarter"": 2, ""value"": 0.0}, {""period"": ""Q3 2021"", ""year"": 2021, ""quarter"": 3, ""value"": 0.0}, {""period"": ""Q4 2021"", ""year"": 2021, ""quarter"": 4, ""value"": 0.0}, {""period"": ""Q1 2022"", ""year"": 2022, ""quarter"": 1, ""value"": 0.0}, {""period"": ""Q2 2022"", ""year"": 2022, ""quarter"": 2, ""value"": 0.0}, {""period"": ""Q3 2022"", ""year"": 2022, ""quarter"": 3, ""value"": 0.0}, {""period"": ""Q4 2022"", ""year"": 2022, ""quarter"": 4, ""value"": 0.0}, {""period"": ""Q1 2023"", ""year"": 2023, ""quarter"": 1, ""value"": 0.0}, {""period"": ""Q2 2023"", ""year"": 2023, ""quarter"": 2, ""value"": 0.0}, {""period"": ""Q3 2023"", ""year"": 2023, ""quarter"": 3, ""value"": 0.0}, {""period"": ""Q4 2023"", ""year"": 2023, ""quarter"": 4, ""value"": 10200000000.0}, {""period"": ""Q1 2024"", ""year"": 2024, ""quarter"": 1, ""value"": 0.0}, {""period"": ""Q2 2024"", ""year"": 2024, ""quarter"": 2, ""value"": 0.0}, {""period"": ""Q3 2024"", ""year"": 2024, ""quarter"": 3, ""value"": 0.0}, {""period"": ""Q4 2024"", ""year"": 2024, ""quarter"": 4, ""value"": 0.0}, {""period"": ""Q1 2025"", ""year"": 2025, ""quarter"": 1, ""value"": 0.0}, {""period"": ""Q2 2025"", ""year"": 2025, ""quarter"": 2, ""value"": 96762888000.0}, {""period"": ""Q3 2025"", ""year"": 2025, ""quarter"": 3, ""value"": 0.0}, {""period"": ""Q4 2025"", ""year"": 2025, ""quarter"": 4, ""value"": 0.0}, {""period"": ""Q1 2026"", ""year"": 2026, ""quarter"": 1, ""value"": 0.0}, {""period"": ""Q2 2026"", ""year"": 2026, ""quarter"": 2, ""value"": 150348000000.0}]"
ACG,4,CashFlow_Indirect,Quarter,209,9. Lãi tiền gửi đã thu,2,True,2,,"[{""period"": ""Q1 2019"", ""year"": 2019, ""quarter"": 1, ""value"": 0.0}, {""period"": ""Q2 2019"", ""year"": 2019, ""quarter"": 2, ""value"": 0.0}, {""period"": ""Q3 2019"", ""year"": 2019, ""quarter"": 3, ""value"": 0.0}, {""period"": ""Q4 2019"", ""year"": 2019, ""quarter"": 4, ""value"": 0.0}, {""period"": ""Q1 2021"", ""year"": 2021, ""quarter"": 1, ""value"": 0.0}, {""period"": ""Q2 2021"", ""year"": 2021, ""quarter"": 2, ""value"": 0.0}, {""period"": ""Q3 2021"", ""year"": 2021, ""quarter"": 3, ""value"": 0.0}, {""period"": ""Q4 2021"", ""year"": 2021, ""quarter"": 4, ""value"": 0.0}, {""period"": ""Q1 2022"", ""year"": 2022, ""quarter"": 1, ""value"": 0.0}, {""period"": ""Q2 2022"", ""year"": 2022, ""quarter"": 2, ""value"": 0.0}, {""period"": ""Q3 2022"", ""year"": 2022, ""quarter"": 3, ""value"": 0.0}, {""period"": ""Q4 2022"", ""year"": 2022, ""quarter"": 4, ""value"": 0.0}, {""period"": ""Q1 2023"", ""year"": 2023, ""quarter"": 1, ""value"": 0.0}, {""period"": ""Q2 2023"", ""year"": 2023, ""quarter"": 2, ""value"": 0.0}, {""period"": ""Q3 2023"", ""year"": 2023, ""quarter"": 3, ""value"": 0.0}, {""period"": ""Q4 2023"", ""year"": 2023, ""quarter"": 4, ""value"": 0.0}, {""period"": ""Q1 2024"", ""year"": 2024, ""quarter"": 1, ""value"": 0.0}, {""period"": ""Q2 2024"", ""year"": 2024, ""quarter"": 2, ""value"": 0.0}, {""period"": ""Q3 2024"", ""year"": 2024, ""quarter"": 3, ""value"": 0.0}, {""period"": ""Q4 2024"", ""year"": 2024, ""quarter"": 4, ""value"": 0.0}, {""period"": ""Q1 2025"", ""year"": 2025, ""quarter"": 1, ""value"": 0.0}, {""period"": ""Q2 2025"", ""year"": 2025, ""quarter"": 2, ""value"": 0.0}, {""period"": ""Q3 2025"", ""year"": 2025, ""quarter"": 3, ""value"": 0.0}, {""period"": ""Q4 2025"", ""year"": 2025, ""quarter"": 4, ""value"": 0.0}, {""period"": ""Q1 2026"", ""year"": 2026, ""quarter"": 1, ""value"": 0.0}, {""period"": ""Q2 2026"", ""year"": 2026, ""quarter"": 2, ""value"": 0.0}]"
ACG,4,CashFlow_Indirect,Quarter,210,"10. Tiền thu lãi cho vay, cổ tức và lợi nhuận được chia",2,True,2,,"[{""period"": ""Q1 2019"", ""year"": 2019, ""quarter"": 1, ""value"": 10968822354.0}, {""period"": ""Q2 2019"", ""year"": 2019, ""quarter"": 2, ""value"": 6334720085.0}, {""period"": ""Q3 2019"", ""year"": 2019, ""quarter"": 3, ""value"": 28465278246.0}, {""period"": ""Q4 2019"", ""year"": 2019, ""quarter"": 4, ""value"": 596193664.0}, {""period"": ""Q1 2021"", ""year"": 2021, ""quarter"": 1, ""value"": 13952352087.0}, {""period"": ""Q2 2021"", ""year"": 2021, ""quarter"": 2, ""value"": 31913661866.0}, {""period"": ""Q3 2021"", ""year"": 2021, ""quarter"": 3, ""value"": 65625950560.0}, {""period"": ""Q4 2021"", ""year"": 2021, ""quarter"": 4, ""value"": 17550161552.0}, {""period"": ""Q1 2022"", ""year"": 2022, ""quarter"": 1, ""value"": 31500817485.0}, {""period"": ""Q2 2022"", ""year"": 2022, ""quarter"": 2, ""value"": 4479223928.0}, {""period"": ""Q3 2022"", ""year"": 2022, ""quarter"": 3, ""value"": 47300825499.0}, {""period"": ""Q4 2022"", ""year"": 2022, ""quarter"": 4, ""value"": 19503285253.0}, {""period"": ""Q1 2023"", ""year"": 2023, ""quarter"": 1, ""value"": 12846834239.0}, {""period"": ""Q2 2023"", ""year"": 2023, ""quarter"": 2, ""value"": 16831885586.0}, {""period"": ""Q3 2023"", ""year"": 2023, ""quarter"": 3, ""value"": 36593513102.0}, {""period"": ""Q4 2023"", ""year"": 2023, ""quarter"": 4, ""value"": 23325793978.0}, {""period"": ""Q1 2024"", ""year"": 2024, ""quarter"": 1, ""value"": 22954387129.0}, {""period"": ""Q2 2024"", ""year"": 2024, ""quarter"": 2, ""value"": 16932764870.0}, {""period"": ""Q3 2024"", ""year"": 2024, ""quarter"": 3, ""value"": 28132012389.0}, {""period"": ""Q4 2024"", ""year"": 2024, ""quarter"": 4, ""value"": 57458465992.0}, {""period"": ""Q1 2025"", ""year"": 2025, ""quarter"": 1, ""value"": 27463522933.0}, {""period"": ""Q2 2025"", ""year"": 2025, ""quarter"": 2, ""value"": 1149769158.0}, {""period"": ""Q3 2025"", ""year"": 2025, ""quarter"": 3, ""value"": 20840897511.0}, {""period"": ""Q4 2025"", ""year"": 2025, ""quarter"": 4, ""value"": 72807692443.0}, {""period"": ""Q1 2026"", ""year"": 2026, ""quarter"": 1, ""value"": 40200081091.0}, {""period"": ""Q2 2026"", ""year"": 2026, ""quarter"": 2, ""value"": 19432501428.0}]"
ACG,4,CashFlow_Indirect,Quarter,211,11. Tiền chi mua lại phần vốn góp của các cổ đông thiểu số,2,True,2,,"[{""period"": ""Q1 2019"", ""year"": 2019, ""quarter"": 1, ""value"": 0.0}, {""period"": ""Q2 2019"", ""year"": 2019, ""quarter"": 2, ""value"": 0.0}, {""period"": ""Q3 2019"", ""year"": 2019, ""quarter"": 3, ""value"": 0.0}, {""period"": ""Q4 2019"", ""year"": 2019, ""quarter"": 4, ""value"": 0.0}, {""period"": ""Q1 2021"", ""year"": 2021, ""quarter"": 1, ""value"": 0.0}, {""period"": ""Q2 2021"", ""year"": 2021, ""quarter"": 2, ""value"": 0.0}, {""period"": ""Q3 2021"", ""year"": 2021, ""quarter"": 3, ""value"": 0.0}, {""period"": ""Q4 2021"", ""year"": 2021, ""quarter"": 4, ""value"": 0.0}, {""period"": ""Q1 2022"", ""year"": 2022, ""quarter"": 1, ""value"": 0.0}, {""period"": ""Q2 2022"", ""year"": 2022, ""quarter"": 2, ""value"": 0.0}, {""period"": ""Q3 2022"", ""year"": 2022, ""quarter"": 3, ""value"": 0.0}, {""period"": ""Q4 2022"", ""year"": 2022, ""quarter"": 4, ""value"": 0.0}, {""period"": ""Q1 2023"", ""year"": 2023, ""quarter"": 1, ""value"": 0.0}, {""period"": ""Q2 2023"", ""year"": 2023, ""quarter"": 2, ""value"": 0.0}, {""period"": ""Q3 2023"", ""year"": 2023, ""quarter"": 3, ""value"": 0.0}, {""period"": ""Q4 2023"", ""year"": 2023, ""quarter"": 4, ""value"": 0.0}, {""period"": ""Q1 2024"", ""year"": 2024, ""quarter"": 1, ""value"": 0.0}, {""period"": ""Q2 2024"", ""year"": 2024, ""quarter"": 2, ""value"": 0.0}, {""period"": ""Q3 2024"", ""year"": 2024, ""quarter"": 3, ""value"": 0.0}, {""period"": ""Q4 2024"", ""year"": 2024, ""quarter"": 4, ""value"": 0.0}, {""period"": ""Q1 2025"", ""year"": 2025, ""quarter"": 1, ""value"": 0.0}, {""period"": ""Q2 2025"", ""year"": 2025, ""quarter"": 2, ""value"": 0.0}, {""period"": ""Q3 2025"", ""year"": 2025, ""quarter"": 3, ""value"": 0.0}, {""period"": ""Q4 2025"", ""year"": 2025, ""quarter"": 4, ""value"": 0.0}, {""period"": ""Q1 2026"", ""year"": 2026, ""quarter"": 1, ""value"": 0.0}, {""period"": ""Q2 2026"", ""year"": 2026, ""quarter"": 2, ""value"": 0.0}]"
ACG,4,CashFlow_Indirect,Quarter,212,Lưu chuyển tiền thuần từ hoạt động đầu tư,2,True,2,,"[{""period"": ""Q1 2019"", ""year"": 2019, ""quarter"": 1, ""value"": -631892522808.0}, {""period"": ""Q2 2019"", ""year"": 2019, ""quarter"": 2, ""value"": 92867088684.0}, {""period"": ""Q3 2019"", ""year"": 2019, ""quarter"": 3, ""value"": 26317544342.0}, {""period"": ""Q4 2019"", ""year"": 2019, ""quarter"": 4, ""value"": -90345973550.0}, {""period"": ""Q1 2021"", ""year"": 2021, ""quarter"": 1, ""value"": -256754425126.0}, {""period"": ""Q2 2021"", ""year"": 2021, ""quarter"": 2, ""value"": 20402527243.0}, {""period"": ""Q3 2021"", ""year"": 2021, ""quarter"": 3, ""value"": 159256497832.0}, {""period"": ""Q4 2021"", ""year"": 2021, ""quarter"": 4, ""value"": -215032141089.0}, {""period"": ""Q1 2022"", ""year"": 2022, ""quarter"": 1, ""value"": -207420509933.0}, {""period"": ""Q2 2022"", ""year"": 2022, ""quarter"": 2, ""value"": 188116585062.0}, {""period"": ""Q3 2022"", ""year"": 2022, ""quarter"": 3, ""value"": 191362527288.0}, {""period"": ""Q4 2022"", ""year"": 2022, ""quarter"": 4, ""value"": -99329065598.0}, {""period"": ""Q1 2023"", ""year"": 2023, ""quarter"": 1, ""value"": -81663085489.0}, {""period"": ""Q2 2023"", ""year"": 2023, ""quarter"": 2, ""value"": -65593765102.0}, {""period"": ""Q3 2023"", ""year"": 2023, ""quarter"": 3, ""value"": -12585637303.0}, {""period"": ""Q4 2023"", ""year"": 2023, ""quarter"": 4, ""value"": -567159598161.0}, {""period"": ""Q1 2024"", ""year"": 2024, ""quarter"": 1, ""value"": -224780402195.0}, {""period"": ""Q2 2024"", ""year"": 2024, ""quarter"": 2, ""value"": 259285258950.0}, {""period"": ""Q3 2024"", ""year"": 2024, ""quarter"": 3, ""value"": -68964027075.0}, {""period"": ""Q4 2024"", ""year"": 2024, ""quarter"": 4, ""value"": -290085394022.0}, {""period"": ""Q1 2025"", ""year"": 2025, ""quarter"": 1, ""value"": 45335873476.0}, {""period"": ""Q2 2025"", ""year"": 2025, ""quarter"": 2, ""value"": 43616705216.0}, {""period"": ""Q3 2025"", ""year"": 2025, ""quarter"": 3, ""value"": 49900598575.0}, {""period"": ""Q4 2025"", ""year"": 2025, ""quarter"": 4, ""value"": 193093841817.0}, {""period"": ""Q1 2026"", ""year"": 2026, ""quarter"": 1, ""value"": -125492888263.0}, {""period"": ""Q2 2026"", ""year"": 2026, ""quarter"": 2, ""value"": -931160526051.0}]"
ACG,4,CashFlow_Indirect,Quarter,3,III. Lưu chuyển tiền từ hoạt động tài chính,-1,True,1,,"[{""period"": ""Q1 2019"", ""year"": 2019, ""quarter"": 1, ""value"": null}, {""period"": ""Q2 2019"", ""year"": 2019, ""quarter"": 2, ""value"": null}, {""period"": ""Q3 2019"", ""year"": 2019, ""quarter"": 3, ""value"": null}, {""period"": ""Q4 2019"", ""year"": 2019, ""quarter"": 4, ""value"": null}, {""period"": ""Q1 2021"", ""year"": 2021, ""quarter"": 1, ""value"": null}, {""period"": ""Q2 2021"", ""year"": 2021, ""quarter"": 2, ""value"": null}, {""period"": ""Q3 2021"", ""year"": 2021, ""quarter"": 3, ""value"": null}, {""period"": ""Q4 2021"", ""year"": 2021, ""quarter"": 4, ""value"": null}, {""period"": ""Q1 2022"", ""year"": 2022, ""quarter"": 1, ""value"": null}, {""period"": ""Q2 2022"", ""year"": 2022, ""quarter"": 2, ""value"": null}, {""period"": ""Q3 2022"", ""year"": 2022, ""quarter"": 3, ""value"": null}, {""period"": ""Q4 2022"", ""year"": 2022, ""quarter"": 4, ""value"": null}, {""period"": ""Q1 2023"", ""year"": 2023, ""quarter"": 1, ""value"": null}, {""period"": ""Q2 2023"", ""year"": 2023, ""quarter"": 2, ""value"": null}, {""period"": ""Q3 2023"", ""year"": 2023, ""quarter"": 3, ""value"": null}, {""period"": ""Q4 2023"", ""year"": 2023, ""quarter"": 4, ""value"": null}, {""period"": ""Q1 2024"", ""year"": 2024, ""quarter"": 1, ""value"": null}, {""period"": ""Q2 2024"", ""year"": 2024, ""quarter"": 2, ""value"": null}, {""period"": ""Q3 2024"", ""year"": 2024, ""quarter"": 3, ""value"": null}, {""period"": ""Q4 2024"", ""year"": 2024, ""quarter"": 4, ""value"": null}, {""period"": ""Q1 2025"", ""year"": 2025, ""quarter"": 1, ""value"": null}, {""period"": ""Q2 2025"", ""year"": 2025, ""quarter"": 2, ""value"": null}, {""period"": ""Q3 2025"", ""year"": 2025, ""quarter"": 3, ""value"": null}, {""period"": ""Q4 2025"", ""year"": 2025, ""quarter"": 4, ""value"": null}, {""period"": ""Q1 2026"", ""year"": 2026, ""quarter"": 1, ""value"": null}, {""period"": ""Q2 2026"", ""year"": 2026, ""quarter"": 2, ""value"": null}]"
ACG,4,CashFlow_Indirect,Quarter,301,"1. Tiền thu từ phát hành cổ phiếu, nhận vốn góp của chủ sở hữu",3,True,2,,"[{""period"": ""Q1 2019"", ""year"": 2019, ""quarter"": 1, ""value"": 638683278456.0}, {""period"": ""Q2 2019"", ""year"": 2019, ""quarter"": 2, ""value"": 0.0}, {""period"": ""Q3 2019"", ""year"": 2019, ""quarter"": 3, ""value"": 0.0}, {""period"": ""Q4 2019"", ""year"": 2019, ""quarter"": 4, ""value"": 0.0}, {""period"": ""Q1 2021"", ""year"": 2021, ""quarter"": 1, ""value"": 0.0}, {""period"": ""Q2 2021"", ""year"": 2021, ""quarter"": 2, ""value"": 0.0}, {""period"": ""Q3 2021"", ""year"": 2021, ""quarter"": 3, ""value"": 0.0}, {""period"": ""Q4 2021"", ""year"": 2021, ""quarter"": 4, ""value"": 30225593500.0}, {""period"": ""Q1 2022"", ""year"": 2022, ""quarter"": 1, ""value"": 0.0}, {""period"": ""Q2 2022"", ""year"": 2022, ""quarter"": 2, ""value"": 43748200000.0}, {""period"": ""Q3 2022"", ""year"": 2022, ""quarter"": 3, ""value"": 0.0}, {""period"": ""Q4 2022"", ""year"": 2022, ""quarter"": 4, ""value"": null}, {""period"": ""Q1 2023"", ""year"": 2023, ""quarter"": 1, ""value"": 9800000000.0}, {""period"": ""Q2 2023"", ""year"": 2023, ""quarter"": 2, ""value"": 0.0}, {""period"": ""Q3 2023"", ""year"": 2023, ""quarter"": 3, ""value"": 0.0}, {""period"": ""Q4 2023"", ""year"": 2023, ""quarter"": 4, ""value"": 96000000.0}, {""period"": ""Q1 2024"", ""year"": 2024, ""quarter"": 1, ""value"": 0.0}, {""period"": ""Q2 2024"", ""year"": 2024, ""quarter"": 2, ""value"": 0.0}, {""period"": ""Q3 2024"", ""year"": 2024, ""quarter"": 3, ""value"": 0.0}, {""period"": ""Q4 2024"", ""year"": 2024, ""quarter"": 4, ""value"": 0.0}, {""period"": ""Q1 2025"", ""year"": 2025, ""quarter"": 1, ""value"": 0.0}, {""period"": ""Q2 2025"", ""year"": 2025, ""quarter"": 2, ""value"": 0.0}, {""period"": ""Q3 2025"", ""year"": 2025, ""quarter"": 3, ""value"": 48100000000.0}, {""period"": ""Q4 2025"", ""year"": 2025, ""quarter"": 4, ""value"": 26000000000.0}, {""period"": ""Q1 2026"", ""year"": 2026, ""quarter"": 1, ""value"": 160400000000.0}, {""period"": ""Q2 2026"", ""year"": 2026, ""quarter"": 2, ""value"": -77050000000.0}]"
ACG,4,CashFlow_Indirect,Quarter,302,"2. Tiền chi trả vốn góp cho các chủ sở hữu, mua lại cổ phiếu của doanh nghiệp đã phát hành",3,True,2,,"[{""period"": ""Q1 2019"", ""year"": 2019, ""quarter"": 1, ""value"": 0.0}, {""period"": ""Q2 2019"", ""year"": 2019, ""quarter"": 2, ""value"": 0.0}, {""period"": ""Q3 2019"", ""year"": 2019, ""quarter"": 3, ""value"": 0.0}, {""period"": ""Q4 2019"", ""year"": 2019, ""quarter"": 4, ""value"": 0.0}, {""period"": ""Q1 2021"", ""year"": 2021, ""quarter"": 1, ""value"": -65000000.0}, {""period"": ""Q2 2021"", ""year"": 2021, ""quarter"": 2, ""value"": 0.0}, {""period"": ""Q3 2021"", ""year"": 2021, ""quarter"": 3, ""value"": 0.0}, {""period"": ""Q4 2021"", ""year"": 2021, ""quarter"": 4, ""value"": 0.0}, {""period"": ""Q1 2022"", ""year"": 2022, ""quarter"": 1, ""value"": 0.0}, {""period"": ""Q2 2022"", ""year"": 2022, ""quarter"": 2, ""value"": 0.0}, {""period"": ""Q3 2022"", ""year"": 2022, ""quarter"": 3, ""value"": null}, {""period"": ""Q4 2022"", ""year"": 2022, ""quarter"": 4, ""value"": null}, {""period"": ""Q1 2023"", ""year"": 2023, ""quarter"": 1, ""value"": 0.0}, {""period"": ""Q2 2023"", ""year"": 2023, ""quarter"": 2, ""value"": 0.0}, {""period"": ""Q3 2023"", ""year"": 2023, ""quarter"": 3, ""value"": 0.0}, {""period"": ""Q4 2023"", ""year"": 2023, ""quarter"": 4, ""value"": 0.0}, {""period"": ""Q1 2024"", ""year"": 2024, ""quarter"": 1, ""value"": 0.0}, {""period"": ""Q2 2024"", ""year"": 2024, ""quarter"": 2, ""value"": 0.0}, {""period"": ""Q3 2024"", ""year"": 2024, ""quarter"": 3, ""value"": 0.0}, {""period"": ""Q4 2024"", ""year"": 2024, ""quarter"": 4, ""value"": 0.0}, {""period"": ""Q1 2025"", ""year"": 2025, ""quarter"": 1, ""value"": 0.0}, {""period"": ""Q2 2025"", ""year"": 2025, ""quarter"": 2, ""value"": 0.0}, {""period"": ""Q3 2025"", ""year"": 2025, ""quarter"": 3, ""value"": 0.0}, {""period"": ""Q4 2025"", ""year"": 2025, ""quarter"": 4, ""value"": 0.0}, {""period"": ""Q1 2026"", ""year"": 2026, ""quarter"": 1, ""value"": 0.0}, {""period"": ""Q2 2026"", ""year"": 2026, ""quarter"": 2, ""value"": 0.0}]"
ACG,4,CashFlow_Indirect,Quarter,303,"3. Tiền vay ngắn hạn, dài hạn nhận được",3,True,2,,"[{""period"": ""Q1 2019"", ""year"": 2019, ""quarter"": 1, ""value"": 136922907112.0}, {""period"": ""Q2 2019"", ""year"": 2019, ""quarter"": 2, ""value"": 254799521502.0}, {""period"": ""Q3 2019"", ""year"": 2019, ""quarter"": 3, ""value"": 316831151001.0}, {""period"": ""Q4 2019"", ""year"": 2019, ""quarter"": 4, ""value"": 266491808212.0}, {""period"": ""Q1 2021"", ""year"": 2021, ""quarter"": 1, ""value"": 654470838479.0}, {""period"": ""Q2 2021"", ""year"": 2021, ""quarter"": 2, ""value"": 653330621253.0}, {""period"": ""Q3 2021"", ""year"": 2021, ""quarter"": 3, ""value"": 507708420882.0}, {""period"": ""Q4 2021"", ""year"": 2021, ""quarter"": 4, ""value"": 902246232909.0}, {""period"": ""Q1 2022"", ""year"": 2022, ""quarter"": 1, ""value"": 1016237711254.0}, {""period"": ""Q2 2022"", ""year"": 2022, ""quarter"": 2, ""value"": 289211511122.0}, {""period"": ""Q3 2022"", ""year"": 2022, ""quarter"": 3, ""value"": 456043107863.0}, {""period"": ""Q4 2022"", ""year"": 2022, ""quarter"": 4, ""value"": 636231594857.0}, {""period"": ""Q1 2023"", ""year"": 2023, ""quarter"": 1, ""value"": 592136890605.0}, {""period"": ""Q2 2023"", ""year"": 2023, ""quarter"": 2, ""value"": 454127172764.0}, {""period"": ""Q3 2023"", ""year"": 2023, ""quarter"": 3, ""value"": 462345883859.0}, {""period"": ""Q4 2023"", ""year"": 2023, ""quarter"": 4, ""value"": 566246279415.0}, {""period"": ""Q1 2024"", ""year"": 2024, ""quarter"": 1, ""value"": 716960971656.0}, {""period"": ""Q2 2024"", ""year"": 2024, ""quarter"": 2, ""value"": 449387936316.0}, {""period"": ""Q3 2024"", ""year"": 2024, ""quarter"": 3, ""value"": 515949869228.0}, {""period"": ""Q4 2024"", ""year"": 2024, ""quarter"": 4, ""value"": 593188073399.0}, {""period"": ""Q1 2025"", ""year"": 2025, ""quarter"": 1, ""value"": 664851834081.0}, {""period"": ""Q2 2025"", ""year"": 2025, ""quarter"": 2, ""value"": 661483719867.0}, {""period"": ""Q3 2025"", ""year"": 2025, ""quarter"": 3, ""value"": 741752020208.0}, {""period"": ""Q4 2025"", ""year"": 2025, ""quarter"": 4, ""value"": 1523709930628.0}, {""period"": ""Q1 2026"", ""year"": 2026, ""quarter"": 1, ""value"": 1152387181746.0}, {""period"": ""Q2 2026"", ""year"": 2026, ""quarter"": 2, ""value"": 1507200435016.0}]"
ACG,4,CashFlow_Indirect,Quarter,304,4. Tiền chi trả nợ gốc vay,3,True,2,,"[{""period"": ""Q1 2019"", ""year"": 2019, ""quarter"": 1, ""value"": -135990379981.0}, {""period"": ""Q2 2019"", ""year"": 2019, ""quarter"": 2, ""value"": -284915462967.0}, {""period"": ""Q3 2019"", ""year"": 2019, ""quarter"": 3, ""value"": -291063398786.0}, {""period"": ""Q4 2019"", ""year"": 2019, ""quarter"": 4, ""value"": -370099486709.0}, {""period"": ""Q1 2021"", ""year"": 2021, ""quarter"": 1, ""value"": -408278439252.0}, {""period"": ""Q2 2021"", ""year"": 2021, ""quarter"": 2, ""value"": -605917348354.0}, {""period"": ""Q3 2021"", ""year"": 2021, ""quarter"": 3, ""value"": -499216872486.0}, {""period"": ""Q4 2021"", ""year"": 2021, ""quarter"": 4, ""value"": -946252440951.0}, {""period"": ""Q1 2022"", ""year"": 2022, ""quarter"": 1, ""value"": -801785055383.0}, {""period"": ""Q2 2022"", ""year"": 2022, ""quarter"": 2, ""value"": -333975974397.0}, {""period"": ""Q3 2022"", ""year"": 2022, ""quarter"": 3, ""value"": -519576603815.0}, {""period"": ""Q4 2022"", ""year"": 2022, ""quarter"": 4, ""value"": -497914433550.0}, {""period"": ""Q1 2023"", ""year"": 2023, ""quarter"": 1, ""value"": -617410219692.0}, {""period"": ""Q2 2023"", ""year"": 2023, ""quarter"": 2, ""value"": -620572702694.0}, {""period"": ""Q3 2023"", ""year"": 2023, ""quarter"": 3, ""value"": -757274440620.0}, {""period"": ""Q4 2023"", ""year"": 2023, ""quarter"": 4, ""value"": -186754995543.0}, {""period"": ""Q1 2024"", ""year"": 2024, ""quarter"": 1, ""value"": -470365974049.0}, {""period"": ""Q2 2024"", ""year"": 2024, ""quarter"": 2, ""value"": -634500010054.0}, {""period"": ""Q3 2024"", ""year"": 2024, ""quarter"": 3, ""value"": -637825081471.0}, {""period"": ""Q4 2024"", ""year"": 2024, ""quarter"": 4, ""value"": -511353372605.0}, {""period"": ""Q1 2025"", ""year"": 2025, ""quarter"": 1, ""value"": -510371114236.0}, {""period"": ""Q2 2025"", ""year"": 2025, ""quarter"": 2, ""value"": -821597038501.0}, {""period"": ""Q3 2025"", ""year"": 2025, ""quarter"": 3, ""value"": -815634606745.0}, {""period"": ""Q4 2025"", ""year"": 2025, ""quarter"": 4, ""value"": -907163423098.0}, {""period"": ""Q1 2026"", ""year"": 2026, ""quarter"": 1, ""value"": -1233641811525.0}, {""period"": ""Q2 2026"", ""year"": 2026, ""quarter"": 2, ""value"": -584897076411.0}]"
ACG,4,CashFlow_Indirect,Quarter,305,5. Tiền chi trả nợ thuê tài chính,3,True,2,,"[{""period"": ""Q1 2019"", ""year"": 2019, ""quarter"": 1, ""value"": 0.0}, {""period"": ""Q2 2019"", ""year"": 2019, ""quarter"": 2, ""value"": 0.0}, {""period"": ""Q3 2019"", ""year"": 2019, ""quarter"": 3, ""value"": 0.0}, {""period"": ""Q4 2019"", ""year"": 2019, ""quarter"": 4, ""value"": 0.0}, {""period"": ""Q1 2021"", ""year"": 2021, ""quarter"": 1, ""value"": 0.0}, {""period"": ""Q2 2021"", ""year"": 2021, ""quarter"": 2, ""value"": 0.0}, {""period"": ""Q3 2021"", ""year"": 2021, ""quarter"": 3, ""value"": 0.0}, {""period"": ""Q4 2021"", ""year"": 2021, ""quarter"": 4, ""value"": 0.0}, {""period"": ""Q1 2022"", ""year"": 2022, ""quarter"": 1, ""value"": 0.0}, {""period"": ""Q2 2022"", ""year"": 2022, ""quarter"": 2, ""value"": 0.0}, {""period"": ""Q3 2022"", ""year"": 2022, ""quarter"": 3, ""value"": null}, {""period"": ""Q4 2022"", ""year"": 2022, ""quarter"": 4, ""value"": null}, {""period"": ""Q1 2023"", ""year"": 2023, ""quarter"": 1, ""value"": 0.0}, {""period"": ""Q2 2023"", ""year"": 2023, ""quarter"": 2, ""value"": 0.0}, {""period"": ""Q3 2023"", ""year"": 2023, ""quarter"": 3, ""value"": 0.0}, {""period"": ""Q4 2023"", ""year"": 2023, ""quarter"": 4, ""value"": 0.0}, {""period"": ""Q1 2024"", ""year"": 2024, ""quarter"": 1, ""value"": 0.0}, {""period"": ""Q2 2024"", ""year"": 2024, ""quarter"": 2, ""value"": 0.0}, {""period"": ""Q3 2024"", ""year"": 2024, ""quarter"": 3, ""value"": 0.0}, {""period"": ""Q4 2024"", ""year"": 2024, ""quarter"": 4, ""value"": 0.0}, {""period"": ""Q1 2025"", ""year"": 2025, ""quarter"": 1, ""value"": 0.0}, {""period"": ""Q2 2025"", ""year"": 2025, ""quarter"": 2, ""value"": 0.0}, {""period"": ""Q3 2025"", ""year"": 2025, ""quarter"": 3, ""value"": 0.0}, {""period"": ""Q4 2025"", ""year"": 2025, ""quarter"": 4, ""value"": 0.0}, {""period"": ""Q1 2026"", ""year"": 2026, ""quarter"": 1, ""value"": 0.0}, {""period"": ""Q2 2026"", ""year"": 2026, ""quarter"": 2, ""value"": -3247658047.0}]"
ACG,4,CashFlow_Indirect,Quarter,306,6. Tiền chi khác từ hoạt động tài chính,3,True,2,,"[{""period"": ""Q1 2019"", ""year"": 2019, ""quarter"": 1, ""value"": 0.0}, {""period"": ""Q2 2019"", ""year"": 2019, ""quarter"": 2, ""value"": 0.0}, {""period"": ""Q3 2019"", ""year"": 2019, ""quarter"": 3, ""value"": 0.0}, {""period"": ""Q4 2019"", ""year"": 2019, ""quarter"": 4, ""value"": 0.0}, {""period"": ""Q1 2021"", ""year"": 2021, ""quarter"": 1, ""value"": 0.0}, {""period"": ""Q2 2021"", ""year"": 2021, ""quarter"": 2, ""value"": 0.0}, {""period"": ""Q3 2021"", ""year"": 2021, ""quarter"": 3, ""value"": 0.0}, {""period"": ""Q4 2021"", ""year"": 2021, ""quarter"": 4, ""value"": 0.0}, {""period"": ""Q1 2022"", ""year"": 2022, ""quarter"": 1, ""value"": 0.0}, {""period"": ""Q2 2022"", ""year"": 2022, ""quarter"": 2, ""value"": 0.0}, {""period"": ""Q3 2022"", ""year"": 2022, ""quarter"": 3, ""value"": null}, {""period"": ""Q4 2022"", ""year"": 2022, ""quarter"": 4, ""value"": null}, {""period"": ""Q1 2023"", ""year"": 2023, ""quarter"": 1, ""value"": 0.0}, {""period"": ""Q2 2023"", ""year"": 2023, ""quarter"": 2, ""value"": 0.0}, {""period"": ""Q3 2023"", ""year"": 2023, ""quarter"": 3, ""value"": 0.0}, {""period"": ""Q4 2023"", ""year"": 2023, ""quarter"": 4, ""value"": 0.0}, {""period"": ""Q1 2024"", ""year"": 2024, ""quarter"": 1, ""value"": 0.0}, {""period"": ""Q2 2024"", ""year"": 2024, ""quarter"": 2, ""value"": 0.0}, {""period"": ""Q3 2024"", ""year"": 2024, ""quarter"": 3, ""value"": 0.0}, {""period"": ""Q4 2024"", ""year"": 2024, ""quarter"": 4, ""value"": 0.0}, {""period"": ""Q1 2025"", ""year"": 2025, ""quarter"": 1, ""value"": 0.0}, {""period"": ""Q2 2025"", ""year"": 2025, ""quarter"": 2, ""value"": 0.0}, {""period"": ""Q3 2025"", ""year"": 2025, ""quarter"": 3, ""value"": 0.0}, {""period"": ""Q4 2025"", ""year"": 2025, ""quarter"": 4, ""value"": 0.0}, {""period"": ""Q1 2026"", ""year"": 2026, ""quarter"": 1, ""value"": 0.0}, {""period"": ""Q2 2026"", ""year"": 2026, ""quarter"": 2, ""value"": 0.0}]"
ACG,4,CashFlow_Indirect,Quarter,307,7. Tiền chi trả từ cổ phần hóa,3,True,2,,"[{""period"": ""Q1 2019"", ""year"": 2019, ""quarter"": 1, ""value"": 0.0}, {""period"": ""Q2 2019"", ""year"": 2019, ""quarter"": 2, ""value"": 0.0}, {""period"": ""Q3 2019"", ""year"": 2019, ""quarter"": 3, ""value"": 0.0}, {""period"": ""Q4 2019"", ""year"": 2019, ""quarter"": 4, ""value"": 0.0}, {""period"": ""Q1 2021"", ""year"": 2021, ""quarter"": 1, ""value"": 0.0}, {""period"": ""Q2 2021"", ""year"": 2021, ""quarter"": 2, ""value"": 0.0}, {""period"": ""Q3 2021"", ""year"": 2021, ""quarter"": 3, ""value"": 0.0}, {""period"": ""Q4 2021"", ""year"": 2021, ""quarter"": 4, ""value"": 0.0}, {""period"": ""Q1 2022"", ""year"": 2022, ""quarter"": 1, ""value"": 0.0}, {""period"": ""Q2 2022"", ""year"": 2022, ""quarter"": 2, ""value"": 0.0}, {""period"": ""Q3 2022"", ""year"": 2022, ""quarter"": 3, ""value"": null}, {""period"": ""Q4 2022"", ""year"": 2022, ""quarter"": 4, ""value"": null}, {""period"": ""Q1 2023"", ""year"": 2023, ""quarter"": 1, ""value"": 0.0}, {""period"": ""Q2 2023"", ""year"": 2023, ""quarter"": 2, ""value"": 0.0}, {""period"": ""Q3 2023"", ""year"": 2023, ""quarter"": 3, ""value"": 0.0}, {""period"": ""Q4 2023"", ""year"": 2023, ""quarter"": 4, ""value"": 0.0}, {""period"": ""Q1 2024"", ""year"": 2024, ""quarter"": 1, ""value"": 0.0}, {""period"": ""Q2 2024"", ""year"": 2024, ""quarter"": 2, ""value"": 0.0}, {""period"": ""Q3 2024"", ""year"": 2024, ""quarter"": 3, ""value"": 0.0}, {""period"": ""Q4 2024"", ""year"": 2024, ""quarter"": 4, ""value"": 0.0}, {""period"": ""Q1 2025"", ""year"": 2025, ""quarter"": 1, ""value"": 0.0}, {""period"": ""Q2 2025"", ""year"": 2025, ""quarter"": 2, ""value"": 0.0}, {""period"": ""Q3 2025"", ""year"": 2025, ""quarter"": 3, ""value"": 0.0}, {""period"": ""Q4 2025"", ""year"": 2025, ""quarter"": 4, ""value"": 0.0}, {""period"": ""Q1 2026"", ""year"": 2026, ""quarter"": 1, ""value"": 0.0}, {""period"": ""Q2 2026"", ""year"": 2026, ""quarter"": 2, ""value"": 0.0}]"
ACG,4,CashFlow_Indirect,Quarter,308,"8. Cổ tức, lợi nhuận đã trả cho chủ sở hữu",3,True,2,,"[{""period"": ""Q1 2019"", ""year"": 2019, ""quarter"": 1, ""value"": 0.0}, {""period"": ""Q2 2019"", ""year"": 2019, ""quarter"": 2, ""value"": -120311076200.0}, {""period"": ""Q3 2019"", ""year"": 2019, ""quarter"": 3, ""value"": 0.0}, {""period"": ""Q4 2019"", ""year"": 2019, ""quarter"": 4, ""value"": -154685669400.0}, {""period"": ""Q1 2021"", ""year"": 2021, ""quarter"": 1, ""value"": 0.0}, {""period"": ""Q2 2021"", ""year"": 2021, ""quarter"": 2, ""value"": -104826892800.0}, {""period"": ""Q3 2021"", ""year"": 2021, ""quarter"": 3, ""value"": 0.0}, {""period"": ""Q4 2021"", ""year"": 2021, ""quarter"": 4, ""value"": 0.0}, {""period"": ""Q1 2022"", ""year"": 2022, ""quarter"": 1, ""value"": -21889772000.0}, {""period"": ""Q2 2022"", ""year"": 2022, ""quarter"": 2, ""value"": -293424286500.0}, {""period"": ""Q3 2022"", ""year"": 2022, ""quarter"": 3, ""value"": -179357500.0}, {""period"": ""Q4 2022"", ""year"": 2022, ""quarter"": 4, ""value"": -149420174200.0}, {""period"": ""Q1 2023"", ""year"": 2023, ""quarter"": 1, ""value"": 0.0}, {""period"": ""Q2 2023"", ""year"": 2023, ""quarter"": 2, ""value"": 0.0}, {""period"": ""Q3 2023"", ""year"": 2023, ""quarter"": 3, ""value"": 0.0}, {""period"": ""Q4 2023"", ""year"": 2023, ""quarter"": 4, ""value"": -105544842200.0}, {""period"": ""Q1 2024"", ""year"": 2024, ""quarter"": 1, ""value"": 0.0}, {""period"": ""Q2 2024"", ""year"": 2024, ""quarter"": 2, ""value"": 0.0}, {""period"": ""Q3 2024"", ""year"": 2024, ""quarter"": 3, ""value"": -120563281600.0}, {""period"": ""Q4 2024"", ""year"": 2024, ""quarter"": 4, ""value"": -120563281600.0}, {""period"": ""Q1 2025"", ""year"": 2025, ""quarter"": 1, ""value"": -572315900.0}, {""period"": ""Q2 2025"", ""year"": 2025, ""quarter"": 2, ""value"": -105548552200.0}, {""period"": ""Q3 2025"", ""year"": 2025, ""quarter"": 3, ""value"": 0.0}, {""period"": ""Q4 2025"", ""year"": 2025, ""quarter"": 4, ""value"": -196018739800.0}, {""period"": ""Q1 2026"", ""year"": 2026, ""quarter"": 1, ""value"": -15569000.0}, {""period"": ""Q2 2026"", ""year"": 2026, ""quarter"": 2, ""value"": 0.0}]"
ACG,4,CashFlow_Indirect,Quarter,309,9. Vốn góp của các cổ đông thiểu số vào các công ty con,3,True,2,,"[{""period"": ""Q1 2019"", ""year"": 2019, ""quarter"": 1, ""value"": 0.0}, {""period"": ""Q2 2019"", ""year"": 2019, ""quarter"": 2, ""value"": 0.0}, {""period"": ""Q3 2019"", ""year"": 2019, ""quarter"": 3, ""value"": 0.0}, {""period"": ""Q4 2019"", ""year"": 2019, ""quarter"": 4, ""value"": 0.0}, {""period"": ""Q1 2021"", ""year"": 2021, ""quarter"": 1, ""value"": 0.0}, {""period"": ""Q2 2021"", ""year"": 2021, ""quarter"": 2, ""value"": 0.0}, {""period"": ""Q3 2021"", ""year"": 2021, ""quarter"": 3, ""value"": 0.0}, {""period"": ""Q4 2021"", ""year"": 2021, ""quarter"": 4, ""value"": 0.0}, {""period"": ""Q1 2022"", ""year"": 2022, ""quarter"": 1, ""value"": 0.0}, {""period"": ""Q2 2022"", ""year"": 2022, ""quarter"": 2, ""value"": 0.0}, {""period"": ""Q3 2022"", ""year"": 2022, ""quarter"": 3, ""value"": null}, {""period"": ""Q4 2022"", ""year"": 2022, ""quarter"": 4, ""value"": null}, {""period"": ""Q1 2023"", ""year"": 2023, ""quarter"": 1, ""value"": 0.0}, {""period"": ""Q2 2023"", ""year"": 2023, ""quarter"": 2, ""value"": 0.0}, {""period"": ""Q3 2023"", ""year"": 2023, ""quarter"": 3, ""value"": 0.0}, {""period"": ""Q4 2023"", ""year"": 2023, ""quarter"": 4, ""value"": 0.0}, {""period"": ""Q1 2024"", ""year"": 2024, ""quarter"": 1, ""value"": 0.0}, {""period"": ""Q2 2024"", ""year"": 2024, ""quarter"": 2, ""value"": 0.0}, {""period"": ""Q3 2024"", ""year"": 2024, ""quarter"": 3, ""value"": 0.0}, {""period"": ""Q4 2024"", ""year"": 2024, ""quarter"": 4, ""value"": 0.0}, {""period"": ""Q1 2025"", ""year"": 2025, ""quarter"": 1, ""value"": 0.0}, {""period"": ""Q2 2025"", ""year"": 2025, ""quarter"": 2, ""value"": 0.0}, {""period"": ""Q3 2025"", ""year"": 2025, ""quarter"": 3, ""value"": 0.0}, {""period"": ""Q4 2025"", ""year"": 2025, ""quarter"": 4, ""value"": 0.0}, {""period"": ""Q1 2026"", ""year"": 2026, ""quarter"": 1, ""value"": 0.0}, {""period"": ""Q2 2026"", ""year"": 2026, ""quarter"": 2, ""value"": 0.0}]"
ACG,4,CashFlow_Indirect,Quarter,310,10. Chi tiêu quỹ phúc lợi xã hội,3,True,2,,"[{""period"": ""Q1 2019"", ""year"": 2019, ""quarter"": 1, ""value"": 0.0}, {""period"": ""Q2 2019"", ""year"": 2019, ""quarter"": 2, ""value"": 0.0}, {""period"": ""Q3 2019"", ""year"": 2019, ""quarter"": 3, ""value"": 0.0}, {""period"": ""Q4 2019"", ""year"": 2019, ""quarter"": 4, ""value"": 0.0}, {""period"": ""Q1 2021"", ""year"": 2021, ""quarter"": 1, ""value"": 0.0}, {""period"": ""Q2 2021"", ""year"": 2021, ""quarter"": 2, ""value"": 0.0}, {""period"": ""Q3 2021"", ""year"": 2021, ""quarter"": 3, ""value"": 0.0}, {""period"": ""Q4 2021"", ""year"": 2021, ""quarter"": 4, ""value"": 0.0}, {""period"": ""Q1 2022"", ""year"": 2022, ""quarter"": 1, ""value"": 0.0}, {""period"": ""Q2 2022"", ""year"": 2022, ""quarter"": 2, ""value"": 0.0}, {""period"": ""Q3 2022"", ""year"": 2022, ""quarter"": 3, ""value"": null}, {""period"": ""Q4 2022"", ""year"": 2022, ""quarter"": 4, ""value"": null}, {""period"": ""Q1 2023"", ""year"": 2023, ""quarter"": 1, ""value"": 0.0}, {""period"": ""Q2 2023"", ""year"": 2023, ""quarter"": 2, ""value"": 0.0}, {""period"": ""Q3 2023"", ""year"": 2023, ""quarter"": 3, ""value"": 0.0}, {""period"": ""Q4 2023"", ""year"": 2023, ""quarter"": 4, ""value"": 0.0}, {""period"": ""Q1 2024"", ""year"": 2024, ""quarter"": 1, ""value"": 0.0}, {""period"": ""Q2 2024"", ""year"": 2024, ""quarter"": 2, ""value"": 0.0}, {""period"": ""Q3 2024"", ""year"": 2024, ""quarter"": 3, ""value"": 0.0}, {""period"": ""Q4 2024"", ""year"": 2024, ""quarter"": 4, ""value"": 0.0}, {""period"": ""Q1 2025"", ""year"": 2025, ""quarter"": 1, ""value"": 0.0}, {""period"": ""Q2 2025"", ""year"": 2025, ""quarter"": 2, ""value"": 0.0}, {""period"": ""Q3 2025"", ""year"": 2025, ""quarter"": 3, ""value"": 0.0}, {""period"": ""Q4 2025"", ""year"": 2025, ""quarter"": 4, ""value"": 0.0}, {""period"": ""Q1 2026"", ""year"": 2026, ""quarter"": 1, ""value"": 0.0}, {""period"": ""Q2 2026"", ""year"": 2026, ""quarter"": 2, ""value"": 0.0}]"
ACG,4,CashFlow_Indirect,Quarter,311,Lưu chuyển tiền thuần từ hoạt động tài chính,3,True,2,,"[{""period"": ""Q1 2019"", ""year"": 2019, ""quarter"": 1, ""value"": 639615805587.0}, {""period"": ""Q2 2019"", ""year"": 2019, ""quarter"": 2, ""value"": -150427017665.0}, {""period"": ""Q3 2019"", ""year"": 2019, ""quarter"": 3, ""value"": 25767752215.0}, {""period"": ""Q4 2019"", ""year"": 2019, ""quarter"": 4, ""value"": -258293347897.0}, {""period"": ""Q1 2021"", ""year"": 2021, ""quarter"": 1, ""value"": 246127399227.0}, {""period"": ""Q2 2021"", ""year"": 2021, ""quarter"": 2, ""value"": -57413619901.0}, {""period"": ""Q3 2021"", ""year"": 2021, ""quarter"": 3, ""value"": 8491548396.0}, {""period"": ""Q4 2021"", ""year"": 2021, ""quarter"": 4, ""value"": -13780614542.0}, {""period"": ""Q1 2022"", ""year"": 2022, ""quarter"": 1, ""value"": 192562883871.0}, {""period"": ""Q2 2022"", ""year"": 2022, ""quarter"": 2, ""value"": -294440549775.0}, {""period"": ""Q3 2022"", ""year"": 2022, ""quarter"": 3, ""value"": -63533495952.0}, {""period"": ""Q4 2022"", ""year"": 2022, ""quarter"": 4, ""value"": -11282370393.0}, {""period"": ""Q1 2023"", ""year"": 2023, ""quarter"": 1, ""value"": -15473329087.0}, {""period"": ""Q2 2023"", ""year"": 2023, ""quarter"": 2, ""value"": -166445529930.0}, {""period"": ""Q3 2023"", ""year"": 2023, ""quarter"": 3, ""value"": -294928556761.0}, {""period"": ""Q4 2023"", ""year"": 2023, ""quarter"": 4, ""value"": 274042441672.0}, {""period"": ""Q1 2024"", ""year"": 2024, ""quarter"": 1, ""value"": 246594997607.0}, {""period"": ""Q2 2024"", ""year"": 2024, ""quarter"": 2, ""value"": -185112073738.0}, {""period"": ""Q3 2024"", ""year"": 2024, ""quarter"": 3, ""value"": -242438493843.0}, {""period"": ""Q4 2024"", ""year"": 2024, ""quarter"": 4, ""value"": -38728580806.0}, {""period"": ""Q1 2025"", ""year"": 2025, ""quarter"": 1, ""value"": 153908403945.0}, {""period"": ""Q2 2025"", ""year"": 2025, ""quarter"": 2, ""value"": -265661870834.0}, {""period"": ""Q3 2025"", ""year"": 2025, ""quarter"": 3, ""value"": -25782586537.0}, {""period"": ""Q4 2025"", ""year"": 2025, ""quarter"": 4, ""value"": 446527767730.0}, {""period"": ""Q1 2026"", ""year"": 2026, ""quarter"": 1, ""value"": 79129801221.0}, {""period"": ""Q2 2026"", ""year"": 2026, ""quarter"": 2, ""value"": 842005700558.0}]"
ACG,4,CashFlow_Indirect,Quarter,4,Lưu chuyển tiền thuần trong kỳ,-1,True,1,,"[{""period"": ""Q1 2019"", ""year"": 2019, ""quarter"": 1, ""value"": 36120111135.0}, {""period"": ""Q2 2019"", ""year"": 2019, ""quarter"": 2, ""value"": -44943838721.0}, {""period"": ""Q3 2019"", ""year"": 2019, ""quarter"": 3, ""value"": -4393158149.0}, {""period"": ""Q4 2019"", ""year"": 2019, ""quarter"": 4, ""value"": 45381882367.0}, {""period"": ""Q1 2021"", ""year"": 2021, ""quarter"": 1, ""value"": -26232257706.0}, {""period"": ""Q2 2021"", ""year"": 2021, ""quarter"": 2, ""value"": 12973397659.0}, {""period"": ""Q3 2021"", ""year"": 2021, ""quarter"": 3, ""value"": -22927165479.0}, {""period"": ""Q4 2021"", ""year"": 2021, ""quarter"": 4, ""value"": 82212047376.0}, {""period"": ""Q1 2022"", ""year"": 2022, ""quarter"": 1, ""value"": -43959476812.0}, {""period"": ""Q2 2022"", ""year"": 2022, ""quarter"": 2, ""value"": 17749810569.0}, {""period"": ""Q3 2022"", ""year"": 2022, ""quarter"": 3, ""value"": 265435953650.0}, {""period"": ""Q4 2022"", ""year"": 2022, ""quarter"": 4, ""value"": 49557324458.0}, {""period"": ""Q1 2023"", ""year"": 2023, ""quarter"": 1, ""value"": -355706310147.0}, {""period"": ""Q2 2023"", ""year"": 2023, ""quarter"": 2, ""value"": 28838164942.0}, {""period"": ""Q3 2023"", ""year"": 2023, ""quarter"": 3, ""value"": 32023220511.0}, {""period"": ""Q4 2023"", ""year"": 2023, ""quarter"": 4, ""value"": -26178273402.0}, {""period"": ""Q1 2024"", ""year"": 2024, ""quarter"": 1, ""value"": -35647478398.0}, {""period"": ""Q2 2024"", ""year"": 2024, ""quarter"": 2, ""value"": 110701965749.0}, {""period"": ""Q3 2024"", ""year"": 2024, ""quarter"": 3, ""value"": -68427020673.0}, {""period"": ""Q4 2024"", ""year"": 2024, ""quarter"": 4, ""value"": 81796162473.0}, {""period"": ""Q1 2025"", ""year"": 2025, ""quarter"": 1, ""value"": 4237725047.0}, {""period"": ""Q2 2025"", ""year"": 2025, ""quarter"": 2, ""value"": -129050096877.0}, {""period"": ""Q3 2025"", ""year"": 2025, ""quarter"": 3, ""value"": 8391535047.0}, {""period"": ""Q4 2025"", ""year"": 2025, ""quarter"": 4, ""value"": 348798242209.0}, {""period"": ""Q1 2026"", ""year"": 2026, ""quarter"": 1, ""value"": -168017915075.0}, {""period"": ""Q2 2026"", ""year"": 2026, ""quarter"": 2, ""value"": 321368196443.0}]"
ACG,4,CashFlow_Indirect,Quarter,5,Tiền và tương đương tiền đầu kỳ,-1,True,1,,"[{""period"": ""Q1 2019"", ""year"": 2019, ""quarter"": 1, ""value"": 32331088573.0}, {""period"": ""Q2 2019"", ""year"": 2019, ""quarter"": 2, ""value"": 68450657921.0}, {""period"": ""Q3 2019"", ""year"": 2019, ""quarter"": 3, ""value"": 23502049586.0}, {""period"": ""Q4 2019"", ""year"": 2019, ""quarter"": 4, ""value"": 19096450398.0}, {""period"": ""Q1 2021"", ""year"": 2021, ""quarter"": 1, ""value"": 53239217833.0}, {""period"": ""Q2 2021"", ""year"": 2021, ""quarter"": 2, ""value"": 26962010285.0}, {""period"": ""Q3 2021"", ""year"": 2021, ""quarter"": 3, ""value"": 39909087407.0}, {""period"": ""Q4 2021"", ""year"": 2021, ""quarter"": 4, ""value"": 16975410813.0}, {""period"": ""Q1 2022"", ""year"": 2022, ""quarter"": 1, ""value"": 99169609256.0}, {""period"": ""Q2 2022"", ""year"": 2022, ""quarter"": 2, ""value"": 55184648457.0}, {""period"": ""Q3 2022"", ""year"": 2022, ""quarter"": 3, ""value"": 72901727741.0}, {""period"": ""Q4 2022"", ""year"": 2022, ""quarter"": 4, ""value"": 338346736780.0}, {""period"": ""Q1 2023"", ""year"": 2023, ""quarter"": 1, ""value"": 387855741942.0}, {""period"": ""Q2 2023"", ""year"": 2023, ""quarter"": 2, ""value"": 32132953866.0}, {""period"": ""Q3 2023"", ""year"": 2023, ""quarter"": 3, ""value"": 60971349491.0}, {""period"": ""Q4 2023"", ""year"": 2023, ""quarter"": 4, ""value"": 92864531696.0}, {""period"": ""Q1 2024"", ""year"": 2024, ""quarter"": 1, ""value"": 66882261518.0}, {""period"": ""Q2 2024"", ""year"": 2024, ""quarter"": 2, ""value"": 31237816308.0}, {""period"": ""Q3 2024"", ""year"": 2024, ""quarter"": 3, ""value"": 141916067972.0}, {""period"": ""Q4 2024"", ""year"": 2024, ""quarter"": 4, ""value"": 73698604920.0}, {""period"": ""Q1 2025"", ""year"": 2025, ""quarter"": 1, ""value"": 155329618175.0}, {""period"": ""Q2 2025"", ""year"": 2025, ""quarter"": 2, ""value"": 159522919222.0}, {""period"": ""Q3 2025"", ""year"": 2025, ""quarter"": 3, ""value"": 30527975174.0}, {""period"": ""Q4 2025"", ""year"": 2025, ""quarter"": 4, ""value"": 38916897520.0}, {""period"": ""Q1 2026"", ""year"": 2026, ""quarter"": 1, ""value"": 387706924742.0}, {""period"": ""Q2 2026"", ""year"": 2026, ""quarter"": 2, ""value"": 219625678228.0}]"
ACG,4,CashFlow_Indirect,Quarter,6,Ảnh hưởng của thay đổi tỷ giá hối đoái quy đổi ngoại tệ,-1,True,1,,"[{""period"": ""Q1 2019"", ""year"": 2019, ""quarter"": 1, ""value"": -541787.0}, {""period"": ""Q2 2019"", ""year"": 2019, ""quarter"": 2, ""value"": -4769614.0}, {""period"": ""Q3 2019"", ""year"": 2019, ""quarter"": 3, ""value"": -12441039.0}, {""period"": ""Q4 2019"", ""year"": 2019, ""quarter"": 4, ""value"": -16671763.0}, {""period"": ""Q1 2021"", ""year"": 2021, ""quarter"": 1, ""value"": -44949842.0}, {""period"": ""Q2 2021"", ""year"": 2021, ""quarter"": 2, ""value"": -26320537.0}, {""period"": ""Q3 2021"", ""year"": 2021, ""quarter"": 3, ""value"": -6511115.0}, {""period"": ""Q4 2021"", ""year"": 2021, ""quarter"": 4, ""value"": -17848933.0}, {""period"": ""Q1 2022"", ""year"": 2022, ""quarter"": 1, ""value"": -25483987.0}, {""period"": ""Q2 2022"", ""year"": 2022, ""quarter"": 2, ""value"": -32731285.0}, {""period"": ""Q3 2022"", ""year"": 2022, ""quarter"": 3, ""value"": 9055389.0}, {""period"": ""Q4 2022"", ""year"": 2022, ""quarter"": 4, ""value"": -48319296.0}, {""period"": ""Q1 2023"", ""year"": 2023, ""quarter"": 1, ""value"": -16477929.0}, {""period"": ""Q2 2023"", ""year"": 2023, ""quarter"": 2, ""value"": 230683.0}, {""period"": ""Q3 2023"", ""year"": 2023, ""quarter"": 3, ""value"": -130038306.0}, {""period"": ""Q4 2023"", ""year"": 2023, ""quarter"": 4, ""value"": 196003224.0}, {""period"": ""Q1 2024"", ""year"": 2024, ""quarter"": 1, ""value"": 3033188.0}, {""period"": ""Q2 2024"", ""year"": 2024, ""quarter"": 2, ""value"": -23714085.0}, {""period"": ""Q3 2024"", ""year"": 2024, ""quarter"": 3, ""value"": 209557621.0}, {""period"": ""Q4 2024"", ""year"": 2024, ""quarter"": 4, ""value"": -165149218.0}, {""period"": ""Q1 2025"", ""year"": 2025, ""quarter"": 1, ""value"": -44424000.0}, {""period"": ""Q2 2025"", ""year"": 2025, ""quarter"": 2, ""value"": 55152829.0}, {""period"": ""Q3 2025"", ""year"": 2025, ""quarter"": 3, ""value"": -2612701.0}, {""period"": ""Q4 2025"", ""year"": 2025, ""quarter"": 4, ""value"": -8214987.0}, {""period"": ""Q1 2026"", ""year"": 2026, ""quarter"": 1, ""value"": -63331439.0}, {""period"": ""Q2 2026"", ""year"": 2026, ""quarter"": 2, ""value"": 139949025.0}]"
ACG,4,CashFlow_Indirect,Quarter,7,Tiền và tương đương tiền cuối kỳ,-1,True,1,,"[{""period"": ""Q1 2019"", ""year"": 2019, ""quarter"": 1, ""value"": 68450657921.0}, {""period"": ""Q2 2019"", ""year"": 2019, ""quarter"": 2, ""value"": 23502049586.0}, {""period"": ""Q3 2019"", ""year"": 2019, ""quarter"": 3, ""value"": 19096450398.0}, {""period"": ""Q4 2019"", ""year"": 2019, ""quarter"": 4, ""value"": 64461661002.0}, {""period"": ""Q1 2021"", ""year"": 2021, ""quarter"": 1, ""value"": 26962010285.0}, {""period"": ""Q2 2021"", ""year"": 2021, ""quarter"": 2, ""value"": 39909087407.0}, {""period"": ""Q3 2021"", ""year"": 2021, ""quarter"": 3, ""value"": 16975410813.0}, {""period"": ""Q4 2021"", ""year"": 2021, ""quarter"": 4, ""value"": 99169609256.0}, {""period"": ""Q1 2022"", ""year"": 2022, ""quarter"": 1, ""value"": 55184648457.0}, {""period"": ""Q2 2022"", ""year"": 2022, ""quarter"": 2, ""value"": 72901727741.0}, {""period"": ""Q3 2022"", ""year"": 2022, ""quarter"": 3, ""value"": 338346736780.0}, {""period"": ""Q4 2022"", ""year"": 2022, ""quarter"": 4, ""value"": 387855741942.0}, {""period"": ""Q1 2023"", ""year"": 2023, ""quarter"": 1, ""value"": 32132953866.0}, {""period"": ""Q2 2023"", ""year"": 2023, ""quarter"": 2, ""value"": 60971349491.0}, {""period"": ""Q3 2023"", ""year"": 2023, ""quarter"": 3, ""value"": 92864531696.0}, {""period"": ""Q4 2023"", ""year"": 2023, ""quarter"": 4, ""value"": 66882261518.0}, {""period"": ""Q1 2024"", ""year"": 2024, ""quarter"": 1, ""value"": 31237816308.0}, {""period"": ""Q2 2024"", ""year"": 2024, ""quarter"": 2, ""value"": 141916067972.0}, {""period"": ""Q3 2024"", ""year"": 2024, ""quarter"": 3, ""value"": 73698604920.0}, {""period"": ""Q4 2024"", ""year"": 2024, ""quarter"": 4, ""value"": 155329618175.0}, {""period"": ""Q1 2025"", ""year"": 2025, ""quarter"": 1, ""value"": 159522919222.0}, {""period"": ""Q2 2025"", ""year"": 2025, ""quarter"": 2, ""value"": 30527975174.0}, {""period"": ""Q3 2025"", ""year"": 2025, ""quarter"": 3, ""value"": 38916897520.0}, {""period"": ""Q4 2025"", ""year"": 2025, ""quarter"": 4, ""value"": 387706924742.0}, {""period"": ""Q1 2026"", ""year"": 2026, ""quarter"": 1, ""value"": 219625678228.0}, {""period"": ""Q2 2026"", ""year"": 2026, ""quarter"": 2, ""value"": 241133823696.0}]"
