symbol,report_type_id,report_type_name,period_mode,id,name,parentID,expanded,level,field,values_json
VPG,1,BalanceSheet,Quarter,1,TÀI SẢN,-1,True,1,,"[{""period"": ""Q4 2015"", ""year"": 2015, ""quarter"": 4, ""value"": null}, {""period"": ""Q4 2016"", ""year"": 2016, ""quarter"": 4, ""value"": null}, {""period"": ""Q2 2017"", ""year"": 2017, ""quarter"": 2, ""value"": null}, {""period"": ""Q3 2017"", ""year"": 2017, ""quarter"": 3, ""value"": null}, {""period"": ""Q4 2017"", ""year"": 2017, ""quarter"": 4, ""value"": null}, {""period"": ""Q1 2018"", ""year"": 2018, ""quarter"": 1, ""value"": null}, {""period"": ""Q2 2018"", ""year"": 2018, ""quarter"": 2, ""value"": null}, {""period"": ""Q3 2018"", ""year"": 2018, ""quarter"": 3, ""value"": null}, {""period"": ""Q4 2018"", ""year"": 2018, ""quarter"": 4, ""value"": null}, {""period"": ""Q1 2019"", ""year"": 2019, ""quarter"": 1, ""value"": null}, {""period"": ""Q2 2019"", ""year"": 2019, ""quarter"": 2, ""value"": null}, {""period"": ""Q3 2019"", ""year"": 2019, ""quarter"": 3, ""value"": null}, {""period"": ""Q4 2019"", ""year"": 2019, ""quarter"": 4, ""value"": null}, {""period"": ""Q1 2020"", ""year"": 2020, ""quarter"": 1, ""value"": null}, {""period"": ""Q2 2020"", ""year"": 2020, ""quarter"": 2, ""value"": null}, {""period"": ""Q3 2020"", ""year"": 2020, ""quarter"": 3, ""value"": null}, {""period"": ""Q4 2020"", ""year"": 2020, ""quarter"": 4, ""value"": null}, {""period"": ""Q1 2021"", ""year"": 2021, ""quarter"": 1, ""value"": null}, {""period"": ""Q2 2021"", ""year"": 2021, ""quarter"": 2, ""value"": null}, {""period"": ""Q3 2021"", ""year"": 2021, ""quarter"": 3, ""value"": null}, {""period"": ""Q4 2021"", ""year"": 2021, ""quarter"": 4, ""value"": null}, {""period"": ""Q1 2022"", ""year"": 2022, ""quarter"": 1, ""value"": null}, {""period"": ""Q2 2022"", ""year"": 2022, ""quarter"": 2, ""value"": null}, {""period"": ""Q3 2022"", ""year"": 2022, ""quarter"": 3, ""value"": null}, {""period"": ""Q4 2022"", ""year"": 2022, ""quarter"": 4, ""value"": null}, {""period"": ""Q1 2023"", ""year"": 2023, ""quarter"": 1, ""value"": null}, {""period"": ""Q2 2023"", ""year"": 2023, ""quarter"": 2, ""value"": null}, {""period"": ""Q3 2023"", ""year"": 2023, ""quarter"": 3, ""value"": null}, {""period"": ""Q4 2023"", ""year"": 2023, ""quarter"": 4, ""value"": null}, {""period"": ""Q1 2024"", ""year"": 2024, ""quarter"": 1, ""value"": null}, {""period"": ""Q2 2024"", ""year"": 2024, ""quarter"": 2, ""value"": null}, {""period"": ""Q3 2024"", ""year"": 2024, ""quarter"": 3, ""value"": null}, {""period"": ""Q4 2024"", ""year"": 2024, ""quarter"": 4, ""value"": null}, {""period"": ""Q1 2025"", ""year"": 2025, ""quarter"": 1, ""value"": null}, {""period"": ""Q2 2025"", ""year"": 2025, ""quarter"": 2, ""value"": null}, {""period"": ""Q3 2025"", ""year"": 2025, ""quarter"": 3, ""value"": null}, {""period"": ""Q4 2025"", ""year"": 2025, ""quarter"": 4, ""value"": null}, {""period"": ""Q1 2026"", ""year"": 2026, ""quarter"": 1, ""value"": null}, {""period"": ""Q2 2026"", ""year"": 2026, ""quarter"": 2, ""value"": null}]"
VPG,1,BalanceSheet,Quarter,101,A. Tài sản lưu động và đầu tư ngắn hạn,1,True,2,,"[{""period"": ""Q4 2015"", ""year"": 2015, ""quarter"": 4, ""value"": 287475332630.0}, {""period"": ""Q4 2016"", ""year"": 2016, ""quarter"": 4, ""value"": 895986474291.0}, {""period"": ""Q2 2017"", ""year"": 2017, ""quarter"": 2, ""value"": 1197593148722.0}, {""period"": ""Q3 2017"", ""year"": 2017, ""quarter"": 3, ""value"": 1109492329833.0}, {""period"": ""Q4 2017"", ""year"": 2017, ""quarter"": 4, ""value"": 1139403548592.0}, {""period"": ""Q1 2018"", ""year"": 2018, ""quarter"": 1, ""value"": 1203092322427.0}, {""period"": ""Q2 2018"", ""year"": 2018, ""quarter"": 2, ""value"": 1514156573148.0}, {""period"": ""Q3 2018"", ""year"": 2018, ""quarter"": 3, ""value"": 2024162629079.0}, {""period"": ""Q4 2018"", ""year"": 2018, ""quarter"": 4, ""value"": 1991556862578.0}, {""period"": ""Q1 2019"", ""year"": 2019, ""quarter"": 1, ""value"": 1741726341666.0}, {""period"": ""Q2 2019"", ""year"": 2019, ""quarter"": 2, ""value"": 1270431166458.0}, {""period"": ""Q3 2019"", ""year"": 2019, ""quarter"": 3, ""value"": 1098242388959.0}, {""period"": ""Q4 2019"", ""year"": 2019, ""quarter"": 4, ""value"": 1459545914651.0}, {""period"": ""Q1 2020"", ""year"": 2020, ""quarter"": 1, ""value"": 1900333718828.0}, {""period"": ""Q2 2020"", ""year"": 2020, ""quarter"": 2, ""value"": 1701076217140.0}, {""period"": ""Q3 2020"", ""year"": 2020, ""quarter"": 3, ""value"": 1731802137748.0}, {""period"": ""Q4 2020"", ""year"": 2020, ""quarter"": 4, ""value"": 1360232692864.0}, {""period"": ""Q1 2021"", ""year"": 2021, ""quarter"": 1, ""value"": 1913665901806.0}, {""period"": ""Q2 2021"", ""year"": 2021, ""quarter"": 2, ""value"": 1870219149106.0}, {""period"": ""Q3 2021"", ""year"": 2021, ""quarter"": 3, ""value"": 2029633048747.0}, {""period"": ""Q4 2021"", ""year"": 2021, ""quarter"": 4, ""value"": 2153355039720.0}, {""period"": ""Q1 2022"", ""year"": 2022, ""quarter"": 1, ""value"": 2640672546033.0}, {""period"": ""Q2 2022"", ""year"": 2022, ""quarter"": 2, ""value"": 3263891129528.0}, {""period"": ""Q3 2022"", ""year"": 2022, ""quarter"": 3, ""value"": 3510084545156.0}, {""period"": ""Q4 2022"", ""year"": 2022, ""quarter"": 4, ""value"": 5003310187383.0}, {""period"": ""Q1 2023"", ""year"": 2023, ""quarter"": 1, ""value"": 4611614613565.0}, {""period"": ""Q2 2023"", ""year"": 2023, ""quarter"": 2, ""value"": 3864948870594.0}, {""period"": ""Q3 2023"", ""year"": 2023, ""quarter"": 3, ""value"": 4831020018513.0}, {""period"": ""Q4 2023"", ""year"": 2023, ""quarter"": 4, ""value"": 6461181812393.0}, {""period"": ""Q1 2024"", ""year"": 2024, ""quarter"": 1, ""value"": 5999575901213.0}, {""period"": ""Q2 2024"", ""year"": 2024, ""quarter"": 2, ""value"": 6648429975865.0}, {""period"": ""Q3 2024"", ""year"": 2024, ""quarter"": 3, ""value"": 6032359354062.0}, {""period"": ""Q4 2024"", ""year"": 2024, ""quarter"": 4, ""value"": 7825951941458.0}, {""period"": ""Q1 2025"", ""year"": 2025, ""quarter"": 1, ""value"": 6872601096414.0}, {""period"": ""Q2 2025"", ""year"": 2025, ""quarter"": 2, ""value"": 6901879574409.0}, {""period"": ""Q3 2025"", ""year"": 2025, ""quarter"": 3, ""value"": 3874788600894.0}, {""period"": ""Q4 2025"", ""year"": 2025, ""quarter"": 4, ""value"": 3254483467829.0}, {""period"": ""Q1 2026"", ""year"": 2026, ""quarter"": 1, ""value"": 2280221774147.0}, {""period"": ""Q2 2026"", ""year"": 2026, ""quarter"": 2, ""value"": 2277682983607.0}]"
VPG,1,BalanceSheet,Quarter,10101,I. Tiền và các khoản tương đương tiền,101,False,3,,"[{""period"": ""Q4 2015"", ""year"": 2015, ""quarter"": 4, ""value"": 19458548609.0}, {""period"": ""Q4 2016"", ""year"": 2016, ""quarter"": 4, ""value"": 84203409963.0}, {""period"": ""Q2 2017"", ""year"": 2017, ""quarter"": 2, ""value"": 27664019427.0}, {""period"": ""Q3 2017"", ""year"": 2017, ""quarter"": 3, ""value"": 44800749242.0}, {""period"": ""Q4 2017"", ""year"": 2017, ""quarter"": 4, ""value"": 124892416080.0}, {""period"": ""Q1 2018"", ""year"": 2018, ""quarter"": 1, ""value"": 136930695151.0}, {""period"": ""Q2 2018"", ""year"": 2018, ""quarter"": 2, ""value"": 268158361173.0}, {""period"": ""Q3 2018"", ""year"": 2018, ""quarter"": 3, ""value"": 153646084251.0}, {""period"": ""Q4 2018"", ""year"": 2018, ""quarter"": 4, ""value"": 205995589235.0}, {""period"": ""Q1 2019"", ""year"": 2019, ""quarter"": 1, ""value"": 193805876259.0}, {""period"": ""Q2 2019"", ""year"": 2019, ""quarter"": 2, ""value"": 219879360012.0}, {""period"": ""Q3 2019"", ""year"": 2019, ""quarter"": 3, ""value"": 130586696131.0}, {""period"": ""Q4 2019"", ""year"": 2019, ""quarter"": 4, ""value"": 179330857160.0}, {""period"": ""Q1 2020"", ""year"": 2020, ""quarter"": 1, ""value"": 221539901643.0}, {""period"": ""Q2 2020"", ""year"": 2020, ""quarter"": 2, ""value"": 204819981346.0}, {""period"": ""Q3 2020"", ""year"": 2020, ""quarter"": 3, ""value"": 116490739753.0}, {""period"": ""Q4 2020"", ""year"": 2020, ""quarter"": 4, ""value"": 246449572871.0}, {""period"": ""Q1 2021"", ""year"": 2021, ""quarter"": 1, ""value"": 521472794757.0}, {""period"": ""Q2 2021"", ""year"": 2021, ""quarter"": 2, ""value"": 931104666674.0}, {""period"": ""Q3 2021"", ""year"": 2021, ""quarter"": 3, ""value"": 902043138276.0}, {""period"": ""Q4 2021"", ""year"": 2021, ""quarter"": 4, ""value"": 748373927712.0}, {""period"": ""Q1 2022"", ""year"": 2022, ""quarter"": 1, ""value"": 773927530051.0}, {""period"": ""Q2 2022"", ""year"": 2022, ""quarter"": 2, ""value"": 1393341631355.0}, {""period"": ""Q3 2022"", ""year"": 2022, ""quarter"": 3, ""value"": 1300115577922.0}, {""period"": ""Q4 2022"", ""year"": 2022, ""quarter"": 4, ""value"": 1529298838140.0}, {""period"": ""Q1 2023"", ""year"": 2023, ""quarter"": 1, ""value"": 1305996379770.0}, {""period"": ""Q2 2023"", ""year"": 2023, ""quarter"": 2, ""value"": 554635902350.0}, {""period"": ""Q3 2023"", ""year"": 2023, ""quarter"": 3, ""value"": 1339032572477.0}, {""period"": ""Q4 2023"", ""year"": 2023, ""quarter"": 4, ""value"": 1532123314213.0}, {""period"": ""Q1 2024"", ""year"": 2024, ""quarter"": 1, ""value"": 647978775821.0}, {""period"": ""Q2 2024"", ""year"": 2024, ""quarter"": 2, ""value"": 526247425160.0}, {""period"": ""Q3 2024"", ""year"": 2024, ""quarter"": 3, ""value"": 787810116764.0}, {""period"": ""Q4 2024"", ""year"": 2024, ""quarter"": 4, ""value"": 1628109095706.0}, {""period"": ""Q1 2025"", ""year"": 2025, ""quarter"": 1, ""value"": 927400800947.0}, {""period"": ""Q2 2025"", ""year"": 2025, ""quarter"": 2, ""value"": 308753228950.0}, {""period"": ""Q3 2025"", ""year"": 2025, ""quarter"": 3, ""value"": 359504952627.0}, {""period"": ""Q4 2025"", ""year"": 2025, ""quarter"": 4, ""value"": 123676267454.0}, {""period"": ""Q1 2026"", ""year"": 2026, ""quarter"": 1, ""value"": 14702723467.0}, {""period"": ""Q2 2026"", ""year"": 2026, ""quarter"": 2, ""value"": 12590577962.0}]"
VPG,1,BalanceSheet,Quarter,1010101,1. Tiền,10101,False,4,,"[{""period"": ""Q4 2015"", ""year"": 2015, ""quarter"": 4, ""value"": 19458548609.0}, {""period"": ""Q4 2016"", ""year"": 2016, ""quarter"": 4, ""value"": 29903409963.0}, {""period"": ""Q2 2017"", ""year"": 2017, ""quarter"": 2, ""value"": 27664019427.0}, {""period"": ""Q3 2017"", ""year"": 2017, ""quarter"": 3, ""value"": 44800749242.0}, {""period"": ""Q4 2017"", ""year"": 2017, ""quarter"": 4, ""value"": 49202416080.0}, {""period"": ""Q1 2018"", ""year"": 2018, ""quarter"": 1, ""value"": 37230032721.0}, {""period"": ""Q2 2018"", ""year"": 2018, ""quarter"": 2, ""value"": 86810690509.0}, {""period"": ""Q3 2018"", ""year"": 2018, ""quarter"": 3, ""value"": 21235957367.0}, {""period"": ""Q4 2018"", ""year"": 2018, ""quarter"": 4, ""value"": 825633755.0}, {""period"": ""Q1 2019"", ""year"": 2019, ""quarter"": 1, ""value"": 25797478341.0}, {""period"": ""Q2 2019"", ""year"": 2019, ""quarter"": 2, ""value"": 21370083022.0}, {""period"": ""Q3 2019"", ""year"": 2019, ""quarter"": 3, ""value"": 13976295747.0}, {""period"": ""Q4 2019"", ""year"": 2019, ""quarter"": 4, ""value"": 736063851.0}, {""period"": ""Q1 2020"", ""year"": 2020, ""quarter"": 1, ""value"": 44978670894.0}, {""period"": ""Q2 2020"", ""year"": 2020, ""quarter"": 2, ""value"": 59360184895.0}, {""period"": ""Q3 2020"", ""year"": 2020, ""quarter"": 3, ""value"": 35430943302.0}, {""period"": ""Q4 2020"", ""year"": 2020, ""quarter"": 4, ""value"": 13965163256.0}, {""period"": ""Q1 2021"", ""year"": 2021, ""quarter"": 1, ""value"": 77251828894.0}, {""period"": ""Q2 2021"", ""year"": 2021, ""quarter"": 2, ""value"": 15119440269.0}, {""period"": ""Q3 2021"", ""year"": 2021, ""quarter"": 3, ""value"": 49865814638.0}, {""period"": ""Q4 2021"", ""year"": 2021, ""quarter"": 4, ""value"": 19828805212.0}, {""period"": ""Q1 2022"", ""year"": 2022, ""quarter"": 1, ""value"": 292605561490.0}, {""period"": ""Q2 2022"", ""year"": 2022, ""quarter"": 2, ""value"": 37031522868.0}, {""period"": ""Q3 2022"", ""year"": 2022, ""quarter"": 3, ""value"": 454290762559.0}, {""period"": ""Q4 2022"", ""year"": 2022, ""quarter"": 4, ""value"": 312274096750.0}, {""period"": ""Q1 2023"", ""year"": 2023, ""quarter"": 1, ""value"": 75622710215.0}, {""period"": ""Q2 2023"", ""year"": 2023, ""quarter"": 2, ""value"": 100312614680.0}, {""period"": ""Q3 2023"", ""year"": 2023, ""quarter"": 3, ""value"": 750704817395.0}, {""period"": ""Q4 2023"", ""year"": 2023, ""quarter"": 4, ""value"": 528869365954.0}, {""period"": ""Q1 2024"", ""year"": 2024, ""quarter"": 1, ""value"": 104447244571.0}, {""period"": ""Q2 2024"", ""year"": 2024, ""quarter"": 2, ""value"": 115215893910.0}, {""period"": ""Q3 2024"", ""year"": 2024, ""quarter"": 3, ""value"": 593673089506.0}, {""period"": ""Q4 2024"", ""year"": 2024, ""quarter"": 4, ""value"": 1470024573912.0}, {""period"": ""Q1 2025"", ""year"": 2025, ""quarter"": 1, ""value"": 863954363888.0}, {""period"": ""Q2 2025"", ""year"": 2025, ""quarter"": 2, ""value"": 303131308015.0}, {""period"": ""Q3 2025"", ""year"": 2025, ""quarter"": 3, ""value"": 350504952627.0}, {""period"": ""Q4 2025"", ""year"": 2025, ""quarter"": 4, ""value"": 29049740560.0}, {""period"": ""Q1 2026"", ""year"": 2026, ""quarter"": 1, ""value"": 13702723467.0}, {""period"": ""Q2 2026"", ""year"": 2026, ""quarter"": 2, ""value"": 11590577962.0}]"
VPG,1,BalanceSheet,Quarter,1010102,2. Các khoản tương đương tiền,10101,False,4,,"[{""period"": ""Q4 2015"", ""year"": 2015, ""quarter"": 4, ""value"": 0.0}, {""period"": ""Q4 2016"", ""year"": 2016, ""quarter"": 4, ""value"": 54300000000.0}, {""period"": ""Q2 2017"", ""year"": 2017, ""quarter"": 2, ""value"": 0.0}, {""period"": ""Q3 2017"", ""year"": 2017, ""quarter"": 3, ""value"": 0.0}, {""period"": ""Q4 2017"", ""year"": 2017, ""quarter"": 4, ""value"": 75690000000.0}, {""period"": ""Q1 2018"", ""year"": 2018, ""quarter"": 1, ""value"": 99700662430.0}, {""period"": ""Q2 2018"", ""year"": 2018, ""quarter"": 2, ""value"": 181347670664.0}, {""period"": ""Q3 2018"", ""year"": 2018, ""quarter"": 3, ""value"": 132410126884.0}, {""period"": ""Q4 2018"", ""year"": 2018, ""quarter"": 4, ""value"": 205169955480.0}, {""period"": ""Q1 2019"", ""year"": 2019, ""quarter"": 1, ""value"": 168008397918.0}, {""period"": ""Q2 2019"", ""year"": 2019, ""quarter"": 2, ""value"": 198509276990.0}, {""period"": ""Q3 2019"", ""year"": 2019, ""quarter"": 3, ""value"": 116610400384.0}, {""period"": ""Q4 2019"", ""year"": 2019, ""quarter"": 4, ""value"": 178594793309.0}, {""period"": ""Q1 2020"", ""year"": 2020, ""quarter"": 1, ""value"": 176561230749.0}, {""period"": ""Q2 2020"", ""year"": 2020, ""quarter"": 2, ""value"": 145459796451.0}, {""period"": ""Q3 2020"", ""year"": 2020, ""quarter"": 3, ""value"": 81059796451.0}, {""period"": ""Q4 2020"", ""year"": 2020, ""quarter"": 4, ""value"": 232484409615.0}, {""period"": ""Q1 2021"", ""year"": 2021, ""quarter"": 1, ""value"": 444220965863.0}, {""period"": ""Q2 2021"", ""year"": 2021, ""quarter"": 2, ""value"": 915985226405.0}, {""period"": ""Q3 2021"", ""year"": 2021, ""quarter"": 3, ""value"": 852177323638.0}, {""period"": ""Q4 2021"", ""year"": 2021, ""quarter"": 4, ""value"": 728545122500.0}, {""period"": ""Q1 2022"", ""year"": 2022, ""quarter"": 1, ""value"": 481321968561.0}, {""period"": ""Q2 2022"", ""year"": 2022, ""quarter"": 2, ""value"": 1356310108487.0}, {""period"": ""Q3 2022"", ""year"": 2022, ""quarter"": 3, ""value"": 845824815363.0}, {""period"": ""Q4 2022"", ""year"": 2022, ""quarter"": 4, ""value"": 1217024741390.0}, {""period"": ""Q1 2023"", ""year"": 2023, ""quarter"": 1, ""value"": 1230373669555.0}, {""period"": ""Q2 2023"", ""year"": 2023, ""quarter"": 2, ""value"": 454323287670.0}, {""period"": ""Q3 2023"", ""year"": 2023, ""quarter"": 3, ""value"": 588327755082.0}, {""period"": ""Q4 2023"", ""year"": 2023, ""quarter"": 4, ""value"": 1003253948259.0}, {""period"": ""Q1 2024"", ""year"": 2024, ""quarter"": 1, ""value"": 543531531250.0}, {""period"": ""Q2 2024"", ""year"": 2024, ""quarter"": 2, ""value"": 411031531250.0}, {""period"": ""Q3 2024"", ""year"": 2024, ""quarter"": 3, ""value"": 194137027258.0}, {""period"": ""Q4 2024"", ""year"": 2024, ""quarter"": 4, ""value"": 158084521794.0}, {""period"": ""Q1 2025"", ""year"": 2025, ""quarter"": 1, ""value"": 63446437059.0}, {""period"": ""Q2 2025"", ""year"": 2025, ""quarter"": 2, ""value"": 5621920935.0}, {""period"": ""Q3 2025"", ""year"": 2025, ""quarter"": 3, ""value"": 9000000000.0}, {""period"": ""Q4 2025"", ""year"": 2025, ""quarter"": 4, ""value"": 94626526894.0}, {""period"": ""Q1 2026"", ""year"": 2026, ""quarter"": 1, ""value"": 1000000000.0}, {""period"": ""Q2 2026"", ""year"": 2026, ""quarter"": 2, ""value"": 1000000000.0}]"
VPG,1,BalanceSheet,Quarter,10102,II. Các khoản đầu tư tài chính ngắn hạn,101,False,3,,"[{""period"": ""Q4 2015"", ""year"": 2015, ""quarter"": 4, ""value"": 0.0}, {""period"": ""Q4 2016"", ""year"": 2016, ""quarter"": 4, ""value"": 0.0}, {""period"": ""Q2 2017"", ""year"": 2017, ""quarter"": 2, ""value"": 85500000000.0}, {""period"": ""Q3 2017"", ""year"": 2017, ""quarter"": 3, ""value"": 331552651324.0}, {""period"": ""Q4 2017"", ""year"": 2017, ""quarter"": 4, ""value"": 423593430513.0}, {""period"": ""Q1 2018"", ""year"": 2018, ""quarter"": 1, ""value"": 453650000000.0}, {""period"": ""Q2 2018"", ""year"": 2018, ""quarter"": 2, ""value"": 422250000000.0}, {""period"": ""Q3 2018"", ""year"": 2018, ""quarter"": 3, ""value"": 564050000000.0}, {""period"": ""Q4 2018"", ""year"": 2018, ""quarter"": 4, ""value"": 657600000000.0}, {""period"": ""Q1 2019"", ""year"": 2019, ""quarter"": 1, ""value"": 265650000000.0}, {""period"": ""Q2 2019"", ""year"": 2019, ""quarter"": 2, ""value"": 116950000000.0}, {""period"": ""Q3 2019"", ""year"": 2019, ""quarter"": 3, ""value"": 46350000000.0}, {""period"": ""Q4 2019"", ""year"": 2019, ""quarter"": 4, ""value"": 103437750000.0}, {""period"": ""Q1 2020"", ""year"": 2020, ""quarter"": 1, ""value"": 149393865068.0}, {""period"": ""Q2 2020"", ""year"": 2020, ""quarter"": 2, ""value"": 57787750000.0}, {""period"": ""Q3 2020"", ""year"": 2020, ""quarter"": 3, ""value"": 53837750000.0}, {""period"": ""Q4 2020"", ""year"": 2020, ""quarter"": 4, ""value"": 10149776329.0}, {""period"": ""Q1 2021"", ""year"": 2021, ""quarter"": 1, ""value"": 1549776329.0}, {""period"": ""Q2 2021"", ""year"": 2021, ""quarter"": 2, ""value"": 1549776329.0}, {""period"": ""Q3 2021"", ""year"": 2021, ""quarter"": 3, ""value"": 1549776329.0}, {""period"": ""Q4 2021"", ""year"": 2021, ""quarter"": 4, ""value"": 0.0}, {""period"": ""Q1 2022"", ""year"": 2022, ""quarter"": 1, ""value"": 0.0}, {""period"": ""Q2 2022"", ""year"": 2022, ""quarter"": 2, ""value"": 0.0}, {""period"": ""Q3 2022"", ""year"": 2022, ""quarter"": 3, ""value"": 0.0}, {""period"": ""Q4 2022"", ""year"": 2022, ""quarter"": 4, ""value"": 0.0}, {""period"": ""Q1 2023"", ""year"": 2023, ""quarter"": 1, ""value"": 0.0}, {""period"": ""Q2 2023"", ""year"": 2023, ""quarter"": 2, ""value"": 0.0}, {""period"": ""Q3 2023"", ""year"": 2023, ""quarter"": 3, ""value"": 0.0}, {""period"": ""Q4 2023"", ""year"": 2023, ""quarter"": 4, ""value"": 0.0}, {""period"": ""Q1 2024"", ""year"": 2024, ""quarter"": 1, ""value"": 0.0}, {""period"": ""Q2 2024"", ""year"": 2024, ""quarter"": 2, ""value"": 0.0}, {""period"": ""Q3 2024"", ""year"": 2024, ""quarter"": 3, ""value"": 260000000.0}, {""period"": ""Q4 2024"", ""year"": 2024, ""quarter"": 4, ""value"": 260000000.0}, {""period"": ""Q1 2025"", ""year"": 2025, ""quarter"": 1, ""value"": 0.0}, {""period"": ""Q2 2025"", ""year"": 2025, ""quarter"": 2, ""value"": 0.0}, {""period"": ""Q3 2025"", ""year"": 2025, ""quarter"": 3, ""value"": 0.0}, {""period"": ""Q4 2025"", ""year"": 2025, ""quarter"": 4, ""value"": 0.0}, {""period"": ""Q1 2026"", ""year"": 2026, ""quarter"": 1, ""value"": 0.0}, {""period"": ""Q2 2026"", ""year"": 2026, ""quarter"": 2, ""value"": 0.0}]"
VPG,1,BalanceSheet,Quarter,1010201,1. Chứng khoán kinh doanh,10102,False,4,,"[{""period"": ""Q4 2015"", ""year"": 2015, ""quarter"": 4, ""value"": 0.0}, {""period"": ""Q4 2016"", ""year"": 2016, ""quarter"": 4, ""value"": 0.0}, {""period"": ""Q2 2017"", ""year"": 2017, ""quarter"": 2, ""value"": 0.0}, {""period"": ""Q3 2017"", ""year"": 2017, ""quarter"": 3, ""value"": 0.0}, {""period"": ""Q4 2017"", ""year"": 2017, ""quarter"": 4, ""value"": 0.0}, {""period"": ""Q1 2018"", ""year"": 2018, ""quarter"": 1, ""value"": 0.0}, {""period"": ""Q2 2018"", ""year"": 2018, ""quarter"": 2, ""value"": 0.0}, {""period"": ""Q3 2018"", ""year"": 2018, ""quarter"": 3, ""value"": 0.0}, {""period"": ""Q4 2018"", ""year"": 2018, ""quarter"": 4, ""value"": 0.0}, {""period"": ""Q1 2019"", ""year"": 2019, ""quarter"": 1, ""value"": 0.0}, {""period"": ""Q2 2019"", ""year"": 2019, ""quarter"": 2, ""value"": 0.0}, {""period"": ""Q3 2019"", ""year"": 2019, ""quarter"": 3, ""value"": 0.0}, {""period"": ""Q4 2019"", ""year"": 2019, ""quarter"": 4, ""value"": 0.0}, {""period"": ""Q1 2020"", ""year"": 2020, ""quarter"": 1, ""value"": 0.0}, {""period"": ""Q2 2020"", ""year"": 2020, ""quarter"": 2, ""value"": 0.0}, {""period"": ""Q3 2020"", ""year"": 2020, ""quarter"": 3, ""value"": 0.0}, {""period"": ""Q4 2020"", ""year"": 2020, ""quarter"": 4, ""value"": 0.0}, {""period"": ""Q1 2021"", ""year"": 2021, ""quarter"": 1, ""value"": 0.0}, {""period"": ""Q2 2021"", ""year"": 2021, ""quarter"": 2, ""value"": 0.0}, {""period"": ""Q3 2021"", ""year"": 2021, ""quarter"": 3, ""value"": 0.0}, {""period"": ""Q4 2021"", ""year"": 2021, ""quarter"": 4, ""value"": 0.0}, {""period"": ""Q1 2022"", ""year"": 2022, ""quarter"": 1, ""value"": 0.0}, {""period"": ""Q2 2022"", ""year"": 2022, ""quarter"": 2, ""value"": 0.0}, {""period"": ""Q3 2022"", ""year"": 2022, ""quarter"": 3, ""value"": 0.0}, {""period"": ""Q4 2022"", ""year"": 2022, ""quarter"": 4, ""value"": 0.0}, {""period"": ""Q1 2023"", ""year"": 2023, ""quarter"": 1, ""value"": 0.0}, {""period"": ""Q2 2023"", ""year"": 2023, ""quarter"": 2, ""value"": 0.0}, {""period"": ""Q3 2023"", ""year"": 2023, ""quarter"": 3, ""value"": 0.0}, {""period"": ""Q4 2023"", ""year"": 2023, ""quarter"": 4, ""value"": 0.0}, {""period"": ""Q1 2024"", ""year"": 2024, ""quarter"": 1, ""value"": 0.0}, {""period"": ""Q2 2024"", ""year"": 2024, ""quarter"": 2, ""value"": 0.0}, {""period"": ""Q3 2024"", ""year"": 2024, ""quarter"": 3, ""value"": 0.0}, {""period"": ""Q4 2024"", ""year"": 2024, ""quarter"": 4, ""value"": 0.0}, {""period"": ""Q1 2025"", ""year"": 2025, ""quarter"": 1, ""value"": 0.0}, {""period"": ""Q2 2025"", ""year"": 2025, ""quarter"": 2, ""value"": 0.0}, {""period"": ""Q3 2025"", ""year"": 2025, ""quarter"": 3, ""value"": 0.0}, {""period"": ""Q4 2025"", ""year"": 2025, ""quarter"": 4, ""value"": 0.0}, {""period"": ""Q1 2026"", ""year"": 2026, ""quarter"": 1, ""value"": 0.0}, {""period"": ""Q2 2026"", ""year"": 2026, ""quarter"": 2, ""value"": 0.0}]"
VPG,1,BalanceSheet,Quarter,1010202,2. Dự phòng giảm giá chứng khoán kinh doanh,10102,False,4,,"[{""period"": ""Q4 2015"", ""year"": 2015, ""quarter"": 4, ""value"": 0.0}, {""period"": ""Q4 2016"", ""year"": 2016, ""quarter"": 4, ""value"": 0.0}, {""period"": ""Q2 2017"", ""year"": 2017, ""quarter"": 2, ""value"": 0.0}, {""period"": ""Q3 2017"", ""year"": 2017, ""quarter"": 3, ""value"": 0.0}, {""period"": ""Q4 2017"", ""year"": 2017, ""quarter"": 4, ""value"": 0.0}, {""period"": ""Q1 2018"", ""year"": 2018, ""quarter"": 1, ""value"": 0.0}, {""period"": ""Q2 2018"", ""year"": 2018, ""quarter"": 2, ""value"": 0.0}, {""period"": ""Q3 2018"", ""year"": 2018, ""quarter"": 3, ""value"": 0.0}, {""period"": ""Q4 2018"", ""year"": 2018, ""quarter"": 4, ""value"": 0.0}, {""period"": ""Q1 2019"", ""year"": 2019, ""quarter"": 1, ""value"": 0.0}, {""period"": ""Q2 2019"", ""year"": 2019, ""quarter"": 2, ""value"": 0.0}, {""period"": ""Q3 2019"", ""year"": 2019, ""quarter"": 3, ""value"": 0.0}, {""period"": ""Q4 2019"", ""year"": 2019, ""quarter"": 4, ""value"": 0.0}, {""period"": ""Q1 2020"", ""year"": 2020, ""quarter"": 1, ""value"": 0.0}, {""period"": ""Q2 2020"", ""year"": 2020, ""quarter"": 2, ""value"": 0.0}, {""period"": ""Q3 2020"", ""year"": 2020, ""quarter"": 3, ""value"": 0.0}, {""period"": ""Q4 2020"", ""year"": 2020, ""quarter"": 4, ""value"": 0.0}, {""period"": ""Q1 2021"", ""year"": 2021, ""quarter"": 1, ""value"": 0.0}, {""period"": ""Q2 2021"", ""year"": 2021, ""quarter"": 2, ""value"": 0.0}, {""period"": ""Q3 2021"", ""year"": 2021, ""quarter"": 3, ""value"": 0.0}, {""period"": ""Q4 2021"", ""year"": 2021, ""quarter"": 4, ""value"": 0.0}, {""period"": ""Q1 2022"", ""year"": 2022, ""quarter"": 1, ""value"": 0.0}, {""period"": ""Q2 2022"", ""year"": 2022, ""quarter"": 2, ""value"": 0.0}, {""period"": ""Q3 2022"", ""year"": 2022, ""quarter"": 3, ""value"": 0.0}, {""period"": ""Q4 2022"", ""year"": 2022, ""quarter"": 4, ""value"": 0.0}, {""period"": ""Q1 2023"", ""year"": 2023, ""quarter"": 1, ""value"": 0.0}, {""period"": ""Q2 2023"", ""year"": 2023, ""quarter"": 2, ""value"": 0.0}, {""period"": ""Q3 2023"", ""year"": 2023, ""quarter"": 3, ""value"": 0.0}, {""period"": ""Q4 2023"", ""year"": 2023, ""quarter"": 4, ""value"": 0.0}, {""period"": ""Q1 2024"", ""year"": 2024, ""quarter"": 1, ""value"": 0.0}, {""period"": ""Q2 2024"", ""year"": 2024, ""quarter"": 2, ""value"": 0.0}, {""period"": ""Q3 2024"", ""year"": 2024, ""quarter"": 3, ""value"": 0.0}, {""period"": ""Q4 2024"", ""year"": 2024, ""quarter"": 4, ""value"": 0.0}, {""period"": ""Q1 2025"", ""year"": 2025, ""quarter"": 1, ""value"": 0.0}, {""period"": ""Q2 2025"", ""year"": 2025, ""quarter"": 2, ""value"": 0.0}, {""period"": ""Q3 2025"", ""year"": 2025, ""quarter"": 3, ""value"": 0.0}, {""period"": ""Q4 2025"", ""year"": 2025, ""quarter"": 4, ""value"": 0.0}, {""period"": ""Q1 2026"", ""year"": 2026, ""quarter"": 1, ""value"": 0.0}, {""period"": ""Q2 2026"", ""year"": 2026, ""quarter"": 2, ""value"": 0.0}]"
VPG,1,BalanceSheet,Quarter,1010203,3. Đầu tư nắm giữ đến ngày đáo hạn,10102,False,4,,"[{""period"": ""Q4 2015"", ""year"": 2015, ""quarter"": 4, ""value"": 0.0}, {""period"": ""Q4 2016"", ""year"": 2016, ""quarter"": 4, ""value"": 0.0}, {""period"": ""Q2 2017"", ""year"": 2017, ""quarter"": 2, ""value"": 85500000000.0}, {""period"": ""Q3 2017"", ""year"": 2017, ""quarter"": 3, ""value"": 331552651324.0}, {""period"": ""Q4 2017"", ""year"": 2017, ""quarter"": 4, ""value"": 423593430513.0}, {""period"": ""Q1 2018"", ""year"": 2018, ""quarter"": 1, ""value"": 453650000000.0}, {""period"": ""Q2 2018"", ""year"": 2018, ""quarter"": 2, ""value"": 422250000000.0}, {""period"": ""Q3 2018"", ""year"": 2018, ""quarter"": 3, ""value"": 564050000000.0}, {""period"": ""Q4 2018"", ""year"": 2018, ""quarter"": 4, ""value"": 657600000000.0}, {""period"": ""Q1 2019"", ""year"": 2019, ""quarter"": 1, ""value"": 265650000000.0}, {""period"": ""Q2 2019"", ""year"": 2019, ""quarter"": 2, ""value"": 116950000000.0}, {""period"": ""Q3 2019"", ""year"": 2019, ""quarter"": 3, ""value"": 46350000000.0}, {""period"": ""Q4 2019"", ""year"": 2019, ""quarter"": 4, ""value"": 103437750000.0}, {""period"": ""Q1 2020"", ""year"": 2020, ""quarter"": 1, ""value"": 149393865068.0}, {""period"": ""Q2 2020"", ""year"": 2020, ""quarter"": 2, ""value"": 57787750000.0}, {""period"": ""Q3 2020"", ""year"": 2020, ""quarter"": 3, ""value"": 53837750000.0}, {""period"": ""Q4 2020"", ""year"": 2020, ""quarter"": 4, ""value"": 10149776329.0}, {""period"": ""Q1 2021"", ""year"": 2021, ""quarter"": 1, ""value"": 1549776329.0}, {""period"": ""Q2 2021"", ""year"": 2021, ""quarter"": 2, ""value"": 1549776329.0}, {""period"": ""Q3 2021"", ""year"": 2021, ""quarter"": 3, ""value"": 1549776329.0}, {""period"": ""Q4 2021"", ""year"": 2021, ""quarter"": 4, ""value"": 0.0}, {""period"": ""Q1 2022"", ""year"": 2022, ""quarter"": 1, ""value"": 0.0}, {""period"": ""Q2 2022"", ""year"": 2022, ""quarter"": 2, ""value"": 0.0}, {""period"": ""Q3 2022"", ""year"": 2022, ""quarter"": 3, ""value"": 0.0}, {""period"": ""Q4 2022"", ""year"": 2022, ""quarter"": 4, ""value"": 0.0}, {""period"": ""Q1 2023"", ""year"": 2023, ""quarter"": 1, ""value"": 0.0}, {""period"": ""Q2 2023"", ""year"": 2023, ""quarter"": 2, ""value"": 0.0}, {""period"": ""Q3 2023"", ""year"": 2023, ""quarter"": 3, ""value"": 0.0}, {""period"": ""Q4 2023"", ""year"": 2023, ""quarter"": 4, ""value"": 0.0}, {""period"": ""Q1 2024"", ""year"": 2024, ""quarter"": 1, ""value"": 0.0}, {""period"": ""Q2 2024"", ""year"": 2024, ""quarter"": 2, ""value"": 0.0}, {""period"": ""Q3 2024"", ""year"": 2024, ""quarter"": 3, ""value"": 260000000.0}, {""period"": ""Q4 2024"", ""year"": 2024, ""quarter"": 4, ""value"": 260000000.0}, {""period"": ""Q1 2025"", ""year"": 2025, ""quarter"": 1, ""value"": 0.0}, {""period"": ""Q2 2025"", ""year"": 2025, ""quarter"": 2, ""value"": 0.0}, {""period"": ""Q3 2025"", ""year"": 2025, ""quarter"": 3, ""value"": 0.0}, {""period"": ""Q4 2025"", ""year"": 2025, ""quarter"": 4, ""value"": 0.0}, {""period"": ""Q1 2026"", ""year"": 2026, ""quarter"": 1, ""value"": 0.0}, {""period"": ""Q2 2026"", ""year"": 2026, ""quarter"": 2, ""value"": 0.0}]"
VPG,1,BalanceSheet,Quarter,10103,III. Các khoản phải thu ngắn hạn,101,False,3,,"[{""period"": ""Q4 2015"", ""year"": 2015, ""quarter"": 4, ""value"": 151186159384.0}, {""period"": ""Q4 2016"", ""year"": 2016, ""quarter"": 4, ""value"": 413156430524.0}, {""period"": ""Q2 2017"", ""year"": 2017, ""quarter"": 2, ""value"": 713785041513.0}, {""period"": ""Q3 2017"", ""year"": 2017, ""quarter"": 3, ""value"": 518090336120.0}, {""period"": ""Q4 2017"", ""year"": 2017, ""quarter"": 4, ""value"": 308212891036.0}, {""period"": ""Q1 2018"", ""year"": 2018, ""quarter"": 1, ""value"": 386517984960.0}, {""period"": ""Q2 2018"", ""year"": 2018, ""quarter"": 2, ""value"": 287361119780.0}, {""period"": ""Q3 2018"", ""year"": 2018, ""quarter"": 3, ""value"": 242105729135.0}, {""period"": ""Q4 2018"", ""year"": 2018, ""quarter"": 4, ""value"": 646932085779.0}, {""period"": ""Q1 2019"", ""year"": 2019, ""quarter"": 1, ""value"": 757504506049.0}, {""period"": ""Q2 2019"", ""year"": 2019, ""quarter"": 2, ""value"": 406328983277.0}, {""period"": ""Q3 2019"", ""year"": 2019, ""quarter"": 3, ""value"": 584096862873.0}, {""period"": ""Q4 2019"", ""year"": 2019, ""quarter"": 4, ""value"": 760141892495.0}, {""period"": ""Q1 2020"", ""year"": 2020, ""quarter"": 1, ""value"": 850470698344.0}, {""period"": ""Q2 2020"", ""year"": 2020, ""quarter"": 2, ""value"": 740890242579.0}, {""period"": ""Q3 2020"", ""year"": 2020, ""quarter"": 3, ""value"": 958093542579.0}, {""period"": ""Q4 2020"", ""year"": 2020, ""quarter"": 4, ""value"": 756325504650.0}, {""period"": ""Q1 2021"", ""year"": 2021, ""quarter"": 1, ""value"": 997733138682.0}, {""period"": ""Q2 2021"", ""year"": 2021, ""quarter"": 2, ""value"": 597965363641.0}, {""period"": ""Q3 2021"", ""year"": 2021, ""quarter"": 3, ""value"": 845790834029.0}, {""period"": ""Q4 2021"", ""year"": 2021, ""quarter"": 4, ""value"": 658369397199.0}, {""period"": ""Q1 2022"", ""year"": 2022, ""quarter"": 1, ""value"": 883939446493.0}, {""period"": ""Q2 2022"", ""year"": 2022, ""quarter"": 2, ""value"": 1172865150331.0}, {""period"": ""Q3 2022"", ""year"": 2022, ""quarter"": 3, ""value"": 1236188131735.0}, {""period"": ""Q4 2022"", ""year"": 2022, ""quarter"": 4, ""value"": 1510328035670.0}, {""period"": ""Q1 2023"", ""year"": 2023, ""quarter"": 1, ""value"": 1500081288941.0}, {""period"": ""Q2 2023"", ""year"": 2023, ""quarter"": 2, ""value"": 1431351102942.0}, {""period"": ""Q3 2023"", ""year"": 2023, ""quarter"": 3, ""value"": 2201816337506.0}, {""period"": ""Q4 2023"", ""year"": 2023, ""quarter"": 4, ""value"": 1874163480857.0}, {""period"": ""Q1 2024"", ""year"": 2024, ""quarter"": 1, ""value"": 2768929118653.0}, {""period"": ""Q2 2024"", ""year"": 2024, ""quarter"": 2, ""value"": 2441385196966.0}, {""period"": ""Q3 2024"", ""year"": 2024, ""quarter"": 3, ""value"": 2408630610276.0}, {""period"": ""Q4 2024"", ""year"": 2024, ""quarter"": 4, ""value"": 2796589996187.0}, {""period"": ""Q1 2025"", ""year"": 2025, ""quarter"": 1, ""value"": 3323494060307.0}, {""period"": ""Q2 2025"", ""year"": 2025, ""quarter"": 2, ""value"": 3661191743856.0}, {""period"": ""Q3 2025"", ""year"": 2025, ""quarter"": 3, ""value"": 2587584884980.0}, {""period"": ""Q4 2025"", ""year"": 2025, ""quarter"": 4, ""value"": 2711523508052.0}, {""period"": ""Q1 2026"", ""year"": 2026, ""quarter"": 1, ""value"": 2039952897253.0}, {""period"": ""Q2 2026"", ""year"": 2026, ""quarter"": 2, ""value"": 2038642699421.0}]"
VPG,1,BalanceSheet,Quarter,1010301,1. Phải thu ngắn hạn của khách hàng,10103,False,4,,"[{""period"": ""Q4 2015"", ""year"": 2015, ""quarter"": 4, ""value"": 70495356758.0}, {""period"": ""Q4 2016"", ""year"": 2016, ""quarter"": 4, ""value"": 331280170422.0}, {""period"": ""Q2 2017"", ""year"": 2017, ""quarter"": 2, ""value"": 610163220833.0}, {""period"": ""Q3 2017"", ""year"": 2017, ""quarter"": 3, ""value"": 384614248713.0}, {""period"": ""Q4 2017"", ""year"": 2017, ""quarter"": 4, ""value"": 155017747991.0}, {""period"": ""Q1 2018"", ""year"": 2018, ""quarter"": 1, ""value"": 202526673075.0}, {""period"": ""Q2 2018"", ""year"": 2018, ""quarter"": 2, ""value"": 125038851522.0}, {""period"": ""Q3 2018"", ""year"": 2018, ""quarter"": 3, ""value"": 110547618965.0}, {""period"": ""Q4 2018"", ""year"": 2018, ""quarter"": 4, ""value"": 479358199091.0}, {""period"": ""Q1 2019"", ""year"": 2019, ""quarter"": 1, ""value"": 567773945839.0}, {""period"": ""Q2 2019"", ""year"": 2019, ""quarter"": 2, ""value"": 271993350296.0}, {""period"": ""Q3 2019"", ""year"": 2019, ""quarter"": 3, ""value"": 531657981772.0}, {""period"": ""Q4 2019"", ""year"": 2019, ""quarter"": 4, ""value"": 664500383833.0}, {""period"": ""Q1 2020"", ""year"": 2020, ""quarter"": 1, ""value"": 778342765817.0}, {""period"": ""Q2 2020"", ""year"": 2020, ""quarter"": 2, ""value"": 655646132985.0}, {""period"": ""Q3 2020"", ""year"": 2020, ""quarter"": 3, ""value"": 864467715943.0}, {""period"": ""Q4 2020"", ""year"": 2020, ""quarter"": 4, ""value"": 607649829950.0}, {""period"": ""Q1 2021"", ""year"": 2021, ""quarter"": 1, ""value"": 792207325051.0}, {""period"": ""Q2 2021"", ""year"": 2021, ""quarter"": 2, ""value"": 461599636187.0}, {""period"": ""Q3 2021"", ""year"": 2021, ""quarter"": 3, ""value"": 499565595614.0}, {""period"": ""Q4 2021"", ""year"": 2021, ""quarter"": 4, ""value"": 432590558369.0}, {""period"": ""Q1 2022"", ""year"": 2022, ""quarter"": 1, ""value"": 606283362418.0}, {""period"": ""Q2 2022"", ""year"": 2022, ""quarter"": 2, ""value"": 753005559762.0}, {""period"": ""Q3 2022"", ""year"": 2022, ""quarter"": 3, ""value"": 441427528625.0}, {""period"": ""Q4 2022"", ""year"": 2022, ""quarter"": 4, ""value"": 908964945691.0}, {""period"": ""Q1 2023"", ""year"": 2023, ""quarter"": 1, ""value"": 741301499021.0}, {""period"": ""Q2 2023"", ""year"": 2023, ""quarter"": 2, ""value"": 721654694293.0}, {""period"": ""Q3 2023"", ""year"": 2023, ""quarter"": 3, ""value"": 1115826933604.0}, {""period"": ""Q4 2023"", ""year"": 2023, ""quarter"": 4, ""value"": 360645842513.0}, {""period"": ""Q1 2024"", ""year"": 2024, ""quarter"": 1, ""value"": 1657454431699.0}, {""period"": ""Q2 2024"", ""year"": 2024, ""quarter"": 2, ""value"": 1168902192252.0}, {""period"": ""Q3 2024"", ""year"": 2024, ""quarter"": 3, ""value"": 1060472699310.0}, {""period"": ""Q4 2024"", ""year"": 2024, ""quarter"": 4, ""value"": 1785007837827.0}, {""period"": ""Q1 2025"", ""year"": 2025, ""quarter"": 1, ""value"": 2201220772670.0}, {""period"": ""Q2 2025"", ""year"": 2025, ""quarter"": 2, ""value"": 2644441503238.0}, {""period"": ""Q3 2025"", ""year"": 2025, ""quarter"": 3, ""value"": 1334308848967.0}, {""period"": ""Q4 2025"", ""year"": 2025, ""quarter"": 4, ""value"": 1088577656060.0}, {""period"": ""Q1 2026"", ""year"": 2026, ""quarter"": 1, ""value"": 956865575601.0}, {""period"": ""Q2 2026"", ""year"": 2026, ""quarter"": 2, ""value"": 956320345888.0}]"
VPG,1,BalanceSheet,Quarter,1010302,2. Trả trước cho người bán,10103,False,4,,"[{""period"": ""Q4 2015"", ""year"": 2015, ""quarter"": 4, ""value"": 73135437678.0}, {""period"": ""Q4 2016"", ""year"": 2016, ""quarter"": 4, ""value"": 59318087146.0}, {""period"": ""Q2 2017"", ""year"": 2017, ""quarter"": 2, ""value"": 73022958175.0}, {""period"": ""Q3 2017"", ""year"": 2017, ""quarter"": 3, ""value"": 128436321132.0}, {""period"": ""Q4 2017"", ""year"": 2017, ""quarter"": 4, ""value"": 76372701268.0}, {""period"": ""Q1 2018"", ""year"": 2018, ""quarter"": 1, ""value"": 137666032835.0}, {""period"": ""Q2 2018"", ""year"": 2018, ""quarter"": 2, ""value"": 148320974568.0}, {""period"": ""Q3 2018"", ""year"": 2018, ""quarter"": 3, ""value"": 111337397743.0}, {""period"": ""Q4 2018"", ""year"": 2018, ""quarter"": 4, ""value"": 144709521854.0}, {""period"": ""Q1 2019"", ""year"": 2019, ""quarter"": 1, ""value"": 134733413548.0}, {""period"": ""Q2 2019"", ""year"": 2019, ""quarter"": 2, ""value"": 106341931988.0}, {""period"": ""Q3 2019"", ""year"": 2019, ""quarter"": 3, ""value"": 43677266277.0}, {""period"": ""Q4 2019"", ""year"": 2019, ""quarter"": 4, ""value"": 75507288915.0}, {""period"": ""Q1 2020"", ""year"": 2020, ""quarter"": 1, ""value"": 62277844655.0}, {""period"": ""Q2 2020"", ""year"": 2020, ""quarter"": 2, ""value"": 67503361764.0}, {""period"": ""Q3 2020"", ""year"": 2020, ""quarter"": 3, ""value"": 65069869943.0}, {""period"": ""Q4 2020"", ""year"": 2020, ""quarter"": 4, ""value"": 12835116050.0}, {""period"": ""Q1 2021"", ""year"": 2021, ""quarter"": 1, ""value"": 18210216534.0}, {""period"": ""Q2 2021"", ""year"": 2021, ""quarter"": 2, ""value"": 87121444170.0}, {""period"": ""Q3 2021"", ""year"": 2021, ""quarter"": 3, ""value"": 164939172107.0}, {""period"": ""Q4 2021"", ""year"": 2021, ""quarter"": 4, ""value"": 100277312538.0}, {""period"": ""Q1 2022"", ""year"": 2022, ""quarter"": 1, ""value"": 242135845096.0}, {""period"": ""Q2 2022"", ""year"": 2022, ""quarter"": 2, ""value"": 189267441575.0}, {""period"": ""Q3 2022"", ""year"": 2022, ""quarter"": 3, ""value"": 634377117619.0}, {""period"": ""Q4 2022"", ""year"": 2022, ""quarter"": 4, ""value"": 562656976358.0}, {""period"": ""Q1 2023"", ""year"": 2023, ""quarter"": 1, ""value"": 681448093352.0}, {""period"": ""Q2 2023"", ""year"": 2023, ""quarter"": 2, ""value"": 664490402246.0}, {""period"": ""Q3 2023"", ""year"": 2023, ""quarter"": 3, ""value"": 1121933292299.0}, {""period"": ""Q4 2023"", ""year"": 2023, ""quarter"": 4, ""value"": 1353103083751.0}, {""period"": ""Q1 2024"", ""year"": 2024, ""quarter"": 1, ""value"": 1001292935778.0}, {""period"": ""Q2 2024"", ""year"": 2024, ""quarter"": 2, ""value"": 982326633504.0}, {""period"": ""Q3 2024"", ""year"": 2024, ""quarter"": 3, ""value"": 1058468223630.0}, {""period"": ""Q4 2024"", ""year"": 2024, ""quarter"": 4, ""value"": 857374813136.0}, {""period"": ""Q1 2025"", ""year"": 2025, ""quarter"": 1, ""value"": 1026805689114.0}, {""period"": ""Q2 2025"", ""year"": 2025, ""quarter"": 2, ""value"": 816473415082.0}, {""period"": ""Q3 2025"", ""year"": 2025, ""quarter"": 3, ""value"": 1202146312062.0}, {""period"": ""Q4 2025"", ""year"": 2025, ""quarter"": 4, ""value"": 1198539254695.0}, {""period"": ""Q1 2026"", ""year"": 2026, ""quarter"": 1, ""value"": 1169523604656.0}, {""period"": ""Q2 2026"", ""year"": 2026, ""quarter"": 2, ""value"": 1168959177582.0}]"
VPG,1,BalanceSheet,Quarter,1010303,3. Phải thu nội bộ ngắn hạn,10103,False,4,,"[{""period"": ""Q4 2015"", ""year"": 2015, ""quarter"": 4, ""value"": 0.0}, {""period"": ""Q4 2016"", ""year"": 2016, ""quarter"": 4, ""value"": 0.0}, {""period"": ""Q2 2017"", ""year"": 2017, ""quarter"": 2, ""value"": 0.0}, {""period"": ""Q3 2017"", ""year"": 2017, ""quarter"": 3, ""value"": 0.0}, {""period"": ""Q4 2017"", ""year"": 2017, ""quarter"": 4, ""value"": 0.0}, {""period"": ""Q1 2018"", ""year"": 2018, ""quarter"": 1, ""value"": 0.0}, {""period"": ""Q2 2018"", ""year"": 2018, ""quarter"": 2, ""value"": 0.0}, {""period"": ""Q3 2018"", ""year"": 2018, ""quarter"": 3, ""value"": 0.0}, {""period"": ""Q4 2018"", ""year"": 2018, ""quarter"": 4, ""value"": 0.0}, {""period"": ""Q1 2019"", ""year"": 2019, ""quarter"": 1, ""value"": 0.0}, {""period"": ""Q2 2019"", ""year"": 2019, ""quarter"": 2, ""value"": 0.0}, {""period"": ""Q3 2019"", ""year"": 2019, ""quarter"": 3, ""value"": 0.0}, {""period"": ""Q4 2019"", ""year"": 2019, ""quarter"": 4, ""value"": 0.0}, {""period"": ""Q1 2020"", ""year"": 2020, ""quarter"": 1, ""value"": 0.0}, {""period"": ""Q2 2020"", ""year"": 2020, ""quarter"": 2, ""value"": 0.0}, {""period"": ""Q3 2020"", ""year"": 2020, ""quarter"": 3, ""value"": 0.0}, {""period"": ""Q4 2020"", ""year"": 2020, ""quarter"": 4, ""value"": 0.0}, {""period"": ""Q1 2021"", ""year"": 2021, ""quarter"": 1, ""value"": 0.0}, {""period"": ""Q2 2021"", ""year"": 2021, ""quarter"": 2, ""value"": 0.0}, {""period"": ""Q3 2021"", ""year"": 2021, ""quarter"": 3, ""value"": 0.0}, {""period"": ""Q4 2021"", ""year"": 2021, ""quarter"": 4, ""value"": 0.0}, {""period"": ""Q1 2022"", ""year"": 2022, ""quarter"": 1, ""value"": 0.0}, {""period"": ""Q2 2022"", ""year"": 2022, ""quarter"": 2, ""value"": 0.0}, {""period"": ""Q3 2022"", ""year"": 2022, ""quarter"": 3, ""value"": 0.0}, {""period"": ""Q4 2022"", ""year"": 2022, ""quarter"": 4, ""value"": 0.0}, {""period"": ""Q1 2023"", ""year"": 2023, ""quarter"": 1, ""value"": 0.0}, {""period"": ""Q2 2023"", ""year"": 2023, ""quarter"": 2, ""value"": 0.0}, {""period"": ""Q3 2023"", ""year"": 2023, ""quarter"": 3, ""value"": 0.0}, {""period"": ""Q4 2023"", ""year"": 2023, ""quarter"": 4, ""value"": 0.0}, {""period"": ""Q1 2024"", ""year"": 2024, ""quarter"": 1, ""value"": 0.0}, {""period"": ""Q2 2024"", ""year"": 2024, ""quarter"": 2, ""value"": 0.0}, {""period"": ""Q3 2024"", ""year"": 2024, ""quarter"": 3, ""value"": 0.0}, {""period"": ""Q4 2024"", ""year"": 2024, ""quarter"": 4, ""value"": 0.0}, {""period"": ""Q1 2025"", ""year"": 2025, ""quarter"": 1, ""value"": 0.0}, {""period"": ""Q2 2025"", ""year"": 2025, ""quarter"": 2, ""value"": 0.0}, {""period"": ""Q3 2025"", ""year"": 2025, ""quarter"": 3, ""value"": 0.0}, {""period"": ""Q4 2025"", ""year"": 2025, ""quarter"": 4, ""value"": 0.0}, {""period"": ""Q1 2026"", ""year"": 2026, ""quarter"": 1, ""value"": 0.0}, {""period"": ""Q2 2026"", ""year"": 2026, ""quarter"": 2, ""value"": 0.0}]"
VPG,1,BalanceSheet,Quarter,1010304,4. Phải thu theo tiến độ hợp đồng xây dựng,10103,False,4,,"[{""period"": ""Q4 2015"", ""year"": 2015, ""quarter"": 4, ""value"": 0.0}, {""period"": ""Q4 2016"", ""year"": 2016, ""quarter"": 4, ""value"": 0.0}, {""period"": ""Q2 2017"", ""year"": 2017, ""quarter"": 2, ""value"": 0.0}, {""period"": ""Q3 2017"", ""year"": 2017, ""quarter"": 3, ""value"": 0.0}, {""period"": ""Q4 2017"", ""year"": 2017, ""quarter"": 4, ""value"": 0.0}, {""period"": ""Q1 2018"", ""year"": 2018, ""quarter"": 1, ""value"": 0.0}, {""period"": ""Q2 2018"", ""year"": 2018, ""quarter"": 2, ""value"": 0.0}, {""period"": ""Q3 2018"", ""year"": 2018, ""quarter"": 3, ""value"": 0.0}, {""period"": ""Q4 2018"", ""year"": 2018, ""quarter"": 4, ""value"": 0.0}, {""period"": ""Q1 2019"", ""year"": 2019, ""quarter"": 1, ""value"": 0.0}, {""period"": ""Q2 2019"", ""year"": 2019, ""quarter"": 2, ""value"": 0.0}, {""period"": ""Q3 2019"", ""year"": 2019, ""quarter"": 3, ""value"": 0.0}, {""period"": ""Q4 2019"", ""year"": 2019, ""quarter"": 4, ""value"": 0.0}, {""period"": ""Q1 2020"", ""year"": 2020, ""quarter"": 1, ""value"": 0.0}, {""period"": ""Q2 2020"", ""year"": 2020, ""quarter"": 2, ""value"": 0.0}, {""period"": ""Q3 2020"", ""year"": 2020, ""quarter"": 3, ""value"": 0.0}, {""period"": ""Q4 2020"", ""year"": 2020, ""quarter"": 4, ""value"": 0.0}, {""period"": ""Q1 2021"", ""year"": 2021, ""quarter"": 1, ""value"": 0.0}, {""period"": ""Q2 2021"", ""year"": 2021, ""quarter"": 2, ""value"": 0.0}, {""period"": ""Q3 2021"", ""year"": 2021, ""quarter"": 3, ""value"": 0.0}, {""period"": ""Q4 2021"", ""year"": 2021, ""quarter"": 4, ""value"": 0.0}, {""period"": ""Q1 2022"", ""year"": 2022, ""quarter"": 1, ""value"": 0.0}, {""period"": ""Q2 2022"", ""year"": 2022, ""quarter"": 2, ""value"": 0.0}, {""period"": ""Q3 2022"", ""year"": 2022, ""quarter"": 3, ""value"": 0.0}, {""period"": ""Q4 2022"", ""year"": 2022, ""quarter"": 4, ""value"": 0.0}, {""period"": ""Q1 2023"", ""year"": 2023, ""quarter"": 1, ""value"": 0.0}, {""period"": ""Q2 2023"", ""year"": 2023, ""quarter"": 2, ""value"": 0.0}, {""period"": ""Q3 2023"", ""year"": 2023, ""quarter"": 3, ""value"": 0.0}, {""period"": ""Q4 2023"", ""year"": 2023, ""quarter"": 4, ""value"": 0.0}, {""period"": ""Q1 2024"", ""year"": 2024, ""quarter"": 1, ""value"": 0.0}, {""period"": ""Q2 2024"", ""year"": 2024, ""quarter"": 2, ""value"": 0.0}, {""period"": ""Q3 2024"", ""year"": 2024, ""quarter"": 3, ""value"": 0.0}, {""period"": ""Q4 2024"", ""year"": 2024, ""quarter"": 4, ""value"": 0.0}, {""period"": ""Q1 2025"", ""year"": 2025, ""quarter"": 1, ""value"": 0.0}, {""period"": ""Q2 2025"", ""year"": 2025, ""quarter"": 2, ""value"": 0.0}, {""period"": ""Q3 2025"", ""year"": 2025, ""quarter"": 3, ""value"": 0.0}, {""period"": ""Q4 2025"", ""year"": 2025, ""quarter"": 4, ""value"": 0.0}, {""period"": ""Q1 2026"", ""year"": 2026, ""quarter"": 1, ""value"": 0.0}, {""period"": ""Q2 2026"", ""year"": 2026, ""quarter"": 2, ""value"": 0.0}]"
VPG,1,BalanceSheet,Quarter,1010305,5. Phải thu về cho vay ngắn hạn,10103,False,4,,"[{""period"": ""Q4 2015"", ""year"": 2015, ""quarter"": 4, ""value"": 0.0}, {""period"": ""Q4 2016"", ""year"": 2016, ""quarter"": 4, ""value"": 0.0}, {""period"": ""Q2 2017"", ""year"": 2017, ""quarter"": 2, ""value"": 0.0}, {""period"": ""Q3 2017"", ""year"": 2017, ""quarter"": 3, ""value"": 0.0}, {""period"": ""Q4 2017"", ""year"": 2017, ""quarter"": 4, ""value"": 0.0}, {""period"": ""Q1 2018"", ""year"": 2018, ""quarter"": 1, ""value"": 0.0}, {""period"": ""Q2 2018"", ""year"": 2018, ""quarter"": 2, ""value"": 0.0}, {""period"": ""Q3 2018"", ""year"": 2018, ""quarter"": 3, ""value"": 0.0}, {""period"": ""Q4 2018"", ""year"": 2018, ""quarter"": 4, ""value"": 0.0}, {""period"": ""Q1 2019"", ""year"": 2019, ""quarter"": 1, ""value"": 0.0}, {""period"": ""Q2 2019"", ""year"": 2019, ""quarter"": 2, ""value"": 0.0}, {""period"": ""Q3 2019"", ""year"": 2019, ""quarter"": 3, ""value"": 0.0}, {""period"": ""Q4 2019"", ""year"": 2019, ""quarter"": 4, ""value"": 0.0}, {""period"": ""Q1 2020"", ""year"": 2020, ""quarter"": 1, ""value"": 0.0}, {""period"": ""Q2 2020"", ""year"": 2020, ""quarter"": 2, ""value"": 0.0}, {""period"": ""Q3 2020"", ""year"": 2020, ""quarter"": 3, ""value"": 0.0}, {""period"": ""Q4 2020"", ""year"": 2020, ""quarter"": 4, ""value"": 0.0}, {""period"": ""Q1 2021"", ""year"": 2021, ""quarter"": 1, ""value"": 0.0}, {""period"": ""Q2 2021"", ""year"": 2021, ""quarter"": 2, ""value"": 0.0}, {""period"": ""Q3 2021"", ""year"": 2021, ""quarter"": 3, ""value"": 0.0}, {""period"": ""Q4 2021"", ""year"": 2021, ""quarter"": 4, ""value"": 0.0}, {""period"": ""Q1 2022"", ""year"": 2022, ""quarter"": 1, ""value"": 0.0}, {""period"": ""Q2 2022"", ""year"": 2022, ""quarter"": 2, ""value"": 0.0}, {""period"": ""Q3 2022"", ""year"": 2022, ""quarter"": 3, ""value"": 0.0}, {""period"": ""Q4 2022"", ""year"": 2022, ""quarter"": 4, ""value"": 0.0}, {""period"": ""Q1 2023"", ""year"": 2023, ""quarter"": 1, ""value"": 0.0}, {""period"": ""Q2 2023"", ""year"": 2023, ""quarter"": 2, ""value"": 0.0}, {""period"": ""Q3 2023"", ""year"": 2023, ""quarter"": 3, ""value"": 0.0}, {""period"": ""Q4 2023"", ""year"": 2023, ""quarter"": 4, ""value"": 0.0}, {""period"": ""Q1 2024"", ""year"": 2024, ""quarter"": 1, ""value"": 0.0}, {""period"": ""Q2 2024"", ""year"": 2024, ""quarter"": 2, ""value"": 0.0}, {""period"": ""Q3 2024"", ""year"": 2024, ""quarter"": 3, ""value"": 0.0}, {""period"": ""Q4 2024"", ""year"": 2024, ""quarter"": 4, ""value"": 0.0}, {""period"": ""Q1 2025"", ""year"": 2025, ""quarter"": 1, ""value"": 0.0}, {""period"": ""Q2 2025"", ""year"": 2025, ""quarter"": 2, ""value"": 0.0}, {""period"": ""Q3 2025"", ""year"": 2025, ""quarter"": 3, ""value"": 0.0}, {""period"": ""Q4 2025"", ""year"": 2025, ""quarter"": 4, ""value"": 0.0}, {""period"": ""Q1 2026"", ""year"": 2026, ""quarter"": 1, ""value"": 0.0}, {""period"": ""Q2 2026"", ""year"": 2026, ""quarter"": 2, ""value"": 0.0}]"
VPG,1,BalanceSheet,Quarter,1010306,6. Phải thu ngắn hạn khác,10103,False,4,,"[{""period"": ""Q4 2015"", ""year"": 2015, ""quarter"": 4, ""value"": 7555364948.0}, {""period"": ""Q4 2016"", ""year"": 2016, ""quarter"": 4, ""value"": 22558172956.0}, {""period"": ""Q2 2017"", ""year"": 2017, ""quarter"": 2, ""value"": 30598862505.0}, {""period"": ""Q3 2017"", ""year"": 2017, ""quarter"": 3, ""value"": 5039766275.0}, {""period"": ""Q4 2017"", ""year"": 2017, ""quarter"": 4, ""value"": 76822441777.0}, {""period"": ""Q1 2018"", ""year"": 2018, ""quarter"": 1, ""value"": 46325279050.0}, {""period"": ""Q2 2018"", ""year"": 2018, ""quarter"": 2, ""value"": 14001293690.0}, {""period"": ""Q3 2018"", ""year"": 2018, ""quarter"": 3, ""value"": 20220712427.0}, {""period"": ""Q4 2018"", ""year"": 2018, ""quarter"": 4, ""value"": 22864364834.0}, {""period"": ""Q1 2019"", ""year"": 2019, ""quarter"": 1, ""value"": 54997146662.0}, {""period"": ""Q2 2019"", ""year"": 2019, ""quarter"": 2, ""value"": 27993700993.0}, {""period"": ""Q3 2019"", ""year"": 2019, ""quarter"": 3, ""value"": 8761614824.0}, {""period"": ""Q4 2019"", ""year"": 2019, ""quarter"": 4, ""value"": 20134219747.0}, {""period"": ""Q1 2020"", ""year"": 2020, ""quarter"": 1, ""value"": 9850087872.0}, {""period"": ""Q2 2020"", ""year"": 2020, ""quarter"": 2, ""value"": 17740747830.0}, {""period"": ""Q3 2020"", ""year"": 2020, ""quarter"": 3, ""value"": 28555956693.0}, {""period"": ""Q4 2020"", ""year"": 2020, ""quarter"": 4, ""value"": 135840558650.0}, {""period"": ""Q1 2021"", ""year"": 2021, ""quarter"": 1, ""value"": 187315597097.0}, {""period"": ""Q2 2021"", ""year"": 2021, ""quarter"": 2, ""value"": 49244283284.0}, {""period"": ""Q3 2021"", ""year"": 2021, ""quarter"": 3, ""value"": 181286066308.0}, {""period"": ""Q4 2021"", ""year"": 2021, ""quarter"": 4, ""value"": 125501526292.0}, {""period"": ""Q1 2022"", ""year"": 2022, ""quarter"": 1, ""value"": 35520238979.0}, {""period"": ""Q2 2022"", ""year"": 2022, ""quarter"": 2, ""value"": 230592148994.0}, {""period"": ""Q3 2022"", ""year"": 2022, ""quarter"": 3, ""value"": 160383485491.0}, {""period"": ""Q4 2022"", ""year"": 2022, ""quarter"": 4, ""value"": 73830978013.0}, {""period"": ""Q1 2023"", ""year"": 2023, ""quarter"": 1, ""value"": 112456560960.0}, {""period"": ""Q2 2023"", ""year"": 2023, ""quarter"": 2, ""value"": 82806046741.0}, {""period"": ""Q3 2023"", ""year"": 2023, ""quarter"": 3, ""value"": 1656151941.0}, {""period"": ""Q4 2023"", ""year"": 2023, ""quarter"": 4, ""value"": 201769627534.0}, {""period"": ""Q1 2024"", ""year"": 2024, ""quarter"": 1, ""value"": 151536824117.0}, {""period"": ""Q2 2024"", ""year"": 2024, ""quarter"": 2, ""value"": 342307365087.0}, {""period"": ""Q3 2024"", ""year"": 2024, ""quarter"": 3, ""value"": 341572088713.0}, {""period"": ""Q4 2024"", ""year"": 2024, ""quarter"": 4, ""value"": 206089746601.0}, {""period"": ""Q1 2025"", ""year"": 2025, ""quarter"": 1, ""value"": 147349999900.0}, {""period"": ""Q2 2025"", ""year"": 2025, ""quarter"": 2, ""value"": 252159226913.0}, {""period"": ""Q3 2025"", ""year"": 2025, ""quarter"": 3, ""value"": 103012125328.0}, {""period"": ""Q4 2025"", ""year"": 2025, ""quarter"": 4, ""value"": 566614301025.0}, {""period"": ""Q1 2026"", ""year"": 2026, ""quarter"": 1, ""value"": 55771420724.0}, {""period"": ""Q2 2026"", ""year"": 2026, ""quarter"": 2, ""value"": 55574471523.0}]"
VPG,1,BalanceSheet,Quarter,1010307,7. Dự phòng phải thu ngắn hạn khó đòi,10103,False,4,,"[{""period"": ""Q4 2015"", ""year"": 2015, ""quarter"": 4, ""value"": 0.0}, {""period"": ""Q4 2016"", ""year"": 2016, ""quarter"": 4, ""value"": 0.0}, {""period"": ""Q2 2017"", ""year"": 2017, ""quarter"": 2, ""value"": 0.0}, {""period"": ""Q3 2017"", ""year"": 2017, ""quarter"": 3, ""value"": 0.0}, {""period"": ""Q4 2017"", ""year"": 2017, ""quarter"": 4, ""value"": 0.0}, {""period"": ""Q1 2018"", ""year"": 2018, ""quarter"": 1, ""value"": 0.0}, {""period"": ""Q2 2018"", ""year"": 2018, ""quarter"": 2, ""value"": 0.0}, {""period"": ""Q3 2018"", ""year"": 2018, ""quarter"": 3, ""value"": 0.0}, {""period"": ""Q4 2018"", ""year"": 2018, ""quarter"": 4, ""value"": 0.0}, {""period"": ""Q1 2019"", ""year"": 2019, ""quarter"": 1, ""value"": 0.0}, {""period"": ""Q2 2019"", ""year"": 2019, ""quarter"": 2, ""value"": 0.0}, {""period"": ""Q3 2019"", ""year"": 2019, ""quarter"": 3, ""value"": 0.0}, {""period"": ""Q4 2019"", ""year"": 2019, ""quarter"": 4, ""value"": 0.0}, {""period"": ""Q1 2020"", ""year"": 2020, ""quarter"": 1, ""value"": 0.0}, {""period"": ""Q2 2020"", ""year"": 2020, ""quarter"": 2, ""value"": 0.0}, {""period"": ""Q3 2020"", ""year"": 2020, ""quarter"": 3, ""value"": 0.0}, {""period"": ""Q4 2020"", ""year"": 2020, ""quarter"": 4, ""value"": 0.0}, {""period"": ""Q1 2021"", ""year"": 2021, ""quarter"": 1, ""value"": 0.0}, {""period"": ""Q2 2021"", ""year"": 2021, ""quarter"": 2, ""value"": 0.0}, {""period"": ""Q3 2021"", ""year"": 2021, ""quarter"": 3, ""value"": 0.0}, {""period"": ""Q4 2021"", ""year"": 2021, ""quarter"": 4, ""value"": 0.0}, {""period"": ""Q1 2022"", ""year"": 2022, ""quarter"": 1, ""value"": 0.0}, {""period"": ""Q2 2022"", ""year"": 2022, ""quarter"": 2, ""value"": 0.0}, {""period"": ""Q3 2022"", ""year"": 2022, ""quarter"": 3, ""value"": 0.0}, {""period"": ""Q4 2022"", ""year"": 2022, ""quarter"": 4, ""value"": -35124864392.0}, {""period"": ""Q1 2023"", ""year"": 2023, ""quarter"": 1, ""value"": -35124864392.0}, {""period"": ""Q2 2023"", ""year"": 2023, ""quarter"": 2, ""value"": -37600040338.0}, {""period"": ""Q3 2023"", ""year"": 2023, ""quarter"": 3, ""value"": -37600040338.0}, {""period"": ""Q4 2023"", ""year"": 2023, ""quarter"": 4, ""value"": -41355072941.0}, {""period"": ""Q1 2024"", ""year"": 2024, ""quarter"": 1, ""value"": -41355072941.0}, {""period"": ""Q2 2024"", ""year"": 2024, ""quarter"": 2, ""value"": -52150993877.0}, {""period"": ""Q3 2024"", ""year"": 2024, ""quarter"": 3, ""value"": -51882401377.0}, {""period"": ""Q4 2024"", ""year"": 2024, ""quarter"": 4, ""value"": -51882401377.0}, {""period"": ""Q1 2025"", ""year"": 2025, ""quarter"": 1, ""value"": -51882401377.0}, {""period"": ""Q2 2025"", ""year"": 2025, ""quarter"": 2, ""value"": -51882401377.0}, {""period"": ""Q3 2025"", ""year"": 2025, ""quarter"": 3, ""value"": -51882401377.0}, {""period"": ""Q4 2025"", ""year"": 2025, ""quarter"": 4, ""value"": -142207703728.0}, {""period"": ""Q1 2026"", ""year"": 2026, ""quarter"": 1, ""value"": -142207703728.0}, {""period"": ""Q2 2026"", ""year"": 2026, ""quarter"": 2, ""value"": -142211295572.0}]"
VPG,1,BalanceSheet,Quarter,10104,IV. Tổng hàng tồn kho,101,False,3,,"[{""period"": ""Q4 2015"", ""year"": 2015, ""quarter"": 4, ""value"": 102354711284.0}, {""period"": ""Q4 2016"", ""year"": 2016, ""quarter"": 4, ""value"": 364672794586.0}, {""period"": ""Q2 2017"", ""year"": 2017, ""quarter"": 2, ""value"": 345121887701.0}, {""period"": ""Q3 2017"", ""year"": 2017, ""quarter"": 3, ""value"": 203293674658.0}, {""period"": ""Q4 2017"", ""year"": 2017, ""quarter"": 4, ""value"": 266811587201.0}, {""period"": ""Q1 2018"", ""year"": 2018, ""quarter"": 1, ""value"": 211750537904.0}, {""period"": ""Q2 2018"", ""year"": 2018, ""quarter"": 2, ""value"": 502573276965.0}, {""period"": ""Q3 2018"", ""year"": 2018, ""quarter"": 3, ""value"": 987658935506.0}, {""period"": ""Q4 2018"", ""year"": 2018, ""quarter"": 4, ""value"": 421703578595.0}, {""period"": ""Q1 2019"", ""year"": 2019, ""quarter"": 1, ""value"": 505438829598.0}, {""period"": ""Q2 2019"", ""year"": 2019, ""quarter"": 2, ""value"": 492871699766.0}, {""period"": ""Q3 2019"", ""year"": 2019, ""quarter"": 3, ""value"": 323265689233.0}, {""period"": ""Q4 2019"", ""year"": 2019, ""quarter"": 4, ""value"": 399492309778.0}, {""period"": ""Q1 2020"", ""year"": 2020, ""quarter"": 1, ""value"": 667221020431.0}, {""period"": ""Q2 2020"", ""year"": 2020, ""quarter"": 2, ""value"": 696353824079.0}, {""period"": ""Q3 2020"", ""year"": 2020, ""quarter"": 3, ""value"": 601148403172.0}, {""period"": ""Q4 2020"", ""year"": 2020, ""quarter"": 4, ""value"": 345685090570.0}, {""period"": ""Q1 2021"", ""year"": 2021, ""quarter"": 1, ""value"": 391726432796.0}, {""period"": ""Q2 2021"", ""year"": 2021, ""quarter"": 2, ""value"": 337348000962.0}, {""period"": ""Q3 2021"", ""year"": 2021, ""quarter"": 3, ""value"": 277692288892.0}, {""period"": ""Q4 2021"", ""year"": 2021, ""quarter"": 4, ""value"": 709464534335.0}, {""period"": ""Q1 2022"", ""year"": 2022, ""quarter"": 1, ""value"": 956726185489.0}, {""period"": ""Q2 2022"", ""year"": 2022, ""quarter"": 2, ""value"": 695486301709.0}, {""period"": ""Q3 2022"", ""year"": 2022, ""quarter"": 3, ""value"": 924861342484.0}, {""period"": ""Q4 2022"", ""year"": 2022, ""quarter"": 4, ""value"": 1879800565878.0}, {""period"": ""Q1 2023"", ""year"": 2023, ""quarter"": 1, ""value"": 1743528462131.0}, {""period"": ""Q2 2023"", ""year"": 2023, ""quarter"": 2, ""value"": 1859432757966.0}, {""period"": ""Q3 2023"", ""year"": 2023, ""quarter"": 3, ""value"": 1262790558782.0}, {""period"": ""Q4 2023"", ""year"": 2023, ""quarter"": 4, ""value"": 2994462737846.0}, {""period"": ""Q1 2024"", ""year"": 2024, ""quarter"": 1, ""value"": 2528201396201.0}, {""period"": ""Q2 2024"", ""year"": 2024, ""quarter"": 2, ""value"": 3585722356052.0}, {""period"": ""Q3 2024"", ""year"": 2024, ""quarter"": 3, ""value"": 2795211911707.0}, {""period"": ""Q4 2024"", ""year"": 2024, ""quarter"": 4, ""value"": 3372109889943.0}, {""period"": ""Q1 2025"", ""year"": 2025, ""quarter"": 1, ""value"": 2585586277146.0}, {""period"": ""Q2 2025"", ""year"": 2025, ""quarter"": 2, ""value"": 2899602487604.0}, {""period"": ""Q3 2025"", ""year"": 2025, ""quarter"": 3, ""value"": 908232801457.0}, {""period"": ""Q4 2025"", ""year"": 2025, ""quarter"": 4, ""value"": 406713422455.0}, {""period"": ""Q1 2026"", ""year"": 2026, ""quarter"": 1, ""value"": 212761045723.0}, {""period"": ""Q2 2026"", ""year"": 2026, ""quarter"": 2, ""value"": 213529294345.0}]"
VPG,1,BalanceSheet,Quarter,1010401,1. Hàng tồn kho,10104,False,4,,"[{""period"": ""Q4 2015"", ""year"": 2015, ""quarter"": 4, ""value"": 102354711284.0}, {""period"": ""Q4 2016"", ""year"": 2016, ""quarter"": 4, ""value"": 364672794586.0}, {""period"": ""Q2 2017"", ""year"": 2017, ""quarter"": 2, ""value"": 345121887701.0}, {""period"": ""Q3 2017"", ""year"": 2017, ""quarter"": 3, ""value"": 203293674658.0}, {""period"": ""Q4 2017"", ""year"": 2017, ""quarter"": 4, ""value"": 266811587201.0}, {""period"": ""Q1 2018"", ""year"": 2018, ""quarter"": 1, ""value"": 211750537904.0}, {""period"": ""Q2 2018"", ""year"": 2018, ""quarter"": 2, ""value"": 502573276965.0}, {""period"": ""Q3 2018"", ""year"": 2018, ""quarter"": 3, ""value"": 987658935506.0}, {""period"": ""Q4 2018"", ""year"": 2018, ""quarter"": 4, ""value"": 421703578595.0}, {""period"": ""Q1 2019"", ""year"": 2019, ""quarter"": 1, ""value"": 505438829598.0}, {""period"": ""Q2 2019"", ""year"": 2019, ""quarter"": 2, ""value"": 492871699766.0}, {""period"": ""Q3 2019"", ""year"": 2019, ""quarter"": 3, ""value"": 323265689233.0}, {""period"": ""Q4 2019"", ""year"": 2019, ""quarter"": 4, ""value"": 399492309778.0}, {""period"": ""Q1 2020"", ""year"": 2020, ""quarter"": 1, ""value"": 667221020431.0}, {""period"": ""Q2 2020"", ""year"": 2020, ""quarter"": 2, ""value"": 696353824079.0}, {""period"": ""Q3 2020"", ""year"": 2020, ""quarter"": 3, ""value"": 601148403172.0}, {""period"": ""Q4 2020"", ""year"": 2020, ""quarter"": 4, ""value"": 345685090570.0}, {""period"": ""Q1 2021"", ""year"": 2021, ""quarter"": 1, ""value"": 391726432796.0}, {""period"": ""Q2 2021"", ""year"": 2021, ""quarter"": 2, ""value"": 337348000962.0}, {""period"": ""Q3 2021"", ""year"": 2021, ""quarter"": 3, ""value"": 277692288892.0}, {""period"": ""Q4 2021"", ""year"": 2021, ""quarter"": 4, ""value"": 709464534335.0}, {""period"": ""Q1 2022"", ""year"": 2022, ""quarter"": 1, ""value"": 956726185489.0}, {""period"": ""Q2 2022"", ""year"": 2022, ""quarter"": 2, ""value"": 695486301709.0}, {""period"": ""Q3 2022"", ""year"": 2022, ""quarter"": 3, ""value"": 924861342484.0}, {""period"": ""Q4 2022"", ""year"": 2022, ""quarter"": 4, ""value"": 1879800565878.0}, {""period"": ""Q1 2023"", ""year"": 2023, ""quarter"": 1, ""value"": 1743528462131.0}, {""period"": ""Q2 2023"", ""year"": 2023, ""quarter"": 2, ""value"": 1859432757966.0}, {""period"": ""Q3 2023"", ""year"": 2023, ""quarter"": 3, ""value"": 1262790558782.0}, {""period"": ""Q4 2023"", ""year"": 2023, ""quarter"": 4, ""value"": 2994462737846.0}, {""period"": ""Q1 2024"", ""year"": 2024, ""quarter"": 1, ""value"": 2528201396201.0}, {""period"": ""Q2 2024"", ""year"": 2024, ""quarter"": 2, ""value"": 3585722356052.0}, {""period"": ""Q3 2024"", ""year"": 2024, ""quarter"": 3, ""value"": 2795211911707.0}, {""period"": ""Q4 2024"", ""year"": 2024, ""quarter"": 4, ""value"": 3372109889943.0}, {""period"": ""Q1 2025"", ""year"": 2025, ""quarter"": 1, ""value"": 2585586277146.0}, {""period"": ""Q2 2025"", ""year"": 2025, ""quarter"": 2, ""value"": 2899602487604.0}, {""period"": ""Q3 2025"", ""year"": 2025, ""quarter"": 3, ""value"": 908232801457.0}, {""period"": ""Q4 2025"", ""year"": 2025, ""quarter"": 4, ""value"": 662937770974.0}, {""period"": ""Q1 2026"", ""year"": 2026, ""quarter"": 1, ""value"": 468985394242.0}, {""period"": ""Q2 2026"", ""year"": 2026, ""quarter"": 2, ""value"": 469753642864.0}]"
VPG,1,BalanceSheet,Quarter,1010402,2. Dự phòng giảm giá hàng tồn kho,10104,False,4,,"[{""period"": ""Q4 2015"", ""year"": 2015, ""quarter"": 4, ""value"": 0.0}, {""period"": ""Q4 2016"", ""year"": 2016, ""quarter"": 4, ""value"": 0.0}, {""period"": ""Q2 2017"", ""year"": 2017, ""quarter"": 2, ""value"": 0.0}, {""period"": ""Q3 2017"", ""year"": 2017, ""quarter"": 3, ""value"": 0.0}, {""period"": ""Q4 2017"", ""year"": 2017, ""quarter"": 4, ""value"": 0.0}, {""period"": ""Q1 2018"", ""year"": 2018, ""quarter"": 1, ""value"": 0.0}, {""period"": ""Q2 2018"", ""year"": 2018, ""quarter"": 2, ""value"": 0.0}, {""period"": ""Q3 2018"", ""year"": 2018, ""quarter"": 3, ""value"": 0.0}, {""period"": ""Q4 2018"", ""year"": 2018, ""quarter"": 4, ""value"": 0.0}, {""period"": ""Q1 2019"", ""year"": 2019, ""quarter"": 1, ""value"": 0.0}, {""period"": ""Q2 2019"", ""year"": 2019, ""quarter"": 2, ""value"": 0.0}, {""period"": ""Q3 2019"", ""year"": 2019, ""quarter"": 3, ""value"": 0.0}, {""period"": ""Q4 2019"", ""year"": 2019, ""quarter"": 4, ""value"": 0.0}, {""period"": ""Q1 2020"", ""year"": 2020, ""quarter"": 1, ""value"": 0.0}, {""period"": ""Q2 2020"", ""year"": 2020, ""quarter"": 2, ""value"": 0.0}, {""period"": ""Q3 2020"", ""year"": 2020, ""quarter"": 3, ""value"": 0.0}, {""period"": ""Q4 2020"", ""year"": 2020, ""quarter"": 4, ""value"": 0.0}, {""period"": ""Q1 2021"", ""year"": 2021, ""quarter"": 1, ""value"": 0.0}, {""period"": ""Q2 2021"", ""year"": 2021, ""quarter"": 2, ""value"": 0.0}, {""period"": ""Q3 2021"", ""year"": 2021, ""quarter"": 3, ""value"": 0.0}, {""period"": ""Q4 2021"", ""year"": 2021, ""quarter"": 4, ""value"": 0.0}, {""period"": ""Q1 2022"", ""year"": 2022, ""quarter"": 1, ""value"": 0.0}, {""period"": ""Q2 2022"", ""year"": 2022, ""quarter"": 2, ""value"": 0.0}, {""period"": ""Q3 2022"", ""year"": 2022, ""quarter"": 3, ""value"": 0.0}, {""period"": ""Q4 2022"", ""year"": 2022, ""quarter"": 4, ""value"": 0.0}, {""period"": ""Q1 2023"", ""year"": 2023, ""quarter"": 1, ""value"": 0.0}, {""period"": ""Q2 2023"", ""year"": 2023, ""quarter"": 2, ""value"": 0.0}, {""period"": ""Q3 2023"", ""year"": 2023, ""quarter"": 3, ""value"": 0.0}, {""period"": ""Q4 2023"", ""year"": 2023, ""quarter"": 4, ""value"": 0.0}, {""period"": ""Q1 2024"", ""year"": 2024, ""quarter"": 1, ""value"": 0.0}, {""period"": ""Q2 2024"", ""year"": 2024, ""quarter"": 2, ""value"": 0.0}, {""period"": ""Q3 2024"", ""year"": 2024, ""quarter"": 3, ""value"": 0.0}, {""period"": ""Q4 2024"", ""year"": 2024, ""quarter"": 4, ""value"": 0.0}, {""period"": ""Q1 2025"", ""year"": 2025, ""quarter"": 1, ""value"": 0.0}, {""period"": ""Q2 2025"", ""year"": 2025, ""quarter"": 2, ""value"": 0.0}, {""period"": ""Q3 2025"", ""year"": 2025, ""quarter"": 3, ""value"": 0.0}, {""period"": ""Q4 2025"", ""year"": 2025, ""quarter"": 4, ""value"": -256224348519.0}, {""period"": ""Q1 2026"", ""year"": 2026, ""quarter"": 1, ""value"": -256224348519.0}, {""period"": ""Q2 2026"", ""year"": 2026, ""quarter"": 2, ""value"": -256224348519.0}]"
VPG,1,BalanceSheet,Quarter,10105,V. Tài sản ngắn hạn khác,101,False,3,,"[{""period"": ""Q4 2015"", ""year"": 2015, ""quarter"": 4, ""value"": 14475913353.0}, {""period"": ""Q4 2016"", ""year"": 2016, ""quarter"": 4, ""value"": 33953839218.0}, {""period"": ""Q2 2017"", ""year"": 2017, ""quarter"": 2, ""value"": 25522200081.0}, {""period"": ""Q3 2017"", ""year"": 2017, ""quarter"": 3, ""value"": 11754918489.0}, {""period"": ""Q4 2017"", ""year"": 2017, ""quarter"": 4, ""value"": 15893223762.0}, {""period"": ""Q1 2018"", ""year"": 2018, ""quarter"": 1, ""value"": 14243104412.0}, {""period"": ""Q2 2018"", ""year"": 2018, ""quarter"": 2, ""value"": 33813815230.0}, {""period"": ""Q3 2018"", ""year"": 2018, ""quarter"": 3, ""value"": 76701880187.0}, {""period"": ""Q4 2018"", ""year"": 2018, ""quarter"": 4, ""value"": 59325608969.0}, {""period"": ""Q1 2019"", ""year"": 2019, ""quarter"": 1, ""value"": 19327129760.0}, {""period"": ""Q2 2019"", ""year"": 2019, ""quarter"": 2, ""value"": 34401123403.0}, {""period"": ""Q3 2019"", ""year"": 2019, ""quarter"": 3, ""value"": 13943140722.0}, {""period"": ""Q4 2019"", ""year"": 2019, ""quarter"": 4, ""value"": 17143105218.0}, {""period"": ""Q1 2020"", ""year"": 2020, ""quarter"": 1, ""value"": 11708233342.0}, {""period"": ""Q2 2020"", ""year"": 2020, ""quarter"": 2, ""value"": 1224419136.0}, {""period"": ""Q3 2020"", ""year"": 2020, ""quarter"": 3, ""value"": 2231702244.0}, {""period"": ""Q4 2020"", ""year"": 2020, ""quarter"": 4, ""value"": 1622748444.0}, {""period"": ""Q1 2021"", ""year"": 2021, ""quarter"": 1, ""value"": 1183759242.0}, {""period"": ""Q2 2021"", ""year"": 2021, ""quarter"": 2, ""value"": 2251341500.0}, {""period"": ""Q3 2021"", ""year"": 2021, ""quarter"": 3, ""value"": 2557011221.0}, {""period"": ""Q4 2021"", ""year"": 2021, ""quarter"": 4, ""value"": 37147180474.0}, {""period"": ""Q1 2022"", ""year"": 2022, ""quarter"": 1, ""value"": 26079384000.0}, {""period"": ""Q2 2022"", ""year"": 2022, ""quarter"": 2, ""value"": 2198046133.0}, {""period"": ""Q3 2022"", ""year"": 2022, ""quarter"": 3, ""value"": 48919493015.0}, {""period"": ""Q4 2022"", ""year"": 2022, ""quarter"": 4, ""value"": 83882747695.0}, {""period"": ""Q1 2023"", ""year"": 2023, ""quarter"": 1, ""value"": 62008482723.0}, {""period"": ""Q2 2023"", ""year"": 2023, ""quarter"": 2, ""value"": 19529107336.0}, {""period"": ""Q3 2023"", ""year"": 2023, ""quarter"": 3, ""value"": 27380549748.0}, {""period"": ""Q4 2023"", ""year"": 2023, ""quarter"": 4, ""value"": 60432279477.0}, {""period"": ""Q1 2024"", ""year"": 2024, ""quarter"": 1, ""value"": 54466610538.0}, {""period"": ""Q2 2024"", ""year"": 2024, ""quarter"": 2, ""value"": 95074997687.0}, {""period"": ""Q3 2024"", ""year"": 2024, ""quarter"": 3, ""value"": 40446715315.0}, {""period"": ""Q4 2024"", ""year"": 2024, ""quarter"": 4, ""value"": 28882959622.0}, {""period"": ""Q1 2025"", ""year"": 2025, ""quarter"": 1, ""value"": 36119958014.0}, {""period"": ""Q2 2025"", ""year"": 2025, ""quarter"": 2, ""value"": 32332113999.0}, {""period"": ""Q3 2025"", ""year"": 2025, ""quarter"": 3, ""value"": 19465961830.0}, {""period"": ""Q4 2025"", ""year"": 2025, ""quarter"": 4, ""value"": 12570269868.0}, {""period"": ""Q1 2026"", ""year"": 2026, ""quarter"": 1, ""value"": 12805107704.0}, {""period"": ""Q2 2026"", ""year"": 2026, ""quarter"": 2, ""value"": 12920411879.0}]"
VPG,1,BalanceSheet,Quarter,1010501,1. Chi phí trả trước ngắn hạn,10105,False,4,,"[{""period"": ""Q4 2015"", ""year"": 2015, ""quarter"": 4, ""value"": 0.0}, {""period"": ""Q4 2016"", ""year"": 2016, ""quarter"": 4, ""value"": 0.0}, {""period"": ""Q2 2017"", ""year"": 2017, ""quarter"": 2, ""value"": 0.0}, {""period"": ""Q3 2017"", ""year"": 2017, ""quarter"": 3, ""value"": 0.0}, {""period"": ""Q4 2017"", ""year"": 2017, ""quarter"": 4, ""value"": 0.0}, {""period"": ""Q1 2018"", ""year"": 2018, ""quarter"": 1, ""value"": 5541425823.0}, {""period"": ""Q2 2018"", ""year"": 2018, ""quarter"": 2, ""value"": 35401289.0}, {""period"": ""Q3 2018"", ""year"": 2018, ""quarter"": 3, ""value"": 23603084.0}, {""period"": ""Q4 2018"", ""year"": 2018, ""quarter"": 4, ""value"": 2363820602.0}, {""period"": ""Q1 2019"", ""year"": 2019, ""quarter"": 1, ""value"": 89433684.0}, {""period"": ""Q2 2019"", ""year"": 2019, ""quarter"": 2, ""value"": 155885624.0}, {""period"": ""Q3 2019"", ""year"": 2019, ""quarter"": 3, ""value"": 101983617.0}, {""period"": ""Q4 2019"", ""year"": 2019, ""quarter"": 4, ""value"": 445970853.0}, {""period"": ""Q1 2020"", ""year"": 2020, ""quarter"": 1, ""value"": 532579531.0}, {""period"": ""Q2 2020"", ""year"": 2020, ""quarter"": 2, ""value"": 704160018.0}, {""period"": ""Q3 2020"", ""year"": 2020, ""quarter"": 3, ""value"": 373447575.0}, {""period"": ""Q4 2020"", ""year"": 2020, ""quarter"": 4, ""value"": 658254920.0}, {""period"": ""Q1 2021"", ""year"": 2021, ""quarter"": 1, ""value"": 218766458.0}, {""period"": ""Q2 2021"", ""year"": 2021, ""quarter"": 2, ""value"": 133178344.0}, {""period"": ""Q3 2021"", ""year"": 2021, ""quarter"": 3, ""value"": 155911523.0}, {""period"": ""Q4 2021"", ""year"": 2021, ""quarter"": 4, ""value"": 103818452.0}, {""period"": ""Q1 2022"", ""year"": 2022, ""quarter"": 1, ""value"": 54909411.0}, {""period"": ""Q2 2022"", ""year"": 2022, ""quarter"": 2, ""value"": 75000000.0}, {""period"": ""Q3 2022"", ""year"": 2022, ""quarter"": 3, ""value"": 87987969.0}, {""period"": ""Q4 2022"", ""year"": 2022, ""quarter"": 4, ""value"": 76000000.0}, {""period"": ""Q1 2023"", ""year"": 2023, ""quarter"": 1, ""value"": 4679384814.0}, {""period"": ""Q2 2023"", ""year"": 2023, ""quarter"": 2, ""value"": 2324625480.0}, {""period"": ""Q3 2023"", ""year"": 2023, ""quarter"": 3, ""value"": 1356069547.0}, {""period"": ""Q4 2023"", ""year"": 2023, ""quarter"": 4, ""value"": 5425463561.0}, {""period"": ""Q1 2024"", ""year"": 2024, ""quarter"": 1, ""value"": 3291304752.0}, {""period"": ""Q2 2024"", ""year"": 2024, ""quarter"": 2, ""value"": 12086062051.0}, {""period"": ""Q3 2024"", ""year"": 2024, ""quarter"": 3, ""value"": 2464630791.0}, {""period"": ""Q4 2024"", ""year"": 2024, ""quarter"": 4, ""value"": 3146082977.0}, {""period"": ""Q1 2025"", ""year"": 2025, ""quarter"": 1, ""value"": 12487344054.0}, {""period"": ""Q2 2025"", ""year"": 2025, ""quarter"": 2, ""value"": 28528614986.0}, {""period"": ""Q3 2025"", ""year"": 2025, ""quarter"": 3, ""value"": 16924519012.0}, {""period"": ""Q4 2025"", ""year"": 2025, ""quarter"": 4, ""value"": 9862015946.0}, {""period"": ""Q1 2026"", ""year"": 2026, ""quarter"": 1, ""value"": 9826709084.0}, {""period"": ""Q2 2026"", ""year"": 2026, ""quarter"": 2, ""value"": 9614216640.0}]"
VPG,1,BalanceSheet,Quarter,1010502,2. Thuế giá trị gia tăng được khấu trừ,10105,False,4,,"[{""period"": ""Q4 2015"", ""year"": 2015, ""quarter"": 4, ""value"": 7959627920.0}, {""period"": ""Q4 2016"", ""year"": 2016, ""quarter"": 4, ""value"": 33889441668.0}, {""period"": ""Q2 2017"", ""year"": 2017, ""quarter"": 2, ""value"": 25457802531.0}, {""period"": ""Q3 2017"", ""year"": 2017, ""quarter"": 3, ""value"": 11690520939.0}, {""period"": ""Q4 2017"", ""year"": 2017, ""quarter"": 4, ""value"": 15893223762.0}, {""period"": ""Q1 2018"", ""year"": 2018, ""quarter"": 1, ""value"": 8701678589.0}, {""period"": ""Q2 2018"", ""year"": 2018, ""quarter"": 2, ""value"": 33778413941.0}, {""period"": ""Q3 2018"", ""year"": 2018, ""quarter"": 3, ""value"": 76678277103.0}, {""period"": ""Q4 2018"", ""year"": 2018, ""quarter"": 4, ""value"": 11953189855.0}, {""period"": ""Q1 2019"", ""year"": 2019, ""quarter"": 1, ""value"": 19237696076.0}, {""period"": ""Q2 2019"", ""year"": 2019, ""quarter"": 2, ""value"": 34245237779.0}, {""period"": ""Q3 2019"", ""year"": 2019, ""quarter"": 3, ""value"": 13841157105.0}, {""period"": ""Q4 2019"", ""year"": 2019, ""quarter"": 4, ""value"": 16697134365.0}, {""period"": ""Q1 2020"", ""year"": 2020, ""quarter"": 1, ""value"": 10240077015.0}, {""period"": ""Q2 2020"", ""year"": 2020, ""quarter"": 2, ""value"": 520259118.0}, {""period"": ""Q3 2020"", ""year"": 2020, ""quarter"": 3, ""value"": 1410197375.0}, {""period"": ""Q4 2020"", ""year"": 2020, ""quarter"": 4, ""value"": 516436230.0}, {""period"": ""Q1 2021"", ""year"": 2021, ""quarter"": 1, ""value"": 516935490.0}, {""period"": ""Q2 2021"", ""year"": 2021, ""quarter"": 2, ""value"": 517668877.0}, {""period"": ""Q3 2021"", ""year"": 2021, ""quarter"": 3, ""value"": 518300295.0}, {""period"": ""Q4 2021"", ""year"": 2021, ""quarter"": 4, ""value"": 34734605340.0}, {""period"": ""Q1 2022"", ""year"": 2022, ""quarter"": 1, ""value"": 25034186393.0}, {""period"": ""Q2 2022"", ""year"": 2022, ""quarter"": 2, ""value"": 2123046133.0}, {""period"": ""Q3 2022"", ""year"": 2022, ""quarter"": 3, ""value"": 47069900938.0}, {""period"": ""Q4 2022"", ""year"": 2022, ""quarter"": 4, ""value"": 83463075578.0}, {""period"": ""Q1 2023"", ""year"": 2023, ""quarter"": 1, ""value"": 55017459635.0}, {""period"": ""Q2 2023"", ""year"": 2023, ""quarter"": 2, ""value"": 14282589831.0}, {""period"": ""Q3 2023"", ""year"": 2023, ""quarter"": 3, ""value"": 18464304945.0}, {""period"": ""Q4 2023"", ""year"": 2023, ""quarter"": 4, ""value"": 52727949067.0}, {""period"": ""Q1 2024"", ""year"": 2024, ""quarter"": 1, ""value"": 46353260924.0}, {""period"": ""Q2 2024"", ""year"": 2024, ""quarter"": 2, ""value"": 74767078297.0}, {""period"": ""Q3 2024"", ""year"": 2024, ""quarter"": 3, ""value"": 34913750759.0}, {""period"": ""Q4 2024"", ""year"": 2024, ""quarter"": 4, ""value"": 24316630074.0}, {""period"": ""Q1 2025"", ""year"": 2025, ""quarter"": 1, ""value"": 21877236069.0}, {""period"": ""Q2 2025"", ""year"": 2025, ""quarter"": 2, ""value"": 521700524.0}, {""period"": ""Q3 2025"", ""year"": 2025, ""quarter"": 3, ""value"": 1249977013.0}, {""period"": ""Q4 2025"", ""year"": 2025, ""quarter"": 4, ""value"": 521972524.0}, {""period"": ""Q1 2026"", ""year"": 2026, ""quarter"": 1, ""value"": 792117222.0}, {""period"": ""Q2 2026"", ""year"": 2026, ""quarter"": 2, ""value"": 1119913841.0}]"
VPG,1,BalanceSheet,Quarter,1010503,3. Thuế và các khoản phải thu Nhà nước,10105,False,4,,"[{""period"": ""Q4 2015"", ""year"": 2015, ""quarter"": 4, ""value"": 11285433.0}, {""period"": ""Q4 2016"", ""year"": 2016, ""quarter"": 4, ""value"": 64397550.0}, {""period"": ""Q2 2017"", ""year"": 2017, ""quarter"": 2, ""value"": 64397550.0}, {""period"": ""Q3 2017"", ""year"": 2017, ""quarter"": 3, ""value"": 64397550.0}, {""period"": ""Q4 2017"", ""year"": 2017, ""quarter"": 4, ""value"": 0.0}, {""period"": ""Q1 2018"", ""year"": 2018, ""quarter"": 1, ""value"": 0.0}, {""period"": ""Q2 2018"", ""year"": 2018, ""quarter"": 2, ""value"": 0.0}, {""period"": ""Q3 2018"", ""year"": 2018, ""quarter"": 3, ""value"": 0.0}, {""period"": ""Q4 2018"", ""year"": 2018, ""quarter"": 4, ""value"": 45008598512.0}, {""period"": ""Q1 2019"", ""year"": 2019, ""quarter"": 1, ""value"": 0.0}, {""period"": ""Q2 2019"", ""year"": 2019, ""quarter"": 2, ""value"": 0.0}, {""period"": ""Q3 2019"", ""year"": 2019, ""quarter"": 3, ""value"": 0.0}, {""period"": ""Q4 2019"", ""year"": 2019, ""quarter"": 4, ""value"": 0.0}, {""period"": ""Q1 2020"", ""year"": 2020, ""quarter"": 1, ""value"": 935576796.0}, {""period"": ""Q2 2020"", ""year"": 2020, ""quarter"": 2, ""value"": 0.0}, {""period"": ""Q3 2020"", ""year"": 2020, ""quarter"": 3, ""value"": 448057294.0}, {""period"": ""Q4 2020"", ""year"": 2020, ""quarter"": 4, ""value"": 448057294.0}, {""period"": ""Q1 2021"", ""year"": 2021, ""quarter"": 1, ""value"": 448057294.0}, {""period"": ""Q2 2021"", ""year"": 2021, ""quarter"": 2, ""value"": 1600494279.0}, {""period"": ""Q3 2021"", ""year"": 2021, ""quarter"": 3, ""value"": 1882799403.0}, {""period"": ""Q4 2021"", ""year"": 2021, ""quarter"": 4, ""value"": 2308756682.0}, {""period"": ""Q1 2022"", ""year"": 2022, ""quarter"": 1, ""value"": 990288196.0}, {""period"": ""Q2 2022"", ""year"": 2022, ""quarter"": 2, ""value"": 0.0}, {""period"": ""Q3 2022"", ""year"": 2022, ""quarter"": 3, ""value"": 1761604108.0}, {""period"": ""Q4 2022"", ""year"": 2022, ""quarter"": 4, ""value"": 343672117.0}, {""period"": ""Q1 2023"", ""year"": 2023, ""quarter"": 1, ""value"": 2311638274.0}, {""period"": ""Q2 2023"", ""year"": 2023, ""quarter"": 2, ""value"": 2921892025.0}, {""period"": ""Q3 2023"", ""year"": 2023, ""quarter"": 3, ""value"": 7560175256.0}, {""period"": ""Q4 2023"", ""year"": 2023, ""quarter"": 4, ""value"": 2278866849.0}, {""period"": ""Q1 2024"", ""year"": 2024, ""quarter"": 1, ""value"": 4822044862.0}, {""period"": ""Q2 2024"", ""year"": 2024, ""quarter"": 2, ""value"": 8221857339.0}, {""period"": ""Q3 2024"", ""year"": 2024, ""quarter"": 3, ""value"": 3068333765.0}, {""period"": ""Q4 2024"", ""year"": 2024, ""quarter"": 4, ""value"": 1420246571.0}, {""period"": ""Q1 2025"", ""year"": 2025, ""quarter"": 1, ""value"": 1755377891.0}, {""period"": ""Q2 2025"", ""year"": 2025, ""quarter"": 2, ""value"": 3281798489.0}, {""period"": ""Q3 2025"", ""year"": 2025, ""quarter"": 3, ""value"": 1291465805.0}, {""period"": ""Q4 2025"", ""year"": 2025, ""quarter"": 4, ""value"": 2186281398.0}, {""period"": ""Q1 2026"", ""year"": 2026, ""quarter"": 1, ""value"": 2186281398.0}, {""period"": ""Q2 2026"", ""year"": 2026, ""quarter"": 2, ""value"": 2186281398.0}]"
VPG,1,BalanceSheet,Quarter,1010504,4. Giao dịch mua bán lại trái phiếu chính phủ,10105,False,4,,"[{""period"": ""Q4 2015"", ""year"": 2015, ""quarter"": 4, ""value"": 0.0}, {""period"": ""Q4 2016"", ""year"": 2016, ""quarter"": 4, ""value"": 0.0}, {""period"": ""Q2 2017"", ""year"": 2017, ""quarter"": 2, ""value"": 0.0}, {""period"": ""Q3 2017"", ""year"": 2017, ""quarter"": 3, ""value"": 0.0}, {""period"": ""Q4 2017"", ""year"": 2017, ""quarter"": 4, ""value"": 0.0}, {""period"": ""Q1 2018"", ""year"": 2018, ""quarter"": 1, ""value"": 0.0}, {""period"": ""Q2 2018"", ""year"": 2018, ""quarter"": 2, ""value"": 0.0}, {""period"": ""Q3 2018"", ""year"": 2018, ""quarter"": 3, ""value"": 0.0}, {""period"": ""Q4 2018"", ""year"": 2018, ""quarter"": 4, ""value"": 0.0}, {""period"": ""Q1 2019"", ""year"": 2019, ""quarter"": 1, ""value"": 0.0}, {""period"": ""Q2 2019"", ""year"": 2019, ""quarter"": 2, ""value"": 0.0}, {""period"": ""Q3 2019"", ""year"": 2019, ""quarter"": 3, ""value"": 0.0}, {""period"": ""Q4 2019"", ""year"": 2019, ""quarter"": 4, ""value"": 0.0}, {""period"": ""Q1 2020"", ""year"": 2020, ""quarter"": 1, ""value"": 0.0}, {""period"": ""Q2 2020"", ""year"": 2020, ""quarter"": 2, ""value"": 0.0}, {""period"": ""Q3 2020"", ""year"": 2020, ""quarter"": 3, ""value"": 0.0}, {""period"": ""Q4 2020"", ""year"": 2020, ""quarter"": 4, ""value"": 0.0}, {""period"": ""Q1 2021"", ""year"": 2021, ""quarter"": 1, ""value"": 0.0}, {""period"": ""Q2 2021"", ""year"": 2021, ""quarter"": 2, ""value"": 0.0}, {""period"": ""Q3 2021"", ""year"": 2021, ""quarter"": 3, ""value"": 0.0}, {""period"": ""Q4 2021"", ""year"": 2021, ""quarter"": 4, ""value"": 0.0}, {""period"": ""Q1 2022"", ""year"": 2022, ""quarter"": 1, ""value"": 0.0}, {""period"": ""Q2 2022"", ""year"": 2022, ""quarter"": 2, ""value"": 0.0}, {""period"": ""Q3 2022"", ""year"": 2022, ""quarter"": 3, ""value"": 0.0}, {""period"": ""Q4 2022"", ""year"": 2022, ""quarter"": 4, ""value"": 0.0}, {""period"": ""Q1 2023"", ""year"": 2023, ""quarter"": 1, ""value"": 0.0}, {""period"": ""Q2 2023"", ""year"": 2023, ""quarter"": 2, ""value"": 0.0}, {""period"": ""Q3 2023"", ""year"": 2023, ""quarter"": 3, ""value"": 0.0}, {""period"": ""Q4 2023"", ""year"": 2023, ""quarter"": 4, ""value"": 0.0}, {""period"": ""Q1 2024"", ""year"": 2024, ""quarter"": 1, ""value"": 0.0}, {""period"": ""Q2 2024"", ""year"": 2024, ""quarter"": 2, ""value"": 0.0}, {""period"": ""Q3 2024"", ""year"": 2024, ""quarter"": 3, ""value"": 0.0}, {""period"": ""Q4 2024"", ""year"": 2024, ""quarter"": 4, ""value"": 0.0}, {""period"": ""Q1 2025"", ""year"": 2025, ""quarter"": 1, ""value"": 0.0}, {""period"": ""Q2 2025"", ""year"": 2025, ""quarter"": 2, ""value"": 0.0}, {""period"": ""Q3 2025"", ""year"": 2025, ""quarter"": 3, ""value"": 0.0}, {""period"": ""Q4 2025"", ""year"": 2025, ""quarter"": 4, ""value"": 0.0}, {""period"": ""Q1 2026"", ""year"": 2026, ""quarter"": 1, ""value"": 0.0}, {""period"": ""Q2 2026"", ""year"": 2026, ""quarter"": 2, ""value"": 0.0}]"
VPG,1,BalanceSheet,Quarter,1010505,5. Tài sản ngắn hạn khác,10105,False,4,,"[{""period"": ""Q4 2015"", ""year"": 2015, ""quarter"": 4, ""value"": 6505000000.0}, {""period"": ""Q4 2016"", ""year"": 2016, ""quarter"": 4, ""value"": 0.0}, {""period"": ""Q2 2017"", ""year"": 2017, ""quarter"": 2, ""value"": 0.0}, {""period"": ""Q3 2017"", ""year"": 2017, ""quarter"": 3, ""value"": 0.0}, {""period"": ""Q4 2017"", ""year"": 2017, ""quarter"": 4, ""value"": 0.0}, {""period"": ""Q1 2018"", ""year"": 2018, ""quarter"": 1, ""value"": 0.0}, {""period"": ""Q2 2018"", ""year"": 2018, ""quarter"": 2, ""value"": 0.0}, {""period"": ""Q3 2018"", ""year"": 2018, ""quarter"": 3, ""value"": 0.0}, {""period"": ""Q4 2018"", ""year"": 2018, ""quarter"": 4, ""value"": 0.0}, {""period"": ""Q1 2019"", ""year"": 2019, ""quarter"": 1, ""value"": 0.0}, {""period"": ""Q2 2019"", ""year"": 2019, ""quarter"": 2, ""value"": 0.0}, {""period"": ""Q3 2019"", ""year"": 2019, ""quarter"": 3, ""value"": 0.0}, {""period"": ""Q4 2019"", ""year"": 2019, ""quarter"": 4, ""value"": 0.0}, {""period"": ""Q1 2020"", ""year"": 2020, ""quarter"": 1, ""value"": 0.0}, {""period"": ""Q2 2020"", ""year"": 2020, ""quarter"": 2, ""value"": 0.0}, {""period"": ""Q3 2020"", ""year"": 2020, ""quarter"": 3, ""value"": 0.0}, {""period"": ""Q4 2020"", ""year"": 2020, ""quarter"": 4, ""value"": 0.0}, {""period"": ""Q1 2021"", ""year"": 2021, ""quarter"": 1, ""value"": 0.0}, {""period"": ""Q2 2021"", ""year"": 2021, ""quarter"": 2, ""value"": 0.0}, {""period"": ""Q3 2021"", ""year"": 2021, ""quarter"": 3, ""value"": 0.0}, {""period"": ""Q4 2021"", ""year"": 2021, ""quarter"": 4, ""value"": 0.0}, {""period"": ""Q1 2022"", ""year"": 2022, ""quarter"": 1, ""value"": 0.0}, {""period"": ""Q2 2022"", ""year"": 2022, ""quarter"": 2, ""value"": 0.0}, {""period"": ""Q3 2022"", ""year"": 2022, ""quarter"": 3, ""value"": 0.0}, {""period"": ""Q4 2022"", ""year"": 2022, ""quarter"": 4, ""value"": 0.0}, {""period"": ""Q1 2023"", ""year"": 2023, ""quarter"": 1, ""value"": 0.0}, {""period"": ""Q2 2023"", ""year"": 2023, ""quarter"": 2, ""value"": 0.0}, {""period"": ""Q3 2023"", ""year"": 2023, ""quarter"": 3, ""value"": 0.0}, {""period"": ""Q4 2023"", ""year"": 2023, ""quarter"": 4, ""value"": 0.0}, {""period"": ""Q1 2024"", ""year"": 2024, ""quarter"": 1, ""value"": 0.0}, {""period"": ""Q2 2024"", ""year"": 2024, ""quarter"": 2, ""value"": 0.0}, {""period"": ""Q3 2024"", ""year"": 2024, ""quarter"": 3, ""value"": 0.0}, {""period"": ""Q4 2024"", ""year"": 2024, ""quarter"": 4, ""value"": 0.0}, {""period"": ""Q1 2025"", ""year"": 2025, ""quarter"": 1, ""value"": 0.0}, {""period"": ""Q2 2025"", ""year"": 2025, ""quarter"": 2, ""value"": 0.0}, {""period"": ""Q3 2025"", ""year"": 2025, ""quarter"": 3, ""value"": 0.0}, {""period"": ""Q4 2025"", ""year"": 2025, ""quarter"": 4, ""value"": 0.0}, {""period"": ""Q1 2026"", ""year"": 2026, ""quarter"": 1, ""value"": 0.0}, {""period"": ""Q2 2026"", ""year"": 2026, ""quarter"": 2, ""value"": 0.0}]"
VPG,1,BalanceSheet,Quarter,102,B. Tài sản cố định và đầu tư dài hạn,1,True,2,,"[{""period"": ""Q4 2015"", ""year"": 2015, ""quarter"": 4, ""value"": 44704496144.0}, {""period"": ""Q4 2016"", ""year"": 2016, ""quarter"": 4, ""value"": 70266402475.0}, {""period"": ""Q2 2017"", ""year"": 2017, ""quarter"": 2, ""value"": 94673259271.0}, {""period"": ""Q3 2017"", ""year"": 2017, ""quarter"": 3, ""value"": 207873411370.0}, {""period"": ""Q4 2017"", ""year"": 2017, ""quarter"": 4, ""value"": 186719865195.0}, {""period"": ""Q1 2018"", ""year"": 2018, ""quarter"": 1, ""value"": 187939831006.0}, {""period"": ""Q2 2018"", ""year"": 2018, ""quarter"": 2, ""value"": 172180742937.0}, {""period"": ""Q3 2018"", ""year"": 2018, ""quarter"": 3, ""value"": 171235710288.0}, {""period"": ""Q4 2018"", ""year"": 2018, ""quarter"": 4, ""value"": 184880439808.0}, {""period"": ""Q1 2019"", ""year"": 2019, ""quarter"": 1, ""value"": 227722510620.0}, {""period"": ""Q2 2019"", ""year"": 2019, ""quarter"": 2, ""value"": 368786204956.0}, {""period"": ""Q3 2019"", ""year"": 2019, ""quarter"": 3, ""value"": 445336870932.0}, {""period"": ""Q4 2019"", ""year"": 2019, ""quarter"": 4, ""value"": 466166598537.0}, {""period"": ""Q1 2020"", ""year"": 2020, ""quarter"": 1, ""value"": 162109006520.0}, {""period"": ""Q2 2020"", ""year"": 2020, ""quarter"": 2, ""value"": 205788791752.0}, {""period"": ""Q3 2020"", ""year"": 2020, ""quarter"": 3, ""value"": 208472083602.0}, {""period"": ""Q4 2020"", ""year"": 2020, ""quarter"": 4, ""value"": 190856597213.0}, {""period"": ""Q1 2021"", ""year"": 2021, ""quarter"": 1, ""value"": 189740455887.0}, {""period"": ""Q2 2021"", ""year"": 2021, ""quarter"": 2, ""value"": 187694081458.0}, {""period"": ""Q3 2021"", ""year"": 2021, ""quarter"": 3, ""value"": 185026461171.0}, {""period"": ""Q4 2021"", ""year"": 2021, ""quarter"": 4, ""value"": 230543740135.0}, {""period"": ""Q1 2022"", ""year"": 2022, ""quarter"": 1, ""value"": 881276064780.0}, {""period"": ""Q2 2022"", ""year"": 2022, ""quarter"": 2, ""value"": 1031162897815.0}, {""period"": ""Q3 2022"", ""year"": 2022, ""quarter"": 3, ""value"": 1029387301050.0}, {""period"": ""Q4 2022"", ""year"": 2022, ""quarter"": 4, ""value"": 974183264924.0}, {""period"": ""Q1 2023"", ""year"": 2023, ""quarter"": 1, ""value"": 977752733958.0}, {""period"": ""Q2 2023"", ""year"": 2023, ""quarter"": 2, ""value"": 977023389791.0}, {""period"": ""Q3 2023"", ""year"": 2023, ""quarter"": 3, ""value"": 859221229304.0}, {""period"": ""Q4 2023"", ""year"": 2023, ""quarter"": 4, ""value"": 694266663125.0}, {""period"": ""Q1 2024"", ""year"": 2024, ""quarter"": 1, ""value"": 715816184188.0}, {""period"": ""Q2 2024"", ""year"": 2024, ""quarter"": 2, ""value"": 607987072932.0}, {""period"": ""Q3 2024"", ""year"": 2024, ""quarter"": 3, ""value"": 604590803781.0}, {""period"": ""Q4 2024"", ""year"": 2024, ""quarter"": 4, ""value"": 620508785696.0}, {""period"": ""Q1 2025"", ""year"": 2025, ""quarter"": 1, ""value"": 651573594186.0}, {""period"": ""Q2 2025"", ""year"": 2025, ""quarter"": 2, ""value"": 645726202827.0}, {""period"": ""Q3 2025"", ""year"": 2025, ""quarter"": 3, ""value"": 640381313937.0}, {""period"": ""Q4 2025"", ""year"": 2025, ""quarter"": 4, ""value"": 85192623032.0}, {""period"": ""Q1 2026"", ""year"": 2026, ""quarter"": 1, ""value"": 82486865927.0}, {""period"": ""Q2 2026"", ""year"": 2026, ""quarter"": 2, ""value"": 70295927323.0}]"
VPG,1,BalanceSheet,Quarter,10201,I. Các khoản phải thu dài hạn,102,False,3,,"[{""period"": ""Q4 2015"", ""year"": 2015, ""quarter"": 4, ""value"": 0.0}, {""period"": ""Q4 2016"", ""year"": 2016, ""quarter"": 4, ""value"": 0.0}, {""period"": ""Q2 2017"", ""year"": 2017, ""quarter"": 2, ""value"": 0.0}, {""period"": ""Q3 2017"", ""year"": 2017, ""quarter"": 3, ""value"": 0.0}, {""period"": ""Q4 2017"", ""year"": 2017, ""quarter"": 4, ""value"": 0.0}, {""period"": ""Q1 2018"", ""year"": 2018, ""quarter"": 1, ""value"": 0.0}, {""period"": ""Q2 2018"", ""year"": 2018, ""quarter"": 2, ""value"": 0.0}, {""period"": ""Q3 2018"", ""year"": 2018, ""quarter"": 3, ""value"": 0.0}, {""period"": ""Q4 2018"", ""year"": 2018, ""quarter"": 4, ""value"": 0.0}, {""period"": ""Q1 2019"", ""year"": 2019, ""quarter"": 1, ""value"": 0.0}, {""period"": ""Q2 2019"", ""year"": 2019, ""quarter"": 2, ""value"": 0.0}, {""period"": ""Q3 2019"", ""year"": 2019, ""quarter"": 3, ""value"": 0.0}, {""period"": ""Q4 2019"", ""year"": 2019, ""quarter"": 4, ""value"": 0.0}, {""period"": ""Q1 2020"", ""year"": 2020, ""quarter"": 1, ""value"": 0.0}, {""period"": ""Q2 2020"", ""year"": 2020, ""quarter"": 2, ""value"": 0.0}, {""period"": ""Q3 2020"", ""year"": 2020, ""quarter"": 3, ""value"": 0.0}, {""period"": ""Q4 2020"", ""year"": 2020, ""quarter"": 4, ""value"": 0.0}, {""period"": ""Q1 2021"", ""year"": 2021, ""quarter"": 1, ""value"": 0.0}, {""period"": ""Q2 2021"", ""year"": 2021, ""quarter"": 2, ""value"": 0.0}, {""period"": ""Q3 2021"", ""year"": 2021, ""quarter"": 3, ""value"": 0.0}, {""period"": ""Q4 2021"", ""year"": 2021, ""quarter"": 4, ""value"": 0.0}, {""period"": ""Q1 2022"", ""year"": 2022, ""quarter"": 1, ""value"": 600000000000.0}, {""period"": ""Q2 2022"", ""year"": 2022, ""quarter"": 2, ""value"": 300000000000.0}, {""period"": ""Q3 2022"", ""year"": 2022, ""quarter"": 3, ""value"": 300000000000.0}, {""period"": ""Q4 2022"", ""year"": 2022, ""quarter"": 4, ""value"": 300000000000.0}, {""period"": ""Q1 2023"", ""year"": 2023, ""quarter"": 1, ""value"": 300470000000.0}, {""period"": ""Q2 2023"", ""year"": 2023, ""quarter"": 2, ""value"": 300313000000.0}, {""period"": ""Q3 2023"", ""year"": 2023, ""quarter"": 3, ""value"": 180913500000.0}, {""period"": ""Q4 2023"", ""year"": 2023, ""quarter"": 4, ""value"": 612500000.0}, {""period"": ""Q1 2024"", ""year"": 2024, ""quarter"": 1, ""value"": 433000000.0}, {""period"": ""Q2 2024"", ""year"": 2024, ""quarter"": 2, ""value"": 633946481.0}, {""period"": ""Q3 2024"", ""year"": 2024, ""quarter"": 3, ""value"": 633946481.0}, {""period"": ""Q4 2024"", ""year"": 2024, ""quarter"": 4, ""value"": 623946481.0}, {""period"": ""Q1 2025"", ""year"": 2025, ""quarter"": 1, ""value"": 623946481.0}, {""period"": ""Q2 2025"", ""year"": 2025, ""quarter"": 2, ""value"": 610000000.0}, {""period"": ""Q3 2025"", ""year"": 2025, ""quarter"": 3, ""value"": 610000000.0}, {""period"": ""Q4 2025"", ""year"": 2025, ""quarter"": 4, ""value"": 610000000.0}, {""period"": ""Q1 2026"", ""year"": 2026, ""quarter"": 1, ""value"": 610000000.0}, {""period"": ""Q2 2026"", ""year"": 2026, ""quarter"": 2, ""value"": 610000000.0}]"
VPG,1,BalanceSheet,Quarter,1020101,1. Phải thu dài hạn của khách hàng,10201,False,4,,"[{""period"": ""Q4 2015"", ""year"": 2015, ""quarter"": 4, ""value"": 0.0}, {""period"": ""Q4 2016"", ""year"": 2016, ""quarter"": 4, ""value"": 0.0}, {""period"": ""Q2 2017"", ""year"": 2017, ""quarter"": 2, ""value"": 0.0}, {""period"": ""Q3 2017"", ""year"": 2017, ""quarter"": 3, ""value"": 0.0}, {""period"": ""Q4 2017"", ""year"": 2017, ""quarter"": 4, ""value"": 0.0}, {""period"": ""Q1 2018"", ""year"": 2018, ""quarter"": 1, ""value"": 0.0}, {""period"": ""Q2 2018"", ""year"": 2018, ""quarter"": 2, ""value"": 0.0}, {""period"": ""Q3 2018"", ""year"": 2018, ""quarter"": 3, ""value"": 0.0}, {""period"": ""Q4 2018"", ""year"": 2018, ""quarter"": 4, ""value"": 0.0}, {""period"": ""Q1 2019"", ""year"": 2019, ""quarter"": 1, ""value"": 0.0}, {""period"": ""Q2 2019"", ""year"": 2019, ""quarter"": 2, ""value"": 0.0}, {""period"": ""Q3 2019"", ""year"": 2019, ""quarter"": 3, ""value"": 0.0}, {""period"": ""Q4 2019"", ""year"": 2019, ""quarter"": 4, ""value"": 0.0}, {""period"": ""Q1 2020"", ""year"": 2020, ""quarter"": 1, ""value"": 0.0}, {""period"": ""Q2 2020"", ""year"": 2020, ""quarter"": 2, ""value"": 0.0}, {""period"": ""Q3 2020"", ""year"": 2020, ""quarter"": 3, ""value"": 0.0}, {""period"": ""Q4 2020"", ""year"": 2020, ""quarter"": 4, ""value"": 0.0}, {""period"": ""Q1 2021"", ""year"": 2021, ""quarter"": 1, ""value"": 0.0}, {""period"": ""Q2 2021"", ""year"": 2021, ""quarter"": 2, ""value"": 0.0}, {""period"": ""Q3 2021"", ""year"": 2021, ""quarter"": 3, ""value"": 0.0}, {""period"": ""Q4 2021"", ""year"": 2021, ""quarter"": 4, ""value"": 0.0}, {""period"": ""Q1 2022"", ""year"": 2022, ""quarter"": 1, ""value"": 0.0}, {""period"": ""Q2 2022"", ""year"": 2022, ""quarter"": 2, ""value"": 0.0}, {""period"": ""Q3 2022"", ""year"": 2022, ""quarter"": 3, ""value"": 0.0}, {""period"": ""Q4 2022"", ""year"": 2022, ""quarter"": 4, ""value"": 0.0}, {""period"": ""Q1 2023"", ""year"": 2023, ""quarter"": 1, ""value"": 0.0}, {""period"": ""Q2 2023"", ""year"": 2023, ""quarter"": 2, ""value"": 0.0}, {""period"": ""Q3 2023"", ""year"": 2023, ""quarter"": 3, ""value"": 0.0}, {""period"": ""Q4 2023"", ""year"": 2023, ""quarter"": 4, ""value"": 0.0}, {""period"": ""Q1 2024"", ""year"": 2024, ""quarter"": 1, ""value"": 0.0}, {""period"": ""Q2 2024"", ""year"": 2024, ""quarter"": 2, ""value"": 0.0}, {""period"": ""Q3 2024"", ""year"": 2024, ""quarter"": 3, ""value"": 0.0}, {""period"": ""Q4 2024"", ""year"": 2024, ""quarter"": 4, ""value"": 0.0}, {""period"": ""Q1 2025"", ""year"": 2025, ""quarter"": 1, ""value"": 0.0}, {""period"": ""Q2 2025"", ""year"": 2025, ""quarter"": 2, ""value"": 0.0}, {""period"": ""Q3 2025"", ""year"": 2025, ""quarter"": 3, ""value"": 0.0}, {""period"": ""Q4 2025"", ""year"": 2025, ""quarter"": 4, ""value"": 0.0}, {""period"": ""Q1 2026"", ""year"": 2026, ""quarter"": 1, ""value"": 0.0}, {""period"": ""Q2 2026"", ""year"": 2026, ""quarter"": 2, ""value"": 0.0}]"
VPG,1,BalanceSheet,Quarter,1020102,2. Vốn kinh doanh tại các đơn vị trực thuộc,10201,False,4,,"[{""period"": ""Q4 2015"", ""year"": 2015, ""quarter"": 4, ""value"": 0.0}, {""period"": ""Q4 2016"", ""year"": 2016, ""quarter"": 4, ""value"": 0.0}, {""period"": ""Q2 2017"", ""year"": 2017, ""quarter"": 2, ""value"": 0.0}, {""period"": ""Q3 2017"", ""year"": 2017, ""quarter"": 3, ""value"": 0.0}, {""period"": ""Q4 2017"", ""year"": 2017, ""quarter"": 4, ""value"": 0.0}, {""period"": ""Q1 2018"", ""year"": 2018, ""quarter"": 1, ""value"": 0.0}, {""period"": ""Q2 2018"", ""year"": 2018, ""quarter"": 2, ""value"": 0.0}, {""period"": ""Q3 2018"", ""year"": 2018, ""quarter"": 3, ""value"": 0.0}, {""period"": ""Q4 2018"", ""year"": 2018, ""quarter"": 4, ""value"": 0.0}, {""period"": ""Q1 2019"", ""year"": 2019, ""quarter"": 1, ""value"": 0.0}, {""period"": ""Q2 2019"", ""year"": 2019, ""quarter"": 2, ""value"": 0.0}, {""period"": ""Q3 2019"", ""year"": 2019, ""quarter"": 3, ""value"": 0.0}, {""period"": ""Q4 2019"", ""year"": 2019, ""quarter"": 4, ""value"": 0.0}, {""period"": ""Q1 2020"", ""year"": 2020, ""quarter"": 1, ""value"": 0.0}, {""period"": ""Q2 2020"", ""year"": 2020, ""quarter"": 2, ""value"": 0.0}, {""period"": ""Q3 2020"", ""year"": 2020, ""quarter"": 3, ""value"": 0.0}, {""period"": ""Q4 2020"", ""year"": 2020, ""quarter"": 4, ""value"": 0.0}, {""period"": ""Q1 2021"", ""year"": 2021, ""quarter"": 1, ""value"": 0.0}, {""period"": ""Q2 2021"", ""year"": 2021, ""quarter"": 2, ""value"": 0.0}, {""period"": ""Q3 2021"", ""year"": 2021, ""quarter"": 3, ""value"": 0.0}, {""period"": ""Q4 2021"", ""year"": 2021, ""quarter"": 4, ""value"": 0.0}, {""period"": ""Q1 2022"", ""year"": 2022, ""quarter"": 1, ""value"": 0.0}, {""period"": ""Q2 2022"", ""year"": 2022, ""quarter"": 2, ""value"": 0.0}, {""period"": ""Q3 2022"", ""year"": 2022, ""quarter"": 3, ""value"": 0.0}, {""period"": ""Q4 2022"", ""year"": 2022, ""quarter"": 4, ""value"": 0.0}, {""period"": ""Q1 2023"", ""year"": 2023, ""quarter"": 1, ""value"": 0.0}, {""period"": ""Q2 2023"", ""year"": 2023, ""quarter"": 2, ""value"": 0.0}, {""period"": ""Q3 2023"", ""year"": 2023, ""quarter"": 3, ""value"": 0.0}, {""period"": ""Q4 2023"", ""year"": 2023, ""quarter"": 4, ""value"": 0.0}, {""period"": ""Q1 2024"", ""year"": 2024, ""quarter"": 1, ""value"": 0.0}, {""period"": ""Q2 2024"", ""year"": 2024, ""quarter"": 2, ""value"": 0.0}, {""period"": ""Q3 2024"", ""year"": 2024, ""quarter"": 3, ""value"": 0.0}, {""period"": ""Q4 2024"", ""year"": 2024, ""quarter"": 4, ""value"": 0.0}, {""period"": ""Q1 2025"", ""year"": 2025, ""quarter"": 1, ""value"": 0.0}, {""period"": ""Q2 2025"", ""year"": 2025, ""quarter"": 2, ""value"": 0.0}, {""period"": ""Q3 2025"", ""year"": 2025, ""quarter"": 3, ""value"": 0.0}, {""period"": ""Q4 2025"", ""year"": 2025, ""quarter"": 4, ""value"": 0.0}, {""period"": ""Q1 2026"", ""year"": 2026, ""quarter"": 1, ""value"": 0.0}, {""period"": ""Q2 2026"", ""year"": 2026, ""quarter"": 2, ""value"": 0.0}]"
VPG,1,BalanceSheet,Quarter,1020103,3. Phải thu dài hạn nội bộ,10201,False,4,,"[{""period"": ""Q4 2015"", ""year"": 2015, ""quarter"": 4, ""value"": 0.0}, {""period"": ""Q4 2016"", ""year"": 2016, ""quarter"": 4, ""value"": 0.0}, {""period"": ""Q2 2017"", ""year"": 2017, ""quarter"": 2, ""value"": 0.0}, {""period"": ""Q3 2017"", ""year"": 2017, ""quarter"": 3, ""value"": 0.0}, {""period"": ""Q4 2017"", ""year"": 2017, ""quarter"": 4, ""value"": 0.0}, {""period"": ""Q1 2018"", ""year"": 2018, ""quarter"": 1, ""value"": 0.0}, {""period"": ""Q2 2018"", ""year"": 2018, ""quarter"": 2, ""value"": 0.0}, {""period"": ""Q3 2018"", ""year"": 2018, ""quarter"": 3, ""value"": 0.0}, {""period"": ""Q4 2018"", ""year"": 2018, ""quarter"": 4, ""value"": 0.0}, {""period"": ""Q1 2019"", ""year"": 2019, ""quarter"": 1, ""value"": 0.0}, {""period"": ""Q2 2019"", ""year"": 2019, ""quarter"": 2, ""value"": 0.0}, {""period"": ""Q3 2019"", ""year"": 2019, ""quarter"": 3, ""value"": 0.0}, {""period"": ""Q4 2019"", ""year"": 2019, ""quarter"": 4, ""value"": 0.0}, {""period"": ""Q1 2020"", ""year"": 2020, ""quarter"": 1, ""value"": 0.0}, {""period"": ""Q2 2020"", ""year"": 2020, ""quarter"": 2, ""value"": 0.0}, {""period"": ""Q3 2020"", ""year"": 2020, ""quarter"": 3, ""value"": 0.0}, {""period"": ""Q4 2020"", ""year"": 2020, ""quarter"": 4, ""value"": 0.0}, {""period"": ""Q1 2021"", ""year"": 2021, ""quarter"": 1, ""value"": 0.0}, {""period"": ""Q2 2021"", ""year"": 2021, ""quarter"": 2, ""value"": 0.0}, {""period"": ""Q3 2021"", ""year"": 2021, ""quarter"": 3, ""value"": 0.0}, {""period"": ""Q4 2021"", ""year"": 2021, ""quarter"": 4, ""value"": 0.0}, {""period"": ""Q1 2022"", ""year"": 2022, ""quarter"": 1, ""value"": 0.0}, {""period"": ""Q2 2022"", ""year"": 2022, ""quarter"": 2, ""value"": 0.0}, {""period"": ""Q3 2022"", ""year"": 2022, ""quarter"": 3, ""value"": 0.0}, {""period"": ""Q4 2022"", ""year"": 2022, ""quarter"": 4, ""value"": 0.0}, {""period"": ""Q1 2023"", ""year"": 2023, ""quarter"": 1, ""value"": 0.0}, {""period"": ""Q2 2023"", ""year"": 2023, ""quarter"": 2, ""value"": 0.0}, {""period"": ""Q3 2023"", ""year"": 2023, ""quarter"": 3, ""value"": 0.0}, {""period"": ""Q4 2023"", ""year"": 2023, ""quarter"": 4, ""value"": 0.0}, {""period"": ""Q1 2024"", ""year"": 2024, ""quarter"": 1, ""value"": 0.0}, {""period"": ""Q2 2024"", ""year"": 2024, ""quarter"": 2, ""value"": 0.0}, {""period"": ""Q3 2024"", ""year"": 2024, ""quarter"": 3, ""value"": 0.0}, {""period"": ""Q4 2024"", ""year"": 2024, ""quarter"": 4, ""value"": 0.0}, {""period"": ""Q1 2025"", ""year"": 2025, ""quarter"": 1, ""value"": 0.0}, {""period"": ""Q2 2025"", ""year"": 2025, ""quarter"": 2, ""value"": 0.0}, {""period"": ""Q3 2025"", ""year"": 2025, ""quarter"": 3, ""value"": 0.0}, {""period"": ""Q4 2025"", ""year"": 2025, ""quarter"": 4, ""value"": 0.0}, {""period"": ""Q1 2026"", ""year"": 2026, ""quarter"": 1, ""value"": 0.0}, {""period"": ""Q2 2026"", ""year"": 2026, ""quarter"": 2, ""value"": 0.0}]"
VPG,1,BalanceSheet,Quarter,1020104,4. Phải thu về cho vay dài hạn,10201,False,4,,"[{""period"": ""Q4 2015"", ""year"": 2015, ""quarter"": 4, ""value"": 0.0}, {""period"": ""Q4 2016"", ""year"": 2016, ""quarter"": 4, ""value"": 0.0}, {""period"": ""Q2 2017"", ""year"": 2017, ""quarter"": 2, ""value"": 0.0}, {""period"": ""Q3 2017"", ""year"": 2017, ""quarter"": 3, ""value"": 0.0}, {""period"": ""Q4 2017"", ""year"": 2017, ""quarter"": 4, ""value"": 0.0}, {""period"": ""Q1 2018"", ""year"": 2018, ""quarter"": 1, ""value"": 0.0}, {""period"": ""Q2 2018"", ""year"": 2018, ""quarter"": 2, ""value"": 0.0}, {""period"": ""Q3 2018"", ""year"": 2018, ""quarter"": 3, ""value"": 0.0}, {""period"": ""Q4 2018"", ""year"": 2018, ""quarter"": 4, ""value"": 0.0}, {""period"": ""Q1 2019"", ""year"": 2019, ""quarter"": 1, ""value"": 0.0}, {""period"": ""Q2 2019"", ""year"": 2019, ""quarter"": 2, ""value"": 0.0}, {""period"": ""Q3 2019"", ""year"": 2019, ""quarter"": 3, ""value"": 0.0}, {""period"": ""Q4 2019"", ""year"": 2019, ""quarter"": 4, ""value"": 0.0}, {""period"": ""Q1 2020"", ""year"": 2020, ""quarter"": 1, ""value"": 0.0}, {""period"": ""Q2 2020"", ""year"": 2020, ""quarter"": 2, ""value"": 0.0}, {""period"": ""Q3 2020"", ""year"": 2020, ""quarter"": 3, ""value"": 0.0}, {""period"": ""Q4 2020"", ""year"": 2020, ""quarter"": 4, ""value"": 0.0}, {""period"": ""Q1 2021"", ""year"": 2021, ""quarter"": 1, ""value"": 0.0}, {""period"": ""Q2 2021"", ""year"": 2021, ""quarter"": 2, ""value"": 0.0}, {""period"": ""Q3 2021"", ""year"": 2021, ""quarter"": 3, ""value"": 0.0}, {""period"": ""Q4 2021"", ""year"": 2021, ""quarter"": 4, ""value"": 0.0}, {""period"": ""Q1 2022"", ""year"": 2022, ""quarter"": 1, ""value"": 0.0}, {""period"": ""Q2 2022"", ""year"": 2022, ""quarter"": 2, ""value"": 0.0}, {""period"": ""Q3 2022"", ""year"": 2022, ""quarter"": 3, ""value"": 0.0}, {""period"": ""Q4 2022"", ""year"": 2022, ""quarter"": 4, ""value"": 0.0}, {""period"": ""Q1 2023"", ""year"": 2023, ""quarter"": 1, ""value"": 0.0}, {""period"": ""Q2 2023"", ""year"": 2023, ""quarter"": 2, ""value"": 0.0}, {""period"": ""Q3 2023"", ""year"": 2023, ""quarter"": 3, ""value"": 0.0}, {""period"": ""Q4 2023"", ""year"": 2023, ""quarter"": 4, ""value"": 0.0}, {""period"": ""Q1 2024"", ""year"": 2024, ""quarter"": 1, ""value"": 0.0}, {""period"": ""Q2 2024"", ""year"": 2024, ""quarter"": 2, ""value"": 0.0}, {""period"": ""Q3 2024"", ""year"": 2024, ""quarter"": 3, ""value"": 0.0}, {""period"": ""Q4 2024"", ""year"": 2024, ""quarter"": 4, ""value"": 0.0}, {""period"": ""Q1 2025"", ""year"": 2025, ""quarter"": 1, ""value"": 0.0}, {""period"": ""Q2 2025"", ""year"": 2025, ""quarter"": 2, ""value"": 0.0}, {""period"": ""Q3 2025"", ""year"": 2025, ""quarter"": 3, ""value"": 0.0}, {""period"": ""Q4 2025"", ""year"": 2025, ""quarter"": 4, ""value"": 0.0}, {""period"": ""Q1 2026"", ""year"": 2026, ""quarter"": 1, ""value"": 0.0}, {""period"": ""Q2 2026"", ""year"": 2026, ""quarter"": 2, ""value"": 0.0}]"
VPG,1,BalanceSheet,Quarter,1020105,5. Phải thu dài hạn khác,10201,False,4,,"[{""period"": ""Q4 2015"", ""year"": 2015, ""quarter"": 4, ""value"": 0.0}, {""period"": ""Q4 2016"", ""year"": 2016, ""quarter"": 4, ""value"": 0.0}, {""period"": ""Q2 2017"", ""year"": 2017, ""quarter"": 2, ""value"": 0.0}, {""period"": ""Q3 2017"", ""year"": 2017, ""quarter"": 3, ""value"": 0.0}, {""period"": ""Q4 2017"", ""year"": 2017, ""quarter"": 4, ""value"": 0.0}, {""period"": ""Q1 2018"", ""year"": 2018, ""quarter"": 1, ""value"": 0.0}, {""period"": ""Q2 2018"", ""year"": 2018, ""quarter"": 2, ""value"": 0.0}, {""period"": ""Q3 2018"", ""year"": 2018, ""quarter"": 3, ""value"": 0.0}, {""period"": ""Q4 2018"", ""year"": 2018, ""quarter"": 4, ""value"": 0.0}, {""period"": ""Q1 2019"", ""year"": 2019, ""quarter"": 1, ""value"": 0.0}, {""period"": ""Q2 2019"", ""year"": 2019, ""quarter"": 2, ""value"": 0.0}, {""period"": ""Q3 2019"", ""year"": 2019, ""quarter"": 3, ""value"": 0.0}, {""period"": ""Q4 2019"", ""year"": 2019, ""quarter"": 4, ""value"": 0.0}, {""period"": ""Q1 2020"", ""year"": 2020, ""quarter"": 1, ""value"": 0.0}, {""period"": ""Q2 2020"", ""year"": 2020, ""quarter"": 2, ""value"": 0.0}, {""period"": ""Q3 2020"", ""year"": 2020, ""quarter"": 3, ""value"": 0.0}, {""period"": ""Q4 2020"", ""year"": 2020, ""quarter"": 4, ""value"": 0.0}, {""period"": ""Q1 2021"", ""year"": 2021, ""quarter"": 1, ""value"": 0.0}, {""period"": ""Q2 2021"", ""year"": 2021, ""quarter"": 2, ""value"": 0.0}, {""period"": ""Q3 2021"", ""year"": 2021, ""quarter"": 3, ""value"": 0.0}, {""period"": ""Q4 2021"", ""year"": 2021, ""quarter"": 4, ""value"": 0.0}, {""period"": ""Q1 2022"", ""year"": 2022, ""quarter"": 1, ""value"": 600000000000.0}, {""period"": ""Q2 2022"", ""year"": 2022, ""quarter"": 2, ""value"": 300000000000.0}, {""period"": ""Q3 2022"", ""year"": 2022, ""quarter"": 3, ""value"": 300000000000.0}, {""period"": ""Q4 2022"", ""year"": 2022, ""quarter"": 4, ""value"": 300000000000.0}, {""period"": ""Q1 2023"", ""year"": 2023, ""quarter"": 1, ""value"": 300470000000.0}, {""period"": ""Q2 2023"", ""year"": 2023, ""quarter"": 2, ""value"": 300313000000.0}, {""period"": ""Q3 2023"", ""year"": 2023, ""quarter"": 3, ""value"": 180913500000.0}, {""period"": ""Q4 2023"", ""year"": 2023, ""quarter"": 4, ""value"": 612500000.0}, {""period"": ""Q1 2024"", ""year"": 2024, ""quarter"": 1, ""value"": 433000000.0}, {""period"": ""Q2 2024"", ""year"": 2024, ""quarter"": 2, ""value"": 633946481.0}, {""period"": ""Q3 2024"", ""year"": 2024, ""quarter"": 3, ""value"": 633946481.0}, {""period"": ""Q4 2024"", ""year"": 2024, ""quarter"": 4, ""value"": 623946481.0}, {""period"": ""Q1 2025"", ""year"": 2025, ""quarter"": 1, ""value"": 623946481.0}, {""period"": ""Q2 2025"", ""year"": 2025, ""quarter"": 2, ""value"": 610000000.0}, {""period"": ""Q3 2025"", ""year"": 2025, ""quarter"": 3, ""value"": 610000000.0}, {""period"": ""Q4 2025"", ""year"": 2025, ""quarter"": 4, ""value"": 610000000.0}, {""period"": ""Q1 2026"", ""year"": 2026, ""quarter"": 1, ""value"": 610000000.0}, {""period"": ""Q2 2026"", ""year"": 2026, ""quarter"": 2, ""value"": 610000000.0}]"
VPG,1,BalanceSheet,Quarter,1020106,6. Dự phòng phải thu dài hạn khó đòi,10201,False,4,,"[{""period"": ""Q4 2015"", ""year"": 2015, ""quarter"": 4, ""value"": 0.0}, {""period"": ""Q4 2016"", ""year"": 2016, ""quarter"": 4, ""value"": 0.0}, {""period"": ""Q2 2017"", ""year"": 2017, ""quarter"": 2, ""value"": 0.0}, {""period"": ""Q3 2017"", ""year"": 2017, ""quarter"": 3, ""value"": 0.0}, {""period"": ""Q4 2017"", ""year"": 2017, ""quarter"": 4, ""value"": 0.0}, {""period"": ""Q1 2018"", ""year"": 2018, ""quarter"": 1, ""value"": 0.0}, {""period"": ""Q2 2018"", ""year"": 2018, ""quarter"": 2, ""value"": 0.0}, {""period"": ""Q3 2018"", ""year"": 2018, ""quarter"": 3, ""value"": 0.0}, {""period"": ""Q4 2018"", ""year"": 2018, ""quarter"": 4, ""value"": 0.0}, {""period"": ""Q1 2019"", ""year"": 2019, ""quarter"": 1, ""value"": 0.0}, {""period"": ""Q2 2019"", ""year"": 2019, ""quarter"": 2, ""value"": 0.0}, {""period"": ""Q3 2019"", ""year"": 2019, ""quarter"": 3, ""value"": 0.0}, {""period"": ""Q4 2019"", ""year"": 2019, ""quarter"": 4, ""value"": 0.0}, {""period"": ""Q1 2020"", ""year"": 2020, ""quarter"": 1, ""value"": 0.0}, {""period"": ""Q2 2020"", ""year"": 2020, ""quarter"": 2, ""value"": 0.0}, {""period"": ""Q3 2020"", ""year"": 2020, ""quarter"": 3, ""value"": 0.0}, {""period"": ""Q4 2020"", ""year"": 2020, ""quarter"": 4, ""value"": 0.0}, {""period"": ""Q1 2021"", ""year"": 2021, ""quarter"": 1, ""value"": 0.0}, {""period"": ""Q2 2021"", ""year"": 2021, ""quarter"": 2, ""value"": 0.0}, {""period"": ""Q3 2021"", ""year"": 2021, ""quarter"": 3, ""value"": 0.0}, {""period"": ""Q4 2021"", ""year"": 2021, ""quarter"": 4, ""value"": 0.0}, {""period"": ""Q1 2022"", ""year"": 2022, ""quarter"": 1, ""value"": 0.0}, {""period"": ""Q2 2022"", ""year"": 2022, ""quarter"": 2, ""value"": 0.0}, {""period"": ""Q3 2022"", ""year"": 2022, ""quarter"": 3, ""value"": 0.0}, {""period"": ""Q4 2022"", ""year"": 2022, ""quarter"": 4, ""value"": 0.0}, {""period"": ""Q1 2023"", ""year"": 2023, ""quarter"": 1, ""value"": 0.0}, {""period"": ""Q2 2023"", ""year"": 2023, ""quarter"": 2, ""value"": 0.0}, {""period"": ""Q3 2023"", ""year"": 2023, ""quarter"": 3, ""value"": 0.0}, {""period"": ""Q4 2023"", ""year"": 2023, ""quarter"": 4, ""value"": 0.0}, {""period"": ""Q1 2024"", ""year"": 2024, ""quarter"": 1, ""value"": 0.0}, {""period"": ""Q2 2024"", ""year"": 2024, ""quarter"": 2, ""value"": 0.0}, {""period"": ""Q3 2024"", ""year"": 2024, ""quarter"": 3, ""value"": 0.0}, {""period"": ""Q4 2024"", ""year"": 2024, ""quarter"": 4, ""value"": 0.0}, {""period"": ""Q1 2025"", ""year"": 2025, ""quarter"": 1, ""value"": 0.0}, {""period"": ""Q2 2025"", ""year"": 2025, ""quarter"": 2, ""value"": 0.0}, {""period"": ""Q3 2025"", ""year"": 2025, ""quarter"": 3, ""value"": 0.0}, {""period"": ""Q4 2025"", ""year"": 2025, ""quarter"": 4, ""value"": 0.0}, {""period"": ""Q1 2026"", ""year"": 2026, ""quarter"": 1, ""value"": 0.0}, {""period"": ""Q2 2026"", ""year"": 2026, ""quarter"": 2, ""value"": 0.0}]"
VPG,1,BalanceSheet,Quarter,10202,II. Tài sản cố định,102,False,3,,"[{""period"": ""Q4 2015"", ""year"": 2015, ""quarter"": 4, ""value"": 21412251416.0}, {""period"": ""Q4 2016"", ""year"": 2016, ""quarter"": 4, ""value"": 39006619989.0}, {""period"": ""Q2 2017"", ""year"": 2017, ""quarter"": 2, ""value"": 38047671875.0}, {""period"": ""Q3 2017"", ""year"": 2017, ""quarter"": 3, ""value"": 46265799664.0}, {""period"": ""Q4 2017"", ""year"": 2017, ""quarter"": 4, ""value"": 48453331710.0}, {""period"": ""Q1 2018"", ""year"": 2018, ""quarter"": 1, ""value"": 46478919108.0}, {""period"": ""Q2 2018"", ""year"": 2018, ""quarter"": 2, ""value"": 44504506506.0}, {""period"": ""Q3 2018"", ""year"": 2018, ""quarter"": 3, ""value"": 42715431987.0}, {""period"": ""Q4 2018"", ""year"": 2018, ""quarter"": 4, ""value"": 36641788097.0}, {""period"": ""Q1 2019"", ""year"": 2019, ""quarter"": 1, ""value"": 34665146926.0}, {""period"": ""Q2 2019"", ""year"": 2019, ""quarter"": 2, ""value"": 34524505772.0}, {""period"": ""Q3 2019"", ""year"": 2019, ""quarter"": 3, ""value"": 33202614003.0}, {""period"": ""Q4 2019"", ""year"": 2019, ""quarter"": 4, ""value"": 31089170634.0}, {""period"": ""Q1 2020"", ""year"": 2020, ""quarter"": 1, ""value"": 19573820531.0}, {""period"": ""Q2 2020"", ""year"": 2020, ""quarter"": 2, ""value"": 17923912735.0}, {""period"": ""Q3 2020"", ""year"": 2020, ""quarter"": 3, ""value"": 16419298856.0}, {""period"": ""Q4 2020"", ""year"": 2020, ""quarter"": 4, ""value"": 15310454647.0}, {""period"": ""Q1 2021"", ""year"": 2021, ""quarter"": 1, ""value"": 14698931403.0}, {""period"": ""Q2 2021"", ""year"": 2021, ""quarter"": 2, ""value"": 13517261760.0}, {""period"": ""Q3 2021"", ""year"": 2021, ""quarter"": 3, ""value"": 12072547577.0}, {""period"": ""Q4 2021"", ""year"": 2021, ""quarter"": 4, ""value"": 18664057590.0}, {""period"": ""Q1 2022"", ""year"": 2022, ""quarter"": 1, ""value"": 16109120115.0}, {""period"": ""Q2 2022"", ""year"": 2022, ""quarter"": 2, ""value"": 55864990960.0}, {""period"": ""Q3 2022"", ""year"": 2022, ""quarter"": 3, ""value"": 54368195526.0}, {""period"": ""Q4 2022"", ""year"": 2022, ""quarter"": 4, ""value"": 52958149357.0}, {""period"": ""Q1 2023"", ""year"": 2023, ""quarter"": 1, ""value"": 55816577353.0}, {""period"": ""Q2 2023"", ""year"": 2023, ""quarter"": 2, ""value"": 54444782750.0}, {""period"": ""Q3 2023"", ""year"": 2023, ""quarter"": 3, ""value"": 52918679206.0}, {""period"": ""Q4 2023"", ""year"": 2023, ""quarter"": 4, ""value"": 51584984008.0}, {""period"": ""Q1 2024"", ""year"": 2024, ""quarter"": 1, ""value"": 56072043140.0}, {""period"": ""Q2 2024"", ""year"": 2024, ""quarter"": 2, ""value"": 54668430341.0}, {""period"": ""Q3 2024"", ""year"": 2024, ""quarter"": 3, ""value"": 380926384626.0}, {""period"": ""Q4 2024"", ""year"": 2024, ""quarter"": 4, ""value"": 475966492685.0}, {""period"": ""Q1 2025"", ""year"": 2025, ""quarter"": 1, ""value"": 356744138846.0}, {""period"": ""Q2 2025"", ""year"": 2025, ""quarter"": 2, ""value"": 440172350529.0}, {""period"": ""Q3 2025"", ""year"": 2025, ""quarter"": 3, ""value"": 437636301243.0}, {""period"": ""Q4 2025"", ""year"": 2025, ""quarter"": 4, ""value"": 67787659092.0}, {""period"": ""Q1 2026"", ""year"": 2026, ""quarter"": 1, ""value"": 65626164611.0}, {""period"": ""Q2 2026"", ""year"": 2026, ""quarter"": 2, ""value"": 56005934721.0}]"
VPG,1,BalanceSheet,Quarter,1020201,1. Tài sản cố định hữu hình,10202,False,4,,"[{""period"": ""Q4 2015"", ""year"": 2015, ""quarter"": 4, ""value"": 21412251416.0}, {""period"": ""Q4 2016"", ""year"": 2016, ""quarter"": 4, ""value"": 39006619989.0}, {""period"": ""Q2 2017"", ""year"": 2017, ""quarter"": 2, ""value"": 38047671875.0}, {""period"": ""Q3 2017"", ""year"": 2017, ""quarter"": 3, ""value"": 46265799664.0}, {""period"": ""Q4 2017"", ""year"": 2017, ""quarter"": 4, ""value"": 48453331710.0}, {""period"": ""Q1 2018"", ""year"": 2018, ""quarter"": 1, ""value"": 46478919108.0}, {""period"": ""Q2 2018"", ""year"": 2018, ""quarter"": 2, ""value"": 44504506506.0}, {""period"": ""Q3 2018"", ""year"": 2018, ""quarter"": 3, ""value"": 42715431987.0}, {""period"": ""Q4 2018"", ""year"": 2018, ""quarter"": 4, ""value"": 36641788097.0}, {""period"": ""Q1 2019"", ""year"": 2019, ""quarter"": 1, ""value"": 34665146926.0}, {""period"": ""Q2 2019"", ""year"": 2019, ""quarter"": 2, ""value"": 34524505772.0}, {""period"": ""Q3 2019"", ""year"": 2019, ""quarter"": 3, ""value"": 33202614003.0}, {""period"": ""Q4 2019"", ""year"": 2019, ""quarter"": 4, ""value"": 31089170634.0}, {""period"": ""Q1 2020"", ""year"": 2020, ""quarter"": 1, ""value"": 19573820531.0}, {""period"": ""Q2 2020"", ""year"": 2020, ""quarter"": 2, ""value"": 17923912735.0}, {""period"": ""Q3 2020"", ""year"": 2020, ""quarter"": 3, ""value"": 16419298856.0}, {""period"": ""Q4 2020"", ""year"": 2020, ""quarter"": 4, ""value"": 15310454647.0}, {""period"": ""Q1 2021"", ""year"": 2021, ""quarter"": 1, ""value"": 14698931403.0}, {""period"": ""Q2 2021"", ""year"": 2021, ""quarter"": 2, ""value"": 13517261760.0}, {""period"": ""Q3 2021"", ""year"": 2021, ""quarter"": 3, ""value"": 12072547577.0}, {""period"": ""Q4 2021"", ""year"": 2021, ""quarter"": 4, ""value"": 18664057590.0}, {""period"": ""Q1 2022"", ""year"": 2022, ""quarter"": 1, ""value"": 16109120115.0}, {""period"": ""Q2 2022"", ""year"": 2022, ""quarter"": 2, ""value"": 20035490960.0}, {""period"": ""Q3 2022"", ""year"": 2022, ""quarter"": 3, ""value"": 18538695526.0}, {""period"": ""Q4 2022"", ""year"": 2022, ""quarter"": 4, ""value"": 17128649357.0}, {""period"": ""Q1 2023"", ""year"": 2023, ""quarter"": 1, ""value"": 19987077353.0}, {""period"": ""Q2 2023"", ""year"": 2023, ""quarter"": 2, ""value"": 18615282750.0}, {""period"": ""Q3 2023"", ""year"": 2023, ""quarter"": 3, ""value"": 17089179206.0}, {""period"": ""Q4 2023"", ""year"": 2023, ""quarter"": 4, ""value"": 15755484008.0}, {""period"": ""Q1 2024"", ""year"": 2024, ""quarter"": 1, ""value"": 20242543140.0}, {""period"": ""Q2 2024"", ""year"": 2024, ""quarter"": 2, ""value"": 18838930341.0}, {""period"": ""Q3 2024"", ""year"": 2024, ""quarter"": 3, ""value"": 17457944626.0}, {""period"": ""Q4 2024"", ""year"": 2024, ""quarter"": 4, ""value"": 24525897317.0}, {""period"": ""Q1 2025"", ""year"": 2025, ""quarter"": 1, ""value"": 23707058831.0}, {""period"": ""Q2 2025"", ""year"": 2025, ""quarter"": 2, ""value"": 107135270514.0}, {""period"": ""Q3 2025"", ""year"": 2025, ""quarter"": 3, ""value"": 101475911482.0}, {""period"": ""Q4 2025"", ""year"": 2025, ""quarter"": 4, ""value"": 31958159092.0}, {""period"": ""Q1 2026"", ""year"": 2026, ""quarter"": 1, ""value"": 29796664611.0}, {""period"": ""Q2 2026"", ""year"": 2026, ""quarter"": 2, ""value"": 20176434721.0}]"
VPG,1,BalanceSheet,Quarter,102020101,- Nguyên giá,1020201,False,5,,"[{""period"": ""Q4 2015"", ""year"": 2015, ""quarter"": 4, ""value"": 29664117665.0}, {""period"": ""Q4 2016"", ""year"": 2016, ""quarter"": 4, ""value"": 52779445093.0}, {""period"": ""Q2 2017"", ""year"": 2017, ""quarter"": 2, ""value"": 55606717821.0}, {""period"": ""Q3 2017"", ""year"": 2017, ""quarter"": 3, ""value"": 65600932272.0}, {""period"": ""Q4 2017"", ""year"": 2017, ""quarter"": 4, ""value"": 69346196817.0}, {""period"": ""Q1 2018"", ""year"": 2018, ""quarter"": 1, ""value"": 69346196817.0}, {""period"": ""Q2 2018"", ""year"": 2018, ""quarter"": 2, ""value"": 69346196817.0}, {""period"": ""Q3 2018"", ""year"": 2018, ""quarter"": 3, ""value"": 69533646817.0}, {""period"": ""Q4 2018"", ""year"": 2018, ""quarter"": 4, ""value"": 65454020145.0}, {""period"": ""Q1 2019"", ""year"": 2019, ""quarter"": 1, ""value"": 65454020145.0}, {""period"": ""Q2 2019"", ""year"": 2019, ""quarter"": 2, ""value"": 67494020145.0}, {""period"": ""Q3 2019"", ""year"": 2019, ""quarter"": 3, ""value"": 68273396599.0}, {""period"": ""Q4 2019"", ""year"": 2019, ""quarter"": 4, ""value"": 68273396599.0}, {""period"": ""Q1 2020"", ""year"": 2020, ""quarter"": 1, ""value"": 53354520639.0}, {""period"": ""Q2 2020"", ""year"": 2020, ""quarter"": 2, ""value"": 53354520639.0}, {""period"": ""Q3 2020"", ""year"": 2020, ""quarter"": 3, ""value"": 53454520639.0}, {""period"": ""Q4 2020"", ""year"": 2020, ""quarter"": 4, ""value"": 53956917003.0}, {""period"": ""Q1 2021"", ""year"": 2021, ""quarter"": 1, ""value"": 54093610640.0}, {""period"": ""Q2 2021"", ""year"": 2021, ""quarter"": 2, ""value"": 54530316219.0}, {""period"": ""Q3 2021"", ""year"": 2021, ""quarter"": 3, ""value"": 54530316219.0}, {""period"": ""Q4 2021"", ""year"": 2021, ""quarter"": 4, ""value"": 62640115767.0}, {""period"": ""Q1 2022"", ""year"": 2022, ""quarter"": 1, ""value"": 60600115767.0}, {""period"": ""Q2 2022"", ""year"": 2022, ""quarter"": 2, ""value"": 59331521897.0}, {""period"": ""Q3 2022"", ""year"": 2022, ""quarter"": 3, ""value"": 59331521897.0}, {""period"": ""Q4 2022"", ""year"": 2022, ""quarter"": 4, ""value"": 59331521897.0}, {""period"": ""Q1 2023"", ""year"": 2023, ""quarter"": 1, ""value"": 63641833351.0}, {""period"": ""Q2 2023"", ""year"": 2023, ""quarter"": 2, ""value"": 63675433351.0}, {""period"": ""Q3 2023"", ""year"": 2023, ""quarter"": 3, ""value"": 57704593773.0}, {""period"": ""Q4 2023"", ""year"": 2023, ""quarter"": 4, ""value"": 57735949773.0}, {""period"": ""Q1 2024"", ""year"": 2024, ""quarter"": 1, ""value"": 63458560682.0}, {""period"": ""Q2 2024"", ""year"": 2024, ""quarter"": 2, ""value"": 63458560682.0}, {""period"": ""Q3 2024"", ""year"": 2024, ""quarter"": 3, ""value"": 63458560682.0}, {""period"": ""Q4 2024"", ""year"": 2024, ""quarter"": 4, ""value"": 70398227185.0}, {""period"": ""Q1 2025"", ""year"": 2025, ""quarter"": 1, ""value"": 70740263550.0}, {""period"": ""Q2 2025"", ""year"": 2025, ""quarter"": 2, ""value"": 158520845028.0}, {""period"": ""Q3 2025"", ""year"": 2025, ""quarter"": 3, ""value"": 152029124625.0}, {""period"": ""Q4 2025"", ""year"": 2025, ""quarter"": 4, ""value"": 74734202981.0}, {""period"": ""Q1 2026"", ""year"": 2026, ""quarter"": 1, ""value"": 73826702981.0}, {""period"": ""Q2 2026"", ""year"": 2026, ""quarter"": 2, ""value"": 64591373262.0}]"
VPG,1,BalanceSheet,Quarter,102020102,- Giá trị hao mòn lũy kế,1020201,False,5,,"[{""period"": ""Q4 2015"", ""year"": 2015, ""quarter"": 4, ""value"": -8251866249.0}, {""period"": ""Q4 2016"", ""year"": 2016, ""quarter"": 4, ""value"": -13772825104.0}, {""period"": ""Q2 2017"", ""year"": 2017, ""quarter"": 2, ""value"": -17559045946.0}, {""period"": ""Q3 2017"", ""year"": 2017, ""quarter"": 3, ""value"": -19335132608.0}, {""period"": ""Q4 2017"", ""year"": 2017, ""quarter"": 4, ""value"": -20892865107.0}, {""period"": ""Q1 2018"", ""year"": 2018, ""quarter"": 1, ""value"": -22867277709.0}, {""period"": ""Q2 2018"", ""year"": 2018, ""quarter"": 2, ""value"": -24841690311.0}, {""period"": ""Q3 2018"", ""year"": 2018, ""quarter"": 3, ""value"": -26818214830.0}, {""period"": ""Q4 2018"", ""year"": 2018, ""quarter"": 4, ""value"": -28812232048.0}, {""period"": ""Q1 2019"", ""year"": 2019, ""quarter"": 1, ""value"": -30788873219.0}, {""period"": ""Q2 2019"", ""year"": 2019, ""quarter"": 2, ""value"": -32969514373.0}, {""period"": ""Q3 2019"", ""year"": 2019, ""quarter"": 3, ""value"": -35070782596.0}, {""period"": ""Q4 2019"", ""year"": 2019, ""quarter"": 4, ""value"": -37184225965.0}, {""period"": ""Q1 2020"", ""year"": 2020, ""quarter"": 1, ""value"": -33780700108.0}, {""period"": ""Q2 2020"", ""year"": 2020, ""quarter"": 2, ""value"": -35430607904.0}, {""period"": ""Q3 2020"", ""year"": 2020, ""quarter"": 3, ""value"": -37035221783.0}, {""period"": ""Q4 2020"", ""year"": 2020, ""quarter"": 4, ""value"": -38646462356.0}, {""period"": ""Q1 2021"", ""year"": 2021, ""quarter"": 1, ""value"": -39394679237.0}, {""period"": ""Q2 2021"", ""year"": 2021, ""quarter"": 2, ""value"": -41013054459.0}, {""period"": ""Q3 2021"", ""year"": 2021, ""quarter"": 3, ""value"": -42457768642.0}, {""period"": ""Q4 2021"", ""year"": 2021, ""quarter"": 4, ""value"": -43976058177.0}, {""period"": ""Q1 2022"", ""year"": 2022, ""quarter"": 1, ""value"": -44490995652.0}, {""period"": ""Q2 2022"", ""year"": 2022, ""quarter"": 2, ""value"": -39296030937.0}, {""period"": ""Q3 2022"", ""year"": 2022, ""quarter"": 3, ""value"": -40792826371.0}, {""period"": ""Q4 2022"", ""year"": 2022, ""quarter"": 4, ""value"": -42202872540.0}, {""period"": ""Q1 2023"", ""year"": 2023, ""quarter"": 1, ""value"": -43654755998.0}, {""period"": ""Q2 2023"", ""year"": 2023, ""quarter"": 2, ""value"": -45060150601.0}, {""period"": ""Q3 2023"", ""year"": 2023, ""quarter"": 3, ""value"": -40615414567.0}, {""period"": ""Q4 2023"", ""year"": 2023, ""quarter"": 4, ""value"": -41980465765.0}, {""period"": ""Q1 2024"", ""year"": 2024, ""quarter"": 1, ""value"": -43216017542.0}, {""period"": ""Q2 2024"", ""year"": 2024, ""quarter"": 2, ""value"": -44619630341.0}, {""period"": ""Q3 2024"", ""year"": 2024, ""quarter"": 3, ""value"": -46000616056.0}, {""period"": ""Q4 2024"", ""year"": 2024, ""quarter"": 4, ""value"": -45872329868.0}, {""period"": ""Q1 2025"", ""year"": 2025, ""quarter"": 1, ""value"": -47033204719.0}, {""period"": ""Q2 2025"", ""year"": 2025, ""quarter"": 2, ""value"": -51385574514.0}, {""period"": ""Q3 2025"", ""year"": 2025, ""quarter"": 3, ""value"": -50553213143.0}, {""period"": ""Q4 2025"", ""year"": 2025, ""quarter"": 4, ""value"": -42776043889.0}, {""period"": ""Q1 2026"", ""year"": 2026, ""quarter"": 1, ""value"": -44030038370.0}, {""period"": ""Q2 2026"", ""year"": 2026, ""quarter"": 2, ""value"": -44414938541.0}]"
VPG,1,BalanceSheet,Quarter,1020202,2. Tài sản cố định thuê tài chính,10202,False,4,,"[{""period"": ""Q4 2015"", ""year"": 2015, ""quarter"": 4, ""value"": 0.0}, {""period"": ""Q4 2016"", ""year"": 2016, ""quarter"": 4, ""value"": 0.0}, {""period"": ""Q2 2017"", ""year"": 2017, ""quarter"": 2, ""value"": 0.0}, {""period"": ""Q3 2017"", ""year"": 2017, ""quarter"": 3, ""value"": 0.0}, {""period"": ""Q4 2017"", ""year"": 2017, ""quarter"": 4, ""value"": 0.0}, {""period"": ""Q1 2018"", ""year"": 2018, ""quarter"": 1, ""value"": 0.0}, {""period"": ""Q2 2018"", ""year"": 2018, ""quarter"": 2, ""value"": 0.0}, {""period"": ""Q3 2018"", ""year"": 2018, ""quarter"": 3, ""value"": 0.0}, {""period"": ""Q4 2018"", ""year"": 2018, ""quarter"": 4, ""value"": 0.0}, {""period"": ""Q1 2019"", ""year"": 2019, ""quarter"": 1, ""value"": 0.0}, {""period"": ""Q2 2019"", ""year"": 2019, ""quarter"": 2, ""value"": 0.0}, {""period"": ""Q3 2019"", ""year"": 2019, ""quarter"": 3, ""value"": 0.0}, {""period"": ""Q4 2019"", ""year"": 2019, ""quarter"": 4, ""value"": 0.0}, {""period"": ""Q1 2020"", ""year"": 2020, ""quarter"": 1, ""value"": 0.0}, {""period"": ""Q2 2020"", ""year"": 2020, ""quarter"": 2, ""value"": 0.0}, {""period"": ""Q3 2020"", ""year"": 2020, ""quarter"": 3, ""value"": 0.0}, {""period"": ""Q4 2020"", ""year"": 2020, ""quarter"": 4, ""value"": 0.0}, {""period"": ""Q1 2021"", ""year"": 2021, ""quarter"": 1, ""value"": 0.0}, {""period"": ""Q2 2021"", ""year"": 2021, ""quarter"": 2, ""value"": 0.0}, {""period"": ""Q3 2021"", ""year"": 2021, ""quarter"": 3, ""value"": 0.0}, {""period"": ""Q4 2021"", ""year"": 2021, ""quarter"": 4, ""value"": 0.0}, {""period"": ""Q1 2022"", ""year"": 2022, ""quarter"": 1, ""value"": 0.0}, {""period"": ""Q2 2022"", ""year"": 2022, ""quarter"": 2, ""value"": 0.0}, {""period"": ""Q3 2022"", ""year"": 2022, ""quarter"": 3, ""value"": 0.0}, {""period"": ""Q4 2022"", ""year"": 2022, ""quarter"": 4, ""value"": 0.0}, {""period"": ""Q1 2023"", ""year"": 2023, ""quarter"": 1, ""value"": 0.0}, {""period"": ""Q2 2023"", ""year"": 2023, ""quarter"": 2, ""value"": 0.0}, {""period"": ""Q3 2023"", ""year"": 2023, ""quarter"": 3, ""value"": 0.0}, {""period"": ""Q4 2023"", ""year"": 2023, ""quarter"": 4, ""value"": 0.0}, {""period"": ""Q1 2024"", ""year"": 2024, ""quarter"": 1, ""value"": 0.0}, {""period"": ""Q2 2024"", ""year"": 2024, ""quarter"": 2, ""value"": 0.0}, {""period"": ""Q3 2024"", ""year"": 2024, ""quarter"": 3, ""value"": 0.0}, {""period"": ""Q4 2024"", ""year"": 2024, ""quarter"": 4, ""value"": 0.0}, {""period"": ""Q1 2025"", ""year"": 2025, ""quarter"": 1, ""value"": 0.0}, {""period"": ""Q2 2025"", ""year"": 2025, ""quarter"": 2, ""value"": 0.0}, {""period"": ""Q3 2025"", ""year"": 2025, ""quarter"": 3, ""value"": 0.0}, {""period"": ""Q4 2025"", ""year"": 2025, ""quarter"": 4, ""value"": 0.0}, {""period"": ""Q1 2026"", ""year"": 2026, ""quarter"": 1, ""value"": 0.0}, {""period"": ""Q2 2026"", ""year"": 2026, ""quarter"": 2, ""value"": 0.0}]"
VPG,1,BalanceSheet,Quarter,102020201,- Nguyên giá,1020202,False,5,,"[{""period"": ""Q4 2015"", ""year"": 2015, ""quarter"": 4, ""value"": 0.0}, {""period"": ""Q4 2016"", ""year"": 2016, ""quarter"": 4, ""value"": 0.0}, {""period"": ""Q2 2017"", ""year"": 2017, ""quarter"": 2, ""value"": 0.0}, {""period"": ""Q3 2017"", ""year"": 2017, ""quarter"": 3, ""value"": 0.0}, {""period"": ""Q4 2017"", ""year"": 2017, ""quarter"": 4, ""value"": 0.0}, {""period"": ""Q1 2018"", ""year"": 2018, ""quarter"": 1, ""value"": 0.0}, {""period"": ""Q2 2018"", ""year"": 2018, ""quarter"": 2, ""value"": 0.0}, {""period"": ""Q3 2018"", ""year"": 2018, ""quarter"": 3, ""value"": 0.0}, {""period"": ""Q4 2018"", ""year"": 2018, ""quarter"": 4, ""value"": 0.0}, {""period"": ""Q1 2019"", ""year"": 2019, ""quarter"": 1, ""value"": 0.0}, {""period"": ""Q2 2019"", ""year"": 2019, ""quarter"": 2, ""value"": 0.0}, {""period"": ""Q3 2019"", ""year"": 2019, ""quarter"": 3, ""value"": 0.0}, {""period"": ""Q4 2019"", ""year"": 2019, ""quarter"": 4, ""value"": 0.0}, {""period"": ""Q1 2020"", ""year"": 2020, ""quarter"": 1, ""value"": 0.0}, {""period"": ""Q2 2020"", ""year"": 2020, ""quarter"": 2, ""value"": 0.0}, {""period"": ""Q3 2020"", ""year"": 2020, ""quarter"": 3, ""value"": 0.0}, {""period"": ""Q4 2020"", ""year"": 2020, ""quarter"": 4, ""value"": 0.0}, {""period"": ""Q1 2021"", ""year"": 2021, ""quarter"": 1, ""value"": 0.0}, {""period"": ""Q2 2021"", ""year"": 2021, ""quarter"": 2, ""value"": 0.0}, {""period"": ""Q3 2021"", ""year"": 2021, ""quarter"": 3, ""value"": 0.0}, {""period"": ""Q4 2021"", ""year"": 2021, ""quarter"": 4, ""value"": 0.0}, {""period"": ""Q1 2022"", ""year"": 2022, ""quarter"": 1, ""value"": 0.0}, {""period"": ""Q2 2022"", ""year"": 2022, ""quarter"": 2, ""value"": 0.0}, {""period"": ""Q3 2022"", ""year"": 2022, ""quarter"": 3, ""value"": 0.0}, {""period"": ""Q4 2022"", ""year"": 2022, ""quarter"": 4, ""value"": 0.0}, {""period"": ""Q1 2023"", ""year"": 2023, ""quarter"": 1, ""value"": 0.0}, {""period"": ""Q2 2023"", ""year"": 2023, ""quarter"": 2, ""value"": 0.0}, {""period"": ""Q3 2023"", ""year"": 2023, ""quarter"": 3, ""value"": 0.0}, {""period"": ""Q4 2023"", ""year"": 2023, ""quarter"": 4, ""value"": 0.0}, {""period"": ""Q1 2024"", ""year"": 2024, ""quarter"": 1, ""value"": 0.0}, {""period"": ""Q2 2024"", ""year"": 2024, ""quarter"": 2, ""value"": 0.0}, {""period"": ""Q3 2024"", ""year"": 2024, ""quarter"": 3, ""value"": 0.0}, {""period"": ""Q4 2024"", ""year"": 2024, ""quarter"": 4, ""value"": 0.0}, {""period"": ""Q1 2025"", ""year"": 2025, ""quarter"": 1, ""value"": 0.0}, {""period"": ""Q2 2025"", ""year"": 2025, ""quarter"": 2, ""value"": 0.0}, {""period"": ""Q3 2025"", ""year"": 2025, ""quarter"": 3, ""value"": 0.0}, {""period"": ""Q4 2025"", ""year"": 2025, ""quarter"": 4, ""value"": 0.0}, {""period"": ""Q1 2026"", ""year"": 2026, ""quarter"": 1, ""value"": 0.0}, {""period"": ""Q2 2026"", ""year"": 2026, ""quarter"": 2, ""value"": 0.0}]"
VPG,1,BalanceSheet,Quarter,102020202,- Giá trị hao mòn lũy kế,1020202,False,5,,"[{""period"": ""Q4 2015"", ""year"": 2015, ""quarter"": 4, ""value"": 0.0}, {""period"": ""Q4 2016"", ""year"": 2016, ""quarter"": 4, ""value"": 0.0}, {""period"": ""Q2 2017"", ""year"": 2017, ""quarter"": 2, ""value"": 0.0}, {""period"": ""Q3 2017"", ""year"": 2017, ""quarter"": 3, ""value"": 0.0}, {""period"": ""Q4 2017"", ""year"": 2017, ""quarter"": 4, ""value"": 0.0}, {""period"": ""Q1 2018"", ""year"": 2018, ""quarter"": 1, ""value"": 0.0}, {""period"": ""Q2 2018"", ""year"": 2018, ""quarter"": 2, ""value"": 0.0}, {""period"": ""Q3 2018"", ""year"": 2018, ""quarter"": 3, ""value"": 0.0}, {""period"": ""Q4 2018"", ""year"": 2018, ""quarter"": 4, ""value"": 0.0}, {""period"": ""Q1 2019"", ""year"": 2019, ""quarter"": 1, ""value"": 0.0}, {""period"": ""Q2 2019"", ""year"": 2019, ""quarter"": 2, ""value"": 0.0}, {""period"": ""Q3 2019"", ""year"": 2019, ""quarter"": 3, ""value"": 0.0}, {""period"": ""Q4 2019"", ""year"": 2019, ""quarter"": 4, ""value"": 0.0}, {""period"": ""Q1 2020"", ""year"": 2020, ""quarter"": 1, ""value"": 0.0}, {""period"": ""Q2 2020"", ""year"": 2020, ""quarter"": 2, ""value"": 0.0}, {""period"": ""Q3 2020"", ""year"": 2020, ""quarter"": 3, ""value"": 0.0}, {""period"": ""Q4 2020"", ""year"": 2020, ""quarter"": 4, ""value"": 0.0}, {""period"": ""Q1 2021"", ""year"": 2021, ""quarter"": 1, ""value"": 0.0}, {""period"": ""Q2 2021"", ""year"": 2021, ""quarter"": 2, ""value"": 0.0}, {""period"": ""Q3 2021"", ""year"": 2021, ""quarter"": 3, ""value"": 0.0}, {""period"": ""Q4 2021"", ""year"": 2021, ""quarter"": 4, ""value"": 0.0}, {""period"": ""Q1 2022"", ""year"": 2022, ""quarter"": 1, ""value"": 0.0}, {""period"": ""Q2 2022"", ""year"": 2022, ""quarter"": 2, ""value"": 0.0}, {""period"": ""Q3 2022"", ""year"": 2022, ""quarter"": 3, ""value"": 0.0}, {""period"": ""Q4 2022"", ""year"": 2022, ""quarter"": 4, ""value"": 0.0}, {""period"": ""Q1 2023"", ""year"": 2023, ""quarter"": 1, ""value"": 0.0}, {""period"": ""Q2 2023"", ""year"": 2023, ""quarter"": 2, ""value"": 0.0}, {""period"": ""Q3 2023"", ""year"": 2023, ""quarter"": 3, ""value"": 0.0}, {""period"": ""Q4 2023"", ""year"": 2023, ""quarter"": 4, ""value"": 0.0}, {""period"": ""Q1 2024"", ""year"": 2024, ""quarter"": 1, ""value"": 0.0}, {""period"": ""Q2 2024"", ""year"": 2024, ""quarter"": 2, ""value"": 0.0}, {""period"": ""Q3 2024"", ""year"": 2024, ""quarter"": 3, ""value"": 0.0}, {""period"": ""Q4 2024"", ""year"": 2024, ""quarter"": 4, ""value"": 0.0}, {""period"": ""Q1 2025"", ""year"": 2025, ""quarter"": 1, ""value"": 0.0}, {""period"": ""Q2 2025"", ""year"": 2025, ""quarter"": 2, ""value"": 0.0}, {""period"": ""Q3 2025"", ""year"": 2025, ""quarter"": 3, ""value"": 0.0}, {""period"": ""Q4 2025"", ""year"": 2025, ""quarter"": 4, ""value"": 0.0}, {""period"": ""Q1 2026"", ""year"": 2026, ""quarter"": 1, ""value"": 0.0}, {""period"": ""Q2 2026"", ""year"": 2026, ""quarter"": 2, ""value"": 0.0}]"
VPG,1,BalanceSheet,Quarter,1020203,3. Tài sản cố định vô hình,10202,False,4,,"[{""period"": ""Q4 2015"", ""year"": 2015, ""quarter"": 4, ""value"": 0.0}, {""period"": ""Q4 2016"", ""year"": 2016, ""quarter"": 4, ""value"": 0.0}, {""period"": ""Q2 2017"", ""year"": 2017, ""quarter"": 2, ""value"": 0.0}, {""period"": ""Q3 2017"", ""year"": 2017, ""quarter"": 3, ""value"": 0.0}, {""period"": ""Q4 2017"", ""year"": 2017, ""quarter"": 4, ""value"": 0.0}, {""period"": ""Q1 2018"", ""year"": 2018, ""quarter"": 1, ""value"": 0.0}, {""period"": ""Q2 2018"", ""year"": 2018, ""quarter"": 2, ""value"": 0.0}, {""period"": ""Q3 2018"", ""year"": 2018, ""quarter"": 3, ""value"": 0.0}, {""period"": ""Q4 2018"", ""year"": 2018, ""quarter"": 4, ""value"": 0.0}, {""period"": ""Q1 2019"", ""year"": 2019, ""quarter"": 1, ""value"": 0.0}, {""period"": ""Q2 2019"", ""year"": 2019, ""quarter"": 2, ""value"": 0.0}, {""period"": ""Q3 2019"", ""year"": 2019, ""quarter"": 3, ""value"": 0.0}, {""period"": ""Q4 2019"", ""year"": 2019, ""quarter"": 4, ""value"": 0.0}, {""period"": ""Q1 2020"", ""year"": 2020, ""quarter"": 1, ""value"": 0.0}, {""period"": ""Q2 2020"", ""year"": 2020, ""quarter"": 2, ""value"": 0.0}, {""period"": ""Q3 2020"", ""year"": 2020, ""quarter"": 3, ""value"": 0.0}, {""period"": ""Q4 2020"", ""year"": 2020, ""quarter"": 4, ""value"": 0.0}, {""period"": ""Q1 2021"", ""year"": 2021, ""quarter"": 1, ""value"": 0.0}, {""period"": ""Q2 2021"", ""year"": 2021, ""quarter"": 2, ""value"": 0.0}, {""period"": ""Q3 2021"", ""year"": 2021, ""quarter"": 3, ""value"": 0.0}, {""period"": ""Q4 2021"", ""year"": 2021, ""quarter"": 4, ""value"": 0.0}, {""period"": ""Q1 2022"", ""year"": 2022, ""quarter"": 1, ""value"": 0.0}, {""period"": ""Q2 2022"", ""year"": 2022, ""quarter"": 2, ""value"": 35829500000.0}, {""period"": ""Q3 2022"", ""year"": 2022, ""quarter"": 3, ""value"": 35829500000.0}, {""period"": ""Q4 2022"", ""year"": 2022, ""quarter"": 4, ""value"": 35829500000.0}, {""period"": ""Q1 2023"", ""year"": 2023, ""quarter"": 1, ""value"": 35829500000.0}, {""period"": ""Q2 2023"", ""year"": 2023, ""quarter"": 2, ""value"": 35829500000.0}, {""period"": ""Q3 2023"", ""year"": 2023, ""quarter"": 3, ""value"": 35829500000.0}, {""period"": ""Q4 2023"", ""year"": 2023, ""quarter"": 4, ""value"": 35829500000.0}, {""period"": ""Q1 2024"", ""year"": 2024, ""quarter"": 1, ""value"": 35829500000.0}, {""period"": ""Q2 2024"", ""year"": 2024, ""quarter"": 2, ""value"": 35829500000.0}, {""period"": ""Q3 2024"", ""year"": 2024, ""quarter"": 3, ""value"": 363468440000.0}, {""period"": ""Q4 2024"", ""year"": 2024, ""quarter"": 4, ""value"": 451440595368.0}, {""period"": ""Q1 2025"", ""year"": 2025, ""quarter"": 1, ""value"": 333037080015.0}, {""period"": ""Q2 2025"", ""year"": 2025, ""quarter"": 2, ""value"": 333037080015.0}, {""period"": ""Q3 2025"", ""year"": 2025, ""quarter"": 3, ""value"": 336160389761.0}, {""period"": ""Q4 2025"", ""year"": 2025, ""quarter"": 4, ""value"": 35829500000.0}, {""period"": ""Q1 2026"", ""year"": 2026, ""quarter"": 1, ""value"": 35829500000.0}, {""period"": ""Q2 2026"", ""year"": 2026, ""quarter"": 2, ""value"": 35829500000.0}]"
VPG,1,BalanceSheet,Quarter,102020301,- Nguyên giá,1020203,False,5,,"[{""period"": ""Q4 2015"", ""year"": 2015, ""quarter"": 4, ""value"": 0.0}, {""period"": ""Q4 2016"", ""year"": 2016, ""quarter"": 4, ""value"": 0.0}, {""period"": ""Q2 2017"", ""year"": 2017, ""quarter"": 2, ""value"": 0.0}, {""period"": ""Q3 2017"", ""year"": 2017, ""quarter"": 3, ""value"": 0.0}, {""period"": ""Q4 2017"", ""year"": 2017, ""quarter"": 4, ""value"": 0.0}, {""period"": ""Q1 2018"", ""year"": 2018, ""quarter"": 1, ""value"": 0.0}, {""period"": ""Q2 2018"", ""year"": 2018, ""quarter"": 2, ""value"": 0.0}, {""period"": ""Q3 2018"", ""year"": 2018, ""quarter"": 3, ""value"": 0.0}, {""period"": ""Q4 2018"", ""year"": 2018, ""quarter"": 4, ""value"": 0.0}, {""period"": ""Q1 2019"", ""year"": 2019, ""quarter"": 1, ""value"": 0.0}, {""period"": ""Q2 2019"", ""year"": 2019, ""quarter"": 2, ""value"": 0.0}, {""period"": ""Q3 2019"", ""year"": 2019, ""quarter"": 3, ""value"": 0.0}, {""period"": ""Q4 2019"", ""year"": 2019, ""quarter"": 4, ""value"": 0.0}, {""period"": ""Q1 2020"", ""year"": 2020, ""quarter"": 1, ""value"": 0.0}, {""period"": ""Q2 2020"", ""year"": 2020, ""quarter"": 2, ""value"": 0.0}, {""period"": ""Q3 2020"", ""year"": 2020, ""quarter"": 3, ""value"": 0.0}, {""period"": ""Q4 2020"", ""year"": 2020, ""quarter"": 4, ""value"": 0.0}, {""period"": ""Q1 2021"", ""year"": 2021, ""quarter"": 1, ""value"": 0.0}, {""period"": ""Q2 2021"", ""year"": 2021, ""quarter"": 2, ""value"": 0.0}, {""period"": ""Q3 2021"", ""year"": 2021, ""quarter"": 3, ""value"": 0.0}, {""period"": ""Q4 2021"", ""year"": 2021, ""quarter"": 4, ""value"": 0.0}, {""period"": ""Q1 2022"", ""year"": 2022, ""quarter"": 1, ""value"": 0.0}, {""period"": ""Q2 2022"", ""year"": 2022, ""quarter"": 2, ""value"": 35829500000.0}, {""period"": ""Q3 2022"", ""year"": 2022, ""quarter"": 3, ""value"": 35829500000.0}, {""period"": ""Q4 2022"", ""year"": 2022, ""quarter"": 4, ""value"": 35829500000.0}, {""period"": ""Q1 2023"", ""year"": 2023, ""quarter"": 1, ""value"": 35829500000.0}, {""period"": ""Q2 2023"", ""year"": 2023, ""quarter"": 2, ""value"": 35829500000.0}, {""period"": ""Q3 2023"", ""year"": 2023, ""quarter"": 3, ""value"": 35829500000.0}, {""period"": ""Q4 2023"", ""year"": 2023, ""quarter"": 4, ""value"": 35829500000.0}, {""period"": ""Q1 2024"", ""year"": 2024, ""quarter"": 1, ""value"": 35829500000.0}, {""period"": ""Q2 2024"", ""year"": 2024, ""quarter"": 2, ""value"": 35829500000.0}, {""period"": ""Q3 2024"", ""year"": 2024, ""quarter"": 3, ""value"": 363468440000.0}, {""period"": ""Q4 2024"", ""year"": 2024, ""quarter"": 4, ""value"": 451440595368.0}, {""period"": ""Q1 2025"", ""year"": 2025, ""quarter"": 1, ""value"": 333037080015.0}, {""period"": ""Q2 2025"", ""year"": 2025, ""quarter"": 2, ""value"": 333037080015.0}, {""period"": ""Q3 2025"", ""year"": 2025, ""quarter"": 3, ""value"": 336160389761.0}, {""period"": ""Q4 2025"", ""year"": 2025, ""quarter"": 4, ""value"": 35829500000.0}, {""period"": ""Q1 2026"", ""year"": 2026, ""quarter"": 1, ""value"": 35829500000.0}, {""period"": ""Q2 2026"", ""year"": 2026, ""quarter"": 2, ""value"": 35829500000.0}]"
VPG,1,BalanceSheet,Quarter,102020302,- Giá trị hao mòn lũy kế,1020203,False,5,,"[{""period"": ""Q4 2015"", ""year"": 2015, ""quarter"": 4, ""value"": 0.0}, {""period"": ""Q4 2016"", ""year"": 2016, ""quarter"": 4, ""value"": 0.0}, {""period"": ""Q2 2017"", ""year"": 2017, ""quarter"": 2, ""value"": 0.0}, {""period"": ""Q3 2017"", ""year"": 2017, ""quarter"": 3, ""value"": 0.0}, {""period"": ""Q4 2017"", ""year"": 2017, ""quarter"": 4, ""value"": 0.0}, {""period"": ""Q1 2018"", ""year"": 2018, ""quarter"": 1, ""value"": 0.0}, {""period"": ""Q2 2018"", ""year"": 2018, ""quarter"": 2, ""value"": 0.0}, {""period"": ""Q3 2018"", ""year"": 2018, ""quarter"": 3, ""value"": 0.0}, {""period"": ""Q4 2018"", ""year"": 2018, ""quarter"": 4, ""value"": 0.0}, {""period"": ""Q1 2019"", ""year"": 2019, ""quarter"": 1, ""value"": 0.0}, {""period"": ""Q2 2019"", ""year"": 2019, ""quarter"": 2, ""value"": 0.0}, {""period"": ""Q3 2019"", ""year"": 2019, ""quarter"": 3, ""value"": 0.0}, {""period"": ""Q4 2019"", ""year"": 2019, ""quarter"": 4, ""value"": 0.0}, {""period"": ""Q1 2020"", ""year"": 2020, ""quarter"": 1, ""value"": 0.0}, {""period"": ""Q2 2020"", ""year"": 2020, ""quarter"": 2, ""value"": 0.0}, {""period"": ""Q3 2020"", ""year"": 2020, ""quarter"": 3, ""value"": 0.0}, {""period"": ""Q4 2020"", ""year"": 2020, ""quarter"": 4, ""value"": 0.0}, {""period"": ""Q1 2021"", ""year"": 2021, ""quarter"": 1, ""value"": 0.0}, {""period"": ""Q2 2021"", ""year"": 2021, ""quarter"": 2, ""value"": 0.0}, {""period"": ""Q3 2021"", ""year"": 2021, ""quarter"": 3, ""value"": 0.0}, {""period"": ""Q4 2021"", ""year"": 2021, ""quarter"": 4, ""value"": 0.0}, {""period"": ""Q1 2022"", ""year"": 2022, ""quarter"": 1, ""value"": 0.0}, {""period"": ""Q2 2022"", ""year"": 2022, ""quarter"": 2, ""value"": 0.0}, {""period"": ""Q3 2022"", ""year"": 2022, ""quarter"": 3, ""value"": 0.0}, {""period"": ""Q4 2022"", ""year"": 2022, ""quarter"": 4, ""value"": 0.0}, {""period"": ""Q1 2023"", ""year"": 2023, ""quarter"": 1, ""value"": 0.0}, {""period"": ""Q2 2023"", ""year"": 2023, ""quarter"": 2, ""value"": 0.0}, {""period"": ""Q3 2023"", ""year"": 2023, ""quarter"": 3, ""value"": 0.0}, {""period"": ""Q4 2023"", ""year"": 2023, ""quarter"": 4, ""value"": 0.0}, {""period"": ""Q1 2024"", ""year"": 2024, ""quarter"": 1, ""value"": 0.0}, {""period"": ""Q2 2024"", ""year"": 2024, ""quarter"": 2, ""value"": 0.0}, {""period"": ""Q3 2024"", ""year"": 2024, ""quarter"": 3, ""value"": 0.0}, {""period"": ""Q4 2024"", ""year"": 2024, ""quarter"": 4, ""value"": 0.0}, {""period"": ""Q1 2025"", ""year"": 2025, ""quarter"": 1, ""value"": 0.0}, {""period"": ""Q2 2025"", ""year"": 2025, ""quarter"": 2, ""value"": 0.0}, {""period"": ""Q3 2025"", ""year"": 2025, ""quarter"": 3, ""value"": 0.0}, {""period"": ""Q4 2025"", ""year"": 2025, ""quarter"": 4, ""value"": 0.0}, {""period"": ""Q1 2026"", ""year"": 2026, ""quarter"": 1, ""value"": 0.0}, {""period"": ""Q2 2026"", ""year"": 2026, ""quarter"": 2, ""value"": 0.0}]"
VPG,1,BalanceSheet,Quarter,10203,III. Bất động sản đầu tư,102,False,3,,"[{""period"": ""Q4 2015"", ""year"": 2015, ""quarter"": 4, ""value"": 0.0}, {""period"": ""Q4 2016"", ""year"": 2016, ""quarter"": 4, ""value"": 0.0}, {""period"": ""Q2 2017"", ""year"": 2017, ""quarter"": 2, ""value"": 0.0}, {""period"": ""Q3 2017"", ""year"": 2017, ""quarter"": 3, ""value"": 0.0}, {""period"": ""Q4 2017"", ""year"": 2017, ""quarter"": 4, ""value"": 0.0}, {""period"": ""Q1 2018"", ""year"": 2018, ""quarter"": 1, ""value"": 0.0}, {""period"": ""Q2 2018"", ""year"": 2018, ""quarter"": 2, ""value"": 0.0}, {""period"": ""Q3 2018"", ""year"": 2018, ""quarter"": 3, ""value"": 0.0}, {""period"": ""Q4 2018"", ""year"": 2018, ""quarter"": 4, ""value"": 0.0}, {""period"": ""Q1 2019"", ""year"": 2019, ""quarter"": 1, ""value"": 0.0}, {""period"": ""Q2 2019"", ""year"": 2019, ""quarter"": 2, ""value"": 0.0}, {""period"": ""Q3 2019"", ""year"": 2019, ""quarter"": 3, ""value"": 0.0}, {""period"": ""Q4 2019"", ""year"": 2019, ""quarter"": 4, ""value"": 0.0}, {""period"": ""Q1 2020"", ""year"": 2020, ""quarter"": 1, ""value"": 0.0}, {""period"": ""Q2 2020"", ""year"": 2020, ""quarter"": 2, ""value"": 0.0}, {""period"": ""Q3 2020"", ""year"": 2020, ""quarter"": 3, ""value"": 0.0}, {""period"": ""Q4 2020"", ""year"": 2020, ""quarter"": 4, ""value"": 0.0}, {""period"": ""Q1 2021"", ""year"": 2021, ""quarter"": 1, ""value"": 0.0}, {""period"": ""Q2 2021"", ""year"": 2021, ""quarter"": 2, ""value"": 0.0}, {""period"": ""Q3 2021"", ""year"": 2021, ""quarter"": 3, ""value"": 0.0}, {""period"": ""Q4 2021"", ""year"": 2021, ""quarter"": 4, ""value"": 0.0}, {""period"": ""Q1 2022"", ""year"": 2022, ""quarter"": 1, ""value"": 0.0}, {""period"": ""Q2 2022"", ""year"": 2022, ""quarter"": 2, ""value"": 0.0}, {""period"": ""Q3 2022"", ""year"": 2022, ""quarter"": 3, ""value"": 0.0}, {""period"": ""Q4 2022"", ""year"": 2022, ""quarter"": 4, ""value"": 0.0}, {""period"": ""Q1 2023"", ""year"": 2023, ""quarter"": 1, ""value"": 0.0}, {""period"": ""Q2 2023"", ""year"": 2023, ""quarter"": 2, ""value"": 0.0}, {""period"": ""Q3 2023"", ""year"": 2023, ""quarter"": 3, ""value"": 0.0}, {""period"": ""Q4 2023"", ""year"": 2023, ""quarter"": 4, ""value"": 0.0}, {""period"": ""Q1 2024"", ""year"": 2024, ""quarter"": 1, ""value"": 0.0}, {""period"": ""Q2 2024"", ""year"": 2024, ""quarter"": 2, ""value"": 48403393848.0}, {""period"": ""Q3 2024"", ""year"": 2024, ""quarter"": 3, ""value"": 47796588222.0}, {""period"": ""Q4 2024"", ""year"": 2024, ""quarter"": 4, ""value"": 22410503053.0}, {""period"": ""Q1 2025"", ""year"": 2025, ""quarter"": 1, ""value"": 223803254187.0}, {""period"": ""Q2 2025"", ""year"": 2025, ""quarter"": 2, ""value"": 140718924350.0}, {""period"": ""Q3 2025"", ""year"": 2025, ""quarter"": 3, ""value"": 139515169019.0}, {""period"": ""Q4 2025"", ""year"": 2025, ""quarter"": 4, ""value"": 0.0}, {""period"": ""Q1 2026"", ""year"": 2026, ""quarter"": 1, ""value"": 0.0}, {""period"": ""Q2 2026"", ""year"": 2026, ""quarter"": 2, ""value"": 0.0}]"
VPG,1,BalanceSheet,Quarter,1020301,- Nguyên giá,10203,False,4,,"[{""period"": ""Q4 2015"", ""year"": 2015, ""quarter"": 4, ""value"": 0.0}, {""period"": ""Q4 2016"", ""year"": 2016, ""quarter"": 4, ""value"": 0.0}, {""period"": ""Q2 2017"", ""year"": 2017, ""quarter"": 2, ""value"": 0.0}, {""period"": ""Q3 2017"", ""year"": 2017, ""quarter"": 3, ""value"": 0.0}, {""period"": ""Q4 2017"", ""year"": 2017, ""quarter"": 4, ""value"": 0.0}, {""period"": ""Q1 2018"", ""year"": 2018, ""quarter"": 1, ""value"": 0.0}, {""period"": ""Q2 2018"", ""year"": 2018, ""quarter"": 2, ""value"": 0.0}, {""period"": ""Q3 2018"", ""year"": 2018, ""quarter"": 3, ""value"": 0.0}, {""period"": ""Q4 2018"", ""year"": 2018, ""quarter"": 4, ""value"": 0.0}, {""period"": ""Q1 2019"", ""year"": 2019, ""quarter"": 1, ""value"": 0.0}, {""period"": ""Q2 2019"", ""year"": 2019, ""quarter"": 2, ""value"": 0.0}, {""period"": ""Q3 2019"", ""year"": 2019, ""quarter"": 3, ""value"": 0.0}, {""period"": ""Q4 2019"", ""year"": 2019, ""quarter"": 4, ""value"": 0.0}, {""period"": ""Q1 2020"", ""year"": 2020, ""quarter"": 1, ""value"": 0.0}, {""period"": ""Q2 2020"", ""year"": 2020, ""quarter"": 2, ""value"": 0.0}, {""period"": ""Q3 2020"", ""year"": 2020, ""quarter"": 3, ""value"": 0.0}, {""period"": ""Q4 2020"", ""year"": 2020, ""quarter"": 4, ""value"": 0.0}, {""period"": ""Q1 2021"", ""year"": 2021, ""quarter"": 1, ""value"": 0.0}, {""period"": ""Q2 2021"", ""year"": 2021, ""quarter"": 2, ""value"": 0.0}, {""period"": ""Q3 2021"", ""year"": 2021, ""quarter"": 3, ""value"": 0.0}, {""period"": ""Q4 2021"", ""year"": 2021, ""quarter"": 4, ""value"": 0.0}, {""period"": ""Q1 2022"", ""year"": 2022, ""quarter"": 1, ""value"": 0.0}, {""period"": ""Q2 2022"", ""year"": 2022, ""quarter"": 2, ""value"": 0.0}, {""period"": ""Q3 2022"", ""year"": 2022, ""quarter"": 3, ""value"": 0.0}, {""period"": ""Q4 2022"", ""year"": 2022, ""quarter"": 4, ""value"": 0.0}, {""period"": ""Q1 2023"", ""year"": 2023, ""quarter"": 1, ""value"": 0.0}, {""period"": ""Q2 2023"", ""year"": 2023, ""quarter"": 2, ""value"": 0.0}, {""period"": ""Q3 2023"", ""year"": 2023, ""quarter"": 3, ""value"": 0.0}, {""period"": ""Q4 2023"", ""year"": 2023, ""quarter"": 4, ""value"": 0.0}, {""period"": ""Q1 2024"", ""year"": 2024, ""quarter"": 1, ""value"": 0.0}, {""period"": ""Q2 2024"", ""year"": 2024, ""quarter"": 2, ""value"": 48899001497.0}, {""period"": ""Q3 2024"", ""year"": 2024, ""quarter"": 3, ""value"": 48899001497.0}, {""period"": ""Q4 2024"", ""year"": 2024, ""quarter"": 4, ""value"": 23669906052.0}, {""period"": ""Q1 2025"", ""year"": 2025, ""quarter"": 1, ""value"": 225501192037.0}, {""period"": ""Q2 2025"", ""year"": 2025, ""quarter"": 2, ""value"": 142860938136.0}, {""period"": ""Q3 2025"", ""year"": 2025, ""quarter"": 3, ""value"": 142076228793.0}, {""period"": ""Q4 2025"", ""year"": 2025, ""quarter"": 4, ""value"": 0.0}, {""period"": ""Q1 2026"", ""year"": 2026, ""quarter"": 1, ""value"": 0.0}, {""period"": ""Q2 2026"", ""year"": 2026, ""quarter"": 2, ""value"": 0.0}]"
VPG,1,BalanceSheet,Quarter,1020302,- Giá trị hao mòn lũy kế,10203,False,4,,"[{""period"": ""Q4 2015"", ""year"": 2015, ""quarter"": 4, ""value"": 0.0}, {""period"": ""Q4 2016"", ""year"": 2016, ""quarter"": 4, ""value"": 0.0}, {""period"": ""Q2 2017"", ""year"": 2017, ""quarter"": 2, ""value"": 0.0}, {""period"": ""Q3 2017"", ""year"": 2017, ""quarter"": 3, ""value"": 0.0}, {""period"": ""Q4 2017"", ""year"": 2017, ""quarter"": 4, ""value"": 0.0}, {""period"": ""Q1 2018"", ""year"": 2018, ""quarter"": 1, ""value"": 0.0}, {""period"": ""Q2 2018"", ""year"": 2018, ""quarter"": 2, ""value"": 0.0}, {""period"": ""Q3 2018"", ""year"": 2018, ""quarter"": 3, ""value"": 0.0}, {""period"": ""Q4 2018"", ""year"": 2018, ""quarter"": 4, ""value"": 0.0}, {""period"": ""Q1 2019"", ""year"": 2019, ""quarter"": 1, ""value"": 0.0}, {""period"": ""Q2 2019"", ""year"": 2019, ""quarter"": 2, ""value"": 0.0}, {""period"": ""Q3 2019"", ""year"": 2019, ""quarter"": 3, ""value"": 0.0}, {""period"": ""Q4 2019"", ""year"": 2019, ""quarter"": 4, ""value"": 0.0}, {""period"": ""Q1 2020"", ""year"": 2020, ""quarter"": 1, ""value"": 0.0}, {""period"": ""Q2 2020"", ""year"": 2020, ""quarter"": 2, ""value"": 0.0}, {""period"": ""Q3 2020"", ""year"": 2020, ""quarter"": 3, ""value"": 0.0}, {""period"": ""Q4 2020"", ""year"": 2020, ""quarter"": 4, ""value"": 0.0}, {""period"": ""Q1 2021"", ""year"": 2021, ""quarter"": 1, ""value"": 0.0}, {""period"": ""Q2 2021"", ""year"": 2021, ""quarter"": 2, ""value"": 0.0}, {""period"": ""Q3 2021"", ""year"": 2021, ""quarter"": 3, ""value"": 0.0}, {""period"": ""Q4 2021"", ""year"": 2021, ""quarter"": 4, ""value"": 0.0}, {""period"": ""Q1 2022"", ""year"": 2022, ""quarter"": 1, ""value"": 0.0}, {""period"": ""Q2 2022"", ""year"": 2022, ""quarter"": 2, ""value"": 0.0}, {""period"": ""Q3 2022"", ""year"": 2022, ""quarter"": 3, ""value"": 0.0}, {""period"": ""Q4 2022"", ""year"": 2022, ""quarter"": 4, ""value"": 0.0}, {""period"": ""Q1 2023"", ""year"": 2023, ""quarter"": 1, ""value"": 0.0}, {""period"": ""Q2 2023"", ""year"": 2023, ""quarter"": 2, ""value"": 0.0}, {""period"": ""Q3 2023"", ""year"": 2023, ""quarter"": 3, ""value"": 0.0}, {""period"": ""Q4 2023"", ""year"": 2023, ""quarter"": 4, ""value"": 0.0}, {""period"": ""Q1 2024"", ""year"": 2024, ""quarter"": 1, ""value"": 0.0}, {""period"": ""Q2 2024"", ""year"": 2024, ""quarter"": 2, ""value"": -495607649.0}, {""period"": ""Q3 2024"", ""year"": 2024, ""quarter"": 3, ""value"": -1102413275.0}, {""period"": ""Q4 2024"", ""year"": 2024, ""quarter"": 4, ""value"": -1259402999.0}, {""period"": ""Q1 2025"", ""year"": 2025, ""quarter"": 1, ""value"": -1697937850.0}, {""period"": ""Q2 2025"", ""year"": 2025, ""quarter"": 2, ""value"": -2142013786.0}, {""period"": ""Q3 2025"", ""year"": 2025, ""quarter"": 3, ""value"": -2561059774.0}, {""period"": ""Q4 2025"", ""year"": 2025, ""quarter"": 4, ""value"": 0.0}, {""period"": ""Q1 2026"", ""year"": 2026, ""quarter"": 1, ""value"": 0.0}, {""period"": ""Q2 2026"", ""year"": 2026, ""quarter"": 2, ""value"": 0.0}]"
VPG,1,BalanceSheet,Quarter,10204,IV. Tài sản dở dang dài hạn,102,False,3,,"[{""period"": ""Q4 2015"", ""year"": 2015, ""quarter"": 4, ""value"": 18321402401.0}, {""period"": ""Q4 2016"", ""year"": 2016, ""quarter"": 4, ""value"": 16477082772.0}, {""period"": ""Q2 2017"", ""year"": 2017, ""quarter"": 2, ""value"": 17763471859.0}, {""period"": ""Q3 2017"", ""year"": 2017, ""quarter"": 3, ""value"": 18165476180.0}, {""period"": ""Q4 2017"", ""year"": 2017, ""quarter"": 4, ""value"": 18925034280.0}, {""period"": ""Q1 2018"", ""year"": 2018, ""quarter"": 1, ""value"": 19974936080.0}, {""period"": ""Q2 2018"", ""year"": 2018, ""quarter"": 2, ""value"": 20187229980.0}, {""period"": ""Q3 2018"", ""year"": 2018, ""quarter"": 3, ""value"": 20990590344.0}, {""period"": ""Q4 2018"", ""year"": 2018, ""quarter"": 4, ""value"": 36398346647.0}, {""period"": ""Q1 2019"", ""year"": 2019, ""quarter"": 1, ""value"": 81122824138.0}, {""period"": ""Q2 2019"", ""year"": 2019, ""quarter"": 2, ""value"": 222366910085.0}, {""period"": ""Q3 2019"", ""year"": 2019, ""quarter"": 3, ""value"": 282423127239.0}, {""period"": ""Q4 2019"", ""year"": 2019, ""quarter"": 4, ""value"": 305475350745.0}, {""period"": ""Q1 2020"", ""year"": 2020, ""quarter"": 1, ""value"": 13139175162.0}, {""period"": ""Q2 2020"", ""year"": 2020, ""quarter"": 2, ""value"": 13494131584.0}, {""period"": ""Q3 2020"", ""year"": 2020, ""quarter"": 3, ""value"": 17859381198.0}, {""period"": ""Q4 2020"", ""year"": 2020, ""quarter"": 4, ""value"": 13464198411.0}, {""period"": ""Q1 2021"", ""year"": 2021, ""quarter"": 1, ""value"": 13464198411.0}, {""period"": ""Q2 2021"", ""year"": 2021, ""quarter"": 2, ""value"": 13027492832.0}, {""period"": ""Q3 2021"", ""year"": 2021, ""quarter"": 3, ""value"": 10968981632.0}, {""period"": ""Q4 2021"", ""year"": 2021, ""quarter"": 4, ""value"": 50431481632.0}, {""period"": ""Q1 2022"", ""year"": 2022, ""quarter"": 1, ""value"": 50431481632.0}, {""period"": ""Q2 2022"", ""year"": 2022, ""quarter"": 2, ""value"": 461475921632.0}, {""period"": ""Q3 2022"", ""year"": 2022, ""quarter"": 3, ""value"": 461583609802.0}, {""period"": ""Q4 2022"", ""year"": 2022, ""quarter"": 4, ""value"": 462117539802.0}, {""period"": ""Q1 2023"", ""year"": 2023, ""quarter"": 1, ""value"": 462821514722.0}, {""period"": ""Q2 2023"", ""year"": 2023, ""quarter"": 2, ""value"": 463904510830.0}, {""period"": ""Q3 2023"", ""year"": 2023, ""quarter"": 3, ""value"": 466940804877.0}, {""period"": ""Q4 2023"", ""year"": 2023, ""quarter"": 4, ""value"": 482474613491.0}, {""period"": ""Q1 2024"", ""year"": 2024, ""quarter"": 1, ""value"": 500537664396.0}, {""period"": ""Q2 2024"", ""year"": 2024, ""quarter"": 2, ""value"": 453584933903.0}, {""period"": ""Q3 2024"", ""year"": 2024, ""quarter"": 3, ""value"": 131409522238.0}, {""period"": ""Q4 2024"", ""year"": 2024, ""quarter"": 4, ""value"": 76715474528.0}, {""period"": ""Q1 2025"", ""year"": 2025, ""quarter"": 1, ""value"": 11201544577.0}, {""period"": ""Q2 2025"", ""year"": 2025, ""quarter"": 2, ""value"": 6469251276.0}, {""period"": ""Q3 2025"", ""year"": 2025, ""quarter"": 3, ""value"": 6469251276.0}, {""period"": ""Q4 2025"", ""year"": 2025, ""quarter"": 4, ""value"": 6469251276.0}, {""period"": ""Q1 2026"", ""year"": 2026, ""quarter"": 1, ""value"": 6469251276.0}, {""period"": ""Q2 2026"", ""year"": 2026, ""quarter"": 2, ""value"": 6469251276.0}]"
VPG,1,BalanceSheet,Quarter,1020401,"1. Chi phí sản xuất, kinh doanh dở dang dài hạn",10204,False,4,,"[{""period"": ""Q4 2015"", ""year"": 2015, ""quarter"": 4, ""value"": 0.0}, {""period"": ""Q4 2016"", ""year"": 2016, ""quarter"": 4, ""value"": 0.0}, {""period"": ""Q2 2017"", ""year"": 2017, ""quarter"": 2, ""value"": 0.0}, {""period"": ""Q3 2017"", ""year"": 2017, ""quarter"": 3, ""value"": 0.0}, {""period"": ""Q4 2017"", ""year"": 2017, ""quarter"": 4, ""value"": 0.0}, {""period"": ""Q1 2018"", ""year"": 2018, ""quarter"": 1, ""value"": 0.0}, {""period"": ""Q2 2018"", ""year"": 2018, ""quarter"": 2, ""value"": 0.0}, {""period"": ""Q3 2018"", ""year"": 2018, ""quarter"": 3, ""value"": 0.0}, {""period"": ""Q4 2018"", ""year"": 2018, ""quarter"": 4, ""value"": 0.0}, {""period"": ""Q1 2019"", ""year"": 2019, ""quarter"": 1, ""value"": 0.0}, {""period"": ""Q2 2019"", ""year"": 2019, ""quarter"": 2, ""value"": 99743947028.0}, {""period"": ""Q3 2019"", ""year"": 2019, ""quarter"": 3, ""value"": 153283576400.0}, {""period"": ""Q4 2019"", ""year"": 2019, ""quarter"": 4, ""value"": 175981228543.0}, {""period"": ""Q1 2020"", ""year"": 2020, ""quarter"": 1, ""value"": 0.0}, {""period"": ""Q2 2020"", ""year"": 2020, ""quarter"": 2, ""value"": 0.0}, {""period"": ""Q3 2020"", ""year"": 2020, ""quarter"": 3, ""value"": 0.0}, {""period"": ""Q4 2020"", ""year"": 2020, ""quarter"": 4, ""value"": 0.0}, {""period"": ""Q1 2021"", ""year"": 2021, ""quarter"": 1, ""value"": 0.0}, {""period"": ""Q2 2021"", ""year"": 2021, ""quarter"": 2, ""value"": 0.0}, {""period"": ""Q3 2021"", ""year"": 2021, ""quarter"": 3, ""value"": 0.0}, {""period"": ""Q4 2021"", ""year"": 2021, ""quarter"": 4, ""value"": 0.0}, {""period"": ""Q1 2022"", ""year"": 2022, ""quarter"": 1, ""value"": 0.0}, {""period"": ""Q2 2022"", ""year"": 2022, ""quarter"": 2, ""value"": 0.0}, {""period"": ""Q3 2022"", ""year"": 2022, ""quarter"": 3, ""value"": 0.0}, {""period"": ""Q4 2022"", ""year"": 2022, ""quarter"": 4, ""value"": 0.0}, {""period"": ""Q1 2023"", ""year"": 2023, ""quarter"": 1, ""value"": 0.0}, {""period"": ""Q2 2023"", ""year"": 2023, ""quarter"": 2, ""value"": 0.0}, {""period"": ""Q3 2023"", ""year"": 2023, ""quarter"": 3, ""value"": 0.0}, {""period"": ""Q4 2023"", ""year"": 2023, ""quarter"": 4, ""value"": 0.0}, {""period"": ""Q1 2024"", ""year"": 2024, ""quarter"": 1, ""value"": 0.0}, {""period"": ""Q2 2024"", ""year"": 2024, ""quarter"": 2, ""value"": 0.0}, {""period"": ""Q3 2024"", ""year"": 2024, ""quarter"": 3, ""value"": 0.0}, {""period"": ""Q4 2024"", ""year"": 2024, ""quarter"": 4, ""value"": 0.0}, {""period"": ""Q1 2025"", ""year"": 2025, ""quarter"": 1, ""value"": 0.0}, {""period"": ""Q2 2025"", ""year"": 2025, ""quarter"": 2, ""value"": 0.0}, {""period"": ""Q3 2025"", ""year"": 2025, ""quarter"": 3, ""value"": 0.0}, {""period"": ""Q4 2025"", ""year"": 2025, ""quarter"": 4, ""value"": 0.0}, {""period"": ""Q1 2026"", ""year"": 2026, ""quarter"": 1, ""value"": 0.0}, {""period"": ""Q2 2026"", ""year"": 2026, ""quarter"": 2, ""value"": 0.0}]"
VPG,1,BalanceSheet,Quarter,1020402,2. chi phí xây dựng cơ bản dở dang,10204,False,4,,"[{""period"": ""Q4 2015"", ""year"": 2015, ""quarter"": 4, ""value"": 18321402401.0}, {""period"": ""Q4 2016"", ""year"": 2016, ""quarter"": 4, ""value"": 16477082772.0}, {""period"": ""Q2 2017"", ""year"": 2017, ""quarter"": 2, ""value"": 17763471859.0}, {""period"": ""Q3 2017"", ""year"": 2017, ""quarter"": 3, ""value"": 18165476180.0}, {""period"": ""Q4 2017"", ""year"": 2017, ""quarter"": 4, ""value"": 18925034280.0}, {""period"": ""Q1 2018"", ""year"": 2018, ""quarter"": 1, ""value"": 19974936080.0}, {""period"": ""Q2 2018"", ""year"": 2018, ""quarter"": 2, ""value"": 20187229980.0}, {""period"": ""Q3 2018"", ""year"": 2018, ""quarter"": 3, ""value"": 20990590344.0}, {""period"": ""Q4 2018"", ""year"": 2018, ""quarter"": 4, ""value"": 36398346647.0}, {""period"": ""Q1 2019"", ""year"": 2019, ""quarter"": 1, ""value"": 81122824138.0}, {""period"": ""Q2 2019"", ""year"": 2019, ""quarter"": 2, ""value"": 122622963057.0}, {""period"": ""Q3 2019"", ""year"": 2019, ""quarter"": 3, ""value"": 129139550839.0}, {""period"": ""Q4 2019"", ""year"": 2019, ""quarter"": 4, ""value"": 129494122202.0}, {""period"": ""Q1 2020"", ""year"": 2020, ""quarter"": 1, ""value"": 13139175162.0}, {""period"": ""Q2 2020"", ""year"": 2020, ""quarter"": 2, ""value"": 13494131584.0}, {""period"": ""Q3 2020"", ""year"": 2020, ""quarter"": 3, ""value"": 17859381198.0}, {""period"": ""Q4 2020"", ""year"": 2020, ""quarter"": 4, ""value"": 13464198411.0}, {""period"": ""Q1 2021"", ""year"": 2021, ""quarter"": 1, ""value"": 13464198411.0}, {""period"": ""Q2 2021"", ""year"": 2021, ""quarter"": 2, ""value"": 13027492832.0}, {""period"": ""Q3 2021"", ""year"": 2021, ""quarter"": 3, ""value"": 10968981632.0}, {""period"": ""Q4 2021"", ""year"": 2021, ""quarter"": 4, ""value"": 50431481632.0}, {""period"": ""Q1 2022"", ""year"": 2022, ""quarter"": 1, ""value"": 50431481632.0}, {""period"": ""Q2 2022"", ""year"": 2022, ""quarter"": 2, ""value"": 461475921632.0}, {""period"": ""Q3 2022"", ""year"": 2022, ""quarter"": 3, ""value"": 461583609802.0}, {""period"": ""Q4 2022"", ""year"": 2022, ""quarter"": 4, ""value"": 462117539802.0}, {""period"": ""Q1 2023"", ""year"": 2023, ""quarter"": 1, ""value"": 462821514722.0}, {""period"": ""Q2 2023"", ""year"": 2023, ""quarter"": 2, ""value"": 463904510830.0}, {""period"": ""Q3 2023"", ""year"": 2023, ""quarter"": 3, ""value"": 466940804877.0}, {""period"": ""Q4 2023"", ""year"": 2023, ""quarter"": 4, ""value"": 482474613491.0}, {""period"": ""Q1 2024"", ""year"": 2024, ""quarter"": 1, ""value"": 500537664396.0}, {""period"": ""Q2 2024"", ""year"": 2024, ""quarter"": 2, ""value"": 453584933903.0}, {""period"": ""Q3 2024"", ""year"": 2024, ""quarter"": 3, ""value"": 131409522238.0}, {""period"": ""Q4 2024"", ""year"": 2024, ""quarter"": 4, ""value"": 76715474528.0}, {""period"": ""Q1 2025"", ""year"": 2025, ""quarter"": 1, ""value"": 11201544577.0}, {""period"": ""Q2 2025"", ""year"": 2025, ""quarter"": 2, ""value"": 6469251276.0}, {""period"": ""Q3 2025"", ""year"": 2025, ""quarter"": 3, ""value"": 6469251276.0}, {""period"": ""Q4 2025"", ""year"": 2025, ""quarter"": 4, ""value"": 6469251276.0}, {""period"": ""Q1 2026"", ""year"": 2026, ""quarter"": 1, ""value"": 6469251276.0}, {""period"": ""Q2 2026"", ""year"": 2026, ""quarter"": 2, ""value"": 6469251276.0}]"
VPG,1,BalanceSheet,Quarter,10205,V. Các khoản đầu tư tài chính dài hạn,102,False,3,,"[{""period"": ""Q4 2015"", ""year"": 2015, ""quarter"": 4, ""value"": 4000000000.0}, {""period"": ""Q4 2016"", ""year"": 2016, ""quarter"": 4, ""value"": 14000000000.0}, {""period"": ""Q2 2017"", ""year"": 2017, ""quarter"": 2, ""value"": 38000000000.0}, {""period"": ""Q3 2017"", ""year"": 2017, ""quarter"": 3, ""value"": 142550000000.0}, {""period"": ""Q4 2017"", ""year"": 2017, ""quarter"": 4, ""value"": 118550000000.0}, {""period"": ""Q1 2018"", ""year"": 2018, ""quarter"": 1, ""value"": 120750000000.0}, {""period"": ""Q2 2018"", ""year"": 2018, ""quarter"": 2, ""value"": 106750000000.0}, {""period"": ""Q3 2018"", ""year"": 2018, ""quarter"": 3, ""value"": 106750000000.0}, {""period"": ""Q4 2018"", ""year"": 2018, ""quarter"": 4, ""value"": 110750000000.0}, {""period"": ""Q1 2019"", ""year"": 2019, ""quarter"": 1, ""value"": 110750000000.0}, {""period"": ""Q2 2019"", ""year"": 2019, ""quarter"": 2, ""value"": 110750000000.0}, {""period"": ""Q3 2019"", ""year"": 2019, ""quarter"": 3, ""value"": 128750000000.0}, {""period"": ""Q4 2019"", ""year"": 2019, ""quarter"": 4, ""value"": 128750000000.0}, {""period"": ""Q1 2020"", ""year"": 2020, ""quarter"": 1, ""value"": 128750000000.0}, {""period"": ""Q2 2020"", ""year"": 2020, ""quarter"": 2, ""value"": 173750000000.0}, {""period"": ""Q3 2020"", ""year"": 2020, ""quarter"": 3, ""value"": 173750000000.0}, {""period"": ""Q4 2020"", ""year"": 2020, ""quarter"": 4, ""value"": 157750000000.0}, {""period"": ""Q1 2021"", ""year"": 2021, ""quarter"": 1, ""value"": 157750000000.0}, {""period"": ""Q2 2021"", ""year"": 2021, ""quarter"": 2, ""value"": 157750000000.0}, {""period"": ""Q3 2021"", ""year"": 2021, ""quarter"": 3, ""value"": 157750000000.0}, {""period"": ""Q4 2021"", ""year"": 2021, ""quarter"": 4, ""value"": 157750000000.0}, {""period"": ""Q1 2022"", ""year"": 2022, ""quarter"": 1, ""value"": 211750000000.0}, {""period"": ""Q2 2022"", ""year"": 2022, ""quarter"": 2, ""value"": 211750000000.0}, {""period"": ""Q3 2022"", ""year"": 2022, ""quarter"": 3, ""value"": 211750000000.0}, {""period"": ""Q4 2022"", ""year"": 2022, ""quarter"": 4, ""value"": 157750000000.0}, {""period"": ""Q1 2023"", ""year"": 2023, ""quarter"": 1, ""value"": 157750000000.0}, {""period"": ""Q2 2023"", ""year"": 2023, ""quarter"": 2, ""value"": 157750000000.0}, {""period"": ""Q3 2023"", ""year"": 2023, ""quarter"": 3, ""value"": 157750000000.0}, {""period"": ""Q4 2023"", ""year"": 2023, ""quarter"": 4, ""value"": 157750000000.0}, {""period"": ""Q1 2024"", ""year"": 2024, ""quarter"": 1, ""value"": 157750000000.0}, {""period"": ""Q2 2024"", ""year"": 2024, ""quarter"": 2, ""value"": 43480000000.0}, {""period"": ""Q3 2024"", ""year"": 2024, ""quarter"": 3, ""value"": 37480000000.0}, {""period"": ""Q4 2024"", ""year"": 2024, ""quarter"": 4, ""value"": 37480000000.0}, {""period"": ""Q1 2025"", ""year"": 2025, ""quarter"": 1, ""value"": 37480000000.0}, {""period"": ""Q2 2025"", ""year"": 2025, ""quarter"": 2, ""value"": 37480000000.0}, {""period"": ""Q3 2025"", ""year"": 2025, ""quarter"": 3, ""value"": 37480000000.0}, {""period"": ""Q4 2025"", ""year"": 2025, ""quarter"": 4, ""value"": 4000000000.0}, {""period"": ""Q1 2026"", ""year"": 2026, ""quarter"": 1, ""value"": 4000000000.0}, {""period"": ""Q2 2026"", ""year"": 2026, ""quarter"": 2, ""value"": 4000000000.0}]"
VPG,1,BalanceSheet,Quarter,1020501,1. Đầu tư vào công ty con,10205,False,4,,"[{""period"": ""Q4 2015"", ""year"": 2015, ""quarter"": 4, ""value"": 0.0}, {""period"": ""Q4 2016"", ""year"": 2016, ""quarter"": 4, ""value"": 0.0}, {""period"": ""Q2 2017"", ""year"": 2017, ""quarter"": 2, ""value"": 0.0}, {""period"": ""Q3 2017"", ""year"": 2017, ""quarter"": 3, ""value"": 0.0}, {""period"": ""Q4 2017"", ""year"": 2017, ""quarter"": 4, ""value"": 0.0}, {""period"": ""Q1 2018"", ""year"": 2018, ""quarter"": 1, ""value"": 0.0}, {""period"": ""Q2 2018"", ""year"": 2018, ""quarter"": 2, ""value"": 0.0}, {""period"": ""Q3 2018"", ""year"": 2018, ""quarter"": 3, ""value"": 0.0}, {""period"": ""Q4 2018"", ""year"": 2018, ""quarter"": 4, ""value"": 0.0}, {""period"": ""Q1 2019"", ""year"": 2019, ""quarter"": 1, ""value"": 0.0}, {""period"": ""Q2 2019"", ""year"": 2019, ""quarter"": 2, ""value"": 0.0}, {""period"": ""Q3 2019"", ""year"": 2019, ""quarter"": 3, ""value"": 0.0}, {""period"": ""Q4 2019"", ""year"": 2019, ""quarter"": 4, ""value"": 0.0}, {""period"": ""Q1 2020"", ""year"": 2020, ""quarter"": 1, ""value"": 0.0}, {""period"": ""Q2 2020"", ""year"": 2020, ""quarter"": 2, ""value"": 0.0}, {""period"": ""Q3 2020"", ""year"": 2020, ""quarter"": 3, ""value"": 0.0}, {""period"": ""Q4 2020"", ""year"": 2020, ""quarter"": 4, ""value"": 0.0}, {""period"": ""Q1 2021"", ""year"": 2021, ""quarter"": 1, ""value"": 0.0}, {""period"": ""Q2 2021"", ""year"": 2021, ""quarter"": 2, ""value"": 0.0}, {""period"": ""Q3 2021"", ""year"": 2021, ""quarter"": 3, ""value"": 0.0}, {""period"": ""Q4 2021"", ""year"": 2021, ""quarter"": 4, ""value"": 0.0}, {""period"": ""Q1 2022"", ""year"": 2022, ""quarter"": 1, ""value"": 0.0}, {""period"": ""Q2 2022"", ""year"": 2022, ""quarter"": 2, ""value"": 0.0}, {""period"": ""Q3 2022"", ""year"": 2022, ""quarter"": 3, ""value"": 0.0}, {""period"": ""Q4 2022"", ""year"": 2022, ""quarter"": 4, ""value"": 0.0}, {""period"": ""Q1 2023"", ""year"": 2023, ""quarter"": 1, ""value"": 0.0}, {""period"": ""Q2 2023"", ""year"": 2023, ""quarter"": 2, ""value"": 0.0}, {""period"": ""Q3 2023"", ""year"": 2023, ""quarter"": 3, ""value"": 0.0}, {""period"": ""Q4 2023"", ""year"": 2023, ""quarter"": 4, ""value"": 0.0}, {""period"": ""Q1 2024"", ""year"": 2024, ""quarter"": 1, ""value"": 0.0}, {""period"": ""Q2 2024"", ""year"": 2024, ""quarter"": 2, ""value"": 0.0}, {""period"": ""Q3 2024"", ""year"": 2024, ""quarter"": 3, ""value"": 0.0}, {""period"": ""Q4 2024"", ""year"": 2024, ""quarter"": 4, ""value"": 0.0}, {""period"": ""Q1 2025"", ""year"": 2025, ""quarter"": 1, ""value"": 0.0}, {""period"": ""Q2 2025"", ""year"": 2025, ""quarter"": 2, ""value"": 0.0}, {""period"": ""Q3 2025"", ""year"": 2025, ""quarter"": 3, ""value"": 0.0}, {""period"": ""Q4 2025"", ""year"": 2025, ""quarter"": 4, ""value"": 0.0}, {""period"": ""Q1 2026"", ""year"": 2026, ""quarter"": 1, ""value"": 0.0}, {""period"": ""Q2 2026"", ""year"": 2026, ""quarter"": 2, ""value"": 0.0}]"
VPG,1,BalanceSheet,Quarter,1020502,"2. Đầu tư vào công ty liên kết, liên doanh",10205,False,4,,"[{""period"": ""Q4 2015"", ""year"": 2015, ""quarter"": 4, ""value"": 0.0}, {""period"": ""Q4 2016"", ""year"": 2016, ""quarter"": 4, ""value"": 0.0}, {""period"": ""Q2 2017"", ""year"": 2017, ""quarter"": 2, ""value"": 0.0}, {""period"": ""Q3 2017"", ""year"": 2017, ""quarter"": 3, ""value"": 0.0}, {""period"": ""Q4 2017"", ""year"": 2017, ""quarter"": 4, ""value"": 0.0}, {""period"": ""Q1 2018"", ""year"": 2018, ""quarter"": 1, ""value"": 14000000000.0}, {""period"": ""Q2 2018"", ""year"": 2018, ""quarter"": 2, ""value"": 0.0}, {""period"": ""Q3 2018"", ""year"": 2018, ""quarter"": 3, ""value"": 0.0}, {""period"": ""Q4 2018"", ""year"": 2018, ""quarter"": 4, ""value"": 0.0}, {""period"": ""Q1 2019"", ""year"": 2019, ""quarter"": 1, ""value"": 0.0}, {""period"": ""Q2 2019"", ""year"": 2019, ""quarter"": 2, ""value"": 0.0}, {""period"": ""Q3 2019"", ""year"": 2019, ""quarter"": 3, ""value"": 0.0}, {""period"": ""Q4 2019"", ""year"": 2019, ""quarter"": 4, ""value"": 0.0}, {""period"": ""Q1 2020"", ""year"": 2020, ""quarter"": 1, ""value"": 0.0}, {""period"": ""Q2 2020"", ""year"": 2020, ""quarter"": 2, ""value"": 0.0}, {""period"": ""Q3 2020"", ""year"": 2020, ""quarter"": 3, ""value"": 0.0}, {""period"": ""Q4 2020"", ""year"": 2020, ""quarter"": 4, ""value"": 0.0}, {""period"": ""Q1 2021"", ""year"": 2021, ""quarter"": 1, ""value"": 0.0}, {""period"": ""Q2 2021"", ""year"": 2021, ""quarter"": 2, ""value"": 0.0}, {""period"": ""Q3 2021"", ""year"": 2021, ""quarter"": 3, ""value"": 0.0}, {""period"": ""Q4 2021"", ""year"": 2021, ""quarter"": 4, ""value"": 0.0}, {""period"": ""Q1 2022"", ""year"": 2022, ""quarter"": 1, ""value"": 0.0}, {""period"": ""Q2 2022"", ""year"": 2022, ""quarter"": 2, ""value"": 0.0}, {""period"": ""Q3 2022"", ""year"": 2022, ""quarter"": 3, ""value"": 0.0}, {""period"": ""Q4 2022"", ""year"": 2022, ""quarter"": 4, ""value"": 0.0}, {""period"": ""Q1 2023"", ""year"": 2023, ""quarter"": 1, ""value"": 0.0}, {""period"": ""Q2 2023"", ""year"": 2023, ""quarter"": 2, ""value"": 0.0}, {""period"": ""Q3 2023"", ""year"": 2023, ""quarter"": 3, ""value"": 0.0}, {""period"": ""Q4 2023"", ""year"": 2023, ""quarter"": 4, ""value"": 0.0}, {""period"": ""Q1 2024"", ""year"": 2024, ""quarter"": 1, ""value"": 0.0}, {""period"": ""Q2 2024"", ""year"": 2024, ""quarter"": 2, ""value"": 0.0}, {""period"": ""Q3 2024"", ""year"": 2024, ""quarter"": 3, ""value"": 0.0}, {""period"": ""Q4 2024"", ""year"": 2024, ""quarter"": 4, ""value"": 0.0}, {""period"": ""Q1 2025"", ""year"": 2025, ""quarter"": 1, ""value"": 0.0}, {""period"": ""Q2 2025"", ""year"": 2025, ""quarter"": 2, ""value"": 0.0}, {""period"": ""Q3 2025"", ""year"": 2025, ""quarter"": 3, ""value"": 0.0}, {""period"": ""Q4 2025"", ""year"": 2025, ""quarter"": 4, ""value"": 0.0}, {""period"": ""Q1 2026"", ""year"": 2026, ""quarter"": 1, ""value"": 0.0}, {""period"": ""Q2 2026"", ""year"": 2026, ""quarter"": 2, ""value"": 0.0}]"
VPG,1,BalanceSheet,Quarter,1020503,3. Đầu tư khác vào công cụ vốn,10205,False,4,,"[{""period"": ""Q4 2015"", ""year"": 2015, ""quarter"": 4, ""value"": 4000000000.0}, {""period"": ""Q4 2016"", ""year"": 2016, ""quarter"": 4, ""value"": 14000000000.0}, {""period"": ""Q2 2017"", ""year"": 2017, ""quarter"": 2, ""value"": 38000000000.0}, {""period"": ""Q3 2017"", ""year"": 2017, ""quarter"": 3, ""value"": 142550000000.0}, {""period"": ""Q4 2017"", ""year"": 2017, ""quarter"": 4, ""value"": 118550000000.0}, {""period"": ""Q1 2018"", ""year"": 2018, ""quarter"": 1, ""value"": 102750000000.0}, {""period"": ""Q2 2018"", ""year"": 2018, ""quarter"": 2, ""value"": 102750000000.0}, {""period"": ""Q3 2018"", ""year"": 2018, ""quarter"": 3, ""value"": 102750000000.0}, {""period"": ""Q4 2018"", ""year"": 2018, ""quarter"": 4, ""value"": 102750000000.0}, {""period"": ""Q1 2019"", ""year"": 2019, ""quarter"": 1, ""value"": 102750000000.0}, {""period"": ""Q2 2019"", ""year"": 2019, ""quarter"": 2, ""value"": 102750000000.0}, {""period"": ""Q3 2019"", ""year"": 2019, ""quarter"": 3, ""value"": 102750000000.0}, {""period"": ""Q4 2019"", ""year"": 2019, ""quarter"": 4, ""value"": 102750000000.0}, {""period"": ""Q1 2020"", ""year"": 2020, ""quarter"": 1, ""value"": 102750000000.0}, {""period"": ""Q2 2020"", ""year"": 2020, ""quarter"": 2, ""value"": 147750000000.0}, {""period"": ""Q3 2020"", ""year"": 2020, ""quarter"": 3, ""value"": 147750000000.0}, {""period"": ""Q4 2020"", ""year"": 2020, ""quarter"": 4, ""value"": 147750000000.0}, {""period"": ""Q1 2021"", ""year"": 2021, ""quarter"": 1, ""value"": 147750000000.0}, {""period"": ""Q2 2021"", ""year"": 2021, ""quarter"": 2, ""value"": 147750000000.0}, {""period"": ""Q3 2021"", ""year"": 2021, ""quarter"": 3, ""value"": 147750000000.0}, {""period"": ""Q4 2021"", ""year"": 2021, ""quarter"": 4, ""value"": 147750000000.0}, {""period"": ""Q1 2022"", ""year"": 2022, ""quarter"": 1, ""value"": 201750000000.0}, {""period"": ""Q2 2022"", ""year"": 2022, ""quarter"": 2, ""value"": 201750000000.0}, {""period"": ""Q3 2022"", ""year"": 2022, ""quarter"": 3, ""value"": 201750000000.0}, {""period"": ""Q4 2022"", ""year"": 2022, ""quarter"": 4, ""value"": 147750000000.0}, {""period"": ""Q1 2023"", ""year"": 2023, ""quarter"": 1, ""value"": 147750000000.0}, {""period"": ""Q2 2023"", ""year"": 2023, ""quarter"": 2, ""value"": 147750000000.0}, {""period"": ""Q3 2023"", ""year"": 2023, ""quarter"": 3, ""value"": 147750000000.0}, {""period"": ""Q4 2023"", ""year"": 2023, ""quarter"": 4, ""value"": 147750000000.0}, {""period"": ""Q1 2024"", ""year"": 2024, ""quarter"": 1, ""value"": 147750000000.0}, {""period"": ""Q2 2024"", ""year"": 2024, ""quarter"": 2, ""value"": 33480000000.0}, {""period"": ""Q3 2024"", ""year"": 2024, ""quarter"": 3, ""value"": 33480000000.0}, {""period"": ""Q4 2024"", ""year"": 2024, ""quarter"": 4, ""value"": 33480000000.0}, {""period"": ""Q1 2025"", ""year"": 2025, ""quarter"": 1, ""value"": 33480000000.0}, {""period"": ""Q2 2025"", ""year"": 2025, ""quarter"": 2, ""value"": 33480000000.0}, {""period"": ""Q3 2025"", ""year"": 2025, ""quarter"": 3, ""value"": 33480000000.0}, {""period"": ""Q4 2025"", ""year"": 2025, ""quarter"": 4, ""value"": 0.0}, {""period"": ""Q1 2026"", ""year"": 2026, ""quarter"": 1, ""value"": 0.0}, {""period"": ""Q2 2026"", ""year"": 2026, ""quarter"": 2, ""value"": 0.0}]"
VPG,1,BalanceSheet,Quarter,1020504,4. Dự phòng giảm giá đầu tư tài chính dài hạn,10205,False,4,,"[{""period"": ""Q4 2015"", ""year"": 2015, ""quarter"": 4, ""value"": 0.0}, {""period"": ""Q4 2016"", ""year"": 2016, ""quarter"": 4, ""value"": 0.0}, {""period"": ""Q2 2017"", ""year"": 2017, ""quarter"": 2, ""value"": 0.0}, {""period"": ""Q3 2017"", ""year"": 2017, ""quarter"": 3, ""value"": 0.0}, {""period"": ""Q4 2017"", ""year"": 2017, ""quarter"": 4, ""value"": 0.0}, {""period"": ""Q1 2018"", ""year"": 2018, ""quarter"": 1, ""value"": 0.0}, {""period"": ""Q2 2018"", ""year"": 2018, ""quarter"": 2, ""value"": 0.0}, {""period"": ""Q3 2018"", ""year"": 2018, ""quarter"": 3, ""value"": 0.0}, {""period"": ""Q4 2018"", ""year"": 2018, ""quarter"": 4, ""value"": 0.0}, {""period"": ""Q1 2019"", ""year"": 2019, ""quarter"": 1, ""value"": 0.0}, {""period"": ""Q2 2019"", ""year"": 2019, ""quarter"": 2, ""value"": 0.0}, {""period"": ""Q3 2019"", ""year"": 2019, ""quarter"": 3, ""value"": 0.0}, {""period"": ""Q4 2019"", ""year"": 2019, ""quarter"": 4, ""value"": 0.0}, {""period"": ""Q1 2020"", ""year"": 2020, ""quarter"": 1, ""value"": 0.0}, {""period"": ""Q2 2020"", ""year"": 2020, ""quarter"": 2, ""value"": 0.0}, {""period"": ""Q3 2020"", ""year"": 2020, ""quarter"": 3, ""value"": 0.0}, {""period"": ""Q4 2020"", ""year"": 2020, ""quarter"": 4, ""value"": 0.0}, {""period"": ""Q1 2021"", ""year"": 2021, ""quarter"": 1, ""value"": 0.0}, {""period"": ""Q2 2021"", ""year"": 2021, ""quarter"": 2, ""value"": 0.0}, {""period"": ""Q3 2021"", ""year"": 2021, ""quarter"": 3, ""value"": 0.0}, {""period"": ""Q4 2021"", ""year"": 2021, ""quarter"": 4, ""value"": 0.0}, {""period"": ""Q1 2022"", ""year"": 2022, ""quarter"": 1, ""value"": 0.0}, {""period"": ""Q2 2022"", ""year"": 2022, ""quarter"": 2, ""value"": 0.0}, {""period"": ""Q3 2022"", ""year"": 2022, ""quarter"": 3, ""value"": 0.0}, {""period"": ""Q4 2022"", ""year"": 2022, ""quarter"": 4, ""value"": 0.0}, {""period"": ""Q1 2023"", ""year"": 2023, ""quarter"": 1, ""value"": 0.0}, {""period"": ""Q2 2023"", ""year"": 2023, ""quarter"": 2, ""value"": 10000000000.0}, {""period"": ""Q3 2023"", ""year"": 2023, ""quarter"": 3, ""value"": 10000000000.0}, {""period"": ""Q4 2023"", ""year"": 2023, ""quarter"": 4, ""value"": 0.0}, {""period"": ""Q1 2024"", ""year"": 2024, ""quarter"": 1, ""value"": 0.0}, {""period"": ""Q2 2024"", ""year"": 2024, ""quarter"": 2, ""value"": 0.0}, {""period"": ""Q3 2024"", ""year"": 2024, ""quarter"": 3, ""value"": 0.0}, {""period"": ""Q4 2024"", ""year"": 2024, ""quarter"": 4, ""value"": 0.0}, {""period"": ""Q1 2025"", ""year"": 2025, ""quarter"": 1, ""value"": 0.0}, {""period"": ""Q2 2025"", ""year"": 2025, ""quarter"": 2, ""value"": 0.0}, {""period"": ""Q3 2025"", ""year"": 2025, ""quarter"": 3, ""value"": 0.0}, {""period"": ""Q4 2025"", ""year"": 2025, ""quarter"": 4, ""value"": 0.0}, {""period"": ""Q1 2026"", ""year"": 2026, ""quarter"": 1, ""value"": 0.0}, {""period"": ""Q2 2026"", ""year"": 2026, ""quarter"": 2, ""value"": 0.0}]"
VPG,1,BalanceSheet,Quarter,1020505,5. Đầu tư nắm giữ đến ngày đáo hạn,10205,False,4,,"[{""period"": ""Q4 2015"", ""year"": 2015, ""quarter"": 4, ""value"": 0.0}, {""period"": ""Q4 2016"", ""year"": 2016, ""quarter"": 4, ""value"": 0.0}, {""period"": ""Q2 2017"", ""year"": 2017, ""quarter"": 2, ""value"": 0.0}, {""period"": ""Q3 2017"", ""year"": 2017, ""quarter"": 3, ""value"": 0.0}, {""period"": ""Q4 2017"", ""year"": 2017, ""quarter"": 4, ""value"": 0.0}, {""period"": ""Q1 2018"", ""year"": 2018, ""quarter"": 1, ""value"": 4000000000.0}, {""period"": ""Q2 2018"", ""year"": 2018, ""quarter"": 2, ""value"": 4000000000.0}, {""period"": ""Q3 2018"", ""year"": 2018, ""quarter"": 3, ""value"": 4000000000.0}, {""period"": ""Q4 2018"", ""year"": 2018, ""quarter"": 4, ""value"": 8000000000.0}, {""period"": ""Q1 2019"", ""year"": 2019, ""quarter"": 1, ""value"": 8000000000.0}, {""period"": ""Q2 2019"", ""year"": 2019, ""quarter"": 2, ""value"": 8000000000.0}, {""period"": ""Q3 2019"", ""year"": 2019, ""quarter"": 3, ""value"": 26000000000.0}, {""period"": ""Q4 2019"", ""year"": 2019, ""quarter"": 4, ""value"": 26000000000.0}, {""period"": ""Q1 2020"", ""year"": 2020, ""quarter"": 1, ""value"": 26000000000.0}, {""period"": ""Q2 2020"", ""year"": 2020, ""quarter"": 2, ""value"": 26000000000.0}, {""period"": ""Q3 2020"", ""year"": 2020, ""quarter"": 3, ""value"": 26000000000.0}, {""period"": ""Q4 2020"", ""year"": 2020, ""quarter"": 4, ""value"": 10000000000.0}, {""period"": ""Q1 2021"", ""year"": 2021, ""quarter"": 1, ""value"": 10000000000.0}, {""period"": ""Q2 2021"", ""year"": 2021, ""quarter"": 2, ""value"": 10000000000.0}, {""period"": ""Q3 2021"", ""year"": 2021, ""quarter"": 3, ""value"": 10000000000.0}, {""period"": ""Q4 2021"", ""year"": 2021, ""quarter"": 4, ""value"": 10000000000.0}, {""period"": ""Q1 2022"", ""year"": 2022, ""quarter"": 1, ""value"": 10000000000.0}, {""period"": ""Q2 2022"", ""year"": 2022, ""quarter"": 2, ""value"": 10000000000.0}, {""period"": ""Q3 2022"", ""year"": 2022, ""quarter"": 3, ""value"": 10000000000.0}, {""period"": ""Q4 2022"", ""year"": 2022, ""quarter"": 4, ""value"": 10000000000.0}, {""period"": ""Q1 2023"", ""year"": 2023, ""quarter"": 1, ""value"": 10000000000.0}, {""period"": ""Q2 2023"", ""year"": 2023, ""quarter"": 2, ""value"": 0.0}, {""period"": ""Q3 2023"", ""year"": 2023, ""quarter"": 3, ""value"": 0.0}, {""period"": ""Q4 2023"", ""year"": 2023, ""quarter"": 4, ""value"": 10000000000.0}, {""period"": ""Q1 2024"", ""year"": 2024, ""quarter"": 1, ""value"": 10000000000.0}, {""period"": ""Q2 2024"", ""year"": 2024, ""quarter"": 2, ""value"": 10000000000.0}, {""period"": ""Q3 2024"", ""year"": 2024, ""quarter"": 3, ""value"": 4000000000.0}, {""period"": ""Q4 2024"", ""year"": 2024, ""quarter"": 4, ""value"": 4000000000.0}, {""period"": ""Q1 2025"", ""year"": 2025, ""quarter"": 1, ""value"": 4000000000.0}, {""period"": ""Q2 2025"", ""year"": 2025, ""quarter"": 2, ""value"": 4000000000.0}, {""period"": ""Q3 2025"", ""year"": 2025, ""quarter"": 3, ""value"": 4000000000.0}, {""period"": ""Q4 2025"", ""year"": 2025, ""quarter"": 4, ""value"": 4000000000.0}, {""period"": ""Q1 2026"", ""year"": 2026, ""quarter"": 1, ""value"": 4000000000.0}, {""period"": ""Q2 2026"", ""year"": 2026, ""quarter"": 2, ""value"": 4000000000.0}]"
VPG,1,BalanceSheet,Quarter,10206,VI. Tổng tài sản dài hạn khác,102,False,3,,"[{""period"": ""Q4 2015"", ""year"": 2015, ""quarter"": 4, ""value"": 970842327.0}, {""period"": ""Q4 2016"", ""year"": 2016, ""quarter"": 4, ""value"": 782699714.0}, {""period"": ""Q2 2017"", ""year"": 2017, ""quarter"": 2, ""value"": 862115537.0}, {""period"": ""Q3 2017"", ""year"": 2017, ""quarter"": 3, ""value"": 892135526.0}, {""period"": ""Q4 2017"", ""year"": 2017, ""quarter"": 4, ""value"": 791499205.0}, {""period"": ""Q1 2018"", ""year"": 2018, ""quarter"": 1, ""value"": 735975818.0}, {""period"": ""Q2 2018"", ""year"": 2018, ""quarter"": 2, ""value"": 739006451.0}, {""period"": ""Q3 2018"", ""year"": 2018, ""quarter"": 3, ""value"": 779687957.0}, {""period"": ""Q4 2018"", ""year"": 2018, ""quarter"": 4, ""value"": 1090305064.0}, {""period"": ""Q1 2019"", ""year"": 2019, ""quarter"": 1, ""value"": 1184539556.0}, {""period"": ""Q2 2019"", ""year"": 2019, ""quarter"": 2, ""value"": 1144789099.0}, {""period"": ""Q3 2019"", ""year"": 2019, ""quarter"": 3, ""value"": 961129690.0}, {""period"": ""Q4 2019"", ""year"": 2019, ""quarter"": 4, ""value"": 852077158.0}, {""period"": ""Q1 2020"", ""year"": 2020, ""quarter"": 1, ""value"": 646010827.0}, {""period"": ""Q2 2020"", ""year"": 2020, ""quarter"": 2, ""value"": 620747433.0}, {""period"": ""Q3 2020"", ""year"": 2020, ""quarter"": 3, ""value"": 443403548.0}, {""period"": ""Q4 2020"", ""year"": 2020, ""quarter"": 4, ""value"": 4331944155.0}, {""period"": ""Q1 2021"", ""year"": 2021, ""quarter"": 1, ""value"": 3827326073.0}, {""period"": ""Q2 2021"", ""year"": 2021, ""quarter"": 2, ""value"": 3399326866.0}, {""period"": ""Q3 2021"", ""year"": 2021, ""quarter"": 3, ""value"": 4234931962.0}, {""period"": ""Q4 2021"", ""year"": 2021, ""quarter"": 4, ""value"": 3698200913.0}, {""period"": ""Q1 2022"", ""year"": 2022, ""quarter"": 1, ""value"": 2985463033.0}, {""period"": ""Q2 2022"", ""year"": 2022, ""quarter"": 2, ""value"": 2071985223.0}, {""period"": ""Q3 2022"", ""year"": 2022, ""quarter"": 3, ""value"": 1685495722.0}, {""period"": ""Q4 2022"", ""year"": 2022, ""quarter"": 4, ""value"": 1357575765.0}, {""period"": ""Q1 2023"", ""year"": 2023, ""quarter"": 1, ""value"": 894641883.0}, {""period"": ""Q2 2023"", ""year"": 2023, ""quarter"": 2, ""value"": 611096211.0}, {""period"": ""Q3 2023"", ""year"": 2023, ""quarter"": 3, ""value"": 698245221.0}, {""period"": ""Q4 2023"", ""year"": 2023, ""quarter"": 4, ""value"": 1844565626.0}, {""period"": ""Q1 2024"", ""year"": 2024, ""quarter"": 1, ""value"": 1023476652.0}, {""period"": ""Q2 2024"", ""year"": 2024, ""quarter"": 2, ""value"": 7216368359.0}, {""period"": ""Q3 2024"", ""year"": 2024, ""quarter"": 3, ""value"": 6344362214.0}, {""period"": ""Q4 2024"", ""year"": 2024, ""quarter"": 4, ""value"": 7312368949.0}, {""period"": ""Q1 2025"", ""year"": 2025, ""quarter"": 1, ""value"": 21720710095.0}, {""period"": ""Q2 2025"", ""year"": 2025, ""quarter"": 2, ""value"": 20275676672.0}, {""period"": ""Q3 2025"", ""year"": 2025, ""quarter"": 3, ""value"": 18670592399.0}, {""period"": ""Q4 2025"", ""year"": 2025, ""quarter"": 4, ""value"": 6325712664.0}, {""period"": ""Q1 2026"", ""year"": 2026, ""quarter"": 1, ""value"": 5781450040.0}, {""period"": ""Q2 2026"", ""year"": 2026, ""quarter"": 2, ""value"": 3210741326.0}]"
VPG,1,BalanceSheet,Quarter,1020601,1. Chi phí trả trước dài hạn,10206,False,4,,"[{""period"": ""Q4 2015"", ""year"": 2015, ""quarter"": 4, ""value"": 0.0}, {""period"": ""Q4 2016"", ""year"": 2016, ""quarter"": 4, ""value"": 782699714.0}, {""period"": ""Q2 2017"", ""year"": 2017, ""quarter"": 2, ""value"": 862115537.0}, {""period"": ""Q3 2017"", ""year"": 2017, ""quarter"": 3, ""value"": 892135526.0}, {""period"": ""Q4 2017"", ""year"": 2017, ""quarter"": 4, ""value"": 791499205.0}, {""period"": ""Q1 2018"", ""year"": 2018, ""quarter"": 1, ""value"": 735975818.0}, {""period"": ""Q2 2018"", ""year"": 2018, ""quarter"": 2, ""value"": 739006451.0}, {""period"": ""Q3 2018"", ""year"": 2018, ""quarter"": 3, ""value"": 779687957.0}, {""period"": ""Q4 2018"", ""year"": 2018, ""quarter"": 4, ""value"": 1090305064.0}, {""period"": ""Q1 2019"", ""year"": 2019, ""quarter"": 1, ""value"": 1184539556.0}, {""period"": ""Q2 2019"", ""year"": 2019, ""quarter"": 2, ""value"": 1144789099.0}, {""period"": ""Q3 2019"", ""year"": 2019, ""quarter"": 3, ""value"": 961129690.0}, {""period"": ""Q4 2019"", ""year"": 2019, ""quarter"": 4, ""value"": 852077158.0}, {""period"": ""Q1 2020"", ""year"": 2020, ""quarter"": 1, ""value"": 646010827.0}, {""period"": ""Q2 2020"", ""year"": 2020, ""quarter"": 2, ""value"": 620747433.0}, {""period"": ""Q3 2020"", ""year"": 2020, ""quarter"": 3, ""value"": 443403548.0}, {""period"": ""Q4 2020"", ""year"": 2020, ""quarter"": 4, ""value"": 4331944155.0}, {""period"": ""Q1 2021"", ""year"": 2021, ""quarter"": 1, ""value"": 3827326073.0}, {""period"": ""Q2 2021"", ""year"": 2021, ""quarter"": 2, ""value"": 3399326866.0}, {""period"": ""Q3 2021"", ""year"": 2021, ""quarter"": 3, ""value"": 4234931962.0}, {""period"": ""Q4 2021"", ""year"": 2021, ""quarter"": 4, ""value"": 3698200913.0}, {""period"": ""Q1 2022"", ""year"": 2022, ""quarter"": 1, ""value"": 2985463033.0}, {""period"": ""Q2 2022"", ""year"": 2022, ""quarter"": 2, ""value"": 2071985223.0}, {""period"": ""Q3 2022"", ""year"": 2022, ""quarter"": 3, ""value"": 1685495722.0}, {""period"": ""Q4 2022"", ""year"": 2022, ""quarter"": 4, ""value"": 1346858830.0}, {""period"": ""Q1 2023"", ""year"": 2023, ""quarter"": 1, ""value"": 881295529.0}, {""period"": ""Q2 2023"", ""year"": 2023, ""quarter"": 2, ""value"": 546596618.0}, {""period"": ""Q3 2023"", ""year"": 2023, ""quarter"": 3, ""value"": 584125184.0}, {""period"": ""Q4 2023"", ""year"": 2023, ""quarter"": 4, ""value"": 1681829005.0}, {""period"": ""Q1 2024"", ""year"": 2024, ""quarter"": 1, ""value"": 805309766.0}, {""period"": ""Q2 2024"", ""year"": 2024, ""quarter"": 2, ""value"": 6960223892.0}, {""period"": ""Q3 2024"", ""year"": 2024, ""quarter"": 3, ""value"": 6344362214.0}, {""period"": ""Q4 2024"", ""year"": 2024, ""quarter"": 4, ""value"": 7312368949.0}, {""period"": ""Q1 2025"", ""year"": 2025, ""quarter"": 1, ""value"": 9260950421.0}, {""period"": ""Q2 2025"", ""year"": 2025, ""quarter"": 2, ""value"": 8100725798.0}, {""period"": ""Q3 2025"", ""year"": 2025, ""quarter"": 3, ""value"": 6780450325.0}, {""period"": ""Q4 2025"", ""year"": 2025, ""quarter"": 4, ""value"": 3359475558.0}, {""period"": ""Q1 2026"", ""year"": 2026, ""quarter"": 1, ""value"": 3032739743.0}, {""period"": ""Q2 2026"", ""year"": 2026, ""quarter"": 2, ""value"": 679557838.0}]"
VPG,1,BalanceSheet,Quarter,1020602,2. Tài sản Thuế thu nhập hoãn lại,10206,False,4,,"[{""period"": ""Q4 2015"", ""year"": 2015, ""quarter"": 4, ""value"": 0.0}, {""period"": ""Q4 2016"", ""year"": 2016, ""quarter"": 4, ""value"": 0.0}, {""period"": ""Q2 2017"", ""year"": 2017, ""quarter"": 2, ""value"": 0.0}, {""period"": ""Q3 2017"", ""year"": 2017, ""quarter"": 3, ""value"": 0.0}, {""period"": ""Q4 2017"", ""year"": 2017, ""quarter"": 4, ""value"": 0.0}, {""period"": ""Q1 2018"", ""year"": 2018, ""quarter"": 1, ""value"": 0.0}, {""period"": ""Q2 2018"", ""year"": 2018, ""quarter"": 2, ""value"": 0.0}, {""period"": ""Q3 2018"", ""year"": 2018, ""quarter"": 3, ""value"": 0.0}, {""period"": ""Q4 2018"", ""year"": 2018, ""quarter"": 4, ""value"": 0.0}, {""period"": ""Q1 2019"", ""year"": 2019, ""quarter"": 1, ""value"": 0.0}, {""period"": ""Q2 2019"", ""year"": 2019, ""quarter"": 2, ""value"": 0.0}, {""period"": ""Q3 2019"", ""year"": 2019, ""quarter"": 3, ""value"": 0.0}, {""period"": ""Q4 2019"", ""year"": 2019, ""quarter"": 4, ""value"": 0.0}, {""period"": ""Q1 2020"", ""year"": 2020, ""quarter"": 1, ""value"": 0.0}, {""period"": ""Q2 2020"", ""year"": 2020, ""quarter"": 2, ""value"": 0.0}, {""period"": ""Q3 2020"", ""year"": 2020, ""quarter"": 3, ""value"": 0.0}, {""period"": ""Q4 2020"", ""year"": 2020, ""quarter"": 4, ""value"": 0.0}, {""period"": ""Q1 2021"", ""year"": 2021, ""quarter"": 1, ""value"": 0.0}, {""period"": ""Q2 2021"", ""year"": 2021, ""quarter"": 2, ""value"": 0.0}, {""period"": ""Q3 2021"", ""year"": 2021, ""quarter"": 3, ""value"": 0.0}, {""period"": ""Q4 2021"", ""year"": 2021, ""quarter"": 4, ""value"": 0.0}, {""period"": ""Q1 2022"", ""year"": 2022, ""quarter"": 1, ""value"": 0.0}, {""period"": ""Q2 2022"", ""year"": 2022, ""quarter"": 2, ""value"": 0.0}, {""period"": ""Q3 2022"", ""year"": 2022, ""quarter"": 3, ""value"": 0.0}, {""period"": ""Q4 2022"", ""year"": 2022, ""quarter"": 4, ""value"": 10716935.0}, {""period"": ""Q1 2023"", ""year"": 2023, ""quarter"": 1, ""value"": 13346354.0}, {""period"": ""Q2 2023"", ""year"": 2023, ""quarter"": 2, ""value"": 64499593.0}, {""period"": ""Q3 2023"", ""year"": 2023, ""quarter"": 3, ""value"": 114120037.0}, {""period"": ""Q4 2023"", ""year"": 2023, ""quarter"": 4, ""value"": 162736621.0}, {""period"": ""Q1 2024"", ""year"": 2024, ""quarter"": 1, ""value"": 218166886.0}, {""period"": ""Q2 2024"", ""year"": 2024, ""quarter"": 2, ""value"": 256144467.0}, {""period"": ""Q3 2024"", ""year"": 2024, ""quarter"": 3, ""value"": 0.0}, {""period"": ""Q4 2024"", ""year"": 2024, ""quarter"": 4, ""value"": 0.0}, {""period"": ""Q1 2025"", ""year"": 2025, ""quarter"": 1, ""value"": 12459759674.0}, {""period"": ""Q2 2025"", ""year"": 2025, ""quarter"": 2, ""value"": 12174950874.0}, {""period"": ""Q3 2025"", ""year"": 2025, ""quarter"": 3, ""value"": 11890142074.0}, {""period"": ""Q4 2025"", ""year"": 2025, ""quarter"": 4, ""value"": 2966237106.0}, {""period"": ""Q1 2026"", ""year"": 2026, ""quarter"": 1, ""value"": 2748710297.0}, {""period"": ""Q2 2026"", ""year"": 2026, ""quarter"": 2, ""value"": 2531183488.0}]"
VPG,1,BalanceSheet,Quarter,1020603,3. Tài sản dài hạn khác,10206,False,4,,"[{""period"": ""Q4 2015"", ""year"": 2015, ""quarter"": 4, ""value"": 970842327.0}, {""period"": ""Q4 2016"", ""year"": 2016, ""quarter"": 4, ""value"": 0.0}, {""period"": ""Q2 2017"", ""year"": 2017, ""quarter"": 2, ""value"": 0.0}, {""period"": ""Q3 2017"", ""year"": 2017, ""quarter"": 3, ""value"": 0.0}, {""period"": ""Q4 2017"", ""year"": 2017, ""quarter"": 4, ""value"": 0.0}, {""period"": ""Q1 2018"", ""year"": 2018, ""quarter"": 1, ""value"": 0.0}, {""period"": ""Q2 2018"", ""year"": 2018, ""quarter"": 2, ""value"": 0.0}, {""period"": ""Q3 2018"", ""year"": 2018, ""quarter"": 3, ""value"": 0.0}, {""period"": ""Q4 2018"", ""year"": 2018, ""quarter"": 4, ""value"": 0.0}, {""period"": ""Q1 2019"", ""year"": 2019, ""quarter"": 1, ""value"": 0.0}, {""period"": ""Q2 2019"", ""year"": 2019, ""quarter"": 2, ""value"": 0.0}, {""period"": ""Q3 2019"", ""year"": 2019, ""quarter"": 3, ""value"": 0.0}, {""period"": ""Q4 2019"", ""year"": 2019, ""quarter"": 4, ""value"": 0.0}, {""period"": ""Q1 2020"", ""year"": 2020, ""quarter"": 1, ""value"": 0.0}, {""period"": ""Q2 2020"", ""year"": 2020, ""quarter"": 2, ""value"": 0.0}, {""period"": ""Q3 2020"", ""year"": 2020, ""quarter"": 3, ""value"": 0.0}, {""period"": ""Q4 2020"", ""year"": 2020, ""quarter"": 4, ""value"": 0.0}, {""period"": ""Q1 2021"", ""year"": 2021, ""quarter"": 1, ""value"": 0.0}, {""period"": ""Q2 2021"", ""year"": 2021, ""quarter"": 2, ""value"": 0.0}, {""period"": ""Q3 2021"", ""year"": 2021, ""quarter"": 3, ""value"": 0.0}, {""period"": ""Q4 2021"", ""year"": 2021, ""quarter"": 4, ""value"": 0.0}, {""period"": ""Q1 2022"", ""year"": 2022, ""quarter"": 1, ""value"": 0.0}, {""period"": ""Q2 2022"", ""year"": 2022, ""quarter"": 2, ""value"": 0.0}, {""period"": ""Q3 2022"", ""year"": 2022, ""quarter"": 3, ""value"": 0.0}, {""period"": ""Q4 2022"", ""year"": 2022, ""quarter"": 4, ""value"": 0.0}, {""period"": ""Q1 2023"", ""year"": 2023, ""quarter"": 1, ""value"": 0.0}, {""period"": ""Q2 2023"", ""year"": 2023, ""quarter"": 2, ""value"": 0.0}, {""period"": ""Q3 2023"", ""year"": 2023, ""quarter"": 3, ""value"": 0.0}, {""period"": ""Q4 2023"", ""year"": 2023, ""quarter"": 4, ""value"": 0.0}, {""period"": ""Q1 2024"", ""year"": 2024, ""quarter"": 1, ""value"": 0.0}, {""period"": ""Q2 2024"", ""year"": 2024, ""quarter"": 2, ""value"": 0.0}, {""period"": ""Q3 2024"", ""year"": 2024, ""quarter"": 3, ""value"": 0.0}, {""period"": ""Q4 2024"", ""year"": 2024, ""quarter"": 4, ""value"": 0.0}, {""period"": ""Q1 2025"", ""year"": 2025, ""quarter"": 1, ""value"": 0.0}, {""period"": ""Q2 2025"", ""year"": 2025, ""quarter"": 2, ""value"": 0.0}, {""period"": ""Q3 2025"", ""year"": 2025, ""quarter"": 3, ""value"": 0.0}, {""period"": ""Q4 2025"", ""year"": 2025, ""quarter"": 4, ""value"": 0.0}, {""period"": ""Q1 2026"", ""year"": 2026, ""quarter"": 1, ""value"": 0.0}, {""period"": ""Q2 2026"", ""year"": 2026, ""quarter"": 2, ""value"": 0.0}]"
VPG,1,BalanceSheet,Quarter,10207,VII. Lợi thế thương mại,102,False,3,,"[{""period"": ""Q4 2015"", ""year"": 2015, ""quarter"": 4, ""value"": 0.0}, {""period"": ""Q4 2016"", ""year"": 2016, ""quarter"": 4, ""value"": 0.0}, {""period"": ""Q2 2017"", ""year"": 2017, ""quarter"": 2, ""value"": 0.0}, {""period"": ""Q3 2017"", ""year"": 2017, ""quarter"": 3, ""value"": 0.0}, {""period"": ""Q4 2017"", ""year"": 2017, ""quarter"": 4, ""value"": 0.0}, {""period"": ""Q1 2018"", ""year"": 2018, ""quarter"": 1, ""value"": 0.0}, {""period"": ""Q2 2018"", ""year"": 2018, ""quarter"": 2, ""value"": 0.0}, {""period"": ""Q3 2018"", ""year"": 2018, ""quarter"": 3, ""value"": 0.0}, {""period"": ""Q4 2018"", ""year"": 2018, ""quarter"": 4, ""value"": 0.0}, {""period"": ""Q1 2019"", ""year"": 2019, ""quarter"": 1, ""value"": 0.0}, {""period"": ""Q2 2019"", ""year"": 2019, ""quarter"": 2, ""value"": 0.0}, {""period"": ""Q3 2019"", ""year"": 2019, ""quarter"": 3, ""value"": 0.0}, {""period"": ""Q4 2019"", ""year"": 2019, ""quarter"": 4, ""value"": 0.0}, {""period"": ""Q1 2020"", ""year"": 2020, ""quarter"": 1, ""value"": 0.0}, {""period"": ""Q2 2020"", ""year"": 2020, ""quarter"": 2, ""value"": 0.0}, {""period"": ""Q3 2020"", ""year"": 2020, ""quarter"": 3, ""value"": 0.0}, {""period"": ""Q4 2020"", ""year"": 2020, ""quarter"": 4, ""value"": 0.0}, {""period"": ""Q1 2021"", ""year"": 2021, ""quarter"": 1, ""value"": 0.0}, {""period"": ""Q2 2021"", ""year"": 2021, ""quarter"": 2, ""value"": 0.0}, {""period"": ""Q3 2021"", ""year"": 2021, ""quarter"": 3, ""value"": 0.0}, {""period"": ""Q4 2021"", ""year"": 2021, ""quarter"": 4, ""value"": 0.0}, {""period"": ""Q1 2022"", ""year"": 2022, ""quarter"": 1, ""value"": 0.0}, {""period"": ""Q2 2022"", ""year"": 2022, ""quarter"": 2, ""value"": 0.0}, {""period"": ""Q3 2022"", ""year"": 2022, ""quarter"": 3, ""value"": 0.0}, {""period"": ""Q4 2022"", ""year"": 2022, ""quarter"": 4, ""value"": 0.0}, {""period"": ""Q1 2023"", ""year"": 2023, ""quarter"": 1, ""value"": 0.0}, {""period"": ""Q2 2023"", ""year"": 2023, ""quarter"": 2, ""value"": 0.0}, {""period"": ""Q3 2023"", ""year"": 2023, ""quarter"": 3, ""value"": 0.0}, {""period"": ""Q4 2023"", ""year"": 2023, ""quarter"": 4, ""value"": 0.0}, {""period"": ""Q1 2024"", ""year"": 2024, ""quarter"": 1, ""value"": 0.0}, {""period"": ""Q2 2024"", ""year"": 2024, ""quarter"": 2, ""value"": 0.0}, {""period"": ""Q3 2024"", ""year"": 2024, ""quarter"": 3, ""value"": 0.0}, {""period"": ""Q4 2024"", ""year"": 2024, ""quarter"": 4, ""value"": 0.0}, {""period"": ""Q1 2025"", ""year"": 2025, ""quarter"": 1, ""value"": 0.0}, {""period"": ""Q2 2025"", ""year"": 2025, ""quarter"": 2, ""value"": 0.0}, {""period"": ""Q3 2025"", ""year"": 2025, ""quarter"": 3, ""value"": 0.0}, {""period"": ""Q4 2025"", ""year"": 2025, ""quarter"": 4, ""value"": 0.0}, {""period"": ""Q1 2026"", ""year"": 2026, ""quarter"": 1, ""value"": 0.0}, {""period"": ""Q2 2026"", ""year"": 2026, ""quarter"": 2, ""value"": 0.0}]"
VPG,1,BalanceSheet,Quarter,2,TỔNG CỘNG TÀI SẢN,-1,True,1,,"[{""period"": ""Q4 2015"", ""year"": 2015, ""quarter"": 4, ""value"": 332179828774.0}, {""period"": ""Q4 2016"", ""year"": 2016, ""quarter"": 4, ""value"": 966252876766.0}, {""period"": ""Q2 2017"", ""year"": 2017, ""quarter"": 2, ""value"": 1292266407993.0}, {""period"": ""Q3 2017"", ""year"": 2017, ""quarter"": 3, ""value"": 1317365741203.0}, {""period"": ""Q4 2017"", ""year"": 2017, ""quarter"": 4, ""value"": 1326123413787.0}, {""period"": ""Q1 2018"", ""year"": 2018, ""quarter"": 1, ""value"": 1391032153433.0}, {""period"": ""Q2 2018"", ""year"": 2018, ""quarter"": 2, ""value"": 1686337316085.0}, {""period"": ""Q3 2018"", ""year"": 2018, ""quarter"": 3, ""value"": 2195398339367.0}, {""period"": ""Q4 2018"", ""year"": 2018, ""quarter"": 4, ""value"": 2176437302386.0}, {""period"": ""Q1 2019"", ""year"": 2019, ""quarter"": 1, ""value"": 1969448852286.0}, {""period"": ""Q2 2019"", ""year"": 2019, ""quarter"": 2, ""value"": 1639217371414.0}, {""period"": ""Q3 2019"", ""year"": 2019, ""quarter"": 3, ""value"": 1543579259891.0}, {""period"": ""Q4 2019"", ""year"": 2019, ""quarter"": 4, ""value"": 1925712513188.0}, {""period"": ""Q1 2020"", ""year"": 2020, ""quarter"": 1, ""value"": 2062442725348.0}, {""period"": ""Q2 2020"", ""year"": 2020, ""quarter"": 2, ""value"": 1906865008892.0}, {""period"": ""Q3 2020"", ""year"": 2020, ""quarter"": 3, ""value"": 1940274221350.0}, {""period"": ""Q4 2020"", ""year"": 2020, ""quarter"": 4, ""value"": 1551089290077.0}, {""period"": ""Q1 2021"", ""year"": 2021, ""quarter"": 1, ""value"": 2103406357693.0}, {""period"": ""Q2 2021"", ""year"": 2021, ""quarter"": 2, ""value"": 2057913230564.0}, {""period"": ""Q3 2021"", ""year"": 2021, ""quarter"": 3, ""value"": 2214659509918.0}, {""period"": ""Q4 2021"", ""year"": 2021, ""quarter"": 4, ""value"": 2383898779855.0}, {""period"": ""Q1 2022"", ""year"": 2022, ""quarter"": 1, ""value"": 3521948610813.0}, {""period"": ""Q2 2022"", ""year"": 2022, ""quarter"": 2, ""value"": 4295054027343.0}, {""period"": ""Q3 2022"", ""year"": 2022, ""quarter"": 3, ""value"": 4539471846206.0}, {""period"": ""Q4 2022"", ""year"": 2022, ""quarter"": 4, ""value"": 5977493452307.0}, {""period"": ""Q1 2023"", ""year"": 2023, ""quarter"": 1, ""value"": 5589367347523.0}, {""period"": ""Q2 2023"", ""year"": 2023, ""quarter"": 2, ""value"": 4841972260385.0}, {""period"": ""Q3 2023"", ""year"": 2023, ""quarter"": 3, ""value"": 5690241247817.0}, {""period"": ""Q4 2023"", ""year"": 2023, ""quarter"": 4, ""value"": 7155448475518.0}, {""period"": ""Q1 2024"", ""year"": 2024, ""quarter"": 1, ""value"": 6715392085401.0}, {""period"": ""Q2 2024"", ""year"": 2024, ""quarter"": 2, ""value"": 7256417048797.0}, {""period"": ""Q3 2024"", ""year"": 2024, ""quarter"": 3, ""value"": 6636950157843.0}, {""period"": ""Q4 2024"", ""year"": 2024, ""quarter"": 4, ""value"": 8446460727154.0}, {""period"": ""Q1 2025"", ""year"": 2025, ""quarter"": 1, ""value"": 7524174690600.0}, {""period"": ""Q2 2025"", ""year"": 2025, ""quarter"": 2, ""value"": 7547605777236.0}, {""period"": ""Q3 2025"", ""year"": 2025, ""quarter"": 3, ""value"": 4515169914831.0}, {""period"": ""Q4 2025"", ""year"": 2025, ""quarter"": 4, ""value"": 3339676090861.0}, {""period"": ""Q1 2026"", ""year"": 2026, ""quarter"": 1, ""value"": 2362708640074.0}, {""period"": ""Q2 2026"", ""year"": 2026, ""quarter"": 2, ""value"": 2347978910930.0}]"
VPG,1,BalanceSheet,Quarter,3,NGUỒN VỐN,-1,True,1,,"[{""period"": ""Q4 2015"", ""year"": 2015, ""quarter"": 4, ""value"": null}, {""period"": ""Q4 2016"", ""year"": 2016, ""quarter"": 4, ""value"": null}, {""period"": ""Q2 2017"", ""year"": 2017, ""quarter"": 2, ""value"": null}, {""period"": ""Q3 2017"", ""year"": 2017, ""quarter"": 3, ""value"": null}, {""period"": ""Q4 2017"", ""year"": 2017, ""quarter"": 4, ""value"": null}, {""period"": ""Q1 2018"", ""year"": 2018, ""quarter"": 1, ""value"": null}, {""period"": ""Q2 2018"", ""year"": 2018, ""quarter"": 2, ""value"": null}, {""period"": ""Q3 2018"", ""year"": 2018, ""quarter"": 3, ""value"": null}, {""period"": ""Q4 2018"", ""year"": 2018, ""quarter"": 4, ""value"": null}, {""period"": ""Q1 2019"", ""year"": 2019, ""quarter"": 1, ""value"": null}, {""period"": ""Q2 2019"", ""year"": 2019, ""quarter"": 2, ""value"": null}, {""period"": ""Q3 2019"", ""year"": 2019, ""quarter"": 3, ""value"": null}, {""period"": ""Q4 2019"", ""year"": 2019, ""quarter"": 4, ""value"": null}, {""period"": ""Q1 2020"", ""year"": 2020, ""quarter"": 1, ""value"": null}, {""period"": ""Q2 2020"", ""year"": 2020, ""quarter"": 2, ""value"": null}, {""period"": ""Q3 2020"", ""year"": 2020, ""quarter"": 3, ""value"": null}, {""period"": ""Q4 2020"", ""year"": 2020, ""quarter"": 4, ""value"": null}, {""period"": ""Q1 2021"", ""year"": 2021, ""quarter"": 1, ""value"": null}, {""period"": ""Q2 2021"", ""year"": 2021, ""quarter"": 2, ""value"": null}, {""period"": ""Q3 2021"", ""year"": 2021, ""quarter"": 3, ""value"": null}, {""period"": ""Q4 2021"", ""year"": 2021, ""quarter"": 4, ""value"": null}, {""period"": ""Q1 2022"", ""year"": 2022, ""quarter"": 1, ""value"": null}, {""period"": ""Q2 2022"", ""year"": 2022, ""quarter"": 2, ""value"": null}, {""period"": ""Q3 2022"", ""year"": 2022, ""quarter"": 3, ""value"": null}, {""period"": ""Q4 2022"", ""year"": 2022, ""quarter"": 4, ""value"": null}, {""period"": ""Q1 2023"", ""year"": 2023, ""quarter"": 1, ""value"": null}, {""period"": ""Q2 2023"", ""year"": 2023, ""quarter"": 2, ""value"": null}, {""period"": ""Q3 2023"", ""year"": 2023, ""quarter"": 3, ""value"": null}, {""period"": ""Q4 2023"", ""year"": 2023, ""quarter"": 4, ""value"": null}, {""period"": ""Q1 2024"", ""year"": 2024, ""quarter"": 1, ""value"": null}, {""period"": ""Q2 2024"", ""year"": 2024, ""quarter"": 2, ""value"": null}, {""period"": ""Q3 2024"", ""year"": 2024, ""quarter"": 3, ""value"": null}, {""period"": ""Q4 2024"", ""year"": 2024, ""quarter"": 4, ""value"": null}, {""period"": ""Q1 2025"", ""year"": 2025, ""quarter"": 1, ""value"": null}, {""period"": ""Q2 2025"", ""year"": 2025, ""quarter"": 2, ""value"": null}, {""period"": ""Q3 2025"", ""year"": 2025, ""quarter"": 3, ""value"": null}, {""period"": ""Q4 2025"", ""year"": 2025, ""quarter"": 4, ""value"": null}, {""period"": ""Q1 2026"", ""year"": 2026, ""quarter"": 1, ""value"": null}, {""period"": ""Q2 2026"", ""year"": 2026, ""quarter"": 2, ""value"": null}]"
VPG,1,BalanceSheet,Quarter,301,A. Nợ phải trả,3,True,2,,"[{""period"": ""Q4 2015"", ""year"": 2015, ""quarter"": 4, ""value"": 222484537708.0}, {""period"": ""Q4 2016"", ""year"": 2016, ""quarter"": 4, ""value"": 741819218219.0}, {""period"": ""Q2 2017"", ""year"": 2017, ""quarter"": 2, ""value"": 1048628447212.0}, {""period"": ""Q3 2017"", ""year"": 2017, ""quarter"": 3, ""value"": 1068753708059.0}, {""period"": ""Q4 2017"", ""year"": 2017, ""quarter"": 4, ""value"": 1068401117992.0}, {""period"": ""Q1 2018"", ""year"": 2018, ""quarter"": 1, ""value"": 1124873370481.0}, {""period"": ""Q2 2018"", ""year"": 2018, ""quarter"": 2, ""value"": 1389039437974.0}, {""period"": ""Q3 2018"", ""year"": 2018, ""quarter"": 3, ""value"": 1886391857506.0}, {""period"": ""Q4 2018"", ""year"": 2018, ""quarter"": 4, ""value"": 1862938989506.0}, {""period"": ""Q1 2019"", ""year"": 2019, ""quarter"": 1, ""value"": 1641080034008.0}, {""period"": ""Q2 2019"", ""year"": 2019, ""quarter"": 2, ""value"": 1300820560394.0}, {""period"": ""Q3 2019"", ""year"": 2019, ""quarter"": 3, ""value"": 1192573684558.0}, {""period"": ""Q4 2019"", ""year"": 2019, ""quarter"": 4, ""value"": 1576425821532.0}, {""period"": ""Q1 2020"", ""year"": 2020, ""quarter"": 1, ""value"": 1714911121381.0}, {""period"": ""Q2 2020"", ""year"": 2020, ""quarter"": 2, ""value"": 1469378875515.0}, {""period"": ""Q3 2020"", ""year"": 2020, ""quarter"": 3, ""value"": 1482864258418.0}, {""period"": ""Q4 2020"", ""year"": 2020, ""quarter"": 4, ""value"": 1032986539326.0}, {""period"": ""Q1 2021"", ""year"": 2021, ""quarter"": 1, ""value"": 1446815157037.0}, {""period"": ""Q2 2021"", ""year"": 2021, ""quarter"": 2, ""value"": 1283404058842.0}, {""period"": ""Q3 2021"", ""year"": 2021, ""quarter"": 3, ""value"": 1362540010940.0}, {""period"": ""Q4 2021"", ""year"": 2021, ""quarter"": 4, ""value"": 1470510912477.0}, {""period"": ""Q1 2022"", ""year"": 2022, ""quarter"": 1, ""value"": 2020410251577.0}, {""period"": ""Q2 2022"", ""year"": 2022, ""quarter"": 2, ""value"": 2726311122290.0}, {""period"": ""Q3 2022"", ""year"": 2022, ""quarter"": 3, ""value"": 2996072277341.0}, {""period"": ""Q4 2022"", ""year"": 2022, ""quarter"": 4, ""value"": 4496783487262.0}, {""period"": ""Q1 2023"", ""year"": 2023, ""quarter"": 1, ""value"": 4072300468680.0}, {""period"": ""Q2 2023"", ""year"": 2023, ""quarter"": 2, ""value"": 3304499799827.0}, {""period"": ""Q3 2023"", ""year"": 2023, ""quarter"": 3, ""value"": 4139224065418.0}, {""period"": ""Q4 2023"", ""year"": 2023, ""quarter"": 4, ""value"": 5662382997646.0}, {""period"": ""Q1 2024"", ""year"": 2024, ""quarter"": 1, ""value"": 5220634453606.0}, {""period"": ""Q2 2024"", ""year"": 2024, ""quarter"": 2, ""value"": 5759625909911.0}, {""period"": ""Q3 2024"", ""year"": 2024, ""quarter"": 3, ""value"": 5127299149437.0}, {""period"": ""Q4 2024"", ""year"": 2024, ""quarter"": 4, ""value"": 6841244515383.0}, {""period"": ""Q1 2025"", ""year"": 2025, ""quarter"": 1, ""value"": 5901522989324.0}, {""period"": ""Q2 2025"", ""year"": 2025, ""quarter"": 2, ""value"": 5898769246995.0}, {""period"": ""Q3 2025"", ""year"": 2025, ""quarter"": 3, ""value"": 3091516178806.0}, {""period"": ""Q4 2025"", ""year"": 2025, ""quarter"": 4, ""value"": 2334919454523.0}, {""period"": ""Q1 2026"", ""year"": 2026, ""quarter"": 1, ""value"": 1389843242033.0}, {""period"": ""Q2 2026"", ""year"": 2026, ""quarter"": 2, ""value"": 1409182649106.0}]"
VPG,1,BalanceSheet,Quarter,30101,I. Nợ ngắn hạn,301,False,3,,"[{""period"": ""Q4 2015"", ""year"": 2015, ""quarter"": 4, ""value"": 222244537708.0}, {""period"": ""Q4 2016"", ""year"": 2016, ""quarter"": 4, ""value"": 738738418219.0}, {""period"": ""Q2 2017"", ""year"": 2017, ""quarter"": 2, ""value"": 1044678347212.0}, {""period"": ""Q3 2017"", ""year"": 2017, ""quarter"": 3, ""value"": 1065130558059.0}, {""period"": ""Q4 2017"", ""year"": 2017, ""quarter"": 4, ""value"": 1065104917992.0}, {""period"": ""Q1 2018"", ""year"": 2018, ""quarter"": 1, ""value"": 1122038520481.0}, {""period"": ""Q2 2018"", ""year"": 2018, ""quarter"": 2, ""value"": 1386397137974.0}, {""period"": ""Q3 2018"", ""year"": 2018, ""quarter"": 3, ""value"": 1884031707506.0}, {""period"": ""Q4 2018"", ""year"": 2018, ""quarter"": 4, ""value"": 1860860989506.0}, {""period"": ""Q1 2019"", ""year"": 2019, ""quarter"": 1, ""value"": 1601459678044.0}, {""period"": ""Q2 2019"", ""year"": 2019, ""quarter"": 2, ""value"": 1228101259294.0}, {""period"": ""Q3 2019"", ""year"": 2019, ""quarter"": 3, ""value"": 1120136533458.0}, {""period"": ""Q4 2019"", ""year"": 2019, ""quarter"": 4, ""value"": 1504270820432.0}, {""period"": ""Q1 2020"", ""year"": 2020, ""quarter"": 1, ""value"": 1643038270281.0}, {""period"": ""Q2 2020"", ""year"": 2020, ""quarter"": 2, ""value"": 1468993775515.0}, {""period"": ""Q3 2020"", ""year"": 2020, ""quarter"": 3, ""value"": 1482671708418.0}, {""period"": ""Q4 2020"", ""year"": 2020, ""quarter"": 4, ""value"": 1032986539326.0}, {""period"": ""Q1 2021"", ""year"": 2021, ""quarter"": 1, ""value"": 1446815157037.0}, {""period"": ""Q2 2021"", ""year"": 2021, ""quarter"": 2, ""value"": 1283404058842.0}, {""period"": ""Q3 2021"", ""year"": 2021, ""quarter"": 3, ""value"": 1362540010940.0}, {""period"": ""Q4 2021"", ""year"": 2021, ""quarter"": 4, ""value"": 1470510912477.0}, {""period"": ""Q1 2022"", ""year"": 2022, ""quarter"": 1, ""value"": 2020410251577.0}, {""period"": ""Q2 2022"", ""year"": 2022, ""quarter"": 2, ""value"": 2496311122290.0}, {""period"": ""Q3 2022"", ""year"": 2022, ""quarter"": 3, ""value"": 2769906277341.0}, {""period"": ""Q4 2022"", ""year"": 2022, ""quarter"": 4, ""value"": 4039941695049.0}, {""period"": ""Q1 2023"", ""year"": 2023, ""quarter"": 1, ""value"": 3622142612122.0}, {""period"": ""Q2 2023"", ""year"": 2023, ""quarter"": 2, ""value"": 2850189656066.0}, {""period"": ""Q3 2023"", ""year"": 2023, ""quarter"": 3, ""value"": 3683099593609.0}, {""period"": ""Q4 2023"", ""year"": 2023, ""quarter"": 4, ""value"": 5179206570079.0}, {""period"": ""Q1 2024"", ""year"": 2024, ""quarter"": 1, ""value"": 4828510027766.0}, {""period"": ""Q2 2024"", ""year"": 2024, ""quarter"": 2, ""value"": 5475643909911.0}, {""period"": ""Q3 2024"", ""year"": 2024, ""quarter"": 3, ""value"": 4899905492342.0}, {""period"": ""Q4 2024"", ""year"": 2024, ""quarter"": 4, ""value"": 6654690515383.0}, {""period"": ""Q1 2025"", ""year"": 2025, ""quarter"": 1, ""value"": 5720782989324.0}, {""period"": ""Q2 2025"", ""year"": 2025, ""quarter"": 2, ""value"": 5723843246995.0}, {""period"": ""Q3 2025"", ""year"": 2025, ""quarter"": 3, ""value"": 2921924038006.0}, {""period"": ""Q4 2025"", ""year"": 2025, ""quarter"": 4, ""value"": 2173931454523.0}, {""period"": ""Q1 2026"", ""year"": 2026, ""quarter"": 1, ""value"": 1389528242033.0}, {""period"": ""Q2 2026"", ""year"": 2026, ""quarter"": 2, ""value"": 1408867649106.0}]"
VPG,1,BalanceSheet,Quarter,3010101,1. Vay và nợ thuê tài chính ngắn hạn,30101,False,4,,"[{""period"": ""Q4 2015"", ""year"": 2015, ""quarter"": 4, ""value"": 110224650000.0}, {""period"": ""Q4 2016"", ""year"": 2016, ""quarter"": 4, ""value"": 279518284073.0}, {""period"": ""Q2 2017"", ""year"": 2017, ""quarter"": 2, ""value"": 377499130714.0}, {""period"": ""Q3 2017"", ""year"": 2017, ""quarter"": 3, ""value"": 389824779673.0}, {""period"": ""Q4 2017"", ""year"": 2017, ""quarter"": 4, ""value"": 266976718779.0}, {""period"": ""Q1 2018"", ""year"": 2018, ""quarter"": 1, ""value"": 443599014181.0}, {""period"": ""Q2 2018"", ""year"": 2018, ""quarter"": 2, ""value"": 651982971182.0}, {""period"": ""Q3 2018"", ""year"": 2018, ""quarter"": 3, ""value"": 413717695974.0}, {""period"": ""Q4 2018"", ""year"": 2018, ""quarter"": 4, ""value"": 649276947825.0}, {""period"": ""Q1 2019"", ""year"": 2019, ""quarter"": 1, ""value"": 498658699214.0}, {""period"": ""Q2 2019"", ""year"": 2019, ""quarter"": 2, ""value"": 469890361881.0}, {""period"": ""Q3 2019"", ""year"": 2019, ""quarter"": 3, ""value"": 394958628140.0}, {""period"": ""Q4 2019"", ""year"": 2019, ""quarter"": 4, ""value"": 370148564394.0}, {""period"": ""Q1 2020"", ""year"": 2020, ""quarter"": 1, ""value"": 351818996519.0}, {""period"": ""Q2 2020"", ""year"": 2020, ""quarter"": 2, ""value"": 441973913108.0}, {""period"": ""Q3 2020"", ""year"": 2020, ""quarter"": 3, ""value"": 322258465172.0}, {""period"": ""Q4 2020"", ""year"": 2020, ""quarter"": 4, ""value"": 248044871648.0}, {""period"": ""Q1 2021"", ""year"": 2021, ""quarter"": 1, ""value"": 337462570019.0}, {""period"": ""Q2 2021"", ""year"": 2021, ""quarter"": 2, ""value"": 317491788144.0}, {""period"": ""Q3 2021"", ""year"": 2021, ""quarter"": 3, ""value"": 424097176353.0}, {""period"": ""Q4 2021"", ""year"": 2021, ""quarter"": 4, ""value"": 512527590207.0}, {""period"": ""Q1 2022"", ""year"": 2022, ""quarter"": 1, ""value"": 552369663536.0}, {""period"": ""Q2 2022"", ""year"": 2022, ""quarter"": 2, ""value"": 614730232480.0}, {""period"": ""Q3 2022"", ""year"": 2022, ""quarter"": 3, ""value"": 914431165100.0}, {""period"": ""Q4 2022"", ""year"": 2022, ""quarter"": 4, ""value"": 1224366453926.0}, {""period"": ""Q1 2023"", ""year"": 2023, ""quarter"": 1, ""value"": 1315736641910.0}, {""period"": ""Q2 2023"", ""year"": 2023, ""quarter"": 2, ""value"": 999811240894.0}, {""period"": ""Q3 2023"", ""year"": 2023, ""quarter"": 3, ""value"": 1222375069279.0}, {""period"": ""Q4 2023"", ""year"": 2023, ""quarter"": 4, ""value"": 1623081419423.0}, {""period"": ""Q1 2024"", ""year"": 2024, ""quarter"": 1, ""value"": 1642923399858.0}, {""period"": ""Q2 2024"", ""year"": 2024, ""quarter"": 2, ""value"": 1949711635070.0}, {""period"": ""Q3 2024"", ""year"": 2024, ""quarter"": 3, ""value"": 2705765830277.0}, {""period"": ""Q4 2024"", ""year"": 2024, ""quarter"": 4, ""value"": 4431670936929.0}, {""period"": ""Q1 2025"", ""year"": 2025, ""quarter"": 1, ""value"": 4317137170642.0}, {""period"": ""Q2 2025"", ""year"": 2025, ""quarter"": 2, ""value"": 4537791704119.0}, {""period"": ""Q3 2025"", ""year"": 2025, ""quarter"": 3, ""value"": 2132226773468.0}, {""period"": ""Q4 2025"", ""year"": 2025, ""quarter"": 4, ""value"": 1675072816291.0}, {""period"": ""Q1 2026"", ""year"": 2026, ""quarter"": 1, ""value"": 915685570153.0}, {""period"": ""Q2 2026"", ""year"": 2026, ""quarter"": 2, ""value"": 915151070153.0}]"
VPG,1,BalanceSheet,Quarter,3010102,2. Vay và nợ dài hạn đến hạn phải trả,30101,False,4,,"[{""period"": ""Q4 2015"", ""year"": 2015, ""quarter"": 4, ""value"": 0.0}, {""period"": ""Q4 2016"", ""year"": 2016, ""quarter"": 4, ""value"": 0.0}, {""period"": ""Q2 2017"", ""year"": 2017, ""quarter"": 2, ""value"": 0.0}, {""period"": ""Q3 2017"", ""year"": 2017, ""quarter"": 3, ""value"": 0.0}, {""period"": ""Q4 2017"", ""year"": 2017, ""quarter"": 4, ""value"": 0.0}, {""period"": ""Q1 2018"", ""year"": 2018, ""quarter"": 1, ""value"": 0.0}, {""period"": ""Q2 2018"", ""year"": 2018, ""quarter"": 2, ""value"": 0.0}, {""period"": ""Q3 2018"", ""year"": 2018, ""quarter"": 3, ""value"": 0.0}, {""period"": ""Q4 2018"", ""year"": 2018, ""quarter"": 4, ""value"": 0.0}, {""period"": ""Q1 2019"", ""year"": 2019, ""quarter"": 1, ""value"": 0.0}, {""period"": ""Q2 2019"", ""year"": 2019, ""quarter"": 2, ""value"": 0.0}, {""period"": ""Q3 2019"", ""year"": 2019, ""quarter"": 3, ""value"": 0.0}, {""period"": ""Q4 2019"", ""year"": 2019, ""quarter"": 4, ""value"": 0.0}, {""period"": ""Q1 2020"", ""year"": 2020, ""quarter"": 1, ""value"": 0.0}, {""period"": ""Q2 2020"", ""year"": 2020, ""quarter"": 2, ""value"": 0.0}, {""period"": ""Q3 2020"", ""year"": 2020, ""quarter"": 3, ""value"": 0.0}, {""period"": ""Q4 2020"", ""year"": 2020, ""quarter"": 4, ""value"": 0.0}, {""period"": ""Q1 2021"", ""year"": 2021, ""quarter"": 1, ""value"": 0.0}, {""period"": ""Q2 2021"", ""year"": 2021, ""quarter"": 2, ""value"": 0.0}, {""period"": ""Q3 2021"", ""year"": 2021, ""quarter"": 3, ""value"": 0.0}, {""period"": ""Q4 2021"", ""year"": 2021, ""quarter"": 4, ""value"": 0.0}, {""period"": ""Q1 2022"", ""year"": 2022, ""quarter"": 1, ""value"": 0.0}, {""period"": ""Q2 2022"", ""year"": 2022, ""quarter"": 2, ""value"": 0.0}, {""period"": ""Q3 2022"", ""year"": 2022, ""quarter"": 3, ""value"": 0.0}, {""period"": ""Q4 2022"", ""year"": 2022, ""quarter"": 4, ""value"": 0.0}, {""period"": ""Q1 2023"", ""year"": 2023, ""quarter"": 1, ""value"": 0.0}, {""period"": ""Q2 2023"", ""year"": 2023, ""quarter"": 2, ""value"": 0.0}, {""period"": ""Q3 2023"", ""year"": 2023, ""quarter"": 3, ""value"": 0.0}, {""period"": ""Q4 2023"", ""year"": 2023, ""quarter"": 4, ""value"": 0.0}, {""period"": ""Q1 2024"", ""year"": 2024, ""quarter"": 1, ""value"": 0.0}, {""period"": ""Q2 2024"", ""year"": 2024, ""quarter"": 2, ""value"": 0.0}, {""period"": ""Q3 2024"", ""year"": 2024, ""quarter"": 3, ""value"": 0.0}, {""period"": ""Q4 2024"", ""year"": 2024, ""quarter"": 4, ""value"": 0.0}, {""period"": ""Q1 2025"", ""year"": 2025, ""quarter"": 1, ""value"": 0.0}, {""period"": ""Q2 2025"", ""year"": 2025, ""quarter"": 2, ""value"": 0.0}, {""period"": ""Q3 2025"", ""year"": 2025, ""quarter"": 3, ""value"": 0.0}, {""period"": ""Q4 2025"", ""year"": 2025, ""quarter"": 4, ""value"": 0.0}, {""period"": ""Q1 2026"", ""year"": 2026, ""quarter"": 1, ""value"": 0.0}, {""period"": ""Q2 2026"", ""year"": 2026, ""quarter"": 2, ""value"": 0.0}]"
VPG,1,BalanceSheet,Quarter,3010103,3. Phải trả người bán ngắn hạn,30101,False,4,,"[{""period"": ""Q4 2015"", ""year"": 2015, ""quarter"": 4, ""value"": 100092481694.0}, {""period"": ""Q4 2016"", ""year"": 2016, ""quarter"": 4, ""value"": 341578940937.0}, {""period"": ""Q2 2017"", ""year"": 2017, ""quarter"": 2, ""value"": 523264626218.0}, {""period"": ""Q3 2017"", ""year"": 2017, ""quarter"": 3, ""value"": 382099592711.0}, {""period"": ""Q4 2017"", ""year"": 2017, ""quarter"": 4, ""value"": 77991854836.0}, {""period"": ""Q1 2018"", ""year"": 2018, ""quarter"": 1, ""value"": 81650882910.0}, {""period"": ""Q2 2018"", ""year"": 2018, ""quarter"": 2, ""value"": 243047391211.0}, {""period"": ""Q3 2018"", ""year"": 2018, ""quarter"": 3, ""value"": 339682467077.0}, {""period"": ""Q4 2018"", ""year"": 2018, ""quarter"": 4, ""value"": 395514586200.0}, {""period"": ""Q1 2019"", ""year"": 2019, ""quarter"": 1, ""value"": 276676601147.0}, {""period"": ""Q2 2019"", ""year"": 2019, ""quarter"": 2, ""value"": 281630109196.0}, {""period"": ""Q3 2019"", ""year"": 2019, ""quarter"": 3, ""value"": 366047447983.0}, {""period"": ""Q4 2019"", ""year"": 2019, ""quarter"": 4, ""value"": 307188697636.0}, {""period"": ""Q1 2020"", ""year"": 2020, ""quarter"": 1, ""value"": 543685054422.0}, {""period"": ""Q2 2020"", ""year"": 2020, ""quarter"": 2, ""value"": 470493283376.0}, {""period"": ""Q3 2020"", ""year"": 2020, ""quarter"": 3, ""value"": 505036638132.0}, {""period"": ""Q4 2020"", ""year"": 2020, ""quarter"": 4, ""value"": 271926551686.0}, {""period"": ""Q1 2021"", ""year"": 2021, ""quarter"": 1, ""value"": 151519470026.0}, {""period"": ""Q2 2021"", ""year"": 2021, ""quarter"": 2, ""value"": 184194794287.0}, {""period"": ""Q3 2021"", ""year"": 2021, ""quarter"": 3, ""value"": 169068015214.0}, {""period"": ""Q4 2021"", ""year"": 2021, ""quarter"": 4, ""value"": 85299005031.0}, {""period"": ""Q1 2022"", ""year"": 2022, ""quarter"": 1, ""value"": 399032668211.0}, {""period"": ""Q2 2022"", ""year"": 2022, ""quarter"": 2, ""value"": 212866805291.0}, {""period"": ""Q3 2022"", ""year"": 2022, ""quarter"": 3, ""value"": 194180620524.0}, {""period"": ""Q4 2022"", ""year"": 2022, ""quarter"": 4, ""value"": 498508043527.0}, {""period"": ""Q1 2023"", ""year"": 2023, ""quarter"": 1, ""value"": 122939595418.0}, {""period"": ""Q2 2023"", ""year"": 2023, ""quarter"": 2, ""value"": 590834933917.0}, {""period"": ""Q3 2023"", ""year"": 2023, ""quarter"": 3, ""value"": 315807779431.0}, {""period"": ""Q4 2023"", ""year"": 2023, ""quarter"": 4, ""value"": 346527881767.0}, {""period"": ""Q1 2024"", ""year"": 2024, ""quarter"": 1, ""value"": 505506405822.0}, {""period"": ""Q2 2024"", ""year"": 2024, ""quarter"": 2, ""value"": 750286069068.0}, {""period"": ""Q3 2024"", ""year"": 2024, ""quarter"": 3, ""value"": 409297233362.0}, {""period"": ""Q4 2024"", ""year"": 2024, ""quarter"": 4, ""value"": 1948050221081.0}, {""period"": ""Q1 2025"", ""year"": 2025, ""quarter"": 1, ""value"": 1244153523255.0}, {""period"": ""Q2 2025"", ""year"": 2025, ""quarter"": 2, ""value"": 548644167832.0}, {""period"": ""Q3 2025"", ""year"": 2025, ""quarter"": 3, ""value"": 368049620384.0}, {""period"": ""Q4 2025"", ""year"": 2025, ""quarter"": 4, ""value"": 107948913083.0}, {""period"": ""Q1 2026"", ""year"": 2026, ""quarter"": 1, ""value"": 110364824064.0}, {""period"": ""Q2 2026"", ""year"": 2026, ""quarter"": 2, ""value"": 111065892183.0}]"
VPG,1,BalanceSheet,Quarter,3010104,4. Người mua trả tiền trước,30101,False,4,,"[{""period"": ""Q4 2015"", ""year"": 2015, ""quarter"": 4, ""value"": 1399690000.0}, {""period"": ""Q4 2016"", ""year"": 2016, ""quarter"": 4, ""value"": 1491532500.0}, {""period"": ""Q2 2017"", ""year"": 2017, ""quarter"": 2, ""value"": 1033076625.0}, {""period"": ""Q3 2017"", ""year"": 2017, ""quarter"": 3, ""value"": 29502267350.0}, {""period"": ""Q4 2017"", ""year"": 2017, ""quarter"": 4, ""value"": 57831659449.0}, {""period"": ""Q1 2018"", ""year"": 2018, ""quarter"": 1, ""value"": 109200000000.0}, {""period"": ""Q2 2018"", ""year"": 2018, ""quarter"": 2, ""value"": 104200000000.0}, {""period"": ""Q3 2018"", ""year"": 2018, ""quarter"": 3, ""value"": 155422525120.0}, {""period"": ""Q4 2018"", ""year"": 2018, ""quarter"": 4, ""value"": 73498759361.0}, {""period"": ""Q1 2019"", ""year"": 2019, ""quarter"": 1, ""value"": 135035335013.0}, {""period"": ""Q2 2019"", ""year"": 2019, ""quarter"": 2, ""value"": 95442505706.0}, {""period"": ""Q3 2019"", ""year"": 2019, ""quarter"": 3, ""value"": 104947721323.0}, {""period"": ""Q4 2019"", ""year"": 2019, ""quarter"": 4, ""value"": 47016486200.0}, {""period"": ""Q1 2020"", ""year"": 2020, ""quarter"": 1, ""value"": 60525467857.0}, {""period"": ""Q2 2020"", ""year"": 2020, ""quarter"": 2, ""value"": 105450407673.0}, {""period"": ""Q3 2020"", ""year"": 2020, ""quarter"": 3, ""value"": 73618422952.0}, {""period"": ""Q4 2020"", ""year"": 2020, ""quarter"": 4, ""value"": 46724774109.0}, {""period"": ""Q1 2021"", ""year"": 2021, ""quarter"": 1, ""value"": 126821143909.0}, {""period"": ""Q2 2021"", ""year"": 2021, ""quarter"": 2, ""value"": 117474411828.0}, {""period"": ""Q3 2021"", ""year"": 2021, ""quarter"": 3, ""value"": 88817942000.0}, {""period"": ""Q4 2021"", ""year"": 2021, ""quarter"": 4, ""value"": 182072918274.0}, {""period"": ""Q1 2022"", ""year"": 2022, ""quarter"": 1, ""value"": 358729547555.0}, {""period"": ""Q2 2022"", ""year"": 2022, ""quarter"": 2, ""value"": 490765869569.0}, {""period"": ""Q3 2022"", ""year"": 2022, ""quarter"": 3, ""value"": 367612189462.0}, {""period"": ""Q4 2022"", ""year"": 2022, ""quarter"": 4, ""value"": 347005671179.0}, {""period"": ""Q1 2023"", ""year"": 2023, ""quarter"": 1, ""value"": 180617734252.0}, {""period"": ""Q2 2023"", ""year"": 2023, ""quarter"": 2, ""value"": 80647120318.0}, {""period"": ""Q3 2023"", ""year"": 2023, ""quarter"": 3, ""value"": 611157939563.0}, {""period"": ""Q4 2023"", ""year"": 2023, ""quarter"": 4, ""value"": 823649649903.0}, {""period"": ""Q1 2024"", ""year"": 2024, ""quarter"": 1, ""value"": 308858578617.0}, {""period"": ""Q2 2024"", ""year"": 2024, ""quarter"": 2, ""value"": 319475625224.0}, {""period"": ""Q3 2024"", ""year"": 2024, ""quarter"": 3, ""value"": 295322583883.0}, {""period"": ""Q4 2024"", ""year"": 2024, ""quarter"": 4, ""value"": 158513427650.0}, {""period"": ""Q1 2025"", ""year"": 2025, ""quarter"": 1, ""value"": 59743288984.0}, {""period"": ""Q2 2025"", ""year"": 2025, ""quarter"": 2, ""value"": 134400751191.0}, {""period"": ""Q3 2025"", ""year"": 2025, ""quarter"": 3, ""value"": 45500902114.0}, {""period"": ""Q4 2025"", ""year"": 2025, ""quarter"": 4, ""value"": 168943499009.0}, {""period"": ""Q1 2026"", ""year"": 2026, ""quarter"": 1, ""value"": 168172719009.0}, {""period"": ""Q2 2026"", ""year"": 2026, ""quarter"": 2, ""value"": 168276469309.0}]"
VPG,1,BalanceSheet,Quarter,3010105,5. Thuế và các khoản phải nộp nhà nước,30101,False,4,,"[{""period"": ""Q4 2015"", ""year"": 2015, ""quarter"": 4, ""value"": 0.0}, {""period"": ""Q4 2016"", ""year"": 2016, ""quarter"": 4, ""value"": 459470165.0}, {""period"": ""Q2 2017"", ""year"": 2017, ""quarter"": 2, ""value"": 3237846266.0}, {""period"": ""Q3 2017"", ""year"": 2017, ""quarter"": 3, ""value"": 2546721230.0}, {""period"": ""Q4 2017"", ""year"": 2017, ""quarter"": 4, ""value"": 2910233812.0}, {""period"": ""Q1 2018"", ""year"": 2018, ""quarter"": 1, ""value"": 3108248922.0}, {""period"": ""Q2 2018"", ""year"": 2018, ""quarter"": 2, ""value"": 8399907158.0}, {""period"": ""Q3 2018"", ""year"": 2018, ""quarter"": 3, ""value"": 8600432351.0}, {""period"": ""Q4 2018"", ""year"": 2018, ""quarter"": 4, ""value"": 4251134957.0}, {""period"": ""Q1 2019"", ""year"": 2019, ""quarter"": 1, ""value"": 5340817005.0}, {""period"": ""Q2 2019"", ""year"": 2019, ""quarter"": 2, ""value"": 4656693793.0}, {""period"": ""Q3 2019"", ""year"": 2019, ""quarter"": 3, ""value"": 4435490835.0}, {""period"": ""Q4 2019"", ""year"": 2019, ""quarter"": 4, ""value"": 2263259912.0}, {""period"": ""Q1 2020"", ""year"": 2020, ""quarter"": 1, ""value"": 3075646897.0}, {""period"": ""Q2 2020"", ""year"": 2020, ""quarter"": 2, ""value"": 1684997039.0}, {""period"": ""Q3 2020"", ""year"": 2020, ""quarter"": 3, ""value"": 20460735256.0}, {""period"": ""Q4 2020"", ""year"": 2020, ""quarter"": 4, ""value"": 39181678810.0}, {""period"": ""Q1 2021"", ""year"": 2021, ""quarter"": 1, ""value"": 68131428337.0}, {""period"": ""Q2 2021"", ""year"": 2021, ""quarter"": 2, ""value"": 91440834474.0}, {""period"": ""Q3 2021"", ""year"": 2021, ""quarter"": 3, ""value"": 105236788030.0}, {""period"": ""Q4 2021"", ""year"": 2021, ""quarter"": 4, ""value"": 110630663060.0}, {""period"": ""Q1 2022"", ""year"": 2022, ""quarter"": 1, ""value"": 83868393516.0}, {""period"": ""Q2 2022"", ""year"": 2022, ""quarter"": 2, ""value"": 45816700509.0}, {""period"": ""Q3 2022"", ""year"": 2022, ""quarter"": 3, ""value"": 51978874431.0}, {""period"": ""Q4 2022"", ""year"": 2022, ""quarter"": 4, ""value"": 24409310730.0}, {""period"": ""Q1 2023"", ""year"": 2023, ""quarter"": 1, ""value"": 9372231277.0}, {""period"": ""Q2 2023"", ""year"": 2023, ""quarter"": 2, ""value"": 14550682740.0}, {""period"": ""Q3 2023"", ""year"": 2023, ""quarter"": 3, ""value"": 21106248769.0}, {""period"": ""Q4 2023"", ""year"": 2023, ""quarter"": 4, ""value"": 4953270638.0}, {""period"": ""Q1 2024"", ""year"": 2024, ""quarter"": 1, ""value"": 1004255724.0}, {""period"": ""Q2 2024"", ""year"": 2024, ""quarter"": 2, ""value"": 1024822318.0}, {""period"": ""Q3 2024"", ""year"": 2024, ""quarter"": 3, ""value"": 2761230275.0}, {""period"": ""Q4 2024"", ""year"": 2024, ""quarter"": 4, ""value"": 31132346849.0}, {""period"": ""Q1 2025"", ""year"": 2025, ""quarter"": 1, ""value"": 32667343916.0}, {""period"": ""Q2 2025"", ""year"": 2025, ""quarter"": 2, ""value"": 50913023412.0}, {""period"": ""Q3 2025"", ""year"": 2025, ""quarter"": 3, ""value"": 48036179403.0}, {""period"": ""Q4 2025"", ""year"": 2025, ""quarter"": 4, ""value"": 113546373961.0}, {""period"": ""Q1 2026"", ""year"": 2026, ""quarter"": 1, ""value"": 83128958745.0}, {""period"": ""Q2 2026"", ""year"": 2026, ""quarter"": 2, ""value"": 82026273082.0}]"
VPG,1,BalanceSheet,Quarter,3010106,6. Phải trả người lao động,30101,False,4,,"[{""period"": ""Q4 2015"", ""year"": 2015, ""quarter"": 4, ""value"": 0.0}, {""period"": ""Q4 2016"", ""year"": 2016, ""quarter"": 4, ""value"": 0.0}, {""period"": ""Q2 2017"", ""year"": 2017, ""quarter"": 2, ""value"": 783078976.0}, {""period"": ""Q3 2017"", ""year"": 2017, ""quarter"": 3, ""value"": 992121436.0}, {""period"": ""Q4 2017"", ""year"": 2017, ""quarter"": 4, ""value"": 912769437.0}, {""period"": ""Q1 2018"", ""year"": 2018, ""quarter"": 1, ""value"": 872574977.0}, {""period"": ""Q2 2018"", ""year"": 2018, ""quarter"": 2, ""value"": 735469777.0}, {""period"": ""Q3 2018"", ""year"": 2018, ""quarter"": 3, ""value"": 756727618.0}, {""period"": ""Q4 2018"", ""year"": 2018, ""quarter"": 4, ""value"": 332849782.0}, {""period"": ""Q1 2019"", ""year"": 2019, ""quarter"": 1, ""value"": 917826738.0}, {""period"": ""Q2 2019"", ""year"": 2019, ""quarter"": 2, ""value"": 940655172.0}, {""period"": ""Q3 2019"", ""year"": 2019, ""quarter"": 3, ""value"": 1006772790.0}, {""period"": ""Q4 2019"", ""year"": 2019, ""quarter"": 4, ""value"": 1699665781.0}, {""period"": ""Q1 2020"", ""year"": 2020, ""quarter"": 1, ""value"": 1181381595.0}, {""period"": ""Q2 2020"", ""year"": 2020, ""quarter"": 2, ""value"": 1178889406.0}, {""period"": ""Q3 2020"", ""year"": 2020, ""quarter"": 3, ""value"": 1120618388.0}, {""period"": ""Q4 2020"", ""year"": 2020, ""quarter"": 4, ""value"": 2122042877.0}, {""period"": ""Q1 2021"", ""year"": 2021, ""quarter"": 1, ""value"": 1015988258.0}, {""period"": ""Q2 2021"", ""year"": 2021, ""quarter"": 2, ""value"": 1191310406.0}, {""period"": ""Q3 2021"", ""year"": 2021, ""quarter"": 3, ""value"": 1138393369.0}, {""period"": ""Q4 2021"", ""year"": 2021, ""quarter"": 4, ""value"": 2320427775.0}, {""period"": ""Q1 2022"", ""year"": 2022, ""quarter"": 1, ""value"": 1450244676.0}, {""period"": ""Q2 2022"", ""year"": 2022, ""quarter"": 2, ""value"": 1579198129.0}, {""period"": ""Q3 2022"", ""year"": 2022, ""quarter"": 3, ""value"": 1594585387.0}, {""period"": ""Q4 2022"", ""year"": 2022, ""quarter"": 4, ""value"": 2833445121.0}, {""period"": ""Q1 2023"", ""year"": 2023, ""quarter"": 1, ""value"": 1664604129.0}, {""period"": ""Q2 2023"", ""year"": 2023, ""quarter"": 2, ""value"": 1819918655.0}, {""period"": ""Q3 2023"", ""year"": 2023, ""quarter"": 3, ""value"": 1918433049.0}, {""period"": ""Q4 2023"", ""year"": 2023, ""quarter"": 4, ""value"": 3307353724.0}, {""period"": ""Q1 2024"", ""year"": 2024, ""quarter"": 1, ""value"": 2418353728.0}, {""period"": ""Q2 2024"", ""year"": 2024, ""quarter"": 2, ""value"": 2296190377.0}, {""period"": ""Q3 2024"", ""year"": 2024, ""quarter"": 3, ""value"": 2240172446.0}, {""period"": ""Q4 2024"", ""year"": 2024, ""quarter"": 4, ""value"": 4228852247.0}, {""period"": ""Q1 2025"", ""year"": 2025, ""quarter"": 1, ""value"": 2641449785.0}, {""period"": ""Q2 2025"", ""year"": 2025, ""quarter"": 2, ""value"": 3232581497.0}, {""period"": ""Q3 2025"", ""year"": 2025, ""quarter"": 3, ""value"": 2371455882.0}, {""period"": ""Q4 2025"", ""year"": 2025, ""quarter"": 4, ""value"": 2591568082.0}, {""period"": ""Q1 2026"", ""year"": 2026, ""quarter"": 1, ""value"": 1001234832.0}, {""period"": ""Q2 2026"", ""year"": 2026, ""quarter"": 2, ""value"": 2565226481.0}]"
VPG,1,BalanceSheet,Quarter,3010107,7. Chi phí phải trả ngắn hạn,30101,False,4,,"[{""period"": ""Q4 2015"", ""year"": 2015, ""quarter"": 4, ""value"": 0.0}, {""period"": ""Q4 2016"", ""year"": 2016, ""quarter"": 4, ""value"": 0.0}, {""period"": ""Q2 2017"", ""year"": 2017, ""quarter"": 2, ""value"": 615951173.0}, {""period"": ""Q3 2017"", ""year"": 2017, ""quarter"": 3, ""value"": 344530990.0}, {""period"": ""Q4 2017"", ""year"": 2017, ""quarter"": 4, ""value"": 324577489.0}, {""period"": ""Q1 2018"", ""year"": 2018, ""quarter"": 1, ""value"": 890884444.0}, {""period"": ""Q2 2018"", ""year"": 2018, ""quarter"": 2, ""value"": 4745395906.0}, {""period"": ""Q3 2018"", ""year"": 2018, ""quarter"": 3, ""value"": 532741880.0}, {""period"": ""Q4 2018"", ""year"": 2018, ""quarter"": 4, ""value"": 5797887015.0}, {""period"": ""Q1 2019"", ""year"": 2019, ""quarter"": 1, ""value"": 22008336405.0}, {""period"": ""Q2 2019"", ""year"": 2019, ""quarter"": 2, ""value"": 1836325871.0}, {""period"": ""Q3 2019"", ""year"": 2019, ""quarter"": 3, ""value"": 349506065.0}, {""period"": ""Q4 2019"", ""year"": 2019, ""quarter"": 4, ""value"": 5321033264.0}, {""period"": ""Q1 2020"", ""year"": 2020, ""quarter"": 1, ""value"": 776949470.0}, {""period"": ""Q2 2020"", ""year"": 2020, ""quarter"": 2, ""value"": 1410439876.0}, {""period"": ""Q3 2020"", ""year"": 2020, ""quarter"": 3, ""value"": 1699520409.0}, {""period"": ""Q4 2020"", ""year"": 2020, ""quarter"": 4, ""value"": 3469871301.0}, {""period"": ""Q1 2021"", ""year"": 2021, ""quarter"": 1, ""value"": 1269088043.0}, {""period"": ""Q2 2021"", ""year"": 2021, ""quarter"": 2, ""value"": 809113043.0}, {""period"": ""Q3 2021"", ""year"": 2021, ""quarter"": 3, ""value"": 4519923588.0}, {""period"": ""Q4 2021"", ""year"": 2021, ""quarter"": 4, ""value"": 2332894342.0}, {""period"": ""Q1 2022"", ""year"": 2022, ""quarter"": 1, ""value"": 1719940900.0}, {""period"": ""Q2 2022"", ""year"": 2022, ""quarter"": 2, ""value"": 1850986528.0}, {""period"": ""Q3 2022"", ""year"": 2022, ""quarter"": 3, ""value"": 267988002.0}, {""period"": ""Q4 2022"", ""year"": 2022, ""quarter"": 4, ""value"": 2053029832.0}, {""period"": ""Q1 2023"", ""year"": 2023, ""quarter"": 1, ""value"": 817655012.0}, {""period"": ""Q2 2023"", ""year"": 2023, ""quarter"": 2, ""value"": 2009364187.0}, {""period"": ""Q3 2023"", ""year"": 2023, ""quarter"": 3, ""value"": 535132263.0}, {""period"": ""Q4 2023"", ""year"": 2023, ""quarter"": 4, ""value"": 2235732325.0}, {""period"": ""Q1 2024"", ""year"": 2024, ""quarter"": 1, ""value"": 0.0}, {""period"": ""Q2 2024"", ""year"": 2024, ""quarter"": 2, ""value"": 22773723818.0}, {""period"": ""Q3 2024"", ""year"": 2024, ""quarter"": 3, ""value"": 153445965894.0}, {""period"": ""Q4 2024"", ""year"": 2024, ""quarter"": 4, ""value"": 21097631455.0}, {""period"": ""Q1 2025"", ""year"": 2025, ""quarter"": 1, ""value"": 16057395691.0}, {""period"": ""Q2 2025"", ""year"": 2025, ""quarter"": 2, ""value"": 20502126912.0}, {""period"": ""Q3 2025"", ""year"": 2025, ""quarter"": 3, ""value"": 19463414920.0}, {""period"": ""Q4 2025"", ""year"": 2025, ""quarter"": 4, ""value"": 16134891556.0}, {""period"": ""Q1 2026"", ""year"": 2026, ""quarter"": 1, ""value"": 21413962046.0}, {""period"": ""Q2 2026"", ""year"": 2026, ""quarter"": 2, ""value"": 48927865959.0}]"
VPG,1,BalanceSheet,Quarter,3010108,8. Phải trả nội bộ ngắn hạn,30101,False,4,,"[{""period"": ""Q4 2015"", ""year"": 2015, ""quarter"": 4, ""value"": 0.0}, {""period"": ""Q4 2016"", ""year"": 2016, ""quarter"": 4, ""value"": 0.0}, {""period"": ""Q2 2017"", ""year"": 2017, ""quarter"": 2, ""value"": 0.0}, {""period"": ""Q3 2017"", ""year"": 2017, ""quarter"": 3, ""value"": 0.0}, {""period"": ""Q4 2017"", ""year"": 2017, ""quarter"": 4, ""value"": 0.0}, {""period"": ""Q1 2018"", ""year"": 2018, ""quarter"": 1, ""value"": 0.0}, {""period"": ""Q2 2018"", ""year"": 2018, ""quarter"": 2, ""value"": 0.0}, {""period"": ""Q3 2018"", ""year"": 2018, ""quarter"": 3, ""value"": 0.0}, {""period"": ""Q4 2018"", ""year"": 2018, ""quarter"": 4, ""value"": 0.0}, {""period"": ""Q1 2019"", ""year"": 2019, ""quarter"": 1, ""value"": 0.0}, {""period"": ""Q2 2019"", ""year"": 2019, ""quarter"": 2, ""value"": 0.0}, {""period"": ""Q3 2019"", ""year"": 2019, ""quarter"": 3, ""value"": 0.0}, {""period"": ""Q4 2019"", ""year"": 2019, ""quarter"": 4, ""value"": 0.0}, {""period"": ""Q1 2020"", ""year"": 2020, ""quarter"": 1, ""value"": 0.0}, {""period"": ""Q2 2020"", ""year"": 2020, ""quarter"": 2, ""value"": 0.0}, {""period"": ""Q3 2020"", ""year"": 2020, ""quarter"": 3, ""value"": 0.0}, {""period"": ""Q4 2020"", ""year"": 2020, ""quarter"": 4, ""value"": 0.0}, {""period"": ""Q1 2021"", ""year"": 2021, ""quarter"": 1, ""value"": 0.0}, {""period"": ""Q2 2021"", ""year"": 2021, ""quarter"": 2, ""value"": 0.0}, {""period"": ""Q3 2021"", ""year"": 2021, ""quarter"": 3, ""value"": 0.0}, {""period"": ""Q4 2021"", ""year"": 2021, ""quarter"": 4, ""value"": 0.0}, {""period"": ""Q1 2022"", ""year"": 2022, ""quarter"": 1, ""value"": 0.0}, {""period"": ""Q2 2022"", ""year"": 2022, ""quarter"": 2, ""value"": 0.0}, {""period"": ""Q3 2022"", ""year"": 2022, ""quarter"": 3, ""value"": 0.0}, {""period"": ""Q4 2022"", ""year"": 2022, ""quarter"": 4, ""value"": 0.0}, {""period"": ""Q1 2023"", ""year"": 2023, ""quarter"": 1, ""value"": 0.0}, {""period"": ""Q2 2023"", ""year"": 2023, ""quarter"": 2, ""value"": 0.0}, {""period"": ""Q3 2023"", ""year"": 2023, ""quarter"": 3, ""value"": 0.0}, {""period"": ""Q4 2023"", ""year"": 2023, ""quarter"": 4, ""value"": 0.0}, {""period"": ""Q1 2024"", ""year"": 2024, ""quarter"": 1, ""value"": 0.0}, {""period"": ""Q2 2024"", ""year"": 2024, ""quarter"": 2, ""value"": 0.0}, {""period"": ""Q3 2024"", ""year"": 2024, ""quarter"": 3, ""value"": 0.0}, {""period"": ""Q4 2024"", ""year"": 2024, ""quarter"": 4, ""value"": 0.0}, {""period"": ""Q1 2025"", ""year"": 2025, ""quarter"": 1, ""value"": 0.0}, {""period"": ""Q2 2025"", ""year"": 2025, ""quarter"": 2, ""value"": 0.0}, {""period"": ""Q3 2025"", ""year"": 2025, ""quarter"": 3, ""value"": 0.0}, {""period"": ""Q4 2025"", ""year"": 2025, ""quarter"": 4, ""value"": 0.0}, {""period"": ""Q1 2026"", ""year"": 2026, ""quarter"": 1, ""value"": 0.0}, {""period"": ""Q2 2026"", ""year"": 2026, ""quarter"": 2, ""value"": 0.0}]"
VPG,1,BalanceSheet,Quarter,3010109,9. Phải trả theo tiến độ kế hoạch hợp đồng xây dựng,30101,False,4,,"[{""period"": ""Q4 2015"", ""year"": 2015, ""quarter"": 4, ""value"": 10527716014.0}, {""period"": ""Q4 2016"", ""year"": 2016, ""quarter"": 4, ""value"": 0.0}, {""period"": ""Q2 2017"", ""year"": 2017, ""quarter"": 2, ""value"": 0.0}, {""period"": ""Q3 2017"", ""year"": 2017, ""quarter"": 3, ""value"": 0.0}, {""period"": ""Q4 2017"", ""year"": 2017, ""quarter"": 4, ""value"": 0.0}, {""period"": ""Q1 2018"", ""year"": 2018, ""quarter"": 1, ""value"": 0.0}, {""period"": ""Q2 2018"", ""year"": 2018, ""quarter"": 2, ""value"": 0.0}, {""period"": ""Q3 2018"", ""year"": 2018, ""quarter"": 3, ""value"": 0.0}, {""period"": ""Q4 2018"", ""year"": 2018, ""quarter"": 4, ""value"": 0.0}, {""period"": ""Q1 2019"", ""year"": 2019, ""quarter"": 1, ""value"": 0.0}, {""period"": ""Q2 2019"", ""year"": 2019, ""quarter"": 2, ""value"": 0.0}, {""period"": ""Q3 2019"", ""year"": 2019, ""quarter"": 3, ""value"": 0.0}, {""period"": ""Q4 2019"", ""year"": 2019, ""quarter"": 4, ""value"": 0.0}, {""period"": ""Q1 2020"", ""year"": 2020, ""quarter"": 1, ""value"": 0.0}, {""period"": ""Q2 2020"", ""year"": 2020, ""quarter"": 2, ""value"": 0.0}, {""period"": ""Q3 2020"", ""year"": 2020, ""quarter"": 3, ""value"": 0.0}, {""period"": ""Q4 2020"", ""year"": 2020, ""quarter"": 4, ""value"": 0.0}, {""period"": ""Q1 2021"", ""year"": 2021, ""quarter"": 1, ""value"": 0.0}, {""period"": ""Q2 2021"", ""year"": 2021, ""quarter"": 2, ""value"": 0.0}, {""period"": ""Q3 2021"", ""year"": 2021, ""quarter"": 3, ""value"": 0.0}, {""period"": ""Q4 2021"", ""year"": 2021, ""quarter"": 4, ""value"": 0.0}, {""period"": ""Q1 2022"", ""year"": 2022, ""quarter"": 1, ""value"": 0.0}, {""period"": ""Q2 2022"", ""year"": 2022, ""quarter"": 2, ""value"": 0.0}, {""period"": ""Q3 2022"", ""year"": 2022, ""quarter"": 3, ""value"": 0.0}, {""period"": ""Q4 2022"", ""year"": 2022, ""quarter"": 4, ""value"": 0.0}, {""period"": ""Q1 2023"", ""year"": 2023, ""quarter"": 1, ""value"": 0.0}, {""period"": ""Q2 2023"", ""year"": 2023, ""quarter"": 2, ""value"": 0.0}, {""period"": ""Q3 2023"", ""year"": 2023, ""quarter"": 3, ""value"": 0.0}, {""period"": ""Q4 2023"", ""year"": 2023, ""quarter"": 4, ""value"": 0.0}, {""period"": ""Q1 2024"", ""year"": 2024, ""quarter"": 1, ""value"": 0.0}, {""period"": ""Q2 2024"", ""year"": 2024, ""quarter"": 2, ""value"": 0.0}, {""period"": ""Q3 2024"", ""year"": 2024, ""quarter"": 3, ""value"": 0.0}, {""period"": ""Q4 2024"", ""year"": 2024, ""quarter"": 4, ""value"": 0.0}, {""period"": ""Q1 2025"", ""year"": 2025, ""quarter"": 1, ""value"": 0.0}, {""period"": ""Q2 2025"", ""year"": 2025, ""quarter"": 2, ""value"": 0.0}, {""period"": ""Q3 2025"", ""year"": 2025, ""quarter"": 3, ""value"": 0.0}, {""period"": ""Q4 2025"", ""year"": 2025, ""quarter"": 4, ""value"": 0.0}, {""period"": ""Q1 2026"", ""year"": 2026, ""quarter"": 1, ""value"": 0.0}, {""period"": ""Q2 2026"", ""year"": 2026, ""quarter"": 2, ""value"": 0.0}]"
VPG,1,BalanceSheet,Quarter,3010110,10. Doanh thu chưa thực hiện ngắn hạn,30101,False,4,,"[{""period"": ""Q4 2015"", ""year"": 2015, ""quarter"": 4, ""value"": 0.0}, {""period"": ""Q4 2016"", ""year"": 2016, ""quarter"": 4, ""value"": 0.0}, {""period"": ""Q2 2017"", ""year"": 2017, ""quarter"": 2, ""value"": 0.0}, {""period"": ""Q3 2017"", ""year"": 2017, ""quarter"": 3, ""value"": 0.0}, {""period"": ""Q4 2017"", ""year"": 2017, ""quarter"": 4, ""value"": 0.0}, {""period"": ""Q1 2018"", ""year"": 2018, ""quarter"": 1, ""value"": 0.0}, {""period"": ""Q2 2018"", ""year"": 2018, ""quarter"": 2, ""value"": 0.0}, {""period"": ""Q3 2018"", ""year"": 2018, ""quarter"": 3, ""value"": 0.0}, {""period"": ""Q4 2018"", ""year"": 2018, ""quarter"": 4, ""value"": 0.0}, {""period"": ""Q1 2019"", ""year"": 2019, ""quarter"": 1, ""value"": 0.0}, {""period"": ""Q2 2019"", ""year"": 2019, ""quarter"": 2, ""value"": 0.0}, {""period"": ""Q3 2019"", ""year"": 2019, ""quarter"": 3, ""value"": 0.0}, {""period"": ""Q4 2019"", ""year"": 2019, ""quarter"": 4, ""value"": 23000000000.0}, {""period"": ""Q1 2020"", ""year"": 2020, ""quarter"": 1, ""value"": 84842936219.0}, {""period"": ""Q2 2020"", ""year"": 2020, ""quarter"": 2, ""value"": 112619338801.0}, {""period"": ""Q3 2020"", ""year"": 2020, ""quarter"": 3, ""value"": 199221635133.0}, {""period"": ""Q4 2020"", ""year"": 2020, ""quarter"": 4, ""value"": 127507729625.0}, {""period"": ""Q1 2021"", ""year"": 2021, ""quarter"": 1, ""value"": 94152996861.0}, {""period"": ""Q2 2021"", ""year"": 2021, ""quarter"": 2, ""value"": 37065060031.0}, {""period"": ""Q3 2021"", ""year"": 2021, ""quarter"": 3, ""value"": 6229599471.0}, {""period"": ""Q4 2021"", ""year"": 2021, ""quarter"": 4, ""value"": 0.0}, {""period"": ""Q1 2022"", ""year"": 2022, ""quarter"": 1, ""value"": 0.0}, {""period"": ""Q2 2022"", ""year"": 2022, ""quarter"": 2, ""value"": 0.0}, {""period"": ""Q3 2022"", ""year"": 2022, ""quarter"": 3, ""value"": 0.0}, {""period"": ""Q4 2022"", ""year"": 2022, ""quarter"": 4, ""value"": 0.0}, {""period"": ""Q1 2023"", ""year"": 2023, ""quarter"": 1, ""value"": 0.0}, {""period"": ""Q2 2023"", ""year"": 2023, ""quarter"": 2, ""value"": 0.0}, {""period"": ""Q3 2023"", ""year"": 2023, ""quarter"": 3, ""value"": 0.0}, {""period"": ""Q4 2023"", ""year"": 2023, ""quarter"": 4, ""value"": 0.0}, {""period"": ""Q1 2024"", ""year"": 2024, ""quarter"": 1, ""value"": 61370004156.0}, {""period"": ""Q2 2024"", ""year"": 2024, ""quarter"": 2, ""value"": 8056500000.0}, {""period"": ""Q3 2024"", ""year"": 2024, ""quarter"": 3, ""value"": 8329200000.0}, {""period"": ""Q4 2024"", ""year"": 2024, ""quarter"": 4, ""value"": 7920000000.0}, {""period"": ""Q1 2025"", ""year"": 2025, ""quarter"": 1, ""value"": 7920000000.0}, {""period"": ""Q2 2025"", ""year"": 2025, ""quarter"": 2, ""value"": 7920000000.0}, {""period"": ""Q3 2025"", ""year"": 2025, ""quarter"": 3, ""value"": 7920000000.0}, {""period"": ""Q4 2025"", ""year"": 2025, ""quarter"": 4, ""value"": 0.0}, {""period"": ""Q1 2026"", ""year"": 2026, ""quarter"": 1, ""value"": 0.0}, {""period"": ""Q2 2026"", ""year"": 2026, ""quarter"": 2, ""value"": 10000000.0}]"
VPG,1,BalanceSheet,Quarter,3010111,11. Phải trả ngắn hạn khác,30101,False,4,,"[{""period"": ""Q4 2015"", ""year"": 2015, ""quarter"": 4, ""value"": 0.0}, {""period"": ""Q4 2016"", ""year"": 2016, ""quarter"": 4, ""value"": 115690190544.0}, {""period"": ""Q2 2017"", ""year"": 2017, ""quarter"": 2, ""value"": 138244637240.0}, {""period"": ""Q3 2017"", ""year"": 2017, ""quarter"": 3, ""value"": 259820544669.0}, {""period"": ""Q4 2017"", ""year"": 2017, ""quarter"": 4, ""value"": 658157104190.0}, {""period"": ""Q1 2018"", ""year"": 2018, ""quarter"": 1, ""value"": 482716915047.0}, {""period"": ""Q2 2018"", ""year"": 2018, ""quarter"": 2, ""value"": 373286002740.0}, {""period"": ""Q3 2018"", ""year"": 2018, ""quarter"": 3, ""value"": 965319117486.0}, {""period"": ""Q4 2018"", ""year"": 2018, ""quarter"": 4, ""value"": 732188824366.0}, {""period"": ""Q1 2019"", ""year"": 2019, ""quarter"": 1, ""value"": 662822062522.0}, {""period"": ""Q2 2019"", ""year"": 2019, ""quarter"": 2, ""value"": 370808452695.0}, {""period"": ""Q3 2019"", ""year"": 2019, ""quarter"": 3, ""value"": 245728965842.0}, {""period"": ""Q4 2019"", ""year"": 2019, ""quarter"": 4, ""value"": 745045490265.0}, {""period"": ""Q1 2020"", ""year"": 2020, ""quarter"": 1, ""value"": 594948367322.0}, {""period"": ""Q2 2020"", ""year"": 2020, ""quarter"": 2, ""value"": 329533508087.0}, {""period"": ""Q3 2020"", ""year"": 2020, ""quarter"": 3, ""value"": 354691904827.0}, {""period"": ""Q4 2020"", ""year"": 2020, ""quarter"": 4, ""value"": 289663066421.0}, {""period"": ""Q1 2021"", ""year"": 2021, ""quarter"": 1, ""value"": 662532008355.0}, {""period"": ""Q2 2021"", ""year"": 2021, ""quarter"": 2, ""value"": 525432353400.0}, {""period"": ""Q3 2021"", ""year"": 2021, ""quarter"": 3, ""value"": 555287179686.0}, {""period"": ""Q4 2021"", ""year"": 2021, ""quarter"": 4, ""value"": 567580720559.0}, {""period"": ""Q1 2022"", ""year"": 2022, ""quarter"": 1, ""value"": 615947127954.0}, {""period"": ""Q2 2022"", ""year"": 2022, ""quarter"": 2, ""value"": 1100863533555.0}, {""period"": ""Q3 2022"", ""year"": 2022, ""quarter"": 3, ""value"": 1213525633326.0}, {""period"": ""Q4 2022"", ""year"": 2022, ""quarter"": 4, ""value"": 1914597549625.0}, {""period"": ""Q1 2023"", ""year"": 2023, ""quarter"": 1, ""value"": 1966152322022.0}, {""period"": ""Q2 2023"", ""year"": 2023, ""quarter"": 2, ""value"": 1132952984181.0}, {""period"": ""Q3 2023"", ""year"": 2023, ""quarter"": 3, ""value"": 1485443542081.0}, {""period"": ""Q4 2023"", ""year"": 2023, ""quarter"": 4, ""value"": 2351244573125.0}, {""period"": ""Q1 2024"", ""year"": 2024, ""quarter"": 1, ""value"": 2285151831127.0}, {""period"": ""Q2 2024"", ""year"": 2024, ""quarter"": 2, ""value"": 2401352445302.0}, {""period"": ""Q3 2024"", ""year"": 2024, ""quarter"": 3, ""value"": 1304003680541.0}, {""period"": ""Q4 2024"", ""year"": 2024, ""quarter"": 4, ""value"": 35070029428.0}, {""period"": ""Q1 2025"", ""year"": 2025, ""quarter"": 1, ""value"": 25002605507.0}, {""period"": ""Q2 2025"", ""year"": 2025, ""quarter"": 2, ""value"": 405623680488.0}, {""period"": ""Q3 2025"", ""year"": 2025, ""quarter"": 3, ""value"": 283735650291.0}, {""period"": ""Q4 2025"", ""year"": 2025, ""quarter"": 4, ""value"": 75381990997.0}, {""period"": ""Q1 2026"", ""year"": 2026, ""quarter"": 1, ""value"": 75505231640.0}, {""period"": ""Q2 2026"", ""year"": 2026, ""quarter"": 2, ""value"": 66589110395.0}]"
VPG,1,BalanceSheet,Quarter,3010112,12. Dự phòng phải trả ngắn hạn,30101,False,4,,"[{""period"": ""Q4 2015"", ""year"": 2015, ""quarter"": 4, ""value"": 0.0}, {""period"": ""Q4 2016"", ""year"": 2016, ""quarter"": 4, ""value"": 0.0}, {""period"": ""Q2 2017"", ""year"": 2017, ""quarter"": 2, ""value"": 0.0}, {""period"": ""Q3 2017"", ""year"": 2017, ""quarter"": 3, ""value"": 0.0}, {""period"": ""Q4 2017"", ""year"": 2017, ""quarter"": 4, ""value"": 0.0}, {""period"": ""Q1 2018"", ""year"": 2018, ""quarter"": 1, ""value"": 0.0}, {""period"": ""Q2 2018"", ""year"": 2018, ""quarter"": 2, ""value"": 0.0}, {""period"": ""Q3 2018"", ""year"": 2018, ""quarter"": 3, ""value"": 0.0}, {""period"": ""Q4 2018"", ""year"": 2018, ""quarter"": 4, ""value"": 0.0}, {""period"": ""Q1 2019"", ""year"": 2019, ""quarter"": 1, ""value"": 0.0}, {""period"": ""Q2 2019"", ""year"": 2019, ""quarter"": 2, ""value"": 0.0}, {""period"": ""Q3 2019"", ""year"": 2019, ""quarter"": 3, ""value"": 0.0}, {""period"": ""Q4 2019"", ""year"": 2019, ""quarter"": 4, ""value"": 0.0}, {""period"": ""Q1 2020"", ""year"": 2020, ""quarter"": 1, ""value"": 0.0}, {""period"": ""Q2 2020"", ""year"": 2020, ""quarter"": 2, ""value"": 0.0}, {""period"": ""Q3 2020"", ""year"": 2020, ""quarter"": 3, ""value"": 0.0}, {""period"": ""Q4 2020"", ""year"": 2020, ""quarter"": 4, ""value"": 0.0}, {""period"": ""Q1 2021"", ""year"": 2021, ""quarter"": 1, ""value"": 0.0}, {""period"": ""Q2 2021"", ""year"": 2021, ""quarter"": 2, ""value"": 0.0}, {""period"": ""Q3 2021"", ""year"": 2021, ""quarter"": 3, ""value"": 0.0}, {""period"": ""Q4 2021"", ""year"": 2021, ""quarter"": 4, ""value"": 0.0}, {""period"": ""Q1 2022"", ""year"": 2022, ""quarter"": 1, ""value"": 0.0}, {""period"": ""Q2 2022"", ""year"": 2022, ""quarter"": 2, ""value"": 0.0}, {""period"": ""Q3 2022"", ""year"": 2022, ""quarter"": 3, ""value"": 0.0}, {""period"": ""Q4 2022"", ""year"": 2022, ""quarter"": 4, ""value"": 0.0}, {""period"": ""Q1 2023"", ""year"": 2023, ""quarter"": 1, ""value"": 0.0}, {""period"": ""Q2 2023"", ""year"": 2023, ""quarter"": 2, ""value"": 0.0}, {""period"": ""Q3 2023"", ""year"": 2023, ""quarter"": 3, ""value"": 0.0}, {""period"": ""Q4 2023"", ""year"": 2023, ""quarter"": 4, ""value"": 0.0}, {""period"": ""Q1 2024"", ""year"": 2024, ""quarter"": 1, ""value"": 0.0}, {""period"": ""Q2 2024"", ""year"": 2024, ""quarter"": 2, ""value"": 0.0}, {""period"": ""Q3 2024"", ""year"": 2024, ""quarter"": 3, ""value"": 0.0}, {""period"": ""Q4 2024"", ""year"": 2024, ""quarter"": 4, ""value"": 0.0}, {""period"": ""Q1 2025"", ""year"": 2025, ""quarter"": 1, ""value"": 0.0}, {""period"": ""Q2 2025"", ""year"": 2025, ""quarter"": 2, ""value"": 0.0}, {""period"": ""Q3 2025"", ""year"": 2025, ""quarter"": 3, ""value"": 0.0}, {""period"": ""Q4 2025"", ""year"": 2025, ""quarter"": 4, ""value"": 0.0}, {""period"": ""Q1 2026"", ""year"": 2026, ""quarter"": 1, ""value"": 0.0}, {""period"": ""Q2 2026"", ""year"": 2026, ""quarter"": 2, ""value"": 0.0}]"
VPG,1,BalanceSheet,Quarter,3010113,13. Quỹ khen thưởng phúc lợi,30101,False,4,,"[{""period"": ""Q4 2015"", ""year"": 2015, ""quarter"": 4, ""value"": 0.0}, {""period"": ""Q4 2016"", ""year"": 2016, ""quarter"": 4, ""value"": 0.0}, {""period"": ""Q2 2017"", ""year"": 2017, ""quarter"": 2, ""value"": 0.0}, {""period"": ""Q3 2017"", ""year"": 2017, ""quarter"": 3, ""value"": 0.0}, {""period"": ""Q4 2017"", ""year"": 2017, ""quarter"": 4, ""value"": 0.0}, {""period"": ""Q1 2018"", ""year"": 2018, ""quarter"": 1, ""value"": 0.0}, {""period"": ""Q2 2018"", ""year"": 2018, ""quarter"": 2, ""value"": 0.0}, {""period"": ""Q3 2018"", ""year"": 2018, ""quarter"": 3, ""value"": 0.0}, {""period"": ""Q4 2018"", ""year"": 2018, ""quarter"": 4, ""value"": 0.0}, {""period"": ""Q1 2019"", ""year"": 2019, ""quarter"": 1, ""value"": 0.0}, {""period"": ""Q2 2019"", ""year"": 2019, ""quarter"": 2, ""value"": 2896154980.0}, {""period"": ""Q3 2019"", ""year"": 2019, ""quarter"": 3, ""value"": 2662000480.0}, {""period"": ""Q4 2019"", ""year"": 2019, ""quarter"": 4, ""value"": 2587622980.0}, {""period"": ""Q1 2020"", ""year"": 2020, ""quarter"": 1, ""value"": 2183469980.0}, {""period"": ""Q2 2020"", ""year"": 2020, ""quarter"": 2, ""value"": 4648998149.0}, {""period"": ""Q3 2020"", ""year"": 2020, ""quarter"": 3, ""value"": 4563768149.0}, {""period"": ""Q4 2020"", ""year"": 2020, ""quarter"": 4, ""value"": 4345952849.0}, {""period"": ""Q1 2021"", ""year"": 2021, ""quarter"": 1, ""value"": 3910463229.0}, {""period"": ""Q2 2021"", ""year"": 2021, ""quarter"": 2, ""value"": 8304393229.0}, {""period"": ""Q3 2021"", ""year"": 2021, ""quarter"": 3, ""value"": 8144993229.0}, {""period"": ""Q4 2021"", ""year"": 2021, ""quarter"": 4, ""value"": 7746693229.0}, {""period"": ""Q1 2022"", ""year"": 2022, ""quarter"": 1, ""value"": 7292665229.0}, {""period"": ""Q2 2022"", ""year"": 2022, ""quarter"": 2, ""value"": 27837796229.0}, {""period"": ""Q3 2022"", ""year"": 2022, ""quarter"": 3, ""value"": 26315221109.0}, {""period"": ""Q4 2022"", ""year"": 2022, ""quarter"": 4, ""value"": 26168191109.0}, {""period"": ""Q1 2023"", ""year"": 2023, ""quarter"": 1, ""value"": 24841828102.0}, {""period"": ""Q2 2023"", ""year"": 2023, ""quarter"": 2, ""value"": 27563411174.0}, {""period"": ""Q3 2023"", ""year"": 2023, ""quarter"": 3, ""value"": 24755449174.0}, {""period"": ""Q4 2023"", ""year"": 2023, ""quarter"": 4, ""value"": 24206689174.0}, {""period"": ""Q1 2024"", ""year"": 2024, ""quarter"": 1, ""value"": 21277198734.0}, {""period"": ""Q2 2024"", ""year"": 2024, ""quarter"": 2, ""value"": 20666898734.0}, {""period"": ""Q3 2024"", ""year"": 2024, ""quarter"": 3, ""value"": 18739595664.0}, {""period"": ""Q4 2024"", ""year"": 2024, ""quarter"": 4, ""value"": 17007069744.0}, {""period"": ""Q1 2025"", ""year"": 2025, ""quarter"": 1, ""value"": 15460211544.0}, {""period"": ""Q2 2025"", ""year"": 2025, ""quarter"": 2, ""value"": 14815211544.0}, {""period"": ""Q3 2025"", ""year"": 2025, ""quarter"": 3, ""value"": 14620041544.0}, {""period"": ""Q4 2025"", ""year"": 2025, ""quarter"": 4, ""value"": 14311401544.0}, {""period"": ""Q1 2026"", ""year"": 2026, ""quarter"": 1, ""value"": 14255741544.0}, {""period"": ""Q2 2026"", ""year"": 2026, ""quarter"": 2, ""value"": 14255741544.0}]"
VPG,1,BalanceSheet,Quarter,3010114,14. Quỹ bình ổn giá,30101,False,4,,"[{""period"": ""Q4 2015"", ""year"": 2015, ""quarter"": 4, ""value"": 0.0}, {""period"": ""Q4 2016"", ""year"": 2016, ""quarter"": 4, ""value"": 0.0}, {""period"": ""Q2 2017"", ""year"": 2017, ""quarter"": 2, ""value"": 0.0}, {""period"": ""Q3 2017"", ""year"": 2017, ""quarter"": 3, ""value"": 0.0}, {""period"": ""Q4 2017"", ""year"": 2017, ""quarter"": 4, ""value"": 0.0}, {""period"": ""Q1 2018"", ""year"": 2018, ""quarter"": 1, ""value"": 0.0}, {""period"": ""Q2 2018"", ""year"": 2018, ""quarter"": 2, ""value"": 0.0}, {""period"": ""Q3 2018"", ""year"": 2018, ""quarter"": 3, ""value"": 0.0}, {""period"": ""Q4 2018"", ""year"": 2018, ""quarter"": 4, ""value"": 0.0}, {""period"": ""Q1 2019"", ""year"": 2019, ""quarter"": 1, ""value"": 0.0}, {""period"": ""Q2 2019"", ""year"": 2019, ""quarter"": 2, ""value"": 0.0}, {""period"": ""Q3 2019"", ""year"": 2019, ""quarter"": 3, ""value"": 0.0}, {""period"": ""Q4 2019"", ""year"": 2019, ""quarter"": 4, ""value"": 0.0}, {""period"": ""Q1 2020"", ""year"": 2020, ""quarter"": 1, ""value"": 0.0}, {""period"": ""Q2 2020"", ""year"": 2020, ""quarter"": 2, ""value"": 0.0}, {""period"": ""Q3 2020"", ""year"": 2020, ""quarter"": 3, ""value"": 0.0}, {""period"": ""Q4 2020"", ""year"": 2020, ""quarter"": 4, ""value"": 0.0}, {""period"": ""Q1 2021"", ""year"": 2021, ""quarter"": 1, ""value"": 0.0}, {""period"": ""Q2 2021"", ""year"": 2021, ""quarter"": 2, ""value"": 0.0}, {""period"": ""Q3 2021"", ""year"": 2021, ""quarter"": 3, ""value"": 0.0}, {""period"": ""Q4 2021"", ""year"": 2021, ""quarter"": 4, ""value"": 0.0}, {""period"": ""Q1 2022"", ""year"": 2022, ""quarter"": 1, ""value"": 0.0}, {""period"": ""Q2 2022"", ""year"": 2022, ""quarter"": 2, ""value"": 0.0}, {""period"": ""Q3 2022"", ""year"": 2022, ""quarter"": 3, ""value"": 0.0}, {""period"": ""Q4 2022"", ""year"": 2022, ""quarter"": 4, ""value"": 0.0}, {""period"": ""Q1 2023"", ""year"": 2023, ""quarter"": 1, ""value"": 0.0}, {""period"": ""Q2 2023"", ""year"": 2023, ""quarter"": 2, ""value"": 0.0}, {""period"": ""Q3 2023"", ""year"": 2023, ""quarter"": 3, ""value"": 0.0}, {""period"": ""Q4 2023"", ""year"": 2023, ""quarter"": 4, ""value"": 0.0}, {""period"": ""Q1 2024"", ""year"": 2024, ""quarter"": 1, ""value"": 0.0}, {""period"": ""Q2 2024"", ""year"": 2024, ""quarter"": 2, ""value"": 0.0}, {""period"": ""Q3 2024"", ""year"": 2024, ""quarter"": 3, ""value"": 0.0}, {""period"": ""Q4 2024"", ""year"": 2024, ""quarter"": 4, ""value"": 0.0}, {""period"": ""Q1 2025"", ""year"": 2025, ""quarter"": 1, ""value"": 0.0}, {""period"": ""Q2 2025"", ""year"": 2025, ""quarter"": 2, ""value"": 0.0}, {""period"": ""Q3 2025"", ""year"": 2025, ""quarter"": 3, ""value"": 0.0}, {""period"": ""Q4 2025"", ""year"": 2025, ""quarter"": 4, ""value"": 0.0}, {""period"": ""Q1 2026"", ""year"": 2026, ""quarter"": 1, ""value"": 0.0}, {""period"": ""Q2 2026"", ""year"": 2026, ""quarter"": 2, ""value"": 0.0}]"
VPG,1,BalanceSheet,Quarter,3010115,15. Giao dịch mua bán lại trái phiếu chính phủ,30101,False,4,,"[{""period"": ""Q4 2015"", ""year"": 2015, ""quarter"": 4, ""value"": 0.0}, {""period"": ""Q4 2016"", ""year"": 2016, ""quarter"": 4, ""value"": 0.0}, {""period"": ""Q2 2017"", ""year"": 2017, ""quarter"": 2, ""value"": 0.0}, {""period"": ""Q3 2017"", ""year"": 2017, ""quarter"": 3, ""value"": 0.0}, {""period"": ""Q4 2017"", ""year"": 2017, ""quarter"": 4, ""value"": 0.0}, {""period"": ""Q1 2018"", ""year"": 2018, ""quarter"": 1, ""value"": 0.0}, {""period"": ""Q2 2018"", ""year"": 2018, ""quarter"": 2, ""value"": 0.0}, {""period"": ""Q3 2018"", ""year"": 2018, ""quarter"": 3, ""value"": 0.0}, {""period"": ""Q4 2018"", ""year"": 2018, ""quarter"": 4, ""value"": 0.0}, {""period"": ""Q1 2019"", ""year"": 2019, ""quarter"": 1, ""value"": 0.0}, {""period"": ""Q2 2019"", ""year"": 2019, ""quarter"": 2, ""value"": 0.0}, {""period"": ""Q3 2019"", ""year"": 2019, ""quarter"": 3, ""value"": 0.0}, {""period"": ""Q4 2019"", ""year"": 2019, ""quarter"": 4, ""value"": 0.0}, {""period"": ""Q1 2020"", ""year"": 2020, ""quarter"": 1, ""value"": 0.0}, {""period"": ""Q2 2020"", ""year"": 2020, ""quarter"": 2, ""value"": 0.0}, {""period"": ""Q3 2020"", ""year"": 2020, ""quarter"": 3, ""value"": 0.0}, {""period"": ""Q4 2020"", ""year"": 2020, ""quarter"": 4, ""value"": 0.0}, {""period"": ""Q1 2021"", ""year"": 2021, ""quarter"": 1, ""value"": 0.0}, {""period"": ""Q2 2021"", ""year"": 2021, ""quarter"": 2, ""value"": 0.0}, {""period"": ""Q3 2021"", ""year"": 2021, ""quarter"": 3, ""value"": 0.0}, {""period"": ""Q4 2021"", ""year"": 2021, ""quarter"": 4, ""value"": 0.0}, {""period"": ""Q1 2022"", ""year"": 2022, ""quarter"": 1, ""value"": 0.0}, {""period"": ""Q2 2022"", ""year"": 2022, ""quarter"": 2, ""value"": 0.0}, {""period"": ""Q3 2022"", ""year"": 2022, ""quarter"": 3, ""value"": 0.0}, {""period"": ""Q4 2022"", ""year"": 2022, ""quarter"": 4, ""value"": 0.0}, {""period"": ""Q1 2023"", ""year"": 2023, ""quarter"": 1, ""value"": 0.0}, {""period"": ""Q2 2023"", ""year"": 2023, ""quarter"": 2, ""value"": 0.0}, {""period"": ""Q3 2023"", ""year"": 2023, ""quarter"": 3, ""value"": 0.0}, {""period"": ""Q4 2023"", ""year"": 2023, ""quarter"": 4, ""value"": 0.0}, {""period"": ""Q1 2024"", ""year"": 2024, ""quarter"": 1, ""value"": 0.0}, {""period"": ""Q2 2024"", ""year"": 2024, ""quarter"": 2, ""value"": 0.0}, {""period"": ""Q3 2024"", ""year"": 2024, ""quarter"": 3, ""value"": 0.0}, {""period"": ""Q4 2024"", ""year"": 2024, ""quarter"": 4, ""value"": 0.0}, {""period"": ""Q1 2025"", ""year"": 2025, ""quarter"": 1, ""value"": 0.0}, {""period"": ""Q2 2025"", ""year"": 2025, ""quarter"": 2, ""value"": 0.0}, {""period"": ""Q3 2025"", ""year"": 2025, ""quarter"": 3, ""value"": 0.0}, {""period"": ""Q4 2025"", ""year"": 2025, ""quarter"": 4, ""value"": 0.0}, {""period"": ""Q1 2026"", ""year"": 2026, ""quarter"": 1, ""value"": 0.0}, {""period"": ""Q2 2026"", ""year"": 2026, ""quarter"": 2, ""value"": 0.0}]"
VPG,1,BalanceSheet,Quarter,30102,II. Nợ dài hạn,301,False,3,,"[{""period"": ""Q4 2015"", ""year"": 2015, ""quarter"": 4, ""value"": 240000000.0}, {""period"": ""Q4 2016"", ""year"": 2016, ""quarter"": 4, ""value"": 3080800000.0}, {""period"": ""Q2 2017"", ""year"": 2017, ""quarter"": 2, ""value"": 3950100000.0}, {""period"": ""Q3 2017"", ""year"": 2017, ""quarter"": 3, ""value"": 3623150000.0}, {""period"": ""Q4 2017"", ""year"": 2017, ""quarter"": 4, ""value"": 3296200000.0}, {""period"": ""Q1 2018"", ""year"": 2018, ""quarter"": 1, ""value"": 2834850000.0}, {""period"": ""Q2 2018"", ""year"": 2018, ""quarter"": 2, ""value"": 2642300000.0}, {""period"": ""Q3 2018"", ""year"": 2018, ""quarter"": 3, ""value"": 2360150000.0}, {""period"": ""Q4 2018"", ""year"": 2018, ""quarter"": 4, ""value"": 2078000000.0}, {""period"": ""Q1 2019"", ""year"": 2019, ""quarter"": 1, ""value"": 39620355964.0}, {""period"": ""Q2 2019"", ""year"": 2019, ""quarter"": 2, ""value"": 72719301100.0}, {""period"": ""Q3 2019"", ""year"": 2019, ""quarter"": 3, ""value"": 72437151100.0}, {""period"": ""Q4 2019"", ""year"": 2019, ""quarter"": 4, ""value"": 72155001100.0}, {""period"": ""Q1 2020"", ""year"": 2020, ""quarter"": 1, ""value"": 71872851100.0}, {""period"": ""Q2 2020"", ""year"": 2020, ""quarter"": 2, ""value"": 385100000.0}, {""period"": ""Q3 2020"", ""year"": 2020, ""quarter"": 3, ""value"": 192550000.0}, {""period"": ""Q4 2020"", ""year"": 2020, ""quarter"": 4, ""value"": 0.0}, {""period"": ""Q1 2021"", ""year"": 2021, ""quarter"": 1, ""value"": 0.0}, {""period"": ""Q2 2021"", ""year"": 2021, ""quarter"": 2, ""value"": 0.0}, {""period"": ""Q3 2021"", ""year"": 2021, ""quarter"": 3, ""value"": 0.0}, {""period"": ""Q4 2021"", ""year"": 2021, ""quarter"": 4, ""value"": 0.0}, {""period"": ""Q1 2022"", ""year"": 2022, ""quarter"": 1, ""value"": 0.0}, {""period"": ""Q2 2022"", ""year"": 2022, ""quarter"": 2, ""value"": 230000000000.0}, {""period"": ""Q3 2022"", ""year"": 2022, ""quarter"": 3, ""value"": 226166000000.0}, {""period"": ""Q4 2022"", ""year"": 2022, ""quarter"": 4, ""value"": 456841792213.0}, {""period"": ""Q1 2023"", ""year"": 2023, ""quarter"": 1, ""value"": 450157856558.0}, {""period"": ""Q2 2023"", ""year"": 2023, ""quarter"": 2, ""value"": 454310143761.0}, {""period"": ""Q3 2023"", ""year"": 2023, ""quarter"": 3, ""value"": 456124471809.0}, {""period"": ""Q4 2023"", ""year"": 2023, ""quarter"": 4, ""value"": 483176427567.0}, {""period"": ""Q1 2024"", ""year"": 2024, ""quarter"": 1, ""value"": 392124425840.0}, {""period"": ""Q2 2024"", ""year"": 2024, ""quarter"": 2, ""value"": 283982000000.0}, {""period"": ""Q3 2024"", ""year"": 2024, ""quarter"": 3, ""value"": 227393657095.0}, {""period"": ""Q4 2024"", ""year"": 2024, ""quarter"": 4, ""value"": 186554000000.0}, {""period"": ""Q1 2025"", ""year"": 2025, ""quarter"": 1, ""value"": 180740000000.0}, {""period"": ""Q2 2025"", ""year"": 2025, ""quarter"": 2, ""value"": 174926000000.0}, {""period"": ""Q3 2025"", ""year"": 2025, ""quarter"": 3, ""value"": 169592140800.0}, {""period"": ""Q4 2025"", ""year"": 2025, ""quarter"": 4, ""value"": 160988000000.0}, {""period"": ""Q1 2026"", ""year"": 2026, ""quarter"": 1, ""value"": 315000000.0}, {""period"": ""Q2 2026"", ""year"": 2026, ""quarter"": 2, ""value"": 315000000.0}]"
VPG,1,BalanceSheet,Quarter,3010201,1. Phải trả người bán dài hạn,30102,False,4,,"[{""period"": ""Q4 2015"", ""year"": 2015, ""quarter"": 4, ""value"": 0.0}, {""period"": ""Q4 2016"", ""year"": 2016, ""quarter"": 4, ""value"": 0.0}, {""period"": ""Q2 2017"", ""year"": 2017, ""quarter"": 2, ""value"": 0.0}, {""period"": ""Q3 2017"", ""year"": 2017, ""quarter"": 3, ""value"": 0.0}, {""period"": ""Q4 2017"", ""year"": 2017, ""quarter"": 4, ""value"": 0.0}, {""period"": ""Q1 2018"", ""year"": 2018, ""quarter"": 1, ""value"": 0.0}, {""period"": ""Q2 2018"", ""year"": 2018, ""quarter"": 2, ""value"": 0.0}, {""period"": ""Q3 2018"", ""year"": 2018, ""quarter"": 3, ""value"": 0.0}, {""period"": ""Q4 2018"", ""year"": 2018, ""quarter"": 4, ""value"": 0.0}, {""period"": ""Q1 2019"", ""year"": 2019, ""quarter"": 1, ""value"": 0.0}, {""period"": ""Q2 2019"", ""year"": 2019, ""quarter"": 2, ""value"": 0.0}, {""period"": ""Q3 2019"", ""year"": 2019, ""quarter"": 3, ""value"": 0.0}, {""period"": ""Q4 2019"", ""year"": 2019, ""quarter"": 4, ""value"": 0.0}, {""period"": ""Q1 2020"", ""year"": 2020, ""quarter"": 1, ""value"": 0.0}, {""period"": ""Q2 2020"", ""year"": 2020, ""quarter"": 2, ""value"": 0.0}, {""period"": ""Q3 2020"", ""year"": 2020, ""quarter"": 3, ""value"": 0.0}, {""period"": ""Q4 2020"", ""year"": 2020, ""quarter"": 4, ""value"": 0.0}, {""period"": ""Q1 2021"", ""year"": 2021, ""quarter"": 1, ""value"": 0.0}, {""period"": ""Q2 2021"", ""year"": 2021, ""quarter"": 2, ""value"": 0.0}, {""period"": ""Q3 2021"", ""year"": 2021, ""quarter"": 3, ""value"": 0.0}, {""period"": ""Q4 2021"", ""year"": 2021, ""quarter"": 4, ""value"": 0.0}, {""period"": ""Q1 2022"", ""year"": 2022, ""quarter"": 1, ""value"": 0.0}, {""period"": ""Q2 2022"", ""year"": 2022, ""quarter"": 2, ""value"": 0.0}, {""period"": ""Q3 2022"", ""year"": 2022, ""quarter"": 3, ""value"": 0.0}, {""period"": ""Q4 2022"", ""year"": 2022, ""quarter"": 4, ""value"": 0.0}, {""period"": ""Q1 2023"", ""year"": 2023, ""quarter"": 1, ""value"": 0.0}, {""period"": ""Q2 2023"", ""year"": 2023, ""quarter"": 2, ""value"": 0.0}, {""period"": ""Q3 2023"", ""year"": 2023, ""quarter"": 3, ""value"": 0.0}, {""period"": ""Q4 2023"", ""year"": 2023, ""quarter"": 4, ""value"": 0.0}, {""period"": ""Q1 2024"", ""year"": 2024, ""quarter"": 1, ""value"": 0.0}, {""period"": ""Q2 2024"", ""year"": 2024, ""quarter"": 2, ""value"": 0.0}, {""period"": ""Q3 2024"", ""year"": 2024, ""quarter"": 3, ""value"": 0.0}, {""period"": ""Q4 2024"", ""year"": 2024, ""quarter"": 4, ""value"": 0.0}, {""period"": ""Q1 2025"", ""year"": 2025, ""quarter"": 1, ""value"": 0.0}, {""period"": ""Q2 2025"", ""year"": 2025, ""quarter"": 2, ""value"": 0.0}, {""period"": ""Q3 2025"", ""year"": 2025, ""quarter"": 3, ""value"": 0.0}, {""period"": ""Q4 2025"", ""year"": 2025, ""quarter"": 4, ""value"": 0.0}, {""period"": ""Q1 2026"", ""year"": 2026, ""quarter"": 1, ""value"": 0.0}, {""period"": ""Q2 2026"", ""year"": 2026, ""quarter"": 2, ""value"": 0.0}]"
VPG,1,BalanceSheet,Quarter,3010202,2. Chi phí phải trả dài hạn,30102,False,4,,"[{""period"": ""Q4 2015"", ""year"": 2015, ""quarter"": 4, ""value"": 0.0}, {""period"": ""Q4 2016"", ""year"": 2016, ""quarter"": 4, ""value"": 0.0}, {""period"": ""Q2 2017"", ""year"": 2017, ""quarter"": 2, ""value"": 0.0}, {""period"": ""Q3 2017"", ""year"": 2017, ""quarter"": 3, ""value"": 0.0}, {""period"": ""Q4 2017"", ""year"": 2017, ""quarter"": 4, ""value"": 0.0}, {""period"": ""Q1 2018"", ""year"": 2018, ""quarter"": 1, ""value"": 0.0}, {""period"": ""Q2 2018"", ""year"": 2018, ""quarter"": 2, ""value"": 0.0}, {""period"": ""Q3 2018"", ""year"": 2018, ""quarter"": 3, ""value"": 0.0}, {""period"": ""Q4 2018"", ""year"": 2018, ""quarter"": 4, ""value"": 0.0}, {""period"": ""Q1 2019"", ""year"": 2019, ""quarter"": 1, ""value"": 0.0}, {""period"": ""Q2 2019"", ""year"": 2019, ""quarter"": 2, ""value"": 0.0}, {""period"": ""Q3 2019"", ""year"": 2019, ""quarter"": 3, ""value"": 0.0}, {""period"": ""Q4 2019"", ""year"": 2019, ""quarter"": 4, ""value"": 0.0}, {""period"": ""Q1 2020"", ""year"": 2020, ""quarter"": 1, ""value"": 0.0}, {""period"": ""Q2 2020"", ""year"": 2020, ""quarter"": 2, ""value"": 0.0}, {""period"": ""Q3 2020"", ""year"": 2020, ""quarter"": 3, ""value"": 0.0}, {""period"": ""Q4 2020"", ""year"": 2020, ""quarter"": 4, ""value"": 0.0}, {""period"": ""Q1 2021"", ""year"": 2021, ""quarter"": 1, ""value"": 0.0}, {""period"": ""Q2 2021"", ""year"": 2021, ""quarter"": 2, ""value"": 0.0}, {""period"": ""Q3 2021"", ""year"": 2021, ""quarter"": 3, ""value"": 0.0}, {""period"": ""Q4 2021"", ""year"": 2021, ""quarter"": 4, ""value"": 0.0}, {""period"": ""Q1 2022"", ""year"": 2022, ""quarter"": 1, ""value"": 0.0}, {""period"": ""Q2 2022"", ""year"": 2022, ""quarter"": 2, ""value"": 0.0}, {""period"": ""Q3 2022"", ""year"": 2022, ""quarter"": 3, ""value"": 0.0}, {""period"": ""Q4 2022"", ""year"": 2022, ""quarter"": 4, ""value"": 0.0}, {""period"": ""Q1 2023"", ""year"": 2023, ""quarter"": 1, ""value"": 0.0}, {""period"": ""Q2 2023"", ""year"": 2023, ""quarter"": 2, ""value"": 0.0}, {""period"": ""Q3 2023"", ""year"": 2023, ""quarter"": 3, ""value"": 0.0}, {""period"": ""Q4 2023"", ""year"": 2023, ""quarter"": 4, ""value"": 0.0}, {""period"": ""Q1 2024"", ""year"": 2024, ""quarter"": 1, ""value"": 0.0}, {""period"": ""Q2 2024"", ""year"": 2024, ""quarter"": 2, ""value"": 0.0}, {""period"": ""Q3 2024"", ""year"": 2024, ""quarter"": 3, ""value"": 0.0}, {""period"": ""Q4 2024"", ""year"": 2024, ""quarter"": 4, ""value"": 0.0}, {""period"": ""Q1 2025"", ""year"": 2025, ""quarter"": 1, ""value"": 0.0}, {""period"": ""Q2 2025"", ""year"": 2025, ""quarter"": 2, ""value"": 0.0}, {""period"": ""Q3 2025"", ""year"": 2025, ""quarter"": 3, ""value"": 0.0}, {""period"": ""Q4 2025"", ""year"": 2025, ""quarter"": 4, ""value"": 0.0}, {""period"": ""Q1 2026"", ""year"": 2026, ""quarter"": 1, ""value"": 0.0}, {""period"": ""Q2 2026"", ""year"": 2026, ""quarter"": 2, ""value"": 0.0}]"
VPG,1,BalanceSheet,Quarter,3010203,3. Phải trả nội bộ về vốn kinh doanh,30102,False,4,,"[{""period"": ""Q4 2015"", ""year"": 2015, ""quarter"": 4, ""value"": 0.0}, {""period"": ""Q4 2016"", ""year"": 2016, ""quarter"": 4, ""value"": 0.0}, {""period"": ""Q2 2017"", ""year"": 2017, ""quarter"": 2, ""value"": 0.0}, {""period"": ""Q3 2017"", ""year"": 2017, ""quarter"": 3, ""value"": 0.0}, {""period"": ""Q4 2017"", ""year"": 2017, ""quarter"": 4, ""value"": 0.0}, {""period"": ""Q1 2018"", ""year"": 2018, ""quarter"": 1, ""value"": 0.0}, {""period"": ""Q2 2018"", ""year"": 2018, ""quarter"": 2, ""value"": 0.0}, {""period"": ""Q3 2018"", ""year"": 2018, ""quarter"": 3, ""value"": 0.0}, {""period"": ""Q4 2018"", ""year"": 2018, ""quarter"": 4, ""value"": 0.0}, {""period"": ""Q1 2019"", ""year"": 2019, ""quarter"": 1, ""value"": 0.0}, {""period"": ""Q2 2019"", ""year"": 2019, ""quarter"": 2, ""value"": 0.0}, {""period"": ""Q3 2019"", ""year"": 2019, ""quarter"": 3, ""value"": 0.0}, {""period"": ""Q4 2019"", ""year"": 2019, ""quarter"": 4, ""value"": 0.0}, {""period"": ""Q1 2020"", ""year"": 2020, ""quarter"": 1, ""value"": 0.0}, {""period"": ""Q2 2020"", ""year"": 2020, ""quarter"": 2, ""value"": 0.0}, {""period"": ""Q3 2020"", ""year"": 2020, ""quarter"": 3, ""value"": 0.0}, {""period"": ""Q4 2020"", ""year"": 2020, ""quarter"": 4, ""value"": 0.0}, {""period"": ""Q1 2021"", ""year"": 2021, ""quarter"": 1, ""value"": 0.0}, {""period"": ""Q2 2021"", ""year"": 2021, ""quarter"": 2, ""value"": 0.0}, {""period"": ""Q3 2021"", ""year"": 2021, ""quarter"": 3, ""value"": 0.0}, {""period"": ""Q4 2021"", ""year"": 2021, ""quarter"": 4, ""value"": 0.0}, {""period"": ""Q1 2022"", ""year"": 2022, ""quarter"": 1, ""value"": 0.0}, {""period"": ""Q2 2022"", ""year"": 2022, ""quarter"": 2, ""value"": 0.0}, {""period"": ""Q3 2022"", ""year"": 2022, ""quarter"": 3, ""value"": 0.0}, {""period"": ""Q4 2022"", ""year"": 2022, ""quarter"": 4, ""value"": 0.0}, {""period"": ""Q1 2023"", ""year"": 2023, ""quarter"": 1, ""value"": 0.0}, {""period"": ""Q2 2023"", ""year"": 2023, ""quarter"": 2, ""value"": 0.0}, {""period"": ""Q3 2023"", ""year"": 2023, ""quarter"": 3, ""value"": 0.0}, {""period"": ""Q4 2023"", ""year"": 2023, ""quarter"": 4, ""value"": 0.0}, {""period"": ""Q1 2024"", ""year"": 2024, ""quarter"": 1, ""value"": 0.0}, {""period"": ""Q2 2024"", ""year"": 2024, ""quarter"": 2, ""value"": 0.0}, {""period"": ""Q3 2024"", ""year"": 2024, ""quarter"": 3, ""value"": 0.0}, {""period"": ""Q4 2024"", ""year"": 2024, ""quarter"": 4, ""value"": 0.0}, {""period"": ""Q1 2025"", ""year"": 2025, ""quarter"": 1, ""value"": 0.0}, {""period"": ""Q2 2025"", ""year"": 2025, ""quarter"": 2, ""value"": 0.0}, {""period"": ""Q3 2025"", ""year"": 2025, ""quarter"": 3, ""value"": 0.0}, {""period"": ""Q4 2025"", ""year"": 2025, ""quarter"": 4, ""value"": 0.0}, {""period"": ""Q1 2026"", ""year"": 2026, ""quarter"": 1, ""value"": 0.0}, {""period"": ""Q2 2026"", ""year"": 2026, ""quarter"": 2, ""value"": 0.0}]"
VPG,1,BalanceSheet,Quarter,3010204,4. Phải trả nội bộ dài hạn,30102,False,4,,"[{""period"": ""Q4 2015"", ""year"": 2015, ""quarter"": 4, ""value"": 0.0}, {""period"": ""Q4 2016"", ""year"": 2016, ""quarter"": 4, ""value"": 0.0}, {""period"": ""Q2 2017"", ""year"": 2017, ""quarter"": 2, ""value"": 0.0}, {""period"": ""Q3 2017"", ""year"": 2017, ""quarter"": 3, ""value"": 0.0}, {""period"": ""Q4 2017"", ""year"": 2017, ""quarter"": 4, ""value"": 0.0}, {""period"": ""Q1 2018"", ""year"": 2018, ""quarter"": 1, ""value"": 0.0}, {""period"": ""Q2 2018"", ""year"": 2018, ""quarter"": 2, ""value"": 0.0}, {""period"": ""Q3 2018"", ""year"": 2018, ""quarter"": 3, ""value"": 0.0}, {""period"": ""Q4 2018"", ""year"": 2018, ""quarter"": 4, ""value"": 0.0}, {""period"": ""Q1 2019"", ""year"": 2019, ""quarter"": 1, ""value"": 0.0}, {""period"": ""Q2 2019"", ""year"": 2019, ""quarter"": 2, ""value"": 0.0}, {""period"": ""Q3 2019"", ""year"": 2019, ""quarter"": 3, ""value"": 0.0}, {""period"": ""Q4 2019"", ""year"": 2019, ""quarter"": 4, ""value"": 0.0}, {""period"": ""Q1 2020"", ""year"": 2020, ""quarter"": 1, ""value"": 0.0}, {""period"": ""Q2 2020"", ""year"": 2020, ""quarter"": 2, ""value"": 0.0}, {""period"": ""Q3 2020"", ""year"": 2020, ""quarter"": 3, ""value"": 0.0}, {""period"": ""Q4 2020"", ""year"": 2020, ""quarter"": 4, ""value"": 0.0}, {""period"": ""Q1 2021"", ""year"": 2021, ""quarter"": 1, ""value"": 0.0}, {""period"": ""Q2 2021"", ""year"": 2021, ""quarter"": 2, ""value"": 0.0}, {""period"": ""Q3 2021"", ""year"": 2021, ""quarter"": 3, ""value"": 0.0}, {""period"": ""Q4 2021"", ""year"": 2021, ""quarter"": 4, ""value"": 0.0}, {""period"": ""Q1 2022"", ""year"": 2022, ""quarter"": 1, ""value"": 0.0}, {""period"": ""Q2 2022"", ""year"": 2022, ""quarter"": 2, ""value"": 0.0}, {""period"": ""Q3 2022"", ""year"": 2022, ""quarter"": 3, ""value"": 0.0}, {""period"": ""Q4 2022"", ""year"": 2022, ""quarter"": 4, ""value"": 0.0}, {""period"": ""Q1 2023"", ""year"": 2023, ""quarter"": 1, ""value"": 0.0}, {""period"": ""Q2 2023"", ""year"": 2023, ""quarter"": 2, ""value"": 0.0}, {""period"": ""Q3 2023"", ""year"": 2023, ""quarter"": 3, ""value"": 0.0}, {""period"": ""Q4 2023"", ""year"": 2023, ""quarter"": 4, ""value"": 0.0}, {""period"": ""Q1 2024"", ""year"": 2024, ""quarter"": 1, ""value"": 0.0}, {""period"": ""Q2 2024"", ""year"": 2024, ""quarter"": 2, ""value"": 0.0}, {""period"": ""Q3 2024"", ""year"": 2024, ""quarter"": 3, ""value"": 0.0}, {""period"": ""Q4 2024"", ""year"": 2024, ""quarter"": 4, ""value"": 0.0}, {""period"": ""Q1 2025"", ""year"": 2025, ""quarter"": 1, ""value"": 0.0}, {""period"": ""Q2 2025"", ""year"": 2025, ""quarter"": 2, ""value"": 0.0}, {""period"": ""Q3 2025"", ""year"": 2025, ""quarter"": 3, ""value"": 0.0}, {""period"": ""Q4 2025"", ""year"": 2025, ""quarter"": 4, ""value"": 0.0}, {""period"": ""Q1 2026"", ""year"": 2026, ""quarter"": 1, ""value"": 0.0}, {""period"": ""Q2 2026"", ""year"": 2026, ""quarter"": 2, ""value"": 0.0}]"
VPG,1,BalanceSheet,Quarter,3010205,5. Phải trả dài hạn khác,30102,False,4,,"[{""period"": ""Q4 2015"", ""year"": 2015, ""quarter"": 4, ""value"": 0.0}, {""period"": ""Q4 2016"", ""year"": 2016, ""quarter"": 4, ""value"": 0.0}, {""period"": ""Q2 2017"", ""year"": 2017, ""quarter"": 2, ""value"": 0.0}, {""period"": ""Q3 2017"", ""year"": 2017, ""quarter"": 3, ""value"": 0.0}, {""period"": ""Q4 2017"", ""year"": 2017, ""quarter"": 4, ""value"": 0.0}, {""period"": ""Q1 2018"", ""year"": 2018, ""quarter"": 1, ""value"": 0.0}, {""period"": ""Q2 2018"", ""year"": 2018, ""quarter"": 2, ""value"": 0.0}, {""period"": ""Q3 2018"", ""year"": 2018, ""quarter"": 3, ""value"": 0.0}, {""period"": ""Q4 2018"", ""year"": 2018, ""quarter"": 4, ""value"": 0.0}, {""period"": ""Q1 2019"", ""year"": 2019, ""quarter"": 1, ""value"": 0.0}, {""period"": ""Q2 2019"", ""year"": 2019, ""quarter"": 2, ""value"": 72719301100.0}, {""period"": ""Q3 2019"", ""year"": 2019, ""quarter"": 3, ""value"": 0.0}, {""period"": ""Q4 2019"", ""year"": 2019, ""quarter"": 4, ""value"": 0.0}, {""period"": ""Q1 2020"", ""year"": 2020, ""quarter"": 1, ""value"": 0.0}, {""period"": ""Q2 2020"", ""year"": 2020, ""quarter"": 2, ""value"": 0.0}, {""period"": ""Q3 2020"", ""year"": 2020, ""quarter"": 3, ""value"": 0.0}, {""period"": ""Q4 2020"", ""year"": 2020, ""quarter"": 4, ""value"": 0.0}, {""period"": ""Q1 2021"", ""year"": 2021, ""quarter"": 1, ""value"": 0.0}, {""period"": ""Q2 2021"", ""year"": 2021, ""quarter"": 2, ""value"": 0.0}, {""period"": ""Q3 2021"", ""year"": 2021, ""quarter"": 3, ""value"": 0.0}, {""period"": ""Q4 2021"", ""year"": 2021, ""quarter"": 4, ""value"": 0.0}, {""period"": ""Q1 2022"", ""year"": 2022, ""quarter"": 1, ""value"": 0.0}, {""period"": ""Q2 2022"", ""year"": 2022, ""quarter"": 2, ""value"": 0.0}, {""period"": ""Q3 2022"", ""year"": 2022, ""quarter"": 3, ""value"": 0.0}, {""period"": ""Q4 2022"", ""year"": 2022, ""quarter"": 4, ""value"": 0.0}, {""period"": ""Q1 2023"", ""year"": 2023, ""quarter"": 1, ""value"": 0.0}, {""period"": ""Q2 2023"", ""year"": 2023, ""quarter"": 2, ""value"": 0.0}, {""period"": ""Q3 2023"", ""year"": 2023, ""quarter"": 3, ""value"": 0.0}, {""period"": ""Q4 2023"", ""year"": 2023, ""quarter"": 4, ""value"": 0.0}, {""period"": ""Q1 2024"", ""year"": 2024, ""quarter"": 1, ""value"": 0.0}, {""period"": ""Q2 2024"", ""year"": 2024, ""quarter"": 2, ""value"": 0.0}, {""period"": ""Q3 2024"", ""year"": 2024, ""quarter"": 3, ""value"": 0.0}, {""period"": ""Q4 2024"", ""year"": 2024, ""quarter"": 4, ""value"": 0.0}, {""period"": ""Q1 2025"", ""year"": 2025, ""quarter"": 1, ""value"": 0.0}, {""period"": ""Q2 2025"", ""year"": 2025, ""quarter"": 2, ""value"": 0.0}, {""period"": ""Q3 2025"", ""year"": 2025, ""quarter"": 3, ""value"": 126860800.0}, {""period"": ""Q4 2025"", ""year"": 2025, ""quarter"": 4, ""value"": 0.0}, {""period"": ""Q1 2026"", ""year"": 2026, ""quarter"": 1, ""value"": 315000000.0}, {""period"": ""Q2 2026"", ""year"": 2026, ""quarter"": 2, ""value"": 315000000.0}]"
VPG,1,BalanceSheet,Quarter,3010206,6. Vay và nợ thuê tài chính dài hạn,30102,False,4,,"[{""period"": ""Q4 2015"", ""year"": 2015, ""quarter"": 4, ""value"": 240000000.0}, {""period"": ""Q4 2016"", ""year"": 2016, ""quarter"": 4, ""value"": 3080800000.0}, {""period"": ""Q2 2017"", ""year"": 2017, ""quarter"": 2, ""value"": 3950100000.0}, {""period"": ""Q3 2017"", ""year"": 2017, ""quarter"": 3, ""value"": 3623150000.0}, {""period"": ""Q4 2017"", ""year"": 2017, ""quarter"": 4, ""value"": 3296200000.0}, {""period"": ""Q1 2018"", ""year"": 2018, ""quarter"": 1, ""value"": 2834850000.0}, {""period"": ""Q2 2018"", ""year"": 2018, ""quarter"": 2, ""value"": 2642300000.0}, {""period"": ""Q3 2018"", ""year"": 2018, ""quarter"": 3, ""value"": 2360150000.0}, {""period"": ""Q4 2018"", ""year"": 2018, ""quarter"": 4, ""value"": 2078000000.0}, {""period"": ""Q1 2019"", ""year"": 2019, ""quarter"": 1, ""value"": 39620355964.0}, {""period"": ""Q2 2019"", ""year"": 2019, ""quarter"": 2, ""value"": 0.0}, {""period"": ""Q3 2019"", ""year"": 2019, ""quarter"": 3, ""value"": 72437151100.0}, {""period"": ""Q4 2019"", ""year"": 2019, ""quarter"": 4, ""value"": 72155001100.0}, {""period"": ""Q1 2020"", ""year"": 2020, ""quarter"": 1, ""value"": 71872851100.0}, {""period"": ""Q2 2020"", ""year"": 2020, ""quarter"": 2, ""value"": 385100000.0}, {""period"": ""Q3 2020"", ""year"": 2020, ""quarter"": 3, ""value"": 192550000.0}, {""period"": ""Q4 2020"", ""year"": 2020, ""quarter"": 4, ""value"": 0.0}, {""period"": ""Q1 2021"", ""year"": 2021, ""quarter"": 1, ""value"": 0.0}, {""period"": ""Q2 2021"", ""year"": 2021, ""quarter"": 2, ""value"": 0.0}, {""period"": ""Q3 2021"", ""year"": 2021, ""quarter"": 3, ""value"": 0.0}, {""period"": ""Q4 2021"", ""year"": 2021, ""quarter"": 4, ""value"": 0.0}, {""period"": ""Q1 2022"", ""year"": 2022, ""quarter"": 1, ""value"": 0.0}, {""period"": ""Q2 2022"", ""year"": 2022, ""quarter"": 2, ""value"": 230000000000.0}, {""period"": ""Q3 2022"", ""year"": 2022, ""quarter"": 3, ""value"": 226166000000.0}, {""period"": ""Q4 2022"", ""year"": 2022, ""quarter"": 4, ""value"": 456841792213.0}, {""period"": ""Q1 2023"", ""year"": 2023, ""quarter"": 1, ""value"": 450157856558.0}, {""period"": ""Q2 2023"", ""year"": 2023, ""quarter"": 2, ""value"": 454310143761.0}, {""period"": ""Q3 2023"", ""year"": 2023, ""quarter"": 3, ""value"": 456124471809.0}, {""period"": ""Q4 2023"", ""year"": 2023, ""quarter"": 4, ""value"": 483176427567.0}, {""period"": ""Q1 2024"", ""year"": 2024, ""quarter"": 1, ""value"": 376284425840.0}, {""period"": ""Q2 2024"", ""year"": 2024, ""quarter"": 2, ""value"": 269792000000.0}, {""period"": ""Q3 2024"", ""year"": 2024, ""quarter"": 3, ""value"": 215183657095.0}, {""period"": ""Q4 2024"", ""year"": 2024, ""quarter"": 4, ""value"": 176324000000.0}, {""period"": ""Q1 2025"", ""year"": 2025, ""quarter"": 1, ""value"": 172490000000.0}, {""period"": ""Q2 2025"", ""year"": 2025, ""quarter"": 2, ""value"": 168656000000.0}, {""period"": ""Q3 2025"", ""year"": 2025, ""quarter"": 3, ""value"": 164822000000.0}, {""period"": ""Q4 2025"", ""year"": 2025, ""quarter"": 4, ""value"": 160988000000.0}, {""period"": ""Q1 2026"", ""year"": 2026, ""quarter"": 1, ""value"": 0.0}, {""period"": ""Q2 2026"", ""year"": 2026, ""quarter"": 2, ""value"": 0.0}]"
VPG,1,BalanceSheet,Quarter,3010207,7. Trái phiếu chuyển đổi,30102,False,4,,"[{""period"": ""Q4 2015"", ""year"": 2015, ""quarter"": 4, ""value"": 0.0}, {""period"": ""Q4 2016"", ""year"": 2016, ""quarter"": 4, ""value"": 0.0}, {""period"": ""Q2 2017"", ""year"": 2017, ""quarter"": 2, ""value"": 0.0}, {""period"": ""Q3 2017"", ""year"": 2017, ""quarter"": 3, ""value"": 0.0}, {""period"": ""Q4 2017"", ""year"": 2017, ""quarter"": 4, ""value"": 0.0}, {""period"": ""Q1 2018"", ""year"": 2018, ""quarter"": 1, ""value"": 0.0}, {""period"": ""Q2 2018"", ""year"": 2018, ""quarter"": 2, ""value"": 0.0}, {""period"": ""Q3 2018"", ""year"": 2018, ""quarter"": 3, ""value"": 0.0}, {""period"": ""Q4 2018"", ""year"": 2018, ""quarter"": 4, ""value"": 0.0}, {""period"": ""Q1 2019"", ""year"": 2019, ""quarter"": 1, ""value"": 0.0}, {""period"": ""Q2 2019"", ""year"": 2019, ""quarter"": 2, ""value"": 0.0}, {""period"": ""Q3 2019"", ""year"": 2019, ""quarter"": 3, ""value"": 0.0}, {""period"": ""Q4 2019"", ""year"": 2019, ""quarter"": 4, ""value"": 0.0}, {""period"": ""Q1 2020"", ""year"": 2020, ""quarter"": 1, ""value"": 0.0}, {""period"": ""Q2 2020"", ""year"": 2020, ""quarter"": 2, ""value"": 0.0}, {""period"": ""Q3 2020"", ""year"": 2020, ""quarter"": 3, ""value"": 0.0}, {""period"": ""Q4 2020"", ""year"": 2020, ""quarter"": 4, ""value"": 0.0}, {""period"": ""Q1 2021"", ""year"": 2021, ""quarter"": 1, ""value"": 0.0}, {""period"": ""Q2 2021"", ""year"": 2021, ""quarter"": 2, ""value"": 0.0}, {""period"": ""Q3 2021"", ""year"": 2021, ""quarter"": 3, ""value"": 0.0}, {""period"": ""Q4 2021"", ""year"": 2021, ""quarter"": 4, ""value"": 0.0}, {""period"": ""Q1 2022"", ""year"": 2022, ""quarter"": 1, ""value"": 0.0}, {""period"": ""Q2 2022"", ""year"": 2022, ""quarter"": 2, ""value"": 0.0}, {""period"": ""Q3 2022"", ""year"": 2022, ""quarter"": 3, ""value"": 0.0}, {""period"": ""Q4 2022"", ""year"": 2022, ""quarter"": 4, ""value"": 0.0}, {""period"": ""Q1 2023"", ""year"": 2023, ""quarter"": 1, ""value"": 0.0}, {""period"": ""Q2 2023"", ""year"": 2023, ""quarter"": 2, ""value"": 0.0}, {""period"": ""Q3 2023"", ""year"": 2023, ""quarter"": 3, ""value"": 0.0}, {""period"": ""Q4 2023"", ""year"": 2023, ""quarter"": 4, ""value"": 0.0}, {""period"": ""Q1 2024"", ""year"": 2024, ""quarter"": 1, ""value"": 0.0}, {""period"": ""Q2 2024"", ""year"": 2024, ""quarter"": 2, ""value"": 0.0}, {""period"": ""Q3 2024"", ""year"": 2024, ""quarter"": 3, ""value"": 0.0}, {""period"": ""Q4 2024"", ""year"": 2024, ""quarter"": 4, ""value"": 0.0}, {""period"": ""Q1 2025"", ""year"": 2025, ""quarter"": 1, ""value"": 0.0}, {""period"": ""Q2 2025"", ""year"": 2025, ""quarter"": 2, ""value"": 0.0}, {""period"": ""Q3 2025"", ""year"": 2025, ""quarter"": 3, ""value"": 0.0}, {""period"": ""Q4 2025"", ""year"": 2025, ""quarter"": 4, ""value"": 0.0}, {""period"": ""Q1 2026"", ""year"": 2026, ""quarter"": 1, ""value"": 0.0}, {""period"": ""Q2 2026"", ""year"": 2026, ""quarter"": 2, ""value"": 0.0}]"
VPG,1,BalanceSheet,Quarter,3010208,8. Thuế thu nhập hoãn lại phải trả,30102,False,4,,"[{""period"": ""Q4 2015"", ""year"": 2015, ""quarter"": 4, ""value"": 0.0}, {""period"": ""Q4 2016"", ""year"": 2016, ""quarter"": 4, ""value"": 0.0}, {""period"": ""Q2 2017"", ""year"": 2017, ""quarter"": 2, ""value"": 0.0}, {""period"": ""Q3 2017"", ""year"": 2017, ""quarter"": 3, ""value"": 0.0}, {""period"": ""Q4 2017"", ""year"": 2017, ""quarter"": 4, ""value"": 0.0}, {""period"": ""Q1 2018"", ""year"": 2018, ""quarter"": 1, ""value"": 0.0}, {""period"": ""Q2 2018"", ""year"": 2018, ""quarter"": 2, ""value"": 0.0}, {""period"": ""Q3 2018"", ""year"": 2018, ""quarter"": 3, ""value"": 0.0}, {""period"": ""Q4 2018"", ""year"": 2018, ""quarter"": 4, ""value"": 0.0}, {""period"": ""Q1 2019"", ""year"": 2019, ""quarter"": 1, ""value"": 0.0}, {""period"": ""Q2 2019"", ""year"": 2019, ""quarter"": 2, ""value"": 0.0}, {""period"": ""Q3 2019"", ""year"": 2019, ""quarter"": 3, ""value"": 0.0}, {""period"": ""Q4 2019"", ""year"": 2019, ""quarter"": 4, ""value"": 0.0}, {""period"": ""Q1 2020"", ""year"": 2020, ""quarter"": 1, ""value"": 0.0}, {""period"": ""Q2 2020"", ""year"": 2020, ""quarter"": 2, ""value"": 0.0}, {""period"": ""Q3 2020"", ""year"": 2020, ""quarter"": 3, ""value"": 0.0}, {""period"": ""Q4 2020"", ""year"": 2020, ""quarter"": 4, ""value"": 0.0}, {""period"": ""Q1 2021"", ""year"": 2021, ""quarter"": 1, ""value"": 0.0}, {""period"": ""Q2 2021"", ""year"": 2021, ""quarter"": 2, ""value"": 0.0}, {""period"": ""Q3 2021"", ""year"": 2021, ""quarter"": 3, ""value"": 0.0}, {""period"": ""Q4 2021"", ""year"": 2021, ""quarter"": 4, ""value"": 0.0}, {""period"": ""Q1 2022"", ""year"": 2022, ""quarter"": 1, ""value"": 0.0}, {""period"": ""Q2 2022"", ""year"": 2022, ""quarter"": 2, ""value"": 0.0}, {""period"": ""Q3 2022"", ""year"": 2022, ""quarter"": 3, ""value"": 0.0}, {""period"": ""Q4 2022"", ""year"": 2022, ""quarter"": 4, ""value"": 0.0}, {""period"": ""Q1 2023"", ""year"": 2023, ""quarter"": 1, ""value"": 0.0}, {""period"": ""Q2 2023"", ""year"": 2023, ""quarter"": 2, ""value"": 0.0}, {""period"": ""Q3 2023"", ""year"": 2023, ""quarter"": 3, ""value"": 0.0}, {""period"": ""Q4 2023"", ""year"": 2023, ""quarter"": 4, ""value"": 0.0}, {""period"": ""Q1 2024"", ""year"": 2024, ""quarter"": 1, ""value"": 0.0}, {""period"": ""Q2 2024"", ""year"": 2024, ""quarter"": 2, ""value"": 0.0}, {""period"": ""Q3 2024"", ""year"": 2024, ""quarter"": 3, ""value"": 0.0}, {""period"": ""Q4 2024"", ""year"": 2024, ""quarter"": 4, ""value"": 0.0}, {""period"": ""Q1 2025"", ""year"": 2025, ""quarter"": 1, ""value"": 0.0}, {""period"": ""Q2 2025"", ""year"": 2025, ""quarter"": 2, ""value"": 0.0}, {""period"": ""Q3 2025"", ""year"": 2025, ""quarter"": 3, ""value"": 0.0}, {""period"": ""Q4 2025"", ""year"": 2025, ""quarter"": 4, ""value"": 0.0}, {""period"": ""Q1 2026"", ""year"": 2026, ""quarter"": 1, ""value"": 0.0}, {""period"": ""Q2 2026"", ""year"": 2026, ""quarter"": 2, ""value"": 0.0}]"
VPG,1,BalanceSheet,Quarter,3010209,9. Dự phòng trợ cấp mất việc làm,30102,False,4,,"[{""period"": ""Q4 2015"", ""year"": 2015, ""quarter"": 4, ""value"": 0.0}, {""period"": ""Q4 2016"", ""year"": 2016, ""quarter"": 4, ""value"": 0.0}, {""period"": ""Q2 2017"", ""year"": 2017, ""quarter"": 2, ""value"": 0.0}, {""period"": ""Q3 2017"", ""year"": 2017, ""quarter"": 3, ""value"": 0.0}, {""period"": ""Q4 2017"", ""year"": 2017, ""quarter"": 4, ""value"": 0.0}, {""period"": ""Q1 2018"", ""year"": 2018, ""quarter"": 1, ""value"": 0.0}, {""period"": ""Q2 2018"", ""year"": 2018, ""quarter"": 2, ""value"": 0.0}, {""period"": ""Q3 2018"", ""year"": 2018, ""quarter"": 3, ""value"": 0.0}, {""period"": ""Q4 2018"", ""year"": 2018, ""quarter"": 4, ""value"": 0.0}, {""period"": ""Q1 2019"", ""year"": 2019, ""quarter"": 1, ""value"": 0.0}, {""period"": ""Q2 2019"", ""year"": 2019, ""quarter"": 2, ""value"": 0.0}, {""period"": ""Q3 2019"", ""year"": 2019, ""quarter"": 3, ""value"": 0.0}, {""period"": ""Q4 2019"", ""year"": 2019, ""quarter"": 4, ""value"": 0.0}, {""period"": ""Q1 2020"", ""year"": 2020, ""quarter"": 1, ""value"": 0.0}, {""period"": ""Q2 2020"", ""year"": 2020, ""quarter"": 2, ""value"": 0.0}, {""period"": ""Q3 2020"", ""year"": 2020, ""quarter"": 3, ""value"": 0.0}, {""period"": ""Q4 2020"", ""year"": 2020, ""quarter"": 4, ""value"": 0.0}, {""period"": ""Q1 2021"", ""year"": 2021, ""quarter"": 1, ""value"": 0.0}, {""period"": ""Q2 2021"", ""year"": 2021, ""quarter"": 2, ""value"": 0.0}, {""period"": ""Q3 2021"", ""year"": 2021, ""quarter"": 3, ""value"": 0.0}, {""period"": ""Q4 2021"", ""year"": 2021, ""quarter"": 4, ""value"": 0.0}, {""period"": ""Q1 2022"", ""year"": 2022, ""quarter"": 1, ""value"": 0.0}, {""period"": ""Q2 2022"", ""year"": 2022, ""quarter"": 2, ""value"": 0.0}, {""period"": ""Q3 2022"", ""year"": 2022, ""quarter"": 3, ""value"": 0.0}, {""period"": ""Q4 2022"", ""year"": 2022, ""quarter"": 4, ""value"": 0.0}, {""period"": ""Q1 2023"", ""year"": 2023, ""quarter"": 1, ""value"": 0.0}, {""period"": ""Q2 2023"", ""year"": 2023, ""quarter"": 2, ""value"": 0.0}, {""period"": ""Q3 2023"", ""year"": 2023, ""quarter"": 3, ""value"": 0.0}, {""period"": ""Q4 2023"", ""year"": 2023, ""quarter"": 4, ""value"": 0.0}, {""period"": ""Q1 2024"", ""year"": 2024, ""quarter"": 1, ""value"": 0.0}, {""period"": ""Q2 2024"", ""year"": 2024, ""quarter"": 2, ""value"": 0.0}, {""period"": ""Q3 2024"", ""year"": 2024, ""quarter"": 3, ""value"": 0.0}, {""period"": ""Q4 2024"", ""year"": 2024, ""quarter"": 4, ""value"": 0.0}, {""period"": ""Q1 2025"", ""year"": 2025, ""quarter"": 1, ""value"": 0.0}, {""period"": ""Q2 2025"", ""year"": 2025, ""quarter"": 2, ""value"": 0.0}, {""period"": ""Q3 2025"", ""year"": 2025, ""quarter"": 3, ""value"": 0.0}, {""period"": ""Q4 2025"", ""year"": 2025, ""quarter"": 4, ""value"": 0.0}, {""period"": ""Q1 2026"", ""year"": 2026, ""quarter"": 1, ""value"": 0.0}, {""period"": ""Q2 2026"", ""year"": 2026, ""quarter"": 2, ""value"": 0.0}]"
VPG,1,BalanceSheet,Quarter,3010210,10. Dự phòng phải trả dài hạn,30102,False,4,,"[{""period"": ""Q4 2015"", ""year"": 2015, ""quarter"": 4, ""value"": 0.0}, {""period"": ""Q4 2016"", ""year"": 2016, ""quarter"": 4, ""value"": 0.0}, {""period"": ""Q2 2017"", ""year"": 2017, ""quarter"": 2, ""value"": 0.0}, {""period"": ""Q3 2017"", ""year"": 2017, ""quarter"": 3, ""value"": 0.0}, {""period"": ""Q4 2017"", ""year"": 2017, ""quarter"": 4, ""value"": 0.0}, {""period"": ""Q1 2018"", ""year"": 2018, ""quarter"": 1, ""value"": 0.0}, {""period"": ""Q2 2018"", ""year"": 2018, ""quarter"": 2, ""value"": 0.0}, {""period"": ""Q3 2018"", ""year"": 2018, ""quarter"": 3, ""value"": 0.0}, {""period"": ""Q4 2018"", ""year"": 2018, ""quarter"": 4, ""value"": 0.0}, {""period"": ""Q1 2019"", ""year"": 2019, ""quarter"": 1, ""value"": 0.0}, {""period"": ""Q2 2019"", ""year"": 2019, ""quarter"": 2, ""value"": 0.0}, {""period"": ""Q3 2019"", ""year"": 2019, ""quarter"": 3, ""value"": 0.0}, {""period"": ""Q4 2019"", ""year"": 2019, ""quarter"": 4, ""value"": 0.0}, {""period"": ""Q1 2020"", ""year"": 2020, ""quarter"": 1, ""value"": 0.0}, {""period"": ""Q2 2020"", ""year"": 2020, ""quarter"": 2, ""value"": 0.0}, {""period"": ""Q3 2020"", ""year"": 2020, ""quarter"": 3, ""value"": 0.0}, {""period"": ""Q4 2020"", ""year"": 2020, ""quarter"": 4, ""value"": 0.0}, {""period"": ""Q1 2021"", ""year"": 2021, ""quarter"": 1, ""value"": 0.0}, {""period"": ""Q2 2021"", ""year"": 2021, ""quarter"": 2, ""value"": 0.0}, {""period"": ""Q3 2021"", ""year"": 2021, ""quarter"": 3, ""value"": 0.0}, {""period"": ""Q4 2021"", ""year"": 2021, ""quarter"": 4, ""value"": 0.0}, {""period"": ""Q1 2022"", ""year"": 2022, ""quarter"": 1, ""value"": 0.0}, {""period"": ""Q2 2022"", ""year"": 2022, ""quarter"": 2, ""value"": 0.0}, {""period"": ""Q3 2022"", ""year"": 2022, ""quarter"": 3, ""value"": 0.0}, {""period"": ""Q4 2022"", ""year"": 2022, ""quarter"": 4, ""value"": 0.0}, {""period"": ""Q1 2023"", ""year"": 2023, ""quarter"": 1, ""value"": 0.0}, {""period"": ""Q2 2023"", ""year"": 2023, ""quarter"": 2, ""value"": 0.0}, {""period"": ""Q3 2023"", ""year"": 2023, ""quarter"": 3, ""value"": 0.0}, {""period"": ""Q4 2023"", ""year"": 2023, ""quarter"": 4, ""value"": 0.0}, {""period"": ""Q1 2024"", ""year"": 2024, ""quarter"": 1, ""value"": 0.0}, {""period"": ""Q2 2024"", ""year"": 2024, ""quarter"": 2, ""value"": 0.0}, {""period"": ""Q3 2024"", ""year"": 2024, ""quarter"": 3, ""value"": 0.0}, {""period"": ""Q4 2024"", ""year"": 2024, ""quarter"": 4, ""value"": 0.0}, {""period"": ""Q1 2025"", ""year"": 2025, ""quarter"": 1, ""value"": 0.0}, {""period"": ""Q2 2025"", ""year"": 2025, ""quarter"": 2, ""value"": 0.0}, {""period"": ""Q3 2025"", ""year"": 2025, ""quarter"": 3, ""value"": 0.0}, {""period"": ""Q4 2025"", ""year"": 2025, ""quarter"": 4, ""value"": 0.0}, {""period"": ""Q1 2026"", ""year"": 2026, ""quarter"": 1, ""value"": 0.0}, {""period"": ""Q2 2026"", ""year"": 2026, ""quarter"": 2, ""value"": 0.0}]"
VPG,1,BalanceSheet,Quarter,3010211,11. Doanh thu chưa thực hiện dài hạn,30102,False,4,,"[{""period"": ""Q4 2015"", ""year"": 2015, ""quarter"": 4, ""value"": 0.0}, {""period"": ""Q4 2016"", ""year"": 2016, ""quarter"": 4, ""value"": 0.0}, {""period"": ""Q2 2017"", ""year"": 2017, ""quarter"": 2, ""value"": 0.0}, {""period"": ""Q3 2017"", ""year"": 2017, ""quarter"": 3, ""value"": 0.0}, {""period"": ""Q4 2017"", ""year"": 2017, ""quarter"": 4, ""value"": 0.0}, {""period"": ""Q1 2018"", ""year"": 2018, ""quarter"": 1, ""value"": 0.0}, {""period"": ""Q2 2018"", ""year"": 2018, ""quarter"": 2, ""value"": 0.0}, {""period"": ""Q3 2018"", ""year"": 2018, ""quarter"": 3, ""value"": 0.0}, {""period"": ""Q4 2018"", ""year"": 2018, ""quarter"": 4, ""value"": 0.0}, {""period"": ""Q1 2019"", ""year"": 2019, ""quarter"": 1, ""value"": 0.0}, {""period"": ""Q2 2019"", ""year"": 2019, ""quarter"": 2, ""value"": 0.0}, {""period"": ""Q3 2019"", ""year"": 2019, ""quarter"": 3, ""value"": 0.0}, {""period"": ""Q4 2019"", ""year"": 2019, ""quarter"": 4, ""value"": 0.0}, {""period"": ""Q1 2020"", ""year"": 2020, ""quarter"": 1, ""value"": 0.0}, {""period"": ""Q2 2020"", ""year"": 2020, ""quarter"": 2, ""value"": 0.0}, {""period"": ""Q3 2020"", ""year"": 2020, ""quarter"": 3, ""value"": 0.0}, {""period"": ""Q4 2020"", ""year"": 2020, ""quarter"": 4, ""value"": 0.0}, {""period"": ""Q1 2021"", ""year"": 2021, ""quarter"": 1, ""value"": 0.0}, {""period"": ""Q2 2021"", ""year"": 2021, ""quarter"": 2, ""value"": 0.0}, {""period"": ""Q3 2021"", ""year"": 2021, ""quarter"": 3, ""value"": 0.0}, {""period"": ""Q4 2021"", ""year"": 2021, ""quarter"": 4, ""value"": 0.0}, {""period"": ""Q1 2022"", ""year"": 2022, ""quarter"": 1, ""value"": 0.0}, {""period"": ""Q2 2022"", ""year"": 2022, ""quarter"": 2, ""value"": 0.0}, {""period"": ""Q3 2022"", ""year"": 2022, ""quarter"": 3, ""value"": 0.0}, {""period"": ""Q4 2022"", ""year"": 2022, ""quarter"": 4, ""value"": 0.0}, {""period"": ""Q1 2023"", ""year"": 2023, ""quarter"": 1, ""value"": 0.0}, {""period"": ""Q2 2023"", ""year"": 2023, ""quarter"": 2, ""value"": 0.0}, {""period"": ""Q3 2023"", ""year"": 2023, ""quarter"": 3, ""value"": 0.0}, {""period"": ""Q4 2023"", ""year"": 2023, ""quarter"": 4, ""value"": 0.0}, {""period"": ""Q1 2024"", ""year"": 2024, ""quarter"": 1, ""value"": 15840000000.0}, {""period"": ""Q2 2024"", ""year"": 2024, ""quarter"": 2, ""value"": 14190000000.0}, {""period"": ""Q3 2024"", ""year"": 2024, ""quarter"": 3, ""value"": 12210000000.0}, {""period"": ""Q4 2024"", ""year"": 2024, ""quarter"": 4, ""value"": 10230000000.0}, {""period"": ""Q1 2025"", ""year"": 2025, ""quarter"": 1, ""value"": 8250000000.0}, {""period"": ""Q2 2025"", ""year"": 2025, ""quarter"": 2, ""value"": 6270000000.0}, {""period"": ""Q3 2025"", ""year"": 2025, ""quarter"": 3, ""value"": 4643280000.0}, {""period"": ""Q4 2025"", ""year"": 2025, ""quarter"": 4, ""value"": 0.0}, {""period"": ""Q1 2026"", ""year"": 2026, ""quarter"": 1, ""value"": 0.0}, {""period"": ""Q2 2026"", ""year"": 2026, ""quarter"": 2, ""value"": 0.0}]"
VPG,1,BalanceSheet,Quarter,3010212,12. Quỹ phát triển khoa học và công nghệ,30102,False,4,,"[{""period"": ""Q4 2015"", ""year"": 2015, ""quarter"": 4, ""value"": 0.0}, {""period"": ""Q4 2016"", ""year"": 2016, ""quarter"": 4, ""value"": 0.0}, {""period"": ""Q2 2017"", ""year"": 2017, ""quarter"": 2, ""value"": 0.0}, {""period"": ""Q3 2017"", ""year"": 2017, ""quarter"": 3, ""value"": 0.0}, {""period"": ""Q4 2017"", ""year"": 2017, ""quarter"": 4, ""value"": 0.0}, {""period"": ""Q1 2018"", ""year"": 2018, ""quarter"": 1, ""value"": 0.0}, {""period"": ""Q2 2018"", ""year"": 2018, ""quarter"": 2, ""value"": 0.0}, {""period"": ""Q3 2018"", ""year"": 2018, ""quarter"": 3, ""value"": 0.0}, {""period"": ""Q4 2018"", ""year"": 2018, ""quarter"": 4, ""value"": 0.0}, {""period"": ""Q1 2019"", ""year"": 2019, ""quarter"": 1, ""value"": 0.0}, {""period"": ""Q2 2019"", ""year"": 2019, ""quarter"": 2, ""value"": 0.0}, {""period"": ""Q3 2019"", ""year"": 2019, ""quarter"": 3, ""value"": 0.0}, {""period"": ""Q4 2019"", ""year"": 2019, ""quarter"": 4, ""value"": 0.0}, {""period"": ""Q1 2020"", ""year"": 2020, ""quarter"": 1, ""value"": 0.0}, {""period"": ""Q2 2020"", ""year"": 2020, ""quarter"": 2, ""value"": 0.0}, {""period"": ""Q3 2020"", ""year"": 2020, ""quarter"": 3, ""value"": 0.0}, {""period"": ""Q4 2020"", ""year"": 2020, ""quarter"": 4, ""value"": 0.0}, {""period"": ""Q1 2021"", ""year"": 2021, ""quarter"": 1, ""value"": 0.0}, {""period"": ""Q2 2021"", ""year"": 2021, ""quarter"": 2, ""value"": 0.0}, {""period"": ""Q3 2021"", ""year"": 2021, ""quarter"": 3, ""value"": 0.0}, {""period"": ""Q4 2021"", ""year"": 2021, ""quarter"": 4, ""value"": 0.0}, {""period"": ""Q1 2022"", ""year"": 2022, ""quarter"": 1, ""value"": 0.0}, {""period"": ""Q2 2022"", ""year"": 2022, ""quarter"": 2, ""value"": 0.0}, {""period"": ""Q3 2022"", ""year"": 2022, ""quarter"": 3, ""value"": 0.0}, {""period"": ""Q4 2022"", ""year"": 2022, ""quarter"": 4, ""value"": 0.0}, {""period"": ""Q1 2023"", ""year"": 2023, ""quarter"": 1, ""value"": 0.0}, {""period"": ""Q2 2023"", ""year"": 2023, ""quarter"": 2, ""value"": 0.0}, {""period"": ""Q3 2023"", ""year"": 2023, ""quarter"": 3, ""value"": 0.0}, {""period"": ""Q4 2023"", ""year"": 2023, ""quarter"": 4, ""value"": 0.0}, {""period"": ""Q1 2024"", ""year"": 2024, ""quarter"": 1, ""value"": 0.0}, {""period"": ""Q2 2024"", ""year"": 2024, ""quarter"": 2, ""value"": 0.0}, {""period"": ""Q3 2024"", ""year"": 2024, ""quarter"": 3, ""value"": 0.0}, {""period"": ""Q4 2024"", ""year"": 2024, ""quarter"": 4, ""value"": 0.0}, {""period"": ""Q1 2025"", ""year"": 2025, ""quarter"": 1, ""value"": 0.0}, {""period"": ""Q2 2025"", ""year"": 2025, ""quarter"": 2, ""value"": 0.0}, {""period"": ""Q3 2025"", ""year"": 2025, ""quarter"": 3, ""value"": 0.0}, {""period"": ""Q4 2025"", ""year"": 2025, ""quarter"": 4, ""value"": 0.0}, {""period"": ""Q1 2026"", ""year"": 2026, ""quarter"": 1, ""value"": 0.0}, {""period"": ""Q2 2026"", ""year"": 2026, ""quarter"": 2, ""value"": 0.0}]"
VPG,1,BalanceSheet,Quarter,302,B. Nguồn vốn chủ sở hữu,3,True,2,,"[{""period"": ""Q4 2015"", ""year"": 2015, ""quarter"": 4, ""value"": 109695291066.0}, {""period"": ""Q4 2016"", ""year"": 2016, ""quarter"": 4, ""value"": 224433658547.0}, {""period"": ""Q2 2017"", ""year"": 2017, ""quarter"": 2, ""value"": 243637960781.0}, {""period"": ""Q3 2017"", ""year"": 2017, ""quarter"": 3, ""value"": 248612033144.0}, {""period"": ""Q4 2017"", ""year"": 2017, ""quarter"": 4, ""value"": 257722295795.0}, {""period"": ""Q1 2018"", ""year"": 2018, ""quarter"": 1, ""value"": 266158782952.0}, {""period"": ""Q2 2018"", ""year"": 2018, ""quarter"": 2, ""value"": 297297878111.0}, {""period"": ""Q3 2018"", ""year"": 2018, ""quarter"": 3, ""value"": 309006481861.0}, {""period"": ""Q4 2018"", ""year"": 2018, ""quarter"": 4, ""value"": 313498312880.0}, {""period"": ""Q1 2019"", ""year"": 2019, ""quarter"": 1, ""value"": 328368818278.0}, {""period"": ""Q2 2019"", ""year"": 2019, ""quarter"": 2, ""value"": 338396811020.0}, {""period"": ""Q3 2019"", ""year"": 2019, ""quarter"": 3, ""value"": 351005575333.0}, {""period"": ""Q4 2019"", ""year"": 2019, ""quarter"": 4, ""value"": 349286691656.0}, {""period"": ""Q1 2020"", ""year"": 2020, ""quarter"": 1, ""value"": 347531603967.0}, {""period"": ""Q2 2020"", ""year"": 2020, ""quarter"": 2, ""value"": 437486133377.0}, {""period"": ""Q3 2020"", ""year"": 2020, ""quarter"": 3, ""value"": 457409962932.0}, {""period"": ""Q4 2020"", ""year"": 2020, ""quarter"": 4, ""value"": 518102750751.0}, {""period"": ""Q1 2021"", ""year"": 2021, ""quarter"": 1, ""value"": 656591200656.0}, {""period"": ""Q2 2021"", ""year"": 2021, ""quarter"": 2, ""value"": 774509171722.0}, {""period"": ""Q3 2021"", ""year"": 2021, ""quarter"": 3, ""value"": 852119498978.0}, {""period"": ""Q4 2021"", ""year"": 2021, ""quarter"": 4, ""value"": 913387867378.0}, {""period"": ""Q1 2022"", ""year"": 2022, ""quarter"": 1, ""value"": 1501538359236.0}, {""period"": ""Q2 2022"", ""year"": 2022, ""quarter"": 2, ""value"": 1568742905053.0}, {""period"": ""Q3 2022"", ""year"": 2022, ""quarter"": 3, ""value"": 1543399568865.0}, {""period"": ""Q4 2022"", ""year"": 2022, ""quarter"": 4, ""value"": 1480709965045.0}, {""period"": ""Q1 2023"", ""year"": 2023, ""quarter"": 1, ""value"": 1517066878843.0}, {""period"": ""Q2 2023"", ""year"": 2023, ""quarter"": 2, ""value"": 1537472460558.0}, {""period"": ""Q3 2023"", ""year"": 2023, ""quarter"": 3, ""value"": 1551017182399.0}, {""period"": ""Q4 2023"", ""year"": 2023, ""quarter"": 4, ""value"": 1493065477872.0}, {""period"": ""Q1 2024"", ""year"": 2024, ""quarter"": 1, ""value"": 1494757631795.0}, {""period"": ""Q2 2024"", ""year"": 2024, ""quarter"": 2, ""value"": 1496791138886.0}, {""period"": ""Q3 2024"", ""year"": 2024, ""quarter"": 3, ""value"": 1509651008406.0}, {""period"": ""Q4 2024"", ""year"": 2024, ""quarter"": 4, ""value"": 1605216211771.0}, {""period"": ""Q1 2025"", ""year"": 2025, ""quarter"": 1, ""value"": 1622651701276.0}, {""period"": ""Q2 2025"", ""year"": 2025, ""quarter"": 2, ""value"": 1648836530241.0}, {""period"": ""Q3 2025"", ""year"": 2025, ""quarter"": 3, ""value"": 1423653736025.0}, {""period"": ""Q4 2025"", ""year"": 2025, ""quarter"": 4, ""value"": 1004756636338.0}, {""period"": ""Q1 2026"", ""year"": 2026, ""quarter"": 1, ""value"": 972865398041.0}, {""period"": ""Q2 2026"", ""year"": 2026, ""quarter"": 2, ""value"": 938796261824.0}]"
VPG,1,BalanceSheet,Quarter,30201,I. Vốn chủ sở hữu,302,False,3,,"[{""period"": ""Q4 2015"", ""year"": 2015, ""quarter"": 4, ""value"": 109695291066.0}, {""period"": ""Q4 2016"", ""year"": 2016, ""quarter"": 4, ""value"": 224433658547.0}, {""period"": ""Q2 2017"", ""year"": 2017, ""quarter"": 2, ""value"": 243637960781.0}, {""period"": ""Q3 2017"", ""year"": 2017, ""quarter"": 3, ""value"": 248612033144.0}, {""period"": ""Q4 2017"", ""year"": 2017, ""quarter"": 4, ""value"": 257722295795.0}, {""period"": ""Q1 2018"", ""year"": 2018, ""quarter"": 1, ""value"": 266158782952.0}, {""period"": ""Q2 2018"", ""year"": 2018, ""quarter"": 2, ""value"": 297297878111.0}, {""period"": ""Q3 2018"", ""year"": 2018, ""quarter"": 3, ""value"": 309006481861.0}, {""period"": ""Q4 2018"", ""year"": 2018, ""quarter"": 4, ""value"": 313498312880.0}, {""period"": ""Q1 2019"", ""year"": 2019, ""quarter"": 1, ""value"": 328368818278.0}, {""period"": ""Q2 2019"", ""year"": 2019, ""quarter"": 2, ""value"": 338396811020.0}, {""period"": ""Q3 2019"", ""year"": 2019, ""quarter"": 3, ""value"": 351005575333.0}, {""period"": ""Q4 2019"", ""year"": 2019, ""quarter"": 4, ""value"": 349286691656.0}, {""period"": ""Q1 2020"", ""year"": 2020, ""quarter"": 1, ""value"": 347531603967.0}, {""period"": ""Q2 2020"", ""year"": 2020, ""quarter"": 2, ""value"": 437486133377.0}, {""period"": ""Q3 2020"", ""year"": 2020, ""quarter"": 3, ""value"": 457409962932.0}, {""period"": ""Q4 2020"", ""year"": 2020, ""quarter"": 4, ""value"": 518102750751.0}, {""period"": ""Q1 2021"", ""year"": 2021, ""quarter"": 1, ""value"": 656591200656.0}, {""period"": ""Q2 2021"", ""year"": 2021, ""quarter"": 2, ""value"": 774509171722.0}, {""period"": ""Q3 2021"", ""year"": 2021, ""quarter"": 3, ""value"": 852119498978.0}, {""period"": ""Q4 2021"", ""year"": 2021, ""quarter"": 4, ""value"": 913387867378.0}, {""period"": ""Q1 2022"", ""year"": 2022, ""quarter"": 1, ""value"": 1501538359236.0}, {""period"": ""Q2 2022"", ""year"": 2022, ""quarter"": 2, ""value"": 1568742905053.0}, {""period"": ""Q3 2022"", ""year"": 2022, ""quarter"": 3, ""value"": 1543399568865.0}, {""period"": ""Q4 2022"", ""year"": 2022, ""quarter"": 4, ""value"": 1480709965045.0}, {""period"": ""Q1 2023"", ""year"": 2023, ""quarter"": 1, ""value"": 1517066878843.0}, {""period"": ""Q2 2023"", ""year"": 2023, ""quarter"": 2, ""value"": 1537472460558.0}, {""period"": ""Q3 2023"", ""year"": 2023, ""quarter"": 3, ""value"": 1551017182399.0}, {""period"": ""Q4 2023"", ""year"": 2023, ""quarter"": 4, ""value"": 1493065477872.0}, {""period"": ""Q1 2024"", ""year"": 2024, ""quarter"": 1, ""value"": 1494757631795.0}, {""period"": ""Q2 2024"", ""year"": 2024, ""quarter"": 2, ""value"": 1496791138886.0}, {""period"": ""Q3 2024"", ""year"": 2024, ""quarter"": 3, ""value"": 1509651008406.0}, {""period"": ""Q4 2024"", ""year"": 2024, ""quarter"": 4, ""value"": 1605216211771.0}, {""period"": ""Q1 2025"", ""year"": 2025, ""quarter"": 1, ""value"": 1622651701276.0}, {""period"": ""Q2 2025"", ""year"": 2025, ""quarter"": 2, ""value"": 1648836530241.0}, {""period"": ""Q3 2025"", ""year"": 2025, ""quarter"": 3, ""value"": 1423653736025.0}, {""period"": ""Q4 2025"", ""year"": 2025, ""quarter"": 4, ""value"": 1004756636338.0}, {""period"": ""Q1 2026"", ""year"": 2026, ""quarter"": 1, ""value"": 972865398041.0}, {""period"": ""Q2 2026"", ""year"": 2026, ""quarter"": 2, ""value"": 938796261824.0}]"
VPG,1,BalanceSheet,Quarter,3020101,1. Vốn đầu tư của chủ sở hữu,30201,False,4,,"[{""period"": ""Q4 2015"", ""year"": 2015, ""quarter"": 4, ""value"": 100000000000.0}, {""period"": ""Q4 2016"", ""year"": 2016, ""quarter"": 4, ""value"": 200000000000.0}, {""period"": ""Q2 2017"", ""year"": 2017, ""quarter"": 2, ""value"": 200000000000.0}, {""period"": ""Q3 2017"", ""year"": 2017, ""quarter"": 3, ""value"": 200000000000.0}, {""period"": ""Q4 2017"", ""year"": 2017, ""quarter"": 4, ""value"": 200000000000.0}, {""period"": ""Q1 2018"", ""year"": 2018, ""quarter"": 1, ""value"": 200000000000.0}, {""period"": ""Q2 2018"", ""year"": 2018, ""quarter"": 2, ""value"": 200000000000.0}, {""period"": ""Q3 2018"", ""year"": 2018, ""quarter"": 3, ""value"": 229999930000.0}, {""period"": ""Q4 2018"", ""year"": 2018, ""quarter"": 4, ""value"": 229999930000.0}, {""period"": ""Q1 2019"", ""year"": 2019, ""quarter"": 1, ""value"": 229999930000.0}, {""period"": ""Q2 2019"", ""year"": 2019, ""quarter"": 2, ""value"": 264498750000.0}, {""period"": ""Q3 2019"", ""year"": 2019, ""quarter"": 3, ""value"": 264498750000.0}, {""period"": ""Q4 2019"", ""year"": 2019, ""quarter"": 4, ""value"": 264498750000.0}, {""period"": ""Q1 2020"", ""year"": 2020, ""quarter"": 1, ""value"": 264498750000.0}, {""period"": ""Q2 2020"", ""year"": 2020, ""quarter"": 2, ""value"": 350000000000.0}, {""period"": ""Q3 2020"", ""year"": 2020, ""quarter"": 3, ""value"": 391998140000.0}, {""period"": ""Q4 2020"", ""year"": 2020, ""quarter"": 4, ""value"": 391998140000.0}, {""period"": ""Q1 2021"", ""year"": 2021, ""quarter"": 1, ""value"": 391998140000.0}, {""period"": ""Q2 2021"", ""year"": 2021, ""quarter"": 2, ""value"": 391998140000.0}, {""period"": ""Q3 2021"", ""year"": 2021, ""quarter"": 3, ""value"": 431196880000.0}, {""period"": ""Q4 2021"", ""year"": 2021, ""quarter"": 4, ""value"": 431196880000.0}, {""period"": ""Q1 2022"", ""year"": 2022, ""quarter"": 1, ""value"": 729079280000.0}, {""period"": ""Q2 2022"", ""year"": 2022, ""quarter"": 2, ""value"": 801983360000.0}, {""period"": ""Q3 2022"", ""year"": 2022, ""quarter"": 3, ""value"": 801983360000.0}, {""period"": ""Q4 2022"", ""year"": 2022, ""quarter"": 4, ""value"": 801983360000.0}, {""period"": ""Q1 2023"", ""year"": 2023, ""quarter"": 1, ""value"": 801983360000.0}, {""period"": ""Q2 2023"", ""year"": 2023, ""quarter"": 2, ""value"": 801983360000.0}, {""period"": ""Q3 2023"", ""year"": 2023, ""quarter"": 3, ""value"": 842070710000.0}, {""period"": ""Q4 2023"", ""year"": 2023, ""quarter"": 4, ""value"": 842070710000.0}, {""period"": ""Q1 2024"", ""year"": 2024, ""quarter"": 1, ""value"": 842070710000.0}, {""period"": ""Q2 2024"", ""year"": 2024, ""quarter"": 2, ""value"": 842070710000.0}, {""period"": ""Q3 2024"", ""year"": 2024, ""quarter"": 3, ""value"": 884157510000.0}, {""period"": ""Q4 2024"", ""year"": 2024, ""quarter"": 4, ""value"": 884157510000.0}, {""period"": ""Q1 2025"", ""year"": 2025, ""quarter"": 1, ""value"": 884157510000.0}, {""period"": ""Q2 2025"", ""year"": 2025, ""quarter"": 2, ""value"": 884157510000.0}, {""period"": ""Q3 2025"", ""year"": 2025, ""quarter"": 3, ""value"": 884157510000.0}, {""period"": ""Q4 2025"", ""year"": 2025, ""quarter"": 4, ""value"": 884157510000.0}, {""period"": ""Q1 2026"", ""year"": 2026, ""quarter"": 1, ""value"": 884157510000.0}, {""period"": ""Q2 2026"", ""year"": 2026, ""quarter"": 2, ""value"": 884157510000.0}]"
VPG,1,BalanceSheet,Quarter,3020102,2. Thặng dư vốn cổ phần,30201,False,4,,"[{""period"": ""Q4 2015"", ""year"": 2015, ""quarter"": 4, ""value"": 0.0}, {""period"": ""Q4 2016"", ""year"": 2016, ""quarter"": 4, ""value"": 0.0}, {""period"": ""Q2 2017"", ""year"": 2017, ""quarter"": 2, ""value"": 0.0}, {""period"": ""Q3 2017"", ""year"": 2017, ""quarter"": 3, ""value"": 0.0}, {""period"": ""Q4 2017"", ""year"": 2017, ""quarter"": 4, ""value"": 0.0}, {""period"": ""Q1 2018"", ""year"": 2018, ""quarter"": 1, ""value"": 0.0}, {""period"": ""Q2 2018"", ""year"": 2018, ""quarter"": 2, ""value"": 0.0}, {""period"": ""Q3 2018"", ""year"": 2018, ""quarter"": 3, ""value"": 0.0}, {""period"": ""Q4 2018"", ""year"": 2018, ""quarter"": 4, ""value"": 0.0}, {""period"": ""Q1 2019"", ""year"": 2019, ""quarter"": 1, ""value"": 0.0}, {""period"": ""Q2 2019"", ""year"": 2019, ""quarter"": 2, ""value"": 0.0}, {""period"": ""Q3 2019"", ""year"": 2019, ""quarter"": 3, ""value"": 0.0}, {""period"": ""Q4 2019"", ""year"": 2019, ""quarter"": 4, ""value"": 0.0}, {""period"": ""Q1 2020"", ""year"": 2020, ""quarter"": 1, ""value"": 0.0}, {""period"": ""Q2 2020"", ""year"": 2020, ""quarter"": 2, ""value"": -191000000.0}, {""period"": ""Q3 2020"", ""year"": 2020, ""quarter"": 3, ""value"": -191000000.0}, {""period"": ""Q4 2020"", ""year"": 2020, ""quarter"": 4, ""value"": -191000000.0}, {""period"": ""Q1 2021"", ""year"": 2021, ""quarter"": 1, ""value"": -191000000.0}, {""period"": ""Q2 2021"", ""year"": 2021, ""quarter"": 2, ""value"": -191000000.0}, {""period"": ""Q3 2021"", ""year"": 2021, ""quarter"": 3, ""value"": -191000000.0}, {""period"": ""Q4 2021"", ""year"": 2021, ""quarter"": 4, ""value"": -226500000.0}, {""period"": ""Q1 2022"", ""year"": 2022, ""quarter"": 1, ""value"": 237848870000.0}, {""period"": ""Q2 2022"", ""year"": 2022, ""quarter"": 2, ""value"": 237848870000.0}, {""period"": ""Q3 2022"", ""year"": 2022, ""quarter"": 3, ""value"": 237848870000.0}, {""period"": ""Q4 2022"", ""year"": 2022, ""quarter"": 4, ""value"": 237848870000.0}, {""period"": ""Q1 2023"", ""year"": 2023, ""quarter"": 1, ""value"": 237848870000.0}, {""period"": ""Q2 2023"", ""year"": 2023, ""quarter"": 2, ""value"": 237848870000.0}, {""period"": ""Q3 2023"", ""year"": 2023, ""quarter"": 3, ""value"": 237843870000.0}, {""period"": ""Q4 2023"", ""year"": 2023, ""quarter"": 4, ""value"": 237843870000.0}, {""period"": ""Q1 2024"", ""year"": 2024, ""quarter"": 1, ""value"": 237848870000.0}, {""period"": ""Q2 2024"", ""year"": 2024, ""quarter"": 2, ""value"": 237848870000.0}, {""period"": ""Q3 2024"", ""year"": 2024, ""quarter"": 3, ""value"": 237848870000.0}, {""period"": ""Q4 2024"", ""year"": 2024, ""quarter"": 4, ""value"": 237848870000.0}, {""period"": ""Q1 2025"", ""year"": 2025, ""quarter"": 1, ""value"": 237848870000.0}, {""period"": ""Q2 2025"", ""year"": 2025, ""quarter"": 2, ""value"": 237848870000.0}, {""period"": ""Q3 2025"", ""year"": 2025, ""quarter"": 3, ""value"": 237848870000.0}, {""period"": ""Q4 2025"", ""year"": 2025, ""quarter"": 4, ""value"": 237848870000.0}, {""period"": ""Q1 2026"", ""year"": 2026, ""quarter"": 1, ""value"": 237848870000.0}, {""period"": ""Q2 2026"", ""year"": 2026, ""quarter"": 2, ""value"": 237848870000.0}]"
VPG,1,BalanceSheet,Quarter,3020103,3. Quyền chọn chuyển đổi trái phiếu,30201,False,4,,"[{""period"": ""Q4 2015"", ""year"": 2015, ""quarter"": 4, ""value"": 0.0}, {""period"": ""Q4 2016"", ""year"": 2016, ""quarter"": 4, ""value"": 0.0}, {""period"": ""Q2 2017"", ""year"": 2017, ""quarter"": 2, ""value"": 0.0}, {""period"": ""Q3 2017"", ""year"": 2017, ""quarter"": 3, ""value"": 0.0}, {""period"": ""Q4 2017"", ""year"": 2017, ""quarter"": 4, ""value"": 0.0}, {""period"": ""Q1 2018"", ""year"": 2018, ""quarter"": 1, ""value"": 0.0}, {""period"": ""Q2 2018"", ""year"": 2018, ""quarter"": 2, ""value"": 0.0}, {""period"": ""Q3 2018"", ""year"": 2018, ""quarter"": 3, ""value"": 0.0}, {""period"": ""Q4 2018"", ""year"": 2018, ""quarter"": 4, ""value"": 0.0}, {""period"": ""Q1 2019"", ""year"": 2019, ""quarter"": 1, ""value"": 0.0}, {""period"": ""Q2 2019"", ""year"": 2019, ""quarter"": 2, ""value"": 0.0}, {""period"": ""Q3 2019"", ""year"": 2019, ""quarter"": 3, ""value"": 0.0}, {""period"": ""Q4 2019"", ""year"": 2019, ""quarter"": 4, ""value"": 0.0}, {""period"": ""Q1 2020"", ""year"": 2020, ""quarter"": 1, ""value"": 0.0}, {""period"": ""Q2 2020"", ""year"": 2020, ""quarter"": 2, ""value"": 0.0}, {""period"": ""Q3 2020"", ""year"": 2020, ""quarter"": 3, ""value"": 0.0}, {""period"": ""Q4 2020"", ""year"": 2020, ""quarter"": 4, ""value"": 0.0}, {""period"": ""Q1 2021"", ""year"": 2021, ""quarter"": 1, ""value"": 0.0}, {""period"": ""Q2 2021"", ""year"": 2021, ""quarter"": 2, ""value"": 0.0}, {""period"": ""Q3 2021"", ""year"": 2021, ""quarter"": 3, ""value"": 0.0}, {""period"": ""Q4 2021"", ""year"": 2021, ""quarter"": 4, ""value"": 0.0}, {""period"": ""Q1 2022"", ""year"": 2022, ""quarter"": 1, ""value"": 0.0}, {""period"": ""Q2 2022"", ""year"": 2022, ""quarter"": 2, ""value"": 0.0}, {""period"": ""Q3 2022"", ""year"": 2022, ""quarter"": 3, ""value"": 0.0}, {""period"": ""Q4 2022"", ""year"": 2022, ""quarter"": 4, ""value"": 0.0}, {""period"": ""Q1 2023"", ""year"": 2023, ""quarter"": 1, ""value"": 0.0}, {""period"": ""Q2 2023"", ""year"": 2023, ""quarter"": 2, ""value"": 0.0}, {""period"": ""Q3 2023"", ""year"": 2023, ""quarter"": 3, ""value"": 0.0}, {""period"": ""Q4 2023"", ""year"": 2023, ""quarter"": 4, ""value"": 0.0}, {""period"": ""Q1 2024"", ""year"": 2024, ""quarter"": 1, ""value"": 0.0}, {""period"": ""Q2 2024"", ""year"": 2024, ""quarter"": 2, ""value"": 0.0}, {""period"": ""Q3 2024"", ""year"": 2024, ""quarter"": 3, ""value"": 0.0}, {""period"": ""Q4 2024"", ""year"": 2024, ""quarter"": 4, ""value"": 0.0}, {""period"": ""Q1 2025"", ""year"": 2025, ""quarter"": 1, ""value"": 0.0}, {""period"": ""Q2 2025"", ""year"": 2025, ""quarter"": 2, ""value"": 0.0}, {""period"": ""Q3 2025"", ""year"": 2025, ""quarter"": 3, ""value"": 0.0}, {""period"": ""Q4 2025"", ""year"": 2025, ""quarter"": 4, ""value"": 0.0}, {""period"": ""Q1 2026"", ""year"": 2026, ""quarter"": 1, ""value"": 0.0}, {""period"": ""Q2 2026"", ""year"": 2026, ""quarter"": 2, ""value"": 0.0}]"
VPG,1,BalanceSheet,Quarter,3020104,4. Vốn khác của chủ sở hữu,30201,False,4,,"[{""period"": ""Q4 2015"", ""year"": 2015, ""quarter"": 4, ""value"": 0.0}, {""period"": ""Q4 2016"", ""year"": 2016, ""quarter"": 4, ""value"": 0.0}, {""period"": ""Q2 2017"", ""year"": 2017, ""quarter"": 2, ""value"": 0.0}, {""period"": ""Q3 2017"", ""year"": 2017, ""quarter"": 3, ""value"": 0.0}, {""period"": ""Q4 2017"", ""year"": 2017, ""quarter"": 4, ""value"": 0.0}, {""period"": ""Q1 2018"", ""year"": 2018, ""quarter"": 1, ""value"": 0.0}, {""period"": ""Q2 2018"", ""year"": 2018, ""quarter"": 2, ""value"": 0.0}, {""period"": ""Q3 2018"", ""year"": 2018, ""quarter"": 3, ""value"": 0.0}, {""period"": ""Q4 2018"", ""year"": 2018, ""quarter"": 4, ""value"": 0.0}, {""period"": ""Q1 2019"", ""year"": 2019, ""quarter"": 1, ""value"": 0.0}, {""period"": ""Q2 2019"", ""year"": 2019, ""quarter"": 2, ""value"": 0.0}, {""period"": ""Q3 2019"", ""year"": 2019, ""quarter"": 3, ""value"": 0.0}, {""period"": ""Q4 2019"", ""year"": 2019, ""quarter"": 4, ""value"": 0.0}, {""period"": ""Q1 2020"", ""year"": 2020, ""quarter"": 1, ""value"": 0.0}, {""period"": ""Q2 2020"", ""year"": 2020, ""quarter"": 2, ""value"": 0.0}, {""period"": ""Q3 2020"", ""year"": 2020, ""quarter"": 3, ""value"": 0.0}, {""period"": ""Q4 2020"", ""year"": 2020, ""quarter"": 4, ""value"": 0.0}, {""period"": ""Q1 2021"", ""year"": 2021, ""quarter"": 1, ""value"": 0.0}, {""period"": ""Q2 2021"", ""year"": 2021, ""quarter"": 2, ""value"": 0.0}, {""period"": ""Q3 2021"", ""year"": 2021, ""quarter"": 3, ""value"": 0.0}, {""period"": ""Q4 2021"", ""year"": 2021, ""quarter"": 4, ""value"": 0.0}, {""period"": ""Q1 2022"", ""year"": 2022, ""quarter"": 1, ""value"": 0.0}, {""period"": ""Q2 2022"", ""year"": 2022, ""quarter"": 2, ""value"": 0.0}, {""period"": ""Q3 2022"", ""year"": 2022, ""quarter"": 3, ""value"": 0.0}, {""period"": ""Q4 2022"", ""year"": 2022, ""quarter"": 4, ""value"": 0.0}, {""period"": ""Q1 2023"", ""year"": 2023, ""quarter"": 1, ""value"": 0.0}, {""period"": ""Q2 2023"", ""year"": 2023, ""quarter"": 2, ""value"": 0.0}, {""period"": ""Q3 2023"", ""year"": 2023, ""quarter"": 3, ""value"": 0.0}, {""period"": ""Q4 2023"", ""year"": 2023, ""quarter"": 4, ""value"": 0.0}, {""period"": ""Q1 2024"", ""year"": 2024, ""quarter"": 1, ""value"": 0.0}, {""period"": ""Q2 2024"", ""year"": 2024, ""quarter"": 2, ""value"": 0.0}, {""period"": ""Q3 2024"", ""year"": 2024, ""quarter"": 3, ""value"": 0.0}, {""period"": ""Q4 2024"", ""year"": 2024, ""quarter"": 4, ""value"": 0.0}, {""period"": ""Q1 2025"", ""year"": 2025, ""quarter"": 1, ""value"": 0.0}, {""period"": ""Q2 2025"", ""year"": 2025, ""quarter"": 2, ""value"": 0.0}, {""period"": ""Q3 2025"", ""year"": 2025, ""quarter"": 3, ""value"": 0.0}, {""period"": ""Q4 2025"", ""year"": 2025, ""quarter"": 4, ""value"": 0.0}, {""period"": ""Q1 2026"", ""year"": 2026, ""quarter"": 1, ""value"": 0.0}, {""period"": ""Q2 2026"", ""year"": 2026, ""quarter"": 2, ""value"": 0.0}]"
VPG,1,BalanceSheet,Quarter,3020105,5. Cổ phiếu quỹ,30201,False,4,,"[{""period"": ""Q4 2015"", ""year"": 2015, ""quarter"": 4, ""value"": 0.0}, {""period"": ""Q4 2016"", ""year"": 2016, ""quarter"": 4, ""value"": 0.0}, {""period"": ""Q2 2017"", ""year"": 2017, ""quarter"": 2, ""value"": 0.0}, {""period"": ""Q3 2017"", ""year"": 2017, ""quarter"": 3, ""value"": 0.0}, {""period"": ""Q4 2017"", ""year"": 2017, ""quarter"": 4, ""value"": 0.0}, {""period"": ""Q1 2018"", ""year"": 2018, ""quarter"": 1, ""value"": 0.0}, {""period"": ""Q2 2018"", ""year"": 2018, ""quarter"": 2, ""value"": 0.0}, {""period"": ""Q3 2018"", ""year"": 2018, ""quarter"": 3, ""value"": 0.0}, {""period"": ""Q4 2018"", ""year"": 2018, ""quarter"": 4, ""value"": 0.0}, {""period"": ""Q1 2019"", ""year"": 2019, ""quarter"": 1, ""value"": 0.0}, {""period"": ""Q2 2019"", ""year"": 2019, ""quarter"": 2, ""value"": 0.0}, {""period"": ""Q3 2019"", ""year"": 2019, ""quarter"": 3, ""value"": 0.0}, {""period"": ""Q4 2019"", ""year"": 2019, ""quarter"": 4, ""value"": 0.0}, {""period"": ""Q1 2020"", ""year"": 2020, ""quarter"": 1, ""value"": 0.0}, {""period"": ""Q2 2020"", ""year"": 2020, ""quarter"": 2, ""value"": 0.0}, {""period"": ""Q3 2020"", ""year"": 2020, ""quarter"": 3, ""value"": 0.0}, {""period"": ""Q4 2020"", ""year"": 2020, ""quarter"": 4, ""value"": 0.0}, {""period"": ""Q1 2021"", ""year"": 2021, ""quarter"": 1, ""value"": 0.0}, {""period"": ""Q2 2021"", ""year"": 2021, ""quarter"": 2, ""value"": 0.0}, {""period"": ""Q3 2021"", ""year"": 2021, ""quarter"": 3, ""value"": 0.0}, {""period"": ""Q4 2021"", ""year"": 2021, ""quarter"": 4, ""value"": 0.0}, {""period"": ""Q1 2022"", ""year"": 2022, ""quarter"": 1, ""value"": 0.0}, {""period"": ""Q2 2022"", ""year"": 2022, ""quarter"": 2, ""value"": 0.0}, {""period"": ""Q3 2022"", ""year"": 2022, ""quarter"": 3, ""value"": 0.0}, {""period"": ""Q4 2022"", ""year"": 2022, ""quarter"": 4, ""value"": 0.0}, {""period"": ""Q1 2023"", ""year"": 2023, ""quarter"": 1, ""value"": 0.0}, {""period"": ""Q2 2023"", ""year"": 2023, ""quarter"": 2, ""value"": 0.0}, {""period"": ""Q3 2023"", ""year"": 2023, ""quarter"": 3, ""value"": 0.0}, {""period"": ""Q4 2023"", ""year"": 2023, ""quarter"": 4, ""value"": 0.0}, {""period"": ""Q1 2024"", ""year"": 2024, ""quarter"": 1, ""value"": 0.0}, {""period"": ""Q2 2024"", ""year"": 2024, ""quarter"": 2, ""value"": 0.0}, {""period"": ""Q3 2024"", ""year"": 2024, ""quarter"": 3, ""value"": 0.0}, {""period"": ""Q4 2024"", ""year"": 2024, ""quarter"": 4, ""value"": 0.0}, {""period"": ""Q1 2025"", ""year"": 2025, ""quarter"": 1, ""value"": 0.0}, {""period"": ""Q2 2025"", ""year"": 2025, ""quarter"": 2, ""value"": 0.0}, {""period"": ""Q3 2025"", ""year"": 2025, ""quarter"": 3, ""value"": 0.0}, {""period"": ""Q4 2025"", ""year"": 2025, ""quarter"": 4, ""value"": 0.0}, {""period"": ""Q1 2026"", ""year"": 2026, ""quarter"": 1, ""value"": 0.0}, {""period"": ""Q2 2026"", ""year"": 2026, ""quarter"": 2, ""value"": 0.0}]"
VPG,1,BalanceSheet,Quarter,3020106,6. Chênh lệch đánh giá lại tài sản,30201,False,4,,"[{""period"": ""Q4 2015"", ""year"": 2015, ""quarter"": 4, ""value"": 0.0}, {""period"": ""Q4 2016"", ""year"": 2016, ""quarter"": 4, ""value"": 0.0}, {""period"": ""Q2 2017"", ""year"": 2017, ""quarter"": 2, ""value"": 0.0}, {""period"": ""Q3 2017"", ""year"": 2017, ""quarter"": 3, ""value"": 0.0}, {""period"": ""Q4 2017"", ""year"": 2017, ""quarter"": 4, ""value"": 0.0}, {""period"": ""Q1 2018"", ""year"": 2018, ""quarter"": 1, ""value"": 0.0}, {""period"": ""Q2 2018"", ""year"": 2018, ""quarter"": 2, ""value"": 0.0}, {""period"": ""Q3 2018"", ""year"": 2018, ""quarter"": 3, ""value"": 0.0}, {""period"": ""Q4 2018"", ""year"": 2018, ""quarter"": 4, ""value"": 0.0}, {""period"": ""Q1 2019"", ""year"": 2019, ""quarter"": 1, ""value"": 0.0}, {""period"": ""Q2 2019"", ""year"": 2019, ""quarter"": 2, ""value"": 0.0}, {""period"": ""Q3 2019"", ""year"": 2019, ""quarter"": 3, ""value"": 0.0}, {""period"": ""Q4 2019"", ""year"": 2019, ""quarter"": 4, ""value"": 0.0}, {""period"": ""Q1 2020"", ""year"": 2020, ""quarter"": 1, ""value"": 0.0}, {""period"": ""Q2 2020"", ""year"": 2020, ""quarter"": 2, ""value"": 0.0}, {""period"": ""Q3 2020"", ""year"": 2020, ""quarter"": 3, ""value"": 0.0}, {""period"": ""Q4 2020"", ""year"": 2020, ""quarter"": 4, ""value"": 0.0}, {""period"": ""Q1 2021"", ""year"": 2021, ""quarter"": 1, ""value"": 0.0}, {""period"": ""Q2 2021"", ""year"": 2021, ""quarter"": 2, ""value"": 0.0}, {""period"": ""Q3 2021"", ""year"": 2021, ""quarter"": 3, ""value"": 0.0}, {""period"": ""Q4 2021"", ""year"": 2021, ""quarter"": 4, ""value"": 0.0}, {""period"": ""Q1 2022"", ""year"": 2022, ""quarter"": 1, ""value"": 0.0}, {""period"": ""Q2 2022"", ""year"": 2022, ""quarter"": 2, ""value"": 0.0}, {""period"": ""Q3 2022"", ""year"": 2022, ""quarter"": 3, ""value"": 0.0}, {""period"": ""Q4 2022"", ""year"": 2022, ""quarter"": 4, ""value"": 0.0}, {""period"": ""Q1 2023"", ""year"": 2023, ""quarter"": 1, ""value"": 0.0}, {""period"": ""Q2 2023"", ""year"": 2023, ""quarter"": 2, ""value"": 0.0}, {""period"": ""Q3 2023"", ""year"": 2023, ""quarter"": 3, ""value"": 0.0}, {""period"": ""Q4 2023"", ""year"": 2023, ""quarter"": 4, ""value"": 0.0}, {""period"": ""Q1 2024"", ""year"": 2024, ""quarter"": 1, ""value"": 0.0}, {""period"": ""Q2 2024"", ""year"": 2024, ""quarter"": 2, ""value"": 0.0}, {""period"": ""Q3 2024"", ""year"": 2024, ""quarter"": 3, ""value"": 0.0}, {""period"": ""Q4 2024"", ""year"": 2024, ""quarter"": 4, ""value"": 0.0}, {""period"": ""Q1 2025"", ""year"": 2025, ""quarter"": 1, ""value"": 0.0}, {""period"": ""Q2 2025"", ""year"": 2025, ""quarter"": 2, ""value"": 0.0}, {""period"": ""Q3 2025"", ""year"": 2025, ""quarter"": 3, ""value"": 0.0}, {""period"": ""Q4 2025"", ""year"": 2025, ""quarter"": 4, ""value"": 0.0}, {""period"": ""Q1 2026"", ""year"": 2026, ""quarter"": 1, ""value"": 0.0}, {""period"": ""Q2 2026"", ""year"": 2026, ""quarter"": 2, ""value"": 0.0}]"
VPG,1,BalanceSheet,Quarter,3020107,7. Chênh lệch tỷ giá hối đoái,30201,False,4,,"[{""period"": ""Q4 2015"", ""year"": 2015, ""quarter"": 4, ""value"": 0.0}, {""period"": ""Q4 2016"", ""year"": 2016, ""quarter"": 4, ""value"": 0.0}, {""period"": ""Q2 2017"", ""year"": 2017, ""quarter"": 2, ""value"": 0.0}, {""period"": ""Q3 2017"", ""year"": 2017, ""quarter"": 3, ""value"": 0.0}, {""period"": ""Q4 2017"", ""year"": 2017, ""quarter"": 4, ""value"": 0.0}, {""period"": ""Q1 2018"", ""year"": 2018, ""quarter"": 1, ""value"": 0.0}, {""period"": ""Q2 2018"", ""year"": 2018, ""quarter"": 2, ""value"": 0.0}, {""period"": ""Q3 2018"", ""year"": 2018, ""quarter"": 3, ""value"": 0.0}, {""period"": ""Q4 2018"", ""year"": 2018, ""quarter"": 4, ""value"": 0.0}, {""period"": ""Q1 2019"", ""year"": 2019, ""quarter"": 1, ""value"": 0.0}, {""period"": ""Q2 2019"", ""year"": 2019, ""quarter"": 2, ""value"": 0.0}, {""period"": ""Q3 2019"", ""year"": 2019, ""quarter"": 3, ""value"": 0.0}, {""period"": ""Q4 2019"", ""year"": 2019, ""quarter"": 4, ""value"": 0.0}, {""period"": ""Q1 2020"", ""year"": 2020, ""quarter"": 1, ""value"": 0.0}, {""period"": ""Q2 2020"", ""year"": 2020, ""quarter"": 2, ""value"": 0.0}, {""period"": ""Q3 2020"", ""year"": 2020, ""quarter"": 3, ""value"": 0.0}, {""period"": ""Q4 2020"", ""year"": 2020, ""quarter"": 4, ""value"": 0.0}, {""period"": ""Q1 2021"", ""year"": 2021, ""quarter"": 1, ""value"": 0.0}, {""period"": ""Q2 2021"", ""year"": 2021, ""quarter"": 2, ""value"": 0.0}, {""period"": ""Q3 2021"", ""year"": 2021, ""quarter"": 3, ""value"": 0.0}, {""period"": ""Q4 2021"", ""year"": 2021, ""quarter"": 4, ""value"": 0.0}, {""period"": ""Q1 2022"", ""year"": 2022, ""quarter"": 1, ""value"": 0.0}, {""period"": ""Q2 2022"", ""year"": 2022, ""quarter"": 2, ""value"": 0.0}, {""period"": ""Q3 2022"", ""year"": 2022, ""quarter"": 3, ""value"": 0.0}, {""period"": ""Q4 2022"", ""year"": 2022, ""quarter"": 4, ""value"": 0.0}, {""period"": ""Q1 2023"", ""year"": 2023, ""quarter"": 1, ""value"": 0.0}, {""period"": ""Q2 2023"", ""year"": 2023, ""quarter"": 2, ""value"": 0.0}, {""period"": ""Q3 2023"", ""year"": 2023, ""quarter"": 3, ""value"": 0.0}, {""period"": ""Q4 2023"", ""year"": 2023, ""quarter"": 4, ""value"": 0.0}, {""period"": ""Q1 2024"", ""year"": 2024, ""quarter"": 1, ""value"": 0.0}, {""period"": ""Q2 2024"", ""year"": 2024, ""quarter"": 2, ""value"": 0.0}, {""period"": ""Q3 2024"", ""year"": 2024, ""quarter"": 3, ""value"": 0.0}, {""period"": ""Q4 2024"", ""year"": 2024, ""quarter"": 4, ""value"": 0.0}, {""period"": ""Q1 2025"", ""year"": 2025, ""quarter"": 1, ""value"": 0.0}, {""period"": ""Q2 2025"", ""year"": 2025, ""quarter"": 2, ""value"": 0.0}, {""period"": ""Q3 2025"", ""year"": 2025, ""quarter"": 3, ""value"": 0.0}, {""period"": ""Q4 2025"", ""year"": 2025, ""quarter"": 4, ""value"": 0.0}, {""period"": ""Q1 2026"", ""year"": 2026, ""quarter"": 1, ""value"": 0.0}, {""period"": ""Q2 2026"", ""year"": 2026, ""quarter"": 2, ""value"": 0.0}]"
VPG,1,BalanceSheet,Quarter,3020108,8. Quỹ đầu tư phát triển,30201,False,4,,"[{""period"": ""Q4 2015"", ""year"": 2015, ""quarter"": 4, ""value"": 0.0}, {""period"": ""Q4 2016"", ""year"": 2016, ""quarter"": 4, ""value"": 0.0}, {""period"": ""Q2 2017"", ""year"": 2017, ""quarter"": 2, ""value"": 0.0}, {""period"": ""Q3 2017"", ""year"": 2017, ""quarter"": 3, ""value"": 0.0}, {""period"": ""Q4 2017"", ""year"": 2017, ""quarter"": 4, ""value"": 0.0}, {""period"": ""Q1 2018"", ""year"": 2018, ""quarter"": 1, ""value"": 0.0}, {""period"": ""Q2 2018"", ""year"": 2018, ""quarter"": 2, ""value"": 0.0}, {""period"": ""Q3 2018"", ""year"": 2018, ""quarter"": 3, ""value"": 0.0}, {""period"": ""Q4 2018"", ""year"": 2018, ""quarter"": 4, ""value"": 0.0}, {""period"": ""Q1 2019"", ""year"": 2019, ""quarter"": 1, ""value"": 0.0}, {""period"": ""Q2 2019"", ""year"": 2019, ""quarter"": 2, ""value"": 0.0}, {""period"": ""Q3 2019"", ""year"": 2019, ""quarter"": 3, ""value"": 0.0}, {""period"": ""Q4 2019"", ""year"": 2019, ""quarter"": 4, ""value"": 0.0}, {""period"": ""Q1 2020"", ""year"": 2020, ""quarter"": 1, ""value"": 0.0}, {""period"": ""Q2 2020"", ""year"": 2020, ""quarter"": 2, ""value"": 0.0}, {""period"": ""Q3 2020"", ""year"": 2020, ""quarter"": 3, ""value"": 0.0}, {""period"": ""Q4 2020"", ""year"": 2020, ""quarter"": 4, ""value"": 0.0}, {""period"": ""Q1 2021"", ""year"": 2021, ""quarter"": 1, ""value"": 0.0}, {""period"": ""Q2 2021"", ""year"": 2021, ""quarter"": 2, ""value"": 0.0}, {""period"": ""Q3 2021"", ""year"": 2021, ""quarter"": 3, ""value"": 0.0}, {""period"": ""Q4 2021"", ""year"": 2021, ""quarter"": 4, ""value"": 0.0}, {""period"": ""Q1 2022"", ""year"": 2022, ""quarter"": 1, ""value"": 0.0}, {""period"": ""Q2 2022"", ""year"": 2022, ""quarter"": 2, ""value"": 21064879000.0}, {""period"": ""Q3 2022"", ""year"": 2022, ""quarter"": 3, ""value"": 21064879000.0}, {""period"": ""Q4 2022"", ""year"": 2022, ""quarter"": 4, ""value"": 21064879000.0}, {""period"": ""Q1 2023"", ""year"": 2023, ""quarter"": 1, ""value"": 21064879000.0}, {""period"": ""Q2 2023"", ""year"": 2023, ""quarter"": 2, ""value"": 27318145144.0}, {""period"": ""Q3 2023"", ""year"": 2023, ""quarter"": 3, ""value"": 27318145144.0}, {""period"": ""Q4 2023"", ""year"": 2023, ""quarter"": 4, ""value"": 27318145144.0}, {""period"": ""Q1 2024"", ""year"": 2024, ""quarter"": 1, ""value"": 27318145144.0}, {""period"": ""Q2 2024"", ""year"": 2024, ""quarter"": 2, ""value"": 27318145144.0}, {""period"": ""Q3 2024"", ""year"": 2024, ""quarter"": 3, ""value"": 27318145144.0}, {""period"": ""Q4 2024"", ""year"": 2024, ""quarter"": 4, ""value"": 27318145144.0}, {""period"": ""Q1 2025"", ""year"": 2025, ""quarter"": 1, ""value"": 27318145144.0}, {""period"": ""Q2 2025"", ""year"": 2025, ""quarter"": 2, ""value"": 27318145144.0}, {""period"": ""Q3 2025"", ""year"": 2025, ""quarter"": 3, ""value"": 27318145144.0}, {""period"": ""Q4 2025"", ""year"": 2025, ""quarter"": 4, ""value"": 27318145144.0}, {""period"": ""Q1 2026"", ""year"": 2026, ""quarter"": 1, ""value"": 27318145144.0}, {""period"": ""Q2 2026"", ""year"": 2026, ""quarter"": 2, ""value"": 27318145144.0}]"
VPG,1,BalanceSheet,Quarter,3020109,9. Quỹ dự phòng tài chính,30201,False,4,,"[{""period"": ""Q4 2015"", ""year"": 2015, ""quarter"": 4, ""value"": 0.0}, {""period"": ""Q4 2016"", ""year"": 2016, ""quarter"": 4, ""value"": 0.0}, {""period"": ""Q2 2017"", ""year"": 2017, ""quarter"": 2, ""value"": 0.0}, {""period"": ""Q3 2017"", ""year"": 2017, ""quarter"": 3, ""value"": 0.0}, {""period"": ""Q4 2017"", ""year"": 2017, ""quarter"": 4, ""value"": 0.0}, {""period"": ""Q1 2018"", ""year"": 2018, ""quarter"": 1, ""value"": 0.0}, {""period"": ""Q2 2018"", ""year"": 2018, ""quarter"": 2, ""value"": 0.0}, {""period"": ""Q3 2018"", ""year"": 2018, ""quarter"": 3, ""value"": 0.0}, {""period"": ""Q4 2018"", ""year"": 2018, ""quarter"": 4, ""value"": 0.0}, {""period"": ""Q1 2019"", ""year"": 2019, ""quarter"": 1, ""value"": 0.0}, {""period"": ""Q2 2019"", ""year"": 2019, ""quarter"": 2, ""value"": 0.0}, {""period"": ""Q3 2019"", ""year"": 2019, ""quarter"": 3, ""value"": 0.0}, {""period"": ""Q4 2019"", ""year"": 2019, ""quarter"": 4, ""value"": 0.0}, {""period"": ""Q1 2020"", ""year"": 2020, ""quarter"": 1, ""value"": 0.0}, {""period"": ""Q2 2020"", ""year"": 2020, ""quarter"": 2, ""value"": 0.0}, {""period"": ""Q3 2020"", ""year"": 2020, ""quarter"": 3, ""value"": 0.0}, {""period"": ""Q4 2020"", ""year"": 2020, ""quarter"": 4, ""value"": 0.0}, {""period"": ""Q1 2021"", ""year"": 2021, ""quarter"": 1, ""value"": 0.0}, {""period"": ""Q2 2021"", ""year"": 2021, ""quarter"": 2, ""value"": 0.0}, {""period"": ""Q3 2021"", ""year"": 2021, ""quarter"": 3, ""value"": 0.0}, {""period"": ""Q4 2021"", ""year"": 2021, ""quarter"": 4, ""value"": 0.0}, {""period"": ""Q1 2022"", ""year"": 2022, ""quarter"": 1, ""value"": 0.0}, {""period"": ""Q2 2022"", ""year"": 2022, ""quarter"": 2, ""value"": 0.0}, {""period"": ""Q3 2022"", ""year"": 2022, ""quarter"": 3, ""value"": 0.0}, {""period"": ""Q4 2022"", ""year"": 2022, ""quarter"": 4, ""value"": 0.0}, {""period"": ""Q1 2023"", ""year"": 2023, ""quarter"": 1, ""value"": 0.0}, {""period"": ""Q2 2023"", ""year"": 2023, ""quarter"": 2, ""value"": 0.0}, {""period"": ""Q3 2023"", ""year"": 2023, ""quarter"": 3, ""value"": 0.0}, {""period"": ""Q4 2023"", ""year"": 2023, ""quarter"": 4, ""value"": 0.0}, {""period"": ""Q1 2024"", ""year"": 2024, ""quarter"": 1, ""value"": 0.0}, {""period"": ""Q2 2024"", ""year"": 2024, ""quarter"": 2, ""value"": 0.0}, {""period"": ""Q3 2024"", ""year"": 2024, ""quarter"": 3, ""value"": 0.0}, {""period"": ""Q4 2024"", ""year"": 2024, ""quarter"": 4, ""value"": 0.0}, {""period"": ""Q1 2025"", ""year"": 2025, ""quarter"": 1, ""value"": 0.0}, {""period"": ""Q2 2025"", ""year"": 2025, ""quarter"": 2, ""value"": 0.0}, {""period"": ""Q3 2025"", ""year"": 2025, ""quarter"": 3, ""value"": 0.0}, {""period"": ""Q4 2025"", ""year"": 2025, ""quarter"": 4, ""value"": 0.0}, {""period"": ""Q1 2026"", ""year"": 2026, ""quarter"": 1, ""value"": 0.0}, {""period"": ""Q2 2026"", ""year"": 2026, ""quarter"": 2, ""value"": 0.0}]"
VPG,1,BalanceSheet,Quarter,3020110,10. Quỹ khác thuộc vốn chủ sở hữu,30201,False,4,,"[{""period"": ""Q4 2015"", ""year"": 2015, ""quarter"": 4, ""value"": 0.0}, {""period"": ""Q4 2016"", ""year"": 2016, ""quarter"": 4, ""value"": 0.0}, {""period"": ""Q2 2017"", ""year"": 2017, ""quarter"": 2, ""value"": 0.0}, {""period"": ""Q3 2017"", ""year"": 2017, ""quarter"": 3, ""value"": 0.0}, {""period"": ""Q4 2017"", ""year"": 2017, ""quarter"": 4, ""value"": 0.0}, {""period"": ""Q1 2018"", ""year"": 2018, ""quarter"": 1, ""value"": 0.0}, {""period"": ""Q2 2018"", ""year"": 2018, ""quarter"": 2, ""value"": 0.0}, {""period"": ""Q3 2018"", ""year"": 2018, ""quarter"": 3, ""value"": 0.0}, {""period"": ""Q4 2018"", ""year"": 2018, ""quarter"": 4, ""value"": 0.0}, {""period"": ""Q1 2019"", ""year"": 2019, ""quarter"": 1, ""value"": 0.0}, {""period"": ""Q2 2019"", ""year"": 2019, ""quarter"": 2, ""value"": 0.0}, {""period"": ""Q3 2019"", ""year"": 2019, ""quarter"": 3, ""value"": 0.0}, {""period"": ""Q4 2019"", ""year"": 2019, ""quarter"": 4, ""value"": 0.0}, {""period"": ""Q1 2020"", ""year"": 2020, ""quarter"": 1, ""value"": 0.0}, {""period"": ""Q2 2020"", ""year"": 2020, ""quarter"": 2, ""value"": 0.0}, {""period"": ""Q3 2020"", ""year"": 2020, ""quarter"": 3, ""value"": 0.0}, {""period"": ""Q4 2020"", ""year"": 2020, ""quarter"": 4, ""value"": 0.0}, {""period"": ""Q1 2021"", ""year"": 2021, ""quarter"": 1, ""value"": 0.0}, {""period"": ""Q2 2021"", ""year"": 2021, ""quarter"": 2, ""value"": 0.0}, {""period"": ""Q3 2021"", ""year"": 2021, ""quarter"": 3, ""value"": 0.0}, {""period"": ""Q4 2021"", ""year"": 2021, ""quarter"": 4, ""value"": 0.0}, {""period"": ""Q1 2022"", ""year"": 2022, ""quarter"": 1, ""value"": 0.0}, {""period"": ""Q2 2022"", ""year"": 2022, ""quarter"": 2, ""value"": 0.0}, {""period"": ""Q3 2022"", ""year"": 2022, ""quarter"": 3, ""value"": 0.0}, {""period"": ""Q4 2022"", ""year"": 2022, ""quarter"": 4, ""value"": 0.0}, {""period"": ""Q1 2023"", ""year"": 2023, ""quarter"": 1, ""value"": 0.0}, {""period"": ""Q2 2023"", ""year"": 2023, ""quarter"": 2, ""value"": 0.0}, {""period"": ""Q3 2023"", ""year"": 2023, ""quarter"": 3, ""value"": 0.0}, {""period"": ""Q4 2023"", ""year"": 2023, ""quarter"": 4, ""value"": 0.0}, {""period"": ""Q1 2024"", ""year"": 2024, ""quarter"": 1, ""value"": 0.0}, {""period"": ""Q2 2024"", ""year"": 2024, ""quarter"": 2, ""value"": 0.0}, {""period"": ""Q3 2024"", ""year"": 2024, ""quarter"": 3, ""value"": 0.0}, {""period"": ""Q4 2024"", ""year"": 2024, ""quarter"": 4, ""value"": 0.0}, {""period"": ""Q1 2025"", ""year"": 2025, ""quarter"": 1, ""value"": 0.0}, {""period"": ""Q2 2025"", ""year"": 2025, ""quarter"": 2, ""value"": 0.0}, {""period"": ""Q3 2025"", ""year"": 2025, ""quarter"": 3, ""value"": 0.0}, {""period"": ""Q4 2025"", ""year"": 2025, ""quarter"": 4, ""value"": 0.0}, {""period"": ""Q1 2026"", ""year"": 2026, ""quarter"": 1, ""value"": 0.0}, {""period"": ""Q2 2026"", ""year"": 2026, ""quarter"": 2, ""value"": 0.0}]"
VPG,1,BalanceSheet,Quarter,3020111,11. Lợi nhuận sau thuế chưa phân phối,30201,False,4,,"[{""period"": ""Q4 2015"", ""year"": 2015, ""quarter"": 4, ""value"": 9695291066.0}, {""period"": ""Q4 2016"", ""year"": 2016, ""quarter"": 4, ""value"": 24433658547.0}, {""period"": ""Q2 2017"", ""year"": 2017, ""quarter"": 2, ""value"": 43637960781.0}, {""period"": ""Q3 2017"", ""year"": 2017, ""quarter"": 3, ""value"": 48612033144.0}, {""period"": ""Q4 2017"", ""year"": 2017, ""quarter"": 4, ""value"": 57722295795.0}, {""period"": ""Q1 2018"", ""year"": 2018, ""quarter"": 1, ""value"": 66158782952.0}, {""period"": ""Q2 2018"", ""year"": 2018, ""quarter"": 2, ""value"": 97297878111.0}, {""period"": ""Q3 2018"", ""year"": 2018, ""quarter"": 3, ""value"": 79006551861.0}, {""period"": ""Q4 2018"", ""year"": 2018, ""quarter"": 4, ""value"": 83498382880.0}, {""period"": ""Q1 2019"", ""year"": 2019, ""quarter"": 1, ""value"": 98368888278.0}, {""period"": ""Q2 2019"", ""year"": 2019, ""quarter"": 2, ""value"": 73898061020.0}, {""period"": ""Q3 2019"", ""year"": 2019, ""quarter"": 3, ""value"": 86506825333.0}, {""period"": ""Q4 2019"", ""year"": 2019, ""quarter"": 4, ""value"": 84787941656.0}, {""period"": ""Q1 2020"", ""year"": 2020, ""quarter"": 1, ""value"": 83032853967.0}, {""period"": ""Q2 2020"", ""year"": 2020, ""quarter"": 2, ""value"": 87677133377.0}, {""period"": ""Q3 2020"", ""year"": 2020, ""quarter"": 3, ""value"": 65602822932.0}, {""period"": ""Q4 2020"", ""year"": 2020, ""quarter"": 4, ""value"": 126295610751.0}, {""period"": ""Q1 2021"", ""year"": 2021, ""quarter"": 1, ""value"": 264784060656.0}, {""period"": ""Q2 2021"", ""year"": 2021, ""quarter"": 2, ""value"": 382702031722.0}, {""period"": ""Q3 2021"", ""year"": 2021, ""quarter"": 3, ""value"": 421113618978.0}, {""period"": ""Q4 2021"", ""year"": 2021, ""quarter"": 4, ""value"": 482417487378.0}, {""period"": ""Q1 2022"", ""year"": 2022, ""quarter"": 1, ""value"": 534610209236.0}, {""period"": ""Q2 2022"", ""year"": 2022, ""quarter"": 2, ""value"": 507845796053.0}, {""period"": ""Q3 2022"", ""year"": 2022, ""quarter"": 3, ""value"": 482502459865.0}, {""period"": ""Q4 2022"", ""year"": 2022, ""quarter"": 4, ""value"": 389817142819.0}, {""period"": ""Q1 2023"", ""year"": 2023, ""quarter"": 1, ""value"": 426175108384.0}, {""period"": ""Q2 2023"", ""year"": 2023, ""quarter"": 2, ""value"": 440347885251.0}, {""period"": ""Q3 2023"", ""year"": 2023, ""quarter"": 3, ""value"": 413848974970.0}, {""period"": ""Q4 2023"", ""year"": 2023, ""quarter"": 4, ""value"": 355916754149.0}, {""period"": ""Q1 2024"", ""year"": 2024, ""quarter"": 1, ""value"": 357627048610.0}, {""period"": ""Q2 2024"", ""year"": 2024, ""quarter"": 2, ""value"": 359682746925.0}, {""period"": ""Q3 2024"", ""year"": 2024, ""quarter"": 3, ""value"": 329523543241.0}, {""period"": ""Q4 2024"", ""year"": 2024, ""quarter"": 4, ""value"": 415875849618.0}, {""period"": ""Q1 2025"", ""year"": 2025, ""quarter"": 1, ""value"": 431485686047.0}, {""period"": ""Q2 2025"", ""year"": 2025, ""quarter"": 2, ""value"": 455254253774.0}, {""period"": ""Q3 2025"", ""year"": 2025, ""quarter"": 3, ""value"": 226931974903.0}, {""period"": ""Q4 2025"", ""year"": 2025, ""quarter"": 4, ""value"": -194293408986.0}, {""period"": ""Q1 2026"", ""year"": 2026, ""quarter"": 1, ""value"": -226168671586.0}, {""period"": ""Q2 2026"", ""year"": 2026, ""quarter"": 2, ""value"": -260220260499.0}]"
VPG,1,BalanceSheet,Quarter,302011101,- LNST chưa phân phối lũy kế đến cuối kỳ trước,3020111,False,5,,"[{""period"": ""Q4 2015"", ""year"": 2015, ""quarter"": 4, ""value"": 4196653289.0}, {""period"": ""Q4 2016"", ""year"": 2016, ""quarter"": 4, ""value"": 9695291066.0}, {""period"": ""Q2 2017"", ""year"": 2017, ""quarter"": 2, ""value"": 24407582591.0}, {""period"": ""Q3 2017"", ""year"": 2017, ""quarter"": 3, ""value"": 43637960781.0}, {""period"": ""Q4 2017"", ""year"": 2017, ""quarter"": 4, ""value"": 24407582591.0}, {""period"": ""Q1 2018"", ""year"": 2018, ""quarter"": 1, ""value"": 54232173577.0}, {""period"": ""Q2 2018"", ""year"": 2018, ""quarter"": 2, ""value"": 54232173577.0}, {""period"": ""Q3 2018"", ""year"": 2018, ""quarter"": 3, ""value"": 24232243577.0}, {""period"": ""Q4 2018"", ""year"": 2018, ""quarter"": 4, ""value"": 23394839463.0}, {""period"": ""Q1 2019"", ""year"": 2019, ""quarter"": 1, ""value"": 82096654588.0}, {""period"": ""Q2 2019"", ""year"": 2019, ""quarter"": 2, ""value"": 44837579608.0}, {""period"": ""Q3 2019"", ""year"": 2019, ""quarter"": 3, ""value"": 44837579608.0}, {""period"": ""Q4 2019"", ""year"": 2019, ""quarter"": 4, ""value"": 27635540107.0}, {""period"": ""Q1 2020"", ""year"": 2020, ""quarter"": 1, ""value"": 82704764661.0}, {""period"": ""Q2 2020"", ""year"": 2020, ""quarter"": 2, ""value"": 79951303661.0}, {""period"": ""Q3 2020"", ""year"": 2020, ""quarter"": 3, ""value"": 37953163661.0}, {""period"": ""Q4 2020"", ""year"": 2020, ""quarter"": 4, ""value"": 37953163661.0}, {""period"": ""Q1 2021"", ""year"": 2021, ""quarter"": 1, ""value"": 126295610751.0}, {""period"": ""Q2 2021"", ""year"": 2021, ""quarter"": 2, ""value"": 121878490751.0}, {""period"": ""Q3 2021"", ""year"": 2021, ""quarter"": 3, ""value"": 61119906751.0}, {""period"": ""Q4 2021"", ""year"": 2021, ""quarter"": 4, ""value"": 61119906751.0}, {""period"": ""Q1 2022"", ""year"": 2022, ""quarter"": 1, ""value"": 482417487378.0}, {""period"": ""Q2 2022"", ""year"": 2022, ""quarter"": 2, ""value"": 367383649378.0}, {""period"": ""Q3 2022"", ""year"": 2022, ""quarter"": 3, ""value"": 327284481378.0}, {""period"": ""Q4 2022"", ""year"": 2022, ""quarter"": 4, ""value"": 327284481378.0}, {""period"": ""Q1 2023"", ""year"": 2023, ""quarter"": 1, ""value"": 389817142819.0}, {""period"": ""Q2 2023"", ""year"": 2023, ""quarter"": 2, ""value"": 380437243603.0}, {""period"": ""Q3 2023"", ""year"": 2023, ""quarter"": 3, ""value"": 336374668426.0}, {""period"": ""Q4 2023"", ""year"": 2023, ""quarter"": 4, ""value"": 336374668426.0}, {""period"": ""Q1 2024"", ""year"": 2024, ""quarter"": 1, ""value"": 355835692943.0}, {""period"": ""Q2 2024"", ""year"": 2024, ""quarter"": 2, ""value"": 355835692943.0}, {""period"": ""Q3 2024"", ""year"": 2024, ""quarter"": 3, ""value"": 313748892943.0}, {""period"": ""Q4 2024"", ""year"": 2024, ""quarter"": 4, ""value"": 313748892943.0}, {""period"": ""Q1 2025"", ""year"": 2025, ""quarter"": 1, ""value"": 412517446090.0}, {""period"": ""Q2 2025"", ""year"": 2025, ""quarter"": 2, ""value"": 412517446090.0}, {""period"": ""Q3 2025"", ""year"": 2025, ""quarter"": 3, ""value"": 412517446090.0}, {""period"": ""Q4 2025"", ""year"": 2025, ""quarter"": 4, ""value"": 412517446090.0}, {""period"": ""Q1 2026"", ""year"": 2026, ""quarter"": 1, ""value"": -194293408986.0}, {""period"": ""Q2 2026"", ""year"": 2026, ""quarter"": 2, ""value"": -194293408986.0}]"
VPG,1,BalanceSheet,Quarter,302011102,- LNST chưa phân phối kỳ này,3020111,False,5,,"[{""period"": ""Q4 2015"", ""year"": 2015, ""quarter"": 4, ""value"": 5498637777.0}, {""period"": ""Q4 2016"", ""year"": 2016, ""quarter"": 4, ""value"": 14738367481.0}, {""period"": ""Q2 2017"", ""year"": 2017, ""quarter"": 2, ""value"": 19230378190.0}, {""period"": ""Q3 2017"", ""year"": 2017, ""quarter"": 3, ""value"": 4974072363.0}, {""period"": ""Q4 2017"", ""year"": 2017, ""quarter"": 4, ""value"": 33314713204.0}, {""period"": ""Q1 2018"", ""year"": 2018, ""quarter"": 1, ""value"": 11926609375.0}, {""period"": ""Q2 2018"", ""year"": 2018, ""quarter"": 2, ""value"": 43065704534.0}, {""period"": ""Q3 2018"", ""year"": 2018, ""quarter"": 3, ""value"": 54774308284.0}, {""period"": ""Q4 2018"", ""year"": 2018, ""quarter"": 4, ""value"": 60103543417.0}, {""period"": ""Q1 2019"", ""year"": 2019, ""quarter"": 1, ""value"": 16272233690.0}, {""period"": ""Q2 2019"", ""year"": 2019, ""quarter"": 2, ""value"": 29060481412.0}, {""period"": ""Q3 2019"", ""year"": 2019, ""quarter"": 3, ""value"": 41669245725.0}, {""period"": ""Q4 2019"", ""year"": 2019, ""quarter"": 4, ""value"": 57152401549.0}, {""period"": ""Q1 2020"", ""year"": 2020, ""quarter"": 1, ""value"": 328089306.0}, {""period"": ""Q2 2020"", ""year"": 2020, ""quarter"": 2, ""value"": 7725829716.0}, {""period"": ""Q3 2020"", ""year"": 2020, ""quarter"": 3, ""value"": 27649659271.0}, {""period"": ""Q4 2020"", ""year"": 2020, ""quarter"": 4, ""value"": 88342447090.0}, {""period"": ""Q1 2021"", ""year"": 2021, ""quarter"": 1, ""value"": 138488449905.0}, {""period"": ""Q2 2021"", ""year"": 2021, ""quarter"": 2, ""value"": 260823540971.0}, {""period"": ""Q3 2021"", ""year"": 2021, ""quarter"": 3, ""value"": 359993712227.0}, {""period"": ""Q4 2021"", ""year"": 2021, ""quarter"": 4, ""value"": 421297580627.0}, {""period"": ""Q1 2022"", ""year"": 2022, ""quarter"": 1, ""value"": 52192721858.0}, {""period"": ""Q2 2022"", ""year"": 2022, ""quarter"": 2, ""value"": 140462146675.0}, {""period"": ""Q3 2022"", ""year"": 2022, ""quarter"": 3, ""value"": 155217978487.0}, {""period"": ""Q4 2022"", ""year"": 2022, ""quarter"": 4, ""value"": 62532661441.0}, {""period"": ""Q1 2023"", ""year"": 2023, ""quarter"": 1, ""value"": 36357965565.0}, {""period"": ""Q2 2023"", ""year"": 2023, ""quarter"": 2, ""value"": 59910641648.0}, {""period"": ""Q3 2023"", ""year"": 2023, ""quarter"": 3, ""value"": 77474306544.0}, {""period"": ""Q4 2023"", ""year"": 2023, ""quarter"": 4, ""value"": 19542085723.0}, {""period"": ""Q1 2024"", ""year"": 2024, ""quarter"": 1, ""value"": 1791355667.0}, {""period"": ""Q2 2024"", ""year"": 2024, ""quarter"": 2, ""value"": 3847053982.0}, {""period"": ""Q3 2024"", ""year"": 2024, ""quarter"": 3, ""value"": 15774650298.0}, {""period"": ""Q4 2024"", ""year"": 2024, ""quarter"": 4, ""value"": 102126956675.0}, {""period"": ""Q1 2025"", ""year"": 2025, ""quarter"": 1, ""value"": 18968239957.0}, {""period"": ""Q2 2025"", ""year"": 2025, ""quarter"": 2, ""value"": 42736807684.0}, {""period"": ""Q3 2025"", ""year"": 2025, ""quarter"": 3, ""value"": -185585471187.0}, {""period"": ""Q4 2025"", ""year"": 2025, ""quarter"": 4, ""value"": -606810855076.0}, {""period"": ""Q1 2026"", ""year"": 2026, ""quarter"": 1, ""value"": -31875262600.0}, {""period"": ""Q2 2026"", ""year"": 2026, ""quarter"": 2, ""value"": -65926851513.0}]"
VPG,1,BalanceSheet,Quarter,3020112,12. Nguồn vốn đầu tư xây dựng cơ bản,30201,False,4,,"[{""period"": ""Q4 2015"", ""year"": 2015, ""quarter"": 4, ""value"": 0.0}, {""period"": ""Q4 2016"", ""year"": 2016, ""quarter"": 4, ""value"": 0.0}, {""period"": ""Q2 2017"", ""year"": 2017, ""quarter"": 2, ""value"": 0.0}, {""period"": ""Q3 2017"", ""year"": 2017, ""quarter"": 3, ""value"": 0.0}, {""period"": ""Q4 2017"", ""year"": 2017, ""quarter"": 4, ""value"": 0.0}, {""period"": ""Q1 2018"", ""year"": 2018, ""quarter"": 1, ""value"": 0.0}, {""period"": ""Q2 2018"", ""year"": 2018, ""quarter"": 2, ""value"": 0.0}, {""period"": ""Q3 2018"", ""year"": 2018, ""quarter"": 3, ""value"": 0.0}, {""period"": ""Q4 2018"", ""year"": 2018, ""quarter"": 4, ""value"": 0.0}, {""period"": ""Q1 2019"", ""year"": 2019, ""quarter"": 1, ""value"": 0.0}, {""period"": ""Q2 2019"", ""year"": 2019, ""quarter"": 2, ""value"": 0.0}, {""period"": ""Q3 2019"", ""year"": 2019, ""quarter"": 3, ""value"": 0.0}, {""period"": ""Q4 2019"", ""year"": 2019, ""quarter"": 4, ""value"": 0.0}, {""period"": ""Q1 2020"", ""year"": 2020, ""quarter"": 1, ""value"": 0.0}, {""period"": ""Q2 2020"", ""year"": 2020, ""quarter"": 2, ""value"": 0.0}, {""period"": ""Q3 2020"", ""year"": 2020, ""quarter"": 3, ""value"": 0.0}, {""period"": ""Q4 2020"", ""year"": 2020, ""quarter"": 4, ""value"": 0.0}, {""period"": ""Q1 2021"", ""year"": 2021, ""quarter"": 1, ""value"": 0.0}, {""period"": ""Q2 2021"", ""year"": 2021, ""quarter"": 2, ""value"": 0.0}, {""period"": ""Q3 2021"", ""year"": 2021, ""quarter"": 3, ""value"": 0.0}, {""period"": ""Q4 2021"", ""year"": 2021, ""quarter"": 4, ""value"": 0.0}, {""period"": ""Q1 2022"", ""year"": 2022, ""quarter"": 1, ""value"": 0.0}, {""period"": ""Q2 2022"", ""year"": 2022, ""quarter"": 2, ""value"": 0.0}, {""period"": ""Q3 2022"", ""year"": 2022, ""quarter"": 3, ""value"": 0.0}, {""period"": ""Q4 2022"", ""year"": 2022, ""quarter"": 4, ""value"": 0.0}, {""period"": ""Q1 2023"", ""year"": 2023, ""quarter"": 1, ""value"": 0.0}, {""period"": ""Q2 2023"", ""year"": 2023, ""quarter"": 2, ""value"": 0.0}, {""period"": ""Q3 2023"", ""year"": 2023, ""quarter"": 3, ""value"": 0.0}, {""period"": ""Q4 2023"", ""year"": 2023, ""quarter"": 4, ""value"": 0.0}, {""period"": ""Q1 2024"", ""year"": 2024, ""quarter"": 1, ""value"": 0.0}, {""period"": ""Q2 2024"", ""year"": 2024, ""quarter"": 2, ""value"": 0.0}, {""period"": ""Q3 2024"", ""year"": 2024, ""quarter"": 3, ""value"": 0.0}, {""period"": ""Q4 2024"", ""year"": 2024, ""quarter"": 4, ""value"": 0.0}, {""period"": ""Q1 2025"", ""year"": 2025, ""quarter"": 1, ""value"": 0.0}, {""period"": ""Q2 2025"", ""year"": 2025, ""quarter"": 2, ""value"": 0.0}, {""period"": ""Q3 2025"", ""year"": 2025, ""quarter"": 3, ""value"": 0.0}, {""period"": ""Q4 2025"", ""year"": 2025, ""quarter"": 4, ""value"": 0.0}, {""period"": ""Q1 2026"", ""year"": 2026, ""quarter"": 1, ""value"": 0.0}, {""period"": ""Q2 2026"", ""year"": 2026, ""quarter"": 2, ""value"": 0.0}]"
VPG,1,BalanceSheet,Quarter,3020113,13. Quỹ hỗ trợ sắp xếp doanh nghiệp,30201,False,4,,"[{""period"": ""Q4 2015"", ""year"": 2015, ""quarter"": 4, ""value"": 0.0}, {""period"": ""Q4 2016"", ""year"": 2016, ""quarter"": 4, ""value"": 0.0}, {""period"": ""Q2 2017"", ""year"": 2017, ""quarter"": 2, ""value"": 0.0}, {""period"": ""Q3 2017"", ""year"": 2017, ""quarter"": 3, ""value"": 0.0}, {""period"": ""Q4 2017"", ""year"": 2017, ""quarter"": 4, ""value"": 0.0}, {""period"": ""Q1 2018"", ""year"": 2018, ""quarter"": 1, ""value"": 0.0}, {""period"": ""Q2 2018"", ""year"": 2018, ""quarter"": 2, ""value"": 0.0}, {""period"": ""Q3 2018"", ""year"": 2018, ""quarter"": 3, ""value"": 0.0}, {""period"": ""Q4 2018"", ""year"": 2018, ""quarter"": 4, ""value"": 0.0}, {""period"": ""Q1 2019"", ""year"": 2019, ""quarter"": 1, ""value"": 0.0}, {""period"": ""Q2 2019"", ""year"": 2019, ""quarter"": 2, ""value"": 0.0}, {""period"": ""Q3 2019"", ""year"": 2019, ""quarter"": 3, ""value"": 0.0}, {""period"": ""Q4 2019"", ""year"": 2019, ""quarter"": 4, ""value"": 0.0}, {""period"": ""Q1 2020"", ""year"": 2020, ""quarter"": 1, ""value"": 0.0}, {""period"": ""Q2 2020"", ""year"": 2020, ""quarter"": 2, ""value"": 0.0}, {""period"": ""Q3 2020"", ""year"": 2020, ""quarter"": 3, ""value"": 0.0}, {""period"": ""Q4 2020"", ""year"": 2020, ""quarter"": 4, ""value"": 0.0}, {""period"": ""Q1 2021"", ""year"": 2021, ""quarter"": 1, ""value"": 0.0}, {""period"": ""Q2 2021"", ""year"": 2021, ""quarter"": 2, ""value"": 0.0}, {""period"": ""Q3 2021"", ""year"": 2021, ""quarter"": 3, ""value"": 0.0}, {""period"": ""Q4 2021"", ""year"": 2021, ""quarter"": 4, ""value"": 0.0}, {""period"": ""Q1 2022"", ""year"": 2022, ""quarter"": 1, ""value"": 0.0}, {""period"": ""Q2 2022"", ""year"": 2022, ""quarter"": 2, ""value"": 0.0}, {""period"": ""Q3 2022"", ""year"": 2022, ""quarter"": 3, ""value"": 0.0}, {""period"": ""Q4 2022"", ""year"": 2022, ""quarter"": 4, ""value"": 0.0}, {""period"": ""Q1 2023"", ""year"": 2023, ""quarter"": 1, ""value"": 0.0}, {""period"": ""Q2 2023"", ""year"": 2023, ""quarter"": 2, ""value"": 0.0}, {""period"": ""Q3 2023"", ""year"": 2023, ""quarter"": 3, ""value"": 0.0}, {""period"": ""Q4 2023"", ""year"": 2023, ""quarter"": 4, ""value"": 0.0}, {""period"": ""Q1 2024"", ""year"": 2024, ""quarter"": 1, ""value"": 0.0}, {""period"": ""Q2 2024"", ""year"": 2024, ""quarter"": 2, ""value"": 0.0}, {""period"": ""Q3 2024"", ""year"": 2024, ""quarter"": 3, ""value"": 0.0}, {""period"": ""Q4 2024"", ""year"": 2024, ""quarter"": 4, ""value"": 0.0}, {""period"": ""Q1 2025"", ""year"": 2025, ""quarter"": 1, ""value"": 0.0}, {""period"": ""Q2 2025"", ""year"": 2025, ""quarter"": 2, ""value"": 0.0}, {""period"": ""Q3 2025"", ""year"": 2025, ""quarter"": 3, ""value"": 0.0}, {""period"": ""Q4 2025"", ""year"": 2025, ""quarter"": 4, ""value"": 0.0}, {""period"": ""Q1 2026"", ""year"": 2026, ""quarter"": 1, ""value"": 0.0}, {""period"": ""Q2 2026"", ""year"": 2026, ""quarter"": 2, ""value"": 0.0}]"
VPG,1,BalanceSheet,Quarter,3020114,14. Lợi ích của cổ đông không kiểm soát,30201,False,4,,"[{""period"": ""Q4 2015"", ""year"": 2015, ""quarter"": 4, ""value"": 0.0}, {""period"": ""Q4 2016"", ""year"": 2016, ""quarter"": 4, ""value"": 0.0}, {""period"": ""Q2 2017"", ""year"": 2017, ""quarter"": 2, ""value"": 0.0}, {""period"": ""Q3 2017"", ""year"": 2017, ""quarter"": 3, ""value"": 0.0}, {""period"": ""Q4 2017"", ""year"": 2017, ""quarter"": 4, ""value"": 0.0}, {""period"": ""Q1 2018"", ""year"": 2018, ""quarter"": 1, ""value"": 0.0}, {""period"": ""Q2 2018"", ""year"": 2018, ""quarter"": 2, ""value"": 0.0}, {""period"": ""Q3 2018"", ""year"": 2018, ""quarter"": 3, ""value"": 0.0}, {""period"": ""Q4 2018"", ""year"": 2018, ""quarter"": 4, ""value"": 0.0}, {""period"": ""Q1 2019"", ""year"": 2019, ""quarter"": 1, ""value"": 0.0}, {""period"": ""Q2 2019"", ""year"": 2019, ""quarter"": 2, ""value"": 0.0}, {""period"": ""Q3 2019"", ""year"": 2019, ""quarter"": 3, ""value"": 0.0}, {""period"": ""Q4 2019"", ""year"": 2019, ""quarter"": 4, ""value"": 0.0}, {""period"": ""Q1 2020"", ""year"": 2020, ""quarter"": 1, ""value"": 0.0}, {""period"": ""Q2 2020"", ""year"": 2020, ""quarter"": 2, ""value"": 0.0}, {""period"": ""Q3 2020"", ""year"": 2020, ""quarter"": 3, ""value"": 0.0}, {""period"": ""Q4 2020"", ""year"": 2020, ""quarter"": 4, ""value"": 0.0}, {""period"": ""Q1 2021"", ""year"": 2021, ""quarter"": 1, ""value"": 0.0}, {""period"": ""Q2 2021"", ""year"": 2021, ""quarter"": 2, ""value"": 0.0}, {""period"": ""Q3 2021"", ""year"": 2021, ""quarter"": 3, ""value"": 0.0}, {""period"": ""Q4 2021"", ""year"": 2021, ""quarter"": 4, ""value"": 0.0}, {""period"": ""Q1 2022"", ""year"": 2022, ""quarter"": 1, ""value"": 0.0}, {""period"": ""Q2 2022"", ""year"": 2022, ""quarter"": 2, ""value"": 0.0}, {""period"": ""Q3 2022"", ""year"": 2022, ""quarter"": 3, ""value"": 0.0}, {""period"": ""Q4 2022"", ""year"": 2022, ""quarter"": 4, ""value"": 29995713226.0}, {""period"": ""Q1 2023"", ""year"": 2023, ""quarter"": 1, ""value"": 29994661459.0}, {""period"": ""Q2 2023"", ""year"": 2023, ""quarter"": 2, ""value"": 29974200163.0}, {""period"": ""Q3 2023"", ""year"": 2023, ""quarter"": 3, ""value"": 29935482285.0}, {""period"": ""Q4 2023"", ""year"": 2023, ""quarter"": 4, ""value"": 29915998579.0}, {""period"": ""Q1 2024"", ""year"": 2024, ""quarter"": 1, ""value"": 29892858041.0}, {""period"": ""Q2 2024"", ""year"": 2024, ""quarter"": 2, ""value"": 29870666817.0}, {""period"": ""Q3 2024"", ""year"": 2024, ""quarter"": 3, ""value"": 30802940021.0}, {""period"": ""Q4 2024"", ""year"": 2024, ""quarter"": 4, ""value"": 40015837009.0}, {""period"": ""Q1 2025"", ""year"": 2025, ""quarter"": 1, ""value"": 41841490085.0}, {""period"": ""Q2 2025"", ""year"": 2025, ""quarter"": 2, ""value"": 44257751323.0}, {""period"": ""Q3 2025"", ""year"": 2025, ""quarter"": 3, ""value"": 47397235978.0}, {""period"": ""Q4 2025"", ""year"": 2025, ""quarter"": 4, ""value"": 49725520180.0}, {""period"": ""Q1 2026"", ""year"": 2026, ""quarter"": 1, ""value"": 49709544483.0}, {""period"": ""Q2 2026"", ""year"": 2026, ""quarter"": 2, ""value"": 49691997179.0}]"
VPG,1,BalanceSheet,Quarter,30202,II. Nguồn kinh phí và quỹ khác,302,False,3,,"[{""period"": ""Q4 2015"", ""year"": 2015, ""quarter"": 4, ""value"": 0.0}, {""period"": ""Q4 2016"", ""year"": 2016, ""quarter"": 4, ""value"": 0.0}, {""period"": ""Q2 2017"", ""year"": 2017, ""quarter"": 2, ""value"": 0.0}, {""period"": ""Q3 2017"", ""year"": 2017, ""quarter"": 3, ""value"": 0.0}, {""period"": ""Q4 2017"", ""year"": 2017, ""quarter"": 4, ""value"": 0.0}, {""period"": ""Q1 2018"", ""year"": 2018, ""quarter"": 1, ""value"": 0.0}, {""period"": ""Q2 2018"", ""year"": 2018, ""quarter"": 2, ""value"": 0.0}, {""period"": ""Q3 2018"", ""year"": 2018, ""quarter"": 3, ""value"": 0.0}, {""period"": ""Q4 2018"", ""year"": 2018, ""quarter"": 4, ""value"": 0.0}, {""period"": ""Q1 2019"", ""year"": 2019, ""quarter"": 1, ""value"": 0.0}, {""period"": ""Q2 2019"", ""year"": 2019, ""quarter"": 2, ""value"": 0.0}, {""period"": ""Q3 2019"", ""year"": 2019, ""quarter"": 3, ""value"": 0.0}, {""period"": ""Q4 2019"", ""year"": 2019, ""quarter"": 4, ""value"": 0.0}, {""period"": ""Q1 2020"", ""year"": 2020, ""quarter"": 1, ""value"": 0.0}, {""period"": ""Q2 2020"", ""year"": 2020, ""quarter"": 2, ""value"": 0.0}, {""period"": ""Q3 2020"", ""year"": 2020, ""quarter"": 3, ""value"": 0.0}, {""period"": ""Q4 2020"", ""year"": 2020, ""quarter"": 4, ""value"": 0.0}, {""period"": ""Q1 2021"", ""year"": 2021, ""quarter"": 1, ""value"": 0.0}, {""period"": ""Q2 2021"", ""year"": 2021, ""quarter"": 2, ""value"": 0.0}, {""period"": ""Q3 2021"", ""year"": 2021, ""quarter"": 3, ""value"": 0.0}, {""period"": ""Q4 2021"", ""year"": 2021, ""quarter"": 4, ""value"": 0.0}, {""period"": ""Q1 2022"", ""year"": 2022, ""quarter"": 1, ""value"": 0.0}, {""period"": ""Q2 2022"", ""year"": 2022, ""quarter"": 2, ""value"": 0.0}, {""period"": ""Q3 2022"", ""year"": 2022, ""quarter"": 3, ""value"": 0.0}, {""period"": ""Q4 2022"", ""year"": 2022, ""quarter"": 4, ""value"": 0.0}, {""period"": ""Q1 2023"", ""year"": 2023, ""quarter"": 1, ""value"": 0.0}, {""period"": ""Q2 2023"", ""year"": 2023, ""quarter"": 2, ""value"": 0.0}, {""period"": ""Q3 2023"", ""year"": 2023, ""quarter"": 3, ""value"": 0.0}, {""period"": ""Q4 2023"", ""year"": 2023, ""quarter"": 4, ""value"": 0.0}, {""period"": ""Q1 2024"", ""year"": 2024, ""quarter"": 1, ""value"": 0.0}, {""period"": ""Q2 2024"", ""year"": 2024, ""quarter"": 2, ""value"": 0.0}, {""period"": ""Q3 2024"", ""year"": 2024, ""quarter"": 3, ""value"": 0.0}, {""period"": ""Q4 2024"", ""year"": 2024, ""quarter"": 4, ""value"": 0.0}, {""period"": ""Q1 2025"", ""year"": 2025, ""quarter"": 1, ""value"": 0.0}, {""period"": ""Q2 2025"", ""year"": 2025, ""quarter"": 2, ""value"": 0.0}, {""period"": ""Q3 2025"", ""year"": 2025, ""quarter"": 3, ""value"": 0.0}, {""period"": ""Q4 2025"", ""year"": 2025, ""quarter"": 4, ""value"": 0.0}, {""period"": ""Q1 2026"", ""year"": 2026, ""quarter"": 1, ""value"": 0.0}, {""period"": ""Q2 2026"", ""year"": 2026, ""quarter"": 2, ""value"": 0.0}]"
VPG,1,BalanceSheet,Quarter,3020201,1. Nguồn kinh phí,30202,False,4,,"[{""period"": ""Q4 2015"", ""year"": 2015, ""quarter"": 4, ""value"": 0.0}, {""period"": ""Q4 2016"", ""year"": 2016, ""quarter"": 4, ""value"": 0.0}, {""period"": ""Q2 2017"", ""year"": 2017, ""quarter"": 2, ""value"": 0.0}, {""period"": ""Q3 2017"", ""year"": 2017, ""quarter"": 3, ""value"": 0.0}, {""period"": ""Q4 2017"", ""year"": 2017, ""quarter"": 4, ""value"": 0.0}, {""period"": ""Q1 2018"", ""year"": 2018, ""quarter"": 1, ""value"": 0.0}, {""period"": ""Q2 2018"", ""year"": 2018, ""quarter"": 2, ""value"": 0.0}, {""period"": ""Q3 2018"", ""year"": 2018, ""quarter"": 3, ""value"": 0.0}, {""period"": ""Q4 2018"", ""year"": 2018, ""quarter"": 4, ""value"": 0.0}, {""period"": ""Q1 2019"", ""year"": 2019, ""quarter"": 1, ""value"": 0.0}, {""period"": ""Q2 2019"", ""year"": 2019, ""quarter"": 2, ""value"": 0.0}, {""period"": ""Q3 2019"", ""year"": 2019, ""quarter"": 3, ""value"": 0.0}, {""period"": ""Q4 2019"", ""year"": 2019, ""quarter"": 4, ""value"": 0.0}, {""period"": ""Q1 2020"", ""year"": 2020, ""quarter"": 1, ""value"": 0.0}, {""period"": ""Q2 2020"", ""year"": 2020, ""quarter"": 2, ""value"": 0.0}, {""period"": ""Q3 2020"", ""year"": 2020, ""quarter"": 3, ""value"": 0.0}, {""period"": ""Q4 2020"", ""year"": 2020, ""quarter"": 4, ""value"": 0.0}, {""period"": ""Q1 2021"", ""year"": 2021, ""quarter"": 1, ""value"": 0.0}, {""period"": ""Q2 2021"", ""year"": 2021, ""quarter"": 2, ""value"": 0.0}, {""period"": ""Q3 2021"", ""year"": 2021, ""quarter"": 3, ""value"": 0.0}, {""period"": ""Q4 2021"", ""year"": 2021, ""quarter"": 4, ""value"": 0.0}, {""period"": ""Q1 2022"", ""year"": 2022, ""quarter"": 1, ""value"": 0.0}, {""period"": ""Q2 2022"", ""year"": 2022, ""quarter"": 2, ""value"": 0.0}, {""period"": ""Q3 2022"", ""year"": 2022, ""quarter"": 3, ""value"": 0.0}, {""period"": ""Q4 2022"", ""year"": 2022, ""quarter"": 4, ""value"": 0.0}, {""period"": ""Q1 2023"", ""year"": 2023, ""quarter"": 1, ""value"": 0.0}, {""period"": ""Q2 2023"", ""year"": 2023, ""quarter"": 2, ""value"": 0.0}, {""period"": ""Q3 2023"", ""year"": 2023, ""quarter"": 3, ""value"": 0.0}, {""period"": ""Q4 2023"", ""year"": 2023, ""quarter"": 4, ""value"": 0.0}, {""period"": ""Q1 2024"", ""year"": 2024, ""quarter"": 1, ""value"": 0.0}, {""period"": ""Q2 2024"", ""year"": 2024, ""quarter"": 2, ""value"": 0.0}, {""period"": ""Q3 2024"", ""year"": 2024, ""quarter"": 3, ""value"": 0.0}, {""period"": ""Q4 2024"", ""year"": 2024, ""quarter"": 4, ""value"": 0.0}, {""period"": ""Q1 2025"", ""year"": 2025, ""quarter"": 1, ""value"": 0.0}, {""period"": ""Q2 2025"", ""year"": 2025, ""quarter"": 2, ""value"": 0.0}, {""period"": ""Q3 2025"", ""year"": 2025, ""quarter"": 3, ""value"": 0.0}, {""period"": ""Q4 2025"", ""year"": 2025, ""quarter"": 4, ""value"": 0.0}, {""period"": ""Q1 2026"", ""year"": 2026, ""quarter"": 1, ""value"": 0.0}, {""period"": ""Q2 2026"", ""year"": 2026, ""quarter"": 2, ""value"": 0.0}]"
VPG,1,BalanceSheet,Quarter,3020202,2. Nguồn kinh phí đã hình thành tài sản cố định,30202,False,4,,"[{""period"": ""Q4 2015"", ""year"": 2015, ""quarter"": 4, ""value"": 0.0}, {""period"": ""Q4 2016"", ""year"": 2016, ""quarter"": 4, ""value"": 0.0}, {""period"": ""Q2 2017"", ""year"": 2017, ""quarter"": 2, ""value"": 0.0}, {""period"": ""Q3 2017"", ""year"": 2017, ""quarter"": 3, ""value"": 0.0}, {""period"": ""Q4 2017"", ""year"": 2017, ""quarter"": 4, ""value"": 0.0}, {""period"": ""Q1 2018"", ""year"": 2018, ""quarter"": 1, ""value"": 0.0}, {""period"": ""Q2 2018"", ""year"": 2018, ""quarter"": 2, ""value"": 0.0}, {""period"": ""Q3 2018"", ""year"": 2018, ""quarter"": 3, ""value"": 0.0}, {""period"": ""Q4 2018"", ""year"": 2018, ""quarter"": 4, ""value"": 0.0}, {""period"": ""Q1 2019"", ""year"": 2019, ""quarter"": 1, ""value"": 0.0}, {""period"": ""Q2 2019"", ""year"": 2019, ""quarter"": 2, ""value"": 0.0}, {""period"": ""Q3 2019"", ""year"": 2019, ""quarter"": 3, ""value"": 0.0}, {""period"": ""Q4 2019"", ""year"": 2019, ""quarter"": 4, ""value"": 0.0}, {""period"": ""Q1 2020"", ""year"": 2020, ""quarter"": 1, ""value"": 0.0}, {""period"": ""Q2 2020"", ""year"": 2020, ""quarter"": 2, ""value"": 0.0}, {""period"": ""Q3 2020"", ""year"": 2020, ""quarter"": 3, ""value"": 0.0}, {""period"": ""Q4 2020"", ""year"": 2020, ""quarter"": 4, ""value"": 0.0}, {""period"": ""Q1 2021"", ""year"": 2021, ""quarter"": 1, ""value"": 0.0}, {""period"": ""Q2 2021"", ""year"": 2021, ""quarter"": 2, ""value"": 0.0}, {""period"": ""Q3 2021"", ""year"": 2021, ""quarter"": 3, ""value"": 0.0}, {""period"": ""Q4 2021"", ""year"": 2021, ""quarter"": 4, ""value"": 0.0}, {""period"": ""Q1 2022"", ""year"": 2022, ""quarter"": 1, ""value"": 0.0}, {""period"": ""Q2 2022"", ""year"": 2022, ""quarter"": 2, ""value"": 0.0}, {""period"": ""Q3 2022"", ""year"": 2022, ""quarter"": 3, ""value"": 0.0}, {""period"": ""Q4 2022"", ""year"": 2022, ""quarter"": 4, ""value"": 0.0}, {""period"": ""Q1 2023"", ""year"": 2023, ""quarter"": 1, ""value"": 0.0}, {""period"": ""Q2 2023"", ""year"": 2023, ""quarter"": 2, ""value"": 0.0}, {""period"": ""Q3 2023"", ""year"": 2023, ""quarter"": 3, ""value"": 0.0}, {""period"": ""Q4 2023"", ""year"": 2023, ""quarter"": 4, ""value"": 0.0}, {""period"": ""Q1 2024"", ""year"": 2024, ""quarter"": 1, ""value"": 0.0}, {""period"": ""Q2 2024"", ""year"": 2024, ""quarter"": 2, ""value"": 0.0}, {""period"": ""Q3 2024"", ""year"": 2024, ""quarter"": 3, ""value"": 0.0}, {""period"": ""Q4 2024"", ""year"": 2024, ""quarter"": 4, ""value"": 0.0}, {""period"": ""Q1 2025"", ""year"": 2025, ""quarter"": 1, ""value"": 0.0}, {""period"": ""Q2 2025"", ""year"": 2025, ""quarter"": 2, ""value"": 0.0}, {""period"": ""Q3 2025"", ""year"": 2025, ""quarter"": 3, ""value"": 0.0}, {""period"": ""Q4 2025"", ""year"": 2025, ""quarter"": 4, ""value"": 0.0}, {""period"": ""Q1 2026"", ""year"": 2026, ""quarter"": 1, ""value"": 0.0}, {""period"": ""Q2 2026"", ""year"": 2026, ""quarter"": 2, ""value"": 0.0}]"
VPG,1,BalanceSheet,Quarter,3020203,3. Quỹ dự phòng trợ cấp mất việc làm,30202,False,4,,"[{""period"": ""Q4 2015"", ""year"": 2015, ""quarter"": 4, ""value"": 0.0}, {""period"": ""Q4 2016"", ""year"": 2016, ""quarter"": 4, ""value"": 0.0}, {""period"": ""Q2 2017"", ""year"": 2017, ""quarter"": 2, ""value"": 0.0}, {""period"": ""Q3 2017"", ""year"": 2017, ""quarter"": 3, ""value"": 0.0}, {""period"": ""Q4 2017"", ""year"": 2017, ""quarter"": 4, ""value"": 0.0}, {""period"": ""Q1 2018"", ""year"": 2018, ""quarter"": 1, ""value"": 0.0}, {""period"": ""Q2 2018"", ""year"": 2018, ""quarter"": 2, ""value"": 0.0}, {""period"": ""Q3 2018"", ""year"": 2018, ""quarter"": 3, ""value"": 0.0}, {""period"": ""Q4 2018"", ""year"": 2018, ""quarter"": 4, ""value"": 0.0}, {""period"": ""Q1 2019"", ""year"": 2019, ""quarter"": 1, ""value"": 0.0}, {""period"": ""Q2 2019"", ""year"": 2019, ""quarter"": 2, ""value"": 0.0}, {""period"": ""Q3 2019"", ""year"": 2019, ""quarter"": 3, ""value"": 0.0}, {""period"": ""Q4 2019"", ""year"": 2019, ""quarter"": 4, ""value"": 0.0}, {""period"": ""Q1 2020"", ""year"": 2020, ""quarter"": 1, ""value"": 0.0}, {""period"": ""Q2 2020"", ""year"": 2020, ""quarter"": 2, ""value"": 0.0}, {""period"": ""Q3 2020"", ""year"": 2020, ""quarter"": 3, ""value"": 0.0}, {""period"": ""Q4 2020"", ""year"": 2020, ""quarter"": 4, ""value"": 0.0}, {""period"": ""Q1 2021"", ""year"": 2021, ""quarter"": 1, ""value"": 0.0}, {""period"": ""Q2 2021"", ""year"": 2021, ""quarter"": 2, ""value"": 0.0}, {""period"": ""Q3 2021"", ""year"": 2021, ""quarter"": 3, ""value"": 0.0}, {""period"": ""Q4 2021"", ""year"": 2021, ""quarter"": 4, ""value"": 0.0}, {""period"": ""Q1 2022"", ""year"": 2022, ""quarter"": 1, ""value"": 0.0}, {""period"": ""Q2 2022"", ""year"": 2022, ""quarter"": 2, ""value"": 0.0}, {""period"": ""Q3 2022"", ""year"": 2022, ""quarter"": 3, ""value"": 0.0}, {""period"": ""Q4 2022"", ""year"": 2022, ""quarter"": 4, ""value"": 0.0}, {""period"": ""Q1 2023"", ""year"": 2023, ""quarter"": 1, ""value"": 0.0}, {""period"": ""Q2 2023"", ""year"": 2023, ""quarter"": 2, ""value"": 0.0}, {""period"": ""Q3 2023"", ""year"": 2023, ""quarter"": 3, ""value"": 0.0}, {""period"": ""Q4 2023"", ""year"": 2023, ""quarter"": 4, ""value"": 0.0}, {""period"": ""Q1 2024"", ""year"": 2024, ""quarter"": 1, ""value"": 0.0}, {""period"": ""Q2 2024"", ""year"": 2024, ""quarter"": 2, ""value"": 0.0}, {""period"": ""Q3 2024"", ""year"": 2024, ""quarter"": 3, ""value"": 0.0}, {""period"": ""Q4 2024"", ""year"": 2024, ""quarter"": 4, ""value"": 0.0}, {""period"": ""Q1 2025"", ""year"": 2025, ""quarter"": 1, ""value"": 0.0}, {""period"": ""Q2 2025"", ""year"": 2025, ""quarter"": 2, ""value"": 0.0}, {""period"": ""Q3 2025"", ""year"": 2025, ""quarter"": 3, ""value"": 0.0}, {""period"": ""Q4 2025"", ""year"": 2025, ""quarter"": 4, ""value"": 0.0}, {""period"": ""Q1 2026"", ""year"": 2026, ""quarter"": 1, ""value"": 0.0}, {""period"": ""Q2 2026"", ""year"": 2026, ""quarter"": 2, ""value"": 0.0}]"
VPG,1,BalanceSheet,Quarter,4,TỔNG CỘNG NGUỒN VỐN,-1,True,1,,"[{""period"": ""Q4 2015"", ""year"": 2015, ""quarter"": 4, ""value"": 332179828774.0}, {""period"": ""Q4 2016"", ""year"": 2016, ""quarter"": 4, ""value"": 966252876766.0}, {""period"": ""Q2 2017"", ""year"": 2017, ""quarter"": 2, ""value"": 1292266407993.0}, {""period"": ""Q3 2017"", ""year"": 2017, ""quarter"": 3, ""value"": 1317365741203.0}, {""period"": ""Q4 2017"", ""year"": 2017, ""quarter"": 4, ""value"": 1326123413787.0}, {""period"": ""Q1 2018"", ""year"": 2018, ""quarter"": 1, ""value"": 1391032153433.0}, {""period"": ""Q2 2018"", ""year"": 2018, ""quarter"": 2, ""value"": 1686337316085.0}, {""period"": ""Q3 2018"", ""year"": 2018, ""quarter"": 3, ""value"": 2195398339367.0}, {""period"": ""Q4 2018"", ""year"": 2018, ""quarter"": 4, ""value"": 2176437302386.0}, {""period"": ""Q1 2019"", ""year"": 2019, ""quarter"": 1, ""value"": 1969448852286.0}, {""period"": ""Q2 2019"", ""year"": 2019, ""quarter"": 2, ""value"": 1639217371414.0}, {""period"": ""Q3 2019"", ""year"": 2019, ""quarter"": 3, ""value"": 1543579259891.0}, {""period"": ""Q4 2019"", ""year"": 2019, ""quarter"": 4, ""value"": 1925712513188.0}, {""period"": ""Q1 2020"", ""year"": 2020, ""quarter"": 1, ""value"": 2062442725348.0}, {""period"": ""Q2 2020"", ""year"": 2020, ""quarter"": 2, ""value"": 1906865008892.0}, {""period"": ""Q3 2020"", ""year"": 2020, ""quarter"": 3, ""value"": 1940274221350.0}, {""period"": ""Q4 2020"", ""year"": 2020, ""quarter"": 4, ""value"": 1551089290077.0}, {""period"": ""Q1 2021"", ""year"": 2021, ""quarter"": 1, ""value"": 2103406357693.0}, {""period"": ""Q2 2021"", ""year"": 2021, ""quarter"": 2, ""value"": 2057913230564.0}, {""period"": ""Q3 2021"", ""year"": 2021, ""quarter"": 3, ""value"": 2214659509918.0}, {""period"": ""Q4 2021"", ""year"": 2021, ""quarter"": 4, ""value"": 2383898779855.0}, {""period"": ""Q1 2022"", ""year"": 2022, ""quarter"": 1, ""value"": 3521948610813.0}, {""period"": ""Q2 2022"", ""year"": 2022, ""quarter"": 2, ""value"": 4295054027343.0}, {""period"": ""Q3 2022"", ""year"": 2022, ""quarter"": 3, ""value"": 4539471846206.0}, {""period"": ""Q4 2022"", ""year"": 2022, ""quarter"": 4, ""value"": 5977493452307.0}, {""period"": ""Q1 2023"", ""year"": 2023, ""quarter"": 1, ""value"": 5589367347523.0}, {""period"": ""Q2 2023"", ""year"": 2023, ""quarter"": 2, ""value"": 4841972260385.0}, {""period"": ""Q3 2023"", ""year"": 2023, ""quarter"": 3, ""value"": 5690241247817.0}, {""period"": ""Q4 2023"", ""year"": 2023, ""quarter"": 4, ""value"": 7155448475518.0}, {""period"": ""Q1 2024"", ""year"": 2024, ""quarter"": 1, ""value"": 6715392085401.0}, {""period"": ""Q2 2024"", ""year"": 2024, ""quarter"": 2, ""value"": 7256417048797.0}, {""period"": ""Q3 2024"", ""year"": 2024, ""quarter"": 3, ""value"": 6636950157843.0}, {""period"": ""Q4 2024"", ""year"": 2024, ""quarter"": 4, ""value"": 8446460727154.0}, {""period"": ""Q1 2025"", ""year"": 2025, ""quarter"": 1, ""value"": 7524174690600.0}, {""period"": ""Q2 2025"", ""year"": 2025, ""quarter"": 2, ""value"": 7547605777236.0}, {""period"": ""Q3 2025"", ""year"": 2025, ""quarter"": 3, ""value"": 4515169914831.0}, {""period"": ""Q4 2025"", ""year"": 2025, ""quarter"": 4, ""value"": 3339676090861.0}, {""period"": ""Q1 2026"", ""year"": 2026, ""quarter"": 1, ""value"": 2362708640074.0}, {""period"": ""Q2 2026"", ""year"": 2026, ""quarter"": 2, ""value"": 2347978910930.0}]"
VPG,2,IncomeStatement,Quarter,1,1. Tổng doanh thu hoạt động kinh doanh,-1,True,1,,"[{""period"": ""Q2 2017"", ""year"": 2017, ""quarter"": 2, ""value"": 493542756146.0}, {""period"": ""Q3 2017"", ""year"": 2017, ""quarter"": 3, ""value"": 445215358954.0}, {""period"": ""Q4 2017"", ""year"": 2017, ""quarter"": 4, ""value"": 634341006638.0}, {""period"": ""Q1 2018"", ""year"": 2018, ""quarter"": 1, ""value"": 385627941631.0}, {""period"": ""Q2 2018"", ""year"": 2018, ""quarter"": 2, ""value"": 395544073533.0}, {""period"": ""Q3 2018"", ""year"": 2018, ""quarter"": 3, ""value"": 538862854347.0}, {""period"": ""Q4 2018"", ""year"": 2018, ""quarter"": 4, ""value"": 952124903173.0}, {""period"": ""Q1 2019"", ""year"": 2019, ""quarter"": 1, ""value"": 565934366834.0}, {""period"": ""Q2 2019"", ""year"": 2019, ""quarter"": 2, ""value"": 451816700714.0}, {""period"": ""Q3 2019"", ""year"": 2019, ""quarter"": 3, ""value"": 651295044750.0}, {""period"": ""Q4 2019"", ""year"": 2019, ""quarter"": 4, ""value"": 630086918638.0}, {""period"": ""Q1 2020"", ""year"": 2020, ""quarter"": 1, ""value"": 543842044951.0}, {""period"": ""Q2 2020"", ""year"": 2020, ""quarter"": 2, ""value"": 321177362429.0}, {""period"": ""Q3 2020"", ""year"": 2020, ""quarter"": 3, ""value"": 596768133430.0}, {""period"": ""Q4 2020"", ""year"": 2020, ""quarter"": 4, ""value"": 870922809324.0}, {""period"": ""Q1 2021"", ""year"": 2021, ""quarter"": 1, ""value"": 981597724985.0}, {""period"": ""Q2 2021"", ""year"": 2021, ""quarter"": 2, ""value"": 1105646238982.0}, {""period"": ""Q3 2021"", ""year"": 2021, ""quarter"": 3, ""value"": 1001386743957.0}, {""period"": ""Q4 2021"", ""year"": 2021, ""quarter"": 4, ""value"": 794448866034.0}, {""period"": ""Q1 2022"", ""year"": 2022, ""quarter"": 1, ""value"": 966680863242.0}, {""period"": ""Q2 2022"", ""year"": 2022, ""quarter"": 2, ""value"": 1473833437185.0}, {""period"": ""Q3 2022"", ""year"": 2022, ""quarter"": 3, ""value"": 1461596186453.0}, {""period"": ""Q4 2022"", ""year"": 2022, ""quarter"": 4, ""value"": 1622552085698.0}, {""period"": ""Q1 2023"", ""year"": 2023, ""quarter"": 1, ""value"": 1793695869598.0}, {""period"": ""Q2 2023"", ""year"": 2023, ""quarter"": 2, ""value"": 1774822962036.0}, {""period"": ""Q3 2023"", ""year"": 2023, ""quarter"": 3, ""value"": 2034910795347.0}, {""period"": ""Q4 2023"", ""year"": 2023, ""quarter"": 4, ""value"": 734294990525.0}, {""period"": ""Q1 2024"", ""year"": 2024, ""quarter"": 1, ""value"": 3244349378684.0}, {""period"": ""Q2 2024"", ""year"": 2024, ""quarter"": 2, ""value"": 3289138177497.0}, {""period"": ""Q3 2024"", ""year"": 2024, ""quarter"": 3, ""value"": 3464614833397.0}, {""period"": ""Q4 2024"", ""year"": 2024, ""quarter"": 4, ""value"": 6259099479776.0}, {""period"": ""Q1 2025"", ""year"": 2025, ""quarter"": 1, ""value"": 4624592197594.0}, {""period"": ""Q2 2025"", ""year"": 2025, ""quarter"": 2, ""value"": 4370279286449.0}, {""period"": ""Q3 2025"", ""year"": 2025, ""quarter"": 3, ""value"": 2546708600143.0}, {""period"": ""Q4 2025"", ""year"": 2025, ""quarter"": 4, ""value"": 936579810751.0}, {""period"": ""Q1 2026"", ""year"": 2026, ""quarter"": 1, ""value"": 191235536309.0}, {""period"": ""Q2 2026"", ""year"": 2026, ""quarter"": 2, ""value"": 385972750.0}]"
VPG,2,IncomeStatement,Quarter,2,2. Các khoản giảm trừ doanh thu,-1,True,1,,"[{""period"": ""Q2 2017"", ""year"": 2017, ""quarter"": 2, ""value"": 2656612146.0}, {""period"": ""Q3 2017"", ""year"": 2017, ""quarter"": 3, ""value"": 2074346196.0}, {""period"": ""Q4 2017"", ""year"": 2017, ""quarter"": 4, ""value"": 5740443844.0}, {""period"": ""Q1 2018"", ""year"": 2018, ""quarter"": 1, ""value"": 24245313.0}, {""period"": ""Q2 2018"", ""year"": 2018, ""quarter"": 2, ""value"": 0.0}, {""period"": ""Q3 2018"", ""year"": 2018, ""quarter"": 3, ""value"": 0.0}, {""period"": ""Q4 2018"", ""year"": 2018, ""quarter"": 4, ""value"": 356677090.0}, {""period"": ""Q1 2019"", ""year"": 2019, ""quarter"": 1, ""value"": 49314027.0}, {""period"": ""Q2 2019"", ""year"": 2019, ""quarter"": 2, ""value"": 0.0}, {""period"": ""Q3 2019"", ""year"": 2019, ""quarter"": 3, ""value"": 0.0}, {""period"": ""Q4 2019"", ""year"": 2019, ""quarter"": 4, ""value"": 15689491.0}, {""period"": ""Q1 2020"", ""year"": 2020, ""quarter"": 1, ""value"": 132212988.0}, {""period"": ""Q2 2020"", ""year"": 2020, ""quarter"": 2, ""value"": 408941272.0}, {""period"": ""Q3 2020"", ""year"": 2020, ""quarter"": 3, ""value"": 203348638.0}, {""period"": ""Q4 2020"", ""year"": 2020, ""quarter"": 4, ""value"": 501121686.0}, {""period"": ""Q1 2021"", ""year"": 2021, ""quarter"": 1, ""value"": 1171153722.0}, {""period"": ""Q2 2021"", ""year"": 2021, ""quarter"": 2, ""value"": 2289357255.0}, {""period"": ""Q3 2021"", ""year"": 2021, ""quarter"": 3, ""value"": 8940785030.0}, {""period"": ""Q4 2021"", ""year"": 2021, ""quarter"": 4, ""value"": 7106450822.0}, {""period"": ""Q1 2022"", ""year"": 2022, ""quarter"": 1, ""value"": 0.0}, {""period"": ""Q2 2022"", ""year"": 2022, ""quarter"": 2, ""value"": 0.0}, {""period"": ""Q3 2022"", ""year"": 2022, ""quarter"": 3, ""value"": 0.0}, {""period"": ""Q4 2022"", ""year"": 2022, ""quarter"": 4, ""value"": 0.0}, {""period"": ""Q1 2023"", ""year"": 2023, ""quarter"": 1, ""value"": 0.0}, {""period"": ""Q2 2023"", ""year"": 2023, ""quarter"": 2, ""value"": 0.0}, {""period"": ""Q3 2023"", ""year"": 2023, ""quarter"": 3, ""value"": 0.0}, {""period"": ""Q4 2023"", ""year"": 2023, ""quarter"": 4, ""value"": 0.0}, {""period"": ""Q1 2024"", ""year"": 2024, ""quarter"": 1, ""value"": 0.0}, {""period"": ""Q2 2024"", ""year"": 2024, ""quarter"": 2, ""value"": 0.0}, {""period"": ""Q3 2024"", ""year"": 2024, ""quarter"": 3, ""value"": 0.0}, {""period"": ""Q4 2024"", ""year"": 2024, ""quarter"": 4, ""value"": 0.0}, {""period"": ""Q1 2025"", ""year"": 2025, ""quarter"": 1, ""value"": 0.0}, {""period"": ""Q2 2025"", ""year"": 2025, ""quarter"": 2, ""value"": 0.0}, {""period"": ""Q3 2025"", ""year"": 2025, ""quarter"": 3, ""value"": 92652542111.0}, {""period"": ""Q4 2025"", ""year"": 2025, ""quarter"": 4, ""value"": 0.0}, {""period"": ""Q1 2026"", ""year"": 2026, ""quarter"": 1, ""value"": 0.0}, {""period"": ""Q2 2026"", ""year"": 2026, ""quarter"": 2, ""value"": 0.0}]"
VPG,2,IncomeStatement,Quarter,3,3. Doanh thu thuần (1)-(2),-1,True,1,,"[{""period"": ""Q2 2017"", ""year"": 2017, ""quarter"": 2, ""value"": 490886144000.0}, {""period"": ""Q3 2017"", ""year"": 2017, ""quarter"": 3, ""value"": 443141012758.0}, {""period"": ""Q4 2017"", ""year"": 2017, ""quarter"": 4, ""value"": 628600562794.0}, {""period"": ""Q1 2018"", ""year"": 2018, ""quarter"": 1, ""value"": 385603696318.0}, {""period"": ""Q2 2018"", ""year"": 2018, ""quarter"": 2, ""value"": 395544073533.0}, {""period"": ""Q3 2018"", ""year"": 2018, ""quarter"": 3, ""value"": 538862854347.0}, {""period"": ""Q4 2018"", ""year"": 2018, ""quarter"": 4, ""value"": 951768226083.0}, {""period"": ""Q1 2019"", ""year"": 2019, ""quarter"": 1, ""value"": 565885052807.0}, {""period"": ""Q2 2019"", ""year"": 2019, ""quarter"": 2, ""value"": 451816700714.0}, {""period"": ""Q3 2019"", ""year"": 2019, ""quarter"": 3, ""value"": 651295044750.0}, {""period"": ""Q4 2019"", ""year"": 2019, ""quarter"": 4, ""value"": 630071229147.0}, {""period"": ""Q1 2020"", ""year"": 2020, ""quarter"": 1, ""value"": 543709831963.0}, {""period"": ""Q2 2020"", ""year"": 2020, ""quarter"": 2, ""value"": 320768421157.0}, {""period"": ""Q3 2020"", ""year"": 2020, ""quarter"": 3, ""value"": 596564784792.0}, {""period"": ""Q4 2020"", ""year"": 2020, ""quarter"": 4, ""value"": 870421687638.0}, {""period"": ""Q1 2021"", ""year"": 2021, ""quarter"": 1, ""value"": 980426571263.0}, {""period"": ""Q2 2021"", ""year"": 2021, ""quarter"": 2, ""value"": 1103356881727.0}, {""period"": ""Q3 2021"", ""year"": 2021, ""quarter"": 3, ""value"": 992445958927.0}, {""period"": ""Q4 2021"", ""year"": 2021, ""quarter"": 4, ""value"": 787342415212.0}, {""period"": ""Q1 2022"", ""year"": 2022, ""quarter"": 1, ""value"": 966680863242.0}, {""period"": ""Q2 2022"", ""year"": 2022, ""quarter"": 2, ""value"": 1473833437185.0}, {""period"": ""Q3 2022"", ""year"": 2022, ""quarter"": 3, ""value"": 1461596186453.0}, {""period"": ""Q4 2022"", ""year"": 2022, ""quarter"": 4, ""value"": 1622552085698.0}, {""period"": ""Q1 2023"", ""year"": 2023, ""quarter"": 1, ""value"": 1793695869598.0}, {""period"": ""Q2 2023"", ""year"": 2023, ""quarter"": 2, ""value"": 1774822962036.0}, {""period"": ""Q3 2023"", ""year"": 2023, ""quarter"": 3, ""value"": 2034910795347.0}, {""period"": ""Q4 2023"", ""year"": 2023, ""quarter"": 4, ""value"": 734294990525.0}, {""period"": ""Q1 2024"", ""year"": 2024, ""quarter"": 1, ""value"": 3244349378684.0}, {""period"": ""Q2 2024"", ""year"": 2024, ""quarter"": 2, ""value"": 3289138177497.0}, {""period"": ""Q3 2024"", ""year"": 2024, ""quarter"": 3, ""value"": 3464614833397.0}, {""period"": ""Q4 2024"", ""year"": 2024, ""quarter"": 4, ""value"": 6259099479776.0}, {""period"": ""Q1 2025"", ""year"": 2025, ""quarter"": 1, ""value"": 4624592197594.0}, {""period"": ""Q2 2025"", ""year"": 2025, ""quarter"": 2, ""value"": 4370279286449.0}, {""period"": ""Q3 2025"", ""year"": 2025, ""quarter"": 3, ""value"": 2454056058032.0}, {""period"": ""Q4 2025"", ""year"": 2025, ""quarter"": 4, ""value"": 936579810751.0}, {""period"": ""Q1 2026"", ""year"": 2026, ""quarter"": 1, ""value"": 191235536309.0}, {""period"": ""Q2 2026"", ""year"": 2026, ""quarter"": 2, ""value"": 385972750.0}]"
VPG,2,IncomeStatement,Quarter,4,4. Giá vốn hàng bán,-1,True,1,,"[{""period"": ""Q2 2017"", ""year"": 2017, ""quarter"": 2, ""value"": 464027619318.0}, {""period"": ""Q3 2017"", ""year"": 2017, ""quarter"": 3, ""value"": 408242387974.0}, {""period"": ""Q4 2017"", ""year"": 2017, ""quarter"": 4, ""value"": 588355585320.0}, {""period"": ""Q1 2018"", ""year"": 2018, ""quarter"": 1, ""value"": 338592908285.0}, {""period"": ""Q2 2018"", ""year"": 2018, ""quarter"": 2, ""value"": 324005013292.0}, {""period"": ""Q3 2018"", ""year"": 2018, ""quarter"": 3, ""value"": 455378534812.0}, {""period"": ""Q4 2018"", ""year"": 2018, ""quarter"": 4, ""value"": 871727958134.0}, {""period"": ""Q1 2019"", ""year"": 2019, ""quarter"": 1, ""value"": 472795906510.0}, {""period"": ""Q2 2019"", ""year"": 2019, ""quarter"": 2, ""value"": 366959520424.0}, {""period"": ""Q3 2019"", ""year"": 2019, ""quarter"": 3, ""value"": 513633912119.0}, {""period"": ""Q4 2019"", ""year"": 2019, ""quarter"": 4, ""value"": 548878555358.0}, {""period"": ""Q1 2020"", ""year"": 2020, ""quarter"": 1, ""value"": 474055913111.0}, {""period"": ""Q2 2020"", ""year"": 2020, ""quarter"": 2, ""value"": 288737694808.0}, {""period"": ""Q3 2020"", ""year"": 2020, ""quarter"": 3, ""value"": 538004769439.0}, {""period"": ""Q4 2020"", ""year"": 2020, ""quarter"": 4, ""value"": 737456635241.0}, {""period"": ""Q1 2021"", ""year"": 2021, ""quarter"": 1, ""value"": 762514918542.0}, {""period"": ""Q2 2021"", ""year"": 2021, ""quarter"": 2, ""value"": 905734099137.0}, {""period"": ""Q3 2021"", ""year"": 2021, ""quarter"": 3, ""value"": 835611110309.0}, {""period"": ""Q4 2021"", ""year"": 2021, ""quarter"": 4, ""value"": 685844752780.0}, {""period"": ""Q1 2022"", ""year"": 2022, ""quarter"": 1, ""value"": 874850119879.0}, {""period"": ""Q2 2022"", ""year"": 2022, ""quarter"": 2, ""value"": 1312812048751.0}, {""period"": ""Q3 2022"", ""year"": 2022, ""quarter"": 3, ""value"": 1395855763623.0}, {""period"": ""Q4 2022"", ""year"": 2022, ""quarter"": 4, ""value"": 1675667375347.0}, {""period"": ""Q1 2023"", ""year"": 2023, ""quarter"": 1, ""value"": 1668387350435.0}, {""period"": ""Q2 2023"", ""year"": 2023, ""quarter"": 2, ""value"": 1674454286210.0}, {""period"": ""Q3 2023"", ""year"": 2023, ""quarter"": 3, ""value"": 1914986123682.0}, {""period"": ""Q4 2023"", ""year"": 2023, ""quarter"": 4, ""value"": 693573374883.0}, {""period"": ""Q1 2024"", ""year"": 2024, ""quarter"": 1, ""value"": 3141108859868.0}, {""period"": ""Q2 2024"", ""year"": 2024, ""quarter"": 2, ""value"": 3111820589534.0}, {""period"": ""Q3 2024"", ""year"": 2024, ""quarter"": 3, ""value"": 3340302297537.0}, {""period"": ""Q4 2024"", ""year"": 2024, ""quarter"": 4, ""value"": 6027448546418.0}, {""period"": ""Q1 2025"", ""year"": 2025, ""quarter"": 1, ""value"": 4532249480202.0}, {""period"": ""Q2 2025"", ""year"": 2025, ""quarter"": 2, ""value"": 4239945019680.0}, {""period"": ""Q3 2025"", ""year"": 2025, ""quarter"": 3, ""value"": 2504391240414.0}, {""period"": ""Q4 2025"", ""year"": 2025, ""quarter"": 4, ""value"": 1146419094544.0}, {""period"": ""Q1 2026"", ""year"": 2026, ""quarter"": 1, ""value"": 195802608217.0}, {""period"": ""Q2 2026"", ""year"": 2026, ""quarter"": 2, ""value"": 684027674.0}]"
VPG,2,IncomeStatement,Quarter,5,5. Lợi nhuận gộp (3)-(4),-1,True,1,,"[{""period"": ""Q2 2017"", ""year"": 2017, ""quarter"": 2, ""value"": 26858524682.0}, {""period"": ""Q3 2017"", ""year"": 2017, ""quarter"": 3, ""value"": 34898624784.0}, {""period"": ""Q4 2017"", ""year"": 2017, ""quarter"": 4, ""value"": 40244977474.0}, {""period"": ""Q1 2018"", ""year"": 2018, ""quarter"": 1, ""value"": 47010788033.0}, {""period"": ""Q2 2018"", ""year"": 2018, ""quarter"": 2, ""value"": 71539060241.0}, {""period"": ""Q3 2018"", ""year"": 2018, ""quarter"": 3, ""value"": 83484319535.0}, {""period"": ""Q4 2018"", ""year"": 2018, ""quarter"": 4, ""value"": 80040267949.0}, {""period"": ""Q1 2019"", ""year"": 2019, ""quarter"": 1, ""value"": 93089146297.0}, {""period"": ""Q2 2019"", ""year"": 2019, ""quarter"": 2, ""value"": 84857180290.0}, {""period"": ""Q3 2019"", ""year"": 2019, ""quarter"": 3, ""value"": 137661132631.0}, {""period"": ""Q4 2019"", ""year"": 2019, ""quarter"": 4, ""value"": 81192673789.0}, {""period"": ""Q1 2020"", ""year"": 2020, ""quarter"": 1, ""value"": 69653918852.0}, {""period"": ""Q2 2020"", ""year"": 2020, ""quarter"": 2, ""value"": 32030726349.0}, {""period"": ""Q3 2020"", ""year"": 2020, ""quarter"": 3, ""value"": 58560015353.0}, {""period"": ""Q4 2020"", ""year"": 2020, ""quarter"": 4, ""value"": 132965052397.0}, {""period"": ""Q1 2021"", ""year"": 2021, ""quarter"": 1, ""value"": 217911652721.0}, {""period"": ""Q2 2021"", ""year"": 2021, ""quarter"": 2, ""value"": 197622782590.0}, {""period"": ""Q3 2021"", ""year"": 2021, ""quarter"": 3, ""value"": 156834848618.0}, {""period"": ""Q4 2021"", ""year"": 2021, ""quarter"": 4, ""value"": 101497662432.0}, {""period"": ""Q1 2022"", ""year"": 2022, ""quarter"": 1, ""value"": 91830743363.0}, {""period"": ""Q2 2022"", ""year"": 2022, ""quarter"": 2, ""value"": 161021388434.0}, {""period"": ""Q3 2022"", ""year"": 2022, ""quarter"": 3, ""value"": 65740422830.0}, {""period"": ""Q4 2022"", ""year"": 2022, ""quarter"": 4, ""value"": -53115289649.0}, {""period"": ""Q1 2023"", ""year"": 2023, ""quarter"": 1, ""value"": 125308519163.0}, {""period"": ""Q2 2023"", ""year"": 2023, ""quarter"": 2, ""value"": 100368675826.0}, {""period"": ""Q3 2023"", ""year"": 2023, ""quarter"": 3, ""value"": 119924671665.0}, {""period"": ""Q4 2023"", ""year"": 2023, ""quarter"": 4, ""value"": 40721615642.0}, {""period"": ""Q1 2024"", ""year"": 2024, ""quarter"": 1, ""value"": 103240518816.0}, {""period"": ""Q2 2024"", ""year"": 2024, ""quarter"": 2, ""value"": 177317587963.0}, {""period"": ""Q3 2024"", ""year"": 2024, ""quarter"": 3, ""value"": 124312535860.0}, {""period"": ""Q4 2024"", ""year"": 2024, ""quarter"": 4, ""value"": 231650933358.0}, {""period"": ""Q1 2025"", ""year"": 2025, ""quarter"": 1, ""value"": 92342717392.0}, {""period"": ""Q2 2025"", ""year"": 2025, ""quarter"": 2, ""value"": 130334266769.0}, {""period"": ""Q3 2025"", ""year"": 2025, ""quarter"": 3, ""value"": -50335182382.0}, {""period"": ""Q4 2025"", ""year"": 2025, ""quarter"": 4, ""value"": -209839283793.0}, {""period"": ""Q1 2026"", ""year"": 2026, ""quarter"": 1, ""value"": -4567071908.0}, {""period"": ""Q2 2026"", ""year"": 2026, ""quarter"": 2, ""value"": -298054924.0}]"
VPG,2,IncomeStatement,Quarter,6,6. Doanh thu hoạt động tài chính,-1,True,1,,"[{""period"": ""Q2 2017"", ""year"": 2017, ""quarter"": 2, ""value"": 2978652786.0}, {""period"": ""Q3 2017"", ""year"": 2017, ""quarter"": 3, ""value"": 3362694598.0}, {""period"": ""Q4 2017"", ""year"": 2017, ""quarter"": 4, ""value"": 10859743416.0}, {""period"": ""Q1 2018"", ""year"": 2018, ""quarter"": 1, ""value"": 11280981598.0}, {""period"": ""Q2 2018"", ""year"": 2018, ""quarter"": 2, ""value"": 34244886389.0}, {""period"": ""Q3 2018"", ""year"": 2018, ""quarter"": 3, ""value"": 11633199528.0}, {""period"": ""Q4 2018"", ""year"": 2018, ""quarter"": 4, ""value"": 17487603014.0}, {""period"": ""Q1 2019"", ""year"": 2019, ""quarter"": 1, ""value"": 13290956786.0}, {""period"": ""Q2 2019"", ""year"": 2019, ""quarter"": 2, ""value"": 4362693578.0}, {""period"": ""Q3 2019"", ""year"": 2019, ""quarter"": 3, ""value"": 3785862846.0}, {""period"": ""Q4 2019"", ""year"": 2019, ""quarter"": 4, ""value"": 5479536748.0}, {""period"": ""Q1 2020"", ""year"": 2020, ""quarter"": 1, ""value"": 4168217352.0}, {""period"": ""Q2 2020"", ""year"": 2020, ""quarter"": 2, ""value"": 9983190833.0}, {""period"": ""Q3 2020"", ""year"": 2020, ""quarter"": 3, ""value"": 3401569714.0}, {""period"": ""Q4 2020"", ""year"": 2020, ""quarter"": 4, ""value"": 5205050460.0}, {""period"": ""Q1 2021"", ""year"": 2021, ""quarter"": 1, ""value"": 2282571087.0}, {""period"": ""Q2 2021"", ""year"": 2021, ""quarter"": 2, ""value"": 5403381717.0}, {""period"": ""Q3 2021"", ""year"": 2021, ""quarter"": 3, ""value"": 7089062838.0}, {""period"": ""Q4 2021"", ""year"": 2021, ""quarter"": 4, ""value"": 10261513021.0}, {""period"": ""Q1 2022"", ""year"": 2022, ""quarter"": 1, ""value"": 7924268176.0}, {""period"": ""Q2 2022"", ""year"": 2022, ""quarter"": 2, ""value"": 7587573128.0}, {""period"": ""Q3 2022"", ""year"": 2022, ""quarter"": 3, ""value"": 8145589007.0}, {""period"": ""Q4 2022"", ""year"": 2022, ""quarter"": 4, ""value"": 59261623806.0}, {""period"": ""Q1 2023"", ""year"": 2023, ""quarter"": 1, ""value"": 14130119503.0}, {""period"": ""Q2 2023"", ""year"": 2023, ""quarter"": 2, ""value"": 24112467345.0}, {""period"": ""Q3 2023"", ""year"": 2023, ""quarter"": 3, ""value"": 12927128465.0}, {""period"": ""Q4 2023"", ""year"": 2023, ""quarter"": 4, ""value"": 21492864120.0}, {""period"": ""Q1 2024"", ""year"": 2024, ""quarter"": 1, ""value"": 14965266932.0}, {""period"": ""Q2 2024"", ""year"": 2024, ""quarter"": 2, ""value"": 38797689567.0}, {""period"": ""Q3 2024"", ""year"": 2024, ""quarter"": 3, ""value"": 51037408034.0}, {""period"": ""Q4 2024"", ""year"": 2024, ""quarter"": 4, ""value"": 60727348354.0}, {""period"": ""Q1 2025"", ""year"": 2025, ""quarter"": 1, ""value"": 25558195011.0}, {""period"": ""Q2 2025"", ""year"": 2025, ""quarter"": 2, ""value"": 35440060814.0}, {""period"": ""Q3 2025"", ""year"": 2025, ""quarter"": 3, ""value"": 5780894235.0}, {""period"": ""Q4 2025"", ""year"": 2025, ""quarter"": 4, ""value"": 24106169167.0}, {""period"": ""Q1 2026"", ""year"": 2026, ""quarter"": 1, ""value"": 1714713972.0}, {""period"": ""Q2 2026"", ""year"": 2026, ""quarter"": 2, ""value"": 69284913.0}]"
VPG,2,IncomeStatement,Quarter,7,7. Chi phí tài chính,-1,True,1,,"[{""period"": ""Q2 2017"", ""year"": 2017, ""quarter"": 2, ""value"": 7845332207.0}, {""period"": ""Q3 2017"", ""year"": 2017, ""quarter"": 3, ""value"": 9786195162.0}, {""period"": ""Q4 2017"", ""year"": 2017, ""quarter"": 4, ""value"": 6630853644.0}, {""period"": ""Q1 2018"", ""year"": 2018, ""quarter"": 1, ""value"": 7073498838.0}, {""period"": ""Q2 2018"", ""year"": 2018, ""quarter"": 2, ""value"": 16326602218.0}, {""period"": ""Q3 2018"", ""year"": 2018, ""quarter"": 3, ""value"": 16890032177.0}, {""period"": ""Q4 2018"", ""year"": 2018, ""quarter"": 4, ""value"": 9943208332.0}, {""period"": ""Q1 2019"", ""year"": 2019, ""quarter"": 1, ""value"": 13160941868.0}, {""period"": ""Q2 2019"", ""year"": 2019, ""quarter"": 2, ""value"": 11804845214.0}, {""period"": ""Q3 2019"", ""year"": 2019, ""quarter"": 3, ""value"": 9128299554.0}, {""period"": ""Q4 2019"", ""year"": 2019, ""quarter"": 4, ""value"": 14103752886.0}, {""period"": ""Q1 2020"", ""year"": 2020, ""quarter"": 1, ""value"": 19644877191.0}, {""period"": ""Q2 2020"", ""year"": 2020, ""quarter"": 2, ""value"": 6392050489.0}, {""period"": ""Q3 2020"", ""year"": 2020, ""quarter"": 3, ""value"": 12700908173.0}, {""period"": ""Q4 2020"", ""year"": 2020, ""quarter"": 4, ""value"": 21204797593.0}, {""period"": ""Q1 2021"", ""year"": 2021, ""quarter"": 1, ""value"": 12153699857.0}, {""period"": ""Q2 2021"", ""year"": 2021, ""quarter"": 2, ""value"": 14791146643.0}, {""period"": ""Q3 2021"", ""year"": 2021, ""quarter"": 3, ""value"": 9797157088.0}, {""period"": ""Q4 2021"", ""year"": 2021, ""quarter"": 4, ""value"": 14088324767.0}, {""period"": ""Q1 2022"", ""year"": 2022, ""quarter"": 1, ""value"": 9473580595.0}, {""period"": ""Q2 2022"", ""year"": 2022, ""quarter"": 2, ""value"": 22846142296.0}, {""period"": ""Q3 2022"", ""year"": 2022, ""quarter"": 3, ""value"": 42533402729.0}, {""period"": ""Q4 2022"", ""year"": 2022, ""quarter"": 4, ""value"": 77857327702.0}, {""period"": ""Q1 2023"", ""year"": 2023, ""quarter"": 1, ""value"": 54716157680.0}, {""period"": ""Q2 2023"", ""year"": 2023, ""quarter"": 2, ""value"": 45892686938.0}, {""period"": ""Q3 2023"", ""year"": 2023, ""quarter"": 3, ""value"": 56838285889.0}, {""period"": ""Q4 2023"", ""year"": 2023, ""quarter"": 4, ""value"": 93720298155.0}, {""period"": ""Q1 2024"", ""year"": 2024, ""quarter"": 1, ""value"": 56453694046.0}, {""period"": ""Q2 2024"", ""year"": 2024, ""quarter"": 2, ""value"": 97275672452.0}, {""period"": ""Q3 2024"", ""year"": 2024, ""quarter"": 3, ""value"": 90264366608.0}, {""period"": ""Q4 2024"", ""year"": 2024, ""quarter"": 4, ""value"": 69252282879.0}, {""period"": ""Q1 2025"", ""year"": 2025, ""quarter"": 1, ""value"": 40281399547.0}, {""period"": ""Q2 2025"", ""year"": 2025, ""quarter"": 2, ""value"": 107348181853.0}, {""period"": ""Q3 2025"", ""year"": 2025, ""quarter"": 3, ""value"": 98816918960.0}, {""period"": ""Q4 2025"", ""year"": 2025, ""quarter"": 4, ""value"": 43517706109.0}, {""period"": ""Q1 2026"", ""year"": 2026, ""quarter"": 1, ""value"": 22989599678.0}, {""period"": ""Q2 2026"", ""year"": 2026, ""quarter"": 2, ""value"": 28218492930.0}]"
VPG,2,IncomeStatement,Quarter,701,-Trong đó: Chi phí lãi vay,7,True,2,,"[{""period"": ""Q2 2017"", ""year"": 2017, ""quarter"": 2, ""value"": 6521118553.0}, {""period"": ""Q3 2017"", ""year"": 2017, ""quarter"": 3, ""value"": 8106386408.0}, {""period"": ""Q4 2017"", ""year"": 2017, ""quarter"": 4, ""value"": 6451033770.0}, {""period"": ""Q1 2018"", ""year"": 2018, ""quarter"": 1, ""value"": 5572104483.0}, {""period"": ""Q2 2018"", ""year"": 2018, ""quarter"": 2, ""value"": 13532746720.0}, {""period"": ""Q3 2018"", ""year"": 2018, ""quarter"": 3, ""value"": 9544873384.0}, {""period"": ""Q4 2018"", ""year"": 2018, ""quarter"": 4, ""value"": 8937175456.0}, {""period"": ""Q1 2019"", ""year"": 2019, ""quarter"": 1, ""value"": 11899001669.0}, {""period"": ""Q2 2019"", ""year"": 2019, ""quarter"": 2, ""value"": 8204897883.0}, {""period"": ""Q3 2019"", ""year"": 2019, ""quarter"": 3, ""value"": 8740500606.0}, {""period"": ""Q4 2019"", ""year"": 2019, ""quarter"": 4, ""value"": 14100909529.0}, {""period"": ""Q1 2020"", ""year"": 2020, ""quarter"": 1, ""value"": 6567608624.0}, {""period"": ""Q2 2020"", ""year"": 2020, ""quarter"": 2, ""value"": 5873340819.0}, {""period"": ""Q3 2020"", ""year"": 2020, ""quarter"": 3, ""value"": 6132793025.0}, {""period"": ""Q4 2020"", ""year"": 2020, ""quarter"": 4, ""value"": 5048218997.0}, {""period"": ""Q1 2021"", ""year"": 2021, ""quarter"": 1, ""value"": 6537595383.0}, {""period"": ""Q2 2021"", ""year"": 2021, ""quarter"": 2, ""value"": 9701128460.0}, {""period"": ""Q3 2021"", ""year"": 2021, ""quarter"": 3, ""value"": 7383649837.0}, {""period"": ""Q4 2021"", ""year"": 2021, ""quarter"": 4, ""value"": 11298086031.0}, {""period"": ""Q1 2022"", ""year"": 2022, ""quarter"": 1, ""value"": 9472599013.0}, {""period"": ""Q2 2022"", ""year"": 2022, ""quarter"": 2, ""value"": 17307256100.0}, {""period"": ""Q3 2022"", ""year"": 2022, ""quarter"": 3, ""value"": 23601384340.0}, {""period"": ""Q4 2022"", ""year"": 2022, ""quarter"": 4, ""value"": 67884452951.0}, {""period"": ""Q1 2023"", ""year"": 2023, ""quarter"": 1, ""value"": 28312927587.0}, {""period"": ""Q2 2023"", ""year"": 2023, ""quarter"": 2, ""value"": 29310575523.0}, {""period"": ""Q3 2023"", ""year"": 2023, ""quarter"": 3, ""value"": 27460436554.0}, {""period"": ""Q4 2023"", ""year"": 2023, ""quarter"": 4, ""value"": 29302065526.0}, {""period"": ""Q1 2024"", ""year"": 2024, ""quarter"": 1, ""value"": 24113442407.0}, {""period"": ""Q2 2024"", ""year"": 2024, ""quarter"": 2, ""value"": 26050851653.0}, {""period"": ""Q3 2024"", ""year"": 2024, ""quarter"": 3, ""value"": 24406656680.0}, {""period"": ""Q4 2024"", ""year"": 2024, ""quarter"": 4, ""value"": 56320629549.0}, {""period"": ""Q1 2025"", ""year"": 2025, ""quarter"": 1, ""value"": 38151753184.0}, {""period"": ""Q2 2025"", ""year"": 2025, ""quarter"": 2, ""value"": 84478936470.0}, {""period"": ""Q3 2025"", ""year"": 2025, ""quarter"": 3, ""value"": 53090609864.0}, {""period"": ""Q4 2025"", ""year"": 2025, ""quarter"": 4, ""value"": 41009634747.0}, {""period"": ""Q1 2026"", ""year"": 2026, ""quarter"": 1, ""value"": 22958252867.0}, {""period"": ""Q2 2026"", ""year"": 2026, ""quarter"": 2, ""value"": 28155222282.0}]"
VPG,2,IncomeStatement,Quarter,8,8. Phần lợi nhuận hoặc lỗ trong công ty liên kết liên doanh,-1,True,1,,"[{""period"": ""Q2 2017"", ""year"": 2017, ""quarter"": 2, ""value"": 0.0}, {""period"": ""Q3 2017"", ""year"": 2017, ""quarter"": 3, ""value"": 0.0}, {""period"": ""Q4 2017"", ""year"": 2017, ""quarter"": 4, ""value"": 0.0}, {""period"": ""Q1 2018"", ""year"": 2018, ""quarter"": 1, ""value"": 0.0}, {""period"": ""Q2 2018"", ""year"": 2018, ""quarter"": 2, ""value"": 0.0}, {""period"": ""Q3 2018"", ""year"": 2018, ""quarter"": 3, ""value"": 0.0}, {""period"": ""Q4 2018"", ""year"": 2018, ""quarter"": 4, ""value"": 0.0}, {""period"": ""Q1 2019"", ""year"": 2019, ""quarter"": 1, ""value"": 0.0}, {""period"": ""Q2 2019"", ""year"": 2019, ""quarter"": 2, ""value"": 0.0}, {""period"": ""Q3 2019"", ""year"": 2019, ""quarter"": 3, ""value"": 0.0}, {""period"": ""Q4 2019"", ""year"": 2019, ""quarter"": 4, ""value"": 0.0}, {""period"": ""Q1 2020"", ""year"": 2020, ""quarter"": 1, ""value"": 0.0}, {""period"": ""Q2 2020"", ""year"": 2020, ""quarter"": 2, ""value"": 0.0}, {""period"": ""Q3 2020"", ""year"": 2020, ""quarter"": 3, ""value"": 0.0}, {""period"": ""Q4 2020"", ""year"": 2020, ""quarter"": 4, ""value"": 0.0}, {""period"": ""Q1 2021"", ""year"": 2021, ""quarter"": 1, ""value"": 0.0}, {""period"": ""Q2 2021"", ""year"": 2021, ""quarter"": 2, ""value"": 0.0}, {""period"": ""Q3 2021"", ""year"": 2021, ""quarter"": 3, ""value"": 0.0}, {""period"": ""Q4 2021"", ""year"": 2021, ""quarter"": 4, ""value"": 0.0}, {""period"": ""Q1 2022"", ""year"": 2022, ""quarter"": 1, ""value"": 0.0}, {""period"": ""Q2 2022"", ""year"": 2022, ""quarter"": 2, ""value"": 0.0}, {""period"": ""Q3 2022"", ""year"": 2022, ""quarter"": 3, ""value"": 0.0}, {""period"": ""Q4 2022"", ""year"": 2022, ""quarter"": 4, ""value"": 0.0}, {""period"": ""Q1 2023"", ""year"": 2023, ""quarter"": 1, ""value"": 0.0}, {""period"": ""Q2 2023"", ""year"": 2023, ""quarter"": 2, ""value"": 0.0}, {""period"": ""Q3 2023"", ""year"": 2023, ""quarter"": 3, ""value"": 0.0}, {""period"": ""Q4 2023"", ""year"": 2023, ""quarter"": 4, ""value"": 0.0}, {""period"": ""Q1 2024"", ""year"": 2024, ""quarter"": 1, ""value"": 0.0}, {""period"": ""Q2 2024"", ""year"": 2024, ""quarter"": 2, ""value"": 0.0}, {""period"": ""Q3 2024"", ""year"": 2024, ""quarter"": 3, ""value"": 0.0}, {""period"": ""Q4 2024"", ""year"": 2024, ""quarter"": 4, ""value"": 0.0}, {""period"": ""Q1 2025"", ""year"": 2025, ""quarter"": 1, ""value"": 0.0}, {""period"": ""Q2 2025"", ""year"": 2025, ""quarter"": 2, ""value"": 0.0}, {""period"": ""Q3 2025"", ""year"": 2025, ""quarter"": 3, ""value"": 0.0}, {""period"": ""Q4 2025"", ""year"": 2025, ""quarter"": 4, ""value"": 0.0}, {""period"": ""Q1 2026"", ""year"": 2026, ""quarter"": 1, ""value"": 0.0}, {""period"": ""Q2 2026"", ""year"": 2026, ""quarter"": 2, ""value"": 0.0}]"
VPG,2,IncomeStatement,Quarter,9,9. Chi phí bán hàng,-1,True,1,,"[{""period"": ""Q2 2017"", ""year"": 2017, ""quarter"": 2, ""value"": 6272295147.0}, {""period"": ""Q3 2017"", ""year"": 2017, ""quarter"": 3, ""value"": 17265579968.0}, {""period"": ""Q4 2017"", ""year"": 2017, ""quarter"": 4, ""value"": 26835978970.0}, {""period"": ""Q1 2018"", ""year"": 2018, ""quarter"": 1, ""value"": 32196143564.0}, {""period"": ""Q2 2018"", ""year"": 2018, ""quarter"": 2, ""value"": 43948737153.0}, {""period"": ""Q3 2018"", ""year"": 2018, ""quarter"": 3, ""value"": 57952957880.0}, {""period"": ""Q4 2018"", ""year"": 2018, ""quarter"": 4, ""value"": 73765744703.0}, {""period"": ""Q1 2019"", ""year"": 2019, ""quarter"": 1, ""value"": 66480509176.0}, {""period"": ""Q2 2019"", ""year"": 2019, ""quarter"": 2, ""value"": 56536755396.0}, {""period"": ""Q3 2019"", ""year"": 2019, ""quarter"": 3, ""value"": 111157845934.0}, {""period"": ""Q4 2019"", ""year"": 2019, ""quarter"": 4, ""value"": 40195331568.0}, {""period"": ""Q1 2020"", ""year"": 2020, ""quarter"": 1, ""value"": 19487489870.0}, {""period"": ""Q2 2020"", ""year"": 2020, ""quarter"": 2, ""value"": 21593287068.0}, {""period"": ""Q3 2020"", ""year"": 2020, ""quarter"": 3, ""value"": 18473605475.0}, {""period"": ""Q4 2020"", ""year"": 2020, ""quarter"": 4, ""value"": 29526944885.0}, {""period"": ""Q1 2021"", ""year"": 2021, ""quarter"": 1, ""value"": 31895174097.0}, {""period"": ""Q2 2021"", ""year"": 2021, ""quarter"": 2, ""value"": 33216308342.0}, {""period"": ""Q3 2021"", ""year"": 2021, ""quarter"": 3, ""value"": 26231471169.0}, {""period"": ""Q4 2021"", ""year"": 2021, ""quarter"": 4, ""value"": 22282912426.0}, {""period"": ""Q1 2022"", ""year"": 2022, ""quarter"": 1, ""value"": 19597516323.0}, {""period"": ""Q2 2022"", ""year"": 2022, ""quarter"": 2, ""value"": 28041437688.0}, {""period"": ""Q3 2022"", ""year"": 2022, ""quarter"": 3, ""value"": 13928160247.0}, {""period"": ""Q4 2022"", ""year"": 2022, ""quarter"": 4, ""value"": 24172445812.0}, {""period"": ""Q1 2023"", ""year"": 2023, ""quarter"": 1, ""value"": 29461031092.0}, {""period"": ""Q2 2023"", ""year"": 2023, ""quarter"": 2, ""value"": 31825469488.0}, {""period"": ""Q3 2023"", ""year"": 2023, ""quarter"": 3, ""value"": 28218242123.0}, {""period"": ""Q4 2023"", ""year"": 2023, ""quarter"": 4, ""value"": 16472994908.0}, {""period"": ""Q1 2024"", ""year"": 2024, ""quarter"": 1, ""value"": 39144144283.0}, {""period"": ""Q2 2024"", ""year"": 2024, ""quarter"": 2, ""value"": 79910958509.0}, {""period"": ""Q3 2024"", ""year"": 2024, ""quarter"": 3, ""value"": 45317576381.0}, {""period"": ""Q4 2024"", ""year"": 2024, ""quarter"": 4, ""value"": 73334027225.0}, {""period"": ""Q1 2025"", ""year"": 2025, ""quarter"": 1, ""value"": 29733727719.0}, {""period"": ""Q2 2025"", ""year"": 2025, ""quarter"": 2, ""value"": 22606644239.0}, {""period"": ""Q3 2025"", ""year"": 2025, ""quarter"": 3, ""value"": 40863581978.0}, {""period"": ""Q4 2025"", ""year"": 2025, ""quarter"": 4, ""value"": 14105985110.0}, {""period"": ""Q1 2026"", ""year"": 2026, ""quarter"": 1, ""value"": 23035590.0}, {""period"": ""Q2 2026"", ""year"": 2026, ""quarter"": 2, ""value"": 0.0}]"
VPG,2,IncomeStatement,Quarter,10,10. Chi phí quản lý doanh nghiệp,-1,True,1,,"[{""period"": ""Q2 2017"", ""year"": 2017, ""quarter"": 2, ""value"": 7309437836.0}, {""period"": ""Q3 2017"", ""year"": 2017, ""quarter"": 3, ""value"": 6761555619.0}, {""period"": ""Q4 2017"", ""year"": 2017, ""quarter"": 4, ""value"": 5898631860.0}, {""period"": ""Q1 2018"", ""year"": 2018, ""quarter"": 1, ""value"": 4888130594.0}, {""period"": ""Q2 2018"", ""year"": 2018, ""quarter"": 2, ""value"": 5466332610.0}, {""period"": ""Q3 2018"", ""year"": 2018, ""quarter"": 3, ""value"": 4893375439.0}, {""period"": ""Q4 2018"", ""year"": 2018, ""quarter"": 4, ""value"": 5884626684.0}, {""period"": ""Q1 2019"", ""year"": 2019, ""quarter"": 1, ""value"": 7652191540.0}, {""period"": ""Q2 2019"", ""year"": 2019, ""quarter"": 2, ""value"": 5462831284.0}, {""period"": ""Q3 2019"", ""year"": 2019, ""quarter"": 3, ""value"": 5743603203.0}, {""period"": ""Q4 2019"", ""year"": 2019, ""quarter"": 4, ""value"": 7786801303.0}, {""period"": ""Q1 2020"", ""year"": 2020, ""quarter"": 1, ""value"": 5848542304.0}, {""period"": ""Q2 2020"", ""year"": 2020, ""quarter"": 2, ""value"": 4446309030.0}, {""period"": ""Q3 2020"", ""year"": 2020, ""quarter"": 3, ""value"": 5936716434.0}, {""period"": ""Q4 2020"", ""year"": 2020, ""quarter"": 4, ""value"": 6766740778.0}, {""period"": ""Q1 2021"", ""year"": 2021, ""quarter"": 1, ""value"": 5168671073.0}, {""period"": ""Q2 2021"", ""year"": 2021, ""quarter"": 2, ""value"": 5544690729.0}, {""period"": ""Q3 2021"", ""year"": 2021, ""quarter"": 3, ""value"": 8324751590.0}, {""period"": ""Q4 2021"", ""year"": 2021, ""quarter"": 4, ""value"": 8233092107.0}, {""period"": ""Q1 2022"", ""year"": 2022, ""quarter"": 1, ""value"": 8715490193.0}, {""period"": ""Q2 2022"", ""year"": 2022, ""quarter"": 2, ""value"": 11163581916.0}, {""period"": ""Q3 2022"", ""year"": 2022, ""quarter"": 3, ""value"": 10692828402.0}, {""period"": ""Q4 2022"", ""year"": 2022, ""quarter"": 4, ""value"": 46308257658.0}, {""period"": ""Q1 2023"", ""year"": 2023, ""quarter"": 1, ""value"": 16409317624.0}, {""period"": ""Q2 2023"", ""year"": 2023, ""quarter"": 2, ""value"": 17598101973.0}, {""period"": ""Q3 2023"", ""year"": 2023, ""quarter"": 3, ""value"": 16536602122.0}, {""period"": ""Q4 2023"", ""year"": 2023, ""quarter"": 4, ""value"": 21093459773.0}, {""period"": ""Q1 2024"", ""year"": 2024, ""quarter"": 1, ""value"": 19832077432.0}, {""period"": ""Q2 2024"", ""year"": 2024, ""quarter"": 2, ""value"": 38072743954.0}, {""period"": ""Q3 2024"", ""year"": 2024, ""quarter"": 3, ""value"": 20682584499.0}, {""period"": ""Q4 2024"", ""year"": 2024, ""quarter"": 4, ""value"": 26545851073.0}, {""period"": ""Q1 2025"", ""year"": 2025, ""quarter"": 1, ""value"": 22242229641.0}, {""period"": ""Q2 2025"", ""year"": 2025, ""quarter"": 2, ""value"": 25363323676.0}, {""period"": ""Q3 2025"", ""year"": 2025, ""quarter"": 3, ""value"": 14214769045.0}, {""period"": ""Q4 2025"", ""year"": 2025, ""quarter"": 4, ""value"": 104022189251.0}, {""period"": ""Q1 2026"", ""year"": 2026, ""quarter"": 1, ""value"": 6026879154.0}, {""period"": ""Q2 2026"", ""year"": 2026, ""quarter"": 2, ""value"": 4266269021.0}]"
VPG,2,IncomeStatement,Quarter,11,11. Lợi nhuận thuần từ hoạt động kinh doanh (5)+(6)-(7)+(8)-(9)-(10),-1,True,1,,"[{""period"": ""Q2 2017"", ""year"": 2017, ""quarter"": 2, ""value"": 8410112278.0}, {""period"": ""Q3 2017"", ""year"": 2017, ""quarter"": 3, ""value"": 4447988633.0}, {""period"": ""Q4 2017"", ""year"": 2017, ""quarter"": 4, ""value"": 11739256416.0}, {""period"": ""Q1 2018"", ""year"": 2018, ""quarter"": 1, ""value"": 14133996635.0}, {""period"": ""Q2 2018"", ""year"": 2018, ""quarter"": 2, ""value"": 40042274649.0}, {""period"": ""Q3 2018"", ""year"": 2018, ""quarter"": 3, ""value"": 15381153567.0}, {""period"": ""Q4 2018"", ""year"": 2018, ""quarter"": 4, ""value"": 7934291244.0}, {""period"": ""Q1 2019"", ""year"": 2019, ""quarter"": 1, ""value"": 19086460499.0}, {""period"": ""Q2 2019"", ""year"": 2019, ""quarter"": 2, ""value"": 15415441974.0}, {""period"": ""Q3 2019"", ""year"": 2019, ""quarter"": 3, ""value"": 15417246786.0}, {""period"": ""Q4 2019"", ""year"": 2019, ""quarter"": 4, ""value"": 24586324780.0}, {""period"": ""Q1 2020"", ""year"": 2020, ""quarter"": 1, ""value"": 28841226839.0}, {""period"": ""Q2 2020"", ""year"": 2020, ""quarter"": 2, ""value"": 9582270595.0}, {""period"": ""Q3 2020"", ""year"": 2020, ""quarter"": 3, ""value"": 24850354985.0}, {""period"": ""Q4 2020"", ""year"": 2020, ""quarter"": 4, ""value"": 80671619601.0}, {""period"": ""Q1 2021"", ""year"": 2021, ""quarter"": 1, ""value"": 170976678781.0}, {""period"": ""Q2 2021"", ""year"": 2021, ""quarter"": 2, ""value"": 149474018593.0}, {""period"": ""Q3 2021"", ""year"": 2021, ""quarter"": 3, ""value"": 119570531609.0}, {""period"": ""Q4 2021"", ""year"": 2021, ""quarter"": 4, ""value"": 67154846153.0}, {""period"": ""Q1 2022"", ""year"": 2022, ""quarter"": 1, ""value"": 61968424428.0}, {""period"": ""Q2 2022"", ""year"": 2022, ""quarter"": 2, ""value"": 106557799662.0}, {""period"": ""Q3 2022"", ""year"": 2022, ""quarter"": 3, ""value"": 6731620459.0}, {""period"": ""Q4 2022"", ""year"": 2022, ""quarter"": 4, ""value"": -142191697015.0}, {""period"": ""Q1 2023"", ""year"": 2023, ""quarter"": 1, ""value"": 38852132270.0}, {""period"": ""Q2 2023"", ""year"": 2023, ""quarter"": 2, ""value"": 29164884772.0}, {""period"": ""Q3 2023"", ""year"": 2023, ""quarter"": 3, ""value"": 31258669996.0}, {""period"": ""Q4 2023"", ""year"": 2023, ""quarter"": 4, ""value"": -69072273074.0}, {""period"": ""Q1 2024"", ""year"": 2024, ""quarter"": 1, ""value"": 2775869987.0}, {""period"": ""Q2 2024"", ""year"": 2024, ""quarter"": 2, ""value"": 855902615.0}, {""period"": ""Q3 2024"", ""year"": 2024, ""quarter"": 3, ""value"": 19085416406.0}, {""period"": ""Q4 2024"", ""year"": 2024, ""quarter"": 4, ""value"": 123246120535.0}, {""period"": ""Q1 2025"", ""year"": 2025, ""quarter"": 1, ""value"": 25643555496.0}, {""period"": ""Q2 2025"", ""year"": 2025, ""quarter"": 2, ""value"": 10456177815.0}, {""period"": ""Q3 2025"", ""year"": 2025, ""quarter"": 3, ""value"": -198449558130.0}, {""period"": ""Q4 2025"", ""year"": 2025, ""quarter"": 4, ""value"": -347378995096.0}, {""period"": ""Q1 2026"", ""year"": 2026, ""quarter"": 1, ""value"": -31891872358.0}, {""period"": ""Q2 2026"", ""year"": 2026, ""quarter"": 2, ""value"": -32713531962.0}]"
VPG,2,IncomeStatement,Quarter,12,12. Thu nhập khác,-1,True,1,,"[{""period"": ""Q2 2017"", ""year"": 2017, ""quarter"": 2, ""value"": 301.0}, {""period"": ""Q3 2017"", ""year"": 2017, ""quarter"": 3, ""value"": 2096386188.0}, {""period"": ""Q4 2017"", ""year"": 2017, ""quarter"": 4, ""value"": 1156449849.0}, {""period"": ""Q1 2018"", ""year"": 2018, ""quarter"": 1, ""value"": 1269094086.0}, {""period"": ""Q2 2018"", ""year"": 2018, ""quarter"": 2, ""value"": 114260603.0}, {""period"": ""Q3 2018"", ""year"": 2018, ""quarter"": 3, ""value"": 1331951630.0}, {""period"": ""Q4 2018"", ""year"": 2018, ""quarter"": 4, ""value"": 416472788.0}, {""period"": ""Q1 2019"", ""year"": 2019, ""quarter"": 1, ""value"": 1707883737.0}, {""period"": ""Q2 2019"", ""year"": 2019, ""quarter"": 2, ""value"": 1209364177.0}, {""period"": ""Q3 2019"", ""year"": 2019, ""quarter"": 3, ""value"": 907680423.0}, {""period"": ""Q4 2019"", ""year"": 2019, ""quarter"": 4, ""value"": 655092582.0}, {""period"": ""Q1 2020"", ""year"": 2020, ""quarter"": 1, ""value"": 92190652403.0}, {""period"": ""Q2 2020"", ""year"": 2020, ""quarter"": 2, ""value"": 172805459.0}, {""period"": ""Q3 2020"", ""year"": 2020, ""quarter"": 3, ""value"": 1365940898.0}, {""period"": ""Q4 2020"", ""year"": 2020, ""quarter"": 4, ""value"": 359244982.0}, {""period"": ""Q1 2021"", ""year"": 2021, ""quarter"": 1, ""value"": 3611993324.0}, {""period"": ""Q2 2021"", ""year"": 2021, ""quarter"": 2, ""value"": 4730034393.0}, {""period"": ""Q3 2021"", ""year"": 2021, ""quarter"": 3, ""value"": 5049918499.0}, {""period"": ""Q4 2021"", ""year"": 2021, ""quarter"": 4, ""value"": 10287940296.0}, {""period"": ""Q1 2022"", ""year"": 2022, ""quarter"": 1, ""value"": 6362221413.0}, {""period"": ""Q2 2022"", ""year"": 2022, ""quarter"": 2, ""value"": 11676180302.0}, {""period"": ""Q3 2022"", ""year"": 2022, ""quarter"": 3, ""value"": 13302811258.0}, {""period"": ""Q4 2022"", ""year"": 2022, ""quarter"": 4, ""value"": 27078501974.0}, {""period"": ""Q1 2023"", ""year"": 2023, ""quarter"": 1, ""value"": 7378280993.0}, {""period"": ""Q2 2023"", ""year"": 2023, ""quarter"": 2, ""value"": 908163087.0}, {""period"": ""Q3 2023"", ""year"": 2023, ""quarter"": 3, ""value"": 1183068945.0}, {""period"": ""Q4 2023"", ""year"": 2023, ""quarter"": 4, ""value"": 1235489349.0}, {""period"": ""Q1 2024"", ""year"": 2024, ""quarter"": 1, ""value"": 417890136.0}, {""period"": ""Q2 2024"", ""year"": 2024, ""quarter"": 2, ""value"": 5223213722.0}, {""period"": ""Q3 2024"", ""year"": 2024, ""quarter"": 3, ""value"": 1640329698.0}, {""period"": ""Q4 2024"", ""year"": 2024, ""quarter"": 4, ""value"": 2825300471.0}, {""period"": ""Q1 2025"", ""year"": 2025, ""quarter"": 1, ""value"": 1539223655.0}, {""period"": ""Q2 2025"", ""year"": 2025, ""quarter"": 2, ""value"": 24253621244.0}, {""period"": ""Q3 2025"", ""year"": 2025, ""quarter"": 3, ""value"": 983147388.0}, {""period"": ""Q4 2025"", ""year"": 2025, ""quarter"": 4, ""value"": 4559083120.0}, {""period"": ""Q1 2026"", ""year"": 2026, ""quarter"": 1, ""value"": 1178081279.0}, {""period"": ""Q2 2026"", ""year"": 2026, ""quarter"": 2, ""value"": 0.0}]"
VPG,2,IncomeStatement,Quarter,13,13. Chi phí khác,-1,True,1,,"[{""period"": ""Q2 2017"", ""year"": 2017, ""quarter"": 2, ""value"": 651581466.0}, {""period"": ""Q3 2017"", ""year"": 2017, ""quarter"": 3, ""value"": 261427494.0}, {""period"": ""Q4 2017"", ""year"": 2017, ""quarter"": 4, ""value"": 1428943939.0}, {""period"": ""Q1 2018"", ""year"": 2018, ""quarter"": 1, ""value"": 395863202.0}, {""period"": ""Q2 2018"", ""year"": 2018, ""quarter"": 2, ""value"": 262613047.0}, {""period"": ""Q3 2018"", ""year"": 2018, ""quarter"": 3, ""value"": 818636390.0}, {""period"": ""Q4 2018"", ""year"": 2018, ""quarter"": 4, ""value"": 291704189.0}, {""period"": ""Q1 2019"", ""year"": 2019, ""quarter"": 1, ""value"": 363241699.0}, {""period"": ""Q2 2019"", ""year"": 2019, ""quarter"": 2, ""value"": 511597199.0}, {""period"": ""Q3 2019"", ""year"": 2019, ""quarter"": 3, ""value"": 451177454.0}, {""period"": ""Q4 2019"", ""year"": 2019, ""quarter"": 4, ""value"": 4696176641.0}, {""period"": ""Q1 2020"", ""year"": 2020, ""quarter"": 1, ""value"": 120129862751.0}, {""period"": ""Q2 2020"", ""year"": 2020, ""quarter"": 2, ""value"": 390320433.0}, {""period"": ""Q3 2020"", ""year"": 2020, ""quarter"": 3, ""value"": 1040207151.0}, {""period"": ""Q4 2020"", ""year"": 2020, ""quarter"": 4, ""value"": 4122903847.0}, {""period"": ""Q1 2021"", ""year"": 2021, ""quarter"": 1, ""value"": 1173487779.0}, {""period"": ""Q2 2021"", ""year"": 2021, ""quarter"": 2, ""value"": 1013601323.0}, {""period"": ""Q3 2021"", ""year"": 2021, ""quarter"": 3, ""value"": 476276324.0}, {""period"": ""Q4 2021"", ""year"": 2021, ""quarter"": 4, ""value"": 618835889.0}, {""period"": ""Q1 2022"", ""year"": 2022, ""quarter"": 1, ""value"": 2460394815.0}, {""period"": ""Q2 2022"", ""year"": 2022, ""quarter"": 2, ""value"": 6567142224.0}, {""period"": ""Q3 2022"", ""year"": 2022, ""quarter"": 3, ""value"": 1230616860.0}, {""period"": ""Q4 2022"", ""year"": 2022, ""quarter"": 4, ""value"": 523562876.0}, {""period"": ""Q1 2023"", ""year"": 2023, ""quarter"": 1, ""value"": 575003617.0}, {""period"": ""Q2 2023"", ""year"": 2023, ""quarter"": 2, ""value"": 415782723.0}, {""period"": ""Q3 2023"", ""year"": 2023, ""quarter"": 3, ""value"": 1387457893.0}, {""period"": ""Q4 2023"", ""year"": 2023, ""quarter"": 4, ""value"": 11339839567.0}, {""period"": ""Q1 2024"", ""year"": 2024, ""quarter"": 1, ""value"": 527495348.0}, {""period"": ""Q2 2024"", ""year"": 2024, ""quarter"": 2, ""value"": 3195788306.0}, {""period"": ""Q3 2024"", ""year"": 2024, ""quarter"": 3, ""value"": 3775214961.0}, {""period"": ""Q4 2024"", ""year"": 2024, ""quarter"": 4, ""value"": 6038996425.0}, {""period"": ""Q1 2025"", ""year"": 2025, ""quarter"": 1, ""value"": 780012764.0}, {""period"": ""Q2 2025"", ""year"": 2025, ""quarter"": 2, ""value"": 1583283796.0}, {""period"": ""Q3 2025"", ""year"": 2025, ""quarter"": 3, ""value"": 19579813845.0}, {""period"": ""Q4 2025"", ""year"": 2025, ""quarter"": 4, ""value"": 62379567564.0}, {""period"": ""Q1 2026"", ""year"": 2026, ""quarter"": 1, ""value"": 959920409.0}, {""period"": ""Q2 2026"", ""year"": 2026, ""quarter"": 2, ""value"": 1138077446.0}]"
VPG,2,IncomeStatement,Quarter,14,14. Lợi nhuận khác (12)-(13),-1,True,1,,"[{""period"": ""Q2 2017"", ""year"": 2017, ""quarter"": 2, ""value"": -651581165.0}, {""period"": ""Q3 2017"", ""year"": 2017, ""quarter"": 3, ""value"": 1834958694.0}, {""period"": ""Q4 2017"", ""year"": 2017, ""quarter"": 4, ""value"": -272494090.0}, {""period"": ""Q1 2018"", ""year"": 2018, ""quarter"": 1, ""value"": 873230884.0}, {""period"": ""Q2 2018"", ""year"": 2018, ""quarter"": 2, ""value"": -148352444.0}, {""period"": ""Q3 2018"", ""year"": 2018, ""quarter"": 3, ""value"": 513315240.0}, {""period"": ""Q4 2018"", ""year"": 2018, ""quarter"": 4, ""value"": 124768599.0}, {""period"": ""Q1 2019"", ""year"": 2019, ""quarter"": 1, ""value"": 1344642038.0}, {""period"": ""Q2 2019"", ""year"": 2019, ""quarter"": 2, ""value"": 697766978.0}, {""period"": ""Q3 2019"", ""year"": 2019, ""quarter"": 3, ""value"": 456502969.0}, {""period"": ""Q4 2019"", ""year"": 2019, ""quarter"": 4, ""value"": -4041084059.0}, {""period"": ""Q1 2020"", ""year"": 2020, ""quarter"": 1, ""value"": -27939210348.0}, {""period"": ""Q2 2020"", ""year"": 2020, ""quarter"": 2, ""value"": -217514974.0}, {""period"": ""Q3 2020"", ""year"": 2020, ""quarter"": 3, ""value"": 325733747.0}, {""period"": ""Q4 2020"", ""year"": 2020, ""quarter"": 4, ""value"": -3763658865.0}, {""period"": ""Q1 2021"", ""year"": 2021, ""quarter"": 1, ""value"": 2438505545.0}, {""period"": ""Q2 2021"", ""year"": 2021, ""quarter"": 2, ""value"": 3716433070.0}, {""period"": ""Q3 2021"", ""year"": 2021, ""quarter"": 3, ""value"": 4573642175.0}, {""period"": ""Q4 2021"", ""year"": 2021, ""quarter"": 4, ""value"": 9669104407.0}, {""period"": ""Q1 2022"", ""year"": 2022, ""quarter"": 1, ""value"": 3901826598.0}, {""period"": ""Q2 2022"", ""year"": 2022, ""quarter"": 2, ""value"": 5109038078.0}, {""period"": ""Q3 2022"", ""year"": 2022, ""quarter"": 3, ""value"": 12072194398.0}, {""period"": ""Q4 2022"", ""year"": 2022, ""quarter"": 4, ""value"": 26554939098.0}, {""period"": ""Q1 2023"", ""year"": 2023, ""quarter"": 1, ""value"": 6803277376.0}, {""period"": ""Q2 2023"", ""year"": 2023, ""quarter"": 2, ""value"": 492380364.0}, {""period"": ""Q3 2023"", ""year"": 2023, ""quarter"": 3, ""value"": -204388948.0}, {""period"": ""Q4 2023"", ""year"": 2023, ""quarter"": 4, ""value"": -10104350218.0}, {""period"": ""Q1 2024"", ""year"": 2024, ""quarter"": 1, ""value"": -109605212.0}, {""period"": ""Q2 2024"", ""year"": 2024, ""quarter"": 2, ""value"": 2027425416.0}, {""period"": ""Q3 2024"", ""year"": 2024, ""quarter"": 3, ""value"": -2134885263.0}, {""period"": ""Q4 2024"", ""year"": 2024, ""quarter"": 4, ""value"": -3213695954.0}, {""period"": ""Q1 2025"", ""year"": 2025, ""quarter"": 1, ""value"": 759210891.0}, {""period"": ""Q2 2025"", ""year"": 2025, ""quarter"": 2, ""value"": 22670337448.0}, {""period"": ""Q3 2025"", ""year"": 2025, ""quarter"": 3, ""value"": -18596666457.0}, {""period"": ""Q4 2025"", ""year"": 2025, ""quarter"": 4, ""value"": -57820484444.0}, {""period"": ""Q1 2026"", ""year"": 2026, ""quarter"": 1, ""value"": 218160870.0}, {""period"": ""Q2 2026"", ""year"": 2026, ""quarter"": 2, ""value"": -1138077446.0}]"
VPG,2,IncomeStatement,Quarter,15,15. Tổng lợi nhuận kế toán trước thuế (11)+(14),-1,True,1,,"[{""period"": ""Q2 2017"", ""year"": 2017, ""quarter"": 2, ""value"": 7758531113.0}, {""period"": ""Q3 2017"", ""year"": 2017, ""quarter"": 3, ""value"": 6282947327.0}, {""period"": ""Q4 2017"", ""year"": 2017, ""quarter"": 4, ""value"": 11466762326.0}, {""period"": ""Q1 2018"", ""year"": 2018, ""quarter"": 1, ""value"": 15007227519.0}, {""period"": ""Q2 2018"", ""year"": 2018, ""quarter"": 2, ""value"": 39893922205.0}, {""period"": ""Q3 2018"", ""year"": 2018, ""quarter"": 3, ""value"": 15894468807.0}, {""period"": ""Q4 2018"", ""year"": 2018, ""quarter"": 4, ""value"": 8059059843.0}, {""period"": ""Q1 2019"", ""year"": 2019, ""quarter"": 1, ""value"": 20431102537.0}, {""period"": ""Q2 2019"", ""year"": 2019, ""quarter"": 2, ""value"": 16113208952.0}, {""period"": ""Q3 2019"", ""year"": 2019, ""quarter"": 3, ""value"": 15873749755.0}, {""period"": ""Q4 2019"", ""year"": 2019, ""quarter"": 4, ""value"": 20545240721.0}, {""period"": ""Q1 2020"", ""year"": 2020, ""quarter"": 1, ""value"": 902016491.0}, {""period"": ""Q2 2020"", ""year"": 2020, ""quarter"": 2, ""value"": 9364755621.0}, {""period"": ""Q3 2020"", ""year"": 2020, ""quarter"": 3, ""value"": 25176088732.0}, {""period"": ""Q4 2020"", ""year"": 2020, ""quarter"": 4, ""value"": 76907960736.0}, {""period"": ""Q1 2021"", ""year"": 2021, ""quarter"": 1, ""value"": 173415184326.0}, {""period"": ""Q2 2021"", ""year"": 2021, ""quarter"": 2, ""value"": 153190451663.0}, {""period"": ""Q3 2021"", ""year"": 2021, ""quarter"": 3, ""value"": 124144173784.0}, {""period"": ""Q4 2021"", ""year"": 2021, ""quarter"": 4, ""value"": 76823950560.0}, {""period"": ""Q1 2022"", ""year"": 2022, ""quarter"": 1, ""value"": 65870251026.0}, {""period"": ""Q2 2022"", ""year"": 2022, ""quarter"": 2, ""value"": 111666837740.0}, {""period"": ""Q3 2022"", ""year"": 2022, ""quarter"": 3, ""value"": 18803814857.0}, {""period"": ""Q4 2022"", ""year"": 2022, ""quarter"": 4, ""value"": -115636757917.0}, {""period"": ""Q1 2023"", ""year"": 2023, ""quarter"": 1, ""value"": 45655409646.0}, {""period"": ""Q2 2023"", ""year"": 2023, ""quarter"": 2, ""value"": 29657265136.0}, {""period"": ""Q3 2023"", ""year"": 2023, ""quarter"": 3, ""value"": 31054281048.0}, {""period"": ""Q4 2023"", ""year"": 2023, ""quarter"": 4, ""value"": -79176623292.0}, {""period"": ""Q1 2024"", ""year"": 2024, ""quarter"": 1, ""value"": 2666264775.0}, {""period"": ""Q2 2024"", ""year"": 2024, ""quarter"": 2, ""value"": 2883328031.0}, {""period"": ""Q3 2024"", ""year"": 2024, ""quarter"": 3, ""value"": 16950531143.0}, {""period"": ""Q4 2024"", ""year"": 2024, ""quarter"": 4, ""value"": 120032424581.0}, {""period"": ""Q1 2025"", ""year"": 2025, ""quarter"": 1, ""value"": 26402766387.0}, {""period"": ""Q2 2025"", ""year"": 2025, ""quarter"": 2, ""value"": 33126515263.0}, {""period"": ""Q3 2025"", ""year"": 2025, ""quarter"": 3, ""value"": -217046224587.0}, {""period"": ""Q4 2025"", ""year"": 2025, ""quarter"": 4, ""value"": -405199479540.0}, {""period"": ""Q1 2026"", ""year"": 2026, ""quarter"": 1, ""value"": -31673711488.0}, {""period"": ""Q2 2026"", ""year"": 2026, ""quarter"": 2, ""value"": -33851609408.0}]"
VPG,2,IncomeStatement,Quarter,16,16. Chi phí thuế TNDN hiện hành,-1,True,1,,"[{""period"": ""Q2 2017"", ""year"": 2017, ""quarter"": 2, ""value"": 1603677385.0}, {""period"": ""Q3 2017"", ""year"": 2017, ""quarter"": 3, ""value"": 1308874964.0}, {""period"": ""Q4 2017"", ""year"": 2017, ""quarter"": 4, ""value"": 2356499675.0}, {""period"": ""Q1 2018"", ""year"": 2018, ""quarter"": 1, ""value"": 3080618144.0}, {""period"": ""Q2 2018"", ""year"": 2018, ""quarter"": 2, ""value"": 8754827046.0}, {""period"": ""Q3 2018"", ""year"": 2018, ""quarter"": 3, ""value"": 4185865057.0}, {""period"": ""Q4 2018"", ""year"": 2018, ""quarter"": 4, ""value"": 2729824710.0}, {""period"": ""Q1 2019"", ""year"": 2019, ""quarter"": 1, ""value"": 4158868847.0}, {""period"": ""Q2 2019"", ""year"": 2019, ""quarter"": 2, ""value"": 3324961230.0}, {""period"": ""Q3 2019"", ""year"": 2019, ""quarter"": 3, ""value"": 3264985442.0}, {""period"": ""Q4 2019"", ""year"": 2019, ""quarter"": 4, ""value"": 5062084897.0}, {""period"": ""Q1 2020"", ""year"": 2020, ""quarter"": 1, ""value"": 573927185.0}, {""period"": ""Q2 2020"", ""year"": 2020, ""quarter"": 2, ""value"": 1967015211.0}, {""period"": ""Q3 2020"", ""year"": 2020, ""quarter"": 3, ""value"": 5252259177.0}, {""period"": ""Q4 2020"", ""year"": 2020, ""quarter"": 4, ""value"": 16215172917.0}, {""period"": ""Q1 2021"", ""year"": 2021, ""quarter"": 1, ""value"": 34926734421.0}, {""period"": ""Q2 2021"", ""year"": 2021, ""quarter"": 2, ""value"": 30855360597.0}, {""period"": ""Q3 2021"", ""year"": 2021, ""quarter"": 3, ""value"": 24974002528.0}, {""period"": ""Q4 2021"", ""year"": 2021, ""quarter"": 4, ""value"": 15520082160.0}, {""period"": ""Q1 2022"", ""year"": 2022, ""quarter"": 1, ""value"": 13677529168.0}, {""period"": ""Q2 2022"", ""year"": 2022, ""quarter"": 2, ""value"": 23397412923.0}, {""period"": ""Q3 2022"", ""year"": 2022, ""quarter"": 3, ""value"": 4047983045.0}, {""period"": ""Q4 2022"", ""year"": 2022, ""quarter"": 4, ""value"": -22936437162.0}, {""period"": ""Q1 2023"", ""year"": 2023, ""quarter"": 1, ""value"": 9301125267.0}, {""period"": ""Q2 2023"", ""year"": 2023, ""quarter"": 2, ""value"": 6176203588.0}, {""period"": ""Q3 2023"", ""year"": 2023, ""quarter"": 3, ""value"": 6536869554.0}, {""period"": ""Q4 2023"", ""year"": 2023, ""quarter"": 4, ""value"": -14134217261.0}, {""period"": ""Q1 2024"", ""year"": 2024, ""quarter"": 1, ""value"": 953479911.0}, {""period"": ""Q2 2024"", ""year"": 2024, ""quarter"": 2, ""value"": 887798521.0}, {""period"": ""Q3 2024"", ""year"": 2024, ""quarter"": 3, ""value"": 3834517156.0}, {""period"": ""Q4 2024"", ""year"": 2024, ""quarter"": 4, ""value"": 24467221216.0}, {""period"": ""Q1 2025"", ""year"": 2025, ""quarter"": 1, ""value"": 5272165472.0}, {""period"": ""Q2 2025"", ""year"": 2025, ""quarter"": 2, ""value"": 6656877498.0}, {""period"": ""Q3 2025"", ""year"": 2025, ""quarter"": 3, ""value"": 7851760829.0}, {""period"": ""Q4 2025"", ""year"": 2025, ""quarter"": 4, ""value"": 4773715179.0}, {""period"": ""Q1 2026"", ""year"": 2026, ""quarter"": 1, ""value"": 0.0}, {""period"": ""Q2 2026"", ""year"": 2026, ""quarter"": 2, ""value"": 0.0}]"
VPG,2,IncomeStatement,Quarter,17,17. Chi phí thuế TNDN hoãn lại,-1,True,1,,"[{""period"": ""Q2 2017"", ""year"": 2017, ""quarter"": 2, ""value"": 0.0}, {""period"": ""Q3 2017"", ""year"": 2017, ""quarter"": 3, ""value"": 0.0}, {""period"": ""Q4 2017"", ""year"": 2017, ""quarter"": 4, ""value"": 0.0}, {""period"": ""Q1 2018"", ""year"": 2018, ""quarter"": 1, ""value"": 0.0}, {""period"": ""Q2 2018"", ""year"": 2018, ""quarter"": 2, ""value"": 0.0}, {""period"": ""Q3 2018"", ""year"": 2018, ""quarter"": 3, ""value"": 0.0}, {""period"": ""Q4 2018"", ""year"": 2018, ""quarter"": 4, ""value"": 0.0}, {""period"": ""Q1 2019"", ""year"": 2019, ""quarter"": 1, ""value"": 0.0}, {""period"": ""Q2 2019"", ""year"": 2019, ""quarter"": 2, ""value"": 0.0}, {""period"": ""Q3 2019"", ""year"": 2019, ""quarter"": 3, ""value"": 0.0}, {""period"": ""Q4 2019"", ""year"": 2019, ""quarter"": 4, ""value"": 0.0}, {""period"": ""Q1 2020"", ""year"": 2020, ""quarter"": 1, ""value"": 0.0}, {""period"": ""Q2 2020"", ""year"": 2020, ""quarter"": 2, ""value"": 0.0}, {""period"": ""Q3 2020"", ""year"": 2020, ""quarter"": 3, ""value"": 0.0}, {""period"": ""Q4 2020"", ""year"": 2020, ""quarter"": 4, ""value"": 0.0}, {""period"": ""Q1 2021"", ""year"": 2021, ""quarter"": 1, ""value"": 0.0}, {""period"": ""Q2 2021"", ""year"": 2021, ""quarter"": 2, ""value"": 0.0}, {""period"": ""Q3 2021"", ""year"": 2021, ""quarter"": 3, ""value"": 0.0}, {""period"": ""Q4 2021"", ""year"": 2021, ""quarter"": 4, ""value"": 0.0}, {""period"": ""Q1 2022"", ""year"": 2022, ""quarter"": 1, ""value"": 0.0}, {""period"": ""Q2 2022"", ""year"": 2022, ""quarter"": 2, ""value"": 0.0}, {""period"": ""Q3 2022"", ""year"": 2022, ""quarter"": 3, ""value"": 0.0}, {""period"": ""Q4 2022"", ""year"": 2022, ""quarter"": 4, ""value"": -10716935.0}, {""period"": ""Q1 2023"", ""year"": 2023, ""quarter"": 1, ""value"": -2629419.0}, {""period"": ""Q2 2023"", ""year"": 2023, ""quarter"": 2, ""value"": -51153239.0}, {""period"": ""Q3 2023"", ""year"": 2023, ""quarter"": 3, ""value"": -49620444.0}, {""period"": ""Q4 2023"", ""year"": 2023, ""quarter"": 4, ""value"": -48616584.0}, {""period"": ""Q1 2024"", ""year"": 2024, ""quarter"": 1, ""value"": -55430265.0}, {""period"": ""Q2 2024"", ""year"": 2024, ""quarter"": 2, ""value"": -37977581.0}, {""period"": ""Q3 2024"", ""year"": 2024, ""quarter"": 3, ""value"": 256144467.0}, {""period"": ""Q4 2024"", ""year"": 2024, ""quarter"": 4, ""value"": 0.0}, {""period"": ""Q1 2025"", ""year"": 2025, ""quarter"": 1, ""value"": 284808800.0}, {""period"": ""Q2 2025"", ""year"": 2025, ""quarter"": 2, ""value"": 284808800.0}, {""period"": ""Q3 2025"", ""year"": 2025, ""quarter"": 3, ""value"": 284808800.0}, {""period"": ""Q4 2025"", ""year"": 2025, ""quarter"": 4, ""value"": 8923904968.0}, {""period"": ""Q1 2026"", ""year"": 2026, ""quarter"": 1, ""value"": 217526809.0}, {""period"": ""Q2 2026"", ""year"": 2026, ""quarter"": 2, ""value"": 217526809.0}]"
VPG,2,IncomeStatement,Quarter,18,18. Chi phí thuế TNDN (16)+(17),-1,True,1,,"[{""period"": ""Q2 2017"", ""year"": 2017, ""quarter"": 2, ""value"": 1603677385.0}, {""period"": ""Q3 2017"", ""year"": 2017, ""quarter"": 3, ""value"": 1308874964.0}, {""period"": ""Q4 2017"", ""year"": 2017, ""quarter"": 4, ""value"": 2356499675.0}, {""period"": ""Q1 2018"", ""year"": 2018, ""quarter"": 1, ""value"": 3080618144.0}, {""period"": ""Q2 2018"", ""year"": 2018, ""quarter"": 2, ""value"": 8754827046.0}, {""period"": ""Q3 2018"", ""year"": 2018, ""quarter"": 3, ""value"": 4185865057.0}, {""period"": ""Q4 2018"", ""year"": 2018, ""quarter"": 4, ""value"": 2729824710.0}, {""period"": ""Q1 2019"", ""year"": 2019, ""quarter"": 1, ""value"": 4158868847.0}, {""period"": ""Q2 2019"", ""year"": 2019, ""quarter"": 2, ""value"": 3324961230.0}, {""period"": ""Q3 2019"", ""year"": 2019, ""quarter"": 3, ""value"": 3264985442.0}, {""period"": ""Q4 2019"", ""year"": 2019, ""quarter"": 4, ""value"": 5062084897.0}, {""period"": ""Q1 2020"", ""year"": 2020, ""quarter"": 1, ""value"": 573927185.0}, {""period"": ""Q2 2020"", ""year"": 2020, ""quarter"": 2, ""value"": 1967015211.0}, {""period"": ""Q3 2020"", ""year"": 2020, ""quarter"": 3, ""value"": 5252259177.0}, {""period"": ""Q4 2020"", ""year"": 2020, ""quarter"": 4, ""value"": 16215172917.0}, {""period"": ""Q1 2021"", ""year"": 2021, ""quarter"": 1, ""value"": 34926734421.0}, {""period"": ""Q2 2021"", ""year"": 2021, ""quarter"": 2, ""value"": 30855360597.0}, {""period"": ""Q3 2021"", ""year"": 2021, ""quarter"": 3, ""value"": 24974002528.0}, {""period"": ""Q4 2021"", ""year"": 2021, ""quarter"": 4, ""value"": 15520082160.0}, {""period"": ""Q1 2022"", ""year"": 2022, ""quarter"": 1, ""value"": 13677529168.0}, {""period"": ""Q2 2022"", ""year"": 2022, ""quarter"": 2, ""value"": 23397412923.0}, {""period"": ""Q3 2022"", ""year"": 2022, ""quarter"": 3, ""value"": 4047983045.0}, {""period"": ""Q4 2022"", ""year"": 2022, ""quarter"": 4, ""value"": -22947154097.0}, {""period"": ""Q1 2023"", ""year"": 2023, ""quarter"": 1, ""value"": 9298495848.0}, {""period"": ""Q2 2023"", ""year"": 2023, ""quarter"": 2, ""value"": 6125050349.0}, {""period"": ""Q3 2023"", ""year"": 2023, ""quarter"": 3, ""value"": 6487249110.0}, {""period"": ""Q4 2023"", ""year"": 2023, ""quarter"": 4, ""value"": -14182833845.0}, {""period"": ""Q1 2024"", ""year"": 2024, ""quarter"": 1, ""value"": 898049646.0}, {""period"": ""Q2 2024"", ""year"": 2024, ""quarter"": 2, ""value"": 849820940.0}, {""period"": ""Q3 2024"", ""year"": 2024, ""quarter"": 3, ""value"": 4090661623.0}, {""period"": ""Q4 2024"", ""year"": 2024, ""quarter"": 4, ""value"": 24467221216.0}, {""period"": ""Q1 2025"", ""year"": 2025, ""quarter"": 1, ""value"": 5556974272.0}, {""period"": ""Q2 2025"", ""year"": 2025, ""quarter"": 2, ""value"": 6941686298.0}, {""period"": ""Q3 2025"", ""year"": 2025, ""quarter"": 3, ""value"": 8136569629.0}, {""period"": ""Q4 2025"", ""year"": 2025, ""quarter"": 4, ""value"": 13697620147.0}, {""period"": ""Q1 2026"", ""year"": 2026, ""quarter"": 1, ""value"": 217526809.0}, {""period"": ""Q2 2026"", ""year"": 2026, ""quarter"": 2, ""value"": 217526809.0}]"
VPG,2,IncomeStatement,Quarter,19,19. Lợi nhuận sau thuế thu nhập doanh nghiệp (15)-(18),-1,True,1,,"[{""period"": ""Q2 2017"", ""year"": 2017, ""quarter"": 2, ""value"": 6154853728.0}, {""period"": ""Q3 2017"", ""year"": 2017, ""quarter"": 3, ""value"": 4974072363.0}, {""period"": ""Q4 2017"", ""year"": 2017, ""quarter"": 4, ""value"": 9110262651.0}, {""period"": ""Q1 2018"", ""year"": 2018, ""quarter"": 1, ""value"": 11926609375.0}, {""period"": ""Q2 2018"", ""year"": 2018, ""quarter"": 2, ""value"": 31139095159.0}, {""period"": ""Q3 2018"", ""year"": 2018, ""quarter"": 3, ""value"": 11708603750.0}, {""period"": ""Q4 2018"", ""year"": 2018, ""quarter"": 4, ""value"": 5329235133.0}, {""period"": ""Q1 2019"", ""year"": 2019, ""quarter"": 1, ""value"": 16272233690.0}, {""period"": ""Q2 2019"", ""year"": 2019, ""quarter"": 2, ""value"": 12788247722.0}, {""period"": ""Q3 2019"", ""year"": 2019, ""quarter"": 3, ""value"": 12608764313.0}, {""period"": ""Q4 2019"", ""year"": 2019, ""quarter"": 4, ""value"": 15483155824.0}, {""period"": ""Q1 2020"", ""year"": 2020, ""quarter"": 1, ""value"": 328089306.0}, {""period"": ""Q2 2020"", ""year"": 2020, ""quarter"": 2, ""value"": 7397740410.0}, {""period"": ""Q3 2020"", ""year"": 2020, ""quarter"": 3, ""value"": 19923829555.0}, {""period"": ""Q4 2020"", ""year"": 2020, ""quarter"": 4, ""value"": 60692787819.0}, {""period"": ""Q1 2021"", ""year"": 2021, ""quarter"": 1, ""value"": 138488449905.0}, {""period"": ""Q2 2021"", ""year"": 2021, ""quarter"": 2, ""value"": 122335091066.0}, {""period"": ""Q3 2021"", ""year"": 2021, ""quarter"": 3, ""value"": 99170171256.0}, {""period"": ""Q4 2021"", ""year"": 2021, ""quarter"": 4, ""value"": 61303868400.0}, {""period"": ""Q1 2022"", ""year"": 2022, ""quarter"": 1, ""value"": 52192721858.0}, {""period"": ""Q2 2022"", ""year"": 2022, ""quarter"": 2, ""value"": 88269424817.0}, {""period"": ""Q3 2022"", ""year"": 2022, ""quarter"": 3, ""value"": 14755831812.0}, {""period"": ""Q4 2022"", ""year"": 2022, ""quarter"": 4, ""value"": -92689603820.0}, {""period"": ""Q1 2023"", ""year"": 2023, ""quarter"": 1, ""value"": 36356913798.0}, {""period"": ""Q2 2023"", ""year"": 2023, ""quarter"": 2, ""value"": 23532214787.0}, {""period"": ""Q3 2023"", ""year"": 2023, ""quarter"": 3, ""value"": 24567031938.0}, {""period"": ""Q4 2023"", ""year"": 2023, ""quarter"": 4, ""value"": -64993789447.0}, {""period"": ""Q1 2024"", ""year"": 2024, ""quarter"": 1, ""value"": 1768215129.0}, {""period"": ""Q2 2024"", ""year"": 2024, ""quarter"": 2, ""value"": 2033507091.0}, {""period"": ""Q3 2024"", ""year"": 2024, ""quarter"": 3, ""value"": 12859869520.0}, {""period"": ""Q4 2024"", ""year"": 2024, ""quarter"": 4, ""value"": 95565203365.0}, {""period"": ""Q1 2025"", ""year"": 2025, ""quarter"": 1, ""value"": 20845792115.0}, {""period"": ""Q2 2025"", ""year"": 2025, ""quarter"": 2, ""value"": 26184828965.0}, {""period"": ""Q3 2025"", ""year"": 2025, ""quarter"": 3, ""value"": -225182794216.0}, {""period"": ""Q4 2025"", ""year"": 2025, ""quarter"": 4, ""value"": -418897099687.0}, {""period"": ""Q1 2026"", ""year"": 2026, ""quarter"": 1, ""value"": -31891238297.0}, {""period"": ""Q2 2026"", ""year"": 2026, ""quarter"": 2, ""value"": -34069136217.0}]"
VPG,2,IncomeStatement,Quarter,20,20. Lợi nhuận sau thuế của cổ đông không kiểm soát,-1,True,1,,"[{""period"": ""Q2 2017"", ""year"": 2017, ""quarter"": 2, ""value"": 0.0}, {""period"": ""Q3 2017"", ""year"": 2017, ""quarter"": 3, ""value"": 0.0}, {""period"": ""Q4 2017"", ""year"": 2017, ""quarter"": 4, ""value"": 0.0}, {""period"": ""Q1 2018"", ""year"": 2018, ""quarter"": 1, ""value"": 0.0}, {""period"": ""Q2 2018"", ""year"": 2018, ""quarter"": 2, ""value"": 0.0}, {""period"": ""Q3 2018"", ""year"": 2018, ""quarter"": 3, ""value"": 0.0}, {""period"": ""Q4 2018"", ""year"": 2018, ""quarter"": 4, ""value"": 0.0}, {""period"": ""Q1 2019"", ""year"": 2019, ""quarter"": 1, ""value"": 0.0}, {""period"": ""Q2 2019"", ""year"": 2019, ""quarter"": 2, ""value"": 0.0}, {""period"": ""Q3 2019"", ""year"": 2019, ""quarter"": 3, ""value"": 0.0}, {""period"": ""Q4 2019"", ""year"": 2019, ""quarter"": 4, ""value"": 0.0}, {""period"": ""Q1 2020"", ""year"": 2020, ""quarter"": 1, ""value"": 0.0}, {""period"": ""Q2 2020"", ""year"": 2020, ""quarter"": 2, ""value"": 0.0}, {""period"": ""Q3 2020"", ""year"": 2020, ""quarter"": 3, ""value"": 0.0}, {""period"": ""Q4 2020"", ""year"": 2020, ""quarter"": 4, ""value"": 0.0}, {""period"": ""Q1 2021"", ""year"": 2021, ""quarter"": 1, ""value"": 0.0}, {""period"": ""Q2 2021"", ""year"": 2021, ""quarter"": 2, ""value"": 0.0}, {""period"": ""Q3 2021"", ""year"": 2021, ""quarter"": 3, ""value"": 0.0}, {""period"": ""Q4 2021"", ""year"": 2021, ""quarter"": 4, ""value"": 0.0}, {""period"": ""Q1 2022"", ""year"": 2022, ""quarter"": 1, ""value"": 0.0}, {""period"": ""Q2 2022"", ""year"": 2022, ""quarter"": 2, ""value"": 0.0}, {""period"": ""Q3 2022"", ""year"": 2022, ""quarter"": 3, ""value"": 0.0}, {""period"": ""Q4 2022"", ""year"": 2022, ""quarter"": 4, ""value"": -4286774.0}, {""period"": ""Q1 2023"", ""year"": 2023, ""quarter"": 1, ""value"": -1051767.0}, {""period"": ""Q2 2023"", ""year"": 2023, ""quarter"": 2, ""value"": -20461296.0}, {""period"": ""Q3 2023"", ""year"": 2023, ""quarter"": 3, ""value"": -38717878.0}, {""period"": ""Q4 2023"", ""year"": 2023, ""quarter"": 4, ""value"": -19483706.0}, {""period"": ""Q1 2024"", ""year"": 2024, ""quarter"": 1, ""value"": -23140538.0}, {""period"": ""Q2 2024"", ""year"": 2024, ""quarter"": 2, ""value"": -22191224.0}, {""period"": ""Q3 2024"", ""year"": 2024, ""quarter"": 3, ""value"": 932273204.0}, {""period"": ""Q4 2024"", ""year"": 2024, ""quarter"": 4, ""value"": 9212896988.0}, {""period"": ""Q1 2025"", ""year"": 2025, ""quarter"": 1, ""value"": 1877552158.0}, {""period"": ""Q2 2025"", ""year"": 2025, ""quarter"": 2, ""value"": 2416261238.0}, {""period"": ""Q3 2025"", ""year"": 2025, ""quarter"": 3, ""value"": 3139484655.0}, {""period"": ""Q4 2025"", ""year"": 2025, ""quarter"": 4, ""value"": 2328284202.0}, {""period"": ""Q1 2026"", ""year"": 2026, ""quarter"": 1, ""value"": -15975697.0}, {""period"": ""Q2 2026"", ""year"": 2026, ""quarter"": 2, ""value"": -17547304.0}]"
VPG,2,IncomeStatement,Quarter,21,21. Lợi nhuận sau thuế của cổ đông của công ty mẹ (19)-(20),-1,True,1,,"[{""period"": ""Q2 2017"", ""year"": 2017, ""quarter"": 2, ""value"": 6154853728.0}, {""period"": ""Q3 2017"", ""year"": 2017, ""quarter"": 3, ""value"": 4974072363.0}, {""period"": ""Q4 2017"", ""year"": 2017, ""quarter"": 4, ""value"": 9110262651.0}, {""period"": ""Q1 2018"", ""year"": 2018, ""quarter"": 1, ""value"": 11926609375.0}, {""period"": ""Q2 2018"", ""year"": 2018, ""quarter"": 2, ""value"": 31139095159.0}, {""period"": ""Q3 2018"", ""year"": 2018, ""quarter"": 3, ""value"": 11708603750.0}, {""period"": ""Q4 2018"", ""year"": 2018, ""quarter"": 4, ""value"": 5329235133.0}, {""period"": ""Q1 2019"", ""year"": 2019, ""quarter"": 1, ""value"": 16272233690.0}, {""period"": ""Q2 2019"", ""year"": 2019, ""quarter"": 2, ""value"": 12788247722.0}, {""period"": ""Q3 2019"", ""year"": 2019, ""quarter"": 3, ""value"": 12608764313.0}, {""period"": ""Q4 2019"", ""year"": 2019, ""quarter"": 4, ""value"": 15483155824.0}, {""period"": ""Q1 2020"", ""year"": 2020, ""quarter"": 1, ""value"": 328089306.0}, {""period"": ""Q2 2020"", ""year"": 2020, ""quarter"": 2, ""value"": 7397740410.0}, {""period"": ""Q3 2020"", ""year"": 2020, ""quarter"": 3, ""value"": 19923829555.0}, {""period"": ""Q4 2020"", ""year"": 2020, ""quarter"": 4, ""value"": 60692787819.0}, {""period"": ""Q1 2021"", ""year"": 2021, ""quarter"": 1, ""value"": 138488449905.0}, {""period"": ""Q2 2021"", ""year"": 2021, ""quarter"": 2, ""value"": 122335091066.0}, {""period"": ""Q3 2021"", ""year"": 2021, ""quarter"": 3, ""value"": 99170171256.0}, {""period"": ""Q4 2021"", ""year"": 2021, ""quarter"": 4, ""value"": 61303868400.0}, {""period"": ""Q1 2022"", ""year"": 2022, ""quarter"": 1, ""value"": 52192721858.0}, {""period"": ""Q2 2022"", ""year"": 2022, ""quarter"": 2, ""value"": 88269424817.0}, {""period"": ""Q3 2022"", ""year"": 2022, ""quarter"": 3, ""value"": 14755831812.0}, {""period"": ""Q4 2022"", ""year"": 2022, ""quarter"": 4, ""value"": -92685317046.0}, {""period"": ""Q1 2023"", ""year"": 2023, ""quarter"": 1, ""value"": 36357965565.0}, {""period"": ""Q2 2023"", ""year"": 2023, ""quarter"": 2, ""value"": 23552676083.0}, {""period"": ""Q3 2023"", ""year"": 2023, ""quarter"": 3, ""value"": 24605749816.0}, {""period"": ""Q4 2023"", ""year"": 2023, ""quarter"": 4, ""value"": -64974305741.0}, {""period"": ""Q1 2024"", ""year"": 2024, ""quarter"": 1, ""value"": 1791355667.0}, {""period"": ""Q2 2024"", ""year"": 2024, ""quarter"": 2, ""value"": 2055698315.0}, {""period"": ""Q3 2024"", ""year"": 2024, ""quarter"": 3, ""value"": 11927596316.0}, {""period"": ""Q4 2024"", ""year"": 2024, ""quarter"": 4, ""value"": 86352306377.0}, {""period"": ""Q1 2025"", ""year"": 2025, ""quarter"": 1, ""value"": 18968239957.0}, {""period"": ""Q2 2025"", ""year"": 2025, ""quarter"": 2, ""value"": 23768567727.0}, {""period"": ""Q3 2025"", ""year"": 2025, ""quarter"": 3, ""value"": -228322278871.0}, {""period"": ""Q4 2025"", ""year"": 2025, ""quarter"": 4, ""value"": -421225383889.0}, {""period"": ""Q1 2026"", ""year"": 2026, ""quarter"": 1, ""value"": -31875262600.0}, {""period"": ""Q2 2026"", ""year"": 2026, ""quarter"": 2, ""value"": -34051588913.0}]"
VPG,3,CashFlow_Direct,Quarter,1,I. Lưu chuyển tiền từ hoạt động kinh doanh,-1,True,1,,"[{""period"": ""Q2 2017"", ""year"": 2017, ""quarter"": 2, ""value"": null}, {""period"": ""Q3 2017"", ""year"": 2017, ""quarter"": 3, ""value"": null}, {""period"": ""Q1 2018"", ""year"": 2018, ""quarter"": 1, ""value"": null}, {""period"": ""Q2 2018"", ""year"": 2018, ""quarter"": 2, ""value"": null}, {""period"": ""Q3 2018"", ""year"": 2018, ""quarter"": 3, ""value"": null}]"
VPG,3,CashFlow_Direct,Quarter,101,"1. Tiền thu từ bán hàng, cung cấp dịch vụ và doanh thu khác",1,True,2,,"[{""period"": ""Q2 2017"", ""year"": 2017, ""quarter"": 2, ""value"": 385420021781.0}, {""period"": ""Q3 2017"", ""year"": 2017, ""quarter"": 3, ""value"": 742576578532.0}, {""period"": ""Q1 2018"", ""year"": 2018, ""quarter"": 1, ""value"": 434575606860.0}, {""period"": ""Q2 2018"", ""year"": 2018, ""quarter"": 2, ""value"": 545650931387.0}, {""period"": ""Q3 2018"", ""year"": 2018, ""quarter"": 3, ""value"": 652991306587.0}]"
VPG,3,CashFlow_Direct,Quarter,102,2. Tiền chi trả cho người cung cấp hàng hóa và dịch vụ,1,True,2,,"[{""period"": ""Q2 2017"", ""year"": 2017, ""quarter"": 2, ""value"": -362715903137.0}, {""period"": ""Q3 2017"", ""year"": 2017, ""quarter"": 3, ""value"": -408343708236.0}, {""period"": ""Q1 2018"", ""year"": 2018, ""quarter"": 1, ""value"": -341911802492.0}, {""period"": ""Q2 2018"", ""year"": 2018, ""quarter"": 2, ""value"": -837556853803.0}, {""period"": ""Q3 2018"", ""year"": 2018, ""quarter"": 3, ""value"": -449006516064.0}]"
VPG,3,CashFlow_Direct,Quarter,103,3. Tiền chi trả cho người lao động,1,True,2,,"[{""period"": ""Q2 2017"", ""year"": 2017, ""quarter"": 2, ""value"": -2394629921.0}, {""period"": ""Q3 2017"", ""year"": 2017, ""quarter"": 3, ""value"": -2597349529.0}, {""period"": ""Q1 2018"", ""year"": 2018, ""quarter"": 1, ""value"": -2928970994.0}, {""period"": ""Q2 2018"", ""year"": 2018, ""quarter"": 2, ""value"": -2625789049.0}, {""period"": ""Q3 2018"", ""year"": 2018, ""quarter"": 3, ""value"": -2420200053.0}]"
VPG,3,CashFlow_Direct,Quarter,104,4. Tiền chi trả lãi vay,1,True,2,,"[{""period"": ""Q2 2017"", ""year"": 2017, ""quarter"": 2, ""value"": -6646648048.0}, {""period"": ""Q3 2017"", ""year"": 2017, ""quarter"": 3, ""value"": -8377807149.0}, {""period"": ""Q1 2018"", ""year"": 2018, ""quarter"": 1, ""value"": -5004144920.0}, {""period"": ""Q2 2018"", ""year"": 2018, ""quarter"": 2, ""value"": -9970934137.0}, {""period"": ""Q3 2018"", ""year"": 2018, ""quarter"": 3, ""value"": -13580815043.0}]"
VPG,3,CashFlow_Direct,Quarter,105,5. Tiền chi nộp thuế thu nhập doanh nghiệp,1,True,2,,"[{""period"": ""Q2 2017"", ""year"": 2017, ""quarter"": 2, ""value"": -1800000000.0}, {""period"": ""Q3 2017"", ""year"": 2017, ""quarter"": 3, ""value"": -2000000000.0}, {""period"": ""Q1 2018"", ""year"": 2018, ""quarter"": 1, ""value"": -3271015624.0}, {""period"": ""Q2 2018"", ""year"": 2018, ""quarter"": 2, ""value"": -3500000000.0}, {""period"": ""Q3 2018"", ""year"": 2018, ""quarter"": 3, ""value"": -4000000000.0}]"
VPG,3,CashFlow_Direct,Quarter,106,6. Tiền chi nộp thuế giá trị gia tăng,1,True,2,,"[{""period"": ""Q2 2017"", ""year"": 2017, ""quarter"": 2, ""value"": 0.0}, {""period"": ""Q3 2017"", ""year"": 2017, ""quarter"": 3, ""value"": 0.0}, {""period"": ""Q1 2018"", ""year"": 2018, ""quarter"": 1, ""value"": 0.0}, {""period"": ""Q2 2018"", ""year"": 2018, ""quarter"": 2, ""value"": 0.0}, {""period"": ""Q3 2018"", ""year"": 2018, ""quarter"": 3, ""value"": 0.0}]"
VPG,3,CashFlow_Direct,Quarter,107,7. Tiền thu khác từ hoạt động kinh doanh,1,True,2,,"[{""period"": ""Q2 2017"", ""year"": 2017, ""quarter"": 2, ""value"": 169642259426.0}, {""period"": ""Q3 2017"", ""year"": 2017, ""quarter"": 3, ""value"": 138062603816.0}, {""period"": ""Q1 2018"", ""year"": 2018, ""quarter"": 1, ""value"": 74248020460.0}, {""period"": ""Q2 2018"", ""year"": 2018, ""quarter"": 2, ""value"": 197278924705.0}, {""period"": ""Q3 2018"", ""year"": 2018, ""quarter"": 3, ""value"": 114984059435.0}]"
VPG,3,CashFlow_Direct,Quarter,108,8. Tiền chi khác cho hoạt động kinh doanh,1,True,2,,"[{""period"": ""Q2 2017"", ""year"": 2017, ""quarter"": 2, ""value"": -222377566490.0}, {""period"": ""Q3 2017"", ""year"": 2017, ""quarter"": 3, ""value"": -97105978139.0}, {""period"": ""Q1 2018"", ""year"": 2018, ""quarter"": 1, ""value"": -296565408203.0}, {""period"": ""Q2 2018"", ""year"": 2018, ""quarter"": 2, ""value"": -30156501924.0}, {""period"": ""Q3 2018"", ""year"": 2018, ""quarter"": 3, ""value"": -36003501326.0}]"
VPG,3,CashFlow_Direct,Quarter,109,Lưu chuyển tiền thuần từ hoạt động kinh doanh,1,True,2,,"[{""period"": ""Q2 2017"", ""year"": 2017, ""quarter"": 2, ""value"": -40872466389.0}, {""period"": ""Q3 2017"", ""year"": 2017, ""quarter"": 3, ""value"": 362214339295.0}, {""period"": ""Q1 2018"", ""year"": 2018, ""quarter"": 1, ""value"": -140857714913.0}, {""period"": ""Q2 2018"", ""year"": 2018, ""quarter"": 2, ""value"": -140880222821.0}, {""period"": ""Q3 2018"", ""year"": 2018, ""quarter"": 3, ""value"": 262964333536.0}]"
VPG,3,CashFlow_Direct,Quarter,2,II. Lưu chuyển tiền từ hoạt động đầu tư,-1,True,1,,"[{""period"": ""Q2 2017"", ""year"": 2017, ""quarter"": 2, ""value"": null}, {""period"": ""Q3 2017"", ""year"": 2017, ""quarter"": 3, ""value"": null}, {""period"": ""Q1 2018"", ""year"": 2018, ""quarter"": 1, ""value"": null}, {""period"": ""Q2 2018"", ""year"": 2018, ""quarter"": 2, ""value"": null}, {""period"": ""Q3 2018"", ""year"": 2018, ""quarter"": 3, ""value"": null}]"
VPG,3,CashFlow_Direct,Quarter,201,"1. Tiền chi để mua sắm, xây dựng TSCĐ và các tài sản dài hạn khác",2,True,2,,"[{""period"": ""Q2 2017"", ""year"": 2017, ""quarter"": 2, ""value"": -3162408999.0}, {""period"": ""Q3 2017"", ""year"": 2017, ""quarter"": 3, ""value"": -7050704556.0}, {""period"": ""Q1 2018"", ""year"": 2018, ""quarter"": 1, ""value"": -181850000.0}, {""period"": ""Q2 2018"", ""year"": 2018, ""quarter"": 2, ""value"": -310674000.0}, {""period"": ""Q3 2018"", ""year"": 2018, ""quarter"": 3, ""value"": -292555400.0}]"
VPG,3,CashFlow_Direct,Quarter,202,"2. Tiền thu từ thanh lý, nhượng bán TSCĐ và các tài sản dài hạn khác",2,True,2,,"[{""period"": ""Q2 2017"", ""year"": 2017, ""quarter"": 2, ""value"": 0.0}, {""period"": ""Q3 2017"", ""year"": 2017, ""quarter"": 3, ""value"": 0.0}, {""period"": ""Q1 2018"", ""year"": 2018, ""quarter"": 1, ""value"": 0.0}, {""period"": ""Q2 2018"", ""year"": 2018, ""quarter"": 2, ""value"": 0.0}, {""period"": ""Q3 2018"", ""year"": 2018, ""quarter"": 3, ""value"": 0.0}]"
VPG,3,CashFlow_Direct,Quarter,203,"3. Tiền chi cho vay, mua các công cụ nợ của đơn vị khác",2,True,2,,"[{""period"": ""Q2 2017"", ""year"": 2017, ""quarter"": 2, ""value"": 0.0}, {""period"": ""Q3 2017"", ""year"": 2017, ""quarter"": 3, ""value"": -246052651324.0}, {""period"": ""Q1 2018"", ""year"": 2018, ""quarter"": 1, ""value"": -134300000000.0}, {""period"": ""Q2 2018"", ""year"": 2018, ""quarter"": 2, ""value"": -176600000000.0}, {""period"": ""Q3 2018"", ""year"": 2018, ""quarter"": 3, ""value"": -374950000000.0}]"
VPG,3,CashFlow_Direct,Quarter,204,"4. Tiền thu hồi cho vay, bán lại các công cụ nợ của các đơn vị khác",2,True,2,,"[{""period"": ""Q2 2017"", ""year"": 2017, ""quarter"": 2, ""value"": 0.0}, {""period"": ""Q3 2017"", ""year"": 2017, ""quarter"": 3, ""value"": 0.0}, {""period"": ""Q1 2018"", ""year"": 2018, ""quarter"": 1, ""value"": 84500000000.0}, {""period"": ""Q2 2018"", ""year"": 2018, ""quarter"": 2, ""value"": 208000000000.0}, {""period"": ""Q3 2018"", ""year"": 2018, ""quarter"": 3, ""value"": 233150000000.0}]"
VPG,3,CashFlow_Direct,Quarter,205,5. Tiền chi đầu tư góp vốn vào đơn vị khác,2,True,2,,"[{""period"": ""Q2 2017"", ""year"": 2017, ""quarter"": 2, ""value"": -27000000000.0}, {""period"": ""Q3 2017"", ""year"": 2017, ""quarter"": 3, ""value"": -158550000000.0}, {""period"": ""Q1 2018"", ""year"": 2018, ""quarter"": 1, ""value"": 0.0}, {""period"": ""Q2 2018"", ""year"": 2018, ""quarter"": 2, ""value"": 0.0}, {""period"": ""Q3 2018"", ""year"": 2018, ""quarter"": 3, ""value"": 0.0}]"
VPG,3,CashFlow_Direct,Quarter,206,6. Tiền thu hồi đầu tư góp vốn vào đơn vị khác,2,True,2,,"[{""period"": ""Q2 2017"", ""year"": 2017, ""quarter"": 2, ""value"": 0.0}, {""period"": ""Q3 2017"", ""year"": 2017, ""quarter"": 3, ""value"": 54000000000.0}, {""period"": ""Q1 2018"", ""year"": 2018, ""quarter"": 1, ""value"": 1800000000.0}, {""period"": ""Q2 2018"", ""year"": 2018, ""quarter"": 2, ""value"": 14000000000.0}, {""period"": ""Q3 2018"", ""year"": 2018, ""quarter"": 3, ""value"": 0.0}]"
VPG,3,CashFlow_Direct,Quarter,207,"7. Tiền thu lãi cho vay, cổ tức và lợi nhuận được chia",2,True,2,,"[{""period"": ""Q2 2017"", ""year"": 2017, ""quarter"": 2, ""value"": 1843615531.0}, {""period"": ""Q3 2017"", ""year"": 2017, ""quarter"": 3, ""value"": 577047441.0}, {""period"": ""Q1 2018"", ""year"": 2018, ""quarter"": 1, ""value"": 9173468069.0}, {""period"": ""Q2 2018"", ""year"": 2018, ""quarter"": 2, ""value"": 18827155842.0}, {""period"": ""Q3 2018"", ""year"": 2018, ""quarter"": 3, ""value"": 3163370150.0}]"
VPG,3,CashFlow_Direct,Quarter,208,Lưu chuyển tiền thuần từ hoạt động đầu tư,2,True,2,,"[{""period"": ""Q2 2017"", ""year"": 2017, ""quarter"": 2, ""value"": -28318793468.0}, {""period"": ""Q3 2017"", ""year"": 2017, ""quarter"": 3, ""value"": -357076308439.0}, {""period"": ""Q1 2018"", ""year"": 2018, ""quarter"": 1, ""value"": -39008381931.0}, {""period"": ""Q2 2018"", ""year"": 2018, ""quarter"": 2, ""value"": 63916481842.0}, {""period"": ""Q3 2018"", ""year"": 2018, ""quarter"": 3, ""value"": -138929185250.0}]"
VPG,3,CashFlow_Direct,Quarter,3,III. Lưu chuyển tiền từ hoạt động tài chính,-1,True,1,,"[{""period"": ""Q2 2017"", ""year"": 2017, ""quarter"": 2, ""value"": null}, {""period"": ""Q3 2017"", ""year"": 2017, ""quarter"": 3, ""value"": null}, {""period"": ""Q1 2018"", ""year"": 2018, ""quarter"": 1, ""value"": null}, {""period"": ""Q2 2018"", ""year"": 2018, ""quarter"": 2, ""value"": null}, {""period"": ""Q3 2018"", ""year"": 2018, ""quarter"": 3, ""value"": null}]"
VPG,3,CashFlow_Direct,Quarter,301,"1. Tiền thu từ phát hành cổ phiếu, nhận vốn góp của chủ sở hữu",3,True,2,,"[{""period"": ""Q2 2017"", ""year"": 2017, ""quarter"": 2, ""value"": 0.0}, {""period"": ""Q3 2017"", ""year"": 2017, ""quarter"": 3, ""value"": 0.0}, {""period"": ""Q1 2018"", ""year"": 2018, ""quarter"": 1, ""value"": 0.0}, {""period"": ""Q2 2018"", ""year"": 2018, ""quarter"": 2, ""value"": 0.0}, {""period"": ""Q3 2018"", ""year"": 2018, ""quarter"": 3, ""value"": 0.0}]"
VPG,3,CashFlow_Direct,Quarter,302,"2. Tiền chi trả vốn góp cho các chủ sở hữu, mua lại cổ phiếu của doanh nghiệp đã phát hành",3,True,2,,"[{""period"": ""Q2 2017"", ""year"": 2017, ""quarter"": 2, ""value"": 0.0}, {""period"": ""Q3 2017"", ""year"": 2017, ""quarter"": 3, ""value"": 0.0}, {""period"": ""Q1 2018"", ""year"": 2018, ""quarter"": 1, ""value"": 0.0}, {""period"": ""Q2 2018"", ""year"": 2018, ""quarter"": 2, ""value"": 0.0}, {""period"": ""Q3 2018"", ""year"": 2018, ""quarter"": 3, ""value"": 0.0}]"
VPG,3,CashFlow_Direct,Quarter,303,"3. Tiền vay ngắn hạn, dài hạn nhận được",3,True,2,,"[{""period"": ""Q2 2017"", ""year"": 2017, ""quarter"": 2, ""value"": 272033679387.0}, {""period"": ""Q3 2017"", ""year"": 2017, ""quarter"": 3, ""value"": 407779076445.0}, {""period"": ""Q1 2018"", ""year"": 2018, ""quarter"": 1, ""value"": 382081812080.0}, {""period"": ""Q2 2018"", ""year"": 2018, ""quarter"": 2, ""value"": 635248509930.0}, {""period"": ""Q3 2018"", ""year"": 2018, ""quarter"": 3, ""value"": 344156651328.0}]"
VPG,3,CashFlow_Direct,Quarter,304,4. Tiền chi trả nợ gốc vay,3,True,2,,"[{""period"": ""Q2 2017"", ""year"": 2017, ""quarter"": 2, ""value"": -177928708501.0}, {""period"": ""Q3 2017"", ""year"": 2017, ""quarter"": 3, ""value"": -395780377486.0}, {""period"": ""Q1 2018"", ""year"": 2018, ""quarter"": 1, ""value"": -205920866678.0}, {""period"": ""Q2 2018"", ""year"": 2018, ""quarter"": 2, ""value"": -427057102929.0}, {""period"": ""Q3 2018"", ""year"": 2018, ""quarter"": 3, ""value"": -582704076536.0}]"
VPG,3,CashFlow_Direct,Quarter,305,"5. Tiền chi để mua sắm, xây dựng TSCĐ, BĐS đầu tư",3,True,2,,"[{""period"": ""Q2 2017"", ""year"": 2017, ""quarter"": 2, ""value"": 0.0}, {""period"": ""Q3 2017"", ""year"": 2017, ""quarter"": 3, ""value"": 0.0}, {""period"": ""Q1 2018"", ""year"": 2018, ""quarter"": 1, ""value"": 0.0}, {""period"": ""Q2 2018"", ""year"": 2018, ""quarter"": 2, ""value"": 0.0}, {""period"": ""Q3 2018"", ""year"": 2018, ""quarter"": 3, ""value"": 0.0}]"
VPG,3,CashFlow_Direct,Quarter,306,6. Tiền chi trả nợ thuê tài chính,3,True,2,,"[{""period"": ""Q2 2017"", ""year"": 2017, ""quarter"": 2, ""value"": 0.0}, {""period"": ""Q3 2017"", ""year"": 2017, ""quarter"": 3, ""value"": 0.0}, {""period"": ""Q1 2018"", ""year"": 2018, ""quarter"": 1, ""value"": 0.0}, {""period"": ""Q2 2018"", ""year"": 2018, ""quarter"": 2, ""value"": 0.0}, {""period"": ""Q3 2018"", ""year"": 2018, ""quarter"": 3, ""value"": 0.0}]"
VPG,3,CashFlow_Direct,Quarter,307,"7. Cổ tức, lợi nhuận đã trả cho chủ sở hữu",3,True,2,,"[{""period"": ""Q2 2017"", ""year"": 2017, ""quarter"": 2, ""value"": 0.0}, {""period"": ""Q3 2017"", ""year"": 2017, ""quarter"": 3, ""value"": 0.0}, {""period"": ""Q1 2018"", ""year"": 2018, ""quarter"": 1, ""value"": 0.0}, {""period"": ""Q2 2018"", ""year"": 2018, ""quarter"": 2, ""value"": 0.0}, {""period"": ""Q3 2018"", ""year"": 2018, ""quarter"": 3, ""value"": 0.0}]"
VPG,3,CashFlow_Direct,Quarter,308,8. Chi từ các quỹ của doanh nghiệp,3,True,2,,"[{""period"": ""Q2 2017"", ""year"": 2017, ""quarter"": 2, ""value"": 0.0}, {""period"": ""Q3 2017"", ""year"": 2017, ""quarter"": 3, ""value"": 0.0}, {""period"": ""Q1 2018"", ""year"": 2018, ""quarter"": 1, ""value"": 0.0}, {""period"": ""Q2 2018"", ""year"": 2018, ""quarter"": 2, ""value"": 0.0}, {""period"": ""Q3 2018"", ""year"": 2018, ""quarter"": 3, ""value"": 0.0}]"
VPG,3,CashFlow_Direct,Quarter,309,Lưu chuyển tiền thuần từ hoạt động tài chính,3,True,2,,"[{""period"": ""Q2 2017"", ""year"": 2017, ""quarter"": 2, ""value"": 94104970886.0}, {""period"": ""Q3 2017"", ""year"": 2017, ""quarter"": 3, ""value"": 11998698959.0}, {""period"": ""Q1 2018"", ""year"": 2018, ""quarter"": 1, ""value"": 176160945402.0}, {""period"": ""Q2 2018"", ""year"": 2018, ""quarter"": 2, ""value"": 208191407001.0}, {""period"": ""Q3 2018"", ""year"": 2018, ""quarter"": 3, ""value"": -238547425208.0}]"
VPG,3,CashFlow_Direct,Quarter,4,Lưu chuyển tiền thuần trong kỳ,-1,True,1,,"[{""period"": ""Q2 2017"", ""year"": 2017, ""quarter"": 2, ""value"": 24913711029.0}, {""period"": ""Q3 2017"", ""year"": 2017, ""quarter"": 3, ""value"": 17136729815.0}, {""period"": ""Q1 2018"", ""year"": 2018, ""quarter"": 1, ""value"": -3705151442.0}, {""period"": ""Q2 2018"", ""year"": 2018, ""quarter"": 2, ""value"": 131227666022.0}, {""period"": ""Q3 2018"", ""year"": 2018, ""quarter"": 3, ""value"": -114512276922.0}]"
VPG,3,CashFlow_Direct,Quarter,5,Tiền và tương đương tiền đầu kỳ,-1,True,1,,"[{""period"": ""Q2 2017"", ""year"": 2017, ""quarter"": 2, ""value"": 2750308398.0}, {""period"": ""Q3 2017"", ""year"": 2017, ""quarter"": 3, ""value"": 27664019427.0}, {""period"": ""Q1 2018"", ""year"": 2018, ""quarter"": 1, ""value"": 140635846593.0}, {""period"": ""Q2 2018"", ""year"": 2018, ""quarter"": 2, ""value"": 136930695151.0}, {""period"": ""Q3 2018"", ""year"": 2018, ""quarter"": 3, ""value"": 268158361173.0}]"
VPG,3,CashFlow_Direct,Quarter,6,Ảnh hưởng của thay đổi tỷ giá hối đoái quy đổi ngoại tệ,-1,True,1,,"[{""period"": ""Q2 2017"", ""year"": 2017, ""quarter"": 2, ""value"": 0.0}, {""period"": ""Q3 2017"", ""year"": 2017, ""quarter"": 3, ""value"": 0.0}, {""period"": ""Q1 2018"", ""year"": 2018, ""quarter"": 1, ""value"": 0.0}, {""period"": ""Q2 2018"", ""year"": 2018, ""quarter"": 2, ""value"": 0.0}, {""period"": ""Q3 2018"", ""year"": 2018, ""quarter"": 3, ""value"": 0.0}]"
VPG,3,CashFlow_Direct,Quarter,7,Tiền và tương đương tiền cuối kỳ,-1,True,1,,"[{""period"": ""Q2 2017"", ""year"": 2017, ""quarter"": 2, ""value"": 27664019427.0}, {""period"": ""Q3 2017"", ""year"": 2017, ""quarter"": 3, ""value"": 44800749242.0}, {""period"": ""Q1 2018"", ""year"": 2018, ""quarter"": 1, ""value"": 136930695151.0}, {""period"": ""Q2 2018"", ""year"": 2018, ""quarter"": 2, ""value"": 268158361173.0}, {""period"": ""Q3 2018"", ""year"": 2018, ""quarter"": 3, ""value"": 153646084251.0}]"
VPG,4,CashFlow_Indirect,Quarter,1,I. Lưu chuyển tiền từ hoạt động kinh doanh,-1,True,1,,"[{""period"": ""Q1 2019"", ""year"": 2019, ""quarter"": 1, ""value"": null}, {""period"": ""Q2 2019"", ""year"": 2019, ""quarter"": 2, ""value"": null}, {""period"": ""Q3 2019"", ""year"": 2019, ""quarter"": 3, ""value"": null}, {""period"": ""Q4 2019"", ""year"": 2019, ""quarter"": 4, ""value"": null}, {""period"": ""Q1 2020"", ""year"": 2020, ""quarter"": 1, ""value"": null}, {""period"": ""Q2 2020"", ""year"": 2020, ""quarter"": 2, ""value"": null}, {""period"": ""Q3 2020"", ""year"": 2020, ""quarter"": 3, ""value"": null}, {""period"": ""Q4 2020"", ""year"": 2020, ""quarter"": 4, ""value"": null}, {""period"": ""Q1 2021"", ""year"": 2021, ""quarter"": 1, ""value"": null}, {""period"": ""Q2 2021"", ""year"": 2021, ""quarter"": 2, ""value"": null}, {""period"": ""Q3 2021"", ""year"": 2021, ""quarter"": 3, ""value"": null}, {""period"": ""Q4 2021"", ""year"": 2021, ""quarter"": 4, ""value"": null}, {""period"": ""Q1 2022"", ""year"": 2022, ""quarter"": 1, ""value"": null}, {""period"": ""Q2 2022"", ""year"": 2022, ""quarter"": 2, ""value"": null}, {""period"": ""Q3 2022"", ""year"": 2022, ""quarter"": 3, ""value"": null}, {""period"": ""Q4 2022"", ""year"": 2022, ""quarter"": 4, ""value"": null}, {""period"": ""Q1 2023"", ""year"": 2023, ""quarter"": 1, ""value"": null}, {""period"": ""Q2 2023"", ""year"": 2023, ""quarter"": 2, ""value"": null}, {""period"": ""Q3 2023"", ""year"": 2023, ""quarter"": 3, ""value"": null}, {""period"": ""Q4 2023"", ""year"": 2023, ""quarter"": 4, ""value"": null}, {""period"": ""Q1 2024"", ""year"": 2024, ""quarter"": 1, ""value"": null}, {""period"": ""Q2 2024"", ""year"": 2024, ""quarter"": 2, ""value"": null}, {""period"": ""Q3 2024"", ""year"": 2024, ""quarter"": 3, ""value"": null}, {""period"": ""Q4 2024"", ""year"": 2024, ""quarter"": 4, ""value"": null}, {""period"": ""Q1 2025"", ""year"": 2025, ""quarter"": 1, ""value"": null}, {""period"": ""Q2 2025"", ""year"": 2025, ""quarter"": 2, ""value"": null}, {""period"": ""Q3 2025"", ""year"": 2025, ""quarter"": 3, ""value"": null}, {""period"": ""Q4 2025"", ""year"": 2025, ""quarter"": 4, ""value"": null}, {""period"": ""Q1 2026"", ""year"": 2026, ""quarter"": 1, ""value"": null}, {""period"": ""Q2 2026"", ""year"": 2026, ""quarter"": 2, ""value"": null}]"
VPG,4,CashFlow_Indirect,Quarter,101,1. Lợi nhuận trước thuế,1,True,2,,"[{""period"": ""Q1 2019"", ""year"": 2019, ""quarter"": 1, ""value"": 20431102537.0}, {""period"": ""Q2 2019"", ""year"": 2019, ""quarter"": 2, ""value"": 16113208952.0}, {""period"": ""Q3 2019"", ""year"": 2019, ""quarter"": 3, ""value"": 15873749755.0}, {""period"": ""Q4 2019"", ""year"": 2019, ""quarter"": 4, ""value"": 20545240721.0}, {""period"": ""Q1 2020"", ""year"": 2020, ""quarter"": 1, ""value"": 902016491.0}, {""period"": ""Q2 2020"", ""year"": 2020, ""quarter"": 2, ""value"": 9364755621.0}, {""period"": ""Q3 2020"", ""year"": 2020, ""quarter"": 3, ""value"": 25176088732.0}, {""period"": ""Q4 2020"", ""year"": 2020, ""quarter"": 4, ""value"": 76907960736.0}, {""period"": ""Q1 2021"", ""year"": 2021, ""quarter"": 1, ""value"": 173415184326.0}, {""period"": ""Q2 2021"", ""year"": 2021, ""quarter"": 2, ""value"": 153190451663.0}, {""period"": ""Q3 2021"", ""year"": 2021, ""quarter"": 3, ""value"": 124144173784.0}, {""period"": ""Q4 2021"", ""year"": 2021, ""quarter"": 4, ""value"": 76823950560.0}, {""period"": ""Q1 2022"", ""year"": 2022, ""quarter"": 1, ""value"": 65870251026.0}, {""period"": ""Q2 2022"", ""year"": 2022, ""quarter"": 2, ""value"": 111666837740.0}, {""period"": ""Q3 2022"", ""year"": 2022, ""quarter"": 3, ""value"": 18803814857.0}, {""period"": ""Q4 2022"", ""year"": 2022, ""quarter"": 4, ""value"": -115636757917.0}, {""period"": ""Q1 2023"", ""year"": 2023, ""quarter"": 1, ""value"": 45658039065.0}, {""period"": ""Q2 2023"", ""year"": 2023, ""quarter"": 2, ""value"": 29654635717.0}, {""period"": ""Q3 2023"", ""year"": 2023, ""quarter"": 3, ""value"": 31054281048.0}, {""period"": ""Q4 2023"", ""year"": 2023, ""quarter"": 4, ""value"": -79176623292.0}, {""period"": ""Q1 2024"", ""year"": 2024, ""quarter"": 1, ""value"": 2666264775.0}, {""period"": ""Q2 2024"", ""year"": 2024, ""quarter"": 2, ""value"": 2883328031.0}, {""period"": ""Q3 2024"", ""year"": 2024, ""quarter"": 3, ""value"": 16950531143.0}, {""period"": ""Q4 2024"", ""year"": 2024, ""quarter"": 4, ""value"": 120032424581.0}, {""period"": ""Q1 2025"", ""year"": 2025, ""quarter"": 1, ""value"": 26402766387.0}, {""period"": ""Q2 2025"", ""year"": 2025, ""quarter"": 2, ""value"": 33126515263.0}, {""period"": ""Q3 2025"", ""year"": 2025, ""quarter"": 3, ""value"": -217046224587.0}, {""period"": ""Q4 2025"", ""year"": 2025, ""quarter"": 4, ""value"": -405199479540.0}, {""period"": ""Q1 2026"", ""year"": 2026, ""quarter"": 1, ""value"": -31673711488.0}, {""period"": ""Q2 2026"", ""year"": 2026, ""quarter"": 2, ""value"": -33851609408.0}]"
VPG,4,CashFlow_Indirect,Quarter,102,2. Điều chỉnh cho các khoản,1,True,2,,"[{""period"": ""Q1 2019"", ""year"": 2019, ""quarter"": 1, ""value"": 1675494544.0}, {""period"": ""Q2 2019"", ""year"": 2019, ""quarter"": 2, ""value"": 11137813716.0}, {""period"": ""Q3 2019"", ""year"": 2019, ""quarter"": 3, ""value"": 4883719570.0}, {""period"": ""Q4 2019"", ""year"": 2019, ""quarter"": 4, ""value"": 9510018426.0}, {""period"": ""Q1 2020"", ""year"": 2020, ""quarter"": 1, ""value"": -6919361118.0}, {""period"": ""Q2 2020"", ""year"": 2020, ""quarter"": 2, ""value"": 43558760134.0}, {""period"": ""Q3 2020"", ""year"": 2020, ""quarter"": 3, ""value"": 10218114700.0}, {""period"": ""Q4 2020"", ""year"": 2020, ""quarter"": 4, ""value"": 19085756174.0}, {""period"": ""Q1 2021"", ""year"": 2021, ""quarter"": 1, ""value"": 5999004037.0}, {""period"": ""Q2 2021"", ""year"": 2021, ""quarter"": 2, ""value"": 7788981334.0}, {""period"": ""Q3 2021"", ""year"": 2021, ""quarter"": 3, ""value"": 3189521153.0}, {""period"": ""Q4 2021"", ""year"": 2021, ""quarter"": 4, ""value"": 11953731316.0}, {""period"": ""Q1 2022"", ""year"": 2022, ""quarter"": 1, ""value"": 9553464640.0}, {""period"": ""Q2 2022"", ""year"": 2022, ""quarter"": 2, ""value"": 11140834727.0}, {""period"": ""Q3 2022"", ""year"": 2022, ""quarter"": 3, ""value"": 16610565970.0}, {""period"": ""Q4 2022"", ""year"": 2022, ""quarter"": 4, ""value"": 53377891323.0}, {""period"": ""Q1 2023"", ""year"": 2023, ""quarter"": 1, ""value"": 17182345830.0}, {""period"": ""Q2 2023"", ""year"": 2023, ""quarter"": 2, ""value"": 15259191591.0}, {""period"": ""Q3 2023"", ""year"": 2023, ""quarter"": 3, ""value"": 52868273739.0}, {""period"": ""Q4 2023"", ""year"": 2023, ""quarter"": 4, ""value"": 47368647277.0}, {""period"": ""Q1 2024"", ""year"": 2024, ""quarter"": 1, ""value"": 21056848846.0}, {""period"": ""Q2 2024"", ""year"": 2024, ""quarter"": 2, ""value"": 47751868709.0}, {""period"": ""Q3 2024"", ""year"": 2024, ""quarter"": 3, ""value"": 24420977376.0}, {""period"": ""Q4 2024"", ""year"": 2024, ""quarter"": 4, ""value"": 118050478979.0}, {""period"": ""Q1 2025"", ""year"": 2025, ""quarter"": 1, ""value"": 38884164294.0}, {""period"": ""Q2 2025"", ""year"": 2025, ""quarter"": 2, ""value"": 101468449991.0}, {""period"": ""Q3 2025"", ""year"": 2025, ""quarter"": 3, ""value"": 46524339485.0}, {""period"": ""Q4 2025"", ""year"": 2025, ""quarter"": 4, ""value"": 387154058513.0}, {""period"": ""Q1 2026"", ""year"": 2026, ""quarter"": 1, ""value"": 23613059153.0}, {""period"": ""Q2 2026"", ""year"": 2026, ""quarter"": 2, ""value"": 29521035304.0}]"
VPG,4,CashFlow_Indirect,Quarter,10201,- Khấu hao TSCĐ,102,False,3,,"[{""period"": ""Q1 2019"", ""year"": 2019, ""quarter"": 1, ""value"": 1976641171.0}, {""period"": ""Q2 2019"", ""year"": 2019, ""quarter"": 2, ""value"": 2180641154.0}, {""period"": ""Q3 2019"", ""year"": 2019, ""quarter"": 3, ""value"": 2101268223.0}, {""period"": ""Q4 2019"", ""year"": 2019, ""quarter"": 4, ""value"": 2113443369.0}, {""period"": ""Q1 2020"", ""year"": 2020, ""quarter"": 1, ""value"": 1661277422.0}, {""period"": ""Q2 2020"", ""year"": 2020, ""quarter"": 2, ""value"": 1649907831.0}, {""period"": ""Q3 2020"", ""year"": 2020, ""quarter"": 3, ""value"": 1604613898.0}, {""period"": ""Q4 2020"", ""year"": 2020, ""quarter"": 4, ""value"": 1611240573.0}, {""period"": ""Q1 2021"", ""year"": 2021, ""quarter"": 1, ""value"": 1598930517.0}, {""period"": ""Q2 2021"", ""year"": 2021, ""quarter"": 2, ""value"": 1618375222.0}, {""period"": ""Q3 2021"", ""year"": 2021, ""quarter"": 3, ""value"": 1444714183.0}, {""period"": ""Q4 2021"", ""year"": 2021, ""quarter"": 4, ""value"": 1518289535.0}, {""period"": ""Q1 2022"", ""year"": 2022, ""quarter"": 1, ""value"": 1751001991.0}, {""period"": ""Q2 2022"", ""year"": 2022, ""quarter"": 2, ""value"": 1459593633.0}, {""period"": ""Q3 2022"", ""year"": 2022, ""quarter"": 3, ""value"": 1496795434.0}, {""period"": ""Q4 2022"", ""year"": 2022, ""quarter"": 4, ""value"": 1410046169.0}, {""period"": ""Q1 2023"", ""year"": 2023, ""quarter"": 1, ""value"": 1451883458.0}, {""period"": ""Q2 2023"", ""year"": 2023, ""quarter"": 2, ""value"": 1405394603.0}, {""period"": ""Q3 2023"", ""year"": 2023, ""quarter"": 3, ""value"": 1447463211.0}, {""period"": ""Q4 2023"", ""year"": 2023, ""quarter"": 4, ""value"": 1365051198.0}, {""period"": ""Q1 2024"", ""year"": 2024, ""quarter"": 1, ""value"": 1235551777.0}, {""period"": ""Q2 2024"", ""year"": 2024, ""quarter"": 2, ""value"": 1899220448.0}, {""period"": ""Q3 2024"", ""year"": 2024, ""quarter"": 3, ""value"": 1987791341.0}, {""period"": ""Q4 2024"", ""year"": 2024, ""quarter"": 4, ""value"": 1756603536.0}, {""period"": ""Q1 2025"", ""year"": 2025, ""quarter"": 1, ""value"": 1978641044.0}, {""period"": ""Q2 2025"", ""year"": 2025, ""quarter"": 2, ""value"": 4796445731.0}, {""period"": ""Q3 2025"", ""year"": 2025, ""quarter"": 3, ""value"": -413315383.0}, {""period"": ""Q4 2025"", ""year"": 2025, ""quarter"": 4, ""value"": 5540898554.0}, {""period"": ""Q1 2026"", ""year"": 2026, ""quarter"": 1, ""value"": 1713843271.0}, {""period"": ""Q2 2026"", ""year"": 2026, ""quarter"": 2, ""value"": 1670147763.0}]"
VPG,4,CashFlow_Indirect,Quarter,10202,- Các khoản dự phòng,102,False,3,,"[{""period"": ""Q1 2019"", ""year"": 2019, ""quarter"": 1, ""value"": 0.0}, {""period"": ""Q2 2019"", ""year"": 2019, ""quarter"": 2, ""value"": 0.0}, {""period"": ""Q3 2019"", ""year"": 2019, ""quarter"": 3, ""value"": 0.0}, {""period"": ""Q4 2019"", ""year"": 2019, ""quarter"": 4, ""value"": 0.0}, {""period"": ""Q1 2020"", ""year"": 2020, ""quarter"": 1, ""value"": 0.0}, {""period"": ""Q2 2020"", ""year"": 2020, ""quarter"": 2, ""value"": 0.0}, {""period"": ""Q3 2020"", ""year"": 2020, ""quarter"": 3, ""value"": 0.0}, {""period"": ""Q4 2020"", ""year"": 2020, ""quarter"": 4, ""value"": 0.0}, {""period"": ""Q1 2021"", ""year"": 2021, ""quarter"": 1, ""value"": 0.0}, {""period"": ""Q2 2021"", ""year"": 2021, ""quarter"": 2, ""value"": 0.0}, {""period"": ""Q3 2021"", ""year"": 2021, ""quarter"": 3, ""value"": 0.0}, {""period"": ""Q4 2021"", ""year"": 2021, ""quarter"": 4, ""value"": 0.0}, {""period"": ""Q1 2022"", ""year"": 2022, ""quarter"": 1, ""value"": 0.0}, {""period"": ""Q2 2022"", ""year"": 2022, ""quarter"": 2, ""value"": 0.0}, {""period"": ""Q3 2022"", ""year"": 2022, ""quarter"": 3, ""value"": 0.0}, {""period"": ""Q4 2022"", ""year"": 2022, ""quarter"": 4, ""value"": 35124864392.0}, {""period"": ""Q1 2023"", ""year"": 2023, ""quarter"": 1, ""value"": 0.0}, {""period"": ""Q2 2023"", ""year"": 2023, ""quarter"": 2, ""value"": 2475175946.0}, {""period"": ""Q3 2023"", ""year"": 2023, ""quarter"": 3, ""value"": 0.0}, {""period"": ""Q4 2023"", ""year"": 2023, ""quarter"": 4, ""value"": 3755032603.0}, {""period"": ""Q1 2024"", ""year"": 2024, ""quarter"": 1, ""value"": 0.0}, {""period"": ""Q2 2024"", ""year"": 2024, ""quarter"": 2, ""value"": 10795920936.0}, {""period"": ""Q3 2024"", ""year"": 2024, ""quarter"": 3, ""value"": -268592500.0}, {""period"": ""Q4 2024"", ""year"": 2024, ""quarter"": 4, ""value"": 0.0}, {""period"": ""Q1 2025"", ""year"": 2025, ""quarter"": 1, ""value"": 0.0}, {""period"": ""Q2 2025"", ""year"": 2025, ""quarter"": 2, ""value"": 0.0}, {""period"": ""Q3 2025"", ""year"": 2025, ""quarter"": 3, ""value"": 0.0}, {""period"": ""Q4 2025"", ""year"": 2025, ""quarter"": 4, ""value"": 346549650870.0}, {""period"": ""Q1 2026"", ""year"": 2026, ""quarter"": 1, ""value"": 0.0}, {""period"": ""Q2 2026"", ""year"": 2026, ""quarter"": 2, ""value"": 3591844.0}]"
VPG,4,CashFlow_Indirect,Quarter,10203,- Lợi nhuận thuần từ đầu tư vào công ty liên kết,102,False,3,,"[{""period"": ""Q1 2019"", ""year"": 2019, ""quarter"": 1, ""value"": 0.0}, {""period"": ""Q2 2019"", ""year"": 2019, ""quarter"": 2, ""value"": 0.0}, {""period"": ""Q3 2019"", ""year"": 2019, ""quarter"": 3, ""value"": 0.0}, {""period"": ""Q4 2019"", ""year"": 2019, ""quarter"": 4, ""value"": 0.0}, {""period"": ""Q1 2020"", ""year"": 2020, ""quarter"": 1, ""value"": 0.0}, {""period"": ""Q2 2020"", ""year"": 2020, ""quarter"": 2, ""value"": 0.0}, {""period"": ""Q3 2020"", ""year"": 2020, ""quarter"": 3, ""value"": 0.0}, {""period"": ""Q4 2020"", ""year"": 2020, ""quarter"": 4, ""value"": 0.0}, {""period"": ""Q1 2021"", ""year"": 2021, ""quarter"": 1, ""value"": 0.0}, {""period"": ""Q2 2021"", ""year"": 2021, ""quarter"": 2, ""value"": 0.0}, {""period"": ""Q3 2021"", ""year"": 2021, ""quarter"": 3, ""value"": 0.0}, {""period"": ""Q4 2021"", ""year"": 2021, ""quarter"": 4, ""value"": 0.0}, {""period"": ""Q1 2022"", ""year"": 2022, ""quarter"": 1, ""value"": 0.0}, {""period"": ""Q2 2022"", ""year"": 2022, ""quarter"": 2, ""value"": 0.0}, {""period"": ""Q3 2022"", ""year"": 2022, ""quarter"": 3, ""value"": 0.0}, {""period"": ""Q4 2022"", ""year"": 2022, ""quarter"": 4, ""value"": 0.0}, {""period"": ""Q1 2023"", ""year"": 2023, ""quarter"": 1, ""value"": 0.0}, {""period"": ""Q2 2023"", ""year"": 2023, ""quarter"": 2, ""value"": 0.0}, {""period"": ""Q3 2023"", ""year"": 2023, ""quarter"": 3, ""value"": 0.0}, {""period"": ""Q4 2023"", ""year"": 2023, ""quarter"": 4, ""value"": 0.0}, {""period"": ""Q1 2024"", ""year"": 2024, ""quarter"": 1, ""value"": 0.0}, {""period"": ""Q2 2024"", ""year"": 2024, ""quarter"": 2, ""value"": 0.0}, {""period"": ""Q3 2024"", ""year"": 2024, ""quarter"": 3, ""value"": 0.0}, {""period"": ""Q4 2024"", ""year"": 2024, ""quarter"": 4, ""value"": 0.0}, {""period"": ""Q1 2025"", ""year"": 2025, ""quarter"": 1, ""value"": 0.0}, {""period"": ""Q2 2025"", ""year"": 2025, ""quarter"": 2, ""value"": 0.0}, {""period"": ""Q3 2025"", ""year"": 2025, ""quarter"": 3, ""value"": 0.0}, {""period"": ""Q4 2025"", ""year"": 2025, ""quarter"": 4, ""value"": 0.0}, {""period"": ""Q1 2026"", ""year"": 2026, ""quarter"": 1, ""value"": 0.0}, {""period"": ""Q2 2026"", ""year"": 2026, ""quarter"": 2, ""value"": 0.0}]"
VPG,4,CashFlow_Indirect,Quarter,10204,- Xóa sổ tài sản cố định (thuần),102,False,3,,"[{""period"": ""Q1 2019"", ""year"": 2019, ""quarter"": 1, ""value"": 0.0}, {""period"": ""Q2 2019"", ""year"": 2019, ""quarter"": 2, ""value"": 0.0}, {""period"": ""Q3 2019"", ""year"": 2019, ""quarter"": 3, ""value"": 0.0}, {""period"": ""Q4 2019"", ""year"": 2019, ""quarter"": 4, ""value"": 0.0}, {""period"": ""Q1 2020"", ""year"": 2020, ""quarter"": 1, ""value"": 0.0}, {""period"": ""Q2 2020"", ""year"": 2020, ""quarter"": 2, ""value"": 0.0}, {""period"": ""Q3 2020"", ""year"": 2020, ""quarter"": 3, ""value"": 0.0}, {""period"": ""Q4 2020"", ""year"": 2020, ""quarter"": 4, ""value"": 0.0}, {""period"": ""Q1 2021"", ""year"": 2021, ""quarter"": 1, ""value"": 0.0}, {""period"": ""Q2 2021"", ""year"": 2021, ""quarter"": 2, ""value"": 0.0}, {""period"": ""Q3 2021"", ""year"": 2021, ""quarter"": 3, ""value"": 0.0}, {""period"": ""Q4 2021"", ""year"": 2021, ""quarter"": 4, ""value"": 0.0}, {""period"": ""Q1 2022"", ""year"": 2022, ""quarter"": 1, ""value"": 0.0}, {""period"": ""Q2 2022"", ""year"": 2022, ""quarter"": 2, ""value"": 0.0}, {""period"": ""Q3 2022"", ""year"": 2022, ""quarter"": 3, ""value"": 0.0}, {""period"": ""Q4 2022"", ""year"": 2022, ""quarter"": 4, ""value"": 0.0}, {""period"": ""Q1 2023"", ""year"": 2023, ""quarter"": 1, ""value"": 0.0}, {""period"": ""Q2 2023"", ""year"": 2023, ""quarter"": 2, ""value"": 0.0}, {""period"": ""Q3 2023"", ""year"": 2023, ""quarter"": 3, ""value"": 0.0}, {""period"": ""Q4 2023"", ""year"": 2023, ""quarter"": 4, ""value"": 0.0}, {""period"": ""Q1 2024"", ""year"": 2024, ""quarter"": 1, ""value"": 0.0}, {""period"": ""Q2 2024"", ""year"": 2024, ""quarter"": 2, ""value"": 0.0}, {""period"": ""Q3 2024"", ""year"": 2024, ""quarter"": 3, ""value"": 0.0}, {""period"": ""Q4 2024"", ""year"": 2024, ""quarter"": 4, ""value"": 0.0}, {""period"": ""Q1 2025"", ""year"": 2025, ""quarter"": 1, ""value"": 0.0}, {""period"": ""Q2 2025"", ""year"": 2025, ""quarter"": 2, ""value"": 0.0}, {""period"": ""Q3 2025"", ""year"": 2025, ""quarter"": 3, ""value"": 0.0}, {""period"": ""Q4 2025"", ""year"": 2025, ""quarter"": 4, ""value"": 0.0}, {""period"": ""Q1 2026"", ""year"": 2026, ""quarter"": 1, ""value"": 0.0}, {""period"": ""Q2 2026"", ""year"": 2026, ""quarter"": 2, ""value"": 0.0}]"
VPG,4,CashFlow_Indirect,Quarter,10205,"- Lãi, lỗ chênh lệch tỷ giá hối đoái chưa thực hiện",102,False,3,,"[{""period"": ""Q1 2019"", ""year"": 2019, ""quarter"": 1, ""value"": -164203648.0}, {""period"": ""Q2 2019"", ""year"": 2019, ""quarter"": 2, ""value"": 3604141568.0}, {""period"": ""Q3 2019"", ""year"": 2019, ""quarter"": 3, ""value"": -3092255392.0}, {""period"": ""Q4 2019"", ""year"": 2019, ""quarter"": 4, ""value"": -1601090884.0}, {""period"": ""Q1 2020"", ""year"": 2020, ""quarter"": 1, ""value"": -11168421284.0}, {""period"": ""Q2 2020"", ""year"": 2020, ""quarter"": 2, ""value"": 12391827062.0}, {""period"": ""Q3 2020"", ""year"": 2020, ""quarter"": 3, ""value"": -1322495849.0}, {""period"": ""Q4 2020"", ""year"": 2020, ""quarter"": 4, ""value"": -1097119503.0}, {""period"": ""Q1 2021"", ""year"": 2021, ""quarter"": 1, ""value"": -153494533.0}, {""period"": ""Q2 2021"", ""year"": 2021, ""quarter"": 2, ""value"": 153494533.0}, {""period"": ""Q3 2021"", ""year"": 2021, ""quarter"": 3, ""value"": 0.0}, {""period"": ""Q4 2021"", ""year"": 2021, ""quarter"": 4, ""value"": 2657625606.0}, {""period"": ""Q1 2022"", ""year"": 2022, ""quarter"": 1, ""value"": 0.0}, {""period"": ""Q2 2022"", ""year"": 2022, ""quarter"": 2, ""value"": 0.0}, {""period"": ""Q3 2022"", ""year"": 2022, ""quarter"": 3, ""value"": 0.0}, {""period"": ""Q4 2022"", ""year"": 2022, ""quarter"": 4, ""value"": -36549015644.0}, {""period"": ""Q1 2023"", ""year"": 2023, ""quarter"": 1, ""value"": 0.0}, {""period"": ""Q2 2023"", ""year"": 2023, ""quarter"": 2, ""value"": -5536063041.0}, {""period"": ""Q3 2023"", ""year"": 2023, ""quarter"": 3, ""value"": 0.0}, {""period"": ""Q4 2023"", ""year"": 2023, ""quarter"": 4, ""value"": 8791147212.0}, {""period"": ""Q1 2024"", ""year"": 2024, ""quarter"": 1, ""value"": 0.0}, {""period"": ""Q2 2024"", ""year"": 2024, ""quarter"": 2, ""value"": 11957148514.0}, {""period"": ""Q3 2024"", ""year"": 2024, ""quarter"": 3, ""value"": 0.0}, {""period"": ""Q4 2024"", ""year"": 2024, ""quarter"": 4, ""value"": -14338737764.0}, {""period"": ""Q1 2025"", ""year"": 2025, ""quarter"": 1, ""value"": 0.0}, {""period"": ""Q2 2025"", ""year"": 2025, ""quarter"": 2, ""value"": 12940766411.0}, {""period"": ""Q3 2025"", ""year"": 2025, ""quarter"": 3, ""value"": -11498708579.0}, {""period"": ""Q4 2025"", ""year"": 2025, ""quarter"": 4, ""value"": 12331833803.0}, {""period"": ""Q1 2026"", ""year"": 2026, ""quarter"": 1, ""value"": -12364860.0}, {""period"": ""Q2 2026"", ""year"": 2026, ""quarter"": 2, ""value"": 63270648.0}]"
VPG,4,CashFlow_Indirect,Quarter,10206,"- Lãi, lỗ từ thanh lý TSCĐ",102,False,3,,"[{""period"": ""Q1 2019"", ""year"": 2019, ""quarter"": 1, ""value"": 0.0}, {""period"": ""Q2 2019"", ""year"": 2019, ""quarter"": 2, ""value"": 0.0}, {""period"": ""Q3 2019"", ""year"": 2019, ""quarter"": 3, ""value"": 0.0}, {""period"": ""Q4 2019"", ""year"": 2019, ""quarter"": 4, ""value"": 0.0}, {""period"": ""Q1 2020"", ""year"": 2020, ""quarter"": 1, ""value"": 0.0}, {""period"": ""Q2 2020"", ""year"": 2020, ""quarter"": 2, ""value"": 0.0}, {""period"": ""Q3 2020"", ""year"": 2020, ""quarter"": 3, ""value"": 0.0}, {""period"": ""Q4 2020"", ""year"": 2020, ""quarter"": 4, ""value"": 0.0}, {""period"": ""Q1 2021"", ""year"": 2021, ""quarter"": 1, ""value"": 0.0}, {""period"": ""Q2 2021"", ""year"": 2021, ""quarter"": 2, ""value"": 0.0}, {""period"": ""Q3 2021"", ""year"": 2021, ""quarter"": 3, ""value"": 0.0}, {""period"": ""Q4 2021"", ""year"": 2021, ""quarter"": 4, ""value"": 0.0}, {""period"": ""Q1 2022"", ""year"": 2022, ""quarter"": 1, ""value"": 0.0}, {""period"": ""Q2 2022"", ""year"": 2022, ""quarter"": 2, ""value"": 0.0}, {""period"": ""Q3 2022"", ""year"": 2022, ""quarter"": 3, ""value"": 0.0}, {""period"": ""Q4 2022"", ""year"": 2022, ""quarter"": 4, ""value"": 0.0}, {""period"": ""Q1 2023"", ""year"": 2023, ""quarter"": 1, ""value"": 0.0}, {""period"": ""Q2 2023"", ""year"": 2023, ""quarter"": 2, ""value"": 0.0}, {""period"": ""Q3 2023"", ""year"": 2023, ""quarter"": 3, ""value"": 0.0}, {""period"": ""Q4 2023"", ""year"": 2023, ""quarter"": 4, ""value"": 0.0}, {""period"": ""Q1 2024"", ""year"": 2024, ""quarter"": 1, ""value"": 0.0}, {""period"": ""Q2 2024"", ""year"": 2024, ""quarter"": 2, ""value"": 0.0}, {""period"": ""Q3 2024"", ""year"": 2024, ""quarter"": 3, ""value"": 0.0}, {""period"": ""Q4 2024"", ""year"": 2024, ""quarter"": 4, ""value"": 0.0}, {""period"": ""Q1 2025"", ""year"": 2025, ""quarter"": 1, ""value"": 0.0}, {""period"": ""Q2 2025"", ""year"": 2025, ""quarter"": 2, ""value"": 0.0}, {""period"": ""Q3 2025"", ""year"": 2025, ""quarter"": 3, ""value"": 0.0}, {""period"": ""Q4 2025"", ""year"": 2025, ""quarter"": 4, ""value"": 0.0}, {""period"": ""Q1 2026"", ""year"": 2026, ""quarter"": 1, ""value"": 0.0}, {""period"": ""Q2 2026"", ""year"": 2026, ""quarter"": 2, ""value"": 0.0}]"
VPG,4,CashFlow_Indirect,Quarter,10207,"- Lãi, lỗ từ hoạt động đầu tư",102,False,3,,"[{""period"": ""Q1 2019"", ""year"": 2019, ""quarter"": 1, ""value"": -12035944648.0}, {""period"": ""Q2 2019"", ""year"": 2019, ""quarter"": 2, ""value"": -2851866889.0}, {""period"": ""Q3 2019"", ""year"": 2019, ""quarter"": 3, ""value"": -2865793867.0}, {""period"": ""Q4 2019"", ""year"": 2019, ""quarter"": 4, ""value"": -5143360008.0}, {""period"": ""Q1 2020"", ""year"": 2020, ""quarter"": 1, ""value"": -3979825880.0}, {""period"": ""Q2 2020"", ""year"": 2020, ""quarter"": 2, ""value"": 23643684422.0}, {""period"": ""Q3 2020"", ""year"": 2020, ""quarter"": 3, ""value"": -2764911522.0}, {""period"": ""Q4 2020"", ""year"": 2020, ""quarter"": 4, ""value"": -2629352641.0}, {""period"": ""Q1 2021"", ""year"": 2021, ""quarter"": 1, ""value"": -1984027330.0}, {""period"": ""Q2 2021"", ""year"": 2021, ""quarter"": 2, ""value"": -3684016881.0}, {""period"": ""Q3 2021"", ""year"": 2021, ""quarter"": 3, ""value"": -5638842867.0}, {""period"": ""Q4 2021"", ""year"": 2021, ""quarter"": 4, ""value"": -3520269856.0}, {""period"": ""Q1 2022"", ""year"": 2022, ""quarter"": 1, ""value"": -1670136364.0}, {""period"": ""Q2 2022"", ""year"": 2022, ""quarter"": 2, ""value"": -7626015006.0}, {""period"": ""Q3 2022"", ""year"": 2022, ""quarter"": 3, ""value"": -8487613804.0}, {""period"": ""Q4 2022"", ""year"": 2022, ""quarter"": 4, ""value"": -14492456545.0}, {""period"": ""Q1 2023"", ""year"": 2023, ""quarter"": 1, ""value"": -12582465215.0}, {""period"": ""Q2 2023"", ""year"": 2023, ""quarter"": 2, ""value"": -12395891440.0}, {""period"": ""Q3 2023"", ""year"": 2023, ""quarter"": 3, ""value"": -1567480033.0}, {""period"": ""Q4 2023"", ""year"": 2023, ""quarter"": 4, ""value"": -10860514062.0}, {""period"": ""Q1 2024"", ""year"": 2024, ""quarter"": 1, ""value"": -4355527781.0}, {""period"": ""Q2 2024"", ""year"": 2024, ""quarter"": 2, ""value"": -2887890399.0}, {""period"": ""Q3 2024"", ""year"": 2024, ""quarter"": 3, ""value"": -1279870695.0}, {""period"": ""Q4 2024"", ""year"": 2024, ""quarter"": 4, ""value"": -1551222149.0}, {""period"": ""Q1 2025"", ""year"": 2025, ""quarter"": 1, ""value"": -1246229934.0}, {""period"": ""Q2 2025"", ""year"": 2025, ""quarter"": 2, ""value"": -747698621.0}, {""period"": ""Q3 2025"", ""year"": 2025, ""quarter"": 3, ""value"": 5345752583.0}, {""period"": ""Q4 2025"", ""year"": 2025, ""quarter"": 4, ""value"": -26395035573.0}, {""period"": ""Q1 2026"", ""year"": 2026, ""quarter"": 1, ""value"": -1046672125.0}, {""period"": ""Q2 2026"", ""year"": 2026, ""quarter"": 2, ""value"": -371197233.0}]"
VPG,4,CashFlow_Indirect,Quarter,10208,- Lãi tiền gửi,102,False,3,,"[{""period"": ""Q1 2019"", ""year"": 2019, ""quarter"": 1, ""value"": 0.0}, {""period"": ""Q2 2019"", ""year"": 2019, ""quarter"": 2, ""value"": 0.0}, {""period"": ""Q3 2019"", ""year"": 2019, ""quarter"": 3, ""value"": 0.0}, {""period"": ""Q4 2019"", ""year"": 2019, ""quarter"": 4, ""value"": 0.0}, {""period"": ""Q1 2020"", ""year"": 2020, ""quarter"": 1, ""value"": 0.0}, {""period"": ""Q2 2020"", ""year"": 2020, ""quarter"": 2, ""value"": 0.0}, {""period"": ""Q3 2020"", ""year"": 2020, ""quarter"": 3, ""value"": 0.0}, {""period"": ""Q4 2020"", ""year"": 2020, ""quarter"": 4, ""value"": 0.0}, {""period"": ""Q1 2021"", ""year"": 2021, ""quarter"": 1, ""value"": 0.0}, {""period"": ""Q2 2021"", ""year"": 2021, ""quarter"": 2, ""value"": 0.0}, {""period"": ""Q3 2021"", ""year"": 2021, ""quarter"": 3, ""value"": 0.0}, {""period"": ""Q4 2021"", ""year"": 2021, ""quarter"": 4, ""value"": 0.0}, {""period"": ""Q1 2022"", ""year"": 2022, ""quarter"": 1, ""value"": 0.0}, {""period"": ""Q2 2022"", ""year"": 2022, ""quarter"": 2, ""value"": 0.0}, {""period"": ""Q3 2022"", ""year"": 2022, ""quarter"": 3, ""value"": 0.0}, {""period"": ""Q4 2022"", ""year"": 2022, ""quarter"": 4, ""value"": 0.0}, {""period"": ""Q1 2023"", ""year"": 2023, ""quarter"": 1, ""value"": 0.0}, {""period"": ""Q2 2023"", ""year"": 2023, ""quarter"": 2, ""value"": 0.0}, {""period"": ""Q3 2023"", ""year"": 2023, ""quarter"": 3, ""value"": 0.0}, {""period"": ""Q4 2023"", ""year"": 2023, ""quarter"": 4, ""value"": 0.0}, {""period"": ""Q1 2024"", ""year"": 2024, ""quarter"": 1, ""value"": 0.0}, {""period"": ""Q2 2024"", ""year"": 2024, ""quarter"": 2, ""value"": 0.0}, {""period"": ""Q3 2024"", ""year"": 2024, ""quarter"": 3, ""value"": 0.0}, {""period"": ""Q4 2024"", ""year"": 2024, ""quarter"": 4, ""value"": 0.0}, {""period"": ""Q1 2025"", ""year"": 2025, ""quarter"": 1, ""value"": 0.0}, {""period"": ""Q2 2025"", ""year"": 2025, ""quarter"": 2, ""value"": 0.0}, {""period"": ""Q3 2025"", ""year"": 2025, ""quarter"": 3, ""value"": 0.0}, {""period"": ""Q4 2025"", ""year"": 2025, ""quarter"": 4, ""value"": 0.0}, {""period"": ""Q1 2026"", ""year"": 2026, ""quarter"": 1, ""value"": 0.0}, {""period"": ""Q2 2026"", ""year"": 2026, ""quarter"": 2, ""value"": 0.0}]"
VPG,4,CashFlow_Indirect,Quarter,10209,- Thu nhập lãi,102,False,3,,"[{""period"": ""Q1 2019"", ""year"": 2019, ""quarter"": 1, ""value"": 0.0}, {""period"": ""Q2 2019"", ""year"": 2019, ""quarter"": 2, ""value"": 0.0}, {""period"": ""Q3 2019"", ""year"": 2019, ""quarter"": 3, ""value"": 0.0}, {""period"": ""Q4 2019"", ""year"": 2019, ""quarter"": 4, ""value"": 0.0}, {""period"": ""Q1 2020"", ""year"": 2020, ""quarter"": 1, ""value"": 0.0}, {""period"": ""Q2 2020"", ""year"": 2020, ""quarter"": 2, ""value"": 0.0}, {""period"": ""Q3 2020"", ""year"": 2020, ""quarter"": 3, ""value"": 0.0}, {""period"": ""Q4 2020"", ""year"": 2020, ""quarter"": 4, ""value"": 0.0}, {""period"": ""Q1 2021"", ""year"": 2021, ""quarter"": 1, ""value"": 0.0}, {""period"": ""Q2 2021"", ""year"": 2021, ""quarter"": 2, ""value"": 0.0}, {""period"": ""Q3 2021"", ""year"": 2021, ""quarter"": 3, ""value"": 0.0}, {""period"": ""Q4 2021"", ""year"": 2021, ""quarter"": 4, ""value"": 0.0}, {""period"": ""Q1 2022"", ""year"": 2022, ""quarter"": 1, ""value"": 0.0}, {""period"": ""Q2 2022"", ""year"": 2022, ""quarter"": 2, ""value"": 0.0}, {""period"": ""Q3 2022"", ""year"": 2022, ""quarter"": 3, ""value"": 0.0}, {""period"": ""Q4 2022"", ""year"": 2022, ""quarter"": 4, ""value"": 0.0}, {""period"": ""Q1 2023"", ""year"": 2023, ""quarter"": 1, ""value"": 0.0}, {""period"": ""Q2 2023"", ""year"": 2023, ""quarter"": 2, ""value"": 0.0}, {""period"": ""Q3 2023"", ""year"": 2023, ""quarter"": 3, ""value"": 0.0}, {""period"": ""Q4 2023"", ""year"": 2023, ""quarter"": 4, ""value"": 0.0}, {""period"": ""Q1 2024"", ""year"": 2024, ""quarter"": 1, ""value"": 0.0}, {""period"": ""Q2 2024"", ""year"": 2024, ""quarter"": 2, ""value"": 0.0}, {""period"": ""Q3 2024"", ""year"": 2024, ""quarter"": 3, ""value"": 0.0}, {""period"": ""Q4 2024"", ""year"": 2024, ""quarter"": 4, ""value"": 0.0}, {""period"": ""Q1 2025"", ""year"": 2025, ""quarter"": 1, ""value"": 0.0}, {""period"": ""Q2 2025"", ""year"": 2025, ""quarter"": 2, ""value"": 0.0}, {""period"": ""Q3 2025"", ""year"": 2025, ""quarter"": 3, ""value"": 0.0}, {""period"": ""Q4 2025"", ""year"": 2025, ""quarter"": 4, ""value"": 0.0}, {""period"": ""Q1 2026"", ""year"": 2026, ""quarter"": 1, ""value"": 0.0}, {""period"": ""Q2 2026"", ""year"": 2026, ""quarter"": 2, ""value"": 0.0}]"
VPG,4,CashFlow_Indirect,Quarter,10210,- Chi phí lãi vay,102,False,3,,"[{""period"": ""Q1 2019"", ""year"": 2019, ""quarter"": 1, ""value"": 11899001669.0}, {""period"": ""Q2 2019"", ""year"": 2019, ""quarter"": 2, ""value"": 8204897883.0}, {""period"": ""Q3 2019"", ""year"": 2019, ""quarter"": 3, ""value"": 8740500606.0}, {""period"": ""Q4 2019"", ""year"": 2019, ""quarter"": 4, ""value"": 14141025949.0}, {""period"": ""Q1 2020"", ""year"": 2020, ""quarter"": 1, ""value"": 6567608624.0}, {""period"": ""Q2 2020"", ""year"": 2020, ""quarter"": 2, ""value"": 5873340819.0}, {""period"": ""Q3 2020"", ""year"": 2020, ""quarter"": 3, ""value"": 12700908173.0}, {""period"": ""Q4 2020"", ""year"": 2020, ""quarter"": 4, ""value"": 21200987745.0}, {""period"": ""Q1 2021"", ""year"": 2021, ""quarter"": 1, ""value"": 6537595383.0}, {""period"": ""Q2 2021"", ""year"": 2021, ""quarter"": 2, ""value"": 9701128460.0}, {""period"": ""Q3 2021"", ""year"": 2021, ""quarter"": 3, ""value"": 7383649837.0}, {""period"": ""Q4 2021"", ""year"": 2021, ""quarter"": 4, ""value"": 11298086031.0}, {""period"": ""Q1 2022"", ""year"": 2022, ""quarter"": 1, ""value"": 9472599013.0}, {""period"": ""Q2 2022"", ""year"": 2022, ""quarter"": 2, ""value"": 17307256100.0}, {""period"": ""Q3 2022"", ""year"": 2022, ""quarter"": 3, ""value"": 23601384340.0}, {""period"": ""Q4 2022"", ""year"": 2022, ""quarter"": 4, ""value"": 67884452951.0}, {""period"": ""Q1 2023"", ""year"": 2023, ""quarter"": 1, ""value"": 28312927587.0}, {""period"": ""Q2 2023"", ""year"": 2023, ""quarter"": 2, ""value"": 29310575523.0}, {""period"": ""Q3 2023"", ""year"": 2023, ""quarter"": 3, ""value"": 52988290561.0}, {""period"": ""Q4 2023"", ""year"": 2023, ""quarter"": 4, ""value"": 37275845406.0}, {""period"": ""Q1 2024"", ""year"": 2024, ""quarter"": 1, ""value"": 24176824850.0}, {""period"": ""Q2 2024"", ""year"": 2024, ""quarter"": 2, ""value"": 25987469210.0}, {""period"": ""Q3 2024"", ""year"": 2024, ""quarter"": 3, ""value"": 23981649230.0}, {""period"": ""Q4 2024"", ""year"": 2024, ""quarter"": 4, ""value"": 132183835356.0}, {""period"": ""Q1 2025"", ""year"": 2025, ""quarter"": 1, ""value"": 38151753184.0}, {""period"": ""Q2 2025"", ""year"": 2025, ""quarter"": 2, ""value"": 84478936470.0}, {""period"": ""Q3 2025"", ""year"": 2025, ""quarter"": 3, ""value"": 53090610864.0}, {""period"": ""Q4 2025"", ""year"": 2025, ""quarter"": 4, ""value"": 49126710859.0}, {""period"": ""Q1 2026"", ""year"": 2026, ""quarter"": 1, ""value"": 22958252867.0}, {""period"": ""Q2 2026"", ""year"": 2026, ""quarter"": 2, ""value"": 28155222282.0}]"
VPG,4,CashFlow_Indirect,Quarter,10211,- Các khoản chi trực tiếp từ lợi nhuận,102,False,3,,"[{""period"": ""Q1 2019"", ""year"": 2019, ""quarter"": 1, ""value"": 0.0}, {""period"": ""Q2 2019"", ""year"": 2019, ""quarter"": 2, ""value"": 0.0}, {""period"": ""Q3 2019"", ""year"": 2019, ""quarter"": 3, ""value"": 0.0}, {""period"": ""Q4 2019"", ""year"": 2019, ""quarter"": 4, ""value"": 0.0}, {""period"": ""Q1 2020"", ""year"": 2020, ""quarter"": 1, ""value"": 0.0}, {""period"": ""Q2 2020"", ""year"": 2020, ""quarter"": 2, ""value"": 0.0}, {""period"": ""Q3 2020"", ""year"": 2020, ""quarter"": 3, ""value"": 0.0}, {""period"": ""Q4 2020"", ""year"": 2020, ""quarter"": 4, ""value"": 0.0}, {""period"": ""Q1 2021"", ""year"": 2021, ""quarter"": 1, ""value"": 0.0}, {""period"": ""Q2 2021"", ""year"": 2021, ""quarter"": 2, ""value"": 0.0}, {""period"": ""Q3 2021"", ""year"": 2021, ""quarter"": 3, ""value"": 0.0}, {""period"": ""Q4 2021"", ""year"": 2021, ""quarter"": 4, ""value"": 0.0}, {""period"": ""Q1 2022"", ""year"": 2022, ""quarter"": 1, ""value"": 0.0}, {""period"": ""Q2 2022"", ""year"": 2022, ""quarter"": 2, ""value"": 0.0}, {""period"": ""Q3 2022"", ""year"": 2022, ""quarter"": 3, ""value"": 0.0}, {""period"": ""Q4 2022"", ""year"": 2022, ""quarter"": 4, ""value"": 0.0}, {""period"": ""Q1 2023"", ""year"": 2023, ""quarter"": 1, ""value"": 0.0}, {""period"": ""Q2 2023"", ""year"": 2023, ""quarter"": 2, ""value"": 0.0}, {""period"": ""Q3 2023"", ""year"": 2023, ""quarter"": 3, ""value"": 0.0}, {""period"": ""Q4 2023"", ""year"": 2023, ""quarter"": 4, ""value"": 7042084920.0}, {""period"": ""Q1 2024"", ""year"": 2024, ""quarter"": 1, ""value"": 0.0}, {""period"": ""Q2 2024"", ""year"": 2024, ""quarter"": 2, ""value"": 0.0}, {""period"": ""Q3 2024"", ""year"": 2024, ""quarter"": 3, ""value"": 0.0}, {""period"": ""Q4 2024"", ""year"": 2024, ""quarter"": 4, ""value"": 0.0}, {""period"": ""Q1 2025"", ""year"": 2025, ""quarter"": 1, ""value"": 0.0}, {""period"": ""Q2 2025"", ""year"": 2025, ""quarter"": 2, ""value"": 0.0}, {""period"": ""Q3 2025"", ""year"": 2025, ""quarter"": 3, ""value"": 0.0}, {""period"": ""Q4 2025"", ""year"": 2025, ""quarter"": 4, ""value"": 0.0}, {""period"": ""Q1 2026"", ""year"": 2026, ""quarter"": 1, ""value"": 0.0}, {""period"": ""Q2 2026"", ""year"": 2026, ""quarter"": 2, ""value"": 0.0}]"
VPG,4,CashFlow_Indirect,Quarter,103,3. Lợi nhuận từ hoạt động kinh doanh trước thay đổi vốn lưu động,1,True,2,,"[{""period"": ""Q1 2019"", ""year"": 2019, ""quarter"": 1, ""value"": 22106597081.0}, {""period"": ""Q2 2019"", ""year"": 2019, ""quarter"": 2, ""value"": 27251022668.0}, {""period"": ""Q3 2019"", ""year"": 2019, ""quarter"": 3, ""value"": 20757469325.0}, {""period"": ""Q4 2019"", ""year"": 2019, ""quarter"": 4, ""value"": 30055259147.0}, {""period"": ""Q1 2020"", ""year"": 2020, ""quarter"": 1, ""value"": -6017344627.0}, {""period"": ""Q2 2020"", ""year"": 2020, ""quarter"": 2, ""value"": 52923515755.0}, {""period"": ""Q3 2020"", ""year"": 2020, ""quarter"": 3, ""value"": 35394203432.0}, {""period"": ""Q4 2020"", ""year"": 2020, ""quarter"": 4, ""value"": 95993716910.0}, {""period"": ""Q1 2021"", ""year"": 2021, ""quarter"": 1, ""value"": 179414188363.0}, {""period"": ""Q2 2021"", ""year"": 2021, ""quarter"": 2, ""value"": 160979432997.0}, {""period"": ""Q3 2021"", ""year"": 2021, ""quarter"": 3, ""value"": 127333694937.0}, {""period"": ""Q4 2021"", ""year"": 2021, ""quarter"": 4, ""value"": 88777681876.0}, {""period"": ""Q1 2022"", ""year"": 2022, ""quarter"": 1, ""value"": 75423715666.0}, {""period"": ""Q2 2022"", ""year"": 2022, ""quarter"": 2, ""value"": 122807672467.0}, {""period"": ""Q3 2022"", ""year"": 2022, ""quarter"": 3, ""value"": 35414380827.0}, {""period"": ""Q4 2022"", ""year"": 2022, ""quarter"": 4, ""value"": -62258866594.0}, {""period"": ""Q1 2023"", ""year"": 2023, ""quarter"": 1, ""value"": 62840384895.0}, {""period"": ""Q2 2023"", ""year"": 2023, ""quarter"": 2, ""value"": 44913827308.0}, {""period"": ""Q3 2023"", ""year"": 2023, ""quarter"": 3, ""value"": 83922554787.0}, {""period"": ""Q4 2023"", ""year"": 2023, ""quarter"": 4, ""value"": -31807976015.0}, {""period"": ""Q1 2024"", ""year"": 2024, ""quarter"": 1, ""value"": 23723113621.0}, {""period"": ""Q2 2024"", ""year"": 2024, ""quarter"": 2, ""value"": 50635196740.0}, {""period"": ""Q3 2024"", ""year"": 2024, ""quarter"": 3, ""value"": 41371508519.0}, {""period"": ""Q4 2024"", ""year"": 2024, ""quarter"": 4, ""value"": 238082903560.0}, {""period"": ""Q1 2025"", ""year"": 2025, ""quarter"": 1, ""value"": 65286930681.0}, {""period"": ""Q2 2025"", ""year"": 2025, ""quarter"": 2, ""value"": 134594965254.0}, {""period"": ""Q3 2025"", ""year"": 2025, ""quarter"": 3, ""value"": -170521885102.0}, {""period"": ""Q4 2025"", ""year"": 2025, ""quarter"": 4, ""value"": -18045421027.0}, {""period"": ""Q1 2026"", ""year"": 2026, ""quarter"": 1, ""value"": -8060652335.0}, {""period"": ""Q2 2026"", ""year"": 2026, ""quarter"": 2, ""value"": -4330574104.0}]"
VPG,4,CashFlow_Indirect,Quarter,10301,"- Tăng, giảm các khoản phải thu",103,False,3,,"[{""period"": ""Q1 2019"", ""year"": 2019, ""quarter"": 1, ""value"": -80721828643.0}, {""period"": ""Q2 2019"", ""year"": 2019, ""quarter"": 2, ""value"": 330581812368.0}, {""period"": ""Q3 2019"", ""year"": 2019, ""quarter"": 3, ""value"": -162020195271.0}, {""period"": ""Q4 2019"", ""year"": 2019, ""quarter"": 4, ""value"": -175595026135.0}, {""period"": ""Q1 2020"", ""year"": 2020, ""quarter"": 1, ""value"": -93184400220.0}, {""period"": ""Q2 2020"", ""year"": 2020, ""quarter"": 2, ""value"": 120143738434.0}, {""period"": ""Q3 2020"", ""year"": 2020, ""quarter"": 3, ""value"": -219794610980.0}, {""period"": ""Q4 2020"", ""year"": 2020, ""quarter"": 4, ""value"": 212982459690.0}, {""period"": ""Q1 2021"", ""year"": 2021, ""quarter"": 1, ""value"": -255911513486.0}, {""period"": ""Q2 2021"", ""year"": 2021, ""quarter"": 2, ""value"": 443637900564.0}, {""period"": ""Q3 2021"", ""year"": 2021, ""quarter"": 3, ""value"": -279125648082.0}, {""period"": ""Q4 2021"", ""year"": 2021, ""quarter"": 4, ""value"": 150940518703.0}, {""period"": ""Q1 2022"", ""year"": 2022, ""quarter"": 1, ""value"": -844084816755.0}, {""period"": ""Q2 2022"", ""year"": 2022, ""quarter"": 2, ""value"": 69549223431.0}, {""period"": ""Q3 2022"", ""year"": 2022, ""quarter"": 3, ""value"": -125556538665.0}, {""period"": ""Q4 2022"", ""year"": 2022, ""quarter"": 4, ""value"": -357415106379.0}, {""period"": ""Q1 2023"", ""year"": 2023, ""quarter"": 1, ""value"": 36254396515.0}, {""period"": ""Q2 2023"", ""year"": 2023, ""quarter"": 2, ""value"": 105804038334.0}, {""period"": ""Q3 2023"", ""year"": 2023, ""quarter"": 3, ""value"": -660813607884.0}, {""period"": ""Q4 2023"", ""year"": 2023, ""quarter"": 4, ""value"": 475950295133.0}, {""period"": ""Q1 2024"", ""year"": 2024, ""quarter"": 1, ""value"": -867165127666.0}, {""period"": ""Q2 2024"", ""year"": 2024, ""quarter"": 2, ""value"": 377293492889.0}, {""period"": ""Q3 2024"", ""year"": 2024, ""quarter"": 3, ""value"": 79018515269.0}, {""period"": ""Q4 2024"", ""year"": 2024, ""quarter"": 4, ""value"": -379710468085.0}, {""period"": ""Q1 2025"", ""year"": 2025, ""quarter"": 1, ""value"": -525431198508.0}, {""period"": ""Q2 2025"", ""year"": 2025, ""quarter"": 2, ""value"": -314407410936.0}, {""period"": ""Q3 2025"", ""year"": 2025, ""quarter"": 3, ""value"": 1147893308755.0}, {""period"": ""Q4 2025"", ""year"": 2025, ""quarter"": 4, ""value"": -237448084554.0}, {""period"": ""Q1 2026"", ""year"": 2026, ""quarter"": 1, ""value"": 671398440937.0}, {""period"": ""Q2 2026"", ""year"": 2026, ""quarter"": 2, ""value"": 846138996.0}]"
VPG,4,CashFlow_Indirect,Quarter,10302,"- Tăng, giảm hàng tồn kho",103,False,3,,"[{""period"": ""Q1 2019"", ""year"": 2019, ""quarter"": 1, ""value"": -61151101458.0}, {""period"": ""Q2 2019"", ""year"": 2019, ""quarter"": 2, ""value"": -87176817196.0}, {""period"": ""Q3 2019"", ""year"": 2019, ""quarter"": 3, ""value"": 116066381161.0}, {""period"": ""Q4 2019"", ""year"": 2019, ""quarter"": 4, ""value"": -98924272688.0}, {""period"": ""Q1 2020"", ""year"": 2020, ""quarter"": 1, ""value"": -84308991081.0}, {""period"": ""Q2 2020"", ""year"": 2020, ""quarter"": 2, ""value"": -29132803648.0}, {""period"": ""Q3 2020"", ""year"": 2020, ""quarter"": 3, ""value"": 95205420907.0}, {""period"": ""Q4 2020"", ""year"": 2020, ""quarter"": 4, ""value"": 255463312602.0}, {""period"": ""Q1 2021"", ""year"": 2021, ""quarter"": 1, ""value"": -45681102251.0}, {""period"": ""Q2 2021"", ""year"": 2021, ""quarter"": 2, ""value"": 23361190682.0}, {""period"": ""Q3 2021"", ""year"": 2021, ""quarter"": 3, ""value"": 90672953222.0}, {""period"": ""Q4 2021"", ""year"": 2021, ""quarter"": 4, ""value"": -431772245443.0}, {""period"": ""Q1 2022"", ""year"": 2022, ""quarter"": 1, ""value"": -229179528999.0}, {""period"": ""Q2 2022"", ""year"": 2022, ""quarter"": 2, ""value"": 240662671344.0}, {""period"": ""Q3 2022"", ""year"": 2022, ""quarter"": 3, ""value"": -208797828339.0}, {""period"": ""Q4 2022"", ""year"": 2022, ""quarter"": 4, ""value"": -954939223394.0}, {""period"": ""Q1 2023"", ""year"": 2023, ""quarter"": 1, ""value"": 136272103747.0}, {""period"": ""Q2 2023"", ""year"": 2023, ""quarter"": 2, ""value"": -115904295835.0}, {""period"": ""Q3 2023"", ""year"": 2023, ""quarter"": 3, ""value"": 596642199184.0}, {""period"": ""Q4 2023"", ""year"": 2023, ""quarter"": 4, ""value"": -1731672179064.0}, {""period"": ""Q1 2024"", ""year"": 2024, ""quarter"": 1, ""value"": 466261341645.0}, {""period"": ""Q2 2024"", ""year"": 2024, ""quarter"": 2, ""value"": -1051451183638.0}, {""period"": ""Q3 2024"", ""year"": 2024, ""quarter"": 3, ""value"": 784440668132.0}, {""period"": ""Q4 2024"", ""year"": 2024, ""quarter"": 4, ""value"": -576897978236.0}, {""period"": ""Q1 2025"", ""year"": 2025, ""quarter"": 1, ""value"": 759181098670.0}, {""period"": ""Q2 2025"", ""year"": 2025, ""quarter"": 2, ""value"": -301525679276.0}, {""period"": ""Q3 2025"", ""year"": 2025, ""quarter"": 3, ""value"": 1991369686147.0}, {""period"": ""Q4 2025"", ""year"": 2025, ""quarter"": 4, ""value"": 245295030483.0}, {""period"": ""Q1 2026"", ""year"": 2026, ""quarter"": 1, ""value"": 193952376732.0}, {""period"": ""Q2 2026"", ""year"": 2026, ""quarter"": 2, ""value"": -768248622.0}]"
VPG,4,CashFlow_Indirect,Quarter,10303,"- Tăng, giảm các khoản phải trả (Không kể lãi vay phải trả, thuế thu nhập doanh nghiệp phải nộp)",103,False,3,,"[{""period"": ""Q1 2019"", ""year"": 2019, ""quarter"": 1, ""value"": -135696518680.0}, {""period"": ""Q2 2019"", ""year"": 2019, ""quarter"": 2, ""value"": -348479231476.0}, {""period"": ""Q3 2019"", ""year"": 2019, ""quarter"": 3, ""value"": -33702145385.0}, {""period"": ""Q4 2019"", ""year"": 2019, ""quarter"": 4, ""value"": 389014900541.0}, {""period"": ""Q1 2020"", ""year"": 2020, ""quarter"": 1, ""value"": 163916428649.0}, {""period"": ""Q2 2020"", ""year"": 2020, ""quarter"": 2, ""value"": -267709796138.0}, {""period"": ""Q3 2020"", ""year"": 2020, ""quarter"": 3, ""value"": 131023150195.0}, {""period"": ""Q4 2020"", ""year"": 2020, ""quarter"": 4, ""value"": -384217900657.0}, {""period"": ""Q1 2021"", ""year"": 2021, ""quarter"": 1, ""value"": 295200242456.0}, {""period"": ""Q2 2021"", ""year"": 2021, ""quarter"": 2, ""value"": -165764418251.0}, {""period"": ""Q3 2021"", ""year"": 2021, ""quarter"": 3, ""value"": -38864743981.0}, {""period"": ""Q4 2021"", ""year"": 2021, ""quarter"": 4, ""value"": 16556004218.0}, {""period"": ""Q1 2022"", ""year"": 2022, ""quarter"": 1, ""value"": 516875906203.0}, {""period"": ""Q2 2022"", ""year"": 2022, ""quarter"": 2, ""value"": 428500798376.0}, {""period"": ""Q3 2022"", ""year"": 2022, ""quarter"": 3, ""value"": -33203668349.0}, {""period"": ""Q4 2022"", ""year"": 2022, ""quarter"": 4, ""value"": 1018226772330.0}, {""period"": ""Q1 2023"", ""year"": 2023, ""quarter"": 1, ""value"": -504945376300.0}, {""period"": ""Q2 2023"", ""year"": 2023, ""quarter"": 2, ""value"": -443302339309.0}, {""period"": ""Q3 2023"", ""year"": 2023, ""quarter"": 3, ""value"": 590494661051.0}, {""period"": ""Q4 2023"", ""year"": 2023, ""quarter"": 4, ""value"": 1102296313682.0}, {""period"": ""Q1 2024"", ""year"": 2024, ""quarter"": 1, ""value"": -363570717976.0}, {""period"": ""Q2 2024"", ""year"": 2024, ""quarter"": 2, ""value"": 343514360521.0}, {""period"": ""Q3 2024"", ""year"": 2024, ""quarter"": 3, ""value"": -253113542461.0}, {""period"": ""Q4 2024"", ""year"": 2024, ""quarter"": 4, ""value"": 1255562491966.0}, {""period"": ""Q1 2025"", ""year"": 2025, ""quarter"": 1, ""value"": -827760975080.0}, {""period"": ""Q2 2025"", ""year"": 2025, ""quarter"": 2, ""value"": -201794859687.0}, {""period"": ""Q3 2025"", ""year"": 2025, ""quarter"": 3, ""value"": -711678511267.0}, {""period"": ""Q4 2025"", ""year"": 2025, ""quarter"": 4, ""value"": 481837356541.0}, {""period"": ""Q1 2026"", ""year"": 2026, ""quarter"": 1, ""value"": -34175812294.0}, {""period"": ""Q2 2026"", ""year"": 2026, ""quarter"": 2, ""value"": -359055209.0}]"
VPG,4,CashFlow_Indirect,Quarter,10304,- Tăng giảm chi phí trả trước,103,False,3,,"[{""period"": ""Q1 2019"", ""year"": 2019, ""quarter"": 1, ""value"": 2180152426.0}, {""period"": ""Q2 2019"", ""year"": 2019, ""quarter"": 2, ""value"": -26701483.0}, {""period"": ""Q3 2019"", ""year"": 2019, ""quarter"": 3, ""value"": 237561416.0}, {""period"": ""Q4 2019"", ""year"": 2019, ""quarter"": 4, ""value"": -234934704.0}, {""period"": ""Q1 2020"", ""year"": 2020, ""quarter"": 1, ""value"": 8565067717.0}, {""period"": ""Q2 2020"", ""year"": 2020, ""quarter"": 2, ""value"": -8591927157.0}, {""period"": ""Q3 2020"", ""year"": 2020, ""quarter"": 3, ""value"": 508056328.0}, {""period"": ""Q4 2020"", ""year"": 2020, ""quarter"": 4, ""value"": -4173347952.0}, {""period"": ""Q1 2021"", ""year"": 2021, ""quarter"": 1, ""value"": 583866569.0}, {""period"": ""Q2 2021"", ""year"": 2021, ""quarter"": 2, ""value"": 513587321.0}, {""period"": ""Q3 2021"", ""year"": 2021, ""quarter"": 3, ""value"": -858338275.0}, {""period"": ""Q4 2021"", ""year"": 2021, ""quarter"": 4, ""value"": 588824120.0}, {""period"": ""Q1 2022"", ""year"": 2022, ""quarter"": 1, ""value"": 761646921.0}, {""period"": ""Q2 2022"", ""year"": 2022, ""quarter"": 2, ""value"": 893387221.0}, {""period"": ""Q3 2022"", ""year"": 2022, ""quarter"": 3, ""value"": 373501532.0}, {""period"": ""Q4 2022"", ""year"": 2022, ""quarter"": 4, ""value"": 350624861.0}, {""period"": ""Q1 2023"", ""year"": 2023, ""quarter"": 1, ""value"": -4140450932.0}, {""period"": ""Q2 2023"", ""year"": 2023, ""quarter"": 2, ""value"": 2692087664.0}, {""period"": ""Q3 2023"", ""year"": 2023, ""quarter"": 3, ""value"": 931027367.0}, {""period"": ""Q4 2023"", ""year"": 2023, ""quarter"": 4, ""value"": -5167097835.0}, {""period"": ""Q1 2024"", ""year"": 2024, ""quarter"": 1, ""value"": 3010678048.0}, {""period"": ""Q2 2024"", ""year"": 2024, ""quarter"": 2, ""value"": -14949671425.0}, {""period"": ""Q3 2024"", ""year"": 2024, ""quarter"": 3, ""value"": 10237292938.0}, {""period"": ""Q4 2024"", ""year"": 2024, ""quarter"": 4, ""value"": 5183399645.0}, {""period"": ""Q1 2025"", ""year"": 2025, ""quarter"": 1, ""value"": 16619596378.0}, {""period"": ""Q2 2025"", ""year"": 2025, ""quarter"": 2, ""value"": -27371577491.0}, {""period"": ""Q3 2025"", ""year"": 2025, ""quarter"": 3, ""value"": 12924371447.0}, {""period"": ""Q4 2025"", ""year"": 2025, ""quarter"": 4, ""value"": 10483477833.0}, {""period"": ""Q1 2026"", ""year"": 2026, ""quarter"": 1, ""value"": 362042677.0}, {""period"": ""Q2 2026"", ""year"": 2026, ""quarter"": 2, ""value"": 2565674349.0}]"
VPG,4,CashFlow_Indirect,Quarter,10305,- Tăng giảm tài sản ngắn hạn khác,103,False,3,,"[{""period"": ""Q1 2019"", ""year"": 2019, ""quarter"": 1, ""value"": 0.0}, {""period"": ""Q2 2019"", ""year"": 2019, ""quarter"": 2, ""value"": 0.0}, {""period"": ""Q3 2019"", ""year"": 2019, ""quarter"": 3, ""value"": 0.0}, {""period"": ""Q4 2019"", ""year"": 2019, ""quarter"": 4, ""value"": 0.0}, {""period"": ""Q1 2020"", ""year"": 2020, ""quarter"": 1, ""value"": 0.0}, {""period"": ""Q2 2020"", ""year"": 2020, ""quarter"": 2, ""value"": 0.0}, {""period"": ""Q3 2020"", ""year"": 2020, ""quarter"": 3, ""value"": 0.0}, {""period"": ""Q4 2020"", ""year"": 2020, ""quarter"": 4, ""value"": 0.0}, {""period"": ""Q1 2021"", ""year"": 2021, ""quarter"": 1, ""value"": 0.0}, {""period"": ""Q2 2021"", ""year"": 2021, ""quarter"": 2, ""value"": 0.0}, {""period"": ""Q3 2021"", ""year"": 2021, ""quarter"": 3, ""value"": 0.0}, {""period"": ""Q4 2021"", ""year"": 2021, ""quarter"": 4, ""value"": 0.0}, {""period"": ""Q1 2022"", ""year"": 2022, ""quarter"": 1, ""value"": 0.0}, {""period"": ""Q2 2022"", ""year"": 2022, ""quarter"": 2, ""value"": 0.0}, {""period"": ""Q3 2022"", ""year"": 2022, ""quarter"": 3, ""value"": 0.0}, {""period"": ""Q4 2022"", ""year"": 2022, ""quarter"": 4, ""value"": 0.0}, {""period"": ""Q1 2023"", ""year"": 2023, ""quarter"": 1, ""value"": 0.0}, {""period"": ""Q2 2023"", ""year"": 2023, ""quarter"": 2, ""value"": 0.0}, {""period"": ""Q3 2023"", ""year"": 2023, ""quarter"": 3, ""value"": 0.0}, {""period"": ""Q4 2023"", ""year"": 2023, ""quarter"": 4, ""value"": 0.0}, {""period"": ""Q1 2024"", ""year"": 2024, ""quarter"": 1, ""value"": 0.0}, {""period"": ""Q2 2024"", ""year"": 2024, ""quarter"": 2, ""value"": 0.0}, {""period"": ""Q3 2024"", ""year"": 2024, ""quarter"": 3, ""value"": 0.0}, {""period"": ""Q4 2024"", ""year"": 2024, ""quarter"": 4, ""value"": 0.0}, {""period"": ""Q1 2025"", ""year"": 2025, ""quarter"": 1, ""value"": 0.0}, {""period"": ""Q2 2025"", ""year"": 2025, ""quarter"": 2, ""value"": 0.0}, {""period"": ""Q3 2025"", ""year"": 2025, ""quarter"": 3, ""value"": 0.0}, {""period"": ""Q4 2025"", ""year"": 2025, ""quarter"": 4, ""value"": 0.0}, {""period"": ""Q1 2026"", ""year"": 2026, ""quarter"": 1, ""value"": 0.0}, {""period"": ""Q2 2026"", ""year"": 2026, ""quarter"": 2, ""value"": 0.0}]"
VPG,4,CashFlow_Indirect,Quarter,10306,- Tiền lãi vay phải trả,103,False,3,,"[{""period"": ""Q1 2019"", ""year"": 2019, ""quarter"": 1, ""value"": -12052563067.0}, {""period"": ""Q2 2019"", ""year"": 2019, ""quarter"": 2, ""value"": -8458428135.0}, {""period"": ""Q3 2019"", ""year"": 2019, ""quarter"": 3, ""value"": -8831350412.0}, {""period"": ""Q4 2019"", ""year"": 2019, ""quarter"": 4, ""value"": -14050176144.0}, {""period"": ""Q1 2020"", ""year"": 2020, ""quarter"": 1, ""value"": -6076453156.0}, {""period"": ""Q2 2020"", ""year"": 2020, ""quarter"": 2, ""value"": -5669129935.0}, {""period"": ""Q3 2020"", ""year"": 2020, ""quarter"": 3, ""value"": -12989027640.0}, {""period"": ""Q4 2020"", ""year"": 2020, ""quarter"": 4, ""value"": -22204161423.0}, {""period"": ""Q1 2021"", ""year"": 2021, ""quarter"": 1, ""value"": -6156321444.0}, {""period"": ""Q2 2021"", ""year"": 2021, ""quarter"": 2, ""value"": -9969636087.0}, {""period"": ""Q3 2021"", ""year"": 2021, ""quarter"": 3, ""value"": -7383649837.0}, {""period"": ""Q4 2021"", ""year"": 2021, ""quarter"": 4, ""value"": -11377315007.0}, {""period"": ""Q1 2022"", ""year"": 2022, ""quarter"": 1, ""value"": -9063207874.0}, {""period"": ""Q2 2022"", ""year"": 2022, ""quarter"": 2, ""value"": -16759654002.0}, {""period"": ""Q3 2022"", ""year"": 2022, ""quarter"": 3, ""value"": -29895512580.0}, {""period"": ""Q4 2022"", ""year"": 2022, ""quarter"": 4, ""value"": -22490794040.0}, {""period"": ""Q1 2023"", ""year"": 2023, ""quarter"": 1, ""value"": -29325096484.0}, {""period"": ""Q2 2023"", ""year"": 2023, ""quarter"": 2, ""value"": -27853754956.0}, {""period"": ""Q3 2023"", ""year"": 2023, ""quarter"": 3, ""value"": -54462522485.0}, {""period"": ""Q4 2023"", ""year"": 2023, ""quarter"": 4, ""value"": -35575245344.0}, {""period"": ""Q1 2024"", ""year"": 2024, ""quarter"": 1, ""value"": -32864167965.0}, {""period"": ""Q2 2024"", ""year"": 2024, ""quarter"": 2, ""value"": -17551240672.0}, {""period"": ""Q3 2024"", ""year"": 2024, ""quarter"": 3, ""value"": -36951303337.0}, {""period"": ""Q4 2024"", ""year"": 2024, ""quarter"": 4, ""value"": -131434797685.0}, {""period"": ""Q1 2025"", ""year"": 2025, ""quarter"": 1, ""value"": -42655669101.0}, {""period"": ""Q2 2025"", ""year"": 2025, ""quarter"": 2, ""value"": -85752859791.0}, {""period"": ""Q3 2025"", ""year"": 2025, ""quarter"": 3, ""value"": -48126595987.0}, {""period"": ""Q4 2025"", ""year"": 2025, ""quarter"": 4, ""value"": -41406118542.0}, {""period"": ""Q1 2026"", ""year"": 2026, ""quarter"": 1, ""value"": -13660041730.0}, {""period"": ""Q2 2026"", ""year"": 2026, ""quarter"": 2, ""value"": 0.0}]"
VPG,4,CashFlow_Indirect,Quarter,10307,- Thuế thu nhập doanh nghiệp đã nộp,103,False,3,,"[{""period"": ""Q1 2019"", ""year"": 2019, ""quarter"": 1, ""value"": -3000000000.0}, {""period"": ""Q2 2019"", ""year"": 2019, ""quarter"": 2, ""value"": -4001338521.0}, {""period"": ""Q3 2019"", ""year"": 2019, ""quarter"": 3, ""value"": -3500000000.0}, {""period"": ""Q4 2019"", ""year"": 2019, ""quarter"": 4, ""value"": 0.0}, {""period"": ""Q1 2020"", ""year"": 2020, ""quarter"": 1, ""value"": -817979441.0}, {""period"": ""Q2 2020"", ""year"": 2020, ""quarter"": 2, ""value"": -1629195739.0}, {""period"": ""Q3 2020"", ""year"": 2020, ""quarter"": 3, ""value"": -2470628435.0}, {""period"": ""Q4 2020"", ""year"": 2020, ""quarter"": 4, ""value"": -4066125917.0}, {""period"": ""Q1 2021"", ""year"": 2021, ""quarter"": 1, ""value"": -5508940896.0}, {""period"": ""Q2 2021"", ""year"": 2021, ""quarter"": 2, ""value"": -12809581999.0}, {""period"": ""Q3 2021"", ""year"": 2021, ""quarter"": 3, ""value"": -17247113483.0}, {""period"": ""Q4 2021"", ""year"": 2021, ""quarter"": 4, ""value"": -8000000000.0}, {""period"": ""Q1 2022"", ""year"": 2022, ""quarter"": 1, ""value"": -9000000000.0}, {""period"": ""Q2 2022"", ""year"": 2022, ""quarter"": 2, ""value"": -70132175367.0}, {""period"": ""Q3 2022"", ""year"": 2022, ""quarter"": 3, ""value"": 0.0}, {""period"": ""Q4 2022"", ""year"": 2022, ""quarter"": 4, ""value"": -7000000000.0}, {""period"": ""Q1 2023"", ""year"": 2023, ""quarter"": 1, ""value"": -11186487974.0}, {""period"": ""Q2 2023"", ""year"": 2023, ""quarter"": 2, ""value"": -1000000000.0}, {""period"": ""Q3 2023"", ""year"": 2023, ""quarter"": 3, ""value"": 0.0}, {""period"": ""Q4 2023"", ""year"": 2023, ""quarter"": 4, ""value"": -2000000000.0}, {""period"": ""Q1 2024"", ""year"": 2024, ""quarter"": 1, ""value"": -4965724803.0}, {""period"": ""Q2 2024"", ""year"": 2024, ""quarter"": 2, ""value"": -3605200031.0}, {""period"": ""Q3 2024"", ""year"": 2024, ""quarter"": 3, ""value"": -1614902355.0}, {""period"": ""Q4 2024"", ""year"": 2024, ""quarter"": 4, ""value"": -3284162404.0}, {""period"": ""Q1 2025"", ""year"": 2025, ""quarter"": 1, ""value"": -14619730746.0}, {""period"": ""Q2 2025"", ""year"": 2025, ""quarter"": 2, ""value"": -28596687252.0}, {""period"": ""Q3 2025"", ""year"": 2025, ""quarter"": 3, ""value"": -9577104528.0}, {""period"": ""Q4 2025"", ""year"": 2025, ""quarter"": 4, ""value"": -5718215493.0}, {""period"": ""Q1 2026"", ""year"": 2026, ""quarter"": 1, ""value"": 0.0}, {""period"": ""Q2 2026"", ""year"": 2026, ""quarter"": 2, ""value"": 0.0}]"
VPG,4,CashFlow_Indirect,Quarter,10308,- Tiền thu khác từ hoạt động kinh doanh,103,False,3,,"[{""period"": ""Q1 2019"", ""year"": 2019, ""quarter"": 1, ""value"": 0.0}, {""period"": ""Q2 2019"", ""year"": 2019, ""quarter"": 2, ""value"": 0.0}, {""period"": ""Q3 2019"", ""year"": 2019, ""quarter"": 3, ""value"": 0.0}, {""period"": ""Q4 2019"", ""year"": 2019, ""quarter"": 4, ""value"": 0.0}, {""period"": ""Q1 2020"", ""year"": 2020, ""quarter"": 1, ""value"": 0.0}, {""period"": ""Q2 2020"", ""year"": 2020, ""quarter"": 2, ""value"": 0.0}, {""period"": ""Q3 2020"", ""year"": 2020, ""quarter"": 3, ""value"": 0.0}, {""period"": ""Q4 2020"", ""year"": 2020, ""quarter"": 4, ""value"": 0.0}, {""period"": ""Q1 2021"", ""year"": 2021, ""quarter"": 1, ""value"": 0.0}, {""period"": ""Q2 2021"", ""year"": 2021, ""quarter"": 2, ""value"": 0.0}, {""period"": ""Q3 2021"", ""year"": 2021, ""quarter"": 3, ""value"": 0.0}, {""period"": ""Q4 2021"", ""year"": 2021, ""quarter"": 4, ""value"": 0.0}, {""period"": ""Q1 2022"", ""year"": 2022, ""quarter"": 1, ""value"": 0.0}, {""period"": ""Q2 2022"", ""year"": 2022, ""quarter"": 2, ""value"": 0.0}, {""period"": ""Q3 2022"", ""year"": 2022, ""quarter"": 3, ""value"": 0.0}, {""period"": ""Q4 2022"", ""year"": 2022, ""quarter"": 4, ""value"": 0.0}, {""period"": ""Q1 2023"", ""year"": 2023, ""quarter"": 1, ""value"": 0.0}, {""period"": ""Q2 2023"", ""year"": 2023, ""quarter"": 2, ""value"": 0.0}, {""period"": ""Q3 2023"", ""year"": 2023, ""quarter"": 3, ""value"": 0.0}, {""period"": ""Q4 2023"", ""year"": 2023, ""quarter"": 4, ""value"": 0.0}, {""period"": ""Q1 2024"", ""year"": 2024, ""quarter"": 1, ""value"": 0.0}, {""period"": ""Q2 2024"", ""year"": 2024, ""quarter"": 2, ""value"": 0.0}, {""period"": ""Q3 2024"", ""year"": 2024, ""quarter"": 3, ""value"": 0.0}, {""period"": ""Q4 2024"", ""year"": 2024, ""quarter"": 4, ""value"": 0.0}, {""period"": ""Q1 2025"", ""year"": 2025, ""quarter"": 1, ""value"": 0.0}, {""period"": ""Q2 2025"", ""year"": 2025, ""quarter"": 2, ""value"": 0.0}, {""period"": ""Q3 2025"", ""year"": 2025, ""quarter"": 3, ""value"": -126860800.0}, {""period"": ""Q4 2025"", ""year"": 2025, ""quarter"": 4, ""value"": 126860800.0}, {""period"": ""Q1 2026"", ""year"": 2026, ""quarter"": 1, ""value"": 315000000.0}, {""period"": ""Q2 2026"", ""year"": 2026, ""quarter"": 2, ""value"": -126860800.0}]"
VPG,4,CashFlow_Indirect,Quarter,10309,- Tiền chi khác từ hoạt động kinh doanh,103,False,3,,"[{""period"": ""Q1 2019"", ""year"": 2019, ""quarter"": 1, ""value"": 0.0}, {""period"": ""Q2 2019"", ""year"": 2019, ""quarter"": 2, ""value"": 0.0}, {""period"": ""Q3 2019"", ""year"": 2019, ""quarter"": 3, ""value"": -273254500.0}, {""period"": ""Q4 2019"", ""year"": 2019, ""quarter"": 4, ""value"": -74377500.0}, {""period"": ""Q1 2020"", ""year"": 2020, ""quarter"": 1, ""value"": 0.0}, {""period"": ""Q2 2020"", ""year"": 2020, ""quarter"": 2, ""value"": -692085831.0}, {""period"": ""Q3 2020"", ""year"": 2020, ""quarter"": 3, ""value"": -85230000.0}, {""period"": ""Q4 2020"", ""year"": 2020, ""quarter"": 4, ""value"": -217815300.0}, {""period"": ""Q1 2021"", ""year"": 2021, ""quarter"": 1, ""value"": -435489620.0}, {""period"": ""Q2 2021"", ""year"": 2021, ""quarter"": 2, ""value"": -23190000.0}, {""period"": ""Q3 2021"", ""year"": 2021, ""quarter"": 3, ""value"": -159400000.0}, {""period"": ""Q4 2021"", ""year"": 2021, ""quarter"": 4, ""value"": -407647359.0}, {""period"": ""Q1 2022"", ""year"": 2022, ""quarter"": 1, ""value"": -454028000.0}, {""period"": ""Q2 2022"", ""year"": 2022, ""quarter"": 2, ""value"": -519748000.0}, {""period"": ""Q3 2022"", ""year"": 2022, ""quarter"": 3, ""value"": 20049000.0}, {""period"": ""Q4 2022"", ""year"": 2022, ""quarter"": 4, ""value"": -1689654120.0}, {""period"": ""Q1 2023"", ""year"": 2023, ""quarter"": 1, ""value"": -1326363007.0}, {""period"": ""Q2 2023"", ""year"": 2023, ""quarter"": 2, ""value"": -405050000.0}, {""period"": ""Q3 2023"", ""year"": 2023, ""quarter"": 3, ""value"": -9850046920.0}, {""period"": ""Q4 2023"", ""year"": 2023, ""quarter"": 4, ""value"": -548760000.0}, {""period"": ""Q1 2024"", ""year"": 2024, ""quarter"": 1, ""value"": -2929490440.0}, {""period"": ""Q2 2024"", ""year"": 2024, ""quarter"": 2, ""value"": -610300000.0}, {""period"": ""Q3 2024"", ""year"": 2024, ""quarter"": 3, ""value"": -1927303070.0}, {""period"": ""Q4 2024"", ""year"": 2024, ""quarter"": 4, ""value"": -1732525920.0}, {""period"": ""Q1 2025"", ""year"": 2025, ""quarter"": 1, ""value"": -1546858200.0}, {""period"": ""Q2 2025"", ""year"": 2025, ""quarter"": 2, ""value"": 1546858200.0}, {""period"": ""Q3 2025"", ""year"": 2025, ""quarter"": 3, ""value"": -2006367744.0}, {""period"": ""Q4 2025"", ""year"": 2025, ""quarter"": 4, ""value"": 2006367744.0}, {""period"": ""Q1 2026"", ""year"": 2026, ""quarter"": 1, ""value"": -126860800.0}, {""period"": ""Q2 2026"", ""year"": 2026, ""quarter"": 2, ""value"": 126860800.0}]"
VPG,4,CashFlow_Indirect,Quarter,104,Lưu chuyển tiền thuần từ hoạt động kinh doanh,1,True,2,,"[{""period"": ""Q1 2019"", ""year"": 2019, ""quarter"": 1, ""value"": -268335262341.0}, {""period"": ""Q2 2019"", ""year"": 2019, ""quarter"": 2, ""value"": -90309681775.0}, {""period"": ""Q3 2019"", ""year"": 2019, ""quarter"": 3, ""value"": -71265533666.0}, {""period"": ""Q4 2019"", ""year"": 2019, ""quarter"": 4, ""value"": 130191372517.0}, {""period"": ""Q1 2020"", ""year"": 2020, ""quarter"": 1, ""value"": -17923672159.0}, {""period"": ""Q2 2020"", ""year"": 2020, ""quarter"": 2, ""value"": -140357684259.0}, {""period"": ""Q3 2020"", ""year"": 2020, ""quarter"": 3, ""value"": 26791333807.0}, {""period"": ""Q4 2020"", ""year"": 2020, ""quarter"": 4, ""value"": 149560137953.0}, {""period"": ""Q1 2021"", ""year"": 2021, ""quarter"": 1, ""value"": 161504929691.0}, {""period"": ""Q2 2021"", ""year"": 2021, ""quarter"": 2, ""value"": 439925285227.0}, {""period"": ""Q3 2021"", ""year"": 2021, ""quarter"": 3, ""value"": -125632245499.0}, {""period"": ""Q4 2021"", ""year"": 2021, ""quarter"": 4, ""value"": -194694178892.0}, {""period"": ""Q1 2022"", ""year"": 2022, ""quarter"": 1, ""value"": -498720312838.0}, {""period"": ""Q2 2022"", ""year"": 2022, ""quarter"": 2, ""value"": 775002175470.0}, {""period"": ""Q3 2022"", ""year"": 2022, ""quarter"": 3, ""value"": -361645616574.0}, {""period"": ""Q4 2022"", ""year"": 2022, ""quarter"": 4, ""value"": -387216247336.0}, {""period"": ""Q1 2023"", ""year"": 2023, ""quarter"": 1, ""value"": -315556889540.0}, {""period"": ""Q2 2023"", ""year"": 2023, ""quarter"": 2, ""value"": -435055486794.0}, {""period"": ""Q3 2023"", ""year"": 2023, ""quarter"": 3, ""value"": 546864265100.0}, {""period"": ""Q4 2023"", ""year"": 2023, ""quarter"": 4, ""value"": -228524649443.0}, {""period"": ""Q1 2024"", ""year"": 2024, ""quarter"": 1, ""value"": -778500095536.0}, {""period"": ""Q2 2024"", ""year"": 2024, ""quarter"": 2, ""value"": -316724545616.0}, {""period"": ""Q3 2024"", ""year"": 2024, ""quarter"": 3, ""value"": 621460933635.0}, {""period"": ""Q4 2024"", ""year"": 2024, ""quarter"": 4, ""value"": 405768862841.0}, {""period"": ""Q1 2025"", ""year"": 2025, ""quarter"": 1, ""value"": -570926805906.0}, {""period"": ""Q2 2025"", ""year"": 2025, ""quarter"": 2, ""value"": -823307250979.0}, {""period"": ""Q3 2025"", ""year"": 2025, ""quarter"": 3, ""value"": 2210150040921.0}, {""period"": ""Q4 2025"", ""year"": 2025, ""quarter"": 4, ""value"": 437131253785.0}, {""period"": ""Q1 2026"", ""year"": 2026, ""quarter"": 1, ""value"": 810004493187.0}, {""period"": ""Q2 2026"", ""year"": 2026, ""quarter"": 2, ""value"": -2046064590.0}]"
VPG,4,CashFlow_Indirect,Quarter,2,II. Lưu chuyển tiền từ hoạt động đầu tư,-1,True,1,,"[{""period"": ""Q1 2019"", ""year"": 2019, ""quarter"": 1, ""value"": null}, {""period"": ""Q2 2019"", ""year"": 2019, ""quarter"": 2, ""value"": null}, {""period"": ""Q3 2019"", ""year"": 2019, ""quarter"": 3, ""value"": null}, {""period"": ""Q4 2019"", ""year"": 2019, ""quarter"": 4, ""value"": null}, {""period"": ""Q1 2020"", ""year"": 2020, ""quarter"": 1, ""value"": null}, {""period"": ""Q2 2020"", ""year"": 2020, ""quarter"": 2, ""value"": null}, {""period"": ""Q3 2020"", ""year"": 2020, ""quarter"": 3, ""value"": null}, {""period"": ""Q4 2020"", ""year"": 2020, ""quarter"": 4, ""value"": null}, {""period"": ""Q1 2021"", ""year"": 2021, ""quarter"": 1, ""value"": null}, {""period"": ""Q2 2021"", ""year"": 2021, ""quarter"": 2, ""value"": null}, {""period"": ""Q3 2021"", ""year"": 2021, ""quarter"": 3, ""value"": null}, {""period"": ""Q4 2021"", ""year"": 2021, ""quarter"": 4, ""value"": null}, {""period"": ""Q1 2022"", ""year"": 2022, ""quarter"": 1, ""value"": null}, {""period"": ""Q2 2022"", ""year"": 2022, ""quarter"": 2, ""value"": null}, {""period"": ""Q3 2022"", ""year"": 2022, ""quarter"": 3, ""value"": null}, {""period"": ""Q4 2022"", ""year"": 2022, ""quarter"": 4, ""value"": null}, {""period"": ""Q1 2023"", ""year"": 2023, ""quarter"": 1, ""value"": null}, {""period"": ""Q2 2023"", ""year"": 2023, ""quarter"": 2, ""value"": null}, {""period"": ""Q3 2023"", ""year"": 2023, ""quarter"": 3, ""value"": null}, {""period"": ""Q4 2023"", ""year"": 2023, ""quarter"": 4, ""value"": null}, {""period"": ""Q1 2024"", ""year"": 2024, ""quarter"": 1, ""value"": null}, {""period"": ""Q2 2024"", ""year"": 2024, ""quarter"": 2, ""value"": null}, {""period"": ""Q3 2024"", ""year"": 2024, ""quarter"": 3, ""value"": null}, {""period"": ""Q4 2024"", ""year"": 2024, ""quarter"": 4, ""value"": null}, {""period"": ""Q1 2025"", ""year"": 2025, ""quarter"": 1, ""value"": null}, {""period"": ""Q2 2025"", ""year"": 2025, ""quarter"": 2, ""value"": null}, {""period"": ""Q3 2025"", ""year"": 2025, ""quarter"": 3, ""value"": null}, {""period"": ""Q4 2025"", ""year"": 2025, ""quarter"": 4, ""value"": null}, {""period"": ""Q1 2026"", ""year"": 2026, ""quarter"": 1, ""value"": null}, {""period"": ""Q2 2026"", ""year"": 2026, ""quarter"": 2, ""value"": null}]"
VPG,4,CashFlow_Indirect,Quarter,201,"1. Tiền chi để mua sắm, xây dựng TSCĐ và các tài sản dài hạn khác",2,True,2,,"[{""period"": ""Q1 2019"", ""year"": 2019, ""quarter"": 1, ""value"": -45539666091.0}, {""period"": ""Q2 2019"", ""year"": 2019, ""quarter"": 2, ""value"": -45085477865.0}, {""period"": ""Q3 2019"", ""year"": 2019, ""quarter"": 3, ""value"": -2935436690.0}, {""period"": ""Q4 2019"", ""year"": 2019, ""quarter"": 4, ""value"": -2354571363.0}, {""period"": ""Q1 2020"", ""year"": 2020, ""quarter"": 1, ""value"": -240000000.0}, {""period"": ""Q2 2020"", ""year"": 2020, ""quarter"": 2, ""value"": -1085839341.0}, {""period"": ""Q3 2020"", ""year"": 2020, ""quarter"": 3, ""value"": -3180755978.0}, {""period"": ""Q4 2020"", ""year"": 2020, ""quarter"": 4, ""value"": 2608292787.0}, {""period"": ""Q1 2021"", ""year"": 2021, ""quarter"": 1, ""value"": -987407273.0}, {""period"": ""Q2 2021"", ""year"": 2021, ""quarter"": 2, ""value"": 0.0}, {""period"": ""Q3 2021"", ""year"": 2021, ""quarter"": 3, ""value"": 2058511200.0}, {""period"": ""Q4 2021"", ""year"": 2021, ""quarter"": 4, ""value"": -45103376294.0}, {""period"": ""Q1 2022"", ""year"": 2022, ""quarter"": 1, ""value"": 0.0}, {""period"": ""Q2 2022"", ""year"": 2022, ""quarter"": 2, ""value"": -454410589766.0}, {""period"": ""Q3 2022"", ""year"": 2022, ""quarter"": 3, ""value"": 662311830.0}, {""period"": ""Q4 2022"", ""year"": 2022, ""quarter"": 4, ""value"": -533930000.0}, {""period"": ""Q1 2023"", ""year"": 2023, ""quarter"": 1, ""value"": -5014286374.0}, {""period"": ""Q2 2023"", ""year"": 2023, ""quarter"": 2, ""value"": -1116596108.0}, {""period"": ""Q3 2023"", ""year"": 2023, ""quarter"": 3, ""value"": -3861330411.0}, {""period"": ""Q4 2023"", ""year"": 2023, ""quarter"": 4, ""value"": -15565164614.0}, {""period"": ""Q1 2024"", ""year"": 2024, ""quarter"": 1, ""value"": -23785661814.0}, {""period"": ""Q2 2024"", ""year"": 2024, ""quarter"": 2, ""value"": -1946271004.0}, {""period"": ""Q3 2024"", ""year"": 2024, ""quarter"": 3, ""value"": -5463528335.0}, {""period"": ""Q4 2024"", ""year"": 2024, ""quarter"": 4, ""value"": -3252867525.0}, {""period"": ""Q1 2025"", ""year"": 2025, ""quarter"": 1, ""value"": -13204627349.0}, {""period"": ""Q2 2025"", ""year"": 2025, ""quarter"": 2, ""value"": 157048280.0}, {""period"": ""Q3 2025"", ""year"": 2025, ""quarter"": 3, ""value"": -12271026104.0}, {""period"": ""Q4 2025"", ""year"": 2025, ""quarter"": 4, ""value"": 3476317288.0}, {""period"": ""Q1 2026"", ""year"": 2026, ""quarter"": 1, ""value"": 0.0}, {""period"": ""Q2 2026"", ""year"": 2026, ""quarter"": 2, ""value"": 0.0}]"
VPG,4,CashFlow_Indirect,Quarter,202,"2. Tiền thu từ thanh lý, nhượng bán TSCĐ và các tài sản dài hạn khác",2,True,2,,"[{""period"": ""Q1 2019"", ""year"": 2019, ""quarter"": 1, ""value"": 0.0}, {""period"": ""Q2 2019"", ""year"": 2019, ""quarter"": 2, ""value"": 0.0}, {""period"": ""Q3 2019"", ""year"": 2019, ""quarter"": 3, ""value"": 0.0}, {""period"": ""Q4 2019"", ""year"": 2019, ""quarter"": 4, ""value"": 0.0}, {""period"": ""Q1 2020"", ""year"": 2020, ""quarter"": 1, ""value"": -26643187885.0}, {""period"": ""Q2 2020"", ""year"": 2020, ""quarter"": 2, ""value"": 118643187885.0}, {""period"": ""Q3 2020"", ""year"": 2020, ""quarter"": 3, ""value"": 0.0}, {""period"": ""Q4 2020"", ""year"": 2020, ""quarter"": 4, ""value"": 0.0}, {""period"": ""Q1 2021"", ""year"": 2021, ""quarter"": 1, ""value"": 45454545.0}, {""period"": ""Q2 2021"", ""year"": 2021, ""quarter"": 2, ""value"": 0.0}, {""period"": ""Q3 2021"", ""year"": 2021, ""quarter"": 3, ""value"": 0.0}, {""period"": ""Q4 2021"", ""year"": 2021, ""quarter"": 4, ""value"": 0.0}, {""period"": ""Q1 2022"", ""year"": 2022, ""quarter"": 1, ""value"": 2474071848.0}, {""period"": ""Q2 2022"", ""year"": 2022, ""quarter"": 2, ""value"": -706921848.0}, {""period"": ""Q3 2022"", ""year"": 2022, ""quarter"": 3, ""value"": -1767150000.0}, {""period"": ""Q4 2022"", ""year"": 2022, ""quarter"": 4, ""value"": 1767150000.0}, {""period"": ""Q1 2023"", ""year"": 2023, ""quarter"": 1, ""value"": 0.0}, {""period"": ""Q2 2023"", ""year"": 2023, ""quarter"": 2, ""value"": 0.0}, {""period"": ""Q3 2023"", ""year"": 2023, ""quarter"": 3, ""value"": 0.0}, {""period"": ""Q4 2023"", ""year"": 2023, ""quarter"": 4, ""value"": 202727272.0}, {""period"": ""Q1 2024"", ""year"": 2024, ""quarter"": 1, ""value"": 0.0}, {""period"": ""Q2 2024"", ""year"": 2024, ""quarter"": 2, ""value"": 0.0}, {""period"": ""Q3 2024"", ""year"": 2024, ""quarter"": 3, ""value"": 0.0}, {""period"": ""Q4 2024"", ""year"": 2024, ""quarter"": 4, ""value"": 663636362.0}, {""period"": ""Q1 2025"", ""year"": 2025, ""quarter"": 1, ""value"": 0.0}, {""period"": ""Q2 2025"", ""year"": 2025, ""quarter"": 2, ""value"": 0.0}, {""period"": ""Q3 2025"", ""year"": 2025, ""quarter"": 3, ""value"": 500000000.0}, {""period"": ""Q4 2025"", ""year"": 2025, ""quarter"": 4, ""value"": -500000000.0}, {""period"": ""Q1 2026"", ""year"": 2026, ""quarter"": 1, ""value"": 0.0}, {""period"": ""Q2 2026"", ""year"": 2026, ""quarter"": 2, ""value"": 225000000.0}]"
VPG,4,CashFlow_Indirect,Quarter,203,"3. Tiền chi cho vay, mua các công cụ nợ của đơn vị khác",2,True,2,,"[{""period"": ""Q1 2019"", ""year"": 2019, ""quarter"": 1, ""value"": -42000000000.0}, {""period"": ""Q2 2019"", ""year"": 2019, ""quarter"": 2, ""value"": -655200000.0}, {""period"": ""Q3 2019"", ""year"": 2019, ""quarter"": 3, ""value"": -33000000000.0}, {""period"": ""Q4 2019"", ""year"": 2019, ""quarter"": 4, ""value"": -57087750000.0}, {""period"": ""Q1 2020"", ""year"": 2020, ""quarter"": 1, ""value"": -71888520548.0}, {""period"": ""Q2 2020"", ""year"": 2020, ""quarter"": 2, ""value"": 7458520548.0}, {""period"": ""Q3 2020"", ""year"": 2020, ""quarter"": 3, ""value"": -44906115068.0}, {""period"": ""Q4 2020"", ""year"": 2020, ""quarter"": 4, ""value"": 3702367122.0}, {""period"": ""Q1 2021"", ""year"": 2021, ""quarter"": 1, ""value"": -268791233.0}, {""period"": ""Q2 2021"", ""year"": 2021, ""quarter"": 2, ""value"": 268791233.0}, {""period"": ""Q3 2021"", ""year"": 2021, ""quarter"": 3, ""value"": 0.0}, {""period"": ""Q4 2021"", ""year"": 2021, ""quarter"": 4, ""value"": 0.0}, {""period"": ""Q1 2022"", ""year"": 2022, ""quarter"": 1, ""value"": 0.0}, {""period"": ""Q2 2022"", ""year"": 2022, ""quarter"": 2, ""value"": 0.0}, {""period"": ""Q3 2022"", ""year"": 2022, ""quarter"": 3, ""value"": 0.0}, {""period"": ""Q4 2022"", ""year"": 2022, ""quarter"": 4, ""value"": 0.0}, {""period"": ""Q1 2023"", ""year"": 2023, ""quarter"": 1, ""value"": 0.0}, {""period"": ""Q2 2023"", ""year"": 2023, ""quarter"": 2, ""value"": 0.0}, {""period"": ""Q3 2023"", ""year"": 2023, ""quarter"": 3, ""value"": 0.0}, {""period"": ""Q4 2023"", ""year"": 2023, ""quarter"": 4, ""value"": 0.0}, {""period"": ""Q1 2024"", ""year"": 2024, ""quarter"": 1, ""value"": 0.0}, {""period"": ""Q2 2024"", ""year"": 2024, ""quarter"": 2, ""value"": 0.0}, {""period"": ""Q3 2024"", ""year"": 2024, ""quarter"": 3, ""value"": -260000000.0}, {""period"": ""Q4 2024"", ""year"": 2024, ""quarter"": 4, ""value"": 0.0}, {""period"": ""Q1 2025"", ""year"": 2025, ""quarter"": 1, ""value"": 0.0}, {""period"": ""Q2 2025"", ""year"": 2025, ""quarter"": 2, ""value"": 0.0}, {""period"": ""Q3 2025"", ""year"": 2025, ""quarter"": 3, ""value"": 0.0}, {""period"": ""Q4 2025"", ""year"": 2025, ""quarter"": 4, ""value"": 0.0}, {""period"": ""Q1 2026"", ""year"": 2026, ""quarter"": 1, ""value"": 0.0}, {""period"": ""Q2 2026"", ""year"": 2026, ""quarter"": 2, ""value"": 0.0}]"
VPG,4,CashFlow_Indirect,Quarter,204,"4. Tiền thu hồi cho vay, bán lại các công cụ nợ của các đơn vị khác",2,True,2,,"[{""period"": ""Q1 2019"", ""year"": 2019, ""quarter"": 1, ""value"": 433950000000.0}, {""period"": ""Q2 2019"", ""year"": 2019, ""quarter"": 2, ""value"": 149355200000.0}, {""period"": ""Q3 2019"", ""year"": 2019, ""quarter"": 3, ""value"": 85600000000.0}, {""period"": ""Q4 2019"", ""year"": 2019, ""quarter"": 4, ""value"": 0.0}, {""period"": ""Q1 2020"", ""year"": 2020, ""quarter"": 1, ""value"": 175326270548.0}, {""period"": ""Q2 2020"", ""year"": 2020, ""quarter"": 2, ""value"": -65246270548.0}, {""period"": ""Q3 2020"", ""year"": 2020, ""quarter"": 3, ""value"": 48856115068.0}, {""period"": ""Q4 2020"", ""year"": 2020, ""quarter"": 4, ""value"": 45800000000.0}, {""period"": ""Q1 2021"", ""year"": 2021, ""quarter"": 1, ""value"": 22868791233.0}, {""period"": ""Q2 2021"", ""year"": 2021, ""quarter"": 2, ""value"": -14268791233.0}, {""period"": ""Q3 2021"", ""year"": 2021, ""quarter"": 3, ""value"": 0.0}, {""period"": ""Q4 2021"", ""year"": 2021, ""quarter"": 4, ""value"": 1549776329.0}, {""period"": ""Q1 2022"", ""year"": 2022, ""quarter"": 1, ""value"": 0.0}, {""period"": ""Q2 2022"", ""year"": 2022, ""quarter"": 2, ""value"": 0.0}, {""period"": ""Q3 2022"", ""year"": 2022, ""quarter"": 3, ""value"": 0.0}, {""period"": ""Q4 2022"", ""year"": 2022, ""quarter"": 4, ""value"": 0.0}, {""period"": ""Q1 2023"", ""year"": 2023, ""quarter"": 1, ""value"": 0.0}, {""period"": ""Q2 2023"", ""year"": 2023, ""quarter"": 2, ""value"": 0.0}, {""period"": ""Q3 2023"", ""year"": 2023, ""quarter"": 3, ""value"": 0.0}, {""period"": ""Q4 2023"", ""year"": 2023, ""quarter"": 4, ""value"": 0.0}, {""period"": ""Q1 2024"", ""year"": 2024, ""quarter"": 1, ""value"": 0.0}, {""period"": ""Q2 2024"", ""year"": 2024, ""quarter"": 2, ""value"": 0.0}, {""period"": ""Q3 2024"", ""year"": 2024, ""quarter"": 3, ""value"": 6000000000.0}, {""period"": ""Q4 2024"", ""year"": 2024, ""quarter"": 4, ""value"": 0.0}, {""period"": ""Q1 2025"", ""year"": 2025, ""quarter"": 1, ""value"": 260000000.0}, {""period"": ""Q2 2025"", ""year"": 2025, ""quarter"": 2, ""value"": 0.0}, {""period"": ""Q3 2025"", ""year"": 2025, ""quarter"": 3, ""value"": 0.0}, {""period"": ""Q4 2025"", ""year"": 2025, ""quarter"": 4, ""value"": 0.0}, {""period"": ""Q1 2026"", ""year"": 2026, ""quarter"": 1, ""value"": 0.0}, {""period"": ""Q2 2026"", ""year"": 2026, ""quarter"": 2, ""value"": 0.0}]"
VPG,4,CashFlow_Indirect,Quarter,205,5. Đầu tư góp vốn vào công ty liên doanh liên kết,2,True,2,,"[{""period"": ""Q1 2019"", ""year"": 2019, ""quarter"": 1, ""value"": 0.0}, {""period"": ""Q2 2019"", ""year"": 2019, ""quarter"": 2, ""value"": 0.0}, {""period"": ""Q3 2019"", ""year"": 2019, ""quarter"": 3, ""value"": 0.0}, {""period"": ""Q4 2019"", ""year"": 2019, ""quarter"": 4, ""value"": 0.0}, {""period"": ""Q1 2020"", ""year"": 2020, ""quarter"": 1, ""value"": 0.0}, {""period"": ""Q2 2020"", ""year"": 2020, ""quarter"": 2, ""value"": 0.0}, {""period"": ""Q3 2020"", ""year"": 2020, ""quarter"": 3, ""value"": 0.0}, {""period"": ""Q4 2020"", ""year"": 2020, ""quarter"": 4, ""value"": 0.0}, {""period"": ""Q1 2021"", ""year"": 2021, ""quarter"": 1, ""value"": 0.0}, {""period"": ""Q2 2021"", ""year"": 2021, ""quarter"": 2, ""value"": 0.0}, {""period"": ""Q3 2021"", ""year"": 2021, ""quarter"": 3, ""value"": 0.0}, {""period"": ""Q4 2021"", ""year"": 2021, ""quarter"": 4, ""value"": 0.0}, {""period"": ""Q1 2022"", ""year"": 2022, ""quarter"": 1, ""value"": 0.0}, {""period"": ""Q2 2022"", ""year"": 2022, ""quarter"": 2, ""value"": 0.0}, {""period"": ""Q3 2022"", ""year"": 2022, ""quarter"": 3, ""value"": 0.0}, {""period"": ""Q4 2022"", ""year"": 2022, ""quarter"": 4, ""value"": 0.0}, {""period"": ""Q1 2023"", ""year"": 2023, ""quarter"": 1, ""value"": 0.0}, {""period"": ""Q2 2023"", ""year"": 2023, ""quarter"": 2, ""value"": 0.0}, {""period"": ""Q3 2023"", ""year"": 2023, ""quarter"": 3, ""value"": 0.0}, {""period"": ""Q4 2023"", ""year"": 2023, ""quarter"": 4, ""value"": 0.0}, {""period"": ""Q1 2024"", ""year"": 2024, ""quarter"": 1, ""value"": 0.0}, {""period"": ""Q2 2024"", ""year"": 2024, ""quarter"": 2, ""value"": 0.0}, {""period"": ""Q3 2024"", ""year"": 2024, ""quarter"": 3, ""value"": 0.0}, {""period"": ""Q4 2024"", ""year"": 2024, ""quarter"": 4, ""value"": 0.0}, {""period"": ""Q1 2025"", ""year"": 2025, ""quarter"": 1, ""value"": 0.0}, {""period"": ""Q2 2025"", ""year"": 2025, ""quarter"": 2, ""value"": 0.0}, {""period"": ""Q3 2025"", ""year"": 2025, ""quarter"": 3, ""value"": 0.0}, {""period"": ""Q4 2025"", ""year"": 2025, ""quarter"": 4, ""value"": 0.0}, {""period"": ""Q1 2026"", ""year"": 2026, ""quarter"": 1, ""value"": 0.0}, {""period"": ""Q2 2026"", ""year"": 2026, ""quarter"": 2, ""value"": 0.0}]"
VPG,4,CashFlow_Indirect,Quarter,206,6. Chi đầu tư ngắn hạn,2,True,2,,"[{""period"": ""Q1 2019"", ""year"": 2019, ""quarter"": 1, ""value"": 0.0}, {""period"": ""Q2 2019"", ""year"": 2019, ""quarter"": 2, ""value"": 0.0}, {""period"": ""Q3 2019"", ""year"": 2019, ""quarter"": 3, ""value"": 0.0}, {""period"": ""Q4 2019"", ""year"": 2019, ""quarter"": 4, ""value"": 0.0}, {""period"": ""Q1 2020"", ""year"": 2020, ""quarter"": 1, ""value"": 0.0}, {""period"": ""Q2 2020"", ""year"": 2020, ""quarter"": 2, ""value"": 0.0}, {""period"": ""Q3 2020"", ""year"": 2020, ""quarter"": 3, ""value"": 0.0}, {""period"": ""Q4 2020"", ""year"": 2020, ""quarter"": 4, ""value"": 0.0}, {""period"": ""Q1 2021"", ""year"": 2021, ""quarter"": 1, ""value"": 0.0}, {""period"": ""Q2 2021"", ""year"": 2021, ""quarter"": 2, ""value"": 0.0}, {""period"": ""Q3 2021"", ""year"": 2021, ""quarter"": 3, ""value"": 0.0}, {""period"": ""Q4 2021"", ""year"": 2021, ""quarter"": 4, ""value"": 0.0}, {""period"": ""Q1 2022"", ""year"": 2022, ""quarter"": 1, ""value"": 0.0}, {""period"": ""Q2 2022"", ""year"": 2022, ""quarter"": 2, ""value"": 0.0}, {""period"": ""Q3 2022"", ""year"": 2022, ""quarter"": 3, ""value"": 0.0}, {""period"": ""Q4 2022"", ""year"": 2022, ""quarter"": 4, ""value"": 0.0}, {""period"": ""Q1 2023"", ""year"": 2023, ""quarter"": 1, ""value"": 0.0}, {""period"": ""Q2 2023"", ""year"": 2023, ""quarter"": 2, ""value"": 0.0}, {""period"": ""Q3 2023"", ""year"": 2023, ""quarter"": 3, ""value"": 0.0}, {""period"": ""Q4 2023"", ""year"": 2023, ""quarter"": 4, ""value"": 0.0}, {""period"": ""Q1 2024"", ""year"": 2024, ""quarter"": 1, ""value"": 0.0}, {""period"": ""Q2 2024"", ""year"": 2024, ""quarter"": 2, ""value"": 0.0}, {""period"": ""Q3 2024"", ""year"": 2024, ""quarter"": 3, ""value"": 0.0}, {""period"": ""Q4 2024"", ""year"": 2024, ""quarter"": 4, ""value"": 0.0}, {""period"": ""Q1 2025"", ""year"": 2025, ""quarter"": 1, ""value"": 0.0}, {""period"": ""Q2 2025"", ""year"": 2025, ""quarter"": 2, ""value"": 0.0}, {""period"": ""Q3 2025"", ""year"": 2025, ""quarter"": 3, ""value"": 0.0}, {""period"": ""Q4 2025"", ""year"": 2025, ""quarter"": 4, ""value"": 0.0}, {""period"": ""Q1 2026"", ""year"": 2026, ""quarter"": 1, ""value"": 0.0}, {""period"": ""Q2 2026"", ""year"": 2026, ""quarter"": 2, ""value"": 0.0}]"
VPG,4,CashFlow_Indirect,Quarter,207,7. Tiền chi đầu tư góp vốn vào đơn vị khác,2,True,2,,"[{""period"": ""Q1 2019"", ""year"": 2019, ""quarter"": 1, ""value"": 0.0}, {""period"": ""Q2 2019"", ""year"": 2019, ""quarter"": 2, ""value"": 0.0}, {""period"": ""Q3 2019"", ""year"": 2019, ""quarter"": 3, ""value"": 0.0}, {""period"": ""Q4 2019"", ""year"": 2019, ""quarter"": 4, ""value"": 0.0}, {""period"": ""Q1 2020"", ""year"": 2020, ""quarter"": 1, ""value"": 0.0}, {""period"": ""Q2 2020"", ""year"": 2020, ""quarter"": 2, ""value"": -45000000000.0}, {""period"": ""Q3 2020"", ""year"": 2020, ""quarter"": 3, ""value"": 0.0}, {""period"": ""Q4 2020"", ""year"": 2020, ""quarter"": 4, ""value"": 0.0}, {""period"": ""Q1 2021"", ""year"": 2021, ""quarter"": 1, ""value"": 0.0}, {""period"": ""Q2 2021"", ""year"": 2021, ""quarter"": 2, ""value"": 0.0}, {""period"": ""Q3 2021"", ""year"": 2021, ""quarter"": 3, ""value"": 0.0}, {""period"": ""Q4 2021"", ""year"": 2021, ""quarter"": 4, ""value"": 0.0}, {""period"": ""Q1 2022"", ""year"": 2022, ""quarter"": 1, ""value"": -54000000000.0}, {""period"": ""Q2 2022"", ""year"": 2022, ""quarter"": 2, ""value"": 0.0}, {""period"": ""Q3 2022"", ""year"": 2022, ""quarter"": 3, ""value"": 0.0}, {""period"": ""Q4 2022"", ""year"": 2022, ""quarter"": 4, ""value"": 0.0}, {""period"": ""Q1 2023"", ""year"": 2023, ""quarter"": 1, ""value"": 0.0}, {""period"": ""Q2 2023"", ""year"": 2023, ""quarter"": 2, ""value"": 0.0}, {""period"": ""Q3 2023"", ""year"": 2023, ""quarter"": 3, ""value"": 0.0}, {""period"": ""Q4 2023"", ""year"": 2023, ""quarter"": 4, ""value"": 0.0}, {""period"": ""Q1 2024"", ""year"": 2024, ""quarter"": 1, ""value"": 0.0}, {""period"": ""Q2 2024"", ""year"": 2024, ""quarter"": 2, ""value"": 0.0}, {""period"": ""Q3 2024"", ""year"": 2024, ""quarter"": 3, ""value"": 0.0}, {""period"": ""Q4 2024"", ""year"": 2024, ""quarter"": 4, ""value"": 0.0}, {""period"": ""Q1 2025"", ""year"": 2025, ""quarter"": 1, ""value"": 0.0}, {""period"": ""Q2 2025"", ""year"": 2025, ""quarter"": 2, ""value"": 0.0}, {""period"": ""Q3 2025"", ""year"": 2025, ""quarter"": 3, ""value"": 0.0}, {""period"": ""Q4 2025"", ""year"": 2025, ""quarter"": 4, ""value"": 0.0}, {""period"": ""Q1 2026"", ""year"": 2026, ""quarter"": 1, ""value"": 0.0}, {""period"": ""Q2 2026"", ""year"": 2026, ""quarter"": 2, ""value"": 0.0}]"
VPG,4,CashFlow_Indirect,Quarter,208,8. Tiền thu hồi đầu tư góp vốn vào đơn vị khác,2,True,2,,"[{""period"": ""Q1 2019"", ""year"": 2019, ""quarter"": 1, ""value"": 0.0}, {""period"": ""Q2 2019"", ""year"": 2019, ""quarter"": 2, ""value"": 0.0}, {""period"": ""Q3 2019"", ""year"": 2019, ""quarter"": 3, ""value"": 0.0}, {""period"": ""Q4 2019"", ""year"": 2019, ""quarter"": 4, ""value"": 0.0}, {""period"": ""Q1 2020"", ""year"": 2020, ""quarter"": 1, ""value"": 0.0}, {""period"": ""Q2 2020"", ""year"": 2020, ""quarter"": 2, ""value"": 0.0}, {""period"": ""Q3 2020"", ""year"": 2020, ""quarter"": 3, ""value"": 0.0}, {""period"": ""Q4 2020"", ""year"": 2020, ""quarter"": 4, ""value"": 0.0}, {""period"": ""Q1 2021"", ""year"": 2021, ""quarter"": 1, ""value"": 0.0}, {""period"": ""Q2 2021"", ""year"": 2021, ""quarter"": 2, ""value"": 0.0}, {""period"": ""Q3 2021"", ""year"": 2021, ""quarter"": 3, ""value"": 0.0}, {""period"": ""Q4 2021"", ""year"": 2021, ""quarter"": 4, ""value"": 0.0}, {""period"": ""Q1 2022"", ""year"": 2022, ""quarter"": 1, ""value"": 0.0}, {""period"": ""Q2 2022"", ""year"": 2022, ""quarter"": 2, ""value"": 0.0}, {""period"": ""Q3 2022"", ""year"": 2022, ""quarter"": 3, ""value"": 0.0}, {""period"": ""Q4 2022"", ""year"": 2022, ""quarter"": 4, ""value"": 54000000000.0}, {""period"": ""Q1 2023"", ""year"": 2023, ""quarter"": 1, ""value"": 0.0}, {""period"": ""Q2 2023"", ""year"": 2023, ""quarter"": 2, ""value"": 0.0}, {""period"": ""Q3 2023"", ""year"": 2023, ""quarter"": 3, ""value"": 0.0}, {""period"": ""Q4 2023"", ""year"": 2023, ""quarter"": 4, ""value"": 0.0}, {""period"": ""Q1 2024"", ""year"": 2024, ""quarter"": 1, ""value"": 0.0}, {""period"": ""Q2 2024"", ""year"": 2024, ""quarter"": 2, ""value"": 0.0}, {""period"": ""Q3 2024"", ""year"": 2024, ""quarter"": 3, ""value"": 0.0}, {""period"": ""Q4 2024"", ""year"": 2024, ""quarter"": 4, ""value"": 0.0}, {""period"": ""Q1 2025"", ""year"": 2025, ""quarter"": 1, ""value"": 0.0}, {""period"": ""Q2 2025"", ""year"": 2025, ""quarter"": 2, ""value"": 0.0}, {""period"": ""Q3 2025"", ""year"": 2025, ""quarter"": 3, ""value"": 0.0}, {""period"": ""Q4 2025"", ""year"": 2025, ""quarter"": 4, ""value"": 33480000000.0}, {""period"": ""Q1 2026"", ""year"": 2026, ""quarter"": 1, ""value"": 0.0}, {""period"": ""Q2 2026"", ""year"": 2026, ""quarter"": 2, ""value"": 0.0}]"
VPG,4,CashFlow_Indirect,Quarter,209,9. Lãi tiền gửi đã thu,2,True,2,,"[{""period"": ""Q1 2019"", ""year"": 2019, ""quarter"": 1, ""value"": 0.0}, {""period"": ""Q2 2019"", ""year"": 2019, ""quarter"": 2, ""value"": 0.0}, {""period"": ""Q3 2019"", ""year"": 2019, ""quarter"": 3, ""value"": 0.0}, {""period"": ""Q4 2019"", ""year"": 2019, ""quarter"": 4, ""value"": 41858954530.0}, {""period"": ""Q1 2020"", ""year"": 2020, ""quarter"": 1, ""value"": 0.0}, {""period"": ""Q2 2020"", ""year"": 2020, ""quarter"": 2, ""value"": 0.0}, {""period"": ""Q3 2020"", ""year"": 2020, ""quarter"": 3, ""value"": 0.0}, {""period"": ""Q4 2020"", ""year"": 2020, ""quarter"": 4, ""value"": 0.0}, {""period"": ""Q1 2021"", ""year"": 2021, ""quarter"": 1, ""value"": 0.0}, {""period"": ""Q2 2021"", ""year"": 2021, ""quarter"": 2, ""value"": 0.0}, {""period"": ""Q3 2021"", ""year"": 2021, ""quarter"": 3, ""value"": 0.0}, {""period"": ""Q4 2021"", ""year"": 2021, ""quarter"": 4, ""value"": 0.0}, {""period"": ""Q1 2022"", ""year"": 2022, ""quarter"": 1, ""value"": 0.0}, {""period"": ""Q2 2022"", ""year"": 2022, ""quarter"": 2, ""value"": 0.0}, {""period"": ""Q3 2022"", ""year"": 2022, ""quarter"": 3, ""value"": 0.0}, {""period"": ""Q4 2022"", ""year"": 2022, ""quarter"": 4, ""value"": 0.0}, {""period"": ""Q1 2023"", ""year"": 2023, ""quarter"": 1, ""value"": 0.0}, {""period"": ""Q2 2023"", ""year"": 2023, ""quarter"": 2, ""value"": 0.0}, {""period"": ""Q3 2023"", ""year"": 2023, ""quarter"": 3, ""value"": 0.0}, {""period"": ""Q4 2023"", ""year"": 2023, ""quarter"": 4, ""value"": 0.0}, {""period"": ""Q1 2024"", ""year"": 2024, ""quarter"": 1, ""value"": 0.0}, {""period"": ""Q2 2024"", ""year"": 2024, ""quarter"": 2, ""value"": 0.0}, {""period"": ""Q3 2024"", ""year"": 2024, ""quarter"": 3, ""value"": 0.0}, {""period"": ""Q4 2024"", ""year"": 2024, ""quarter"": 4, ""value"": 0.0}, {""period"": ""Q1 2025"", ""year"": 2025, ""quarter"": 1, ""value"": 0.0}, {""period"": ""Q2 2025"", ""year"": 2025, ""quarter"": 2, ""value"": 0.0}, {""period"": ""Q3 2025"", ""year"": 2025, ""quarter"": 3, ""value"": 0.0}, {""period"": ""Q4 2025"", ""year"": 2025, ""quarter"": 4, ""value"": 0.0}, {""period"": ""Q1 2026"", ""year"": 2026, ""quarter"": 1, ""value"": 0.0}, {""period"": ""Q2 2026"", ""year"": 2026, ""quarter"": 2, ""value"": 0.0}]"
VPG,4,CashFlow_Indirect,Quarter,210,"10. Tiền thu lãi cho vay, cổ tức và lợi nhuận được chia",2,True,2,,"[{""period"": ""Q1 2019"", ""year"": 2019, ""quarter"": 1, ""value"": 22811405103.0}, {""period"": ""Q2 2019"", ""year"": 2019, ""quarter"": 2, ""value"": 8438035590.0}, {""period"": ""Q3 2019"", ""year"": 2019, ""quarter"": 3, ""value"": 7522190216.0}, {""period"": ""Q4 2019"", ""year"": 2019, ""quarter"": 4, ""value"": -38771630909.0}, {""period"": ""Q1 2020"", ""year"": 2020, ""quarter"": 1, ""value"": 2189872402.0}, {""period"": ""Q2 2020"", ""year"": 2020, ""quarter"": 2, ""value"": 4890583795.0}, {""period"": ""Q3 2020"", ""year"": 2020, ""quarter"": 3, ""value"": 4018127307.0}, {""period"": ""Q4 2020"", ""year"": 2020, ""quarter"": 4, ""value"": 2694398199.0}, {""period"": ""Q1 2021"", ""year"": 2021, ""quarter"": 1, ""value"": 2441952979.0}, {""period"": ""Q2 2021"", ""year"": 2021, ""quarter"": 2, ""value"": 3677962138.0}, {""period"": ""Q3 2021"", ""year"": 2021, ""quarter"": 3, ""value"": 5638842867.0}, {""period"": ""Q4 2021"", ""year"": 2021, ""quarter"": 4, ""value"": 2900349764.0}, {""period"": ""Q1 2022"", ""year"": 2022, ""quarter"": 1, ""value"": 0.0}, {""period"": ""Q2 2022"", ""year"": 2022, ""quarter"": 2, ""value"": 7168868504.0}, {""period"": ""Q3 2022"", ""year"": 2022, ""quarter"": 3, ""value"": 5202649716.0}, {""period"": ""Q4 2022"", ""year"": 2022, ""quarter"": 4, ""value"": 16294634534.0}, {""period"": ""Q1 2023"", ""year"": 2023, ""quarter"": 1, ""value"": 12582465215.0}, {""period"": ""Q2 2023"", ""year"": 2023, ""quarter"": 2, ""value"": 13777408935.0}, {""period"": ""Q3 2023"", ""year"": 2023, ""quarter"": 3, ""value"": 3399031706.0}, {""period"": ""Q4 2023"", ""year"": 2023, ""quarter"": 4, ""value"": 9276995019.0}, {""period"": ""Q1 2024"", ""year"": 2024, ""quarter"": 1, ""value"": 4355527781.0}, {""period"": ""Q2 2024"", ""year"": 2024, ""quarter"": 2, ""value"": 3549842465.0}, {""period"": ""Q3 2024"", ""year"": 2024, ""quarter"": 3, ""value"": 1506288083.0}, {""period"": ""Q4 2024"", ""year"": 2024, ""quarter"": 4, ""value"": 5914462729.0}, {""period"": ""Q1 2025"", ""year"": 2025, ""quarter"": 1, ""value"": 1530904783.0}, {""period"": ""Q2 2025"", ""year"": 2025, ""quarter"": 2, ""value"": 622525688.0}, {""period"": ""Q3 2025"", ""year"": 2025, ""quarter"": 3, ""value"": -1752478828.0}, {""period"": ""Q4 2025"", ""year"": 2025, ""quarter"": 4, ""value"": 22642259902.0}, {""period"": ""Q1 2026"", ""year"": 2026, ""quarter"": 1, ""value"": 1397036151.0}, {""period"": ""Q2 2026"", ""year"": 2026, ""quarter"": 2, ""value"": 2358497.0}]"
VPG,4,CashFlow_Indirect,Quarter,211,11. Tiền chi mua lại phần vốn góp của các cổ đông thiểu số,2,True,2,,"[{""period"": ""Q1 2019"", ""year"": 2019, ""quarter"": 1, ""value"": 0.0}, {""period"": ""Q2 2019"", ""year"": 2019, ""quarter"": 2, ""value"": 0.0}, {""period"": ""Q3 2019"", ""year"": 2019, ""quarter"": 3, ""value"": 0.0}, {""period"": ""Q4 2019"", ""year"": 2019, ""quarter"": 4, ""value"": 0.0}, {""period"": ""Q1 2020"", ""year"": 2020, ""quarter"": 1, ""value"": 0.0}, {""period"": ""Q2 2020"", ""year"": 2020, ""quarter"": 2, ""value"": 0.0}, {""period"": ""Q3 2020"", ""year"": 2020, ""quarter"": 3, ""value"": 0.0}, {""period"": ""Q4 2020"", ""year"": 2020, ""quarter"": 4, ""value"": 0.0}, {""period"": ""Q1 2021"", ""year"": 2021, ""quarter"": 1, ""value"": 0.0}, {""period"": ""Q2 2021"", ""year"": 2021, ""quarter"": 2, ""value"": 0.0}, {""period"": ""Q3 2021"", ""year"": 2021, ""quarter"": 3, ""value"": 0.0}, {""period"": ""Q4 2021"", ""year"": 2021, ""quarter"": 4, ""value"": 0.0}, {""period"": ""Q1 2022"", ""year"": 2022, ""quarter"": 1, ""value"": 0.0}, {""period"": ""Q2 2022"", ""year"": 2022, ""quarter"": 2, ""value"": 0.0}, {""period"": ""Q3 2022"", ""year"": 2022, ""quarter"": 3, ""value"": 0.0}, {""period"": ""Q4 2022"", ""year"": 2022, ""quarter"": 4, ""value"": 0.0}, {""period"": ""Q1 2023"", ""year"": 2023, ""quarter"": 1, ""value"": 0.0}, {""period"": ""Q2 2023"", ""year"": 2023, ""quarter"": 2, ""value"": 0.0}, {""period"": ""Q3 2023"", ""year"": 2023, ""quarter"": 3, ""value"": 0.0}, {""period"": ""Q4 2023"", ""year"": 2023, ""quarter"": 4, ""value"": 0.0}, {""period"": ""Q1 2024"", ""year"": 2024, ""quarter"": 1, ""value"": 0.0}, {""period"": ""Q2 2024"", ""year"": 2024, ""quarter"": 2, ""value"": 0.0}, {""period"": ""Q3 2024"", ""year"": 2024, ""quarter"": 3, ""value"": 0.0}, {""period"": ""Q4 2024"", ""year"": 2024, ""quarter"": 4, ""value"": 0.0}, {""period"": ""Q1 2025"", ""year"": 2025, ""quarter"": 1, ""value"": 0.0}, {""period"": ""Q2 2025"", ""year"": 2025, ""quarter"": 2, ""value"": 0.0}, {""period"": ""Q3 2025"", ""year"": 2025, ""quarter"": 3, ""value"": 0.0}, {""period"": ""Q4 2025"", ""year"": 2025, ""quarter"": 4, ""value"": 0.0}, {""period"": ""Q1 2026"", ""year"": 2026, ""quarter"": 1, ""value"": 0.0}, {""period"": ""Q2 2026"", ""year"": 2026, ""quarter"": 2, ""value"": 0.0}]"
VPG,4,CashFlow_Indirect,Quarter,212,Lưu chuyển tiền thuần từ hoạt động đầu tư,2,True,2,,"[{""period"": ""Q1 2019"", ""year"": 2019, ""quarter"": 1, ""value"": 369221739012.0}, {""period"": ""Q2 2019"", ""year"": 2019, ""quarter"": 2, ""value"": 112052557725.0}, {""period"": ""Q3 2019"", ""year"": 2019, ""quarter"": 3, ""value"": 57186753526.0}, {""period"": ""Q4 2019"", ""year"": 2019, ""quarter"": 4, ""value"": -56354997742.0}, {""period"": ""Q1 2020"", ""year"": 2020, ""quarter"": 1, ""value"": 78744434517.0}, {""period"": ""Q2 2020"", ""year"": 2020, ""quarter"": 2, ""value"": 19660182339.0}, {""period"": ""Q3 2020"", ""year"": 2020, ""quarter"": 3, ""value"": 4787371329.0}, {""period"": ""Q4 2020"", ""year"": 2020, ""quarter"": 4, ""value"": 54805058108.0}, {""period"": ""Q1 2021"", ""year"": 2021, ""quarter"": 1, ""value"": 24100000251.0}, {""period"": ""Q2 2021"", ""year"": 2021, ""quarter"": 2, ""value"": -10322037862.0}, {""period"": ""Q3 2021"", ""year"": 2021, ""quarter"": 3, ""value"": 7697354067.0}, {""period"": ""Q4 2021"", ""year"": 2021, ""quarter"": 4, ""value"": -40653250201.0}, {""period"": ""Q1 2022"", ""year"": 2022, ""quarter"": 1, ""value"": -51525928152.0}, {""period"": ""Q2 2022"", ""year"": 2022, ""quarter"": 2, ""value"": -447948643110.0}, {""period"": ""Q3 2022"", ""year"": 2022, ""quarter"": 3, ""value"": 4097811546.0}, {""period"": ""Q4 2022"", ""year"": 2022, ""quarter"": 4, ""value"": 71527854534.0}, {""period"": ""Q1 2023"", ""year"": 2023, ""quarter"": 1, ""value"": 7568178841.0}, {""period"": ""Q2 2023"", ""year"": 2023, ""quarter"": 2, ""value"": 12660812827.0}, {""period"": ""Q3 2023"", ""year"": 2023, ""quarter"": 3, ""value"": -462298705.0}, {""period"": ""Q4 2023"", ""year"": 2023, ""quarter"": 4, ""value"": -6085442323.0}, {""period"": ""Q1 2024"", ""year"": 2024, ""quarter"": 1, ""value"": -19430134033.0}, {""period"": ""Q2 2024"", ""year"": 2024, ""quarter"": 2, ""value"": 1603571461.0}, {""period"": ""Q3 2024"", ""year"": 2024, ""quarter"": 3, ""value"": 1782759748.0}, {""period"": ""Q4 2024"", ""year"": 2024, ""quarter"": 4, ""value"": 3325231566.0}, {""period"": ""Q1 2025"", ""year"": 2025, ""quarter"": 1, ""value"": -11413722566.0}, {""period"": ""Q2 2025"", ""year"": 2025, ""quarter"": 2, ""value"": 779573968.0}, {""period"": ""Q3 2025"", ""year"": 2025, ""quarter"": 3, ""value"": -13523504932.0}, {""period"": ""Q4 2025"", ""year"": 2025, ""quarter"": 4, ""value"": 59098577190.0}, {""period"": ""Q1 2026"", ""year"": 2026, ""quarter"": 1, ""value"": 1397036151.0}, {""period"": ""Q2 2026"", ""year"": 2026, ""quarter"": 2, ""value"": 227358497.0}]"
VPG,4,CashFlow_Indirect,Quarter,3,III. Lưu chuyển tiền từ hoạt động tài chính,-1,True,1,,"[{""period"": ""Q1 2019"", ""year"": 2019, ""quarter"": 1, ""value"": null}, {""period"": ""Q2 2019"", ""year"": 2019, ""quarter"": 2, ""value"": null}, {""period"": ""Q3 2019"", ""year"": 2019, ""quarter"": 3, ""value"": null}, {""period"": ""Q4 2019"", ""year"": 2019, ""quarter"": 4, ""value"": null}, {""period"": ""Q1 2020"", ""year"": 2020, ""quarter"": 1, ""value"": null}, {""period"": ""Q2 2020"", ""year"": 2020, ""quarter"": 2, ""value"": null}, {""period"": ""Q3 2020"", ""year"": 2020, ""quarter"": 3, ""value"": null}, {""period"": ""Q4 2020"", ""year"": 2020, ""quarter"": 4, ""value"": null}, {""period"": ""Q1 2021"", ""year"": 2021, ""quarter"": 1, ""value"": null}, {""period"": ""Q2 2021"", ""year"": 2021, ""quarter"": 2, ""value"": null}, {""period"": ""Q3 2021"", ""year"": 2021, ""quarter"": 3, ""value"": null}, {""period"": ""Q4 2021"", ""year"": 2021, ""quarter"": 4, ""value"": null}, {""period"": ""Q1 2022"", ""year"": 2022, ""quarter"": 1, ""value"": null}, {""period"": ""Q2 2022"", ""year"": 2022, ""quarter"": 2, ""value"": null}, {""period"": ""Q3 2022"", ""year"": 2022, ""quarter"": 3, ""value"": null}, {""period"": ""Q4 2022"", ""year"": 2022, ""quarter"": 4, ""value"": null}, {""period"": ""Q1 2023"", ""year"": 2023, ""quarter"": 1, ""value"": null}, {""period"": ""Q2 2023"", ""year"": 2023, ""quarter"": 2, ""value"": null}, {""period"": ""Q3 2023"", ""year"": 2023, ""quarter"": 3, ""value"": null}, {""period"": ""Q4 2023"", ""year"": 2023, ""quarter"": 4, ""value"": null}, {""period"": ""Q1 2024"", ""year"": 2024, ""quarter"": 1, ""value"": null}, {""period"": ""Q2 2024"", ""year"": 2024, ""quarter"": 2, ""value"": null}, {""period"": ""Q3 2024"", ""year"": 2024, ""quarter"": 3, ""value"": null}, {""period"": ""Q4 2024"", ""year"": 2024, ""quarter"": 4, ""value"": null}, {""period"": ""Q1 2025"", ""year"": 2025, ""quarter"": 1, ""value"": null}, {""period"": ""Q2 2025"", ""year"": 2025, ""quarter"": 2, ""value"": null}, {""period"": ""Q3 2025"", ""year"": 2025, ""quarter"": 3, ""value"": null}, {""period"": ""Q4 2025"", ""year"": 2025, ""quarter"": 4, ""value"": null}, {""period"": ""Q1 2026"", ""year"": 2026, ""quarter"": 1, ""value"": null}, {""period"": ""Q2 2026"", ""year"": 2026, ""quarter"": 2, ""value"": null}]"
VPG,4,CashFlow_Indirect,Quarter,301,"1. Tiền thu từ phát hành cổ phiếu, nhận vốn góp của chủ sở hữu",3,True,2,,"[{""period"": ""Q1 2019"", ""year"": 2019, ""quarter"": 1, ""value"": 0.0}, {""period"": ""Q2 2019"", ""year"": 2019, ""quarter"": 2, ""value"": 0.0}, {""period"": ""Q3 2019"", ""year"": 2019, ""quarter"": 3, ""value"": 0.0}, {""period"": ""Q4 2019"", ""year"": 2019, ""quarter"": 4, ""value"": 0.0}, {""period"": ""Q1 2020"", ""year"": 2020, ""quarter"": 1, ""value"": 0.0}, {""period"": ""Q2 2020"", ""year"": 2020, ""quarter"": 2, ""value"": 85310250000.0}, {""period"": ""Q3 2020"", ""year"": 2020, ""quarter"": 3, ""value"": 0.0}, {""period"": ""Q4 2020"", ""year"": 2020, ""quarter"": 4, ""value"": 0.0}, {""period"": ""Q1 2021"", ""year"": 2021, ""quarter"": 1, ""value"": 0.0}, {""period"": ""Q2 2021"", ""year"": 2021, ""quarter"": 2, ""value"": 0.0}, {""period"": ""Q3 2021"", ""year"": 2021, ""quarter"": 3, ""value"": 0.0}, {""period"": ""Q4 2021"", ""year"": 2021, ""quarter"": 4, ""value"": 0.0}, {""period"": ""Q1 2022"", ""year"": 2022, ""quarter"": 1, ""value"": 535957770000.0}, {""period"": ""Q2 2022"", ""year"": 2022, ""quarter"": 2, ""value"": 0.0}, {""period"": ""Q3 2022"", ""year"": 2022, ""quarter"": 3, ""value"": 0.0}, {""period"": ""Q4 2022"", ""year"": 2022, ""quarter"": 4, ""value"": 0.0}, {""period"": ""Q1 2023"", ""year"": 2023, ""quarter"": 1, ""value"": 0.0}, {""period"": ""Q2 2023"", ""year"": 2023, ""quarter"": 2, ""value"": 0.0}, {""period"": ""Q3 2023"", ""year"": 2023, ""quarter"": 3, ""value"": 0.0}, {""period"": ""Q4 2023"", ""year"": 2023, ""quarter"": 4, ""value"": 0.0}, {""period"": ""Q1 2024"", ""year"": 2024, ""quarter"": 1, ""value"": 0.0}, {""period"": ""Q2 2024"", ""year"": 2024, ""quarter"": 2, ""value"": 0.0}, {""period"": ""Q3 2024"", ""year"": 2024, ""quarter"": 3, ""value"": 0.0}, {""period"": ""Q4 2024"", ""year"": 2024, ""quarter"": 4, ""value"": 0.0}, {""period"": ""Q1 2025"", ""year"": 2025, ""quarter"": 1, ""value"": 0.0}, {""period"": ""Q2 2025"", ""year"": 2025, ""quarter"": 2, ""value"": 0.0}, {""period"": ""Q3 2025"", ""year"": 2025, ""quarter"": 3, ""value"": 0.0}, {""period"": ""Q4 2025"", ""year"": 2025, ""quarter"": 4, ""value"": 0.0}, {""period"": ""Q1 2026"", ""year"": 2026, ""quarter"": 1, ""value"": 0.0}, {""period"": ""Q2 2026"", ""year"": 2026, ""quarter"": 2, ""value"": 0.0}]"
VPG,4,CashFlow_Indirect,Quarter,302,"2. Tiền chi trả vốn góp cho các chủ sở hữu, mua lại cổ phiếu của doanh nghiệp đã phát hành",3,True,2,,"[{""period"": ""Q1 2019"", ""year"": 2019, ""quarter"": 1, ""value"": 0.0}, {""period"": ""Q2 2019"", ""year"": 2019, ""quarter"": 2, ""value"": 0.0}, {""period"": ""Q3 2019"", ""year"": 2019, ""quarter"": 3, ""value"": 0.0}, {""period"": ""Q4 2019"", ""year"": 2019, ""quarter"": 4, ""value"": 0.0}, {""period"": ""Q1 2020"", ""year"": 2020, ""quarter"": 1, ""value"": 0.0}, {""period"": ""Q2 2020"", ""year"": 2020, ""quarter"": 2, ""value"": 0.0}, {""period"": ""Q3 2020"", ""year"": 2020, ""quarter"": 3, ""value"": 0.0}, {""period"": ""Q4 2020"", ""year"": 2020, ""quarter"": 4, ""value"": 0.0}, {""period"": ""Q1 2021"", ""year"": 2021, ""quarter"": 1, ""value"": 0.0}, {""period"": ""Q2 2021"", ""year"": 2021, ""quarter"": 2, ""value"": 0.0}, {""period"": ""Q3 2021"", ""year"": 2021, ""quarter"": 3, ""value"": 0.0}, {""period"": ""Q4 2021"", ""year"": 2021, ""quarter"": 4, ""value"": 0.0}, {""period"": ""Q1 2022"", ""year"": 2022, ""quarter"": 1, ""value"": 0.0}, {""period"": ""Q2 2022"", ""year"": 2022, ""quarter"": 2, ""value"": 0.0}, {""period"": ""Q3 2022"", ""year"": 2022, ""quarter"": 3, ""value"": 0.0}, {""period"": ""Q4 2022"", ""year"": 2022, ""quarter"": 4, ""value"": 0.0}, {""period"": ""Q1 2023"", ""year"": 2023, ""quarter"": 1, ""value"": 0.0}, {""period"": ""Q2 2023"", ""year"": 2023, ""quarter"": 2, ""value"": 0.0}, {""period"": ""Q3 2023"", ""year"": 2023, ""quarter"": 3, ""value"": 0.0}, {""period"": ""Q4 2023"", ""year"": 2023, ""quarter"": 4, ""value"": 0.0}, {""period"": ""Q1 2024"", ""year"": 2024, ""quarter"": 1, ""value"": 0.0}, {""period"": ""Q2 2024"", ""year"": 2024, ""quarter"": 2, ""value"": 0.0}, {""period"": ""Q3 2024"", ""year"": 2024, ""quarter"": 3, ""value"": 0.0}, {""period"": ""Q4 2024"", ""year"": 2024, ""quarter"": 4, ""value"": 0.0}, {""period"": ""Q1 2025"", ""year"": 2025, ""quarter"": 1, ""value"": 0.0}, {""period"": ""Q2 2025"", ""year"": 2025, ""quarter"": 2, ""value"": 0.0}, {""period"": ""Q3 2025"", ""year"": 2025, ""quarter"": 3, ""value"": 0.0}, {""period"": ""Q4 2025"", ""year"": 2025, ""quarter"": 4, ""value"": 0.0}, {""period"": ""Q1 2026"", ""year"": 2026, ""quarter"": 1, ""value"": 0.0}, {""period"": ""Q2 2026"", ""year"": 2026, ""quarter"": 2, ""value"": 0.0}]"
VPG,4,CashFlow_Indirect,Quarter,303,"3. Tiền vay ngắn hạn, dài hạn nhận được",3,True,2,,"[{""period"": ""Q1 2019"", ""year"": 2019, ""quarter"": 1, ""value"": 524309537631.0}, {""period"": ""Q2 2019"", ""year"": 2019, ""quarter"": 2, ""value"": 500690478073.0}, {""period"": ""Q3 2019"", ""year"": 2019, ""quarter"": 3, ""value"": 294300540329.0}, {""period"": ""Q4 2019"", ""year"": 2019, ""quarter"": 4, ""value"": 444192363431.0}, {""period"": ""Q1 2020"", ""year"": 2020, ""quarter"": 1, ""value"": 216434838111.0}, {""period"": ""Q2 2020"", ""year"": 2020, ""quarter"": 2, ""value"": 223831724525.0}, {""period"": ""Q3 2020"", ""year"": 2020, ""quarter"": 3, ""value"": 191956404179.0}, {""period"": ""Q4 2020"", ""year"": 2020, ""quarter"": 4, ""value"": 275227971116.0}, {""period"": ""Q1 2021"", ""year"": 2021, ""quarter"": 1, ""value"": 443388206373.0}, {""period"": ""Q2 2021"", ""year"": 2021, ""quarter"": 2, ""value"": 297697135241.0}, {""period"": ""Q3 2021"", ""year"": 2021, ""quarter"": 3, ""value"": 434105424237.0}, {""period"": ""Q4 2021"", ""year"": 2021, ""quarter"": 4, ""value"": 347568243616.0}, {""period"": ""Q1 2022"", ""year"": 2022, ""quarter"": 1, ""value"": 241902509320.0}, {""period"": ""Q2 2022"", ""year"": 2022, ""quarter"": 2, ""value"": 707965277144.0}, {""period"": ""Q3 2022"", ""year"": 2022, ""quarter"": 3, ""value"": 685638347509.0}, {""period"": ""Q4 2022"", ""year"": 2022, ""quarter"": 4, ""value"": 1054325892248.0}, {""period"": ""Q1 2023"", ""year"": 2023, ""quarter"": 1, ""value"": 771246575702.0}, {""period"": ""Q2 2023"", ""year"": 2023, ""quarter"": 2, ""value"": 593851591706.0}, {""period"": ""Q3 2023"", ""year"": 2023, ""quarter"": 3, ""value"": 1046455194012.0}, {""period"": ""Q4 2023"", ""year"": 2023, ""quarter"": 4, ""value"": 932795032009.0}, {""period"": ""Q1 2024"", ""year"": 2024, ""quarter"": 1, ""value"": 1140388879795.0}, {""period"": ""Q2 2024"", ""year"": 2024, ""quarter"": 2, ""value"": 1573992847820.0}, {""period"": ""Q3 2024"", ""year"": 2024, ""quarter"": 3, ""value"": 2183789102990.0}, {""period"": ""Q4 2024"", ""year"": 2024, ""quarter"": 4, ""value"": 9970597312577.0}, {""period"": ""Q1 2025"", ""year"": 2025, ""quarter"": 1, ""value"": 3738303190211.0}, {""period"": ""Q2 2025"", ""year"": 2025, ""quarter"": 2, ""value"": 4890679524136.0}, {""period"": ""Q3 2025"", ""year"": 2025, ""quarter"": 3, ""value"": 1211845035107.0}, {""period"": ""Q4 2025"", ""year"": 2025, ""quarter"": 4, ""value"": 72540828353.0}, {""period"": ""Q1 2026"", ""year"": 2026, ""quarter"": 1, ""value"": 0.0}, {""period"": ""Q2 2026"", ""year"": 2026, ""quarter"": 2, ""value"": 0.0}]"
VPG,4,CashFlow_Indirect,Quarter,304,4. Tiền chi trả nợ gốc vay,3,True,2,,"[{""period"": ""Q1 2019"", ""year"": 2019, ""quarter"": 1, ""value"": -637385430278.0}, {""period"": ""Q2 2019"", ""year"": 2019, ""quarter"": 2, ""value"": -496359870270.0}, {""period"": ""Q3 2019"", ""year"": 2019, ""quarter"": 3, ""value"": -369514424070.0}, {""period"": ""Q4 2019"", ""year"": 2019, ""quarter"": 4, ""value"": -469284577177.0}, {""period"": ""Q1 2020"", ""year"": 2020, ""quarter"": 1, ""value"": -235046555986.0}, {""period"": ""Q2 2020"", ""year"": 2020, ""quarter"": 2, ""value"": -205164559036.0}, {""period"": ""Q3 2020"", ""year"": 2020, ""quarter"": 3, ""value"": -311864402115.0}, {""period"": ""Q4 2020"", ""year"": 2020, ""quarter"": 4, ""value"": -349634114640.0}, {""period"": ""Q1 2021"", ""year"": 2021, ""quarter"": 1, ""value"": -353970508002.0}, {""period"": ""Q2 2021"", ""year"": 2021, ""quarter"": 2, ""value"": -317667917116.0}, {""period"": ""Q3 2021"", ""year"": 2021, ""quarter"": 3, ""value"": -327500036028.0}, {""period"": ""Q4 2021"", ""year"": 2021, ""quarter"": 4, ""value"": -259137829762.0}, {""period"": ""Q1 2022"", ""year"": 2022, ""quarter"": 1, ""value"": -202060435991.0}, {""period"": ""Q2 2022"", ""year"": 2022, ""quarter"": 2, ""value"": -415604708200.0}, {""period"": ""Q3 2022"", ""year"": 2022, ""quarter"": 3, ""value"": -389771414889.0}, {""period"": ""Q4 2022"", ""year"": 2022, ""quarter"": 4, ""value"": -513714811209.0}, {""period"": ""Q1 2023"", ""year"": 2023, ""quarter"": 1, ""value"": -686560323373.0}, {""period"": ""Q2 2023"", ""year"": 2023, ""quarter"": 2, ""value"": -922557339618.0}, {""period"": ""Q3 2023"", ""year"": 2023, ""quarter"": 3, ""value"": -805144403480.0}, {""period"": ""Q4 2023"", ""year"": 2023, ""quarter"": 4, ""value"": -505036726107.0}, {""period"": ""Q1 2024"", ""year"": 2024, ""quarter"": 1, ""value"": -1227438901097.0}, {""period"": ""Q2 2024"", ""year"": 2024, ""quarter"": 2, ""value"": -1379766814651.0}, {""period"": ""Q3 2024"", ""year"": 2024, ""quarter"": 3, ""value"": -2545470104769.0}, {""period"": ""Q4 2024"", ""year"": 2024, ""quarter"": 4, ""value"": -9544074845654.0}, {""period"": ""Q1 2025"", ""year"": 2025, ""quarter"": 1, ""value"": -3856670956498.0}, {""period"": ""Q2 2025"", ""year"": 2025, ""quarter"": 2, ""value"": -4687348285889.0}, {""period"": ""Q3 2025"", ""year"": 2025, ""quarter"": 3, ""value"": -3357422424155.0}, {""period"": ""Q4 2025"", ""year"": 2025, ""quarter"": 4, ""value"": -805068805955.0}, {""period"": ""Q1 2026"", ""year"": 2026, ""quarter"": 1, ""value"": -920375246138.0}, {""period"": ""Q2 2026"", ""year"": 2026, ""quarter"": 2, ""value"": -293374080.0}]"
VPG,4,CashFlow_Indirect,Quarter,305,5. Tiền chi trả nợ thuê tài chính,3,True,2,,"[{""period"": ""Q1 2019"", ""year"": 2019, ""quarter"": 1, ""value"": 0.0}, {""period"": ""Q2 2019"", ""year"": 2019, ""quarter"": 2, ""value"": 0.0}, {""period"": ""Q3 2019"", ""year"": 2019, ""quarter"": 3, ""value"": 0.0}, {""period"": ""Q4 2019"", ""year"": 2019, ""quarter"": 4, ""value"": 0.0}, {""period"": ""Q1 2020"", ""year"": 2020, ""quarter"": 1, ""value"": 0.0}, {""period"": ""Q2 2020"", ""year"": 2020, ""quarter"": 2, ""value"": 0.0}, {""period"": ""Q3 2020"", ""year"": 2020, ""quarter"": 3, ""value"": 0.0}, {""period"": ""Q4 2020"", ""year"": 2020, ""quarter"": 4, ""value"": 0.0}, {""period"": ""Q1 2021"", ""year"": 2021, ""quarter"": 1, ""value"": 0.0}, {""period"": ""Q2 2021"", ""year"": 2021, ""quarter"": 2, ""value"": 0.0}, {""period"": ""Q3 2021"", ""year"": 2021, ""quarter"": 3, ""value"": 0.0}, {""period"": ""Q4 2021"", ""year"": 2021, ""quarter"": 4, ""value"": 0.0}, {""period"": ""Q1 2022"", ""year"": 2022, ""quarter"": 1, ""value"": 0.0}, {""period"": ""Q2 2022"", ""year"": 2022, ""quarter"": 2, ""value"": 0.0}, {""period"": ""Q3 2022"", ""year"": 2022, ""quarter"": 3, ""value"": 0.0}, {""period"": ""Q4 2022"", ""year"": 2022, ""quarter"": 4, ""value"": 0.0}, {""period"": ""Q1 2023"", ""year"": 2023, ""quarter"": 1, ""value"": 0.0}, {""period"": ""Q2 2023"", ""year"": 2023, ""quarter"": 2, ""value"": 0.0}, {""period"": ""Q3 2023"", ""year"": 2023, ""quarter"": 3, ""value"": 0.0}, {""period"": ""Q4 2023"", ""year"": 2023, ""quarter"": 4, ""value"": 0.0}, {""period"": ""Q1 2024"", ""year"": 2024, ""quarter"": 1, ""value"": 0.0}, {""period"": ""Q2 2024"", ""year"": 2024, ""quarter"": 2, ""value"": 0.0}, {""period"": ""Q3 2024"", ""year"": 2024, ""quarter"": 3, ""value"": 0.0}, {""period"": ""Q4 2024"", ""year"": 2024, ""quarter"": 4, ""value"": 0.0}, {""period"": ""Q1 2025"", ""year"": 2025, ""quarter"": 1, ""value"": 0.0}, {""period"": ""Q2 2025"", ""year"": 2025, ""quarter"": 2, ""value"": 0.0}, {""period"": ""Q3 2025"", ""year"": 2025, ""quarter"": 3, ""value"": 0.0}, {""period"": ""Q4 2025"", ""year"": 2025, ""quarter"": 4, ""value"": 0.0}, {""period"": ""Q1 2026"", ""year"": 2026, ""quarter"": 1, ""value"": 0.0}, {""period"": ""Q2 2026"", ""year"": 2026, ""quarter"": 2, ""value"": 0.0}]"
VPG,4,CashFlow_Indirect,Quarter,306,6. Tiền chi khác từ hoạt động tài chính,3,True,2,,"[{""period"": ""Q1 2019"", ""year"": 2019, ""quarter"": 1, ""value"": 0.0}, {""period"": ""Q2 2019"", ""year"": 2019, ""quarter"": 2, ""value"": 0.0}, {""period"": ""Q3 2019"", ""year"": 2019, ""quarter"": 3, ""value"": 0.0}, {""period"": ""Q4 2019"", ""year"": 2019, ""quarter"": 4, ""value"": 0.0}, {""period"": ""Q1 2020"", ""year"": 2020, ""quarter"": 1, ""value"": 0.0}, {""period"": ""Q2 2020"", ""year"": 2020, ""quarter"": 2, ""value"": 0.0}, {""period"": ""Q3 2020"", ""year"": 2020, ""quarter"": 3, ""value"": 0.0}, {""period"": ""Q4 2020"", ""year"": 2020, ""quarter"": 4, ""value"": 0.0}, {""period"": ""Q1 2021"", ""year"": 2021, ""quarter"": 1, ""value"": 0.0}, {""period"": ""Q2 2021"", ""year"": 2021, ""quarter"": 2, ""value"": 0.0}, {""period"": ""Q3 2021"", ""year"": 2021, ""quarter"": 3, ""value"": 0.0}, {""period"": ""Q4 2021"", ""year"": 2021, ""quarter"": 4, ""value"": 0.0}, {""period"": ""Q1 2022"", ""year"": 2022, ""quarter"": 1, ""value"": 0.0}, {""period"": ""Q2 2022"", ""year"": 2022, ""quarter"": 2, ""value"": 0.0}, {""period"": ""Q3 2022"", ""year"": 2022, ""quarter"": 3, ""value"": 0.0}, {""period"": ""Q4 2022"", ""year"": 2022, ""quarter"": 4, ""value"": 0.0}, {""period"": ""Q1 2023"", ""year"": 2023, ""quarter"": 1, ""value"": 0.0}, {""period"": ""Q2 2023"", ""year"": 2023, ""quarter"": 2, ""value"": 0.0}, {""period"": ""Q3 2023"", ""year"": 2023, ""quarter"": 3, ""value"": 0.0}, {""period"": ""Q4 2023"", ""year"": 2023, ""quarter"": 4, ""value"": 0.0}, {""period"": ""Q1 2024"", ""year"": 2024, ""quarter"": 1, ""value"": 0.0}, {""period"": ""Q2 2024"", ""year"": 2024, ""quarter"": 2, ""value"": 0.0}, {""period"": ""Q3 2024"", ""year"": 2024, ""quarter"": 3, ""value"": 0.0}, {""period"": ""Q4 2024"", ""year"": 2024, ""quarter"": 4, ""value"": 0.0}, {""period"": ""Q1 2025"", ""year"": 2025, ""quarter"": 1, ""value"": 0.0}, {""period"": ""Q2 2025"", ""year"": 2025, ""quarter"": 2, ""value"": 0.0}, {""period"": ""Q3 2025"", ""year"": 2025, ""quarter"": 3, ""value"": 0.0}, {""period"": ""Q4 2025"", ""year"": 2025, ""quarter"": 4, ""value"": 0.0}, {""period"": ""Q1 2026"", ""year"": 2026, ""quarter"": 1, ""value"": 0.0}, {""period"": ""Q2 2026"", ""year"": 2026, ""quarter"": 2, ""value"": 0.0}]"
VPG,4,CashFlow_Indirect,Quarter,307,7. Tiền chi trả từ cổ phần hóa,3,True,2,,"[{""period"": ""Q1 2019"", ""year"": 2019, ""quarter"": 1, ""value"": 0.0}, {""period"": ""Q2 2019"", ""year"": 2019, ""quarter"": 2, ""value"": 0.0}, {""period"": ""Q3 2019"", ""year"": 2019, ""quarter"": 3, ""value"": 0.0}, {""period"": ""Q4 2019"", ""year"": 2019, ""quarter"": 4, ""value"": 0.0}, {""period"": ""Q1 2020"", ""year"": 2020, ""quarter"": 1, ""value"": 0.0}, {""period"": ""Q2 2020"", ""year"": 2020, ""quarter"": 2, ""value"": 0.0}, {""period"": ""Q3 2020"", ""year"": 2020, ""quarter"": 3, ""value"": 0.0}, {""period"": ""Q4 2020"", ""year"": 2020, ""quarter"": 4, ""value"": 0.0}, {""period"": ""Q1 2021"", ""year"": 2021, ""quarter"": 1, ""value"": 0.0}, {""period"": ""Q2 2021"", ""year"": 2021, ""quarter"": 2, ""value"": 0.0}, {""period"": ""Q3 2021"", ""year"": 2021, ""quarter"": 3, ""value"": 0.0}, {""period"": ""Q4 2021"", ""year"": 2021, ""quarter"": 4, ""value"": 0.0}, {""period"": ""Q1 2022"", ""year"": 2022, ""quarter"": 1, ""value"": 0.0}, {""period"": ""Q2 2022"", ""year"": 2022, ""quarter"": 2, ""value"": 0.0}, {""period"": ""Q3 2022"", ""year"": 2022, ""quarter"": 3, ""value"": 0.0}, {""period"": ""Q4 2022"", ""year"": 2022, ""quarter"": 4, ""value"": 0.0}, {""period"": ""Q1 2023"", ""year"": 2023, ""quarter"": 1, ""value"": 0.0}, {""period"": ""Q2 2023"", ""year"": 2023, ""quarter"": 2, ""value"": 0.0}, {""period"": ""Q3 2023"", ""year"": 2023, ""quarter"": 3, ""value"": 0.0}, {""period"": ""Q4 2023"", ""year"": 2023, ""quarter"": 4, ""value"": 0.0}, {""period"": ""Q1 2024"", ""year"": 2024, ""quarter"": 1, ""value"": 0.0}, {""period"": ""Q2 2024"", ""year"": 2024, ""quarter"": 2, ""value"": 0.0}, {""period"": ""Q3 2024"", ""year"": 2024, ""quarter"": 3, ""value"": 0.0}, {""period"": ""Q4 2024"", ""year"": 2024, ""quarter"": 4, ""value"": 0.0}, {""period"": ""Q1 2025"", ""year"": 2025, ""quarter"": 1, ""value"": 0.0}, {""period"": ""Q2 2025"", ""year"": 2025, ""quarter"": 2, ""value"": 0.0}, {""period"": ""Q3 2025"", ""year"": 2025, ""quarter"": 3, ""value"": 0.0}, {""period"": ""Q4 2025"", ""year"": 2025, ""quarter"": 4, ""value"": 0.0}, {""period"": ""Q1 2026"", ""year"": 2026, ""quarter"": 1, ""value"": 0.0}, {""period"": ""Q2 2026"", ""year"": 2026, ""quarter"": 2, ""value"": 0.0}]"
VPG,4,CashFlow_Indirect,Quarter,308,"8. Cổ tức, lợi nhuận đã trả cho chủ sở hữu",3,True,2,,"[{""period"": ""Q1 2019"", ""year"": 2019, ""quarter"": 1, ""value"": 0.0}, {""period"": ""Q2 2019"", ""year"": 2019, ""quarter"": 2, ""value"": 0.0}, {""period"": ""Q3 2019"", ""year"": 2019, ""quarter"": 3, ""value"": 0.0}, {""period"": ""Q4 2019"", ""year"": 2019, ""quarter"": 4, ""value"": 0.0}, {""period"": ""Q1 2020"", ""year"": 2020, ""quarter"": 1, ""value"": 0.0}, {""period"": ""Q2 2020"", ""year"": 2020, ""quarter"": 2, ""value"": 0.0}, {""period"": ""Q3 2020"", ""year"": 2020, ""quarter"": 3, ""value"": 0.0}, {""period"": ""Q4 2020"", ""year"": 2020, ""quarter"": 4, ""value"": 0.0}, {""period"": ""Q1 2021"", ""year"": 2021, ""quarter"": 1, ""value"": 0.0}, {""period"": ""Q2 2021"", ""year"": 2021, ""quarter"": 2, ""value"": 0.0}, {""period"": ""Q3 2021"", ""year"": 2021, ""quarter"": 3, ""value"": -17732025175.0}, {""period"": ""Q4 2021"", ""year"": 2021, ""quarter"": 4, ""value"": -6752195325.0}, {""period"": ""Q1 2022"", ""year"": 2022, ""quarter"": 1, ""value"": 0.0}, {""period"": ""Q2 2022"", ""year"": 2022, ""quarter"": 2, ""value"": 0.0}, {""period"": ""Q3 2022"", ""year"": 2022, ""quarter"": 3, ""value"": -31545181025.0}, {""period"": ""Q4 2022"", ""year"": 2022, ""quarter"": 4, ""value"": -1615686975.0}, {""period"": ""Q1 2023"", ""year"": 2023, ""quarter"": 1, ""value"": 0.0}, {""period"": ""Q2 2023"", ""year"": 2023, ""quarter"": 2, ""value"": 0.0}, {""period"": ""Q3 2023"", ""year"": 2023, ""quarter"": 3, ""value"": -3316086800.0}, {""period"": ""Q4 2023"", ""year"": 2023, ""quarter"": 4, ""value"": 0.0}, {""period"": ""Q1 2024"", ""year"": 2024, ""quarter"": 1, ""value"": 0.0}, {""period"": ""Q2 2024"", ""year"": 2024, ""quarter"": 2, ""value"": 0.0}, {""period"": ""Q3 2024"", ""year"": 2024, ""quarter"": 3, ""value"": 0.0}, {""period"": ""Q4 2024"", ""year"": 2024, ""quarter"": 4, ""value"": 0.0}, {""period"": ""Q1 2025"", ""year"": 2025, ""quarter"": 1, ""value"": 0.0}, {""period"": ""Q2 2025"", ""year"": 2025, ""quarter"": 2, ""value"": 0.0}, {""period"": ""Q3 2025"", ""year"": 2025, ""quarter"": 3, ""value"": 0.0}, {""period"": ""Q4 2025"", ""year"": 2025, ""quarter"": 4, ""value"": 0.0}, {""period"": ""Q1 2026"", ""year"": 2026, ""quarter"": 1, ""value"": 0.0}, {""period"": ""Q2 2026"", ""year"": 2026, ""quarter"": 2, ""value"": 0.0}]"
VPG,4,CashFlow_Indirect,Quarter,309,9. Vốn góp của các cổ đông thiểu số vào các công ty con,3,True,2,,"[{""period"": ""Q1 2019"", ""year"": 2019, ""quarter"": 1, ""value"": 0.0}, {""period"": ""Q2 2019"", ""year"": 2019, ""quarter"": 2, ""value"": 0.0}, {""period"": ""Q3 2019"", ""year"": 2019, ""quarter"": 3, ""value"": 0.0}, {""period"": ""Q4 2019"", ""year"": 2019, ""quarter"": 4, ""value"": 0.0}, {""period"": ""Q1 2020"", ""year"": 2020, ""quarter"": 1, ""value"": 0.0}, {""period"": ""Q2 2020"", ""year"": 2020, ""quarter"": 2, ""value"": 0.0}, {""period"": ""Q3 2020"", ""year"": 2020, ""quarter"": 3, ""value"": 0.0}, {""period"": ""Q4 2020"", ""year"": 2020, ""quarter"": 4, ""value"": 0.0}, {""period"": ""Q1 2021"", ""year"": 2021, ""quarter"": 1, ""value"": 0.0}, {""period"": ""Q2 2021"", ""year"": 2021, ""quarter"": 2, ""value"": 0.0}, {""period"": ""Q3 2021"", ""year"": 2021, ""quarter"": 3, ""value"": 0.0}, {""period"": ""Q4 2021"", ""year"": 2021, ""quarter"": 4, ""value"": 0.0}, {""period"": ""Q1 2022"", ""year"": 2022, ""quarter"": 1, ""value"": 0.0}, {""period"": ""Q2 2022"", ""year"": 2022, ""quarter"": 2, ""value"": 0.0}, {""period"": ""Q3 2022"", ""year"": 2022, ""quarter"": 3, ""value"": 0.0}, {""period"": ""Q4 2022"", ""year"": 2022, ""quarter"": 4, ""value"": 0.0}, {""period"": ""Q1 2023"", ""year"": 2023, ""quarter"": 1, ""value"": 0.0}, {""period"": ""Q2 2023"", ""year"": 2023, ""quarter"": 2, ""value"": 0.0}, {""period"": ""Q3 2023"", ""year"": 2023, ""quarter"": 3, ""value"": 0.0}, {""period"": ""Q4 2023"", ""year"": 2023, ""quarter"": 4, ""value"": 0.0}, {""period"": ""Q1 2024"", ""year"": 2024, ""quarter"": 1, ""value"": 0.0}, {""period"": ""Q2 2024"", ""year"": 2024, ""quarter"": 2, ""value"": 0.0}, {""period"": ""Q3 2024"", ""year"": 2024, ""quarter"": 3, ""value"": 0.0}, {""period"": ""Q4 2024"", ""year"": 2024, ""quarter"": 4, ""value"": 0.0}, {""period"": ""Q1 2025"", ""year"": 2025, ""quarter"": 1, ""value"": 0.0}, {""period"": ""Q2 2025"", ""year"": 2025, ""quarter"": 2, ""value"": 0.0}, {""period"": ""Q3 2025"", ""year"": 2025, ""quarter"": 3, ""value"": 0.0}, {""period"": ""Q4 2025"", ""year"": 2025, ""quarter"": 4, ""value"": 0.0}, {""period"": ""Q1 2026"", ""year"": 2026, ""quarter"": 1, ""value"": 0.0}, {""period"": ""Q2 2026"", ""year"": 2026, ""quarter"": 2, ""value"": 0.0}]"
VPG,4,CashFlow_Indirect,Quarter,310,10. Chi tiêu quỹ phúc lợi xã hội,3,True,2,,"[{""period"": ""Q1 2019"", ""year"": 2019, ""quarter"": 1, ""value"": 0.0}, {""period"": ""Q2 2019"", ""year"": 2019, ""quarter"": 2, ""value"": 0.0}, {""period"": ""Q3 2019"", ""year"": 2019, ""quarter"": 3, ""value"": 0.0}, {""period"": ""Q4 2019"", ""year"": 2019, ""quarter"": 4, ""value"": 0.0}, {""period"": ""Q1 2020"", ""year"": 2020, ""quarter"": 1, ""value"": 0.0}, {""period"": ""Q2 2020"", ""year"": 2020, ""quarter"": 2, ""value"": 0.0}, {""period"": ""Q3 2020"", ""year"": 2020, ""quarter"": 3, ""value"": 0.0}, {""period"": ""Q4 2020"", ""year"": 2020, ""quarter"": 4, ""value"": 0.0}, {""period"": ""Q1 2021"", ""year"": 2021, ""quarter"": 1, ""value"": 0.0}, {""period"": ""Q2 2021"", ""year"": 2021, ""quarter"": 2, ""value"": 0.0}, {""period"": ""Q3 2021"", ""year"": 2021, ""quarter"": 3, ""value"": 0.0}, {""period"": ""Q4 2021"", ""year"": 2021, ""quarter"": 4, ""value"": 0.0}, {""period"": ""Q1 2022"", ""year"": 2022, ""quarter"": 1, ""value"": 0.0}, {""period"": ""Q2 2022"", ""year"": 2022, ""quarter"": 2, ""value"": 0.0}, {""period"": ""Q3 2022"", ""year"": 2022, ""quarter"": 3, ""value"": 0.0}, {""period"": ""Q4 2022"", ""year"": 2022, ""quarter"": 4, ""value"": 0.0}, {""period"": ""Q1 2023"", ""year"": 2023, ""quarter"": 1, ""value"": 0.0}, {""period"": ""Q2 2023"", ""year"": 2023, ""quarter"": 2, ""value"": 0.0}, {""period"": ""Q3 2023"", ""year"": 2023, ""quarter"": 3, ""value"": 0.0}, {""period"": ""Q4 2023"", ""year"": 2023, ""quarter"": 4, ""value"": 0.0}, {""period"": ""Q1 2024"", ""year"": 2024, ""quarter"": 1, ""value"": 0.0}, {""period"": ""Q2 2024"", ""year"": 2024, ""quarter"": 2, ""value"": 0.0}, {""period"": ""Q3 2024"", ""year"": 2024, ""quarter"": 3, ""value"": 0.0}, {""period"": ""Q4 2024"", ""year"": 2024, ""quarter"": 4, ""value"": 0.0}, {""period"": ""Q1 2025"", ""year"": 2025, ""quarter"": 1, ""value"": 0.0}, {""period"": ""Q2 2025"", ""year"": 2025, ""quarter"": 2, ""value"": 0.0}, {""period"": ""Q3 2025"", ""year"": 2025, ""quarter"": 3, ""value"": 0.0}, {""period"": ""Q4 2025"", ""year"": 2025, ""quarter"": 4, ""value"": 0.0}, {""period"": ""Q1 2026"", ""year"": 2026, ""quarter"": 1, ""value"": 0.0}, {""period"": ""Q2 2026"", ""year"": 2026, ""quarter"": 2, ""value"": 0.0}]"
VPG,4,CashFlow_Indirect,Quarter,311,Lưu chuyển tiền thuần từ hoạt động tài chính,3,True,2,,"[{""period"": ""Q1 2019"", ""year"": 2019, ""quarter"": 1, ""value"": -113075892647.0}, {""period"": ""Q2 2019"", ""year"": 2019, ""quarter"": 2, ""value"": 4330607803.0}, {""period"": ""Q3 2019"", ""year"": 2019, ""quarter"": 3, ""value"": -75213883741.0}, {""period"": ""Q4 2019"", ""year"": 2019, ""quarter"": 4, ""value"": -25092213746.0}, {""period"": ""Q1 2020"", ""year"": 2020, ""quarter"": 1, ""value"": -18611717875.0}, {""period"": ""Q2 2020"", ""year"": 2020, ""quarter"": 2, ""value"": 103977415489.0}, {""period"": ""Q3 2020"", ""year"": 2020, ""quarter"": 3, ""value"": -119907997936.0}, {""period"": ""Q4 2020"", ""year"": 2020, ""quarter"": 4, ""value"": -74406143524.0}, {""period"": ""Q1 2021"", ""year"": 2021, ""quarter"": 1, ""value"": 89417698371.0}, {""period"": ""Q2 2021"", ""year"": 2021, ""quarter"": 2, ""value"": -19970781875.0}, {""period"": ""Q3 2021"", ""year"": 2021, ""quarter"": 3, ""value"": 88873363034.0}, {""period"": ""Q4 2021"", ""year"": 2021, ""quarter"": 4, ""value"": 81678218529.0}, {""period"": ""Q1 2022"", ""year"": 2022, ""quarter"": 1, ""value"": 575799843329.0}, {""period"": ""Q2 2022"", ""year"": 2022, ""quarter"": 2, ""value"": 292360568944.0}, {""period"": ""Q3 2022"", ""year"": 2022, ""quarter"": 3, ""value"": 264321751595.0}, {""period"": ""Q4 2022"", ""year"": 2022, ""quarter"": 4, ""value"": 538995394064.0}, {""period"": ""Q1 2023"", ""year"": 2023, ""quarter"": 1, ""value"": 84686252329.0}, {""period"": ""Q2 2023"", ""year"": 2023, ""quarter"": 2, ""value"": -328705747912.0}, {""period"": ""Q3 2023"", ""year"": 2023, ""quarter"": 3, ""value"": 237994703732.0}, {""period"": ""Q4 2023"", ""year"": 2023, ""quarter"": 4, ""value"": 427758305902.0}, {""period"": ""Q1 2024"", ""year"": 2024, ""quarter"": 1, ""value"": -87050021302.0}, {""period"": ""Q2 2024"", ""year"": 2024, ""quarter"": 2, ""value"": 194226033169.0}, {""period"": ""Q3 2024"", ""year"": 2024, ""quarter"": 3, ""value"": -361681001779.0}, {""period"": ""Q4 2024"", ""year"": 2024, ""quarter"": 4, ""value"": 426522466923.0}, {""period"": ""Q1 2025"", ""year"": 2025, ""quarter"": 1, ""value"": -118367766287.0}, {""period"": ""Q2 2025"", ""year"": 2025, ""quarter"": 2, ""value"": 203331238247.0}, {""period"": ""Q3 2025"", ""year"": 2025, ""quarter"": 3, ""value"": -2145577389048.0}, {""period"": ""Q4 2025"", ""year"": 2025, ""quarter"": 4, ""value"": -732527977602.0}, {""period"": ""Q1 2026"", ""year"": 2026, ""quarter"": 1, ""value"": -920375246138.0}, {""period"": ""Q2 2026"", ""year"": 2026, ""quarter"": 2, ""value"": -293374080.0}]"
VPG,4,CashFlow_Indirect,Quarter,4,Lưu chuyển tiền thuần trong kỳ,-1,True,1,,"[{""period"": ""Q1 2019"", ""year"": 2019, ""quarter"": 1, ""value"": -12189415976.0}, {""period"": ""Q2 2019"", ""year"": 2019, ""quarter"": 2, ""value"": 26073483753.0}, {""period"": ""Q3 2019"", ""year"": 2019, ""quarter"": 3, ""value"": -89292663881.0}, {""period"": ""Q4 2019"", ""year"": 2019, ""quarter"": 4, ""value"": 48744161029.0}, {""period"": ""Q1 2020"", ""year"": 2020, ""quarter"": 1, ""value"": 42209044483.0}, {""period"": ""Q2 2020"", ""year"": 2020, ""quarter"": 2, ""value"": -16720086431.0}, {""period"": ""Q3 2020"", ""year"": 2020, ""quarter"": 3, ""value"": -88329292800.0}, {""period"": ""Q4 2020"", ""year"": 2020, ""quarter"": 4, ""value"": 129959052537.0}, {""period"": ""Q1 2021"", ""year"": 2021, ""quarter"": 1, ""value"": 275022628313.0}, {""period"": ""Q2 2021"", ""year"": 2021, ""quarter"": 2, ""value"": 409632465490.0}, {""period"": ""Q3 2021"", ""year"": 2021, ""quarter"": 3, ""value"": -29061528398.0}, {""period"": ""Q4 2021"", ""year"": 2021, ""quarter"": 4, ""value"": -153669210564.0}, {""period"": ""Q1 2022"", ""year"": 2022, ""quarter"": 1, ""value"": 25553602339.0}, {""period"": ""Q2 2022"", ""year"": 2022, ""quarter"": 2, ""value"": 619414101304.0}, {""period"": ""Q3 2022"", ""year"": 2022, ""quarter"": 3, ""value"": -93226053433.0}, {""period"": ""Q4 2022"", ""year"": 2022, ""quarter"": 4, ""value"": 223307001262.0}, {""period"": ""Q1 2023"", ""year"": 2023, ""quarter"": 1, ""value"": -223302458370.0}, {""period"": ""Q2 2023"", ""year"": 2023, ""quarter"": 2, ""value"": -751100421879.0}, {""period"": ""Q3 2023"", ""year"": 2023, ""quarter"": 3, ""value"": 784396670127.0}, {""period"": ""Q4 2023"", ""year"": 2023, ""quarter"": 4, ""value"": 193148214136.0}, {""period"": ""Q1 2024"", ""year"": 2024, ""quarter"": 1, ""value"": -884980250871.0}, {""period"": ""Q2 2024"", ""year"": 2024, ""quarter"": 2, ""value"": -120894940986.0}, {""period"": ""Q3 2024"", ""year"": 2024, ""quarter"": 3, ""value"": 261562691604.0}, {""period"": ""Q4 2024"", ""year"": 2024, ""quarter"": 4, ""value"": 835616561330.0}, {""period"": ""Q1 2025"", ""year"": 2025, ""quarter"": 1, ""value"": -700708294759.0}, {""period"": ""Q2 2025"", ""year"": 2025, ""quarter"": 2, ""value"": -619196438764.0}, {""period"": ""Q3 2025"", ""year"": 2025, ""quarter"": 3, ""value"": 51049146941.0}, {""period"": ""Q4 2025"", ""year"": 2025, ""quarter"": 4, ""value"": -236298146627.0}, {""period"": ""Q1 2026"", ""year"": 2026, ""quarter"": 1, ""value"": -108973716800.0}, {""period"": ""Q2 2026"", ""year"": 2026, ""quarter"": 2, ""value"": -2112080173.0}]"
VPG,4,CashFlow_Indirect,Quarter,5,Tiền và tương đương tiền đầu kỳ,-1,True,1,,"[{""period"": ""Q1 2019"", ""year"": 2019, ""quarter"": 1, ""value"": 205995292235.0}, {""period"": ""Q2 2019"", ""year"": 2019, ""quarter"": 2, ""value"": 193805876259.0}, {""period"": ""Q3 2019"", ""year"": 2019, ""quarter"": 3, ""value"": 219879360012.0}, {""period"": ""Q4 2019"", ""year"": 2019, ""quarter"": 4, ""value"": 130586696131.0}, {""period"": ""Q1 2020"", ""year"": 2020, ""quarter"": 1, ""value"": 179330857160.0}, {""period"": ""Q2 2020"", ""year"": 2020, ""quarter"": 2, ""value"": 221539901643.0}, {""period"": ""Q3 2020"", ""year"": 2020, ""quarter"": 3, ""value"": 204819981346.0}, {""period"": ""Q4 2020"", ""year"": 2020, ""quarter"": 4, ""value"": 116490739753.0}, {""period"": ""Q1 2021"", ""year"": 2021, ""quarter"": 1, ""value"": 246449572871.0}, {""period"": ""Q2 2021"", ""year"": 2021, ""quarter"": 2, ""value"": 521472794757.0}, {""period"": ""Q3 2021"", ""year"": 2021, ""quarter"": 3, ""value"": 931104666674.0}, {""period"": ""Q4 2021"", ""year"": 2021, ""quarter"": 4, ""value"": 902043138276.0}, {""period"": ""Q1 2022"", ""year"": 2022, ""quarter"": 1, ""value"": 748373927712.0}, {""period"": ""Q2 2022"", ""year"": 2022, ""quarter"": 2, ""value"": 773927530051.0}, {""period"": ""Q3 2022"", ""year"": 2022, ""quarter"": 3, ""value"": 1393341631355.0}, {""period"": ""Q4 2022"", ""year"": 2022, ""quarter"": 4, ""value"": 1300115577922.0}, {""period"": ""Q1 2023"", ""year"": 2023, ""quarter"": 1, ""value"": 1529298838140.0}, {""period"": ""Q2 2023"", ""year"": 2023, ""quarter"": 2, ""value"": 1305996379770.0}, {""period"": ""Q3 2023"", ""year"": 2023, ""quarter"": 3, ""value"": 554635902350.0}, {""period"": ""Q4 2023"", ""year"": 2023, ""quarter"": 4, ""value"": 1339032572477.0}, {""period"": ""Q1 2024"", ""year"": 2024, ""quarter"": 1, ""value"": 1532123314213.0}, {""period"": ""Q2 2024"", ""year"": 2024, ""quarter"": 2, ""value"": 647978775821.0}, {""period"": ""Q3 2024"", ""year"": 2024, ""quarter"": 3, ""value"": 526247425160.0}, {""period"": ""Q4 2024"", ""year"": 2024, ""quarter"": 4, ""value"": 787810116764.0}, {""period"": ""Q1 2025"", ""year"": 2025, ""quarter"": 1, ""value"": 1628109095706.0}, {""period"": ""Q2 2025"", ""year"": 2025, ""quarter"": 2, ""value"": 927400800947.0}, {""period"": ""Q3 2025"", ""year"": 2025, ""quarter"": 3, ""value"": 308753228950.0}, {""period"": ""Q4 2025"", ""year"": 2025, ""quarter"": 4, ""value"": 359504952627.0}, {""period"": ""Q1 2026"", ""year"": 2026, ""quarter"": 1, ""value"": 123676267454.0}, {""period"": ""Q2 2026"", ""year"": 2026, ""quarter"": 2, ""value"": 14702723467.0}]"
VPG,4,CashFlow_Indirect,Quarter,6,Ảnh hưởng của thay đổi tỷ giá hối đoái quy đổi ngoại tệ,-1,True,1,,"[{""period"": ""Q1 2019"", ""year"": 2019, ""quarter"": 1, ""value"": 0.0}, {""period"": ""Q2 2019"", ""year"": 2019, ""quarter"": 2, ""value"": 0.0}, {""period"": ""Q3 2019"", ""year"": 2019, ""quarter"": 3, ""value"": 0.0}, {""period"": ""Q4 2019"", ""year"": 2019, ""quarter"": 4, ""value"": 0.0}, {""period"": ""Q1 2020"", ""year"": 2020, ""quarter"": 1, ""value"": 0.0}, {""period"": ""Q2 2020"", ""year"": 2020, ""quarter"": 2, ""value"": 166134.0}, {""period"": ""Q3 2020"", ""year"": 2020, ""quarter"": 3, ""value"": 51207.0}, {""period"": ""Q4 2020"", ""year"": 2020, ""quarter"": 4, ""value"": -219419.0}, {""period"": ""Q1 2021"", ""year"": 2021, ""quarter"": 1, ""value"": 593573.0}, {""period"": ""Q2 2021"", ""year"": 2021, ""quarter"": 2, ""value"": -593573.0}, {""period"": ""Q3 2021"", ""year"": 2021, ""quarter"": 3, ""value"": 0.0}, {""period"": ""Q4 2021"", ""year"": 2021, ""quarter"": 4, ""value"": 0.0}, {""period"": ""Q1 2022"", ""year"": 2022, ""quarter"": 1, ""value"": 0.0}, {""period"": ""Q2 2022"", ""year"": 2022, ""quarter"": 2, ""value"": 0.0}, {""period"": ""Q3 2022"", ""year"": 2022, ""quarter"": 3, ""value"": 0.0}, {""period"": ""Q4 2022"", ""year"": 2022, ""quarter"": 4, ""value"": 5876258956.0}, {""period"": ""Q1 2023"", ""year"": 2023, ""quarter"": 1, ""value"": 0.0}, {""period"": ""Q2 2023"", ""year"": 2023, ""quarter"": 2, ""value"": -260055541.0}, {""period"": ""Q3 2023"", ""year"": 2023, ""quarter"": 3, ""value"": 0.0}, {""period"": ""Q4 2023"", ""year"": 2023, ""quarter"": 4, ""value"": -57472400.0}, {""period"": ""Q1 2024"", ""year"": 2024, ""quarter"": 1, ""value"": 835712479.0}, {""period"": ""Q2 2024"", ""year"": 2024, ""quarter"": 2, ""value"": -836409675.0}, {""period"": ""Q3 2024"", ""year"": 2024, ""quarter"": 3, ""value"": 0.0}, {""period"": ""Q4 2024"", ""year"": 2024, ""quarter"": 4, ""value"": 4682417612.0}, {""period"": ""Q1 2025"", ""year"": 2025, ""quarter"": 1, ""value"": 0.0}, {""period"": ""Q2 2025"", ""year"": 2025, ""quarter"": 2, ""value"": 548866767.0}, {""period"": ""Q3 2025"", ""year"": 2025, ""quarter"": 3, ""value"": -297423264.0}, {""period"": ""Q4 2025"", ""year"": 2025, ""quarter"": 4, ""value"": 469461454.0}, {""period"": ""Q1 2026"", ""year"": 2026, ""quarter"": 1, ""value"": 172813.0}, {""period"": ""Q2 2026"", ""year"": 2026, ""quarter"": 2, ""value"": -65332.0}]"
VPG,4,CashFlow_Indirect,Quarter,7,Tiền và tương đương tiền cuối kỳ,-1,True,1,,"[{""period"": ""Q1 2019"", ""year"": 2019, ""quarter"": 1, ""value"": 193805876259.0}, {""period"": ""Q2 2019"", ""year"": 2019, ""quarter"": 2, ""value"": 219879360012.0}, {""period"": ""Q3 2019"", ""year"": 2019, ""quarter"": 3, ""value"": 130586696131.0}, {""period"": ""Q4 2019"", ""year"": 2019, ""quarter"": 4, ""value"": 179330857160.0}, {""period"": ""Q1 2020"", ""year"": 2020, ""quarter"": 1, ""value"": 221539901643.0}, {""period"": ""Q2 2020"", ""year"": 2020, ""quarter"": 2, ""value"": 204819981346.0}, {""period"": ""Q3 2020"", ""year"": 2020, ""quarter"": 3, ""value"": 116490739753.0}, {""period"": ""Q4 2020"", ""year"": 2020, ""quarter"": 4, ""value"": 246449572871.0}, {""period"": ""Q1 2021"", ""year"": 2021, ""quarter"": 1, ""value"": 521472794757.0}, {""period"": ""Q2 2021"", ""year"": 2021, ""quarter"": 2, ""value"": 931104666674.0}, {""period"": ""Q3 2021"", ""year"": 2021, ""quarter"": 3, ""value"": 902043138276.0}, {""period"": ""Q4 2021"", ""year"": 2021, ""quarter"": 4, ""value"": 748373927712.0}, {""period"": ""Q1 2022"", ""year"": 2022, ""quarter"": 1, ""value"": 773927530051.0}, {""period"": ""Q2 2022"", ""year"": 2022, ""quarter"": 2, ""value"": 1393341631355.0}, {""period"": ""Q3 2022"", ""year"": 2022, ""quarter"": 3, ""value"": 1300115577922.0}, {""period"": ""Q4 2022"", ""year"": 2022, ""quarter"": 4, ""value"": 1529298838140.0}, {""period"": ""Q1 2023"", ""year"": 2023, ""quarter"": 1, ""value"": 1305996379770.0}, {""period"": ""Q2 2023"", ""year"": 2023, ""quarter"": 2, ""value"": 554635902350.0}, {""period"": ""Q3 2023"", ""year"": 2023, ""quarter"": 3, ""value"": 1339032572477.0}, {""period"": ""Q4 2023"", ""year"": 2023, ""quarter"": 4, ""value"": 1532123314213.0}, {""period"": ""Q1 2024"", ""year"": 2024, ""quarter"": 1, ""value"": 647978775821.0}, {""period"": ""Q2 2024"", ""year"": 2024, ""quarter"": 2, ""value"": 526247425160.0}, {""period"": ""Q3 2024"", ""year"": 2024, ""quarter"": 3, ""value"": 787810116764.0}, {""period"": ""Q4 2024"", ""year"": 2024, ""quarter"": 4, ""value"": 1628109095706.0}, {""period"": ""Q1 2025"", ""year"": 2025, ""quarter"": 1, ""value"": 927400800947.0}, {""period"": ""Q2 2025"", ""year"": 2025, ""quarter"": 2, ""value"": 308753228950.0}, {""period"": ""Q3 2025"", ""year"": 2025, ""quarter"": 3, ""value"": 359504952627.0}, {""period"": ""Q4 2025"", ""year"": 2025, ""quarter"": 4, ""value"": 123676267454.0}, {""period"": ""Q1 2026"", ""year"": 2026, ""quarter"": 1, ""value"": 14702723467.0}, {""period"": ""Q2 2026"", ""year"": 2026, ""quarter"": 2, ""value"": 12590577962.0}]"
