date,symbol,priceHigh,priceLow,priceOpen,priceAverage,priceClose,priceBasic,totalVolume,dealVolume,putthroughVolume,totalValue,putthroughValue,buyForeignQuantity,buyForeignValue,sellForeignQuantity,sellForeignValue,buyCount,buyQuantity,sellCount,sellQuantity,adjRatio,currentForeignRoom,propTradingNetDealValue,propTradingNetPTValue,propTradingNetValue,unit
2014-08-26T00:00:00,DGC,39.0,35.0,35.0,38.471,39.0,30.0,22700.0,22700.0,0.0,873291700.0,0.0,0.0,0.0,0.0,0.0,45.0,90500.0,5.0,22700.0,8.964118910417813,16414689.0,,,,1000.0
2014-08-27T00:00:00,DGC,42.9,42.9,42.9,42.9,42.9,39.0,22100.0,22100.0,0.0,948090000.0,0.0,0.0,0.0,0.0,0.0,46.0,87800.0,10.0,22100.0,8.964118910417813,16414689.0,,,,1000.0
2014-08-28T00:00:00,DGC,47.1,47.1,47.1,47.1,47.1,42.9,34603.0,34603.0,0.0,1629801300.0,0.0,0.0,0.0,0.0,0.0,46.0,61700.0,15.0,34600.0,8.964118910417813,16414689.0,,,,1000.0
2014-08-29T00:00:00,DGC,51.8,42.4,51.8,50.186,47.2,47.1,27929.0,27929.0,0.0,1401644794.0,0.0,0.0,0.0,0.0,0.0,52.0,31400.0,42.0,117400.0,8.964118910417813,16414689.0,,,,1000.0
2014-09-03T00:00:00,DGC,50.0,44.1,45.2,47.981,44.6,47.2,7700.0,7700.0,0.0,369453700.0,0.0,0.0,0.0,0.0,0.0,20.0,11200.0,32.0,66300.0,8.964118910417813,16414689.0,,,,1000.0
2014-09-04T00:00:00,DGC,44.6,40.2,44.6,40.44,40.2,44.6,4251.0,4251.0,0.0,171910440.0,0.0,0.0,0.0,0.0,0.0,16.0,4200.0,27.0,35000.0,8.964118910417813,16414689.0,,,,1000.0
2014-09-05T00:00:00,DGC,40.2,36.2,36.6,36.506,36.5,40.2,16729.0,16729.0,0.0,610708874.0,0.0,2000.0,73000000.0,0.0,0.0,38.0,27900.0,29.0,40500.0,8.964118910417813,16412689.0,,,,1000.0
2014-09-08T00:00:00,DGC,39.0,36.7,36.7,37.925,39.0,36.5,400.0,400.0,0.0,15170000.0,0.0,0.0,0.0,0.0,0.0,15.0,11600.0,8.0,3500.0,8.964118910417813,16412689.0,,,,1000.0
2014-09-09T00:00:00,DGC,38.7,36.7,37.0,36.939,38.7,39.0,7900.0,7900.0,0.0,291818100.0,0.0,0.0,0.0,0.0,0.0,15.0,12100.0,20.0,18400.0,8.964118910417813,16412689.0,,,,1000.0
2014-09-10T00:00:00,DGC,35.5,35.0,35.5,35.384,35.3,38.7,4500.0,4500.0,0.0,159228000.0,0.0,0.0,0.0,0.0,0.0,18.0,11200.0,17.0,37400.0,8.964118910417813,16412689.0,,,,1000.0
2014-09-11T00:00:00,DGC,35.0,34.5,35.0,34.66,35.0,35.3,2500.0,2500.0,0.0,86650000.0,0.0,100.0,3500000.0,0.0,0.0,17.0,4900.0,13.0,5000.0,8.964118910417813,16412589.0,,,,1000.0
2014-09-12T00:00:00,DGC,34.5,33.5,34.5,34.044,33.5,35.0,900.0,900.0,0.0,30639600.0,0.0,0.0,0.0,0.0,0.0,11.0,4600.0,9.0,4100.0,8.964118910417813,16412589.0,,,,1000.0
2014-09-15T00:00:00,DGC,36.8,33.2,34.3,33.8,36.6,33.5,6000.0,6000.0,0.0,202800000.0,0.0,0.0,0.0,0.0,0.0,24.0,16800.0,14.0,7000.0,8.964118910417813,16412589.0,,,,1000.0
2014-09-16T00:00:00,DGC,34.0,34.0,34.0,34.0,34.0,36.6,1200.0,1200.0,0.0,40800000.0,0.0,0.0,0.0,0.0,0.0,8.0,3800.0,10.0,8400.0,8.964118910417813,16412589.0,,,,1000.0
2014-09-17T00:00:00,DGC,36.0,34.1,34.1,34.75,35.0,34.0,1000.0,1000.0,0.0,34750000.0,0.0,0.0,0.0,0.0,0.0,13.0,9100.0,8.0,4000.0,8.964118910417813,16412589.0,,,,1000.0
2014-09-18T00:00:00,DGC,36.5,35.0,36.0,36.055,36.5,35.0,2200.0,2200.0,0.0,79321000.0,0.0,0.0,0.0,100.0,3600000.0,13.0,9200.0,16.0,5000.0,8.964118910417813,16412589.0,,,,1000.0
2014-09-19T00:00:00,DGC,37.5,36.5,36.5,36.912,37.5,36.5,12400.0,12400.0,0.0,457708800.0,0.0,0.0,0.0,0.0,0.0,22.0,30300.0,20.0,23400.0,8.964118910417813,16412589.0,,,,1000.0
2014-09-22T00:00:00,DGC,39.5,37.0,37.0,37.953,38.5,37.5,13200.0,13200.0,0.0,500979600.0,0.0,0.0,0.0,0.0,0.0,36.0,40600.0,37.0,46900.0,8.964118910417813,16412589.0,,,,1000.0
2014-09-23T00:00:00,DGC,38.2,37.1,37.5,37.632,38.0,38.5,7600.0,7600.0,0.0,286003200.0,0.0,0.0,0.0,0.0,0.0,19.0,20400.0,21.0,28300.0,8.964118910417813,16412589.0,,,,1000.0
2014-09-24T00:00:00,DGC,38.5,38.0,38.0,38.258,38.5,38.0,2500.0,2500.0,0.0,95645000.0,0.0,0.0,0.0,0.0,0.0,15.0,14500.0,17.0,15300.0,8.964118910417813,16412689.0,,,,1000.0
2014-09-25T00:00:00,DGC,38.8,37.7,38.8,37.909,37.8,38.5,3500.0,3500.0,0.0,132681500.0,0.0,0.0,0.0,0.0,0.0,16.0,12400.0,17.0,21000.0,8.964118910417813,16412689.0,,,,1000.0
2014-09-26T00:00:00,DGC,38.2,37.1,38.0,37.998,37.7,37.8,6300.0,6300.0,0.0,239387400.0,0.0,0.0,0.0,0.0,0.0,13.0,8000.0,21.0,22400.0,8.964118910417813,16412689.0,,,,1000.0
2014-09-29T00:00:00,DGC,38.0,37.7,37.9,37.833,38.0,37.7,6400.0,6400.0,0.0,242131200.0,0.0,2000.0,75400000.0,2000.0,76000000.0,11.0,12800.0,13.0,27100.0,8.964118910417813,16410689.0,,,,1000.0
2014-09-30T00:00:00,DGC,37.9,37.5,37.9,37.85,37.5,38.0,900.0,900.0,0.0,34065000.0,0.0,0.0,0.0,0.0,0.0,11.0,4500.0,9.0,10100.0,8.964118910417813,16410689.0,,,,1000.0
2014-10-01T00:00:00,DGC,37.9,37.9,37.9,37.9,37.9,37.5,6849.0,6800.0,49.0,259376200.0,1656200.0,5800.0,219820000.0,0.0,0.0,10.0,11700.0,16.0,19000.0,8.964118910417813,16404889.0,,,,1000.0
2014-10-02T00:00:00,DGC,37.9,37.0,37.9,37.313,37.5,37.9,7000.0,7000.0,0.0,261191000.0,0.0,0.0,0.0,0.0,0.0,14.0,9700.0,15.0,19000.0,8.964118910417813,16404889.0,,,,1000.0
2014-10-03T00:00:00,DGC,37.9,37.4,37.5,37.513,37.5,37.5,8100.0,8100.0,0.0,303855300.0,0.0,100.0,3790000.0,0.0,0.0,17.0,13400.0,21.0,25200.0,8.964118910417813,16406789.0,,,,1000.0
2014-10-06T00:00:00,DGC,37.3,37.1,37.3,37.243,37.1,37.5,3800.0,3800.0,0.0,141523400.0,0.0,0.0,0.0,0.0,0.0,9.0,5900.0,17.0,19000.0,8.964118910417813,16406789.0,,,,1000.0
2014-10-07T00:00:00,DGC,36.8,36.6,36.8,36.733,36.6,37.1,600.0,600.0,0.0,22039800.0,0.0,0.0,0.0,0.0,0.0,11.0,6100.0,13.0,12800.0,8.964118910417813,16406789.0,,,,1000.0
2014-10-08T00:00:00,DGC,36.5,36.5,36.5,36.5,36.5,36.6,300.0,300.0,0.0,10950000.0,0.0,0.0,0.0,0.0,0.0,4.0,2600.0,8.0,7100.0,8.964118910417813,16406789.0,,,,1000.0
2014-10-09T00:00:00,DGC,36.5,36.5,36.5,36.5,36.5,36.5,2400.0,2400.0,0.0,87600000.0,0.0,0.0,0.0,0.0,0.0,9.0,5400.0,9.0,6500.0,8.964118910417813,16406789.0,,,,1000.0
2014-10-10T00:00:00,DGC,36.1,36.0,36.0,36.015,36.0,36.5,2700.0,2700.0,0.0,97240500.0,0.0,0.0,0.0,0.0,0.0,17.0,5900.0,12.0,6100.0,8.964118910417813,16406789.0,,,,1000.0
2014-10-13T00:00:00,DGC,36.0,36.0,36.0,36.0,36.0,36.0,600.0,600.0,0.0,21600000.0,0.0,0.0,0.0,0.0,0.0,8.0,5300.0,7.0,9900.0,8.964118910417813,16406789.0,,,,1000.0
2014-10-14T00:00:00,DGC,39.6,35.5,39.6,36.011,36.0,36.0,2700.0,2700.0,0.0,97229700.0,0.0,0.0,0.0,1900.0,68400000.0,12.0,4400.0,21.0,10700.0,8.964118910417813,16406789.0,,,,1000.0
2014-10-15T00:00:00,DGC,36.0,35.0,36.0,35.432,35.1,36.0,5100.0,5100.0,0.0,180703200.0,0.0,0.0,0.0,0.0,0.0,11.0,7500.0,15.0,13700.0,8.964118910417813,16406789.0,,,,1000.0
2014-10-16T00:00:00,DGC,36.3,36.0,36.0,36.004,36.3,35.1,6800.0,6800.0,0.0,244827200.0,0.0,0.0,0.0,0.0,0.0,15.0,27100.0,20.0,32400.0,8.964118910417813,16406789.0,,,,1000.0
2014-10-17T00:00:00,DGC,36.2,36.0,36.0,36.02,36.2,36.3,1000.0,1000.0,0.0,36020000.0,0.0,0.0,0.0,0.0,0.0,10.0,3700.0,10.0,20700.0,8.964118910417813,16406789.0,,,,1000.0
2014-10-20T00:00:00,DGC,36.1,34.2,36.0,35.317,36.1,36.2,18000.0,18000.0,0.0,635706000.0,0.0,0.0,0.0,0.0,0.0,20.0,26700.0,15.0,38700.0,8.964118910417813,16408689.0,,,,1000.0
2014-10-21T00:00:00,DGC,36.0,35.0,35.0,35.5,35.5,36.1,1380.0,1380.0,0.0,48990000.0,0.0,0.0,0.0,0.0,0.0,10.0,10400.0,13.0,21800.0,8.964118910417813,16408689.0,,,,1000.0
2014-10-22T00:00:00,DGC,35.1,34.6,35.1,34.968,35.0,35.5,11600.0,11600.0,0.0,405628800.0,0.0,0.0,0.0,0.0,0.0,18.0,13600.0,18.0,18700.0,8.964118910417813,16408689.0,,,,1000.0
2014-10-23T00:00:00,DGC,36.0,35.0,36.0,35.471,35.9,35.0,1600.0,1600.0,0.0,56753600.0,0.0,0.0,0.0,0.0,0.0,11.0,4900.0,12.0,12300.0,8.964118910417813,16408689.0,,,,1000.0
2014-10-24T00:00:00,DGC,36.0,35.2,35.3,35.822,35.9,35.9,6400.0,6400.0,0.0,229260800.0,0.0,0.0,0.0,0.0,0.0,13.0,9400.0,17.0,18400.0,8.964118910417813,16408689.0,,,,1000.0
2014-10-27T00:00:00,DGC,35.9,33.1,33.1,35.729,35.8,35.9,4100.0,4100.0,0.0,146488900.0,0.0,0.0,0.0,0.0,0.0,12.0,6000.0,12.0,13300.0,8.964118910417813,16408689.0,,,,1000.0
2014-10-28T00:00:00,DGC,35.8,35.8,35.8,35.8,35.8,35.8,1400.0,1400.0,0.0,50120000.0,0.0,0.0,0.0,0.0,0.0,9.0,4100.0,9.0,6700.0,8.964118910417813,16408689.0,,,,1000.0
2014-10-29T00:00:00,DGC,35.9,33.5,33.5,35.774,35.9,35.8,3100.0,3100.0,0.0,110899400.0,0.0,0.0,0.0,0.0,0.0,12.0,7400.0,9.0,8100.0,8.964118910417813,16408689.0,,,,1000.0
2014-10-30T00:00:00,DGC,35.6,35.0,35.0,35.519,35.5,35.9,2600.0,2600.0,0.0,92349400.0,0.0,0.0,0.0,0.0,0.0,13.0,5800.0,14.0,9100.0,8.964118910417813,16408689.0,,,,1000.0
2014-10-31T00:00:00,DGC,35.8,33.5,33.5,33.5,35.8,35.5,1100.0,1100.0,0.0,36850000.0,0.0,1000.0,35800000.0,0.0,0.0,12.0,7500.0,10.0,8800.0,8.964118910417813,16407689.0,,,,1000.0
2014-11-03T00:00:00,DGC,36.5,35.0,35.0,35.982,35.8,35.8,12400.0,12400.0,0.0,446176800.0,0.0,1800.0,64650000.0,0.0,0.0,13.0,13400.0,18.0,19900.0,8.964118910417813,16405889.0,,,,1000.0
2014-11-04T00:00:00,DGC,36.0,36.0,36.0,36.0,36.0,35.8,4500.0,4500.0,0.0,162000000.0,0.0,0.0,0.0,0.0,0.0,7.0,18300.0,11.0,9700.0,8.964118910417813,16405889.0,,,,1000.0
2014-11-05T00:00:00,DGC,35.8,35.6,35.8,35.65,35.6,36.0,2100.0,2100.0,0.0,74865000.0,0.0,0.0,0.0,0.0,0.0,6.0,3000.0,12.0,8500.0,8.964118910417813,16405889.0,,,,1000.0
2014-11-06T00:00:00,DGC,35.5,35.5,35.5,35.5,35.5,35.6,500.0,500.0,0.0,17750000.0,0.0,0.0,0.0,0.0,0.0,5.0,4800.0,9.0,7200.0,8.964118910417813,16405889.0,,,,1000.0
2014-11-07T00:00:00,DGC,36.3,35.4,36.0,35.866,35.4,35.5,4700.0,4700.0,0.0,168570200.0,0.0,0.0,0.0,0.0,0.0,9.0,11700.0,19.0,17100.0,8.964118910417813,16405889.0,,,,1000.0
2014-11-10T00:00:00,DGC,35.0,35.0,35.0,35.0,35.0,35.4,100.0,100.0,0.0,3500000.0,0.0,0.0,0.0,0.0,0.0,6.0,8800.0,9.0,8600.0,8.964118910417813,16405889.0,,,,1000.0
2014-11-11T00:00:00,DGC,35.1,35.1,35.1,35.1,35.1,35.0,500.0,500.0,0.0,17550000.0,0.0,0.0,0.0,0.0,0.0,7.0,8800.0,8.0,7000.0,8.964118910417813,16405889.0,,,,1000.0
2014-11-12T00:00:00,DGC,35.3,35.1,35.1,35.277,35.3,35.1,101300.0,1300.0,100000.0,3205860100.0,3160000000.0,0.0,0.0,0.0,0.0,8.0,10900.0,9.0,8900.0,8.964118910417813,16405889.0,,,,1000.0
2014-11-13T00:00:00,DGC,35.5,35.1,35.3,35.121,35.5,35.3,3500.0,3500.0,0.0,122923500.0,0.0,0.0,0.0,0.0,0.0,12.0,12700.0,12.0,6200.0,8.964118910417813,16405889.0,,,,1000.0
2014-11-14T00:00:00,DGC,35.3,35.0,35.0,35.1,35.0,35.5,1300.0,1300.0,0.0,45630000.0,0.0,0.0,0.0,0.0,0.0,5.0,6600.0,9.0,5100.0,8.964118910417813,16405889.0,,,,1000.0
2014-11-17T00:00:00,DGC,35.5,35.5,35.5,35.5,35.5,35.0,1100.0,1100.0,0.0,39050000.0,0.0,0.0,0.0,0.0,0.0,6.0,7100.0,9.0,9000.0,8.964118910417813,16405889.0,,,,1000.0
2014-11-18T00:00:00,DGC,35.5,35.4,35.5,35.473,35.4,35.5,1591.0,1500.0,91.0,56121500.0,2912000.0,0.0,0.0,0.0,0.0,8.0,4100.0,11.0,10600.0,8.964118910417813,16405889.0,,,,1000.0
2014-11-19T00:00:00,DGC,35.6,35.4,35.5,35.456,35.5,35.4,4900.0,4900.0,0.0,173734400.0,0.0,0.0,0.0,0.0,0.0,12.0,7800.0,13.0,10700.0,8.964118910417813,16405889.0,,,,1000.0
2014-11-20T00:00:00,DGC,35.5,35.5,35.5,35.5,35.5,35.5,2000.0,2000.0,0.0,71000000.0,0.0,0.0,0.0,0.0,0.0,8.0,4400.0,4.0,6800.0,8.964118910417813,16405889.0,,,,1000.0
2014-11-21T00:00:00,DGC,36.0,35.5,35.5,35.571,35.6,35.5,2100.0,2100.0,0.0,74699100.0,0.0,0.0,0.0,0.0,0.0,8.0,2600.0,9.0,10200.0,8.964118910417813,16405889.0,,,,1000.0
2014-11-24T00:00:00,DGC,35.6,35.6,35.6,35.6,35.6,35.6,0.0,0.0,0.0,0.0,0.0,0.0,0.0,0.0,0.0,4.0,2200.0,4.0,7300.0,8.964118910417813,16405889.0,,,,1000.0
2014-11-25T00:00:00,DGC,35.0,35.0,35.0,35.0,35.0,35.6,1100.0,1100.0,0.0,38500000.0,0.0,0.0,0.0,0.0,0.0,5.0,2200.0,5.0,6000.0,8.964118910417813,16405889.0,,,,1000.0
2014-11-26T00:00:00,DGC,35.0,35.0,35.0,35.0,35.0,35.0,0.0,0.0,0.0,0.0,0.0,0.0,0.0,0.0,0.0,5.0,3100.0,6.0,9900.0,8.964118910417813,16405889.0,,,,1000.0
2014-11-27T00:00:00,DGC,35.5,33.0,33.0,33.333,35.5,35.0,1600.0,1600.0,0.0,53332800.0,0.0,0.0,0.0,0.0,0.0,12.0,4200.0,8.0,9400.0,8.964118910417813,16405889.0,,,,1000.0
2014-11-28T00:00:00,DGC,36.0,36.0,36.0,36.0,36.0,35.5,2200.0,2200.0,0.0,79200000.0,0.0,2200.0,79200000.0,0.0,0.0,5.0,4100.0,7.0,10800.0,8.964118910417813,16403689.0,,,,1000.0
2014-12-01T00:00:00,DGC,36.0,36.0,36.0,36.0,36.0,36.0,0.0,0.0,0.0,0.0,0.0,0.0,0.0,0.0,0.0,5.0,1700.0,7.0,12100.0,8.964118910417813,16403689.0,,,,1000.0
2014-12-02T00:00:00,DGC,34.8,34.8,34.8,34.8,34.8,36.0,500.0,500.0,0.0,17400000.0,0.0,0.0,0.0,0.0,0.0,4.0,1300.0,8.0,11300.0,8.964118910417813,16403689.0,,,,1000.0
2014-12-03T00:00:00,DGC,35.5,35.0,35.5,35.2,35.3,34.8,4100.0,4100.0,0.0,144320000.0,0.0,0.0,0.0,0.0,0.0,6.0,4800.0,15.0,9900.0,8.964118910417813,16403689.0,,,,1000.0
2014-12-04T00:00:00,DGC,35.0,35.0,35.0,35.0,35.0,35.3,300.0,300.0,0.0,10500000.0,0.0,300.0,10500000.0,0.0,0.0,4.0,1000.0,8.0,8300.0,8.964118910417813,16403389.0,,,,1000.0
2014-12-05T00:00:00,DGC,34.8,34.8,34.8,34.8,34.8,35.0,100.0,100.0,0.0,3480000.0,0.0,0.0,0.0,0.0,0.0,4.0,1300.0,11.0,9200.0,8.964118910417813,16403389.0,,,,1000.0
2014-12-08T00:00:00,DGC,34.8,34.8,34.8,34.8,34.8,34.8,200.0,200.0,0.0,6960000.0,0.0,0.0,0.0,0.0,0.0,4.0,1200.0,12.0,8500.0,8.964118910417813,16403389.0,,,,1000.0
2014-12-09T00:00:00,DGC,35.6,34.2,34.2,34.855,34.5,34.8,5800.0,5800.0,0.0,202159000.0,0.0,0.0,0.0,0.0,0.0,6.0,6900.0,12.0,11300.0,8.964118910417813,16403389.0,,,,1000.0
2014-12-10T00:00:00,DGC,34.5,34.5,34.5,34.5,34.5,34.5,0.0,0.0,0.0,0.0,0.0,0.0,0.0,0.0,0.0,3.0,700.0,9.0,8300.0,8.964118910417813,16403389.0,,,,1000.0
2014-12-11T00:00:00,DGC,34.5,34.5,34.5,34.5,34.5,34.5,0.0,0.0,0.0,0.0,0.0,0.0,0.0,0.0,0.0,4.0,4800.0,5.0,6000.0,8.964118910417813,16403389.0,,,,1000.0
2014-12-12T00:00:00,DGC,34.2,34.2,34.2,34.2,34.2,34.5,100.0,100.0,0.0,3420000.0,0.0,0.0,0.0,0.0,0.0,4.0,4500.0,10.0,7600.0,8.964118910417813,16403389.0,,,,1000.0
2014-12-15T00:00:00,DGC,34.4,32.0,32.0,34.057,34.4,34.2,700.0,700.0,0.0,23839900.0,0.0,0.0,0.0,0.0,0.0,7.0,2500.0,11.0,6500.0,8.964118910417813,16403389.0,,,,1000.0
2014-12-16T00:00:00,DGC,34.4,34.2,34.4,34.286,34.2,34.4,700.0,700.0,0.0,24000200.0,0.0,0.0,0.0,0.0,0.0,4.0,1200.0,11.0,7900.0,8.964118910417813,16403389.0,,,,1000.0
2014-12-17T00:00:00,DGC,34.2,33.5,34.2,34.2,33.5,34.2,400.0,400.0,0.0,13680000.0,0.0,0.0,0.0,0.0,0.0,3.0,1000.0,11.0,10000.0,8.964118910417813,16403389.0,,,,1000.0
2014-12-18T00:00:00,DGC,35.7,35.5,35.5,35.6,35.7,33.5,400.0,400.0,0.0,14240000.0,0.0,0.0,0.0,0.0,0.0,6.0,1000.0,10.0,4900.0,8.964118910417813,16403389.0,,,,1000.0
2014-12-19T00:00:00,DGC,36.5,36.5,36.5,36.5,36.5,35.7,2300.0,2300.0,0.0,83950000.0,0.0,2300.0,82900000.0,0.0,0.0,2.0,2400.0,12.0,9800.0,8.964118910417813,16401089.0,,,,1000.0
2014-12-22T00:00:00,DGC,35.0,34.8,35.0,34.973,35.0,36.5,2300.0,2300.0,0.0,80437900.0,0.0,0.0,0.0,0.0,0.0,9.0,2900.0,14.0,7700.0,8.964118910417813,16401089.0,,,,1000.0
2014-12-23T00:00:00,DGC,35.0,35.0,35.0,35.0,35.0,35.0,100.0,100.0,0.0,3500000.0,0.0,0.0,0.0,0.0,0.0,2.0,300.0,8.0,7600.0,8.964118910417813,16401089.0,,,,1000.0
2014-12-24T00:00:00,DGC,34.6,34.5,34.6,34.533,34.5,35.0,300.0,300.0,0.0,10359900.0,0.0,0.0,0.0,0.0,0.0,5.0,4500.0,11.0,4300.0,8.964118910417813,16401089.0,,,,1000.0
2014-12-25T00:00:00,DGC,35.0,32.0,32.0,32.0,35.0,34.5,200.0,200.0,0.0,6400000.0,0.0,0.0,0.0,0.0,0.0,3.0,400.0,7.0,7200.0,8.964118910417813,16401089.0,,,,1000.0
2014-12-26T00:00:00,DGC,32.0,32.0,32.0,32.0,32.0,35.0,100.0,100.0,0.0,3200000.0,0.0,0.0,0.0,0.0,0.0,2.0,3600.0,13.0,10700.0,8.964118910417813,16401089.0,,,,1000.0
2014-12-29T00:00:00,DGC,34.0,33.6,34.0,33.867,33.6,32.0,300.0,300.0,0.0,10160100.0,0.0,0.0,0.0,0.0,0.0,4.0,500.0,8.0,1600.0,8.964118910417813,16401089.0,,,,1000.0
2014-12-30T00:00:00,DGC,33.6,33.6,33.6,33.6,33.6,33.6,0.0,0.0,0.0,0.0,0.0,0.0,0.0,0.0,0.0,1.0,400.0,10.0,9900.0,8.964118910417813,16401089.0,,,,1000.0
2014-12-31T00:00:00,DGC,35.3,34.0,35.3,34.444,34.9,33.6,3700.0,3700.0,0.0,127442800.0,0.0,0.0,0.0,0.0,0.0,14.0,4700.0,12.0,10500.0,8.964118910417813,16401089.0,,,,1000.0
2015-01-05T00:00:00,DGC,35.3,34.5,34.5,34.883,35.3,34.9,5400.0,5400.0,0.0,188368200.0,0.0,0.0,0.0,0.0,0.0,8.0,12800.0,10.0,8300.0,8.964118910417813,16401089.0,,,,1000.0
2015-01-06T00:00:00,DGC,35.4,35.4,35.4,35.4,35.4,35.3,100.0,100.0,0.0,3540000.0,0.0,0.0,0.0,0.0,0.0,3.0,3300.0,11.0,9400.0,8.964118910417813,16401089.0,,,,1000.0
2015-01-07T00:00:00,DGC,34.8,34.0,34.8,34.471,34.0,35.4,1700.0,1700.0,0.0,58600700.0,0.0,0.0,0.0,0.0,0.0,5.0,4500.0,12.0,7500.0,8.964118910417813,16401089.0,,,,1000.0
2015-01-08T00:00:00,DGC,35.0,34.3,34.3,34.735,35.0,34.0,10700.0,10700.0,0.0,371664500.0,0.0,0.0,0.0,0.0,0.0,5.0,13700.0,10.0,12800.0,8.964118910417813,16401089.0,,,,1000.0
2015-01-09T00:00:00,DGC,35.2,35.2,35.2,35.2,35.2,35.0,5600.0,5600.0,0.0,197120000.0,0.0,0.0,0.0,0.0,0.0,3.0,9500.0,6.0,8500.0,8.964118910417813,16401089.0,,,,1000.0
2015-01-12T00:00:00,DGC,35.2,35.2,35.2,35.2,35.2,35.2,5300.0,5300.0,0.0,186560000.0,0.0,0.0,0.0,0.0,0.0,3.0,8400.0,5.0,5800.0,8.964118910417813,16401089.0,,,,1000.0
2015-01-13T00:00:00,DGC,35.2,35.2,35.2,35.2,35.2,35.2,2900.0,2900.0,0.0,102080000.0,0.0,0.0,0.0,0.0,0.0,3.0,5900.0,9.0,8900.0,8.964118910417813,16401089.0,,,,1000.0
2015-01-14T00:00:00,DGC,35.2,35.2,35.2,35.2,35.2,35.2,0.0,0.0,0.0,0.0,0.0,0.0,0.0,0.0,0.0,1.0,3000.0,6.0,10800.0,8.964118910417813,16401089.0,,,,1000.0
2015-01-15T00:00:00,DGC,35.2,35.2,35.2,35.2,35.2,35.2,6900.0,6900.0,0.0,242880000.0,0.0,0.0,0.0,0.0,0.0,4.0,7300.0,7.0,15900.0,8.964118910417813,16401089.0,,,,1000.0
2015-01-16T00:00:00,DGC,35.2,35.2,35.2,35.2,35.2,35.2,23200.0,8000.0,15200.0,763440000.0,481840000.0,0.0,0.0,0.0,0.0,5.0,8400.0,10.0,17700.0,8.964118910417813,16401089.0,,,,1000.0
2015-01-19T00:00:00,DGC,35.2,35.2,35.2,35.2,35.2,35.2,0.0,0.0,0.0,0.0,0.0,0.0,0.0,0.0,0.0,1.0,200.0,3.0,5700.0,8.964118910417813,16401089.0,,,,1000.0
2015-01-20T00:00:00,DGC,35.2,35.1,35.1,35.1,35.2,35.2,4400.0,4400.0,0.0,154440000.0,0.0,0.0,0.0,0.0,0.0,4.0,4800.0,5.0,11200.0,8.964118910417813,16401089.0,,,,1000.0
2015-01-21T00:00:00,DGC,35.2,35.1,35.2,35.167,35.2,35.2,4300.0,4300.0,0.0,151218100.0,0.0,0.0,0.0,0.0,0.0,4.0,4400.0,8.0,12000.0,8.964118910417813,16401089.0,,,,1000.0
2015-01-22T00:00:00,DGC,35.2,35.1,35.2,35.106,35.1,35.2,1600.0,1600.0,0.0,56169600.0,0.0,0.0,0.0,0.0,0.0,4.0,2800.0,5.0,6500.0,8.964118910417813,16401089.0,,,,1000.0
2015-01-23T00:00:00,DGC,35.1,35.1,35.1,35.1,35.1,35.1,0.0,0.0,0.0,0.0,0.0,0.0,0.0,0.0,0.0,1.0,200.0,5.0,10000.0,8.964118910417813,16401089.0,,,,1000.0
2015-01-26T00:00:00,DGC,35.1,35.1,35.1,35.1,35.1,35.1,200.0,200.0,0.0,7020000.0,0.0,0.0,0.0,0.0,0.0,4.0,1300.0,4.0,6200.0,8.964118910417813,16401089.0,,,,1000.0
2015-01-27T00:00:00,DGC,31.2,31.2,31.2,31.2,31.2,35.1,100.0,100.0,0.0,3120000.0,0.0,0.0,0.0,0.0,0.0,3.0,1200.0,4.0,1600.0,8.83642490884494,16401089.0,,,,1000.0
2015-01-28T00:00:00,DGC,34.3,34.3,34.3,34.3,34.3,31.2,100.0,100.0,0.0,3430000.0,0.0,0.0,0.0,0.0,0.0,3.0,700.0,1.0,100.0,8.83642490884494,16401089.0,,,,1000.0
2015-01-29T00:00:00,DGC,35.2,35.2,35.2,35.2,35.2,34.3,100.0,100.0,0.0,3520000.0,0.0,0.0,0.0,0.0,0.0,3.0,700.0,4.0,1300.0,8.83642490884494,16401089.0,,,,1000.0
2015-01-30T00:00:00,DGC,35.2,35.2,35.2,35.2,35.2,35.2,0.0,0.0,0.0,0.0,0.0,0.0,0.0,0.0,0.0,1.0,100.0,5.0,1700.0,8.83642490884494,16401089.0,,,,1000.0
2015-02-02T00:00:00,DGC,35.2,35.2,35.2,35.2,35.2,35.2,800.0,800.0,0.0,28160000.0,0.0,0.0,0.0,0.0,0.0,3.0,1900.0,4.0,1300.0,8.83642490884494,16401089.0,,,,1000.0
2015-02-03T00:00:00,DGC,35.2,35.2,35.2,35.2,35.2,35.2,0.0,0.0,0.0,0.0,0.0,0.0,0.0,0.0,0.0,1.0,500.0,4.0,2500.0,8.83642490884494,16401089.0,,,,1000.0
2015-02-04T00:00:00,DGC,35.2,35.2,35.2,35.2,35.2,35.2,0.0,0.0,0.0,0.0,0.0,0.0,0.0,0.0,0.0,0.0,0.0,2.0,400.0,8.83642490884494,16401089.0,,,,1000.0
2015-02-05T00:00:00,DGC,35.2,35.2,35.2,35.2,35.2,35.2,200.0,200.0,0.0,7040000.0,0.0,0.0,0.0,0.0,0.0,3.0,800.0,4.0,2900.0,8.83642490884494,16401089.0,,,,1000.0
2015-02-06T00:00:00,DGC,38.7,35.2,38.7,36.275,35.2,35.2,400.0,400.0,0.0,14510000.0,0.0,0.0,0.0,0.0,0.0,5.0,700.0,5.0,2500.0,8.83642490884494,16401089.0,,,,1000.0
2015-02-09T00:00:00,DGC,36.9,36.9,36.9,36.9,36.9,35.2,100.0,100.0,0.0,3690000.0,0.0,0.0,0.0,0.0,0.0,1.0,100.0,6.0,8000.0,8.83642490884494,16401089.0,,,,1000.0
2015-02-10T00:00:00,DGC,35.2,35.2,35.2,35.2,35.2,36.9,300.0,300.0,0.0,10560000.0,0.0,0.0,0.0,0.0,0.0,1.0,300.0,7.0,3900.0,8.83642490884494,16401089.0,,,,1000.0
2015-02-11T00:00:00,DGC,36.2,36.2,36.2,36.2,36.2,35.2,100.0,100.0,0.0,3620000.0,0.0,0.0,0.0,0.0,0.0,2.0,200.0,7.0,8900.0,8.83642490884494,16401089.0,,,,1000.0
2015-02-12T00:00:00,DGC,36.2,36.2,36.2,36.2,36.2,36.2,0.0,0.0,0.0,0.0,0.0,0.0,0.0,0.0,0.0,0.0,0.0,6.0,5500.0,8.83642490884494,16401089.0,,,,1000.0
2015-02-13T00:00:00,DGC,36.2,36.2,36.2,36.2,36.2,36.2,0.0,0.0,0.0,0.0,0.0,0.0,0.0,0.0,0.0,0.0,0.0,7.0,7900.0,8.83642490884494,16401089.0,,,,1000.0
2015-02-24T00:00:00,DGC,36.2,36.2,36.2,36.2,36.2,36.2,0.0,0.0,0.0,0.0,0.0,0.0,0.0,0.0,0.0,1.0,100.0,5.0,16400.0,8.83642490884494,16401089.0,,,,1000.0
2015-02-25T00:00:00,DGC,36.2,36.2,36.2,36.2,36.2,36.2,0.0,0.0,0.0,0.0,0.0,0.0,0.0,0.0,0.0,0.0,0.0,4.0,11800.0,8.83642490884494,16401089.0,,,,1000.0
2015-02-26T00:00:00,DGC,32.7,32.7,32.7,32.7,32.7,36.2,1100.0,1100.0,0.0,35970000.0,0.0,0.0,0.0,0.0,0.0,7.0,2300.0,4.0,6300.0,8.83642490884494,16401089.0,,,,1000.0
2015-02-27T00:00:00,DGC,32.7,32.7,32.7,32.7,32.7,32.7,0.0,0.0,0.0,0.0,0.0,0.0,0.0,0.0,0.0,3.0,1700.0,1.0,5000.0,8.83642490884494,16401089.0,,,,1000.0
2015-03-02T00:00:00,DGC,33.2,31.0,31.0,31.0,33.2,32.7,1500.0,1500.0,0.0,46500000.0,0.0,0.0,0.0,0.0,0.0,4.0,2700.0,7.0,3400.0,8.83642490884494,16401089.0,,,,1000.0
2015-03-03T00:00:00,DGC,33.0,31.2,31.2,31.2,33.0,33.2,2000.0,2000.0,0.0,62400000.0,0.0,0.0,0.0,0.0,0.0,7.0,4600.0,4.0,6000.0,8.83642490884494,16401089.0,,,,1000.0
2015-03-04T00:00:00,DGC,34.4,33.5,33.5,34.064,34.4,33.0,2800.0,2800.0,0.0,95379200.0,0.0,0.0,0.0,0.0,0.0,7.0,4000.0,7.0,4400.0,8.83642490884494,16401089.0,,,,1000.0
2015-03-05T00:00:00,DGC,34.4,33.5,34.4,33.8,33.5,34.4,600.0,600.0,0.0,20280000.0,0.0,0.0,0.0,0.0,0.0,3.0,900.0,5.0,4100.0,8.83642490884494,16401089.0,,,,1000.0
2015-03-06T00:00:00,DGC,33.5,33.5,33.5,33.5,33.5,33.5,0.0,0.0,0.0,0.0,0.0,0.0,0.0,0.0,0.0,2.0,300.0,4.0,1900.0,8.83642490884494,16401089.0,,,,1000.0
2015-03-09T00:00:00,DGC,33.5,33.5,33.5,33.5,33.5,33.5,0.0,0.0,0.0,0.0,0.0,0.0,0.0,0.0,0.0,1.0,200.0,6.0,7400.0,8.83642490884494,16401089.0,,,,1000.0
2015-03-10T00:00:00,DGC,33.5,33.5,33.5,33.5,33.5,33.5,600.0,600.0,0.0,20100000.0,0.0,0.0,0.0,0.0,0.0,4.0,4700.0,5.0,12200.0,8.83642490884494,16401089.0,,,,1000.0
2015-03-11T00:00:00,DGC,33.5,33.5,33.5,33.5,33.5,33.5,0.0,0.0,0.0,0.0,0.0,0.0,0.0,0.0,0.0,4.0,4200.0,2.0,6000.0,8.83642490884494,16401089.0,,,,1000.0
2015-03-12T00:00:00,DGC,33.5,33.5,33.5,33.5,33.5,33.5,1000.0,1000.0,0.0,33500000.0,0.0,0.0,0.0,0.0,0.0,3.0,2200.0,3.0,7000.0,8.83642490884494,16401089.0,,,,1000.0
2015-03-13T00:00:00,DGC,33.5,33.5,33.5,33.5,33.5,33.5,0.0,0.0,0.0,0.0,0.0,0.0,0.0,0.0,0.0,2.0,300.0,3.0,6000.0,8.83642490884494,16401089.0,,,,1000.0
2015-03-16T00:00:00,DGC,33.5,33.5,33.5,33.5,33.5,33.5,100.0,100.0,0.0,3350000.0,0.0,0.0,0.0,0.0,0.0,2.0,300.0,7.0,9500.0,8.83642490884494,16401089.0,,,,1000.0
2015-03-17T00:00:00,DGC,33.5,33.5,33.5,33.5,33.5,33.5,0.0,0.0,0.0,0.0,0.0,0.0,0.0,0.0,0.0,1.0,200.0,5.0,7500.0,8.83642490884494,16401089.0,,,,1000.0
2015-03-18T00:00:00,DGC,33.1,30.2,30.3,30.717,33.1,33.5,600.0,600.0,0.0,18430200.0,0.0,0.0,0.0,0.0,0.0,6.0,2100.0,8.0,9500.0,8.83642490884494,16401089.0,,,,1000.0
2015-03-19T00:00:00,DGC,32.0,32.0,32.0,32.0,32.0,33.1,500.0,500.0,0.0,16000000.0,0.0,0.0,0.0,0.0,0.0,1.0,1000.0,5.0,7900.0,8.83642490884494,16401089.0,,,,1000.0
2015-03-20T00:00:00,DGC,32.0,32.0,32.0,32.0,32.0,32.0,500.0,500.0,0.0,16000000.0,0.0,0.0,0.0,0.0,0.0,4.0,4000.0,6.0,3900.0,8.83642490884494,16401089.0,,,,1000.0
2015-03-23T00:00:00,DGC,33.0,33.0,33.0,33.0,33.0,32.0,2006.0,2000.0,6.0,66172800.0,172800.0,0.0,0.0,0.0,0.0,5.0,4000.0,5.0,8900.0,8.83642490884494,16401089.0,,,,1000.0
2015-03-24T00:00:00,DGC,33.5,33.5,33.5,33.5,33.5,33.0,1000.0,1000.0,0.0,33500000.0,0.0,0.0,0.0,0.0,0.0,5.0,5500.0,8.0,8400.0,8.83642490884494,16401089.0,,,,1000.0
2015-03-25T00:00:00,DGC,34.8,34.4,34.4,34.576,34.5,33.5,1700.0,1700.0,0.0,58779200.0,0.0,0.0,0.0,0.0,0.0,5.0,2400.0,10.0,19500.0,8.83642490884494,16401089.0,,,,1000.0
2015-03-26T00:00:00,DGC,34.5,34.5,34.5,34.5,34.5,34.5,0.0,0.0,0.0,0.0,0.0,0.0,0.0,0.0,0.0,0.0,0.0,6.0,22000.0,8.83642490884494,16401089.0,,,,1000.0
2015-03-27T00:00:00,DGC,34.8,34.8,34.8,34.8,34.8,34.5,900.0,900.0,0.0,31320000.0,0.0,0.0,0.0,0.0,0.0,6.0,1400.0,6.0,12000.0,8.83642490884494,16401089.0,,,,1000.0
2015-03-30T00:00:00,DGC,38.2,34.8,34.8,35.48,38.2,34.8,500.0,500.0,0.0,17740000.0,0.0,0.0,0.0,0.0,0.0,5.0,1600.0,8.0,8800.0,8.83642490884494,16401089.0,,,,1000.0
2015-03-31T00:00:00,DGC,38.2,38.2,38.2,38.2,38.2,38.2,0.0,0.0,0.0,0.0,0.0,0.0,0.0,0.0,0.0,1.0,1000.0,8.0,8800.0,8.83642490884494,16401089.0,,,,1000.0
2015-04-01T00:00:00,DGC,35.0,35.0,35.0,35.0,35.0,38.2,1000.0,1000.0,0.0,35000000.0,0.0,0.0,0.0,0.0,0.0,1.0,1000.0,7.0,3900.0,8.83642490884494,16401089.0,,,,1000.0
2015-04-02T00:00:00,DGC,35.0,35.0,35.0,35.0,35.0,35.0,600.0,600.0,0.0,21000000.0,0.0,0.0,0.0,0.0,0.0,2.0,600.0,4.0,2400.0,8.83642490884494,16401089.0,,,,1000.0
2015-04-03T00:00:00,DGC,35.0,35.0,35.0,35.0,35.0,35.0,0.0,0.0,0.0,0.0,0.0,0.0,0.0,0.0,0.0,2.0,2000.0,5.0,2500.0,8.83642490884494,16401089.0,,,,1000.0
2015-04-06T00:00:00,DGC,35.0,34.5,35.0,34.591,34.5,35.0,2200.0,2200.0,0.0,76100200.0,0.0,0.0,0.0,0.0,0.0,4.0,3200.0,7.0,4500.0,8.83642490884494,16401089.0,,,,1000.0
2015-04-07T00:00:00,DGC,35.0,35.0,35.0,35.0,35.0,34.5,100.0,100.0,0.0,3500000.0,0.0,0.0,0.0,0.0,0.0,3.0,1100.0,2.0,3000.0,8.83642490884494,16401089.0,,,,1000.0
2015-04-08T00:00:00,DGC,35.0,35.0,35.0,35.0,35.0,35.0,300.0,300.0,0.0,10500000.0,0.0,0.0,0.0,0.0,0.0,4.0,1300.0,7.0,7400.0,8.83642490884494,16401089.0,,,,1000.0
2015-04-09T00:00:00,DGC,34.0,34.0,34.0,34.0,34.0,35.0,1400.0,1400.0,0.0,47600000.0,0.0,0.0,0.0,0.0,0.0,4.0,3500.0,5.0,19400.0,8.83642490884494,16401089.0,,,,1000.0
2015-04-10T00:00:00,DGC,34.1,34.0,34.1,34.05,34.0,34.0,3000.0,3000.0,0.0,102150000.0,0.0,0.0,0.0,0.0,0.0,7.0,6500.0,5.0,21700.0,8.83642490884494,16401089.0,,,,1000.0
2015-04-13T00:00:00,DGC,34.2,34.0,34.2,34.058,34.0,34.0,6000.0,6000.0,0.0,204348000.0,0.0,0.0,0.0,0.0,0.0,7.0,6500.0,7.0,24800.0,8.83642490884494,16401089.0,,,,1000.0
2015-04-14T00:00:00,DGC,37.4,34.0,37.4,34.206,34.0,34.0,3100.0,3100.0,0.0,106038600.0,0.0,0.0,0.0,0.0,0.0,6.0,3900.0,9.0,16400.0,8.83642490884494,16401089.0,,,,1000.0
2015-04-15T00:00:00,DGC,34.0,33.0,33.0,33.367,34.0,34.0,1200.0,1200.0,0.0,40040400.0,0.0,0.0,0.0,0.0,0.0,7.0,2300.0,7.0,24000.0,8.83642490884494,16401089.0,,,,1000.0
2015-04-16T00:00:00,DGC,34.9,33.0,33.0,33.431,34.9,34.0,1600.0,1600.0,0.0,53489600.0,0.0,0.0,0.0,0.0,0.0,6.0,2700.0,7.0,21300.0,8.83642490884494,16401089.0,,,,1000.0
2015-04-17T00:00:00,DGC,37.3,34.0,34.0,34.457,37.3,34.9,700.0,700.0,0.0,24119900.0,0.0,0.0,0.0,0.0,0.0,6.0,2300.0,10.0,40900.0,8.83642490884494,16401089.0,,,,1000.0
2015-04-20T00:00:00,DGC,41.0,34.0,41.0,34.7,35.4,37.3,1200.0,1200.0,0.0,41640000.0,0.0,0.0,0.0,0.0,0.0,4.0,1300.0,14.0,34500.0,8.83642490884494,16401089.0,,,,1000.0
2015-04-21T00:00:00,DGC,37.9,37.9,37.9,37.9,37.9,35.4,100.0,100.0,0.0,3790000.0,0.0,0.0,0.0,0.0,0.0,4.0,900.0,9.0,101900.0,8.83642490884494,16401089.0,,,,1000.0
2015-04-22T00:00:00,DGC,37.9,37.9,37.9,37.9,37.9,37.9,0.0,0.0,0.0,0.0,0.0,0.0,0.0,0.0,0.0,0.0,0.0,8.0,23200.0,8.83642490884494,16401089.0,,,,1000.0
2015-04-23T00:00:00,DGC,37.9,37.9,37.9,37.9,37.9,37.9,10.0,10.0,0.0,379000.0,0.0,0.0,0.0,0.0,0.0,1.0,100.0,8.0,23100.0,8.83642490884494,16401089.0,,,,1000.0
2015-04-24T00:00:00,DGC,39.9,34.2,39.9,36.167,34.9,37.9,400.0,400.0,0.0,14466800.0,0.0,0.0,0.0,0.0,0.0,4.0,400.0,9.0,12200.0,8.83642490884494,16401089.0,,,,1000.0
2015-04-27T00:00:00,DGC,34.0,33.0,33.0,33.843,34.0,34.9,700.0,700.0,0.0,23690100.0,0.0,500.0,17000000.0,0.0,0.0,5.0,1200.0,5.0,16200.0,8.83642490884494,16400589.0,,,,1000.0
2015-05-04T00:00:00,DGC,34.0,34.0,34.0,34.0,34.0,34.0,0.0,0.0,0.0,0.0,0.0,0.0,0.0,0.0,0.0,4.0,2400.0,3.0,14600.0,8.83642490884494,16400589.0,,,,1000.0
2015-05-05T00:00:00,DGC,34.9,32.6,34.9,33.75,32.6,34.0,200.0,200.0,0.0,6750000.0,0.0,0.0,0.0,0.0,0.0,7.0,3100.0,7.0,31000.0,8.83642490884494,16400589.0,,,,1000.0
2015-05-06T00:00:00,DGC,33.4,33.2,33.4,33.3,33.3,32.6,5200.0,5200.0,0.0,173160000.0,0.0,5000.0,166500000.0,0.0,0.0,6.0,7500.0,7.0,7900.0,8.83642490884494,16395589.0,,,,1000.0
2015-05-07T00:00:00,DGC,36.6,34.0,35.8,34.085,34.0,33.3,5269.0,5269.0,0.0,179593865.0,0.0,5000.0,170000000.0,0.0,0.0,5.0,6700.0,9.0,11200.0,8.83642490884494,16390589.0,,,,1000.0
2015-05-08T00:00:00,DGC,34.0,34.0,34.0,34.0,34.0,34.0,0.0,0.0,0.0,0.0,0.0,0.0,0.0,0.0,0.0,2.0,600.0,6.0,15200.0,8.83642490884494,16390589.0,,,,1000.0
2015-05-11T00:00:00,DGC,33.8,33.0,33.8,33.8,33.0,34.0,1500.0,1500.0,0.0,50700000.0,0.0,1500.0,50300000.0,0.0,0.0,3.0,2000.0,6.0,10900.0,8.83642490884494,16389089.0,,,,1000.0
2015-05-12T00:00:00,DGC,33.5,33.0,33.0,33.065,33.0,33.0,9200.0,9200.0,0.0,304198000.0,0.0,3000.0,99000000.0,0.0,0.0,11.0,13500.0,11.0,10400.0,8.83642490884494,16386089.0,,,,1000.0
2015-05-13T00:00:00,DGC,36.3,36.3,36.3,36.3,36.3,33.0,100.0,100.0,0.0,3630000.0,0.0,0.0,0.0,0.0,0.0,5.0,3400.0,6.0,10100.0,8.83642490884494,16386089.0,,,,1000.0
2015-05-14T00:00:00,DGC,39.9,34.5,39.9,35.592,34.5,36.3,1200.0,1200.0,0.0,42710400.0,0.0,1000.0,34750000.0,0.0,0.0,5.0,1300.0,14.0,21500.0,8.83642490884494,16385089.0,,,,1000.0
2015-05-15T00:00:00,DGC,34.5,34.5,34.5,34.5,34.5,34.5,0.0,0.0,0.0,0.0,0.0,0.0,0.0,0.0,0.0,3.0,2300.0,7.0,5300.0,8.83642490884494,16385089.0,,,,1000.0
2015-05-18T00:00:00,DGC,37.8,31.5,37.8,33.44,33.2,34.5,500.0,500.0,0.0,16720000.0,0.0,0.0,0.0,0.0,0.0,4.0,2300.0,12.0,20900.0,8.83642490884494,16385089.0,,,,1000.0
2015-05-19T00:00:00,DGC,36.5,33.0,36.5,33.307,33.2,33.2,4610.0,4610.0,0.0,153545270.0,0.0,0.0,0.0,0.0,0.0,8.0,6900.0,10.0,22700.0,8.83642490884494,16385089.0,,,,1000.0
2015-05-20T00:00:00,DGC,33.2,33.2,33.2,33.2,33.2,33.2,0.0,0.0,0.0,0.0,0.0,0.0,0.0,0.0,0.0,5.0,2500.0,4.0,11500.0,8.83642490884494,16385089.0,,,,1000.0
2015-05-21T00:00:00,DGC,36.4,31.6,33.1,33.467,31.6,33.2,1000.0,1000.0,0.0,33467000.0,0.0,0.0,0.0,0.0,0.0,9.0,3700.0,8.0,14100.0,8.83642490884494,16385089.0,,,,1000.0
2015-05-22T00:00:00,DGC,34.0,31.1,31.1,31.856,34.0,31.6,7100.0,7100.0,0.0,226177600.0,0.0,100.0,3100000.0,0.0,0.0,23.0,13300.0,8.0,12600.0,8.83642490884494,16384989.0,,,,1000.0
2015-05-25T00:00:00,DGC,33.5,33.5,33.5,33.5,33.5,34.0,100.0,100.0,0.0,3350000.0,0.0,0.0,0.0,0.0,0.0,8.0,4700.0,9.0,19100.0,8.83642490884494,16384989.0,,,,1000.0
2015-05-26T00:00:00,DGC,36.8,33.0,36.8,33.345,33.0,33.5,1100.0,1100.0,0.0,36679500.0,0.0,0.0,0.0,0.0,0.0,11.0,7400.0,7.0,22800.0,8.83642490884494,16384989.0,,,,1000.0
2015-05-27T00:00:00,DGC,34.8,33.5,34.8,33.825,33.5,33.0,800.0,800.0,0.0,27060000.0,0.0,0.0,0.0,0.0,0.0,7.0,4400.0,6.0,1400.0,8.83642490884494,16384989.0,,,,1000.0
2015-05-28T00:00:00,DGC,33.0,33.0,33.0,33.0,33.0,33.5,1600.0,1600.0,0.0,52800000.0,0.0,0.0,0.0,0.0,0.0,15.0,5800.0,4.0,3700.0,8.83642490884494,16384989.0,,,,1000.0
2015-05-29T00:00:00,DGC,33.1,33.0,33.0,33.053,33.1,33.0,1900.0,1900.0,0.0,62800700.0,0.0,0.0,0.0,0.0,0.0,8.0,5800.0,10.0,3000.0,8.83642490884494,16384989.0,,,,1000.0
2015-06-01T00:00:00,DGC,35.0,33.5,34.4,33.718,33.5,33.1,1200.0,1200.0,0.0,40461600.0,0.0,0.0,0.0,0.0,0.0,13.0,8200.0,10.0,20800.0,8.83642490884494,16384989.0,,,,1000.0
2015-06-02T00:00:00,DGC,33.6,33.2,33.5,33.5,33.2,33.5,2900.0,2900.0,0.0,97150000.0,0.0,0.0,0.0,0.0,0.0,11.0,7900.0,8.0,11500.0,8.83642490884494,16384989.0,,,,1000.0
2015-06-03T00:00:00,DGC,36.4,33.3,33.3,33.529,34.8,33.2,3200.0,3200.0,0.0,107292800.0,0.0,0.0,0.0,0.0,0.0,11.0,6400.0,10.0,9600.0,8.83642490884494,16384989.0,,,,1000.0
2015-06-04T00:00:00,DGC,38.2,34.0,38.2,34.323,34.0,34.8,1300.0,1300.0,0.0,44619900.0,0.0,0.0,0.0,0.0,0.0,11.0,9100.0,16.0,25600.0,8.83642490884494,16384989.0,,,,1000.0
2015-06-05T00:00:00,DGC,29.7,27.5,28.0,28.145,28.1,34.0,4100.0,4100.0,0.0,115394500.0,0.0,0.0,0.0,200.0,5700000.0,10.0,5200.0,11.0,7600.0,7.017160957023918,16384989.0,,,,1000.0
2015-06-08T00:00:00,DGC,30.9,28.2,28.2,28.222,30.9,28.1,6000.0,6000.0,0.0,169332000.0,0.0,0.0,0.0,0.0,0.0,12.0,11400.0,5.0,6000.0,7.017160957023918,16384989.0,,,,1000.0
2015-06-09T00:00:00,DGC,28.5,28.0,28.2,28.093,28.5,30.9,2500.0,2500.0,0.0,70232500.0,0.0,0.0,0.0,0.0,0.0,8.0,11500.0,11.0,13200.0,7.017160957023918,16384989.0,,,,1000.0
2015-06-10T00:00:00,DGC,31.2,28.5,31.2,28.595,28.5,28.5,5700.0,5700.0,0.0,162991500.0,0.0,0.0,0.0,0.0,0.0,10.0,13200.0,11.0,15600.0,7.017160957023918,16384989.0,,,,1000.0
2015-06-11T00:00:00,DGC,30.5,28.5,30.5,28.762,28.5,28.5,3200.0,3200.0,0.0,92038400.0,0.0,0.0,0.0,0.0,0.0,8.0,8000.0,16.0,11200.0,7.017160957023918,16385189.0,,,,1000.0
2015-06-12T00:00:00,DGC,30.0,28.5,29.9,29.994,28.5,28.5,6900.0,6900.0,0.0,206958600.0,0.0,0.0,0.0,0.0,0.0,8.0,15300.0,6.0,10100.0,7.017160957023918,16385189.0,,,,1000.0
2015-06-15T00:00:00,DGC,28.8,28.5,28.5,28.55,28.5,28.5,3000.0,3000.0,0.0,85650000.0,0.0,0.0,0.0,0.0,0.0,10.0,12200.0,9.0,11400.0,7.017160957023918,16385189.0,,,,1000.0
2015-06-16T00:00:00,DGC,29.9,28.5,28.5,28.579,28.5,28.5,7500.0,7500.0,0.0,214342500.0,0.0,0.0,0.0,0.0,0.0,9.0,15600.0,10.0,12000.0,7.017160957023918,16385189.0,,,,1000.0
2015-06-17T00:00:00,DGC,31.2,27.9,31.2,29.5,29.4,28.5,300.0,300.0,0.0,8850000.0,0.0,0.0,0.0,0.0,0.0,6.0,5300.0,11.0,11600.0,7.017160957023918,16385189.0,,,,1000.0
2015-06-18T00:00:00,DGC,28.7,27.8,28.5,28.014,28.7,29.4,4300.0,4300.0,0.0,120460200.0,0.0,2100.0,58380000.0,0.0,0.0,6.0,59200.0,12.0,40900.0,7.017160957023918,16383089.0,,,,1000.0
2015-06-19T00:00:00,DGC,28.5,28.0,28.5,28.026,28.1,28.7,11500.0,11500.0,0.0,322299000.0,0.0,0.0,0.0,0.0,0.0,8.0,18900.0,14.0,32800.0,7.017160957023918,16383089.0,,,,1000.0
2015-06-22T00:00:00,DGC,29.4,28.0,28.0,28.027,29.4,28.1,4900.0,4900.0,0.0,137332300.0,0.0,0.0,0.0,0.0,0.0,13.0,12600.0,10.0,9600.0,7.017160957023918,16383089.0,,,,1000.0
2015-06-23T00:00:00,DGC,27.9,27.0,27.9,27.68,27.9,29.4,4100.0,4100.0,0.0,113488000.0,0.0,0.0,0.0,0.0,0.0,10.0,12100.0,14.0,24000.0,7.017160957023918,16383089.0,,,,1000.0
2015-06-24T00:00:00,DGC,27.6,27.0,27.5,27.248,27.6,27.9,3100.0,3100.0,0.0,84468800.0,0.0,900.0,24300000.0,0.0,0.0,10.0,24200.0,10.0,17500.0,7.017160957023918,16382189.0,,,,1000.0
2015-06-25T00:00:00,DGC,27.6,27.6,27.6,27.6,27.6,27.6,11400.0,11400.0,0.0,314640000.0,0.0,11300.0,311830000.0,10900.0,300840000.0,11.0,37600.0,6.0,13300.0,7.017160957023918,16370889.0,,,,1000.0
2015-06-26T00:00:00,DGC,27.6,27.6,27.6,27.6,27.6,27.6,3700.0,3700.0,0.0,102120000.0,0.0,3700.0,102120000.0,0.0,0.0,3.0,10200.0,8.0,12700.0,7.017160957023918,16367189.0,,,,1000.0
2015-06-29T00:00:00,DGC,29.9,27.6,27.6,27.763,27.7,27.6,2000.0,2000.0,0.0,55526000.0,0.0,1000.0,27600000.0,0.0,0.0,11.0,24800.0,11.0,12400.0,7.017160957023918,16366189.0,,,,1000.0
2015-06-30T00:00:00,DGC,29.9,27.9,28.0,28.03,28.0,27.7,4800.0,4800.0,0.0,134544000.0,0.0,2400.0,67200000.0,0.0,0.0,12.0,22000.0,11.0,19400.0,7.017160957023918,16363789.0,,,,1000.0
2015-07-01T00:00:00,DGC,29.0,28.0,28.0,28.857,29.0,28.0,3500.0,3500.0,0.0,100999500.0,0.0,500.0,14000000.0,0.0,0.0,4.0,12500.0,8.0,9500.0,7.017160957023918,16374189.0,,,,1000.0
2015-07-02T00:00:00,DGC,28.3,27.0,28.0,27.936,28.3,29.0,7300.0,7300.0,0.0,203932800.0,0.0,7100.0,198400000.0,0.0,0.0,10.0,32400.0,14.0,14800.0,7.017160957023918,16367089.0,,,,1000.0
2015-07-03T00:00:00,DGC,28.0,28.0,28.0,28.0,28.0,28.3,17200.0,17200.0,0.0,481600000.0,0.0,10000.0,280000000.0,0.0,0.0,12.0,39900.0,14.0,29700.0,7.017160957023918,16357089.0,,,,1000.0
2015-07-06T00:00:00,DGC,28.0,28.0,28.0,28.0,28.0,28.0,28500.0,28500.0,0.0,798000000.0,0.0,5000.0,140000000.0,0.0,0.0,8.0,36500.0,18.0,99300.0,7.017160957023918,16352089.0,,,,1000.0
2015-07-07T00:00:00,DGC,28.0,27.9,28.0,27.999,27.9,28.0,7400.0,7400.0,0.0,207192600.0,0.0,7300.0,204400000.0,0.0,0.0,6.0,20700.0,13.0,62400.0,7.017160957023918,16344789.0,,,,1000.0
2015-07-08T00:00:00,DGC,27.9,27.6,27.9,27.728,27.6,27.9,13800.0,13800.0,0.0,382646400.0,0.0,8700.0,240860000.0,0.0,0.0,6.0,38500.0,11.0,49700.0,7.017160957023918,16336089.0,,,,1000.0
2015-07-09T00:00:00,DGC,27.6,27.6,27.6,27.6,27.6,27.6,7900.0,7900.0,0.0,218040000.0,0.0,7400.0,204240000.0,0.0,0.0,11.0,37400.0,7.0,20800.0,7.017160957023918,16328689.0,,,,1000.0
2015-07-10T00:00:00,DGC,27.5,27.3,27.3,27.4,27.4,27.6,9000.0,9000.0,0.0,246600000.0,0.0,2000.0,54600000.0,0.0,0.0,7.0,38300.0,11.0,18800.0,7.017160957023918,16326689.0,,,,1000.0
2015-07-13T00:00:00,DGC,27.3,27.2,27.3,27.262,27.3,27.4,7800.0,7800.0,0.0,212643600.0,0.0,3800.0,103740000.0,0.0,0.0,9.0,27300.0,12.0,14900.0,7.017160957023918,16322889.0,,,,1000.0
2015-07-14T00:00:00,DGC,27.3,27.2,27.2,27.279,27.3,27.3,6300.0,6300.0,0.0,171857700.0,0.0,6300.0,171860000.0,0.0,0.0,4.0,20800.0,16.0,22200.0,7.017160957023918,16316589.0,,,,1000.0
2015-07-15T00:00:00,DGC,28.0,27.2,27.3,27.441,27.2,27.3,5600.0,5600.0,0.0,153669600.0,0.0,100.0,2720000.0,0.0,0.0,6.0,18100.0,10.0,10800.0,7.017160957023918,16316489.0,,,,1000.0
2015-07-16T00:00:00,DGC,27.3,26.5,27.3,27.105,26.5,27.2,11500.0,11500.0,0.0,311707500.0,0.0,8800.0,239360000.0,0.0,0.0,9.0,26700.0,6.0,21000.0,7.017160957023918,16307689.0,,,,1000.0
2015-07-17T00:00:00,DGC,27.9,27.0,27.0,27.043,27.9,26.5,2100.0,2100.0,0.0,56790300.0,0.0,0.0,0.0,0.0,0.0,7.0,11100.0,4.0,10000.0,7.017160957023918,16307689.0,,,,1000.0
2015-07-20T00:00:00,DGC,27.7,27.0,27.0,27.573,27.5,27.9,2600.0,2600.0,0.0,71689800.0,0.0,100.0,2700000.0,0.0,0.0,10.0,23800.0,12.0,15000.0,7.017160957023918,16307589.0,,,,1000.0
2015-07-21T00:00:00,DGC,27.7,27.5,27.5,27.609,27.7,27.5,5500.0,5500.0,0.0,151849500.0,0.0,0.0,0.0,0.0,0.0,9.0,44800.0,12.0,11500.0,7.017160957023918,16307589.0,,,,1000.0
2015-07-22T00:00:00,DGC,27.5,27.5,27.5,27.5,27.5,27.7,6700.0,6700.0,0.0,184250000.0,0.0,3700.0,101750000.0,0.0,0.0,3.0,14700.0,16.0,13500.0,7.017160957023918,16303889.0,,,,1000.0
2015-07-23T00:00:00,DGC,30.2,28.0,30.2,28.034,28.0,27.5,6500.0,6500.0,0.0,182221000.0,0.0,0.0,0.0,0.0,0.0,10.0,18000.0,18.0,26100.0,7.017160957023918,16303889.0,,,,1000.0
2015-07-24T00:00:00,DGC,28.7,28.0,28.0,28.01,28.0,28.0,18700.0,18700.0,0.0,523787000.0,0.0,7300.0,204400000.0,0.0,0.0,15.0,24700.0,18.0,33100.0,7.017160957023918,20556652.0,,,,1000.0
2015-07-27T00:00:00,DGC,28.0,28.0,28.0,28.0,28.0,28.0,3700.0,3700.0,0.0,103600000.0,0.0,3700.0,103600000.0,0.0,0.0,4.0,11700.0,10.0,36700.0,7.017160957023918,20552952.0,,,,1000.0
2015-07-28T00:00:00,DGC,28.0,27.8,28.0,28.0,27.8,28.0,2400.0,2400.0,0.0,67200000.0,0.0,1900.0,52820000.0,0.0,0.0,10.0,13200.0,6.0,18900.0,7.017160957023918,20551052.0,,,,1000.0
2015-07-29T00:00:00,DGC,27.8,27.5,27.5,27.5,27.8,27.8,600.0,600.0,0.0,16500000.0,0.0,500.0,13750000.0,0.0,0.0,7.0,27400.0,6.0,17100.0,7.017160957023918,20550552.0,,,,1000.0
2015-07-30T00:00:00,DGC,28.0,27.8,27.8,27.899,27.9,27.8,9300.0,9300.0,0.0,259460700.0,0.0,0.0,0.0,0.0,0.0,6.0,24600.0,8.0,22200.0,7.017160957023918,20550552.0,,,,1000.0
2015-07-31T00:00:00,DGC,27.9,27.5,27.9,27.717,27.9,27.9,14100.0,14100.0,0.0,390809700.0,0.0,3700.0,103230000.0,0.0,0.0,9.0,35400.0,5.0,27100.0,7.017160957023918,20546852.0,,,,1000.0
2015-08-03T00:00:00,DGC,28.2,27.8,28.0,27.896,28.2,27.9,2500.0,2500.0,0.0,69740000.0,0.0,1000.0,28000000.0,0.0,0.0,5.0,6200.0,8.0,12900.0,7.017160957023918,20545852.0,,,,1000.0
2015-08-04T00:00:00,DGC,27.8,27.8,27.8,27.8,27.8,28.2,500.0,500.0,0.0,13900000.0,0.0,500.0,13900000.0,0.0,0.0,4.0,8700.0,11.0,16300.0,7.017160957023918,20545352.0,,,,1000.0
2015-08-05T00:00:00,DGC,27.8,27.8,27.8,27.8,27.8,27.8,2000.0,2000.0,0.0,55600000.0,0.0,0.0,0.0,0.0,0.0,2.0,9400.0,8.0,9900.0,7.017160957023918,20545352.0,,,,1000.0
2015-08-06T00:00:00,DGC,27.9,27.8,27.8,27.855,27.9,27.8,2200.0,2200.0,0.0,61281000.0,0.0,1000.0,27800000.0,0.0,0.0,4.0,9700.0,6.0,2600.0,7.017160957023918,20544352.0,,,,1000.0
2015-08-07T00:00:00,DGC,30.6,27.8,27.8,27.839,30.2,27.9,7200.0,7200.0,0.0,200440800.0,0.0,3700.0,102860000.0,0.0,0.0,11.0,19200.0,13.0,24100.0,7.017160957023918,20540652.0,,,,1000.0
2015-08-10T00:00:00,DGC,28.5,28.1,28.2,28.193,28.5,30.2,5500.0,5500.0,0.0,155061500.0,0.0,0.0,0.0,0.0,0.0,8.0,21000.0,15.0,13400.0,7.017160957023918,20540652.0,,,,1000.0
2015-08-11T00:00:00,DGC,28.2,28.0,28.2,28.125,28.1,28.5,12900.0,12900.0,0.0,362812500.0,0.0,3700.0,103970000.0,0.0,0.0,23.0,27600.0,19.0,19900.0,7.017160957023918,20536952.0,,,,1000.0
2015-08-12T00:00:00,DGC,28.0,27.0,28.0,27.829,28.0,28.1,14500.0,14500.0,0.0,403520500.0,0.0,3700.0,103590000.0,0.0,0.0,10.0,25300.0,18.0,19400.0,7.017160957023918,20533252.0,,,,1000.0
2015-08-13T00:00:00,DGC,28.0,27.9,28.0,27.98,28.0,28.0,25600.0,25600.0,0.0,716288000.0,0.0,0.0,0.0,0.0,0.0,19.0,43900.0,22.0,33600.0,7.017160957023918,20533252.0,,,,1000.0
2015-08-14T00:00:00,DGC,28.2,28.0,28.0,28.081,28.2,28.0,4760.0,4760.0,0.0,133665560.0,0.0,0.0,0.0,0.0,0.0,11.0,16300.0,16.0,12400.0,7.017160957023918,20533252.0,,,,1000.0
2015-08-17T00:00:00,DGC,28.0,28.0,28.0,28.0,28.0,28.2,16000.0,6000.0,10000.0,458000000.0,290000000.0,3700.0,103600000.0,0.0,0.0,6.0,11100.0,10.0,13800.0,7.017160957023918,20529552.0,,,,1000.0
2015-08-18T00:00:00,DGC,28.2,28.0,28.0,28.135,28.2,28.0,22000.0,22000.0,0.0,618970000.0,0.0,3700.0,103600000.0,0.0,0.0,7.0,27900.0,24.0,80400.0,7.017160957023918,20525852.0,,,,1000.0
2015-08-19T00:00:00,DGC,28.3,28.2,28.2,28.258,28.3,28.2,1900.0,1900.0,0.0,53690200.0,0.0,0.0,0.0,0.0,0.0,9.0,25500.0,12.0,11000.0,7.017160957023918,20525852.0,,,,1000.0
2015-08-20T00:00:00,DGC,29.2,28.5,28.5,28.791,29.1,28.3,25840.0,25840.0,0.0,743959440.0,0.0,0.0,0.0,0.0,0.0,23.0,43700.0,38.0,32000.0,7.017160957023918,20525852.0,,,,1000.0
2015-08-21T00:00:00,DGC,29.0,28.5,29.0,28.867,28.5,29.1,4100.0,4100.0,0.0,118354700.0,0.0,1100.0,31350000.0,0.0,0.0,9.0,33100.0,12.0,10200.0,7.017160957023918,20524752.0,,,,1000.0
2015-08-24T00:00:00,DGC,29.0,28.5,29.0,28.579,28.5,28.5,5704.0,5700.0,4.0,163003100.0,102800.0,3600.0,102600000.0,0.0,0.0,10.0,9500.0,12.0,21900.0,7.017160957023918,20521152.0,,,,1000.0
2015-08-25T00:00:00,DGC,28.5,28.1,28.5,28.292,28.2,28.5,18000.0,18000.0,0.0,509256000.0,0.0,0.0,0.0,0.0,0.0,14.0,49100.0,17.0,35700.0,7.017160957023918,20521152.0,,,,1000.0
2015-08-26T00:00:00,DGC,28.5,28.1,28.2,28.367,28.5,28.2,28600.0,28600.0,0.0,811296200.0,0.0,0.0,0.0,0.0,0.0,22.0,53100.0,18.0,43500.0,7.017160957023918,20521152.0,,,,1000.0
2015-08-27T00:00:00,DGC,28.5,28.4,28.5,28.429,28.4,28.5,700.0,700.0,0.0,19900300.0,0.0,0.0,0.0,0.0,0.0,8.0,25400.0,13.0,8600.0,7.017160957023918,20521152.0,,,,1000.0
2015-08-28T00:00:00,DGC,28.5,28.5,28.5,28.5,28.5,28.4,7244.0,7244.0,0.0,206454000.0,0.0,0.0,0.0,0.0,0.0,7.0,21100.0,11.0,19600.0,7.017160957023918,20521152.0,,,,1000.0
2015-08-31T00:00:00,DGC,28.8,28.5,28.5,28.558,28.5,28.5,6056.0,6056.0,0.0,172947248.0,0.0,3600.0,102600000.0,0.0,0.0,12.0,32900.0,12.0,24000.0,7.017160957023918,20517552.0,,,,1000.0
2015-09-01T00:00:00,DGC,29.0,28.5,28.6,28.525,29.0,28.5,15700.0,15700.0,0.0,447842500.0,0.0,7200.0,205200000.0,0.0,0.0,13.0,36200.0,11.0,39600.0,7.017160957023918,20510352.0,,,,1000.0
2015-09-03T00:00:00,DGC,28.8,28.5,28.8,28.8,28.5,29.0,1700.0,1700.0,0.0,48960000.0,0.0,1000.0,28500000.0,0.0,0.0,7.0,28400.0,12.0,13100.0,7.017160957023918,20509352.0,,,,1000.0
2015-09-04T00:00:00,DGC,29.2,28.5,28.5,29.064,29.0,28.5,12100.0,12100.0,0.0,351674400.0,0.0,100.0,2850000.0,0.0,0.0,10.0,23900.0,17.0,16700.0,7.017160957023918,20509252.0,,,,1000.0
2015-09-07T00:00:00,DGC,29.0,29.0,29.0,29.0,29.0,29.0,12100.0,12100.0,0.0,350900000.0,0.0,0.0,0.0,0.0,0.0,14.0,32400.0,10.0,16800.0,7.017160957023918,20509252.0,,,,1000.0
2015-09-08T00:00:00,DGC,30.9,29.4,29.4,29.858,30.9,29.0,19200.0,19200.0,0.0,573273600.0,0.0,0.0,0.0,0.0,0.0,19.0,40300.0,28.0,24400.0,7.017160957023918,20509252.0,,,,1000.0
2015-09-09T00:00:00,DGC,32.3,30.5,30.5,31.147,32.3,30.9,14104.0,14100.0,4.0,439284300.0,111600.0,0.0,0.0,0.0,0.0,36.0,56200.0,26.0,30400.0,7.017160957023918,20509252.0,,,,1000.0
2015-09-10T00:00:00,DGC,34.0,32.3,32.3,33.329,34.0,32.3,32000.0,32000.0,0.0,1066528000.0,0.0,0.0,0.0,0.0,0.0,35.0,69600.0,40.0,45700.0,7.017160957023918,20509252.0,,,,1000.0
2015-09-11T00:00:00,DGC,34.5,33.0,34.0,33.902,34.0,34.0,29600.0,29600.0,0.0,1003499200.0,0.0,0.0,0.0,0.0,0.0,21.0,59500.0,32.0,52900.0,7.017160957023918,20509252.0,,,,1000.0
2015-09-14T00:00:00,DGC,35.0,33.0,34.0,33.067,33.0,34.0,13500.0,13500.0,0.0,446404500.0,0.0,6200.0,204600000.0,0.0,0.0,17.0,35000.0,19.0,36300.0,7.017160957023918,20503052.0,,,,1000.0
2015-09-15T00:00:00,DGC,34.0,33.0,33.0,33.639,34.0,33.0,31800.0,31800.0,0.0,1069720200.0,0.0,6000.0,198000000.0,0.0,0.0,22.0,66900.0,19.0,44800.0,7.017160957023918,20497052.0,,,,1000.0
2015-09-16T00:00:00,DGC,34.5,33.5,34.0,33.618,33.5,34.0,7200.0,7200.0,0.0,242049600.0,0.0,0.0,0.0,0.0,0.0,11.0,28900.0,27.0,30100.0,7.017160957023918,20497052.0,,,,1000.0
2015-09-17T00:00:00,DGC,33.5,33.2,33.5,33.467,33.2,33.5,10600.0,10600.0,0.0,354750200.0,0.0,6100.0,204350000.0,0.0,0.0,17.0,37700.0,24.0,43800.0,7.017160957023918,20490952.0,,,,1000.0
2015-09-18T00:00:00,DGC,33.4,33.2,33.3,33.381,33.4,33.2,8400.0,8400.0,0.0,280400400.0,0.0,300.0,9960000.0,0.0,0.0,8.0,30300.0,16.0,17500.0,7.017160957023918,20490652.0,,,,1000.0
2015-09-21T00:00:00,DGC,34.0,33.0,33.0,33.472,34.0,33.4,20400.0,20400.0,0.0,682828800.0,0.0,200.0,6640000.0,0.0,0.0,22.0,79700.0,17.0,22800.0,7.017160957023918,20490452.0,,,,1000.0
2015-09-22T00:00:00,DGC,36.0,34.0,34.2,35.501,35.8,34.0,36065.0,36065.0,0.0,1280343565.0,0.0,2900.0,99560000.0,0.0,0.0,46.0,75500.0,56.0,59000.0,7.017160957023918,20487552.0,,,,1000.0
2015-09-23T00:00:00,DGC,36.0,35.5,35.8,35.661,35.8,35.8,29108.0,29108.0,0.0,1038020388.0,0.0,2500.0,88750000.0,0.0,0.0,34.0,58500.0,26.0,38000.0,7.017160957023918,20485052.0,,,,1000.0
2015-09-24T00:00:00,DGC,36.2,35.5,35.5,35.96,35.8,35.8,51639.0,51639.0,0.0,1856938440.0,0.0,2000.0,71000000.0,0.0,0.0,33.0,70400.0,44.0,73100.0,7.017160957023918,20483052.0,,,,1000.0
2015-09-25T00:00:00,DGC,35.9,33.8,34.0,35.126,35.4,35.8,19038.0,19038.0,0.0,668728788.0,0.0,5800.0,205900000.0,0.0,0.0,23.0,33800.0,26.0,36200.0,7.017160957023918,20477252.0,,,,1000.0
2015-09-28T00:00:00,DGC,35.4,34.0,34.0,35.267,35.3,35.4,26627.0,26627.0,0.0,939054409.0,0.0,5800.0,203960000.0,0.0,0.0,31.0,49900.0,25.0,43600.0,7.017160957023918,20471452.0,,,,1000.0
2015-09-29T00:00:00,DGC,35.2,34.5,34.7,34.532,35.2,35.3,14400.0,14400.0,0.0,497260800.0,0.0,6000.0,207000000.0,0.0,0.0,20.0,31500.0,19.0,29600.0,7.017160957023918,20465452.0,,,,1000.0
2015-09-30T00:00:00,DGC,35.0,34.5,35.0,34.664,35.0,35.2,5303.0,5303.0,0.0,183823192.0,0.0,3200.0,110400000.0,0.0,0.0,10.0,31100.0,16.0,25800.0,7.017160957023918,20462252.0,,,,1000.0
2015-10-01T00:00:00,DGC,35.0,34.5,34.5,34.977,35.0,35.0,2600.0,2600.0,0.0,90940200.0,0.0,100.0,3450000.0,0.0,0.0,12.0,24600.0,11.0,9600.0,7.017160957023918,20462152.0,,,,1000.0
2015-10-02T00:00:00,DGC,35.1,35.0,35.1,35.012,35.0,35.0,15200.0,15200.0,0.0,532182400.0,0.0,0.0,0.0,0.0,0.0,24.0,33100.0,16.0,37500.0,7.017160957023918,20462152.0,,,,1000.0
2015-10-05T00:00:00,DGC,35.8,35.0,35.0,35.427,35.5,35.0,22475.0,22475.0,0.0,796221825.0,0.0,2100.0,73500000.0,0.0,0.0,49.0,42800.0,22.0,51300.0,7.017160957023918,20460052.0,,,,1000.0
2015-10-06T00:00:00,DGC,36.0,35.6,35.6,35.883,35.9,35.5,32200.0,32200.0,0.0,1155432600.0,0.0,0.0,0.0,0.0,0.0,32.0,43900.0,26.0,60600.0,7.017160957023918,20460052.0,,,,1000.0
2015-10-07T00:00:00,DGC,36.5,35.6,36.5,35.659,36.0,35.9,14900.0,14900.0,0.0,531319100.0,0.0,5800.0,206480000.0,0.0,0.0,20.0,30000.0,26.0,46800.0,7.017160957023918,20454252.0,,,,1000.0
2015-10-08T00:00:00,DGC,35.8,35.4,35.8,35.534,35.6,36.0,19200.0,19200.0,0.0,682252800.0,0.0,5800.0,206480000.0,0.0,0.0,20.0,29000.0,21.0,46700.0,7.017160957023918,20448452.0,,,,1000.0
2015-10-09T00:00:00,DGC,36.0,35.4,35.6,35.446,35.9,35.6,11700.0,11700.0,0.0,414718200.0,0.0,5800.0,205320000.0,0.0,0.0,17.0,21900.0,24.0,33900.0,7.017160957023918,20442652.0,,,,1000.0
2015-10-12T00:00:00,DGC,35.8,35.5,35.5,35.783,35.5,35.9,19900.0,19900.0,0.0,712081700.0,0.0,5600.0,198800000.0,0.0,0.0,13.0,49100.0,14.0,30700.0,7.017160957023918,20437052.0,,,,1000.0
2015-10-13T00:00:00,DGC,35.5,35.1,35.5,35.5,35.4,35.5,22900.0,22900.0,0.0,812950000.0,0.0,0.0,0.0,0.0,0.0,29.0,45800.0,27.0,35700.0,7.017160957023918,20437052.0,,,,1000.0
2015-10-14T00:00:00,DGC,35.8,35.4,35.4,35.58,35.5,35.4,11700.0,11700.0,0.0,416286000.0,0.0,0.0,0.0,0.0,0.0,15.0,32100.0,18.0,21100.0,7.017160957023918,20437052.0,,,,1000.0
2015-10-15T00:00:00,DGC,35.5,35.5,35.5,35.5,35.5,35.5,7000.0,7000.0,0.0,248500000.0,0.0,0.0,0.0,0.0,0.0,11.0,25500.0,23.0,25100.0,7.017160957023918,20437052.0,,,,1000.0
2015-10-16T00:00:00,DGC,35.8,35.5,35.5,35.545,35.8,35.5,14600.0,14600.0,0.0,518957000.0,0.0,5800.0,205900000.0,0.0,0.0,18.0,33800.0,15.0,27500.0,7.017160957023918,20431252.0,,,,1000.0
2015-10-19T00:00:00,DGC,38.0,35.6,36.2,36.78,37.3,35.8,39500.0,39500.0,0.0,1452810000.0,0.0,0.0,0.0,0.0,0.0,43.0,64100.0,54.0,68400.0,7.017160957023918,20431252.0,,,,1000.0
2015-10-20T00:00:00,DGC,37.2,36.7,37.0,36.951,37.0,37.3,26300.0,26300.0,0.0,971811300.0,0.0,0.0,0.0,0.0,0.0,27.0,44500.0,38.0,78600.0,7.017160957023918,20431252.0,,,,1000.0
2015-10-21T00:00:00,DGC,37.4,37.0,37.0,37.117,37.0,37.0,8200.0,8200.0,0.0,304359400.0,0.0,0.0,0.0,0.0,0.0,21.0,19700.0,26.0,33800.0,7.017160957023918,20431252.0,,,,1000.0
2015-10-22T00:00:00,DGC,37.4,36.5,37.4,37.015,36.5,37.0,49150.0,24150.0,25000.0,1743912250.0,850000000.0,5600.0,207200000.0,0.0,0.0,24.0,33900.0,29.0,41000.0,7.017160957023918,20425652.0,,,,1000.0
2015-10-23T00:00:00,DGC,36.5,36.0,36.5,36.46,36.0,36.5,15425.0,15425.0,0.0,562395500.0,0.0,5600.0,204400000.0,0.0,0.0,24.0,35900.0,24.0,32500.0,7.017160957023918,20420052.0,,,,1000.0
2015-10-26T00:00:00,DGC,36.6,35.8,36.6,35.998,35.8,36.0,27900.0,27900.0,0.0,1004344200.0,0.0,5700.0,205200000.0,0.0,0.0,37.0,41300.0,25.0,53100.0,7.017160957023918,20414352.0,,,,1000.0
2015-10-27T00:00:00,DGC,36.5,35.4,35.8,35.652,36.5,35.8,22800.0,22800.0,0.0,812865600.0,0.0,5700.0,204060000.0,0.0,0.0,31.0,46400.0,17.0,39000.0,7.017160957023918,20408652.0,,,,1000.0
2015-10-28T00:00:00,DGC,38.1,37.0,37.3,37.452,37.0,36.5,17300.0,17300.0,0.0,647919600.0,0.0,0.0,0.0,0.0,0.0,30.0,38000.0,38.0,51500.0,7.017160957023918,20408652.0,,,,1000.0
2015-10-29T00:00:00,DGC,37.0,36.9,37.0,37.0,36.9,37.0,11602.0,11602.0,0.0,429274000.0,0.0,0.0,0.0,0.0,0.0,23.0,27600.0,18.0,32800.0,7.017160957023918,20408652.0,,,,1000.0
2015-10-30T00:00:00,DGC,37.0,36.6,36.9,36.732,36.6,36.9,34180.0,34180.0,0.0,1255499760.0,0.0,5600.0,206640000.0,0.0,0.0,29.0,45500.0,24.0,59000.0,7.017160957023918,20403052.0,,,,1000.0
2015-11-02T00:00:00,DGC,37.5,37.0,37.0,37.215,37.0,36.6,36900.0,36900.0,0.0,1373233500.0,0.0,0.0,0.0,0.0,0.0,30.0,58100.0,43.0,64900.0,7.017160957023918,20403052.0,,,,1000.0
2015-11-03T00:00:00,DGC,37.3,36.9,37.0,36.993,37.3,37.0,36900.0,36900.0,0.0,1365041700.0,0.0,5600.0,207200000.0,1500.0,55950000.0,21.0,56900.0,30.0,52000.0,7.017160957023918,20397452.0,,,,1000.0
2015-11-04T00:00:00,DGC,37.4,37.0,37.3,37.096,37.2,37.3,42617.0,42617.0,0.0,1580920232.0,0.0,5600.0,207200000.0,0.0,0.0,37.0,58300.0,38.0,51700.0,7.017160957023918,20391852.0,,,,1000.0
2015-11-05T00:00:00,DGC,37.3,37.0,37.2,37.026,37.3,37.2,12440.0,12440.0,0.0,460603440.0,0.0,2800.0,103600000.0,0.0,0.0,19.0,19000.0,23.0,24800.0,7.017160957023918,20389052.0,,,,1000.0
2015-11-06T00:00:00,DGC,37.3,37.0,37.3,37.143,37.1,37.3,9300.0,9300.0,0.0,345429900.0,0.0,0.0,0.0,0.0,0.0,21.0,14800.0,25.0,23700.0,7.017160957023918,20389052.0,,,,1000.0
2015-11-09T00:00:00,DGC,37.2,37.0,37.1,37.071,37.0,37.1,29100.0,29100.0,0.0,1078766100.0,0.0,5600.0,207200000.0,0.0,0.0,18.0,42400.0,24.0,57300.0,7.017160957023918,20384952.0,,,,1000.0
2015-11-10T00:00:00,DGC,40.5,37.0,37.4,37.118,37.1,37.0,21700.0,21700.0,0.0,805460600.0,0.0,3200.0,118400000.0,0.0,0.0,22.0,45200.0,37.0,60900.0,7.017160957023918,20381752.0,,,,1000.0
2015-11-11T00:00:00,DGC,37.4,37.1,37.1,37.278,37.2,37.1,8500.0,8500.0,0.0,316863000.0,0.0,0.0,0.0,0.0,0.0,21.0,32500.0,28.0,37300.0,7.017160957023918,20381752.0,,,,1000.0
2015-11-12T00:00:00,DGC,40.0,37.5,37.5,39.154,40.0,37.2,139817.0,139817.0,0.0,5474394818.0,0.0,0.0,0.0,0.0,0.0,121.0,167900.0,143.0,157700.0,7.017160957023918,20381752.0,,,,1000.0
2015-11-13T00:00:00,DGC,43.2,40.1,40.1,42.336,43.0,40.0,89055.0,89055.0,0.0,3770232480.0,0.0,600.0,25800000.0,0.0,0.0,108.0,131800.0,128.0,125800.0,7.017160957023918,20381152.0,,,,1000.0
2015-11-16T00:00:00,DGC,43.5,42.5,43.0,43.021,43.3,43.0,69920.0,59920.0,10000.0,2987818320.0,410000000.0,0.0,0.0,0.0,0.0,83.0,110600.0,83.0,84100.0,7.017160957023918,20381152.0,,,,1000.0
2015-11-17T00:00:00,DGC,47.6,43.6,43.6,46.019,45.0,43.3,107700.0,107700.0,0.0,4956246300.0,0.0,0.0,0.0,0.0,0.0,99.0,155000.0,143.0,175600.0,7.017160957023918,20381152.0,,,,1000.0
2015-11-18T00:00:00,DGC,46.5,45.0,45.0,45.628,46.4,45.0,103000.0,103000.0,0.0,4699684000.0,0.0,7800.0,356940000.0,0.0,0.0,145.0,139100.0,118.0,161500.0,7.017160957023918,20373352.0,,,,1000.0
2015-11-19T00:00:00,DGC,47.2,46.4,47.0,46.703,46.9,46.4,79220.0,79220.0,0.0,3699811660.0,0.0,0.0,0.0,0.0,0.0,80.0,112200.0,114.0,145200.0,7.017160957023918,20373352.0,,,,1000.0
2015-11-20T00:00:00,DGC,47.0,42.3,46.6,46.444,46.2,46.9,51000.0,39000.0,12000.0,2318916000.0,507600000.0,0.0,0.0,0.0,0.0,53.0,71100.0,93.0,92100.0,7.017160957023918,20373352.0,,,,1000.0
2015-11-23T00:00:00,DGC,46.2,45.3,46.2,45.747,45.5,46.2,61356.0,61356.0,0.0,2806852932.0,0.0,3200.0,147840000.0,0.0,0.0,72.0,104100.0,83.0,167900.0,7.017160957023918,20370152.0,,,,1000.0
2015-11-24T00:00:00,DGC,47.3,45.2,45.5,46.706,47.0,45.5,221100.0,221100.0,0.0,10326696600.0,0.0,0.0,0.0,0.0,0.0,199.0,302300.0,192.0,268500.0,7.017160957023918,20370152.0,,,,1000.0
2015-11-25T00:00:00,DGC,48.1,46.5,47.0,47.416,47.7,47.0,62900.0,62900.0,0.0,2982466400.0,0.0,0.0,0.0,0.0,0.0,62.0,80900.0,96.0,103400.0,7.017160957023918,20370152.0,,,,1000.0
2015-11-26T00:00:00,DGC,47.7,46.5,46.5,47.285,47.0,47.7,37500.0,27500.0,10000.0,1730337500.0,430000000.0,0.0,0.0,0.0,0.0,45.0,76600.0,50.0,69100.0,7.017160957023918,20370152.0,,,,1000.0
2015-11-27T00:00:00,DGC,47.0,46.1,46.1,47.0,46.1,47.0,41380.0,41380.0,0.0,1944860000.0,0.0,0.0,0.0,0.0,0.0,78.0,71000.0,86.0,70600.0,7.017160957023918,20370152.0,,,,1000.0
2015-11-30T00:00:00,DGC,45.8,43.5,45.8,44.775,44.0,46.1,83670.0,83670.0,0.0,3746324250.0,0.0,0.0,0.0,0.0,0.0,108.0,133300.0,95.0,122400.0,7.017160957023918,20370152.0,,,,1000.0
2015-12-01T00:00:00,DGC,45.8,44.0,44.0,45.029,45.5,44.0,57400.0,47400.0,10000.0,2530374600.0,396000000.0,0.0,0.0,0.0,0.0,67.0,117000.0,70.0,76900.0,7.017160957023918,20369152.0,,,,1000.0
2015-12-02T00:00:00,DGC,45.5,45.2,45.3,45.309,45.5,45.5,5840.0,5840.0,0.0,264604560.0,0.0,0.0,0.0,0.0,0.0,25.0,62400.0,22.0,20600.0,7.017160957023918,20369152.0,,,,1000.0
2015-12-03T00:00:00,DGC,45.7,45.0,45.1,45.331,45.6,45.5,30100.0,20100.0,10000.0,1321153100.0,410000000.0,0.0,0.0,0.0,0.0,40.0,63300.0,45.0,54600.0,7.017160957023918,20369152.0,,,,1000.0
2015-12-04T00:00:00,DGC,46.0,45.2,45.3,45.526,46.0,45.6,42900.0,42900.0,0.0,1953065400.0,0.0,0.0,0.0,0.0,0.0,54.0,91500.0,59.0,72600.0,7.017160957023918,20369156.0,,,,1000.0
2015-12-07T00:00:00,DGC,48.0,46.0,46.2,47.111,47.2,46.0,73310.0,73310.0,0.0,3453707410.0,0.0,0.0,0.0,0.0,0.0,85.0,109600.0,108.0,206000.0,7.017160957023918,20369156.0,,,,1000.0
2015-12-08T00:00:00,DGC,47.8,46.5,46.5,47.292,47.8,47.2,47600.0,47600.0,0.0,2251099200.0,0.0,0.0,0.0,0.0,0.0,53.0,85700.0,65.0,64500.0,7.017160957023918,20369156.0,,,,1000.0
2015-12-09T00:00:00,DGC,49.1,48.0,48.0,48.55,48.1,47.8,144400.0,144400.0,0.0,7010620000.0,0.0,0.0,0.0,0.0,0.0,131.0,171500.0,161.0,197600.0,7.017160957023918,20369156.0,,,,1000.0
2015-12-10T00:00:00,DGC,48.9,47.7,48.5,48.436,47.7,48.1,29190.0,29190.0,0.0,1413846840.0,0.0,0.0,0.0,0.0,0.0,54.0,58100.0,76.0,62900.0,7.017160957023918,20369156.0,,,,1000.0
2015-12-11T00:00:00,DGC,47.9,47.2,47.8,47.38,47.4,47.7,38524.0,22734.0,15790.0,1756106920.0,678970000.0,0.0,0.0,0.0,0.0,66.0,110100.0,40.0,36700.0,7.017160957023918,20369156.0,,,,1000.0
2015-12-14T00:00:00,DGC,47.9,47.2,47.4,47.408,47.8,47.4,29010.0,29010.0,0.0,1375306080.0,0.0,0.0,0.0,0.0,0.0,54.0,65300.0,47.0,57900.0,7.017160957023918,20369156.0,,,,1000.0
2015-12-15T00:00:00,DGC,47.9,47.5,47.9,47.589,47.8,47.8,29190.0,29100.0,90.0,1388718900.0,3879000.0,0.0,0.0,0.0,0.0,43.0,62200.0,34.0,37500.0,7.017160957023918,20369156.0,,,,1000.0
2015-12-16T00:00:00,DGC,47.9,47.5,47.5,47.693,47.5,47.8,52600.0,52600.0,0.0,2508651800.0,0.0,0.0,0.0,0.0,0.0,56.0,77900.0,58.0,71800.0,7.017160957023918,20369156.0,,,,1000.0
2015-12-17T00:00:00,DGC,47.7,47.4,47.5,47.538,47.6,47.5,43500.0,43500.0,0.0,2067903000.0,0.0,0.0,0.0,0.0,0.0,43.0,62200.0,49.0,59900.0,7.017160957023918,20369156.0,,,,1000.0
2015-12-18T00:00:00,DGC,48.9,47.6,47.6,48.353,48.6,47.6,58426.0,58426.0,0.0,2825072378.0,0.0,0.0,0.0,0.0,0.0,70.0,77500.0,86.0,88200.0,7.017160957023918,20369156.0,,,,1000.0
2015-12-21T00:00:00,DGC,48.2,48.0,48.0,48.198,48.1,48.6,20700.0,20700.0,0.0,997698600.0,0.0,0.0,0.0,0.0,0.0,20.0,41600.0,31.0,48400.0,7.017160957023918,20369156.0,,,,1000.0
2015-12-22T00:00:00,DGC,48.8,48.0,48.0,48.413,48.8,48.1,22200.0,22200.0,0.0,1074768600.0,0.0,0.0,0.0,0.0,0.0,39.0,55300.0,38.0,49300.0,7.017160957023918,20369156.0,,,,1000.0
2015-12-23T00:00:00,DGC,48.8,48.3,48.8,48.454,48.6,48.8,25500.0,25500.0,0.0,1235577000.0,0.0,0.0,0.0,0.0,0.0,26.0,45000.0,46.0,65400.0,7.017160957023918,20369156.0,,,,1000.0
2015-12-24T00:00:00,DGC,49.0,48.6,49.0,48.611,48.7,48.6,26900.0,26900.0,0.0,1307635900.0,0.0,0.0,0.0,0.0,0.0,29.0,43500.0,45.0,46400.0,7.017160957023918,20369156.0,,,,1000.0
2015-12-25T00:00:00,DGC,49.9,48.7,48.7,49.324,49.1,48.7,57500.0,57500.0,0.0,2836130000.0,0.0,0.0,0.0,0.0,0.0,89.0,76400.0,72.0,101900.0,7.017160957023918,20369156.0,,,,1000.0
2015-12-28T00:00:00,DGC,51.5,49.3,49.3,50.683,50.9,49.1,96330.0,96330.0,0.0,4882293390.0,0.0,0.0,0.0,0.0,0.0,123.0,134900.0,97.0,132700.0,7.017160957023918,20369156.0,,,,1000.0
2015-12-29T00:00:00,DGC,53.6,51.0,51.0,52.608,53.5,50.9,133610.0,133610.0,0.0,7028954880.0,0.0,34000.0,1796650000.0,0.0,0.0,161.0,168500.0,108.0,160800.0,7.017160957023918,20335156.0,,,,1000.0
2015-12-30T00:00:00,DGC,54.5,52.0,54.0,53.374,52.5,53.5,60500.0,60500.0,0.0,3229127000.0,0.0,0.0,0.0,0.0,0.0,99.0,108100.0,90.0,111300.0,7.017160957023918,20335156.0,,,,1000.0
2015-12-31T00:00:00,DGC,52.8,51.0,52.0,51.886,52.0,52.5,69306.0,69306.0,0.0,3596011116.0,0.0,0.0,0.0,0.0,0.0,70.0,85400.0,72.0,102200.0,7.017160957023918,20335156.0,,,,1000.0
2016-01-04T00:00:00,DGC,53.5,51.7,51.7,52.742,53.4,52.0,36510.0,36510.0,0.0,1925610420.0,0.0,0.0,0.0,0.0,0.0,63.0,71400.0,78.0,67900.0,7.017160957023918,20335156.0,,,,1000.0
2016-01-05T00:00:00,DGC,52.8,52.0,52.3,52.325,52.2,53.4,29800.0,29800.0,0.0,1559285000.0,0.0,0.0,0.0,0.0,0.0,66.0,54500.0,78.0,94400.0,7.017160957023918,20335156.0,,,,1000.0
2016-01-06T00:00:00,DGC,52.8,52.0,52.5,52.43,52.6,52.2,59500.0,59500.0,0.0,3119585000.0,0.0,12400.0,649730000.0,0.0,0.0,85.0,85000.0,76.0,121200.0,7.017160957023918,20322756.0,,,,1000.0
2016-01-07T00:00:00,DGC,52.6,51.5,52.2,52.001,52.2,52.6,53730.0,53730.0,0.0,2794013730.0,0.0,0.0,0.0,0.0,0.0,53.0,72600.0,69.0,120100.0,7.017160957023918,20322756.0,,,,1000.0
2016-01-08T00:00:00,DGC,52.2,51.0,51.2,52.2,51.3,52.2,51606.0,51606.0,0.0,2693833200.0,0.0,6100.0,314760000.0,0.0,0.0,61.0,65600.0,56.0,78000.0,7.017160957023918,20316656.0,,,,1000.0
2016-01-11T00:00:00,DGC,53.0,49.5,52.0,50.362,49.5,50.3,69500.0,69500.0,0.0,3500159000.0,0.0,7900.0,397850000.0,0.0,0.0,79.0,76800.0,78.0,151000.0,6.8803741937680005,20308756.0,,,,1000.0
2016-01-12T00:00:00,DGC,49.7,48.2,49.6,49.266,49.5,49.5,43900.0,43900.0,0.0,2162777400.0,0.0,0.0,0.0,0.0,0.0,58.0,68900.0,70.0,176600.0,6.8803741937680005,20308756.0,,,,1000.0
2016-01-13T00:00:00,DGC,49.5,48.0,49.5,49.091,49.0,49.5,26600.0,26600.0,0.0,1305820600.0,0.0,0.0,0.0,0.0,0.0,27.0,47400.0,51.0,69900.0,6.8803741937680005,20308756.0,,,,1000.0
2016-01-14T00:00:00,DGC,48.8,47.6,48.1,48.047,48.8,49.0,78200.0,78200.0,0.0,3757275400.0,0.0,0.0,0.0,0.0,0.0,79.0,87400.0,77.0,102800.0,6.8803741937680005,20308756.0,,,,1000.0
2016-01-15T00:00:00,DGC,48.8,47.7,48.8,48.286,48.4,48.8,16100.0,16100.0,0.0,777404600.0,0.0,0.0,0.0,0.0,0.0,25.0,26500.0,39.0,36600.0,6.8803741937680005,20308756.0,,,,1000.0
2016-01-18T00:00:00,DGC,48.4,46.0,48.4,46.605,47.1,48.4,100700.0,100700.0,0.0,4693123500.0,0.0,11700.0,544200000.0,0.0,0.0,101.0,126100.0,56.0,107600.0,6.8803741937680005,20297056.0,,,,1000.0
2016-01-19T00:00:00,DGC,48.0,47.0,47.1,47.302,47.5,47.1,38500.0,38500.0,0.0,1821127000.0,0.0,0.0,0.0,0.0,0.0,39.0,77000.0,31.0,67000.0,6.8803741937680005,20297056.0,,,,1000.0
2016-01-20T00:00:00,DGC,50.0,47.5,47.6,47.5,49.5,47.5,58100.0,58100.0,0.0,2759750000.0,0.0,9000.0,429700000.0,0.0,0.0,68.0,78300.0,82.0,112100.0,6.8803741937680005,20288056.0,,,,1000.0
2016-01-21T00:00:00,DGC,49.6,49.0,49.5,49.243,49.3,49.5,17000.0,17000.0,0.0,837131000.0,0.0,3200.0,158400000.0,0.0,0.0,27.0,46700.0,41.0,58900.0,6.8803741937680005,20284856.0,,,,1000.0
2016-01-22T00:00:00,DGC,49.5,48.0,49.5,48.601,49.2,49.3,16152.0,16152.0,0.0,785003352.0,0.0,5800.0,287100000.0,0.0,0.0,24.0,67500.0,39.0,34000.0,6.8803741937680005,20279056.0,,,,1000.0
2016-01-25T00:00:00,DGC,50.5,49.2,49.2,49.669,50.0,49.2,41850.0,41850.0,0.0,2078647650.0,0.0,0.0,0.0,0.0,0.0,51.0,68800.0,56.0,60900.0,6.8803741937680005,20279056.0,,,,1000.0
2016-01-26T00:00:00,DGC,49.9,49.1,49.6,49.478,49.5,50.0,22700.0,22700.0,0.0,1123150600.0,0.0,0.0,0.0,0.0,0.0,31.0,59000.0,49.0,45200.0,6.8803741937680005,20279056.0,,,,1000.0
2016-01-27T00:00:00,DGC,49.8,49.1,49.1,49.5,49.8,49.5,21350.0,21350.0,0.0,1056825000.0,0.0,0.0,0.0,1200.0,59760000.0,32.0,35500.0,50.0,37600.0,6.8803741937680005,20279056.0,,,,1000.0
2016-01-28T00:00:00,DGC,50.0,49.5,49.7,49.8,49.7,49.8,17700.0,17700.0,0.0,881460000.0,0.0,0.0,0.0,0.0,0.0,37.0,33600.0,50.0,44200.0,6.8803741937680005,20279056.0,,,,1000.0
2016-01-29T00:00:00,DGC,49.9,49.7,49.7,49.704,49.8,49.7,19200.0,19200.0,0.0,954316800.0,0.0,0.0,0.0,0.0,0.0,36.0,28700.0,42.0,37200.0,6.8803741937680005,20279056.0,,,,1000.0
2016-02-01T00:00:00,DGC,49.5,49.0,49.5,49.167,49.0,49.8,5400.0,5400.0,0.0,265501800.0,0.0,0.0,0.0,0.0,0.0,14.0,19900.0,24.0,18700.0,6.8803741937680005,20280256.0,,,,1000.0
2016-02-02T00:00:00,DGC,49.7,49.3,49.5,49.433,49.4,49.0,50300.0,50300.0,0.0,2486479900.0,0.0,0.0,0.0,0.0,0.0,39.0,84800.0,67.0,73700.0,6.8803741937680005,20280256.0,,,,1000.0
2016-02-03T00:00:00,DGC,49.5,49.0,49.4,49.149,49.5,49.4,27700.0,27700.0,0.0,1361427300.0,0.0,0.0,0.0,0.0,0.0,28.0,50200.0,43.0,46500.0,6.8803741937680005,20280256.0,,,,1000.0
2016-02-04T00:00:00,DGC,49.6,46.0,46.0,49.5,49.1,49.5,19200.0,19200.0,0.0,950400000.0,0.0,0.0,0.0,0.0,0.0,51.0,72800.0,51.0,29200.0,6.8803741937680005,20280256.0,,,,1000.0
2016-02-05T00:00:00,DGC,50.9,49.4,49.4,50.069,50.9,49.1,16400.0,16400.0,0.0,821131600.0,0.0,12900.0,648410000.0,0.0,0.0,24.0,37600.0,36.0,24600.0,6.8803741937680005,20267356.0,,,,1000.0
2016-02-15T00:00:00,DGC,51.0,50.0,50.9,50.816,50.4,50.9,30200.0,30200.0,0.0,1534643200.0,0.0,0.0,0.0,0.0,0.0,25.0,34400.0,47.0,51200.0,6.8803741937680005,20267356.0,,,,1000.0
2016-02-16T00:00:00,DGC,50.5,48.4,50.5,48.907,49.5,50.4,140032.0,140032.0,0.0,6848545024.0,0.0,0.0,0.0,0.0,0.0,164.0,173500.0,81.0,174700.0,6.8803741937680005,20267356.0,,,,1000.0
2016-02-17T00:00:00,DGC,49.5,49.1,49.5,49.361,49.2,49.5,48390.0,48390.0,0.0,2388578790.0,0.0,9900.0,489100000.0,0.0,0.0,88.0,58700.0,52.0,69900.0,6.8803741937680005,20257456.0,,,,1000.0
2016-02-18T00:00:00,DGC,50.9,49.0,49.7,50.202,50.8,49.2,160200.0,160200.0,0.0,8042360400.0,0.0,0.0,0.0,0.0,0.0,200.0,206500.0,103.0,184300.0,6.8803741937680005,20257456.0,,,,1000.0
2016-02-19T00:00:00,DGC,52.9,50.8,50.8,52.115,52.0,50.8,205131.0,205131.0,0.0,10690402065.0,0.0,0.0,0.0,0.0,0.0,247.0,215500.0,171.0,273400.0,6.8803741937680005,20257456.0,,,,1000.0
2016-02-22T00:00:00,DGC,52.9,51.6,52.9,52.175,52.0,52.0,68332.0,68332.0,0.0,3565222100.0,0.0,0.0,0.0,0.0,0.0,67.0,88200.0,101.0,133800.0,6.8803741937680005,20257456.0,,,,1000.0
2016-02-23T00:00:00,DGC,52.4,51.1,51.5,51.592,51.1,52.0,55400.0,55400.0,0.0,2858196800.0,0.0,0.0,0.0,0.0,0.0,85.0,69400.0,84.0,119800.0,6.8803741937680005,20257456.0,,,,1000.0
2016-02-24T00:00:00,DGC,52.4,50.6,51.0,51.518,51.5,51.1,125250.0,125250.0,0.0,6452629500.0,0.0,0.0,0.0,0.0,0.0,123.0,150600.0,142.0,170500.0,6.8803741937680005,20257456.0,,,,1000.0
2016-02-25T00:00:00,DGC,52.0,50.5,52.0,51.5,51.0,51.5,59800.0,59800.0,0.0,3079700000.0,0.0,10000.0,505000000.0,0.0,0.0,77.0,83900.0,88.0,101000.0,6.8803741937680005,20247456.0,,,,1000.0
2016-02-26T00:00:00,DGC,51.5,51.0,51.0,51.174,51.0,51.0,10204.0,10204.0,0.0,522179496.0,0.0,0.0,0.0,0.0,0.0,27.0,34800.0,47.0,50200.0,6.8803741937680005,20247456.0,,,,1000.0
2016-02-29T00:00:00,DGC,51.0,50.3,51.0,50.56,50.8,51.0,68600.0,68600.0,0.0,3468416000.0,0.0,12400.0,625700000.0,0.0,0.0,97.0,84700.0,66.0,102700.0,6.8803741937680005,20235056.0,,,,1000.0
2016-03-01T00:00:00,DGC,50.8,50.5,50.5,50.584,50.5,50.8,21912.0,21912.0,0.0,1108396608.0,0.0,500.0,25250000.0,0.0,0.0,30.0,24700.0,50.0,56700.0,6.8803741937680005,20234556.0,,,,1000.0
2016-03-02T00:00:00,DGC,52.0,50.5,50.5,51.603,51.7,50.5,91700.0,91700.0,0.0,4731995100.0,0.0,19300.0,994380000.0,0.0,0.0,80.0,102200.0,96.0,125500.0,6.8803741937680005,20215256.0,,,,1000.0
2016-03-03T00:00:00,DGC,51.8,50.8,51.8,51.334,50.8,51.7,27200.0,27200.0,0.0,1396284800.0,0.0,0.0,0.0,0.0,0.0,45.0,34900.0,55.0,73300.0,6.8803741937680005,20215256.0,,,,1000.0
2016-03-04T00:00:00,DGC,51.0,50.3,50.6,50.565,50.9,50.8,55700.0,55700.0,0.0,2816470500.0,0.0,0.0,0.0,0.0,0.0,88.0,96400.0,67.0,101800.0,6.8803741937680005,20215256.0,,,,1000.0
2016-03-07T00:00:00,DGC,51.7,50.7,51.0,51.153,51.0,50.9,137012.0,137012.0,0.0,7008574836.0,0.0,11700.0,597320000.0,0.0,0.0,130.0,150800.0,179.0,223700.0,6.8803741937680005,20203556.0,,,,1000.0
2016-03-08T00:00:00,DGC,51.0,50.6,51.0,50.826,51.0,51.0,54900.0,54900.0,0.0,2790347400.0,0.0,0.0,0.0,0.0,0.0,67.0,88700.0,95.0,102300.0,6.8803741937680005,20203556.0,,,,1000.0
2016-03-09T00:00:00,DGC,51.1,50.5,50.7,51.0,50.6,51.0,46076.0,46076.0,0.0,2349876000.0,0.0,0.0,0.0,0.0,0.0,72.0,52500.0,96.0,90300.0,6.8803741937680005,20203556.0,,,,1000.0
2016-03-10T00:00:00,DGC,50.8,50.0,50.6,50.6,50.0,50.6,101715.0,101715.0,0.0,5146779000.0,0.0,0.0,0.0,0.0,0.0,120.0,107900.0,114.0,147700.0,6.8803741937680005,20203556.0,,,,1000.0
2016-03-11T00:00:00,DGC,50.0,49.4,50.0,49.555,49.8,50.0,122600.0,122600.0,0.0,6075443000.0,0.0,400.0,19800000.0,0.0,0.0,116.0,150200.0,103.0,148500.0,6.8803741937680005,20203156.0,,,,1000.0
2016-03-14T00:00:00,DGC,49.5,48.2,49.5,48.663,48.2,49.8,133800.0,133800.0,0.0,6511109400.0,0.0,0.0,0.0,0.0,0.0,134.0,158600.0,117.0,178400.0,6.8803741937680005,20203156.0,,,,1000.0
2016-03-15T00:00:00,DGC,48.2,45.4,48.2,46.253,45.4,48.2,218735.0,218735.0,0.0,10117149955.0,0.0,0.0,0.0,0.0,0.0,214.0,233700.0,133.0,269600.0,6.8803741937680005,20203156.0,,,,1000.0
2016-03-16T00:00:00,DGC,47.0,45.0,45.4,45.933,46.0,45.4,81204.0,81200.0,4.0,3729923200.0,163600.0,10500.0,483200000.0,0.0,0.0,135.0,102400.0,102.0,119600.0,6.8803741937680005,20192656.0,,,,1000.0
2016-03-17T00:00:00,DGC,47.5,46.0,46.0,46.996,47.5,46.0,102274.0,102274.0,0.0,4806468904.0,0.0,33500.0,1564340000.0,0.0,0.0,112.0,150000.0,94.0,106300.0,6.8803741937680005,20159156.0,,,,1000.0
2016-03-18T00:00:00,DGC,47.8,47.3,47.3,47.436,47.3,47.5,40800.0,40800.0,0.0,1935388800.0,0.0,2300.0,108790000.0,0.0,0.0,48.0,54300.0,53.0,72700.0,6.8803741937680005,20156856.0,,,,1000.0
2016-03-21T00:00:00,DGC,47.1,46.2,47.0,46.771,46.5,47.3,31232.0,31232.0,0.0,1460751872.0,0.0,0.0,0.0,0.0,0.0,63.0,45600.0,52.0,54200.0,6.8803741937680005,20156856.0,,,,1000.0
2016-03-22T00:00:00,DGC,46.4,45.0,45.9,46.104,46.0,46.5,50904.0,50904.0,0.0,2346878016.0,0.0,0.0,0.0,0.0,0.0,59.0,82300.0,54.0,76800.0,6.8803741937680005,20156856.0,,,,1000.0
2016-03-23T00:00:00,DGC,46.5,45.7,46.5,46.013,46.0,46.0,35500.0,35500.0,0.0,1633461500.0,0.0,0.0,0.0,0.0,0.0,44.0,46200.0,53.0,66100.0,6.8803741937680005,20156856.0,,,,1000.0
2016-03-24T00:00:00,DGC,45.9,45.1,45.7,45.517,45.5,46.0,44300.0,44300.0,0.0,2016403100.0,0.0,0.0,0.0,200.0,9160000.0,73.0,65600.0,57.0,68400.0,6.8803741937680005,20156856.0,,,,1000.0
2016-03-25T00:00:00,DGC,46.0,45.0,45.5,45.298,45.4,45.5,54400.0,54400.0,0.0,2464211200.0,0.0,0.0,0.0,0.0,0.0,68.0,66600.0,46.0,70800.0,6.8803741937680005,20156856.0,,,,1000.0
2016-03-28T00:00:00,DGC,46.3,45.3,45.5,45.718,45.5,45.4,69600.0,69600.0,0.0,3181972800.0,0.0,0.0,0.0,800.0,36400000.0,63.0,88500.0,55.0,93000.0,6.8803741937680005,20156856.0,,,,1000.0
2016-03-29T00:00:00,DGC,45.3,44.8,45.2,45.093,45.0,45.5,50600.0,50600.0,0.0,2281705800.0,0.0,0.0,0.0,0.0,0.0,68.0,63000.0,58.0,80900.0,6.8803741937680005,20157056.0,,,,1000.0
2016-03-30T00:00:00,DGC,45.2,44.5,44.5,44.932,45.1,45.0,13220.0,13220.0,0.0,594001040.0,0.0,0.0,0.0,0.0,0.0,27.0,25400.0,28.0,30000.0,6.8803741937680005,20157056.0,,,,1000.0
2016-03-31T00:00:00,DGC,45.5,44.6,45.5,44.954,44.9,45.1,52940.0,32940.0,20000.0,2382784760.0,902000000.0,0.0,0.0,0.0,0.0,46.0,46600.0,54.0,63200.0,6.8803741937680005,20157856.0,,,,1000.0
2016-04-01T00:00:00,DGC,44.8,44.0,44.8,44.431,44.0,44.9,39600.0,39600.0,0.0,1759467600.0,0.0,0.0,0.0,0.0,0.0,47.0,53800.0,53.0,66000.0,6.8803741937680005,20157856.0,,,,1000.0
2016-04-04T00:00:00,DGC,45.9,43.5,44.0,44.504,44.4,44.0,31420.0,31420.0,0.0,1398315680.0,0.0,0.0,0.0,0.0,0.0,51.0,45600.0,55.0,56600.0,6.8803741937680005,20157856.0,,,,1000.0
2016-04-05T00:00:00,DGC,45.6,45.0,45.6,45.375,45.3,44.4,7110.0,7110.0,0.0,322616250.0,0.0,0.0,0.0,0.0,0.0,35.0,20200.0,38.0,35400.0,6.8803741937680005,20157856.0,,,,1000.0
2016-04-06T00:00:00,DGC,46.0,45.3,45.3,45.602,45.9,45.3,6800.0,6800.0,0.0,310093600.0,0.0,0.0,0.0,0.0,0.0,30.0,21200.0,39.0,40000.0,6.8803741937680005,20157856.0,,,,1000.0
2016-04-07T00:00:00,DGC,47.3,46.4,46.4,46.958,47.0,45.9,64500.0,64500.0,0.0,3028791000.0,0.0,5000.0,234200000.0,0.0,0.0,82.0,93900.0,84.0,105300.0,6.8803741937680005,20152856.0,,,,1000.0
2016-04-08T00:00:00,DGC,47.5,46.5,47.0,46.841,47.0,47.0,45600.0,45600.0,0.0,2135949600.0,0.0,11400.0,531190000.0,0.0,0.0,57.0,69100.0,59.0,138500.0,6.8803741937680005,20141456.0,,,,1000.0
2016-04-11T00:00:00,DGC,49.0,47.0,47.0,48.168,47.9,47.0,68510.0,68510.0,0.0,3299989680.0,0.0,0.0,0.0,0.0,0.0,99.0,107200.0,118.0,144100.0,6.8803741937680005,20141456.0,,,,1000.0
2016-04-12T00:00:00,DGC,48.2,47.7,47.8,47.904,47.8,47.9,43400.0,43400.0,0.0,2079033600.0,0.0,0.0,0.0,0.0,0.0,49.0,75300.0,61.0,87000.0,6.8803741937680005,20141456.0,,,,1000.0
2016-04-13T00:00:00,DGC,47.8,47.0,47.8,47.197,47.2,47.8,26400.0,26400.0,0.0,1246000800.0,0.0,0.0,0.0,0.0,0.0,41.0,51600.0,45.0,83000.0,6.8803741937680005,20141456.0,,,,1000.0
2016-04-14T00:00:00,DGC,48.2,47.0,47.2,47.888,48.0,47.2,67200.0,67200.0,0.0,3218073600.0,0.0,1500.0,71850000.0,0.0,0.0,73.0,87700.0,94.0,109400.0,6.8803741937680005,20139956.0,,,,1000.0
2016-04-15T00:00:00,DGC,47.9,47.5,47.9,47.755,47.8,48.0,21400.0,21400.0,0.0,1021957000.0,0.0,0.0,0.0,0.0,0.0,31.0,28500.0,45.0,63400.0,6.8803741937680005,20139956.0,,,,1000.0
2016-04-19T00:00:00,DGC,47.6,46.5,47.6,46.887,46.5,47.8,11500.0,11500.0,0.0,539200500.0,0.0,0.0,0.0,0.0,0.0,25.0,22800.0,40.0,98300.0,6.8803741937680005,20139956.0,,,,1000.0
2016-04-20T00:00:00,DGC,46.3,45.8,46.3,45.879,46.0,46.5,82416.0,82416.0,0.0,3781163664.0,0.0,0.0,0.0,0.0,0.0,69.0,112100.0,52.0,116200.0,6.8803741937680005,20139956.0,,,,1000.0
2016-04-21T00:00:00,DGC,47.5,46.0,46.0,46.572,46.6,46.0,39120.0,39120.0,0.0,1821896640.0,0.0,0.0,0.0,0.0,0.0,46.0,76600.0,36.0,67700.0,6.8803741937680005,20139956.0,,,,1000.0
2016-04-22T00:00:00,DGC,47.5,46.0,46.5,46.794,46.7,46.6,35500.0,35500.0,0.0,1661187000.0,0.0,0.0,0.0,0.0,0.0,41.0,50000.0,49.0,88000.0,6.8803741937680005,20139956.0,,,,1000.0
2016-04-25T00:00:00,DGC,47.5,46.4,47.5,46.609,46.5,46.7,24670.0,24670.0,0.0,1149844030.0,0.0,0.0,0.0,0.0,0.0,40.0,40200.0,41.0,51800.0,6.8803741937680005,20139956.0,,,,1000.0
2016-04-26T00:00:00,DGC,46.6,45.9,46.6,46.094,45.9,46.5,53906.0,53906.0,0.0,2484743164.0,0.0,0.0,0.0,4000.0,183600000.0,44.0,71000.0,37.0,83500.0,6.8803741937680005,20139956.0,,,,1000.0
2016-04-27T00:00:00,DGC,47.0,45.3,45.9,45.735,45.9,45.9,37300.0,37300.0,0.0,1705915500.0,0.0,0.0,0.0,0.0,0.0,60.0,47200.0,51.0,86600.0,6.8803741937680005,20139956.0,,,,1000.0
2016-04-28T00:00:00,DGC,45.6,45.0,45.0,45.11,45.6,45.9,1000.0,1000.0,0.0,45110000.0,0.0,0.0,0.0,0.0,0.0,21.0,7600.0,24.0,33700.0,6.700495129773533,20139956.0,,,,1000.0
2016-04-29T00:00:00,DGC,46.0,44.0,45.0,44.736,44.5,45.6,10200.0,10200.0,0.0,456307200.0,0.0,0.0,0.0,0.0,0.0,31.0,13200.0,30.0,47500.0,6.700495129773533,20143956.0,,,,1000.0
2016-05-04T00:00:00,DGC,44.6,43.2,44.6,43.588,43.4,44.5,33700.0,33700.0,0.0,1468915600.0,0.0,1500.0,66750000.0,8000.0,347200000.0,65.0,52300.0,45.0,65800.0,6.700495129773533,20142456.0,,,,1000.0
2016-05-05T00:00:00,DGC,43.4,42.8,43.0,43.05,43.2,43.4,24600.0,24600.0,0.0,1059030000.0,0.0,0.0,0.0,0.0,0.0,41.0,35700.0,29.0,51800.0,6.700495129773533,20142456.0,,,,1000.0
2016-05-06T00:00:00,DGC,43.0,42.6,42.8,42.791,42.8,43.2,53100.0,53100.0,0.0,2272202100.0,0.0,12700.0,542350000.0,0.0,0.0,55.0,59900.0,40.0,58900.0,6.700495129773533,20129756.0,,,,1000.0
2016-05-09T00:00:00,DGC,43.9,42.7,42.7,42.978,43.2,42.8,52100.0,52100.0,0.0,2239153800.0,0.0,19800.0,851730000.0,0.0,0.0,80.0,69900.0,61.0,113800.0,6.700495129773533,20117956.0,,,,1000.0
2016-05-10T00:00:00,DGC,43.4,42.5,42.6,42.964,43.0,43.2,19200.0,19200.0,0.0,824908800.0,0.0,0.0,0.0,0.0,0.0,27.0,43600.0,31.0,33200.0,6.700495129773533,20117956.0,,,,1000.0
2016-05-11T00:00:00,DGC,44.2,42.6,42.6,43.066,43.2,43.0,52600.0,52600.0,0.0,2265271600.0,0.0,0.0,0.0,0.0,0.0,51.0,73900.0,48.0,80000.0,6.700495129773533,20117956.0,,,,1000.0
2016-05-12T00:00:00,DGC,43.0,42.8,43.0,42.925,42.9,43.2,11000.0,11000.0,0.0,472175000.0,0.0,0.0,0.0,0.0,0.0,24.0,23600.0,32.0,30700.0,6.700495129773533,20117956.0,,,,1000.0
2016-05-13T00:00:00,DGC,42.6,42.3,42.5,42.46,42.3,42.9,32270.0,32270.0,0.0,1370184200.0,0.0,0.0,0.0,0.0,0.0,42.0,37400.0,31.0,94000.0,6.700495129773533,20117956.0,,,,1000.0
2016-05-16T00:00:00,DGC,43.8,42.2,43.8,42.43,42.3,42.3,31300.0,31300.0,0.0,1328059000.0,0.0,0.0,0.0,0.0,0.0,32.0,36500.0,35.0,58000.0,6.700495129773533,20117956.0,,,,1000.0
2016-05-17T00:00:00,DGC,42.3,41.9,42.2,42.3,41.9,42.3,29190.0,29190.0,0.0,1234737000.0,0.0,0.0,0.0,0.0,0.0,47.0,44300.0,40.0,92100.0,6.700495129773533,20117956.0,,,,1000.0
2016-05-18T00:00:00,DGC,42.2,41.7,42.2,41.881,41.8,41.9,12750.0,12750.0,0.0,533982750.0,0.0,0.0,0.0,0.0,0.0,27.0,15200.0,34.0,82300.0,6.700495129773533,20117956.0,,,,1000.0
2016-05-19T00:00:00,DGC,42.0,41.5,41.8,41.8,41.5,41.8,31000.0,31000.0,0.0,1295800000.0,0.0,1500.0,62850000.0,0.0,0.0,46.0,32100.0,39.0,56500.0,6.700495129773533,20116456.0,,,,1000.0
2016-05-20T00:00:00,DGC,42.0,41.5,41.5,41.638,41.6,41.5,21600.0,21600.0,0.0,899380800.0,0.0,0.0,0.0,0.0,0.0,29.0,25400.0,35.0,38400.0,6.700495129773533,20116456.0,,,,1000.0
2016-05-23T00:00:00,DGC,41.6,41.3,41.5,41.495,41.5,41.6,18400.0,18400.0,0.0,763508000.0,0.0,0.0,0.0,0.0,0.0,17.0,22900.0,20.0,33500.0,6.700495129773533,20116456.0,,,,1000.0
2016-05-24T00:00:00,DGC,41.4,41.2,41.3,41.307,41.2,41.5,8500.0,8500.0,0.0,351109500.0,0.0,0.0,0.0,0.0,0.0,19.0,15300.0,19.0,15700.0,6.700495129773533,20116456.0,,,,1000.0
2016-05-25T00:00:00,DGC,41.6,41.2,41.2,41.387,41.6,41.2,32700.0,32700.0,0.0,1353354900.0,0.0,0.0,0.0,0.0,0.0,48.0,39400.0,30.0,36500.0,6.700495129773533,20116456.0,,,,1000.0
2016-05-26T00:00:00,DGC,43.0,41.5,41.6,41.942,42.9,41.6,33200.0,33200.0,0.0,1392474400.0,0.0,0.0,0.0,3000.0,124800000.0,41.0,47300.0,52.0,48000.0,6.700495129773533,20116456.0,,,,1000.0
2016-05-27T00:00:00,DGC,42.8,42.1,42.3,42.385,42.5,42.9,13700.0,13700.0,0.0,580674500.0,0.0,0.0,0.0,0.0,0.0,31.0,31400.0,34.0,30000.0,6.700495129773533,20116456.0,,,,1000.0
2016-05-30T00:00:00,DGC,42.6,42.0,42.6,42.458,42.6,42.5,17800.0,17800.0,0.0,755752400.0,0.0,100.0,4260000.0,0.0,0.0,31.0,29900.0,31.0,32400.0,6.700495129773533,20116356.0,,,,1000.0
2016-05-31T00:00:00,DGC,42.6,42.4,42.6,42.486,42.5,42.6,14800.0,14800.0,0.0,628792800.0,0.0,0.0,0.0,0.0,0.0,25.0,29500.0,32.0,33600.0,6.700495129773533,20119356.0,,,,1000.0
2016-06-01T00:00:00,DGC,42.8,42.4,42.4,42.489,42.6,42.5,27400.0,27400.0,0.0,1164198600.0,0.0,0.0,0.0,19000.0,807790000.0,23.0,29000.0,35.0,49100.0,6.700495129773533,20119356.0,,,,1000.0
2016-06-02T00:00:00,DGC,42.5,41.6,42.5,42.028,42.3,42.6,12100.0,12100.0,0.0,508538800.0,0.0,0.0,0.0,0.0,0.0,32.0,32800.0,28.0,28000.0,6.700495129773533,20119356.0,,,,1000.0
2016-06-03T00:00:00,DGC,42.0,41.6,41.8,41.78,42.0,42.3,14300.0,14300.0,0.0,597454000.0,0.0,0.0,0.0,0.0,0.0,27.0,25600.0,38.0,36600.0,6.700495129773533,20119356.0,,,,1000.0
2016-06-06T00:00:00,DGC,42.5,41.9,42.0,42.086,42.4,42.0,3100.0,3100.0,0.0,130466600.0,0.0,0.0,0.0,0.0,0.0,13.0,12000.0,27.0,73900.0,6.700495129773533,20138356.0,,,,1000.0
2016-06-07T00:00:00,DGC,42.2,41.7,42.0,41.913,42.2,42.4,6600.0,6600.0,0.0,276625800.0,0.0,0.0,0.0,0.0,0.0,15.0,13000.0,35.0,38700.0,6.700495129773533,20138356.0,,,,1000.0
2016-06-08T00:00:00,DGC,42.1,41.7,42.0,41.923,42.0,42.2,8100.0,8100.0,0.0,339576300.0,0.0,0.0,0.0,0.0,0.0,19.0,29200.0,30.0,20900.0,6.700495129773533,20138356.0,,,,1000.0
2016-06-09T00:00:00,DGC,41.9,41.1,41.9,41.486,41.7,42.0,24600.0,24600.0,0.0,1020555600.0,0.0,0.0,0.0,0.0,0.0,40.0,58700.0,24.0,35600.0,6.700495129773533,20138356.0,,,,1000.0
2016-06-10T00:00:00,DGC,41.8,41.6,41.7,41.667,41.7,41.7,12160.0,12160.0,0.0,506670720.0,0.0,0.0,0.0,0.0,0.0,30.0,51700.0,32.0,31600.0,6.700495129773533,20138356.0,,,,1000.0
2016-06-13T00:00:00,DGC,41.8,41.3,41.8,41.416,41.3,41.7,44600.0,44600.0,0.0,1847153600.0,0.0,300.0,12540000.0,0.0,0.0,49.0,68700.0,39.0,56300.0,6.700495129773533,20138056.0,,,,1000.0
2016-06-14T00:00:00,DGC,41.6,41.0,41.5,41.145,41.0,41.3,44900.0,44900.0,0.0,1847410500.0,0.0,0.0,0.0,0.0,0.0,42.0,62900.0,30.0,75900.0,6.700495129773533,20138056.0,,,,1000.0
2016-06-15T00:00:00,DGC,41.1,40.7,40.7,40.847,41.1,41.0,16600.0,16600.0,0.0,678060200.0,0.0,0.0,0.0,0.0,0.0,33.0,74300.0,28.0,21400.0,6.700495129773533,20138056.0,,,,1000.0
2016-06-16T00:00:00,DGC,42.0,41.2,41.2,41.355,41.3,41.1,18500.0,18500.0,0.0,765067500.0,0.0,0.0,0.0,0.0,0.0,32.0,61300.0,35.0,65400.0,6.700495129773533,20138056.0,,,,1000.0
2016-06-17T00:00:00,DGC,41.5,41.0,41.4,41.099,41.5,41.3,31800.0,31800.0,0.0,1306948200.0,0.0,0.0,0.0,0.0,0.0,26.0,49600.0,33.0,67300.0,6.700495129773533,20138056.0,,,,1000.0
2016-06-20T00:00:00,DGC,44.0,41.0,41.0,41.805,43.9,41.5,83890.0,83890.0,0.0,3507021450.0,0.0,3200.0,139900000.0,0.0,0.0,92.0,137300.0,71.0,96200.0,6.700495129773533,20134856.0,,,,1000.0
2016-06-21T00:00:00,DGC,45.6,43.9,43.9,44.895,44.9,43.9,46200.0,46200.0,0.0,2074149000.0,0.0,0.0,0.0,0.0,0.0,55.0,50900.0,98.0,95400.0,6.700495129773533,20134856.0,,,,1000.0
2016-06-22T00:00:00,DGC,45.4,43.8,44.0,44.933,45.3,44.9,46800.0,46800.0,0.0,2102864400.0,0.0,100.0,4530000.0,0.0,0.0,67.0,69600.0,84.0,84700.0,6.700495129773533,20134756.0,,,,1000.0
2016-06-23T00:00:00,DGC,47.5,45.2,45.3,46.764,47.4,45.3,71260.0,71260.0,0.0,3332402640.0,0.0,2100.0,98960000.0,10000.0,470000000.0,92.0,106200.0,101.0,96800.0,6.700495129773533,20132656.0,,,,1000.0
2016-06-24T00:00:00,DGC,47.8,43.6,47.8,45.632,45.6,47.4,87600.0,87600.0,0.0,3997363200.0,0.0,0.0,0.0,0.0,0.0,73.0,113100.0,84.0,121500.0,6.700495129773533,20132656.0,,,,1000.0
2016-06-27T00:00:00,DGC,47.5,45.4,45.7,46.538,47.4,45.6,66200.0,66200.0,0.0,3080815600.0,0.0,7900.0,360690000.0,5000.0,235500000.0,96.0,175300.0,84.0,87300.0,6.700495129773533,20124756.0,,,,1000.0
2016-06-28T00:00:00,DGC,47.8,47.0,47.5,47.216,47.5,47.4,31100.0,31100.0,0.0,1468417600.0,0.0,3000.0,142500000.0,0.0,0.0,42.0,90000.0,50.0,56200.0,6.700495129773533,20131756.0,,,,1000.0
2016-06-29T00:00:00,DGC,50.0,47.5,47.5,48.714,48.5,47.5,93150.0,93150.0,0.0,4537709100.0,0.0,0.0,0.0,0.0,0.0,109.0,148500.0,101.0,154600.0,6.700495129773533,20131756.0,,,,1000.0
2016-06-30T00:00:00,DGC,50.9,49.2,49.2,50.309,50.1,48.5,137000.0,137000.0,0.0,6892333000.0,0.0,4600.0,231140000.0,0.0,0.0,132.0,166900.0,142.0,186400.0,6.700495129773533,20132156.0,,,,1000.0
2016-07-01T00:00:00,DGC,51.6,50.4,50.4,51.049,50.9,50.1,81180.0,81180.0,0.0,4144157820.0,0.0,0.0,0.0,0.0,0.0,104.0,94800.0,106.0,126300.0,6.700495129773533,20132156.0,,,,1000.0
2016-07-04T00:00:00,DGC,52.0,49.5,51.0,50.751,50.7,50.9,69820.0,69820.0,0.0,3543434820.0,0.0,100.0,5100000.0,0.0,0.0,155.0,115900.0,98.0,116800.0,6.700495129773533,20132056.0,,,,1000.0
2016-07-05T00:00:00,DGC,51.3,49.7,51.0,50.648,50.1,50.7,79980.0,79980.0,0.0,4050827040.0,0.0,2000.0,99600000.0,5000.0,254510000.0,102.0,108100.0,99.0,105400.0,6.700495129773533,20130056.0,,,,1000.0
2016-07-06T00:00:00,DGC,50.4,49.3,50.0,49.819,50.0,50.1,59950.0,59950.0,0.0,2986649050.0,0.0,50.0,2500000.0,10000.0,493510000.0,88.0,117500.0,74.0,93500.0,6.700495129773533,20130006.0,,,,1000.0
2016-07-07T00:00:00,DGC,51.0,49.7,50.1,49.996,49.7,50.0,64130.0,64130.0,0.0,3206243480.0,0.0,0.0,0.0,0.0,0.0,80.0,103000.0,79.0,114400.0,6.700495129773533,20130006.0,,,,1000.0
2016-07-08T00:00:00,DGC,50.3,49.4,49.5,49.823,49.4,49.7,131120.0,131100.0,20.0,6532691300.0,896000.0,0.0,0.0,0.0,0.0,100.0,159700.0,113.0,161000.0,6.700495129773533,20135006.0,,,,1000.0
2016-07-11T00:00:00,DGC,45.1,42.5,42.5,44.424,44.2,41.7,242244.0,242244.0,0.0,10761447456.0,0.0,0.0,0.0,10000.0,440300000.0,172.0,255900.0,183.0,266700.0,5.648908368962869,20145006.0,,,,1000.0
2016-07-12T00:00:00,DGC,44.4,42.1,44.2,43.325,43.5,44.2,21000.0,21000.0,0.0,909825000.0,0.0,0.0,0.0,0.0,0.0,63.0,56000.0,60.0,66700.0,5.648908368962869,20145006.0,,,,1000.0
2016-07-13T00:00:00,DGC,44.0,42.5,43.1,42.956,42.6,43.5,72600.0,72600.0,0.0,3118605600.0,0.0,0.0,0.0,0.0,0.0,66.0,93300.0,54.0,111400.0,5.648908368962869,20145006.0,,,,1000.0
2016-07-14T00:00:00,DGC,43.0,40.5,42.6,42.172,40.5,42.6,96940.0,96940.0,0.0,4088153680.0,0.0,0.0,0.0,0.0,0.0,98.0,105700.0,69.0,120000.0,5.648908368962869,20155006.0,,,,1000.0
2016-07-15T00:00:00,DGC,42.9,40.0,40.1,40.639,42.9,40.5,44810.0,44810.0,0.0,1821033590.0,0.0,0.0,0.0,0.0,0.0,80.0,127800.0,51.0,57100.0,5.648908368962869,20155006.0,,,,1000.0
2016-07-18T00:00:00,DGC,43.0,42.0,43.0,42.621,43.0,42.9,9900.0,9900.0,0.0,421947900.0,0.0,1000.0,42800000.0,0.0,0.0,36.0,31100.0,29.0,32700.0,5.648908368962869,20154006.0,,,,1000.0
2016-07-19T00:00:00,DGC,43.5,42.0,43.1,42.844,43.0,43.0,38300.0,38300.0,0.0,1640925200.0,0.0,0.0,0.0,0.0,0.0,34.0,55900.0,45.0,66600.0,5.648908368962869,20154006.0,,,,1000.0
2016-07-20T00:00:00,DGC,44.7,42.8,43.0,43.689,43.5,43.0,67100.0,67100.0,0.0,2931531900.0,0.0,0.0,0.0,200.0,8630000.0,74.0,101200.0,87.0,117700.0,5.648908368962869,20154006.0,,,,1000.0
2016-07-21T00:00:00,DGC,44.0,42.7,43.5,43.217,43.2,43.5,13900.0,13900.0,0.0,600716300.0,0.0,0.0,0.0,0.0,0.0,44.0,21400.0,48.0,57900.0,5.648908368962869,20154006.0,,,,1000.0
2016-07-22T00:00:00,DGC,42.2,41.0,42.1,41.7,41.5,43.2,48200.0,37200.0,11000.0,2024240000.0,473000000.0,0.0,0.0,0.0,0.0,62.0,54100.0,40.0,51900.0,5.648908368962869,20154006.0,,,,1000.0
2016-07-25T00:00:00,DGC,41.5,41.1,41.5,41.399,41.4,41.5,14300.0,14300.0,0.0,592005700.0,0.0,0.0,0.0,100.0,4150000.0,29.0,34800.0,31.0,30800.0,5.648908368962869,20154206.0,,,,1000.0
2016-07-26T00:00:00,DGC,42.5,40.8,41.3,41.023,42.5,41.4,11400.0,11400.0,0.0,467662200.0,0.0,0.0,0.0,0.0,0.0,28.0,23700.0,33.0,29100.0,5.648908368962869,20154206.0,,,,1000.0
2016-07-27T00:00:00,DGC,42.2,41.1,41.1,41.521,42.2,42.5,11400.0,11400.0,0.0,473339400.0,0.0,0.0,0.0,0.0,0.0,28.0,37100.0,32.0,30200.0,5.648908368962869,20154206.0,,,,1000.0
2016-07-28T00:00:00,DGC,42.0,41.8,42.0,41.963,42.0,42.2,10400.0,10400.0,0.0,436415200.0,0.0,0.0,0.0,0.0,0.0,16.0,24000.0,34.0,38700.0,5.648908368962869,20154306.0,,,,1000.0
2016-07-29T00:00:00,DGC,42.0,41.5,41.6,41.666,42.0,42.0,12700.0,12700.0,0.0,529158200.0,0.0,0.0,0.0,0.0,0.0,28.0,21900.0,22.0,19500.0,5.648908368962869,20154306.0,,,,1000.0
2016-08-01T00:00:00,DGC,41.5,41.0,41.3,41.217,41.0,42.0,18100.0,18100.0,0.0,746027700.0,0.0,0.0,0.0,1500.0,61950000.0,36.0,43700.0,37.0,43200.0,5.648908368962869,20154306.0,,,,1000.0
2016-08-02T00:00:00,DGC,40.7,39.8,40.7,40.114,39.8,41.0,61000.0,61000.0,0.0,2446954000.0,0.0,0.0,0.0,0.0,0.0,57.0,85400.0,51.0,82400.0,5.648908368962869,20154306.0,,,,1000.0
2016-08-03T00:00:00,DGC,40.0,39.7,40.0,39.848,40.0,39.8,16608.0,16608.0,0.0,661795584.0,0.0,0.0,0.0,0.0,0.0,34.0,41000.0,21.0,29800.0,5.648908368962869,20154306.0,,,,1000.0
2016-08-04T00:00:00,DGC,41.0,40.0,40.0,40.593,40.6,40.0,10400.0,10400.0,0.0,422167200.0,0.0,0.0,0.0,0.0,0.0,30.0,34200.0,40.0,26300.0,5.648908368962869,20155806.0,,,,1000.0
2016-08-05T00:00:00,DGC,40.6,40.0,40.6,40.151,40.6,40.6,16000.0,16000.0,0.0,642416000.0,0.0,0.0,0.0,0.0,0.0,28.0,39900.0,25.0,34600.0,5.648908368962869,20155806.0,,,,1000.0
2016-08-08T00:00:00,DGC,40.6,39.8,39.8,40.271,40.6,40.6,12900.0,12900.0,0.0,519495900.0,0.0,0.0,0.0,0.0,0.0,24.0,33100.0,24.0,28100.0,5.648908368962869,20155806.0,,,,1000.0
2016-08-09T00:00:00,DGC,40.9,40.3,40.9,40.573,40.3,40.6,14308.0,14308.0,0.0,580518484.0,0.0,0.0,0.0,0.0,0.0,25.0,34700.0,25.0,33400.0,5.648908368962869,20155806.0,,,,1000.0
2016-08-10T00:00:00,DGC,41.5,40.8,40.8,41.134,41.5,40.3,56103.0,56103.0,0.0,2307740802.0,0.0,0.0,0.0,0.0,0.0,51.0,95300.0,46.0,91300.0,5.648908368962869,20155806.0,,,,1000.0
2016-08-11T00:00:00,DGC,42.0,41.1,41.1,41.776,41.9,41.5,36700.0,36700.0,0.0,1533179200.0,0.0,0.0,0.0,0.0,0.0,45.0,48400.0,40.0,53700.0,5.648908368962869,20155806.0,,,,1000.0
2016-08-12T00:00:00,DGC,42.0,41.4,42.0,41.685,41.5,41.9,14100.0,14100.0,0.0,587758500.0,0.0,100.0,4150000.0,0.0,0.0,22.0,20700.0,43.0,42300.0,5.648908368962869,20155706.0,,,,1000.0
2016-08-15T00:00:00,DGC,41.5,41.1,41.5,41.5,41.1,41.5,15500.0,15500.0,0.0,643250000.0,0.0,0.0,0.0,0.0,0.0,24.0,25900.0,31.0,33300.0,5.648908368962869,20155706.0,,,,1000.0
2016-08-16T00:00:00,DGC,42.5,41.6,41.8,42.003,42.4,41.1,40200.0,40200.0,0.0,1688520600.0,0.0,10000.0,424000000.0,0.0,0.0,38.0,70400.0,56.0,58200.0,5.648908368962869,20145706.0,,,,1000.0
2016-08-17T00:00:00,DGC,42.5,41.5,42.5,42.008,42.4,42.4,45750.0,45750.0,0.0,1921866000.0,0.0,200.0,8400000.0,16000.0,672000000.0,81.0,137700.0,46.0,67800.0,5.648908368962869,20145506.0,,,,1000.0
2016-08-18T00:00:00,DGC,46.3,42.5,43.0,43.656,44.0,42.4,120563.0,120563.0,0.0,5263298328.0,0.0,0.0,0.0,35430.0,1539295000.0,120.0,171000.0,116.0,172500.0,5.648908368962869,20145506.0,,,,1000.0
2016-08-19T00:00:00,DGC,44.0,42.9,44.0,44.0,42.9,44.0,13200.0,13200.0,0.0,580800000.0,0.0,0.0,0.0,0.0,0.0,37.0,29400.0,68.0,62700.0,5.648908368962869,23868074.0,,,,1000.0
2016-08-22T00:00:00,DGC,42.9,41.9,42.5,42.528,42.5,42.9,15000.0,15000.0,0.0,637920000.0,0.0,0.0,0.0,0.0,0.0,34.0,34800.0,47.0,41900.0,5.648908368962869,23884074.0,,,,1000.0
2016-08-23T00:00:00,DGC,42.7,41.5,42.3,42.174,42.6,42.5,7400.0,7400.0,0.0,312087600.0,0.0,0.0,0.0,0.0,0.0,37.0,33700.0,51.0,46000.0,5.648908368962869,23919504.0,,,,1000.0
2016-08-24T00:00:00,DGC,43.8,41.9,42.7,42.802,43.3,42.6,38228.0,38228.0,0.0,1636234856.0,0.0,0.0,0.0,0.0,0.0,47.0,78100.0,73.0,91800.0,5.648908368962869,23919504.0,,,,1000.0
2016-08-25T00:00:00,DGC,43.3,42.5,43.3,42.996,42.9,43.3,8750.0,8750.0,0.0,376215000.0,0.0,0.0,0.0,0.0,0.0,25.0,23400.0,50.0,61600.0,5.648908368962869,23919504.0,,,,1000.0
2016-08-26T00:00:00,DGC,43.2,42.6,42.9,42.785,42.9,42.9,18600.0,18600.0,0.0,795801000.0,0.0,1000.0,42900000.0,0.0,0.0,32.0,32800.0,48.0,62100.0,5.648908368962869,23918504.0,,,,1000.0
2016-08-29T00:00:00,DGC,43.8,42.7,43.0,43.249,43.4,42.9,52900.0,52900.0,0.0,2287872100.0,0.0,0.0,0.0,0.0,0.0,53.0,62700.0,73.0,102500.0,5.648908368962869,23918504.0,,,,1000.0
2016-08-30T00:00:00,DGC,43.9,43.0,43.4,43.548,43.7,43.4,49047.0,49047.0,0.0,2135898756.0,0.0,0.0,0.0,0.0,0.0,67.0,66600.0,81.0,92000.0,5.648908368962869,23918504.0,,,,1000.0
2016-08-31T00:00:00,DGC,46.0,43.6,43.9,44.716,46.0,43.7,193259.0,193259.0,0.0,8641769444.0,0.0,0.0,0.0,20.0,880000.0,155.0,226100.0,180.0,208200.0,5.648908368962869,23918504.0,,,,1000.0
2016-09-01T00:00:00,DGC,46.1,45.2,46.0,45.726,45.5,46.0,47800.0,47800.0,0.0,2185702800.0,0.0,0.0,0.0,0.0,0.0,70.0,77000.0,68.0,78300.0,5.648908368962869,23918504.0,,,,1000.0
2016-09-05T00:00:00,DGC,47.3,45.3,45.5,46.496,47.0,45.5,66400.0,66400.0,0.0,3087334400.0,0.0,3500.0,159250000.0,0.0,0.0,84.0,88400.0,101.0,87000.0,5.648908368962869,23915004.0,,,,1000.0
2016-09-06T00:00:00,DGC,47.7,46.0,47.0,46.917,46.0,47.0,44729.0,44729.0,0.0,2098550493.0,0.0,0.0,0.0,0.0,0.0,62.0,52400.0,94.0,73000.0,5.648908368962869,23915024.0,,,,1000.0
2016-09-07T00:00:00,DGC,46.5,44.7,45.9,46.0,45.7,46.0,103379.0,103379.0,0.0,4755434000.0,0.0,0.0,0.0,70.0,2898000.0,133.0,130900.0,149.0,129600.0,5.648908368962869,23915024.0,,,,1000.0
2016-09-08T00:00:00,DGC,47.1,45.6,45.6,46.272,46.7,45.7,102137.0,102022.0,115.0,4725499984.0,4738000.0,0.0,0.0,5600.0,255360000.0,111.0,145600.0,189.0,135400.0,5.648908368962869,23915024.0,,,,1000.0
2016-09-09T00:00:00,DGC,48.5,47.3,48.5,48.006,48.0,46.7,122205.0,122205.0,0.0,5866573230.0,0.0,0.0,0.0,0.0,0.0,120.0,156200.0,164.0,182000.0,5.648908368962869,23915024.0,,,,1000.0
2016-09-12T00:00:00,DGC,47.6,47.0,47.6,47.323,47.2,48.0,25522.0,25522.0,0.0,1207777606.0,0.0,0.0,0.0,0.0,0.0,49.0,40100.0,55.0,40000.0,5.648908368962869,23915094.0,,,,1000.0
2016-09-13T00:00:00,DGC,48.5,47.2,47.5,47.564,47.8,47.2,50251.0,50251.0,0.0,2390138564.0,0.0,0.0,0.0,0.0,0.0,69.0,84900.0,84.0,107300.0,5.648908368962869,23920694.0,,,,1000.0
2016-09-14T00:00:00,DGC,48.7,47.1,47.3,47.493,47.2,47.8,56888.0,56811.0,77.0,2701443523.0,3318700.0,6.0,286800.0,0.0,0.0,87.0,91900.0,71.0,88100.0,5.648908368962869,23920688.0,,,,1000.0
2016-09-15T00:00:00,DGC,47.9,47.0,47.0,47.504,47.8,47.2,33062.0,33062.0,0.0,1570577248.0,0.0,0.0,0.0,0.0,0.0,57.0,82000.0,48.0,56000.0,5.648908368962869,23920688.0,,,,1000.0
2016-09-16T00:00:00,DGC,49.3,47.5,47.5,48.608,48.6,47.8,59216.0,59216.0,0.0,2878371328.0,0.0,0.0,0.0,0.0,0.0,105.0,84500.0,93.0,121300.0,5.648908368962869,23920688.0,,,,1000.0
2016-09-19T00:00:00,DGC,51.3,47.5,47.6,50.561,51.3,48.6,233367.0,233312.0,55.0,11798897032.0,2409000.0,300.0,15000000.0,1500.0,76800000.0,152.0,342600.0,250.0,277800.0,5.648908368962869,23920388.0,,,,1000.0
2016-09-20T00:00:00,DGC,52.4,51.3,52.4,51.425,51.4,51.3,85145.0,85145.0,0.0,4378581625.0,0.0,0.0,0.0,3300.0,169290000.0,91.0,109000.0,125.0,130600.0,5.648908368962869,23920388.0,,,,1000.0
2016-09-21T00:00:00,DGC,51.4,50.7,51.2,51.072,51.2,51.4,32663.0,32663.0,0.0,1668164736.0,0.0,0.0,0.0,0.0,0.0,71.0,97300.0,82.0,59000.0,5.648908368962869,23920388.0,,,,1000.0
2016-09-22T00:00:00,DGC,51.8,50.7,51.0,51.107,51.0,51.2,42794.0,42794.0,0.0,2187072958.0,0.0,0.0,0.0,0.0,0.0,71.0,75700.0,90.0,73700.0,5.648908368962869,23921888.0,,,,1000.0
2016-09-23T00:00:00,DGC,53.0,50.0,51.0,51.0,52.2,51.0,84575.0,84483.0,92.0,4312855800.0,4222800.0,0.0,0.0,3000.0,152100000.0,144.0,155100.0,127.0,115400.0,5.648908368962869,23925188.0,,,,1000.0
2016-09-26T00:00:00,DGC,56.9,51.5,52.2,54.585,56.9,52.2,216367.0,216367.0,0.0,11810392695.0,0.0,4000.0,211460000.0,0.0,0.0,141.0,311600.0,234.0,233500.0,5.648908368962869,23921188.0,,,,1000.0
2016-09-27T00:00:00,DGC,57.2,54.5,55.5,56.048,57.0,56.9,117239.0,117221.0,18.0,6570926008.0,923400.0,0.0,0.0,0.0,0.0,119.0,196100.0,184.0,182600.0,5.648908368962869,23921188.0,,,,1000.0
2016-09-28T00:00:00,DGC,57.5,56.1,57.5,56.531,56.7,57.0,61091.0,61007.0,84.0,3453095917.0,4309200.0,0.0,0.0,300.0,16920000.0,76.0,126800.0,109.0,101300.0,5.648908368962869,23924188.0,,,,1000.0
2016-09-29T00:00:00,DGC,56.8,51.1,51.1,55.734,56.1,56.7,201287.0,201287.0,0.0,11218529658.0,0.0,0.0,0.0,6900.0,381540000.0,155.0,231100.0,164.0,238000.0,5.648908368962869,23924188.0,,,,1000.0
2016-09-30T00:00:00,DGC,57.5,55.0,55.0,57.042,57.3,56.1,99871.0,99816.0,55.0,5696481772.0,2777500.0,0.0,0.0,0.0,0.0,122.0,159100.0,159.0,134300.0,5.648908368962869,23924188.0,,,,1000.0
2016-10-03T00:00:00,DGC,57.8,56.5,57.8,56.989,57.0,57.3,103934.0,103934.0,0.0,5923094726.0,0.0,0.0,0.0,0.0,0.0,82.0,169900.0,97.0,154600.0,5.648908368962869,23924488.0,,,,1000.0
2016-10-04T00:00:00,DGC,57.4,54.0,57.4,56.133,55.5,57.0,100074.0,99866.0,208.0,5616448578.0,10670400.0,0.0,0.0,30069.0,1682759700.0,103.0,166100.0,126.0,157000.0,5.648908368962869,23931388.0,,,,1000.0
2016-10-05T00:00:00,DGC,55.5,54.0,55.0,55.115,55.4,55.5,60741.0,60741.0,0.0,3347740215.0,0.0,0.0,0.0,0.0,0.0,72.0,95000.0,86.0,89900.0,5.648908368962869,23931388.0,,,,1000.0
2016-10-06T00:00:00,DGC,55.2,53.5,54.3,54.061,54.2,55.4,64478.0,64478.0,0.0,3485745158.0,0.0,0.0,0.0,16500.0,890010000.0,101.0,109300.0,79.0,102100.0,5.648908368962869,23931388.0,,,,1000.0
2016-10-07T00:00:00,DGC,54.6,53.7,54.2,54.037,53.7,54.2,48726.0,48726.0,0.0,2633006862.0,0.0,0.0,0.0,0.0,0.0,59.0,113200.0,73.0,84600.0,5.648908368962869,23961457.0,,,,1000.0
2016-10-10T00:00:00,DGC,54.5,53.3,53.6,53.916,53.3,53.7,43730.0,43730.0,0.0,2357746680.0,0.0,13000.0,701540000.0,0.0,0.0,43.0,88700.0,64.0,74100.0,5.648908368962869,23948457.0,,,,1000.0
2016-10-11T00:00:00,DGC,53.5,51.1,53.3,52.093,52.0,53.3,92551.0,92551.0,0.0,4821259243.0,0.0,8000.0,424300000.0,0.0,0.0,115.0,140900.0,79.0,137900.0,5.648908368962869,23956957.0,,,,1000.0
2016-10-12T00:00:00,DGC,53.9,52.0,52.0,52.352,52.6,52.0,36615.0,36615.0,0.0,1916868480.0,0.0,2000.0,105000000.0,0.0,0.0,56.0,106600.0,45.0,67500.0,5.648908368962869,23954957.0,,,,1000.0
2016-10-13T00:00:00,DGC,52.9,51.7,52.0,52.368,52.9,52.6,52654.0,52654.0,0.0,2757384672.0,0.0,0.0,0.0,0.0,0.0,67.0,144100.0,38.0,59900.0,5.648908368962869,23954957.0,,,,1000.0
2016-10-14T00:00:00,DGC,54.5,52.9,52.9,54.049,54.3,52.9,44297.0,44297.0,0.0,2394208553.0,0.0,15100.0,815300000.0,0.0,0.0,61.0,106900.0,77.0,71900.0,5.648908368962869,23939857.0,,,,1000.0
2016-10-17T00:00:00,DGC,54.4,53.0,54.0,53.577,53.0,54.3,60714.0,60714.0,0.0,3252873978.0,0.0,21900.0,1171640000.0,0.0,0.0,66.0,107500.0,67.0,112700.0,5.648908368962869,23917957.0,,,,1000.0
2016-10-18T00:00:00,DGC,53.0,50.3,53.0,51.249,50.9,53.0,114214.0,114214.0,0.0,5853353286.0,0.0,0.0,0.0,9300.0,483800000.0,116.0,167400.0,95.0,176800.0,5.648908368962869,23917957.0,,,,1000.0
2016-10-19T00:00:00,DGC,50.8,49.0,50.0,49.974,50.0,50.9,145870.0,145870.0,0.0,7289707380.0,0.0,25000.0,1260100000.0,0.0,0.0,161.0,216100.0,106.0,206400.0,5.648908368962869,23892957.0,,,,1000.0
2016-10-20T00:00:00,DGC,49.5,48.0,49.5,48.856,48.1,50.0,89068.0,89068.0,0.0,4351506208.0,0.0,4000.0,196530000.0,7000.0,342800000.0,137.0,140700.0,78.0,145900.0,5.648908368962869,23888957.0,,,,1000.0
2016-10-21T00:00:00,DGC,48.2,46.0,48.2,47.299,46.0,48.1,115508.0,115508.0,0.0,5463412892.0,0.0,10600.0,507400000.0,0.0,0.0,105.0,162200.0,67.0,183000.0,5.648908368962869,23887657.0,,,,1000.0
2016-10-24T00:00:00,DGC,45.5,42.9,45.1,43.957,43.6,46.0,173753.0,173752.0,1.0,7637658064.0,41400.0,21300.0,935740000.0,0.0,0.0,160.0,246200.0,81.0,206200.0,5.648908368962869,23866357.0,,,,1000.0
2016-10-25T00:00:00,DGC,45.0,43.6,45.0,44.349,44.4,43.6,44690.0,44690.0,0.0,1981956810.0,0.0,1200.0,53220000.0,0.0,0.0,67.0,98300.0,37.0,73500.0,5.648908368962869,23872157.0,,,,1000.0
2016-10-26T00:00:00,DGC,45.9,44.2,45.5,44.596,44.5,44.4,31472.0,31472.0,0.0,1403525312.0,0.0,0.0,0.0,0.0,0.0,52.0,92300.0,71.0,71900.0,5.648908368962869,23872157.0,,,,1000.0
2016-10-27T00:00:00,DGC,44.9,44.2,44.5,44.578,44.6,44.5,16694.0,16694.0,0.0,744185132.0,0.0,0.0,0.0,0.0,0.0,35.0,51000.0,28.0,30500.0,5.648908368962869,23872157.0,,,,1000.0
2016-10-28T00:00:00,DGC,45.6,44.6,44.6,45.031,45.6,44.6,5195.0,5195.0,0.0,233936045.0,0.0,2000.0,91200000.0,0.0,0.0,31.0,44700.0,17.0,19200.0,5.648908368962869,23870157.0,,,,1000.0
2016-10-31T00:00:00,DGC,46.0,44.4,45.0,44.788,46.0,45.6,41752.0,41752.0,0.0,1869988576.0,0.0,0.0,0.0,22000.0,981340000.0,61.0,113200.0,41.0,75900.0,5.648908368962869,23870157.0,,,,1000.0
2016-11-01T00:00:00,DGC,46.0,44.2,45.2,45.091,44.2,46.0,68597.0,68530.0,67.0,3092860030.0,2773800.0,500.0,22550000.0,0.0,0.0,62.0,72000.0,61.0,104200.0,5.648908368962869,23869657.0,,,,1000.0
2016-11-02T00:00:00,DGC,44.2,43.0,44.2,43.484,43.0,44.2,44985.0,44985.0,0.0,1956127740.0,0.0,0.0,0.0,15200.0,663150000.0,74.0,62100.0,66.0,85200.0,5.648908368962869,23869657.0,,,,1000.0
2016-11-03T00:00:00,DGC,43.0,42.0,42.5,42.423,42.8,43.0,24613.0,24587.0,26.0,1044060501.0,1006200.0,500.0,21050000.0,0.0,0.0,48.0,54500.0,45.0,57500.0,5.648908368962869,23891157.0,,,,1000.0
2016-11-04T00:00:00,DGC,43.4,42.8,43.4,43.009,42.8,42.8,26443.0,26443.0,0.0,1137286987.0,0.0,0.0,0.0,0.0,0.0,34.0,52800.0,41.0,57200.0,5.648908368962869,23891157.0,,,,1000.0
2016-11-07T00:00:00,DGC,45.0,42.8,45.0,43.035,43.5,42.8,15269.0,15269.0,0.0,657101415.0,0.0,1000.0,43000000.0,800.0,34240000.0,38.0,25800.0,34.0,33200.0,5.648908368962869,23905357.0,,,,1000.0
2016-11-08T00:00:00,DGC,44.0,43.1,43.1,43.571,43.8,43.5,18510.0,18510.0,0.0,806499210.0,0.0,0.0,0.0,0.0,0.0,41.0,50100.0,42.0,38100.0,5.648908368962869,23905357.0,,,,1000.0
2016-11-09T00:00:00,DGC,44.0,42.0,44.0,42.772,43.7,43.8,60036.0,60036.0,0.0,2567859792.0,0.0,0.0,0.0,0.0,0.0,56.0,111900.0,49.0,73000.0,5.648908368962869,23905357.0,,,,1000.0
2016-11-10T00:00:00,DGC,44.9,43.5,43.5,44.286,44.1,43.7,34854.0,34854.0,0.0,1543544244.0,0.0,0.0,0.0,0.0,0.0,44.0,43600.0,56.0,72900.0,5.648908368962869,23906157.0,,,,1000.0
2016-11-11T00:00:00,DGC,44.5,43.2,44.1,43.637,43.2,44.1,25382.0,25382.0,0.0,1107594334.0,0.0,0.0,0.0,9300.0,402540000.0,40.0,27700.0,39.0,56100.0,5.648908368962869,23906157.0,,,,1000.0
2016-11-14T00:00:00,DGC,44.0,42.9,44.0,43.2,43.1,43.2,26109.0,26109.0,0.0,1127908800.0,0.0,200.0,8580000.0,0.0,0.0,40.0,50400.0,39.0,50800.0,5.648908368962869,23905957.0,,,,1000.0
2016-11-15T00:00:00,DGC,44.0,43.0,43.1,43.567,43.1,43.1,25400.0,25400.0,0.0,1106601800.0,0.0,100.0,4400000.0,1400.0,60900000.0,32.0,46700.0,53.0,59300.0,5.648908368962869,23905857.0,,,,1000.0
2016-11-16T00:00:00,DGC,43.1,42.8,43.1,42.978,42.9,43.1,41882.0,41882.0,0.0,1800004596.0,0.0,0.0,0.0,0.0,0.0,45.0,58800.0,48.0,67400.0,5.648908368962869,23915157.0,,,,1000.0
2016-11-17T00:00:00,DGC,43.1,42.7,43.1,42.9,43.1,42.9,9528.0,9528.0,0.0,408751200.0,0.0,400.0,17240000.0,2900.0,124310000.0,33.0,21100.0,40.0,35600.0,5.648908368962869,23914757.0,,,,1000.0
2016-11-18T00:00:00,DGC,43.0,42.7,42.9,42.961,42.8,43.1,61884.0,61884.0,0.0,2658598524.0,0.0,0.0,0.0,100.0,4290000.0,38.0,68000.0,56.0,87400.0,5.648908368962869,23916157.0,,,,1000.0
2016-11-21T00:00:00,DGC,42.6,42.1,42.1,42.555,42.4,42.8,11281.0,11281.0,0.0,480062955.0,0.0,0.0,0.0,0.0,0.0,28.0,24000.0,28.0,34300.0,5.648908368962869,23916157.0,,,,1000.0
2016-11-22T00:00:00,DGC,42.5,42.2,42.2,42.326,42.4,42.4,17764.0,17764.0,0.0,751879064.0,0.0,0.0,0.0,0.0,0.0,38.0,35300.0,39.0,41000.0,5.648908368962869,23919057.0,,,,1000.0
2016-11-23T00:00:00,DGC,42.4,42.0,42.2,42.127,42.4,42.4,26000.0,26000.0,0.0,1095302000.0,0.0,0.0,0.0,0.0,0.0,39.0,40800.0,40.0,45700.0,5.648908368962869,23919157.0,,,,1000.0
2016-11-24T00:00:00,DGC,42.4,42.0,42.3,42.189,42.0,42.4,25600.0,25600.0,0.0,1080038400.0,0.0,0.0,0.0,0.0,0.0,30.0,33300.0,46.0,58600.0,5.648908368962869,23919157.0,,,,1000.0
2016-11-25T00:00:00,DGC,42.0,41.2,42.0,41.689,41.5,42.0,38994.0,38994.0,0.0,1625620866.0,0.0,0.0,0.0,0.0,0.0,33.0,56900.0,39.0,58700.0,5.648908368962869,23919157.0,,,,1000.0
2016-11-28T00:00:00,DGC,41.4,40.4,41.2,40.875,40.5,41.5,33133.0,33133.0,0.0,1354311375.0,0.0,0.0,0.0,2000.0,82000000.0,34.0,42800.0,35.0,55700.0,5.648908368962869,23919157.0,,,,1000.0
2016-11-29T00:00:00,DGC,40.5,40.0,40.2,40.32,40.0,40.5,21754.0,21754.0,0.0,877121280.0,0.0,0.0,0.0,0.0,0.0,26.0,42800.0,25.0,35000.0,5.648908368962869,23919157.0,,,,1000.0
2016-11-30T00:00:00,DGC,42.8,40.0,40.3,40.209,42.8,40.0,12880.0,12880.0,0.0,517891920.0,0.0,0.0,0.0,0.0,0.0,34.0,76000.0,26.0,43700.0,5.648908368962869,23919157.0,,,,1000.0
2016-12-01T00:00:00,DGC,42.5,41.0,41.0,41.354,41.9,42.8,16180.0,16180.0,0.0,669107720.0,0.0,0.0,0.0,3200.0,132100000.0,45.0,62400.0,37.0,32100.0,5.648908368962869,23921157.0,,,,1000.0
2016-12-02T00:00:00,DGC,42.0,41.2,42.0,41.458,41.5,41.9,14646.0,14646.0,0.0,607193868.0,0.0,5000.0,206500000.0,0.0,0.0,21.0,41900.0,27.0,35000.0,5.648908368962869,23916157.0,,,,1000.0
2016-12-05T00:00:00,DGC,41.5,40.3,41.5,40.695,41.5,41.5,38821.0,38821.0,0.0,1579820595.0,0.0,13000.0,530000000.0,30800.0,1251570000.0,34.0,62600.0,29.0,57000.0,5.648908368962869,23903157.0,,,,1000.0
2016-12-06T00:00:00,DGC,41.0,40.5,41.0,40.527,41.0,41.5,6400.0,6400.0,0.0,259372800.0,0.0,0.0,0.0,0.0,0.0,22.0,51700.0,36.0,32100.0,5.648908368962869,23906357.0,,,,1000.0
2016-12-07T00:00:00,DGC,41.3,40.8,41.1,41.02,40.8,41.0,14200.0,14200.0,0.0,582484000.0,0.0,0.0,0.0,0.0,0.0,15.0,56700.0,27.0,51800.0,5.648908368962869,23906357.0,,,,1000.0
2016-12-08T00:00:00,DGC,43.0,40.5,42.0,41.608,40.6,40.8,6325.0,6325.0,0.0,263170600.0,0.0,0.0,0.0,0.0,0.0,23.0,45200.0,35.0,37800.0,5.648908368962869,23937157.0,,,,1000.0
2016-12-09T00:00:00,DGC,40.4,40.0,40.1,40.167,40.2,40.6,20800.0,20800.0,0.0,835473600.0,0.0,0.0,0.0,0.0,0.0,32.0,58500.0,27.0,35400.0,5.648908368962869,23937157.0,,,,1000.0
2016-12-12T00:00:00,DGC,40.2,39.2,39.2,39.891,39.6,40.2,18802.0,18802.0,0.0,750030582.0,0.0,0.0,0.0,0.0,0.0,50.0,64800.0,47.0,51800.0,5.648908368962869,23937157.0,,,,1000.0
2016-12-13T00:00:00,DGC,40.0,39.0,40.0,39.408,39.9,39.6,24600.0,24600.0,0.0,969436800.0,0.0,0.0,0.0,0.0,0.0,40.0,57500.0,29.0,32000.0,5.648908368962869,23937157.0,,,,1000.0
2016-12-14T00:00:00,DGC,40.8,39.1,39.1,39.613,39.9,39.9,10900.0,10900.0,0.0,431781700.0,0.0,0.0,0.0,0.0,0.0,29.0,54600.0,24.0,28200.0,5.648908368962869,23937157.0,,,,1000.0
2016-12-15T00:00:00,DGC,40.5,39.5,39.9,39.808,40.5,39.9,14299.0,14299.0,0.0,569214592.0,0.0,0.0,0.0,0.0,0.0,29.0,43000.0,21.0,28200.0,5.648908368962869,23937157.0,,,,1000.0
2016-12-16T00:00:00,DGC,39.8,39.4,39.8,39.545,39.8,40.5,19524.0,19524.0,0.0,772076580.0,0.0,0.0,0.0,0.0,0.0,46.0,48100.0,30.0,37800.0,5.648908368962869,23937157.0,,,,1000.0
2016-12-19T00:00:00,DGC,40.5,39.5,39.5,39.982,40.2,39.8,9920.0,9920.0,0.0,396621440.0,0.0,0.0,0.0,0.0,0.0,34.0,72600.0,19.0,17300.0,5.648908368962869,23937157.0,,,,1000.0
2016-12-20T00:00:00,DGC,40.2,40.0,40.1,40.156,40.2,40.2,17100.0,17100.0,0.0,686667600.0,0.0,8900.0,357780000.0,0.0,0.0,14.0,24500.0,26.0,42700.0,5.648908368962869,23928257.0,,,,1000.0
2016-12-21T00:00:00,DGC,40.1,39.5,40.1,39.764,40.0,40.2,4600.0,4600.0,0.0,182914400.0,0.0,0.0,0.0,0.0,0.0,24.0,15700.0,21.0,19000.0,5.648908368962869,23928257.0,,,,1000.0
2016-12-22T00:00:00,DGC,39.8,39.5,39.8,39.545,39.7,40.0,12700.0,12700.0,0.0,502221500.0,0.0,1100.0,43560000.0,0.0,0.0,25.0,23200.0,24.0,35600.0,5.648908368962869,23927157.0,,,,1000.0
2016-12-23T00:00:00,DGC,41.0,39.8,41.0,40.264,40.2,39.7,13754.0,13754.0,0.0,553791056.0,0.0,1000.0,40000000.0,0.0,0.0,26.0,25700.0,36.0,43800.0,5.648908368962869,23926157.0,,,,1000.0
2016-12-26T00:00:00,DGC,40.0,39.7,40.0,39.845,39.7,40.2,11633.0,11633.0,0.0,463516885.0,0.0,1000.0,39800000.0,0.0,0.0,22.0,20400.0,25.0,45300.0,5.648908368962869,23925157.0,,,,1000.0
2016-12-27T00:00:00,DGC,39.8,39.0,39.8,39.573,39.2,39.7,14744.0,14744.0,0.0,583464312.0,0.0,0.0,0.0,0.0,0.0,14.0,20200.0,23.0,41100.0,5.648908368962869,23925157.0,,,,1000.0
2016-12-28T00:00:00,DGC,39.5,39.0,39.2,39.32,39.5,39.2,15362.0,15362.0,0.0,604033840.0,0.0,0.0,0.0,0.0,0.0,15.0,27500.0,17.0,22500.0,5.648908368962869,23925157.0,,,,1000.0
2016-12-29T00:00:00,DGC,40.0,39.5,39.5,39.931,40.0,39.5,12100.0,12100.0,0.0,483165100.0,0.0,0.0,0.0,0.0,0.0,16.0,29500.0,20.0,24100.0,5.648908368962869,23925157.0,,,,1000.0
2016-12-30T00:00:00,DGC,41.5,39.5,39.5,39.96,41.5,40.0,41200.0,41200.0,0.0,1646352000.0,0.0,0.0,0.0,0.0,0.0,26.0,77500.0,29.0,45100.0,5.648908368962869,23925157.0,,,,1000.0
2017-01-03T00:00:00,DGC,43.0,41.0,43.0,41.875,41.5,41.5,6000.0,6000.0,0.0,251250000.0,0.0,0.0,0.0,0.0,0.0,15.0,20300.0,36.0,51800.0,5.648908368962869,23925157.0,,,,1000.0
2017-01-04T00:00:00,DGC,41.0,40.7,41.0,40.931,40.7,41.5,11679.0,11679.0,0.0,478033149.0,0.0,0.0,0.0,0.0,0.0,20.0,22400.0,29.0,26000.0,5.648908368962869,23925157.0,,,,1000.0
2017-01-05T00:00:00,DGC,41.8,39.5,41.8,39.626,39.5,40.7,16654.0,16654.0,0.0,659931404.0,0.0,0.0,0.0,14700.0,581230000.0,35.0,22900.0,42.0,58100.0,5.648908368962869,23925157.0,,,,1000.0
2017-01-06T00:00:00,DGC,39.1,38.5,39.1,38.912,38.5,39.5,9700.0,9700.0,0.0,377446400.0,0.0,0.0,0.0,0.0,0.0,30.0,17000.0,29.0,34300.0,5.648908368962869,23925157.0,,,,1000.0
2017-01-09T00:00:00,DGC,39.4,39.0,39.4,39.294,39.2,38.5,1900.0,1900.0,0.0,74658600.0,0.0,0.0,0.0,0.0,0.0,22.0,23200.0,12.0,6600.0,5.648908368962869,23925157.0,,,,1000.0
2017-01-10T00:00:00,DGC,39.2,39.0,39.2,39.117,39.2,39.2,3600.0,3600.0,0.0,140821200.0,0.0,0.0,0.0,0.0,0.0,11.0,12800.0,23.0,18700.0,5.648908368962869,23939857.0,,,,1000.0
2017-01-11T00:00:00,DGC,39.2,38.9,39.2,39.035,38.9,39.2,11250.0,11250.0,0.0,439143750.0,0.0,0.0,0.0,0.0,0.0,27.0,23700.0,26.0,34000.0,5.648908368962869,23939857.0,,,,1000.0
2017-01-12T00:00:00,DGC,40.0,39.0,39.0,39.582,39.5,38.9,34249.0,34249.0,0.0,1355643918.0,0.0,0.0,0.0,15600.0,616260000.0,46.0,45500.0,43.0,51200.0,5.648908368962869,23939857.0,,,,1000.0
2017-01-13T00:00:00,DGC,41.8,39.4,39.4,39.5,41.1,39.5,89020.0,56436.0,32584.0,3389212400.0,1159990400.0,0.0,0.0,2500.0,98750000.0,95.0,78100.0,95.0,89000.0,5.648908368962869,23939857.0,,,,1000.0
2017-01-16T00:00:00,DGC,41.6,40.5,41.2,41.031,41.1,41.1,30000.0,30000.0,0.0,1230930000.0,0.0,0.0,0.0,0.0,0.0,40.0,46200.0,58.0,78700.0,5.648908368962869,23939857.0,,,,1000.0
2017-01-17T00:00:00,DGC,41.0,40.0,40.0,40.208,40.1,41.1,9200.0,9200.0,0.0,369913600.0,0.0,1000.0,40000000.0,0.0,0.0,25.0,20200.0,36.0,45800.0,5.648908368962869,23954457.0,,,,1000.0
2017-01-18T00:00:00,DGC,40.8,39.3,40.8,39.989,39.3,40.1,17700.0,17700.0,0.0,707805300.0,0.0,5000.0,200000000.0,0.0,0.0,23.0,18600.0,40.0,52800.0,5.648908368962869,23951957.0,,,,1000.0
2017-01-19T00:00:00,DGC,39.2,38.5,39.2,38.939,39.0,39.3,30030.0,30030.0,0.0,1169338170.0,0.0,1000.0,39000000.0,20800.0,808380000.0,40.0,38700.0,28.0,40700.0,5.648908368962869,23950957.0,,,,1000.0
2017-01-20T00:00:00,DGC,39.0,38.6,38.8,38.828,38.8,39.0,24000.0,24000.0,0.0,931872000.0,0.0,1000.0,38800000.0,0.0,0.0,46.0,46900.0,30.0,43600.0,5.648908368962869,23949957.0,,,,1000.0
2017-01-23T00:00:00,DGC,38.5,36.7,38.5,37.598,36.8,38.8,69687.0,69687.0,0.0,2620091826.0,0.0,0.0,0.0,0.0,0.0,82.0,79700.0,73.0,95000.0,5.648908368962869,23949957.0,,,,1000.0
2017-01-24T00:00:00,DGC,36.9,36.0,36.8,36.735,36.8,36.8,50010.0,50010.0,0.0,1837117350.0,0.0,0.0,0.0,0.0,0.0,54.0,75800.0,59.0,66300.0,5.648908368962869,23970757.0,,,,1000.0
2017-01-25T00:00:00,DGC,38.0,36.5,36.8,36.874,38.0,36.8,37602.0,37602.0,0.0,1386536148.0,0.0,0.0,0.0,14000.0,515200000.0,54.0,65500.0,28.0,43200.0,5.648908368962869,23970757.0,,,,1000.0
2017-02-02T00:00:00,DGC,37.5,36.5,36.7,36.657,37.5,38.0,20550.0,20550.0,0.0,753301350.0,0.0,0.0,0.0,0.0,0.0,48.0,24700.0,43.0,45400.0,5.648908368962869,23970757.0,,,,1000.0
2017-02-03T00:00:00,DGC,36.7,36.0,36.6,36.33,36.0,37.5,64522.0,64522.0,0.0,2344084260.0,0.0,0.0,0.0,0.0,0.0,69.0,80400.0,59.0,76300.0,5.648908368962869,23970757.0,,,,1000.0
2017-02-06T00:00:00,DGC,35.8,35.3,35.8,35.638,35.3,36.0,47200.0,47200.0,0.0,1682113600.0,0.0,0.0,0.0,0.0,0.0,62.0,79900.0,40.0,112000.0,5.648908368962869,23984757.0,,,,1000.0
2017-02-07T00:00:00,DGC,35.0,34.5,35.0,34.713,34.8,35.3,44238.0,44238.0,0.0,1535633694.0,0.0,0.0,0.0,0.0,0.0,66.0,75700.0,47.0,70400.0,5.648908368962869,23984757.0,,,,1000.0
2017-02-08T00:00:00,DGC,35.0,34.3,35.0,34.458,34.8,34.8,38438.0,38400.0,38.0,1324380400.0,1193200.0,0.0,0.0,0.0,0.0,67.0,59000.0,42.0,55800.0,5.648908368962869,23984757.0,,,,1000.0
2017-02-09T00:00:00,DGC,34.9,33.8,34.8,34.133,34.1,34.8,118250.0,118250.0,0.0,4036227250.0,0.0,0.0,0.0,0.0,0.0,142.0,157900.0,78.0,143800.0,5.648908368962869,23984757.0,,,,1000.0
2017-02-10T00:00:00,DGC,35.5,33.8,33.8,35.107,35.5,34.1,44098.0,44098.0,0.0,1548148486.0,0.0,0.0,0.0,0.0,0.0,102.0,106500.0,63.0,64100.0,5.648908368962869,23984757.0,,,,1000.0
2017-02-13T00:00:00,DGC,36.6,35.5,35.5,36.173,36.5,35.5,82202.0,82202.0,0.0,2973492946.0,0.0,0.0,0.0,0.0,0.0,106.0,101400.0,76.0,104100.0,5.648908368962869,23984757.0,,,,1000.0
2017-02-14T00:00:00,DGC,36.5,35.0,36.5,35.552,36.0,36.5,31117.0,31117.0,0.0,1106271584.0,0.0,0.0,0.0,0.0,0.0,74.0,81900.0,62.0,65200.0,5.648908368962869,23984757.0,,,,1000.0
2017-02-15T00:00:00,DGC,38.8,35.7,35.8,37.645,38.1,36.0,122045.0,122045.0,0.0,4594384025.0,0.0,0.0,0.0,0.0,0.0,122.0,178900.0,160.0,150200.0,5.648908368962869,23984757.0,,,,1000.0
2017-02-16T00:00:00,DGC,38.8,37.7,38.3,38.153,38.0,38.1,48745.0,48745.0,0.0,1859767985.0,0.0,0.0,0.0,0.0,0.0,68.0,70600.0,94.0,96800.0,5.648908368962869,23984757.0,,,,1000.0
2017-02-17T00:00:00,DGC,38.0,37.4,37.6,37.651,37.4,38.0,18682.0,18590.0,92.0,703078490.0,3146400.0,0.0,0.0,0.0,0.0,32.0,25300.0,65.0,59800.0,5.648908368962869,23984757.0,,,,1000.0
2017-02-20T00:00:00,DGC,37.3,36.2,37.0,36.761,36.8,37.4,49639.0,49639.0,0.0,1824779279.0,0.0,0.0,0.0,0.0,0.0,88.0,85100.0,66.0,75000.0,5.648908368962869,23984757.0,,,,1000.0
2017-02-21T00:00:00,DGC,37.8,36.8,36.9,37.253,37.3,36.8,81276.0,81236.0,40.0,3027612708.0,1328000.0,0.0,0.0,0.0,0.0,81.0,117600.0,94.0,118700.0,5.648908368962869,23984757.0,,,,1000.0
2017-02-22T00:00:00,DGC,37.4,36.8,37.3,37.09,37.2,37.3,29651.0,29651.0,0.0,1099755590.0,0.0,0.0,0.0,0.0,0.0,31.0,49000.0,75.0,67200.0,5.648908368962869,23984757.0,,,,1000.0
2017-02-23T00:00:00,DGC,37.2,36.5,37.2,36.861,36.7,37.2,31599.0,31599.0,0.0,1164770739.0,0.0,0.0,0.0,0.0,0.0,43.0,47300.0,52.0,59200.0,5.648908368962869,23984757.0,,,,1000.0
2017-02-24T00:00:00,DGC,36.7,35.1,35.1,36.074,36.0,36.7,34101.0,34101.0,0.0,1230159474.0,0.0,0.0,0.0,0.0,0.0,60.0,83100.0,42.0,67900.0,5.648908368962869,23984757.0,,,,1000.0
2017-02-27T00:00:00,DGC,36.6,36.0,36.6,36.008,36.0,36.0,60512.0,60512.0,0.0,2178916096.0,0.0,1400.0,50400000.0,45700.0,1645200000.0,34.0,79400.0,41.0,95400.0,5.648908368962869,23983357.0,,,,1000.0
2017-02-28T00:00:00,DGC,36.1,35.9,36.0,36.009,35.9,36.0,34041.0,34041.0,0.0,1225782369.0,0.0,0.0,0.0,0.0,0.0,31.0,66300.0,33.0,51500.0,5.648908368962869,23983357.0,,,,1000.0
2017-03-01T00:00:00,DGC,35.6,35.3,35.6,35.506,35.6,35.9,56469.0,56469.0,0.0,2004988314.0,0.0,0.0,0.0,0.0,0.0,44.0,79400.0,38.0,66400.0,5.648908368962869,23983357.0,,,,1000.0
2017-03-02T00:00:00,DGC,36.2,35.1,35.1,35.879,36.2,35.6,25330.0,25330.0,0.0,908815070.0,0.0,0.0,0.0,9300.0,334800000.0,37.0,60000.0,35.0,36700.0,5.648908368962869,24029057.0,,,,1000.0
2017-03-03T00:00:00,DGC,36.2,35.6,36.2,36.079,36.1,36.2,10780.0,10780.0,0.0,388931620.0,0.0,0.0,0.0,0.0,0.0,20.0,35700.0,25.0,28500.0,5.648908368962869,24029057.0,,,,1000.0
2017-03-06T00:00:00,DGC,36.2,35.6,35.6,36.1,35.8,36.1,27853.0,27853.0,0.0,1005493300.0,0.0,0.0,0.0,0.0,0.0,41.0,61300.0,51.0,50900.0,5.648908368962869,24029057.0,,,,1000.0
2017-03-07T00:00:00,DGC,36.2,35.6,35.6,35.811,35.6,35.8,63079.0,63079.0,0.0,2258922069.0,0.0,0.0,0.0,0.0,0.0,45.0,84300.0,48.0,83800.0,5.648908368962869,24038357.0,,,,1000.0
2017-03-08T00:00:00,DGC,36.8,35.6,35.6,35.6,36.3,35.6,24755.0,24755.0,0.0,881278000.0,0.0,0.0,0.0,0.0,0.0,52.0,67800.0,47.0,56300.0,5.648908368962869,24038357.0,,,,1000.0
2017-03-09T00:00:00,DGC,37.9,35.8,36.4,37.107,37.6,36.3,127360.0,127360.0,0.0,4725947520.0,0.0,0.0,0.0,0.0,0.0,123.0,185200.0,116.0,177900.0,5.648908368962869,24038357.0,,,,1000.0
2017-03-10T00:00:00,DGC,38.1,36.5,38.0,37.187,37.0,37.6,83253.0,83169.0,84.0,3095653203.0,2847600.0,0.0,0.0,0.0,0.0,76.0,131100.0,92.0,144700.0,5.648908368962869,24038357.0,,,,1000.0
2017-03-13T00:00:00,DGC,36.8,36.1,36.5,36.278,36.8,37.0,57040.0,57040.0,0.0,2069297120.0,0.0,0.0,0.0,0.0,0.0,59.0,88700.0,69.0,109500.0,5.648908368962869,24038357.0,,,,1000.0
2017-03-14T00:00:00,DGC,37.2,36.5,37.0,36.632,36.5,36.8,54429.0,54360.0,69.0,1993606320.0,2290800.0,0.0,0.0,0.0,0.0,52.0,87500.0,80.0,123400.0,5.648908368962869,24038357.0,,,,1000.0
2017-03-15T00:00:00,DGC,36.5,36.0,36.4,36.232,36.0,36.5,82523.0,82523.0,0.0,2989973336.0,0.0,0.0,0.0,0.0,0.0,70.0,99000.0,68.0,131500.0,5.648908368962869,24038357.0,,,,1000.0
2017-03-16T00:00:00,DGC,36.4,35.9,36.0,36.072,36.3,36.0,84500.0,84500.0,0.0,3048084000.0,0.0,0.0,0.0,0.0,0.0,78.0,131000.0,78.0,122700.0,5.648908368962869,24038357.0,,,,1000.0
2017-03-17T00:00:00,DGC,37.4,36.4,36.4,36.935,37.1,36.3,199400.0,199400.0,0.0,7364839000.0,0.0,5000.0,185910000.0,0.0,0.0,145.0,254600.0,156.0,242400.0,5.648908368962869,24033357.0,,,,1000.0
2017-03-20T00:00:00,DGC,40.1,37.1,37.1,38.95,40.0,37.1,499495.0,499495.0,0.0,19455330250.0,0.0,0.0,0.0,55.0,2104500.0,344.0,632300.0,365.0,531800.0,5.648908368962869,24033357.0,,,,1000.0
2017-03-21T00:00:00,DGC,41.1,39.7,40.5,40.376,39.8,40.0,110119.0,110119.0,0.0,4446164744.0,0.0,0.0,0.0,0.0,0.0,149.0,125400.0,179.0,190700.0,5.648908368962869,24033357.0,,,,1000.0
2017-03-22T00:00:00,DGC,39.5,38.2,39.5,38.798,38.2,39.8,167185.0,167185.0,0.0,6486443630.0,0.0,0.0,0.0,0.0,0.0,180.0,201400.0,119.0,197400.0,5.648908368962869,24033357.0,,,,1000.0
2017-03-23T00:00:00,DGC,39.4,37.8,37.8,38.81,39.0,38.2,140254.0,140254.0,0.0,5443257740.0,0.0,3000.0,113400000.0,0.0,0.0,156.0,209700.0,136.0,185800.0,5.648908368962869,24030412.0,,,,1000.0
2017-03-24T00:00:00,DGC,39.1,38.4,38.7,39.0,38.7,39.0,131130.0,131130.0,0.0,5114070000.0,0.0,0.0,0.0,0.0,0.0,156.0,197000.0,108.0,170300.0,5.648908368962869,24030412.0,,,,1000.0
2017-03-27T00:00:00,DGC,38.7,38.0,38.5,38.317,38.0,38.7,124581.0,124581.0,0.0,4773570177.0,0.0,0.0,0.0,0.0,0.0,125.0,155900.0,99.0,170000.0,5.648908368962869,24030412.0,,,,1000.0
2017-03-28T00:00:00,DGC,38.0,37.5,38.0,37.896,37.5,38.0,103360.0,103360.0,0.0,3916930560.0,0.0,0.0,0.0,0.0,0.0,78.0,129400.0,82.0,149500.0,5.648908368962869,24030412.0,,,,1000.0
2017-03-29T00:00:00,DGC,39.3,37.4,37.4,38.406,37.8,37.5,106514.0,106514.0,0.0,4090776684.0,0.0,0.0,0.0,0.0,0.0,111.0,171100.0,108.0,180400.0,5.648908368962869,24030412.0,,,,1000.0
2017-03-30T00:00:00,DGC,38.5,37.7,38.1,37.955,38.0,37.8,64547.0,64547.0,0.0,2449881385.0,0.0,100.0,3790000.0,0.0,0.0,77.0,105800.0,100.0,142400.0,5.648908368962869,24030312.0,,,,1000.0
2017-03-31T00:00:00,DGC,38.1,37.6,37.9,37.775,38.0,38.0,41000.0,41000.0,0.0,1548775000.0,0.0,0.0,0.0,0.0,0.0,49.0,60700.0,75.0,124800.0,5.648908368962869,24030312.0,,,,1000.0
2017-04-03T00:00:00,DGC,38.0,36.5,37.6,37.309,36.6,38.0,145343.0,145343.0,0.0,5422601987.0,0.0,0.0,0.0,0.0,0.0,135.0,174900.0,128.0,268400.0,5.648908368962869,24030312.0,,,,1000.0
2017-04-04T00:00:00,DGC,37.0,36.2,36.3,36.682,36.9,36.6,120734.0,120734.0,0.0,4428764588.0,0.0,0.0,0.0,0.0,0.0,90.0,189000.0,97.0,155500.0,5.648908368962869,24030312.0,,,,1000.0
2017-04-05T00:00:00,DGC,36.9,36.4,36.9,36.546,36.6,36.9,97550.0,97550.0,0.0,3565062300.0,0.0,0.0,0.0,32800.0,1200750000.0,77.0,140300.0,62.0,135500.0,5.648908368962869,24030312.0,,,,1000.0
2017-04-07T00:00:00,DGC,37.7,36.5,36.6,36.999,37.5,36.6,76589.0,76589.0,0.0,2833716411.0,0.0,0.0,0.0,1000.0,36600000.0,69.0,131700.0,81.0,146400.0,5.648908368962869,24030312.0,,,,1000.0
2017-04-10T00:00:00,DGC,37.3,36.6,37.2,37.061,36.6,37.5,39220.0,39220.0,0.0,1453532420.0,0.0,0.0,0.0,0.0,0.0,49.0,60300.0,73.0,119300.0,5.648908368962869,24030312.0,,,,1000.0
2017-04-11T00:00:00,DGC,37.0,36.4,36.6,36.6,37.0,36.6,23630.0,23630.0,0.0,864858000.0,0.0,0.0,0.0,0.0,0.0,66.0,58600.0,48.0,61000.0,5.648908368962869,24063112.0,,,,1000.0
2017-04-12T00:00:00,DGC,36.7,36.4,36.5,36.505,36.7,37.0,42912.0,42912.0,0.0,1566502560.0,0.0,1000.0,36500000.0,0.0,0.0,59.0,70000.0,41.0,91900.0,5.648908368962869,24063112.0,,,,1000.0
2017-04-13T00:00:00,DGC,37.0,36.1,36.1,36.677,36.6,36.7,44980.0,44980.0,0.0,1649731460.0,0.0,10000.0,367000000.0,0.0,0.0,46.0,78100.0,46.0,72900.0,5.648908368962869,24053112.0,,,,1000.0
2017-04-14T00:00:00,DGC,36.8,35.1,36.2,36.6,36.7,36.6,39829.0,39829.0,0.0,1457741400.0,0.0,0.0,0.0,0.0,0.0,85.0,75400.0,54.0,71200.0,5.648908368962869,24053112.0,,,,1000.0
2017-04-17T00:00:00,DGC,36.7,35.3,36.7,35.922,35.5,36.7,51630.0,51630.0,0.0,1854652860.0,0.0,0.0,0.0,0.0,0.0,53.0,61700.0,59.0,85600.0,5.648908368962869,24053112.0,,,,1000.0
2017-04-18T00:00:00,DGC,35.5,34.7,35.4,35.322,35.5,35.5,58800.0,58800.0,0.0,2076933600.0,0.0,0.0,0.0,19600.0,690940000.0,80.0,124800.0,114.0,75300.0,5.648908368962869,24053112.0,,,,1000.0
2017-04-19T00:00:00,DGC,36.0,35.0,35.0,35.5,35.5,35.5,18600.0,18600.0,0.0,660300000.0,0.0,0.0,0.0,0.0,0.0,44.0,49800.0,56.0,57300.0,5.648908368962869,24053112.0,,,,1000.0
2017-04-20T00:00:00,DGC,35.5,35.0,35.2,35.5,35.4,35.5,44370.0,44370.0,0.0,1575135000.0,0.0,0.0,0.0,0.0,0.0,71.0,61200.0,61.0,87200.0,5.648908368962869,24053112.0,,,,1000.0
2017-04-21T00:00:00,DGC,35.8,34.7,35.0,34.851,34.9,35.4,31900.0,31900.0,0.0,1111746900.0,0.0,0.0,0.0,0.0,0.0,55.0,56900.0,57.0,69000.0,5.648908368962869,24072712.0,,,,1000.0
2017-04-24T00:00:00,DGC,34.8,33.5,34.8,33.96,34.0,34.9,109430.0,109430.0,0.0,3716242800.0,0.0,0.0,0.0,14030.0,472240000.0,102.0,147900.0,79.0,133600.0,5.648908368962869,24072712.0,,,,1000.0
2017-04-25T00:00:00,DGC,34.0,30.6,34.0,30.966,30.6,34.0,314380.0,314380.0,0.0,9735091080.0,0.0,0.0,0.0,0.0,0.0,189.0,318600.0,135.0,368900.0,5.648908368962869,24072712.0,,,,1000.0
2017-04-26T00:00:00,DGC,32.0,29.4,30.0,30.6,31.4,30.6,107974.0,107974.0,0.0,3304004400.0,0.0,0.0,0.0,0.0,0.0,136.0,199100.0,94.0,126000.0,5.648908368962869,24072712.0,,,,1000.0
2017-04-27T00:00:00,DGC,31.5,30.9,31.5,31.4,31.1,31.4,67810.0,67810.0,0.0,2129234000.0,0.0,600.0,18900000.0,0.0,0.0,63.0,93500.0,56.0,103400.0,5.648908368962869,24086142.0,,,,1000.0
2017-04-28T00:00:00,DGC,31.0,30.4,30.7,30.65,30.5,31.1,50430.0,50430.0,0.0,1545679500.0,0.0,0.0,0.0,0.0,0.0,78.0,79300.0,59.0,75400.0,5.648908368962869,24086142.0,,,,1000.0
2017-05-03T00:00:00,DGC,30.4,29.8,30.1,30.075,30.0,30.5,61650.0,61650.0,0.0,1854123750.0,0.0,110.0,3350000.0,0.0,0.0,85.0,86100.0,70.0,91900.0,5.648908368962869,24086032.0,,,,1000.0
2017-05-04T00:00:00,DGC,31.0,29.8,30.0,29.991,30.7,30.0,53900.0,53900.0,0.0,1616514900.0,0.0,100.0,3000000.0,0.0,0.0,86.0,101600.0,62.0,73100.0,5.648908368962869,24085932.0,,,,1000.0
2017-05-05T00:00:00,DGC,32.6,30.7,30.7,31.612,32.4,30.7,123711.0,123711.0,0.0,3910752132.0,0.0,0.0,0.0,0.0,0.0,110.0,171600.0,105.0,142600.0,5.648908368962869,24085932.0,,,,1000.0
2017-05-08T00:00:00,DGC,33.7,31.8,33.7,32.331,31.8,32.4,31010.0,31010.0,0.0,1002584310.0,0.0,0.0,0.0,0.0,0.0,40.0,46000.0,61.0,59900.0,5.648908368962869,24085932.0,,,,1000.0
2017-05-09T00:00:00,DGC,32.0,31.6,31.8,31.732,31.7,31.8,26971.0,26929.0,42.0,855716428.0,1205400.0,0.0,0.0,0.0,0.0,39.0,56100.0,46.0,48100.0,5.648908368962869,24085932.0,,,,1000.0
2017-05-10T00:00:00,DGC,31.7,31.1,31.7,31.356,31.5,31.7,57362.0,57362.0,0.0,1798642872.0,0.0,0.0,0.0,0.0,0.0,66.0,76600.0,53.0,88700.0,5.648908368962869,24085932.0,,,,1000.0
2017-05-11T00:00:00,DGC,31.4,31.1,31.4,31.246,31.2,31.5,18200.0,18200.0,0.0,568677200.0,0.0,0.0,0.0,0.0,0.0,43.0,48400.0,36.0,35800.0,5.648908368962869,24085932.0,,,,1000.0
2017-05-12T00:00:00,DGC,31.5,31.2,31.2,31.357926301059507,31.5,31.2,15007.0,15007.0,0.0,470588400.0,0.0,0.0,0.0,0.0,0.0,44.0,55500.0,37.0,23900.0,5.648908368962869,24085932.0,,,,1000.0
2017-05-15T00:00:00,DGC,31.7,31.3,31.5,31.48294557753408,31.5,31.5,19514.0,19514.0,0.0,614358200.0,0.0,0.0,0.0,0.0,0.0,34.0,34500.0,43.0,36100.0,5.648908368962869,24085932.0,,,,1000.0
2017-05-16T00:00:00,DGC,31.6,31.2,31.2,31.516990203520947,31.5,31.5,27663.0,27663.0,0.0,871854500.0,0.0,0.0,0.0,0.0,0.0,50.0,52300.0,46.0,44400.0,5.648908368962869,24085932.0,,,,1000.0
2017-05-17T00:00:00,DGC,31.5,31.3,31.5,31.3629392971246,31.3,31.5,31300.0,31300.0,0.0,981660000.0,0.0,0.0,0.0,0.0,0.0,49.0,51800.0,37.0,45700.0,5.648908368962869,24085932.0,,,,1000.0
2017-05-18T00:00:00,DGC,31.5,31.0,31.3,31.28138509249014,31.0,31.3,64259.0,64169.0,90.0,2009833200.0,2538000.0,0.0,0.0,0.0,0.0,59.0,75200.0,48.0,80500.0,5.648908368962869,24085932.0,,,,1000.0
2017-05-19T00:00:00,DGC,31.4,31.0,31.4,31.04123076923077,31.4,31.0,32500.0,32500.0,0.0,1008840000.0,0.0,5000.0,155300000.0,0.0,0.0,43.0,48000.0,37.0,44500.0,5.648908368962869,24080932.0,,,,1000.0
2017-05-22T00:00:00,DGC,31.4,31.0,31.3,31.122518159806294,31.0,31.4,28910.0,28910.0,0.0,899752000.0,0.0,3600.0,112320000.0,0.0,0.0,42.0,51100.0,39.0,54600.0,5.648908368962869,24077332.0,,,,1000.0
2017-05-23T00:00:00,DGC,31.0,31.0,31.0,31.0,31.0,31.0,14600.0,14600.0,0.0,452600000.0,0.0,1300.0,40300000.0,0.0,0.0,27.0,29900.0,32.0,26300.0,5.648908368962869,24076032.0,,,,1000.0
2017-05-24T00:00:00,DGC,31.1,30.9,31.1,31.000741656365886,30.9,31.0,8090.0,8090.0,0.0,250796000.0,0.0,0.0,0.0,0.0,0.0,23.0,21600.0,23.0,18400.0,5.648908368962869,24076032.0,,,,1000.0
2017-05-25T00:00:00,DGC,31.4,31.0,31.0,31.165,31.4,30.9,20000.0,20000.0,0.0,623300000.0,0.0,3600.0,111960000.0,0.0,0.0,39.0,41900.0,28.0,32400.0,5.648908368962869,24072432.0,,,,1000.0
2017-05-26T00:00:00,DGC,31.5,31.1,31.3,31.256299524564184,31.5,31.4,25240.0,25240.0,0.0,788909000.0,0.0,15000.0,469000000.0,0.0,0.0,35.0,39900.0,35.0,45900.0,5.648908368962869,24057432.0,,,,1000.0
2017-05-29T00:00:00,DGC,31.8,31.5,31.5,31.66826038984921,31.6,31.5,13595.0,13595.0,0.0,430530000.0,0.0,0.0,0.0,0.0,0.0,21.0,31100.0,28.0,51900.0,5.648908368962869,24057432.0,,,,1000.0
2017-05-30T00:00:00,DGC,31.8,31.0,31.8,31.414864864864864,31.0,31.6,14863.0,14800.0,63.0,466735500.0,1795500.0,0.0,0.0,0.0,0.0,20.0,27900.0,39.0,76800.0,5.648908368962869,24057432.0,,,,1000.0
2017-05-31T00:00:00,DGC,31.5,31.1,31.1,31.38770491803279,31.4,31.0,24400.0,24400.0,0.0,765860000.0,0.0,10000.0,313000000.0,0.0,0.0,24.0,45100.0,29.0,46700.0,5.648908368962869,24047432.0,,,,1000.0
2017-06-01T00:00:00,DGC,31.5,31.2,31.3,31.36181818181818,31.4,31.4,16500.0,16500.0,0.0,517470000.0,0.0,5000.0,157000000.0,0.0,0.0,24.0,38200.0,28.0,44200.0,5.648908368962869,24042432.0,,,,1000.0
2017-06-02T00:00:00,DGC,31.5,31.2,31.4,31.423221140969556,31.4,31.4,11201.0,11201.0,0.0,351971500.0,0.0,0.0,0.0,0.0,0.0,20.0,26300.0,26.0,32400.0,5.648908368962869,24042432.0,,,,1000.0
2017-06-05T00:00:00,DGC,31.5,31.3,31.4,31.404007285974497,31.5,31.4,27450.0,27450.0,0.0,862040000.0,0.0,300.0,9390000.0,0.0,0.0,29.0,49200.0,43.0,46100.0,5.648908368962869,24042132.0,,,,1000.0
2017-06-06T00:00:00,DGC,31.4,30.7,31.3,31.21770428015564,30.8,31.5,51400.0,51400.0,0.0,1604590000.0,0.0,12700.0,397310000.0,0.0,0.0,50.0,64900.0,42.0,85300.0,5.648908368962869,24029432.0,,,,1000.0
2017-06-07T00:00:00,DGC,31.5,30.9,30.9,31.175240384615382,31.5,30.8,41600.0,41600.0,0.0,1296890000.0,0.0,0.0,0.0,0.0,0.0,42.0,72800.0,29.0,64700.0,5.648908368962869,24029432.0,,,,1000.0
2017-06-08T00:00:00,DGC,31.6,30.9,31.0,31.128387096774194,31.6,31.5,15500.0,15500.0,0.0,482490000.0,0.0,0.0,0.0,0.0,0.0,32.0,46500.0,28.0,38700.0,5.648908368962869,24029432.0,,,,1000.0
2017-06-09T00:00:00,DGC,31.5,31.2,31.5,31.2234375,31.2,31.6,32000.0,32000.0,0.0,999150000.0,0.0,0.0,0.0,0.0,0.0,29.0,40600.0,22.0,65000.0,5.648908368962869,24029432.0,,,,1000.0
2017-06-12T00:00:00,DGC,31.3,31.1,31.2,31.185010266940452,31.1,31.2,48700.0,48700.0,0.0,1518710000.0,0.0,9800.0,305760000.0,300.0,9390000.0,35.0,66600.0,35.0,68000.0,5.648908368962869,24019632.0,,,,1000.0
2017-06-13T00:00:00,DGC,31.4,31.1,31.1,31.188090349075974,31.2,31.1,15584.0,15584.0,0.0,486035200.0,0.0,5000.0,156100000.0,0.0,0.0,23.0,47500.0,27.0,70800.0,5.648908368962869,24014632.0,,,,1000.0
2017-06-14T00:00:00,DGC,31.5,31.3,31.5,31.36,31.3,31.2,4500.0,4500.0,0.0,141120000.0,0.0,0.0,0.0,0.0,0.0,16.0,15300.0,18.0,41800.0,5.648908368962869,24014632.0,,,,1000.0
2017-06-15T00:00:00,DGC,32.9,31.5,31.5,32.02889344262295,32.8,31.3,97600.0,97600.0,0.0,3126020000.0,0.0,10000.0,315820000.0,0.0,0.0,65.0,135500.0,66.0,121700.0,5.648908368962869,24004932.0,,,,1000.0
2017-06-16T00:00:00,DGC,34.0,32.9,33.3,33.362555250268784,33.0,32.8,33484.0,33484.0,0.0,1117111800.0,0.0,2000.0,67350000.0,0.0,0.0,57.0,42400.0,76.0,93500.0,5.648908368962869,24002932.0,,,,1000.0
2017-06-19T00:00:00,DGC,32.6,32.1,32.5,32.34998469543924,32.3,33.0,6534.0,6534.0,0.0,211374800.0,0.0,0.0,0.0,0.0,0.0,25.0,18100.0,28.0,24700.0,5.648908368962869,24002932.0,,,,1000.0
2017-06-20T00:00:00,DGC,32.3,31.0,32.3,31.635072463768115,32.1,32.3,34500.0,34500.0,0.0,1091410000.0,0.0,0.0,0.0,0.0,0.0,54.0,64100.0,36.0,47100.0,5.648908368962869,24002932.0,,,,1000.0
2017-06-21T00:00:00,DGC,32.0,31.3,31.4,31.45153991200503,31.3,32.1,15910.0,15910.0,0.0,500394000.0,0.0,0.0,0.0,0.0,0.0,43.0,40900.0,42.0,35100.0,5.648908368962869,24002932.0,,,,1000.0
2017-06-22T00:00:00,DGC,31.5,31.0,31.5,31.1880173821925,31.3,31.3,32447.0,32447.0,0.0,1011957600.0,0.0,0.0,0.0,0.0,0.0,36.0,59800.0,26.0,50600.0,5.648908368962869,24002932.0,,,,1000.0
2017-06-23T00:00:00,DGC,31.5,31.2,31.2,31.240783034257745,31.4,31.3,1226.0,1226.0,0.0,38301200.0,0.0,0.0,0.0,0.0,0.0,20.0,20200.0,22.0,28100.0,5.648908368962869,24002932.0,,,,1000.0
2017-06-26T00:00:00,DGC,31.3,31.1,31.2,31.18560176319688,31.1,31.4,27677.0,27677.0,0.0,863123900.0,0.0,0.0,0.0,1777.0,55403900.0,37.0,47500.0,30.0,42300.0,5.648908368962869,24002932.0,,,,1000.0
2017-06-27T00:00:00,DGC,31.1,31.0,31.1,31.02119815668203,31.0,31.1,43400.0,43400.0,0.0,1346320000.0,0.0,0.0,0.0,3400.0,105500000.0,41.0,89200.0,35.0,61100.0,5.648908368962869,24002932.0,,,,1000.0
2017-06-28T00:00:00,DGC,31.6,31.1,31.1,31.271083309638897,31.2,31.0,3517.0,3517.0,0.0,109980400.0,0.0,0.0,0.0,0.0,0.0,29.0,32100.0,16.0,14400.0,5.648908368962869,24002932.0,,,,1000.0
2017-06-29T00:00:00,DGC,32.5,31.1,31.2,32.089931295901444,32.5,31.2,42210.0,42210.0,0.0,1354516000.0,0.0,0.0,0.0,0.0,0.0,62.0,72100.0,66.0,63200.0,5.648908368962869,24004709.0,,,,1000.0
2017-06-30T00:00:00,DGC,33.2,32.1,32.5,32.85445810991289,32.4,32.5,50167.0,50167.0,0.0,1648209600.0,0.0,40.0,1288000.0,0.0,0.0,58.0,71900.0,97.0,128200.0,5.648908368962869,24008069.0,,,,1000.0
2017-07-03T00:00:00,DGC,32.5,31.8,32.2,32.14016236620301,32.4,32.4,19339.0,19339.0,0.0,621558600.0,0.0,3800.0,122440000.0,0.0,0.0,34.0,30800.0,33.0,46200.0,5.648908368962869,24004269.0,,,,1000.0
2017-07-04T00:00:00,DGC,33.0,31.8,31.9,32.32114093959731,32.3,32.4,29800.0,29800.0,0.0,963170000.0,0.0,6000.0,196820000.0,0.0,0.0,34.0,53200.0,63.0,71300.0,5.648908368962869,23998269.0,,,,1000.0
2017-07-05T00:00:00,DGC,32.5,32.0,32.0,32.05530621785881,32.5,32.3,10695.0,10695.0,0.0,342831500.0,0.0,100.0,3200000.0,0.0,0.0,36.0,42400.0,37.0,41200.0,5.648908368962869,23998169.0,,,,1000.0
2017-07-06T00:00:00,DGC,32.5,31.9,32.5,32.02436974789916,32.0,32.5,11920.0,11900.0,20.0,381676000.0,586000.0,0.0,0.0,0.0,0.0,24.0,36800.0,44.0,49500.0,5.648908368962869,23998169.0,,,,1000.0
2017-07-07T00:00:00,DGC,31.9,31.2,31.9,31.4183302921084,31.2,32.0,66311.0,66311.0,0.0,2083380900.0,0.0,0.0,0.0,0.0,0.0,58.0,76400.0,39.0,89400.0,5.648908368962869,23998169.0,,,,1000.0
2017-07-10T00:00:00,DGC,31.5,31.0,31.3,31.13171417614726,31.0,31.2,15646.0,15646.0,0.0,487086800.0,0.0,0.0,0.0,0.0,0.0,26.0,19200.0,34.0,36900.0,5.648908368962869,23998169.0,,,,1000.0
2017-07-11T00:00:00,DGC,31.5,30.9,31.1,31.00212229867235,31.5,31.0,10319.0,10319.0,0.0,319910900.0,0.0,0.0,0.0,900.0,27810000.0,25.0,17300.0,27.0,33000.0,5.648908368962869,23998169.0,,,,1000.0
2017-07-12T00:00:00,DGC,32.6,31.1,31.2,31.841206030150754,31.9,31.5,19900.0,19900.0,0.0,633640000.0,0.0,0.0,0.0,155.0,4712000.0,31.0,50800.0,62.0,106500.0,5.648908368962869,23998169.0,,,,1000.0
2017-07-13T00:00:00,DGC,32.0,31.5,31.5,31.780546728768552,31.6,31.9,45946.0,45946.0,0.0,1460189000.0,0.0,0.0,0.0,0.0,0.0,46.0,128000.0,44.0,70000.0,5.648908368962869,23998169.0,,,,1000.0
2017-07-14T00:00:00,DGC,31.8,31.6,31.6,31.610861948142954,31.8,31.6,19978.0,19978.0,0.0,631521800.0,0.0,0.0,0.0,0.0,0.0,57.0,59900.0,32.0,65400.0,5.648908368962869,23999069.0,,,,1000.0
2017-07-17T00:00:00,DGC,32.0,31.6,31.6,31.66950862166122,31.9,31.8,70984.0,70984.0,0.0,2248028400.0,0.0,24700.0,783060000.0,0.0,0.0,39.0,95700.0,43.0,118700.0,5.648908368962869,23974524.0,,,,1000.0
2017-07-18T00:00:00,DGC,31.9,31.6,31.8,31.663930885529158,31.6,31.9,46300.0,46300.0,0.0,1466040000.0,0.0,8300.0,263110000.0,0.0,0.0,32.0,73100.0,31.0,88100.0,5.648908368962869,23966224.0,,,,1000.0
2017-07-19T00:00:00,DGC,32.0,31.6,31.6,31.819679337988106,31.8,31.6,54138.0,54138.0,0.0,1722653800.0,0.0,0.0,0.0,0.0,0.0,36.0,70500.0,32.0,70900.0,5.648908368962869,23966224.0,,,,1000.0
2017-07-20T00:00:00,DGC,32.0,31.6,31.7,31.74862155388471,31.8,31.8,39900.0,39900.0,0.0,1266770000.0,0.0,0.0,0.0,0.0,0.0,42.0,61400.0,64.0,62100.0,5.648908368962869,23966224.0,,,,1000.0
2017-07-21T00:00:00,DGC,32.5,31.6,31.6,32.003571428571426,32.5,31.8,8400.0,8400.0,0.0,268830000.0,0.0,0.0,0.0,0.0,0.0,20.0,27300.0,26.0,20100.0,5.648908368962869,23966224.0,,,,1000.0
2017-07-24T00:00:00,DGC,32.6,31.5,32.5,32.10386146218839,31.5,32.5,57284.0,57284.0,0.0,1839037600.0,0.0,0.0,0.0,0.0,0.0,33.0,66400.0,58.0,113300.0,5.648908368962869,23966224.0,,,,1000.0
2017-07-25T00:00:00,DGC,32.5,31.2,32.5,31.5,31.5,31.5,20400.0,20400.0,0.0,642600000.0,0.0,0.0,0.0,0.0,0.0,22.0,29000.0,39.0,61600.0,5.648908368962869,23966224.0,,,,1000.0
2017-07-26T00:00:00,DGC,32.4,31.5,32.4,31.810526315789474,32.0,31.5,24700.0,24700.0,0.0,785720000.0,0.0,0.0,0.0,0.0,0.0,26.0,37100.0,52.0,76900.0,5.648908368962869,23966224.0,,,,1000.0
2017-07-27T00:00:00,DGC,32.0,31.6,31.9,31.83712574850299,31.8,32.0,16700.0,16700.0,0.0,531680000.0,0.0,300.0,9540000.0,0.0,0.0,31.0,33000.0,44.0,70800.0,5.648908368962869,23965924.0,,,,1000.0
2017-07-28T00:00:00,DGC,31.8,31.5,31.8,31.683015993907084,31.8,31.8,13130.0,13130.0,0.0,415998000.0,0.0,0.0,0.0,0.0,0.0,23.0,20500.0,34.0,51300.0,5.648908368962869,23965924.0,,,,1000.0
2017-07-31T00:00:00,DGC,32.4,31.9,32.4,31.956172839506173,32.0,31.8,16200.0,16200.0,0.0,517690000.0,0.0,0.0,0.0,0.0,0.0,22.0,31300.0,37.0,40500.0,5.648908368962869,23965924.0,,,,1000.0
2017-08-01T00:00:00,DGC,32.2,31.8,31.8,31.839521452145213,31.8,32.0,4848.0,4848.0,0.0,154358000.0,0.0,0.0,0.0,0.0,0.0,29.0,16700.0,32.0,56100.0,5.648908368962869,23965924.0,,,,1000.0
2017-08-02T00:00:00,DGC,31.9,31.7,31.9,31.79047619047619,31.8,31.8,29400.0,29400.0,0.0,934640000.0,0.0,4500.0,143100000.0,0.0,0.0,31.0,42200.0,38.0,70200.0,5.648908368962869,23961424.0,,,,1000.0
2017-08-03T00:00:00,DGC,31.8,31.5,31.8,31.73791469194313,31.8,31.8,21100.0,21100.0,0.0,669670000.0,0.0,0.0,0.0,0.0,0.0,32.0,55500.0,28.0,48500.0,5.648908368962869,23961424.0,,,,1000.0
2017-08-04T00:00:00,DGC,32.5,31.8,32.0,31.90949869928988,32.0,31.8,14223.0,14223.0,0.0,453848800.0,0.0,3313.0,106660800.0,0.0,0.0,31.0,48800.0,36.0,59700.0,5.648908368962869,23958111.0,,,,1000.0
2017-08-07T00:00:00,DGC,32.5,32.0,32.5,32.23199152542373,32.0,32.0,47200.0,47200.0,0.0,1521350000.0,0.0,0.0,0.0,0.0,0.0,40.0,62200.0,49.0,96900.0,5.648908368962869,23958111.0,,,,1000.0
2017-08-08T00:00:00,DGC,32.8,32.0,32.0,32.45167480222185,32.3,32.0,59410.0,59410.0,0.0,1927954000.0,0.0,0.0,0.0,0.0,0.0,63.0,82400.0,78.0,119400.0,5.648908368962869,23958111.0,,,,1000.0
2017-08-09T00:00:00,DGC,32.8,31.8,32.8,31.9257074704543,32.0,32.3,27669.0,27669.0,0.0,883352400.0,0.0,1320.0,42126000.0,0.0,0.0,39.0,92000.0,43.0,91800.0,5.648908368962869,23956791.0,,,,1000.0
2017-08-10T00:00:00,DGC,32.5,32.5,32.5,32.5,32.5,32.0,11100.0,11100.0,0.0,360750000.0,0.0,0.0,0.0,0.0,0.0,20.0,39300.0,25.0,53900.0,5.648908368962869,23956791.0,,,,1000.0
2017-08-11T00:00:00,DGC,32.3,32.0,32.0,32.01011235955056,32.0,32.5,8900.0,8900.0,0.0,284890000.0,0.0,300.0,9690000.0,0.0,0.0,24.0,59000.0,31.0,70800.0,5.648908368962869,23956491.0,,,,1000.0
2017-08-14T00:00:00,DGC,32.9,31.2,32.0,31.82039573820396,32.3,32.0,105120.0,105120.0,0.0,3344960000.0,0.0,4100.0,131200000.0,0.0,0.0,62.0,155000.0,62.0,184200.0,5.648908368962869,23952391.0,,,,1000.0
2017-08-15T00:00:00,DGC,32.5,31.8,32.5,32.02825920831423,32.2,32.3,19629.0,19629.0,0.0,628682700.0,0.0,4100.0,131430000.0,0.0,0.0,46.0,44400.0,40.0,88500.0,5.648908368962869,23948291.0,,,,1000.0
2017-08-16T00:00:00,DGC,35.0,32.2,32.2,33.39302731604408,35.0,32.2,274959.0,274930.0,29.0,9181586000.0,841000.0,0.0,0.0,0.0,0.0,189.0,449400.0,181.0,282200.0,5.648908368962869,23948291.0,,,,1000.0
2017-08-17T00:00:00,DGC,37.0,33.9,35.3,34.709043675287134,33.9,35.0,204784.0,204784.0,0.0,7107856800.0,0.0,100.0,3650000.0,1500.0,53410000.0,102.0,226700.0,123.0,304200.0,5.648908368962869,23948191.0,,,,1000.0
2017-08-18T00:00:00,DGC,34.6,33.9,34.0,34.24103858049813,34.6,33.9,61430.0,61430.0,0.0,2103427000.0,0.0,0.0,0.0,0.0,0.0,53.0,103700.0,62.0,107800.0,5.648908368962869,23948191.0,,,,1000.0
2017-08-21T00:00:00,DGC,34.5,33.7,33.9,33.979076402832085,34.0,34.6,94630.0,94630.0,0.0,3215440000.0,0.0,0.0,0.0,0.0,0.0,71.0,143400.0,60.0,117600.0,5.648908368962869,23948191.0,,,,1000.0
2017-08-22T00:00:00,DGC,34.0,33.6,34.0,33.78062478062478,33.7,34.0,85470.0,85470.0,0.0,2887230000.0,0.0,0.0,0.0,0.0,0.0,62.0,89500.0,55.0,122500.0,5.648908368962869,23949691.0,,,,1000.0
2017-08-23T00:00:00,DGC,34.2,33.0,33.7,33.45096660808436,34.2,33.7,45520.0,45520.0,0.0,1522688000.0,0.0,0.0,0.0,1000.0,33700000.0,59.0,103800.0,40.0,60600.0,5.648908368962869,23949691.0,,,,1000.0
2017-08-24T00:00:00,DGC,34.0,33.7,34.0,33.95236325013277,34.0,34.2,18830.0,18830.0,0.0,639323000.0,0.0,300.0,10200000.0,0.0,0.0,42.0,35200.0,30.0,46200.0,5.648908368962869,23949391.0,,,,1000.0
2017-08-25T00:00:00,DGC,34.0,33.5,34.0,33.880365605958026,34.0,34.0,73924.0,73850.0,74.0,2504329400.0,2264400.0,24100.0,817390000.0,0.0,0.0,68.0,136500.0,50.0,99500.0,5.648908368962869,23925291.0,,,,1000.0
2017-08-28T00:00:00,DGC,35.0,33.9,34.1,34.35085917854149,34.5,34.0,47720.0,47720.0,0.0,1639223000.0,0.0,3000.0,102000000.0,0.0,0.0,79.0,103200.0,55.0,89000.0,5.648908368962869,23923291.0,,,,1000.0
2017-08-29T00:00:00,DGC,35.3,34.0,34.0,34.759363179485355,34.8,34.5,112622.0,112622.0,0.0,3914669000.0,0.0,0.0,0.0,0.0,0.0,78.0,133400.0,92.0,150700.0,5.648908368962869,23923291.0,,,,1000.0
2017-08-30T00:00:00,DGC,34.9,34.3,34.8,34.56684210526316,34.6,34.8,19000.0,19000.0,0.0,656770000.0,0.0,0.0,0.0,0.0,0.0,57.0,69800.0,40.0,41700.0,5.648908368962869,23923291.0,,,,1000.0
2017-08-31T00:00:00,DGC,35.1,34.7,34.7,34.92808022922636,34.8,34.6,34900.0,34900.0,0.0,1218990000.0,0.0,1000.0,34980000.0,0.0,0.0,46.0,65800.0,55.0,86800.0,5.648908368962869,23922291.0,,,,1000.0
2017-09-01T00:00:00,DGC,34.8,34.5,34.8,34.61669705652514,34.5,34.8,7678.0,7678.0,0.0,265787000.0,0.0,0.0,0.0,0.0,0.0,25.0,22000.0,28.0,23100.0,5.648908368962869,23922291.0,,,,1000.0
2017-09-05T00:00:00,DGC,34.6,34.0,34.5,34.180876494023906,34.3,34.5,25100.0,25100.0,0.0,857940000.0,0.0,5000.0,170000000.0,0.0,0.0,62.0,66700.0,38.0,38800.0,5.648908368962869,23917291.0,,,,1000.0
2017-09-06T00:00:00,DGC,34.1,33.8,34.0,33.97914893617021,34.1,34.3,23500.0,23500.0,0.0,798510000.0,0.0,5900.0,200600000.0,0.0,0.0,51.0,46700.0,22.0,38400.0,5.648908368962869,23911391.0,,,,1000.0
2017-09-07T00:00:00,DGC,34.5,34.0,34.2,34.301271485754654,34.4,34.1,12741.0,12741.0,0.0,437032500.0,0.0,600.0,20400000.0,0.0,0.0,48.0,40200.0,33.0,30100.0,5.648908368962869,23910791.0,,,,1000.0
2017-09-08T00:00:00,DGC,34.2,33.8,34.2,33.99298245614035,33.9,34.4,37050.0,37050.0,0.0,1259440000.0,0.0,3100.0,105390000.0,0.0,0.0,71.0,54300.0,40.0,53000.0,5.648908368962869,23907691.0,,,,1000.0
2017-09-11T00:00:00,DGC,33.9,33.8,33.9,33.80232450292737,33.9,33.9,39502.0,34502.0,5000.0,1335747800.0,169500000.0,0.0,0.0,0.0,0.0,35.0,57100.0,37.0,56200.0,5.648908368962869,23907691.0,,,,1000.0
2017-09-12T00:00:00,DGC,33.9,33.3,33.7,33.77959060806743,33.9,33.9,16610.0,16610.0,0.0,561079000.0,0.0,0.0,0.0,0.0,0.0,27.0,47800.0,23.0,30800.0,5.648908368962869,23907691.0,,,,1000.0
2017-09-13T00:00:00,DGC,34.0,33.8,33.9,33.80482425913163,33.8,33.9,29020.0,29020.0,0.0,981016000.0,0.0,100.0,3390000.0,0.0,0.0,36.0,52800.0,35.0,46000.0,5.648908368962869,23907591.0,,,,1000.0
2017-09-14T00:00:00,DGC,34.1,33.8,33.9,33.857203485103994,33.8,33.8,35584.0,35580.0,4.0,1204761300.0,122000.0,0.0,0.0,0.0,0.0,35.0,50700.0,34.0,53600.0,5.648908368962869,23907591.0,,,,1000.0
2017-09-15T00:00:00,DGC,33.8,31.7,33.8,32.04617129892229,31.8,33.8,176300.0,176300.0,0.0,5649740000.0,0.0,10300.0,328770000.0,0.0,0.0,183.0,232000.0,104.0,225600.0,5.648908368962869,23897291.0,,,,1000.0
2017-09-18T00:00:00,DGC,33.0,32.0,32.0,32.615464111629464,32.7,31.8,47801.0,47801.0,0.0,1559051800.0,0.0,0.0,0.0,0.0,0.0,58.0,104500.0,56.0,75200.0,5.648908368962869,23897291.0,,,,1000.0
2017-09-19T00:00:00,DGC,33.2,32.8,33.2,33.01690728822403,33.0,32.7,28745.0,28745.0,0.0,949071000.0,0.0,0.0,0.0,0.0,0.0,31.0,62600.0,38.0,52000.0,5.648908368962869,23897291.0,,,,1000.0
2017-09-20T00:00:00,DGC,33.0,29.7,33.0,32.06662444585181,32.4,33.0,157900.0,157900.0,0.0,5063320000.0,0.0,2000.0,64000000.0,0.0,0.0,95.0,242300.0,63.0,196300.0,5.648908368962869,23895291.0,,,,1000.0
2017-09-21T00:00:00,DGC,33.0,32.4,32.4,32.774861613736036,32.7,32.4,88701.0,88701.0,0.0,2907163000.0,0.0,16001.0,524853000.0,4500.0,145800000.0,59.0,130400.0,64.0,117500.0,5.648908368962869,23879290.0,,,,1000.0
2017-09-22T00:00:00,DGC,33.1,32.7,33.0,32.91537076975466,32.9,32.7,61669.0,61669.0,0.0,2029858000.0,0.0,15000.0,493100000.0,0.0,0.0,56.0,95600.0,46.0,84800.0,5.648908368962869,23864290.0,,,,1000.0
2017-09-25T00:00:00,DGC,33.4,32.9,32.9,33.19813765182186,33.4,32.9,61750.0,61750.0,0.0,2049985000.0,0.0,3400.0,112060000.0,0.0,0.0,46.0,134000.0,54.0,92200.0,5.648908368962869,23860890.0,,,,1000.0
2017-09-26T00:00:00,DGC,33.6,33.0,33.4,33.409641255605386,33.6,33.4,44600.0,44600.0,0.0,1490070000.0,0.0,0.0,0.0,0.0,0.0,45.0,96800.0,37.0,63000.0,5.648908368962869,23865390.0,,,,1000.0
2017-09-27T00:00:00,DGC,34.0,33.4,33.6,33.57162162162162,34.0,33.6,44400.0,44400.0,0.0,1490580000.0,0.0,0.0,0.0,0.0,0.0,48.0,97400.0,34.0,77200.0,5.648908368962869,23865390.0,,,,1000.0
2017-09-28T00:00:00,DGC,34.0,33.5,33.6,33.822857142857146,33.8,34.0,14009.0,14000.0,9.0,473795400.0,275400.0,1900.0,64220000.0,0.0,0.0,34.0,48900.0,39.0,49100.0,5.648908368962869,23863490.0,,,,1000.0
2017-09-29T00:00:00,DGC,34.3,33.4,33.6,33.84526854219949,34.3,33.8,39100.0,39100.0,0.0,1323350000.0,0.0,0.0,0.0,0.0,0.0,34.0,94200.0,41.0,54000.0,5.648908368962869,23863490.0,,,,1000.0
2017-10-02T00:00:00,DGC,34.0,33.8,34.0,33.84507857733664,33.8,34.3,18135.0,18135.0,0.0,613780500.0,0.0,100.0,3400000.0,0.0,0.0,35.0,82700.0,25.0,49700.0,5.648908368962869,23863390.0,,,,1000.0
2017-10-03T00:00:00,DGC,33.9,33.7,33.8,33.77529761904762,33.7,33.8,33680.0,33600.0,80.0,1137290000.0,2440000.0,0.0,0.0,0.0,0.0,30.0,64700.0,31.0,63000.0,5.648908368962869,23863390.0,,,,1000.0
2017-10-04T00:00:00,DGC,34.3,33.8,33.8,33.9685393258427,34.3,33.7,35600.0,35600.0,0.0,1209280000.0,0.0,0.0,0.0,0.0,0.0,31.0,94600.0,34.0,69400.0,5.648908368962869,23863390.0,,,,1000.0
2017-10-05T00:00:00,DGC,34.3,34.2,34.2,34.270625,34.3,34.3,16000.0,16000.0,0.0,548330000.0,0.0,0.0,0.0,0.0,0.0,28.0,111600.0,35.0,43500.0,5.648908368962869,23863390.0,,,,1000.0
2017-10-06T00:00:00,DGC,34.4,34.1,34.3,34.20744680851064,34.1,34.3,9400.0,9400.0,0.0,321550000.0,0.0,0.0,0.0,0.0,0.0,14.0,47700.0,26.0,64800.0,5.648908368962869,23863390.0,,,,1000.0
2017-10-09T00:00:00,DGC,34.3,34.1,34.1,34.2,34.3,34.1,19580.0,19580.0,0.0,669636000.0,0.0,0.0,0.0,0.0,0.0,29.0,60200.0,27.0,53600.0,5.648908368962869,23863390.0,,,,1000.0
2017-10-10T00:00:00,DGC,34.4,34.1,34.2,34.21646514021096,34.3,34.3,19438.0,19435.0,3.0,665089700.0,92700.0,0.0,0.0,0.0,0.0,24.0,73700.0,22.0,32800.0,5.648908368962869,23863390.0,,,,1000.0
2017-10-11T00:00:00,DGC,34.3,34.0,34.3,34.01210526315789,34.0,34.3,19000.0,19000.0,0.0,646230000.0,0.0,0.0,0.0,0.0,0.0,22.0,73300.0,26.0,46800.0,5.648908368962869,23863390.0,,,,1000.0
2017-10-12T00:00:00,DGC,34.3,34.0,34.0,34.191394148020656,34.1,34.0,29050.0,29050.0,0.0,993260000.0,0.0,0.0,0.0,0.0,0.0,37.0,72700.0,40.0,57600.0,5.648908368962869,23863390.0,,,,1000.0
2017-10-13T00:00:00,DGC,34.3,33.8,34.3,34.00738916256158,33.9,34.1,20300.0,20300.0,0.0,690350000.0,0.0,0.0,0.0,0.0,0.0,24.0,43700.0,35.0,46500.0,5.648908368962869,23863390.0,,,,1000.0
2017-10-16T00:00:00,DGC,34.0,33.9,33.9,33.90232558139535,33.9,33.9,8600.0,8600.0,0.0,291560000.0,0.0,0.0,0.0,0.0,0.0,18.0,37700.0,20.0,18700.0,5.648908368962869,23863390.0,,,,1000.0
2017-10-17T00:00:00,DGC,34.1,33.5,33.5,33.880132450331125,34.1,33.9,15100.0,15100.0,0.0,511590000.0,0.0,0.0,0.0,0.0,0.0,29.0,55400.0,32.0,27000.0,5.648908368962869,23863390.0,,,,1000.0
2017-10-18T00:00:00,DGC,34.1,33.9,34.0,33.98251748251749,34.1,34.1,28600.0,28600.0,0.0,971900000.0,0.0,0.0,0.0,0.0,0.0,32.0,97200.0,29.0,57900.0,5.648908368962869,23863390.0,,,,1000.0
2017-10-19T00:00:00,DGC,35.0,33.9,34.5,34.066766917293236,34.0,34.1,33250.0,33250.0,0.0,1132720000.0,0.0,0.0,0.0,3000.0,102000000.0,46.0,80300.0,42.0,61800.0,5.648908368962869,23863390.0,,,,1000.0
2017-10-20T00:00:00,DGC,34.0,33.8,34.0,33.906060606060606,33.9,34.0,9900.0,9900.0,0.0,335670000.0,0.0,0.0,0.0,1000.0,33800000.0,22.0,46900.0,21.0,41100.0,5.648908368962869,23863390.0,,,,1000.0
2017-10-23T00:00:00,DGC,33.6,32.3,33.6,32.783795888986646,32.6,33.9,25006.0,25006.0,0.0,819791600.0,0.0,11600.0,380660000.0,17300.0,566060000.0,39.0,73600.0,19.0,58100.0,5.648908368962869,23851790.0,,,,1000.0
2017-10-24T00:00:00,DGC,35.3,32.5,33.0,33.93795620437956,32.5,32.6,13700.0,13700.0,0.0,464950000.0,0.0,0.0,0.0,2600.0,84710000.0,22.0,36600.0,49.0,78000.0,5.648908368962869,23854790.0,,,,1000.0
2017-10-25T00:00:00,DGC,32.9,32.5,32.8,32.805074626865675,32.7,32.5,33500.0,33500.0,0.0,1098970000.0,0.0,0.0,0.0,0.0,0.0,38.0,95200.0,44.0,130000.0,5.648908368962869,23855790.0,,,,1000.0
2017-10-26T00:00:00,DGC,32.5,32.4,32.5,32.4774647887324,32.5,32.7,28400.0,28400.0,0.0,922360000.0,0.0,300.0,9750000.0,0.0,0.0,23.0,91400.0,25.0,107400.0,5.648908368962869,23872790.0,,,,1000.0
2017-10-27T00:00:00,DGC,32.9,32.5,32.5,32.52714932126697,32.7,32.5,4420.0,4420.0,0.0,143770000.0,0.0,0.0,0.0,0.0,0.0,12.0,22800.0,18.0,36500.0,5.648908368962869,23875390.0,,,,1000.0
2017-10-30T00:00:00,DGC,33.0,32.8,33.0,32.875,32.8,32.7,15600.0,1600.0,14000.0,465600000.0,413000000.0,0.0,0.0,0.0,0.0,7.0,12200.0,23.0,63700.0,5.648908368962869,23875390.0,,,,1000.0
2017-10-31T00:00:00,DGC,32.8,32.2,32.7,32.29117647058823,32.8,32.8,6800.0,6800.0,0.0,219580000.0,0.0,0.0,0.0,0.0,0.0,15.0,18900.0,24.0,68900.0,5.648908368962869,23875390.0,,,,1000.0
2017-11-01T00:00:00,DGC,32.7,32.2,32.5,32.27010309278351,32.7,32.8,9700.0,9700.0,0.0,313020000.0,0.0,0.0,0.0,0.0,0.0,16.0,66000.0,15.0,58600.0,5.648908368962869,23875390.0,,,,1000.0
2017-11-02T00:00:00,DGC,32.5,32.2,32.2,32.22251308900523,32.3,32.7,19100.0,19100.0,0.0,615450000.0,0.0,0.0,0.0,0.0,0.0,16.0,42600.0,21.0,53400.0,5.648908368962869,23875390.0,,,,1000.0
2017-11-03T00:00:00,DGC,32.7,32.2,32.7,32.28110749185668,32.4,32.3,30700.0,30700.0,0.0,991030000.0,0.0,0.0,0.0,0.0,0.0,29.0,41100.0,26.0,72300.0,5.648908368962869,23875390.0,,,,1000.0
2017-11-06T00:00:00,DGC,32.5,32.2,32.5,32.21433685788028,32.2,32.4,12011.0,12011.0,0.0,386926400.0,0.0,0.0,0.0,6000.0,193200000.0,19.0,40700.0,15.0,56000.0,5.648908368962869,23875390.0,,,,1000.0
2017-11-07T00:00:00,DGC,32.6,32.0,32.0,32.41127358322337,32.3,32.2,28039.0,28039.0,0.0,908779700.0,0.0,39.0,1259700.0,1000.0,32200000.0,22.0,39400.0,27.0,62000.0,5.648908368962869,23875351.0,,,,1000.0
2017-11-08T00:00:00,DGC,32.9,32.3,32.3,32.477184466019416,32.5,32.3,20600.0,20600.0,0.0,669030000.0,0.0,0.0,0.0,1000.0,32300000.0,21.0,40100.0,25.0,40900.0,5.648908368962869,23875351.0,,,,1000.0
2017-11-09T00:00:00,DGC,32.8,32.6,32.8,32.78235294117647,32.8,32.5,3400.0,3400.0,0.0,111460000.0,0.0,0.0,0.0,0.0,0.0,22.0,20700.0,14.0,19600.0,5.648908368962869,23881351.0,,,,1000.0
2017-11-10T00:00:00,DGC,32.9,32.7,32.8,32.795,32.7,32.8,4000.0,4000.0,0.0,131180000.0,0.0,0.0,0.0,0.0,0.0,17.0,28000.0,19.0,35600.0,5.648908368962869,23882351.0,,,,1000.0
2017-11-13T00:00:00,DGC,32.7,32.5,32.6,32.55637065637065,32.6,32.7,25900.0,25900.0,0.0,843210000.0,0.0,0.0,0.0,0.0,0.0,31.0,39600.0,16.0,73900.0,5.648908368962869,23883351.0,,,,1000.0
2017-11-14T00:00:00,DGC,32.5,32.3,32.4,32.354447439353095,32.3,32.6,7420.0,7420.0,0.0,240070000.0,0.0,20.0,650000.0,0.0,0.0,17.0,12000.0,13.0,23400.0,5.648908368962869,23883331.0,,,,1000.0
2017-11-15T00:00:00,DGC,32.3,31.8,31.8,32.03045186640471,32.0,32.3,50900.0,50900.0,0.0,1630350000.0,0.0,0.0,0.0,22000.0,703570000.0,44.0,70000.0,22.0,75400.0,5.648908368962869,23883331.0,,,,1000.0
2017-11-16T00:00:00,DGC,32.2,31.9,32.0,31.98378378378378,32.2,32.0,11100.0,11100.0,0.0,355020000.0,0.0,5000.0,160000000.0,0.0,0.0,17.0,31700.0,12.0,28200.0,5.648908368962869,23878331.0,,,,1000.0
2017-11-17T00:00:00,DGC,32.1,32.0,32.0,32.00490063953346,32.0,32.2,40811.0,40811.0,0.0,1306152000.0,0.0,13000.0,416000000.0,0.0,0.0,44.0,59600.0,26.0,56500.0,5.648908368962869,23865331.0,,,,1000.0
2017-11-20T00:00:00,DGC,32.0,31.8,32.0,31.93831417624521,31.9,32.0,26100.0,26100.0,0.0,833590000.0,0.0,14000.0,447400000.0,0.0,0.0,32.0,42400.0,22.0,50400.0,5.648908368962869,23873331.0,,,,1000.0
2017-11-21T00:00:00,DGC,31.9,30.4,31.8,31.864418465227818,31.9,31.9,33360.0,33360.0,0.0,1062997000.0,0.0,6000.0,191400000.0,0.0,0.0,33.0,65100.0,20.0,54500.0,5.648908368962869,23867331.0,,,,1000.0
2017-11-22T00:00:00,DGC,32.7,32.2,32.2,32.377279971666376,32.4,31.9,112940.0,112940.0,0.0,3656690000.0,0.0,0.0,0.0,0.0,0.0,64.0,151800.0,43.0,137400.0,5.648908368962869,23867331.0,,,,1000.0
2017-11-23T00:00:00,DGC,32.5,32.2,32.3,32.362116040955634,32.4,32.4,58600.0,58600.0,0.0,1896420000.0,0.0,0.0,0.0,0.0,0.0,46.0,76200.0,32.0,93400.0,5.648908368962869,23867331.0,,,,1000.0
2017-11-24T00:00:00,DGC,32.6,32.3,32.3,32.4144578313253,32.4,32.4,58100.0,58100.0,0.0,1883280000.0,0.0,0.0,0.0,0.0,0.0,42.0,74500.0,31.0,90500.0,5.648908368962869,23867331.0,,,,1000.0
2017-11-27T00:00:00,DGC,32.6,32.4,32.4,32.48322033898305,32.5,32.4,59000.0,59000.0,0.0,1916510000.0,0.0,0.0,0.0,0.0,0.0,47.0,83000.0,37.0,113600.0,5.648908368962869,23867331.0,,,,1000.0
2017-11-28T00:00:00,DGC,32.6,32.3,32.5,32.46135693215339,32.6,32.5,30510.0,30510.0,0.0,990396000.0,0.0,10.0,356000.0,0.0,0.0,50.0,67900.0,23.0,80700.0,5.648908368962869,23867321.0,,,,1000.0
2017-11-29T00:00:00,DGC,34.0,32.5,32.5,33.260861144219305,32.8,32.6,67120.0,67120.0,0.0,2232469000.0,0.0,1000.0,33100000.0,0.0,0.0,53.0,85600.0,103.0,147900.0,5.648908368962869,23866321.0,,,,1000.0
2017-11-30T00:00:00,DGC,33.5,33.0,33.0,33.2942538593482,33.3,32.8,116600.0,116600.0,0.0,3882110000.0,0.0,1000.0,33400000.0,0.0,0.0,70.0,175600.0,70.0,149400.0,5.648908368962869,23865321.0,,,,1000.0
2017-12-01T00:00:00,DGC,34.2,33.0,33.3,33.62029304029304,34.0,33.3,136500.0,136500.0,0.0,4589170000.0,0.0,33700.0,1124070000.0,0.0,0.0,99.0,199400.0,66.0,153200.0,5.648908368962869,23831621.0,,,,1000.0
2017-12-04T00:00:00,DGC,35.7,34.1,34.1,34.93426704014939,35.0,34.0,66402.0,66402.0,0.0,2319705200.0,0.0,0.0,0.0,0.0,0.0,80.0,85700.0,88.0,135600.0,5.648908368962869,23831621.0,,,,1000.0
2017-12-05T00:00:00,DGC,34.6,33.5,34.6,34.10642398286938,33.8,35.0,46700.0,46700.0,0.0,1592770000.0,0.0,6300.0,213850000.0,0.0,0.0,57.0,61900.0,62.0,103300.0,5.648908368962869,23825321.0,,,,1000.0
2017-12-06T00:00:00,DGC,35.0,33.3,33.8,34.26854663774403,33.9,33.8,230500.0,230500.0,0.0,7898900000.0,0.0,15200.0,507420000.0,3300.0,113850000.0,121.0,271100.0,113.0,295000.0,5.648908368962869,23810121.0,,,,1000.0
2017-12-07T00:00:00,DGC,34.9,34.0,34.1,34.137,34.5,33.9,80000.0,80000.0,0.0,2730960000.0,0.0,0.0,0.0,0.0,0.0,60.0,167800.0,56.0,127600.0,5.648908368962869,23810121.0,,,,1000.0
2017-12-08T00:00:00,DGC,34.5,33.6,34.5,34.13584742624367,33.9,34.5,16202.0,16202.0,0.0,553069000.0,0.0,0.0,0.0,0.0,0.0,47.0,33300.0,66.0,91200.0,5.648908368962869,23810121.0,,,,1000.0
2017-12-11T00:00:00,DGC,33.8,33.4,33.5,33.513675213675214,33.7,33.9,23400.0,23400.0,0.0,784220000.0,0.0,12400.0,415400000.0,0.0,0.0,38.0,40700.0,35.0,55800.0,5.648908368962869,23801021.0,,,,1000.0
2017-12-12T00:00:00,DGC,33.5,31.0,33.5,32.671491228070174,33.2,33.7,91200.0,91200.0,0.0,2979640000.0,0.0,200.0,6700000.0,0.0,0.0,84.0,143400.0,84.0,125400.0,5.648908368962869,23800821.0,,,,1000.0
2017-12-13T00:00:00,DGC,33.2,32.9,33.2,33.17584097859327,32.9,33.2,32700.0,32700.0,0.0,1084850000.0,0.0,20000.0,664000000.0,500.0,16500000.0,22.0,62600.0,36.0,77100.0,5.648908368962869,23780821.0,,,,1000.0
2017-12-14T00:00:00,DGC,32.9,32.3,32.7,32.55876010781671,32.9,32.9,37100.0,37100.0,0.0,1207930000.0,0.0,2000.0,65000000.0,0.0,0.0,48.0,89100.0,34.0,57800.0,5.648908368962869,23778821.0,,,,1000.0
2017-12-15T00:00:00,DGC,33.2,32.8,33.0,33.01118248175183,33.1,32.9,41100.0,41100.0,0.0,1356759600.0,0.0,0.0,0.0,0.0,0.0,44.0,83200.0,30.0,64300.0,5.648908368962869,23778821.0,,,,1000.0
2017-12-18T00:00:00,DGC,34.1,33.1,33.1,33.282045454545454,33.1,33.1,44000.0,44000.0,0.0,1464410000.0,0.0,0.0,0.0,0.0,0.0,35.0,50900.0,40.0,91300.0,5.648908368962869,23779321.0,,,,1000.0
2017-12-19T00:00:00,DGC,33.0,32.6,33.0,32.77919697907111,32.8,33.1,46873.0,46873.0,0.0,1536459300.0,0.0,0.0,0.0,0.0,0.0,39.0,96600.0,31.0,98400.0,5.648908368962869,23779321.0,,,,1000.0
2017-12-20T00:00:00,DGC,33.0,32.5,32.7,32.680598958333334,32.7,32.8,76800.0,76800.0,0.0,2509870000.0,0.0,5000.0,162500000.0,0.0,0.0,61.0,117600.0,30.0,116500.0,5.648908368962869,23774321.0,,,,1000.0
2017-12-21T00:00:00,DGC,33.3,32.7,33.0,33.039159698144,33.3,32.7,49030.0,49030.0,0.0,1619910000.0,0.0,11500.0,379200000.0,0.0,0.0,47.0,83800.0,38.0,68200.0,5.648908368962869,23762821.0,,,,1000.0
2017-12-22T00:00:00,DGC,33.4,33.0,33.3,33.20423934108528,33.0,33.3,16512.0,16512.0,0.0,548268400.0,0.0,3500.0,115500000.0,0.0,0.0,18.0,52100.0,35.0,55900.0,5.648908368962869,23759321.0,,,,1000.0
2017-12-25T00:00:00,DGC,33.4,32.8,33.0,33.08378378378379,33.4,33.0,29600.0,29600.0,0.0,979280000.0,0.0,10700.0,352560000.0,0.0,0.0,38.0,65600.0,30.0,54400.0,5.648908368962869,23748621.0,,,,1000.0
2017-12-26T00:00:00,DGC,33.9,33.3,33.5,33.46267605633803,33.3,33.4,14200.0,14200.0,0.0,475170000.0,0.0,0.0,0.0,0.0,0.0,25.0,39600.0,40.0,79300.0,5.648908368962869,23748621.0,,,,1000.0
2017-12-27T00:00:00,DGC,33.2,32.8,33.1,32.95855263157895,33.2,33.3,30400.0,30400.0,0.0,1001940000.0,0.0,18400.0,606090000.0,0.0,0.0,34.0,55500.0,39.0,52600.0,5.648908368962869,23730221.0,,,,1000.0
2017-12-28T00:00:00,DGC,33.5,32.7,33.0,32.809,33.5,33.2,30000.0,30000.0,0.0,984270000.0,0.0,0.0,0.0,0.0,0.0,25.0,61800.0,31.0,66100.0,5.648908368962869,23730221.0,,,,1000.0
2017-12-29T00:00:00,DGC,32.9,32.7,32.9,32.775,32.8,33.5,7200.0,7200.0,0.0,235980000.0,0.0,0.0,0.0,0.0,0.0,20.0,39900.0,31.0,47000.0,5.648908368962869,23730221.0,,,,1000.0
2018-01-02T00:00:00,DGC,33.5,32.7,33.5,32.89561543517041,32.9,32.8,10651.0,10651.0,0.0,350371200.0,0.0,0.0,0.0,0.0,0.0,37.0,31400.0,33.0,38000.0,5.648908368962869,23730221.0,,,,1000.0
2018-01-03T00:00:00,DGC,33.0,32.0,33.0,32.742309188384716,32.8,32.9,59129.0,59129.0,0.0,1936020000.0,0.0,900.0,29520000.0,0.0,0.0,43.0,100400.0,40.0,86100.0,5.648908368962869,23729321.0,,,,1000.0
2018-01-04T00:00:00,DGC,32.9,32.5,32.7,32.73547951373255,32.9,32.8,22210.0,22210.0,0.0,727055000.0,0.0,0.0,0.0,5800.0,189660000.0,26.0,79700.0,31.0,37700.0,5.648908368962869,23729321.0,,,,1000.0
2018-01-05T00:00:00,DGC,33.0,32.2,33.0,32.539799540613906,32.8,32.9,19156.0,19156.0,0.0,623332400.0,0.0,0.0,0.0,500.0,16500000.0,32.0,64400.0,28.0,25500.0,5.648908368962869,23729321.0,,,,1000.0
2018-01-08T00:00:00,DGC,34.8,33.0,33.0,34.23787545787546,34.7,32.8,136506.0,136500.0,6.0,4673647600.0,177600.0,0.0,0.0,200.0,6700000.0,118.0,177900.0,103.0,182600.0,5.648908368962869,23729321.0,,,,1000.0
2018-01-09T00:00:00,DGC,34.8,34.0,34.7,34.38245033112583,34.1,34.7,60400.0,60400.0,0.0,2076700000.0,0.0,500.0,17150000.0,700.0,23940000.0,65.0,82500.0,62.0,104400.0,5.648908368962869,23734621.0,,,,1000.0
2018-01-10T00:00:00,DGC,34.4,33.8,34.2,34.19400808293797,34.1,34.1,56910.0,56910.0,0.0,1945981000.0,0.0,0.0,0.0,300.0,10230000.0,65.0,67200.0,60.0,99500.0,5.648908368962869,23735121.0,,,,1000.0
2018-01-11T00:00:00,DGC,34.3,33.8,34.2,34.14772727272727,34.3,34.1,61600.0,61600.0,0.0,2103500000.0,0.0,1000.0,34200000.0,0.0,0.0,81.0,83600.0,56.0,86100.0,5.648908368962869,23734321.0,,,,1000.0
2018-01-12T00:00:00,DGC,34.6,34.2,34.4,34.368398268398266,34.4,34.3,92400.0,92400.0,0.0,3175640000.0,0.0,200.0,6880000.0,0.0,0.0,80.0,105500.0,63.0,128600.0,5.648908368962869,23734821.0,,,,1000.0
2018-01-15T00:00:00,DGC,35.1,34.2,34.4,34.600205973223474,34.5,34.4,97100.0,97100.0,0.0,3359680000.0,0.0,0.0,0.0,0.0,0.0,61.0,107500.0,94.0,149700.0,5.648908368962869,23735121.0,,,,1000.0
2018-01-16T00:00:00,DGC,34.5,33.8,34.4,34.05779938916573,34.0,34.5,62210.0,62210.0,0.0,2118735700.0,0.0,0.0,0.0,3100.0,106640000.0,55.0,101900.0,63.0,132600.0,5.648908368962869,23735121.0,,,,1000.0
2018-01-17T00:00:00,DGC,32.4,31.0,32.4,31.377514056073355,31.2,34.0,53002.0,53002.0,0.0,1663071000.0,0.0,0.0,0.0,500.0,15850000.0,46.0,61300.0,44.0,111800.0,5.316619641376818,23735121.0,,,,1000.0
2018-01-18T00:00:00,DGC,30.9,29.0,30.8,30.562384378211714,30.7,31.2,97300.0,97300.0,0.0,2973720000.0,0.0,0.0,0.0,0.0,0.0,68.0,137200.0,53.0,107400.0,5.316619641376818,23735121.0,,,,1000.0
2018-01-19T00:00:00,DGC,30.8,30.2,30.5,30.590993788819876,30.7,30.7,32200.0,32200.0,0.0,985030000.0,0.0,0.0,0.0,0.0,0.0,25.0,55500.0,28.0,52300.0,5.316619641376818,23738221.0,,,,1000.0
2018-01-22T00:00:00,DGC,30.8,30.5,30.7,30.71416430594901,30.7,30.7,12708.0,12708.0,0.0,390315600.0,0.0,0.0,0.0,0.0,0.0,31.0,34200.0,27.0,23100.0,5.316619641376818,23738721.0,,,,1000.0
2018-01-23T00:00:00,DGC,31.5,30.7,30.7,30.925109170305678,30.8,30.7,45800.0,45800.0,0.0,1416370000.0,0.0,0.0,0.0,0.0,0.0,49.0,118200.0,46.0,102200.0,5.316619641376818,23738721.0,,,,1000.0
2018-01-24T00:00:00,DGC,31.0,30.7,31.0,30.8492673992674,30.8,30.8,54600.0,54600.0,0.0,1684370000.0,0.0,5000.0,154000000.0,0.0,0.0,37.0,97000.0,35.0,89100.0,5.316619641376818,23733721.0,,,,1000.0
2018-01-25T00:00:00,DGC,31.0,30.6,30.8,30.75143832034071,30.9,30.8,80302.0,80302.0,0.0,2469402000.0,0.0,26400.0,813120000.0,300.0,9240000.0,45.0,120200.0,58.0,108800.0,5.316619641376818,23707321.0,,,,1000.0
2018-01-26T00:00:00,DGC,30.8,30.6,30.8,30.75777777777778,30.8,30.9,27000.0,27000.0,0.0,830460000.0,0.0,2000.0,61400000.0,1000.0,30800000.0,42.0,95400.0,37.0,53000.0,5.316619641376818,23705321.0,,,,1000.0
2018-01-29T00:00:00,DGC,30.9,30.5,30.9,30.7138671875,30.6,30.8,40960.0,40960.0,0.0,1258040000.0,0.0,0.0,0.0,8800.0,269980000.0,51.0,56100.0,36.0,66400.0,5.316619641376818,23705321.0,,,,1000.0
2018-01-30T00:00:00,DGC,30.7,30.0,30.6,30.601420959147426,30.7,30.6,56300.0,56300.0,0.0,1722860000.0,0.0,0.0,0.0,400.0,12280000.0,51.0,135200.0,44.0,72100.0,5.316619641376818,23705621.0,,,,1000.0
2018-01-31T00:00:00,DGC,30.7,30.4,30.5,30.51443298969072,30.7,30.7,19400.0,19400.0,0.0,591980000.0,0.0,0.0,0.0,3500.0,106770000.0,37.0,57500.0,28.0,35300.0,5.316619641376818,23706621.0,,,,1000.0
2018-02-01T00:00:00,DGC,31.0,30.5,30.6,30.558120014941444,31.0,30.7,45511.0,45511.0,0.0,1390730600.0,0.0,0.0,0.0,2671.0,81580600.0,47.0,79300.0,25.0,64200.0,5.316619641376818,23715421.0,,,,1000.0
2018-02-02T00:00:00,DGC,31.0,30.6,31.0,30.774654377880186,30.7,31.0,21700.0,21700.0,0.0,667810000.0,0.0,0.0,0.0,0.0,0.0,27.0,39300.0,32.0,36200.0,5.316619641376818,23715821.0,,,,1000.0
2018-02-05T00:00:00,DGC,30.7,30.3,30.6,30.467452300785634,30.3,30.7,53460.0,53460.0,0.0,1628790000.0,0.0,0.0,0.0,0.0,0.0,40.0,64600.0,46.0,64600.0,5.316619641376818,23719321.0,,,,1000.0
2018-02-06T00:00:00,DGC,30.0,28.1,28.1,29.07115246490369,29.8,30.3,15315.0,15315.0,0.0,445224700.0,0.0,0.0,0.0,3600.0,102700000.0,38.0,74900.0,30.0,19900.0,5.316619641376818,23721992.0,,,,1000.0
2018-02-07T00:00:00,DGC,31.0,29.8,29.8,30.78543046357616,30.7,29.8,15100.0,15100.0,0.0,464860000.0,0.0,0.0,0.0,0.0,0.0,22.0,69500.0,40.0,32800.0,5.316619641376818,23721992.0,,,,1000.0
2018-02-08T00:00:00,DGC,30.7,30.3,30.3,30.581981981981983,30.6,30.7,22200.0,22200.0,0.0,678920000.0,0.0,0.0,0.0,2000.0,61400000.0,29.0,56100.0,26.0,35000.0,5.316619641376818,23721992.0,,,,1000.0
2018-02-09T00:00:00,DGC,30.3,29.9,30.1,30.175221238938054,30.3,30.6,11300.0,11300.0,0.0,340980000.0,0.0,0.0,0.0,0.0,0.0,37.0,68100.0,21.0,17300.0,5.316619641376818,23725592.0,,,,1000.0
2018-02-12T00:00:00,DGC,30.5,30.3,30.3,30.370338983050846,30.3,30.3,11800.0,11800.0,0.0,358370000.0,0.0,0.0,0.0,3000.0,91000000.0,21.0,35900.0,21.0,18200.0,5.316619641376818,23725592.0,,,,1000.0
2018-02-13T00:00:00,DGC,32.0,29.5,30.1,30.06003032546987,32.0,30.3,56718.0,56718.0,0.0,1704944800.0,0.0,0.0,0.0,32500.0,975250000.0,49.0,107900.0,33.0,61700.0,5.316619641376818,23727592.0,,,,1000.0
2018-02-21T00:00:00,DGC,31.9,30.8,31.9,31.485208162796376,31.5,32.0,74633.0,69633.0,5000.0,2351909500.0,159500000.0,0.0,0.0,20.0,630000.0,71.0,130600.0,49.0,106900.0,5.316619641376818,23727592.0,,,,1000.0
2018-02-22T00:00:00,DGC,31.9,31.4,31.6,31.547018904507997,31.5,31.5,41260.0,41260.0,0.0,1301630000.0,0.0,0.0,0.0,0.0,0.0,77.0,82900.0,36.0,67100.0,5.316619641376818,23730592.0,,,,1000.0
2018-02-23T00:00:00,DGC,31.6,31.5,31.5,31.52717760565294,31.5,31.5,14718.0,14718.0,0.0,464017000.0,0.0,0.0,0.0,0.0,0.0,31.0,29700.0,15.0,40900.0,5.316619641376818,23763092.0,,,,1000.0
2018-02-26T00:00:00,DGC,31.9,31.2,31.9,31.441340782122904,31.5,31.5,35800.0,35800.0,0.0,1125600000.0,0.0,0.0,0.0,0.0,0.0,38.0,66700.0,31.0,57900.0,5.316619641376818,23763112.0,,,,1000.0
2018-02-27T00:00:00,DGC,31.4,30.7,31.2,30.83726937269373,30.7,31.5,81300.0,81300.0,0.0,2507070000.0,0.0,0.0,0.0,18700.0,577010000.0,70.0,88000.0,33.0,104600.0,5.316619641376818,23763112.0,,,,1000.0
2018-02-28T00:00:00,DGC,30.8,30.7,30.7,30.735628105039034,30.8,30.7,56360.0,56360.0,0.0,1732260000.0,0.0,0.0,0.0,0.0,0.0,68.0,74000.0,36.0,81200.0,5.316619641376818,23763112.0,,,,1000.0
2018-03-01T00:00:00,DGC,31.0,30.9,31.0,30.940384615384616,30.9,30.8,10200.0,5200.0,5000.0,315890000.0,155000000.0,0.0,0.0,0.0,0.0,22.0,32700.0,20.0,21300.0,5.316619641376818,23763112.0,,,,1000.0
2018-03-02T00:00:00,DGC,31.6,30.8,31.0,31.18287469943895,31.6,30.9,29944.0,29944.0,0.0,933740000.0,0.0,0.0,0.0,0.0,0.0,47.0,58600.0,44.0,39100.0,5.316619641376818,23781812.0,,,,1000.0
2018-03-05T00:00:00,DGC,33.7,32.0,32.2,33.25129751647238,33.4,31.6,98650.0,98650.0,0.0,3280240500.0,0.0,0.0,0.0,0.0,0.0,120.0,147600.0,102.0,167000.0,5.316619641376818,23781812.0,,,,1000.0
2018-03-06T00:00:00,DGC,33.5,32.0,33.5,32.49075850043592,32.7,33.4,34410.0,34410.0,0.0,1118007000.0,0.0,0.0,0.0,21200.0,690100000.0,85.0,73700.0,63.0,108700.0,5.316619641376818,23781812.0,,,,1000.0
2018-03-07T00:00:00,DGC,32.8,32.3,32.7,32.53125,32.5,32.7,16000.0,16000.0,0.0,520500000.0,0.0,0.0,0.0,0.0,0.0,30.0,28400.0,29.0,77300.0,5.316619641376818,23781812.0,,,,1000.0
2018-03-08T00:00:00,DGC,33.5,32.5,32.6,33.12696601174533,32.9,32.5,60109.0,60109.0,0.0,1991228800.0,0.0,0.0,0.0,0.0,0.0,58.0,93400.0,55.0,124300.0,5.316619641376818,23781812.0,,,,1000.0
2018-03-09T00:00:00,DGC,35.8,32.9,32.9,34.67975752314815,35.1,32.9,345600.0,345600.0,0.0,11985324200.0,0.0,0.0,0.0,0.0,0.0,175.0,412400.0,214.0,440100.0,5.316619641376818,23803012.0,,,,1000.0
2018-03-12T00:00:00,DGC,36.1,35.0,35.5,35.551297525648764,35.1,35.1,165700.0,165700.0,0.0,5890850000.0,0.0,0.0,0.0,0.0,0.0,139.0,197300.0,169.0,277200.0,5.316619641376818,23803012.0,,,,1000.0
2018-03-13T00:00:00,DGC,35.0,33.9,34.6,34.46853645167184,34.5,35.1,68230.0,54730.0,13500.0,2313063000.0,426600000.0,0.0,0.0,0.0,0.0,78.0,85700.0,99.0,136000.0,5.316619641376818,23803012.0,,,,1000.0
2018-03-14T00:00:00,DGC,34.7,33.0,34.5,33.72669773635153,33.3,34.5,150200.0,150200.0,0.0,5065750000.0,0.0,0.0,0.0,0.0,0.0,163.0,169900.0,147.0,192400.0,5.316619641376818,23803012.0,,,,1000.0
2018-03-15T00:00:00,DGC,34.8,33.2,33.4,33.83522267206477,34.2,33.3,59400.0,49400.0,10000.0,1971460000.0,300000000.0,0.0,0.0,0.0,0.0,78.0,95200.0,114.0,148000.0,5.316619641376818,23803012.0,,,,1000.0
2018-03-16T00:00:00,DGC,34.3,33.0,34.3,33.239951716277986,33.0,34.2,81601.0,81601.0,0.0,2712413300.0,0.0,0.0,0.0,0.0,0.0,75.0,101200.0,88.0,196100.0,5.316619641376818,23803012.0,,,,1000.0
2018-03-19T00:00:00,DGC,33.0,32.3,33.0,32.690214477211796,32.5,33.0,89100.0,74600.0,14500.0,2869340000.0,430650000.0,0.0,0.0,0.0,0.0,70.0,94300.0,63.0,94500.0,5.316619641376818,23803012.0,,,,1000.0
2018-03-20T00:00:00,DGC,32.5,31.6,32.5,31.944021257750222,32.0,32.5,112900.0,112900.0,0.0,3606480000.0,0.0,0.0,0.0,0.0,0.0,92.0,146500.0,78.0,163200.0,5.316619641376818,23803012.0,,,,1000.0
2018-03-21T00:00:00,DGC,32.2,31.6,32.0,31.85238018381529,31.9,32.0,121925.0,111525.0,10400.0,3851856700.0,299520000.0,0.0,0.0,21775.0,696732500.0,87.0,178700.0,65.0,130200.0,5.316619641376818,23803012.0,,,,1000.0
2018-03-22T00:00:00,DGC,32.0,31.5,31.9,31.825252525252527,31.8,31.9,29700.0,29700.0,0.0,945210000.0,0.0,0.0,0.0,0.0,0.0,65.0,81900.0,42.0,49200.0,5.316619641376818,23803012.0,,,,1000.0
2018-03-23T00:00:00,DGC,31.8,31.5,31.5,31.698584905660375,31.7,31.8,52900.0,42400.0,10500.0,1645370000.0,301350000.0,0.0,0.0,0.0,0.0,56.0,77500.0,35.0,52300.0,5.316619641376818,23803012.0,,,,1000.0
2018-03-26T00:00:00,DGC,32.5,31.5,31.5,31.680365448504986,31.6,31.7,30100.0,30100.0,0.0,953579000.0,0.0,0.0,0.0,0.0,0.0,52.0,64300.0,36.0,51800.0,5.316619641376818,23824787.0,,,,1000.0
2018-03-27T00:00:00,DGC,31.9,31.5,31.6,31.617054263565894,31.7,31.6,27900.0,12900.0,15000.0,835360000.0,427500000.0,0.0,0.0,0.0,0.0,50.0,50300.0,22.0,33800.0,5.316619641376818,23824787.0,,,,1000.0
2018-03-28T00:00:00,DGC,31.9,31.5,31.7,31.525354969574035,31.5,31.7,5916.0,5916.0,0.0,186504000.0,0.0,0.0,0.0,0.0,0.0,31.0,32300.0,24.0,22400.0,5.316619641376818,23824787.0,,,,1000.0
2018-03-29T00:00:00,DGC,31.8,31.5,31.5,31.51563981042654,31.5,31.5,21100.0,21100.0,0.0,664980000.0,0.0,0.0,0.0,0.0,0.0,29.0,34600.0,28.0,44500.0,5.316619641376818,23824787.0,,,,1000.0
2018-03-30T00:00:00,DGC,31.5,30.1,31.4,31.0894538606403,31.3,31.5,67600.0,53100.0,14500.0,2062650000.0,411800000.0,0.0,0.0,0.0,0.0,80.0,139853.0,47.0,84840.0,5.316619641376818,23824787.0,,,,1000.0
2018-04-02T00:00:00,DGC,31.3,31.0,31.0,31.065245901639344,31.0,31.3,30500.0,30500.0,0.0,947490000.0,0.0,0.0,0.0,0.0,0.0,52.0,83726.0,35.0,43540.0,5.316619641376818,23824787.0,,,,1000.0
2018-04-03T00:00:00,DGC,31.4,30.7,30.9,30.809629629629633,31.0,31.0,28500.0,13500.0,15000.0,834430000.0,418500000.0,0.0,0.0,0.0,0.0,44.0,107815.0,33.0,44040.0,5.316619641376818,23824787.0,,,,1000.0
2018-04-04T00:00:00,DGC,31.5,30.7,30.8,30.78,31.5,31.0,86000.0,86000.0,0.0,2647080000.0,0.0,0.0,0.0,5800.0,178524000.0,75.0,138574.0,42.0,95940.0,5.316619641376818,23824787.0,,,,1000.0
2018-04-05T00:00:00,DGC,31.8,30.8,30.8,31.213856812933027,31.8,31.5,43300.0,43300.0,0.0,1351560000.0,0.0,0.0,0.0,0.0,0.0,64.0,102725.0,38.0,56573.0,5.316619641376818,23824787.0,,,,1000.0
2018-04-06T00:00:00,DGC,32.0,31.6,31.8,31.795121951219514,31.8,31.8,16400.0,16400.0,0.0,521440000.0,0.0,0.0,0.0,0.0,0.0,33.0,65995.0,43.0,49321.0,5.316619641376818,23824787.0,,,,1000.0
2018-04-09T00:00:00,DGC,32.0,31.4,31.5,31.488636363636363,31.6,31.8,53600.0,39600.0,14000.0,1648750000.0,401800000.0,0.0,0.0,0.0,0.0,0.0,113400.0,0.0,76300.0,5.316619641376818,23830587.0,,,,1000.0
2018-04-10T00:00:00,DGC,31.8,31.2,31.6,31.439516129032256,31.6,31.6,37200.0,37200.0,0.0,1169550000.0,0.0,4800.0,150909677.41935483,0.0,0.0,0.0,80500.0,0.0,73400.0,5.316619641376818,23825787.0,,,,1000.0
2018-04-11T00:00:00,DGC,31.6,31.0,31.6,31.183695652173913,31.0,31.6,53600.0,46000.0,7600.0,1651050000.0,216600000.0,4400.0,137208260.86956522,0.0,0.0,0.0,145700.0,0.0,68700.0,5.316619641376818,23821387.0,,,,1000.0
2018-04-12T00:00:00,DGC,31.5,30.9,31.0,31.18877192982456,31.2,31.0,28500.0,28500.0,0.0,888880000.0,0.0,8900.0,277580070.1754386,0.0,0.0,0.0,91900.0,0.0,44000.0,5.316619641376818,23812487.0,,,,1000.0
2018-04-13T00:00:00,DGC,31.5,31.3,31.3,31.388333333333332,31.5,31.2,24000.0,24000.0,0.0,753320000.0,0.0,0.0,0.0,0.0,0.0,0.0,73900.0,0.0,33600.0,5.316619641376818,23812487.0,,,,1000.0
2018-04-16T00:00:00,DGC,31.7,31.2,31.2,31.56464646464646,31.6,31.5,9900.0,9900.0,0.0,312490000.0,0.0,0.0,0.0,500.0,15782323.232323233,0.0,45200.0,0.0,26000.0,5.316619641376818,23812487.0,,,,1000.0
2018-04-17T00:00:00,DGC,31.6,31.5,31.5,31.544375,31.5,31.6,16000.0,16000.0,0.0,504710000.0,0.0,0.0,0.0,2000.0,63088750.0,0.0,54800.0,0.0,34700.0,5.316619641376818,23812487.0,,,,1000.0
2018-04-18T00:00:00,DGC,33.0,31.6,31.6,32.23681592039801,32.0,31.5,20100.0,20100.0,0.0,647960000.0,0.0,0.0,0.0,2300.0,74144676.61691542,0.0,46100.0,0.0,68600.0,5.316619641376818,23812487.0,,,,1000.0
2018-04-19T00:00:00,DGC,32.5,32.0,32.0,32.085793871866294,32.5,32.0,35900.0,35900.0,0.0,1151880000.0,0.0,0.0,0.0,0.0,0.0,0.0,78800.0,0.0,87700.0,5.316619641376818,23812987.0,,,,1000.0
2018-04-20T00:00:00,DGC,32.8,32.2,32.5,32.660515021459226,32.8,32.5,23300.0,23300.0,0.0,760990000.0,0.0,0.0,0.0,0.0,0.0,0.0,84100.0,0.0,67200.0,5.316619641376818,23814987.0,,,,1000.0
2018-04-23T00:00:00,DGC,34.5,32.4,32.4,33.58504464285714,32.6,32.8,89600.0,89600.0,0.0,3009220000.0,0.0,3600.0,120906160.71428572,3600.0,120906160.71428572,0.0,116800.0,0.0,145800.0,5.316619641376818,23813687.0,,,,1000.0
2018-04-24T00:00:00,DGC,33.0,32.1,32.1,32.19423076923077,33.0,32.6,5200.0,5200.0,0.0,167410000.0,0.0,2000.0,64388461.538461536,0.0,0.0,0.0,34900.0,0.0,54500.0,5.316619641376818,23811687.0,,,,1000.0
2018-04-26T00:00:00,DGC,33.0,32.5,33.0,32.85599128540305,32.5,33.0,45900.0,45900.0,0.0,1508090000.0,0.0,0.0,0.0,0.0,0.0,0.0,74400.0,0.0,105000.0,5.316619641376818,23811687.0,,,,1000.0
2018-04-27T00:00:00,DGC,32.9,32.2,32.2,32.38928571428571,32.9,32.5,5600.0,5600.0,0.0,181380000.0,0.0,0.0,0.0,0.0,0.0,0.0,28500.0,0.0,33800.0,5.316619641376818,23815287.0,,,,1000.0
2018-05-02T00:00:00,DGC,33.5,32.0,32.1,32.69936507936508,32.9,32.9,31500.0,31500.0,0.0,1030030000.0,0.0,0.0,0.0,600.0,19619619.04761905,0.0,57200.0,0.0,67000.0,5.316619641376818,23815287.0,,,,1000.0
2018-05-03T00:00:00,DGC,33.0,32.2,32.3,32.469607843137254,32.6,32.9,10200.0,10200.0,0.0,331190000.0,0.0,0.0,0.0,0.0,0.0,0.0,59900.0,0.0,38900.0,5.316619641376818,23815287.0,,,,1000.0
2018-05-04T00:00:00,DGC,32.8,32.0,32.5,32.18666666666667,32.8,32.6,27000.0,27000.0,0.0,869040000.0,0.0,0.0,0.0,0.0,0.0,0.0,69300.0,0.0,60200.0,5.316619641376818,23815287.0,,,,1000.0
2018-05-07T00:00:00,DGC,32.8,32.5,32.5,32.55789473684211,32.8,32.8,3800.0,3800.0,0.0,123720000.0,0.0,0.0,0.0,0.0,0.0,0.0,47800.0,0.0,27300.0,5.316619641376818,23815887.0,,,,1000.0
2018-05-08T00:00:00,DGC,32.5,32.4,32.5,32.444,32.4,32.8,2500.0,2500.0,0.0,81110000.0,0.0,0.0,0.0,0.0,0.0,0.0,41100.0,0.0,26000.0,5.316619641376818,23815887.0,,,,1000.0
2018-05-09T00:00:00,DGC,32.8,32.3,32.4,32.49745762711864,32.4,32.4,23600.0,23600.0,0.0,766940000.0,0.0,0.0,0.0,900.0,29247711.86440678,0.0,40900.0,0.0,53400.0,5.316619641376818,23815887.0,,,,1000.0
2018-05-10T00:00:00,DGC,32.2,32.0,32.0,32.07368421052632,32.2,32.4,1900.0,1900.0,0.0,60940000.0,0.0,0.0,0.0,0.0,0.0,0.0,39300.0,0.0,18600.0,5.316619641376818,23815887.0,,,,1000.0
2018-05-11T00:00:00,DGC,32.8,32.2,32.4,32.36808510638298,32.8,32.2,18800.0,18800.0,0.0,608520000.0,0.0,0.0,0.0,4100.0,132709148.9361702,0.0,58200.0,0.0,42100.0,5.316619641376818,23815887.0,,,,1000.0
2018-05-14T00:00:00,DGC,32.5,32.5,32.5,32.5,32.5,32.8,1800.0,1800.0,0.0,58500000.0,0.0,0.0,0.0,0.0,0.0,0.0,34700.0,0.0,43500.0,5.316619641376818,23816787.0,,,,1000.0
2018-05-15T00:00:00,DGC,32.5,32.3,32.3,32.43167701863354,32.5,32.5,16100.0,16100.0,0.0,522150000.0,0.0,0.0,0.0,0.0,0.0,0.0,56200.0,0.0,44600.0,5.316619641376818,23816787.0,,,,1000.0
2018-05-16T00:00:00,DGC,32.5,32.2,32.2,32.30714285714286,32.5,32.5,1400.0,1400.0,0.0,45230000.0,0.0,0.0,0.0,900.0,29076428.57142857,0.0,30400.0,0.0,23900.0,5.316619641376818,23820887.0,,,,1000.0
2018-05-17T00:00:00,DGC,32.2,32.0,32.0,32.03893805309735,32.2,32.5,22600.0,22600.0,0.0,724080000.0,0.0,0.0,0.0,0.0,0.0,0.0,59000.0,0.0,48900.0,5.316619641376818,23820887.0,,,,1000.0
2018-05-18T00:00:00,DGC,33.0,32.2,32.3,32.322701149425285,33.0,32.2,34800.0,34800.0,0.0,1124830000.0,0.0,0.0,0.0,0.0,0.0,0.0,70300.0,0.0,58200.0,5.316619641376818,23820887.0,,,,1000.0
2018-05-21T00:00:00,DGC,32.2,32.1,32.1,32.104,32.1,33.0,5000.0,5000.0,0.0,160520000.0,0.0,0.0,0.0,0.0,0.0,0.0,39100.0,0.0,55200.0,5.316619641376818,23821787.0,,,,1000.0
2018-05-22T00:00:00,DGC,32.1,31.8,32.1,31.919148936170213,32.0,32.1,4700.0,4700.0,0.0,150020000.0,0.0,0.0,0.0,0.0,0.0,0.0,32700.0,0.0,51400.0,5.316619641376818,23821787.0,,,,1000.0
2018-05-23T00:00:00,DGC,31.8,31.5,31.7,31.70421052631579,31.5,32.0,9500.0,9500.0,0.0,301190000.0,0.0,0.0,0.0,0.0,0.0,0.0,31500.0,0.0,43600.0,5.316619641376818,23821787.0,,,,1000.0
2018-05-24T00:00:00,DGC,32.0,31.4,31.5,31.462008733624454,32.0,31.5,22900.0,22900.0,0.0,720480000.0,0.0,0.0,0.0,100.0,3146200.8733624453,0.0,49000.0,0.0,53300.0,5.316619641376818,23821787.0,,,,1000.0
2018-05-25T00:00:00,DGC,31.9,31.3,31.9,31.6904,31.3,32.0,12500.0,12500.0,0.0,396130000.0,0.0,0.0,0.0,0.0,0.0,0.0,30200.0,0.0,53900.0,5.316619641376818,23821787.0,,,,1000.0
2018-05-28T00:00:00,DGC,31.3,30.8,31.1,31.02742616033755,31.1,31.3,23700.0,23700.0,0.0,735350000.0,0.0,10100.0,313377004.2194093,0.0,0.0,0.0,56400.0,0.0,48300.0,5.316619641376818,23811687.0,,,,1000.0
2018-05-29T00:00:00,DGC,31.6,31.1,31.1,31.18095238095238,31.6,31.1,6300.0,6300.0,0.0,196440000.0,0.0,0.0,0.0,0.0,0.0,0.0,41700.0,0.0,27300.0,5.316619641376818,23811787.0,,,,1000.0
2018-05-30T00:00:00,DGC,31.2,31.1,31.2,31.167105263157893,31.1,31.6,7600.0,7600.0,0.0,236870000.0,0.0,0.0,0.0,5000.0,155835526.31578946,0.0,24900.0,0.0,30200.0,5.316619641376818,23811787.0,,,,1000.0
2018-05-31T00:00:00,DGC,31.1,31.1,31.1,31.1,31.1,31.1,1900.0,1900.0,0.0,59090000.0,0.0,0.0,0.0,0.0,0.0,0.0,28500.0,0.0,23600.0,5.316619641376818,23811787.0,,,,1000.0
2018-06-01T00:00:00,DGC,32.4,31.5,31.5,31.508333333333333,32.4,31.1,10800.0,10800.0,0.0,340290000.0,0.0,0.0,0.0,0.0,0.0,0.0,51600.0,0.0,52600.0,5.316619641376818,23811787.0,,,,1000.0
2018-06-04T00:00:00,DGC,32.8,32.4,32.4,32.59230769230769,32.5,32.4,26000.0,26000.0,0.0,847400000.0,0.0,0.0,0.0,0.0,0.0,0.0,64500.0,0.0,61600.0,5.316619641376818,23816787.0,,,,1000.0
2018-06-05T00:00:00,DGC,32.0,31.7,31.7,31.75,32.0,32.5,1200.0,1200.0,0.0,38100000.0,0.0,0.0,0.0,0.0,0.0,0.0,24300.0,0.0,60600.0,5.316619641376818,23816787.0,,,,1000.0
2018-06-06T00:00:00,DGC,32.0,31.5,31.6,31.821804511278195,32.0,32.0,13300.0,13300.0,0.0,423230000.0,0.0,0.0,0.0,6500.0,206841729.32330826,0.0,64400.0,0.0,37400.0,5.316619641376818,23816787.0,,,,1000.0
2018-06-07T00:00:00,DGC,32.5,31.1,31.1,32.03269230769231,32.1,32.0,36400.0,36400.0,0.0,1165990000.0,0.0,0.0,0.0,3300.0,105707884.61538461,0.0,99900.0,0.0,66400.0,5.316619641376818,23816787.0,,,,1000.0
2018-06-08T00:00:00,DGC,32.5,32.1,32.4,32.39578313253012,32.5,32.1,16600.0,16600.0,0.0,537770000.0,0.0,0.0,0.0,7200.0,233249638.55421686,0.0,46600.0,0.0,28500.0,5.316619641376818,23816787.0,,,,1000.0
2018-06-11T00:00:00,DGC,32.4,31.0,31.0,31.84,32.4,32.5,500.0,500.0,0.0,15920000.0,0.0,200.0,6368000.0,0.0,0.0,0.0,52000.0,0.0,19400.0,5.316619641376818,23823087.0,,,,1000.0
2018-06-12T00:00:00,DGC,32.1,31.5,31.8,31.797619047619047,32.1,32.4,4200.0,4200.0,0.0,133550000.0,0.0,0.0,0.0,0.0,0.0,0.0,52100.0,0.0,20900.0,5.316619641376818,23826387.0,,,,1000.0
2018-06-13T00:00:00,DGC,32.2,32.0,32.1,32.11730769230769,32.1,32.1,10400.0,10400.0,0.0,334020000.0,0.0,0.0,0.0,0.0,0.0,0.0,46900.0,0.0,35800.0,5.316619641376818,23833587.0,,,,1000.0
2018-06-14T00:00:00,DGC,32.4,32.2,32.2,32.23667377398721,32.3,32.1,46900.0,46900.0,0.0,1511900000.0,0.0,0.0,0.0,0.0,0.0,0.0,93300.0,0.0,69600.0,5.316619641376818,23833587.0,,,,1000.0
2018-06-15T00:00:00,DGC,32.8,32.3,32.3,32.40518518518519,32.3,32.3,13500.0,13500.0,0.0,437470000.0,0.0,0.0,0.0,0.0,0.0,0.0,54100.0,0.0,35800.0,5.316619641376818,23833587.0,,,,1000.0
2018-06-18T00:00:00,DGC,32.5,32.3,32.3,32.36043956043956,32.3,32.3,18200.0,18200.0,0.0,588960000.0,0.0,0.0,0.0,0.0,0.0,0.0,78600.0,0.0,51900.0,5.316619641376818,23833587.0,,,,1000.0
2018-06-19T00:00:00,DGC,32.3,32.0,32.3,32.2431718061674,32.3,32.3,68100.0,68100.0,0.0,2195760000.0,0.0,0.0,0.0,0.0,0.0,0.0,116700.0,0.0,82900.0,5.316619641376818,23833587.0,,,,1000.0
2018-06-20T00:00:00,DGC,32.3,31.9,31.9,31.939506172839504,32.3,32.3,8100.0,8100.0,0.0,258710000.0,0.0,0.0,0.0,5300.0,169279382.71604937,0.0,47700.0,0.0,18000.0,5.316619641376818,23833587.0,,,,1000.0
2018-06-21T00:00:00,DGC,32.2,32.2,32.2,32.2,32.2,32.3,9200.0,9200.0,0.0,296240000.0,0.0,0.0,0.0,0.0,0.0,0.0,57200.0,0.0,38600.0,5.316619641376818,23833587.0,,,,1000.0
2018-06-22T00:00:00,DGC,32.3,31.9,32.2,32.07636363636364,32.2,32.2,5500.0,5500.0,0.0,176420000.0,0.0,0.0,0.0,0.0,0.0,0.0,38800.0,0.0,22300.0,5.316619641376818,23833587.0,,,,1000.0
2018-06-25T00:00:00,DGC,32.5,32.4,32.4,32.41162790697675,32.5,32.2,4300.0,4300.0,0.0,139370000.0,0.0,0.0,0.0,31.0,1004760.4651162791,0.0,23000.0,0.0,21500.0,5.316619641376818,23838887.0,,,,1000.0
2018-06-26T00:00:00,DGC,32.3,32.0,32.0,32.27307692307692,32.3,32.5,7800.0,7800.0,0.0,251730000.0,0.0,0.0,0.0,0.0,0.0,0.0,40000.0,0.0,28500.0,5.316619641376818,23838887.0,,,,1000.0
2018-06-27T00:00:00,DGC,32.3,31.7,32.0,32.081355932203394,32.0,32.3,11800.0,11800.0,0.0,378560000.0,0.0,0.0,0.0,0.0,0.0,0.0,49100.0,0.0,38000.0,5.316619641376818,23838887.0,,,,1000.0
2018-06-28T00:00:00,DGC,32.3,32.0,32.0,32.02068965517241,32.3,32.0,2900.0,2900.0,0.0,92860000.0,0.0,0.0,0.0,0.0,0.0,0.0,33100.0,0.0,18600.0,5.316619641376818,23838918.0,,,,1000.0
2018-06-29T00:00:00,DGC,32.0,31.1,32.0,31.557638888888892,31.8,32.3,43200.0,43200.0,0.0,1363290000.0,0.0,0.0,0.0,0.0,0.0,0.0,80300.0,0.0,56100.0,5.316619641376818,23838918.0,,,,1000.0
2018-07-02T00:00:00,DGC,32.0,31.5,32.0,31.61235294117647,31.5,31.8,17000.0,17000.0,0.0,537410000.0,0.0,5900.0,186512882.3529412,0.0,0.0,0.0,30700.0,0.0,43200.0,5.316619641376818,23833018.0,,,,1000.0
2018-07-03T00:00:00,DGC,31.5,31.3,31.5,31.47590361445783,31.3,31.5,8300.0,8300.0,0.0,261250000.0,0.0,3100.0,97575301.20481928,0.0,0.0,0.0,21100.0,0.0,38200.0,5.316619641376818,23829918.0,,,,1000.0
2018-07-04T00:00:00,DGC,31.9,31.0,31.9,31.356537753222838,31.4,31.3,54300.0,54300.0,0.0,1702660000.0,0.0,3000.0,94069613.25966851,0.0,0.0,0.0,83900.0,0.0,92800.0,5.316619641376818,23826918.0,,,,1000.0
2018-07-05T00:00:00,DGC,31.3,31.0,31.3,31.051063829787235,31.0,31.4,9400.0,9400.0,0.0,291880000.0,0.0,0.0,0.0,0.0,0.0,0.0,31700.0,0.0,43700.0,5.316619641376818,23826918.0,,,,1000.0
2018-07-06T00:00:00,DGC,31.5,30.5,30.5,30.974074074074075,31.5,31.0,18901.0,18900.0,1.0,585437900.0,27900.0,0.0,0.0,100.0,3097407.407407407,0.0,40800.0,0.0,36300.0,5.316619641376818,23826918.0,,,,1000.0
2018-07-09T00:00:00,DGC,31.5,30.9,31.4,31.13269230769231,31.5,31.5,52000.0,52000.0,0.0,1618900000.0,0.0,0.0,0.0,1000.0,31132692.307692308,0.0,82500.0,0.0,68400.0,5.316619641376818,23826918.0,,,,1000.0
2018-07-10T00:00:00,DGC,31.4,31.3,31.4,31.384615384615383,31.3,31.5,3900.0,3900.0,0.0,122400000.0,0.0,0.0,0.0,3300.0,103569230.76923077,0.0,40400.0,0.0,40300.0,5.316619641376818,23826918.0,,,,1000.0
2018-07-11T00:00:00,DGC,31.3,31.0,31.3,31.16181818181818,31.3,31.3,16500.0,16500.0,0.0,514170000.0,0.0,8400.0,261759272.72727272,2200.0,68556000.0,0.0,49200.0,0.0,21200.0,5.316619641376818,23818618.0,,,,1000.0
2018-07-12T00:00:00,DGC,31.3,30.8,31.2,31.166666666666668,30.8,31.3,6600.0,6600.0,0.0,205700000.0,0.0,6000.0,187000000.0,2200.0,68566666.66666667,0.0,10300.0,0.0,31800.0,5.316619641376818,23813618.0,,,,1000.0
2018-07-13T00:00:00,DGC,31.3,30.8,31.0,31.05667144906743,31.3,30.8,69700.0,69700.0,0.0,2164650000.0,0.0,0.0,0.0,8200.0,254664705.88235295,0.0,74500.0,0.0,80800.0,5.316619641376818,23816918.0,,,,1000.0
2018-07-16T00:00:00,DGC,31.4,30.6,30.6,31.08986013986014,31.3,31.3,28600.0,28600.0,0.0,889170000.0,0.0,0.0,0.0,20000.0,621797202.7972028,0.0,45800.0,0.0,63300.0,5.316619641376818,23819118.0,,,,1000.0
2018-07-17T00:00:00,DGC,31.4,31.0,31.3,31.26111111111111,31.4,31.3,3600.0,3600.0,0.0,112540000.0,0.0,0.0,0.0,100.0,3126111.111111111,0.0,6900.0,0.0,27600.0,5.316619641376818,23821318.0,,,,1000.0
2018-07-18T00:00:00,DGC,31.9,31.0,31.4,31.492109256449165,31.8,31.4,65900.0,65900.0,0.0,2075330000.0,0.0,0.0,0.0,2800.0,88177905.91805767,0.0,95900.0,0.0,126600.0,5.316619641376818,23829518.0,,,,1000.0
2018-07-19T00:00:00,DGC,31.8,31.5,31.6,31.53538461538462,31.8,31.8,13000.0,13000.0,0.0,409960000.0,0.0,0.0,0.0,100.0,3153538.4615384615,0.0,31800.0,0.0,72200.0,5.316619641376818,23849518.0,,,,1000.0
2018-07-20T00:00:00,DGC,33.0,31.4,31.4,32.368020304568525,33.0,31.8,39400.0,39400.0,0.0,1275300000.0,0.0,0.0,0.0,11300.0,365758629.44162434,0.0,84200.0,0.0,45900.0,5.316619641376818,23849618.0,,,,1000.0
2018-07-23T00:00:00,DGC,36.0,33.0,33.0,34.23437086092715,34.9,33.0,302000.0,302000.0,0.0,10338780000.0,0.0,20000.0,684687417.218543,62218.0,2129994086.2251656,0.0,464200.0,0.0,374200.0,5.316619641376818,23832418.0,,,,1000.0
2018-07-24T00:00:00,DGC,34.4,34.0,34.0,34.05150684931507,34.0,34.9,109500.0,109500.0,0.0,3728640000.0,0.0,50000.0,1702575342.4657533,0.0,0.0,0.0,125600.0,0.0,268000.0,5.316619641376818,23782518.0,,,,1000.0
2018-07-25T00:00:00,DGC,34.5,33.5,33.5,34.13337801608579,34.0,34.0,149200.0,149200.0,0.0,5092700000.0,0.0,45500.0,1553068699.7319036,52900.0,1805655697.0509384,0.0,201100.0,0.0,191800.0,5.316619641376818,23748318.0,,,,1000.0
2018-07-26T00:00:00,DGC,34.1,33.0,34.0,33.589880404783806,34.0,34.0,108700.0,108700.0,0.0,3651220000.0,0.0,61200.0,2055700680.772769,49200.0,1652622115.9153633,0.0,130900.0,0.0,181600.0,5.316619641376818,23749336.0,,,,1000.0
2018-07-27T00:00:00,DGC,34.3,33.9,33.9,34.086890574214515,34.2,34.0,92300.0,92300.0,0.0,3146220000.0,0.0,0.0,0.0,24000.0,818085373.7811484,0.0,166300.0,0.0,148300.0,5.316619641376818,23749336.0,,,,1000.0
2018-07-30T00:00:00,DGC,34.4,34.0,34.2,34.16039603960396,34.2,34.2,60600.0,60600.0,0.0,2070120000.0,0.0,4200.0,143473663.36633664,9800.0,334771881.1881188,0.0,101100.0,0.0,136500.0,5.316619641376818,23798036.0,,,,1000.0
2018-07-31T00:00:00,DGC,35.5,34.0,34.0,34.42040256175664,35.0,34.2,109300.0,109300.0,0.0,3762150000.0,0.0,31200.0,1073916559.926807,26300.0,905256587.3741995,0.0,187400.0,0.0,178500.0,5.316619641376818,23816036.0,,,,1000.0
2018-08-01T00:00:00,DGC,36.9,35.0,35.0,36.03959264778937,36.9,35.0,201300.0,201300.0,0.0,7254770000.0,0.0,0.0,0.0,30600.0,1102811535.0223546,0.0,250800.0,0.0,260200.0,5.316619641376818,23840036.0,,,,1000.0
2018-08-02T00:00:00,DGC,36.9,36.0,36.9,36.42844036697248,36.5,36.9,54500.0,54500.0,0.0,1985350000.0,0.0,0.0,0.0,800.0,29142752.29357798,0.0,123500.0,0.0,123500.0,5.316619641376818,23849836.0,,,,1000.0
2018-08-03T00:00:00,DGC,36.6,36.0,36.5,36.455161290322586,36.6,36.5,31000.0,31000.0,0.0,1130110000.0,0.0,0.0,0.0,2000.0,72910322.58064516,0.0,128100.0,0.0,80100.0,5.316619641376818,23876136.0,,,,1000.0
2018-08-06T00:00:00,DGC,36.9,35.6,35.6,36.479783393501805,36.3,36.6,83100.0,83100.0,0.0,3031470000.0,0.0,0.0,0.0,10200.0,372093790.6137184,0.0,240100.0,0.0,127700.0,5.316619641376818,23906736.0,,,,1000.0
2018-08-07T00:00:00,DGC,37.8,36.3,36.6,37.078612716763004,37.8,36.3,155700.0,155700.0,0.0,5773140000.0,0.0,0.0,0.0,38000.0,1408987283.2369943,0.0,288500.0,0.0,189400.0,5.316619641376818,23907536.0,,,,1000.0
2018-08-08T00:00:00,DGC,38.5,37.5,37.6,37.899447513812156,38.5,37.8,199100.0,199100.0,0.0,7545780000.0,0.0,42700.0,1618306408.839779,4429.0,167856653.03867403,0.0,316400.0,0.0,273100.0,5.316619641376818,23866836.0,,,,1000.0
2018-08-09T00:00:00,DGC,40.0,38.3,39.2,39.35288852725794,39.5,38.5,122900.0,122900.0,0.0,4836470000.0,0.0,0.0,0.0,0.0,0.0,0.0,205400.0,0.0,211800.0,5.316619641376818,23877036.0,,,,1000.0
2018-08-10T00:00:00,DGC,40.0,38.0,39.5,38.665012406947895,38.0,39.5,201500.0,201500.0,0.0,7791000000.0,0.0,500.0,19332506.203473944,0.0,0.0,0.0,249200.0,0.0,275300.0,5.316619641376818,23914536.0,,,,1000.0
2018-08-13T00:00:00,DGC,39.5,38.0,38.5,38.33906633906634,38.6,38.0,81400.0,81400.0,0.0,3120800000.0,0.0,0.0,0.0,0.0,0.0,0.0,259000.0,0.0,137800.0,5.316619641376818,23918965.0,,,,1000.0
2018-08-14T00:00:00,DGC,38.7,37.9,38.4,38.17342569269521,38.2,38.6,79400.0,79400.0,0.0,3030970000.0,0.0,0.0,0.0,0.0,0.0,0.0,116300.0,0.0,136900.0,5.316619641376818,23918965.0,,,,1000.0
2018-08-15T00:00:00,DGC,37.9,37.2,37.9,37.46135401974612,37.8,38.2,141800.0,141800.0,0.0,5312020000.0,0.0,43800.0,1640807306.0648801,0.0,0.0,0.0,424400.0,0.0,176000.0,5.316619641376818,23875165.0,,,,1000.0
2018-08-16T00:00:00,DGC,38.0,37.3,37.4,37.91413612565445,38.0,37.8,57300.0,57300.0,0.0,2172480000.0,0.0,0.0,0.0,0.0,0.0,0.0,101400.0,0.0,87000.0,5.316619641376818,23875165.0,,,,1000.0
2018-08-17T00:00:00,DGC,38.2,37.7,38.0,37.97375690607735,38.0,38.0,36200.0,36200.0,0.0,1374650000.0,0.0,0.0,0.0,0.0,0.0,0.0,100000.0,0.0,88600.0,5.316619641376818,23875165.0,,,,1000.0
2018-08-20T00:00:00,DGC,39.5,38.1,38.1,39.11133200795229,39.3,38.0,50300.0,50300.0,0.0,1967300000.0,0.0,0.0,0.0,0.0,0.0,0.0,122200.0,0.0,112800.0,5.316619641376818,23875165.0,,,,1000.0
2018-08-21T00:00:00,DGC,39.1,38.9,39.0,39.063305785123966,39.0,39.3,60500.0,60500.0,0.0,2363330000.0,0.0,500.0,19531652.892561983,0.0,0.0,0.0,104100.0,0.0,103100.0,5.316619641376818,23874665.0,,,,1000.0
2018-08-22T00:00:00,DGC,39.0,38.9,39.0,38.99872727272727,38.9,39.0,55000.0,55000.0,0.0,2144930000.0,0.0,300.0,11699618.181818182,0.0,0.0,0.0,127200.0,0.0,94300.0,5.316619641376818,23874365.0,,,,1000.0
2018-08-23T00:00:00,DGC,38.9,38.5,38.9,38.688244047619044,38.5,38.9,67200.0,67200.0,0.0,2599850000.0,0.0,0.0,0.0,0.0,0.0,0.0,127200.0,0.0,80700.0,5.316619641376818,23874365.0,,,,1000.0
2018-08-24T00:00:00,DGC,38.6,38.0,38.0,38.49320388349515,38.5,38.5,10300.0,10300.0,0.0,396480000.0,0.0,0.0,0.0,0.0,0.0,0.0,87300.0,0.0,98600.0,5.316619641376818,23874365.0,,,,1000.0
2018-08-27T00:00:00,DGC,39.0,38.0,38.3,38.67844036697248,38.7,38.5,43600.0,43600.0,0.0,1686380000.0,0.0,0.0,0.0,0.0,0.0,0.0,120400.0,0.0,67200.0,5.316619641376818,23874365.0,,,,1000.0
2018-08-28T00:00:00,DGC,39.0,38.5,38.7,38.81939393939393,38.7,38.7,33000.0,33000.0,0.0,1281040000.0,0.0,0.0,0.0,0.0,0.0,0.0,92000.0,0.0,45300.0,5.316619641376818,23874365.0,,,,1000.0
2018-08-29T00:00:00,DGC,41.9,38.6,39.0,39.86701708278581,40.8,38.7,76100.0,76100.0,0.0,3033880000.0,0.0,0.0,0.0,0.0,0.0,0.0,199700.0,0.0,130800.0,5.316619641376818,23874365.0,,,,1000.0
2018-08-30T00:00:00,DGC,41.8,40.5,41.0,41.13842592592593,41.8,40.8,86400.0,86400.0,0.0,3554360000.0,0.0,0.0,0.0,0.0,0.0,0.0,138100.0,0.0,130800.0,5.316619641376818,23874365.0,,,,1000.0
2018-08-31T00:00:00,DGC,41.8,41.3,41.6,41.518181818181816,41.8,41.8,18700.0,18700.0,0.0,776390000.0,0.0,0.0,0.0,0.0,0.0,0.0,91200.0,0.0,78100.0,5.316619641376818,23874365.0,,,,1000.0
2018-09-04T00:00:00,DGC,41.8,41.0,41.0,41.48696581196581,41.7,41.8,46800.0,46800.0,0.0,1941590000.0,0.0,0.0,0.0,0.0,0.0,0.0,102300.0,0.0,83600.0,5.316619641376818,23874365.0,,,,1000.0
2018-09-05T00:00:00,DGC,42.5,41.0,41.7,41.551,41.7,41.7,10000.0,10000.0,0.0,415510000.0,0.0,0.0,0.0,0.0,0.0,0.0,54700.0,0.0,48400.0,5.316619641376818,23874365.0,,,,1000.0
2018-09-06T00:00:00,DGC,41.9,41.0,41.8,41.31739130434782,41.0,41.7,11500.0,11500.0,0.0,475150000.0,0.0,0.0,0.0,0.0,0.0,0.0,51700.0,0.0,71600.0,5.316619641376818,23874365.0,,,,1000.0
2018-09-07T00:00:00,DGC,41.4,40.5,41.0,40.990254237288134,40.5,41.0,47200.0,47200.0,0.0,1934740000.0,0.0,0.0,0.0,0.0,0.0,0.0,125100.0,0.0,96700.0,5.316619641376818,23874365.0,,,,1000.0
2018-09-10T00:00:00,DGC,41.9,40.6,41.3,41.13294117647059,41.0,40.5,59500.0,59500.0,0.0,2447410000.0,0.0,0.0,0.0,0.0,0.0,0.0,133900.0,0.0,90100.0,5.316619641376818,23874365.0,,,,1000.0
2018-09-11T00:00:00,DGC,41.3,40.9,41.1,41.03766233766234,41.0,41.0,53900.0,53900.0,0.0,2211930000.0,0.0,1700.0,69764025.97402598,0.0,0.0,0.0,83100.0,0.0,83200.0,5.316619641376818,23872665.0,,,,1000.0
2018-09-12T00:00:00,DGC,41.5,40.8,40.8,41.01428571428572,40.9,41.0,32200.0,32200.0,0.0,1320660000.0,0.0,0.0,0.0,300.0,12304285.714285715,0.0,121100.0,0.0,69900.0,5.316619641376818,23872665.0,,,,1000.0
2018-09-13T00:00:00,DGC,41.1,40.0,40.6,40.62296983758701,40.8,40.9,43100.0,43100.0,0.0,1750850000.0,0.0,0.0,0.0,0.0,0.0,0.0,117400.0,0.0,71400.0,5.316619641376818,23872665.0,,,,1000.0
2018-09-14T00:00:00,DGC,41.5,40.8,41.0,41.2686974789916,41.0,40.8,47600.0,47600.0,0.0,1964390000.0,0.0,0.0,0.0,0.0,0.0,0.0,120500.0,0.0,65100.0,5.316619641376818,23872665.0,,,,1000.0
2018-09-17T00:00:00,DGC,43.0,41.1,41.5,42.28799519807923,42.9,41.0,83300.0,83300.0,0.0,3522590000.0,0.0,0.0,0.0,0.0,0.0,0.0,156200.0,0.0,124300.0,5.316619641376818,23872965.0,,,,1000.0
2018-09-18T00:00:00,DGC,43.2,42.9,43.1,43.04372093023256,43.0,42.9,21500.0,21500.0,0.0,925440000.0,0.0,800.0,34434976.744186044,0.0,0.0,0.0,70500.0,0.0,83200.0,5.316619641376818,23872165.0,,,,1000.0
2018-09-19T00:00:00,DGC,44.0,43.0,43.0,43.590334572490704,43.5,43.0,26900.0,26900.0,0.0,1172580000.0,0.0,0.0,0.0,0.0,0.0,0.0,50700.0,0.0,57900.0,5.316619641376818,23872165.0,,,,1000.0
2018-09-20T00:00:00,DGC,43.5,42.4,43.5,42.793802816901405,43.3,43.5,35500.0,35500.0,0.0,1519180000.0,0.0,0.0,0.0,0.0,0.0,0.0,56000.0,0.0,69100.0,5.316619641376818,23872165.0,,,,1000.0
2018-09-21T00:00:00,DGC,43.0,42.5,42.6,42.55391705069124,42.7,43.3,21700.0,21700.0,0.0,923420000.0,0.0,0.0,0.0,0.0,0.0,0.0,70400.0,0.0,59300.0,5.316619641376818,23872165.0,,,,1000.0
2018-09-24T00:00:00,DGC,42.6,42.3,42.5,42.423265306122445,42.3,42.7,24500.0,24500.0,0.0,1039370000.0,0.0,0.0,0.0,0.0,0.0,0.0,49300.0,0.0,54700.0,5.316619641376818,23872165.0,,,,1000.0
2018-09-25T00:00:00,DGC,42.5,42.3,42.4,42.31006711409396,42.3,42.3,14900.0,14900.0,0.0,630420000.0,0.0,0.0,0.0,0.0,0.0,0.0,65200.0,0.0,44800.0,5.316619641376818,23872165.0,,,,1000.0
2018-09-26T00:00:00,DGC,43.5,42.5,42.9,43.13662790697674,43.5,42.3,17200.0,17200.0,0.0,741950000.0,0.0,4000.0,172546511.62790698,0.0,0.0,0.0,54500.0,0.0,43700.0,5.316619641376818,23868165.0,,,,1000.0
2018-09-27T00:00:00,DGC,43.6,43.0,43.5,43.473684210526315,43.5,43.5,13300.0,13300.0,0.0,578200000.0,0.0,0.0,0.0,0.0,0.0,0.0,53400.0,0.0,52300.0,5.316619641376818,23868165.0,,,,1000.0
2018-09-28T00:00:00,DGC,44.0,43.0,43.0,43.53628318584071,43.6,43.5,45200.0,45200.0,0.0,1967840000.0,0.0,4000.0,174145132.74336284,0.0,0.0,0.0,70800.0,0.0,94300.0,5.316619641376818,23864165.0,,,,1000.0
2018-10-01T00:00:00,DGC,43.8,43.6,43.6,43.65233918128655,43.8,43.6,34200.0,34200.0,0.0,1492910000.0,0.0,0.0,0.0,0.0,0.0,0.0,69800.0,0.0,57700.0,5.316619641376818,23864165.0,,,,1000.0
2018-10-02T00:00:00,DGC,44.2,43.2,43.2,43.82951496388029,44.2,43.8,96900.0,96900.0,0.0,4247080000.0,0.0,0.0,0.0,0.0,0.0,0.0,137500.0,0.0,126800.0,5.316619641376818,23864165.0,,,,1000.0
2018-10-03T00:00:00,DGC,46.5,44.3,44.4,45.66474103585658,46.0,44.2,50200.0,50200.0,0.0,2292370000.0,0.0,0.0,0.0,0.0,0.0,0.0,80700.0,0.0,103500.0,5.316619641376818,23864165.0,,,,1000.0
2018-10-04T00:00:00,DGC,46.3,46.0,46.0,46.04900284900285,46.3,46.0,35100.0,35100.0,0.0,1616320000.0,0.0,0.0,0.0,0.0,0.0,0.0,81900.0,0.0,68300.0,5.316619641376818,23864165.0,,,,1000.0
2018-10-05T00:00:00,DGC,48.0,47.0,47.3,47.549660633484166,47.3,46.3,88400.0,88400.0,0.0,4203390000.0,0.0,0.0,0.0,0.0,0.0,0.0,102500.0,0.0,123200.0,5.316619641376818,23864165.0,,,,1000.0
2018-10-08T00:00:00,DGC,48.5,47.3,47.3,47.96733576642335,48.4,47.3,54800.0,54800.0,0.0,2628610000.0,0.0,0.0,0.0,0.0,0.0,0.0,130800.0,0.0,95600.0,5.316619641376818,51836284.0,,,,1000.0
2018-10-09T00:00:00,DGC,49.8,48.5,48.7,49.130866540164455,48.8,48.4,204100.0,158100.0,46000.0,9993990000.0,2226400000.0,0.0,0.0,0.0,0.0,0.0,197900.0,0.0,256700.0,5.316619641376818,51836284.0,,,,1000.0
2018-10-10T00:00:00,DGC,49.4,47.8,48.9,48.411185308848076,48.4,48.8,59900.0,59900.0,0.0,2899830000.0,0.0,0.0,0.0,0.0,0.0,0.0,99800.0,0.0,149700.0,5.316619641376818,51836284.0,,,,1000.0
2018-10-11T00:00:00,DGC,48.0,46.0,48.0,46.92258823529412,47.0,48.4,127500.0,127500.0,0.0,5982630000.0,0.0,0.0,0.0,0.0,0.0,0.0,176000.0,0.0,179900.0,5.316619641376818,51836284.0,,,,1000.0
2018-10-12T00:00:00,DGC,48.0,47.0,47.2,47.37331910352188,47.5,47.0,93700.0,93700.0,0.0,4438880000.0,0.0,0.0,0.0,0.0,0.0,0.0,133100.0,0.0,170900.0,5.316619641376818,51836284.0,,,,1000.0
2018-10-15T00:00:00,DGC,48.5,48.0,48.0,48.14954853273138,48.0,47.5,88600.0,88600.0,0.0,4266050000.0,0.0,0.0,0.0,0.0,0.0,0.0,110300.0,0.0,169700.0,5.316619641376818,51836284.0,,,,1000.0
2018-10-16T00:00:00,DGC,48.8,48.0,48.8,48.679476351351354,48.8,48.0,118400.0,118400.0,0.0,5763650000.0,0.0,1600.0,77887162.16216215,0.0,0.0,0.0,157900.0,0.0,157100.0,5.316619641376818,51834684.0,,,,1000.0
2018-10-17T00:00:00,DGC,49.1,48.1,49.0,48.70203562340967,48.8,48.8,39300.0,39300.0,0.0,1913990000.0,0.0,0.0,0.0,0.0,0.0,0.0,66200.0,0.0,99600.0,5.316619641376818,51834684.0,,,,1000.0
2018-10-18T00:00:00,DGC,50.5,48.0,48.8,49.758823529411764,50.0,48.8,236385.0,236300.0,85.0,11761750000.0,3740000.0,0.0,0.0,0.0,0.0,0.0,262600.0,0.0,370700.0,5.316619641376818,51834684.0,,,,1000.0
2018-10-19T00:00:00,DGC,50.1,48.6,50.0,49.909052631578945,50.0,50.0,95000.0,95000.0,0.0,4741360000.0,0.0,0.0,0.0,0.0,0.0,0.0,122900.0,0.0,265200.0,5.316619641376818,51834684.0,,,,1000.0
2018-10-22T00:00:00,DGC,50.0,47.2,50.0,48.4648590021692,47.2,50.0,46100.0,46100.0,0.0,2234230000.0,0.0,0.0,0.0,0.0,0.0,0.0,67400.0,0.0,327700.0,5.316619641376818,51834684.0,,,,1000.0
2018-10-23T00:00:00,DGC,48.4,46.1,46.1,47.561654135338344,47.7,47.2,79800.0,79800.0,0.0,3795420000.0,0.0,0.0,0.0,0.0,0.0,0.0,94200.0,0.0,147700.0,5.316619641376818,51834684.0,,,,1000.0
2018-10-24T00:00:00,DGC,48.0,47.0,47.2,47.21820580474934,47.0,47.7,49400.0,37900.0,11500.0,2284070000.0,494500000.0,0.0,0.0,0.0,0.0,0.0,43200.0,0.0,138200.0,5.316619641376818,51834684.0,,,,1000.0
2018-10-25T00:00:00,DGC,46.9,43.0,43.5,43.87901701323251,43.6,47.0,158700.0,158700.0,0.0,6963600000.0,0.0,0.0,0.0,0.0,0.0,0.0,207700.0,0.0,222800.0,5.316619641376818,51834684.0,,,,1000.0
2018-10-26T00:00:00,DGC,45.3,43.5,43.6,43.89480354879594,43.6,43.6,88900.0,78900.0,10000.0,3863300000.0,400000000.0,0.0,0.0,0.0,0.0,0.0,96500.0,0.0,130000.0,5.316619641376818,51834684.0,,,,1000.0
2018-10-29T00:00:00,DGC,45.0,42.8,43.6,43.44184514003295,44.1,43.6,156400.0,121400.0,35000.0,6656340000.0,1382500000.0,21000.0,912278747.940692,0.0,0.0,0.0,198900.0,0.0,197800.0,5.316619641376818,51813684.0,,,,1000.0
2018-10-30T00:00:00,DGC,44.8,43.7,44.3,44.25734557595993,44.4,44.1,119800.0,119800.0,0.0,5302030000.0,0.0,0.0,0.0,0.0,0.0,0.0,171800.0,0.0,192700.0,5.316619641376818,51813684.0,,,,1000.0
2018-10-31T00:00:00,DGC,47.5,44.4,44.4,46.25900798175599,47.1,44.4,202400.0,175400.0,27000.0,9193830000.0,1080000000.0,0.0,0.0,0.0,0.0,0.0,287000.0,0.0,240600.0,5.316619641376818,51813684.0,,,,1000.0
2018-11-01T00:00:00,DGC,48.0,46.6,47.2,47.658107255520505,48.0,47.1,198500.0,158500.0,40000.0,9249810000.0,1696000000.0,0.0,0.0,300.0,14297432.176656151,0.0,207900.0,0.0,206100.0,5.316619641376818,51813684.0,,,,1000.0
2018-11-02T00:00:00,DGC,50.0,47.4,49.5,47.920503597122305,48.0,48.0,27800.0,27800.0,0.0,1332190000.0,0.0,0.0,0.0,100.0,4792050.35971223,0.0,63800.0,0.0,264700.0,5.316619641376818,51813684.0,,,,1000.0
2018-11-05T00:00:00,DGC,48.2,47.0,48.2,47.31286254728878,47.2,48.0,79300.0,79300.0,0.0,3751910000.0,0.0,0.0,0.0,0.0,0.0,0.0,184900.0,0.0,197600.0,5.316619641376818,51813684.0,,,,1000.0
2018-11-06T00:00:00,DGC,48.0,47.2,47.3,47.61518833535844,47.7,47.2,82300.0,82300.0,0.0,3918730000.0,0.0,0.0,0.0,0.0,0.0,0.0,107700.0,0.0,233600.0,5.316619641376818,51813984.0,,,,1000.0
2018-11-07T00:00:00,DGC,47.7,47.2,47.6,47.57225806451613,47.5,47.7,46577.0,46500.0,77.0,2215421000.0,3311000.0,0.0,0.0,0.0,0.0,0.0,104500.0,0.0,128600.0,5.316619641376818,51814084.0,,,,1000.0
2018-11-08T00:00:00,DGC,48.0,47.0,47.6,47.17748091603054,47.4,47.5,78600.0,78600.0,0.0,3708150000.0,0.0,0.0,0.0,0.0,0.0,0.0,149600.0,0.0,198900.0,5.316619641376818,51814084.0,,,,1000.0
2018-11-09T00:00:00,DGC,47.0,46.5,47.0,46.74765342960289,46.5,47.4,55400.0,55400.0,0.0,2589820000.0,0.0,0.0,0.0,0.0,0.0,0.0,200100.0,0.0,161300.0,5.316619641376818,51814084.0,,,,1000.0
2018-11-12T00:00:00,DGC,46.6,46.1,46.5,46.49730458221024,46.5,46.5,37100.0,37100.0,0.0,1725050000.0,0.0,0.0,0.0,0.0,0.0,0.0,124600.0,0.0,169500.0,5.316619641376818,51814084.0,,,,1000.0
2018-11-13T00:00:00,DGC,47.1,46.0,46.0,46.612305025996534,46.8,46.5,115400.0,115400.0,0.0,5379060000.0,0.0,0.0,0.0,0.0,0.0,0.0,182600.0,0.0,235600.0,5.316619641376818,51814084.0,,,,1000.0
2018-11-14T00:00:00,DGC,47.0,45.9,46.9,46.314548238897395,47.0,46.8,65300.0,65300.0,0.0,3024340000.0,0.0,17600.0,815136049.0045942,0.0,0.0,0.0,109300.0,0.0,134300.0,5.316619641376818,51796484.0,,,,1000.0
2018-11-15T00:00:00,DGC,47.0,46.6,46.6,46.91206349206349,47.0,47.0,31500.0,31500.0,0.0,1477730000.0,0.0,0.0,0.0,0.0,0.0,0.0,72600.0,0.0,102400.0,5.316619641376818,51796484.0,,,,1000.0
2018-11-16T00:00:00,DGC,46.9,46.0,46.9,46.348045397225725,46.0,47.0,237900.0,237900.0,0.0,11026200000.0,0.0,1400.0,64887263.556116015,0.0,0.0,0.0,289200.0,0.0,310300.0,5.316619641376818,51795084.0,,,,1000.0
2018-11-19T00:00:00,DGC,46.0,44.6,45.7,45.36172456575683,45.0,46.0,161200.0,161200.0,0.0,7312310000.0,0.0,0.0,0.0,0.0,0.0,0.0,241100.0,0.0,378200.0,5.316619641376818,51795084.0,,,,1000.0
2018-11-20T00:00:00,DGC,45.6,45.0,45.0,45.3577992744861,45.3,45.0,82700.0,82700.0,0.0,3751090000.0,0.0,11400.0,517078911.7291415,0.0,0.0,0.0,186500.0,0.0,139900.0,5.316619641376818,51783684.0,,,,1000.0
2018-11-21T00:00:00,DGC,46.5,44.6,44.6,45.13793871866295,46.1,45.3,179500.0,179500.0,0.0,8102260000.0,0.0,0.0,0.0,0.0,0.0,0.0,271100.0,0.0,223900.0,5.316619641376818,51783684.0,,,,1000.0
2018-11-22T00:00:00,DGC,47.0,46.1,47.0,46.405186972255734,46.5,46.1,82900.0,82900.0,0.0,3846990000.0,0.0,0.0,0.0,0.0,0.0,0.0,177200.0,0.0,183500.0,5.316619641376818,51783684.0,,,,1000.0
2018-11-23T00:00:00,DGC,49.0,46.5,46.5,48.40631604226705,49.0,46.5,416400.0,416400.0,0.0,20156390000.0,0.0,0.0,0.0,0.0,0.0,0.0,557300.0,0.0,641400.0,5.316619641376818,51783684.0,,,,1000.0
2018-11-26T00:00:00,DGC,49.1,48.2,49.0,48.736323588305964,49.0,49.0,249700.0,249700.0,0.0,12169460000.0,0.0,0.0,0.0,0.0,0.0,0.0,351800.0,0.0,377900.0,5.316619641376818,51783684.0,,,,1000.0
2018-11-27T00:00:00,DGC,51.5,48.4,49.0,49.950713101160865,48.4,49.0,301500.0,301500.0,0.0,15060140000.0,0.0,0.0,0.0,0.0,0.0,0.0,352000.0,0.0,670700.0,5.316619641376818,51783684.0,,,,1000.0
2018-11-28T00:00:00,DGC,50.1,48.3,49.0,49.565717900063255,50.1,48.4,316200.0,316200.0,0.0,15672680000.0,0.0,0.0,0.0,200.0,9913143.58001265,0.0,445800.0,0.0,406600.0,5.316619641376818,51783684.0,,,,1000.0
2018-11-29T00:00:00,DGC,52.0,50.1,50.1,50.91371942648299,51.1,50.1,355700.0,355700.0,0.0,18110010000.0,0.0,0.0,0.0,0.0,0.0,0.0,453400.0,0.0,631600.0,5.316619641376818,51783684.0,,,,1000.0
2018-11-30T00:00:00,DGC,51.1,50.2,51.0,50.73702422145328,50.2,51.1,144500.0,144500.0,0.0,7331500000.0,0.0,0.0,0.0,0.0,0.0,0.0,289000.0,0.0,386100.0,5.316619641376818,51783684.0,,,,1000.0
2018-12-03T00:00:00,DGC,51.0,50.0,50.2,50.54534005037783,50.5,50.2,198500.0,198500.0,0.0,10033250000.0,0.0,0.0,0.0,0.0,0.0,0.0,270200.0,0.0,442700.0,5.316619641376818,51783884.0,,,,1000.0
2018-12-04T00:00:00,DGC,50.5,49.6,50.5,49.91139549055454,50.0,50.5,164100.0,164100.0,0.0,8190460000.0,0.0,0.0,0.0,0.0,0.0,0.0,343400.0,0.0,331200.0,5.316619641376818,51783884.0,,,,1000.0
2018-12-05T00:00:00,DGC,50.0,48.1,49.6,49.01938069216758,48.1,50.0,274500.0,274500.0,0.0,13455820000.0,0.0,0.0,0.0,0.0,0.0,0.0,303000.0,0.0,413700.0,5.316619641376818,51783884.0,,,,1000.0
2018-12-06T00:00:00,DGC,49.0,47.5,48.1,48.066905771111834,47.5,48.1,306700.0,306700.0,0.0,14742120000.0,0.0,0.0,0.0,0.0,0.0,0.0,405000.0,0.0,373200.0,5.316619641376818,51783884.0,,,,1000.0
2018-12-07T00:00:00,DGC,49.1,48.0,48.0,48.53590588235294,48.8,47.5,212500.0,212500.0,0.0,10313880000.0,0.0,0.0,0.0,0.0,0.0,0.0,321900.0,0.0,287000.0,5.316619641376818,51783884.0,,,,1000.0
2018-12-10T00:00:00,DGC,50.0,48.3,49.0,48.99176029962546,48.8,48.8,106800.0,106800.0,0.0,5232320000.0,0.0,0.0,0.0,0.0,0.0,0.0,233400.0,0.0,354300.0,5.316619641376818,51783884.0,,,,1000.0
2018-12-11T00:00:00,DGC,49.0,48.1,49.0,48.38760133524082,48.6,48.8,209700.0,209700.0,0.0,10146880000.0,0.0,0.0,0.0,0.0,0.0,0.0,349800.0,0.0,511700.0,5.316619641376818,51783884.0,,,,1000.0
2018-12-12T00:00:00,DGC,48.6,48.4,48.5,48.4146408839779,48.6,48.6,36200.0,36200.0,0.0,1752610000.0,0.0,0.0,0.0,0.0,0.0,0.0,183700.0,0.0,222100.0,5.316619641376818,51783884.0,,,,1000.0
2018-12-13T00:00:00,DGC,49.0,48.4,48.6,48.65701219512195,48.7,48.6,32800.0,32800.0,0.0,1595950000.0,0.0,0.0,0.0,0.0,0.0,0.0,157000.0,0.0,251400.0,5.316619641376818,51783884.0,,,,1000.0
2018-12-14T00:00:00,DGC,48.8,48.3,48.7,48.49354304635762,48.4,48.7,60400.0,60400.0,0.0,2929010000.0,0.0,0.0,0.0,0.0,0.0,0.0,134500.0,0.0,283700.0,5.316619641376818,51783884.0,,,,1000.0
2018-12-17T00:00:00,DGC,48.4,47.9,48.1,48.12414131501472,48.3,48.4,101900.0,101900.0,0.0,4903850000.0,0.0,0.0,0.0,200.0,9624828.263002943,0.0,157100.0,0.0,151200.0,5.316619641376818,51783884.0,,,,1000.0
2018-12-18T00:00:00,DGC,48.3,46.1,47.9,47.221997105644,48.3,48.3,69100.0,69100.0,0.0,3263040000.0,0.0,0.0,0.0,0.0,0.0,0.0,160100.0,0.0,232200.0,5.316619641376818,51783884.0,,,,1000.0
2018-12-19T00:00:00,DGC,48.4,47.1,48.4,47.307748184019374,47.5,48.3,41300.0,41300.0,0.0,1953810000.0,0.0,0.0,0.0,0.0,0.0,0.0,135400.0,0.0,259300.0,5.316619641376818,51783884.0,,,,1000.0
2018-12-20T00:00:00,DGC,47.9,47.5,47.5,47.506201550387594,47.9,47.5,12900.0,12900.0,0.0,612830000.0,0.0,0.0,0.0,0.0,0.0,0.0,95100.0,0.0,201100.0,5.316619641376818,51784084.0,,,,1000.0
2018-12-21T00:00:00,DGC,47.9,47.0,47.5,47.33732283464567,47.8,47.9,63500.0,63500.0,0.0,3005920000.0,0.0,0.0,0.0,0.0,0.0,0.0,115500.0,0.0,164200.0,5.316619641376818,51784084.0,,,,1000.0
2018-12-24T00:00:00,DGC,47.9,45.9,47.1,46.377208835341364,45.9,47.8,199200.0,199200.0,0.0,9238340000.0,0.0,0.0,0.0,0.0,0.0,0.0,235200.0,0.0,410200.0,5.316619641376818,51784084.0,,,,1000.0
2018-12-25T00:00:00,DGC,45.9,44.0,45.9,44.69207858048162,44.5,45.9,157800.0,157800.0,0.0,7052410000.0,0.0,15000.0,670381178.7072244,0.0,0.0,0.0,230300.0,0.0,295100.0,5.316619641376818,51769084.0,,,,1000.0
2018-12-26T00:00:00,DGC,46.6,44.7,46.6,44.97385057471264,44.7,44.5,325500.0,69600.0,255900.0,14271770000.0,11141590000.0,0.0,0.0,5000.0,224869252.87356323,0.0,141700.0,0.0,115800.0,5.316619641376818,51769084.0,,,,1000.0
2018-12-27T00:00:00,DGC,46.7,44.8,46.6,45.04375,44.8,44.7,57600.0,57600.0,0.0,2594520000.0,0.0,0.0,0.0,2300.0,103600625.0,0.0,93700.0,0.0,115700.0,5.316619641376818,51769084.0,,,,1000.0
2018-12-28T00:00:00,DGC,46.0,44.5,45.0,44.82040618955513,46.0,44.8,223400.0,103400.0,120000.0,10538430000.0,5904000000.0,9800.0,439239980.6576402,0.0,0.0,0.0,143300.0,0.0,123300.0,5.316619641376818,51759284.0,,,,1000.0
2019-01-02T00:00:00,DGC,45.2,44.0,45.2,44.25105092966856,44.0,46.0,247400.0,247400.0,0.0,10947710000.0,0.0,16200.0,716867025.0606306,0.0,0.0,0.0,261700.0,0.0,297400.0,5.316619641376818,51748084.0,,,,1000.0
2019-01-03T00:00:00,DGC,44.5,42.1,44.0,42.92055518836749,42.5,44.0,151300.0,151300.0,0.0,6493880000.0,0.0,1000.0,42920555.18836748,0.0,0.0,0.0,238100.0,0.0,202000.0,5.316619641376818,51749384.0,,,,1000.0
2019-01-04T00:00:00,DGC,43.4,41.5,42.5,42.1751582278481,43.4,42.5,63200.0,63200.0,0.0,2665470000.0,0.0,1000.0,42175158.2278481,0.0,0.0,0.0,129800.0,0.0,95000.0,5.316619641376818,51748384.0,,,,1000.0
2019-01-07T00:00:00,DGC,44.5,43.1,43.4,43.41284916201118,43.4,43.4,35800.0,35800.0,0.0,1554180000.0,0.0,0.0,0.0,0.0,0.0,0.0,65400.0,0.0,75600.0,5.316619641376818,51746084.0,,,,1000.0
2019-01-08T00:00:00,DGC,43.5,42.7,43.4,43.19892473118279,43.3,43.4,18600.0,18600.0,0.0,803500000.0,0.0,500.0,21599462.3655914,0.0,0.0,0.0,82700.0,0.0,58200.0,5.316619641376818,51747884.0,,,,1000.0
2019-01-09T00:00:00,DGC,44.0,43.0,43.3,43.57335722819594,43.5,43.3,83700.0,83700.0,0.0,3647090000.0,0.0,0.0,0.0,0.0,0.0,0.0,147300.0,0.0,120500.0,5.316619641376818,51747884.0,,,,1000.0
2019-01-10T00:00:00,DGC,44.4,43.5,43.5,43.78693213684801,44.0,43.5,290900.0,178300.0,112600.0,12221130000.0,4413920000.0,0.0,0.0,0.0,0.0,0.0,225100.0,0.0,233000.0,5.316619641376818,51747884.0,,,,1000.0
2019-01-11T00:00:00,DGC,45.7,44.5,44.6,45.10569650550502,45.0,44.0,208900.0,208900.0,0.0,9422580000.0,0.0,0.0,0.0,3000.0,135317089.51651508,0.0,271000.0,0.0,322500.0,5.316619641376818,51747884.0,,,,1000.0
2019-01-14T00:00:00,DGC,45.3,44.9,45.3,45.039241334205364,45.1,45.0,305800.0,305800.0,0.0,13773000000.0,0.0,500.0,22519620.667102683,1600.0,72062786.13472858,0.0,364000.0,0.0,400400.0,5.316619641376818,51747384.0,,,,1000.0
2019-01-15T00:00:00,DGC,45.0,44.0,45.0,44.685675057208236,44.0,45.1,218500.0,218500.0,0.0,9763820000.0,0.0,1000.0,44685675.05720824,0.0,0.0,0.0,221500.0,0.0,517300.0,5.316619641376818,51746384.0,,,,1000.0
2019-01-16T00:00:00,DGC,43.7,42.9,43.5,43.18859649122807,43.2,44.0,34200.0,34200.0,0.0,1477050000.0,0.0,0.0,0.0,0.0,0.0,0.0,104000.0,0.0,90600.0,5.1957873765638976,51749384.0,,,,1000.0
2019-01-17T00:00:00,DGC,43.6,42.0,43.4,43.105670103092784,42.0,43.2,38800.0,38800.0,0.0,1672500000.0,0.0,0.0,0.0,0.0,0.0,0.0,77200.0,0.0,90800.0,5.1957873765638976,51750984.0,,,,1000.0
2019-01-18T00:00:00,DGC,42.4,42.0,42.0,42.06933534743202,42.1,42.0,66200.0,66200.0,0.0,2784990000.0,0.0,0.0,0.0,0.0,0.0,0.0,185900.0,0.0,126600.0,5.1957873765638976,51750984.0,,,,1000.0
2019-01-21T00:00:00,DGC,44.1,42.1,42.1,43.06141414141414,44.0,42.1,148500.0,148500.0,0.0,6394620000.0,0.0,0.0,0.0,7100.0,305736040.4040404,0.0,228600.0,0.0,230600.0,5.1957873765638976,51750984.0,,,,1000.0
2019-01-22T00:00:00,DGC,43.5,43.0,43.5,43.084985835694056,43.0,44.0,70600.0,70600.0,0.0,3041800000.0,0.0,0.0,0.0,0.0,0.0,0.0,103400.0,0.0,137100.0,5.1957873765638976,51750984.0,,,,1000.0
2019-01-23T00:00:00,DGC,43.0,42.5,43.0,42.64235294117647,42.9,43.0,34000.0,34000.0,0.0,1449840000.0,0.0,500.0,21321176.470588237,0.0,0.0,0.0,74100.0,0.0,94300.0,5.1957873765638976,51750484.0,,,,1000.0
2019-01-24T00:00:00,DGC,42.1,41.6,42.0,41.878111587982836,41.6,42.9,297100.0,163100.0,134000.0,12940720000.0,6110400000.0,0.0,0.0,0.0,0.0,0.0,211800.0,0.0,196100.0,5.1957873765638976,51757584.0,,,,1000.0
2019-01-25T00:00:00,DGC,43.0,41.5,42.9,42.42037037037037,42.6,41.6,54000.0,54000.0,0.0,2290700000.0,0.0,0.0,0.0,0.0,0.0,0.0,126500.0,0.0,136000.0,5.1957873765638976,51757584.0,,,,1000.0
2019-01-28T00:00:00,DGC,42.2,40.8,42.2,41.24634146341463,41.0,42.6,127100.0,127100.0,0.0,5242410000.0,0.0,1100.0,45370975.6097561,0.0,0.0,0.0,154300.0,0.0,206700.0,5.1957873765638976,51756484.0,,,,1000.0
2019-01-29T00:00:00,DGC,40.7,39.8,40.7,40.045616757176106,40.2,41.0,262900.0,128900.0,134000.0,11205280000.0,6043400000.0,0.0,0.0,0.0,0.0,0.0,232200.0,0.0,171100.0,5.1957873765638976,51756484.0,,,,1000.0
2019-01-30T00:00:00,DGC,41.2,40.1,40.5,40.47943760984183,41.2,40.2,56900.0,56900.0,0.0,2303280000.0,0.0,0.0,0.0,0.0,0.0,0.0,133200.0,0.0,82200.0,5.1957873765638976,51756484.0,,,,1000.0
2019-01-31T00:00:00,DGC,41.2,41.0,41.0,41.099393939393934,41.0,41.2,16500.0,16500.0,0.0,678140000.0,0.0,0.0,0.0,0.0,0.0,0.0,65500.0,0.0,42500.0,5.1957873765638976,51756484.0,,,,1000.0
2019-02-01T00:00:00,DGC,41.8,41.0,41.0,41.493893129770996,41.8,41.0,13100.0,13100.0,0.0,543570000.0,0.0,600.0,24896335.877862595,0.0,0.0,0.0,45600.0,0.0,29500.0,5.1957873765638976,51755884.0,,,,1000.0
2019-02-11T00:00:00,DGC,42.1,41.8,42.0,41.888221709006935,41.8,41.8,43300.0,43300.0,0.0,1813760000.0,0.0,0.0,0.0,0.0,0.0,0.0,63000.0,0.0,102000.0,5.1957873765638976,51755884.0,,,,1000.0
2019-02-12T00:00:00,DGC,42.2,41.6,41.8,41.91334093500571,42.2,41.8,87700.0,87700.0,0.0,3675800000.0,0.0,10700.0,448472748.004561,0.0,0.0,0.0,137900.0,0.0,96300.0,5.1957873765638976,51745184.0,,,,1000.0
2019-02-13T00:00:00,DGC,44.2,42.2,42.2,43.45675487465181,44.0,42.2,143600.0,143600.0,0.0,6240390000.0,0.0,100.0,4345675.487465181,0.0,0.0,0.0,222100.0,0.0,185800.0,5.1957873765638976,51745084.0,,,,1000.0
2019-02-14T00:00:00,DGC,44.4,43.3,44.2,43.82087682672233,43.4,44.0,47900.0,47900.0,0.0,2099020000.0,0.0,200.0,8764175.365344469,0.0,0.0,0.0,81900.0,0.0,125600.0,5.1957873765638976,51744884.0,,,,1000.0
2019-02-15T00:00:00,DGC,44.1,42.8,44.1,43.16724137931035,42.8,43.4,98600.0,98600.0,0.0,4256290000.0,0.0,500.0,21583620.689655174,0.0,0.0,0.0,173100.0,0.0,147500.0,5.1957873765638976,51744384.0,,,,1000.0
2019-02-18T00:00:00,DGC,44.5,42.5,43.9,42.85222222222222,42.7,42.8,72000.0,72000.0,0.0,3085360000.0,0.0,100.0,4285222.222222222,0.0,0.0,0.0,142500.0,0.0,138700.0,5.1957873765638976,51744284.0,,,,1000.0
2019-02-19T00:00:00,DGC,42.9,42.4,42.8,42.660739030023095,42.7,42.7,43300.0,43300.0,0.0,1847210000.0,0.0,0.0,0.0,0.0,0.0,0.0,102900.0,0.0,87200.0,5.1957873765638976,51744284.0,,,,1000.0
2019-02-20T00:00:00,DGC,42.7,42.0,42.5,42.248275862068965,42.7,42.7,66700.0,66700.0,0.0,2817960000.0,0.0,500.0,21124137.931034483,0.0,0.0,0.0,123100.0,0.0,96700.0,5.1957873765638976,51743784.0,,,,1000.0
2019-02-21T00:00:00,DGC,43.0,42.1,42.8,42.35,42.5,42.7,44400.0,44400.0,0.0,1880340000.0,0.0,3700.0,156695000.0,0.0,0.0,0.0,117100.0,0.0,105900.0,5.1957873765638976,51740084.0,,,,1000.0
2019-02-22T00:00:00,DGC,43.0,42.0,42.1,42.41519861830743,43.0,42.5,57900.0,57900.0,0.0,2455840000.0,0.0,500.0,21207599.309153713,0.0,0.0,0.0,155100.0,0.0,74900.0,5.1957873765638976,51739584.0,,,,1000.0
2019-02-25T00:00:00,DGC,43.0,42.5,42.5,42.800432900432895,43.0,43.0,23100.0,23100.0,0.0,988690000.0,0.0,800.0,34240346.32034632,0.0,0.0,0.0,76200.0,0.0,54000.0,5.1957873765638976,51738784.0,,,,1000.0
2019-02-26T00:00:00,DGC,44.3,42.8,43.0,43.54094138543517,43.9,43.0,112600.0,112600.0,0.0,4902710000.0,0.0,2600.0,113206447.60213144,0.0,0.0,0.0,172600.0,0.0,174000.0,5.1957873765638976,51736184.0,,,,1000.0
2019-02-27T00:00:00,DGC,44.1,43.1,44.1,43.47030716723549,43.1,43.9,58600.0,58600.0,0.0,2547360000.0,0.0,0.0,0.0,0.0,0.0,0.0,90200.0,0.0,144800.0,5.1957873765638976,51736184.0,,,,1000.0
2019-02-28T00:00:00,DGC,43.5,42.0,43.2,42.96681922196796,43.0,43.1,43700.0,43700.0,0.0,1877650000.0,0.0,0.0,0.0,0.0,0.0,0.0,117400.0,0.0,95500.0,5.1957873765638976,51736184.0,,,,1000.0
2019-03-01T00:00:00,DGC,43.0,42.2,42.2,42.787102803738314,43.0,43.0,53500.0,53500.0,0.0,2289110000.0,0.0,400.0,17114841.12149533,0.0,0.0,0.0,155100.0,0.0,89200.0,5.1957873765638976,51735784.0,,,,1000.0
2019-03-04T00:00:00,DGC,44.9,43.0,43.0,44.15661226786719,44.4,43.0,177700.0,177700.0,0.0,7846630000.0,0.0,400.0,17662644.90714688,0.0,0.0,0.0,270400.0,0.0,304300.0,5.1957873765638976,51735384.0,,,,1000.0
2019-03-05T00:00:00,DGC,45.4,44.0,44.4,44.972961854899026,45.2,44.4,267400.0,267400.0,0.0,12025770000.0,0.0,600.0,26983777.112939417,0.0,0.0,0.0,354800.0,0.0,338400.0,5.1957873765638976,51734784.0,,,,1000.0
2019-03-06T00:00:00,DGC,45.4,44.6,45.0,44.943974820143886,44.6,45.2,111200.0,111200.0,0.0,4997770000.0,0.0,800.0,35955179.85611511,0.0,0.0,0.0,187900.0,0.0,207600.0,5.1957873765638976,51733984.0,,,,1000.0
2019-03-07T00:00:00,DGC,45.0,44.0,44.6,44.44571428571428,44.2,44.6,133000.0,133000.0,0.0,5911280000.0,0.0,600.0,26667428.57142857,0.0,0.0,0.0,235600.0,0.0,188200.0,5.1957873765638976,51733384.0,,,,1000.0
2019-03-08T00:00:00,DGC,45.0,43.6,44.2,44.25367875647669,44.2,44.2,110757.0,96500.0,14257.0,4837908600.0,567428600.0,500.0,22126839.378238343,0.0,0.0,0.0,212300.0,0.0,164900.0,5.1957873765638976,51732884.0,,,,1000.0
2019-03-11T00:00:00,DGC,44.3,44.0,44.2,44.11979865771812,44.2,44.2,59600.0,59600.0,0.0,2629540000.0,0.0,0.0,0.0,0.0,0.0,0.0,147900.0,0.0,84700.0,5.1957873765638976,51732884.0,,,,1000.0
2019-03-12T00:00:00,DGC,45.0,44.1,45.0,44.43564862104188,44.3,44.2,132900.0,97900.0,35000.0,5743250000.0,1393000000.0,700.0,31104954.034729317,0.0,0.0,0.0,175500.0,0.0,162900.0,5.1957873765638976,51732184.0,,,,1000.0
2019-03-13T00:00:00,DGC,44.5,41.8,44.5,43.62868403015764,43.0,44.3,291800.0,291800.0,0.0,12730850000.0,0.0,7800.0,340303735.4352296,0.0,0.0,0.0,395100.0,0.0,363100.0,5.1957873765638976,51724384.0,,,,1000.0
2019-03-14T00:00:00,DGC,43.0,41.6,43.0,42.225940054495915,42.1,43.0,183500.0,183500.0,0.0,7748460000.0,0.0,11400.0,481375716.62125343,0.0,0.0,0.0,290100.0,0.0,235800.0,5.1957873765638976,51712984.0,,,,1000.0
2019-03-15T00:00:00,DGC,43.2,41.8,42.0,42.47561728395062,42.5,42.1,132200.0,97200.0,35000.0,5455130000.0,1326500000.0,7600.0,322814691.3580247,0.0,0.0,0.0,241700.0,0.0,135700.0,5.1957873765638976,51705384.0,,,,1000.0
2019-03-18T00:00:00,DGC,43.1,42.0,42.2,42.28139337298216,42.1,42.5,117700.0,117700.0,0.0,4976520000.0,0.0,0.0,0.0,0.0,0.0,0.0,236500.0,0.0,208500.0,5.1957873765638976,51705384.0,,,,1000.0
2019-03-19T00:00:00,DGC,42.7,41.8,42.1,42.18954545454545,42.4,42.1,154000.0,154000.0,0.0,6497190000.0,0.0,11530.0,486445459.09090906,0.0,0.0,0.0,286000.0,0.0,193100.0,5.1957873765638976,51693854.0,,,,1000.0
2019-03-20T00:00:00,DGC,42.4,41.6,42.1,41.94635958395245,42.3,42.4,134600.0,134600.0,0.0,5645980000.0,0.0,13400.0,562081218.4249629,0.0,0.0,0.0,262500.0,0.0,190300.0,5.1957873765638976,51680454.0,,,,1000.0
2019-03-21T00:00:00,DGC,43.0,42.1,42.3,42.38588754134509,42.5,42.3,90700.0,90700.0,0.0,3844400000.0,0.0,34513.0,1462864136.7144432,0.0,0.0,0.0,205900.0,0.0,135200.0,5.1957873765638976,51645941.0,,,,1000.0
2019-03-22T00:00:00,DGC,42.7,42.1,42.2,42.34052812858783,42.1,42.5,87100.0,87100.0,0.0,3687860000.0,0.0,0.0,0.0,0.0,0.0,0.0,178600.0,0.0,135500.0,5.1957873765638976,51645941.0,,,,1000.0
2019-03-25T00:00:00,DGC,42.2,41.7,42.0,41.93326271186441,41.9,42.1,94400.0,94400.0,0.0,3958500000.0,0.0,16325.0,684560513.7711865,0.0,0.0,0.0,178700.0,0.0,125600.0,5.1957873765638976,51629616.0,,,,1000.0
2019-03-26T00:00:00,DGC,42.2,41.7,42.0,41.90247108307045,41.9,41.9,190200.0,190200.0,0.0,7969850000.0,0.0,15700.0,657868796.0042061,0.0,0.0,0.0,240900.0,0.0,257200.0,5.1957873765638976,51613916.0,,,,1000.0
2019-03-27T00:00:00,DGC,43.0,41.9,41.9,42.39908116385911,42.6,41.9,130600.0,130600.0,0.0,5537320000.0,0.0,0.0,0.0,0.0,0.0,0.0,226200.0,0.0,198300.0,5.1957873765638976,51613916.0,,,,1000.0
2019-03-28T00:00:00,DGC,42.8,42.4,42.6,42.50054744525548,42.5,42.6,54800.0,54800.0,0.0,2329030000.0,0.0,0.0,0.0,0.0,0.0,0.0,108500.0,0.0,127100.0,5.1957873765638976,51613916.0,,,,1000.0
2019-03-29T00:00:00,DGC,42.9,42.2,42.8,42.476654411764706,42.2,42.5,54400.0,54400.0,0.0,2310730000.0,0.0,0.0,0.0,0.0,0.0,0.0,103200.0,0.0,122000.0,5.1957873765638976,51613916.0,,,,1000.0
2019-04-01T00:00:00,DGC,42.4,41.9,42.0,41.99698492462311,41.9,42.2,19968.0,19900.0,68.0,838324000.0,2584000.0,47.0,1973858.2914572863,0.0,0.0,0.0,60600.0,0.0,83100.0,5.1957873765638976,51613869.0,,,,1000.0
2019-04-02T00:00:00,DGC,42.6,41.7,42.0,42.1038560411311,41.8,41.9,77800.0,77800.0,0.0,3275680000.0,0.0,18900.0,795762879.1773779,0.0,0.0,0.0,94000.0,0.0,135700.0,5.1957873765638976,51594969.0,,,,1000.0
2019-04-03T00:00:00,DGC,41.8,41.6,41.8,41.780079681274906,41.8,41.8,25100.0,25100.0,0.0,1048680000.0,0.0,1100.0,45958087.64940239,0.0,0.0,0.0,45500.0,0.0,74900.0,5.1957873765638976,51593869.0,,,,1000.0
2019-04-04T00:00:00,DGC,41.8,41.5,41.8,41.64784810126582,41.6,41.8,39500.0,39500.0,0.0,1645090000.0,0.0,0.0,0.0,0.0,0.0,0.0,52300.0,0.0,97700.0,5.1957873765638976,51593869.0,,,,1000.0
2019-04-05T00:00:00,DGC,41.7,41.2,41.5,41.44298701298701,41.6,41.6,77000.0,77000.0,0.0,3191110000.0,0.0,0.0,0.0,0.0,0.0,0.0,84300.0,0.0,112700.0,5.1957873765638976,51593869.0,,,,1000.0
2019-04-08T00:00:00,DGC,41.6,40.0,41.5,40.674680851063826,40.3,41.6,94000.0,94000.0,0.0,3823420000.0,0.0,0.0,0.0,0.0,0.0,0.0,122000.0,0.0,147600.0,5.1957873765638976,51593869.0,,,,1000.0
2019-04-09T00:00:00,DGC,40.3,39.0,40.3,39.65750184774575,39.0,40.3,165300.0,135300.0,30000.0,6535660000.0,1170000000.0,100.0,3965750.184774575,2500.0,99143754.61936438,0.0,197400.0,0.0,204900.0,5.1957873765638976,51593769.0,,,,1000.0
2019-04-10T00:00:00,DGC,39.0,38.0,39.0,38.328442906574395,38.1,39.0,144500.0,144500.0,0.0,5538460000.0,0.0,0.0,0.0,2500.0,95821107.26643598,0.0,228000.0,0.0,192900.0,5.1957873765638976,51593769.0,,,,1000.0
2019-04-11T00:00:00,DGC,38.3,37.9,38.1,38.06258561643836,38.0,38.1,116800.0,116800.0,0.0,4445710000.0,0.0,32600.0,1240840291.0958905,0.0,0.0,0.0,208600.0,0.0,133300.0,5.127601190724321,51561169.0,,,,1000.0
2019-04-12T00:00:00,DGC,39.0,38.0,38.0,38.34406779661017,38.7,38.0,41300.0,41300.0,0.0,1583610000.0,0.0,4200.0,161045084.7457627,0.0,0.0,0.0,101700.0,0.0,63200.0,5.127601190724321,51559469.0,,,,1000.0
2019-04-16T00:00:00,DGC,38.7,37.9,38.7,38.04341926729986,38.1,38.7,73700.0,73700.0,0.0,2803800000.0,0.0,19000.0,722824966.0786974,0.0,0.0,0.0,132300.0,0.0,104100.0,5.127601190724321,51542969.0,,,,1000.0
2019-04-17T00:00:00,DGC,38.2,37.9,38.1,38.002316602316604,37.9,38.1,77700.0,77700.0,0.0,2952780000.0,0.0,8400.0,319219459.4594595,0.0,0.0,0.0,113600.0,0.0,113900.0,5.127601190724321,51534569.0,,,,1000.0
2019-04-18T00:00:00,DGC,37.8,35.8,37.8,36.850817375058384,35.9,37.9,214100.0,214100.0,0.0,7889760000.0,0.0,8100.0,298491620.7379729,0.0,0.0,0.0,268000.0,0.0,283700.0,5.127601190724321,51526469.0,,,,1000.0
2019-04-19T00:00:00,DGC,36.3,35.0,35.0,35.620677966101695,36.0,35.9,133200.0,118000.0,15200.0,4735240000.0,532000000.0,5800.0,206599932.20338982,100.0,3562067.7966101696,0.0,231200.0,0.0,144800.0,5.127601190724321,51520669.0,,,,1000.0
2019-04-22T00:00:00,DGC,37.5,36.0,36.0,36.762206266318536,37.5,36.0,153200.0,153200.0,0.0,5631970000.0,0.0,6600.0,242630561.35770234,5900.0,216897016.97127938,0.0,231300.0,0.0,199300.0,5.127601190724321,51514069.0,,,,1000.0
2019-04-23T00:00:00,DGC,37.5,37.0,37.5,37.24388489208633,37.3,37.5,13900.0,13900.0,0.0,517690000.0,0.0,0.0,0.0,0.0,0.0,0.0,69600.0,0.0,53700.0,5.127601190724321,51514069.0,,,,1000.0
2019-04-24T00:00:00,DGC,37.5,36.6,37.3,37.15311308767471,37.2,37.3,78700.0,78700.0,0.0,2923950000.0,0.0,9500.0,352954574.33290976,0.0,0.0,0.0,157800.0,0.0,106400.0,5.127601190724321,51504669.0,,,,1000.0
2019-04-25T00:00:00,DGC,37.2,36.7,37.2,36.9,36.7,37.2,39300.0,39300.0,0.0,1450170000.0,0.0,200.0,7380000.0,0.0,0.0,0.0,96100.0,0.0,76200.0,5.127601190724321,51510369.0,,,,1000.0
2019-04-26T00:00:00,DGC,37.0,36.4,36.6,36.6935064935065,36.9,36.7,30800.0,30800.0,0.0,1130160000.0,0.0,0.0,0.0,0.0,0.0,0.0,93100.0,0.0,62500.0,5.127601190724321,51510369.0,,,,1000.0
2019-05-02T00:00:00,DGC,36.9,35.7,36.9,35.941387337057726,36.1,36.9,214800.0,214800.0,0.0,7720210000.0,0.0,33400.0,1200442337.057728,0.0,0.0,0.0,271900.0,0.0,280400.0,5.127601190724321,51476969.0,,,,1000.0
2019-05-03T00:00:00,DGC,36.5,36.0,36.1,36.30769230769231,36.3,36.1,28600.0,28600.0,0.0,1038400000.0,0.0,0.0,0.0,0.0,0.0,0.0,127400.0,0.0,47200.0,5.127601190724321,51476969.0,,,,1000.0
2019-05-06T00:00:00,DGC,36.3,35.7,36.3,35.90966303270565,35.8,36.3,201800.0,201800.0,0.0,7246570000.0,0.0,10000.0,359096630.32705647,0.0,0.0,0.0,265300.0,0.0,234500.0,5.127601190724321,51466969.0,,,,1000.0
2019-05-07T00:00:00,DGC,36.5,36.0,36.0,36.3200248756219,36.4,35.8,80400.0,80400.0,0.0,2920130000.0,0.0,100.0,3632002.487562189,0.0,0.0,0.0,158000.0,0.0,102200.0,5.127601190724321,51466869.0,,,,1000.0
2019-05-08T00:00:00,DGC,32.5,31.2,32.0,31.91120996441281,31.7,36.4,56200.0,56200.0,0.0,1793410000.0,0.0,3300.0,105306992.88256228,0.0,0.0,0.0,129400.0,0.0,107100.0,4.4655208173022345,51463569.0,,,,1000.0
2019-05-09T00:00:00,DGC,31.9,31.5,31.6,31.648453608247422,31.5,31.7,29100.0,29100.0,0.0,920970000.0,0.0,0.0,0.0,0.0,0.0,0.0,80800.0,0.0,50000.0,4.4655208173022345,51463569.0,,,,1000.0
2019-05-10T00:00:00,DGC,31.7,31.5,31.6,31.572755417956657,31.5,31.5,32300.0,32300.0,0.0,1019800000.0,0.0,200.0,6314551.083591332,0.0,0.0,0.0,87400.0,0.0,45400.0,4.4655208173022345,51463369.0,,,,1000.0
2019-05-13T00:00:00,DGC,31.5,30.8,31.4,31.062169811320754,30.8,31.5,106000.0,106000.0,0.0,3292590000.0,0.0,30000.0,931865094.3396226,1700.0,52805688.679245286,0.0,146200.0,0.0,131900.0,4.4655208173022345,51433369.0,,,,1000.0
2019-05-14T00:00:00,DGC,31.0,30.0,30.8,30.371612903225806,30.4,30.8,170500.0,170500.0,0.0,5178360000.0,0.0,0.0,0.0,0.0,0.0,0.0,257000.0,0.0,206400.0,4.4655208173022345,51433369.0,,,,1000.0
2019-05-15T00:00:00,DGC,31.5,30.2,30.2,30.71904287138584,31.5,30.4,100300.0,100300.0,0.0,3081120000.0,0.0,0.0,0.0,0.0,0.0,0.0,248000.0,0.0,134400.0,4.4655208173022345,51433369.0,,,,1000.0
2019-05-16T00:00:00,DGC,32.1,31.3,31.3,31.85759897828863,31.9,31.5,78300.0,78300.0,0.0,2494450000.0,0.0,4800.0,152916475.09578544,0.0,0.0,0.0,274400.0,0.0,128700.0,4.4655208173022345,51430269.0,,,,1000.0
2019-05-17T00:00:00,DGC,32.0,31.5,31.9,31.772398843930635,31.5,31.9,69200.0,69200.0,0.0,2198650000.0,0.0,7000.0,222406791.90751445,0.0,0.0,0.0,127500.0,0.0,158300.0,4.4655208173022345,51423269.0,,,,1000.0
2019-05-20T00:00:00,DGC,31.4,31.2,31.3,31.289225589225587,31.4,31.5,29700.0,29700.0,0.0,929290000.0,0.0,0.0,0.0,0.0,0.0,0.0,117200.0,0.0,70600.0,4.4655208173022345,51423269.0,,,,1000.0
2019-05-21T00:00:00,DGC,31.3,30.7,31.3,30.967830188679248,31.3,31.4,106000.0,106000.0,0.0,3282590000.0,0.0,11400.0,353033264.1509434,700.0,21677481.13207547,0.0,234700.0,0.0,148600.0,4.4655208173022345,51411869.0,,,,1000.0
2019-05-22T00:00:00,DGC,31.3,30.8,31.0,31.012153846153847,30.9,31.3,65000.0,65000.0,0.0,2015790000.0,0.0,0.0,0.0,0.0,0.0,0.0,186000.0,0.0,115200.0,4.4655208173022345,51411869.0,,,,1000.0
2019-05-23T00:00:00,DGC,31.8,30.7,30.7,31.332734806629833,31.5,30.9,72400.0,72400.0,0.0,2268490000.0,0.0,0.0,0.0,0.0,0.0,0.0,196300.0,0.0,114200.0,4.4655208173022345,51411869.0,,,,1000.0
2019-05-24T00:00:00,DGC,32.0,30.6,31.5,31.237118644067795,31.3,31.5,59000.0,59000.0,0.0,1842990000.0,0.0,0.0,0.0,3000.0,93711355.9322034,0.0,198100.0,0.0,131800.0,4.4655208173022345,51412569.0,,,,1000.0
2019-05-27T00:00:00,DGC,31.8,31.3,31.4,31.513175355450237,31.5,31.3,105500.0,105500.0,0.0,3324640000.0,0.0,1000.0,31513175.355450235,0.0,0.0,0.0,200100.0,0.0,214000.0,4.4655208173022345,51411569.0,,,,1000.0
2019-05-28T00:00:00,DGC,31.6,31.0,31.5,31.171658986175117,31.2,31.5,86800.0,86800.0,0.0,2705700000.0,0.0,0.0,0.0,0.0,0.0,0.0,184000.0,0.0,160900.0,4.4655208173022345,51411569.0,,,,1000.0
2019-05-29T00:00:00,DGC,31.2,30.7,31.0,30.856159420289856,31.1,31.2,82800.0,82800.0,0.0,2554890000.0,0.0,0.0,0.0,0.0,0.0,0.0,179400.0,0.0,186200.0,4.4655208173022345,51414569.0,,,,1000.0
2019-05-30T00:00:00,DGC,31.3,30.7,30.8,30.848287112561174,31.1,31.1,61300.0,61300.0,0.0,1891000000.0,0.0,5900.0,182004893.96411094,0.0,0.0,0.0,160900.0,0.0,137700.0,4.4655208173022345,51408669.0,,,,1000.0
2019-05-31T00:00:00,DGC,31.0,30.4,31.0,30.578960396039605,30.4,31.1,80800.0,80800.0,0.0,2470780000.0,0.0,0.0,0.0,0.0,0.0,0.0,139300.0,0.0,169100.0,4.4655208173022345,51408669.0,,,,1000.0
2019-06-03T00:00:00,DGC,30.4,29.8,30.4,30.032378580323783,30.0,30.4,80300.0,80300.0,0.0,2411600000.0,0.0,300.0,9009713.574097136,0.0,0.0,0.0,136600.0,0.0,153800.0,4.4655208173022345,59128029.0,,,,1000.0
2019-06-04T00:00:00,DGC,30.0,29.8,30.0,29.9180412371134,30.0,30.0,38800.0,38800.0,0.0,1160820000.0,0.0,5400.0,161557422.68041238,0.0,0.0,0.0,110500.0,0.0,77200.0,4.4655208173022345,59122629.0,,,,1000.0
2019-06-05T00:00:00,DGC,30.5,30.0,30.5,30.25674740484429,30.0,30.0,28900.0,28900.0,0.0,874420000.0,0.0,0.0,0.0,0.0,0.0,0.0,88000.0,0.0,84500.0,4.4655208173022345,59122629.0,,,,1000.0
2019-06-06T00:00:00,DGC,30.1,29.8,30.0,29.943062200956938,30.0,30.0,20900.0,20900.0,0.0,625810000.0,0.0,1100.0,32937368.42105263,0.0,0.0,0.0,67600.0,0.0,70600.0,4.4655208173022345,59121529.0,,,,1000.0
2019-06-07T00:00:00,DGC,30.2,29.8,29.8,29.939244186046512,30.0,30.0,34400.0,34400.0,0.0,1029910000.0,0.0,2300.0,68860261.62790698,0.0,0.0,0.0,110300.0,0.0,74400.0,4.4655208173022345,59119229.0,,,,1000.0
2019-06-10T00:00:00,DGC,30.1,29.9,30.1,29.970742358078603,29.9,30.0,68700.0,68700.0,0.0,2058990000.0,0.0,0.0,0.0,0.0,0.0,0.0,135600.0,0.0,122900.0,4.4655208173022345,59119229.0,,,,1000.0
2019-06-11T00:00:00,DGC,29.9,29.0,29.9,29.395631528964863,29.0,29.9,105300.0,105300.0,0.0,3095360000.0,0.0,0.0,0.0,0.0,0.0,0.0,150400.0,0.0,167800.0,4.4655208173022345,59119229.0,,,,1000.0
2019-06-12T00:00:00,DGC,29.2,28.5,29.0,28.73627167630058,28.7,29.0,69200.0,69200.0,0.0,1988550000.0,0.0,6100.0,175291257.22543353,0.0,0.0,0.0,172400.0,0.0,163500.0,4.4655208173022345,59113129.0,,,,1000.0
2019-06-13T00:00:00,DGC,29.0,28.7,28.7,28.877123050259964,28.8,28.7,57700.0,57700.0,0.0,1666210000.0,0.0,0.0,0.0,0.0,0.0,0.0,176800.0,0.0,76000.0,4.4655208173022345,59113129.0,,,,1000.0
2019-06-14T00:00:00,DGC,28.9,28.5,28.6,28.616184971098264,28.8,28.8,17300.0,17300.0,0.0,495060000.0,0.0,0.0,0.0,0.0,0.0,0.0,112500.0,0.0,67000.0,4.4655208173022345,59113129.0,,,,1000.0
2019-06-17T00:00:00,DGC,28.8,28.5,28.8,28.59058524173028,28.7,28.8,39300.0,39300.0,0.0,1123610000.0,0.0,0.0,0.0,0.0,0.0,0.0,88600.0,0.0,85500.0,4.4655208173022345,59113129.0,,,,1000.0
2019-06-18T00:00:00,DGC,28.7,28.4,28.7,28.52191780821918,28.6,28.7,29200.0,29200.0,0.0,832840000.0,0.0,0.0,0.0,0.0,0.0,0.0,108000.0,0.0,84600.0,4.4655208173022345,59113129.0,,,,1000.0
2019-06-19T00:00:00,DGC,28.7,28.4,28.7,28.505483870967744,28.5,28.6,31000.0,31000.0,0.0,883670000.0,0.0,0.0,0.0,0.0,0.0,0.0,108600.0,0.0,69200.0,4.4655208173022345,59113129.0,,,,1000.0
2019-06-20T00:00:00,DGC,28.4,27.3,28.4,27.619626168224297,27.7,28.5,267595.0,267500.0,95.0,7390691500.0,2441500.0,2800.0,77334953.27102804,0.0,0.0,0.0,390200.0,0.0,315700.0,4.4655208173022345,59110329.0,,,,1000.0
2019-06-21T00:00:00,DGC,28.0,26.3,27.7,27.01584673604541,28.0,27.7,211475.0,211400.0,75.0,5713025000.0,1875000.0,30600.0,826684910.1229895,3000.0,81047540.20813623,0.0,473300.0,0.0,226000.0,4.4655208173022345,59079729.0,,,,1000.0
2019-06-24T00:00:00,DGC,28.2,27.6,28.1,27.914805624483044,28.2,28.0,497450.0,120900.0,376550.0,13880645000.0,10505745000.0,0.0,0.0,0.0,0.0,0.0,226200.0,0.0,149900.0,4.4655208173022345,59079729.0,,,,1000.0
2019-06-25T00:00:00,DGC,28.2,27.9,28.2,27.976887519260398,27.9,28.2,64900.0,64900.0,0.0,1815700000.0,0.0,0.0,0.0,0.0,0.0,0.0,154100.0,0.0,107600.0,4.4655208173022345,59079729.0,,,,1000.0
2019-06-26T00:00:00,DGC,28.0,27.7,27.9,27.89083820662768,28.0,27.9,51315.0,51300.0,15.0,1431178000.0,378000.0,100.0,2789083.820662768,0.0,0.0,0.0,145000.0,0.0,76700.0,4.4655208173022345,59082629.0,,,,1000.0
2019-06-27T00:00:00,DGC,28.2,28.0,28.0,28.01981981981982,28.2,28.0,77700.0,77700.0,0.0,2177140000.0,0.0,0.0,0.0,0.0,0.0,0.0,145400.0,0.0,121100.0,4.4655208173022345,59082629.0,,,,1000.0
2019-06-28T00:00:00,DGC,28.5,28.0,28.1,28.163414634146342,28.5,28.2,123800.0,73800.0,50000.0,3528460000.0,1450000000.0,8700.0,245021707.31707317,300.0,8449024.390243903,0.0,164200.0,0.0,86900.0,4.4655208173022345,59073929.0,,,,1000.0
2019-07-01T00:00:00,DGC,29.6,28.5,28.5,29.399295774647886,29.4,28.5,127800.0,127800.0,0.0,3757230000.0,0.0,1000.0,29399295.774647888,5300.0,155816267.6056338,0.0,215300.0,0.0,186800.0,4.4655208173022345,59072929.0,,,,1000.0
2019-07-02T00:00:00,DGC,29.9,29.1,29.2,29.56461086637298,29.6,29.4,68125.0,68100.0,25.0,2014012500.0,662500.0,8500.0,251299192.36417034,60.0,1773876.651982379,0.0,151800.0,0.0,117600.0,4.4655208173022345,59064429.0,,,,1000.0
2019-07-03T00:00:00,DGC,31.7,29.6,29.6,30.793496748374185,31.0,29.6,199900.0,199900.0,0.0,6155620000.0,0.0,8500.0,261744722.3611806,0.0,0.0,0.0,315500.0,0.0,301400.0,4.4655208173022345,59056229.0,,,,1000.0
2019-07-04T00:00:00,DGC,31.3,30.5,31.0,30.879487179487178,31.0,31.0,97500.0,97500.0,0.0,3010750000.0,0.0,0.0,0.0,0.0,0.0,0.0,167000.0,0.0,224700.0,4.4655208173022345,59061529.0,,,,1000.0
2019-07-05T00:00:00,DGC,31.2,30.4,31.2,30.743531093638314,30.5,31.0,444075.0,139900.0,304175.0,13730445000.0,9429425000.0,0.0,0.0,0.0,0.0,0.0,194800.0,0.0,247400.0,4.4655208173022345,59061589.0,,,,1000.0
2019-07-08T00:00:00,DGC,31.0,30.3,30.5,30.688857938718662,30.9,30.5,71800.0,71800.0,0.0,2203460000.0,0.0,4000.0,122755431.75487465,0.0,0.0,0.0,138300.0,0.0,149500.0,4.4655208173022345,59057589.0,,,,1000.0
2019-07-09T00:00:00,DGC,31.0,30.6,30.9,30.887225548902194,30.9,30.9,50100.0,50100.0,0.0,1547450000.0,0.0,1400.0,43242115.768463075,6400.0,197678243.51297405,0.0,111300.0,0.0,124600.0,4.4655208173022345,59056189.0,,,,1000.0
2019-07-10T00:00:00,DGC,31.2,30.8,30.9,31.017328170377542,31.2,30.9,103300.0,103300.0,0.0,3204090000.0,0.0,7400.0,229528228.4607938,0.0,0.0,0.0,179800.0,0.0,159500.0,4.4655208173022345,59048789.0,,,,1000.0
2019-07-11T00:00:00,DGC,31.4,31.1,31.3,31.247017892644138,31.3,31.2,100600.0,100600.0,0.0,3143450000.0,0.0,0.0,0.0,0.0,0.0,0.0,153600.0,0.0,175800.0,4.4655208173022345,59048789.0,,,,1000.0
2019-07-12T00:00:00,DGC,31.3,30.8,31.1,31.056272661348803,31.2,31.3,137900.0,137900.0,0.0,4282660000.0,0.0,38300.0,1189455242.9296591,0.0,0.0,0.0,155500.0,0.0,301800.0,4.4655208173022345,59016889.0,,,,1000.0
2019-07-15T00:00:00,DGC,31.3,30.6,31.3,30.871480144404334,30.8,31.2,83100.0,83100.0,0.0,2565420000.0,0.0,14200.0,438375018.0505415,0.0,0.0,0.0,115600.0,0.0,154000.0,4.4655208173022345,59002689.0,,,,1000.0
2019-07-16T00:00:00,DGC,30.8,30.0,30.8,30.33716894977169,30.0,30.8,109500.0,109500.0,0.0,3321920000.0,0.0,0.0,0.0,0.0,0.0,0.0,135300.0,0.0,201400.0,4.4655208173022345,59002689.0,,,,1000.0
2019-07-17T00:00:00,DGC,30.0,29.0,30.0,29.52174248265227,29.5,30.0,129700.0,129700.0,0.0,3828970000.0,0.0,0.0,0.0,23600.0,696713122.5905937,0.0,186300.0,0.0,224700.0,4.4655208173022345,59002689.0,,,,1000.0
2019-07-18T00:00:00,DGC,29.9,29.0,29.6,29.44182621502209,29.6,29.5,67900.0,67900.0,0.0,1999100000.0,0.0,8870.0,261148998.52724594,0.0,0.0,0.0,142000.0,0.0,166700.0,4.4655208173022345,58993819.0,,,,1000.0
2019-07-19T00:00:00,DGC,29.6,29.2,29.6,29.462939585211902,29.6,29.6,110900.0,110900.0,0.0,3267440000.0,0.0,0.0,0.0,400.0,11785175.83408476,0.0,212700.0,0.0,160400.0,4.4655208173022345,58993819.0,,,,1000.0
2019-07-22T00:00:00,DGC,31.3,29.6,29.6,30.50166986038872,31.3,29.6,365300.0,365300.0,0.0,11142260000.0,0.0,0.0,0.0,5700.0,173859518.2042157,0.0,457600.0,0.0,411100.0,4.4655208173022345,59017419.0,,,,1000.0
2019-07-23T00:00:00,DGC,33.3,31.1,31.3,32.412614169340905,32.8,31.3,405100.0,405100.0,0.0,13130350000.0,0.0,22400.0,726042557.3932363,0.0,0.0,0.0,496500.0,0.0,581000.0,4.4655208173022345,58995019.0,,,,1000.0
2019-07-24T00:00:00,DGC,33.0,31.7,33.0,32.137938896488826,32.2,32.8,219300.0,219300.0,0.0,7047850000.0,0.0,19900.0,639544984.0401276,0.0,0.0,0.0,333700.0,0.0,316600.0,4.4655208173022345,58975519.0,,,,1000.0
2019-07-25T00:00:00,DGC,32.2,31.7,31.9,31.892474786656322,31.7,32.2,128900.0,128900.0,0.0,4110940000.0,0.0,10000.0,318924747.8665632,1400.0,44649464.70131885,0.0,192300.0,0.0,259500.0,4.4655208173022345,58971219.0,,,,1000.0
2019-07-26T00:00:00,DGC,32.7,31.2,31.5,32.042216509568696,31.9,31.7,350100.0,350100.0,0.0,11217980000.0,0.0,0.0,0.0,8600.0,275563061.98229074,0.0,401600.0,0.0,538900.0,4.4655208173022345,58971219.0,,,,1000.0
2019-07-29T00:00:00,DGC,32.9,31.8,32.0,32.48327935222672,32.7,31.9,247000.0,247000.0,0.0,8023370000.0,0.0,0.0,0.0,2900.0,94201510.12145749,0.0,307400.0,0.0,423000.0,4.4655208173022345,58971219.0,,,,1000.0
2019-07-30T00:00:00,DGC,33.7,32.0,32.7,32.81884952876178,32.1,32.7,307700.0,307700.0,0.0,10098360000.0,0.0,19000.0,623558141.0464739,0.0,0.0,0.0,352000.0,0.0,516300.0,4.4655208173022345,58953619.0,,,,1000.0
2019-07-31T00:00:00,DGC,32.1,31.6,32.0,31.807402135231317,32.0,32.1,140500.0,140500.0,0.0,4468940000.0,0.0,1000.0,31807402.135231316,10000.0,318074021.35231316,0.0,199700.0,0.0,206300.0,4.4655208173022345,58961219.0,,,,1000.0
2019-08-01T00:00:00,DGC,32.8,30.9,32.0,31.236400123494906,31.1,32.0,323900.0,323900.0,0.0,10117470000.0,0.0,0.0,0.0,900.0,28112760.111145414,0.0,455900.0,0.0,440000.0,4.4655208173022345,58964119.0,,,,1000.0
2019-08-02T00:00:00,DGC,32.4,30.5,31.2,31.411067771818622,31.6,31.1,205100.0,205100.0,0.0,6442410000.0,0.0,10000.0,314110677.71818626,14100.0,442896055.5826426,0.0,301800.0,0.0,292700.0,4.4655208173022345,58954119.0,,,,1000.0
2019-08-05T00:00:00,DGC,31.8,31.4,31.8,31.51531001039141,31.4,31.6,288795.0,288700.0,95.0,9101177500.0,2707500.0,144200.0,4544507703.498442,0.0,0.0,0.0,369800.0,0.0,376200.0,4.4655208173022345,58819919.0,,,,1000.0
2019-08-06T00:00:00,DGC,31.3,30.5,31.0,30.73268757687577,30.8,31.4,325200.0,325200.0,0.0,9994270000.0,0.0,10200.0,313473413.28413284,0.0,0.0,0.0,484900.0,0.0,380100.0,4.4655208173022345,58810619.0,,,,1000.0
2019-08-07T00:00:00,DGC,31.4,30.6,30.6,30.740972222222222,30.8,30.8,100800.0,100800.0,0.0,3098690000.0,0.0,7800.0,239779583.33333334,0.0,0.0,0.0,252800.0,0.0,153600.0,4.4655208173022345,58816919.0,,,,1000.0
2019-08-08T00:00:00,DGC,31.8,30.2,30.8,30.693875278396437,31.4,30.8,359200.0,359200.0,0.0,11025240000.0,0.0,52100.0,1599150902.0044544,0.0,0.0,0.0,540100.0,0.0,466900.0,4.4655208173022345,58764819.0,,,,1000.0
2019-08-09T00:00:00,DGC,32.6,30.8,31.4,31.719859445050286,31.0,31.4,825490.0,825300.0,190.0,26183777000.0,5377000.0,32700.0,1037239403.8531443,0.0,0.0,0.0,939800.0,0.0,1076400.0,4.4655208173022345,58732119.0,,,,1000.0
2019-08-12T00:00:00,DGC,31.0,29.7,31.0,30.07065245987898,29.8,31.0,760200.0,760200.0,0.0,22859710000.0,0.0,50800.0,1527589144.961852,0.0,0.0,0.0,908800.0,0.0,897600.0,4.4655208173022345,58681319.0,,,,1000.0
2019-08-13T00:00:00,DGC,30.0,29.4,29.8,29.77611580217129,29.6,29.8,165800.0,165800.0,0.0,4936880000.0,0.0,20400.0,607432762.3642943,0.0,0.0,0.0,285900.0,0.0,260900.0,4.4655208173022345,58660919.0,,,,1000.0
2019-08-14T00:00:00,DGC,29.8,27.6,29.8,28.80999707259953,28.1,29.6,683200.0,683200.0,0.0,19682990000.0,0.0,5900.0,169978982.72833723,21600.0,622295936.7681499,0.0,880100.0,0.0,838900.0,4.4655208173022345,58655019.0,,,,1000.0
2019-08-15T00:00:00,DGC,28.1,27.1,28.0,27.599959366111335,28.1,28.1,296100.0,246100.0,50000.0,8317350000.0,1525000000.0,6000.0,165599756.19666803,0.0,0.0,0.0,474700.0,0.0,287700.0,4.4655208173022345,58649019.0,,,,1000.0
2019-08-16T00:00:00,DGC,28.6,27.8,28.1,28.218779196511992,28.2,28.1,321115.0,321100.0,15.0,9061429500.0,379500.0,0.0,0.0,0.0,0.0,0.0,495400.0,0.0,400100.0,4.4655208173022345,58649019.0,,,,1000.0
2019-08-19T00:00:00,DGC,29.0,28.2,28.2,28.66521739130435,28.6,28.2,151800.0,151800.0,0.0,4351380000.0,0.0,21900.0,627768260.8695652,15.0,429978.26086956525,0.0,265800.0,0.0,231800.0,4.4655208173022345,58648719.0,,,,1000.0
2019-08-20T00:00:00,DGC,28.8,28.2,28.6,28.53373155305692,28.4,28.6,142300.0,142300.0,0.0,4060350000.0,0.0,0.0,0.0,0.0,0.0,0.0,269900.0,0.0,216300.0,4.4655208173022345,58648719.0,,,,1000.0
2019-08-21T00:00:00,DGC,28.7,28.1,28.1,28.316026490066225,28.6,28.4,596480.0,151000.0,445480.0,16303680000.0,12027960000.0,100.0,2831602.6490066224,0.0,0.0,0.0,273700.0,0.0,209600.0,4.4655208173022345,58648619.0,,,,1000.0
2019-08-22T00:00:00,DGC,28.7,28.1,28.5,28.322104332449157,28.5,28.6,113100.0,113100.0,0.0,3203230000.0,0.0,8200.0,232241255.5260831,0.0,0.0,0.0,225700.0,0.0,183400.0,4.4655208173022345,58640434.0,,,,1000.0
2019-08-23T00:00:00,DGC,28.6,28.1,28.3,28.38502732240437,28.4,28.5,91500.0,91500.0,0.0,2597230000.0,0.0,0.0,0.0,0.0,0.0,0.0,212600.0,0.0,156800.0,4.4655208173022345,58640434.0,,,,1000.0
2019-08-26T00:00:00,DGC,28.4,28.0,28.4,28.056257309941522,28.0,28.4,85500.0,85500.0,0.0,2398810000.0,0.0,0.0,0.0,0.0,0.0,0.0,167700.0,0.0,169300.0,4.4655208173022345,58640434.0,,,,1000.0
2019-08-27T00:00:00,DGC,28.4,28.0,28.1,28.162774725274726,28.2,28.0,72800.0,72800.0,0.0,2050250000.0,0.0,10500.0,295709134.61538464,0.0,0.0,0.0,156100.0,0.0,140300.0,4.4655208173022345,58629934.0,,,,1000.0
2019-08-28T00:00:00,DGC,28.4,27.8,28.1,27.942404227212684,27.8,28.2,75700.0,75700.0,0.0,2115240000.0,0.0,800.0,22353923.381770145,0.0,0.0,0.0,137900.0,0.0,145200.0,4.4655208173022345,58629134.0,,,,1000.0
2019-08-29T00:00:00,DGC,28.0,27.8,27.8,27.87942176870748,27.9,27.8,117600.0,117600.0,0.0,3278620000.0,0.0,0.0,0.0,2875.0,80153337.58503401,0.0,183400.0,0.0,173700.0,4.4655208173022345,58629134.0,,,,1000.0
2019-08-30T00:00:00,DGC,28.1,27.8,28.0,27.87171381031614,28.0,27.9,60100.0,60100.0,0.0,1675090000.0,0.0,600.0,16723028.286189685,0.0,0.0,0.0,105300.0,0.0,98800.0,4.4655208173022345,58628534.0,,,,1000.0
2019-09-03T00:00:00,DGC,28.0,27.6,28.0,27.77661388550548,27.7,28.0,82100.0,82100.0,0.0,2280460000.0,0.0,4400.0,122217101.09622411,0.0,0.0,0.0,108400.0,0.0,154700.0,4.4655208173022345,58624134.0,,,,1000.0
2019-09-04T00:00:00,DGC,27.8,27.0,27.7,27.461660899653978,27.7,27.7,144500.0,144500.0,0.0,3968210000.0,0.0,0.0,0.0,0.0,0.0,0.0,261600.0,0.0,184800.0,4.4655208173022345,58627009.0,,,,1000.0
2019-09-05T00:00:00,DGC,28.0,27.7,27.8,27.774952198852773,27.7,27.7,52300.0,52300.0,0.0,1452630000.0,0.0,8500.0,236087093.69024858,0.0,0.0,0.0,95100.0,0.0,98400.0,4.4655208173022345,61259609.0,,,,1000.0
2019-09-06T00:00:00,DGC,27.8,27.5,27.8,27.651650165016502,27.7,27.7,60600.0,60600.0,0.0,1675690000.0,0.0,0.0,0.0,0.0,0.0,0.0,149600.0,0.0,121200.0,4.4655208173022345,61259609.0,,,,1000.0
2019-09-09T00:00:00,DGC,27.7,27.4,27.7,27.478913738019166,27.4,27.7,31300.0,31300.0,0.0,860090000.0,0.0,0.0,0.0,1700.0,46714153.354632586,0.0,69500.0,0.0,73000.0,4.4655208173022345,61259609.0,,,,1000.0
2019-09-10T00:00:00,DGC,27.5,27.1,27.4,27.287154861944778,27.2,27.4,83300.0,83300.0,0.0,2273020000.0,0.0,0.0,0.0,0.0,0.0,0.0,127400.0,0.0,135200.0,4.4655208173022345,61259609.0,,,,1000.0
2019-09-11T00:00:00,DGC,27.3,26.5,27.2,26.868549280177188,26.9,27.2,90300.0,90300.0,0.0,2426230000.0,0.0,100.0,2686854.9280177187,0.0,0.0,0.0,135900.0,0.0,139800.0,4.4655208173022345,61259509.0,,,,1000.0
2019-09-12T00:00:00,DGC,27.0,25.4,27.0,25.98044871794872,25.7,26.9,280800.0,280800.0,0.0,7295310000.0,0.0,100.0,2598044.871794872,12000.0,311765384.61538464,0.0,328300.0,0.0,382700.0,4.4655208173022345,61261109.0,,,,1000.0
2019-09-13T00:00:00,DGC,27.0,25.8,25.8,26.465301204819276,26.8,25.7,124500.0,124500.0,0.0,3294930000.0,0.0,0.0,0.0,0.0,0.0,0.0,233600.0,0.0,164700.0,4.4655208173022345,61261109.0,,,,1000.0
2019-09-16T00:00:00,DGC,26.9,26.2,26.9,26.520921985815605,26.5,26.8,56400.0,56400.0,0.0,1495780000.0,0.0,13000.0,344771985.81560284,800.0,21216737.588652484,0.0,119800.0,0.0,89500.0,4.4655208173022345,61248109.0,,,,1000.0
2019-09-17T00:00:00,DGC,27.0,26.3,26.5,26.689900426742533,26.8,26.5,70300.0,70300.0,0.0,1876300000.0,0.0,0.0,0.0,0.0,0.0,0.0,152100.0,0.0,128400.0,4.4655208173022345,61260109.0,,,,1000.0
2019-09-18T00:00:00,DGC,27.6,26.8,26.8,27.096084656084656,27.0,26.8,94500.0,94500.0,0.0,2560580000.0,0.0,0.0,0.0,0.0,0.0,0.0,171000.0,0.0,179400.0,4.4655208173022345,61260109.0,,,,1000.0
2019-09-19T00:00:00,DGC,27.8,27.0,27.0,27.619811912225703,27.8,27.0,159500.0,159500.0,0.0,4405360000.0,0.0,0.0,0.0,0.0,0.0,0.0,204100.0,0.0,230400.0,4.4655208173022345,61260909.0,,,,1000.0
2019-09-20T00:00:00,DGC,28.0,27.2,28.0,27.479576107899806,27.4,27.8,51900.0,51900.0,0.0,1426190000.0,0.0,4500.0,123658092.48554914,0.0,0.0,0.0,199200.0,0.0,149200.0,4.4655208173022345,61256409.0,,,,1000.0
2019-09-23T00:00:00,DGC,27.2,26.8,27.1,26.994296577946766,26.8,27.4,52600.0,52600.0,0.0,1419900000.0,0.0,0.0,0.0,0.0,0.0,0.0,111100.0,0.0,119500.0,4.4655208173022345,61256409.0,,,,1000.0
2019-09-24T00:00:00,DGC,27.3,26.6,27.0,26.833984375,26.9,26.8,102400.0,102400.0,0.0,2747800000.0,0.0,16400.0,440077343.75,0.0,0.0,0.0,168400.0,0.0,170100.0,4.4655208173022345,61240009.0,,,,1000.0
2019-09-25T00:00:00,DGC,27.0,26.4,27.0,26.679970760233918,26.5,26.9,68400.0,68400.0,0.0,1824910000.0,0.0,8000.0,213439766.08187133,500.0,13339985.380116958,0.0,144500.0,0.0,137600.0,4.4655208173022345,61232009.0,,,,1000.0
2019-09-26T00:00:00,DGC,26.8,26.4,26.8,26.5128,26.4,26.5,75000.0,75000.0,0.0,1988460000.0,0.0,0.0,0.0,0.0,0.0,0.0,148500.0,0.0,147800.0,4.4655208173022345,61232009.0,,,,1000.0
2019-09-27T00:00:00,DGC,26.9,26.0,26.5,26.45621351125938,26.9,26.4,119900.0,119900.0,0.0,3172100000.0,0.0,12700.0,335993911.59299415,0.0,0.0,0.0,178600.0,0.0,190500.0,4.4655208173022345,61219309.0,,,,1000.0
2019-09-30T00:00:00,DGC,26.9,26.5,26.9,26.838556338028166,26.7,26.9,56800.0,56800.0,0.0,1524430000.0,0.0,0.0,0.0,0.0,0.0,0.0,124400.0,0.0,117000.0,4.4655208173022345,61219809.0,,,,1000.0
2019-10-01T00:00:00,DGC,27.0,26.5,26.6,26.621509433962263,26.6,26.7,53000.0,53000.0,0.0,1410940000.0,0.0,0.0,0.0,0.0,0.0,0.0,98400.0,0.0,119700.0,4.4655208173022345,61219809.0,,,,1000.0
2019-10-02T00:00:00,DGC,26.5,26.0,26.5,26.213802816901406,26.5,26.6,106500.0,106500.0,0.0,2791770000.0,0.0,0.0,0.0,0.0,0.0,0.0,174100.0,0.0,139200.0,4.4655208173022345,61219809.0,,,,1000.0
2019-10-03T00:00:00,DGC,26.7,26.0,26.4,26.36044142614601,26.7,26.5,58900.0,58900.0,0.0,1552630000.0,0.0,0.0,0.0,0.0,0.0,0.0,118600.0,0.0,94300.0,4.4655208173022345,61219809.0,,,,1000.0
2019-10-04T00:00:00,DGC,27.5,26.5,26.8,27.065541601255884,27.3,26.7,127400.0,127400.0,0.0,3448150000.0,0.0,0.0,0.0,0.0,0.0,0.0,162100.0,0.0,218500.0,4.4655208173022345,61219809.0,,,,1000.0
2019-10-07T00:00:00,DGC,27.4,26.8,27.4,26.96017094017094,26.8,27.3,58500.0,58500.0,0.0,1577170000.0,0.0,0.0,0.0,0.0,0.0,0.0,87400.0,0.0,157700.0,4.4655208173022345,61219809.0,,,,1000.0
2019-10-08T00:00:00,DGC,26.8,26.0,26.8,26.29875518672199,26.6,26.8,48200.0,48200.0,0.0,1267600000.0,0.0,0.0,0.0,0.0,0.0,0.0,87300.0,0.0,124800.0,4.4655208173022345,61219809.0,,,,1000.0
2019-10-09T00:00:00,DGC,26.9,26.0,26.4,26.276114285714286,26.2,26.6,87500.0,87500.0,0.0,2299160000.0,0.0,7700.0,202326080.0,0.0,0.0,0.0,176900.0,0.0,163900.0,4.4655208173022345,61212109.0,,,,1000.0
2019-10-10T00:00:00,DGC,26.7,26.0,26.2,26.155113636363637,26.2,26.2,52800.0,52800.0,0.0,1380990000.0,0.0,1900.0,49694715.90909091,0.0,0.0,0.0,92400.0,0.0,112100.0,4.4655208173022345,61210209.0,,,,1000.0
2019-10-11T00:00:00,DGC,26.3,26.0,26.2,26.052573529411767,26.2,26.2,27200.0,27200.0,0.0,708630000.0,0.0,0.0,0.0,0.0,0.0,0.0,91400.0,0.0,82300.0,4.4655208173022345,61210209.0,,,,1000.0
2019-10-14T00:00:00,DGC,26.4,25.8,26.4,25.96098535286285,25.8,26.2,75100.0,75100.0,0.0,1949670000.0,0.0,0.0,0.0,6500.0,168746404.79360852,0.0,103700.0,0.0,139400.0,4.4655208173022345,61210209.0,,,,1000.0
2019-10-15T00:00:00,DGC,26.0,25.8,25.9,25.952363636363636,26.0,25.8,55000.0,55000.0,0.0,1427380000.0,0.0,0.0,0.0,0.0,0.0,0.0,109800.0,0.0,99800.0,4.4655208173022345,61210209.0,,,,1000.0
2019-10-16T00:00:00,DGC,26.1,25.9,26.0,25.96785714285714,26.1,26.0,53200.0,53200.0,0.0,1381490000.0,0.0,0.0,0.0,0.0,0.0,0.0,132100.0,0.0,94500.0,4.4655208173022345,61210209.0,,,,1000.0
2019-10-17T00:00:00,DGC,26.3,26.0,26.0,26.203392130257804,26.1,26.1,73703.0,73700.0,3.0,1931260500.0,70500.0,26000.0,681288195.3867029,0.0,0.0,0.0,174500.0,0.0,184000.0,4.4655208173022345,61190709.0,,,,1000.0
2019-10-18T00:00:00,DGC,26.2,26.0,26.1,26.048630136986304,26.2,26.1,58400.0,58400.0,0.0,1521240000.0,0.0,100.0,2604863.01369863,35.0,911702.0547945206,0.0,166100.0,0.0,84100.0,4.4655208173022345,61190609.0,,,,1000.0
2019-10-21T00:00:00,DGC,26.0,25.3,26.0,25.87113924050633,25.7,26.2,118500.0,118500.0,0.0,3065730000.0,0.0,400.0,10348455.696202531,0.0,0.0,0.0,277000.0,0.0,200200.0,4.4655208173022345,61190209.0,,,,1000.0
2019-10-22T00:00:00,DGC,26.0,25.7,25.7,25.846777163904235,25.9,25.7,54350.0,54300.0,50.0,1404640000.0,1160000.0,0.0,0.0,0.0,0.0,0.0,208700.0,0.0,126200.0,4.4655208173022345,61190209.0,,,,1000.0
2019-10-23T00:00:00,DGC,26.0,25.8,26.0,25.93968,26.0,25.9,62500.0,62500.0,0.0,1621230000.0,0.0,0.0,0.0,0.0,0.0,0.0,314300.0,0.0,156800.0,4.4655208173022345,61190244.0,,,,1000.0
2019-10-24T00:00:00,DGC,26.0,25.3,26.0,25.663163906339236,25.9,26.0,175100.0,175100.0,0.0,4493620000.0,0.0,17500.0,449105368.3609366,6000.0,153978983.4380354,0.0,472500.0,0.0,251800.0,4.4655208173022345,61172744.0,,,,1000.0
2019-10-25T00:00:00,DGC,26.0,25.8,25.8,25.923076923076923,25.9,25.9,63700.0,63700.0,0.0,1651300000.0,0.0,6000.0,155538461.53846154,6000.0,155538461.53846154,0.0,305200.0,0.0,116900.0,4.4655208173022345,61166744.0,,,,1000.0
2019-10-28T00:00:00,DGC,26.1,25.9,26.0,26.00423387096774,26.0,25.9,49600.0,49600.0,0.0,1289810000.0,0.0,0.0,0.0,0.0,0.0,0.0,141200.0,0.0,103400.0,4.4655208173022345,61166744.0,,,,1000.0
2019-10-29T00:00:00,DGC,26.1,25.9,26.0,25.985536159600997,26.0,26.0,80200.0,80200.0,0.0,2084040000.0,0.0,0.0,0.0,0.0,0.0,0.0,151100.0,0.0,142400.0,4.4655208173022345,61172744.0,,,,1000.0
2019-10-30T00:00:00,DGC,26.0,25.7,26.0,25.832266666666666,26.0,26.0,37500.0,37500.0,0.0,968710000.0,0.0,0.0,0.0,0.0,0.0,0.0,103500.0,0.0,98300.0,4.4655208173022345,61178744.0,,,,1000.0
2019-10-31T00:00:00,DGC,25.8,25.7,25.8,25.734131736526948,25.7,26.0,33400.0,33400.0,0.0,859520000.0,0.0,0.0,0.0,0.0,0.0,0.0,95000.0,0.0,96500.0,4.4655208173022345,61178744.0,,,,1000.0
2019-11-01T00:00:00,DGC,26.1,25.5,25.8,25.67491610738255,26.0,25.7,119200.0,119200.0,0.0,3060450000.0,0.0,0.0,0.0,4600.0,118104614.09395973,0.0,284800.0,0.0,154800.0,4.4655208173022345,61178744.0,,,,1000.0
2019-11-04T00:00:00,DGC,26.0,25.6,26.0,25.73157894736842,25.9,26.0,216732.0,216600.0,132.0,5576548800.0,3088800.0,0.0,0.0,2000.0,51463157.89473684,0.0,302400.0,0.0,272500.0,4.4655208173022345,61178744.0,,,,1000.0
2019-11-05T00:00:00,DGC,25.9,25.7,25.8,25.79041916167665,25.8,25.9,33400.0,33400.0,0.0,861400000.0,0.0,0.0,0.0,0.0,0.0,0.0,159400.0,0.0,81000.0,4.4655208173022345,61178744.0,,,,1000.0
2019-11-06T00:00:00,DGC,26.1,25.8,25.8,25.95873015873016,25.9,25.8,75600.0,75600.0,0.0,1962480000.0,0.0,1000.0,25958730.15873016,2000.0,51917460.31746032,0.0,195100.0,0.0,130300.0,4.4655208173022345,61182344.0,,,,1000.0
2019-11-07T00:00:00,DGC,27.8,25.9,25.9,26.960887096774194,27.2,25.9,198401.0,198400.0,1.0,5349063400.0,23400.0,0.0,0.0,5090.0,137230915.32258064,0.0,259600.0,0.0,267600.0,4.4655208173022345,61184344.0,,,,1000.0
2019-11-08T00:00:00,DGC,27.2,26.8,27.2,27.035343618513323,27.1,27.2,71300.0,71300.0,0.0,1927620000.0,0.0,200.0,5407068.7237026645,2000.0,54070687.23702665,0.0,125200.0,0.0,113800.0,4.4655208173022345,61184144.0,,,,1000.0
2019-11-11T00:00:00,DGC,27.3,26.8,27.3,26.881793478260867,26.8,27.1,73600.0,73600.0,0.0,1978500000.0,0.0,110.0,2956997.282608696,0.0,0.0,0.0,166800.0,0.0,137100.0,4.4655208173022345,61186034.0,,,,1000.0
2019-11-12T00:00:00,DGC,27.1,26.7,26.7,26.945631067961163,26.8,26.8,148400.0,41200.0,107200.0,4143920000.0,3033760000.0,3000.0,80836893.2038835,0.0,0.0,0.0,139400.0,0.0,126000.0,4.4655208173022345,61188124.0,,,,1000.0
2019-11-13T00:00:00,DGC,27.0,26.8,26.8,26.876190476190477,26.9,26.8,31500.0,31500.0,0.0,846600000.0,0.0,1000.0,26876190.476190478,400.0,10750476.19047619,0.0,79600.0,0.0,107100.0,4.4655208173022345,61189124.0,,,,1000.0
2019-11-14T00:00:00,DGC,27.0,26.8,26.9,26.92381546134663,27.0,26.9,80200.0,80200.0,0.0,2159290000.0,0.0,200.0,5384763.092269327,3000.0,80771446.3840399,0.0,174200.0,0.0,143900.0,4.4655208173022345,61188924.0,,,,1000.0
2019-11-15T00:00:00,DGC,27.1,27.0,27.0,27.028859060402684,27.0,27.0,29800.0,29800.0,0.0,805460000.0,0.0,310.0,8378946.308724832,0.0,0.0,0.0,58300.0,0.0,109600.0,4.4655208173022345,61188614.0,,,,1000.0
2019-11-18T00:00:00,DGC,27.0,26.5,27.0,26.646728971962617,26.5,27.0,64200.0,64200.0,0.0,1710720000.0,0.0,100.0,2664672.8971962617,21965.0,585295401.8691589,0.0,157600.0,0.0,125200.0,4.4655208173022345,61188914.0,,,,1000.0
2019-11-19T00:00:00,DGC,26.6,26.4,26.5,26.458782201405153,26.5,26.5,42700.0,42700.0,0.0,1129790000.0,0.0,0.0,0.0,0.0,0.0,0.0,147400.0,0.0,100800.0,4.4655208173022345,61191914.0,,,,1000.0
2019-11-20T00:00:00,DGC,26.9,26.5,26.6,26.716129032258063,26.9,26.5,27900.0,27900.0,0.0,745380000.0,0.0,0.0,0.0,0.0,0.0,0.0,119800.0,0.0,53200.0,4.4655208173022345,61191914.0,,,,1000.0
2019-11-21T00:00:00,DGC,27.1,26.6,26.6,26.905330243337197,27.0,26.9,86300.0,86300.0,0.0,2321930000.0,0.0,11600.0,312101830.82271147,0.0,0.0,0.0,150900.0,0.0,153300.0,4.4655208173022345,61202279.0,,,,1000.0
2019-11-22T00:00:00,DGC,27.0,26.7,26.9,26.798829648894667,26.7,27.0,76900.0,76900.0,0.0,2060830000.0,0.0,100.0,2679882.9648894668,0.0,0.0,0.0,179600.0,0.0,151500.0,4.4655208173022345,61202179.0,,,,1000.0
2019-11-25T00:00:00,DGC,27.0,26.6,26.8,26.704792332268372,26.6,26.7,31300.0,31300.0,0.0,835860000.0,0.0,0.0,0.0,0.0,0.0,0.0,122600.0,0.0,95500.0,4.4655208173022345,61202179.0,,,,1000.0
2019-11-26T00:00:00,DGC,26.9,26.4,26.6,26.526315789473685,26.6,26.6,79800.0,79800.0,0.0,2116800000.0,0.0,0.0,0.0,0.0,0.0,0.0,120800.0,0.0,159300.0,4.4655208173022345,61202179.0,,,,1000.0
2019-11-27T00:00:00,DGC,27.3,26.6,26.6,27.02627927146574,27.1,26.6,115300.0,115300.0,0.0,3116130000.0,0.0,1000.0,27026279.27146574,0.0,0.0,0.0,220300.0,0.0,187200.0,4.4655208173022345,61201179.0,,,,1000.0
2019-11-28T00:00:00,DGC,27.2,26.9,27.1,27.025858778625956,27.0,27.1,104800.0,104800.0,0.0,2832310000.0,0.0,200.0,5405171.755725191,0.0,0.0,0.0,148700.0,0.0,198000.0,4.4655208173022345,61200979.0,,,,1000.0
2019-11-29T00:00:00,DGC,27.1,26.9,27.0,26.975129533678754,26.9,27.0,38600.0,38600.0,0.0,1041240000.0,0.0,1500.0,40462694.30051813,0.0,0.0,0.0,125100.0,0.0,88100.0,4.4655208173022345,61199479.0,,,,1000.0
2019-12-02T00:00:00,DGC,26.9,26.5,26.6,26.628365384615382,26.5,26.9,83200.0,83200.0,0.0,2215480000.0,0.0,1500.0,39942548.07692308,0.0,0.0,0.0,112800.0,0.0,135600.0,4.4655208173022345,61197979.0,,,,1000.0
2019-12-03T00:00:00,DGC,26.9,26.3,26.5,26.511802853437093,26.9,26.5,77100.0,77100.0,0.0,2044060000.0,0.0,1500.0,39767704.280155644,0.0,0.0,0.0,110900.0,0.0,114100.0,4.4655208173022345,61196479.0,,,,1000.0
2019-12-04T00:00:00,DGC,27.0,26.4,26.6,26.653463855421688,27.0,26.9,66400.0,66400.0,0.0,1769790000.0,0.0,1500.0,39980195.78313253,8500.0,226554442.77108434,0.0,224900.0,0.0,96900.0,4.4655208173022345,61194979.0,,,,1000.0
2019-12-05T00:00:00,DGC,27.2,26.9,27.0,27.03606060606061,27.0,27.0,33000.0,33000.0,0.0,892190000.0,0.0,2200.0,59479333.333333336,1000.0,27036060.606060605,0.0,109800.0,0.0,144800.0,4.4655208173022345,61192779.0,,,,1000.0
2019-12-06T00:00:00,DGC,29.7,27.2,27.2,29.124465926721566,29.7,27.0,837900.0,837900.0,0.0,24403390000.0,0.0,0.0,0.0,0.0,0.0,0.0,957300.0,0.0,852000.0,4.4655208173022345,61192779.0,,,,1000.0
2019-12-09T00:00:00,DGC,31.5,28.5,29.7,30.096660165772796,28.6,29.7,410200.0,410200.0,0.0,12345650000.0,0.0,4100.0,123396306.67966846,4700.0,141454302.77913213,0.0,574900.0,0.0,667500.0,4.4655208173022345,61197179.0,,,,1000.0
2019-12-10T00:00:00,DGC,29.4,28.6,28.8,28.900456621004565,28.9,28.6,131400.0,131400.0,0.0,3797520000.0,0.0,1500.0,43350684.93150685,0.0,0.0,0.0,314600.0,0.0,277900.0,4.4655208173022345,61196679.0,,,,1000.0
2019-12-11T00:00:00,DGC,29.3,28.2,28.8,28.801759927797832,28.8,28.9,221600.0,221600.0,0.0,6382470000.0,0.0,1500.0,43202639.89169675,0.0,0.0,0.0,425000.0,0.0,395000.0,4.4655208173022345,61195179.0,,,,1000.0
2019-12-12T00:00:00,DGC,29.2,28.0,28.8,28.59063670411985,28.0,28.8,240300.0,240300.0,0.0,6870330000.0,0.0,0.0,0.0,0.0,0.0,0.0,383400.0,0.0,439900.0,4.4655208173022345,61199879.0,,,,1000.0
2019-12-13T00:00:00,DGC,28.5,27.5,28.0,27.883899821109125,27.7,28.0,167700.0,167700.0,0.0,4676130000.0,0.0,0.0,0.0,2600.0,72498139.53488372,0.0,339000.0,0.0,359800.0,4.4655208173022345,61199879.0,,,,1000.0
2019-12-16T00:00:00,DGC,28.3,27.5,27.7,27.715820734341253,28.0,27.7,185200.0,185200.0,0.0,5132970000.0,0.0,1500.0,41573731.10151188,700.0,19401074.514038876,0.0,323600.0,0.0,262700.0,4.4655208173022345,61198379.0,,,,1000.0
2019-12-17T00:00:00,DGC,28.0,27.7,27.9,27.79963768115942,27.9,28.0,55200.0,55200.0,0.0,1534540000.0,0.0,1500.0,41699456.52173913,0.0,0.0,0.0,174300.0,0.0,142600.0,4.4655208173022345,61196879.0,,,,1000.0
2019-12-18T00:00:00,DGC,28.0,26.9,28.0,27.412896222318714,27.1,27.9,230300.0,230300.0,0.0,6313190000.0,0.0,1500.0,41119344.33347807,0.0,0.0,0.0,282900.0,0.0,350700.0,4.4655208173022345,61197979.0,,,,1000.0
2019-12-19T00:00:00,DGC,27.2,26.7,27.2,26.93228346456693,27.2,27.1,76200.0,76200.0,0.0,2052240000.0,0.0,0.0,0.0,0.0,0.0,0.0,105700.0,0.0,149100.0,4.4655208173022345,61198679.0,,,,1000.0
2019-12-20T00:00:00,DGC,26.8,25.8,26.8,26.102645502645505,25.8,27.2,56700.0,56700.0,0.0,1480020000.0,0.0,0.0,0.0,0.0,0.0,0.0,74800.0,0.0,142600.0,4.3013472579722665,61198679.0,,,,1000.0
2019-12-23T00:00:00,DGC,26.0,25.5,26.0,25.614285714285714,25.5,25.8,80500.0,80500.0,0.0,2061950000.0,0.0,1500.0,38421428.571428575,0.0,0.0,0.0,114500.0,0.0,155600.0,4.3013472579722665,61197179.0,,,,1000.0
2019-12-24T00:00:00,DGC,26.1,25.0,26.1,25.243614457831324,25.1,25.5,124500.0,124500.0,0.0,3142830000.0,0.0,0.0,0.0,0.0,0.0,0.0,175900.0,0.0,199900.0,4.3013472579722665,61197179.0,,,,1000.0
2019-12-25T00:00:00,DGC,25.3,25.0,25.2,25.18203125,25.1,25.1,51200.0,51200.0,0.0,1289320000.0,0.0,0.0,0.0,0.0,0.0,0.0,105500.0,0.0,127600.0,4.3013472579722665,61197179.0,,,,1000.0
2019-12-26T00:00:00,DGC,25.7,25.0,25.2,25.125075528700904,25.0,25.1,99300.0,99300.0,0.0,2494920000.0,0.0,0.0,0.0,0.0,0.0,0.0,139000.0,0.0,136000.0,4.3013472579722665,61197179.0,,,,1000.0
2019-12-27T00:00:00,DGC,25.5,24.9,25.0,25.059420289855073,24.9,25.0,814635.0,69000.0,745635.0,20958375000.0,19229275000.0,0.0,0.0,0.0,0.0,0.0,96400.0,0.0,145600.0,4.3013472579722665,61197179.0,,,,1000.0
2019-12-30T00:00:00,DGC,25.0,23.5,24.9,24.49269792467333,24.4,24.9,130100.0,130100.0,0.0,3186500000.0,0.0,50.0,1224634.8962336665,1000.0,24492697.92467333,0.0,220100.0,0.0,178800.0,4.3013472579722665,61197129.0,,,,1000.0
2019-12-31T00:00:00,DGC,24.7,24.4,24.4,24.45544871794872,24.4,24.4,62400.0,62400.0,0.0,1526020000.0,0.0,1000.0,24455448.717948716,20.0,489108.9743589744,0.0,108800.0,0.0,102200.0,4.3013472579722665,61196129.0,,,,1000.0
2020-01-02T00:00:00,DGC,24.7,24.3,24.4,24.407659115426103,24.7,24.4,92700.0,92700.0,0.0,2262590000.0,0.0,1000.0,24407659.115426105,10.0,244076.59115426106,0.0,132400.0,0.0,109500.0,4.3013472579722665,61195129.0,,,,1000.0
2020-01-03T00:00:00,DGC,24.7,24.2,24.7,24.46950146627566,24.3,24.7,68200.0,68200.0,0.0,1668820000.0,0.0,0.0,0.0,0.0,0.0,0.0,102600.0,0.0,111600.0,4.3013472579722665,61196129.0,,,,1000.0
2020-01-06T00:00:00,DGC,24.3,23.8,24.3,24.073979591836736,23.8,24.3,58800.0,58800.0,0.0,1415550000.0,0.0,500.0,12036989.795918368,0.0,0.0,0.0,78600.0,0.0,109500.0,4.3013472579722665,61195649.0,,,,1000.0
2020-01-07T00:00:00,DGC,24.4,23.8,23.8,24.26876712328767,24.3,23.8,36500.0,36500.0,0.0,885810000.0,0.0,0.0,0.0,0.0,0.0,0.0,110700.0,0.0,71400.0,4.3013472579722665,61195659.0,,,,1000.0
2020-01-08T00:00:00,DGC,24.4,23.1,24.3,23.946554149085795,23.1,24.3,71100.0,71100.0,0.0,1702600000.0,0.0,0.0,0.0,0.0,0.0,0.0,85700.0,0.0,97500.0,4.3013472579722665,61195659.0,,,,1000.0
2020-01-09T00:00:00,DGC,24.2,22.9,23.1,23.954024556616645,24.0,23.1,73300.0,73300.0,0.0,1755830000.0,0.0,0.0,0.0,8500.0,203609208.73124146,0.0,182900.0,0.0,92800.0,4.3013472579722665,61195659.0,,,,1000.0
2020-01-10T00:00:00,DGC,24.4,24.0,24.1,24.087872340425534,24.0,24.0,47000.0,47000.0,0.0,1132130000.0,0.0,0.0,0.0,0.0,0.0,0.0,106100.0,0.0,73500.0,4.3013472579722665,61195659.0,,,,1000.0
2020-01-13T00:00:00,DGC,24.1,23.9,23.9,24.026315789473685,24.1,24.0,72200.0,72200.0,0.0,1734700000.0,0.0,0.0,0.0,0.0,0.0,0.0,151300.0,0.0,110600.0,4.3013472579722665,61195659.0,,,,1000.0
2020-01-14T00:00:00,DGC,24.7,24.2,24.2,24.41319018404908,24.6,24.1,32600.0,32600.0,0.0,795870000.0,0.0,0.0,0.0,0.0,0.0,0.0,85600.0,0.0,60300.0,4.3013472579722665,61204159.0,,,,1000.0
2020-01-15T00:00:00,DGC,24.6,24.4,24.6,24.48884892086331,24.6,24.6,27800.0,27800.0,0.0,680790000.0,0.0,0.0,0.0,0.0,0.0,0.0,83300.0,0.0,61400.0,4.3013472579722665,61204159.0,,,,1000.0
2020-01-16T00:00:00,DGC,24.6,24.4,24.6,24.56382113821138,24.5,24.6,24600.0,24600.0,0.0,604270000.0,0.0,0.0,0.0,0.0,0.0,0.0,76400.0,0.0,59800.0,4.3013472579722665,61204159.0,,,,1000.0
2020-01-17T00:00:00,DGC,24.7,24.5,24.5,24.5972602739726,24.7,24.5,29200.0,29200.0,0.0,718240000.0,0.0,0.0,0.0,0.0,0.0,0.0,84400.0,0.0,48200.0,4.3013472579722665,61204159.0,,,,1000.0
2020-01-20T00:00:00,DGC,25.0,24.7,24.8,24.80761154855643,24.8,24.7,38100.0,38100.0,0.0,945170000.0,0.0,0.0,0.0,0.0,0.0,0.0,92200.0,0.0,77400.0,4.3013472579722665,61204159.0,,,,1000.0
2020-01-21T00:00:00,DGC,25.0,24.7,24.7,24.874841437632135,24.8,24.8,47300.0,47300.0,0.0,1176580000.0,0.0,0.0,0.0,0.0,0.0,0.0,65000.0,0.0,76500.0,4.3013472579722665,61204159.0,,,,1000.0
2020-01-22T00:00:00,DGC,25.2,24.9,24.9,25.071052631578947,25.2,24.8,15200.0,15200.0,0.0,381080000.0,0.0,0.0,0.0,0.0,0.0,0.0,60200.0,0.0,31800.0,4.3013472579722665,61204159.0,,,,1000.0
2020-01-30T00:00:00,DGC,25.7,25.2,25.3,25.351318101933217,25.6,25.2,113800.0,113800.0,0.0,2884980000.0,0.0,800.0,20281054.481546573,4400.0,111545799.64850615,0.0,165200.0,0.0,139000.0,4.3013472579722665,61203359.0,,,,1000.0
2020-01-31T00:00:00,DGC,25.5,24.6,25.5,24.90762331838565,24.6,25.6,223000.0,223000.0,0.0,5554400000.0,0.0,0.0,0.0,0.0,0.0,0.0,271400.0,0.0,289400.0,4.3013472579722665,61203359.0,,,,1000.0
2020-02-03T00:00:00,DGC,24.5,23.5,24.5,23.72241379310345,23.9,24.6,133400.0,133400.0,0.0,3164570000.0,0.0,0.0,0.0,0.0,0.0,0.0,225700.0,0.0,256600.0,4.3013472579722665,61203359.0,,,,1000.0
2020-02-04T00:00:00,DGC,24.7,23.9,24.6,24.102312138728326,24.1,23.9,69200.0,69200.0,0.0,1667880000.0,0.0,6000.0,144613872.83236995,6000.0,144613872.83236995,0.0,159300.0,0.0,139100.0,4.3013472579722665,61201759.0,,,,1000.0
2020-02-05T00:00:00,DGC,24.5,24.1,24.2,24.258695652173913,24.2,24.1,18400.0,18400.0,0.0,446360000.0,0.0,8000.0,194069565.2173913,6000.0,145552173.91304347,0.0,105200.0,0.0,92700.0,4.3013472579722665,61193759.0,,,,1000.0
2020-02-06T00:00:00,DGC,24.5,24.1,24.5,24.19351669941061,24.2,24.2,50900.0,50900.0,0.0,1231450000.0,0.0,0.0,0.0,0.0,0.0,0.0,157800.0,0.0,86500.0,4.3013472579722665,61193759.0,,,,1000.0
2020-02-07T00:00:00,DGC,24.3,24.2,24.2,24.265239726027396,24.3,24.2,58400.0,58400.0,0.0,1417090000.0,0.0,0.0,0.0,0.0,0.0,0.0,118700.0,0.0,89900.0,4.3013472579722665,61199759.0,,,,1000.0
2020-02-10T00:00:00,DGC,24.4,24.2,24.3,24.3,24.3,24.3,34700.0,34700.0,0.0,843210000.0,0.0,0.0,0.0,0.0,0.0,0.0,85500.0,0.0,75100.0,4.3013472579722665,61205759.0,,,,1000.0
2020-02-11T00:00:00,DGC,24.5,24.3,24.4,24.312162162162164,24.3,24.3,29600.0,29600.0,0.0,719640000.0,0.0,0.0,0.0,0.0,0.0,0.0,109200.0,0.0,94800.0,4.3013472579722665,61205759.0,,,,1000.0
2020-02-12T00:00:00,DGC,24.9,24.2,24.2,24.556939501779357,24.8,24.3,56200.0,56200.0,0.0,1380100000.0,0.0,0.0,0.0,5980.0,146850498.22064057,0.0,157800.0,0.0,109600.0,4.3013472579722665,61205759.0,,,,1000.0
2020-02-13T00:00:00,DGC,24.8,24.6,24.8,24.767058823529414,24.6,24.8,51000.0,51000.0,0.0,1263120000.0,0.0,0.0,0.0,0.0,0.0,0.0,115900.0,0.0,290800.0,4.3013472579722665,61205759.0,,,,1000.0
2020-02-14T00:00:00,DGC,24.6,24.4,24.6,24.510552763819096,24.5,24.6,59700.0,59700.0,0.0,1463280000.0,0.0,0.0,0.0,0.0,0.0,0.0,106100.0,0.0,119500.0,4.3013472579722665,61205759.0,,,,1000.0
2020-02-17T00:00:00,DGC,24.5,24.4,24.5,24.45521042084168,24.4,24.5,99800.0,99800.0,0.0,2440630000.0,0.0,0.0,0.0,800.0,19564168.336673345,0.0,164500.0,0.0,138400.0,4.3013472579722665,61211739.0,,,,1000.0
2020-02-18T00:00:00,DGC,25.0,24.5,24.5,24.962320916905444,25.0,24.4,69800.0,69800.0,0.0,1742370000.0,0.0,0.0,0.0,0.0,0.0,0.0,182300.0,0.0,262800.0,4.3013472579722665,61211739.0,,,,1000.0
2020-02-19T00:00:00,DGC,24.8,24.7,24.8,24.752709359605912,24.8,25.0,40600.0,40600.0,0.0,1004960000.0,0.0,0.0,0.0,0.0,0.0,0.0,98200.0,0.0,86600.0,4.3013472579722665,61211739.0,,,,1000.0
2020-02-20T00:00:00,DGC,24.9,24.7,24.8,24.718872549019608,24.7,24.8,163200.0,163200.0,0.0,4034120000.0,0.0,0.0,0.0,100000.0,2471887254.901961,0.0,268800.0,0.0,212900.0,4.3013472579722665,61212539.0,,,,1000.0
2020-02-21T00:00:00,DGC,25.1,24.5,24.8,24.644415414761596,24.6,24.7,306200.0,306200.0,0.0,7546120000.0,0.0,1000.0,24644415.414761595,240800.0,5934375231.874592,0.0,364100.0,0.0,349600.0,4.3013472579722665,61211539.0,,,,1000.0
2020-02-24T00:00:00,DGC,24.6,23.8,24.5,24.029032258064515,24.0,24.6,322400.0,322400.0,0.0,7746960000.0,0.0,0.0,0.0,226500.0,5442575806.451612,0.0,409600.0,0.0,418600.0,4.3013472579722665,61211539.0,,,,1000.0
2020-02-25T00:00:00,DGC,24.7,23.5,23.7,23.988632030505244,24.6,24.0,419600.0,419600.0,0.0,10065630000.0,0.0,0.0,0.0,372653.0,8939435692.06387,0.0,548200.0,0.0,448300.0,4.3013472579722665,61311539.0,,,,1000.0
2020-02-26T00:00:00,DGC,24.6,24.3,24.6,24.48170731707317,24.4,24.6,32800.0,32800.0,0.0,803000000.0,0.0,0.0,0.0,2900.0,70996951.2195122,0.0,103500.0,0.0,85700.0,4.3013472579722665,61552339.0,,,,1000.0
2020-02-27T00:00:00,DGC,24.5,24.3,24.4,24.404516129032256,24.3,24.4,31000.0,31000.0,0.0,756540000.0,0.0,0.0,0.0,5100.0,124463032.25806452,0.0,74900.0,0.0,95100.0,4.3013472579722665,61778839.0,,,,1000.0
2020-02-28T00:00:00,DGC,24.4,24.2,24.3,24.279382889200562,24.4,24.3,71300.0,71300.0,0.0,1731120000.0,0.0,0.0,0.0,0.0,0.0,0.0,132500.0,0.0,133500.0,4.3013472579722665,62151492.0,,,,1000.0
2020-03-02T00:00:00,DGC,24.6,24.3,24.3,24.45849056603774,24.3,24.4,37191.0,37100.0,91.0,909412000.0,2002000.0,0.0,0.0,1200.0,29350188.679245282,0.0,85300.0,0.0,119500.0,4.3013472579722665,62154392.0,,,,1000.0
2020-03-03T00:00:00,DGC,24.4,24.3,24.4,24.363636363636363,24.3,24.3,19800.0,19800.0,0.0,482400000.0,0.0,0.0,0.0,1200.0,29236363.636363637,0.0,77400.0,0.0,81900.0,4.3013472579722665,62159492.0,,,,1000.0
2020-03-04T00:00:00,DGC,24.5,24.1,24.2,24.404558823529413,24.3,24.3,68000.0,68000.0,0.0,1659510000.0,0.0,0.0,0.0,1200.0,29285470.588235293,0.0,170400.0,0.0,151400.0,4.3013472579722665,62159492.0,,,,1000.0
2020-03-05T00:00:00,DGC,24.5,24.3,24.3,24.465322580645164,24.4,24.3,62000.0,62000.0,0.0,1516850000.0,0.0,0.0,0.0,1200.0,29358387.096774194,0.0,196200.0,0.0,142800.0,4.3013472579722665,62160692.0,,,,1000.0
2020-03-06T00:00:00,DGC,24.7,24.2,24.4,24.401388888888892,24.4,24.4,50400.0,50400.0,0.0,1229830000.0,0.0,0.0,0.0,4600.0,112246388.8888889,0.0,132200.0,0.0,114000.0,4.3013472579722665,62161892.0,,,,1000.0
2020-03-09T00:00:00,DGC,24.4,22.7,24.4,23.46444776119403,22.7,24.4,335000.0,335000.0,0.0,7860590000.0,0.0,0.0,0.0,1200.0,28157337.313432835,0.0,514600.0,0.0,470700.0,4.3013472579722665,62163092.0,,,,1000.0
2020-03-10T00:00:00,DGC,23.6,22.7,22.7,23.256383712905453,23.2,22.7,144900.0,144900.0,0.0,3369850000.0,0.0,0.0,0.0,1200.0,27907660.455486543,0.0,248800.0,0.0,215300.0,4.3013472579722665,62164292.0,,,,1000.0
2020-03-11T00:00:00,DGC,23.9,22.8,23.5,22.980365993137628,22.9,23.2,262300.0,262300.0,0.0,6027750000.0,0.0,0.0,0.0,6200.0,142478269.1574533,0.0,328600.0,0.0,315100.0,4.3013472579722665,62168892.0,,,,1000.0
2020-03-12T00:00:00,DGC,22.9,21.8,22.9,22.132593457943923,22.4,22.9,342450.0,342400.0,50.0,7579235000.0,1035000.0,0.0,0.0,1200.0,26559112.14953271,0.0,440100.0,0.0,429900.0,4.3013472579722665,62170092.0,,,,1000.0
2020-03-13T00:00:00,DGC,23.0,21.0,21.0,22.415696806923307,22.6,22.4,335100.0,335100.0,0.0,7511500000.0,0.0,0.0,0.0,1300.0,29140405.849000297,0.0,504900.0,0.0,440200.0,4.3013472579722665,62171292.0,,,,1000.0
2020-03-16T00:00:00,DGC,24.0,22.5,22.6,23.165584415584416,22.8,22.6,61600.0,61600.0,0.0,1427000000.0,0.0,0.0,0.0,1200.0,27798701.298701297,0.0,134300.0,0.0,275900.0,4.3013472579722665,62177492.0,,,,1000.0
2020-03-17T00:00:00,DGC,22.8,22.2,22.8,22.44936660268714,22.5,22.8,260500.0,260500.0,0.0,5848060000.0,0.0,0.0,0.0,4100.0,92042403.07101728,0.0,392900.0,0.0,408300.0,4.3013472579722665,62178692.0,,,,1000.0
2020-03-18T00:00:00,DGC,23.0,22.5,22.7,22.589167280766397,22.8,22.5,135700.0,135700.0,0.0,3065350000.0,0.0,0.0,0.0,1200.0,27107000.736919675,0.0,234300.0,0.0,218600.0,4.3013472579722665,62179992.0,,,,1000.0
2020-03-19T00:00:00,DGC,22.7,21.9,22.2,22.199190751445087,22.5,22.8,86500.0,86500.0,0.0,1920230000.0,0.0,0.0,0.0,2270.0,50392163.00578035,0.0,238700.0,0.0,138100.0,4.3013472579722665,62181192.0,,,,1000.0
2020-03-20T00:00:00,DGC,22.5,22.3,22.4,22.413295880149814,22.3,22.5,53400.0,53400.0,0.0,1196870000.0,0.0,0.0,0.0,2200.0,49309250.93632959,0.0,122100.0,0.0,116700.0,4.3013472579722665,62185292.0,,,,1000.0
2020-03-23T00:00:00,DGC,22.3,21.5,22.0,21.95029264214047,21.5,22.3,239200.0,239200.0,0.0,5250510000.0,0.0,0.0,0.0,0.0,0.0,0.0,272400.0,0.0,390700.0,4.3013472579722665,62186492.0,,,,1000.0
2020-03-24T00:00:00,DGC,22.4,21.5,21.5,21.616171617161715,21.5,21.5,30300.0,30300.0,0.0,654970000.0,0.0,0.0,0.0,0.0,0.0,0.0,111900.0,0.0,204300.0,4.3013472579722665,62188762.0,,,,1000.0
2020-03-25T00:00:00,DGC,21.6,20.8,21.6,21.109435421500386,21.4,21.5,873925.0,129300.0,744625.0,17175175000.0,14445725000.0,0.0,0.0,0.0,0.0,0.0,152800.0,0.0,193100.0,4.3013472579722665,62190962.0,,,,1000.0
2020-03-26T00:00:00,DGC,22.5,20.7,22.5,20.953865652724968,21.0,21.4,78900.0,78900.0,0.0,1653260000.0,0.0,0.0,0.0,0.0,0.0,0.0,85200.0,0.0,434500.0,4.3013472579722665,62190962.0,,,,1000.0
2020-03-27T00:00:00,DGC,21.3,20.2,21.0,20.509680365296806,21.0,21.0,109500.0,109500.0,0.0,2245810000.0,0.0,10.0,205096.80365296802,0.0,0.0,0.0,123200.0,0.0,356100.0,4.3013472579722665,62190952.0,,,,1000.0
2020-03-30T00:00:00,DGC,22.8,19.7,21.0,20.221507064364207,20.2,21.0,63700.0,63700.0,0.0,1288110000.0,0.0,0.0,0.0,0.0,0.0,0.0,80100.0,0.0,303600.0,4.3013472579722665,62190952.0,,,,1000.0
2020-03-31T00:00:00,DGC,20.9,18.4,20.9,19.390760869565216,19.4,20.2,73600.0,73600.0,0.0,1427160000.0,0.0,0.0,0.0,0.0,0.0,0.0,169100.0,0.0,174300.0,4.3013472579722665,62190952.0,,,,1000.0
2020-04-01T00:00:00,DGC,19.9,18.5,19.4,19.282271468144046,19.9,19.4,36100.0,36100.0,0.0,696090000.0,0.0,0.0,0.0,0.0,0.0,0.0,283500.0,0.0,68300.0,4.3013472579722665,62190952.0,,,,1000.0
2020-04-03T00:00:00,DGC,20.9,19.5,20.0,19.76049481245012,19.9,19.9,250600.0,250600.0,0.0,4951980000.0,0.0,7600.0,150179760.5746209,0.0,0.0,0.0,366400.0,0.0,304100.0,4.3013472579722665,62183352.0,,,,1000.0
2020-04-06T00:00:00,DGC,21.4,19.9,19.9,20.463656147986942,21.4,19.9,91900.0,91900.0,0.0,1880610000.0,0.0,0.0,0.0,0.0,0.0,0.0,212300.0,0.0,111400.0,4.3013472579722665,62183352.0,,,,1000.0
2020-04-07T00:00:00,DGC,21.7,21.2,21.5,21.480372250423013,21.5,21.4,118200.0,118200.0,0.0,2538980000.0,0.0,0.0,0.0,0.0,0.0,0.0,201800.0,0.0,243700.0,4.3013472579722665,62183352.0,,,,1000.0
2020-04-08T00:00:00,DGC,21.5,21.0,21.4,21.26765083440308,21.3,21.5,77900.0,77900.0,0.0,1656750000.0,0.0,0.0,0.0,43500.0,925142811.2965341,0.0,190200.0,0.0,129600.0,4.3013472579722665,62183352.0,,,,1000.0
2020-04-09T00:00:00,DGC,23.0,21.4,21.5,22.020529801324503,22.5,21.3,151000.0,151000.0,0.0,3325100000.0,0.0,0.0,0.0,10000.0,220205298.01324505,0.0,200600.0,0.0,205200.0,4.3013472579722665,62183352.0,,,,1000.0
2020-04-10T00:00:00,DGC,22.8,22.0,22.5,22.51354051054384,22.3,22.5,90100.0,90100.0,0.0,2028470000.0,0.0,0.0,0.0,3200.0,72043329.63374029,0.0,183400.0,0.0,307100.0,4.3013472579722665,62183352.0,,,,1000.0
2020-04-13T00:00:00,DGC,23.0,22.2,22.2,22.793912529550827,22.8,22.3,169200.0,169200.0,0.0,3856730000.0,0.0,0.0,0.0,0.0,0.0,0.0,255600.0,0.0,337600.0,4.3013472579722665,62226852.0,,,,1000.0
2020-04-14T00:00:00,DGC,22.8,22.6,22.8,22.663736263736265,22.7,22.8,36400.0,36400.0,0.0,824960000.0,0.0,0.0,0.0,0.0,0.0,0.0,87300.0,0.0,193600.0,4.3013472579722665,62236852.0,,,,1000.0
2020-04-15T00:00:00,DGC,22.9,22.6,22.7,22.70421875,22.6,22.7,64000.0,64000.0,0.0,1453070000.0,0.0,0.0,0.0,8200.0,186174593.75,0.0,131900.0,0.0,161600.0,4.3013472579722665,62240052.0,,,,1000.0
2020-04-16T00:00:00,DGC,23.4,22.3,22.6,22.91205862758161,23.4,22.6,150100.0,150100.0,0.0,3439100000.0,0.0,400.0,9164823.451032644,0.0,0.0,0.0,316200.0,0.0,180700.0,4.3013472579722665,62239652.0,,,,1000.0
2020-04-17T00:00:00,DGC,24.7,23.4,23.5,24.257724550898207,24.4,23.4,250500.0,250500.0,0.0,6076560000.0,0.0,2600.0,63070083.83233533,0.0,0.0,0.0,346500.0,0.0,346500.0,4.3013472579722665,62237052.0,,,,1000.0
2020-04-20T00:00:00,DGC,26.8,24.4,24.6,26.17866262998552,25.6,24.4,759700.0,759700.0,0.0,19887930000.0,0.0,0.0,0.0,3335.0,87305839.8710017,0.0,812100.0,0.0,896600.0,4.3013472579722665,62245252.0,,,,1000.0
2020-04-21T00:00:00,DGC,25.9,24.8,25.6,25.426937926937928,25.4,25.6,336700.0,336700.0,0.0,8561250000.0,0.0,0.0,0.0,1000.0,25426937.926937927,0.0,545800.0,0.0,667400.0,4.3013472579722665,62245252.0,,,,1000.0
2020-04-22T00:00:00,DGC,25.5,24.3,25.4,25.078529980657642,25.5,25.4,103400.0,103400.0,0.0,2593120000.0,0.0,0.0,0.0,0.0,0.0,0.0,400700.0,0.0,403800.0,4.3013472579722665,62245252.0,,,,1000.0
2020-04-23T00:00:00,DGC,26.5,25.6,25.6,25.980210157618213,25.9,25.5,228400.0,228400.0,0.0,5933880000.0,0.0,0.0,0.0,0.0,0.0,0.0,448900.0,0.0,459300.0,4.3013472579722665,62248587.0,,,,1000.0
2020-04-24T00:00:00,DGC,27.5,25.3,25.9,26.705302871515407,27.0,25.9,477100.0,477100.0,0.0,12741100000.0,0.0,100.0,2670530.2871515406,11100.0,296428861.873821,0.0,943000.0,0.0,842400.0,4.3013472579722665,62249487.0,,,,1000.0
2020-04-27T00:00:00,DGC,27.4,26.7,27.0,26.927423822714683,26.9,27.0,72200.0,72200.0,0.0,1944160000.0,0.0,0.0,0.0,0.0,0.0,0.0,183000.0,0.0,261100.0,4.3013472579722665,62249487.0,,,,1000.0
2020-04-28T00:00:00,DGC,27.0,26.3,27.0,26.474901341752172,26.6,26.9,126700.0,126700.0,0.0,3354370000.0,0.0,0.0,0.0,805.0,21312295.580110498,0.0,262500.0,0.0,276200.0,4.3013472579722665,62249487.0,,,,1000.0
2020-04-29T00:00:00,DGC,27.0,26.0,26.4,26.633549316054715,26.7,26.6,138900.0,138900.0,0.0,3699400000.0,0.0,0.0,0.0,0.0,0.0,0.0,378000.0,0.0,363500.0,4.3013472579722665,62260587.0,,,,1000.0
2020-05-04T00:00:00,DGC,27.7,26.7,26.7,27.41321212121212,27.6,26.7,247500.0,247500.0,0.0,6784770000.0,0.0,200.0,5482642.424242424,0.0,0.0,0.0,637700.0,0.0,359300.0,4.3013472579722665,62260387.0,,,,1000.0
2020-05-05T00:00:00,DGC,28.7,26.7,26.7,28.10608223872073,28.7,27.6,350200.0,350200.0,0.0,9842750000.0,0.0,0.0,0.0,0.0,0.0,0.0,513800.0,0.0,499200.0,4.3013472579722665,62261192.0,,,,1000.0
2020-05-06T00:00:00,DGC,29.2,28.4,28.7,28.852454495311637,29.2,28.7,181300.0,181300.0,0.0,5230950000.0,0.0,0.0,0.0,0.0,0.0,0.0,455800.0,0.0,328700.0,4.3013472579722665,62261192.0,,,,1000.0
2020-05-07T00:00:00,DGC,29.2,28.8,29.2,28.96534052596089,28.9,29.2,148300.0,148300.0,0.0,4295560000.0,0.0,0.0,0.0,200.0,5793068.105192178,0.0,320600.0,0.0,379000.0,4.3013472579722665,62261192.0,,,,1000.0
2020-05-08T00:00:00,DGC,28.9,28.4,28.7,28.61685994647636,28.6,28.9,112100.0,112100.0,0.0,3207950000.0,0.0,0.0,0.0,0.0,0.0,0.0,177500.0,0.0,288800.0,4.3013472579722665,62261192.0,,,,1000.0
2020-05-11T00:00:00,DGC,29.5,28.1,28.6,29.036878936319102,29.0,28.6,142900.0,142900.0,0.0,4149370000.0,0.0,0.0,0.0,13400.0,389094177.74667597,0.0,278700.0,0.0,333000.0,4.3013472579722665,62261192.0,,,,1000.0
2020-05-12T00:00:00,DGC,29.6,29.0,29.1,29.290652173913045,29.3,29.0,92000.0,92000.0,0.0,2694740000.0,0.0,0.0,0.0,0.0,0.0,0.0,206900.0,0.0,287600.0,4.3013472579722665,62261392.0,,,,1000.0
2020-05-13T00:00:00,DGC,30.5,29.2,29.2,29.815043909889273,30.4,29.3,261900.0,261900.0,0.0,7808560000.0,0.0,0.0,0.0,115.0,3428730.049637266,0.0,365400.0,0.0,410800.0,4.3013472579722665,62261392.0,,,,1000.0
2020-05-14T00:00:00,DGC,32.9,30.0,30.0,31.854908565928778,31.9,30.4,317400.0,207800.0,109600.0,9721130000.0,3101680000.0,0.0,0.0,0.0,0.0,0.0,285600.0,0.0,489700.0,4.3013472579722665,62274792.0,,,,1000.0
2020-05-15T00:00:00,DGC,32.0,31.2,31.8,31.628481510621558,31.2,31.9,127100.0,127100.0,0.0,4019980000.0,0.0,400.0,12651392.604248622,0.0,0.0,0.0,208400.0,0.0,423700.0,4.3013472579722665,62274392.0,,,,1000.0
2020-05-18T00:00:00,DGC,31.8,31.0,31.2,31.60643141718839,31.8,31.2,175700.0,175700.0,0.0,5553250000.0,0.0,1600.0,50570290.26750142,0.0,0.0,0.0,272500.0,0.0,308000.0,4.3013472579722665,62272907.0,,,,1000.0
2020-05-19T00:00:00,DGC,32.4,31.6,32.0,31.938139971817755,31.7,31.8,212900.0,212900.0,0.0,6799630000.0,0.0,0.0,0.0,3500.0,111783489.90136214,0.0,291100.0,0.0,527900.0,4.3013472579722665,62272907.0,,,,1000.0
2020-05-20T00:00:00,DGC,32.3,31.5,31.7,32.0218984962406,32.3,31.7,106400.0,106400.0,0.0,3407130000.0,0.0,0.0,0.0,8200.0,262579567.66917294,0.0,218200.0,0.0,338400.0,4.3013472579722665,62272907.0,,,,1000.0
2020-05-21T00:00:00,DGC,32.5,31.9,32.0,32.19795037756203,32.3,32.3,185400.0,185400.0,0.0,5969500000.0,0.0,0.0,0.0,0.0,0.0,0.0,314600.0,0.0,260200.0,4.3013472579722665,62272907.0,,,,1000.0
2020-05-22T00:00:00,DGC,32.8,32.1,32.3,32.56655231560892,32.6,32.3,174900.0,174900.0,0.0,5695890000.0,0.0,0.0,0.0,0.0,0.0,0.0,326000.0,0.0,536800.0,4.3013472579722665,62276407.0,,,,1000.0
2020-05-25T00:00:00,DGC,33.1,29.5,32.7,32.79006007646095,33.0,32.6,183100.0,183100.0,0.0,6003860000.0,0.0,0.0,0.0,0.0,0.0,0.0,249400.0,0.0,450500.0,4.3013472579722665,62284607.0,,,,1000.0
2020-05-26T00:00:00,DGC,33.5,32.8,33.0,33.18788221970555,33.5,33.0,176600.0,176600.0,0.0,5860980000.0,0.0,0.0,0.0,0.0,0.0,0.0,300700.0,0.0,487900.0,4.3013472579722665,62284607.0,,,,1000.0
2020-05-27T00:00:00,DGC,36.8,33.7,33.7,35.77805419813416,35.5,33.5,450200.0,450200.0,0.0,16107280000.0,0.0,0.0,0.0,3500.0,125223189.69346957,0.0,574200.0,0.0,884900.0,4.3013472579722665,62284607.0,,,,1000.0
2020-05-28T00:00:00,DGC,37.2,35.6,35.6,36.67998480820357,36.8,35.5,263300.0,263300.0,0.0,9657840000.0,0.0,0.0,0.0,37000.0,1357159437.903532,0.0,375700.0,0.0,974000.0,4.3013472579722665,62284607.0,,,,1000.0
2020-05-29T00:00:00,DGC,37.1,36.5,37.0,36.76040931545519,36.8,36.8,141700.0,141700.0,0.0,5208950000.0,0.0,0.0,0.0,600.0,22056245.589273114,0.0,250700.0,0.0,590200.0,4.3013472579722665,62284607.0,,,,1000.0
2020-06-01T00:00:00,DGC,39.3,36.6,36.6,37.96404389880953,39.2,36.8,537600.0,537600.0,0.0,20409470000.0,0.0,0.0,0.0,0.0,0.0,0.0,698700.0,0.0,838400.0,4.3013472579722665,62288107.0,,,,1000.0
2020-06-02T00:00:00,DGC,40.6,38.6,39.5,39.52323529411765,38.9,39.2,272000.0,272000.0,0.0,10750320000.0,0.0,2550.0,100784250.0,200.0,7904647.05882353,0.0,369800.0,0.0,644700.0,4.3013472579722665,62322557.0,,,,1000.0
2020-06-03T00:00:00,DGC,39.0,37.5,39.0,38.30098522167488,38.2,38.9,162400.0,162400.0,0.0,6220080000.0,0.0,0.0,0.0,0.0,0.0,0.0,261800.0,0.0,574400.0,4.3013472579722665,62323157.0,,,,1000.0
2020-06-04T00:00:00,DGC,40.1,38.0,38.3,39.375880487397765,40.0,38.2,599100.0,599100.0,0.0,23590090000.0,0.0,1200.0,47251056.58487732,17600.0,693015496.5782006,0.0,739600.0,0.0,804000.0,4.3013472579722665,62321957.0,,,,1000.0
2020-06-05T00:00:00,DGC,41.9,40.0,40.4,41.121562245728235,41.5,40.0,737400.0,737400.0,0.0,30323040000.0,0.0,25900.0,1065048462.1643612,0.0,0.0,0.0,946200.0,0.0,1280800.0,4.3013472579722665,62296257.0,,,,1000.0
2020-06-08T00:00:00,DGC,42.0,41.2,41.5,41.74239049740164,41.6,41.5,464115.0,404100.0,60015.0,19112661000.0,2244561000.0,0.0,0.0,0.0,0.0,0.0,511000.0,0.0,856400.0,4.3013472579722665,62296257.0,,,,1000.0
2020-06-09T00:00:00,DGC,41.5,40.0,41.5,40.94633875739645,40.9,41.6,270400.0,270400.0,0.0,11071890000.0,0.0,0.0,0.0,0.0,0.0,0.0,468100.0,0.0,607300.0,4.3013472579722665,62313857.0,,,,1000.0
2020-06-10T00:00:00,DGC,40.5,39.4,40.3,39.93289375928677,40.0,40.9,623400.0,538400.0,85000.0,24636370000.0,3136500000.0,220.0,8785236.62704309,14700.0,587013538.2615156,0.0,753800.0,0.0,686400.0,4.3013472579722665,62313637.0,,,,1000.0
2020-06-11T00:00:00,DGC,39.2,36.5,39.2,37.53129651945842,36.8,40.0,1410700.0,1410700.0,0.0,52945400000.0,0.0,7000.0,262719075.63620898,0.0,0.0,0.0,1596600.0,0.0,2006600.0,4.3013472579722665,62306637.0,,,,1000.0
2020-06-12T00:00:00,DGC,38.5,35.0,36.0,36.722828543752016,38.5,36.8,360927.0,309700.0,51227.0,13073796400.0,1700736400.0,0.0,0.0,8800.0,323160891.18501776,0.0,708200.0,0.0,385400.0,4.3013472579722665,62306637.0,,,,1000.0
2020-06-15T00:00:00,DGC,39.2,38.0,38.8,38.55117328519856,38.5,38.5,221600.0,221600.0,0.0,8542940000.0,0.0,0.0,0.0,500.0,19275586.642599277,0.0,416200.0,0.0,435300.0,4.3013472579722665,62321337.0,,,,1000.0
2020-06-16T00:00:00,DGC,38.7,38.0,38.0,38.39247083775185,38.6,38.5,94300.0,94300.0,0.0,3620410000.0,0.0,1000.0,38392470.83775186,14800.0,568208568.3987274,0.0,485600.0,0.0,260500.0,4.3013472579722665,62320337.0,,,,1000.0
2020-06-17T00:00:00,DGC,38.6,38.1,38.6,38.261475409836066,38.2,38.6,85400.0,85400.0,0.0,3267530000.0,0.0,900.0,34435327.86885246,0.0,0.0,0.0,291700.0,0.0,331600.0,4.3013472579722665,62328237.0,,,,1000.0
2020-06-18T00:00:00,DGC,38.3,37.7,38.3,38.014659685863876,38.0,38.2,133700.0,133700.0,0.0,5082560000.0,0.0,0.0,0.0,0.0,0.0,0.0,299300.0,0.0,335100.0,4.3013472579722665,62328737.0,,,,1000.0
2020-06-19T00:00:00,DGC,40.0,38.0,38.0,39.29510989010989,39.3,38.0,482000.0,182000.0,300000.0,18551710000.0,11400000000.0,0.0,0.0,0.0,0.0,0.0,405100.0,0.0,546000.0,4.3013472579722665,62343537.0,,,,1000.0
2020-06-22T00:00:00,DGC,39.3,38.8,39.3,38.95142517814727,38.8,39.3,168400.0,168400.0,0.0,6559420000.0,0.0,0.0,0.0,3000.0,116854275.5344418,0.0,248700.0,0.0,465700.0,4.3013472579722665,62343537.0,,,,1000.0
2020-06-23T00:00:00,DGC,39.0,38.6,39.0,38.81425485961123,38.8,38.8,46300.0,46300.0,0.0,1797100000.0,0.0,10.0,388142.5485961123,0.0,0.0,0.0,122000.0,0.0,148800.0,4.3013472579722665,62343527.0,,,,1000.0
2020-06-24T00:00:00,DGC,39.2,38.3,38.9,38.55229793977813,38.4,38.8,126200.0,126200.0,0.0,4865300000.0,0.0,0.0,0.0,11700.0,451061885.8954041,0.0,210600.0,0.0,323500.0,4.3013472579722665,62343527.0,,,,1000.0
2020-06-25T00:00:00,DGC,38.7,38.0,38.3,38.404716981132076,38.4,38.4,95400.0,95400.0,0.0,3663810000.0,0.0,200.0,7680943.396226415,0.0,0.0,0.0,247400.0,0.0,323700.0,4.3013472579722665,62346327.0,,,,1000.0
2020-06-26T00:00:00,DGC,40.9,38.4,38.4,39.80360793746242,39.6,38.4,498900.0,498900.0,0.0,19858020000.0,0.0,1.0,39803.60793746242,0.0,0.0,0.0,647500.0,0.0,1102300.0,4.3013472579722665,62346326.0,,,,1000.0
2020-06-29T00:00:00,DGC,39.4,38.5,39.4,38.92777471010492,38.8,39.6,181100.0,181100.0,0.0,7049820000.0,0.0,0.0,0.0,0.0,0.0,0.0,285600.0,0.0,515600.0,4.3013472579722665,62358026.0,,,,1000.0
2020-06-30T00:00:00,DGC,39.5,38.2,38.8,38.70855875831486,39.5,38.8,225500.0,225500.0,0.0,8728780000.0,0.0,100.0,3870855.8758314857,21100.0,816750589.8004434,0.0,393800.0,0.0,414700.0,4.3013472579722665,62357926.0,,,,1000.0
2020-07-01T00:00:00,DGC,40.0,38.7,38.8,39.61620947630922,39.8,39.5,200500.0,200500.0,0.0,7943050000.0,0.0,0.0,0.0,0.0,0.0,0.0,437500.0,0.0,662300.0,4.3013472579722665,62357926.0,,,,1000.0
2020-07-02T00:00:00,DGC,39.8,39.4,39.8,39.59593094944513,39.5,39.8,81100.0,81100.0,0.0,3211230000.0,0.0,0.0,0.0,0.0,0.0,0.0,142800.0,0.0,446800.0,4.3013472579722665,62357926.0,,,,1000.0
2020-07-03T00:00:00,DGC,41.3,39.7,39.7,40.54933650901667,40.8,39.5,881700.0,881700.0,0.0,35752350000.0,0.0,0.0,0.0,0.0,0.0,0.0,1089600.0,0.0,1622600.0,4.3013472579722665,62379026.0,,,,1000.0
2020-07-06T00:00:00,DGC,41.1,40.0,40.5,40.663839811542985,40.8,40.8,169800.0,169800.0,0.0,6904720000.0,0.0,0.0,0.0,0.0,0.0,0.0,258300.0,0.0,810000.0,4.3013472579722665,62379026.0,,,,1000.0
2020-07-07T00:00:00,DGC,41.0,40.3,40.8,40.76504336224149,40.3,40.8,149900.0,149900.0,0.0,6110680000.0,0.0,0.0,0.0,3500.0,142677651.76784524,0.0,232100.0,0.0,762700.0,4.3013472579722665,62379026.0,,,,1000.0
2020-07-08T00:00:00,DGC,41.0,38.8,40.0,39.670543774931765,40.3,40.3,476300.0,476300.0,0.0,18895080000.0,0.0,900.0,35703489.397438586,0.0,0.0,0.0,706700.0,0.0,920700.0,4.3013472579722665,62378126.0,,,,1000.0
2020-07-09T00:00:00,DGC,40.2,39.0,40.0,39.827667269439424,40.1,40.3,165900.0,165900.0,0.0,6607410000.0,0.0,7000.0,278793670.886076,3400.0,135414068.71609405,0.0,438400.0,0.0,566700.0,4.3013472579722665,62371126.0,,,,1000.0
2020-07-10T00:00:00,DGC,40.3,39.5,40.1,39.69328358208955,39.9,40.1,160800.0,160800.0,0.0,6382680000.0,0.0,2600.0,103202537.31343284,3700.0,146865149.25373134,0.0,304600.0,0.0,528200.0,4.3013472579722665,62372026.0,,,,1000.0
2020-07-13T00:00:00,DGC,40.8,39.5,39.9,40.22940655447298,40.2,39.9,225800.0,225800.0,0.0,9083800000.0,0.0,20300.0,816656953.0558016,0.0,0.0,0.0,354100.0,0.0,740900.0,4.3013472579722665,62351726.0,,,,1000.0
2020-07-14T00:00:00,DGC,40.3,39.6,40.0,40.06325543916196,39.9,40.2,124100.0,124100.0,0.0,4971850000.0,0.0,5000.0,200316277.19580984,0.0,0.0,0.0,235700.0,0.0,554500.0,4.3013472579722665,62350126.0,,,,1000.0
2020-07-15T00:00:00,DGC,40.2,39.5,40.0,39.74675124951942,39.8,39.9,260100.0,260100.0,0.0,10338130000.0,0.0,3600.0,143088304.4982699,50.0,1987337.5624759707,0.0,373200.0,0.0,627500.0,4.3013472579722665,62350226.0,,,,1000.0
2020-07-16T00:00:00,DGC,41.8,40.0,40.3,40.683735558408216,40.4,39.8,779000.0,779000.0,0.0,31692630000.0,0.0,5400.0,219692172.01540437,0.0,0.0,0.0,942000.0,0.0,1458100.0,4.3013472579722665,62344826.0,,,,1000.0
2020-07-17T00:00:00,DGC,40.9,40.2,40.5,40.516017797552834,40.4,40.4,539400.0,539400.0,0.0,21854340000.0,0.0,3000.0,121548053.39265852,0.0,0.0,0.0,693700.0,0.0,1216600.0,4.3013472579722665,62341826.0,,,,1000.0
2020-07-28T00:00:00,DGC,38.0,36.0,37.7,37.316907356667556,37.6,39.7,485410.0,485410.0,0.0,18114000000.0,0.0,2780.0,103860000.0,0.0,0.0,721.0,1098240.0,826.0,1970950.0,4.3013472579722665,62339096.0,130320000.0,0.0,130320000.0,1000.0
2020-07-29T00:00:00,DGC,37.2,35.0,37.2,35.416809042822194,35.0,37.6,731630.0,731630.0,0.0,25912000000.0,0.0,3100.0,108640000.0,0.0,0.0,558.0,831600.0,556.0,1500190.0,4.3013472579722665,62335996.0,-4040525500.0,0.0,-4040525500.0,1000.0
2020-07-30T00:00:00,DGC,35.6,34.3,35.0,34.90025783688424,34.6,35.0,368450.0,368450.0,0.0,12859000000.0,0.0,0.0,0.0,0.0,0.0,509.0,695920.0,247.0,595250.0,4.3013472579722665,62335996.0,,,,1000.0
2020-07-31T00:00:00,DGC,36.0,33.5,34.5,34.7562774663416,34.8,34.6,643970.0,643970.0,0.0,22382000000.0,0.0,0.0,0.0,0.0,0.0,699.0,1373320.0,342.0,1097380.0,4.3013472579722665,62335996.0,,,,1000.0
2020-08-03T00:00:00,DGC,37.0,35.0,35.0,36.25746376620985,37.0,34.8,380170.0,380170.0,0.0,13784000000.0,0.0,800.0,28630000.0,0.0,0.0,769.0,1021270.0,361.0,717120.0,4.3013472579722665,62335196.0,,,,1000.0
2020-08-04T00:00:00,DGC,38.3,37.2,37.95,37.753813782219886,37.5,37.0,380200.0,380200.0,0.0,14354000000.0,0.0,3810.0,144700000.0,4900.0,182750000.0,583.0,744490.0,438.0,954780.0,4.3013472579722665,62331386.0,,,,1000.0
2020-08-05T00:00:00,DGC,37.9,37.1,37.5,37.70372939062451,37.8,37.5,317210.0,317210.0,0.0,11960000000.0,0.0,8640.0,324630000.0,0.0,0.0,418.0,746400.0,421.0,852950.0,4.3013472579722665,62322746.0,,,,1000.0
2020-08-06T00:00:00,DGC,38.0,37.4,37.5,37.68685195182338,37.6,37.8,537190.0,537190.0,0.0,20245000000.0,0.0,4400.0,166220000.0,0.0,0.0,424.0,904460.0,509.0,1169350.0,4.3013472579722665,62318346.0,,,,1000.0
2020-08-07T00:00:00,DGC,33.7,32.3,32.3,33.03562963384341,32.8,37.6,527370.0,527370.0,0.0,17422000000.0,0.0,200.0,6650000.0,2120.0,69770000.0,909.0,1060820.0,510.0,1331050.0,3.6905639056071458,62323046.0,,,,1000.0
2020-08-10T00:00:00,DGC,33.5,32.7,33.5,32.9251790488135,32.8,32.8,302990.0,302990.0,0.0,9976000000.0,0.0,0.0,0.0,8800.0,290460000.0,422.0,802590.0,351.0,665980.0,3.6905639056071458,62323046.0,,,,1000.0
2020-08-11T00:00:00,DGC,33.1,32.55,33.0,32.82328048817883,32.75,32.8,326110.0,326110.0,0.0,10704000000.0,0.0,3300.0,108240000.0,3490.0,114520000.0,319.0,699820.0,364.0,709900.0,3.6905639056071458,62319746.0,13345500.0,0.0,13345500.0,1000.0
2020-08-12T00:00:00,DGC,32.6,31.8,32.6,32.19964531545883,32.1,32.75,665380.0,665380.0,0.0,21425000000.0,0.0,35000.0,1124900000.0,370.0,12040000.0,615.0,1204000.0,464.0,1167030.0,3.6905639056071458,62286866.0,1443268500.0,0.0,1443268500.0,1000.0
2020-08-13T00:00:00,DGC,32.45,31.9,32.45,32.08015525567541,32.2,32.1,221570.0,221570.0,0.0,7108000000.0,0.0,24040.0,769450000.0,3700.0,118880000.0,405.0,452720.0,216.0,476560.0,3.6905639056071458,62271626.0,,,,1000.0
2020-08-14T00:00:00,DGC,32.8,32.1,32.2,32.42853804813459,32.6,32.2,256780.0,256780.0,0.0,8327000000.0,0.0,25260.0,817520000.0,0.0,0.0,378.0,432740.0,300.0,459390.0,3.6905639056071458,62249856.0,,,,1000.0
2020-08-17T00:00:00,DGC,32.5,32.05,32.5,32.148281487315074,32.3,32.6,177770.0,177770.0,0.0,5715000000.0,0.0,18260.0,587520000.0,0.0,0.0,335.0,394120.0,205.0,360050.0,3.6905639056071458,62231966.0,-89740000.0,0.0,-89740000.0,1000.0
2020-08-18T00:00:00,DGC,32.5,32.15,32.3,32.23948811700183,32.15,32.3,109400.0,109400.0,0.0,3527000000.0,0.0,20320.0,654470000.0,0.0,0.0,256.0,209430.0,233.0,444940.0,3.6905639056071458,62215346.0,193800000.0,0.0,193800000.0,1000.0
2020-08-19T00:00:00,DGC,33.95,31.85,32.15,32.88497439088603,33.45,32.15,626730.0,626730.0,0.0,20610000000.0,0.0,35410.0,1150880000.0,0.0,0.0,779.0,1265100.0,647.0,1314310.0,3.6905639056071458,62179936.0,319561000.0,0.0,319561000.0,1000.0
2020-08-20T00:00:00,DGC,34.2,33.5,33.8,33.789525820494774,33.55,33.45,767220.0,767220.0,0.0,25924000000.0,0.0,450.0,15340000.0,7270.0,244490000.0,737.0,1077570.0,690.0,1394680.0,3.6905639056071458,62179486.0,,,,1000.0
2020-08-21T00:00:00,DGC,33.95,33.6,33.8,33.79987982893295,33.8,33.55,282930.0,282930.0,0.0,9563000000.0,0.0,1770.0,59820000.0,50.0,1690000.0,414.0,679360.0,433.0,727960.0,3.6905639056071458,62177711.0,,,,1000.0
2020-08-24T00:00:00,DGC,36.15,34.0,34.0,35.863359752399674,36.15,33.8,4781900.0,4781900.0,0.0,171495000000.0,0.0,60650.0,2113520000.0,0.0,0.0,3475.0,7291990.0,1157.0,5345980.0,3.6905639056071458,62117061.0,1807500000.0,0.0,1807500000.0,1000.0
2020-08-25T00:00:00,DGC,38.65,38.4,38.65,38.64549528666358,38.65,36.15,1811880.0,1811880.0,0.0,70021000000.0,0.0,40000.0,1546000000.0,15600.0,602940000.0,2002.0,4054010.0,382.0,1816140.0,3.6905639056071458,62084331.0,-1932500000.0,0.0,-1932500000.0,1000.0
2020-08-26T00:00:00,DGC,41.0,39.1,41.0,39.82758127152849,39.5,38.65,2096060.0,2096060.0,0.0,83481000000.0,0.0,83020.0,3279540000.0,23980.0,955750000.0,2106.0,3407700.0,1989.0,5915790.0,3.6905639056071458,62001361.0,-2286053000.0,0.0,-2286053000.0,1000.0
2020-08-27T00:00:00,DGC,39.55,38.0,39.1,38.99896143028433,39.1,39.5,2243470.0,2243470.0,0.0,87493000000.0,0.0,61750.0,2416270000.0,500.0,19580000.0,2211.0,3904100.0,2051.0,4530110.0,3.6905639056071458,71287515.0,,,,1000.0
2020-08-28T00:00:00,DGC,40.5,39.3,39.5,39.75324146592234,39.5,39.1,1449190.0,1449190.0,0.0,57610000000.0,0.0,31120.0,1244450000.0,0.0,0.0,1399.0,2597310.0,1625.0,3375070.0,3.6905639056071458,71271995.0,,,,1000.0
2020-08-31T00:00:00,DGC,40.3,38.2,39.5,39.00231627065086,38.95,39.5,1303820.0,1303820.0,0.0,50852000000.0,0.0,38320.0,1490170000.0,250.0,10000000.0,1885.0,2136480.0,1413.0,2937410.0,3.6905639056071458,71257655.0,-3554143500.0,0.0,-3554143500.0,1000.0
2020-09-01T00:00:00,DGC,38.95,38.25,38.55,38.53907909421464,38.7,38.95,833310.0,833310.0,0.0,32115000000.0,0.0,99840.0,3847250000.0,5900.0,227450000.0,1374.0,1705700.0,829.0,1798800.0,3.6905639056071458,71158315.0,-878460000.0,0.0,-878460000.0,1000.0
2020-09-03T00:00:00,DGC,39.8,38.6,39.0,39.33953364617096,39.75,38.7,1653680.0,1653680.0,0.0,65055000000.0,0.0,57020.0,2248340000.0,0.0,0.0,1446.0,2577690.0,1434.0,3114780.0,3.6905639056071458,71101295.0,-1140700000.0,0.0,-1140700000.0,1000.0
2020-09-04T00:00:00,DGC,39.55,38.8,39.2,39.290856164023666,39.45,39.75,951570.0,951570.0,0.0,37388000000.0,0.0,92080.0,3623250000.0,0.0,0.0,1237.0,2024260.0,926.0,2002730.0,3.6905639056071458,71009465.0,394000000.0,0.0,394000000.0,1000.0
2020-09-07T00:00:00,DGC,40.9,39.5,39.5,40.40642095159314,40.0,39.45,2562860.0,2562860.0,0.0,103556000000.0,0.0,67240.0,2737070000.0,3700.0,148010000.0,2493.0,4226710.0,2805.0,4692510.0,3.6905639056071458,70948125.0,-1816450000.0,0.0,-1816450000.0,1000.0
2020-09-08T00:00:00,DGC,40.4,39.6,40.0,39.99706807699681,40.4,40.0,906790.0,886790.0,20000.0,36213000000.0,744000000.0,31800.0,1276160000.0,0.0,0.0,1169.0,1746450.0,1137.0,1822570.0,3.6905639056071458,70916325.0,,,,1000.0
2020-09-09T00:00:00,DGC,41.8,39.6,39.6,40.65929723695779,41.2,40.4,1012290.0,1012290.0,0.0,41159000000.0,0.0,27390.0,1113870000.0,60.0,2460000.0,1348.0,2105340.0,1115.0,1808120.0,3.6905639056071458,70888935.0,,,,1000.0
2020-09-10T00:00:00,DGC,41.6,40.35,41.5,41.12041606433711,40.5,41.2,1203660.0,1203660.0,0.0,49495000000.0,0.0,17160.0,708410000.0,19640.0,804070000.0,1123.0,1899860.0,1229.0,2601490.0,3.6905639056071458,70875475.0,249000000.0,0.0,249000000.0,1000.0
2020-09-11T00:00:00,DGC,40.9,40.0,40.3,40.482823968660284,40.8,40.5,707090.0,707090.0,0.0,28625000000.0,0.0,52150.0,2116090000.0,0.0,0.0,994.0,1734580.0,785.0,1576830.0,3.6905639056071458,70823325.0,-810000000.0,0.0,-810000000.0,1000.0
2020-09-14T00:00:00,DGC,41.6,40.4,40.8,40.86047229510727,41.25,40.8,1295800.0,1295800.0,0.0,52947000000.0,0.0,49300.0,2003240000.0,0.0,0.0,1310.0,2402220.0,1037.0,2151030.0,3.6905639056071458,70774085.0,,,,1000.0
2020-09-15T00:00:00,DGC,41.45,40.65,41.25,41.03201973073104,40.65,41.25,936610.0,936610.0,0.0,38431000000.0,0.0,20090.0,827720000.0,480.0,19700000.0,987.0,1439180.0,863.0,1912940.0,3.6905639056071458,70773635.0,,,,1000.0
2020-09-16T00:00:00,DGC,40.8,40.2,40.5,40.52352748593708,40.6,40.65,671980.0,671980.0,0.0,27231000000.0,0.0,12480.0,505920000.0,730.0,29660000.0,862.0,1249860.0,622.0,1444010.0,3.6905639056071458,70761155.0,-1071055000.0,0.0,-1071055000.0,1000.0
2020-09-17T00:00:00,DGC,40.8,40.0,40.6,40.372596584730466,40.3,40.6,836830.0,836830.0,0.0,33785000000.0,0.0,19070.0,774300000.0,0.0,0.0,1062.0,1466060.0,732.0,1506810.0,3.6905639056071458,70742085.0,-1097925000.0,0.0,-1097925000.0,1000.0
2020-09-18T00:00:00,DGC,40.7,40.15,40.15,40.415166278330865,40.65,40.3,566520.0,566520.0,0.0,22896000000.0,0.0,55800.0,2255550000.0,0.0,0.0,777.0,1296620.0,603.0,986240.0,3.6905639056071458,70686765.0,-1550540000.0,0.0,-1550540000.0,1000.0
2020-09-21T00:00:00,DGC,41.3,40.3,40.9,40.67970556315765,40.3,40.65,847720.0,847720.0,0.0,34485000000.0,0.0,11770.0,484530000.0,16760.0,679370000.0,1053.0,1470620.0,853.0,1704240.0,3.6905639056071458,70675717.0,-1213632000.0,0.0,-1213632000.0,1000.0
2020-09-22T00:00:00,DGC,40.5,40.05,40.25,40.25198856186706,40.35,40.3,1055941.0,800830.0,255111.0,41801662500.0,9566662500.0,9970.0,402690000.0,0.0,0.0,911.0,1320920.0,629.0,1497870.0,3.6905639056071458,70665747.0,-1209858500.0,0.0,-1209858500.0,1000.0
2020-09-23T00:00:00,DGC,40.45,40.15,40.4,40.24823907542912,40.15,40.35,584920.0,584920.0,0.0,23542000000.0,0.0,25000.0,1006770000.0,15050.0,605750000.0,840.0,1018840.0,567.0,1194990.0,3.6905639056071458,70640747.0,-1202382000.0,0.0,-1202382000.0,1000.0
2020-09-24T00:00:00,DGC,41.3,39.7,40.0,40.59326616860616,40.6,40.15,998540.0,998540.0,0.0,40534000000.0,0.0,25220.0,1012760000.0,500.0,20050000.0,1408.0,2035690.0,997.0,2021550.0,3.6905639056071458,70632287.0,-324850000.0,0.0,-324850000.0,1000.0
2020-09-25T00:00:00,DGC,42.8,40.55,40.55,41.91534178390613,42.8,40.6,2929190.0,2929190.0,0.0,122778000000.0,0.0,66710.0,2798060000.0,4500.0,189500000.0,2273.0,5011590.0,2434.0,4506200.0,3.6905639056071458,70565577.0,,,,1000.0
2020-09-28T00:00:00,DGC,43.85,42.8,42.8,43.173704131210904,43.0,42.8,745060.0,745060.0,0.0,32167000000.0,0.0,1000.0,43250000.0,28560.0,1226290000.0,873.0,1340510.0,1130.0,1949370.0,3.6905639056071458,70579627.0,,,,1000.0
2020-09-29T00:00:00,DGC,43.55,42.2,43.0,42.89054645228136,42.3,43.0,1042360.0,1042360.0,0.0,44707390000.0,0.0,100.0,4330000.0,8410.0,358900000.0,886.0,1768070.0,1255.0,2386620.0,3.6905639056071458,70580027.0,,,,1000.0
2020-09-30T00:00:00,DGC,42.6,41.4,42.0,41.84921972305663,42.6,42.3,1364900.0,1364900.0,0.0,57120000000.0,0.0,4800.0,200160000.0,4910.0,204340000.0,1529.0,2411430.0,856.0,2068180.0,3.6905639056071458,70579727.0,-3758000000.0,0.0,-3758000000.0,1000.0
2020-10-01T00:00:00,DGC,43.0,41.6,42.8,42.35454139429129,42.0,42.6,985160.0,985160.0,0.0,41726000000.0,0.0,1020.0,43660000.0,0.0,0.0,1115.0,1761760.0,823.0,1817980.0,3.6905639056071458,70607267.0,-4227511000.0,0.0,-4227511000.0,1000.0
2020-10-02T00:00:00,DGC,42.9,41.5,42.0,42.15456674473068,42.1,42.0,1319430.0,1319430.0,0.0,55620000000.0,0.0,16180.0,682630000.0,190.0,7900000.0,1252.0,2553970.0,1152.0,2574030.0,3.6905639056071458,70599497.0,-5171345500.0,0.0,-5171345500.0,1000.0
2020-10-05T00:00:00,DGC,42.8,42.25,42.4,42.46792752281444,42.5,42.1,680490.0,680490.0,0.0,28899000000.0,0.0,31490.0,1344280000.0,11240.0,476600000.0,659.0,1552660.0,740.0,1420940.0,3.6905639056071458,70572917.0,-3149430000.0,0.0,-3149430000.0,1000.0
2020-10-06T00:00:00,DGC,43.0,42.35,43.0,42.639554178015715,42.5,42.5,638820.0,638820.0,0.0,27239000000.0,0.0,7080.0,303800000.0,15580.0,660980000.0,744.0,3706090.0,894.0,1702670.0,3.6905639056071458,70565837.0,,,,1000.0
2020-10-07T00:00:00,DGC,42.9,42.35,42.5,42.531916030126595,42.4,42.5,936050.0,936050.0,0.0,39812000000.0,0.0,6450.0,273990000.0,3040.0,128900000.0,806.0,1964640.0,851.0,1729040.0,3.6905639056071458,70559577.0,-5355290500.0,0.0,-5355290500.0,1000.0
2020-10-08T00:00:00,DGC,42.7,42.15,42.4,42.3452856679987,42.3,42.4,740720.0,740720.0,0.0,31366000000.0,0.0,12070.0,511900000.0,0.0,0.0,768.0,1521410.0,753.0,1425380.0,3.6905639056071458,70558747.0,-244470000.0,0.0,-244470000.0,1000.0
2020-10-09T00:00:00,DGC,43.8,42.25,42.6,43.06525869974191,43.4,42.3,1057790.0,1057790.0,0.0,45554000000.0,0.0,27740.0,1186030000.0,3360.0,142000000.0,1036.0,2389860.0,1104.0,1931980.0,3.6905639056071458,70546587.0,,,,1000.0
2020-10-12T00:00:00,DGC,43.85,42.3,43.5,43.10473864576358,42.3,43.4,1015480.0,1015480.0,0.0,43772000000.0,0.0,6080.0,265370000.0,14990.0,644030000.0,930.0,1561950.0,980.0,2227320.0,3.6905639056071458,70543547.0,-121552500.0,0.0,-121552500.0,1000.0
2020-10-13T00:00:00,DGC,42.7,42.0,42.35,42.20996322300234,42.2,42.3,717840.0,717840.0,0.0,30300000000.0,0.0,0.0,0.0,920.0,38820000.0,878.0,1529270.0,416.0,1180110.0,3.6905639056071458,70543547.0,-2827576000.0,0.0,-2827576000.0,1000.0
2020-10-14T00:00:00,DGC,42.95,42.3,42.95,42.52068446784506,42.5,42.2,425440.0,425440.0,0.0,18090000000.0,0.0,1160.0,49600000.0,0.0,0.0,574.0,1042860.0,539.0,860270.0,3.6905639056071458,70545747.0,512091000.0,0.0,512091000.0,1000.0
2020-10-15T00:00:00,DGC,42.7,42.05,42.6,42.19649408887077,42.1,42.5,613250.0,613250.0,0.0,25877000000.0,0.0,1770.0,75230000.0,3220.0,136270000.0,821.0,1475090.0,552.0,1091340.0,3.6905639056071458,70558967.0,1099950000.0,0.0,1099950000.0,1000.0
2020-10-16T00:00:00,DGC,42.1,41.4,42.1,41.65979328954738,41.55,42.1,982050.0,982050.0,0.0,40912000000.0,0.0,0.0,0.0,7710.0,320950000.0,1233.0,1843260.0,944.0,1732800.0,3.6905639056071458,70559871.0,,,,1000.0
2020-10-19T00:00:00,DGC,43.0,41.6,41.6,42.181989924433246,42.0,41.55,635200.0,635200.0,0.0,26794000000.0,0.0,0.0,0.0,3410.0,143240000.0,795.0,1628180.0,920.0,1762030.0,3.6905639056071458,70559871.0,209652000.0,0.0,209652000.0,1000.0
2020-10-20T00:00:00,DGC,42.1,41.1,42.1,41.597537117639035,41.25,42.0,659390.0,659390.0,0.0,27429000000.0,0.0,750.0,31400000.0,6630.0,276480000.0,870.0,1118380.0,671.0,1422620.0,3.6905639056071458,70562341.0,919203500.0,0.0,919203500.0,1000.0
2020-10-21T00:00:00,DGC,41.5,40.65,41.5,41.08252987380412,40.65,41.25,572436.0,537260.0,35176.0,23422758400.0,1350758400.0,0.0,0.0,31160.0,1278730000.0,792.0,827990.0,708.0,1467140.0,3.6905639056071458,70570051.0,1236600000.0,0.0,1236600000.0,1000.0
2020-10-22T00:00:00,DGC,41.3,40.5,40.7,41.000270077831516,41.1,40.65,407290.0,407290.0,0.0,16699000000.0,0.0,500.0,20500000.0,0.0,0.0,591.0,858800.0,581.0,960060.0,3.6905639056071458,70572961.0,,,,1000.0
2020-10-23T00:00:00,DGC,42.0,41.2,41.5,41.705727678061045,41.9,41.1,524820.0,524820.0,0.0,21888000000.0,0.0,5000.0,208100000.0,15690.0,653330000.0,457.0,2071720.0,721.0,1274770.0,3.6905639056071458,70574591.0,,,,1000.0
2020-10-26T00:00:00,DGC,42.7,41.7,42.7,42.116964120298896,41.7,41.9,485790.0,485790.0,0.0,20460000000.0,0.0,150.0,6330000.0,31670.0,1333100000.0,513.0,950370.0,759.0,1514330.0,3.6905639056071458,70605601.0,,,,1000.0
2020-10-27T00:00:00,DGC,42.0,41.2,41.7,41.59134206152973,41.3,41.7,493420.0,493420.0,0.0,20522000000.0,0.0,3800.0,157740000.0,13120.0,543290000.0,660.0,1090690.0,529.0,1145600.0,3.6905639056071458,70601801.0,,,,1000.0
2020-10-28T00:00:00,DGC,41.3,40.3,41.1,40.711650979394555,40.45,41.3,628960.0,628960.0,0.0,25606000000.0,0.0,100.0,4050000.0,37890.0,1543700000.0,785.0,1058420.0,502.0,1361270.0,3.6905639056071458,70617391.0,,,,1000.0
2020-10-29T00:00:00,DGC,41.0,40.0,40.0,40.279473612806946,40.45,40.45,368550.0,368550.0,0.0,14845000000.0,0.0,5100.0,205740000.0,8020.0,323120000.0,649.0,721290.0,476.0,931520.0,3.6905639056071458,70643961.0,1883782000.0,0.0,1883782000.0,1000.0
2020-10-30T00:00:00,DGC,40.8,40.25,40.45,40.37879478315524,40.4,40.45,254560.0,254560.0,0.0,10278826000.0,0.0,0.0,0.0,33020.0,1331880000.0,565.0,702110.0,283.0,757050.0,3.6905639056071458,70657081.0,593842000.0,0.0,593842000.0,1000.0
2020-11-02T00:00:00,DGC,43.0,40.5,40.5,41.416444623041016,41.15,40.4,323510.0,323510.0,0.0,13398634000.0,0.0,1160.0,47800000.0,25370.0,1047300000.0,453.0,552830.0,721.0,1752550.0,3.6905639056071458,70693811.0,,,,1000.0
2020-11-03T00:00:00,DGC,41.95,41.15,41.15,41.57178206800038,41.7,41.15,314410.0,314410.0,0.0,13070584000.0,0.0,0.0,0.0,8160.0,338770000.0,458.0,622540.0,656.0,1610490.0,3.6905639056071458,70701831.0,249030000.0,0.0,249030000.0,1000.0
2020-11-04T00:00:00,DGC,42.0,41.5,42.0,41.82127351929131,41.8,41.7,273180.0,273180.0,0.0,11424735500.0,0.0,0.0,0.0,4700.0,195940000.0,435.0,578970.0,667.0,1274420.0,3.6905639056071458,70734851.0,,,,1000.0
2020-11-05T00:00:00,DGC,42.95,41.8,41.8,42.48083937295658,42.25,41.8,804410.0,804410.0,0.0,34172012000.0,0.0,400.0,16940000.0,5510.0,233280000.0,1025.0,1398580.0,1309.0,2537170.0,3.6905639056071458,70759821.0,,,,1000.0
2020-11-06T00:00:00,DGC,42.75,42.05,42.25,42.42539943609023,42.4,42.25,340480.0,340480.0,0.0,14445000000.0,0.0,500.0,21130000.0,7260.0,306380000.0,554.0,648360.0,759.0,1758160.0,3.6905639056071458,70767481.0,,,,1000.0
2020-11-09T00:00:00,DGC,45.35,42.8,42.8,44.36470059397115,45.35,42.4,3904230.0,3904230.0,0.0,173209995000.0,0.0,32050.0,1435410000.0,11910.0,527530000.0,3816.0,7007220.0,2398.0,5574910.0,3.6905639056071458,70740131.0,,,,1000.0
2020-11-10T00:00:00,DGC,46.75,45.3,46.5,45.91,45.4,45.35,952870.0,952870.0,0.0,43744850000.0,0.0,0.0,0.0,14310.0,654040000.0,1071.0,1498630.0,1326.0,2824930.0,3.6905639056071458,70745636.0,,,,1000.0
2020-11-11T00:00:00,DGC,47.05,45.4,45.6,46.396995373722255,46.35,45.4,814910.0,814910.0,0.0,37809375500.0,0.0,15360.0,716950000.0,2810.0,129940000.0,1105.0,1614390.0,1175.0,2185700.0,3.6905639056071458,70737536.0,,,,1000.0
2020-11-12T00:00:00,DGC,47.0,45.7,46.2,46.14767280083627,46.8,46.35,1329710.0,1329710.0,0.0,61363022000.0,0.0,30000.0,1383760000.0,2170.0,99570000.0,1491.0,2332700.0,1126.0,2297810.0,3.6905639056071458,70719446.0,230200000.0,0.0,230200000.0,1000.0
2020-11-13T00:00:00,DGC,47.7,46.5,46.8,46.96732440953021,46.7,46.8,967450.0,967450.0,0.0,45438538000.0,0.0,35310.0,1653540000.0,800.0,37440000.0,1020.0,1654470.0,1190.0,2468990.0,3.6905639056071458,70698446.0,-1492292000.0,0.0,-1492292000.0,1000.0
2020-11-16T00:00:00,DGC,46.9,45.0,46.6,46.16564402231224,45.5,46.7,1375030.0,1375030.0,0.0,63479145500.0,0.0,8610.0,396720000.0,0.0,0.0,1294.0,2108350.0,984.0,2487720.0,3.6905639056071458,70692646.0,,,,1000.0
2020-11-17T00:00:00,DGC,46.5,45.5,45.8,45.86611780417117,46.5,45.5,703880.0,703880.0,0.0,32284243000.0,0.0,92360.0,4241330000.0,0.0,0.0,1072.0,1613870.0,709.0,1329390.0,3.6905639056071458,70602456.0,,,,1000.0
2020-11-18T00:00:00,DGC,47.6,46.3,46.35,46.992431833248204,47.0,46.5,920170.0,920170.0,0.0,43241026000.0,0.0,41260.0,1932760000.0,1120.0,52530000.0,757.0,1908520.0,1077.0,2020230.0,3.6905639056071458,70561996.0,-236500000.0,0.0,-236500000.0,1000.0
2020-11-19T00:00:00,DGC,47.2,46.6,47.0,46.961946632749736,47.0,47.0,770510.0,770510.0,0.0,36184649500.0,0.0,20710.0,972600000.0,0.0,0.0,879.0,1597300.0,827.0,1669810.0,3.6905639056071458,70541286.0,,,,1000.0
2020-11-20T00:00:00,DGC,49.0,46.75,46.8,47.99956006987126,48.3,47.0,1391130.0,1391130.0,0.0,66773628000.0,0.0,9870.0,475700000.0,5000.0,237500000.0,1265.0,2747720.0,1555.0,3239020.0,3.6905639056071458,70531416.0,-3062426000.0,0.0,-3062426000.0,1000.0
2020-11-23T00:00:00,DGC,48.9,47.8,48.3,48.27276415401891,48.05,48.3,828210.0,828210.0,0.0,39979986000.0,0.0,38550.0,1866130000.0,1300.0,62790000.0,839.0,1619370.0,1034.0,2098480.0,3.6905639056071458,70493981.0,,,,1000.0
2020-11-24T00:00:00,DGC,48.45,47.25,48.1,47.9122705654395,47.5,48.05,1135400.0,1135400.0,0.0,54399592000.0,0.0,0.0,0.0,200.0,9510000.0,1044.0,2198390.0,1079.0,2387590.0,3.6905639056071458,70493981.0,,,,1000.0
2020-11-25T00:00:00,DGC,47.95,46.5,47.95,46.971818781908276,46.6,47.5,1196790.0,1196790.0,0.0,56215403000.0,0.0,0.0,0.0,18360.0,858180000.0,1556.0,2334800.0,1026.0,2557340.0,3.6905639056071458,70498981.0,-512725000.0,0.0,-512725000.0,1000.0
2020-11-26T00:00:00,DGC,47.5,46.1,46.3,46.82346911167894,46.7,46.6,665300.0,665300.0,0.0,31151654000.0,0.0,10020.0,468990000.0,0.0,0.0,720.0,1539600.0,809.0,1260960.0,3.6905639056071458,70490261.0,-4700007500.0,0.0,-4700007500.0,1000.0
2020-11-27T00:00:00,DGC,47.25,46.75,46.8,47.001320137783914,47.15,46.7,571910.0,571910.0,0.0,26880525000.0,0.0,8380.0,395070000.0,0.0,0.0,663.0,1385560.0,628.0,1171050.0,3.6905639056071458,70482081.0,-2532985000.0,0.0,-2532985000.0,1000.0
2020-11-30T00:00:00,DGC,47.45,47.05,47.1,47.135021262540775,47.05,47.15,484420.0,484420.0,0.0,22833147000.0,0.0,22330.0,1054420000.0,200.0,9430000.0,518.0,717510.0,552.0,1139640.0,3.6905639056071458,70478111.0,-2638517000.0,0.0,-2638517000.0,1000.0
2020-12-01T00:00:00,DGC,47.5,46.3,46.3,46.98511048572024,47.5,47.05,575640.0,575640.0,0.0,27046509000.0,0.0,11220.0,529000000.0,0.0,0.0,1003.0,1511260.0,620.0,1084010.0,3.6905639056071458,70466891.0,,,,1000.0
2020-12-02T00:00:00,DGC,49.5,47.7,48.2,48.89247860996478,49.0,47.5,2050020.0,2050020.0,0.0,100230559000.0,0.0,22740.0,1117740000.0,0.0,0.0,2208.0,3620920.0,1835.0,4124200.0,3.6905639056071458,70444151.0,,,,1000.0
2020-12-03T00:00:00,DGC,49.5,48.8,49.5,49.059115724874474,49.0,49.0,250940.0,250940.0,0.0,12310894500.0,0.0,32300.0,1585520000.0,0.0,0.0,663.0,600390.0,685.0,1238560.0,3.6905639056071458,70412051.0,,,,1000.0
2020-12-04T00:00:00,DGC,48.95,48.5,48.7,48.689229130608446,48.65,49.0,450660.0,450660.0,0.0,21942288000.0,0.0,30310.0,1476000000.0,26860.0,1306120000.0,752.0,821960.0,618.0,1190760.0,3.6905639056071458,70381741.0,,,,1000.0
2020-12-07T00:00:00,DGC,48.75,48.2,48.65,48.53151336963755,48.6,48.65,736370.0,736370.0,0.0,35737150500.0,0.0,210.0,10220000.0,6970.0,336740000.0,924.0,1338790.0,626.0,1276700.0,3.6905639056071458,70381531.0,2915000000.0,0.0,2915000000.0,1000.0
2020-12-08T00:00:00,DGC,49.6,48.6,48.85,49.28141302905665,49.45,48.6,1230550.0,1130550.0,100000.0,60915101500.0,5200000000.0,15130.0,748330000.0,2000.0,97600000.0,1272.0,2015180.0,1143.0,2257040.0,3.6905639056071458,70366401.0,12876894500.0,0.0,12876894500.0,1000.0
2020-12-09T00:00:00,DGC,50.1,49.2,49.45,49.613028257993555,49.45,49.45,672730.0,672730.0,0.0,33376172500.0,0.0,30460.0,1508790000.0,1000.0,49600000.0,828.0,1076810.0,829.0,1589630.0,3.6905639056071458,70362801.0,3325200000.0,0.0,3325200000.0,1000.0
2020-12-10T00:00:00,DGC,49.6,48.7,49.45,49.12310604770501,48.7,49.45,880830.0,880830.0,0.0,43269105500.0,0.0,350.0,17230000.0,13170.0,645210000.0,730.0,1206410.0,706.0,1718270.0,3.6905639056071458,70369421.0,11254650000.0,0.0,11254650000.0,1000.0
2020-12-11T00:00:00,DGC,49.5,48.4,48.7,48.84830033993202,49.0,48.7,800160.0,800160.0,0.0,39086456000.0,0.0,0.0,0.0,10120.0,491210000.0,991.0,1965880.0,848.0,1879710.0,3.6905639056071458,70371421.0,1955500000.0,0.0,1955500000.0,1000.0
2020-12-14T00:00:00,DGC,48.4,47.8,48.3,48.05481874447391,48.05,47.5,1295033.0,633360.0,661673.0,59681946600.0,29245946600.0,690.0,33180000.0,5590.0,268220000.0,931.0,1210220.0,631.0,1319360.0,3.5775874594076122,70371731.0,2064000000.0,0.0,2064000000.0,1000.0
2020-12-15T00:00:00,DGC,48.9,47.75,48.05,48.216568268895855,48.05,48.05,574200.0,574200.0,0.0,27685953500.0,0.0,0.0,0.0,3220.0,154810000.0,934.0,1250190.0,633.0,1278440.0,3.5775874594076122,70384901.0,484850000.0,0.0,484850000.0,1000.0
2020-12-16T00:00:00,DGC,48.9,48.05,48.15,48.45655830364484,48.45,48.05,583840.0,583840.0,0.0,28290877000.0,0.0,20000.0,968890000.0,0.0,0.0,968.0,1174260.0,699.0,1469440.0,3.5775874594076122,70375021.0,,,,1000.0
2020-12-17T00:00:00,DGC,48.4,47.65,47.75,47.93902871239207,48.0,48.45,640490.0,640490.0,0.0,30704468500.0,0.0,27000.0,1295920000.0,18940.0,905150000.0,1000.0,1254840.0,513.0,1200720.0,3.5775874594076122,70353611.0,,,,1000.0
2020-12-18T00:00:00,DGC,48.3,47.85,48.0,47.991355887053814,47.95,48.0,525560.0,525560.0,0.0,25222337000.0,0.0,8460.0,405710000.0,0.0,0.0,771.0,985520.0,576.0,882470.0,3.5775874594076122,70348371.0,,,,1000.0
2020-12-21T00:00:00,DGC,48.5,47.8,48.4,48.06317813976105,47.8,47.95,575840.0,575840.0,0.0,27676700500.0,0.0,62570.0,3009830000.0,21620.0,1038560000.0,593.0,943760.0,809.0,1263140.0,3.5775874594076122,70285801.0,,,,1000.0
2020-12-22T00:00:00,DGC,48.0,47.15,47.8,47.53383383629981,47.95,47.8,811850.0,811850.0,0.0,38590343000.0,0.0,7470.0,355860000.0,41690.0,1977630000.0,1220.0,1450670.0,783.0,1474230.0,3.5775874594076122,70297271.0,,,,1000.0
2020-12-23T00:00:00,DGC,49.2,48.0,48.0,48.81417166854857,48.5,47.95,1009620.0,1009620.0,0.0,49283764000.0,0.0,2830.0,139200000.0,1000.0,48500000.0,1314.0,1609730.0,1215.0,2241760.0,3.5775874594076122,70294321.0,1926971500.0,0.0,1926971500.0,1000.0
2020-12-24T00:00:00,DGC,48.8,47.2,48.5,47.554729501267964,47.8,48.5,473200.0,473200.0,0.0,22502898000.0,0.0,100.0,4730000.0,65840.0,3125230000.0,640.0,959940.0,741.0,1250870.0,3.5775874594076122,70315841.0,,,,1000.0
2020-12-25T00:00:00,DGC,48.5,47.5,47.6,48.15149619571024,48.4,47.8,842470.0,842470.0,0.0,40566191000.0,0.0,0.0,0.0,25370.0,1211650000.0,824.0,1444710.0,1033.0,1632330.0,3.5775874594076122,70357531.0,,,,1000.0
2020-12-28T00:00:00,DGC,48.8,47.7,48.6,48.12071693735499,48.05,48.4,646500.0,646500.0,0.0,31110043500.0,0.0,300.0,14430000.0,13400.0,643510000.0,768.0,1013640.0,740.0,1342110.0,3.5775874594076122,70358231.0,,,,1000.0
2020-12-29T00:00:00,DGC,51.4,48.0,48.3,48.05,51.4,48.05,3333780.0,3283780.0,50000.0,168443121500.0,2570000000.0,510.0,24710000.0,520.0,26360000.0,2246.0,6211380.0,1816.0,4147000.0,3.5775874594076122,70423561.0,14655946000.0,0.0,14655946000.0,1000.0
2020-12-30T00:00:00,DGC,52.4,51.3,52.4,51.74196776254717,51.3,51.4,2573470.0,829470.0,1744000.0,126520610000.0,83602200000.0,42470.0,2201060000.0,22970.0,1183180000.0,734.0,2363920.0,1112.0,2007730.0,3.5775874594076122,70406461.0,,,,1000.0
2020-12-31T00:00:00,DGC,51.5,50.6,51.2,51.08682961726481,51.1,51.3,2929733.0,419350.0,2510383.0,141505300250.0,120082038250.0,720.0,36670000.0,31310.0,1598730000.0,723.0,798650.0,741.0,969450.0,3.5775874594076122,70419141.0,,,,1000.0
2021-01-04T00:00:00,DGC,51.5,50.8,51.5,51.08155918464656,51.0,51.1,838900.0,838900.0,0.0,42852320000.0,0.0,22100.0,1133790000.0,20800.0,1064730000.0,972.0,1347500.0,603.0,1426200.0,3.5775874594076122,70397561.0,,,,1000.0
2021-01-05T00:00:00,DGC,52.6,50.5,50.8,51.492943165011624,51.6,51.0,473300.0,473300.0,0.0,24371610000.0,0.0,35000.0,1803200000.0,0.0,0.0,750.0,1358000.0,679.0,1149800.0,3.5775874594076122,70385531.0,,,,1000.0
2021-01-06T00:00:00,DGC,52.0,51.2,51.8,51.59471458773784,51.3,51.6,473000.0,473000.0,0.0,24404300000.0,0.0,35400.0,1827020000.0,19700.0,1019460000.0,408.0,984100.0,524.0,1031700.0,3.5775874594076122,70381441.0,,,,1000.0
2021-01-07T00:00:00,DGC,52.7,50.7,51.5,51.568181262977895,52.3,51.3,818700.0,818700.0,0.0,42218870000.0,0.0,56100.0,2894870000.0,3800.0,193820000.0,979.0,2049500.0,817.0,1456900.0,3.5775874594076122,70346141.0,1542460000.0,0.0,1542460000.0,1000.0
2021-01-08T00:00:00,DGC,53.0,51.1,52.4,52.12539519221775,52.3,52.3,1069100.0,1069100.0,0.0,55727260000.0,0.0,6800.0,356080000.0,3100.0,161110000.0,841.0,1548400.0,709.0,1718400.0,3.5775874594076122,70339341.0,264000000.0,0.0,264000000.0,1000.0
2021-01-11T00:00:00,DGC,52.5,51.9,52.5,52.4,52.4,52.3,553300.0,553300.0,0.0,27941380000.0,0.0,60300.0,3045120574.7334175,71600.0,3615765060.545816,606.0,5533000.0,517.0,5533000.0,3.5775874594076122,70298680.0,,,,1000.0
2021-01-12T00:00:00,DGC,54.0,52.0,52.4,52.80668247767857,53.2,52.4,716800.0,716800.0,0.0,37851830000.0,0.0,50500.0,2680240000.0,3200.0,166770000.0,905.0,1344500.0,750.0,1550700.0,3.5775874594076122,70251975.0,,,,1000.0
2021-01-13T00:00:00,DGC,53.5,52.2,53.3,52.76838905775076,52.5,53.2,625100.0,625100.0,0.0,32985520000.0,0.0,1600.0,84980000.0,38700.0,2047640000.0,507.0,965600.0,664.0,1745000.0,3.5775874594076122,70253475.0,,,,1000.0
2021-01-14T00:00:00,DGC,53.0,52.1,53.0,52.50223922373577,52.7,52.5,535900.0,535900.0,0.0,28135950000.0,0.0,1000.0,52200000.0,3700.0,193470000.0,561.0,1109100.0,565.0,1046200.0,3.5775874594076122,70324075.0,,,,1000.0
2021-01-15T00:00:00,DGC,53.9,52.4,53.0,53.013597430406854,52.8,52.7,653800.0,653800.0,0.0,34660290000.0,0.0,0.0,0.0,10400.0,546930000.0,476.0,1089200.0,705.0,1437800.0,3.5775874594076122,70327275.0,,,,1000.0
2021-01-18T00:00:00,DGC,55.0,52.5,53.0,52.8,53.8,52.8,1671900.0,1671900.0,0.0,90054890000.0,0.0,68200.0,3664570000.0,3800.0,202830000.0,1068.0,2542200.0,1141.0,2725500.0,3.5775874594076122,70297685.0,14632610000.0,0.0,14632610000.0,1000.0
2021-01-19T00:00:00,DGC,53.8,50.1,53.8,51.7810375483736,50.8,53.8,956100.0,956100.0,0.0,49507850000.0,0.0,6700.0,355310000.0,9200.0,474690000.0,726.0,1919200.0,771.0,1675100.0,3.5775874594076122,70294685.0,,,,1000.0
2021-01-20T00:00:00,DGC,51.9,49.5,51.8,50.86834482758621,51.0,50.8,580000.0,580000.0,0.0,29503640000.0,0.0,200.0,10000000.0,23900.0,1209920000.0,651.0,1524200.0,681.0,1216400.0,3.5775874594076122,70304885.0,548880000.0,0.0,548880000.0,1000.0
2021-01-21T00:00:00,DGC,53.0,51.5,51.5,52.50047411340793,53.0,51.0,527300.0,527300.0,0.0,27683500000.0,0.0,100.0,5200000.0,6600.0,345180000.0,557.0,975600.0,567.0,962800.0,3.5775874594076122,70308579.0,,,,1000.0
2021-01-22T00:00:00,DGC,55.5,52.5,53.0,54.42303930558103,54.7,53.0,1635900.0,1635900.0,0.0,89030650000.0,0.0,59700.0,3236510000.0,5600.0,304200000.0,1130.0,2809800.0,1485.0,3561100.0,3.5775874594076122,70257819.0,13721640000.0,0.0,13721640000.0,1000.0
2021-01-25T00:00:00,DGC,55.5,54.5,54.5,54.7,54.7,54.7,502900.0,502900.0,0.0,27065540000.0,0.0,10900.0,595820000.0,3700.0,202390000.0,480.0,746700.0,755.0,2299900.0,3.5775874594076122,70270819.0,,,,1000.0
2021-01-26T00:00:00,DGC,54.7,52.0,54.7,53.136637993876654,52.4,54.7,685900.0,685900.0,0.0,36446420000.0,0.0,400.0,21360000.0,28200.0,1486000000.0,799.0,1340300.0,619.0,1815000.0,3.5775874594076122,70277019.0,,,,1000.0
2021-01-27T00:00:00,DGC,54.0,51.0,52.4,52.5476779646249,52.3,52.4,1147700.0,1147700.0,0.0,60308970000.0,0.0,700.0,36400000.0,13900.0,724040000.0,989.0,2016700.0,887.0,2275900.0,3.5775874594076122,70281949.0,157440000.0,0.0,157440000.0,1000.0
2021-01-28T00:00:00,DGC,51.3,48.65,49.0,48.65,48.65,52.3,1740700.0,1570700.0,170000.0,82516615000.0,8270500000.0,65400.0,3216000000.0,3600.0,177950000.0,898.0,1860100.0,1072.0,3404900.0,3.5775874594076122,70220249.0,4625440000.0,0.0,4625440000.0,1000.0
2021-01-29T00:00:00,DGC,51.0,46.6,48.65,49.40800206209188,49.7,48.65,872900.0,872900.0,0.0,43128245000.0,0.0,146000.0,721356830.1065414,69000.0,340915214.22843397,1029.0,2342900.0,911.0,1835300.0,3.5775874594076122,70233850.0,7970040000.0,0.0,7970040000.0,1000.0
2021-02-01T00:00:00,DGC,50.1,48.55,49.5,49.3709947003669,48.6,49.7,735900.0,735900.0,0.0,36332115000.0,0.0,17000.0,837360000.0,53500.0,2633950000.0,623.0,1148900.0,776.0,1289000.0,3.5775874594076122,70230689.0,6654315000.0,0.0,6654315000.0,1000.0
2021-02-02T00:00:00,DGC,50.0,48.2,48.6,49.16406864029342,49.5,48.6,381700.0,381700.0,0.0,18765925000.0,0.0,27600.0,1365710000.0,0.0,0.0,501.0,934200.0,527.0,832300.0,3.5775874594076122,70206689.0,,,,1000.0
2021-02-03T00:00:00,DGC,51.0,49.3,50.0,50.19164154103852,51.0,49.5,597000.0,597000.0,0.0,29964410000.0,0.0,700.0,35300000.0,54300.0,2697850000.0,504.0,1011200.0,606.0,991000.0,3.5775874594076122,70212889.0,5027240000.0,0.0,5027240000.0,1000.0
2021-02-04T00:00:00,DGC,51.7,50.7,50.7,51.16960491986582,51.7,51.0,536600.0,536600.0,0.0,27457610000.0,0.0,60000.0,3068570000.0,12600.0,641120000.0,482.0,929800.0,485.0,1090200.0,3.5775874594076122,70206389.0,,,,1000.0
2021-02-05T00:00:00,DGC,54.7,51.6,51.7,53.693269053614195,54.1,51.7,1628300.0,1628300.0,0.0,87428750000.0,0.0,14400.0,773220000.0,200.0,10760000.0,1600.0,2758400.0,1313.0,3355000.0,3.5775874594076122,70191989.0,4858160000.0,0.0,4858160000.0,1000.0
2021-02-08T00:00:00,DGC,56.5,53.7,54.1,55.064368951214696,54.5,54.1,1012600.0,1012600.0,0.0,55758180000.0,0.0,8000.0,438200000.0,28700.0,1565020000.0,1123.0,1751200.0,1264.0,2396900.0,3.5775874594076122,70238289.0,,,,1000.0
2021-02-09T00:00:00,DGC,55.2,53.7,54.5,54.8162275846801,54.7,54.5,451700.0,451700.0,0.0,24760490000.0,0.0,18700.0,1027860000.0,0.0,0.0,612.0,857300.0,608.0,1078800.0,3.5775874594076122,70232189.0,,,,1000.0
2021-02-17T00:00:00,DGC,58.5,54.8,54.8,57.617889774777396,58.5,54.7,1718300.0,1718300.0,0.0,99004820000.0,0.0,30800.0,1766430000.0,100.0,5850000.0,1703.0,3266300.0,998.0,1970900.0,3.5775874594076122,70201599.0,,,,1000.0
2021-02-18T00:00:00,DGC,60.6,58.9,60.0,59.80799700424399,59.7,58.5,1201700.0,1201700.0,0.0,71871270000.0,0.0,2100.0,125330000.0,0.0,0.0,1188.0,2116500.0,974.0,2312400.0,3.5775874594076122,70228199.0,,,,1000.0
2021-02-19T00:00:00,DGC,60.8,58.9,59.5,59.959166299721126,59.4,59.7,681300.0,681300.0,0.0,40850180000.0,0.0,8100.0,485310000.0,5100.0,304570000.0,848.0,1049100.0,785.0,1521700.0,3.5775874594076122,70220099.0,,,,1000.0
2021-02-22T00:00:00,DGC,59.4,58.6,59.2,58.990663955441605,58.8,59.4,1131100.0,1131100.0,0.0,66724340000.0,0.0,12600.0,744700000.0,13800.0,813910000.0,1089.0,1638400.0,684.0,1743800.0,3.5775874594076122,70207599.0,,,,1000.0
2021-02-23T00:00:00,DGC,60.5,58.0,58.1,58.94594066658527,59.5,58.8,819100.0,819100.0,0.0,48282620000.0,0.0,18400.0,1086950000.0,0.0,0.0,1104.0,1717500.0,721.0,1528500.0,3.5775874594076122,70189199.0,-305980000.0,0.0,-305980000.0,1000.0
2021-02-24T00:00:00,DGC,63.0,60.0,60.2,61.786069332355105,61.8,59.5,1090400.0,1090400.0,0.0,67371530000.0,0.0,6500.0,406260000.0,1000.0,62400000.0,1142.0,2031100.0,1357.0,2136800.0,3.5775874594076122,70187749.0,,,,1000.0
2021-02-25T00:00:00,DGC,65.5,62.6,63.0,64.11924041562165,65.5,61.8,1116400.0,1116400.0,0.0,71582720000.0,0.0,41100.0,2645340000.0,13200.0,843350000.0,1211.0,2478900.0,1177.0,1896600.0,3.5775874594076122,70160449.0,,,,1000.0
2021-02-26T00:00:00,DGC,65.7,64.0,64.0,64.89353259469209,65.0,65.5,776200.0,776200.0,0.0,50370360000.0,0.0,17500.0,1139400000.0,7700.0,497540000.0,1177.0,1637300.0,715.0,1835600.0,3.5775874594076122,70142949.0,,,,1000.0
2021-03-01T00:00:00,DGC,65.8,64.3,65.8,65.07273792093704,65.2,65.0,683000.0,683000.0,0.0,44444680000.0,0.0,9200.0,599150000.0,100.0,6450000.0,805.0,1385400.0,783.0,1462700.0,3.5775874594076122,70134749.0,,,,1000.0
2021-03-02T00:00:00,DGC,65.3,64.0,65.2,64.46586532850975,64.5,65.2,856900.0,856900.0,0.0,55240800000.0,0.0,3200.0,206040000.0,18400.0,1184040000.0,916.0,1390300.0,689.0,1326600.0,3.5775874594076122,70144749.0,,,,1000.0
2021-03-03T00:00:00,DGC,69.0,64.6,64.7,67.59986315854948,69.0,64.5,1607700.0,1607700.0,0.0,108680300000.0,0.0,161300.0,10950990000.0,1800.0,120280000.0,1333.0,3445000.0,1168.0,2273900.0,3.5775874594076122,69991149.0,,,,1000.0
2021-03-04T00:00:00,DGC,72.0,68.9,70.0,70.75112455874938,70.8,69.0,991500.0,991500.0,0.0,70149740000.0,0.0,175600.0,12397310000.0,9300.0,656000000.0,970.0,1548900.0,1221.0,2155800.0,3.5775874594076122,69815649.0,,,,1000.0
2021-03-05T00:00:00,DGC,71.7,68.0,70.0,69.86565501344603,71.4,70.8,780900.0,780900.0,0.0,54558090000.0,0.0,95100.0,6698150000.0,31900.0,2219490000.0,1118.0,1364200.0,927.0,1491900.0,3.5775874594076122,69738949.0,,,,1000.0
2021-03-08T00:00:00,DGC,72.5,69.6,71.8,70.73646773074255,70.1,71.4,864600.0,864600.0,0.0,61158750000.0,0.0,28700.0,2018280000.0,54200.0,3834700000.0,1034.0,1517600.0,920.0,1921600.0,3.5775874594076122,69712049.0,-1073620000.0,0.0,-1073620000.0,1000.0
2021-03-09T00:00:00,DGC,71.4,69.5,70.1,70.1805758988016,70.8,70.1,600800.0,600800.0,0.0,42164490000.0,0.0,64700.0,4553730000.0,2700.0,189100000.0,896.0,1193900.0,579.0,1290500.0,3.5775874594076122,69656649.0,-720490000.0,0.0,-720490000.0,1000.0
2021-03-10T00:00:00,DGC,71.5,70.7,71.0,71.11527915427817,71.1,70.8,605400.0,605400.0,0.0,43053190000.0,0.0,52000.0,3696640000.0,28400.0,2016620000.0,621.0,1037500.0,663.0,1364100.0,3.5775874594076122,69636549.0,,,,1000.0
2021-03-11T00:00:00,DGC,72.6,70.4,71.2,71.3296846846847,72.0,71.1,666000.0,666000.0,0.0,47505570000.0,0.0,20900.0,1485540000.0,18000.0,1284450000.0,757.0,1236400.0,712.0,1369200.0,3.5775874594076122,69669849.0,-731080000.0,0.0,-731080000.0,1000.0
2021-03-12T00:00:00,DGC,73.0,71.6,71.8,72.62815533980583,72.8,72.0,566500.0,566500.0,0.0,41143850000.0,0.0,92900.0,6754100000.0,14200.0,1029940000.0,652.0,1077800.0,773.0,1312600.0,3.5775874594076122,69579649.0,,,,1000.0
2021-03-15T00:00:00,DGC,75.5,73.4,73.5,74.72178755394683,75.4,72.8,718300.0,718300.0,0.0,53672660000.0,0.0,86900.0,6524520000.0,5500.0,404250000.0,947.0,1489100.0,660.0,1197400.0,3.5775874594076122,69521149.0,-2991620000.0,0.0,-2991620000.0,1000.0
2021-03-16T00:00:00,DGC,75.6,74.0,75.5,74.6278972520908,74.6,75.4,502200.0,502200.0,0.0,37478130000.0,0.0,5600.0,417300000.0,38100.0,2850360000.0,907.0,994200.0,579.0,1278600.0,3.5775874594076122,69533549.0,,,,1000.0
2021-03-17T00:00:00,DGC,75.5,74.0,74.6,74.64017937219731,75.0,74.6,446000.0,446000.0,0.0,33289520000.0,0.0,25000.0,1872730000.0,16300.0,1214680000.0,830.0,1049500.0,566.0,930400.0,3.5775874594076122,69522749.0,,,,1000.0
2021-03-18T00:00:00,DGC,75.2,73.0,75.0,74.08923723723723,74.0,75.0,832500.0,832500.0,0.0,61679290000.0,0.0,0.0,0.0,21900.0,1622270000.0,995.0,1343200.0,564.0,1490400.0,3.5775874594076122,69528199.0,,,,1000.0
2021-03-19T00:00:00,DGC,73.5,70.5,73.5,71.80508704499209,71.7,74.0,1326900.0,1326900.0,0.0,95278170000.0,0.0,104800.0,7502480000.0,33900.0,2434410000.0,2024.0,2177000.0,1015.0,2097500.0,3.5775874594076122,69461499.0,-12695830000.0,0.0,-12695830000.0,1000.0
2021-03-22T00:00:00,DGC,71.5,69.2,71.5,69.7515118712564,69.4,71.7,1385700.0,1385700.0,0.0,96654670000.0,0.0,40000.0,2778870000.0,3800.0,268180000.0,2066.0,2251700.0,944.0,2307200.0,3.5775874594076122,69437799.0,,,,1000.0
2021-03-23T00:00:00,DGC,71.4,69.3,69.3,70.23339487179487,70.0,69.4,487500.0,487500.0,0.0,34238780000.0,0.0,300.0,21180000.0,7600.0,533280000.0,821.0,943300.0,532.0,926500.0,3.5775874594076122,69459399.0,-2605580000.0,0.0,-2605580000.0,1000.0
2021-03-24T00:00:00,DGC,69.7,66.0,69.4,67.93459258398234,67.1,70.0,860300.0,860300.0,0.0,58444130000.0,0.0,10100.0,697790000.0,700.0,48580000.0,1193.0,1381000.0,672.0,1386400.0,3.5775874594076122,69483199.0,-3495120000.0,0.0,-3495120000.0,1000.0
2021-03-25T00:00:00,DGC,68.0,66.7,67.2,67.1,67.3,67.1,675400.0,675400.0,0.0,45488450000.0,0.0,35400.0,2386570000.0,1300.0,87510000.0,1027.0,1498300.0,649.0,1146100.0,3.5775874594076122,69451589.0,-13816920000.0,0.0,-13816920000.0,1000.0
2021-03-26T00:00:00,DGC,67.6,65.0,67.3,66.38138719512195,66.9,67.3,656000.0,656000.0,0.0,43546190000.0,0.0,28500.0,1902970000.0,4300.0,289690000.0,1031.0,1265500.0,624.0,1172300.0,3.5775874594076122,69430689.0,3283250000.0,0.0,3283250000.0,1000.0
2021-03-29T00:00:00,DGC,70.9,67.1,68.5,69.05065468264536,70.4,66.9,901200.0,901200.0,0.0,62228450000.0,0.0,15400.0,1058460000.0,9900.0,687480000.0,1074.0,1827700.0,890.0,1576900.0,3.5775874594076122,69415989.0,-14225660000.0,0.0,-14225660000.0,1000.0
2021-03-30T00:00:00,DGC,70.9,68.0,70.8,69.11361410381978,68.4,70.4,714700.0,714700.0,0.0,49395500000.0,0.0,38400.0,2629690000.0,24400.0,1680870000.0,1283.0,1137900.0,670.0,1522400.0,3.5775874594076122,69378889.0,-7086920000.0,0.0,-7086920000.0,1000.0
2021-03-31T00:00:00,DGC,68.5,67.2,68.4,67.83222676200204,67.5,68.4,587400.0,587400.0,0.0,39844650000.0,0.0,0.0,0.0,28600.0,1941290000.0,1003.0,1070800.0,473.0,1064700.0,3.5775874594076122,69383189.0,-4902170000.0,0.0,-4902170000.0,1000.0
2021-04-01T00:00:00,DGC,70.5,67.1,67.5,68.83422636381285,69.1,67.5,515100.0,515100.0,0.0,35456510000.0,0.0,55900.0,3881170000.0,400.0,27790000.0,886.0,1038900.0,619.0,1046200.0,3.5775874594076122,69337189.0,-1533910000.0,0.0,-1533910000.0,1000.0
2021-04-02T00:00:00,DGC,70.4,68.5,70.0,69.27390745501286,68.8,69.1,233400.0,233400.0,0.0,16168530000.0,0.0,0.0,0.0,8800.0,608170000.0,495.0,406200.0,599.0,968200.0,3.5775874594076122,69361589.0,,,,1000.0
2021-04-05T00:00:00,DGC,69.0,67.8,69.0,68.25546694648479,68.8,68.8,476500.0,476500.0,0.0,32523730000.0,0.0,0.0,0.0,33600.0,2293950000.0,776.0,844600.0,588.0,905000.0,3.5775874594076122,69390189.0,-4088090000.0,0.0,-4088090000.0,1000.0
2021-04-06T00:00:00,DGC,70.0,68.5,69.0,69.35345810791051,69.7,68.8,683900.0,683900.0,0.0,47430830000.0,0.0,125800.0,8735710000.0,1100.0,76030000.0,936.0,1193600.0,910.0,1389400.0,3.5775874594076122,69264789.0,-4350150000.0,0.0,-4350150000.0,1000.0
2021-04-07T00:00:00,DGC,72.2,70.0,70.0,71.37306338028169,70.9,69.7,908800.0,908800.0,0.0,64863840000.0,0.0,200.0,14180000.0,20100.0,1427200000.0,1281.0,1497900.0,1217.0,1966900.0,3.5775874594076122,69273389.0,-7144200000.0,0.0,-7144200000.0,1000.0
2021-04-08T00:00:00,DGC,71.9,70.0,71.9,70.9,70.3,70.9,275900.0,275900.0,0.0,19540860000.0,0.0,200.0,14140000.0,26000.0,1840560000.0,519.0,522700.0,695.0,1024200.0,3.5775874594076122,69306789.0,-1410730000.0,0.0,-1410730000.0,1000.0
2021-04-09T00:00:00,DGC,71.2,69.9,69.9,70.59709510545164,70.2,70.3,251300.0,251300.0,0.0,17741050000.0,0.0,40200.0,2847000000.0,17600.0,1240800000.0,512.0,636100.0,582.0,755700.0,3.5775874594076122,69266289.0,0.0,0.0,0.0,1000.0
2021-04-12T00:00:00,DGC,70.4,69.1,70.2,69.57022491349481,69.4,70.2,578000.0,578000.0,0.0,40211590000.0,0.0,21800.0,1508560000.0,37600.0,2618300000.0,893.0,915100.0,762.0,1228700.0,3.5775874594076122,69264589.0,0.0,0.0,0.0,1000.0
2021-04-13T00:00:00,DGC,69.1,68.0,69.0,68.4799657759642,68.1,69.4,759700.0,759700.0,0.0,52024230000.0,0.0,18200.0,1247620000.0,16000.0,1094520000.0,939.0,1207600.0,727.0,1310900.0,3.5775874594076122,69272389.0,0.0,0.0,0.0,1000.0
2021-04-14T00:00:00,DGC,69.0,67.5,68.0,68.0684854368932,68.9,68.1,515000.0,515000.0,0.0,35055270000.0,0.0,2200.0,151100000.0,20300.0,1378930000.0,872.0,1187300.0,470.0,834800.0,3.5775874594076122,69287789.0,-1496000000.0,0.0,-1496000000.0,1000.0
2021-04-15T00:00:00,DGC,69.0,68.1,69.0,68.59008849557523,69.0,68.9,282500.0,282500.0,0.0,19376700000.0,0.0,52600.0,3609440000.0,12800.0,877110000.0,473.0,612000.0,470.0,641400.0,3.5775874594076122,69272719.0,0.0,0.0,0.0,1000.0
2021-04-16T00:00:00,DGC,69.2,67.5,69.0,69.0,68.8,69.0,464200.0,464200.0,0.0,31583900000.0,0.0,160500.0,10882500000.0,52800.0,3592700000.0,559.0,744200.0,579.0,1043700.0,3.5775874594076122,69128219.0,-13570000.0,0.0,-13570000.0,1000.0
2021-04-19T00:00:00,DGC,73.0,67.9,69.0,70.51160573727479,71.7,68.8,1143400.0,1143400.0,0.0,80622970000.0,0.0,150000.0,10427020000.0,9000.0,620640000.0,1329.0,1934500.0,1324.0,2092700.0,3.5775874594076122,68998519.0,0.0,0.0,0.0,1000.0
2021-04-20T00:00:00,DGC,72.8,69.9,72.0,71.5623830924329,69.9,71.7,823300.0,823300.0,0.0,58917310000.0,0.0,206500.0,14765310000.0,9000.0,642370000.0,1236.0,1220800.0,1455.0,2277200.0,3.5775874594076122,68804819.0,0.0,0.0,0.0,1000.0
2021-04-22T00:00:00,DGC,70.0,68.0,69.5,68.78850279329609,68.0,69.9,895000.0,895000.0,0.0,61565710000.0,0.0,201300.0,13812450000.0,73400.0,5030690000.0,1390.0,1519100.0,659.0,1674500.0,3.5775874594076122,68656319.0,0.0,0.0,0.0,1000.0
2021-04-23T00:00:00,DGC,69.0,67.0,67.2,67.64521468371026,69.0,68.0,610200.0,610200.0,0.0,41277110000.0,0.0,71500.0,4842220000.0,93800.0,6388480000.0,1177.0,1239600.0,729.0,893000.0,3.5775874594076122,68593819.0,0.0,0.0,0.0,1000.0
2021-04-26T00:00:00,DGC,69.5,67.7,69.0,68.3632125665062,68.5,69.0,394700.0,394700.0,0.0,26982960000.0,0.0,0.0,0.0,31800.0,2163990000.0,692.0,762800.0,565.0,864000.0,3.5775874594076122,68602819.0,-20670000.0,0.0,-20670000.0,1000.0
2021-04-27T00:00:00,DGC,69.4,67.8,68.8,68.55736536430834,68.7,68.5,378800.0,378800.0,0.0,25969530000.0,0.0,2300.0,157660000.0,12800.0,870900000.0,671.0,754100.0,659.0,1001600.0,3.5775874594076122,68673919.0,0.0,0.0,0.0,1000.0
2021-04-28T00:00:00,DGC,71.9,68.5,68.6,70.54895113839856,70.0,68.7,781800.0,781800.0,0.0,55155170000.0,0.0,12900.0,911220000.0,0.0,0.0,1192.0,1342600.0,1522.0,2413300.0,3.5775874594076122,68754819.0,0.0,0.0,0.0,1000.0
2021-04-29T00:00:00,DGC,71.5,69.6,70.0,70.31723532363272,69.8,70.0,398600.0,398600.0,0.0,28028450000.0,0.0,11900.0,841480000.0,2100.0,146910000.0,645.0,686900.0,912.0,1437600.0,3.5775874594076122,68774719.0,0.0,0.0,0.0,1000.0
2021-05-04T00:00:00,DGC,74.6,69.0,69.0,72.93888713246918,74.6,69.8,2530400.0,2530400.0,0.0,184564560000.0,0.0,50900.0,3726440000.0,94900.0,7069490000.0,3285.0,4011400.0,2698.0,3493500.0,3.5775874594076122,68736619.0,-7290000.0,0.0,-7290000.0,1000.0
2021-05-05T00:00:00,DGC,76.5,75.0,75.2,75.7661978273299,75.0,74.6,874500.0,874500.0,0.0,66257540000.0,0.0,7400.0,563880000.0,3000.0,227750000.0,1181.0,1262500.0,1302.0,2184800.0,3.5775874594076122,68729219.0,0.0,0.0,0.0,1000.0
2021-05-06T00:00:00,DGC,75.9,74.5,75.0,75.44564504373179,75.7,75.0,1097600.0,1097600.0,0.0,82809140000.0,0.0,45500.0,3436470000.0,2100.0,158520000.0,1206.0,1822700.0,1432.0,2113400.0,3.5775874594076122,68685819.0,219340000.0,0.0,219340000.0,1000.0
2021-05-07T00:00:00,DGC,68.6,66.5,67.6,68.17430768403506,68.4,65.9,1859700.0,1859700.0,0.0,126783760000.0,0.0,385200.0,26296530000.0,1100.0,75240000.0,3142.0,3487300.0,1258.0,3093000.0,3.110945616876185,68395519.0,0.0,0.0,0.0,1000.0
2021-05-10T00:00:00,DGC,70.1,68.4,68.4,69.2360686233981,69.8,68.4,967600.0,967600.0,0.0,66992820000.0,0.0,175900.0,12189890000.0,39400.0,2709720000.0,1923.0,1570400.0,784.0,1757100.0,3.110945616876185,68222619.0,0.0,0.0,0.0,1000.0
2021-05-11T00:00:00,DGC,69.7,68.0,68.9,68.71251780344991,68.3,69.8,631900.0,631900.0,0.0,43419440000.0,0.0,0.0,0.0,15200.0,1044210000.0,1149.0,1176200.0,760.0,1283100.0,3.110945616876185,68224719.0,0.0,0.0,0.0,1000.0
2021-05-12T00:00:00,DGC,69.9,67.5,68.0,68.51525352848928,69.9,68.3,956500.0,956500.0,0.0,65534840000.0,0.0,100200.0,6860890000.0,600.0,40710000.0,1694.0,1856200.0,960.0,1844200.0,3.110945616876185,68125619.0,0.0,0.0,0.0,1000.0
2021-05-13T00:00:00,DGC,69.5,67.9,68.8,68.48409903713893,67.9,69.9,1454000.0,1454000.0,0.0,99575880000.0,0.0,29700.0,2049010000.0,1000.0,68700000.0,2285.0,2064300.0,797.0,2340600.0,3.110945616876185,68135319.0,0.0,0.0,0.0,1000.0
2021-05-14T00:00:00,DGC,69.0,66.8,69.0,67.27634749981962,66.8,67.9,1385900.0,1385900.0,0.0,93238290000.0,0.0,2600.0,173840000.0,26000.0,1758320000.0,1918.0,2244500.0,1056.0,2123800.0,3.110945616876185,68147919.0,0.0,0.0,0.0,1000.0
2021-05-17T00:00:00,DGC,69.0,65.8,66.8,65.8,67.0,66.8,1794700.0,1794700.0,0.0,119649200000.0,0.0,204900.0,13717340000.0,11100.0,757550000.0,2010.0,2753300.0,1225.0,3043900.0,3.110945616876185,67943619.0,0.0,0.0,0.0,1000.0
2021-05-18T00:00:00,DGC,66.9,66.0,66.2,66.0,66.6,67.0,733500.0,733500.0,0.0,48645630000.0,0.0,74000.0,4898970000.0,4700.0,311140000.0,1435.0,1339100.0,716.0,1366800.0,3.110945616876185,67870619.0,0.0,0.0,0.0,1000.0
2021-05-19T00:00:00,DGC,68.0,65.0,66.1,66.046096122923,67.5,66.6,1119400.0,1119400.0,0.0,73932000000.0,0.0,203000.0,13395410000.0,17300.0,1135270000.0,1865.0,1983700.0,1335.0,2149600.0,3.110945616876185,67693619.0,0.0,0.0,0.0,1000.0
2021-05-20T00:00:00,DGC,67.4,66.1,67.4,66.91869774061556,66.9,67.5,562100.0,562100.0,0.0,37615000000.0,0.0,1500.0,99900000.0,7900.0,525080000.0,1015.0,1032000.0,839.0,1479900.0,3.110945616876185,67703219.0,0.0,0.0,0.0,1000.0
2021-05-21T00:00:00,DGC,71.5,67.1,67.2,69.87748156551332,70.4,66.9,2644500.0,2644500.0,0.0,184791000000.0,0.0,14200.0,1009530000.0,700.0,49500000.0,3267.0,4436000.0,2903.0,5259700.0,3.110945616876185,67693719.0,-1284250000.0,0.0,-1284250000.0,1000.0
2021-05-24T00:00:00,DGC,71.0,70.0,71.0,70.54787162615818,70.8,70.4,744700.0,744700.0,0.0,52537000000.0,0.0,158800.0,11205270000.0,100.0,7100000.0,1310.0,1498300.0,1346.0,1952900.0,3.110945616876185,67552219.0,0.0,0.0,0.0,1000.0
2021-05-25T00:00:00,DGC,72.0,70.4,70.8,71.47961520842875,71.7,70.8,1091500.0,1091500.0,0.0,78020000000.0,0.0,162600.0,11637970000.0,2000.0,142750000.0,1252.0,1923600.0,1558.0,2809400.0,3.110945616876185,67397519.0,0.0,0.0,0.0,1000.0
2021-05-26T00:00:00,DGC,72.5,70.8,71.4,71.6078753076292,71.9,71.7,1097100.0,1097100.0,0.0,78561000000.0,0.0,7600.0,546440000.0,3000.0,215740000.0,1320.0,2032700.0,1556.0,2638200.0,3.110945616876185,67390619.0,0.0,0.0,0.0,1000.0
2021-05-27T00:00:00,DGC,71.9,70.0,71.9,70.69632981397687,71.5,71.9,795600.0,795600.0,0.0,56246000000.0,0.0,180400.0,12746310000.0,17600.0,1245660000.0,1243.0,1224100.0,870.0,1479800.0,3.110945616876185,67210319.0,0.0,0.0,0.0,1000.0
2021-05-28T00:00:00,DGC,71.5,70.4,71.5,70.855376653249,71.2,71.5,695600.0,695600.0,0.0,49287000000.0,0.0,43400.0,3079290000.0,30500.0,2158040000.0,1487.0,1431400.0,830.0,1315300.0,3.110945616876185,67168919.0,0.0,0.0,0.0,1000.0
2021-05-31T00:00:00,DGC,72.7,70.6,71.9,71.29407243731387,71.7,71.2,1074100.0,1040900.0,33200.0,76736520000.0,2526520000.0,9200.0,655040000.0,0.0,0.0,1313.0,1781800.0,1206.0,2374400.0,3.110945616876185,67162719.0,276010000.0,0.0,276010000.0,1000.0
2021-06-01T00:00:00,DGC,72.5,70.8,71.7,71.93738019169328,71.0,71.7,782500.0,782500.0,0.0,56291000000.0,0.0,32300.0,2322100000.0,0.0,0.0,906.0,1189500.0,1096.0,1612600.0,3.110945616876185,77465214.0,0.0,0.0,0.0,1000.0
2021-06-02T00:00:00,DGC,72.0,70.2,70.2,71.20966446802419,71.7,71.0,1046100.0,1046100.0,0.0,74492430000.0001,0.0,0.0,0.0,8000.0,573600000.0,1605.0,2251200.0,1153.0,1910200.0,3.110945616876185,77495714.0,-10000000.0,0.0,-10000000.0,1000.0
2021-06-03T00:00:00,DGC,75.0,71.5,72.0,73.58297608594597,74.8,71.7,1936100.0,1936100.0,0.0,142464000000.0,0.0,326000.0,24067530000.0,0.0,0.0,2450.0,3649800.0,1927.0,2931700.0,3.110945616876185,77169714.0,0.0,0.0,0.0,1000.0
2021-06-04T00:00:00,DGC,75.0,73.5,75.0,74.2893982808023,74.4,74.8,698000.0,698000.0,0.0,51854000000.0,0.0,278600.0,20707320000.0,100.0,7430000.0,683.0,1011400.0,945.0,1323900.0,3.110945616876185,76891114.0,0.0,0.0,0.0,1000.0
2021-06-07T00:00:00,DGC,74.6,70.0,74.5,72.26139577714925,73.0,74.4,1520300.0,1520300.0,0.0,109859000000.0,0.0,532100.0,38557690000.0,1100.0,80850000.0,1672.0,2670000.0,1136.0,2096800.0,3.110945616876185,76367014.0,2151020000.0,0.0,2151020000.0,1000.0
2021-06-08T00:00:00,DGC,72.9,70.2,72.0,71.24286370496752,71.0,73.0,1543900.0,1523900.0,20000.0,109925000000.0,1358000000.0,508700.0,36288350000.0,3100.0,220260000.0,1399.0,2247900.0,1151.0,1901800.0,3.110945616876185,75858314.0,0.0,0.0,0.0,1000.0
2021-06-09T00:00:00,DGC,71.8,69.0,70.4,70.21994016333791,71.0,71.0,1236700.0,1236700.0,0.0,86841000000.0,0.0,52600.0,3678020000.0,5600.0,395930000.0,1799.0,2479500.0,1173.0,1653900.0,3.110945616876185,75805814.0,2173100000.0,0.0,2173100000.0,1000.0
2021-06-10T00:00:00,DGC,73.6,70.0,70.6,71.71823037387887,72.8,71.0,992300.0,992300.0,0.0,71166000000.0,0.0,4700.0,331900000.0,23500.0,1665970000.0,1808.0,2183600.0,1432.0,1690800.0,3.110945616876185,75802214.0,-2390900000.0,0.0,-2390900000.0,1000.0
2021-06-11T00:00:00,DGC,74.0,71.5,72.7,73.04804928131418,72.6,72.8,1217500.0,1217500.0,0.0,88936000000.0,0.0,250000.0,18336070000.0,70000.0,5114600000.0,1534.0,1930700.0,2082.0,2364100.0,3.110945616876185,75555314.0,0.0,0.0,0.0,1000.0
2021-06-14T00:00:00,DGC,75.0,72.4,72.6,74.22704425646684,74.5,72.6,1896400.0,1631400.0,265000.0,140174000000.0,19080000000.0,437100.0,32370220000.0,1700.0,126500000.0,1352.0,2355100.0,2373.0,3081800.0,3.110945616876185,75123814.0,2729000000.0,0.0,2729000000.0,1000.0
2021-06-15T00:00:00,DGC,79.7,74.5,74.8,78.49377193799894,79.6,74.5,3219300.0,3219300.0,0.0,252695000000.0,0.0,57800.0,4536690000.0,1300.0,100740000.0,3886.0,5224100.0,3131.0,4176200.0,3.110945616876185,75089514.0,-9428710000.0,0.0,-9428710000.0,1000.0
2021-06-16T00:00:00,DGC,82.0,79.2,80.5,80.72464962901897,81.0,79.6,1233000.0,1213000.0,20000.0,99401000000.0,1482000000.0,267700.0,21626480000.0,19500.0,1587050000.0,1866.0,1835200.0,1776.0,2307600.0,3.110945616876185,74891814.0,-8920490000.0,0.0,-8920490000.0,1000.0
2021-06-17T00:00:00,DGC,82.7,79.5,79.7,81.58946078431372,81.8,81.0,816000.0,816000.0,0.0,66577000000.0,0.0,292600.0,23971750000.0,3500.0,284450000.0,1425.0,1595600.0,1266.0,1712100.0,3.110945616876185,74600914.0,-11694510000.0,0.0,-11694510000.0,1000.0
2021-06-18T00:00:00,DGC,82.0,80.6,81.7,81.55352964118565,81.6,81.8,537800.0,512800.0,25000.0,43723150000.0,1902500000.0,61000.0,4978620000.0,100.0,8130000.0,916.0,940600.0,868.0,1030600.0,3.110945616876185,74540665.0,-8170000.0,0.0,-8170000.0,1000.0
2021-06-21T00:00:00,DGC,81.6,80.1,80.5,80.88393626184323,81.3,81.6,928800.0,928800.0,0.0,75125000000.0,0.0,181300.0,14693780000.0,0.0,0.0,1629.0,1656500.0,1029.0,1355900.0,3.110945616876185,74378865.0,5644670000.0,0.0,5644670000.0,1000.0
2021-06-22T00:00:00,DGC,82.5,81.2,82.0,81.84124245038826,81.2,81.3,579500.0,579500.0,0.0,47427000000.0,0.0,87400.0,7159160000.0,36000.0,2941780000.0,881.0,1025600.0,1096.0,1361300.0,3.110945616876185,74294965.0,-3284910000.0,0.0,-3284910000.0,1000.0
2021-06-23T00:00:00,DGC,81.5,79.0,80.5,79.76825423873221,79.5,81.2,1173700.0,1173700.0,0.0,93624000000.0,0.0,2800.0,223640000.0,41000.0,3274760000.0,2199.0,1965600.0,1103.0,1710300.0,3.110945616876185,74292265.0,1833290000.0,0.0,1833290000.0,1000.0
2021-06-24T00:00:00,DGC,81.3,79.0,79.5,79.70246456391266,79.4,79.5,783100.0,783100.0,0.0,62415000000.0,0.0,61500.0,4909690000.0,30000.0,2403170000.0,1250.0,1423000.0,952.0,1349500.0,3.110945616876185,74230765.0,-1217000000.0,0.0,-1217000000.0,1000.0
2021-06-25T00:00:00,DGC,81.4,78.7,79.4,79.93381294964028,81.0,79.4,695000.0,695000.0,0.0,55554000000.0,0.0,9100.0,725120000.0,3800.0,307470000.0,1163.0,1458900.0,914.0,1080200.0,3.110945616876185,74257615.0,-4172070000.0,0.0,-4172070000.0,1000.0
2021-06-28T00:00:00,DGC,83.5,81.1,81.5,82.67350703251095,83.0,81.0,867400.0,867400.0,0.0,71711000000.0,0.0,41900.0,3467440000.0,200.0,16560000.0,1169.0,1686600.0,1503.0,1544000.0,3.110945616876185,74256715.0,-8420920000.0,0.0,-8420920000.0,1000.0
2021-06-29T00:00:00,DGC,83.1,82.2,83.0,82.61095475211084,82.4,83.0,461900.0,461900.0,0.0,38158000000.0,0.0,2200.0,181400000.0,4900.0,404250000.0,735.0,864300.0,822.0,978600.0,3.110945616876185,74284560.0,-1235360000.0,0.0,-1235360000.0,1000.0
2021-06-30T00:00:00,DGC,82.5,81.3,82.0,81.80967873119154,81.6,82.4,491800.0,491800.0,0.0,40234000000.0,0.0,0.0,0.0,1000.0,81400000.0,816.0,1027100.0,613.0,851300.0,3.110945616876185,74288360.0,-599570000.0,0.0,-599570000.0,1000.0
2021-07-01T00:00:00,DGC,83.9,82.0,82.0,83.25466350613213,83.2,81.6,970300.0,970300.0,0.0,80782000000.0,0.0,100000.0,8334250000.0,48700.0,4044960000.0,1004.0,1525400.0,1497.0,1836400.0,3.110945616876185,74188560.0,-1673000000.0,0.0,-1673000000.0,1000.0
2021-07-02T00:00:00,DGC,84.0,82.9,83.2,83.22754749568222,83.2,83.2,463200.0,463200.0,0.0,38551000000.0,0.0,2000.0,166000000.0,7700.0,640520000.0,818.0,1083900.0,788.0,977000.0,3.110945616876185,74191460.0,0.0,0.0,0.0,1000.0
2021-07-05T00:00:00,DGC,84.7,82.5,83.4,83.75633687653311,83.7,83.2,611500.0,611500.0,0.0,51217000000.0,0.0,100.0,8440000.0,26100.0,2180480000.0,1192.0,1181500.0,1336.0,1462700.0,3.110945616876185,74192360.0,0.0,0.0,0.0,1000.0
2021-07-06T00:00:00,DGC,85.7,78.0,85.0,83.29257273092908,78.0,83.7,1491800.0,1491800.0,0.0,124255860000.0,0.0,13800.0,1158580000.0,88600.0,7469410000.0,1570.0,2079100.0,1499.0,2495700.0,3.110945616876185,74227260.0,-1708000000.0,0.0,-1708000000.0,1000.0
2021-07-07T00:00:00,DGC,83.4,78.5,79.5,80.19924322312511,83.4,78.0,1612100.0,1612100.0,0.0,129289200000.0,0.0,169500.0,13638750000.0,2400.0,193130000.0,2336.0,3325100.0,1450.0,2075700.0,3.110945616876185,74065460.0,-2465720000.0,0.0,-2465720000.0,1000.0
2021-07-08T00:00:00,DGC,85.0,83.0,84.4,83.89151808199858,83.5,83.4,992700.0,992700.0,0.0,83279110000.0,0.0,285300.0,23954360000.0,31500.0,2642130000.0,1451.0,1872200.0,1400.0,1891400.0,3.110945616876185,73806260.0,0.0,0.0,0.0,1000.0
2021-07-09T00:00:00,DGC,89.1,83.0,83.4,87.14446107784431,87.9,83.5,2137600.0,2137600.0,0.0,186280000000.0,0.0,313600.0,27287920000.0,85000.0,7494110000.0,2430.0,4028200.0,2621.0,3791000.0,3.110945616876185,73581260.0,-7981030000.0,0.0,-7981030000.0,1000.0
2021-07-12T00:00:00,DGC,87.4,81.8,87.4,83.22988270395179,82.2,87.9,3418700.0,3418700.0,0.0,284538000000.0,0.0,467700.0,39106360000.0,58100.0,4842580000.0,3217.0,4543700.0,2480.0,4758700.0,3.110945616876185,73115960.0,-12633190000.0,0.0,-12633190000.0,1000.0
2021-07-13T00:00:00,DGC,83.9,79.1,83.0,81.29267505646983,81.0,82.2,1549500.0,1549500.0,0.0,125963000000.0,0.0,97900.0,7956320000.0,404300.0,32790470000.0,2835.0,3045700.0,1955.0,2436100.0,3.110945616876185,73049560.0,136020000.0,0.0,136020000.0,1000.0
2021-07-14T00:00:00,DGC,82.0,77.0,80.9,78.8108108108108,78.0,81.0,1646500.0,1646500.0,0.0,129762000000.0,0.0,11500.0,899830000.0,25300.0,1983390000.0,3112.0,2854100.0,1863.0,2593900.0,3.110945616876185,73123060.0,111180000.0,0.0,111180000.0,1000.0
2021-07-15T00:00:00,DGC,81.1,76.4,76.6,78.42648069934191,80.8,78.0,1018100.0,1018100.0,0.0,79846000000.0,0.0,112400.0,8874920000.0,8000.0,630950000.0,2031.0,2313900.0,1465.0,1625100.0,3.110945616876185,73068560.0,-54110000.0,0.0,-54110000.0,1000.0
2021-07-16T00:00:00,DGC,83.4,80.8,81.0,82.01575532900834,82.1,80.8,863200.0,863200.0,0.0,70796000000.0,0.0,16500.0,1353610000.0,33800.0,2769530000.0,986.0,1696400.0,1558.0,1871500.0,3.110945616876185,73456130.0,-889880000.0,0.0,-889880000.0,1000.0
2021-07-19T00:00:00,DGC,81.5,79.0,80.0,79.9856156501726,79.3,82.1,1042800.0,1042800.0,0.0,83409000000.0,0.0,100.0,8100000.0,40100.0,3207260000.0,2363.0,2509500.0,1498.0,2014300.0,3.110945616876185,73481185.0,-2393290000.0,0.0,-2393290000.0,1000.0
2021-07-20T00:00:00,DGC,81.5,78.7,80.5,80.27245073402989,81.4,79.3,756100.0,756100.0,0.0,60694000000.0,0.0,55900.0,4490910000.0,59200.0,4756360000.0,1455.0,1838300.0,1231.0,1619100.0,3.110945616876185,73433285.0,-2020000000.0,0.0,-2020000000.0,1000.0
2021-07-21T00:00:00,DGC,82.9,81.5,82.9,82.1625724537676,82.0,81.4,724600.0,724600.0,0.0,59535000000.0,0.0,94300.0,7739840000.0,24100.0,1987510000.0,1027.0,1204000.0,1422.0,1916000.0,3.110945616876185,73372735.0,-107770000.0,0.0,-107770000.0,1000.0
2021-07-22T00:00:00,DGC,86.8,82.6,82.6,85.80641178649327,86.4,82.0,2429900.0,2429900.0,0.0,208501000000.0,0.0,33900.0,2919470000.0,34100.0,2908040000.0,3035.0,3858100.0,3306.0,4776200.0,3.110945616876185,73378935.0,-611540000.0,0.0,-611540000.0,1000.0
2021-07-23T00:00:00,DGC,92.4,86.0,86.5,90.98631209906011,92.4,86.4,5362400.0,5362400.0,0.0,487905000000.0,0.0,859500.0,78474670000.0,1400.0,128940000.0,4787.0,8827800.0,3761.0,6944000.0,3.110945616876185,72578635.0,-11916460000.0,0.0,-11916460000.0,1000.0
2021-07-26T00:00:00,DGC,98.5,92.1,92.2,96.17214711612256,96.5,92.4,1693900.0,1693900.0,0.0,162906000000.0,0.0,384200.0,37192940000.0,34400.0,3322300000.0,4209.0,2648800.0,2446.0,3250900.0,3.110945616876185,72218625.0,-6482870000.0,0.0,-6482870000.0,1000.0
2021-07-27T00:00:00,DGC,97.5,92.0,97.5,94.34183976261127,93.0,96.5,1783000.0,1685000.0,98000.0,167776200000.0,8810200000.0,75800.0,7163160000.0,43900.0,4123160000.0,4278.0,3397900.0,2882.0,3636500.0,3.110945616876185,72176925.0,-1281620000.0,0.0,-1281620000.0,1000.0
2021-07-28T00:00:00,DGC,95.2,91.2,92.0,93.73287420323832,93.7,93.0,1364900.0,1364900.0,0.0,127936000000.0,0.0,51400.0,4833220000.0,200.0,18600000.0,3063.0,3144900.0,2015.0,2403800.0,3.110945616876185,72126925.0,4579640000.0,0.0,4579640000.0,1000.0
2021-07-29T00:00:00,DGC,96.7,93.1,94.1,94.99044938172312,96.0,93.7,994700.0,994700.0,0.0,94487000000.0,0.0,50500.0,4808080000.0,3700.0,348040000.0,2157.0,2291100.0,1674.0,2084500.0,3.110945616876185,72110825.0,0.0,0.0,0.0,1000.0
2021-07-30T00:00:00,DGC,96.0,94.4,96.0,95.21125265392782,95.5,96.0,942000.0,942000.0,0.0,89689000000.0,0.0,7800.0,744390000.0,5400.0,515690000.0,2126.0,1882400.0,1306.0,1601200.0,3.110945616876185,72146925.0,-47600000.0,0.0,-47600000.0,1000.0
2021-08-02T00:00:00,DGC,99.0,95.0,95.5,97.52019667575223,97.1,95.5,1871100.0,1871100.0,0.0,182470040000.0,0.0,53700.0,5230790000.0,110700.0,10827450000.0,2591.0,3125700.0,2628.0,3401500.0,3.110945616876185,72093425.0,0.0,0.0,0.0,1000.0
2021-08-03T00:00:00,DGC,97.7,95.5,97.7,96.38625204582652,96.9,97.1,1222000.0,1222000.0,0.0,117784000000.0,0.0,51400.0,4960670000.0,235500.0,22689820000.0,2779.0,2314800.0,1557.0,2244800.0,3.110945616876185,72045725.0,0.0,0.0,0.0,1000.0
2021-08-04T00:00:00,DGC,100.0,97.1,97.1,98.37716720540699,99.5,96.9,1361200.0,1361200.0,0.0,133911000000.0,0.0,208800.0,20471860000.0,102700.0,10065540000.0,2406.0,2179800.0,2239.0,2493000.0,3.110945616876185,71842325.0,-975000000.0,0.0,-975000000.0,1000.0
2021-08-05T00:00:00,DGC,100.2,98.2,98.2,99.30120855283545,99.6,99.5,680400.0,645400.0,35000.0,67575000000.0,3486000000.0,51400.0,5093270000.0,75300.0,7455030000.0,2024.0,1291600.0,1435.0,1768600.0,3.110945616876185,71901625.0,-1000050000.0,0.0,-1000050000.0,1000.0
2021-08-06T00:00:00,DGC,99.2,97.8,99.0,98.4421935033182,97.8,99.6,1145200.0,1145200.0,0.0,112736000000.0,0.0,36000.0,3548850000.0,19000.0,1871190000.0,2419.0,1961500.0,1248.0,2021500.0,3.110945616876185,72101125.0,987000000.0,0.0,987000000.0,1000.0
2021-08-09T00:00:00,DGC,99.0,96.5,97.0,97.89137380191694,98.5,97.8,876400.0,876400.0,0.0,85792000000.0,0.0,98900.0,9710930000.0,53200.0,5226550000.0,2044.0,1689200.0,1379.0,1701900.0,3.110945616876185,72104925.0,0.0,0.0,0.0,1000.0
2021-08-10T00:00:00,DGC,102.0,98.0,98.8,100.04846526655896,101.7,98.5,1706300.0,1671300.0,35000.0,170424000000.0,3213000000.0,82900.0,8385800000.0,54600.0,5464610000.0,2439.0,2750100.0,2594.0,3028800.0,3.110945616876185,72097350.0,-207470000.0,0.0,-207470000.0,1000.0
2021-08-11T00:00:00,DGC,103.0,99.6,101.7,101.04814137720902,99.6,101.7,845500.0,820500.0,25000.0,85460000000.0,2550000000.0,88900.0,8997860000.0,500.0,50450000.0,1555.0,1355400.0,1391.0,1717200.0,3.110945616876185,72027450.0,498000000.0,0.0,498000000.0,1000.0
2021-08-12T00:00:00,DGC,99.9,98.3,99.0,98.86105204770269,98.5,99.6,1081700.0,1081700.0,0.0,106938000000.0,0.0,75700.0,7494460000.0,1000.0,98800000.0,2280.0,2097000.0,1180.0,1615900.0,3.110945616876185,72004950.0,-9850000.0,0.0,-9850000.0,1000.0
2021-08-13T00:00:00,DGC,98.1,94.5,97.8,96.38220745383832,98.0,98.5,2648300.0,2648300.0,0.0,255249000000.0,0.0,161900.0,15632280000.0,52700.0,5082030000.0,4871.0,4303400.0,2311.0,3497200.0,3.110945616876185,71897650.0,965000000.0,0.0,965000000.0,1000.0
2021-08-16T00:00:00,DGC,99.8,98.0,99.4,99.24220357941857,99.7,98.0,929000.0,894000.0,35000.0,92362530000.0002,3640000000.0,137300.0,13591290000.0,64900.0,6433050000.0,926.0,1524600.0,1341.0,1712000.0,3.110945616876185,71761450.0,-1685920000.0,0.0,-1685920000.0,1000.0
2021-08-17T00:00:00,DGC,103.0,99.0,99.5,100.9075617961094,101.9,99.7,1392400.0,1367400.0,25000.0,140306000000.0,2325000000.0,279600.0,28149600000.0,66200.0,6673100000.0,1834.0,2134600.0,2506.0,2555900.0,3.110945616876185,71482850.0,-1122030000.0,0.0,-1122030000.0,1000.0
2021-08-18T00:00:00,DGC,105.6,101.9,101.9,104.62652002626396,105.0,101.9,1643000.0,1523000.0,120000.0,171941390000.0,12595200000.0,203700.0,21392410000.0,160300.0,16820850000.0,1485.0,2705000.0,3471.0,3296200.0,3.110945616876185,71331850.0,0.0,0.0,0.0,1000.0
2021-08-19T00:00:00,DGC,109.9,105.1,105.1,107.57277734067664,108.8,105.0,1560200.0,1525200.0,35000.0,167489500000.0,3419500000.0,511300.0,54800140000.0,2300.0,248300000.0,1790.0,2451100.0,2651.0,2530600.0,3.110945616876185,70885450.0,-1032200000.0,0.0,-1032200000.0,1000.0
2021-08-20T00:00:00,DGC,109.4,104.0,109.1,107.95286740163851,107.5,108.8,1977400.0,1977400.0,0.0,213466000000.0,0.0,562800.0,61000020000.0,98700.0,10696960000.0,3101.0,3090600.0,2345.0,3059400.0,3.110945616876185,70393850.0,-2925020000.0,0.0,-2925020000.0,1000.0
2021-08-23T00:00:00,DGC,109.9,105.0,105.0,107.70433614735227,109.1,107.5,1042400.0,1042400.0,0.0,112271000000.0,0.0,216000.0,23246210000.0,81000.0,8715470000.0,2163.0,2892600.0,1552.0,1612800.0,3.110945616876185,70333150.0,556410000.0,0.0,556410000.0,1000.0
2021-08-24T00:00:00,DGC,108.3,105.0,108.0,106.56325137671604,107.5,109.1,1324300.0,1289300.0,35000.0,141382000000.0,3990000000.0,188000.0,20032890000.0,128300.0,13716560000.0,2863.0,2512900.0,1312.0,2103400.0,3.110945616876185,70147450.0,1582500000.0,0.0,1582500000.0,1000.0
2021-08-25T00:00:00,DGC,109.0,106.0,107.5,107.3528829007331,107.9,107.5,504700.0,504700.0,0.0,54181000000.0,0.0,1900.0,204290000.0,21800.0,2335410000.0,1247.0,1529000.0,1201.0,1315300.0,3.110945616876185,70243715.0,0.0,0.0,0.0,1000.0
2021-08-26T00:00:00,DGC,112.0,107.5,107.9,110.2638405658574,110.7,107.9,1046200.0,1046200.0,0.0,115358030000.0,0.0,7300.0,807900000.0,32400.0,3579010000.0,1488.0,1924400.0,2178.0,2223800.0,3.110945616876185,70317915.0,0.0,0.0,0.0,1000.0
2021-08-27T00:00:00,DGC,112.9,109.0,111.0,111.91141204683312,111.8,110.7,743900.0,708900.0,35000.0,82939000000.0,3605000000.0,90100.0,10088510000.0,9900.0,1109670000.0,1124.0,1450000.0,1557.0,1874000.0,3.110945616876185,70356115.0,0.0,0.0,0.0,1000.0
2021-08-30T00:00:00,DGC,115.0,111.8,111.8,113.83634297259755,115.0,111.8,791900.0,791900.0,0.0,90147000000.0,0.0,289200.0,33070300000.0,9300.0,1067500000.0,1175.0,1582800.0,1378.0,1392600.0,3.110945616876185,70088715.0,0.0,0.0,0.0,1000.0
2021-08-31T00:00:00,DGC,119.0,115.8,116.0,117.31810735279946,118.0,115.0,1037700.0,1037700.0,0.0,121741000000.0,0.0,333900.0,39277570000.0,7900.0,924760000.0,1780.0,1870100.0,2020.0,2287300.0,3.110945616876185,69787215.0,-2360000000.0,0.0,-2360000000.0,1000.0
2021-09-01T00:00:00,DGC,119.0,116.7,117.9,117.539693691162,117.2,118.0,711700.0,711700.0,0.0,83653000000.0,0.0,92200.0,10854940000.0,44000.0,5181150000.0,1871.0,1471500.0,1357.0,1761000.0,3.110945616876185,69704915.0,-93910000.0,0.0,-93910000.0,1000.0
2021-09-06T00:00:00,DGC,117.2,115.1,117.2,116.16992990089436,116.0,117.2,827400.0,827400.0,0.0,96119000000.0,0.0,102200.0,11874450000.0,64700.0,7513070000.0,2476.0,1780100.0,1116.0,1529200.0,3.110945616876185,69612015.0,0.0,0.0,0.0,1000.0
2021-09-07T00:00:00,DGC,115.6,113.2,115.0,114.35269475549826,114.7,116.0,1241300.0,1241300.0,0.0,141946000000.0,0.0,151200.0,17274530000.0,29800.0,3409190000.0,3069.0,2198900.0,1301.0,1831000.0,3.110945616876185,69468715.0,2242650000.0,0.0,2242650000.0,1000.0
2021-09-08T00:00:00,DGC,116.8,113.7,113.7,115.4141601110597,116.0,114.7,432200.0,432200.0,0.0,49882000000.0,0.0,400.0,46166101.85185185,87000.0,10041127152.777779,1262.0,1187200.0,842.0,860900.0,3.110945616876185,69512320.0,0.0,0.0,0.0,1000.0
2021-09-09T00:00:00,DGC,116.2,115.3,116.0,115.70114942528735,115.6,116.0,349500.0,304500.0,45000.0,40721000000.0,5490000000.0,0.0,0.0,59000.0,6823270000.0,863.0,852100.0,662.0,678300.0,3.110945616876185,69576803.0,0.0,0.0,0.0,1000.0
2021-09-10T00:00:00,DGC,118.0,115.8,116.4,117.19310505474027,117.3,115.6,429300.0,429300.0,0.0,50311000000.0,0.0,41600.0,4878880000.0,21000.0,2458260000.0,1042.0,798400.0,1182.0,1103600.0,3.110945616876185,69565003.0,-35100000.0,0.0,-35100000.0,1000.0
2021-09-13T00:00:00,DGC,125.5,118.0,118.0,123.22958397534669,125.5,117.3,1947000.0,1947000.0,0.0,239928000000.0,0.0,532600.0,66442010000.0,182500.0,22790100000.0,1898.0,3086500.0,2523.0,2701500.0,3.110945616876185,69119403.0,-2499000000.0,0.0,-2499000000.0,1000.0
2021-09-14T00:00:00,DGC,129.3,126.5,127.6,128.03898593949722,127.8,125.5,1078800.0,938800.0,140000.0,136555000000.0,16352000000.0,450600.0,57681360000.0,138000.0,17684620000.0,1474.0,1345500.0,1572.0,1899500.0,3.110945616876185,68727803.0,0.0,0.0,0.0,1000.0
2021-09-15T00:00:00,DGC,128.8,127.5,128.0,128.06313036981697,128.6,127.8,1070800.0,1070800.0,0.0,137130000000.0,0.0,242500.0,31047950000.0,242100.0,31017920000.0,1182.0,1655900.0,1256.0,1688600.0,3.110945616876185,68506303.0,0.0,0.0,0.0,1000.0
2021-09-16T00:00:00,DGC,134.1,129.3,130.0,131.98574542697372,132.7,128.6,1100100.0,1055100.0,45000.0,144658160000.0,5400000000.0,500.0,65992872.71348687,327600.0,43238530201.8766,1579.0,2135600.0,1766.0,2108700.0,3.110945616876185,68688300.0,0.0,0.0,0.0,1000.0
2021-09-17T00:00:00,DGC,141.9,134.9,136.9,140.7552510055117,141.9,132.7,2013900.0,2013900.0,0.0,283467000000.0,0.0,836100.0,118232170000.0,587000.0,83209100000.0,1614.0,4391000.0,1435.0,2357700.0,3.110945616876185,67990203.0,-2217580000.0,0.0,-2217580000.0,1000.0
2021-09-20T00:00:00,DGC,151.8,146.0,150.0,149.34978702079678,147.5,141.9,1596400.0,1596400.0,0.0,238422000000.0,0.0,7100.0,1056250000.0,183900.0,27554970000.0,2455.0,2820600.0,2322.0,2773000.0,3.110945616876185,68225203.0,0.0,0.0,0.0,1000.0
2021-09-21T00:00:00,DGC,157.5,144.5,144.5,152.41830624465356,156.7,147.5,1402800.0,1402800.0,0.0,213812400000.0,0.0,61300.0,9343242172.797262,409300.0,62384812745.9367,2527.0,3098600.0,1975.0,2181500.0,3.110945616876185,68491500.0,-14450000.0,0.0,-14450000.0,1000.0
2021-09-22T00:00:00,DGC,167.6,161.0,161.0,164.5736994219653,167.6,156.7,968800.0,968800.0,0.0,159439000000.0,0.0,154200.0,25199250000.0,349000.0,57599610000.0,2001.0,2244000.0,962.0,1234700.0,3.110945616876185,68924233.0,-162600000.0,0.0,-162600000.0,1000.0
2021-09-23T00:00:00,DGC,178.5,155.9,175.0,162.40413063268093,155.9,167.6,3515200.0,3515200.0,0.0,570883000000.0,0.0,84200.0,13672650000.0,448300.0,72954830000.0,6088.0,5259200.0,4599.0,7945700.0,3.110945616876185,69023933.0,-5200700000.0,0.0,-5200700000.0,1000.0
2021-09-24T00:00:00,DGC,153.0,147.0,150.0,148.84129566953052,148.0,155.9,2304600.0,2304600.0,0.0,343019650000.0,0.0,37600.0,5603280000.0,392200.0,58449840000.0,3243.0,5102100.0,3901.0,4003100.0,3.110945616876185,69415333.0,-298400000.0,0.0,-298400000.0,1000.0
2021-09-27T00:00:00,DGC,154.3,147.1,147.1,149.7925388408224,148.2,148.0,1114900.0,1074900.0,40000.0,167332000000.0,6320000000.0,19000.0,2841980000.0,282600.0,42116030000.0,2035.0,2543800.0,1446.0,1903500.0,3.110945616876185,69726233.0,149890000.0,0.0,149890000.0,1000.0
2021-09-28T00:00:00,DGC,152.0,147.1,148.2,148.78946557831512,152.0,148.2,649300.0,649300.0,0.0,96609000000.0,0.0,22400.0,3332580000.0,67200.0,9989100000.0,1490.0,1531300.0,1155.0,1148800.0,3.110945616876185,70152133.0,-755830000.0,0.0,-755830000.0,1000.0
2021-09-29T00:00:00,DGC,151.0,143.1,151.0,146.40319504053411,143.1,152.0,1677600.0,1677600.0,0.0,245606000000.0,0.0,23100.0,3343390000.0,284200.0,41922660000.0,3159.0,2488300.0,1450.0,2466600.0,3.110945616876185,70521233.0,748400000.0,0.0,748400000.0,1000.0
2021-09-30T00:00:00,DGC,152.0,143.2,143.2,147.74088384448203,150.9,143.1,868200.0,828200.0,40000.0,127759000000.0,5400000000.0,50900.0,7535370000.0,25000.0,3672890000.0,1772.0,1956100.0,1534.0,1567800.0,3.110945616876185,70752933.0,,,,1000.0
2021-10-01T00:00:00,DGC,160.9,148.1,148.1,155.74009744715894,158.9,150.9,1457200.0,1457200.0,0.0,226944470000.0,0.0,129000.0,20195170000.0,60200.0,9386840000.0,2368.0,2633100.0,2160.0,2464100.0,3.110945616876185,70691133.0,0.0,0.0,0.0,1000.0
2021-10-04T00:00:00,DGC,163.5,153.0,160.5,156.67249537132275,153.9,158.9,972200.0,972200.0,0.0,152317000000.0,0.0,20800.0,3222360000.0,205100.0,31986160000.0,2283.0,1891600.0,1704.0,2382800.0,3.110945616876185,70954533.0,0.0,0.0,0.0,1000.0
2021-10-05T00:00:00,DGC,156.6,151.8,153.8,153.01663031624864,152.1,153.9,733600.0,733600.0,0.0,112253000000.0,0.0,200.0,30460000.0,132500.0,20281650000.0,1557.0,1598900.0,1160.0,1680600.0,3.110945616876185,70979345.0,0.0,0.0,0.0,1000.0
2021-10-06T00:00:00,DGC,152.9,147.1,152.9,149.19534010802894,149.5,152.1,1202300.0,1092300.0,110000.0,179466070000.0,16500000000.0,1400.0,209480000.0,139100.0,20675310000.0,2969.0,2285800.0,1227.0,1980200.0,3.110945616876185,71038145.0,0.0,0.0,0.0,1000.0
2021-10-07T00:00:00,DGC,153.9,147.8,149.5,149.60140437835605,150.0,149.5,484200.0,484200.0,0.0,72437000000.0,0.0,4000.0,592530000.0,7600.0,1133890000.0,1507.0,1294500.0,957.0,1070200.0,3.110945616876185,71239245.0,-103740000.0,0.0,-103740000.0,1000.0
2021-10-08T00:00:00,DGC,154.1,149.0,149.0,151.1154251497006,150.6,150.0,417500.0,417500.0,0.0,63090690000.0,0.0,900.0,135180000.0,85200.0,12856160000.0,1446.0,1041600.0,1089.0,1096800.0,3.110945616876185,71370845.0,1619070000.0,0.0,1619070000.0,1000.0
2021-10-11T00:00:00,DGC,152.6,150.0,151.5,151.50343754053705,151.8,150.6,770900.0,770900.0,0.0,116794000000.0,0.0,14000.0,2118590000.0,194300.0,29442810000.0,1279.0,1137100.0,1366.0,1474500.0,3.110945616876185,71495945.0,2128500000.0,0.0,2128500000.0,1000.0
2021-10-12T00:00:00,DGC,160.0,151.8,151.8,156.68634099376283,160.0,151.8,2388900.0,2388900.0,0.0,374308000000.0,0.0,30200.0,4762490000.0,148400.0,23274700000.0,3531.0,4110800.0,3413.0,3831800.0,3.110945616876185,71473345.0,-775500000.0,0.0,-775500000.0,1000.0
2021-10-13T00:00:00,DGC,164.4,160.0,160.0,162.35843234068815,161.6,160.0,1296200.0,1296200.0,0.0,210449000000.0,0.0,68000.0,11041980000.0,6500.0,1053760000.0,2231.0,1829400.0,2075.0,2772700.0,3.110945616876185,71490545.0,0.0,0.0,0.0,1000.0
2021-10-14T00:00:00,DGC,163.8,157.7,161.5,159.6469509399358,157.8,161.6,1090500.0,1090500.0,0.0,174095000000.0,0.0,200.0,32110000.0,163200.0,25936350000.0,2219.0,1682900.0,2056.0,2648200.0,3.110945616876185,71684590.0,-194080000.0,0.0,-194080000.0,1000.0
2021-10-15T00:00:00,DGC,160.0,157.1,157.1,158.82849315068492,158.6,157.8,912500.0,912500.0,0.0,144931000000.0,0.0,7600.0,1211880000.0,115300.0,18313580000.0,1372.0,1577200.0,1373.0,1728000.0,3.110945616876185,71825390.0,-79550000.0,0.0,-79550000.0,1000.0
2021-10-18T00:00:00,DGC,160.0,154.2,160.0,157.69653389351217,156.5,158.6,1237700.0,1237700.0,0.0,195181000000.0,0.0,1200.0,190960000.0,81400.0,12872060000.0,2373.0,1951800.0,1573.0,2313800.0,3.110945616876185,71830675.0,,,,1000.0
2021-10-19T00:00:00,DGC,154.2,151.8,152.5,152.58328316275336,152.0,156.5,1993200.0,1993200.0,0.0,304129000000.0,0.0,1800.0,275060000.0,189500.0,28916270000.0,3246.0,3408500.0,1705.0,2947800.0,3.110945616876185,71992075.0,14789200000.0,0.0,14789200000.0,1000.0
2021-10-20T00:00:00,DGC,160.0,152.3,153.6,156.4922206506365,158.2,152.0,1555400.0,1555400.0,0.0,243408000000.0,0.0,40700.0,6372360000.0,0.0,0.0,2043.0,3278600.0,2054.0,2860100.0,3.110945616876185,72066675.0,-111180000.0,0.0,-111180000.0,1000.0
2021-10-21T00:00:00,DGC,164.0,158.1,158.2,161.05615696887688,161.0,158.2,1548000.0,1478000.0,70000.0,248352000000.0,10311000000.0,22100.0,3523290000.0,54500.0,8714140000.0,2502.0,3119500.0,2836.0,3465000.0,3.110945616876185,72125840.0,-95660000.0,0.0,-95660000.0,1000.0
2021-10-22T00:00:00,DGC,162.5,158.1,162.4,159.33398195648329,159.3,161.0,1151400.0,1130600.0,20800.0,183263000000.0,3120000000.0,79500.0,12650340000.0,15500.0,2455320000.0,2183.0,2148900.0,1986.0,2579100.0,3.110945616876185,72235840.0,0.0,0.0,0.0,1000.0
2021-10-25T00:00:00,DGC,163.4,156.0,160.0,159.38789101012816,157.0,159.3,1115700.0,1115700.0,0.0,177829070000.0,0.0,200.0,31877578.202025633,55900.0,8909783107.466166,2162.0,1913600.0,2234.0,2827300.0,3.110945616876185,72235630.0,-32320000.0,0.0,-32320000.0,1000.0
2021-10-26T00:00:00,DGC,158.0,154.6,155.0,155.60679256331431,156.9,157.0,823100.0,683100.0,140000.0,128541000000.0,22246000000.0,9200.0,1431810000.0,2300.0,359720000.0,2267.0,1703900.0,1082.0,1273000.0,3.110945616876185,72280925.0,0.0,0.0,0.0,1000.0
2021-10-27T00:00:00,DGC,157.4,155.5,157.4,156.09061247216036,155.8,156.9,918800.0,898000.0,20800.0,143657530000.0,3488160000.0,24900.0,3884960000.0,62000.0,9678340000.0,2422.0,1643900.0,1138.0,1592900.0,3.110945616876185,72271425.0,0.0,0.0,0.0,1000.0
2021-10-28T00:00:00,DGC,158.0,153.7,156.0,154.88964487222037,153.8,155.8,1205200.0,1205200.0,0.0,186673000000.0,0.0,2800.0,436230000.0,200.0,30760000.0,3255.0,1875300.0,1438.0,2098300.0,3.110945616876185,72324525.0,-109400000.0,0.0,-109400000.0,1000.0
2021-10-29T00:00:00,DGC,153.5,151.9,153.5,152.62111409184155,152.8,153.8,1971100.0,1901100.0,70000.0,300165000000.0,10017000000.0,13500.0,2064310000.0,183000.0,27927210000.0,3513.0,3232900.0,2044.0,3145600.0,3.110945616876185,72313325.0,10750750000.0,0.0,10750750000.0,1000.0
2021-11-01T00:00:00,DGC,157.4,152.8,153.0,155.81058604651162,155.7,152.8,1155000.0,1075000.0,80000.0,178880380000.0,11384000000.0,156100.0,24395030000.0,52500.0,8192080000.0,1742.0,2360500.0,2069.0,2176400.0,3.110945616876185,72219225.0,-784500000.0,0.0,-784500000.0,1000.0
2021-11-02T00:00:00,DGC,157.5,154.6,156.0,155.91974047819295,155.8,155.7,832300.0,832300.0,0.0,129772000000.0,0.0,141900.0,22103590000.0,200.0,31020000.0,1243.0,1801100.0,1523.0,1826800.0,3.110945616876185,72077525.0,765000000.0,0.0,765000000.0,1000.0
2021-11-03T00:00:00,DGC,156.2,153.2,156.2,154.42468203497614,153.5,155.8,1076400.0,1006400.0,70000.0,167068000000.0,11655000000.0,38400.0,5917540000.0,69200.0,10630800000.0,1554.0,1836200.0,1373.0,1783900.0,3.110945616876185,72222125.0,-8434660000.0,0.0,-8434660000.0,1000.0
2021-11-04T00:00:00,DGC,157.0,152.8,153.5,155.0205893277207,156.4,153.5,887700.0,807700.0,80000.0,138338130000.0,13128000000.0,71900.0,11166760000.0,0.0,0.0,1226.0,1713100.0,1564.0,1543900.0,3.110945616876185,72202725.0,-4828770000.0,0.0,-4828770000.0,1000.0
2021-11-05T00:00:00,DGC,167.0,156.5,158.6,162.6766445247905,163.2,156.4,3567900.0,3567900.0,0.0,580414000000.0,0.0,43500.0,7120300000.0,222000.0,36317420000.0,4380.0,6550400.0,4998.0,6450600.0,3.110945616876185,72159425.0,-10463600000.0,0.0,-10463600000.0,1000.0
2021-11-08T00:00:00,DGC,169.3,163.4,163.8,165.64906839419825,163.9,163.2,1814300.0,1744300.0,70000.0,299574670000.0,10633000000.0,20400.0,3407290000.0,120900.0,20055560000.0,3800.0,7967200.0,2083.0,3216700.0,3.110945616876185,72208225.0,-7393040000.0,0.0,-7393040000.0,1000.0
2021-11-09T00:00:00,DGC,164.4,158.5,164.4,160.93802989606445,159.0,163.9,1712600.0,1712600.0,0.0,275622470000.0,0.0,46000.0,7402430000.0,35700.0,5731540000.0,4424.0,5760500.0,1381.0,2871900.0,3.110945616876185,72162180.0,-16240000.0,0.0,-16240000.0,1000.0
2021-11-10T00:00:00,DGC,157.9,155.0,157.6,155.95456389452335,155.7,159.0,2563600.0,2563600.0,0.0,399805120000.0,0.0,500.0,77977281.94726166,11500.0,1793477484.7870183,5838.0,7953600.0,1415.0,3357700.0,3.110945616876185,72383680.0,6057000000.0,0.0,6057000000.0,1000.0
2021-11-11T00:00:00,DGC,155.7,154.2,155.0,154.88017558429232,154.9,155.7,1755800.0,1685800.0,70000.0,272752000000.0,11655000000.0,5900.0,914030000.0,61100.0,9467610000.0,3349.0,4944500.0,1123.0,2150100.0,3.110945616876185,72498680.0,15492100000.0,0.0,15492100000.0,1000.0
2021-11-12T00:00:00,DGC,155.5,154.0,154.6,154.978094383367,155.5,154.9,1337100.0,1337100.0,0.0,207221210000.0,0.0,51600.0,8002350000.0,300.0,46560000.0,2653.0,3807300.0,733.0,1790800.0,3.110945616876185,72482685.0,2966780000.0,0.0,2966780000.0,1000.0
2021-11-15T00:00:00,DGC,155.5,154.5,155.3,154.87361588392517,155.0,155.5,1309500.0,1309500.0,0.0,202807000000.0,0.0,20700.0,3214360000.0,68700.0,10629700000.0,2422.0,3583444.0,1464.0,2178301.0,3.110945616876185,72473485.0,3867000000.0,0.0,3867000000.0,1000.0
2021-11-16T00:00:00,DGC,159.0,154.5,154.5,156.97781611912077,157.0,155.0,2185500.0,2115500.0,70000.0,342187570000.0,10101000000.0,21600.0,3398270000.0,0.0,0.0,2438.0,4665300.0,1623.0,3069100.0,3.110945616876185,72512985.0,-17287680000.0,0.0,-17287680000.0,1000.0
2021-11-17T00:00:00,DGC,163.5,158.0,158.0,161.48744439661357,163.5,157.0,3514500.0,3484500.0,30000.0,567089000000.0,4386000000.0,32600.0,5264471606.782398,19300.0,3116696380.7024627,2741.0,6357900.0,3619.0,5091700.0,3.110945616876185,72480690.0,17765320000.0,0.0,17765320000.0,1000.0
2021-11-18T00:00:00,DGC,170.0,165.0,165.0,168.0865604652633,169.3,163.5,3163800.0,3163800.0,0.0,531792260000.0,0.0,77200.0,13011550000.0,16600.0,2805760000.0,2923.0,5323300.0,4465.0,5357700.0,3.110945616876185,72472185.0,7516880000.0,0.0,7516880000.0,1000.0
2021-11-19T00:00:00,DGC,173.5,162.0,169.5,169.3508785767495,169.3,169.3,2332100.0,2282100.0,50000.0,395525640000.0,9050000000.0,51200.0,8623790000.0,5300.0,900700000.0,2515.0,3639300.0,3225.0,3897200.0,3.110945616876185,72420815.0,3303270000.0,0.0,3303270000.0,1000.0
2021-11-22T00:00:00,DGC,171.9,164.0,169.0,167.12226037951834,164.9,169.3,2271300.0,2271300.0,0.0,379584790000.0,0.0,54100.0,9059270000.0,3900.0,649750000.0,2491.0,3546000.0,2340.0,4152200.0,3.110945616876185,72386015.0,1669510000.0,0.0,1669510000.0,1000.0
2021-11-23T00:00:00,DGC,167.0,162.4,164.0,164.3985510882519,166.5,164.9,1594300.0,1594300.0,0.0,262100610000.0,0.0,84600.0,13957390000.0,600.0,98400000.0,2033.0,2884200.0,1285.0,2482600.0,3.110945616876185,72318015.0,817500000.0,0.0,817500000.0,1000.0
2021-11-24T00:00:00,DGC,169.9,166.9,167.0,168.21686938548373,167.6,166.5,1257900.0,1257900.0,0.0,211600000000.0,0.0,165800.0,27893830000.0,1500.0,252150000.0,2109.0,1953100.0,1719.0,2370900.0,3.110945616876185,72157515.0,3360000000.0,0.0,3360000000.0,1000.0
2021-11-25T00:00:00,DGC,168.3,165.1,168.0,166.97036695710457,167.3,167.6,1193600.0,1193600.0,0.0,199295830000.0,0.0,201700.0,33669580000.0,2900.0,484100000.0,2242.0,1738600.0,1288.0,2089800.0,3.110945616876185,71959715.0,1662000000.0,0.0,1662000000.0,1000.0
2021-11-26T00:00:00,DGC,167.5,161.5,166.5,164.15289699570815,162.0,167.3,1864000.0,1864000.0,0.0,305981000000.0,0.0,6800.0,1111820000.0,34000.0,5579840000.0,3072.0,2665700.0,1403.0,2815600.0,3.110945616876185,71953587.0,4080410000.0,0.0,4080410000.0,1000.0
2021-11-29T00:00:00,DGC,161.2,158.0,159.1,159.60115732368897,159.8,162.0,1106000.0,1106000.0,0.0,176518880000.0,0.0,23000.0,3674530000.0,2200.0,351620000.0,2603.0,1825600.0,995.0,1719400.0,3.110945616876185,71932087.0,800000000.0,0.0,800000000.0,1000.0
2021-11-30T00:00:00,DGC,166.0,159.1,161.0,162.18376074998062,163.4,159.8,1290700.0,1290700.0,0.0,209330580000.0,0.0,288600.0,47038780000.0,4800.0,783740000.0,2185.0,2432500.0,1638.0,2161200.0,3.110945616876185,71646387.0,0.0,0.0,0.0,1000.0
2021-12-01T00:00:00,DGC,165.8,162.3,163.0,163.93948655256725,163.0,163.4,654400.0,654400.0,0.0,107282000000.0,0.0,143700.0,23542900000.0,200900.0,32955190000.0,1095.0,1307300.0,1603.0,1458400.0,3.110945616876185,71536687.0,0.0,0.0,0.0,1000.0
2021-12-02T00:00:00,DGC,165.5,163.0,163.1,163.95526,163.2,163.0,846500.0,846500.0,0.0,138788127590.0,0.0,140200.0,22967840000.0,41300.0,6759460000.0,1555.0,1368800.0,1516.0,1758300.0,3.110945616876185,71398687.0,619800000.0,0.0,619800000.0,1000.0
2021-12-03T00:00:00,DGC,164.3,158.5,164.0,160.30701754385967,158.5,163.2,1140000.0,1140000.0,0.0,182750000000.0,0.0,46100.0,7390560000.0,267700.0,42978080000.0,2346.0,1817100.0,1348.0,2042100.0,3.110945616876185,71357337.0,506750000.0,0.0,506750000.0,1000.0
2021-12-06T00:00:00,DGC,159.0,154.5,158.2,156.32712012208415,155.4,158.5,1834800.0,1834800.0,0.0,286829000000.0,0.0,48400.0,7589820000.0,49300.0,7720690000.0,2550.0,2903000.0,1356.0,2399000.0,3.110945616876185,71509837.0,775500000.0,0.0,775500000.0,1000.0
2021-12-07T00:00:00,DGC,165.0,156.5,156.5,161.62656336469286,164.2,155.4,1084200.0,1084200.0,0.0,175235520000.0,0.0,86000.0,13948980000.0,1200.0,188880000.0,1848.0,2604500.0,2457.0,2052500.0,3.110945616876185,71465137.0,-1611090000.0,0.0,-1611090000.0,1000.0
2021-12-08T00:00:00,DGC,172.0,166.0,166.0,168.78791353706782,169.0,164.2,1744100.0,1744100.0,0.0,294383000000.0,0.0,128000.0,21626730000.0,0.0,0.0,1819.0,2626600.0,4201.0,3821600.0,3.110945616876185,71604837.0,0.0,0.0,0.0,1000.0
2021-12-09T00:00:00,DGC,175.7,169.1,169.5,172.06327257490048,175.7,169.0,2386500.0,2386500.0,0.0,410629000000.0,0.0,210000.0,35934060000.0,1300.0,221900000.0,2542.0,3309600.0,4434.0,4087400.0,3.110945616876185,71444137.0,-226270000.0,0.0,-226270000.0,1000.0
2021-12-10T00:00:00,DGC,182.0,175.9,176.0,179.1490179128848,177.5,175.7,2082300.0,2082300.0,0.0,373042000000.0,0.0,68000.0,12142140000.0,37600.0,6727480000.0,2762.0,2981900.0,4170.0,5037000.0,3.110945616876185,71377337.0,0.0,0.0,0.0,1000.0
2021-12-13T00:00:00,DGC,182.0,176.1,176.6,179.25865200425682,179.0,177.5,1529500.0,1409500.0,120000.0,272585070000.0,19920000000.0,219900.0,39413940000.0,103600.0,18580280000.0,1555.0,2085800.0,2584.0,2962400.0,3.110945616876185,71157437.0,-5409910000.0,0.0,-5409910000.0,1000.0
2021-12-14T00:00:00,DGC,179.0,173.5,179.0,175.78957286432163,175.1,179.0,1631000.0,1592000.0,39000.0,286877000000.0,7020000000.0,257100.0,45231380000.0,102000.0,17897580000.0,2604.0,2471800.0,1925.0,2577400.0,3.110945616876185,70901637.0,-3503580000.0,0.0,-3503580000.0,1000.0
2021-12-15T00:00:00,DGC,174.9,170.2,173.5,172.31702127659574,173.0,175.1,1410000.0,1410000.0,0.0,242967000000.0,0.0,84900.0,14589720000.0,0.0,0.0,2557.0,2862300.0,1586.0,2376200.0,3.110945616876185,70854337.0,-5158150000.0,0.0,-5158150000.0,1000.0
2021-12-16T00:00:00,DGC,176.0,171.9,176.0,173.6358550456289,174.0,173.0,756100.0,756100.0,0.0,131286070000.0,0.0,53600.0,9260730000.0,41100.0,7138180000.0,1242.0,1757600.0,1301.0,1565800.0,3.110945616876185,70904337.0,-10390630000.0,0.0,-10390630000.0,1000.0
2021-12-17T00:00:00,DGC,173.8,171.0,173.1,172.16309775055336,172.5,174.0,1942700.0,1942700.0,0.0,334461250000.0,0.0,925000.0,159562280000.0,403700.0,69612050000.0,2089.0,2911900.0,1542.0,4068600.0,3.110945616876185,70081337.0,-17250000.0,0.0,-17250000.0,1000.0
2021-12-20T00:00:00,DGC,172.3,166.7,172.3,168.84674560171248,167.5,172.5,1494900.0,1494900.0,0.0,252409000000.0,0.0,99800.0,16960030000.0,37000.0,6232510000.0,3228.0,2219100.0,1371.0,2312900.0,3.110945616876185,69981477.0,-16940000.0,0.0,-16940000.0,1000.0
2021-12-21T00:00:00,DGC,168.3,158.8,167.5,163.07207538317172,160.9,167.5,2557600.0,2557600.0,0.0,417073140000.0,0.0,43000.0,6894380000.0,23500.0,3825560000.0,5337.0,3981300.0,2280.0,4090700.0,3.110945616876185,69979577.0,-27228630000.0,0.0,-27228630000.0,1000.0
2021-12-22T00:00:00,DGC,165.0,159.7,159.7,162.28956920758853,162.8,160.9,1460100.0,1460100.0,0.0,236959000000.0,0.0,423700.0,68694570000.0,9300.0,1514420000.0,2836.0,2931500.0,1333.0,2177500.0,3.110945616876185,69959489.0,-2547840000.0,0.0,-2547840000.0,1000.0
2021-12-23T00:00:00,DGC,163.8,157.5,160.6,159.831415705038,159.0,162.8,1776500.0,1776500.0,0.0,283940510000.0,0.0,396500.0,63402850000.0,178100.0,28448840000.0,3083.0,2841900.0,1373.0,2594400.0,3.110945616876185,69599989.0,0.0,0.0,0.0,1000.0
2021-12-24T00:00:00,DGC,160.0,156.5,160.0,158.208618748995,159.9,159.0,621900.0,621900.0,0.0,98389940000.0,0.0,200.0,31700000.0,40600.0,6405000000.0,1771.0,1093100.0,894.0,1145700.0,3.110945616876185,69623289.0,,,,1000.0
2021-12-27T00:00:00,DGC,162.4,159.1,159.1,161.16251246261214,161.8,159.9,501500.0,501500.0,0.0,80823000000.0,0.0,800.0,128730000.0,34500.0,5554840000.0,831.0,1189100.0,899.0,1000800.0,3.110945616876185,69631378.0,-15910000.0,0.0,-15910000.0,1000.0
2021-12-28T00:00:00,DGC,163.5,160.5,160.5,162.13010999999997,161.8,161.8,619400.0,619400.0,0.0,100423390134.0,0.0,33300.0,5400530000.0,0.0,0.0,932.0,1076900.0,1188.0,1227600.0,3.110945616876185,69776178.0,-48820000.0,0.0,-48820000.0,1000.0
2021-12-29T00:00:00,DGC,161.8,158.0,161.8,159.70735000000002,159.0,160.8,730500.0,730500.0,0.0,116666219175.0,0.0,1400.0,226100000.0,63800.0,10197130000.0,1056.0,1120000.0,911.0,1463300.0,3.0917185116198214,69815378.0,802770000.0,0.0,802770000.0,1000.0
2021-12-30T00:00:00,DGC,159.0,156.7,157.7,157.27092000000002,158.0,159.0,645400.0,645400.0,0.0,101502651768.0,0.0,1000.0,156930000.0,30700.0,4822630000.0,1496.0,1221400.0,846.0,971600.0,3.0917185116198214,69849578.0,7045660000.0,0.0,7045660000.0,1000.0
2021-12-31T00:00:00,DGC,159.9,157.0,158.6,158.13043478260872,159.9,158.0,529000.0,529000.0,0.0,83651000000.0,0.0,100400.0,15859040000.0,200.0,31920000.0,935.0,1049800.0,703.0,1015500.0,3.0917185116198214,69749118.0,2237820000.0,0.0,2237820000.0,1000.0
2022-01-04T00:00:00,DGC,161.0,159.1,160.0,159.97622,159.3,159.9,643100.0,643100.0,0.0,102880707082.0,0.0,56400.0,9023850000.0,13400.0,2144190000.0,796.0,904800.0,1007.0,1158100.0,3.0917185116198214,69756518.0,8720220000.0,0.0,8720220000.0,1000.0
2022-01-05T00:00:00,DGC,159.3,156.7,159.3,157.95038393384525,156.7,159.3,846500.0,846500.0,0.0,133705000000.0,0.0,3300.0,520890000.0,27800.0,4389720000.0,1533.0,1189500.0,1118.0,1458200.0,3.0917185116198214,69783918.0,4750500000.0,0.0,4750500000.0,1000.0
2022-01-06T00:00:00,DGC,158.7,155.5,156.0,156.56421464687654,155.7,156.7,613100.0,613100.0,0.0,95989520000.0,0.0,900.0,140420000.0,23500.0,3662750000.0,1482.0,1161200.0,1165.0,1134300.0,3.0917185116198214,69783218.0,0.0,0.0,0.0,1000.0
2022-01-07T00:00:00,DGC,156.2,153.1,155.8,154.57830132647,153.2,155.7,1010200.0,1010200.0,0.0,156155000000.0,0.0,73200.0,11372920000.0,33200.0,5143990000.0,1821.0,1373500.0,1271.0,1637200.0,3.0917185116198214,69723418.0,1513410000.0,0.0,1513410000.0,1000.0
2022-01-10T00:00:00,DGC,152.9,143.1,152.9,147.47671,145.0,153.2,2039400.0,2039400.0,0.0,300764002374.0,0.0,87700.0,12933707467.0,244300.0,36028560252.99999,3387.0,3193900.0,2581.0,3377200.0,3.0917185116198214,69663518.0,0.0,0.0,0.0,1000.0
2022-01-11T00:00:00,DGC,145.3,142.6,145.2,143.69224894998092,143.0,145.0,1309500.0,1309500.0,0.0,188165000000.0,0.0,37500.0,5375150000.0,370700.0,53318490000.0,1305.0,1864600.0,1504.0,1903900.0,3.0917185116198214,69649518.0,0.0,0.0,0.0,1000.0
2022-01-12T00:00:00,DGC,150.0,143.6,145.0,147.8492356352135,149.9,143.0,758800.0,758800.0,0.0,112188000000.0,0.0,91700.0,13558380000.0,52100.0,7727830000.0,1365.0,2382700.0,1309.0,1390900.0,3.0917185116198214,69591018.0,0.0,0.0,0.0,1000.0
2022-01-13T00:00:00,DGC,149.5,146.2,148.5,147.49691434213776,146.5,149.9,405100.0,405100.0,0.0,59751000000.0,0.0,6300.0,929224028.634905,58300.0,8599009661.8119,596.0,1135200.0,786.0,878300.0,3.0917185116198214,69829020.0,-14650000.0,0.0,-14650000.0,1000.0
2022-01-14T00:00:00,DGC,146.6,143.2,143.2,144.74444,144.1,146.5,311000.0,311000.0,0.0,45015520840.0,0.0,400.0,58040000.0,22200.0,3215520000.0,595.0,879400.0,462.0,584900.0,3.0917185116198214,70199393.0,-43310000.0,0.0,-43310000.0,1000.0
2022-01-17T00:00:00,DGC,146.0,134.1,146.0,138.43424,134.1,144.1,1020500.0,1020500.0,0.0,141272141920.0,0.0,11900.0,1607160000.0,60100.0,8549140000.0,1208.0,1298200.0,1054.0,1783200.0,3.0917185116198214,70239593.0,-5402230000.0,0.0,-5402230000.0,1000.0
2022-01-18T00:00:00,DGC,134.0,126.0,131.0,129.66667999999999,129.2,134.1,1052500.0,972500.0,80000.0,136900846300.0,10800000000.0,226900.0,29374980000.0,17000.0,2224090000.0,1290.0,1644600.0,1097.0,1598700.0,3.0917185116198214,70070993.0,-13040000.0,0.0,-13040000.0,1000.0
2022-01-19T00:00:00,DGC,138.2,130.0,130.0,135.42761,138.2,129.2,523300.0,523300.0,0.0,70869268313.0,0.0,12300.0,1656900000.0,200.0,26500000.0,907.0,1112200.0,778.0,740200.0,3.0917185116198214,70080893.0,0.0,0.0,0.0,1000.0
2022-01-20T00:00:00,DGC,147.8,145.0,147.8,147.33699,147.8,138.2,758400.0,758400.0,0.0,111740373216.0,0.0,18400.0,2714360000.0,7400.0,1088790000.0,1164.0,1646900.0,596.0,899500.0,3.0917185116198214,70122593.0,-1476780000.0,0.0,-1476780000.0,1000.0
2022-01-21T00:00:00,DGC,151.9,147.0,151.5,149.43689,148.0,147.8,719100.0,599100.0,120000.0,106466040799.0,16938400000.0,54100.0,8024170000.0,135600.0,20166620000.0,1062.0,1121300.0,1213.0,1684500.0,3.0917185116198214,70125493.0,-89400000.0,0.0,-89400000.0,1000.0
2022-01-24T00:00:00,DGC,148.0,138.6,148.0,141.4156527458073,140.0,148.0,608200.0,608200.0,0.0,86009000000.0,0.0,50100.0,7014110000.0,30200.0,4287870000.0,987.0,855200.0,724.0,1442700.0,3.0917185116198214,70075458.0,0.0,0.0,0.0,1000.0
2022-01-25T00:00:00,DGC,144.2,137.5,137.5,140.84058,144.2,140.0,582700.0,538700.0,44000.0,81942820446.0,6072000000.0,143400.0,20300050000.0,1600.0,221930000.0,796.0,1124800.0,579.0,1092400.0,3.0917185116198214,69939458.0,0.0,0.0,0.0,1000.0
2022-01-26T00:00:00,DGC,147.0,138.3,145.9,141.89557000000002,138.5,144.2,607900.0,607900.0,0.0,86258317003.0,0.0,192200.0,27312330000.0,304200.0,42953370000.0,0.0,1124800.0,0.0,1092400.0,3.0917185116198214,69842858.0,728000000.0,0.0,728000000.0,1000.0
2022-01-27T00:00:00,DGC,139.5,134.0,138.1,136.16441,134.0,138.5,581900.0,581900.0,0.0,79234070179.0,0.0,56700.0,7718940000.0,291200.0,39549230000.0,1085.0,929900.0,1357.0,1083800.0,3.0917185116198214,69816358.0,-41060000.0,0.0,-41060000.0,1000.0
2022-01-28T00:00:00,DGC,139.0,132.0,132.1,137.07746,138.0,134.0,319000.0,319000.0,0.0,43727709740.0,0.0,95700.0,13158420000.0,52500.0,7204480000.0,778.0,635200.0,562.0,672600.0,3.0917185116198214,69722178.0,0.0,0.0,0.0,1000.0
2022-02-07T00:00:00,DGC,143.0,138.0,141.0,140.09295,143.0,138.0,496700.0,446700.0,50000.0,69586020765.0,7006500000.0,234400.0,32934410000.0,200000.0,27921310000.0,720.0,725700.0,597.0,664000.0,3.0917185116198214,69841978.0,-14300000.0,0.0,-14300000.0,1000.0
2022-02-08T00:00:00,DGC,149.9,141.0,142.8,146.93442000000002,147.5,143.0,768100.0,553100.0,215000.0,112010427702.0,30741000000.0,280000.0,41268910000.0,183800.0,27186030000.0,740.0,1090300.0,1179.0,1316200.0,3.0917185116198214,69998178.0,-14280000.0,0.0,-14280000.0,1000.0
2022-02-09T00:00:00,DGC,148.5,145.0,148.5,146.9196,147.0,147.5,435700.0,257700.0,178000.0,64253180920.0,26392000000.0,100700.0,14795120000.0,109000.0,16015770000.0,702.0,464000.0,762.0,802600.0,3.0917185116198214,70049978.0,1479550000.0,0.0,1479550000.0,1000.0
2022-02-10T00:00:00,DGC,146.1,142.6,146.1,143.46612,143.0,147.0,805200.0,664200.0,141000.0,115594196904.0,20304000000.0,248900.0,35733850000.0,348100.0,50019170000.0,1437.0,982600.0,747.0,1455300.0,3.0917185116198214,70092078.0,0.0,0.0,0.0,1000.0
2022-02-11T00:00:00,DGC,148.0,142.9,143.0,146.15614000000002,146.0,143.0,547600.0,459600.0,88000.0,79153361944.0,11980000000.0,7500.0,1095530000.0,500.0,73600000.0,890.0,941200.0,935.0,1020600.0,3.0917185116198214,70123378.0,0.0,0.0,0.0,1000.0
2022-02-14T00:00:00,DGC,145.9,141.0,144.0,142.42729,141.1,146.0,765900.0,687900.0,78000.0,109519732791.0,11544000000.0,108400.0,15497460000.0,57700.0,8239340000.0,1575.0,1174700.0,581.0,1051700.0,3.0917185116198214,70023978.0,1413300000.0,0.0,1413300000.0,1000.0
2022-02-15T00:00:00,DGC,142.6,140.9,140.9,141.68077900084674,141.4,141.1,296000.0,236200.0,59800.0,41316740000.0,7851740000.0,0.0,0.0,700.0,99175832.0,409.0,236200.0,347.0,236200.0,3.0917185116198214,70231080.0,-28330000.0,0.0,-28330000.0,1000.0
2022-02-16T00:00:00,DGC,144.4,141.0,141.7,143.08466342817488,143.0,141.4,311200.0,288200.0,23000.0,44572000000.0,3335000000.0,5900.0,843550000.0,20100.0,2885970000.0,687.0,587900.0,659.0,628200.0,3.0917185116198214,70225678.0,0.0,0.0,0.0,1000.0
2022-02-17T00:00:00,DGC,149.7,143.0,143.0,147.30195999999998,147.0,143.0,1132500.0,1132500.0,0.0,166819469700.0,0.0,13800.0,2019120000.0,52900.0,7840040000.0,1696.0,2051200.0,2346.0,2863500.0,3.0917185116198214,70269578.0,7317380000.0,0.0,7317380000.0,1000.0
2022-02-18T00:00:00,DGC,151.4,145.5,146.9,149.98689000000002,151.2,147.0,1706700.0,1468700.0,238000.0,253945745343.0,33660000000.0,133700.0,20032370000.0,166500.0,24916930000.0,1474.0,2489000.0,2229.0,2764900.0,3.0917185116198214,70137578.0,21822320000.0,0.0,21822320000.0,1000.0
2022-02-21T00:00:00,DGC,153.0,150.5,152.9,151.90957,151.5,151.2,865200.0,842200.0,23000.0,131273239854.0,3335000000.0,81200.0,12331030000.0,13600.0,2062860000.0,1347.0,1290100.0,1372.0,1628700.0,3.0917185116198214,70076574.0,978550000.0,0.0,978550000.0,1000.0
2022-02-22T00:00:00,DGC,153.5,147.5,149.2,150.47906,153.0,151.5,1456000.0,1286000.0,170000.0,217486071160.0,23970000000.0,62300.0,9446170000.0,215400.0,32541700000.0,1888.0,2046000.0,1635.0,2098800.0,3.0917185116198214,70067174.0,26004270000.0,0.0,26004270000.0,1000.0
2022-02-23T00:00:00,DGC,162.0,153.1,153.1,157.14027,157.0,153.0,1967100.0,1867100.0,100000.0,307626598117.0,14230000000.0,228000.0,35862290000.0,157200.0,24576290000.0,2153.0,2637400.0,2944.0,3138000.0,3.0917185116198214,70005674.0,15603300000.0,0.0,15603300000.0,1000.0
2022-02-24T00:00:00,DGC,162.0,156.1,156.1,160.22825,161.9,157.0,2105900.0,2082900.0,23000.0,337102021925.0,3362600000.0,513100.0,82382510000.0,17800.0,2833420000.0,1904.0,3021300.0,3537.0,4146200.0,3.0917185116198214,69506174.0,-15354130000.0,0.0,-15354130000.0,1000.0
2022-02-25T00:00:00,DGC,168.4,161.8,163.0,164.89970000000002,161.8,161.9,2105400.0,2105400.0,0.0,347179828380.0,0.0,212100.0,35080380000.0,7500.0,1230230000.0,2360.0,3180700.0,3302.0,3725700.0,3.0917185116198214,69509474.0,-49635800000.0,0.0,-49635800000.0,1000.0
2022-02-28T00:00:00,DGC,165.0,158.5,162.9,162.10944,163.1,161.8,1842200.0,1842200.0,0.0,298638010368.0,0.0,204600.0,33544270000.0,112700.0,18157070000.0,2339.0,3000500.0,2527.0,3438500.0,3.0917185116198214,69462074.0,-16264920000.0,0.0,-16264920000.0,1000.0
2022-03-01T00:00:00,DGC,166.9,162.8,163.8,164.10538,163.2,163.1,1419900.0,1246900.0,173000.0,230912098322.0,26289100000.0,154000.0,25243110000.0,215200.0,35249200000.0,1995.0,1987500.0,2347.0,2551500.0,3.0917185116198214,69325874.0,1289430000.0,0.0,1289430000.0,1000.0
2022-03-02T00:00:00,DGC,166.0,161.1,163.0,163.77292,166.0,163.2,1697600.0,1697600.0,0.0,278020908992.0,0.0,211600.0,34477290000.0,72500.0,11878920000.0,2403.0,3020900.0,2096.0,2787700.0,3.0917185116198214,69121774.0,16786510000.0,0.0,16786510000.0,1000.0
2022-03-03T00:00:00,DGC,177.6,167.0,167.0,172.04247,177.6,166.0,5507000.0,5507000.0,0.0,947437882290.0,0.0,511200.0,87675390000.0,4300.0,741420000.0,5228.0,8615400.0,4473.0,6904200.0,3.0917185116198214,68723274.0,,,,1000.0
2022-03-04T00:00:00,DGC,183.0,177.0,182.0,180.04729,177.6,177.6,3403000.0,3403000.0,0.0,612700927870.0,0.0,343700.0,62060340000.0,7400.0,1325350000.0,3536.0,4557700.0,3010.0,5987100.0,3.0917185116198214,68594774.0,82085890000.0,0.0,82085890000.0,1000.0
2022-03-07T00:00:00,DGC,190.0,180.6,180.6,186.10832000000002,189.9,177.6,4069300.0,4069300.0,0.0,757330586576.0,0.0,253300.0,47597740000.0,6900.0,1306790000.0,4862.0,5783100.0,2999.0,6137000.0,3.0917185116198214,68413974.0,,,,1000.0
2022-03-08T00:00:00,DGC,193.5,181.0,190.1,186.57387,182.0,189.9,3613300.0,3052400.0,560900.0,668609110788.0,99111030000.0,231100.0,42716710000.0,205000.0,38153830000.0,5676.0,4551300.0,3569.0,5419700.0,3.0917185116198214,68187599.0,,,,1000.0
2022-03-09T00:00:00,DGC,189.5,181.5,184.7,185.42809,189.0,182.0,2996100.0,2996100.0,0.0,555561100449.0,0.0,136200.0,25321880000.0,360400.0,67055910000.0,4841.0,5200000.0,3465.0,4620200.0,3.0917185116198214,68058799.0,,,,1000.0
2022-03-10T00:00:00,DGC,193.9,185.0,185.5,188.71022,187.0,189.0,1437000.0,1437000.0,0.0,271176586140.0,0.0,22200.0,4201470000.0,16000.0,3012770000.0,2714.0,2655900.0,2546.0,2983500.0,3.0917185116198214,68043499.0,,,,1000.0
2022-03-11T00:00:00,DGC,193.0,185.9,187.0,189.74397,188.1,187.0,2314200.0,2314200.0,0.0,439105495374.0,0.0,284300.0,53759740000.0,300.0,57310000.0,2741.0,3965300.0,3567.0,4500600.0,3.0917185116198214,67964699.0,,,,1000.0
2022-03-14T00:00:00,DGC,192.0,180.0,188.7,185.57331,180.0,188.1,2379900.0,2379900.0,0.0,441645920469.0,0.0,9400.0,1777770000.0,54700.0,10188930000.0,3740.0,3641200.0,3310.0,4555000.0,3.0917185116198214,68315699.0,,,,1000.0
2022-03-15T00:00:00,DGC,183.0,172.5,180.0,177.09428,178.7,180.0,2176000.0,2176000.0,0.0,385357153280.0,0.0,104800.0,18585840000.0,1800.0,321220000.0,4701.0,4033500.0,3048.0,4188800.0,3.0917185116198214,68226910.0,,,,1000.0
2022-03-16T00:00:00,DGC,191.0,178.7,181.8,186.58634,189.0,178.7,1673100.0,1673100.0,0.0,312177605454.0,0.0,99800.0,18694010000.0,17000.0,3214000000.0,2420.0,3025100.0,2743.0,3089600.0,3.0917185116198214,68127410.0,,,,1000.0
2022-03-17T00:00:00,DGC,191.0,181.9,190.6,186.4907783682401,185.6,189.0,1599500.0,1599500.0,0.0,298292000000.0,0.0,98000.0,18297140000.0,19200.0,3548280000.0,3272.0,3023700.0,2788.0,3215600.0,3.0917185116198214,68084040.0,,,,1000.0
2022-03-18T00:00:00,DGC,190.5,185.7,187.5,189.1523,189.1,185.6,1848700.0,1848700.0,0.0,349685857010.0,0.0,45700.0,8652700000.0,73600.0,13903220000.0,1803.0,3006800.0,4067.0,3847700.0,3.0917185116198214,68040140.0,,,,1000.0
2022-03-21T00:00:00,DGC,200.0,189.5,190.5,195.66377370620378,199.5,189.1,3502100.0,3422100.0,80000.0,683653000000.0,14072000000.0,144100.0,28249980000.0,27400.0,5423390000.0,3717.0,5770700.0,3704.0,5192400.0,3.0917185116198214,67913040.0,,,,1000.0
2022-03-22T00:00:00,DGC,213.4,199.8,199.8,209.86932000000002,213.4,199.5,3132200.0,3093400.0,38800.0,656426554488.0,7216800000.0,1172600.0,247033650000.0,7400.0,1551470000.0,2747.0,5585100.0,3291.0,3959100.0,3.0917185116198214,66759640.0,,,,1000.0
2022-03-23T00:00:00,DGC,227.1,216.8,217.0,222.19406752918903,227.1,213.4,3324800.0,3169000.0,155800.0,738548687000.0,34415687000.0,1577500.0,350931210000.0,183400.0,40952920000.0,3065.0,4891400.0,3738.0,4879600.0,3.0917185116198214,65391040.0,,,,1000.0
2022-03-24T00:00:00,DGC,231.0,220.0,226.0,224.93673,222.5,227.1,3534000.0,3439900.0,94100.0,793840797527.0,20080940000.0,2036800.0,458489620000.0,445600.0,99918930000.0,3433.0,5033900.0,4131.0,5733200.0,3.0917185116198214,63381640.0,,,,1000.0
2022-03-25T00:00:00,DGC,225.0,218.2,221.0,221.24473,225.0,222.5,2623567.0,2561600.0,61967.0,579567669368.0,12827169000.0,771300.0,170321770000.0,479900.0,106351030000.0,3288.0,4330200.0,2466.0,3653400.0,3.0917185116198214,62617680.0,,,,1000.0
2022-03-28T00:00:00,DGC,235.0,223.1,225.5,229.24357999999998,234.9,225.0,2171400.0,2171400.0,0.0,497779509612.0,0.0,531200.0,121672070000.0,406400.0,92627220000.0,2318.0,3539600.0,2547.0,3278100.0,3.0917185116198214,62134580.0,,,,1000.0
2022-03-29T00:00:00,DGC,239.0,221.0,239.0,226.80064000000002,228.5,234.9,3510500.0,2885500.0,625000.0,795795746720.0,141362500000.0,1257600.0,284999130000.0,413500.0,93433170000.0,5488.0,4704300.0,3770.0,5167000.0,3.0917185116198214,61322580.0,,,,1000.0
2022-03-30T00:00:00,DGC,233.0,219.5,225.0,224.56135428357652,232.0,228.5,3207600.0,3207600.0,0.0,720303000000.0,0.0,1344300.0,300438610000.0,536600.0,120562760000.0,4395.0,5035200.0,3821.0,4559000.0,3.0917185116198214,60458180.0,,,,1000.0
2022-03-31T00:00:00,DGC,235.5,228.0,234.0,231.89520000000002,228.0,232.0,1743900.0,1743900.0,0.0,404402039280.0,0.0,880500.0,203510840000.0,93000.0,21553960000.0,1976.0,2371300.0,2048.0,3535000.0,3.0917185116198214,59984080.0,,,,1000.0
2022-04-01T00:00:00,DGC,229.8,223.0,225.0,227.1675074524192,228.0,228.0,1744400.0,1744400.0,0.0,396271000000.0,0.0,881000.0,200269320000.0,97500.0,22140220000.0,3023.0,2892700.0,1869.0,3323600.0,3.0917185116198214,59516580.0,,,,1000.0
2022-04-04T00:00:00,DGC,227.5,220.0,227.0,223.78901000000002,221.0,228.0,1907500.0,1907500.0,0.0,426877536575.0,0.0,504200.0,112982030000.0,266100.0,59603540000.0,4164.0,2953000.0,2468.0,3539700.0,3.0917185116198214,59548980.0,,,,1000.0
2022-04-05T00:00:00,DGC,224.0,213.8,220.5,217.18868,215.0,221.0,1770700.0,1770700.0,0.0,384575995676.0,0.0,58400.0,12597370000.0,106900.0,23264570000.0,5028.0,3195100.0,2645.0,2876300.0,3.0917185116198214,59583580.0,,,,1000.0
2022-04-06T00:00:00,DGC,220.8,211.0,211.3,215.54163,216.8,215.0,1340400.0,1340400.0,0.0,288912000852.0,0.0,109200.0,23628840000.0,68900.0,14837230000.0,3978.0,2824500.0,2018.0,2204000.0,3.0917185116198214,59571785.0,,,,1000.0
2022-04-07T00:00:00,DGC,225.5,216.0,216.0,222.83145000000002,223.0,216.8,1410000.0,1410000.0,0.0,314192344500.0,0.0,32400.0,7232340000.0,33100.0,7347660000.0,2644.0,2496700.0,2709.0,2522000.0,3.0917185116198214,59805485.0,,,,1000.0
2022-04-08T00:00:00,DGC,224.5,215.1,222.8,218.81423999999998,216.0,223.0,1297600.0,1297600.0,0.0,283933357824.0,0.0,134800.0,29973550000.0,193700.0,42459990000.0,3402.0,2073200.0,1967.0,2413600.0,3.0917185116198214,59777585.0,,,,1000.0
2022-04-12T00:00:00,DGC,222.7,213.5,217.0,216.9034346340586,216.0,216.0,1112200.0,1112200.0,0.0,241240000000.0,0.0,186600.0,40729230000.0,54000.0,11765320000.0,2384.0,1786400.0,2184.0,2009700.0,3.0917185116198214,59659885.0,,,,1000.0
2022-04-13T00:00:00,DGC,231.1,218.0,219.4,225.72985999999997,231.1,216.0,2318100.0,2285800.0,32300.0,523079313988.0,7106000000.0,93800.0,21211440000.0,319600.0,72477340000.0,3155.0,4418600.0,3307.0,3429800.0,3.0917185116198214,59599185.0,,,,1000.0
2022-04-14T00:00:00,DGC,247.2,235.5,237.0,243.65571244116788,247.2,231.1,2400900.0,2400900.0,0.0,584993000000.0,0.0,381900.0,94141560000.0,1900.0,457860000.0,2887.0,4123200.0,3335.0,3297500.0,3.0917185116198214,59410985.0,,,,1000.0
2022-04-15T00:00:00,DGC,252.5,243.2,247.0,248.06860999999998,248.0,247.2,1260400.0,1260400.0,0.0,312665676044.0,0.0,206600.0,51740630000.0,41800.0,10358440000.0,2814.0,2449400.0,3070.0,2434000.0,3.0917185116198214,59258385.0,,,,1000.0
2022-04-18T00:00:00,DGC,251.0,241.0,248.9,245.26578,245.0,248.0,1398500.0,1398500.0,0.0,343004193330.0,0.0,104300.0,25938810000.0,42600.0,10405470000.0,3436.0,2447000.0,2023.0,2787600.0,3.0917185116198214,59473685.0,,,,1000.0
2022-04-19T00:00:00,DGC,262.1,246.0,248.0,258.38963,254.8,245.0,2350900.0,2350900.0,0.0,607448181167.0,0.0,112500.0,28824610000.0,637000.0,166111430000.0,2463.0,3467800.0,2926.0,3489600.0,3.0917185116198214,59363085.0,,,,1000.0
2022-04-20T00:00:00,DGC,256.0,240.0,254.9,247.61299,243.0,254.8,2448200.0,2448200.0,0.0,606206122118.0,0.0,305200.0,75699620000.0,775600.0,192906360000.0,4872.0,4069000.0,2526.0,3419700.0,3.0917185116198214,59099685.0,,,,1000.0
2022-04-21T00:00:00,DGC,251.8,235.0,239.0,244.46409,247.0,243.0,1408900.0,1408900.0,0.0,344425456401.0,0.0,260200.0,64119590000.0,218600.0,53694110000.0,3390.0,3593100.0,3070.0,2901800.0,3.0917185116198214,58877585.0,,,,1000.0
2022-04-22T00:00:00,DGC,250.0,229.8,250.0,233.94762,238.0,247.0,4671400.0,4671400.0,0.0,1092862912068.0,0.0,802000.0,185687500000.0,381300.0,90055570000.0,6567.0,6195500.0,3709.0,6941000.0,3.0917185116198214,58713085.0,,,,1000.0
2022-04-25T00:00:00,DGC,240.3,221.4,233.0,226.37726999999998,221.4,238.0,2001500.0,2001500.0,0.0,453094105905.0,0.0,309200.0,70181990000.0,64000.0,14725980000.0,3036.0,2639000.0,2941.0,4823200.0,3.0917185116198214,59179985.0,,,,1000.0
2022-04-26T00:00:00,DGC,224.0,206.0,206.1,211.39058,223.0,221.4,2139100.0,2139100.0,0.0,452185589678.0,0.0,379400.0,80440180000.0,27600.0,5947900000.0,4174.0,3684500.0,2903.0,3765800.0,3.0917185116198214,59019185.0,,,,1000.0
2022-04-27T00:00:00,DGC,228.0,212.4,222.0,217.9868,227.0,223.0,1720300.0,1720300.0,0.0,375002692040.0,0.0,460000.0,101285480000.0,294200.0,63349860000.0,3730.0,3136900.0,2362.0,3470600.0,3.0917185116198214,58940485.0,,,,1000.0
2022-04-28T00:00:00,DGC,230.0,220.8,227.8,225.13825,228.0,227.0,1255200.0,1255200.0,0.0,282593531400.0,0.0,154200.0,34720200000.0,427000.0,95772220000.0,2933.0,2293000.0,2082.0,2241600.0,3.0917185116198214,58850285.0,,,,1000.0
2022-04-29T00:00:00,DGC,243.9,224.0,226.0,237.36722,240.9,228.0,2298200.0,2100200.0,198000.0,546301975444.0,47783340000.0,404600.0,96356580000.0,215500.0,51852910000.0,3828.0,3656800.0,3896.0,3794200.0,3.0917185116198214,58671285.0,,,,1000.0
2022-05-04T00:00:00,DGC,246.9,237.0,240.0,240.73837,239.4,240.9,1207200.0,1027200.0,180000.0,290695253664.0,43408800000.0,215700.0,52097100000.0,339300.0,81944860000.0,2912.0,1825900.0,2245.0,2025000.0,3.0917185116198214,58929785.0,,,,1000.0
2022-05-05T00:00:00,DGC,242.0,227.5,242.0,235.33123999999998,236.8,239.4,1557400.0,1557400.0,0.0,366504873176.0,0.0,154700.0,36700640000.0,61000.0,14365540000.0,4204.0,2596900.0,2640.0,2752300.0,3.0917185116198214,59202085.0,,,,1000.0
2022-05-06T00:00:00,DGC,239.9,228.5,229.0,234.67685,231.0,236.8,1421300.0,1421300.0,0.0,333546206905.0,0.0,241700.0,57034720000.0,218400.0,51716050000.0,3378.0,2636400.0,2393.0,2649700.0,3.0917185116198214,58977885.0,,,,1000.0
2022-05-09T00:00:00,DGC,229.0,214.9,227.0,217.29449,214.9,231.0,1694100.0,1672100.0,22000.0,368420116729.0,5082000000.0,236500.0,50870480000.0,8500.0,1897990000.0,3356.0,2207600.0,2319.0,3697800.0,3.0917185116198214,58900685.0,,,,1000.0
2022-05-10T00:00:00,DGC,213.9,200.1,205.0,206.38132000000002,212.0,214.9,2099800.0,2099800.0,0.0,433359495736.0,0.0,523900.0,109070600000.0,15000.0,3129520000.0,4516.0,4474400.0,3014.0,3379900.0,3.0917185116198214,58437785.0,,,,1000.0
2022-05-11T00:00:00,DGC,215.0,206.6,214.4,211.98810999999998,212.0,212.0,809700.0,809700.0,0.0,171646772667.0,0.0,212900.0,45280570000.0,19100.0,4049980000.0,2198.0,1475600.0,1633.0,1489600.0,3.0917185116198214,58443285.0,,,,1000.0
2022-05-12T00:00:00,DGC,211.5,197.2,208.1,201.70506,197.2,212.0,1980600.0,1980600.0,0.0,399497041836.0,0.0,254700.0,50557070000.0,36900.0,7633830000.0,3600.0,2554600.0,2449.0,3516100.0,3.0917185116198214,58197085.0,,,,1000.0
2022-05-13T00:00:00,DGC,197.0,183.4,195.0,186.43492,183.4,197.2,2508900.0,2508900.0,0.0,467746570788.0,0.0,619300.0,114909960000.0,351900.0,65823870000.0,3342.0,3476800.0,3421.0,4769200.0,3.0917185116198214,57593285.0,,,,1000.0
2022-05-16T00:00:00,DGC,196.2,180.1,188.0,187.20979,180.1,183.4,1497600.0,1497600.0,0.0,280365381504.0,0.0,223600.0,41756200000.0,196000.0,36696720000.0,3138.0,2557600.0,2936.0,2957900.0,3.0917185116198214,57388785.0,,,,1000.0
2022-05-17T00:00:00,DGC,192.7,174.0,174.0,185.50124,192.7,180.1,1245200.0,1245200.0,0.0,230986144048.0,0.0,169000.0,31042060000.0,257200.0,48543860000.0,3068.0,2532700.0,2540.0,1987300.0,3.0917185116198214,57256685.0,-40960000.0,0.0,-40960000.0,1000.0
2022-05-18T00:00:00,DGC,203.4,195.0,195.0,198.99713,203.0,192.7,1215700.0,1215700.0,0.0,241920810941.0,0.0,269700.0,53853660000.0,238400.0,47311720000.0,2476.0,2244800.0,2463.0,2517300.0,3.0917185116198214,57339385.0,59370000.0,0.0,59370000.0,1000.0
2022-05-19T00:00:00,DGC,217.0,194.0,197.3,207.96442000000002,215.0,203.0,1607700.0,1607700.0,0.0,334344398034.0,0.0,123500.0,26276410000.0,98400.0,20715570000.0,3136.0,3261400.0,3831.0,3156400.0,3.0917185116198214,57411885.0,-4180530000.0,0.0,-4180530000.0,1000.0
2022-05-20T00:00:00,DGC,219.0,211.0,214.9,214.76487,213.0,215.0,952100.0,952100.0,0.0,204477632727.0,0.0,44500.0,9576720000.0,250700.0,53808370000.0,3261.0,2071400.0,2708.0,2279700.0,3.0917185116198214,57624585.0,-4340000000.0,0.0,-4340000000.0,1000.0
2022-05-23T00:00:00,DGC,217.5,205.0,217.0,214.16197,214.6,213.0,1133400.0,1133400.0,0.0,242731176798.0,0.0,7200.0,1558340000.0,60600.0,12985590000.0,2286.0,1975400.0,2544.0,2209100.0,3.0917185116198214,57855785.0,0.0,0.0,0.0,1000.0
2022-05-24T00:00:00,DGC,227.0,214.0,216.2,220.75527,223.0,214.6,1507200.0,1507200.0,0.0,332722342944.0,0.0,224600.0,49836840000.0,300.0,66830000.0,3390.0,2774300.0,3084.0,2950100.0,3.0917185116198214,57730085.0,22300000.0,0.0,22300000.0,1000.0
2022-05-25T00:00:00,DGC,231.9,224.0,225.6,227.53032000000002,228.5,223.0,994900.0,994900.0,0.0,226369915368.0,0.0,20500.0,4656620000.0,130600.0,29749910000.0,2334.0,1614000.0,2504.0,2183100.0,3.0917185116198214,57960285.0,0.0,0.0,0.0,1000.0
2022-05-26T00:00:00,DGC,232.6,224.0,230.0,228.80643,224.9,228.5,985400.0,985400.0,0.0,225465856122.0,0.0,239300.0,54802080000.0,100600.0,22826210000.0,2733.0,1545900.0,2324.0,2399100.0,3.0917185116198214,57781535.0,0.0,0.0,0.0,1000.0
2022-05-27T00:00:00,DGC,221.0,213.7,220.0,216.48234,214.0,224.9,2923300.0,2873300.0,50000.0,634043707522.0,12025000000.0,202900.0,43918300000.0,616900.0,133604350000.0,8487.0,4791900.0,4222.0,4844900.0,3.0917185116198214,57578935.0,0.0,0.0,0.0,1000.0
2022-05-30T00:00:00,DGC,222.0,211.1,211.1,216.22678,215.0,214.0,1140600.0,1044200.0,96400.0,245064003676.0,19280000000.0,42800.0,9236740000.0,88900.0,19243830000.0,3172.0,2460900.0,2388.0,1933900.0,3.0917185116198214,57666735.0,-21680000.0,0.0,-21680000.0,1000.0
2022-05-31T00:00:00,DGC,228.8,214.5,216.5,223.30438,223.6,215.0,2801500.0,1301500.0,1500000.0,590630650570.0,300000000000.0,286500.0,64556990000.0,76700.0,17210160000.0,2941.0,2319300.0,3739.0,2914000.0,3.0917185116198214,57480835.0,0.0,0.0,0.0,1000.0
2022-06-01T00:00:00,DGC,233.5,221.5,225.5,226.62582,229.8,223.6,1680400.0,1560000.0,120400.0,378584479200.0,25048200000.0,670200.0,151724170000.0,14400.0,3231500000.0,2651.0,2719200.0,5021.0,3643400.0,3.0917185116198214,57427535.0,-22340000.0,0.0,-22340000.0,1000.0
2022-06-02T00:00:00,DGC,237.5,229.1,229.1,233.37051,233.6,229.8,3728500.0,2049400.0,1679100.0,837261103194.0,358991580000.0,402800.0,94075540000.0,34100.0,7951370000.0,3737.0,3141200.0,6271.0,4965100.0,3.0917185116198214,57113635.0,0.0,0.0,0.0,1000.0
2022-06-03T00:00:00,DGC,115.1,115.1,115.1,115.1,115.1,107.6,357200.0,357200.0,0.0,41113720000.0,0.0,0.0,0.0,0.0,0.0,3986.0,6634300.0,321.0,357200.0,1.4247550744791804,57190335.0,0.0,0.0,0.0,1000.0
2022-06-06T00:00:00,DGC,123.0,118.0,123.0,120.64871000000001,118.1,115.1,4625000.0,4625000.0,0.0,558000283750.0,0.0,480600.0,58364820000.0,646700.0,77441710000.0,8498.0,7211400.0,5280.0,7431600.0,1.4247550744791804,56724135.0,-1923000000.0,0.0,-1923000000.0,1000.0
2022-06-07T00:00:00,DGC,125.9,113.0,117.0,117.9818,124.9,118.1,2536900.0,2536900.0,0.0,299308028420.0,0.0,166800.0,19527680000.0,134300.0,16022950000.0,6383.0,5528300.0,4018.0,4455500.0,1.4247550744791804,56591435.0,-3055090000.0,0.0,-3055090000.0,1000.0
2022-06-08T00:00:00,DGC,129.4,126.0,129.0,127.81652,128.0,124.9,1416600.0,1416600.0,0.0,181064882232.0,0.0,330800.0,42291640000.0,298600.0,38205360000.0,2573.0,2378200.0,2710.0,2978800.0,1.4247550744791804,56260635.0,-25480000.0,0.0,-25480000.0,1000.0
2022-06-09T00:00:00,DGC,127.5,124.4,127.5,125.59883,126.0,128.0,1418000.0,1418000.0,0.0,178099140940.0,0.0,21200.0,2673390000.0,127800.0,15996240000.0,3766.0,2708300.0,2728.0,3613200.0,1.4247550744791804,56886230.0,0.0,0.0,0.0,1000.0
2022-06-10T00:00:00,DGC,134.0,126.0,126.0,130.93437,127.0,126.0,3482100.0,3482100.0,0.0,455926569777.0,0.0,470700.0,61982360000.0,189600.0,24866230000.0,4151.0,6507700.0,6291.0,6256800.0,1.4247550744791804,56549830.0,0.0,0.0,0.0,1000.0
2022-06-13T00:00:00,DGC,129.7,121.0,125.1,123.73949,121.8,127.0,2697100.0,2602100.0,95000.0,334874026929.0,12891500000.0,150000.0,18568060000.0,485700.0,60468610000.0,6827.0,6213400.0,4152.0,4975500.0,1.4247550744791804,56698430.0,0.0,0.0,0.0,1000.0
2022-06-14T00:00:00,DGC,126.9,120.3,120.5,124.60251,125.8,121.8,1989300.0,1739200.0,250100.0,246720685392.0,30012000000.0,141400.0,17669940000.0,42500.0,5291880000.0,3610.0,4219800.0,3300.0,3509800.0,1.4247550744791804,56684830.0,0.0,0.0,0.0,1000.0
2022-06-15T00:00:00,DGC,130.2,122.6,128.1,126.67204,126.0,125.8,2785500.0,2785500.0,0.0,352844967420.0,0.0,56000.0,7112530000.0,757400.0,95862200000.0,4655.0,4844000.0,3540.0,4926100.0,1.4247550744791804,56818430.0,-12350000.0,0.0,-12350000.0,1000.0
2022-06-16T00:00:00,DGC,134.8,125.1,128.9,130.44934,134.7,126.0,3587100.0,3492100.0,95000.0,466676140214.0,11134000000.0,44700.0,5826420000.0,413500.0,53335190000.0,4691.0,6145100.0,5495.0,6073700.0,1.4247550744791804,57259430.0,-50700000.0,0.0,-50700000.0,1000.0
2022-06-17T00:00:00,DGC,139.0,132.0,133.0,134.57665,132.0,134.7,2706600.0,2656600.0,50000.0,364716328390.0,7200000000.0,14200.0,1900210000.0,782100.0,104887540000.0,5612.0,4823400.0,4056.0,5956500.0,1.4247550744791804,57287730.0,0.0,0.0,0.0,1000.0
2022-06-20T00:00:00,DGC,132.3,125.0,131.5,128.23689,125.0,132.0,2685300.0,2625300.0,60000.0,345120307317.0,8460000000.0,192600.0,25208290000.0,430600.0,55253490000.0,6576.0,4455600.0,2889.0,4588600.0,1.4247550744791804,57852530.0,126000000.0,0.0,126000000.0,1000.0
2022-06-21T00:00:00,DGC,124.9,116.5,123.0,120.25789999999999,116.6,125.0,2803300.0,2803300.0,0.0,337118971070.0,0.0,67300.0,8256700000.0,25700.0,3102110000.0,7300.0,5306300.0,3352.0,4821600.0,1.4247550744791804,58198730.0,1112280000.0,0.0,1112280000.0,1000.0
2022-06-22T00:00:00,DGC,119.8,109.0,118.0,113.31544,112.0,116.6,3098900.0,3048900.0,50000.0,350917445016.0,5430000000.0,138900.0,15618420000.0,219300.0,25175210000.0,6820.0,5910000.0,3444.0,4789800.0,1.4247550744791804,58841930.0,696720000.0,0.0,696720000.0,1000.0
2022-06-23T00:00:00,DGC,119.8,110.0,110.0,117.96471000000001,119.8,112.0,1040800.0,980800.0,60000.0,121969787568.0,6270000000.0,9700.0,1161130000.0,33600.0,4014310000.0,2065.0,4420300.0,959.0,1105200.0,1.4247550744791804,59263830.0,4718680000.0,0.0,4718680000.0,1000.0
2022-06-24T00:00:00,DGC,126.5,122.2,124.5,124.0306,122.6,119.8,1250200.0,1230200.0,20000.0,155058444120.0,2476000000.0,14800.0,1830950000.0,136100.0,16894660000.0,2428.0,2503800.0,3318.0,3163900.0,1.4247550744791804,59274730.0,0.0,0.0,0.0,1000.0
2022-06-27T00:00:00,DGC,126.5,120.0,122.0,122.18782,120.0,122.6,1615600.0,1615600.0,0.0,197406641992.0,0.0,18800.0,2309780000.0,657600.0,79753760000.0,3425.0,3249300.0,3237.0,3626600.0,1.4247550744791804,59475230.0,805860000.0,0.0,805860000.0,1000.0
2022-06-28T00:00:00,DGC,122.9,118.0,119.0,119.52944000000001,118.7,120.0,1880900.0,1880900.0,0.0,224822923696.0,0.0,13200.0,1582900000.0,551300.0,66211150000.0,4015.0,3650800.0,2489.0,3844800.0,1.4247550744791804,126463768.0,0.0,0.0,0.0,1000.0
2022-06-29T00:00:00,DGC,120.7,115.0,116.4,117.44525999999999,119.0,118.7,1408800.0,1408800.0,0.0,165456882288.0,0.0,3100.0,360290000.0,163300.0,19355850000.0,3924.0,3513300.0,2632.0,3031200.0,1.4247550744791804,126596768.0,2678520000.0,0.0,2678520000.0,1000.0
2022-06-30T00:00:00,DGC,120.7,116.5,120.0,118.87456,116.5,119.0,832500.0,832500.0,0.0,98963071200.0,0.0,12200.0,1451440000.0,135900.0,16300070000.0,2057.0,1645100.0,2062.0,2394600.0,1.4247550744791804,127242168.0,0.0,0.0,0.0,1000.0
2022-07-01T00:00:00,DGC,116.4,110.2,116.0,112.87228,112.0,116.5,1790000.0,1790000.0,0.0,202041381200.0,0.0,57900.0,6479890000.0,191100.0,21706880000.0,5508.0,3569700.0,2261.0,3331600.0,1.4247550744791804,127735568.0,112600000.0,0.0,112600000.0,1000.0
2022-07-04T00:00:00,DGC,114.8,106.2,112.2,109.89607000000001,106.2,112.0,1991900.0,1791900.0,200000.0,220722767833.0,23800000000.0,17900.0,2007510000.0,156200.0,17224880000.0,4270.0,2985600.0,2457.0,3346000.0,1.4247550744791804,127880968.0,9257340000.0,0.0,9257340000.0,1000.0
2022-07-05T00:00:00,DGC,106.0,98.9,106.0,101.62259,98.9,106.2,3099300.0,3099300.0,0.0,314958893187.0,0.0,346900.0,35253400000.0,433000.0,43715610000.0,6046.0,6685300.0,3415.0,5306100.0,1.4247550744791804,127669968.0,16443180000.0,0.0,16443180000.0,1000.0
2022-07-06T00:00:00,DGC,97.3,92.0,95.9,94.47075,92.0,98.9,2148800.0,2148800.0,0.0,202998747600.0,0.0,481200.0,45725850000.0,443000.0,42099780000.0,3940.0,3290000.0,2681.0,3484400.0,1.4247550744791804,127380868.0,499400000.0,0.0,499400000.0,1000.0
2022-07-07T00:00:00,DGC,98.4,90.3,92.0,96.06797999999999,98.4,92.0,1776200.0,1776200.0,0.0,170635946076.0,0.0,114300.0,10905920000.0,900.0,87290000.0,3053.0,4456200.0,2668.0,2359900.0,1.4247550744791804,127422768.0,-482640000.0,0.0,-482640000.0,1000.0
2022-07-08T00:00:00,DGC,102.4,96.0,99.8,99.36388000000001,98.0,98.4,3017500.0,3017500.0,0.0,299830507900.0,0.0,75500.0,7412910000.0,245100.0,24369610000.0,4912.0,6070100.0,4149.0,5229900.0,1.4247550744791804,127780268.0,-39800000.0,0.0,-39800000.0,1000.0
2022-07-11T00:00:00,DGC,100.4,94.0,96.3,96.1203,95.1,98.0,1945100.0,1850100.0,95000.0,186496167030.0,8664000000.0,116500.0,11150180000.0,18200.0,1754100000.0,3304.0,3634700.0,2878.0,3244100.0,1.4247550744791804,128107768.0,-19120000.0,0.0,-19120000.0,1000.0
2022-07-12T00:00:00,DGC,100.0,94.0,94.0,97.25297,100.0,95.1,1973400.0,1973400.0,0.0,191919010998.0,0.0,216100.0,21075480000.0,45200.0,4358530000.0,2922.0,3527200.0,3178.0,3340100.0,1.4247550744791804,127892568.0,0.0,0.0,0.0,1000.0
2022-07-13T00:00:00,DGC,101.5,96.0,100.0,98.41134,97.0,100.0,1553500.0,1515500.0,38000.0,153132385770.0,3990000000.0,2100.0,204910000.0,356200.0,35228380000.0,3667.0,2849600.0,2805.0,3524100.0,1.4247550744791804,128135568.0,0.0,0.0,0.0,1000.0
2022-07-14T00:00:00,DGC,99.0,95.3,96.0,97.27952,97.0,97.0,1467400.0,1467400.0,0.0,142747967648.0,0.0,55600.0,5394490000.0,12000.0,1154110000.0,3137.0,3040000.0,2854.0,3255500.0,1.4247550744791804,128097914.0,-126220000.0,0.0,-126220000.0,1000.0
2022-07-15T00:00:00,DGC,98.0,95.8,97.6,96.50157,95.8,97.0,1555700.0,1555700.0,0.0,150127492449.0,0.0,154300.0,14910090000.0,132100.0,12771190000.0,3035.0,2622200.0,2022.0,2933000.0,1.4247550744791804,127988814.0,0.0,0.0,0.0,1000.0
2022-07-18T00:00:00,DGC,97.4,92.1,96.1,94.76555,93.0,95.8,1785800.0,1785800.0,0.0,169232319190.0,0.0,21400.0,2042550000.0,189400.0,18119310000.0,3764.0,2766600.0,2334.0,3360300.0,1.4247550744791804,128323614.0,-18600000.0,0.0,-18600000.0,1000.0
2022-07-19T00:00:00,DGC,98.4,92.5,92.5,96.54339999999999,97.5,93.0,2419100.0,2419100.0,0.0,233548138940.0,0.0,95100.0,9085440000.0,308200.0,29920080000.0,3401.0,4336300.0,4638.0,4402800.0,1.4247550744791804,128240514.0,-9480000.0,0.0,-9480000.0,1000.0
2022-07-20T00:00:00,DGC,102.3,100.0,101.3,101.37564,100.0,97.5,3248200.0,3151200.0,97000.0,329291686768.0,9836770000.0,606500.0,61597130000.0,486100.0,49413800000.0,3938.0,4775800.0,4605.0,5825200.0,1.4247550744791804,127766114.0,-576380000.0,0.0,-576380000.0,1000.0
2022-07-21T00:00:00,DGC,101.8,99.0,100.1,101.04291,100.5,100.0,1852900.0,1852900.0,0.0,187222407939.0,0.0,370500.0,37485510000.0,28200.0,2859180000.0,4275.0,3387200.0,3666.0,4210400.0,1.4247550744791804,127585014.0,-252230000.0,0.0,-252230000.0,1000.0
2022-07-22T00:00:00,DGC,101.4,97.9,100.6,99.82303,98.2,100.5,1744700.0,1744700.0,0.0,174161240441.0,0.0,71300.0,7138160000.0,46500.0,4639210000.0,4189.0,2896100.0,2737.0,4406300.0,1.4247550744791804,127822914.0,564270000.0,0.0,564270000.0,1000.0
2022-07-25T00:00:00,DGC,98.0,95.5,97.7,96.52315,96.5,98.2,1538400.0,1538400.0,0.0,148491213960.0,0.0,286100.0,27654840000.0,145900.0,14117630000.0,4074.0,3208800.0,1883.0,2622500.0,1.4247550744791804,128022914.0,-28980000.0,0.0,-28980000.0,1000.0
2022-07-26T00:00:00,DGC,98.5,95.3,96.7,96.86039,95.7,96.5,1388100.0,1388100.0,0.0,134451907359.0,0.0,51400.0,4982860000.0,451200.0,43783860000.0,2702.0,2693800.0,1950.0,2760700.0,1.4247550744791804,128000634.0,-19140000.0,0.0,-19140000.0,1000.0
2022-07-27T00:00:00,DGC,97.0,94.6,95.7,95.65442,96.0,95.7,927700.0,927700.0,0.0,88738605434.0,0.0,83900.0,8064080000.0,71300.0,6834290000.0,2818.0,2203200.0,1602.0,2231500.0,1.4247550744791804,127963234.0,-28690000.0,0.0,-28690000.0,1000.0
2022-07-28T00:00:00,DGC,97.7,95.6,97.5,96.31375999999999,96.0,96.0,2861500.0,2861500.0,0.0,275601824240.0,0.0,211800.0,20396300000.0,142300.0,13756170000.0,4199.0,4488800.0,2776.0,5301300.0,1.4247550744791804,127897334.0,839420000.0,0.0,839420000.0,1000.0
2022-07-29T00:00:00,DGC,96.0,89.3,95.6,91.63967,89.3,96.0,6454300.0,6404300.0,50000.0,591512938581.0,4625000000.0,57200.0,5132170000.0,761700.0,69279050000.0,13294.0,9806600.0,5118.0,12606700.0,1.4247550744791804,128291334.0,-2689420000.0,0.0,-2689420000.0,1000.0
2022-08-01T00:00:00,DGC,91.0,83.6,86.5,85.54552000000001,91.0,89.3,4464400.0,4464400.0,0.0,381909419488.0,0.0,151100.0,12922790000.0,612500.0,52175540000.0,9351.0,8624600.0,5393.0,6704300.0,1.4247550744791804,128211534.0,-596320000.0,0.0,-596320000.0,1000.0
2022-08-02T00:00:00,DGC,91.8,88.3,91.0,89.39269999999999,88.7,91.0,1938400.0,1898400.0,40000.0,173595101680.0,3892000000.0,68400.0,6085270000.0,138600.0,12393670000.0,4961.0,3676700.0,2899.0,3892800.0,1.4247550744791804,128285349.0,0.0,0.0,0.0,1000.0
2022-08-03T00:00:00,DGC,90.5,86.8,88.0,88.60543,89.0,88.7,2012100.0,2012100.0,0.0,178282985703.0,0.0,44600.0,3970950000.0,67600.0,5951440000.0,4899.0,4154900.0,4198.0,4057400.0,1.4247550744791804,129002449.0,-186840000.0,0.0,-186840000.0,1000.0
2022-08-04T00:00:00,DGC,92.2,88.7,89.0,90.39410000000001,90.8,89.0,3040760.0,2890700.0,150060.0,274293624870.0,12991400000.0,182800.0,16515300000.0,78860.0,7099660000.0,3945.0,5121100.0,5344.0,5812200.0,1.4247550744791804,129432149.0,-90060000.0,1805400000.0,1715340000.0,1000.0
2022-08-05T00:00:00,DGC,90.4,89.6,90.4,89.9166,89.9,90.8,1440100.0,1440100.0,0.0,129488895660.0,0.0,212500.0,19120990000.0,252500.0,22710990000.0,3085.0,2658500.0,2547.0,3098700.0,1.4247550744791804,129358244.0,-54060000.0,0.0,-54060000.0,1000.0
2022-08-08T00:00:00,DGC,93.0,89.5,89.8,91.38126,91.5,89.9,2590100.0,2455100.0,135000.0,236685081426.0,12334950000.0,211300.0,19292250000.0,533500.0,48746360000.0,3523.0,4442600.0,4484.0,5163800.0,1.4247550744791804,129349544.0,0.0,0.0,0.0,1000.0
2022-08-09T00:00:00,DGC,97.0,92.2,92.5,94.70855999999999,95.2,91.5,3383200.0,3358200.0,25000.0,320315286192.0,2265000000.0,118200.0,11278700000.0,42600.0,4080130000.0,4844.0,6149600.0,6979.0,7695600.0,1.4247550744791804,129310204.0,-9520000.0,0.0,-9520000.0,1000.0
2022-08-10T00:00:00,DGC,96.0,93.5,94.5,94.27736999999999,93.5,95.2,1662200.0,1586200.0,76000.0,156319764294.0,6777000000.0,59000.0,5559770000.0,10400.0,978020000.0,3205.0,2938200.0,3067.0,4343500.0,1.4247550744791804,129503721.0,-1883750000.0,0.0,-1883750000.0,1000.0
2022-08-11T00:00:00,DGC,94.7,90.5,94.7,92.79437,91.0,93.5,2351000.0,2311000.0,40000.0,218203789070.0,3756000000.0,83800.0,7813900000.0,152500.0,14198810000.0,4396.0,3950500.0,3626.0,5214000.0,1.4247550744791804,129858421.0,-121730000.0,0.0,-121730000.0,1000.0
2022-08-12T00:00:00,DGC,92.6,89.5,91.0,91.15353999999999,91.6,91.0,1853800.0,1833800.0,20000.0,169011361652.0,1854000000.0,9100.0,827440000.0,208900.0,19089270000.0,4524.0,3895100.0,3413.0,4076400.0,1.4247550744791804,129891881.0,-1103060000.0,0.0,-1103060000.0,1000.0
2022-08-15T00:00:00,DGC,94.5,92.0,93.2,93.1763,93.1,91.6,1602300.0,1552300.0,50000.0,149537570490.0,4900000000.0,119800.0,11143990000.0,315700.0,29374990000.0,2349.0,2933800.0,3693.0,3814200.0,1.4247550744791804,129782532.0,0.0,0.0,0.0,1000.0
2022-08-16T00:00:00,DGC,95.0,93.0,93.1,94.26482,93.6,93.1,2287500.0,2092500.0,195000.0,215717385850.0,18468250000.0,184000.0,17326380000.0,465400.0,43799960000.0,2834.0,3320800.0,4701.0,5430900.0,1.4247550744791804,129886032.0,0.0,0.0,0.0,1000.0
2022-08-17T00:00:00,DGC,94.5,92.3,94.0,93.33117,93.3,93.6,1918700.0,1918700.0,0.0,179074515879.0,0.0,16200.0,1519750000.0,104300.0,9680150000.0,3558.0,3085900.0,3828.0,4726900.0,1.4247550744791804,130078732.0,9640000.0,0.0,9640000.0,1000.0
2022-08-18T00:00:00,DGC,96.6,93.4,93.9,95.38036,94.3,93.3,4161099.0,4051000.0,110099.0,397153174060.0,10767335700.0,119900.0,11484350000.0,635099.0,60471090000.0,4678.0,6538700.0,7709.0,8575500.0,1.4247550744791804,130273438.0,-18300000.0,3781336000.0,3763036000.0,1000.0
2022-08-19T00:00:00,DGC,95.9,93.1,95.0,94.25028999999999,93.4,94.3,1792400.0,1792400.0,0.0,168934219796.0,0.0,55900.0,5268170000.0,16100.0,1512500000.0,3625.0,3013700.0,3314.0,4693300.0,1.4247550744791804,130507938.0,-9530000.0,0.0,-9530000.0,1000.0
2022-08-22T00:00:00,DGC,93.8,92.1,92.9,92.82538000000001,92.3,93.4,1370800.0,1290800.0,80000.0,127811000504.0,7992000000.0,32900.0,3056050000.0,8300.0,769780000.0,3105.0,2582000.0,2292.0,2893600.0,1.4247550744791804,130579338.0,0.0,0.0,0.0,1000.0
2022-08-23T00:00:00,DGC,91.8,90.0,91.4,90.88807000000001,91.6,92.3,2563100.0,2513100.0,50000.0,233345808717.0,4935000000.0,19300.0,1761140000.0,197400.0,17949720000.0,6483.0,4975400.0,2578.0,4043900.0,1.4247550744791804,131195137.0,-3649620000.0,0.0,-3649620000.0,1000.0
2022-08-24T00:00:00,DGC,96.0,91.4,92.5,94.25403,94.9,91.6,3905400.0,3905400.0,0.0,368099688762.0,0.0,73700.0,6929920000.0,803300.0,75999250000.0,6140.0,8682600.0,6548.0,8106100.0,1.4247550744791804,131137537.0,-37820000.0,0.0,-37820000.0,1000.0
2022-08-25T00:00:00,DGC,99.6,95.0,95.4,97.23557000000001,98.4,94.9,4756300.0,4431300.0,325000.0,463842981341.0,32963000000.0,113300.0,10924390000.0,225000.0,22144950000.0,4995.0,7214800.0,8186.0,9459500.0,1.4247550744791804,131032537.0,894970000.0,0.0,894970000.0,1000.0
2022-08-26T00:00:00,DGC,98.5,96.3,98.5,97.33633999999999,96.5,98.4,2278800.0,2228800.0,50000.0,222193234592.0,5250000000.0,41300.0,4036110000.0,21500.0,2094020000.0,4127.0,3675400.0,4592.0,5391200.0,1.4247550744791804,131188637.0,-19700000.0,0.0,-19700000.0,1000.0
2022-08-29T00:00:00,DGC,97.7,94.2,94.6,96.07061999999999,97.3,96.5,5334000.0,5009000.0,325000.0,514398735580.0,33181000000.0,145700.0,14019510000.0,707300.0,68276710000.0,7328.0,9240900.0,6116.0,8665800.0,1.4247550744791804,131846237.0,-19040000.0,0.0,-19040000.0,1000.0
2022-08-30T00:00:00,DGC,101.8,98.6,98.6,100.37248,100.1,97.3,5423108.0,5403100.0,20008.0,544323346688.0,2000800000.0,190300.0,19148540000.0,447008.0,44909520000.0,4952.0,10091100.0,9203.0,10739800.0,1.4247550744791804,131897137.0,9890000.0,2000800000.0,2010690000.0,1000.0
2022-08-31T00:00:00,DGC,100.9,98.6,100.8,99.47573,99.5,100.1,2385800.0,2385800.0,0.0,237329196634.0,0.0,47000.0,4680530000.0,233500.0,23223170000.0,4090.0,4531000.0,3701.0,5128400.0,1.4247550744791804,131871637.0,-367940000.0,0.0,-367940000.0,1000.0
2022-09-05T00:00:00,DGC,102.5,99.6,100.0,101.08194,101.3,99.5,2688700.0,2608700.0,80000.0,272172456878.0,8480000000.0,58200.0,5884330000.0,25600.0,2590770000.0,3633.0,4756400.0,4585.0,5476700.0,1.4247550744791804,132520737.0,-2111220000.0,0.0,-2111220000.0,1000.0
2022-09-06T00:00:00,DGC,103.5,100.5,102.4,101.98689999999999,100.6,101.3,4427500.0,3950500.0,477000.0,450599248450.0,47700000000.0,228200.0,23250380000.0,239500.0,24355810000.0,4627.0,5851900.0,5512.0,7340200.0,1.4247550744791804,132739545.0,5098950000.0,0.0,5098950000.0,1000.0
2022-09-07T00:00:00,DGC,100.7,94.3,100.6,98.26163000000001,94.3,100.6,4562200.0,4562200.0,0.0,448289208386.0,0.0,113000.0,11218550000.0,242300.0,23866740000.0,6874.0,6485000.0,3888.0,7628300.0,1.4247550744791804,132860045.0,3005620000.0,0.0,3005620000.0,1000.0
2022-09-08T00:00:00,DGC,97.8,94.6,96.0,96.33817,96.8,94.3,3607000.0,3562000.0,45000.0,347116561540.0,3960000000.0,513500.0,49621570000.0,38700.0,3725440000.0,5302.0,7535100.0,4078.0,6102000.0,1.4247550744791804,132372145.0,-9580000.0,0.0,-9580000.0,1000.0
2022-09-09T00:00:00,DGC,98.5,94.9,96.5,96.3384,98.5,96.8,2698000.0,2588000.0,110000.0,260708779200.0,11385000000.0,214200.0,20666510000.0,353100.0,33896480000.0,4086.0,4447600.0,2665.0,4226900.0,1.4247550744791804,132397445.0,-106150000.0,0.0,-106150000.0,1000.0
2022-09-12T00:00:00,DGC,102.3,98.5,98.9,100.60879,101.3,98.5,4176900.0,4096400.0,80500.0,420289847356.0,8156000000.0,808300.0,81161800000.0,206530.0,20719850000.0,4523.0,6979343.0,8325.0,8053635.0,1.4247550744791804,131832445.0,-33478000.0,0.0,-33478000.0,1000.0
2022-09-13T00:00:00,DGC,103.0,100.7,102.0,101.77378,102.3,101.3,3950700.0,3865700.0,85000.0,402273401346.0,8846500000.0,759036.0,77051550000.0,7601.0,771880000.0,4265.0,7118248.0,7155.0,8422355.0,1.4247550744791804,131112109.0,-3074331000.0,0.0,-3074331000.0,1000.0
2022-09-14T00:00:00,DGC,101.7,99.0,100.0,100.72569,101.5,102.3,3084500.0,3084500.0,0.0,310688390805.0,0.0,63700.0,6407640000.0,92200.0,9319560000.0,5357.0,6471017.0,3779.0,5728652.0,1.4247550744791804,131401509.0,-30210000.0,0.0,-30210000.0,1000.0
2022-09-15T00:00:00,DGC,102.9,100.1,102.5,101.2684,100.1,101.5,3573800.0,3483800.0,90000.0,362118851920.0,9320000000.0,415900.0,42122200000.0,392600.0,39780770000.0,5630.0,5741452.0,4823.0,8231141.0,1.4247550744791804,131192139.0,-53423000.0,0.0,-53423000.0,1000.0
2022-09-16T00:00:00,DGC,101.5,97.5,100.0,99.04042,97.5,100.1,5746900.0,5746900.0,0.0,569175389698.0,0.0,2148625.0,212424740000.0,2181263.0,213014540000.0,6968.0,8879140.0,4395.0,11147111.0,1.4247550744791804,129051115.0,-7877869000.0,0.0,-7877869000.0,1000.0
2022-09-19T00:00:00,DGC,98.4,94.0,98.0,95.6155,94.0,97.5,4454400.0,4324400.0,130000.0,426947668200.0,13468000000.0,466035.0,44398810000.0,58331.0,5629240000.0,7069.0,6688282.0,3893.0,7079271.0,1.4247550744791804,128677280.0,1930120000.0,0.0,1930120000.0,1000.0
2022-09-20T00:00:00,DGC,96.8,92.2,95.9,94.54436,96.3,94.0,2499800.0,2499800.0,0.0,236341991128.0,0.0,612600.0,58122980000.0,43499.0,4091000000.0,4808.0,5296716.0,3336.0,4375534.0,1.4247550744791804,128457280.0,931000000.0,0.0,931000000.0,1000.0
2022-09-21T00:00:00,DGC,96.3,94.2,95.2,95.16974,95.0,96.3,1930747.0,1153500.0,777247.0,184354225090.0,74575930000.0,798459.0,75987970000.0,711900.0,67727540000.0,3274.0,2697464.0,2034.0,2843305.0,1.4247550744791804,130490084.0,0.0,0.0,0.0,1000.0
2022-09-22T00:00:00,DGC,96.0,93.2,94.5,94.48715,96.0,95.0,1963400.0,1938400.0,25000.0,185691391560.0,2537500000.0,46800.0,4427830000.0,38540.0,3625740000.0,4679.0,4343146.0,2788.0,3301896.0,1.4247550744791804,130501615.0,-18840000.0,0.0,-18840000.0,1000.0
2022-09-23T00:00:00,DGC,95.9,93.5,95.9,94.39175,93.5,96.0,2217400.0,2117400.0,100000.0,210135091450.0,10270000000.0,310.0,29390000.0,34908.0,3290020000.0,4301.0,3542010.0,2003.0,3951617.0,1.4247550744791804,130544804.0,-9639000.0,0.0,-9639000.0,1000.0
2022-09-26T00:00:00,DGC,92.2,87.0,91.5,88.22936,87.0,93.5,5796300.0,5696300.0,100000.0,511280903368.0,8700000000.0,129200.0,11319760000.0,591024.0,51577530000.0,9301.0,7474243.0,3872.0,9886774.0,1.4247550744791804,130477504.0,1394100000.0,0.0,1394100000.0,1000.0
2022-09-27T00:00:00,DGC,87.9,82.4,87.2,85.06657000000001,82.7,87.0,3718800.0,3693800.0,25000.0,316543896266.0,2325000000.0,65110.0,5536530000.0,457700.0,39195320000.0,6043.0,5780140.0,3869.0,6515276.0,1.4247550744791804,130450934.0,0.0,0.0,0.0,1000.0
2022-09-28T00:00:00,DGC,83.4,78.0,82.0,80.38458,78.0,82.7,4024500.0,4024500.0,0.0,323507742210.0,0.0,480500.0,38591990000.0,53000.0,4317950000.0,7221.0,6425818.0,4028.0,6670940.0,1.4247550744791804,130006342.0,-1397464000.0,0.0,-1397464000.0,1000.0
2022-09-29T00:00:00,DGC,80.5,72.6,80.5,75.83162,72.6,78.0,3902800.0,3902800.0,0.0,295955646536.0,0.0,146700.0,10914870000.0,153932.0,12055170000.0,5641.0,5252824.0,4047.0,7184919.0,1.4247550744791804,130450666.0,231250000.0,0.0,231250000.0,1000.0
2022-09-30T00:00:00,DGC,77.6,69.0,70.9,73.43999000000001,77.6,72.6,5692300.0,5658300.0,34000.0,418183895417.0,2638400000.0,1596500.0,117844190000.0,3800.0,274500000.0,8269.0,17132811.0,6947.0,8884365.0,1.4247550744791804,129311866.0,-1675590000.0,0.0,-1675590000.0,1000.0
2022-10-03T00:00:00,DGC,80.5,73.2,78.0,76.63884,73.8,77.6,3314700.0,3214700.0,100000.0,254065878948.0,7695000000.0,424944.0,32644150000.0,1022962.0,78935400000.0,6045.0,5779573.0,4157.0,6668744.0,1.4247550744791804,129039922.0,-1446868000.0,0.0,-1446868000.0,1000.0
2022-10-04T00:00:00,DGC,76.6,73.2,75.2,75.1147,74.1,73.8,5548700.0,3343700.0,2205000.0,412803022390.0,161642000000.0,509900.0,38318600000.0,933500.0,70085780000.0,4485.0,6670114.0,4431.0,5987633.0,1.4247550744791804,128983954.0,-1462710000.0,0.0,-1462710000.0,1000.0
2022-10-05T00:00:00,DGC,78.3,75.5,76.0,76.71796,76.8,74.1,2608300.0,2608300.0,0.0,200103455068.0,0.0,173300.0,13300800000.0,619600.0,47461040000.0,4099.0,7004733.0,3805.0,5428478.0,1.4247550744791804,128814454.0,115670000.0,0.0,115670000.0,1000.0
2022-10-06T00:00:00,DGC,78.4,71.6,77.5,74.66842,71.6,76.8,3748400.0,3683400.0,65000.0,279843658228.0,4810000000.0,201200.0,14959320000.0,136800.0,10338110000.0,5917.0,6130287.0,3612.0,7490286.0,1.4247550744791804,129536216.0,0.0,0.0,0.0,1000.0
2022-10-07T00:00:00,DGC,70.5,66.6,68.1,67.32788000000001,67.3,71.6,5208000.0,5208000.0,0.0,350643599040.0,0.0,743800.0,50007440000.0,159800.0,10819230000.0,6992.0,8035537.0,4005.0,8365088.0,1.4247550744791804,129425916.0,0.0,0.0,0.0,1000.0
2022-10-10T00:00:00,DGC,72.0,66.2,66.2,70.06830000000001,72.0,67.3,3971500.0,3640500.0,331000.0,277591646150.0,22508000000.0,746800.0,52894510000.0,29585.0,2013670000.0,4546.0,8744675.0,4668.0,5372605.0,1.4247550744791804,129299716.0,0.0,0.0,0.0,1000.0
2022-10-11T00:00:00,DGC,72.5,68.4,71.4,69.94666000000001,69.8,72.0,3813900.0,3723900.0,90000.0,267215867174.0,6741500000.0,813800.0,56719600000.0,113101.0,8044420000.0,5136.0,6114595.0,3378.0,6678817.0,1.4247550744791804,128625716.0,0.0,0.0,0.0,1000.0
2022-10-12T00:00:00,DGC,74.6,69.8,70.1,73.42137,74.0,69.8,3911200.0,3911200.0,0.0,287165662344.0,0.0,1536400.0,113774760000.0,25700.0,1854990000.0,3392.0,7176946.0,4827.0,5611445.0,1.4247550744791804,127249116.0,72950000.0,0.0,72950000.0,1000.0
2022-10-13T00:00:00,DGC,76.3,73.6,74.0,75.05177,75.5,74.0,2560900.0,2449300.0,111600.0,192196414261.0,8372114000.0,1012400.0,76000550000.0,166800.0,12497730000.0,3895.0,4305838.0,4069.0,5347329.0,1.4247550744791804,126266301.0,723230000.0,0.0,723230000.0,1000.0
2022-10-14T00:00:00,DGC,80.7,77.0,77.8,79.731,79.8,75.5,5940500.0,5940500.0,0.0,473642005500.0,0.0,1034300.0,82642510000.0,755800.0,60725980000.0,4894.0,9991679.0,5864.0,8999671.0,1.4247550744791804,125345102.0,-773020000.0,0.0,-773020000.0,1000.0
2022-10-17T00:00:00,DGC,83.1,78.1,79.2,81.27205000000001,83.1,79.8,3914900.0,3914900.0,0.0,318171948545.0,0.0,983300.0,80041670000.0,311700.0,25430670000.0,5069.0,9501522.0,5034.0,6539924.0,1.4247550744791804,124387502.0,-563660000.0,0.0,-563660000.0,1000.0
2022-10-18T00:00:00,DGC,84.9,80.2,84.9,82.02338,81.5,83.1,4176000.0,4176000.0,0.0,342529634880.0,0.0,924100.0,75851620000.0,691700.0,56826580000.0,7351.0,6822205.0,4242.0,7869801.0,1.4247550744791804,123630202.0,0.0,0.0,0.0,1000.0
2022-10-19T00:00:00,DGC,83.9,81.1,81.1,82.37158000000001,81.5,81.5,3719400.0,3719400.0,0.0,306372854652.0,0.0,853800.0,70337510000.0,314200.0,25805370000.0,4986.0,6988927.0,3918.0,7516816.0,1.4247550744791804,123532202.0,0.0,0.0,0.0,1000.0
2022-10-20T00:00:00,DGC,82.3,77.9,82.0,79.49213,78.5,81.5,4307785.0,4231700.0,76085.0,342390449521.0,6003603000.0,211120.0,16670270000.0,158800.0,12501220000.0,8082.0,7773609.0,3347.0,7614139.0,1.4247550744791804,123711282.0,0.0,0.0,0.0,1000.0
2022-10-21T00:00:00,DGC,79.0,73.1,79.0,74.86197,73.1,78.5,5117900.0,5117900.0,0.0,383136076263.0,0.0,77300.0,5902560000.0,258900.0,19014190000.0,8020.0,7949313.0,3573.0,9333850.0,1.4247550744791804,124325682.0,0.0,0.0,0.0,1000.0
2022-10-24T00:00:00,DGC,76.8,72.5,74.3,74.23276,73.0,73.1,4332200.0,4332200.0,0.0,321591162872.0,0.0,357300.0,26565690000.0,459034.0,33816670000.0,6104.0,9738806.0,5335.0,7519816.0,1.4247550744791804,128465817.0,0.0,0.0,0.0,1000.0
2022-10-25T00:00:00,DGC,77.6,71.7,74.0,74.52637,75.0,73.0,4441900.0,4441900.0,0.0,331038682903.0,0.0,196615.0,14787990000.0,551872.0,40732010000.0,5343.0,8344639.0,5600.0,7915502.0,1.4247550744791804,128352002.0,2847000.0,0.0,2847000.0,1000.0
2022-10-26T00:00:00,DGC,77.3,75.2,75.9,76.32311,76.3,75.0,2912600.0,2676800.0,235800.0,220807700848.0,16506000000.0,331700.0,23832200000.0,242700.0,17036850000.0,3245.0,5414867.0,4245.0,5729880.0,1.4247550744791804,128520002.0,0.0,16506000000.0,16506000000.0,1000.0
2022-10-27T00:00:00,DGC,79.6,75.2,75.7,77.36257,79.0,76.3,3568400.0,3568400.0,0.0,276060594788.0,0.0,100515.0,7869190000.0,418385.0,32106730000.0,4046.0,7033976.0,5597.0,7465575.0,1.4247550744791804,128879521.0,8902000.0,0.0,8902000.0,1000.0
2022-10-28T00:00:00,DGC,80.5,77.4,80.0,78.63324,77.4,79.0,2813400.0,2813400.0,0.0,221226757416.0,0.0,608600.0,47825220000.0,284480.0,22374240000.0,4831.0,4717580.0,4209.0,6780513.0,1.4247550744791804,128822793.0,-7740000.0,0.0,-7740000.0,1000.0
2022-10-31T00:00:00,DGC,78.1,73.4,77.8,75.47957000000001,76.9,77.4,4058900.0,4058900.0,0.0,306364026673.0,0.0,719900.0,54591470000.0,166302.0,12485980000.0,7454.0,6905187.0,3389.0,7699054.0,1.4247550744791804,128109793.0,449500000.0,0.0,449500000.0,1000.0
2022-11-01T00:00:00,DGC,77.9,74.7,77.1,76.22447,74.7,76.9,2971400.0,2735600.0,235800.0,227581732132.0,19062072000.0,540300.0,42324630000.0,640400.0,49721160000.0,5026.0,4544117.0,3491.0,5770348.0,1.4247550744791804,128223678.0,0.0,-19062308000.0,-19062308000.0,1000.0
2022-11-02T00:00:00,DGC,75.6,72.0,74.5,73.43128999999999,72.7,74.7,3544000.0,3544000.0,0.0,260240491760.0,0.0,847000.0,62150240000.0,208600.0,15252760000.0,7197.0,6762999.0,3812.0,6576129.0,1.4247550744791804,127668658.0,0.0,0.0,0.0,1000.0
2022-11-03T00:00:00,DGC,74.1,71.6,72.0,72.96757000000001,73.2,72.7,1280300.0,1280300.0,0.0,93420379871.0,0.0,288400.0,21041390000.0,900.0,66150000.0,3060.0,3194094.0,2573.0,3098557.0,1.4247550744791804,127546560.0,-7360000.0,0.0,-7360000.0,1000.0
2022-11-04T00:00:00,DGC,73.0,69.3,73.0,70.5165,71.0,73.2,3306600.0,3306600.0,0.0,233169858900.0,0.0,697400.0,49259460000.0,150000.0,10616770000.0,6875.0,6700340.0,3206.0,6310572.0,1.4247550744791804,127253760.0,0.0,0.0,0.0,1000.0
2022-11-07T00:00:00,DGC,71.8,67.3,71.0,69.80760000000001,70.4,71.0,3118000.0,3118000.0,0.0,217660096800.0,0.0,1244900.0,87481300000.0,103412.0,7233270000.0,4278.0,4934116.0,3684.0,6031453.0,1.4247550744791804,126217460.0,0.0,0.0,0.0,1000.0
2022-11-08T00:00:00,DGC,71.4,69.4,70.4,70.48021,71.0,70.4,2281700.0,2261700.0,20000.0,160911090957.0,1506000000.0,851700.0,60219460000.0,106285.0,7444250000.0,3139.0,3978092.0,2788.0,4140380.0,1.4247550744791804,125366660.0,0.0,0.0,0.0,1000.0
2022-11-09T00:00:00,DGC,71.8,69.6,71.8,70.67342,70.9,71.0,1378100.0,1378100.0,0.0,97395040102.0,0.0,330200.0,23371940000.0,16300.0,1154130000.0,2906.0,2243589.0,1950.0,3009467.0,1.4247550744791804,125186460.0,-7090000.0,0.0,-7090000.0,1000.0
2022-11-10T00:00:00,DGC,69.8,66.0,69.1,66.74210000000001,66.0,70.9,2874700.0,2874700.0,0.0,191863514870.0,0.0,538505.0,35701440000.0,389900.0,26083900000.0,4354.0,3741146.0,2864.0,6028200.0,1.4247550744791804,124751367.0,0.0,0.0,0.0,1000.0
2022-11-11T00:00:00,DGC,67.5,61.4,67.5,64.41896,61.4,66.0,3203300.0,3203300.0,0.0,206353254568.0,0.0,1106200.0,71523130000.0,26330.0,1737280000.0,4343.0,4602429.0,4421.0,6519968.0,1.4247550744791804,123751452.0,6143100000.0,0.0,6143100000.0,1000.0
2022-11-14T00:00:00,DGC,57.2,57.2,57.2,57.2,57.2,61.4,609900.0,569200.0,40700.0,34886280000.0,2328040000.0,181646.0,10390150000.0,0.0,0.0,687.0,570525.0,2674.0,8872206.0,1.4247550744791804,123586106.0,0.0,0.0,0.0,1000.0
2022-11-15T00:00:00,DGC,53.2,53.2,53.2,53.2,53.2,57.2,297100.0,248600.0,48500.0,15805720000.0,2580200000.0,145105.0,7719590000.0,48500.0,2580200000.0,290.0,249393.0,3661.0,11906781.0,1.4247550744791804,123879401.0,53200000.0,0.0,53200000.0,1000.0
2022-11-16T00:00:00,DGC,56.9,49.5,49.5,50.61228,56.9,53.2,13430000.0,12959600.0,470400.0,680349703888.0,24434800000.0,2081500.0,106031440000.0,1467002.0,73907530000.0,7710.0,16910232.0,6961.0,21935851.0,1.4247550744791804,122274231.0,-4532510000.0,0.0,-4532510000.0,1000.0
2022-11-17T00:00:00,DGC,60.8,58.7,59.5,59.60489,59.0,56.9,3285200.0,3085200.0,200000.0,195693006628.0,11800000000.0,846075.0,50271000000.0,1121389.0,66446180000.0,4285.0,4909140.0,3078.0,5591973.0,1.4247550744791804,121628156.0,0.0,0.0,0.0,1000.0
2022-11-18T00:00:00,DGC,59.1,54.9,59.0,55.56937,54.9,59.0,8554600.0,8514600.0,40000.0,475670957802.0,2520000000.0,59605.0,3340790000.0,2297400.0,128006060000.0,9948.0,11637066.0,7635.0,14619593.0,1.4247550744791804,121568551.0,-22910000.0,0.0,-22910000.0,1000.0
2022-11-21T00:00:00,DGC,55.3,51.1,55.0,52.23057,51.1,54.9,7260300.0,7210300.0,50000.0,379273078871.0,2675000000.0,178100.0,9390630000.0,3068600.0,160901150000.0,9035.0,10066528.0,5219.0,12329841.0,1.4247550744791804,122457453.0,0.0,0.0,0.0,1000.0
2022-11-22T00:00:00,DGC,53.5,48.1,49.5,50.86301,51.1,51.1,6143000.0,6143000.0,0.0,312451470430.0,0.0,687600.0,34950920000.0,2031300.0,103497700000.0,10220.0,13218575.0,7247.0,10810229.0,1.4247550744791804,122691242.0,-5110000.0,0.0,-5110000.0,1000.0
2022-11-23T00:00:00,DGC,53.3,51.1,51.1,52.12675,52.0,51.1,4060900.0,3210900.0,850000.0,211675781575.0,44302000000.0,1087605.0,56664140000.0,1420000.0,73917450000.0,4735.0,6773857.0,5574.0,6613238.0,1.4247550744791804,124751037.0,-16796000.0,44307100000.0,44290304000.0,1000.0
2022-11-24T00:00:00,DGC,52.2,49.6,51.9,50.80129,51.0,52.0,4274800.0,3274800.0,1000000.0,217284064492.0,50920000000.0,1587800.0,80704160000.0,1525300.0,77529870000.0,5039.0,5758219.0,3649.0,6467187.0,1.4247550744791804,127181837.0,0.0,50920000000.0,50920000000.0,1000.0
2022-11-25T00:00:00,DGC,52.6,49.3,51.2,50.61432,50.4,51.0,5387000.0,4887000.0,500000.0,272727181840.0,25375000000.0,952656.0,48201520000.0,1123200.0,56997340000.0,7130.0,8334742.0,5475.0,9426203.0,1.4247550744791804,128760481.0,6038400000.0,25375000000.0,31413400000.0,1000.0
2022-11-28T00:00:00,DGC,53.9,51.3,51.5,53.19919,53.9,50.4,7098800.0,5248800.0,1850000.0,375616908472.0,96385000000.0,2389500.0,125223130000.0,2862600.0,150533450000.0,4576.0,11838743.0,4512.0,6779934.0,1.4247550744791804,128790981.0,210800000.0,-96385000000.0,-96174200000.0,1000.0
2022-11-29T00:00:00,DGC,57.6,54.9,56.0,56.367940000000004,57.6,53.9,6735600.0,6135600.0,600000.0,379361132664.0,33510000000.0,1811100.0,101945690000.0,861102.0,48228020000.0,5925.0,11532209.0,6739.0,9852839.0,1.4247550744791804,128105181.0,0.0,-27750000000.0,-27750000000.0,1000.0
2022-11-30T00:00:00,DGC,60.9,58.5,58.7,59.63418,60.9,57.6,4653200.0,4653200.0,0.0,277489766376.0,0.0,794300.0,47358060000.0,109845.0,6540170000.0,5210.0,7346059.0,4928.0,8018509.0,1.4247550744791804,127934081.0,0.0,0.0,0.0,1000.0
2022-12-01T00:00:00,DGC,63.9,58.0,62.0,61.60736,58.0,60.9,6420100.0,6420100.0,0.0,395525411936.0,0.0,1077700.0,66947880000.0,823400.0,50642600000.0,7145.0,9777552.0,5553.0,11520292.0,1.4247550744791804,127868981.0,0.0,0.0,0.0,1000.0
2022-12-02T00:00:00,DGC,62.0,56.8,58.0,59.11588,61.9,58.0,5819500.0,5784400.0,35100.0,344024657272.0,2074761000.0,919700.0,54903580000.0,305300.0,17747160000.0,5577.0,10637251.0,6032.0,9486721.0,1.4247550744791804,127245483.0,-29163000.0,0.0,-29163000.0,1000.0
2022-12-05T00:00:00,DGC,64.1,61.9,64.0,63.33016000000001,64.0,61.9,4394800.0,4394800.0,0.0,278323387168.0,0.0,1207900.0,76638140000.0,95328.0,6006520000.0,4709.0,7518492.0,4731.0,7964304.0,1.4247550744791804,126147428.0,-1426000.0,0.0,-1426000.0,1000.0
2022-12-06T00:00:00,DGC,66.8,61.5,62.5,64.11201,63.0,64.0,6316800.0,6316800.0,0.0,404982744768.0,0.0,259200.0,16376680000.0,146800.0,9194100000.0,7541.0,11562189.0,6501.0,12007329.0,1.4247550744791804,126711628.0,0.0,0.0,0.0,1000.0
2022-12-07T00:00:00,DGC,64.0,61.2,62.5,62.46227,62.7,63.0,3002700.0,3002700.0,0.0,187555458129.0,0.0,388000.0,24257200000.0,141600.0,8848730000.0,5053.0,6099613.0,3757.0,6461977.0,1.4247550744791804,126593828.0,-6226040000.0,0.0,-6226040000.0,1000.0
2022-12-08T00:00:00,DGC,65.8,62.9,63.5,64.17851,64.4,62.7,3540200.0,3540200.0,0.0,227204761102.0,0.0,785100.0,50455430000.0,151841.0,9776140000.0,3314.0,5659773.0,4840.0,7506221.0,1.4247550744791804,125904056.0,-5308570000.0,0.0,-5308570000.0,1000.0
2022-12-09T00:00:00,DGC,64.9,62.5,64.4,63.44887,63.6,64.4,2128600.0,1928600.0,200000.0,135081490682.0,12714000000.0,657650.0,41814400000.0,299300.0,19022480000.0,3386.0,4226484.0,2904.0,4829228.0,1.4247550744791804,125593206.0,0.0,0.0,0.0,1000.0
2022-12-12T00:00:00,DGC,65.7,63.6,63.6,65.00741000000001,65.0,63.6,4258600.0,3953600.0,305000.0,276533296176.0,19520000000.0,1034753.0,67340580000.0,27100.0,1754480000.0,4450.0,6811267.0,5198.0,8440875.0,1.4247550744791804,124700053.0,-5077640000.0,0.0,-5077640000.0,1000.0
2022-12-13T00:00:00,DGC,65.4,63.8,65.0,64.51773,65.4,65.0,3168329.0,2803000.0,365329.0,204769562690.0,23926365500.0,1181987.0,76471690000.0,981217.0,63286830000.0,4624.0,5593712.0,3788.0,5387221.0,1.4247550744791804,123969907.0,0.0,0.0,0.0,1000.0
2022-12-14T00:00:00,DGC,69.5,65.7,66.8,67.72431,67.6,65.4,5222300.0,4832800.0,389500.0,353636035368.0,26337990000.0,784511.0,52916960000.0,691600.0,46900110000.0,4739.0,9185068.0,5691.0,8814877.0,1.4247550744791804,123674196.0,-4786850000.0,0.0,-4786850000.0,1000.0
2022-12-15T00:00:00,DGC,68.9,67.5,67.7,68.00878,68.2,67.6,1996800.0,1996800.0,0.0,135799931904.0,0.0,411500.0,27990450000.0,16100.0,1098570000.0,2353.0,4389188.0,3498.0,4800562.0,1.4247550744791804,123289796.0,-54560000.0,0.0,-54560000.0,1000.0
2022-12-16T00:00:00,DGC,68.3,67.0,67.0,67.77436999999999,68.1,68.2,3098800.0,3078800.0,20000.0,210121730356.0,1458000000.0,870171.0,59129580000.0,293300.0,19921630000.0,3062.0,5680719.0,3323.0,6189048.0,1.4247550744791804,123100842.0,-54400000.0,0.0,-54400000.0,1000.0
2022-12-19T00:00:00,DGC,65.8,62.5,65.8,63.6548,63.0,65.1,3681300.0,3681300.0,0.0,234332415240.0,0.0,479100.0,30512150000.0,260881.0,16613580000.0,6262.0,6228188.0,3256.0,6851960.0,1.3619905337646252,122923842.0,-25200000.0,0.0,-25200000.0,1000.0
2022-12-20T00:00:00,DGC,63.0,58.9,62.2,60.56482,61.8,63.0,4273900.0,4273900.0,0.0,258847984198.0,0.0,1314000.0,80195500000.0,19600.0,1208340000.0,5463.0,6476354.0,3474.0,7321457.0,1.3619905337646252,121625942.0,-207860000.0,0.0,-207860000.0,1000.0
2022-12-21T00:00:00,DGC,63.0,58.0,61.8,59.965559999999996,60.3,61.8,1916600.0,1916600.0,0.0,114929992296.0,0.0,646100.0,38899080000.0,290200.0,17361310000.0,3571.0,3576384.0,2665.0,4782341.0,1.3619905337646252,121273142.0,-66630000.0,0.0,-66630000.0,1000.0
2022-12-22T00:00:00,DGC,61.0,58.4,61.0,59.62274,60.3,60.3,1327000.0,1327000.0,0.0,79119375980.0,0.0,409200.0,24548700000.0,40900.0,2443970000.0,2475.0,2659894.0,2299.0,3755645.0,1.3619905337646252,121124823.0,-72360000.0,0.0,-72360000.0,1000.0
2022-12-23T00:00:00,DGC,59.8,58.5,59.5,58.975339999999996,59.0,60.3,1362900.0,1362900.0,0.0,80377490886.0,0.0,381700.0,22532130000.0,311334.0,18362280000.0,2581.0,2855588.0,2243.0,3598904.0,1.3619905337646252,120762723.0,-112250000.0,0.0,-112250000.0,1000.0
2022-12-26T00:00:00,DGC,58.6,54.9,58.6,55.808279999999996,54.9,59.0,2760600.0,2760600.0,0.0,154064337768.0,0.0,527300.0,29060240000.0,323800.0,18247990000.0,3661.0,3611309.0,2651.0,5306414.0,1.3619905337646252,120525623.0,0.0,0.0,0.0,1000.0
2022-12-27T00:00:00,DGC,58.2,54.0,54.5,55.69133,58.2,54.9,1874800.0,1874800.0,0.0,104410105484.0,0.0,701600.0,39678600000.0,317834.0,17573650000.0,2694.0,4169534.0,2788.0,3530434.0,1.3619905337646252,119864923.0,0.0,0.0,0.0,1000.0
2022-12-28T00:00:00,DGC,59.0,56.6,59.0,58.2676,59.0,58.2,1540600.0,1540600.0,0.0,89767064560.0,0.0,889430.0,52225570000.0,157500.0,9085790000.0,2303.0,2885150.0,2280.0,3445248.0,1.3619905337646252,119286827.0,-4863000.0,0.0,-4863000.0,1000.0
2022-12-29T00:00:00,DGC,59.0,57.5,58.7,58.16583,57.9,59.0,968900.0,968900.0,0.0,56356872687.0,0.0,551940.0,32093630000.0,96800.0,5606780000.0,1561.0,1861064.0,1775.0,3301312.0,1.3619905337646252,119058687.0,0.0,0.0,0.0,1000.0
2022-12-30T00:00:00,DGC,58.9,57.3,57.8,58.36452,58.9,57.9,1390000.0,1390000.0,0.0,81126682800.0,0.0,813800.0,47725560000.0,2153.0,126640000.0,2774.0,2313179.0,2054.0,4024697.0,1.3619905337646252,118562721.0,0.0,0.0,0.0,1000.0
2023-01-03T00:00:00,DGC,60.4,58.0,58.9,59.41432,59.7,58.9,1790900.0,1790900.0,0.0,106405105688.0,0.0,132500.0,7880040000.0,583800.0,34623970000.0,2287.0,2971438.0,2514.0,3946048.0,1.3619905337646252,118587721.0,0.0,0.0,0.0,1000.0
2023-01-04T00:00:00,DGC,61.9,59.9,60.4,60.874919999999996,60.2,59.7,1731200.0,1731200.0,0.0,105386661504.0,0.0,48781.0,2945450000.0,460000.0,27875310000.0,1958.0,3153976.0,2843.0,4215312.0,1.3619905337646252,118635740.0,-1306140000.0,0.0,-1306140000.0,1000.0
2023-01-05T00:00:00,DGC,61.4,60.2,60.2,60.74653,60.9,60.2,1367200.0,1367200.0,0.0,83052655816.0,0.0,148200.0,9008430000.0,42600.0,2585840000.0,1308.0,2160751.0,2674.0,4069185.0,1.3619905337646252,118489693.0,-12180000.0,0.0,-12180000.0,1000.0
2023-01-06T00:00:00,DGC,61.0,58.4,60.6,59.75519,58.6,60.9,1939000.0,1939000.0,0.0,115865313410.0,0.0,160500.0,9608540000.0,447000.0,26865860000.0,2782.0,3040568.0,2147.0,4237423.0,1.3619905337646252,118912993.0,-11810000.0,0.0,-11810000.0,1000.0
2023-01-09T00:00:00,DGC,59.6,57.6,58.8,58.311809999999994,57.6,58.6,1265000.0,1265000.0,0.0,73764439650.0,0.0,63300.0,3697350000.0,424700.0,24734600000.0,2038.0,2198054.0,1651.0,2940166.0,1.3619905337646252,119309693.0,0.0,0.0,0.0,1000.0
2023-01-10T00:00:00,DGC,58.2,56.2,58.0,56.75886,56.5,57.6,1845700.0,1782700.0,63000.0,104759269722.0,3575250000.0,116110.0,6597800000.0,411500.0,23338920000.0,3089.0,3110767.0,1396.0,2980973.0,1.3619905337646252,119299183.0,0.0,0.0,0.0,1000.0
2023-01-11T00:00:00,DGC,57.5,56.4,57.0,56.89338,56.4,56.5,1183200.0,1183200.0,0.0,67316247216.0,0.0,114650.0,6522060000.0,473300.0,26914530000.0,2341.0,2459651.0,1923.0,2205985.0,1.3619905337646252,119631533.0,-16980000.0,0.0,-16980000.0,1000.0
2023-01-12T00:00:00,DGC,57.1,55.9,57.0,56.21094,56.0,56.4,1018400.0,976400.0,42000.0,57245181816.0,2360820000.0,66500.0,3743390000.0,130000.0,7318000000.0,2353.0,2075324.0,1285.0,2513401.0,1.3619905337646252,120031733.0,-11200000.0,0.0,-11200000.0,1000.0
2023-01-13T00:00:00,DGC,58.0,56.5,56.9,57.34299,56.9,56.0,1256100.0,1256100.0,0.0,72028529739.0,0.0,170200.0,9766800000.0,107700.0,6173370000.0,2249.0,2276245.0,2367.0,3107710.0,1.3619905337646252,120210033.0,-11380000.0,0.0,-11380000.0,1000.0
2023-01-16T00:00:00,DGC,57.4,56.4,57.4,56.68195,56.4,56.9,845500.0,845500.0,0.0,47924588725.0,0.0,186900.0,10599300000.0,128317.0,7251070000.0,1816.0,1788711.0,1359.0,2026551.0,1.3619905337646252,120496433.0,-11380000.0,0.0,-11380000.0,1000.0
2023-01-17T00:00:00,DGC,59.1,56.4,56.4,58.20275,58.8,56.4,1867300.0,1867300.0,0.0,108681995075.0,0.0,705705.0,41110740000.0,69900.0,4069350000.0,2066.0,3587906.0,2692.0,3374604.0,1.3619905337646252,119878728.0,0.0,0.0,0.0,1000.0
2023-01-18T00:00:00,DGC,59.5,58.7,59.5,59.15728,59.2,58.8,1715900.0,1660900.0,55000.0,101509226352.0,3254900000.0,458100.0,27101820000.0,435200.0,25749540000.0,2359.0,2634376.0,2437.0,3643245.0,1.3619905337646252,119583328.0,0.0,0.0,0.0,1000.0
2023-01-19T00:00:00,DGC,61.0,59.3,59.3,60.01179,59.9,59.2,2165600.0,2053600.0,112000.0,129962451944.0,6722240000.0,191200.0,11485570000.0,705600.0,42323510000.0,2369.0,3455015.0,2921.0,4276998.0,1.3619905337646252,119632445.0,0.0,0.0,0.0,1000.0
2023-01-27T00:00:00,DGC,61.2,58.5,61.0,59.7127,59.0,59.9,1930000.0,1930000.0,0.0,115245511000.0,0.0,204600.0,12252990000.0,819370.0,48833910000.0,3450.0,2734169.0,2449.0,3804434.0,1.3619905337646252,119497745.0,0.0,0.0,0.0,1000.0
2023-01-30T00:00:00,DGC,59.5,58.4,59.2,58.69122,58.4,59.0,1928700.0,1928700.0,0.0,113197756014.0,0.0,66800.0,3926560000.0,652343.0,38260840000.0,3934.0,3501023.0,2097.0,3444308.0,1.3619905337646252,119811145.0,11800000.0,0.0,11800000.0,1000.0
2023-01-31T00:00:00,DGC,60.7,58.1,58.1,60.04193,60.3,58.4,3909100.0,3875600.0,33500.0,234708503908.0,2010000000.0,58100.0,3492430000.0,1110216.0,66722380000.0,4958.0,6752764.0,4394.0,6623965.0,1.3619905337646252,120346645.0,1498526000.0,0.0,1498526000.0,1000.0
2023-02-01T00:00:00,DGC,63.2,60.0,61.0,61.87349,60.0,60.3,5287566.0,5287500.0,66.0,327160039575.0,3961200.0,284600.0,17609620000.0,964365.0,59906110000.0,6252.0,8531123.0,6269.0,9302599.0,1.3619905337646252,120882915.0,0.0,3600000.0,3600000.0,1000.0
2023-02-02T00:00:00,DGC,61.7,58.6,60.6,59.676970000000004,59.1,60.0,2704700.0,2704700.0,0.0,161408300759.0,0.0,133710.0,7984180000.0,81022.0,4797700000.0,4479.0,5341045.0,3411.0,6345870.0,1.3619905337646252,121401548.0,149700000.0,0.0,149700000.0,1000.0
2023-02-03T00:00:00,DGC,59.8,58.0,59.8,58.586169999999996,58.8,59.1,1831400.0,1831400.0,0.0,107294711738.0,0.0,103905.0,6096030000.0,43200.0,2551540000.0,3870.0,3607362.0,2473.0,4149872.0,1.3619905337646252,122407859.0,-598517000.0,0.0,-598517000.0,1000.0
2023-02-06T00:00:00,DGC,59.3,57.2,58.7,58.15249,58.0,58.8,1728900.0,1728900.0,0.0,100539839961.0,0.0,117800.0,6861750000.0,221516.0,12885520000.0,4191.0,3102585.0,2140.0,3466120.0,1.3619905337646252,123254424.0,-892100000.0,0.0,-892100000.0,1000.0
2023-02-07T00:00:00,DGC,58.3,55.5,58.0,56.60069,55.6,58.0,3836200.0,3836200.0,0.0,217131566978.0,0.0,42410.0,2376330000.0,495458.0,28168150000.0,7570.0,6157960.0,2720.0,6442986.0,1.3619905337646252,123293036.0,-11120000.0,0.0,-11120000.0,1000.0
2023-02-08T00:00:00,DGC,56.4,54.1,56.0,55.15912,55.0,55.6,2336200.0,2336200.0,0.0,128862736144.0,0.0,210072.0,11623240000.0,335300.0,18509360000.0,5030.0,4489523.0,2819.0,3825207.0,1.3619905337646252,123126164.0,-11000000.0,0.0,-11000000.0,1000.0
2023-02-09T00:00:00,DGC,56.5,55.0,55.3,55.68726,55.2,55.0,1059500.0,1059500.0,0.0,59000651970.0,0.0,2000.0,111190000.0,362625.0,20116600000.0,2391.0,2376190.0,1778.0,2260937.0,1.3619905337646252,123345680.0,-11040000.0,0.0,-11040000.0,1000.0
2023-02-10T00:00:00,DGC,55.8,54.8,55.3,55.226330000000004,55.0,55.2,1018200.0,1018200.0,0.0,56231449206.0,0.0,34800.0,1918800000.0,138500.0,7651130000.0,2443.0,2491655.0,1666.0,2174159.0,1.3619905337646252,123806338.0,0.0,0.0,0.0,1000.0
2023-02-13T00:00:00,DGC,55.0,52.0,55.0,53.01974,52.2,55.0,2758300.0,2575700.0,182600.0,146340744318.0,9777800000.0,39200.0,2054120000.0,324133.0,17206060000.0,4065.0,4198897.0,2397.0,4841370.0,1.3619905337646252,124102438.0,9148210000.0,0.0,9148210000.0,1000.0
2023-02-14T00:00:00,DGC,53.4,52.1,52.5,52.72614,53.0,52.2,1605700.0,1605700.0,0.0,84662362998.0,0.0,83110.0,4382200000.0,410451.0,21632770000.0,2387.0,3161817.0,1897.0,2783051.0,1.3619905337646252,124381953.0,0.0,0.0,0.0,1000.0
2023-02-15T00:00:00,DGC,54.2,52.7,53.4,53.52735,53.6,53.0,1027200.0,1027200.0,0.0,54983293920.0,0.0,24100.0,1291370000.0,330100.0,17669780000.0,2063.0,2175424.0,1766.0,2142389.0,1.3619905337646252,124496353.0,0.0,0.0,0.0,1000.0
2023-02-16T00:00:00,DGC,54.3,53.0,53.7,53.52471,53.3,53.6,1204700.0,1204700.0,0.0,64481218137.0,0.0,79700.0,4287530000.0,483201.0,25797130000.0,2502.0,2271508.0,1384.0,2474833.0,1.3619905337646252,124742786.0,0.0,0.0,0.0,1000.0
2023-02-17T00:00:00,DGC,53.6,52.7,53.5,53.06904,53.0,53.3,1096100.0,997100.0,99000.0,58165489784.0,5250350000.0,106900.0,5670720000.0,114000.0,6046260000.0,2491.0,2125042.0,1115.0,1915104.0,1.3619905337646252,125145337.0,0.0,0.0,0.0,1000.0
2023-02-20T00:00:00,DGC,54.7,52.8,53.0,54.14423,54.7,53.0,1835100.0,1835100.0,0.0,99360076473.0,0.0,109900.0,5949880000.0,215300.0,11696030000.0,2550.0,3957421.0,2308.0,3090208.0,1.3619905337646252,125365537.0,10720000.0,0.0,10720000.0,1000.0
2023-02-21T00:00:00,DGC,55.4,54.2,54.8,54.84242,54.6,54.7,1655500.0,1655500.0,0.0,90791626310.0,0.0,61700.0,3383120000.0,217263.0,11853590000.0,2560.0,3528567.0,2355.0,3594621.0,1.3619905337646252,125787038.0,0.0,0.0,0.0,1000.0
2023-02-22T00:00:00,DGC,54.3,53.0,53.8,53.615730000000006,53.0,54.6,2104200.0,2064800.0,39400.0,112817993304.0,2112234000.0,112324.0,6031660000.0,542547.0,29092150000.0,2912.0,3202524.0,1977.0,3460914.0,1.3619905337646252,125729114.0,0.0,0.0,0.0,1000.0
2023-02-23T00:00:00,DGC,53.1,50.7,53.0,51.71448,52.0,53.0,2570800.0,2570800.0,0.0,132947585184.0,0.0,7100.0,366880000.0,416682.0,21609680000.0,4813.0,4421674.0,2157.0,4092328.0,1.3619905337646252,125937314.0,0.0,0.0,0.0,1000.0
2023-02-24T00:00:00,DGC,52.4,50.5,52.4,50.972339999999996,50.6,52.0,1356200.0,1356200.0,0.0,69128687508.0,0.0,56070.0,2866940000.0,654000.0,33382620000.0,3701.0,3545913.0,1576.0,2732456.0,1.3619905337646252,126098507.0,520000.0,0.0,520000.0,1000.0
2023-02-27T00:00:00,DGC,50.8,49.1,50.0,49.82298,49.4,50.6,2139800.0,2139800.0,0.0,106611212604.0,0.0,20906.0,1041310000.0,272800.0,13594560000.0,3354.0,3665111.0,1864.0,3230795.0,1.3619905337646252,126580748.0,8965102000.0,0.0,8965102000.0,1000.0
2023-02-28T00:00:00,DGC,50.4,48.6,49.8,49.605290000000004,50.1,49.4,1367600.0,1309600.0,58000.0,67839887784.0,2876800000.0,425810.0,21220780000.0,408721.0,20142890000.0,2495.0,2514609.0,1685.0,2331396.0,1.3619905337646252,126629620.0,0.0,0.0,0.0,1000.0
2023-03-01T00:00:00,DGC,50.3,49.4,49.6,50.01802,50.3,50.1,827500.0,827500.0,0.0,41389911550.0,0.0,110110.0,5505260000.0,270400.0,13544610000.0,1942.0,1988435.0,1187.0,1541562.0,1.3619905337646252,127173510.0,0.0,0.0,0.0,1000.0
2023-03-02T00:00:00,DGC,51.5,50.5,50.5,50.9315,51.0,50.3,930700.0,930700.0,0.0,47401947050.0,0.0,30050.0,1531800000.0,51224.0,2598510000.0,1575.0,1996958.0,1966.0,2105067.0,1.3619905337646252,127416260.0,0.0,0.0,0.0,1000.0
2023-03-03T00:00:00,DGC,51.1,49.9,51.0,50.33461,50.3,51.0,1021000.0,1021000.0,0.0,51391636810.0,0.0,195100.0,9814040000.0,172600.0,8706140000.0,1956.0,2249144.0,1403.0,2246298.0,1.3619905337646252,127571881.0,-120960000.0,0.0,-120960000.0,1000.0
2023-03-06T00:00:00,DGC,51.0,50.1,51.0,50.54612,50.6,50.3,1610200.0,1522000.0,88200.0,81429394640.0,4498200000.0,169600.0,8547950000.0,11200.0,568570000.0,1696.0,2398565.0,1567.0,2742652.0,1.3619905337646252,127672681.0,9564090000.0,0.0,9564090000.0,1000.0
2023-03-07T00:00:00,DGC,50.9,49.7,50.6,50.1757,50.6,50.6,964900.0,964900.0,0.0,48414532930.0,0.0,169700.0,8578970000.0,264156.0,13231190000.0,2063.0,1763167.0,1302.0,2382103.0,1.3619905337646252,127554205.0,0.0,0.0,0.0,1000.0
2023-03-08T00:00:00,DGC,50.6,49.5,49.5,50.177690000000005,50.6,50.6,953000.0,953000.0,0.0,47819338570.0,0.0,119200.0,6017560000.0,163100.0,8174420000.0,1708.0,2111644.0,1064.0,1755142.0,1.3619905337646252,127607605.0,-9980000.0,0.0,-9980000.0,1000.0
2023-03-09T00:00:00,DGC,52.1,50.5,50.8,51.53904,51.9,50.6,2007000.0,2007000.0,0.0,103438853280.0,0.0,366600.0,18949840000.0,342963.0,17672360000.0,2110.0,3956624.0,3136.0,4064036.0,1.3619905337646252,127252205.0,3350000.0,0.0,3350000.0,1000.0
2023-03-10T00:00:00,DGC,53.4,51.2,51.4,52.56351,52.6,51.9,2711200.0,2711200.0,0.0,142510188312.0,0.0,245200.0,12871310000.0,45000.0,2370130000.0,3107.0,5522867.0,4631.0,6009097.0,1.3619905337646252,127271161.0,10600000000.0,0.0,10600000000.0,1000.0
2023-03-13T00:00:00,DGC,52.6,51.3,52.0,51.91128,51.8,52.6,1561700.0,1561700.0,0.0,81069845976.0,0.0,487237.0,25385250000.0,5700.0,294980000.0,2892.0,2983457.0,1635.0,2986929.0,1.3619905337646252,126947024.0,0.0,0.0,0.0,1000.0
2023-03-14T00:00:00,DGC,52.4,51.0,51.6,51.555339999999994,51.6,51.8,1595700.0,1595700.0,0.0,82266856038.0,0.0,402237.0,20778670000.0,100408.0,5185000000.0,2877.0,3185026.0,2317.0,4072170.0,1.3619905337646252,126887750.0,1414680000.0,0.0,1414680000.0,1000.0
2023-03-15T00:00:00,DGC,52.9,51.8,52.3,52.35848,52.5,51.6,1570700.0,1570700.0,0.0,82239464536.0,0.0,84100.0,4414600000.0,4400.0,230310000.0,1545.0,2822846.0,2422.0,3397906.0,1.3619905337646252,126848650.0,2030890000.0,0.0,2030890000.0,1000.0
2023-03-16T00:00:00,DGC,52.0,51.1,51.9,51.55866,52.0,52.5,1034100.0,1034100.0,0.0,53316810306.0,0.0,211700.0,10943130000.0,114200.0,5894610000.0,1949.0,2183760.0,1315.0,2372093.0,1.3619905337646252,126642650.0,0.0,0.0,0.0,1000.0
2023-03-17T00:00:00,DGC,52.5,51.6,52.0,52.32429,52.5,52.0,2142400.0,2142400.0,0.0,112099558896.0,0.0,1479000.0,77534060000.0,202300.0,10620630000.0,1353.0,3416443.0,2538.0,5039082.0,1.3619905337646252,125264058.0,-1522500000.0,0.0,-1522500000.0,1000.0
2023-03-20T00:00:00,DGC,52.3,50.6,52.0,51.29882,50.6,52.5,1241900.0,1241900.0,0.0,63708004558.0,0.0,21700.0,1119390000.0,38914.0,1997790000.0,1998.0,2230485.0,1316.0,2713830.0,1.3619905337646252,125246758.0,-2428640000.0,0.0,-2428640000.0,1000.0
2023-03-21T00:00:00,DGC,51.5,49.5,50.9,50.24104,51.0,50.6,1551500.0,1551500.0,0.0,77948973560.0,0.0,394100.0,20006510000.0,285683.0,14293180000.0,3128.0,3603037.0,2348.0,3069558.0,1.3619905337646252,124966858.0,-7911590000.0,0.0,-7911590000.0,1000.0
2023-03-22T00:00:00,DGC,51.4,50.6,51.4,50.95404,50.6,51.0,553200.0,458200.0,95000.0,28097141128.0,4750000000.0,29600.0,1509980000.0,0.0,0.0,1076.0,1147860.0,1201.0,1551209.0,1.3619905337646252,125139558.0,-3308420000.0,0.0,-3308420000.0,1000.0
2023-03-23T00:00:00,DGC,51.0,50.1,50.1,50.64307,50.6,50.6,656300.0,656300.0,0.0,33237046841.0,0.0,188100.0,9539550000.0,177183.0,8953730000.0,1388.0,1496379.0,1233.0,1711104.0,1.3619905337646252,124990372.0,3072710000.0,0.0,3072710000.0,1000.0
2023-03-24T00:00:00,DGC,51.0,50.4,50.8,50.689550000000004,50.6,50.6,816600.0,721600.0,95000.0,41327579280.0,4750000000.0,51510.0,2612330000.0,60000.0,3039170000.0,1206.0,1487137.0,1230.0,1880577.0,1.3619905337646252,125224545.0,-1331540000.0,0.0,-1331540000.0,1000.0
2023-03-27T00:00:00,DGC,51.1,50.5,50.6,50.81232,51.0,50.6,877600.0,877600.0,0.0,44592892032.0,0.0,143800.0,7313510000.0,500.0,25450000.0,1217.0,1673147.0,1458.0,1893647.0,1.3619905337646252,125080745.0,-1014760000.0,0.0,-1014760000.0,1000.0
2023-03-28T00:00:00,DGC,52.2,51.0,51.1,51.59264,51.7,51.0,1458000.0,1458000.0,0.0,75222069120.0,0.0,110200.0,5689510000.0,362425.0,18678530000.0,1699.0,2793856.0,2256.0,3223445.0,1.3619905337646252,125147728.0,0.0,0.0,0.0,1000.0
2023-03-29T00:00:00,DGC,51.9,51.1,51.7,51.54533,51.9,51.7,815400.0,815400.0,0.0,42030062082.0,0.0,124200.0,6413750000.0,500.0,25750000.0,1251.0,1618179.0,1409.0,2391064.0,1.3619905337646252,125083528.0,0.0,0.0,0.0,1000.0
2023-03-30T00:00:00,DGC,52.9,51.2,52.5,51.8988,51.3,51.9,1268600.0,1268600.0,0.0,65838817680.0,0.0,46100.0,2419640000.0,241500.0,12530140000.0,2141.0,2362293.0,2122.0,3808732.0,1.3619905337646252,125037928.0,1252880000.0,0.0,1252880000.0,1000.0
2023-03-31T00:00:00,DGC,51.6,50.8,51.5,51.11603,51.3,51.3,1234100.0,1234100.0,0.0,63082292623.0,0.0,93700.0,4807480000.0,210300.0,10753400000.0,1814.0,2212794.0,1491.0,2791872.0,1.3619905337646252,125306653.0,5184320000.0,0.0,5184320000.0,1000.0
2023-04-03T00:00:00,DGC,52.1,51.4,51.5,51.75353,52.0,51.3,2412700.0,1734700.0,678000.0,123794848491.0,34018000000.0,228200.0,11798650000.0,11923.0,615220000.0,1686.0,2920586.0,2129.0,3232639.0,1.3619905337646252,125078953.0,-3615500000.0,0.0,-3615500000.0,1000.0
2023-04-04T00:00:00,DGC,53.8,52.0,52.3,53.28982,53.4,52.0,3419900.0,3419900.0,0.0,182245855418.0,0.0,162250.0,8602570000.0,165501.0,8828700000.0,3118.0,6024362.0,4425.0,7296722.0,1.3619905337646252,125158203.0,-812820000.0,0.0,-812820000.0,1000.0
2023-04-05T00:00:00,DGC,54.9,53.5,53.9,54.20267,54.2,53.4,2344300.0,2344300.0,0.0,127067319281.0,0.0,50400.0,2732310000.0,20800.0,1127500000.0,2820.0,4089889.0,3569.0,5504634.0,1.3619905337646252,125318103.0,5081240000.0,0.0,5081240000.0,1000.0
2023-04-06T00:00:00,DGC,54.8,53.1,54.3,54.128,53.1,54.2,2312000.0,2312000.0,0.0,125143936000.0,0.0,16600.0,896390000.0,130810.0,7116330000.0,2339.0,3318790.0,3294.0,5584475.0,1.3619905337646252,125313426.0,5314460000.0,0.0,5314460000.0,1000.0
2023-04-07T00:00:00,DGC,53.6,52.5,53.5,52.91303,52.6,53.1,1345700.0,1345700.0,0.0,71205064471.0,0.0,28300.0,1503190000.0,1200.0,63820000.0,2533.0,3047400.0,1712.0,3426359.0,1.3619905337646252,125450627.0,775020000.0,0.0,775020000.0,1000.0
2023-04-10T00:00:00,DGC,53.8,52.6,52.8,53.16389,52.7,52.6,1986100.0,1890100.0,96000.0,105496268489.0,5011200000.0,76580.0,4075910000.0,445607.0,23582480000.0,2563.0,3472148.0,2095.0,3935744.0,1.3619905337646252,125394847.0,-6140000.0,0.0,-6140000.0,1000.0
2023-04-11T00:00:00,DGC,52.9,52.1,52.6,52.43341,52.8,52.7,1252300.0,1252300.0,0.0,65662359343.0,0.0,22300.0,1170910000.0,170299.0,8916890000.0,2508.0,3050792.0,1374.0,2504060.0,1.3619905337646252,125503357.0,0.0,0.0,0.0,1000.0
2023-04-12T00:00:00,DGC,53.9,52.8,53.0,53.223800000000004,53.0,52.8,1513400.0,1417400.0,96000.0,80450614120.0,5011200000.0,30700.0,1630030000.0,1414.0,75300000.0,2015.0,2759669.0,2261.0,3702109.0,1.3619905337646252,125473857.0,-574647000.0,0.0,-574647000.0,1000.0
2023-04-13T00:00:00,DGC,54.6,52.1,52.7,53.59779,54.6,52.0,4832000.0,4832000.0,0.0,258984521280.0,0.0,106900.0,5702530000.0,239926.0,13040110000.0,3988.0,7741093.0,4414.0,7453782.0,1.3362925992056336,125812764.0,17293650000.0,0.0,17293650000.0,1000.0
2023-04-14T00:00:00,DGC,56.6,54.3,55.0,55.41325,54.3,54.6,4115700.0,4115700.0,0.0,228064313025.0,0.0,90100.0,5031220000.0,410319.0,22723970000.0,4489.0,7073155.0,5871.0,8433248.0,1.3362925992056336,125892963.0,0.0,0.0,0.0,1000.0
2023-04-17T00:00:00,DGC,54.7,52.8,54.5,53.336980000000004,53.3,54.3,2454300.0,2454300.0,0.0,130904950014.0,0.0,22900.0,1218070000.0,153941.0,8212720000.0,3930.0,4425228.0,2244.0,4570785.0,1.3362925992056336,125871477.0,0.0,0.0,0.0,1000.0
2023-04-18T00:00:00,DGC,54.8,53.2,53.3,53.903169999999996,54.0,53.3,2366900.0,2366900.0,0.0,127583413073.0,0.0,10500.0,566420000.0,179226.0,9663310000.0,2786.0,4233580.0,3047.0,5458589.0,1.3362925992056336,126100903.0,0.0,0.0,0.0,1000.0
2023-04-19T00:00:00,DGC,55.4,53.4,54.0,54.369519999999994,54.0,54.0,2517200.0,2517200.0,0.0,136858955744.0,0.0,41200.0,2228580000.0,149800.0,8176250000.0,3389.0,4797985.0,3751.0,5760535.0,1.3362925992056336,126470022.0,0.0,0.0,0.0,1000.0
2023-04-20T00:00:00,DGC,54.4,53.5,54.0,53.81534,53.6,54.0,1296200.0,1296200.0,0.0,69755443708.0,0.0,6305.0,339180000.0,56089.0,3025360000.0,2162.0,3990156.0,1748.0,3408292.0,1.3362925992056336,126617658.0,0.0,0.0,0.0,1000.0
2023-04-21T00:00:00,DGC,54.4,52.0,53.8,53.20142,52.0,53.6,4259600.0,4259600.0,0.0,226616768632.0,0.0,46200.0,2481660000.0,314600.0,16772090000.0,4980.0,6110230.0,3116.0,7361137.0,1.3362925992056336,126750684.0,1554400000.0,0.0,1554400000.0,1000.0
2023-04-24T00:00:00,DGC,52.6,51.3,52.0,51.91986,51.3,52.0,1826100.0,1826100.0,0.0,94810856346.0,0.0,2000.0,104660000.0,33632.0,1750360000.0,2566.0,3236222.0,2031.0,3837637.0,1.3362925992056336,126898484.0,-1938460000.0,0.0,-1938460000.0,1000.0
2023-04-25T00:00:00,DGC,51.9,51.0,51.5,51.479879999999994,51.5,51.3,1905400.0,1807300.0,98100.0,98042687124.0,5003100000.0,406210.0,20925850000.0,89400.0,4611380000.0,3606.0,3256697.0,2001.0,3289899.0,1.3362925992056336,126548363.0,-3422320000.0,0.0,-3422320000.0,1000.0
2023-04-26T00:00:00,DGC,51.6,50.9,51.5,51.122330000000005,51.4,51.5,2534375.0,1660400.0,873975.0,129805831732.0,44922315000.0,971775.0,49926140000.0,1374275.0,70498280000.0,3131.0,3017502.0,1479.0,2411705.0,1.3362925992056336,126765163.0,4629790000.0,0.0,4629790000.0,1000.0
2023-04-27T00:00:00,DGC,52.6,51.5,51.6,51.8784,51.6,51.4,1762200.0,1664100.0,98100.0,91333945440.0,5003100000.0,21205.0,1099230000.0,666500.0,34502110000.0,2302.0,3339730.0,2732.0,3295550.0,1.3362925992056336,126777590.0,-1763000.0,0.0,-1763000.0,1000.0
2023-04-28T00:00:00,DGC,52.5,51.4,51.9,51.672830000000005,51.5,51.6,1493300.0,1493300.0,0.0,77163037039.0,0.0,15610.0,806060000.0,473000.0,24428020000.0,2103.0,2806281.0,1819.0,2875302.0,1.3362925992056336,126851380.0,0.0,0.0,0.0,1000.0
2023-05-04T00:00:00,DGC,52.2,50.9,51.6,51.19746,51.0,51.5,1697400.0,1697400.0,0.0,86902568604.0,0.0,12200.0,624790000.0,75185.0,3842420000.0,2861.0,2842560.0,1545.0,2962833.0,1.3362925992056336,127339480.0,0.0,0.0,0.0,1000.0
2023-05-05T00:00:00,DGC,51.7,51.0,51.0,51.40621,51.4,51.0,1131700.0,1131700.0,0.0,58176407857.0,0.0,470700.0,24192260000.0,17000.0,873660000.0,2103.0,2083268.0,1788.0,2452511.0,1.3362925992056336,127535280.0,-3330500000.0,0.0,-3330500000.0,1000.0
2023-05-08T00:00:00,DGC,51.8,51.2,51.5,51.5161,51.7,51.4,1294100.0,1294100.0,0.0,66666985010.0,0.0,52700.0,2719960000.0,11600.0,597230000.0,2101.0,2270072.0,1589.0,3001509.0,1.3362925992056336,127955580.0,0.0,0.0,0.0,1000.0
2023-05-09T00:00:00,DGC,52.2,51.4,52.0,51.77207,51.7,51.7,1081400.0,1081400.0,0.0,55986316498.0,0.0,26300.0,1367540000.0,38900.0,2011600000.0,2012.0,2090760.0,2053.0,2719556.0,1.3362925992056336,128004465.0,0.0,0.0,0.0,1000.0
2023-05-10T00:00:00,DGC,51.6,51.1,51.6,51.27695,51.2,51.7,2019000.0,2019000.0,0.0,103528162050.0,0.0,17010.0,873090000.0,202200.0,10364580000.0,3702.0,3476613.0,1775.0,3524975.0,1.3362925992056336,128004455.0,10260000.0,0.0,10260000.0,1000.0
2023-05-11T00:00:00,DGC,52.9,51.3,51.5,52.23325,52.2,51.2,3286900.0,3286900.0,0.0,171685469425.0,0.0,389310.0,20359860000.0,414200.0,21644210000.0,3559.0,5355808.0,3778.0,6117003.0,1.3362925992056336,127626745.0,0.0,0.0,0.0,1000.0
2023-05-12T00:00:00,DGC,52.3,51.6,52.2,51.880720000000004,51.8,52.2,1492000.0,1492000.0,0.0,77406034240.0,0.0,178700.0,9280290000.0,205182.0,10644400000.0,3119.0,2585179.0,1739.0,3401529.0,1.3362925992056336,127486945.0,0.0,0.0,0.0,1000.0
2023-05-15T00:00:00,DGC,52.1,51.5,52.0,51.69005,51.5,51.8,1537300.0,1537300.0,0.0,79463113865.0,0.0,5800.0,299802290.0,208300.0,10767037415.0,2383.0,2581436.0,1708.0,3381848.0,1.3362925992056336,127683345.0,-2590370000.0,0.0,-2590370000.0,1000.0
2023-05-16T00:00:00,DGC,51.7,50.9,51.7,51.253,51.2,51.5,2526200.0,2526200.0,0.0,129475328600.0,0.0,378467.0,19398810000.0,649811.0,33391280000.0,3667.0,4006509.0,1555.0,5245611.0,1.3362925992056336,127719078.0,-10725690000.0,0.0,-10725690000.0,1000.0
2023-05-17T00:00:00,DGC,51.8,50.8,51.0,51.14154,50.8,51.2,1898900.0,1898900.0,0.0,97112670306.0,0.0,299300.0,15307790000.0,239400.0,12241690000.0,3075.0,2987413.0,1899.0,3739342.0,1.3362925992056336,127624960.0,-512000000.0,0.0,-512000000.0,1000.0
2023-05-18T00:00:00,DGC,50.9,50.4,50.9,50.58347,50.4,50.8,1815300.0,1815300.0,0.0,91824173091.0,0.0,210100.0,10627370000.0,284100.0,14371940000.0,3242.0,2899153.0,1482.0,3718726.0,1.3362925992056336,127623160.0,-6561200000.0,0.0,-6561200000.0,1000.0
2023-05-19T00:00:00,DGC,50.7,50.0,50.5,50.3612,50.2,50.4,1741400.0,1741400.0,0.0,87698993680.0,0.0,184200.0,9277590000.0,340500.0,17166700000.0,2940.0,3149272.0,1823.0,3419537.0,1.3362925992056336,128088771.0,0.0,0.0,0.0,1000.0
2023-05-22T00:00:00,DGC,50.6,50.0,50.2,50.23917,50.4,50.2,1473600.0,1473600.0,0.0,74032440912.0,0.0,30900.0,1554720000.0,125900.0,6339610000.0,2751.0,2823828.0,1305.0,2546285.0,1.3362925992056336,128297271.0,0.0,0.0,0.0,1000.0
2023-05-23T00:00:00,DGC,52.0,50.3,50.6,51.16672,51.4,50.4,2367300.0,2367300.0,0.0,121126976256.0,0.0,29800.0,1530030000.0,300858.0,15313730000.0,2492.0,9311973.0,3103.0,4852160.0,1.3362925992056336,128551571.0,0.0,0.0,0.0,1000.0
2023-05-24T00:00:00,DGC,51.7,50.7,51.5,50.99853,50.8,51.4,1068700.0,1068700.0,0.0,54502129011.0,0.0,30600.0,1562080000.0,50400.0,2570870000.0,1821.0,2146355.0,1634.0,2992393.0,1.3362925992056336,128861471.0,0.0,0.0,0.0,1000.0
2023-05-25T00:00:00,DGC,50.8,50.2,50.6,50.485440000000004,50.7,50.8,1369600.0,1369600.0,0.0,69144858624.0,0.0,82100.0,4161800000.0,267900.0,13532660000.0,2143.0,2706900.0,1314.0,2659788.0,1.3362925992056336,128905271.0,0.0,0.0,0.0,1000.0
2023-05-26T00:00:00,DGC,51.4,50.2,50.9,50.62612,50.3,50.7,1558800.0,1558800.0,0.0,78915995856.0,0.0,6500.0,328230000.0,252900.0,12767930000.0,2570.0,5739946.0,2123.0,3752788.0,1.3362925992056336,129199629.0,-2776500000.0,0.0,-2776500000.0,1000.0
2023-05-29T00:00:00,DGC,52.0,50.3,50.7,51.35423,51.5,50.3,2687600.0,2687600.0,0.0,138019628548.0,0.0,51500.0,2633450000.0,202200.0,10353970000.0,2536.0,6773906.0,3788.0,6317242.0,1.3362925992056336,129198529.0,0.0,0.0,0.0,1000.0
2023-05-30T00:00:00,DGC,53.9,51.7,52.0,52.920989999999996,53.8,51.5,7508800.0,7508800.0,0.0,397373129712.0,0.0,444000.0,23558570000.0,54419.0,2892390000.0,4562.0,16170575.0,8403.0,13094698.0,1.3362925992056336,129022429.0,21040000.0,0.0,21040000.0,1000.0
2023-05-31T00:00:00,DGC,54.3,53.3,54.1,53.823910000000005,53.6,53.8,3398000.0,3329000.0,69000.0,182891996390.0,3712200000.0,153970.0,8279080000.0,4915.0,265000000.0,3130.0,6254868.0,4444.0,7611163.0,1.3362925992056336,129121359.0,0.0,0.0,0.0,1000.0
2023-06-01T00:00:00,DGC,54.9,53.6,53.6,54.29703,54.6,53.6,5388600.0,5156300.0,232300.0,292618187789.0,12646412000.0,423500.0,23049220000.0,418129.0,22721430000.0,3180.0,9149081.0,5565.0,9198898.0,1.3362925992056336,129132359.0,5447620000.0,0.0,5447620000.0,1000.0
2023-06-02T00:00:00,DGC,56.3,54.7,55.0,55.67479,56.3,54.6,6220700.0,6220700.0,0.0,346336166153.0,0.0,250500.0,13988260000.0,140786.0,7820110000.0,2853.0,10484212.0,5516.0,9268776.0,1.3362925992056336,128936278.0,9397200000.0,0.0,9397200000.0,1000.0
2023-06-05T00:00:00,DGC,60.2,56.0,57.1,58.273129999999995,59.1,56.3,8437500.0,8437500.0,0.0,491679534375.0,0.0,200900.0,11592630000.0,181700.0,10728550000.0,4827.0,16900701.0,7457.0,13658449.0,1.3362925992056336,128740293.0,12918380000.0,0.0,12918380000.0,1000.0
2023-06-06T00:00:00,DGC,60.0,58.6,59.2,59.22453,59.8,59.1,3637700.0,3637700.0,0.0,215441072781.0,0.0,387100.0,22934050000.0,222434.0,13186810000.0,2728.0,7216676.0,4270.0,8063314.0,1.3362925992056336,128539022.0,6743040000.0,0.0,6743040000.0,1000.0
2023-06-07T00:00:00,DGC,61.9,59.6,59.8,60.40629,60.4,59.8,4554600.0,4554600.0,0.0,275126488434.0,0.0,67330.0,4072790000.0,26680.0,1611030000.0,3184.0,8507726.0,5182.0,10142749.0,1.3362925992056336,128612478.0,5934700000.0,0.0,5934700000.0,1000.0
2023-06-08T00:00:00,DGC,61.0,59.0,60.4,59.927279999999996,59.0,60.4,4842000.0,4842000.0,0.0,290167889760.0,0.0,208100.0,12477950000.0,7900.0,467490000.0,4284.0,8439146.0,4099.0,8582441.0,1.3362925992056336,128586078.0,2875000000.0,0.0,2875000000.0,1000.0
2023-06-09T00:00:00,DGC,63.1,58.8,59.4,61.43901,63.1,59.0,9422300.0,9222300.0,200000.0,578908981923.0,12300000000.0,284500.0,17193500000.0,421500.0,26038070000.0,5285.0,17737475.0,6793.0,12827073.0,1.3362925992056336,128524012.0,-19208830000.0,-12300000000.0,-31508830000.0,1000.0
2023-06-12T00:00:00,DGC,64.9,62.6,64.3,63.845099999999995,64.5,63.1,3794000.0,3491400.0,302600.0,241972582140.0,19063800000.0,29000.0,1851460000.0,341300.0,21786520000.0,3503.0,6724713.0,3331.0,7734615.0,1.3362925992056336,128521692.0,-1990260000.0,0.0,-1990260000.0,1000.0
2023-06-13T00:00:00,DGC,64.8,61.8,64.8,63.04336,62.7,64.5,5463400.0,5373400.0,90000.0,344157190624.0,5400000000.0,106410.0,6696170000.0,387700.0,24610680000.0,6192.0,9097367.0,5148.0,9365725.0,1.3362925992056336,128423182.0,1045640000.0,-5400000000.0,-4354360000.0,1000.0
2023-06-14T00:00:00,DGC,63.6,61.5,63.0,62.3867,61.5,62.7,3274800.0,3274800.0,0.0,204303965160.0,0.0,52150.0,3274980000.0,77200.0,4800540000.0,4478.0,7234325.0,2537.0,5997971.0,1.3362925992056336,128792532.0,-886710000.0,0.0,-886710000.0,1000.0
2023-06-15T00:00:00,DGC,62.7,61.3,61.5,61.99286,62.5,61.5,3445800.0,3445800.0,0.0,213614996988.0,0.0,240500.0,14965500000.0,362100.0,22517130000.0,4451.0,8371422.0,2340.0,5841570.0,1.3362925992056336,128893332.0,-3831560000.0,0.0,-3831560000.0,1000.0
2023-06-16T00:00:00,DGC,63.8,61.4,63.1,62.407489999999996,61.4,62.5,4712700.0,4712700.0,0.0,294107778123.0,0.0,58100.0,3603290000.0,286000.0,17730500000.0,4179.0,7617358.0,3346.0,8891679.0,1.3362925992056336,129222932.0,1194400000.0,0.0,1194400000.0,1000.0
2023-06-19T00:00:00,DGC,61.9,60.7,61.4,61.14569,61.2,61.4,3235600.0,3235600.0,0.0,197842994564.0,0.0,196600.0,12027980000.0,15500.0,957900000.0,4285.0,7848095.0,1996.0,6376430.0,1.3362925992056336,129103532.0,6086600000.0,0.0,6086600000.0,1000.0
2023-06-20T00:00:00,DGC,62.9,61.2,61.8,62.30142,62.9,61.2,2821100.0,2821100.0,0.0,175758535962.0,0.0,900.0,55530000.0,240900.0,14990650000.0,2831.0,6660400.0,3017.0,6145708.0,1.3362925992056336,129464732.0,-4071230000.0,0.0,-4071230000.0,1000.0
2023-06-21T00:00:00,DGC,63.9,62.8,63.0,63.35753,63.7,62.9,3683500.0,3683500.0,0.0,233377461755.0,0.0,141304.0,8945040000.0,250586.0,15857920000.0,2698.0,6679448.0,3636.0,7624205.0,1.3362925992056336,129609428.0,-3496000000.0,0.0,-3496000000.0,1000.0
2023-06-22T00:00:00,DGC,66.4,63.5,64.0,65.32491,66.0,63.7,6496200.0,6396200.0,100000.0,423761189342.0,5930000000.0,201110.0,12946160000.0,120600.0,7924820000.0,4554.0,12816846.0,6179.0,11394740.0,1.3362925992056336,129423818.0,-7652570000.0,0.0,-7652570000.0,1000.0
2023-06-23T00:00:00,DGC,66.0,64.8,65.9,65.28658,65.3,66.0,3414800.0,3414800.0,0.0,222940613384.0,0.0,316500.0,20646900000.0,147600.0,9640740000.0,3731.0,5851044.0,2507.0,6580350.0,1.3362925992056336,129348218.0,1933104000.0,0.0,1933104000.0,1000.0
2023-06-26T00:00:00,DGC,66.3,63.8,65.0,64.54442,64.9,65.3,3842900.0,3842900.0,0.0,248037751618.0,0.0,103800.0,6702840000.0,156100.0,10075260000.0,4780.0,7768537.0,2743.0,7373602.0,1.3362925992056336,129495004.0,-830850000.0,0.0,-830850000.0,1000.0
2023-06-27T00:00:00,DGC,67.0,64.7,65.0,65.78904,65.5,64.9,4161700.0,4161700.0,0.0,273794247768.0,0.0,18183.0,1188000000.0,178270.0,11711860000.0,3415.0,7631812.0,3912.0,8107164.0,1.3362925992056336,129597421.0,-59880000.0,0.0,-59880000.0,1000.0
2023-06-28T00:00:00,DGC,66.6,65.4,65.5,65.86904,65.4,65.5,2912100.0,2912100.0,0.0,191817231384.0,0.0,18400.0,1212110000.0,85000.0,5585320000.0,2605.0,6003024.0,3078.0,6563487.0,1.3362925992056336,129726621.0,-204483000.0,0.0,-204483000.0,1000.0
2023-06-29T00:00:00,DGC,65.8,63.0,65.8,63.844919999999995,63.0,65.4,6394000.0,6249000.0,145000.0,408681905080.0,9715000000.0,43900.0,2818830000.0,658100.0,42070700000.0,7542.0,9509584.0,3538.0,11752744.0,1.3362925992056336,129838821.0,6931700000.0,0.0,6931700000.0,1000.0
2023-06-30T00:00:00,DGC,64.2,62.8,63.0,63.47155,63.8,63.0,1924700.0,1924700.0,0.0,122163692285.0,0.0,245200.0,15580650000.0,6400.0,404000000.0,2932.0,4371169.0,2232.0,4552182.0,1.3362925992056336,129771891.0,-2560020000.0,0.0,-2560020000.0,1000.0
2023-07-03T00:00:00,DGC,65.6,63.8,64.9,64.71116,63.8,63.8,2363700.0,2187500.0,176200.0,153298662500.0,11743000000.0,5500.0,356330000.0,232800.0,15005820000.0,2614.0,4494941.0,2706.0,5299816.0,1.3362925992056336,129851391.0,-1552180000.0,0.0,-1552180000.0,1000.0
2023-07-04T00:00:00,DGC,64.8,63.7,63.8,64.21552,64.8,63.8,2334800.0,2334800.0,0.0,149930396096.0,0.0,2400.0,154250000.0,503400.0,32256820000.0,2543.0,4904933.0,2182.0,4873573.0,1.3362925992056336,130507091.0,0.0,0.0,0.0,1000.0
2023-07-05T00:00:00,DGC,67.8,65.0,65.5,66.81433,66.6,64.8,9033100.0,9033100.0,0.0,603540524323.0,0.0,793960.0,53268320000.0,47900.0,3202610000.0,7055.0,16985665.0,6478.0,15596479.0,1.3362925992056336,129719531.0,-6621000000.0,0.0,-6621000000.0,1000.0
2023-07-06T00:00:00,DGC,67.5,66.2,66.7,66.83016,67.5,66.6,4755300.0,4735300.0,20000.0,317760856648.0,1300000000.0,214900.0,14409480000.0,79400.0,5290320000.0,3824.0,7772485.0,4083.0,8977196.0,1.3362925992056336,129737431.0,109300000.0,0.0,109300000.0,1000.0
2023-07-07T00:00:00,DGC,68.8,67.2,67.3,67.76075,67.8,67.5,3434000.0,3434000.0,0.0,232690415500.0,0.0,41400.0,2807320000.0,118100.0,7995580000.0,2904.0,5939825.0,3654.0,6840601.0,1.3362925992056336,130199431.0,870830000.0,0.0,870830000.0,1000.0
2023-07-10T00:00:00,DGC,68.3,67.4,67.9,67.79677000000001,67.8,67.8,3716500.0,3716500.0,0.0,251966695705.0,0.0,55800.0,3786230000.0,102800.0,6969330000.0,3222.0,5806001.0,3358.0,6961147.0,1.3362925992056336,130191531.0,1978100000.0,0.0,1978100000.0,1000.0
2023-07-11T00:00:00,DGC,67.9,66.2,67.9,66.86767,66.6,67.8,5092400.0,5092400.0,0.0,340516922708.0,0.0,11200.0,750190000.0,483300.0,32353670000.0,6362.0,8781810.0,2828.0,8094178.0,1.3362925992056336,130259731.0,2768880000.0,0.0,2768880000.0,1000.0
2023-07-12T00:00:00,DGC,68.4,66.3,67.0,67.5096,67.7,66.6,4568100.0,4538100.0,30000.0,308225315760.0,1860000000.0,120700.0,8170220000.0,1516200.0,102402260000.0,4179.0,8554547.0,4447.0,7476511.0,1.3362925992056336,130257131.0,-1217880000.0,0.0,-1217880000.0,1000.0
2023-07-13T00:00:00,DGC,72.4,68.2,68.2,71.27635000000001,71.2,67.7,6615100.0,6615100.0,0.0,471500182885.0,0.0,128300.0,9147480000.0,951530.0,68254490000.0,4292.0,11288433.0,6293.0,10366150.0,1.3362925992056336,130231631.0,712000000.0,0.0,712000000.0,1000.0
2023-07-14T00:00:00,DGC,72.9,70.7,72.0,71.49646000000001,71.6,71.2,3886200.0,3856200.0,30000.0,277693649052.0,1989000000.0,436500.0,31228640000.0,865400.0,61816160000.0,4598.0,6982069.0,3393.0,7309368.0,1.3362925992056336,130278431.0,-1799720000.0,0.0,-1799720000.0,1000.0
2023-07-17T00:00:00,DGC,72.6,71.2,72.0,71.71918,71.4,71.6,2340400.0,2340400.0,0.0,167851568872.0,0.0,27023.0,1940680000.0,94500.0,6781130000.0,2860.0,4381902.0,2612.0,5265616.0,1.3362925992056336,131767608.0,4285000000.0,0.0,4285000000.0,1000.0
2023-07-18T00:00:00,DGC,72.5,70.7,71.7,71.36444,70.8,71.4,3287357.0,3266900.0,20457.0,234500879536.0,1360390500.0,114669.0,8195920000.0,679083.0,48346350000.0,4267.0,5122875.0,3078.0,5953469.0,1.3362925992056336,132604469.0,1354800000.0,0.0,1354800000.0,1000.0
2023-07-19T00:00:00,DGC,71.8,70.5,71.0,70.96853999999999,71.0,70.8,2835400.0,2835400.0,0.0,201224198316.0,0.0,104000.0,7373200000.0,340000.0,24108120000.0,3177.0,4730069.0,2486.0,5663987.0,1.3362925992056336,133365869.0,446120000.0,0.0,446120000.0,1000.0
2023-07-20T00:00:00,DGC,73.5,71.2,71.2,72.74268,72.9,71.0,5116900.0,5116900.0,0.0,372217019292.0,0.0,465600.0,33890750000.0,743700.0,54106640000.0,3962.0,8317828.0,5284.0,9854917.0,1.3362925992056336,132994769.0,2077750000.0,0.0,2077750000.0,1000.0
2023-07-21T00:00:00,DGC,73.9,72.8,73.1,73.12469,73.0,72.9,3264000.0,3264000.0,0.0,238678988160.0,0.0,224900.0,16431260000.0,168500.0,12306930000.0,4813.0,5061639.0,3044.0,6352089.0,1.3362925992056336,133448952.0,3903160000.0,0.0,3903160000.0,1000.0
2023-07-24T00:00:00,DGC,73.1,71.6,73.1,72.09555999999999,72.3,73.0,4582200.0,4582200.0,0.0,330356275032.0,0.0,72000.0,5198740000.0,224987.0,16200950000.0,5888.0,7896305.0,2886.0,7290775.0,1.3362925992056336,133716952.0,2610000000.0,0.0,2610000000.0,1000.0
2023-07-25T00:00:00,DGC,73.0,71.5,72.7,72.29562,72.3,72.3,3359800.0,3359800.0,0.0,242898824076.0,0.0,22317.0,1613470000.0,255800.0,18539570000.0,4108.0,5460127.0,2686.0,6090830.0,1.3362925992056336,134438335.0,642380000.0,0.0,642380000.0,1000.0
2023-07-26T00:00:00,DGC,73.8,71.7,72.3,72.38497,72.0,72.3,3265400.0,3165400.0,100000.0,236393384038.0,7266000000.0,130300.0,9461940000.0,182800.0,13250170000.0,3974.0,5434907.0,3192.0,6229332.0,1.3362925992056336,134576535.0,372290000.0,0.0,372290000.0,1000.0
2023-07-27T00:00:00,DGC,72.1,70.6,72.0,71.37867,71.3,72.0,4549300.0,4549300.0,0.0,324722983431.0,0.0,35800.0,2559030000.0,56890.0,4071770000.0,6411.0,8325554.0,3254.0,7820838.0,1.3362925992056336,134765722.0,2665120000.0,0.0,2665120000.0,1000.0
2023-07-28T00:00:00,DGC,72.9,71.1,71.5,72.12013,72.6,71.3,3038500.0,3038500.0,0.0,219137015005.0,0.0,140100.0,10135610000.0,45510.0,3290670000.0,4382.0,6267898.0,3650.0,5757478.0,1.3362925992056336,134881422.0,3540790000.0,0.0,3540790000.0,1000.0
2023-07-31T00:00:00,DGC,73.5,72.0,73.3,72.57683,72.0,72.6,2887400.0,2887400.0,0.0,209558338942.0,0.0,323500.0,23465190000.0,427210.0,30992530000.0,3155.0,4631785.0,3222.0,5900306.0,1.3362925992056336,134640722.0,2482030000.0,0.0,2482030000.0,1000.0
2023-08-01T00:00:00,DGC,75.9,71.4,72.5,73.81857000000001,74.4,72.0,7667100.0,7667100.0,0.0,565974358047.0,0.0,167030.0,12468260000.0,465800.0,34315400000.0,5749.0,14129633.0,7800.0,13145442.0,1.3362925992056336,134536582.0,5409530000.0,0.0,5409530000.0,1000.0
2023-08-02T00:00:00,DGC,75.3,73.7,74.0,74.12481,74.1,74.4,2202400.0,2202400.0,0.0,163252481544.0,0.0,410300.0,30405880000.0,442200.0,32766570000.0,3426.0,6284305.0,3929.0,5827557.0,1.3362925992056336,134171792.0,-1919690000.0,0.0,-1919690000.0,1000.0
2023-08-03T00:00:00,DGC,75.5,73.4,74.0,74.22283,74.1,74.1,3368400.0,3368400.0,0.0,250012180572.0,0.0,306800.0,22682760000.0,59400.0,4434250000.0,4013.0,10462787.0,3692.0,8204418.0,1.3362925992056336,134292202.0,5568720000.0,0.0,5568720000.0,1000.0
2023-08-04T00:00:00,DGC,75.4,73.9,74.2,74.41633,74.5,74.1,2596900.0,2596900.0,0.0,193251767377.0,0.0,313300.0,23301400000.0,353400.0,26305370000.0,2636.0,9176426.0,3038.0,6628217.0,1.3362925992056336,134444702.0,3263660000.0,0.0,3263660000.0,1000.0
2023-08-07T00:00:00,DGC,75.1,73.7,74.9,74.28137,73.9,74.5,3386700.0,3386700.0,0.0,251568715779.0,0.0,219500.0,16301220000.0,231176.0,17211880000.0,4278.0,6947789.0,2741.0,6490369.0,1.3362925992056336,134667402.0,0.0,0.0,0.0,1000.0
2023-08-08T00:00:00,DGC,75.2,73.6,74.0,74.31634,74.6,73.9,3114300.0,3114300.0,0.0,231443377662.0,0.0,138000.0,10219370000.0,53300.0,3965020000.0,3038.0,7076745.0,2861.0,6137475.0,1.3362925992056336,134588802.0,-194220000.0,0.0,-194220000.0,1000.0
2023-08-09T00:00:00,DGC,75.0,73.9,75.0,74.12958,74.0,74.6,2160100.0,2160100.0,0.0,160127305758.0,0.0,24900.0,1845330000.0,194800.0,14451570000.0,2567.0,3720162.0,2138.0,4687378.0,1.3362925992056336,134917302.0,0.0,0.0,0.0,1000.0
2023-08-10T00:00:00,DGC,75.8,73.8,74.0,74.84222,74.2,74.0,5085100.0,5085100.0,0.0,380580172922.0,0.0,251500.0,18829370000.0,67900.0,5082700000.0,4095.0,9868374.0,4767.0,12633586.0,1.3362925992056336,134896978.0,-377940000.0,0.0,-377940000.0,1000.0
2023-08-11T00:00:00,DGC,75.0,72.7,74.9,73.51163000000001,73.3,74.2,5349300.0,5349300.0,0.0,393235762359.0,0.0,224800.0,16570400000.0,13138.0,972070000.0,5516.0,8123645.0,3059.0,11965895.0,1.3362925992056336,134725478.0,7694500000.0,0.0,7694500000.0,1000.0
2023-08-14T00:00:00,DGC,74.3,72.9,73.5,73.55794999999999,73.4,73.3,2630600.0,2545600.0,85000.0,193539117520.0,6290000000.0,28800.0,2122660000.0,124310.0,9168580000.0,3543.0,4820598.0,2425.0,5963736.0,1.3362925992056336,134891478.0,-1704910000.0,0.0,-1704910000.0,1000.0
2023-08-15T00:00:00,DGC,76.4,73.3,73.9,75.32068,76.4,73.4,6586500.0,6386500.0,200000.0,496035522820.0,15000000000.0,168000.0,12694620000.0,40100.0,3020100000.0,4577.0,10466580.0,6282.0,10951324.0,1.3362925992056336,134791378.0,-10688891000.0,0.0,-10688891000.0,1000.0
2023-08-16T00:00:00,DGC,76.9,75.2,76.8,75.72739,75.7,76.4,2665600.0,2665600.0,0.0,201858930784.0,0.0,64600.0,4887020000.0,48500.0,3675510000.0,3427.0,4238018.0,2738.0,5082352.0,1.3362925992056336,134739916.0,833900000.0,0.0,833900000.0,1000.0
2023-08-17T00:00:00,DGC,76.4,75.3,75.7,75.82702,75.6,75.7,4393700.0,3093700.0,1300000.0,339756051774.0,105170000000.0,271200.0,20569250000.0,152525.0,11564740000.0,3522.0,5280563.0,3256.0,5586616.0,1.3362925992056336,134593026.0,-1525940000.0,0.0,-1525940000.0,1000.0
2023-08-18T00:00:00,DGC,75.6,70.4,75.1,72.20303,70.5,75.6,9711700.0,9711700.0,0.0,701214166451.0,0.0,75900.0,5525540000.0,748800.0,53657950000.0,8671.0,12865406.0,4756.0,14448488.0,1.3362925992056336,134557226.0,42526010000.0,0.0,42526010000.0,1000.0
2023-08-21T00:00:00,DGC,71.7,69.0,70.6,70.08612,70.0,70.5,3599300.0,3599300.0,0.0,252260971716.0,0.0,114830.0,8038270000.0,495400.0,34702370000.0,4166.0,6864928.0,3575.0,6393166.0,1.3362925992056336,134490896.0,7191080000.0,0.0,7191080000.0,1000.0
2023-08-22T00:00:00,DGC,71.1,67.0,70.7,69.20916,71.0,70.0,3516600.0,3516600.0,0.0,243380932056.0,0.0,264100.0,18295910000.0,159656.0,11116950000.0,5222.0,6283004.0,3735.0,5984084.0,1.3362925992056336,134379321.0,-7858330000.0,0.0,-7858330000.0,1000.0
2023-08-23T00:00:00,DGC,73.0,71.3,71.9,72.17442999999999,72.4,71.0,3033200.0,2979000.0,54200.0,218855826970.0,3848200000.0,534500.0,38539290000.0,139700.0,10017000000.0,2870.0,6094011.0,3962.0,5791400.0,1.3362925992056336,134647821.0,-696830000.0,0.0,-696830000.0,1000.0
2023-08-24T00:00:00,DGC,75.5,72.2,72.5,74.49267,75.1,72.4,5218900.0,5128900.0,90000.0,388905455163.0,6840000000.0,590200.0,43889740000.0,23600.0,1747490000.0,3623.0,12350831.0,5888.0,9398155.0,1.3362925992056336,134553021.0,-2719470000.0,0.0,-2719470000.0,1000.0
2023-08-25T00:00:00,DGC,80.0,74.9,75.2,78.06332,79.8,75.1,8219400.0,8219400.0,0.0,641633652408.0,0.0,1474330.0,115497070000.0,312300.0,24634830000.0,5166.0,14603241.0,8871.0,14242769.0,1.3362925992056336,133238347.0,7841760000.0,0.0,7841760000.0,1000.0
2023-08-28T00:00:00,DGC,83.8,80.1,80.1,82.38663000000001,83.8,79.8,4395200.0,4225200.0,170000.0,360831589076.0,12731600000.0,1514600.0,124765920000.0,57925.0,4761180000.0,4863.0,6985441.0,4941.0,7550920.0,1.3362925992056336,131811247.0,-490850000.0,-5960000000.0,-6450850000.0,1000.0
2023-08-29T00:00:00,DGC,84.4,82.1,83.9,83.12164999999999,83.0,83.8,3441000.0,3441000.0,0.0,286021597650.0,0.0,636200.0,53015310000.0,263529.0,21922470000.0,4985.0,5664523.0,4136.0,6897975.0,1.3362925992056336,131198647.0,3990544000.0,0.0,3990544000.0,1000.0
2023-08-30T00:00:00,DGC,85.1,83.0,83.2,84.15738,83.7,83.0,2285300.0,2285300.0,0.0,192324860514.0,0.0,86600.0,7272730000.0,39700.0,3338200000.0,2757.0,4551725.0,3154.0,4421221.0,1.3362925992056336,131424347.0,-3500560000.0,0.0,-3500560000.0,1000.0
2023-08-31T00:00:00,DGC,87.5,83.5,84.0,85.62816000000001,87.5,83.7,3516800.0,3416800.0,100000.0,300374297088.0,7800000000.0,591400.0,50904880000.0,34900.0,3024210000.0,3785.0,5998850.0,3518.0,5397024.0,1.3362925992056336,130890872.0,-4285000000.0,-7800000000.0,-12085000000.0,1000.0
2023-09-05T00:00:00,DGC,91.1,86.6,87.9,88.37144,91.0,87.5,3282300.0,3282300.0,0.0,290061577512.0,0.0,276100.0,24252280000.0,204400.0,17966490000.0,4120.0,5988873.0,3350.0,5111321.0,1.3362925992056336,130878301.0,-11919190000.0,0.0,-11919190000.0,1000.0
2023-09-06T00:00:00,DGC,92.7,89.5,91.0,91.00179,90.8,91.0,3550300.0,3467300.0,83000.0,323335506467.0,7805000000.0,136750.0,12479700000.0,254630.0,23199680000.0,5137.0,5812502.0,3687.0,6298675.0,1.3362925992056336,130824251.0,1824370000.0,0.0,1824370000.0,1000.0
2023-09-07T00:00:00,DGC,92.2,89.0,90.9,90.43678,89.0,90.8,3232100.0,2882100.0,350000.0,290222843638.0,29575000000.0,89800.0,8135580000.0,148200.0,13397890000.0,4605.0,4515852.0,3073.0,5122097.0,1.3362925992056336,130769351.0,2281250000.0,0.0,2281250000.0,1000.0
2023-09-08T00:00:00,DGC,93.9,89.5,90.0,92.42599,92.4,89.0,4651000.0,4509500.0,141500.0,428839101905.0,12044100000.0,599000.0,55597420000.0,169200.0,15487490000.0,4541.0,8707130.0,4794.0,8190861.0,1.3362925992056336,130374751.0,-8372500000.0,-9115480000.0,-17487980000.0,1000.0
2023-09-11T00:00:00,DGC,94.0,90.1,94.0,91.39232000000001,90.9,92.4,5227600.0,4877600.0,350000.0,479719210032.0,33944030000.0,745326.0,68034790000.0,186000.0,17052910000.0,7538.0,7136025.0,3438.0,7806309.0,1.3362925992056336,129841055.0,-73360000.0,-4402881000.0,-4476241000.0,1000.0
2023-09-12T00:00:00,DGC,92.5,90.8,91.1,91.59664522696775,92.2,90.9,2192600.0,2161100.0,31500.0,200879010000.0,2929500000.0,246125.0,22537940000.0,312470.0,28610600000.0,2999.0,3993321.0,3164.0,4313090.0,1.3362925992056336,129743130.0,0.0,0.0,0.0,1000.0
2023-09-13T00:00:00,DGC,93.5,90.6,93.5,91.76608999999999,90.8,92.2,5308800.0,4308800.0,1000000.0,494001728592.0,98600000000.0,731150.0,67325720000.0,739700.0,67861440000.0,5540.0,6605722.0,3814.0,6969985.0,1.3362925992056336,129181180.0,0.0,0.0,0.0,1000.0
2023-09-14T00:00:00,DGC,92.8,90.1,90.3,91.30405,90.8,90.8,4722700.0,3433700.0,1289000.0,422431216485.0,108920500000.0,226700.0,20704810000.0,196030.0,17861590000.0,5304.0,6553230.0,4217.0,6505459.0,1.3362925992056336,129140480.0,-685000000.0,0.0,-685000000.0,1000.0
2023-09-15T00:00:00,DGC,92.3,90.5,91.2,91.28497,90.8,90.8,2315400.0,2315400.0,0.0,211361219538.0,0.0,313500.0,28636250000.0,92443.0,8404500000.0,4034.0,3719245.0,2865.0,5168201.0,1.3362925992056336,129139450.0,-910900000.0,0.0,-910900000.0,1000.0
2023-09-18T00:00:00,DGC,90.8,88.3,90.0,89.16776,89.2,90.8,4025600.0,4025600.0,0.0,358953734656.0,0.0,487264.0,43492930000.0,262520.0,23548960000.0,6914.0,6916423.0,3101.0,6732304.0,1.3362925992056336,129391886.0,0.0,0.0,0.0,1000.0
2023-09-19T00:00:00,DGC,93.3,89.3,89.3,91.44874,92.8,89.2,5109900.0,5109900.0,0.0,467293916526.0,0.0,449300.0,41087350000.0,256731.0,23260810000.0,4764.0,9476902.0,5581.0,8287845.0,1.3362925992056336,129138616.0,-7320630000.0,0.0,-7320630000.0,1000.0
2023-09-20T00:00:00,DGC,97.5,93.2,93.2,95.51683,95.9,92.8,3462600.0,3462600.0,0.0,330736575558.0,0.0,274300.0,26202700000.0,108900.0,10422200000.0,4075.0,6248947.0,5727.0,6642147.0,1.3362925992056336,128956759.0,4343540000.0,0.0,4343540000.0,1000.0
2023-09-21T00:00:00,DGC,97.0,93.6,96.0,94.9422,94.0,95.9,4491400.0,3491400.0,1000000.0,434081197080.0,102600000000.0,60101.0,5738870000.0,98851.0,9423780000.0,5664.0,5912200.0,3343.0,7815564.0,1.3362925992056336,129159178.0,0.0,0.0,0.0,1000.0
2023-09-22T00:00:00,DGC,99.6,91.4,92.5,94.42584,98.0,94.0,7370000.0,7370000.0,0.0,695918440800.0,0.0,397200.0,37320820000.0,214000.0,20082200000.0,8846.0,15319381.0,7262.0,11979586.0,1.3362925992056336,129018709.0,-4578930000.0,0.0,-4578930000.0,1000.0
2023-09-25T00:00:00,DGC,98.7,91.2,98.0,94.25276,91.2,98.0,5155900.0,5155900.0,0.0,485957805284.0,0.0,52700.0,4910460000.0,263724.0,25511260000.0,6024.0,7467333.0,4985.0,8540425.0,1.3362925992056336,129074909.0,1112090000.0,0.0,1112090000.0,1000.0
2023-09-26T00:00:00,DGC,93.7,90.0,90.0,91.7507,90.5,91.2,5426000.0,5426000.0,0.0,497839298200.0,0.0,924750.0,85040280000.0,91457.0,8362330000.0,7112.0,9816493.0,5237.0,9469450.0,1.3362925992056336,128249010.0,8587880000.0,0.0,8587880000.0,1000.0
2023-09-27T00:00:00,DGC,92.0,86.0,91.9,89.16944000000001,91.6,90.5,5859900.0,5559900.0,300000.0,523283169456.0,27510000000.0,557800.0,50196350000.0,187968.0,16863260000.0,9637.0,10458999.0,5333.0,9981022.0,1.3362925992056336,127905210.0,-30258990000.0,0.0,-30258990000.0,1000.0
2023-09-28T00:00:00,DGC,94.0,89.9,91.8,91.61286,93.9,91.6,3637200.0,3637200.0,0.0,333214294392.0,0.0,50600.0,4630630000.0,293268.0,26662930000.0,5454.0,7925728.0,4064.0,7750526.0,1.3362925992056336,128120334.0,45050000.0,0.0,45050000.0,1000.0
2023-09-29T00:00:00,DGC,95.5,92.9,95.0,94.03644,93.5,93.9,2717700.0,2717700.0,0.0,255562832988.0,0.0,375700.0,35304710000.0,349700.0,32902640000.0,4366.0,5196443.0,4257.0,7199155.0,1.3362925992056336,127836091.0,2180370000.0,0.0,2180370000.0,1000.0
2023-10-02T00:00:00,DGC,94.5,92.8,93.0,93.63736999999999,93.7,93.5,2737300.0,1894700.0,842600.0,256594124939.0,79179400000.0,504300.0,47221325691.0,33350.0,3122806289.5,3097.0,4081190.0,3627.0,5187606.0,1.3362925992056336,127519759.0,0.0,0.0,0.0,1000.0
2023-10-03T00:00:00,DGC,93.2,89.9,93.0,91.33732,91.0,93.7,4606800.0,4586800.0,20000.0,420906019376.0,1960000000.0,46710.0,4401430000.0,96300.0,8856400000.0,6618.0,8647263.0,4069.0,8099425.0,1.3362925992056336,127766317.0,1421200000.0,0.0,1421200000.0,1000.0
2023-10-04T00:00:00,DGC,95.5,89.0,90.0,93.46692,94.5,91.0,6562700.0,6062700.0,500000.0,614101895884.0,47440000000.0,808700.0,76346010000.0,71000.0,6680430000.0,6885.0,10820437.0,6837.0,11250979.0,1.3362925992056336,127307317.0,5095590000.0,0.0,5095590000.0,1000.0
2023-10-05T00:00:00,DGC,97.0,93.0,95.2,95.14207,93.0,94.5,3498100.0,3498100.0,0.0,332816475067.0,0.0,15600.0,1459300000.0,154200.0,14716340000.0,4324.0,6082956.0,5748.0,8810903.0,1.3362925992056336,127327067.0,666030000.0,0.0,666030000.0,1000.0
2023-10-06T00:00:00,DGC,95.8,92.1,93.9,94.12453091858379,95.0,93.0,2451600.0,2451600.0,0.0,230755700000.0,0.0,46000.0,4339580000.0,36500.0,3441520000.0,3938.0,6235758.0,3973.0,5558645.0,1.3362925992056336,127382367.0,233350000.0,0.0,233350000.0,1000.0
2023-10-09T00:00:00,DGC,98.5,95.1,95.1,97.0442370050113,97.0,95.0,4270800.0,4070800.0,200000.0,414537680000.0,19490000000.0,210600.0,20512890000.0,240500.0,23381670000.0,5484.0,7438852.0,5812.0,8969750.0,1.3362925992056336,127245267.0,-885550000.0,0.0,-885550000.0,1000.0
2023-10-10T00:00:00,DGC,98.0,95.0,98.0,96.35215804414577,95.3,97.0,3552200.0,3452200.0,100000.0,342306920000.0,9680000000.0,108500.0,10502810000.0,227311.0,22032630000.0,5857.0,6255681.0,4297.0,7318776.0,1.3362925992056336,127290967.0,1059450000.0,0.0,1059450000.0,1000.0
2023-10-11T00:00:00,DGC,97.0,94.7,95.3,95.72378558577628,97.0,95.3,1889800.0,1889800.0,0.0,180898810000.0,0.0,99600.0,9567230000.0,100.0,9700000.0,3806.0,4696682.0,2844.0,4561673.0,1.3362925992056336,127227867.0,666740000.0,0.0,666740000.0,1000.0
2023-10-12T00:00:00,DGC,101.0,96.6,97.5,98.87509847027572,97.9,97.0,4366800.0,4366800.0,0.0,431767780000.0,0.0,220300.0,21788280000.0,128100.0,12710520000.0,5688.0,7003635.0,7400.0,9836972.0,1.3362925992056336,127248067.0,39800000.0,0.0,39800000.0,1000.0
2023-10-13T00:00:00,DGC,99.5,96.7,96.9,98.27690948420314,99.3,97.9,3282300.0,3282300.0,0.0,322574300000.0,0.0,574591.0,56431100000.0,40570.0,3977100000.0,4830.0,7818004.0,4964.0,8424845.0,1.3362925992056336,126900787.0,-854880000.0,0.0,-854880000.0,1000.0
2023-10-16T00:00:00,DGC,99.8,96.5,99.2,97.6872021155561,96.9,99.3,3252100.0,3252100.0,0.0,317688550000.0,0.0,99700.0,9736190000.0,199700.0,19544540000.0,6284.0,5862996.0,3041.0,6259718.0,1.3362925992056336,126806187.0,-21705090000.0,0.0,-21705090000.0,1000.0
2023-10-17T00:00:00,DGC,97.9,90.2,97.2,94.1313713273872,90.2,96.9,3049600.0,3049600.0,0.0,287063030000.0,0.0,283500.0,26792550000.0,45408.0,4400890000.0,4503.0,4694718.0,2888.0,5171651.0,1.3362925992056336,126650787.0,548550000.0,0.0,548550000.0,1000.0
2023-10-18T00:00:00,DGC,92.5,86.8,92.1,90.46571818002978,91.1,90.2,7116600.0,7116600.0,0.0,643808330000.0,0.0,250900.0,22758600000.0,82467.0,7512110000.0,10714.0,13195937.0,5480.0,10794086.0,1.3362925992056336,126440457.0,3166000000.0,0.0,3166000000.0,1000.0
2023-10-19T00:00:00,DGC,91.5,88.6,91.3,90.0840255941499,89.8,91.1,2735000.0,2735000.0,0.0,246379810000.0,0.0,410800.0,36999360000.0,62800.0,5654730000.0,6511.0,6496177.0,3220.0,4696691.0,1.3362925992056336,126229357.0,-2826550000.0,0.0,-2826550000.0,1000.0
2023-10-20T00:00:00,DGC,91.0,85.9,89.8,88.21455779596725,90.9,89.8,5009000.0,5009000.0,0.0,441866720000.0,0.0,375500.0,33234180000.0,251208.0,22148950000.0,7553.0,9020500.0,4834.0,8911003.0,1.3362925992056336,125899265.0,9086990000.0,0.0,9086990000.0,1000.0
2023-10-23T00:00:00,DGC,90.9,86.5,90.5,87.90436424674779,87.5,90.9,3812800.0,3812800.0,0.0,335161760000.0,0.0,304030.0,26668970000.0,204600.0,18003560000.0,7640.0,7299705.0,3604.0,6398101.0,1.3362925992056336,125682702.0,11124740000.0,0.0,11124740000.0,1000.0
2023-10-24T00:00:00,DGC,90.6,87.5,87.8,88.81227574586183,89.9,87.5,2017800.0,2017800.0,0.0,179205410000.0,0.0,310700.0,27549700000.0,54300.0,4814780000.0,3102.0,3327789.0,3741.0,3981003.0,1.3362925992056336,125434802.0,1002200000.0,0.0,1002200000.0,1000.0
2023-10-25T00:00:00,DGC,90.5,88.5,89.9,89.52048256661806,89.3,89.9,2058600.0,1508600.0,550000.0,185255600000.0,50205000000.0,688900.0,62289750000.0,111100.0,9925580000.0,3307.0,2750240.0,2721.0,3542086.0,1.3362925992056336,124997110.0,491200000.0,0.0,491200000.0,1000.0
2023-10-26T00:00:00,DGC,87.9,83.1,87.5,84.60020286093584,85.0,89.3,7204100.0,6704100.0,500000.0,611818220000.0,44650000000.0,1616417.0,138964840000.0,48000.0,4076420000.0,10977.0,10298086.0,5051.0,9325135.0,1.3362925992056336,123585293.0,3485650000.0,0.0,3485650000.0,1000.0
2023-10-27T00:00:00,DGC,86.1,81.1,85.0,83.91610903905222,85.0,85.0,1823200.0,1823200.0,0.0,152995850000.0,0.0,305300.0,25619588089.622643,123400.0,10355247855.419043,4452.0,4149767.0,3753.0,4171537.0,1.3362925992056336,123336290.0,5076790000.0,0.0,5076790000.0,1000.0
2023-10-30T00:00:00,DGC,85.3,81.5,83.5,83.78337622515468,81.5,85.0,2426300.0,1826300.0,600000.0,204013580000.0,51000000000.0,1241300.0,104662090000.0,25200.0,2114010000.0,2893.0,3089283.0,2723.0,3819724.0,1.3362925992056336,122211093.0,377880000.0,0.0,377880000.0,1000.0
2023-10-31T00:00:00,DGC,82.6,78.6,82.5,80.30338111478206,79.0,81.5,3753217.0,3753200.0,17.0,301395993000.0,1343000.0,976270.0,78397781880.92828,401600.0,32249837855.696472,4429.0,5875165.0,4188.0,6528594.0,1.3362925992056336,121287820.0,14551610000.0,1343000.0,14552953000.0,1000.0
2023-11-01T00:00:00,DGC,80.3,76.5,79.2,78.49978021333959,80.3,79.0,3412400.0,3412400.0,0.0,267872650000.0,0.0,672100.0,53057700000.0,176000.0,13778090000.0,4869.0,6925205.0,4124.0,5419446.0,1.3362925992056336,120741123.0,16432630000.0,0.0,16432630000.0,1000.0
2023-11-02T00:00:00,DGC,85.9,81.0,82.0,83.79454598107986,85.8,80.3,3372800.0,3107800.0,265000.0,283180190000.0,22763500000.0,576500.0,48307555758.092545,180800.0,15150053913.37924,3818.0,5131183.0,3695.0,4694043.0,1.3362925992056336,120192320.0,0.0,0.0,0.0,1000.0
2023-11-03T00:00:00,DGC,86.7,84.8,86.7,85.88638743455498,85.8,85.8,2205500.0,2005500.0,200000.0,189465150000.0,17220000000.0,525300.0,45148550000.0,156700.0,13458360000.0,3276.0,3893807.0,3449.0,4489921.0,1.3362925992056336,120068620.0,17160000.0,0.0,17160000.0,1000.0
2023-11-06T00:00:00,DGC,89.0,85.6,86.4,86.92476771725269,88.4,85.8,2395600.0,2195600.0,200000.0,208612020000.0,17760000000.0,355100.0,31238240000.0,174200.0,15076240000.0,2591.0,4026266.0,3386.0,3661443.0,1.3362925992056336,119889520.0,15778960000.0,0.0,15778960000.0,1000.0
2023-11-07T00:00:00,DGC,89.7,86.5,87.9,88.32782551941695,88.0,88.4,2238600.0,1838600.0,400000.0,197939540000.0,35540000000.0,629400.0,55743560000.0,169470.0,15011990000.0,3625.0,4305693.0,3136.0,4427462.0,1.3362925992056336,119440920.0,0.0,0.0,0.0,1000.0
2023-11-08T00:00:00,DGC,93.0,87.7,87.9,90.44000934018281,93.0,88.0,2997800.0,2997800.0,0.0,271121060000.0,0.0,189700.0,17039810000.0,50200.0,4517210000.0,3143.0,5809597.0,4260.0,4890159.0,1.3362925992056336,119407920.0,-22801320000.0,0.0,-22801320000.0,1000.0
2023-11-09T00:00:00,DGC,94.7,92.4,93.0,93.32613040219836,92.8,93.0,3662100.0,2802100.0,860000.0,343689150000.0,82180000000.0,884300.0,82817510000.0,112557.0,10496190000.0,4458.0,4676425.0,4043.0,5691323.0,1.3362925992056336,118697820.0,-27486460000.0,0.0,-27486460000.0,1000.0
2023-11-10T00:00:00,DGC,95.3,91.8,91.8,93.72501659904094,93.0,92.8,3411000.0,2711000.0,700000.0,322588520000.0,68500000000.0,318500.0,29959440000.0,69100.0,6479580000.0,4275.0,5248690.0,4570.0,6405764.0,1.3362925992056336,118548790.0,-4745250000.0,0.0,-4745250000.0,1000.0
2023-11-13T00:00:00,DGC,94.3,91.7,93.1,93.23605100930739,93.3,93.0,1734600.0,1654600.0,80000.0,161188370000.0,6920000000.0,12100.0,1134570000.0,12300.0,1153620000.0,2758.0,3195768.0,3136.0,3948907.0,1.3362925992056336,118586890.0,-590050000.0,0.0,-590050000.0,1000.0
2023-11-14T00:00:00,DGC,95.2,92.8,94.0,93.91888550438989,93.5,93.3,2632400.0,2232400.0,400000.0,247444520000.0,37780000000.0,760700.0,71633270000.0,445708.0,41816400000.0,3367.0,3731041.0,4205.0,5610770.0,1.3362925992056336,117938747.0,-1006150000.0,0.0,-1006150000.0,1000.0
2023-11-15T00:00:00,DGC,95.0,94.0,95.0,94.4876750261233,94.0,93.5,2254400.0,1914000.0,340400.0,214797010000.0,33947600000.0,626600.0,59172850000.0,142510.0,13444770000.0,2414.0,3260427.0,4611.0,4870036.0,1.3362925992056336,117381247.0,38003910000.0,1447600000.0,39451510000.0,1000.0
2023-11-16T00:00:00,DGC,96.2,93.1,93.8,94.94674684828286,95.8,94.0,2760400.0,2760400.0,0.0,262091000000.0,0.0,259200.0,24641150000.0,223000.0,21102250000.0,3698.0,5291542.0,4604.0,6574833.0,1.3362925992056336,117134347.0,856220000.0,0.0,856220000.0,1000.0
2023-11-17T00:00:00,DGC,96.0,92.5,96.0,93.90637739511808,93.3,95.8,2781700.0,2781700.0,0.0,261219370000.0,0.0,147100.0,13813120000.0,44350.0,4155860000.0,5439.0,4730262.0,3437.0,5799702.0,1.3362925992056336,117432955.0,4545940000.0,0.0,4545940000.0,1000.0
2023-11-20T00:00:00,DGC,94.2,91.3,91.3,93.00037497962067,93.3,93.3,1840100.0,1840100.0,0.0,171129990000.0,0.0,229100.0,21330080000.0,17298.0,1606610000.0,3910.0,4311047.0,2271.0,3180351.0,1.3362925992056336,117346365.0,2976400000.0,0.0,2976400000.0,1000.0
2023-11-21T00:00:00,DGC,95.0,93.5,94.5,94.43417154667584,94.9,93.3,2232100.0,2032100.0,200000.0,210879680000.0,18980000000.0,384400.0,36391190000.0,280300.0,26529890000.0,2584.0,3369043.0,3748.0,4228924.0,1.3362925992056336,117389965.0,0.0,-18980000000.0,-18980000000.0,1000.0
2023-11-22T00:00:00,DGC,97.9,95.2,95.5,96.79150950738023,96.2,94.9,3916500.0,3854900.0,61600.0,379038054000.0,5916464000.0,100847.0,9686070000.0,85500.0,8229200000.0,3184.0,5888264.0,6121.0,8684993.0,1.3362925992056336,117395068.0,-6791000000.0,0.0,-6791000000.0,1000.0
2023-11-23T00:00:00,DGC,97.0,92.9,96.9,95.03528121030142,92.9,96.2,3467700.0,2597700.0,870000.0,329666250000.0,82793100000.0,1206250.0,114772520000.0,228700.0,21846880000.0,3616.0,3613426.0,2843.0,5450292.0,1.3362925992056336,116426116.0,2081300000.0,-19010000000.0,-16928700000.0,1000.0
2023-11-24T00:00:00,DGC,95.5,91.3,93.8,93.16444023623059,95.5,92.9,3115600.0,3115600.0,0.0,290263130000.0,0.0,563300.0,52655340000.0,11700.0,1089650000.0,4947.0,6127466.0,2915.0,5068689.0,1.3362925992056336,115943116.0,3708880000.0,0.0,3708880000.0,1000.0
2023-11-27T00:00:00,DGC,95.9,94.0,95.8,94.89137215444599,94.2,95.5,795100.0,795100.0,0.0,75448130000.0,0.0,201700.0,19152200000.0,30600.0,2900550000.0,1879.0,2092822.0,2172.0,2690824.0,1.3362925992056336,115765316.0,332150000.0,0.0,332150000.0,1000.0
2023-11-28T00:00:00,DGC,94.3,92.1,94.2,93.26785938839669,94.3,94.2,2589500.0,1749500.0,840000.0,241775120000.0,78603000000.0,970600.0,91226390000.0,216300.0,20127300000.0,3481.0,3722137.0,2022.0,3957902.0,1.3362925992056336,114805416.0,139800000.0,0.0,139800000.0,1000.0
2023-11-29T00:00:00,DGC,96.3,94.8,94.8,95.70766336909573,95.8,94.3,2153100.0,2153100.0,0.0,206068170000.0,0.0,124000.0,11854310000.0,13800.0,1319060000.0,2064.0,3804477.0,4210.0,5679973.0,1.3362925992056336,114693116.0,622540000.0,0.0,622540000.0,1000.0
2023-11-30T00:00:00,DGC,96.4,94.5,95.8,95.42110223442765,94.5,95.8,1647200.0,1602200.0,45000.0,156893190000.0,4009500000.0,347500.0,33168430000.0,449466.0,42536660000.0,2519.0,3299985.0,3139.0,4050618.0,1.3362925992056336,114376216.0,-239230000.0,0.0,-239230000.0,1000.0
2023-12-01T00:00:00,DGC,95.4,93.2,95.1,94.19251311397234,95.1,94.5,1677600.0,1677600.0,0.0,158017360000.0,0.0,217100.0,20550920000.0,21800.0,2055350000.0,3816.0,4000606.0,2384.0,3960211.0,1.3362925992056336,114375416.0,751590000.0,0.0,751590000.0,1000.0
2023-12-04T00:00:00,DGC,97.6,95.7,96.4,96.68270231304457,97.5,95.1,3252800.0,3190600.0,62200.0,313980530000.0,5504700000.0,258100.0,25115940000.0,23400.0,2259500000.0,4112.0,5687980.0,4780.0,6758007.0,1.3362925992056336,114131116.0,1942000000.0,-35250000000.0,-33308000000.0,1000.0
2023-12-05T00:00:00,DGC,99.2,97.0,97.7,97.95044411908248,97.3,97.5,2049000.0,2049000.0,0.0,200700460000.0,0.0,1600.0,156870000.0,145985.0,14272040000.0,2990.0,4089590.0,4606.0,6287561.0,1.3362925992056336,114583982.0,-492500000.0,0.0,-492500000.0,1000.0
2023-12-06T00:00:00,DGC,98.0,96.7,97.0,97.2826796090861,98.0,97.3,1586400.0,1514400.0,72000.0,154820090000.0,7495200000.0,287200.0,28078940000.0,36400.0,3536420000.0,2616.0,3185109.0,2585.0,3635325.0,1.3362925992056336,114318582.0,340250000.0,0.0,340250000.0,1000.0
2023-12-07T00:00:00,DGC,99.0,95.1,98.0,96.53949966260966,97.2,98.0,4001300.0,4001300.0,0.0,386283500000.0,0.0,323800.0,31418830000.0,49200.0,4742580000.0,5750.0,7195497.0,4443.0,7730655.0,1.3362925992056336,114018182.0,-2842190000.0,0.0,-2842190000.0,1000.0
2023-12-08T00:00:00,DGC,98.0,96.2,96.7,97.06226964769648,97.8,97.2,1476000.0,1476000.0,0.0,143263910000.0,0.0,501600.0,48809200000.0,92200.0,8922550000.0,2220.0,2845491.0,2916.0,4384163.0,1.3362925992056336,113662567.0,97300000.0,0.0,97300000.0,1000.0
2023-12-11T00:00:00,DGC,98.3,96.7,98.2,97.31923581194981,97.8,97.8,1067800.0,1067800.0,0.0,103917480000.0,0.0,302700.0,29569260000.0,26053.0,2530480000.0,1810.0,2383581.0,2054.0,3067798.0,1.3362925992056336,113396267.0,-776650000.0,0.0,-776650000.0,1000.0
2023-12-12T00:00:00,DGC,98.0,96.9,97.8,97.24785521621857,97.0,97.8,1149300.0,1149300.0,0.0,111766960000.0,0.0,100300.0,9793170000.0,83060.0,8070390000.0,2116.0,2701503.0,2393.0,3188943.0,1.3362925992056336,113345167.0,-186320000.0,0.0,-186320000.0,1000.0
2023-12-13T00:00:00,DGC,97.6,95.9,97.3,96.44755434782608,95.9,97.0,1950400.0,1950400.0,0.0,188111310000.0,0.0,108800.0,10438570000.0,81000.0,7801380000.0,2783.0,3239985.0,2750.0,4123908.0,1.3362925992056336,113328567.0,475300000.0,0.0,475300000.0,1000.0
2023-12-14T00:00:00,DGC,96.8,94.6,96.1,95.37725017272784,95.0,95.9,1592100.0,1592100.0,0.0,151850120000.0,0.0,96500.0,9175010000.0,277686.0,26484340000.0,3555.0,3387044.0,3002.0,3325812.0,1.3362925992056336,113258120.0,1238680000.0,0.0,1238680000.0,1000.0
2023-12-15T00:00:00,DGC,95.0,93.3,95.0,93.78758745204243,93.3,95.0,3333050.0,2658600.0,674450.0,317463130000.0,68119450000.0,568300.0,53142260000.0,2036576.0,195408390000.0,4888.0,6193062.0,1995.0,4289587.0,1.3362925992056336,112772880.0,699750000.0,0.0,699750000.0,1000.0
2023-12-18T00:00:00,DGC,94.9,92.2,94.0,93.33793294712191,93.8,93.3,1622600.0,1622600.0,0.0,151450130000.0,0.0,30600.0,2854350000.0,219100.0,20408940000.0,3451.0,3434153.0,2285.0,2836751.0,1.3362925992056336,112823280.0,-1788520000.0,0.0,-1788520000.0,1000.0
2023-12-19T00:00:00,DGC,92.3,90.6,91.8,91.36362449487099,92.3,90.8,2282950.0,1608500.0,674450.0,205043843200.0,58085453200.0,738750.0,63958770000.0,161430.0,14728700000.0,3194.0,3097684.0,2572.0,2777930.0,1.2935540299059802,112362216.0,3543250000.0,0.0,3543250000.0,1000.0
2023-12-20T00:00:00,DGC,92.4,91.2,92.2,91.80761543074155,91.6,92.3,1000600.0,1000600.0,0.0,91862700000.0,0.0,151800.0,13982540000.0,125500.0,11505500000.0,2263.0,1961847.0,2050.0,1866586.0,1.2935540299059802,114246992.0,-71100000.0,0.0,-71100000.0,1000.0
2023-12-21T00:00:00,DGC,91.5,90.1,91.5,90.6504944305524,91.0,91.6,1759600.0,1759600.0,0.0,159508610000.0,0.0,216250.0,19612310000.0,370504.0,33576400000.0,4107.0,3150962.0,2976.0,2502094.0,1.2935540299059802,114249842.0,16870000.0,0.0,16870000.0,1000.0
2023-12-22T00:00:00,DGC,91.0,89.9,91.0,90.35652877444772,90.5,91.0,1421400.0,1421400.0,0.0,128432770000.0,0.0,248310.0,22453440000.0,259000.0,23402010000.0,3542.0,2642834.0,1996.0,2465729.0,1.2935540299059802,114162962.0,-1675900000.0,0.0,-1675900000.0,1000.0
2023-12-25T00:00:00,DGC,92.4,90.2,90.6,91.54079508793839,91.8,90.5,2560900.0,960900.0,1600000.0,222681550000.0,134720000000.0,60000.0,5503400000.0,12200.0,1108170000.0,1815.0,1823472.0,2197.0,2403457.0,1.2935540299059802,114228462.0,638640000.0,0.0,638640000.0,1000.0
2023-12-26T00:00:00,DGC,94.8,92.1,92.2,93.95040628922509,93.9,91.8,3357400.0,3027400.0,330000.0,312607460000.0,28182000000.0,67600.0,6350790000.0,14011.0,1315090000.0,4010.0,4970149.0,4965.0,6047590.0,1.2935540299059802,114531366.0,-6132610000.0,0.0,-6132610000.0,1000.0
2023-12-27T00:00:00,DGC,94.8,93.7,94.5,94.14811879869481,94.1,93.9,1501700.0,1501700.0,0.0,141382230000.0,0.0,40900.0,3849690000.0,18281.0,1719950000.0,2490.0,2698675.0,3045.0,4258256.0,1.2935540299059802,114749466.0,56460000.0,0.0,56460000.0,1000.0
2023-12-28T00:00:00,DGC,95.4,93.5,94.1,94.5144229628751,94.0,94.1,1686200.0,1686200.0,0.0,159370220000.0,0.0,197100.0,18583170000.0,4600.0,435030000.0,2699.0,3173213.0,3330.0,4506542.0,1.2935540299059802,114564566.0,1514904000.0,0.0,1514904000.0,1000.0
2023-12-29T00:00:00,DGC,94.4,93.7,93.7,94.0808252988816,94.4,94.0,1296500.0,1296500.0,0.0,121975790000.0,0.0,152700.0,14384160000.0,2000.0,187520000.0,2265.0,2295669.0,2074.0,3752983.0,1.2935540299059802,114428377.0,0.0,0.0,0.0,1000.0
2024-01-02T00:00:00,DGC,94.9,93.3,94.6,93.87160485410416,93.8,94.4,1466800.0,1466800.0,0.0,137690870000.0,0.0,172500.0,16167990000.0,12000.0,1128100000.0,2824.0,2415726.0,2272.0,3428818.0,1.2935540299059802,114274158.0,281100000.0,0.0,281100000.0,1000.0
2024-01-03T00:00:00,DGC,94.0,93.2,93.2,93.6919014314661,94.0,93.8,1529900.0,1529900.0,0.0,143339240000.0,0.0,115300.0,10818230000.0,354900.0,33253740000.0,2813.0,2699755.0,1723.0,2942222.0,1.2935540299059802,114163458.0,-46800000.0,0.0,-46800000.0,1000.0
2024-01-04T00:00:00,DGC,99.0,94.2,94.2,97.00126163906461,96.0,94.0,5627600.0,5627600.0,0.0,545884300000.0,0.0,262300.0,25525450000.0,285764.0,27708590000.0,6617.0,9834223.0,8730.0,11961606.0,1.2935540299059802,113903158.0,11663650000.0,0.0,11663650000.0,1000.0
2024-01-05T00:00:00,DGC,96.8,94.9,96.3,95.54339437998043,95.5,96.0,1430600.0,1430600.0,0.0,136684380000.0,0.0,37200.0,3552760000.0,72500.0,6923960000.0,3121.0,2918029.0,2297.0,3437196.0,1.2935540299059802,113877958.0,-250000.0,0.0,-250000.0,1000.0
2024-01-08T00:00:00,DGC,96.5,94.0,96.0,94.77718654911446,94.1,95.5,2563400.0,2563400.0,0.0,242951840000.0,0.0,29100.0,2760140000.0,403700.0,38275200000.0,5615.0,4433540.0,3347.0,4975761.0,1.2935540299059802,114203758.0,-5415250000.0,0.0,-5415250000.0,1000.0
2024-01-09T00:00:00,DGC,94.8,93.2,94.0,93.76301751081046,93.9,94.1,2335700.0,2335700.0,0.0,219002280000.0,0.0,120400.0,11312340000.0,117700.0,11041960000.0,6555.0,5324034.0,2809.0,4876947.0,1.2935540299059802,114369122.0,-5432470000.0,0.0,-5432470000.0,1000.0
2024-01-10T00:00:00,DGC,94.3,91.5,93.6,92.54800154619251,92.5,93.9,3880500.0,3880500.0,0.0,359132520000.0,0.0,155500.0,14382540000.0,760700.0,70570210000.0,8775.0,6588541.0,3858.0,6116660.0,1.2935540299059802,114286122.0,2264950000.0,0.0,2264950000.0,1000.0
2024-01-11T00:00:00,DGC,92.9,91.6,92.5,92.02320325112731,92.5,92.5,1796300.0,1796300.0,0.0,165301280000.0,0.0,73100.0,6732240000.0,350510.0,32238470000.0,4891.0,3848987.0,2136.0,2991760.0,1.2935540299059802,114631722.0,-229500000.0,0.0,-229500000.0,1000.0
2024-01-12T00:00:00,DGC,92.5,91.2,91.7,91.78663179798662,91.6,92.5,1778100.0,1778100.0,0.0,163205810000.0,0.0,68800.0,6305840000.0,72700.0,6687940000.0,4038.0,3844351.0,2010.0,2853423.0,1.2935540299059802,114681122.0,3775980000.0,0.0,3775980000.0,1000.0
2024-01-15T00:00:00,DGC,92.2,91.5,91.6,91.78651032702238,91.5,91.6,929600.0,929600.0,0.0,85324740000.0,0.0,114600.0,10528540000.0,80600.0,7398740000.0,3388.0,2029358.0,1923.0,2197767.0,1.2935540299059802,115327222.0,2025150000.0,0.0,2025150000.0,1000.0
2024-01-16T00:00:00,DGC,93.5,91.2,91.5,92.1857918625385,93.5,91.5,1233800.0,1233800.0,0.0,113738830000.0,0.0,140600.0,13015410000.0,21500.0,1970910000.0,2489.0,2533366.0,1654.0,1782349.0,1.2935540299059802,115537132.0,1830000000.0,0.0,1830000000.0,1000.0
2024-01-17T00:00:00,DGC,93.3,91.7,93.0,92.32262973078423,91.8,93.5,1794100.0,1794100.0,0.0,165636030000.0,0.0,22000.0,2036430000.0,488057.0,45081190000.0,4101.0,3616381.0,2634.0,3724254.0,1.2935540299059802,115587832.0,4086250000.0,0.0,4086250000.0,1000.0
2024-01-18T00:00:00,DGC,93.0,91.7,91.8,92.07616707616708,92.2,91.8,1058200.0,1058200.0,0.0,97435000000.0,0.0,3000.0,275910000.0,108300.0,9959100000.0,2546.0,2318788.0,2297.0,2530516.0,1.2935540299059802,115665432.0,2650816000.0,0.0,2650816000.0,1000.0
2024-01-19T00:00:00,DGC,93.0,91.8,92.5,92.17330338367425,91.8,92.2,1046200.0,1046200.0,0.0,96431710000.0,0.0,100200.0,9247660000.0,247500.0,22802550000.0,2361.0,1797356.0,1888.0,2722226.0,1.2935540299059802,115586732.0,3474940000.0,0.0,3474940000.0,1000.0
2024-01-22T00:00:00,DGC,92.0,90.4,91.8,91.17771458724202,91.5,91.8,1705600.0,1705600.0,0.0,155512710000.0,0.0,14700.0,1341760000.0,222900.0,20375640000.0,4481.0,3228320.0,2092.0,3155428.0,1.2935540299059802,116060089.0,730750000.0,0.0,730750000.0,1000.0
2024-01-23T00:00:00,DGC,91.5,89.2,91.0,90.0802772392915,89.6,91.5,3765700.0,3765700.0,0.0,339215300000.0,0.0,147300.0,13318240000.0,748668.0,67450700000.0,9345.0,6292370.0,4002.0,6136677.0,1.2935540299059802,116021089.0,2551800000.0,0.0,2551800000.0,1000.0
2024-01-24T00:00:00,DGC,90.4,89.3,89.7,89.59949969159071,89.3,89.6,1459100.0,1459100.0,0.0,130734630000.0,0.0,19730.0,1764490000.0,332300.0,29780170000.0,3296.0,2805383.0,2041.0,2947027.0,1.2935540299059802,116248859.0,4297400000.0,0.0,4297400000.0,1000.0
2024-01-25T00:00:00,DGC,89.2,87.8,89.0,88.09151318916349,88.0,89.3,3366400.0,3366400.0,0.0,296551270000.0,0.0,257680.0,22700690000.0,926700.0,81630710000.0,6443.0,6062161.0,3363.0,5503348.0,1.2935540299059802,116214079.0,1991800000.0,0.0,1991800000.0,1000.0
2024-01-26T00:00:00,DGC,89.2,87.8,87.8,88.7769405313416,88.9,88.0,1307700.0,1057700.0,250000.0,117424370000.0,23525000000.0,17237.0,1530310000.0,8000.0,710560000.0,3279.0,2943011.0,2377.0,2280811.0,1.2935540299059802,116945510.0,355750000.0,0.0,355750000.0,1000.0
2024-01-29T00:00:00,DGC,90.9,89.0,89.0,90.21802032260356,89.9,88.9,1407300.0,1407300.0,0.0,126963820000.0,0.0,1500.0,135300000.0,125300.0,11297080000.0,2972.0,2895821.0,3842.0,3379413.0,1.2935540299059802,117276310.0,-905940000.0,0.0,-905940000.0,1000.0
2024-01-30T00:00:00,DGC,90.4,89.4,89.9,90.07591397849461,90.4,89.9,976500.0,976500.0,0.0,87959130000.0,0.0,5000.0,449810000.0,162051.0,14589680000.0,1797.0,2109299.0,2449.0,2514765.0,1.2935540299059802,118198010.0,-405350000.0,0.0,-405350000.0,1000.0
2024-01-31T00:00:00,DGC,91.0,89.1,90.7,89.93093709084108,90.4,90.4,1603900.0,1603900.0,0.0,144240230000.0,0.0,63300.0,5720410000.0,103340.0,9284230000.0,2891.0,3064889.0,2410.0,3073090.0,1.2935540299059802,118142710.0,-325010000.0,0.0,-325010000.0,1000.0
2024-02-01T00:00:00,DGC,90.8,89.8,90.2,90.39415762151958,90.6,90.4,1059500.0,1059500.0,0.0,95772610000.0,0.0,0.0,0.0,0.0,0.0,0.0,0.0,0.0,0.0,1.2935540299059802,118229328.0,7505390000.0,0.0,7505390000.0,1000.0
2024-02-02T00:00:00,DGC,91.4,90.3,91.1,90.88002605651006,90.7,90.6,1228100.0,1228100.0,0.0,111609760000.0,0.0,105100.0,9533790000.0,135300.0,12261050000.0,2097.0,1980815.0,2549.0,2873801.0,1.2935540299059802,118286279.0,-1269190000.0,0.0,-1269190000.0,1000.0
2024-02-05T00:00:00,DGC,91.5,90.5,90.9,90.81511825167149,90.8,90.7,1002100.0,1002100.0,0.0,91005830000.0,0.0,278300.0,25272680000.0,43400.0,3944430000.0,2041.0,1521776.0,2096.0,2608042.0,1.2935540299059802,118111319.0,1360570000.0,0.0,1360570000.0,1000.0
2024-02-06T00:00:00,DGC,95.6,90.6,90.8,93.75990177307916,95.6,90.8,4805200.0,4805200.0,0.0,450535080000.0,0.0,465900.0,43877920000.0,39500.0,3710550000.0,5942.0,8538734.0,7581.0,8588628.0,1.2935540299059802,117702719.0,3359970000.0,0.0,3359970000.0,1000.0
2024-02-07T00:00:00,DGC,97.9,95.8,96.0,96.81572694906633,96.2,95.6,2752600.0,2752600.0,0.0,266494970000.0,0.0,49800.0,4824800000.0,9050.0,875370000.0,3686.0,4612181.0,6295.0,7739621.0,1.2935540299059802,117788219.0,-3180440000.0,0.0,-3180440000.0,1000.0
2024-02-15T00:00:00,DGC,97.1,95.2,96.7,96.02645508841785,95.4,96.2,1707800.0,1707800.0,0.0,163993980000.0,0.0,36900.0,3534860000.0,12812.0,1232640000.0,2537.0,2429619.0,3090.0,3914140.0,1.2935540299059802,117794719.0,189350000.0,0.0,189350000.0,1000.0
2024-02-16T00:00:00,DGC,96.5,94.5,95.4,95.45488297330144,95.5,95.4,2550700.0,2550700.0,0.0,243476770000.0,0.0,32600.0,3111000000.0,383776.0,36620070000.0,4318.0,4729160.0,3879.0,5602444.0,1.2935540299059802,117801619.0,2199240000.0,0.0,2199240000.0,1000.0
2024-02-19T00:00:00,DGC,98.6,95.2,96.1,96.86124540328512,96.6,95.5,4079000.0,4079000.0,0.0,395097020000.0,0.0,79309.0,7666420000.0,192748.0,18627960000.0,4901.0,6191029.0,5770.0,8329851.0,1.2935540299059802,117731360.0,825250000.0,0.0,825250000.0,1000.0
2024-02-20T00:00:00,DGC,98.8,95.7,96.5,97.4416518109483,98.7,96.6,4599800.0,4599800.0,0.0,448212110000.0,0.0,839700.0,81815780000.0,78594.0,7668570000.0,6049.0,7285886.0,5615.0,8475195.0,1.2935540299059802,116904472.0,1929500000.0,0.0,1929500000.0,1000.0
2024-02-21T00:00:00,DGC,103.0,99.7,101.0,101.35661267322388,101.7,98.7,5469800.0,5469800.0,0.0,554400400000.0,0.0,326000.0,33073060000.0,55380.0,5601920000.0,7733.0,10015176.0,6904.0,10618199.0,1.2935540299059802,116962248.0,4538690000.0,0.0,4538690000.0,1000.0
2024-02-22T00:00:00,DGC,102.8,100.7,101.7,101.68901319261214,101.2,101.7,2842500.0,2842500.0,0.0,289051020000.0,0.0,595300.0,60493490000.0,60200.0,6139450000.0,4042.0,5619095.0,3842.0,5405822.0,1.2935540299059802,116564696.0,-915340000.0,0.0,-915340000.0,1000.0
2024-02-23T00:00:00,DGC,103.4,99.6,101.5,101.50411490158056,100.0,101.2,4435100.0,4435100.0,0.0,450180900000.0,0.0,1272300.0,129767620000.0,99900.0,10200420000.0,5942.0,8469618.0,6004.0,8202991.0,1.2935540299059802,115370990.0,-6679750000.0,0.0,-6679750000.0,1000.0
2024-02-26T00:00:00,DGC,107.0,100.0,101.0,105.00180183779464,107.0,100.0,7509000.0,7509000.0,0.0,788458530000.0,0.0,2137500.0,224512400000.0,91900.0,9628040000.0,6538.0,15150999.0,7127.0,10413248.0,1.2935540299059802,113288870.0,-1416200000.0,0.0,-1416200000.0,1000.0
2024-02-27T00:00:00,DGC,111.6,108.5,109.5,110.02671249339038,111.6,107.0,4160600.0,4160600.0,0.0,457777140000.0,0.0,1217300.0,133809350000.0,407657.0,45024540000.0,5481.0,10250797.0,5664.0,7911500.0,1.2935540299059802,112131770.0,-34089203000.0,0.0,-34089203000.0,1000.0
2024-02-28T00:00:00,DGC,112.4,110.2,111.7,111.08587542208492,110.5,111.6,2783800.0,2783800.0,0.0,309240860000.0,0.0,303300.0,33651800000.0,290399.0,32271390000.0,4616.0,7186278.0,4071.0,5219322.0,1.2935540299059802,111928370.0,998490000.0,0.0,998490000.0,1000.0
2024-02-29T00:00:00,DGC,114.8,109.6,110.6,112.28928107546434,112.0,110.5,3079600.0,3079600.0,0.0,345806070000.0,0.0,371600.0,41733140000.0,441400.0,49701160000.0,4698.0,7091348.0,4879.0,6582212.0,1.2935540299059802,111648670.0,570390000.0,0.0,570390000.0,1000.0
2024-03-01T00:00:00,DGC,115.3,112.3,113.0,114.33841253960313,114.0,112.0,2998500.0,2998500.0,0.0,342843730000.0,0.0,1081550.0,123629600000.0,800208.0,91448010000.0,3507.0,6596763.0,4925.0,6879996.0,1.2935540299059802,110974777.0,-685170000.0,0.0,-685170000.0,1000.0
2024-03-04T00:00:00,DGC,115.5,111.7,115.5,112.96587842997505,112.1,114.0,3928662.0,3928600.0,62.0,443804377800.0,6627800.0,194862.0,21956360000.0,709762.0,80057710000.0,7051.0,6744225.0,4112.0,7354850.0,1.2935540299059802,111070376.0,2208400000.0,0.0,2208400000.0,1000.0
2024-03-05T00:00:00,DGC,115.5,111.5,111.5,113.91905946665732,113.4,112.1,2884700.0,2853700.0,31000.0,328324120000.0,3233300000.0,788300.0,89655850000.0,363387.0,41479350000.0,4405.0,7772985.0,4431.0,6026212.0,1.2935540299059802,110723476.0,344000000.0,0.0,344000000.0,1000.0
2024-03-06T00:00:00,DGC,113.5,109.8,112.8,111.41802561104919,113.0,113.4,3678100.0,3678100.0,0.0,409806640000.0,0.0,588400.0,65914860000.0,149100.0,16567610000.0,7670.0,6789964.0,2603.0,6150100.0,1.2935540299059802,110935284.0,-14762470000.0,0.0,-14762470000.0,1000.0
2024-03-07T00:00:00,DGC,120.9,111.0,112.4,118.16789715110185,120.9,113.0,7346721.0,7346700.0,21.0,868146345400.0,2255400.0,1380622.0,161423840000.0,546621.0,65423130000.0,5661.0,15646766.0,7160.0,10733721.0,1.2935540299059802,110264383.0,-1147850000.0,0.0,-1147850000.0,1000.0
2024-03-08T00:00:00,DGC,122.9,118.0,122.0,120.06525242351756,119.4,120.9,2382900.0,2382900.0,0.0,286103490000.0,0.0,585539.0,70215680000.0,283143.0,34041080000.0,5847.0,5600062.0,4066.0,5451976.0,1.2935540299059802,110042231.0,-175480000.0,0.0,-175480000.0,1000.0
2024-03-11T00:00:00,DGC,122.0,117.3,119.7,119.49093513842627,118.0,119.4,2792100.0,2792100.0,0.0,333630640000.0,0.0,213000.0,25551210000.0,430922.0,51521610000.0,4910.0,5958406.0,4312.0,5905502.0,1.2935540299059802,109963331.0,3509260000.0,0.0,3509260000.0,1000.0
2024-03-12T00:00:00,DGC,120.5,117.7,118.0,119.25291034999064,118.9,118.0,2137200.0,2137200.0,0.0,254867320000.0,0.0,186200.0,22207090000.0,122658.0,14617210000.0,4220.0,5426377.0,3271.0,4508838.0,1.2935540299059802,110323731.0,-2084520000.0,0.0,-2084520000.0,1000.0
2024-03-13T00:00:00,DGC,127.2,119.5,120.5,125.41654137314688,127.2,118.9,3804400.0,3804400.0,0.0,477134690000.0,0.0,477100.0,59374610000.0,440357.0,55335680000.0,3320.0,9596576.0,4087.0,5607750.0,1.2935540299059802,110129774.0,-1772200000.0,0.0,-1772200000.0,1000.0
2024-03-14T00:00:00,DGC,131.5,127.1,128.9,128.85099631638482,128.2,127.2,3447700.0,3447700.0,0.0,444239580000.0,0.0,749600.0,96543150000.0,1126700.0,145141360000.0,5895.0,7642516.0,4930.0,7817999.0,1.2935540299059802,109811096.0,-6869720000.0,0.0,-6869720000.0,1000.0
2024-03-15T00:00:00,DGC,129.4,126.0,129.4,127.76390360485959,127.0,128.2,2585500.0,2510500.0,75000.0,330333280000.0,9582000000.0,382621.0,48923030000.0,1008755.0,128801350000.0,5223.0,5864545.0,3155.0,4925390.0,1.2935540299059802,109626133.0,-125610000.0,0.0,-125610000.0,1000.0
2024-03-18T00:00:00,DGC,127.5,118.2,127.5,119.40104306407609,118.2,127.0,13628600.0,13268600.0,360000.0,1633172680000.0,48888000000.0,885420.0,105279920000.0,2082900.0,248566480000.0,13862.0,15479315.0,6808.0,21440449.0,1.2935540299059802,109181070.0,14606140000.0,0.0,14606140000.0,1000.0
2024-03-19T00:00:00,DGC,121.9,117.0,119.9,119.72287057326642,119.0,118.2,3329400.0,2829400.0,500000.0,393743890000.0,55000000000.0,846200.0,101379190000.0,494270.0,59232210000.0,6251.0,6379857.0,4193.0,5206759.0,1.2935540299059802,109461570.0,3251440000.0,0.0,3251440000.0,1000.0
2024-03-20T00:00:00,DGC,123.7,118.6,119.9,121.17020824041991,122.8,119.0,2937600.0,2914900.0,22700.0,356036540000.0,2837500000.0,1168200.0,141566440000.0,324793.0,39420740000.0,3861.0,5233101.0,5149.0,5319300.0,1.2935540299059802,109227125.0,-9860650000.0,0.0,-9860650000.0,1000.0
2024-03-21T00:00:00,DGC,124.6,119.5,124.5,121.97651186938307,123.0,122.8,2792900.0,2792900.0,0.0,340668200000.0,0.0,570900.0,69834240000.0,217320.0,26564580000.0,6018.0,5514847.0,4629.0,5598334.0,1.2935540299059802,110739125.0,189300000.0,0.0,189300000.0,1000.0
2024-03-22T00:00:00,DGC,124.5,121.3,123.0,122.65338579953298,123.6,123.0,2967600.0,2312600.0,655000.0,369846220000.0,86198000000.0,439842.0,54108200000.0,312200.0,38259010000.0,4124.0,3856816.0,3706.0,4927362.0,1.2935540299059802,110793553.0,4817350000.0,0.0,4817350000.0,1000.0
2024-03-25T00:00:00,DGC,123.6,118.5,123.0,120.75488395817393,120.0,123.6,2849700.0,2744700.0,105000.0,345106930000.0,13671000000.0,89700.0,10777540000.0,372165.0,45043420000.0,6952.0,4628768.0,3108.0,5154589.0,1.2935540299059802,111028646.0,177240000.0,-2434140000.0,-2256900000.0,1000.0
2024-03-26T00:00:00,DGC,120.7,118.2,120.0,119.91578084885563,120.7,120.0,1830700.0,1830700.0,0.0,219529820000.0,0.0,336442.0,40402500000.0,324585.0,38948020000.0,4337.0,3752361.0,2255.0,2768701.0,1.2935540299059802,110909524.0,-6901190000.0,0.0,-6901190000.0,1000.0
2024-03-27T00:00:00,DGC,121.1,119.0,120.7,119.97632047477744,120.7,120.7,1696500.0,1516500.0,180000.0,205182090000.0,23238000000.0,149200.0,17961550000.0,417600.0,50033080000.0,4151.0,3132474.0,1869.0,2584072.0,1.2935540299059802,111072524.0,-3870530000.0,0.0,-3870530000.0,1000.0
2024-03-28T00:00:00,DGC,125.0,121.5,121.9,123.44840311103756,123.9,120.7,2773700.0,2417200.0,356500.0,341179480000.0,42780000000.0,375400.0,46345150000.0,324183.0,39946940000.0,3759.0,4559412.0,5304.0,5232133.0,1.2935540299059802,111069289.0,2440310000.0,0.0,2440310000.0,1000.0
2024-03-29T00:00:00,DGC,124.3,122.0,123.9,123.08076513268051,123.4,123.9,1970900.0,1970900.0,0.0,242579880000.0,0.0,430400.0,53090590000.0,404300.0,49701270000.0,3794.0,3958431.0,3597.0,4186571.0,1.2935540299059802,110963474.0,-2147710000.0,0.0,-2147710000.0,1000.0
2024-04-01T00:00:00,DGC,122.9,120.1,122.5,120.84980230573937,120.3,123.4,2752700.0,2402700.0,350000.0,331405820000.0,41040000000.0,32297.0,3921310000.0,742300.0,89639710000.0,6341.0,4359053.0,2857.0,4285883.0,1.2935540299059802,111348777.0,-240560000.0,0.0,-240560000.0,1000.0
2024-04-02T00:00:00,DGC,122.6,118.5,119.9,120.44929808046494,122.6,120.3,2443300.0,2443300.0,0.0,294293770000.0,0.0,343000.0,41768320000.0,184910.0,22255930000.0,6397.0,4862866.0,3156.0,3990557.0,1.2935540299059802,111329960.0,-3278470000.0,0.0,-3278470000.0,1000.0
2024-04-03T00:00:00,DGC,127.5,122.0,122.7,124.5571478180345,122.4,122.6,5149500.0,4319500.0,830000.0,633971700000.0,95947100000.0,311100.0,38656500000.0,941200.0,117098650000.0,6751.0,7963728.0,7556.0,8096679.0,1.2935540299059802,111528160.0,-17499120000.0,-3659280000.0,-21158400000.0,1000.0
2024-04-04T00:00:00,DGC,123.0,121.0,122.4,122.01671795478754,122.6,122.4,1709800.0,1689800.0,20000.0,208465850000.0,2282000000.0,441057.0,53973470000.0,254036.0,31013660000.0,3529.0,3309240.0,2872.0,3466898.0,1.2935540299059802,111829403.0,6342710000.0,0.0,6342710000.0,1000.0
2024-04-05T00:00:00,DGC,122.5,119.6,121.0,120.65943931074506,119.7,122.6,2240100.0,2240100.0,0.0,270289210000.0,0.0,171700.0,20778970000.0,137000.0,16557370000.0,4610.0,4100262.0,2833.0,4460958.0,1.2935540299059802,111842613.0,4213970000.0,0.0,4213970000.0,1000.0
2024-04-08T00:00:00,DGC,120.4,115.5,119.8,116.99199840886142,116.0,119.7,3268100.0,3268100.0,0.0,382341550000.0,0.0,472496.0,55124610000.0,195300.0,23010330000.0,8626.0,6319419.0,4066.0,6109608.0,1.2935540299059802,112206117.0,4787490000.0,0.0,4787490000.0,1000.0
2024-04-09T00:00:00,DGC,117.6,116.0,116.0,116.99707069839361,117.0,116.0,1164100.0,1164100.0,0.0,136196290000.0,0.0,207467.0,24278780000.0,151456.0,17731500000.0,3433.0,2638307.0,2548.0,2673404.0,1.2935540299059802,112252886.0,-18574590000.0,0.0,-18574590000.0,1000.0
2024-04-10T00:00:00,DGC,118.4,116.5,117.6,117.38096924251892,117.9,117.0,1622584.0,1440300.0,182284.0,190391038000.0,21327228000.0,310700.0,36568560000.0,68341.0,8025140000.0,2942.0,2380716.0,2217.0,2994705.0,1.2935540299059802,112079186.0,-8377510000.0,0.0,-8377510000.0,1000.0
2024-04-11T00:00:00,DGC,120.5,116.7,117.0,118.8337164247718,119.9,117.9,1522700.0,1522700.0,0.0,180948100000.0,0.0,302300.0,35925800000.0,90219.0,10774520000.0,3700.0,3081704.0,3721.0,3434151.0,1.2935540299059802,111972186.0,-968200000.0,0.0,-968200000.0,1000.0
2024-04-12T00:00:00,DGC,120.5,118.8,120.5,119.49229407379798,119.2,119.9,1073200.0,1073200.0,0.0,128239130000.0,0.0,3600.0,432120000.0,248314.0,29627310000.0,2952.0,2193713.0,2628.0,3095180.0,1.2935540299059802,112120042.0,-3130700000.0,0.0,-3130700000.0,1000.0
2024-04-15T00:00:00,DGC,121.9,111.0,118.8,115.7763005586966,111.1,119.2,2989100.0,2989100.0,0.0,346066940000.0,0.0,147104.0,16958580000.0,317101.0,37674240000.0,5111.0,4480375.0,4164.0,5777398.0,1.2935540299059802,112041279.0,9554440000.0,0.0,9554440000.0,1000.0
2024-04-16T00:00:00,DGC,114.3,108.0,108.0,111.89649714525054,113.5,111.1,4577300.0,4536300.0,41000.0,512183980000.0,4587900000.0,866000.0,96822370000.0,397153.0,44594710000.0,8221.0,11424469.0,5395.0,7256066.0,1.2935540299059802,111306498.0,12182540000.0,0.0,12182540000.0,1000.0
2024-04-17T00:00:00,DGC,114.5,111.1,114.3,112.94974553887779,111.1,113.5,1552300.0,1552300.0,0.0,175331890000.0,0.0,58900.0,6678200000.0,55770.0,6335480000.0,3266.0,3076201.0,2479.0,3201360.0,1.2935540299059802,111495912.0,8523740000.0,0.0,8523740000.0,1000.0
2024-04-19T00:00:00,DGC,112.4,107.0,109.0,109.8676179494571,108.0,111.1,3122100.0,3122100.0,0.0,343017690000.0,0.0,527900.0,57972670000.0,140867.0,15525620000.0,6446.0,6322212.0,4310.0,5672311.0,1.2935540299059802,111287113.0,11561790000.0,0.0,11561790000.0,1000.0
2024-04-22T00:00:00,DGC,111.0,108.1,110.0,109.80696045527507,110.0,108.0,2055900.0,2055900.0,0.0,225752130000.0,0.0,602200.0,66170870000.0,429438.0,47223400000.0,3898.0,4711567.0,2708.0,3835033.0,1.2935540299059802,111041066.0,10478860000.0,0.0,10478860000.0,1000.0
2024-04-23T00:00:00,DGC,110.8,108.0,110.8,109.67852562181601,110.0,110.0,1668500.0,1668500.0,0.0,182998620000.0,0.0,665900.0,73068750000.0,388780.0,42722660000.0,3112.0,3514424.0,2328.0,3408768.0,1.2935540299059802,110430936.0,1088020000.0,0.0,1088020000.0,1000.0
2024-04-24T00:00:00,DGC,116.3,110.4,110.4,114.11190413310446,116.3,110.0,3229200.0,3029200.0,200000.0,368667780000.0,23000000000.0,648067.0,74206080000.0,667800.0,76562570000.0,4143.0,5813717.0,5151.0,5283913.0,1.2935540299059802,109923736.0,2944580000.0,0.0,2944580000.0,1000.0
2024-04-25T00:00:00,DGC,116.3,114.4,116.3,115.26753508316008,116.1,116.3,1539200.0,1539200.0,0.0,177419790000.0,0.0,477200.0,55116190000.0,354100.0,40785990000.0,4067.0,2993973.0,3316.0,3287680.0,1.2935540299059802,109875974.0,-478360000.0,0.0,-478360000.0,1000.0
2024-04-26T00:00:00,DGC,120.5,114.5,114.5,118.27492779976468,118.8,116.1,3764600.0,3739600.0,25000.0,445025920000.0,2725000000.0,722000.0,85458220000.0,651300.0,76961450000.0,6192.0,6721482.0,6178.0,8033121.0,1.2935540299059802,109542754.0,-3141700000.0,0.0,-3141700000.0,1000.0
2024-05-02T00:00:00,DGC,121.0,117.0,118.8,119.55585031995592,120.2,118.8,2359700.0,2359700.0,0.0,282115940000.0,0.0,66400.0,7956380000.0,221160.0,26416990000.0,4047.0,4620284.0,3733.0,4965894.0,1.2935540299059802,110144154.0,-1738290000.0,0.0,-1738290000.0,1000.0
2024-05-03T00:00:00,DGC,122.0,118.4,121.0,119.63003876832583,119.0,120.2,2244100.0,2244100.0,0.0,268461770000.0,0.0,308000.0,36840820000.0,242400.0,29042080000.0,5302.0,4433188.0,4067.0,5219581.0,1.2935540299059802,110190254.0,-8834050000.0,0.0,-8834050000.0,1000.0
2024-05-06T00:00:00,DGC,123.5,119.4,120.0,121.77374765302291,122.5,119.0,2663000.0,2663000.0,0.0,324283490000.0,0.0,93200.0,11361710000.0,19051.0,2325040000.0,4746.0,4896377.0,5794.0,6614741.0,1.2935540299059802,110748354.0,-1264100000.0,0.0,-1264100000.0,1000.0
2024-05-07T00:00:00,DGC,125.6,122.5,122.7,123.772801703565,122.5,122.5,2723700.0,2723700.0,0.0,337119980000.0,0.0,82100.0,10095860000.0,154732.0,19113650000.0,4230.0,4287366.0,6179.0,6739968.0,1.2935540299059802,110887414.0,-11527240000.0,0.0,-11527240000.0,1000.0
2024-05-08T00:00:00,DGC,123.5,120.4,121.0,121.86999939986796,123.5,122.5,3332600.0,3332600.0,0.0,406143960000.0,0.0,405384.0,49588550000.0,316000.0,38419390000.0,6973.0,7112300.0,4759.0,6068983.0,1.2935540299059802,110724430.0,-1897190000.0,0.0,-1897190000.0,1000.0
2024-05-09T00:00:00,DGC,131.0,124.5,125.0,127.63543944506394,124.8,123.5,6905300.0,6905300.0,0.0,881361000000.0,0.0,101100.0,13063790000.0,1181500.0,149902580000.0,9689.0,12417186.0,12139.0,14150523.0,1.2935540299059802,110642381.0,3155730000.0,0.0,3155730000.0,1000.0
2024-05-10T00:00:00,DGC,126.1,122.8,125.0,123.79367790365346,123.8,124.8,2904100.0,2904100.0,0.0,359509220000.0,0.0,41000.0,5076310000.0,535000.0,66184360000.0,6642.0,5557356.0,4148.0,5707907.0,1.2935540299059802,110756113.0,1546610000.0,0.0,1546610000.0,1000.0
2024-05-13T00:00:00,DGC,123.9,120.0,123.8,121.72716535433071,122.6,123.8,3378200.0,3378200.0,0.0,411218710000.0,0.0,203740.0,24800692669.29134,246100.0,29957055393.700787,8641.0,6170095.0,3604.0,5646492.0,1.2935540299059802,110868370.0,-5839090000.0,0.0,-5839090000.0,1000.0
2024-05-14T00:00:00,DGC,124.6,121.2,122.5,122.51768356572902,124.3,122.6,2531400.0,2481400.0,50000.0,310307780000.0,6292400000.0,57200.0,7008011499.959701,210050.0,25734839432.98138,5457.0,5525930.0,3525.0,4462981.0,1.2935540299059802,111992670.0,2824110000.0,-3812670000.0,-988560000.0,1000.0
2024-05-15T00:00:00,DGC,126.9,123.8,125.6,124.96094221182842,126.1,124.3,3249800.0,3249800.0,0.0,406098070000.0,0.0,305000.0,38230160000.0,321600.0,40045610000.0,4322.0,5394926.0,5466.0,6203570.0,1.2935540299059802,112222673.0,3123340000.0,0.0,3123340000.0,1000.0
2024-05-16T00:00:00,DGC,128.3,125.6,127.0,126.78990193125146,126.0,126.1,3287700.0,2987700.0,300000.0,419280190000.0,40470000000.0,274400.0,34709660000.0,422300.0,53477270000.0,4466.0,4706528.0,6427.0,7416954.0,1.2935540299059802,112194373.0,-9843980000.0,0.0,-9843980000.0,1000.0
2024-05-17T00:00:00,DGC,127.6,125.5,126.0,126.1736863748515,126.2,126.0,2188600.0,2188600.0,0.0,276143730000.0,0.0,111800.0,14108980000.0,380400.0,48003750000.0,5005.0,3986669.0,4553.0,5372458.0,1.2935540299059802,112292626.0,-3377630000.0,0.0,-3377630000.0,1000.0
2024-05-20T00:00:00,DGC,127.8,124.6,127.8,125.44756165345346,124.6,126.2,3418300.0,3418300.0,0.0,428817400000.0,0.0,204600.0,25541040000.0,321800.0,40385120000.0,6644.0,5312467.0,4214.0,6437060.0,1.2935540299059802,112409626.0,-3298920000.0,0.0,-3298920000.0,1000.0
2024-05-21T00:00:00,DGC,127.0,123.0,124.1,125.60289236605026,126.0,124.6,2530800.0,2530800.0,0.0,317875800000.0,0.0,200.0,24940000.0,128117.0,16089380000.0,4856.0,5218405.0,4924.0,5796023.0,1.2935540299059802,112831726.0,-440450000.0,0.0,-440450000.0,1000.0
2024-05-22T00:00:00,DGC,127.4,123.5,126.7,125.12794485773719,125.9,126.0,2836300.0,2836300.0,0.0,354900390000.0,0.0,326500.0,40962830000.0,159400.0,19988130000.0,6735.0,4815319.0,4504.0,5573338.0,1.2935540299059802,112885626.0,-926940000.0,0.0,-926940000.0,1000.0
2024-05-23T00:00:00,DGC,128.9,124.8,125.5,127.44320501342882,127.6,125.9,3351000.0,3351000.0,0.0,427062180000.0,0.0,131800.0,16766490000.0,212913.0,27173180000.0,4698.0,6357734.0,7577.0,8157804.0,1.2935540299059802,113075626.0,-330680000.0,0.0,-330680000.0,1000.0
2024-05-24T00:00:00,DGC,131.5,125.0,127.5,128.83680028741588,127.0,127.6,7236900.0,7236900.0,0.0,932379040000.0,0.0,420500.0,54067590000.0,428305.0,55219020000.0,9413.0,11725605.0,11225.0,13736417.0,1.2935540299059802,112783243.0,4723980000.0,0.0,4723980000.0,1000.0
2024-05-27T00:00:00,DGC,127.0,124.2,126.1,125.37238216465127,126.3,127.0,2671100.0,2671100.0,0.0,334882170000.0,0.0,129811.0,16324300000.0,117645.0,14718080000.0,6101.0,4576992.0,2584.0,4352264.0,1.2935540299059802,112812832.0,631500000.0,0.0,631500000.0,1000.0
2024-05-28T00:00:00,DGC,128.0,125.5,126.5,126.50174370926669,126.9,126.3,2316900.0,2316900.0,0.0,293091890000.0,0.0,205950.0,26132760000.0,328790.0,41591210000.0,4916.0,4444787.0,3322.0,4433994.0,1.2935540299059802,112819795.0,-383290000.0,0.0,-383290000.0,1000.0
2024-05-29T00:00:00,DGC,130.5,125.5,127.1,127.54179032544454,126.6,126.9,3962300.0,3942300.0,20000.0,505398400000.0,2590400000.0,266570.0,33679220000.0,600121.0,76542330000.0,6073.0,6321030.0,7242.0,8243366.0,1.2935540299059802,112981530.0,-7689760000.0,0.0,-7689760000.0,1000.0
2024-05-30T00:00:00,DGC,125.7,122.5,125.2,124.12746174876493,125.0,126.6,4169800.0,4169800.0,0.0,517586690000.0,0.0,203004.0,25367400000.0,632500.0,78592750000.0,9783.0,7509945.0,4618.0,6880088.0,1.2935540299059802,112896171.0,-3763070000.0,-35264000000.0,-39027070000.0,1000.0
2024-05-31T00:00:00,DGC,127.0,123.9,125.0,125.80623706237063,126.0,125.0,2222200.0,2222200.0,0.0,279566620000.0,0.0,192350.0,24191690000.0,45300.0,5697330000.0,3390.0,5375117.0,5005.0,5463996.0,1.2935540299059802,113032611.0,6015980000.0,0.0,6015980000.0,1000.0
2024-06-03T00:00:00,DGC,126.5,121.5,125.1,124.1699202998992,125.4,126.0,6368800.0,6348800.0,20000.0,790923790000.0,2593800000.0,492000.0,61481580000.0,328869.0,40911740000.0,14614.0,12986258.0,6220.0,11231083.0,1.2935540299059802,113140732.0,2984700000.0,-2593940000.0,390760000.0,1000.0
2024-06-04T00:00:00,DGC,126.0,123.6,126.0,124.15380743461552,124.0,125.4,3110300.0,2940300.0,170000.0,386129440000.0,21080000000.0,492600.0,61087320000.0,290300.0,36079170000.0,7453.0,6015972.0,3557.0,6104461.0,1.2935540299059802,113280632.0,749440000.0,0.0,749440000.0,1000.0
2024-06-05T00:00:00,DGC,125.1,122.7,124.0,123.56790888354601,123.0,124.0,3244200.0,3244200.0,0.0,400879010000.0,0.0,418600.0,51589270000.0,107400.0,13288840000.0,8302.0,5905835.0,4577.0,6404344.0,1.2935540299059802,112907332.0,1361480000.0,0.0,1361480000.0,1000.0
2024-06-06T00:00:00,DGC,123.6,120.5,123.6,121.60618391776842,120.9,123.0,5438300.0,5438300.0,0.0,661330910000.0,0.0,124260.0,15039040000.0,508826.0,61834670000.0,15757.0,9827139.0,4911.0,9070144.0,1.2935540299059802,113111941.0,-3124478000.0,0.0,-3124478000.0,1000.0
2024-06-07T00:00:00,DGC,123.0,120.6,120.7,121.62052388289678,121.8,120.9,1947000.0,1947000.0,0.0,236795160000.0,0.0,21700.0,2637980000.0,47800.0,5803500000.0,6309.0,4670634.0,4169.0,3958696.0,1.2935540299059802,113380541.0,24320000.0,0.0,24320000.0,1000.0
2024-06-10T00:00:00,DGC,122.4,121.0,121.8,121.71633372502939,121.5,121.8,1531800.0,1531800.0,0.0,186445080000.0,0.0,47774.0,5816910000.0,287300.0,34956090000.0,4720.0,3223844.0,3325.0,3538605.0,1.2935540299059802,113440167.0,-912550000.0,0.0,-912550000.0,1000.0
2024-06-11T00:00:00,DGC,123.7,121.5,121.8,122.48450866635436,122.0,121.5,2775100.0,2775100.0,0.0,339906760000.0,0.0,92600.0,11301870000.0,424238.0,52028180000.0,5150.0,4850018.0,5714.0,5691064.0,1.2935540299059802,113856393.0,37050000.0,0.0,37050000.0,1000.0
2024-06-12T00:00:00,DGC,123.2,121.7,122.0,122.31300854410684,123.2,122.0,1767300.0,1767300.0,0.0,216163780000.0,0.0,274586.0,33763610000.0,143829.0,17622900000.0,3560.0,3107862.0,3278.0,3557961.0,1.2935540299059802,113629607.0,1687710000.0,0.0,1687710000.0,1000.0
2024-06-13T00:00:00,DGC,123.7,122.1,123.4,122.65948205128204,123.3,123.2,1950000.0,1950000.0,0.0,239185990000.0,0.0,211700.0,26056150000.0,398500.0,48774920000.0,4510.0,3906647.0,3287.0,4247559.0,1.2935540299059802,113705207.0,2869060000.0,0.0,2869060000.0,1000.0
2024-06-14T00:00:00,DGC,123.6,121.7,123.3,122.18438245112064,121.7,123.3,2935800.0,2935800.0,0.0,358708910000.0,0.0,671440.0,81859770000.0,152200.0,18598970000.0,5594.0,4709020.0,3787.0,5601355.0,1.2935540299059802,113458005.0,-2070390000.0,0.0,-2070390000.0,1000.0
2024-06-17T00:00:00,DGC,122.4,120.3,121.7,121.04626440677967,121.5,121.7,2212500.0,2212500.0,0.0,267814860000.0,0.0,303401.0,36814700000.0,68000.0,8225590000.0,5326.0,3885427.0,3134.0,4676073.0,1.2935540299059802,113298433.0,12781950000.0,0.0,12781950000.0,1000.0
2024-06-18T00:00:00,DGC,130.0,121.0,121.6,127.30030463127842,130.0,121.5,13590200.0,13590200.0,0.0,1730036600000.0,0.0,389152.0,49627020000.0,1038130.0,132285550000.0,13538.0,21077401.0,18097.0,19166835.0,1.2935540299059802,113307781.0,3527050000.0,0.0,3527050000.0,1000.0
2024-06-19T00:00:00,DGC,132.0,127.7,131.5,129.29958806176415,128.2,130.0,3762700.0,3762700.0,0.0,486515560000.0,0.0,155978.0,20032190000.0,628935.0,81026150000.0,7886.0,6861561.0,7097.0,9008742.0,1.2935540299059802,113304003.0,3947700000.0,0.0,3947700000.0,1000.0
2024-06-20T00:00:00,DGC,132.5,128.3,128.3,130.10635786193671,130.0,128.2,5006400.0,5006400.0,0.0,651364470000.0,0.0,156710.0,20321620000.0,615900.0,80067810000.0,7897.0,9260534.0,8777.0,10698009.0,1.2935540299059802,113215293.0,9226450000.0,0.0,9226450000.0,1000.0
2024-06-21T00:00:00,DGC,134.0,130.6,130.7,132.31847959443505,131.8,130.0,4319900.0,4319900.0,0.0,571602600000.0,0.0,153200.0,20209140000.0,401700.0,53213450000.0,6453.0,7588914.0,7904.0,9059994.0,1.2935540299059802,114100223.0,10425790000.0,0.0,10425790000.0,1000.0
2024-06-24T00:00:00,DGC,132.0,124.5,132.0,126.55340741822758,124.6,131.8,8899700.0,8899700.0,0.0,1126287360000.0,0.0,459030.0,57553830000.0,461450.0,58752280000.0,16387.0,14021358.0,7432.0,13919255.0,1.2935540299059802,114270128.0,14672340000.0,0.0,14672340000.0,1000.0
2024-06-25T00:00:00,DGC,125.5,123.0,124.5,124.11707367265743,124.7,124.6,2915600.0,2915600.0,0.0,361875740000.0,0.0,448270.0,55672300000.0,204164.0,25434370000.0,7243.0,5805300.0,3173.0,5023966.0,1.2935540299059802,114437758.0,0.0,0.0,0.0,1000.0
2024-06-26T00:00:00,DGC,125.3,122.0,125.0,123.50290700845378,125.0,124.7,3667000.0,3667000.0,0.0,452885160000.0,0.0,394810.0,49272370000.0,285654.0,35545670000.0,8061.0,6900054.0,4046.0,6273974.0,1.2935540299059802,114444648.0,7325580000.0,0.0,7325580000.0,1000.0
2024-06-27T00:00:00,DGC,125.0,123.1,124.2,123.73262440758295,123.8,125.0,1688000.0,1688000.0,0.0,208860670000.0,0.0,387710.0,47994460000.0,157700.0,19527480000.0,4435.0,3708942.0,2739.0,4351736.0,1.2935540299059802,114518388.0,556650000.0,0.0,556650000.0,1000.0
2024-06-28T00:00:00,DGC,124.3,120.0,124.0,122.08785430534678,122.5,123.8,3955600.0,3725600.0,230000.0,481530510000.0,26680000000.0,618260.0,75662710000.0,268005.0,32790020000.0,8251.0,6133930.0,4217.0,6078615.0,1.2935540299059802,114104292.0,12432600000.0,0.0,12432600000.0,1000.0
2024-07-01T00:00:00,DGC,122.6,120.1,122.0,120.86520440810523,122.0,122.5,2813000.0,2813000.0,0.0,339993820000.0,0.0,281880.0,34274500000.0,818894.0,98844630000.0,6810.0,4883334.0,3574.0,5124181.0,1.2935540299059802,114108066.0,12794540000.0,0.0,12794540000.0,1000.0
2024-07-02T00:00:00,DGC,123.6,120.5,122.0,122.79843147122966,123.3,122.0,1192200.0,1192200.0,0.0,146400290000.0,0.0,89010.0,10968900000.0,42567.0,5226060000.0,2831.0,2577394.0,3332.0,3097099.0,1.2935540299059802,114176756.0,4330000.0,0.0,4330000.0,1000.0
2024-07-03T00:00:00,DGC,126.5,122.9,123.4,124.83288797533402,124.8,123.3,2961700.0,2821700.0,140000.0,368340960000.0,16100000000.0,4200.0,524460000.0,101000.0,12611840000.0,3727.0,6007676.0,6684.0,6765896.0,1.2935540299059802,114440561.0,-364650000.0,0.0,-364650000.0,1000.0
2024-07-04T00:00:00,DGC,126.3,123.9,125.3,124.98746144179138,125.0,124.8,1750600.0,1750600.0,0.0,218803050000.0,0.0,74300.0,9283300000.0,61300.0,7666450000.0,3286.0,3173826.0,4737.0,5545403.0,1.2935540299059802,115187155.0,2242200000.0,0.0,2242200000.0,1000.0
2024-07-05T00:00:00,DGC,126.3,123.9,125.8,125.02466349559762,125.0,125.0,1976200.0,1976200.0,0.0,247073740000.0,0.0,309300.0,38667380000.0,141601.0,17682960000.0,3903.0,3457991.0,4422.0,5152246.0,1.2935540299059802,114920422.0,-375690000.0,0.0,-375690000.0,1000.0
2024-07-08T00:00:00,DGC,129.3,124.9,126.5,127.13045299488311,127.3,125.0,3986800.0,3986800.0,0.0,506843690000.0,0.0,330500.0,42186540000.0,233600.0,29449990000.0,5595.0,6395093.0,8638.0,9073572.0,1.2935540299059802,114690922.0,-3530550000.0,0.0,-3530550000.0,1000.0
2024-07-09T00:00:00,DGC,129.5,126.8,128.2,127.81639174403183,128.0,127.3,2412800.0,2412800.0,0.0,308395390000.0,0.0,289100.0,36947070000.0,268453.0,34240280000.0,4410.0,4027651.0,5914.0,7056651.0,1.2935540299059802,114463122.0,6458500000.0,0.0,6458500000.0,1000.0
2024-07-10T00:00:00,DGC,129.8,125.3,128.0,127.5414807883855,126.5,128.0,3313100.0,3313100.0,0.0,422557680000.0,0.0,404520.0,51354200000.0,159400.0,20366020000.0,6390.0,5800325.0,7541.0,9015858.0,1.2935540299059802,114200203.0,11092350000.0,0.0,11092350000.0,1000.0
2024-07-11T00:00:00,DGC,127.5,125.3,127.0,125.85703578993103,126.2,126.5,1841300.0,1841300.0,0.0,231740560000.0,0.0,300100.0,37872600000.0,75700.0,9534680000.0,4332.0,3597142.0,3185.0,4479837.0,1.2935540299059802,114133703.0,-6472780000.0,0.0,-6472780000.0,1000.0
2024-07-12T00:00:00,DGC,126.5,124.8,125.5,125.42432252922423,125.5,126.2,1505600.0,1505600.0,0.0,188838860000.0,0.0,259500.0,32567820000.0,43000.0,5392920000.0,3622.0,2807794.0,2697.0,3760475.0,1.2935540299059802,114142656.0,1437880000.0,0.0,1437880000.0,1000.0
2024-07-15T00:00:00,DGC,127.6,125.0,126.0,125.9343720657277,125.4,125.5,1704000.0,1704000.0,0.0,214592170000.0,0.0,311004.0,39052140000.0,636700.0,79967270000.0,3716.0,2955880.0,4256.0,4338300.0,1.2935540299059802,113991052.0,-190100000.0,0.0,-190100000.0,1000.0
2024-07-16T00:00:00,DGC,125.9,123.8,125.4,124.93587781696455,125.4,125.4,1672900.0,1672900.0,0.0,209005230000.0,0.0,259010.0,32437200000.0,283700.0,35469870000.0,4173.0,2676173.0,3500.0,3865749.0,1.2935540299059802,113807742.0,1689750000.0,0.0,1689750000.0,1000.0
2024-07-17T00:00:00,DGC,125.7,120.4,125.4,123.05159995775689,123.8,125.4,3787600.0,3787600.0,0.0,466070240000.0,0.0,419160.0,51751920000.0,275252.0,34047190000.0,7350.0,6093638.0,4010.0,6169703.0,1.2935540299059802,113431582.0,11319750000.0,0.0,11319750000.0,1000.0
2024-07-18T00:00:00,DGC,123.0,120.7,122.7,121.74034135910027,123.0,123.8,2525200.0,2525200.0,0.0,307418710000.0,0.0,306419.0,37655680000.0,595510.0,72400940000.0,7173.0,5044429.0,2713.0,4305720.0,1.2935540299059802,113761863.0,2850610000.0,0.0,2850610000.0,1000.0
2024-07-19T00:00:00,DGC,123.0,121.3,122.6,121.69141015426958,121.3,123.0,1380700.0,1380700.0,0.0,168019330000.0,0.0,225820.0,27402890000.0,171300.0,20858150000.0,4370.0,3090797.0,2777.0,2825723.0,1.2935540299059802,113819743.0,-1534750000.0,0.0,-1534750000.0,1000.0
2024-07-22T00:00:00,DGC,121.3,113.2,121.3,115.24745216289477,114.0,121.3,6234700.0,6234700.0,0.0,718533290000.0,0.0,520646.0,59530320000.0,1362700.0,156839710000.0,12783.0,10640922.0,6084.0,10153523.0,1.2935540299059802,113574349.0,22622360000.0,0.0,22622360000.0,1000.0
2024-07-23T00:00:00,DGC,115.2,107.0,114.0,109.99484369675557,108.4,114.0,5575700.0,5575700.0,0.0,613298250000.0,0.0,652170.0,71123440000.0,1818200.0,200287790000.0,13152.0,9603751.0,5943.0,8734487.0,1.2935540299059802,113519689.0,21509910000.0,0.0,21509910000.0,1000.0
2024-07-24T00:00:00,DGC,112.4,106.5,106.5,109.50831620197867,110.0,108.4,3113200.0,3113200.0,0.0,340921290000.0,0.0,173020.0,18993510000.0,1231400.0,134911490000.0,6979.0,6029706.0,5161.0,6002104.0,1.2935540299059802,113517969.0,19849630000.0,0.0,19849630000.0,1000.0
2024-07-25T00:00:00,DGC,111.0,108.7,109.7,109.90346741822529,111.0,110.0,1170900.0,1170900.0,0.0,128685970000.0,0.0,186970.0,20688930000.0,103210.0,11345550000.0,3720.0,2503198.0,2541.0,2536640.0,1.2935540299059802,114693699.0,-448040000.0,0.0,-448040000.0,1000.0
2024-07-26T00:00:00,DGC,113.9,111.0,111.4,112.46963707813222,113.2,111.0,2595600.0,2595600.0,0.0,291926190000.0,0.0,76810.0,8629580000.0,847700.0,95127230000.0,4123.0,4627749.0,5417.0,4889046.0,1.2935540299059802,116435089.0,-3218800000.0,0.0,-3218800000.0,1000.0
2024-07-29T00:00:00,DGC,114.4,112.7,114.0,113.38717504332756,113.0,113.2,1096300.0,1096300.0,0.0,124306360000.0,0.0,77310.0,8737140000.0,48900.0,5548700000.0,3004.0,2161992.0,2812.0,2715333.0,1.2935540299059802,117589179.0,113300000.0,0.0,113300000.0,1000.0
2024-07-30T00:00:00,DGC,113.0,110.0,113.0,111.45715364069214,112.4,113.0,1722200.0,1722200.0,0.0,191951510000.0,0.0,168040.0,18834470000.0,73600.0,8237080000.0,5149.0,3419626.0,2277.0,3316518.0,1.2935540299059802,117526349.0,391250000.0,0.0,391250000.0,1000.0
2024-07-31T00:00:00,DGC,112.9,111.0,112.9,111.58665227424999,112.0,112.4,1343300.0,1343300.0,0.0,149894350000.0,0.0,373435.0,41764350000.0,251910.0,28107770000.0,3228.0,2230187.0,2345.0,2362361.0,1.2935540299059802,118000614.0,2004150000.0,0.0,2004150000.0,1000.0
2024-08-01T00:00:00,DGC,111.9,105.3,111.6,107.79184488166524,106.0,112.0,3156300.0,3156300.0,0.0,340223400000.0,0.0,239225.0,25487810000.0,230400.0,25027060000.0,8193.0,4713614.0,4265.0,5609040.0,1.2935540299059802,117810289.0,7499360000.0,0.0,7499360000.0,1000.0
2024-08-02T00:00:00,DGC,108.5,102.0,103.9,104.71772348144243,107.1,106.0,3245100.0,3225100.0,20000.0,339905130000.0,2180000000.0,678510.0,70724210000.0,114900.0,11958710000.0,7422.0,7203539.0,5041.0,5783787.0,1.2935540299059802,117205379.0,-23000000.0,0.0,-23000000.0,1000.0
2024-08-05T00:00:00,DGC,106.8,100.1,104.0,103.02414104067093,101.2,107.1,3326700.0,3326700.0,0.0,342730410000.0,0.0,530530.0,54241460000.0,352200.0,36466620000.0,7539.0,5844310.0,3696.0,5339380.0,1.2935540299059802,116926759.0,12457770000.0,0.0,12457770000.0,1000.0
2024-08-06T00:00:00,DGC,106.0,100.0,102.0,103.23680603712013,106.0,101.2,2451500.0,2451500.0,0.0,253085030000.0,0.0,536400.0,56394670000.0,54000.0,5528330000.0,4890.0,5244114.0,4589.0,4149135.0,1.2935540299059802,116620759.0,-419150000.0,0.0,-419150000.0,1000.0
2024-08-07T00:00:00,DGC,106.9,103.5,106.9,105.05911387485426,106.0,106.0,1543800.0,1543800.0,0.0,162190260000.0,0.0,331520.0,35109880000.0,376400.0,39545490000.0,4013.0,3237328.0,3037.0,3158605.0,1.2935540299059802,116404139.0,0.0,0.0,0.0,1000.0
2024-08-08T00:00:00,DGC,105.4,102.5,104.7,103.8880266075388,104.0,106.0,2029500.0,2029500.0,0.0,210840750000.0,0.0,311320.0,32358350000.0,714280.0,74126540000.0,5189.0,3847969.0,2843.0,4260020.0,1.2935540299059802,116445019.0,-210800000.0,0.0,-210800000.0,1000.0
2024-08-09T00:00:00,DGC,106.6,104.1,104.7,105.60630728294078,106.5,104.0,2029400.0,2029400.0,0.0,214317440000.0,0.0,393500.0,41635480000.0,103600.0,10979770000.0,3036.0,3829975.0,4361.0,3680144.0,1.2935540299059802,116105519.0,3669500000.0,0.0,3669500000.0,1000.0
2024-08-12T00:00:00,DGC,110.5,104.4,106.5,108.92858699600437,108.6,106.5,2477700.0,2477700.0,0.0,269892360000.0,0.0,113292.0,12259890000.0,525000.0,57455520000.0,3779.0,5299269.0,5603.0,4830147.0,1.2935540299059802,116368627.0,1526800000.0,0.0,1526800000.0,1000.0
2024-08-13T00:00:00,DGC,110.5,107.1,108.7,108.38118205178888,109.0,108.6,1537700.0,1517700.0,20000.0,166690120000.0,2200000000.0,149010.0,16230240000.0,232085.0,25116540000.0,4242.0,3352457.0,4539.0,3620555.0,1.2935540299059802,116933897.0,-3230630000.0,0.0,-3230630000.0,1000.0
2024-08-14T00:00:00,DGC,110.7,107.5,109.6,108.73306053432533,107.6,109.0,1478500.0,1478500.0,0.0,160761830000.0,0.0,38320.0,4148200000.0,345000.0,37629960000.0,3471.0,2737083.0,3974.0,4589864.0,1.2935540299059802,116999177.0,108000000.0,0.0,108000000.0,1000.0
2024-08-15T00:00:00,DGC,107.9,104.0,107.9,105.1609450590662,106.5,107.6,2666500.0,2666500.0,0.0,280411660000.0,0.0,216320.0,23003350000.0,188000.0,19791920000.0,7426.0,5229200.0,2804.0,5240387.0,1.2935540299059802,117307857.0,6310780000.0,0.0,6310780000.0,1000.0
2024-08-16T00:00:00,DGC,111.5,105.1,106.7,109.30148228366441,110.8,106.5,2974900.0,2954900.0,20000.0,325164950000.0,2190000000.0,410021.0,44935880000.0,161935.0,17243800000.0,4921.0,6071258.0,6642.0,5990567.0,1.2935540299059802,117131921.0,4720700000.0,0.0,4720700000.0,1000.0
2024-08-19T00:00:00,DGC,111.5,110.0,111.3,110.70590641361257,110.9,110.8,1222400.0,1222400.0,0.0,135326900000.0,0.0,71410.0,7915740000.0,31400.0,3477030000.0,2958.0,2815289.0,3059.0,3280850.0,1.2935540299059802,117405511.0,-110750000.0,0.0,-110750000.0,1000.0
2024-08-20T00:00:00,DGC,112.0,110.2,110.9,111.19812848562849,112.0,110.9,1864800.0,1864800.0,0.0,207362270000.0,0.0,345400.0,38485520000.0,54050.0,5993630000.0,3781.0,3585335.0,4060.0,3708144.0,1.2935540299059802,117248111.0,723850000.0,0.0,723850000.0,1000.0
2024-08-21T00:00:00,DGC,113.3,111.1,112.0,112.17477801775858,112.8,112.0,1666800.0,1666800.0,0.0,186972920000.0,0.0,240900.0,27139170000.0,254700.0,28578630000.0,3287.0,3264373.0,3425.0,3999320.0,1.2935540299059802,117169146.0,13621270000.0,0.0,13621270000.0,1000.0
2024-08-22T00:00:00,DGC,113.2,111.9,112.8,112.48248186817565,113.0,112.8,1254700.0,1254700.0,0.0,141131770000.0,0.0,463100.0,52209020000.0,60150.0,6757770000.0,2638.0,2347639.0,2845.0,3061939.0,1.2935540299059802,116737446.0,810370000.0,0.0,810370000.0,1000.0
2024-08-23T00:00:00,DGC,113.0,111.1,112.9,112.08372020805838,112.9,113.0,1288100.0,1288100.0,0.0,144375040000.0,0.0,363900.0,41054640000.0,131000.0,14653950000.0,3070.0,2512687.0,2415.0,3173523.0,1.2935540299059802,116427596.0,-3443550000.0,0.0,-3443550000.0,1000.0
2024-08-26T00:00:00,DGC,112.8,111.0,112.8,111.57495122902847,111.0,112.9,1281500.0,1281500.0,0.0,142983300000.0,0.0,222300.0,24720630000.0,183700.0,20532510000.0,3195.0,2201145.0,1958.0,3456812.0,1.2935540299059802,116459996.0,-5550000000.0,0.0,-5550000000.0,1000.0
2024-08-27T00:00:00,DGC,110.8,108.9,110.8,109.634108570785,109.6,111.0,1795800.0,1775800.0,20000.0,197062250000.0,2374000000.0,92800.0,10169030000.0,172700.0,18973020000.0,4654.0,3338511.0,2237.0,3018302.0,1.2935540299059802,116427346.0,3290840000.0,0.0,3290840000.0,1000.0
2024-08-28T00:00:00,DGC,110.4,109.0,110.2,109.53168847066024,110.0,109.6,1307100.0,1307100.0,0.0,143168870000.0,0.0,114705.0,12561420000.0,219100.0,23957840000.0,3043.0,2924215.0,2329.0,2582959.0,1.2935540299059802,116443641.0,-54910000.0,0.0,-54910000.0,1000.0
2024-08-29T00:00:00,DGC,111.3,109.3,110.1,110.2471989295272,111.3,110.0,1141000.0,1121000.0,20000.0,125789510000.0,2202400000.0,349200.0,38649140000.0,301100.0,33106790000.0,2292.0,2292450.0,2159.0,2115210.0,1.2935540299059802,116278141.0,4023700000.0,0.0,4023700000.0,1000.0
2024-08-30T00:00:00,DGC,115.0,111.3,111.3,113.7908509651756,113.7,111.3,4097700.0,4097700.0,0.0,466280770000.0,0.0,348260.0,39602490000.0,762900.0,86787180000.0,4197.0,6721269.0,8608.0,8429124.0,1.2935540299059802,116102581.0,16052590000.0,0.0,16052590000.0,1000.0
2024-09-04T00:00:00,DGC,117.3,112.6,113.5,115.30737946955868,115.2,113.7,3725200.0,3725200.0,0.0,429543050000.0,0.0,21500.0,2490380000.0,1249222.0,144089940000.0,4044.0,6414659.0,7737.0,7730505.0,1.2935540299059802,116310181.0,7242300000.0,0.0,7242300000.0,1000.0
2024-09-05T00:00:00,DGC,115.8,113.0,114.2,113.86075610240127,113.7,115.2,2015600.0,2015600.0,0.0,229497740000.0,0.0,212000.0,24108250000.0,235900.0,26950980000.0,3358.0,3413782.0,2979.0,4488075.0,1.2935540299059802,116409781.0,-3329060000.0,0.0,-3329060000.0,1000.0
2024-09-06T00:00:00,DGC,114.0,111.9,113.1,112.94945915094851,114.0,113.7,1859700.0,1839700.0,20000.0,210043120000.0,2250000000.0,289510.0,32970580000.0,259500.0,29255380000.0,3289.0,3482000.0,2532.0,3401194.0,1.2935540299059802,116883171.0,829880000.0,-2250000000.0,-1420120000.0,1000.0
2024-09-09T00:00:00,DGC,113.8,111.8,113.8,112.61911192214112,113.5,114.0,1644000.0,1644000.0,0.0,185145820000.0,0.0,248020.0,28118850000.0,202300.0,22737400000.0,3229.0,2747225.0,2098.0,3049287.0,1.2935540299059802,117884373.0,-6753850000.0,0.0,-6753850000.0,1000.0
2024-09-10T00:00:00,DGC,113.8,111.9,113.1,112.50350049302719,113.0,113.5,1419800.0,1419800.0,0.0,159732470000.0,0.0,220330.0,24874950000.0,60660.0,6816830000.0,2990.0,2690001.0,2082.0,2901935.0,1.2935540299059802,117899943.0,-21562310000.0,0.0,-21562310000.0,1000.0
2024-09-11T00:00:00,DGC,113.0,111.5,112.2,112.35097731882722,112.9,113.0,1084600.0,1084600.0,0.0,121855870000.0,0.0,183230.0,20678440000.0,21500.0,2414670000.0,2307.0,2435536.0,1796.0,2514716.0,1.2935540299059802,117976213.0,1044950000.0,0.0,1044950000.0,1000.0
2024-09-12T00:00:00,DGC,114.9,112.4,113.0,113.94608276212237,113.5,112.9,2014500.0,1969500.0,45000.0,229479310000.0,5062500000.0,291420.0,33129650000.0,141000.0,16031320000.0,2339.0,3673422.0,4526.0,5129247.0,1.2935540299059802,117887093.0,-3923405000.0,56266680000.0,52343275000.0,1000.0
2024-09-13T00:00:00,DGC,113.9,112.5,113.6,113.28621579762519,113.5,113.5,774800.0,774800.0,0.0,87774160000.0,0.0,174610.0,19812370000.0,12800.0,1450210000.0,1861.0,1889245.0,2038.0,2416739.0,1.2935540299059802,117773143.0,1515848000.0,0.0,1515848000.0,1000.0
2024-09-16T00:00:00,DGC,114.8,112.1,113.5,113.47016892827472,112.1,113.5,1805500.0,1805500.0,0.0,204870390000.0,0.0,314235.0,35691980000.0,134100.0,15273800000.0,2991.0,2693847.0,3263.0,4108646.0,1.2935540299059802,117480408.0,1224890000.0,0.0,1224890000.0,1000.0
2024-09-17T00:00:00,DGC,113.8,111.9,112.1,112.74826977994289,113.8,112.1,1510600.0,1190600.0,320000.0,168798090000.0,34560000000.0,63086.0,7105520000.0,97900.0,11006130000.0,2204.0,2413233.0,2183.0,2297395.0,1.2935540299059802,117558322.0,-1073870000.0,0.0,-1073870000.0,1000.0
2024-09-18T00:00:00,DGC,114.8,113.5,114.0,114.01255012268837,113.6,113.8,1670900.0,1670900.0,0.0,190503570000.0,0.0,114023.0,12990810000.0,296842.0,33862290000.0,2114.0,2770670.0,3287.0,3916102.0,1.2935540299059802,117457099.0,-1119090000.0,0.0,-1119090000.0,1000.0
2024-09-19T00:00:00,DGC,114.8,113.1,114.5,114.1210276679842,114.6,113.6,1518000.0,1518000.0,0.0,173235720000.0,0.0,115800.0,13261830000.0,20600.0,2344000000.0,2769.0,2758536.0,3307.0,3659637.0,1.2935540299059802,117475399.0,-15875090000.0,0.0,-15875090000.0,1000.0
2024-09-20T00:00:00,DGC,117.9,115.1,115.6,116.22903301570258,115.3,114.6,2980400.0,2980400.0,0.0,346409010000.0,0.0,397700.0,45931990000.0,445527.0,51621990000.0,3555.0,5097167.0,6264.0,6984985.0,1.2935540299059802,117175599.0,-21376260000.0,0.0,-21376260000.0,1000.0
2024-09-23T00:00:00,DGC,115.2,114.1,115.0,114.6828626986811,115.0,115.3,1796900.0,1182800.0,614100.0,201662640000.0,66015750000.0,205798.0,23654820000.0,42931.0,4928190000.0,2478.0,2110729.0,1922.0,2339455.0,1.2935540299059802,117266643.0,-10261110000.0,-66015750000.0,-76276860000.0,1000.0
2024-09-24T00:00:00,DGC,115.5,114.4,115.0,114.94271550537042,115.5,115.0,1155300.0,1089300.0,66000.0,132388800000.0,7181700000.0,151122.0,17428750000.0,94535.0,10841020000.0,2209.0,2385299.0,1976.0,2303229.0,1.2935540299059802,117136121.0,-57450000.0,-3962700000.0,-4020150000.0,1000.0
2024-09-25T00:00:00,DGC,116.6,115.4,115.7,115.8415463994616,115.5,115.5,1487300.0,1337300.0,150000.0,171264900000.0,16350000000.0,26600.0,3078600000.0,79600.0,9230160000.0,1973.0,2154783.0,3520.0,3567781.0,1.2935540299059802,117555048.0,1380650000.0,0.0,1380650000.0,1000.0
2024-09-26T00:00:00,DGC,116.5,114.5,115.6,115.3308436825841,115.1,115.5,1840100.0,1715100.0,125000.0,211488930000.0,13685000000.0,290669.0,33449640000.0,130700.0,15038520000.0,2723.0,2704103.0,3162.0,3740824.0,1.2935540299059802,117307310.0,640050000.0,0.0,640050000.0,1000.0
2024-09-27T00:00:00,DGC,116.3,114.6,115.8,115.09186976509855,115.0,115.1,1587900.0,1587900.0,0.0,182754380000.0,0.0,163880.0,18847750000.0,112600.0,12955290000.0,2275.0,2737918.0,2847.0,3472824.0,1.2935540299059802,117237965.0,1815140000.0,0.0,1815140000.0,1000.0
2024-09-30T00:00:00,DGC,115.6,114.3,115.0,114.94368114063514,115.5,115.0,1130100.0,1080100.0,50000.0,129500670000.0,5350000000.0,281500.0,32492970000.0,29000.0,3327110000.0,2155.0,2124153.0,2157.0,2536734.0,1.2935540299059802,117036065.0,454400000.0,0.0,454400000.0,1000.0
2024-10-01T00:00:00,DGC,118.8,115.5,115.5,117.49631714891024,116.0,115.5,4173700.0,3445700.0,728000.0,483117060000.0,78260000000.0,74600.0,8777700000.0,248239.0,29143070000.0,2837.0,5523519.0,7170.0,7757472.0,1.2935540299059802,117092165.0,7483340000.0,0.0,7483340000.0,1000.0
2024-10-02T00:00:00,DGC,116.5,114.9,116.1,115.57337719783258,116.0,116.0,1808600.0,1808600.0,0.0,209026010000.0,0.0,125500.0,14545210000.0,300.0,34830000.0,3255.0,3191730.0,2284.0,3696940.0,1.2935540299059802,117079265.0,5804000000.0,4036500000.0,9840500000.0,1000.0
2024-10-03T00:00:00,DGC,116.1,114.5,116.0,114.95028930401719,114.6,116.0,1814700.0,1814700.0,0.0,208600290000.0,0.0,163020.0,18687650000.0,20893.0,2404890000.0,3219.0,3049456.0,1980.0,3483156.0,1.2935540299059802,116945245.0,3687370000.0,0.0,3687370000.0,1000.0
2024-10-04T00:00:00,DGC,114.7,113.3,114.6,113.78100620920236,113.5,114.6,1884300.0,1884300.0,0.0,214397550000.0,0.0,77220.0,8767010000.0,361695.0,41168500000.0,4026.0,3098409.0,2375.0,3288453.0,1.2935540299059802,117116264.0,17106750000.0,0.0,17106750000.0,1000.0
2024-10-07T00:00:00,DGC,114.2,112.7,113.5,113.31427412814274,114.0,113.5,1233000.0,1233000.0,0.0,139716500000.0,0.0,146700.0,16723120000.0,27901.0,3162140000.0,2894.0,2058893.0,1564.0,2335958.0,1.2935540299059802,116969864.0,3374570000.0,67091000000.0,70465570000.0,1000.0
2024-10-08T00:00:00,DGC,114.1,113.0,113.9,113.4725208956764,113.9,114.0,1010100.0,969100.0,41000.0,114657030000.0,4690810000.0,134100.0,15272960000.0,123520.0,14009850000.0,2540.0,1956916.0,1601.0,2223538.0,1.2935540299059802,116856657.0,17262340000.0,0.0,17262340000.0,1000.0
2024-10-09T00:00:00,DGC,115.4,113.7,113.9,114.67600441688609,115.0,113.9,1222300.0,1177300.0,45000.0,140138060000.0,5130000000.0,103200.0,11865900000.0,47356.0,5408090000.0,1532.0,2173298.0,2913.0,2823005.0,1.2935540299059802,117115152.0,687350000.0,0.0,687350000.0,1000.0
2024-10-10T00:00:00,DGC,118.3,115.1,115.1,116.76366369942541,115.8,115.0,3358900.0,3358900.0,0.0,392197470000.0,0.0,8000.0,937240000.0,260400.0,30346950000.0,2488.0,5963730.0,7412.0,8394009.0,1.2935540299059802,117135053.0,19239270000.0,0.0,19239270000.0,1000.0
2024-10-11T00:00:00,DGC,116.6,115.1,116.5,115.54370958259847,115.5,115.8,680400.0,680400.0,0.0,78615940000.0,0.0,53050.0,6127880000.0,91100.0,10528800000.0,1675.0,1621813.0,1993.0,2396577.0,1.2935540299059802,117205523.0,-65991000.0,0.0,-65991000.0,1000.0
2024-10-14T00:00:00,DGC,117.8,115.5,116.0,116.77714188768874,116.2,115.5,1768300.0,1768300.0,0.0,206497020000.0,0.0,12500.0,1453310000.0,130500.0,15206870000.0,2050.0,4019731.0,4881.0,6311092.0,1.2935540299059802,117240379.0,757000000.0,0.0,757000000.0,1000.0
2024-10-15T00:00:00,DGC,116.8,115.2,116.2,115.87893335484912,115.4,116.2,1239400.0,1239400.0,0.0,143620350000.0,0.0,68900.0,7961980000.0,15300.0,1774900000.0,2696.0,2377680.0,2797.0,3658867.0,1.2935540299059802,117431879.0,346850000.0,0.0,346850000.0,1000.0
2024-10-16T00:00:00,DGC,115.7,113.9,115.4,114.66223745783,115.2,115.4,1837800.0,1837800.0,0.0,210726260000.0,0.0,208100.0,23959210000.0,1600.0,184580000.0,3472.0,3165787.0,1428.0,3510518.0,1.2935540299059802,117314879.0,2175950000.0,0.0,2175950000.0,1000.0
2024-10-17T00:00:00,DGC,115.2,113.8,115.2,114.25661068962579,114.6,115.2,1173100.0,1173100.0,0.0,134034430000.0,0.0,131320.0,15047290000.0,47900.0,5489820000.0,3170.0,2487974.0,1407.0,2347615.0,1.2935540299059802,117314059.0,-229250000.0,0.0,-229250000.0,1000.0
2024-10-18T00:00:00,DGC,115.3,114.0,114.6,114.47039711191336,114.0,114.6,831000.0,831000.0,0.0,95124900000.0,0.0,83000.0,9467810000.0,15677.0,1794690000.0,2309.0,1775832.0,1692.0,2234836.0,1.2935540299059802,117246359.0,57400000.0,0.0,57400000.0,1000.0
2024-10-21T00:00:00,DGC,114.7,113.0,114.1,113.6411177235105,113.0,114.0,1601900.0,1461900.0,140000.0,182931950000.0,16800000000.0,31630.0,3575250000.0,84200.0,9575260000.0,3123.0,2080506.0,1992.0,3567591.0,1.2935540299059802,117216329.0,-56850000.0,0.0,-56850000.0,1000.0
2024-10-22T00:00:00,DGC,113.3,110.6,113.0,111.70858772128915,111.1,113.0,3524800.0,3524800.0,0.0,393750430000.0,0.0,68780.0,7647230000.0,51400.0,5718470000.0,6957.0,5181265.0,2684.0,5508702.0,1.2935540299059802,117195449.0,11510320000.0,0.0,11510320000.0,1000.0
2024-10-23T00:00:00,DGC,111.7,109.8,111.5,110.24900006153467,111.0,111.1,1625100.0,1625100.0,0.0,179165650000.0,0.0,157170.0,17440930000.0,200300.0,22088170000.0,4291.0,2902583.0,1434.0,2440814.0,1.2935540299059802,117053956.0,-1158800000.0,0.0,-1158800000.0,1000.0
2024-10-24T00:00:00,DGC,113.0,110.5,111.5,111.4247682588416,110.5,111.0,1693700.0,1693700.0,0.0,188720130000.0,0.0,138930.0,15367510000.0,643419.0,71572610000.0,3506.0,2788613.0,2993.0,3548923.0,1.2935540299059802,116999226.0,-1286600000.0,0.0,-1286600000.0,1000.0
2024-10-25T00:00:00,DGC,111.3,109.1,110.5,109.70037664783428,109.1,110.5,1805400.0,1805400.0,0.0,198053060000.0,0.0,58670.0,6405390000.0,770600.0,84569720000.0,4246.0,3255828.0,1722.0,3163181.0,1.2935540299059802,116991956.0,11072880000.0,0.0,11072880000.0,1000.0
2024-10-28T00:00:00,DGC,110.5,109.0,109.2,109.36609610751871,110.5,109.1,1244700.0,788700.0,456000.0,137329040000.0,51072000000.0,81775.0,9021200000.0,305700.0,33426320000.0,2566.0,1773603.0,1087.0,1498878.0,1.2935540299059802,117110481.0,-65510000.0,0.0,-65510000.0,1000.0
2024-10-29T00:00:00,DGC,112.4,110.0,111.0,111.16666666666667,112.2,110.5,1247100.0,1247100.0,0.0,138635950000.0,0.0,81900.0,9179360000.0,106285.0,11792690000.0,2491.0,2454342.0,2767.0,2444759.0,1.2935540299059802,117672000.0,0.0,0.0,0.0,1000.0
2024-10-30T00:00:00,DGC,112.6,111.0,112.2,111.54864544781644,111.4,112.2,1171500.0,675500.0,496000.0,130903110000.0,55552000000.0,77600.0,8656950000.0,144100.0,16102970000.0,1825.0,1749078.0,1789.0,1763241.0,1.2935540299059802,118365000.0,0.0,0.0,0.0,1000.0
2024-10-31T00:00:00,DGC,112.3,111.0,111.0,111.73066400683955,112.3,111.4,701800.0,701800.0,0.0,78412580000.0,0.0,203200.0,22774510000.0,27700.0,3084230000.0,1483.0,1578469.0,1739.0,1594976.0,1.2935540299059802,118467500.0,-211890000.0,0.0,-211890000.0,1000.0
2024-11-01T00:00:00,DGC,111.9,110.6,111.9,111.05761601623766,111.4,112.3,1133700.0,1083900.0,49800.0,125967890000.0,5592540000.0,110860.0,12341770000.0,5435.0,603570000.0,2602.0,2146822.0,1601.0,2563392.0,1.2935540299059802,118462925.0,-111600000.0,0.0,-111600000.0,1000.0
2024-11-04T00:00:00,DGC,111.3,110.0,111.3,110.46458274398867,110.5,111.4,707000.0,707000.0,0.0,78098460000.0,0.0,75700.0,8369220000.0,19300.0,2135410000.0,2039.0,1401349.0,1315.0,1563993.0,1.2935540299059802,118531325.0,1647500000.0,0.0,1647500000.0,1000.0
2024-11-05T00:00:00,DGC,111.0,110.2,111.0,110.43480662983426,110.4,110.5,810600.0,470600.0,340000.0,89438620000.0,37468000000.0,45160.0,4985910000.0,85100.0,9395270000.0,1792.0,1121926.0,1233.0,1283187.0,1.2935540299059802,118513865.0,-232130000.0,0.0,-232130000.0,1000.0
2024-11-06T00:00:00,DGC,111.7,110.4,111.5,111.31963077628713,111.7,110.4,1282100.0,872100.0,410000.0,142345850000.0,45264000000.0,105650.0,11760540000.0,20000.0,2227790000.0,1601.0,1542276.0,1986.0,1796477.0,1.2935540299059802,118413650.0,0.0,0.0,0.0,1000.0
2024-11-07T00:00:00,DGC,114.0,111.6,112.2,112.78602145148355,112.5,111.7,1995200.0,1995200.0,0.0,225030670000.0,0.0,186700.0,21044750000.0,274110.0,30904840000.0,2905.0,4117098.0,3797.0,4376172.0,1.2935540299059802,118246250.0,4289100000.0,0.0,4289100000.0,1000.0
2024-11-08T00:00:00,DGC,113.5,111.9,112.6,112.45640739236394,111.9,112.5,984800.0,984800.0,0.0,110747070000.0,0.0,19500.0,2183680000.0,143500.0,16137930000.0,2283.0,2264784.0,2355.0,3092561.0,1.2935540299059802,118311850.0,-953950000.0,0.0,-953950000.0,1000.0
2024-11-11T00:00:00,DGC,115.4,111.9,112.0,113.83947875638984,115.2,111.9,3579900.0,3579900.0,0.0,407533950000.0,0.0,767625.0,87421240000.0,170400.0,19257890000.0,3284.0,7234657.0,6107.0,6786014.0,1.2935540299059802,117564225.0,6704000000.0,0.0,6704000000.0,1000.0
2024-11-12T00:00:00,DGC,115.7,114.1,115.6,115.05162844036697,115.6,115.2,1744000.0,1744000.0,0.0,200650040000.0,0.0,297500.0,34307740000.0,220412.0,25319910000.0,2080.0,2604710.0,3265.0,3968755.0,1.2935540299059802,117540835.0,3746546000.0,0.0,3746546000.0,1000.0
2024-11-13T00:00:00,DGC,116.6,114.3,115.2,115.47339111947011,116.6,115.6,2445800.0,2445800.0,0.0,282424820000.0,0.0,18700.0,2158270000.0,90967.0,10525730000.0,3047.0,6063822.0,3965.0,5035388.0,1.2935540299059802,117665635.0,1723280000.0,0.0,1723280000.0,1000.0
2024-11-14T00:00:00,DGC,118.1,115.0,116.6,116.78761697860963,116.3,116.6,1846700.0,1795200.0,51500.0,215631130000.0,5974000000.0,219420.0,25600790000.0,259500.0,30306950000.0,3161.0,3881257.0,5109.0,6054149.0,1.2935540299059802,117616615.0,-7654500000.0,0.0,-7654500000.0,1000.0
2024-11-15T00:00:00,DGC,115.8,113.1,115.4,114.07163599617061,113.2,116.3,2280200.0,1880200.0,400000.0,264077490000.0,49600000000.0,342510.0,38981550000.0,549342.0,66716240000.0,4080.0,3202181.0,2790.0,4400899.0,1.2935540299059802,117494517.0,3111910000.0,0.0,3111910000.0,1000.0
2024-11-18T00:00:00,DGC,113.2,110.0,113.2,111.36514010615973,113.0,113.2,4170300.0,2430300.0,1740000.0,467270700000.0,196620000000.0,183250.0,20684240000.0,500935.0,55803000000.0,5481.0,4633251.0,2504.0,3982193.0,1.2935540299059802,117402234.0,340600000.0,196620000000.0,196960600000.0,1000.0
2024-11-19T00:00:00,DGC,110.5,106.5,110.5,107.94565926227838,106.5,110.0,2362800.0,1962800.0,400000.0,253075740000.0,41200000000.0,571900.0,59539010000.0,677000.0,73409360000.0,3544.0,2786409.0,1970.0,3420537.0,1.2592118874856655,117089834.0,5421830000.0,0.0,5421830000.0,1000.0
2024-11-20T00:00:00,DGC,108.0,103.6,106.5,105.87654354092646,106.1,106.5,3231700.0,1491700.0,1740000.0,349005440000.0,191069400000.0,73100.0,7755310000.0,174500.0,18467120000.0,4052.0,2971579.0,2528.0,2397232.0,1.2592118874856655,117566076.0,4906300000.0,-191076360000.0,-186170060000.0,1000.0
2024-11-21T00:00:00,DGC,107.3,106.0,106.6,106.69175363810083,107.0,106.1,755400.0,680300.0,75100.0,80618100000.0,8035700000.0,123700.0,13228960000.0,90500.0,9645430000.0,1742.0,1415523.0,1259.0,1404579.0,1.2592118874856655,117943311.0,0.0,0.0,0.0,1000.0
2024-11-22T00:00:00,DGC,107.7,105.9,107.4,106.64730003195228,105.9,107.0,1067900.0,938900.0,129000.0,114683150000.0,14552000000.0,24000.0,2544550000.0,90200.0,9646550000.0,2312.0,1541660.0,1731.0,1973124.0,1.2592118874856655,118596311.0,2089640000.0,0.0,2089640000.0,1000.0
2024-11-25T00:00:00,DGC,107.0,105.7,105.7,106.44828803388633,107.0,105.9,925000.0,849900.0,75100.0,98461040000.0,7990640000.0,246950.0,26400810000.0,34000.0,3615910000.0,1595.0,1421257.0,1439.0,1432261.0,1.2592118874856655,118523861.0,531200000.0,0.0,531200000.0,1000.0
2024-11-26T00:00:00,DGC,107.7,106.7,107.3,107.033358785912,106.7,107.0,1397700.0,1047700.0,350000.0,151863850000.0,39725000000.0,30400.0,3253280000.0,760500.0,83676490000.0,2103.0,1719089.0,1606.0,2045045.0,1.2592118874856655,118583961.0,588150000.0,0.0,588150000.0,1000.0
2024-11-27T00:00:00,DGC,108.5,106.7,106.7,107.2986714311893,106.9,106.7,1091400.0,1091400.0,0.0,117105770000.0,0.0,17586.0,1893090000.0,355100.0,37994960000.0,2076.0,1774297.0,2304.0,2366370.0,1.2592118874856655,118656575.0,322300000.0,0.0,322300000.0,1000.0
2024-11-28T00:00:00,DGC,107.9,106.9,107.0,107.3156791817388,107.7,106.9,1151700.0,801700.0,350000.0,121104980000.0,35070000000.0,452200.0,46056190000.0,105700.0,11305790000.0,1328.0,1616878.0,1940.0,1778450.0,1.2592118874856655,118238375.0,-7493360000.0,0.0,-7493360000.0,1000.0
2024-11-29T00:00:00,DGC,110.5,107.9,108.0,109.27638121546961,109.5,107.7,2099600.0,2099600.0,0.0,229436690000.0,0.0,62400.0,6829410000.0,67400.0,7328810000.0,1948.0,3316269.0,4761.0,4103126.0,1.2592118874856655,118936475.0,0.0,0.0,0.0,1000.0
2024-12-02T00:00:00,DGC,110.7,108.6,110.0,109.5792498732894,109.8,109.5,986500.0,986500.0,0.0,108099930000.0,0.0,81320.0,8928610000.0,175350.0,19211660000.0,1979.0,1711848.0,2081.0,2201462.0,1.2592118874856655,119210255.0,-109800000.0,0.0,-109800000.0,1000.0
2024-12-03T00:00:00,DGC,109.9,108.9,109.6,109.40493564765615,109.9,109.8,866900.0,846900.0,20000.0,94835040000.0,2180000000.0,117985.0,12961990000.0,23200.0,2534680000.0,1592.0,1615613.0,1663.0,1727045.0,1.2592118874856655,119197970.0,2023830000.0,0.0,2023830000.0,1000.0
2024-12-04T00:00:00,DGC,109.8,107.9,109.7,108.54368393432792,107.9,109.9,1453900.0,1333900.0,120000.0,157974420000.0,13188000000.0,60125.0,6487600000.0,105700.0,11505700000.0,2463.0,1910023.0,1529.0,2493832.0,1.2592118874856655,119205245.0,-54450000.0,0.0,-54450000.0,1000.0
2024-12-05T00:00:00,DGC,110.0,106.5,107.9,108.91252259552452,110.0,107.9,1604300.0,1604300.0,0.0,174728360000.0,0.0,130335.0,14305060000.0,77030.0,8324620000.0,3046.0,2831552.0,2701.0,2969235.0,1.2592118874856655,119250260.0,-313620000.0,0.0,-313620000.0,1000.0
2024-12-06T00:00:00,DGC,116.9,110.2,110.5,115.04879443123298,115.2,110.0,6349700.0,6349700.0,0.0,730525330000.0,0.0,1507700.0,173727760000.0,915035.0,105716150000.0,6109.0,11243301.0,13971.0,13158108.0,1.2592118874856655,117765760.0,4161030000.0,0.0,4161030000.0,1000.0
2024-12-09T00:00:00,DGC,116.6,115.1,115.5,115.53950448075909,116.0,115.2,1897000.0,1897000.0,0.0,219178440000.0,0.0,399515.0,46115930000.0,668900.0,77183720000.0,3236.0,3488311.0,4289.0,4252379.0,1.2592118874856655,117471945.0,4791790000.0,0.0,4791790000.0,1000.0
2024-12-10T00:00:00,DGC,116.5,114.0,115.9,115.77656714568879,116.2,116.0,1614400.0,1614400.0,0.0,186909690000.0,0.0,312110.0,36146140000.0,52155.0,6033540000.0,2427.0,2928643.0,3405.0,3605711.0,1.2592118874856655,117236865.0,1726500000.0,0.0,1726500000.0,1000.0
2024-12-11T00:00:00,DGC,117.5,116.0,116.2,116.63523756333028,116.5,116.2,2705300.0,2506700.0,198600.0,315505464000.0,23135914000.0,213700.0,24901860000.0,562400.0,65603990000.0,2700.0,3856674.0,5074.0,6872496.0,1.2592118874856655,118038200.0,-324250000.0,0.0,-324250000.0,1000.0
2024-12-12T00:00:00,DGC,116.6,115.3,116.5,116.08291481354773,116.4,116.5,1461500.0,1461500.0,0.0,169655180000.0,0.0,131300.0,15270610000.0,61200.0,7106300000.0,2493.0,2164039.0,2564.0,3611229.0,1.2592118874856655,118575800.0,9344050000.0,0.0,9344050000.0,1000.0
2024-12-13T00:00:00,DGC,115.9,114.4,115.6,114.98664881933003,114.9,116.4,1506800.0,1456800.0,50000.0,173356550000.0,5844000000.0,129700.0,14904980000.0,57700.0,6651180000.0,3191.0,2722974.0,2407.0,3663062.0,1.2592118874856655,118498255.0,576500000.0,-5844100000.0,-5267600000.0,1000.0
2024-12-16T00:00:00,DGC,116.0,114.5,115.0,115.30050321825628,115.5,114.9,854500.0,854500.0,0.0,98524280000.0,0.0,48000.0,5526860000.0,54500.0,6293090000.0,1662.0,1678907.0,1848.0,2502043.0,1.2592118874856655,118912655.0,-230350000.0,0.0,-230350000.0,1000.0
2024-12-17T00:00:00,DGC,116.0,114.9,115.5,115.49933374243886,116.0,115.5,1360000.0,1140700.0,219300.0,156884840000.0,25134750000.0,162710.0,18850230000.0,42988.0,4957740000.0,1668.0,2184321.0,2046.0,2183496.0,1.2592118874856655,118811145.0,-63971000.0,0.0,-63971000.0,1000.0
2024-12-18T00:00:00,DGC,116.5,115.5,116.5,116.00360280327708,116.2,116.0,1213100.0,1013100.0,200000.0,139323250000.0,21800000000.0,203608.0,23639440000.0,68700.0,7973410000.0,1671.0,1805797.0,2061.0,2731399.0,1.2592118874856655,118665237.0,-12341050000.0,0.0,-12341050000.0,1000.0
2024-12-19T00:00:00,DGC,117.8,114.2,114.3,115.75110347252061,116.0,116.2,2755100.0,2560100.0,195000.0,318856900000.0,22522500000.0,403010.0,46740720000.0,176600.0,20450070000.0,3878.0,4575947.0,3483.0,5783505.0,1.2592118874856655,118316727.0,-29841940000.0,0.0,-29841940000.0,1000.0
2024-12-20T00:00:00,DGC,116.3,115.3,116.0,115.74265563435777,115.4,116.0,1669000.0,1269000.0,400000.0,192977430000.0,46100000000.0,180948.0,20901980000.0,313327.0,36178050000.0,2311.0,2578024.0,2159.0,3224962.0,1.2592118874856655,118178767.0,4622000000.0,0.0,4622000000.0,1000.0
2024-12-23T00:00:00,DGC,117.3,115.5,116.0,116.43894156910525,116.5,115.4,1887700.0,1887700.0,0.0,219801790000.0,0.0,103736.0,12057940000.0,36630.0,4253300000.0,2065.0,3386386.0,3377.0,4338018.0,1.2592118874856655,118143731.0,-19752000000.0,0.0,-19752000000.0,1000.0
2024-12-24T00:00:00,DGC,118.5,116.5,116.6,117.59755895094554,118.5,116.5,4344900.0,3854900.0,490000.0,509236830000.0,55910000000.0,463304.0,54652320000.0,365300.0,42883720000.0,3190.0,5985030.0,5500.0,6830802.0,1.2592118874856655,117857027.0,-3912100000.0,0.0,-3912100000.0,1000.0
2024-12-25T00:00:00,DGC,119.2,116.0,119.0,118.23903758408204,119.0,118.5,2125900.0,2125900.0,0.0,251364370000.0,0.0,456310.0,54073630000.0,278500.0,32966160000.0,3129.0,3946500.0,3925.0,5399425.0,1.2592118874856655,117714044.0,1177250000.0,0.0,1177250000.0,1000.0
2024-12-26T00:00:00,DGC,119.0,117.6,119.0,118.19941118743866,117.6,119.0,1387100.0,917100.0,470000.0,165192680000.0,56792000000.0,152710.0,17995180000.0,86034.0,10186450000.0,1932.0,1993926.0,2289.0,3968295.0,1.2592118874856655,117597964.0,3416550000.0,0.0,3416550000.0,1000.0
2024-12-27T00:00:00,DGC,118.1,116.4,117.6,117.04906398104265,117.0,117.6,1688000.0,1688000.0,0.0,197578820000.0,0.0,337800.0,39566620000.0,46900.0,5503860000.0,2322.0,2802633.0,2153.0,3712939.0,1.2592118874856655,117625464.0,5256380000.0,0.0,5256380000.0,1000.0
2024-12-30T00:00:00,DGC,116.9,116.1,116.5,116.26562466545337,116.1,117.0,1114100.0,934100.0,180000.0,131103720000.0,22500000000.0,184800.0,21458930000.0,32165.0,3745730000.0,2013.0,1964061.0,1129.0,1895707.0,1.2592118874856655,117719164.0,2326000000.0,0.0,2326000000.0,1000.0
2024-12-31T00:00:00,DGC,117.2,116.1,116.2,116.56775516643005,116.6,116.1,1267800.0,1267800.0,0.0,147784600000.0,0.0,267700.0,31198250000.0,400.0,46660000.0,1417.0,2026737.0,1770.0,3277939.0,1.2592118874856655,117537498.0,641160000.0,0.0,641160000.0,1000.0
2025-01-02T00:00:00,DGC,117.3,116.4,116.6,116.7562098225765,116.6,116.6,777800.0,777800.0,0.0,90812980000.0,0.0,180792.0,21110230000.0,42600.0,4971960000.0,1598.0,1458394.0,1614.0,2010640.0,1.2592118874856655,117403606.0,0.0,0.0,0.0,1000.0
2025-01-03T00:00:00,DGC,117.3,115.5,116.5,116.25853274912932,115.5,116.6,1780200.0,1780200.0,0.0,206963440000.0,0.0,146636.0,16989610000.0,345520.0,40193040000.0,2678.0,2854748.0,2686.0,3418056.0,1.2592118874856655,117289135.0,2902950000.0,0.0,2902950000.0,1000.0
2025-01-06T00:00:00,DGC,116.0,112.1,115.1,113.86671529484029,112.5,115.5,2604800.0,2604800.0,0.0,296600020000.0,0.0,139560.0,15795640000.0,297165.0,33917000000.0,4756.0,3830858.0,2602.0,4246078.0,1.2592118874856655,117149975.0,15848570000.0,0.0,15848570000.0,1000.0
2025-01-07T00:00:00,DGC,113.3,112.1,112.5,112.57218485780169,112.3,112.5,1040800.0,1040800.0,0.0,117165130000.0,0.0,18200.0,2047140000.0,65835.0,7420490000.0,3041.0,2139713.0,1486.0,1811592.0,1.2592118874856655,117174375.0,-7870360000.0,0.0,-7870360000.0,1000.0
2025-01-08T00:00:00,DGC,113.2,112.3,112.3,112.664900406111,112.4,112.3,517100.0,517100.0,0.0,58259020000.0,0.0,1300.0,146510000.0,36100.0,4071680000.0,1651.0,1154515.0,1156.0,1111239.0,1.2592118874856655,117518595.0,-112700000.0,0.0,-112700000.0,1000.0
2025-01-09T00:00:00,DGC,113.1,112.2,113.1,112.49422978723405,112.2,112.4,587500.0,587500.0,0.0,66090360000.0,0.0,1690.0,190530000.0,46700.0,5261560000.0,1754.0,1178874.0,1322.0,1489726.0,1.2592118874856655,117814070.0,0.0,0.0,0.0,1000.0
2025-01-10T00:00:00,DGC,112.5,110.0,112.3,111.12130162545064,110.0,112.2,1581100.0,1581100.0,0.0,175693890000.0,0.0,172313.0,18958320000.0,37000.0,4117170000.0,3815.0,2398162.0,1867.0,2862053.0,1.2592118874856655,117707592.0,2224000000.0,0.0,2224000000.0,1000.0
2025-01-13T00:00:00,DGC,110.5,108.5,110.0,109.3104202109561,110.5,110.0,1175600.0,1175600.0,0.0,128505330000.0,0.0,149730.0,16439450000.0,347000.0,37890890000.0,3868.0,2284104.0,1610.0,1890881.0,1.2592118874856655,117593962.0,0.0,0.0,0.0,1000.0
2025-01-14T00:00:00,DGC,110.5,108.8,110.5,109.26600029184299,108.9,110.5,685300.0,685300.0,0.0,74879990000.0,0.0,128351.0,14000240000.0,199700.0,21837190000.0,2555.0,1307522.0,1401.0,1687453.0,1.2592118874856655,117512311.0,1094500000.0,0.0,1094500000.0,1000.0
2025-01-15T00:00:00,DGC,109.8,108.8,109.1,109.11744080734894,109.3,108.9,772900.0,772900.0,0.0,84336870000.0,0.0,36000.0,3932440000.0,204200.0,22280310000.0,2180.0,1393200.0,1452.0,1714818.0,1.2592118874856655,117513311.0,-217840000.0,0.0,-217840000.0,1000.0
2025-01-16T00:00:00,DGC,110.7,109.1,109.9,109.6060846316954,109.8,109.3,1084700.0,1084700.0,0.0,118889720000.0,0.0,156600.0,17177040000.0,495900.0,54310040000.0,2638.0,2070121.0,2989.0,2264092.0,1.2592118874856655,117703711.0,-604500000.0,0.0,-604500000.0,1000.0
2025-01-17T00:00:00,DGC,110.0,109.0,109.8,109.6570665309757,109.8,109.8,1416470.0,786100.0,630370.0,155396046000.0,69194626000.0,300970.0,33041280000.0,517870.0,56771340000.0,2835.0,1631625.0,2057.0,1584849.0,1.2592118874856655,117832811.0,2743430000.0,0.0,2743430000.0,1000.0
2025-01-20T00:00:00,DGC,110.6,109.7,110.0,110.14558534990189,109.9,109.8,1164500.0,764500.0,400000.0,128106300000.0,43900000000.0,50500.0,5566000000.0,219984.0,24231770000.0,1481.0,1558659.0,1818.0,1686809.0,1.2592118874856655,117986511.0,1597150000.0,0.0,1597150000.0,1000.0
2025-01-21T00:00:00,DGC,110.2,108.9,109.6,109.22643249404206,109.0,109.9,1298905.0,965100.0,333805.0,143351175000.0,37936745000.0,242605.0,26463630000.0,425005.0,46387240000.0,2824.0,1690231.0,2267.0,1900307.0,1.2592118874856655,118379611.0,2234650000.0,0.0,2234650000.0,1000.0
2025-01-22T00:00:00,DGC,110.3,109.0,109.0,109.42907573047108,109.0,109.0,838500.0,838500.0,0.0,91756280000.0,0.0,45600.0,4988940000.0,149100.0,16328950000.0,1876.0,1613411.0,2594.0,1976495.0,1.2592118874856655,118621511.0,0.0,0.0,0.0,1000.0
2025-01-23T00:00:00,DGC,111.0,109.3,110.1,110.0026195707284,111.0,109.0,1183400.0,1183400.0,0.0,130177100000.0,0.0,245900.0,27068540000.0,393300.0,43187530000.0,2485.0,1881977.0,2622.0,2079675.0,1.2592118874856655,118595595.0,2305700000.0,0.0,2305700000.0,1000.0
2025-01-24T00:00:00,DGC,111.7,110.2,111.0,110.83286127167631,111.4,111.0,1038000.0,1038000.0,0.0,115044510000.0,0.0,441300.0,48983310000.0,287500.0,31759920000.0,2933.0,1786111.0,2631.0,2107399.0,1.2592118874856655,118439495.0,0.0,0.0,0.0,1000.0
2025-02-03T00:00:00,DGC,111.4,109.9,111.4,110.46708576560394,110.4,111.4,1113100.0,668100.0,445000.0,122957760000.0,49154700000.0,507200.0,56034710000.0,551100.0,60879730000.0,1949.0,1183816.0,1509.0,1381900.0,1.2592118874856655,118526395.0,7285360000.0,0.0,7285360000.0,1000.0
2025-02-04T00:00:00,DGC,111.9,110.4,110.8,111.1976511001764,111.5,110.4,1077100.0,1077100.0,0.0,119770990000.0,0.0,8200.0,911090000.0,287161.0,31896410000.0,2023.0,1981681.0,2556.0,2098922.0,1.2592118874856655,118911495.0,1446020000.0,0.0,1446020000.0,1000.0
2025-02-05T00:00:00,DGC,111.9,110.5,111.8,111.06700710125268,111.7,111.5,1293300.0,1253300.0,40000.0,143600280000.0,4400000000.0,260800.0,29086000000.0,564900.0,62704430000.0,2923.0,1930916.0,2844.0,2231444.0,1.2592118874856655,118938195.0,3329100000.0,0.0,3329100000.0,1000.0
2025-02-06T00:00:00,DGC,111.9,110.6,111.7,111.03248776508973,111.4,111.7,1226000.0,1226000.0,0.0,136125830000.0,0.0,311600.0,34695790000.0,361100.0,40012640000.0,2573.0,2072201.0,2365.0,2104388.0,1.2592118874856655,118732695.0,1163450000.0,0.0,1163450000.0,1000.0
2025-02-07T00:00:00,DGC,111.5,110.2,111.4,110.5893063583815,111.1,111.4,1245600.0,1245600.0,0.0,137750040000.0,0.0,154600.0,17162590000.0,525001.0,58002610000.0,3126.0,2055011.0,2547.0,2169778.0,1.2592118874856655,118865256.0,165750000.0,0.0,165750000.0,1000.0
2025-02-10T00:00:00,DGC,110.5,107.6,110.5,108.72288098566933,107.6,111.1,2732800.0,2288800.0,444000.0,297637830000.0,48792900000.0,278800.0,30257000000.0,606900.0,66180410000.0,5702.0,3327691.0,2627.0,3497296.0,1.2592118874856655,119376356.0,-13644000000.0,0.0,-13644000000.0,1000.0
2025-02-11T00:00:00,DGC,108.8,106.3,107.6,107.62071738666288,108.5,107.6,1405100.0,1405100.0,0.0,151217870000.0,0.0,100230.0,10817190000.0,251008.0,27011050000.0,4251.0,2802498.0,2798.0,2245438.0,1.2592118874856655,119637226.0,-4921290000.0,0.0,-4921290000.0,1000.0
2025-02-12T00:00:00,DGC,109.5,107.5,109.0,108.06125915702304,108.4,108.5,941900.0,941900.0,0.0,101782900000.0,0.0,133269.0,14434950000.0,260100.0,28090790000.0,3052.0,1760393.0,2270.0,1904065.0,1.2592118874856655,120028958.0,6950000.0,0.0,6950000.0,1000.0
2025-02-13T00:00:00,DGC,108.5,107.4,107.9,107.92121333869024,108.5,108.4,995600.0,995600.0,0.0,107446360000.0,0.0,121100.0,13126240000.0,291100.0,31331610000.0,3011.0,1912660.0,3153.0,1643869.0,1.2592118874856655,120289758.0,-2168500000.0,0.0,-2168500000.0,1000.0
2025-02-14T00:00:00,DGC,109.5,107.6,108.8,108.06207556193209,108.0,108.5,1254600.0,1254600.0,0.0,135574680000.0,0.0,101900.0,11011570000.0,391200.0,42285330000.0,3454.0,2386468.0,2556.0,2399659.0,1.2592118874856655,120438866.0,1078650000.0,0.0,1078650000.0,1000.0
2025-02-17T00:00:00,DGC,108.3,106.5,108.0,106.95956969452914,106.6,108.0,1738300.0,1738300.0,0.0,185927820000.0,0.0,102000.0,10874160000.0,368700.0,39521900000.0,4944.0,2848281.0,2769.0,2847696.0,1.2592118874856655,120596966.0,0.0,0.0,0.0,1000.0
2025-02-18T00:00:00,DGC,107.5,106.6,106.9,106.98708761197291,107.5,106.6,1160400.0,915400.0,245000.0,124146080000.0,26210100000.0,347100.0,37183420000.0,473000.0,50577540000.0,2768.0,1855501.0,2394.0,1838417.0,1.2592118874856655,120755966.0,0.0,0.0,0.0,1000.0
2025-02-19T00:00:00,DGC,108.0,107.0,108.0,107.41611230329042,108.0,107.5,1118400.0,1118400.0,0.0,120134180000.0,0.0,123300.0,13299910000.0,337500.0,36180030000.0,3357.0,2591297.0,2669.0,2053074.0,1.2592118874856655,121018866.0,9461820000.0,0.0,9461820000.0,1000.0
2025-02-20T00:00:00,DGC,112.2,108.1,108.3,110.62639415481831,110.3,108.0,2532000.0,2532000.0,0.0,280106030000.0,0.0,84300.0,9260840000.0,154100.0,17050190000.0,3723.0,4525576.0,6260.0,5373129.0,1.2592118874856655,121303266.0,7779435000.0,0.0,7779435000.0,1000.0
2025-02-21T00:00:00,DGC,110.9,109.1,110.4,109.70833150142889,109.5,110.3,1189800.0,909800.0,280000.0,130612640000.0,30800000000.0,3400.0,372800000.0,227600.0,24931570000.0,2636.0,1748070.0,2885.0,2409276.0,1.2592118874856655,121557866.0,878000000.0,0.0,878000000.0,1000.0
2025-02-24T00:00:00,DGC,109.5,108.0,109.4,108.76868204927649,109.5,109.5,1278500.0,1278500.0,0.0,139060760000.0,0.0,166170.0,18182370000.0,13400.0,1459760000.0,3292.0,2108968.0,1648.0,2246960.0,1.2592118874856655,121729196.0,433150000.0,0.0,433150000.0,1000.0
2025-02-25T00:00:00,DGC,110.4,108.8,109.8,109.38547978695539,109.7,109.5,1145300.0,1145300.0,0.0,125279190000.0,0.0,110900.0,12165760000.0,42100.0,4616310000.0,2615.0,2090824.0,2468.0,2647855.0,1.2592118874856655,121772396.0,0.0,0.0,0.0,1000.0
2025-02-26T00:00:00,DGC,111.0,109.5,110.0,110.07610889661606,110.0,109.7,1179100.0,1179100.0,0.0,129790740000.0,0.0,21400.0,2353620000.0,231900.0,25489300000.0,2434.0,1984733.0,3508.0,2874761.0,1.2592118874856655,121976596.0,0.0,0.0,0.0,1000.0
2025-02-27T00:00:00,DGC,111.5,109.7,110.0,110.4183935742972,110.8,110.0,1743000.0,1743000.0,0.0,192459260000.0,0.0,199700.0,22065480000.0,127100.0,14001930000.0,3267.0,3119706.0,4164.0,3509705.0,1.2592118874856655,121790296.0,-1334200000.0,0.0,-1334200000.0,1000.0
2025-02-28T00:00:00,DGC,112.8,110.8,111.0,111.71229615521962,111.5,110.8,2520300.0,2520300.0,0.0,281548500000.0,0.0,124300.0,13869790000.0,370300.0,41309220000.0,3541.0,4110642.0,5980.0,5571434.0,1.2592118874856655,121708096.0,1005950000.0,0.0,1005950000.0,1000.0
2025-03-03T00:00:00,DGC,115.6,111.5,112.5,114.057803398787,113.3,111.5,3354600.0,3330600.0,24000.0,382600120000.0,2719200000.0,190100.0,21656020000.0,248650.0,28342080000.0,4303.0,5923535.0,7304.0,7621180.0,1.2592118874856655,121749896.0,1752080000.0,0.0,1752080000.0,1000.0
2025-03-04T00:00:00,DGC,113.5,111.5,113.5,112.28246286213617,112.0,113.3,1487700.0,1487700.0,0.0,167042620000.0,0.0,1200.0,134210000.0,148600.0,16686650000.0,3829.0,3062151.0,2884.0,3016537.0,1.2592118874856655,121875796.0,581700000.0,0.0,581700000.0,1000.0
2025-03-05T00:00:00,DGC,112.6,109.9,112.4,111.27139926310501,110.0,112.0,2388400.0,2388400.0,0.0,265760610000.0,0.0,66200.0,7289580000.0,211600.0,23616890000.0,4364.0,3624271.0,2938.0,4261264.0,1.2592118874856655,122179896.0,-10976990000.0,0.0,-10976990000.0,1000.0
2025-03-06T00:00:00,DGC,111.4,109.3,110.5,110.14610430487627,111.1,110.0,2095100.0,2065100.0,30000.0,230822720000.0,3360000000.0,92500.0,10255010000.0,315400.0,34793240000.0,4402.0,3637721.0,2029.0,3217103.0,1.2592118874856655,122336046.0,55000000.0,0.0,55000000.0,1000.0
2025-03-07T00:00:00,DGC,111.9,110.6,111.9,110.89894000423998,111.2,111.1,1415100.0,1415100.0,0.0,156933090000.0,0.0,248200.0,27546790000.0,652900.0,72370150000.0,2604.0,2776337.0,1947.0,2784253.0,1.2592118874856655,122236446.0,1236980000.0,0.0,1236980000.0,1000.0
2025-03-10T00:00:00,DGC,111.7,110.4,111.2,110.6021352095442,110.5,111.2,1634500.0,1634500.0,0.0,180779190000.0,0.0,115100.0,12720020000.0,470196.0,51999690000.0,2317.0,2622858.0,2299.0,3161128.0,1.2592118874856655,122332946.0,9407790000.0,0.0,9407790000.0,1000.0
2025-03-11T00:00:00,DGC,109.9,108.9,109.7,109.1976801216342,109.1,110.5,2038900.0,2038900.0,0.0,222643150000.0,0.0,81100.0,8848670000.0,692000.0,75566210000.0,4771.0,4268541.0,3158.0,3127837.0,1.2592118874856655,122567246.0,2622330000.0,0.0,2622330000.0,1000.0
2025-03-12T00:00:00,DGC,110.0,109.0,109.8,109.47624604911256,110.0,109.1,1274600.0,1233900.0,40700.0,139832430000.0,4749690000.0,329100.0,36091270000.0,41000.0,4485270000.0,2731.0,2552770.0,2069.0,2468623.0,1.2592118874856655,122891046.0,-8018603000.0,0.0,-8018603000.0,1000.0
2025-03-13T00:00:00,DGC,110.4,108.9,110.3,109.13659676452966,108.9,110.0,1669000.0,1669000.0,0.0,182148980000.0,0.0,26501.0,2889810000.0,335700.0,36645840000.0,2954.0,3162763.0,2908.0,2747627.0,1.2592118874856655,123334741.0,-56142000.0,0.0,-56142000.0,1000.0
2025-03-14T00:00:00,DGC,108.9,106.8,108.9,107.49940727540387,107.0,108.9,2622000.0,2581300.0,40700.0,282041121000.0,4552901000.0,59160.0,6334380000.0,482973.0,51976080000.0,5703.0,5174145.0,2343.0,3876149.0,1.2592118874856655,123967581.0,-11345213000.0,0.0,-11345213000.0,1000.0
2025-03-17T00:00:00,DGC,108.0,106.7,107.4,106.89595766386127,107.0,107.0,2568400.0,1568400.0,1000000.0,274655620000.0,107000000000.0,104038.0,11131490000.0,410100.0,43830710000.0,3065.0,2371781.0,1830.0,2280047.0,1.2592118874856655,123904543.0,-940490000.0,-107000000000.0,-107940490000.0,1000.0
2025-03-18T00:00:00,DGC,108.2,107.1,107.5,107.58030303030303,107.3,107.0,653496.0,653400.0,96.0,70303270800.0,10300800.0,7400.0,795520000.0,144796.0,15569450000.0,1909.0,1707877.0,1828.0,1497770.0,1.2592118874856655,124232843.0,969020000.0,0.0,969020000.0,1000.0
2025-03-19T00:00:00,DGC,108.6,106.3,107.3,107.19308485700891,107.9,107.3,2706400.0,1706400.0,1000000.0,289914280000.0,107000000000.0,124540.0,13419830000.0,566459.0,60620880000.0,3899.0,3271421.0,3152.0,3278499.0,1.2592118874856655,124591276.0,322519000.0,107000000000.0,107322519000.0,1000.0
2025-03-20T00:00:00,DGC,108.0,105.1,108.0,106.12270338744487,106.4,107.9,2151400.0,2131400.0,20000.0,228497930000.0,2308000000.0,166400.0,17681130000.0,676300.0,71861250000.0,5586.0,3720812.0,3608.0,3459500.0,1.2592118874856655,124834976.0,-9185153000.0,0.0,-9185153000.0,1000.0
2025-03-21T00:00:00,DGC,106.8,104.3,106.8,105.03001495140792,104.9,106.4,1605200.0,1605200.0,0.0,168594180000.0,0.0,174700.0,18336260000.0,566566.0,59495830000.0,4992.0,2715981.0,2407.0,2731778.0,1.2592118874856655,124805072.0,6144760000.0,0.0,6144760000.0,1000.0
2025-03-24T00:00:00,DGC,106.8,103.3,105.0,104.53555640243901,104.0,104.9,2139200.0,2099200.0,40000.0,223617440000.0,4176400000.0,61050.0,6360810000.0,503080.0,52584190000.0,4511.0,4537847.0,2837.0,3908161.0,1.2592118874856655,125310481.0,2194737000.0,0.0,2194737000.0,1000.0
2025-03-25T00:00:00,DGC,104.9,104.0,104.0,104.22243117487399,104.2,104.0,1031600.0,1031600.0,0.0,107515860000.0,0.0,10750.0,1121110000.0,278900.0,29052380000.0,2659.0,2089900.0,2129.0,1914550.0,1.2592118874856655,125976031.0,1492960000.0,0.0,1492960000.0,1000.0
2025-03-26T00:00:00,DGC,105.4,103.6,104.2,104.30047453031185,104.5,104.2,1032600.0,1032600.0,0.0,107700670000.0,0.0,52622.0,5497910000.0,164600.0,17166680000.0,2437.0,1800774.0,2376.0,2055479.0,1.2592118874856655,126489975.0,-259000.0,0.0,-259000.0,1000.0
2025-03-27T00:00:00,DGC,105.4,103.8,104.4,104.63306785112574,105.1,104.5,652900.0,652900.0,0.0,68314930000.0,0.0,61000.0,6409180000.0,16000.0,1673030000.0,1791.0,1308684.0,1914.0,1458748.0,1.2592118874856655,126932055.0,-52220000.0,0.0,-52220000.0,1000.0
2025-03-28T00:00:00,DGC,105.1,102.5,105.1,103.46912973147849,102.9,105.1,1568500.0,1545500.0,23000.0,162496740000.0,2585200000.0,104423.0,10747550000.0,538964.0,55860380000.0,3622.0,3121604.0,2082.0,2882757.0,1.2592118874856655,127106532.0,-158513000.0,0.0,-158513000.0,1000.0
2025-03-31T00:00:00,DGC,102.1,96.8,101.6,99.38260607127587,99.6,102.9,4091100.0,3976100.0,115000.0,406532130000.0,11376950000.0,342900.0,34060950000.0,865300.0,86082820000.0,8517.0,6057367.0,3788.0,5893979.0,1.2592118874856655,126963232.0,-27587982000.0,0.0,-27587982000.0,1000.0
2025-04-01T00:00:00,DGC,100.2,97.1,99.7,97.595122448148,98.2,99.6,2477100.0,2454100.0,23000.0,241957690000.0,2449500000.0,205760.0,20200830000.0,858100.0,83590550000.0,4799.0,3983732.0,3330.0,3551843.0,1.2592118874856655,126773472.0,0.0,0.0,0.0,1000.0
2025-04-02T00:00:00,DGC,98.0,96.2,98.0,96.86158706755832,97.1,98.2,1899100.0,1899100.0,0.0,183949840000.0,0.0,234400.0,22756950000.0,741686.0,71797560000.0,5031.0,3736960.0,2686.0,3103696.0,1.2592118874856655,127078036.0,-145068000.0,0.0,-145068000.0,1000.0
2025-04-03T00:00:00,DGC,93.0,90.4,93.0,90.73203844746732,90.4,97.1,3306700.0,3006700.0,300000.0,299924020000.0,27120000000.0,189136.0,17116270000.0,32650.0,2978930000.0,3784.0,3506369.0,3650.0,7717282.0,1.2592118874856655,127719200.0,-5380002000.0,0.0,-5380002000.0,1000.0
2025-04-04T00:00:00,DGC,85.7,84.1,84.1,84.24956018115311,84.5,90.4,6889200.0,6889200.0,0.0,580412070000.0,0.0,763581.0,64415746100.0,117700.0,9908790000.0,6692.0,8212390.0,4885.0,10829544.0,1.2592118874856655,127811219.0,29222950000.0,0.0,29222950000.0,1000.0
2025-04-08T00:00:00,DGC,84.0,78.6,79.1,78.94517712617753,78.6,84.5,2591100.0,2261100.0,330000.0,204440940000.0,25938000000.0,316700.0,24915320000.0,171000.0,13504260000.0,2472.0,2903401.0,3242.0,9088119.0,1.2592118874856655,128236205.0,-52843350000.0,0.0,-52843350000.0,1000.0
2025-04-09T00:00:00,DGC,78.0,73.1,73.1,73.72605675864776,73.1,78.6,6409900.0,5859900.0,550000.0,472232320000.0,40205000000.0,1123950.0,83033905000.0,769448.0,56907293700.0,6443.0,8465981.0,5636.0,10334974.0,1.2592118874856655,127144905.0,-3484914000.0,0.0,-3484914000.0,1000.0
2025-04-10T00:00:00,DGC,78.2,78.2,78.2,78.2,78.2,73.1,154200.0,134200.0,20000.0,12058440000.0,1564000000.0,4000.0,312800000.0,5900.0,461380000.0,5497.0,16614672.0,186.0,134505.0,1.2592118874856655,127258605.0,-7820000.0,0.0,-7820000.0,1000.0
2025-04-11T00:00:00,DGC,83.6,80.1,83.6,83.18141850131961,83.6,78.2,3043300.0,2993300.0,50000.0,252641940000.0,3655000000.0,419300.0,34675330000.0,96900.0,8067860000.0,6171.0,8512184.0,2828.0,3839455.0,1.2592118874856655,127005805.0,2177860000.0,0.0,2177860000.0,1000.0
2025-04-14T00:00:00,DGC,89.4,87.0,89.4,89.37407301842303,89.4,83.6,3859300.0,3859300.0,0.0,344921360000.0,0.0,99100.0,8830760000.0,304900.0,27253720000.0,4173.0,8942656.0,2041.0,4068728.0,1.2592118874856655,127676153.0,0.0,0.0,0.0,1000.0
2025-04-15T00:00:00,DGC,91.8,87.1,90.0,89.17874694272226,89.5,89.4,3516200.0,3516200.0,0.0,313570310000.0,0.0,276400.0,24362190000.0,870500.0,77786310000.0,6680.0,6842417.0,4626.0,7174641.0,1.2592118874856655,127405653.0,-20419150000.0,0.0,-20419150000.0,1000.0
2025-04-16T00:00:00,DGC,89.3,87.2,88.5,87.86637843732959,87.6,89.5,2567400.0,2567400.0,0.0,225588140000.0,0.0,116120.0,10186948000.0,429600.0,37842980000.0,3419.0,3783990.0,2322.0,5134037.0,1.2592118874856655,127386433.0,-6161690000.0,0.0,-6161690000.0,1000.0
2025-04-17T00:00:00,DGC,87.3,85.6,85.6,86.38109074653553,87.2,87.6,1118500.0,1118500.0,0.0,96617250000.0,0.0,40634.0,3503259000.0,125200.0,10839040000.0,2981.0,2460008.0,1722.0,1946302.0,1.2592118874856655,127650699.0,172000000.0,0.0,172000000.0,1000.0
2025-04-18T00:00:00,DGC,88.6,86.8,88.2,87.82851266160914,88.5,87.2,1871800.0,1871800.0,0.0,164397410000.0,0.0,316200.0,27779530000.0,544100.0,47686130000.0,3109.0,3824331.0,2629.0,3272158.0,1.2592118874856655,128204999.0,759280000.0,0.0,759280000.0,1000.0
2025-04-21T00:00:00,DGC,88.8,86.6,88.6,87.30310544875441,87.1,88.5,879100.0,879100.0,0.0,76748160000.0,0.0,82308.0,7169118800.0,126600.0,11064160000.0,2465.0,1695257.0,1591.0,1671825.0,1.2592118874856655,128552291.0,2443960000.0,0.0,2443960000.0,1000.0
2025-04-22T00:00:00,DGC,89.9,81.5,87.6,85.92295353654927,88.2,87.1,3379000.0,3379000.0,0.0,290333660000.0,0.0,428789.0,37158303000.0,270785.0,23662541000.0,4991.0,5618248.0,5120.0,5875150.0,1.2592118874856655,128248702.0,787900000.0,0.0,787900000.0,1000.0
2025-04-23T00:00:00,DGC,92.5,88.8,89.2,90.65879974669978,90.8,88.2,2052900.0,2052900.0,0.0,186113450000.0,0.0,107500.0,9722320000.0,89500.0,8100040000.0,3543.0,3774121.0,5230.0,4185218.0,1.2592118874856655,128685302.0,-727180000.0,0.0,-727180000.0,1000.0
2025-04-24T00:00:00,DGC,92.5,90.6,91.5,91.393195292452,91.6,90.8,1130100.0,1130100.0,0.0,103283450000.0,0.0,218700.0,19947430000.0,16381.0,1507763100.0,2100.0,2112897.0,2806.0,2673515.0,1.2592118874856655,128595202.0,0.0,0.0,0.0,1000.0
2025-04-25T00:00:00,DGC,92.0,89.7,91.9,90.80452692373025,91.2,91.6,1177400.0,1177400.0,0.0,106913250000.0,0.0,191500.0,17412620000.0,284700.0,25853090000.0,2905.0,2624873.0,2236.0,2633717.0,1.2592118874856655,128674487.0,0.0,0.0,0.0,1000.0
2025-04-28T00:00:00,DGC,91.5,89.9,90.6,90.81481048805816,91.5,91.2,770400.0,770400.0,0.0,69963730000.0,0.0,229900.0,20904760000.0,3700.0,334860000.0,2182.0,2086780.0,1563.0,1487250.0,1.2592118874856655,128534087.0,0.0,0.0,0.0,1000.0
2025-04-29T00:00:00,DGC,92.9,90.7,91.2,91.86027927836102,91.0,91.5,981100.0,981100.0,0.0,90124120000.0,0.0,247700.0,22770680000.0,122117.0,11186874000.0,2132.0,1950989.0,2894.0,2334583.0,1.2592118874856655,128302768.0,3588980000.0,0.0,3588980000.0,1000.0
2025-05-05T00:00:00,DGC,94.0,90.8,92.5,92.64089458657561,93.8,91.0,1786300.0,1786300.0,0.0,165484430000.0,0.0,344544.0,32038147400.0,179700.0,16745340000.0,2529.0,2716454.0,3063.0,2780711.0,1.2592118874856655,128587468.0,10313630000.0,0.0,10313630000.0,1000.0
2025-05-06T00:00:00,DGC,94.7,93.0,94.5,93.76562011056639,93.3,93.8,958700.0,958700.0,0.0,89893100000.0,0.0,6700.0,630230000.0,152100.0,14278110000.0,1790.0,1490221.0,2060.0,2188751.0,1.2592118874856655,128426324.0,8875490000.0,0.0,8875490000.0,1000.0
2025-05-07T00:00:00,DGC,94.0,91.8,93.3,92.31912768436824,92.1,93.3,1201400.0,1201400.0,0.0,110912200000.0,0.0,50100.0,4641880000.0,217000.0,20022540000.0,2498.0,1924545.0,1752.0,2217048.0,1.2592118874856655,128548441.0,6870900000.0,0.0,6870900000.0,1000.0
2025-05-08T00:00:00,DGC,92.8,91.2,92.0,91.81862397918624,92.2,92.1,1383700.0,1383700.0,0.0,127049430000.0,0.0,264500.0,24347310000.0,292300.0,26782080000.0,2844.0,2604230.0,1635.0,2307611.0,1.2592118874856655,128548441.0,3478900000.0,0.0,3478900000.0,1000.0
2025-05-09T00:00:00,DGC,92.9,91.5,92.9,91.80723080367136,91.7,92.2,893400.0,893400.0,0.0,82020580000.0,0.0,226700.0,20809860000.0,313200.0,28735920000.0,2617.0,1849251.0,1596.0,1871267.0,1.2592118874856655,128693841.0,2761200000.0,0.0,2761200000.0,1000.0
2025-05-12T00:00:00,DGC,92.4,91.2,92.4,91.53204299337321,91.8,91.7,1237400.0,1237400.0,0.0,113261750000.0,0.0,98151.0,8994791800.0,296000.0,27072180000.0,2269.0,1959026.0,1664.0,2165547.0,1.2592118874856655,128860741.0,5947500000.0,0.0,5947500000.0,1000.0
2025-05-13T00:00:00,DGC,93.0,91.2,91.9,91.73717764481489,91.6,91.8,3827300.0,3827300.0,0.0,351105700000.0,0.0,310300.0,28559590000.0,641700.0,58794800000.0,5367.0,5379995.0,2885.0,5266844.0,1.2592118874856655,128888541.0,-13910000000.0,0.0,-13910000000.0,1000.0
2025-05-14T00:00:00,DGC,94.0,91.4,91.4,92.58451563914605,93.8,91.6,3424100.0,3424100.0,0.0,317018640000.0,0.0,655600.0,60540210000.0,287200.0,26459630000.0,4481.0,6006186.0,4048.0,4714125.0,1.2592118874856655,128975041.0,-2814000000.0,0.0,-2814000000.0,1000.0
2025-05-15T00:00:00,DGC,94.5,92.6,94.4,93.28946980854198,93.5,93.8,1493800.0,1493800.0,0.0,139355810000.0,0.0,16500.0,1538350000.0,141100.0,13196790000.0,2937.0,2207651.0,2213.0,2894134.0,1.2592118874856655,128804490.0,4650000000.0,0.0,4650000000.0,1000.0
2025-05-16T00:00:00,DGC,93.5,91.6,93.5,92.24815562815563,91.9,93.5,1683500.0,1683500.0,0.0,155299770000.0,0.0,2100.0,193760000.0,292800.0,27017040000.0,3444.0,2347139.0,1965.0,3075114.0,1.2592118874856655,129135890.0,2703530000.0,0.0,2703530000.0,1000.0
2025-05-19T00:00:00,DGC,91.1,89.4,91.1,90.08011476495255,89.5,91.9,2718600.0,2718600.0,0.0,244891800000.0,0.0,508466.0,45745172800.0,534737.0,48266417400.0,5765.0,3982990.0,2419.0,4054058.0,1.2592118874856655,129135890.0,-12631350000.0,0.0,-12631350000.0,1000.0
2025-05-20T00:00:00,DGC,90.0,88.7,89.5,89.3115999331737,89.9,89.5,1795700.0,1795700.0,0.0,160376840000.0,0.0,200910.0,18029076000.0,39000.0,3494490000.0,4387.0,2661166.0,2069.0,2471657.0,1.2592118874856655,129260490.0,0.0,0.0,0.0,1000.0
2025-05-21T00:00:00,DGC,90.2,88.7,90.0,89.07110260562344,88.8,89.9,1358600.0,1358600.0,0.0,121012000000.0,0.0,53910.0,4797910000.0,251800.0,22475330000.0,2869.0,2146201.0,1707.0,2390850.0,1.2592118874856655,129389280.0,7867650000.0,0.0,7867650000.0,1000.0
2025-05-22T00:00:00,DGC,89.0,88.1,88.9,88.60422472482026,88.8,88.8,1571700.0,1571700.0,0.0,139259260000.0,0.0,372200.0,33007560000.0,154300.0,13671920000.0,3321.0,2680601.0,2226.0,2337381.0,1.2592118874856655,129415551.0,5297354000.0,0.0,5297354000.0,1000.0
2025-05-23T00:00:00,DGC,88.8,87.8,88.4,88.26769608972883,87.8,88.8,1301700.0,1301700.0,0.0,114898060000.0,0.0,4600.0,404930000.0,25800.0,2273890000.0,2518.0,2079094.0,975.0,1954847.0,1.2592118874856655,129197651.0,6195000000.0,0.0,6195000000.0,1000.0
2025-05-26T00:00:00,DGC,90.0,87.3,87.5,88.47379314506396,90.0,87.8,1657200.0,1657200.0,0.0,146618770000.0,0.0,224005.0,19797640500.0,262600.0,23148460000.0,2993.0,3080721.0,2175.0,2367244.0,1.2592118874856655,129395541.0,0.0,0.0,0.0,1000.0
2025-05-27T00:00:00,DGC,92.5,89.7,90.4,90.76606191117092,91.8,90.0,1857500.0,1857500.0,0.0,168597960000.0,0.0,319400.0,28930630000.0,188800.0,17133290000.0,2438.0,3200560.0,3315.0,3513079.0,1.2592118874856655,129395541.0,1740720000.0,0.0,1740720000.0,1000.0
2025-05-28T00:00:00,DGC,93.0,90.3,93.0,91.48318724549658,90.7,91.8,1448900.0,1448900.0,0.0,132549990000.0,0.0,31230.0,2863954000.0,316300.0,29004560000.0,2476.0,2101036.0,3104.0,3561816.0,1.2592118874856655,129286141.0,0.0,0.0,0.0,1000.0
2025-05-29T00:00:00,DGC,91.3,89.5,90.7,90.22473173662975,89.5,90.7,1164900.0,1164900.0,0.0,105102790000.0,0.0,10820.0,977234000.0,227900.0,20584210000.0,2208.0,1690577.0,1867.0,2279630.0,1.2592118874856655,129324736.0,6107400000.0,0.0,6107400000.0,1000.0
2025-05-30T00:00:00,DGC,90.0,88.0,90.0,88.74250464468184,89.9,89.5,1722400.0,1722400.0,0.0,152850090000.0,0.0,112860.0,10135392000.0,816992.0,72390517200.0,3970.0,2809883.0,2133.0,2783010.0,1.2592118874856655,129324736.0,3543840000.0,0.0,3543840000.0,1000.0
2025-06-02T00:00:00,DGC,89.3,88.0,89.0,88.75754401942926,89.1,89.9,658800.0,658800.0,0.0,58473470000.0,0.0,7900.0,702730000.0,156200.0,13874180000.0,2113.0,1462962.0,1173.0,1488912.0,1.2592118874856655,129609806.0,177600000.0,0.0,177600000.0,1000.0
2025-06-03T00:00:00,DGC,91.0,89.1,89.9,90.21840314319792,90.5,89.1,1425300.0,1425300.0,0.0,128588290000.0,0.0,299530.0,27016449000.0,143121.0,12902827500.0,1799.0,2705437.0,3162.0,2923463.0,1.2592118874856655,129826886.0,-2925980000.0,0.0,-2925980000.0,1000.0
2025-06-04T00:00:00,DGC,91.9,90.0,91.1,90.92762246729932,90.1,90.5,1169700.0,1169700.0,0.0,106358040000.0,0.0,119110.0,10875242000.0,217300.0,19723940000.0,2028.0,1737196.0,2709.0,2727176.0,1.2592118874856655,130374609.0,3646000000.0,0.0,3646000000.0,1000.0
2025-06-05T00:00:00,DGC,91.7,89.7,90.2,90.7783910023969,90.6,90.1,1627100.0,1627100.0,0.0,147705520000.0,0.0,449630.0,40882440000.0,359100.0,32541940000.0,2535.0,2743431.0,2928.0,3191764.0,1.2592118874856655,130522909.0,1785980000.0,0.0,1785980000.0,1000.0
2025-06-06T00:00:00,DGC,90.6,89.1,90.6,89.68246027588616,89.8,90.6,1145400.0,1145400.0,0.0,102722290000.0,0.0,185200.0,16612440000.0,224500.0,20116060000.0,2708.0,1828078.0,1457.0,2275251.0,1.2592118874856655,130432379.0,1751640000.0,0.0,1751640000.0,1000.0
2025-06-09T00:00:00,DGC,89.8,88.1,89.8,88.65344375056567,88.1,89.8,1104900.0,1104900.0,0.0,97953190000.0,0.0,510.0,45160000.0,311100.0,27622760000.0,2256.0,1628482.0,1235.0,1905847.0,1.2592118874856655,130530569.0,6195000000.0,0.0,6195000000.0,1000.0
2025-06-10T00:00:00,DGC,92.2,88.2,88.2,90.91740470454869,91.3,88.1,2822800.0,2822800.0,0.0,256641650000.0,0.0,609200.0,55411520000.0,20600.0,1824830000.0,2897.0,4473475.0,5097.0,4451726.0,1.2592118874856655,130530569.0,-1818500000.0,0.0,-1818500000.0,1000.0
2025-06-11T00:00:00,DGC,95.5,90.8,91.3,93.32645401324068,92.7,91.3,3655400.0,3655400.0,0.0,341145520000.0,0.0,267400.0,24736360000.0,274400.0,25607620000.0,4262.0,5092759.0,6261.0,6367079.0,1.2592118874856655,129981269.0,894360000.0,0.0,894360000.0,1000.0
2025-06-12T00:00:00,DGC,93.5,92.4,92.8,92.73356462685466,92.9,92.7,1822300.0,1354700.0,467600.0,168972680000.0,43346520000.0,111910.0,10379457000.0,155700.0,14458150000.0,2091.0,2387197.0,2523.0,3427741.0,1.2592118874856655,130291859.0,-1103820000.0,0.0,-1103820000.0,1000.0
2025-06-13T00:00:00,DGC,95.0,91.0,91.9,92.57096972491163,92.7,92.9,3273500.0,3253500.0,20000.0,303109650000.0,1930000000.0,241500.0,22416640000.0,335600.0,31184350000.0,4354.0,4714861.0,4366.0,6856768.0,1.2592118874856655,130291859.0,9174200000.0,0.0,9174200000.0,1000.0
2025-06-16T00:00:00,DGC,98.0,93.1,93.1,96.44887535050735,98.0,92.7,4957100.0,4957100.0,0.0,478106720000.0,0.0,799539.0,77059706800.0,343160.0,33221601900.0,4762.0,7076941.0,7493.0,7697046.0,1.2592118874856655,130298859.0,-6756040000.0,0.0,-6756040000.0,1000.0
2025-06-17T00:00:00,DGC,99.0,96.7,98.9,97.6429949452401,98.7,98.0,2585000.0,2374000.0,211000.0,251849470000.0,20045000000.0,238201.0,23362917300.0,372100.0,36362450000.0,3149.0,3593024.0,3843.0,4936376.0,1.2592118874856655,129886270.0,9660000.0,0.0,9660000.0,1000.0
2025-06-18T00:00:00,DGC,99.0,96.7,98.6,97.593698434643,97.4,98.7,2242300.0,2242300.0,0.0,218834350000.0,0.0,97900.0,9554210000.0,286100.0,28015300000.0,3060.0,3176945.0,2914.0,4433440.0,1.2592118874856655,129980370.0,2358670000.0,0.0,2358670000.0,1000.0
2025-06-19T00:00:00,DGC,98.8,96.3,97.5,97.04535112035111,97.4,97.4,1731600.0,1731600.0,0.0,168043730000.0,0.0,295900.0,28786590000.0,254500.0,24699820000.0,2716.0,2603957.0,2391.0,3344914.0,1.2592118874856655,129980370.0,338050000.0,0.0,338050000.0,1000.0
2025-06-20T00:00:00,DGC,97.2,96.0,97.2,96.50833333333333,96.8,97.4,1813200.0,1813200.0,0.0,174988910000.0,0.0,402100.0,38905090000.0,125300.0,12118620000.0,2669.0,2570660.0,1758.0,3219144.0,1.2592118874856655,130072869.0,-218780000.0,0.0,-218780000.0,1000.0
2025-06-23T00:00:00,DGC,97.4,95.0,96.0,96.34494097070397,96.4,96.8,1362500.0,1143500.0,219000.0,131194440000.0,21024000000.0,32300.0,3096030000.0,207400.0,20014740000.0,2608.0,2164022.0,2012.0,2756637.0,1.2592118874856655,129984269.0,-310260000.0,0.0,-310260000.0,1000.0
2025-06-24T00:00:00,DGC,97.1,96.0,97.0,96.62242982299303,96.5,96.4,2237200.0,2237200.0,0.0,216163700000.0,0.0,285310.0,27606367000.0,234000.0,22635900000.0,2496.0,3129857.0,2383.0,3544241.0,1.2592118874856655,129984269.0,1928000000.0,0.0,1928000000.0,1000.0
2025-06-25T00:00:00,DGC,98.0,96.3,96.9,97.20741742036965,97.2,96.5,3009400.0,2034400.0,975000.0,292821270000.0,95062500000.0,192600.0,18758380000.0,69900.0,6771600000.0,2140.0,4200717.0,3206.0,4311728.0,1.2592118874856655,129932959.0,-2164800000.0,-95062500000.0,-97227300000.0,1000.0
2025-06-26T00:00:00,DGC,97.8,96.5,97.3,96.80185294117648,96.7,97.2,1020000.0,1020000.0,0.0,98737890000.0,0.0,10600.0,1026099641.1764706,66600.0,6447003405.882353,1321.0,1588934.0,1471.0,2360632.0,1.2592118874856655,129966459.0,5966720000.0,0.0,5966720000.0,1000.0
2025-06-27T00:00:00,DGC,99.5,96.3,96.6,98.3516853585442,98.9,96.7,4211700.0,3236700.0,975000.0,413397400000.0,95062500000.0,127500.0,12539839883.214384,105200.0,10346597299.71885,3442.0,6109760.0,5332.0,6201008.0,1.2592118874856655,129846159.0,0.0,0.0,0.0,1000.0
2025-06-30T00:00:00,DGC,102.5,100.4,100.6,101.61870376159216,101.7,98.9,2959100.0,2879100.0,80000.0,300482410000.0,7912000000.0,309310.0,31431681260.498074,352000.0,35769783724.080444,3675.0,5230121.0,4810.0,5396777.0,1.2592118874856655,129642549.0,-7886390000.0,0.0,-7886390000.0,1000.0
2025-07-01T00:00:00,DGC,102.2,99.5,102.2,100.36071077628561,100.9,101.7,2442400.0,2442400.0,0.0,245121000000.0,0.0,225100.0,22591195995.741894,280489.0,28150075404.929577,3489.0,4047827.0,2857.0,4476547.0,1.2592118874856655,129774859.0,97690000.0,0.0,97690000.0,1000.0
2025-07-02T00:00:00,DGC,102.0,99.7,100.9,100.58462122856523,101.8,100.9,1922800.0,1842800.0,80000.0,193269340000.0,7912000000.0,25600.0,2574966303.4512696,149785.0,15066067490.720642,2861.0,3695807.0,2155.0,3327851.0,1.2592118874856655,129970459.0,5007920000.0,0.0,5007920000.0,1000.0
2025-07-03T00:00:00,DGC,104.2,100.5,100.6,102.89139563247764,103.0,101.8,4073600.0,3443600.0,630000.0,418927810000.0,64611000000.0,1332000.0,137051338982.46022,244600.0,25167235371.70403,4165.0,5532509.0,4871.0,6779399.0,1.2592118874856655,128905449.0,16437970000.0,0.0,16437970000.0,1000.0
2025-07-04T00:00:00,DGC,103.4,101.7,102.9,102.16084204537374,102.0,103.0,1406100.0,1406100.0,0.0,143648360000.0,0.0,2100.0,214537768.29528484,56300.0,5751655407.154541,2556.0,2584229.0,2048.0,2711173.0,1.2592118874856655,129018038.0,14787660000.0,0.0,14787660000.0,1000.0
2025-07-07T00:00:00,DGC,102.7,100.5,102.6,101.46904495545887,102.2,102.0,2643500.0,2413500.0,230000.0,268309540000.0,23414000000.0,397760.0,40360327321.48332,685200.0,69526589603.48042,3901.0,3536541.0,2258.0,3981881.0,1.2592118874856655,128748563.0,5704740000.0,0.0,5704740000.0,1000.0
2025-07-08T00:00:00,DGC,102.6,101.1,102.2,101.80469812702731,102.6,102.2,1911400.0,1911400.0,0.0,194589500000.0,0.0,243200.0,24758902584.493042,378700.0,38553439180.705246,3035.0,4027371.0,2287.0,2948257.0,1.2592118874856655,128909203.0,8139580000.0,0.0,8139580000.0,1000.0
2025-07-09T00:00:00,DGC,104.6,102.1,103.1,102.89388228179803,102.1,102.6,2204400.0,1984400.0,220000.0,226182620000.0,22000000000.0,114500.0,11781349521.265873,411100.0,42299675006.047165,2319.0,3322647.0,3311.0,4576078.0,1.2592118874856655,129092623.0,2170000000.0,0.0,2170000000.0,1000.0
2025-07-10T00:00:00,DGC,102.0,101.0,101.6,101.47366433748536,101.5,102.1,2304100.0,2304100.0,0.0,233805470000.0,0.0,324500.0,32928204077.513996,32200.0,3267451991.6670284,4786.0,4151892.0,2241.0,3980718.0,1.2592118874856655,129168363.0,-10311180000.0,0.0,-10311180000.0,1000.0
2025-07-11T00:00:00,DGC,104.1,101.6,102.0,103.3069458200746,103.7,101.5,6023300.0,4745300.0,1278000.0,621196450000.0,130974000000.0,526300.0,54370445585.10526,41200.0,4256246167.7870736,3695.0,8163762.0,5479.0,8889398.0,1.2592118874856655,128810263.0,10552220000.0,-108974000000.0,-98421780000.0,1000.0
2025-07-14T00:00:00,DGC,104.2,101.7,104.2,103.030985306828,103.9,103.7,1851200.0,1851200.0,0.0,190730960000.0,0.0,198430.0,20444438414.43388,147500.0,15197070332.75713,3115.0,3337719.0,2619.0,3460413.0,1.2592118874856655,128949333.0,10335360000.0,0.0,10335360000.0,1000.0
2025-07-15T00:00:00,DGC,105.3,102.4,104.0,104.07460907672387,102.4,103.9,4310100.0,3012100.0,1298000.0,449121130000.0,135638000000.0,235500.0,24509570437.568474,386000.0,40172799103.61542,3699.0,5162467.0,3779.0,6373243.0,1.2592118874856655,128862533.0,3009720000.0,108974000000.0,111983720000.0,1000.0
2025-07-16T00:00:00,DGC,102.8,101.5,102.5,101.9951649370978,102.0,102.4,1397500.0,1724900.0,0.0,175931460000.0,0.0,4300.0,438579209.22952056,562400.0,57362080760.6238,4022.0,3203946.0,1845.0,2976393.0,1.2592118874856655,129092933.0,4779030000.0,0.0,4779030000.0,1000.0
2025-07-17T00:00:00,DGC,106.2,102.8,105.0,104.16994518237402,103.1,102.0,3015800.0,2845800.0,170000.0,312579830000.0,16133000000.0,11000.0,1145869397.0061142,372000.0,38751219607.84314,3485.0,4964385.0,4408.0,5792662.0,1.2592118874856655,129077933.0,2615240000.0,0.0,2615240000.0,1000.0
2025-07-18T00:00:00,DGC,103.8,102.3,103.0,102.80481714885897,102.6,103.1,2094600.0,2094600.0,0.0,215334970000.0,0.0,141300.0,14526320663.133772,425768.0,43771001387.83539,4148.0,3664831.0,2293.0,3710796.0,1.2592118874856655,129106133.0,6133990000.0,0.0,6133990000.0,1000.0
2025-07-21T00:00:00,DGC,103.5,102.1,102.6,102.62295769919427,102.1,102.6,2637200.0,1787200.0,850000.0,272382030000.0,88974280000.0,383700.0,39376428869.18084,376400.0,38627281277.97672,2582.0,4155450.0,2325.0,3978814.0,1.2592118874856655,129532933.0,895310000.0,0.0,895310000.0,1000.0
2025-07-22T00:00:00,DGC,102.8,101.7,101.8,102.12885591139724,102.3,102.1,2402900.0,1832900.0,570000.0,245428980000.0,58237000000.0,270900.0,27666707066.39751,226900.0,23173037406.296032,3387.0,3923028.0,2092.0,4058732.0,1.2592118874856655,129875553.0,1099810000.0,-38760000000.0,-37660190000.0,1000.0
2025-07-23T00:00:00,DGC,106.0,102.9,104.3,104.76354605769583,105.7,102.3,6966200.0,5456200.0,1510000.0,723160380000.0,151549520000.0,938430.0,98313254526.9235,233117.0,24422163566.33188,5935.0,10199626.0,6704.0,9988756.0,1.2592118874856655,129465671.0,1474100000.0,0.0,1474100000.0,1000.0
2025-07-24T00:00:00,DGC,106.5,104.3,106.2,105.19328286597718,105.2,105.7,2425800.0,1875800.0,550000.0,253373110000.0,56051550000.0,341600.0,35934025427.01781,285700.0,30053720914.80968,2704.0,3235961.0,2827.0,4770509.0,1.2592118874856655,129342088.0,4288350000.0,38760000000.0,43048350000.0,1000.0
2025-07-25T00:00:00,DGC,105.6,104.1,105.6,104.6546605698206,105.2,105.2,2875100.0,1990100.0,885000.0,301265495000.0,92992255000.0,375000.0,39245497713.68273,219900.0,23013559859.30355,3902.0,4156545.0,2147.0,4334347.0,1.2592118874856655,129320608.0,3094360000.0,0.0,3094360000.0,1000.0
2025-07-28T00:00:00,DGC,107.0,104.3,105.5,105.45904372444166,105.5,105.2,3641900.0,3496900.0,145000.0,384033730000.0,15254000000.0,477600.0,50367239282.793335,499400.0,52666246435.98616,4845.0,5710416.0,3972.0,5919941.0,1.2592118874856655,128981788.0,1503660000.0,0.0,1503660000.0,1000.0
2025-07-29T00:00:00,DGC,107.6,101.5,105.5,104.65585248646416,101.5,105.5,5271900.0,4598900.0,673000.0,550076800000.0,68775000000.0,451450.0,47246884605.014244,520300.0,54452440048.7073,5433.0,6479480.0,4527.0,8382754.0,1.2592118874856655,129009738.0,14788020000.0,0.0,14788020000.0,1000.0
2025-07-30T00:00:00,DGC,103.9,101.0,101.5,102.20761260489809,103.9,101.5,2808600.0,2335600.0,473000.0,286932256000.0,48216156000.0,293500.0,29997934299.537594,162417.0,16600253816.449734,4257.0,4845359.0,2357.0,3893587.0,1.2592118874856655,129244388.0,-16111930000.0,0.0,-16111930000.0,1000.0
2025-07-31T00:00:00,DGC,104.5,101.5,104.5,102.14557829650578,102.9,103.9,2524300.0,2086300.0,438000.0,259125672000.0,46019352000.0,236500.0,24157429267.123615,484300.0,49469103568.99775,4801.0,4569773.0,2962.0,4859755.0,1.2592118874856655,129123805.0,-5811590000.0,0.0,-5811590000.0,1000.0
2025-08-01T00:00:00,DGC,103.0,101.6,102.3,101.93902424242425,101.6,102.9,2016000.0,1650000.0,366000.0,205135782000.0,36936392000.0,191700.0,19541710947.272728,496620.0,50624958219.27273,2933.0,3313868.0,1935.0,4497151.0,1.2592118874856655,129229555.0,19335670000.0,0.0,19335670000.0,1000.0
2025-08-04T00:00:00,DGC,103.2,101.6,101.7,102.3056143381559,103.2,101.6,2444300.0,1389300.0,1055000.0,249467630000.0,107334440000.0,236400.0,24185047229.540054,108200.0,11069467471.38847,2774.0,3545984.0,1868.0,3669062.0,1.2592118874856655,129203755.0,2897460000.0,-100076000000.0,-97178540000.0,1000.0
2025-08-05T00:00:00,DGC,105.4,101.6,103.2,103.87487275017054,103.5,103.2,5978800.0,3811400.0,2167400.0,616715530000.0,220806840000.0,540200.0,56113206259.64213,1358280.0,141091162159.10165,3690.0,7360485.0,4908.0,9163895.0,1.2592118874856655,128987655.0,2419980000.0,-21920640000.0,-19500660000.0,1000.0
2025-08-06T00:00:00,DGC,106.6,103.0,103.1,105.63743285563183,106.3,103.5,5232700.0,4821700.0,411000.0,552372684000.0,43020674000.0,861700.0,91027775891.69795,687200.0,72594043858.3902,4365.0,7737107.0,6897.0,8156805.0,1.2592118874856655,129234775.0,16656343000.0,0.0,16656343000.0,1000.0
2025-08-07T00:00:00,DGC,108.3,105.6,107.4,106.86842035280561,106.3,106.3,3037000.0,2256200.0,780800.0,321862162800.0,80745632800.0,166000.0,17740157778.56573,242500.0,25915591935.55536,3228.0,4173980.0,4198.0,5752659.0,1.2592118874856655,129513375.0,-10303960000.0,0.0,-10303960000.0,1000.0
2025-08-08T00:00:00,DGC,108.5,105.5,107.3,106.92650157565495,107.5,106.3,4327200.0,4252200.0,75000.0,462090370000.0,7417500000.0,679700.0,72677943120.97267,622100.0,66518976630.21495,5173.0,6176956.0,4581.0,6767709.0,1.2592118874856655,129822255.0,-264140000.0,0.0,-264140000.0,1000.0
2025-08-11T00:00:00,DGC,107.6,106.2,107.0,106.65478650566413,106.3,107.5,2972800.0,2409900.0,562900.0,317025640000.0,59998270000.0,44305.0,4725340316.13345,686100.0,73175849021.53616,4566.0,4243039.0,3295.0,4569285.0,1.2592118874856655,130394450.0,2735940000.0,0.0,2735940000.0,1000.0
2025-08-12T00:00:00,DGC,110.9,106.3,106.9,108.43211710591746,107.9,106.3,4826400.0,4826400.0,0.0,523336770000.0,0.0,434400.0,47102911670.81054,886300.0,96103385390.97464,5312.0,6965039.0,6040.0,8199616.0,1.2592118874856655,130082355.0,-915500000.0,0.0,-915500000.0,1000.0
2025-08-13T00:00:00,DGC,107.9,105.1,107.9,106.2292442068898,106.5,107.9,3392300.0,3068300.0,324000.0,360703530000.0,34760340000.0,78520.0,8341120255.124988,599300.0,63663186053.189064,6230.0,5142115.0,3108.0,6216044.0,1.2592118874856655,130444035.0,-3708230000.0,0.0,-3708230000.0,1000.0
2025-08-14T00:00:00,DGC,106.7,104.6,106.7,105.22168692736092,105.9,106.5,3339800.0,3339800.0,0.0,351419390000.0,0.0,151100.0,15898996894.724236,444900.0,46813128513.98287,5778.0,4672309.0,3018.0,4775880.0,1.2592118874856655,131011245.0,-2336050000.0,0.0,-2336050000.0,1000.0
2025-08-15T00:00:00,DGC,106.7,103.1,106.2,104.34018726060435,103.6,105.9,3608500.0,3524500.0,84000.0,376642590000.0,8895600000.0,456306.0,47611053488.13732,923000.0,96305992841.53781,6665.0,5240741.0,3989.0,6294394.0,1.2592118874856655,131159439.0,-578550000.0,0.0,-578550000.0,1000.0
2025-08-18T00:00:00,DGC,105.1,102.5,103.6,103.44767295597485,103.4,103.6,2505000.0,2385000.0,120000.0,259154700000.0,12432000000.0,314210.0,32504293319.496857,180000.0,18620581132.07547,4419.0,3605077.0,2661.0,4263480.0,1.2592118874856655,131783720.0,7840060000.0,0.0,7840060000.0,1000.0
2025-08-19T00:00:00,DGC,103.6,101.9,103.4,102.31660354863595,102.2,103.4,2935800.0,2851800.0,84000.0,300664282000.0,8877792000.0,268745.0,27497075620.67817,357900.0,36619112410.05681,5188.0,4817207.0,2810.0,4593665.0,1.2592118874856655,132024770.0,7417320000.0,0.0,7417320000.0,1000.0
2025-08-20T00:00:00,DGC,102.3,98.0,102.2,99.76629574893506,99.0,102.2,4721200.0,4601200.0,120000.0,471451840000.0,12407160000.0,380309.0,37942020169.98174,1240323.0,123742431242.20638,7776.0,7008374.0,3897.0,6391762.0,1.2592118874856655,132380505.0,39311240000.0,0.0,39311240000.0,1000.0
2025-08-21T00:00:00,DGC,99.3,95.4,98.3,96.88365181276077,96.7,99.0,5248900.0,5248900.0,0.0,508532600000.0,0.0,393612.0,38134567957.324394,1346300.0,130434460435.51982,9383.0,8561708.0,3604.0,7118799.0,1.2592118874856655,132356412.0,18935430000.0,0.0,18935430000.0,1000.0
2025-08-22T00:00:00,DGC,99.3,95.1,96.7,97.06745878508836,98.8,96.7,3366500.0,3366500.0,0.0,326777600000.0,0.0,459050.0,44558816955.294815,305200.0,29624988421.20897,5991.0,8007125.0,4128.0,5162954.0,1.2592118874856655,132351219.0,-4017090000.0,0.0,-4017090000.0,1000.0
2025-08-25T00:00:00,DGC,99.4,96.7,99.4,97.63736232861318,97.0,98.8,1779600.0,1779600.0,0.0,173755450000.0,0.0,211400.0,20640538396.268826,254300.0,24829181240.16633,3126.0,3470436.0,2002.0,3046365.0,1.2592118874856655,133311133.0,28275040000.0,0.0,28275040000.0,1000.0
2025-08-26T00:00:00,DGC,99.0,96.1,96.1,97.35487359916603,99.0,97.0,1534800.0,1534800.0,0.0,149420260000.0,0.0,104500.0,10173584291.112848,178400.0,17368109450.091217,3195.0,3661758.0,1835.0,2821281.0,1.2592118874856655,134391621.0,-4939940000.0,0.0,-4939940000.0,1000.0
2025-08-27T00:00:00,DGC,100.7,97.1,98.5,98.93975114333979,98.7,99.0,3045100.0,2427100.0,618000.0,301318670000.0,61182000000.0,136500.0,13505276031.065882,466500.0,46155393908.36801,3850.0,4892662.0,3731.0,6425151.0,1.2592118874856655,134363111.0,-9988200000.0,0.0,-9988200000.0,1000.0
2025-08-28T00:00:00,DGC,101.0,99.0,100.1,99.83893889452332,99.7,98.7,1577600.0,1577600.0,0.0,157505910000.0,0.0,37600.0,3753944102.4340773,376500.0,37589360493.78803,2708.0,2457821.0,3241.0,4102842.0,1.2592118874856655,134502121.0,-9242920000.0,0.0,-9242920000.0,1000.0
2025-08-29T00:00:00,DGC,100.2,98.2,100.2,99.02995205274198,98.2,99.7,2087800.0,1334800.0,753000.0,206680716000.0,74495536000.0,14210.0,1407215618.6694636,191100.0,18924623837.27899,3090.0,3221001.0,2178.0,3765197.0,1.2592118874856655,134599711.0,-2073650000.0,0.0,-2073650000.0,1000.0
2025-09-03T00:00:00,DGC,99.0,97.3,98.3,97.64076226725646,97.6,98.2,1944200.0,1944200.0,0.0,189833170000.0,0.0,166901.0,16296340863.16737,1136925.0,111010223640.70053,4233.0,3211145.0,1745.0,2814147.0,1.2592118874856655,134775570.0,-828000000.0,0.0,-828000000.0,1000.0
2025-09-04T00:00:00,DGC,99.5,97.4,97.6,98.26837205098074,99.3,97.6,2347600.0,2212600.0,135000.0,230847735000.0,13419135000.0,418900.0,41164621052.15584,716900.0,70448595923.3481,4058.0,4434688.0,2989.0,3340695.0,1.2592118874856655,134860421.0,-7634430000.0,0.0,-7634430000.0,1000.0
2025-09-05T00:00:00,DGC,101.4,97.9,100.0,99.51335092729836,97.9,99.3,2766100.0,2766100.0,0.0,275263880000.0,0.0,90000.0,8956201583.456852,738882.0,73528623759.86407,4211.0,3843239.0,3643.0,5226195.0,1.2592118874856655,135343606.0,2620830000.0,0.0,2620830000.0,1000.0
2025-09-08T00:00:00,DGC,98.6,95.9,97.7,96.99726463659367,96.2,97.9,2292200.0,2292200.0,0.0,222337130000.0,0.0,130600.0,12667842761.539133,68885.0,6681656574.491755,4362.0,3146457.0,2187.0,3408266.0,1.2592118874856655,136295835.0,-10487780000.0,0.0,-10487780000.0,1000.0
2025-09-09T00:00:00,DGC,96.5,95.3,96.3,95.7612113130746,95.6,96.2,1424900.0,1424900.0,0.0,136450150000.0,0.0,135305.0,12956970696.715559,229800.0,22005926359.744545,4113.0,2509513.0,1521.0,2495270.0,1.2592118874856655,136518315.0,1520970000.0,0.0,1520970000.0,1000.0
2025-09-10T00:00:00,DGC,96.4,95.6,96.0,95.8858637407502,95.9,95.6,783800.0,783800.0,0.0,75155340000.0,0.0,35900.0,3442302508.292932,30200.0,2895753084.970656,2249.0,1650681.0,1570.0,1528719.0,1.2592118874856655,137265012.0,187270000.0,0.0,187270000.0,1000.0
2025-09-11T00:00:00,DGC,97.0,94.0,96.0,95.11235981308411,97.0,95.9,1712000.0,1712000.0,0.0,162832360000.0,0.0,159700.0,15189443862.149532,188300.0,17909657352.803738,4331.0,3251817.0,2059.0,2501404.0,1.2592118874856655,137112902.0,7190880000.0,0.0,7190880000.0,1000.0
2025-09-12T00:00:00,DGC,98.2,96.0,97.0,97.37384490541157,97.5,97.0,1971700.0,1971700.0,0.0,191992010000.0,0.0,178200.0,17352019162.144344,50400.0,4907641783.232743,2580.0,3177233.0,2735.0,3170660.0,1.2592118874856655,137188197.0,-11303160000.0,0.0,-11303160000.0,1000.0
2025-09-15T00:00:00,DGC,99.8,97.6,98.3,98.66967462932455,99.5,97.5,2428000.0,2428000.0,0.0,239569970000.0,0.0,173084.0,17078141963.54201,199900.0,19724067958.401978,2372.0,3866604.0,3618.0,4529324.0,1.2592118874856655,137060813.0,-33703290000.0,0.0,-33703290000.0,1000.0
2025-09-16T00:00:00,DGC,101.4,99.5,99.9,100.33848312873974,100.0,99.5,3268200.0,3242200.0,26000.0,327929884000.0,2612454000.0,400916.0,40227303302.041824,253840.0,25469920557.399296,3837.0,5154180.0,5243.0,6406972.0,1.2592118874856655,136879381.0,-13022270000.0,0.0,-13022270000.0,1000.0
2025-09-17T00:00:00,DGC,103.0,99.7,100.0,101.46896518163459,99.8,100.0,4179900.0,4109900.0,70000.0,424075110000.0,7047810000.0,687900.0,69800501148.44644,775134.0,78652044857.10115,4472.0,5877946.0,5839.0,7103086.0,1.2592118874856655,136413821.0,958020000.0,0.0,958020000.0,1000.0
2025-09-18T00:00:00,DGC,100.3,98.2,100.2,98.76870867366783,98.8,99.8,1542600.0,1542600.0,0.0,152360610000.0,0.0,36320.0,3587279499.0276155,465500.0,45976833887.59238,3873.0,2615273.0,2114.0,2940966.0,1.2592118874856655,137073317.0,7879300000.0,0.0,7879300000.0,1000.0
2025-09-19T00:00:00,DGC,99.8,96.7,99.0,97.58347856395956,96.7,98.8,2008300.0,2008300.0,0.0,195976900000.0,0.0,25046.0,2444075804.1129313,1094900.0,106844150679.67934,4079.0,4739292.0,1989.0,3133828.0,1.2592118874856655,137108191.0,2045190000.0,0.0,2045190000.0,1000.0
2025-09-22T00:00:00,DGC,97.4,95.3,96.9,96.00446402912156,96.0,96.7,2287800.0,2087800.0,200000.0,218438120000.0,18000000000.0,162500.0,15600725404.732254,332800.0,31950285628.891655,4879.0,3872934.0,1677.0,3013569.0,1.2592118874856655,137062171.0,778620000.0,0.0,778620000.0,1000.0
2025-09-23T00:00:00,DGC,96.7,95.5,96.1,95.84718769105359,96.0,96.0,981400.0,981400.0,0.0,94064430000.0,0.0,113200.0,10849901646.627268,170900.0,16380284376.40106,2730.0,2104718.0,1276.0,1855092.0,1.2592118874856655,137528751.0,-3329330000.0,0.0,-3329330000.0,1000.0
2025-09-24T00:00:00,DGC,97.0,95.0,96.1,95.83920579201404,97.0,96.0,911600.0,911600.0,0.0,87367020000.0,0.0,111000.0,10638151842.913559,159600.0,15295937244.405441,2775.0,2270915.0,1427.0,1560772.0,1.2592118874856655,138607005.0,-3544660000.0,0.0,-3544660000.0,1000.0
2025-09-25T00:00:00,DGC,96.9,96.0,96.6,96.26316052842274,96.5,97.0,999200.0,999200.0,0.0,96186150000.0,0.0,61300.0,5900931740.392314,218300.0,21014247943.354683,2750.0,1933009.0,1726.0,2076852.0,1.2592118874856655,138822505.0,-4239590000.0,0.0,-4239590000.0,1000.0
2025-09-26T00:00:00,DGC,96.5,95.4,96.5,95.87298736556333,95.4,96.5,957700.0,957700.0,0.0,91817560000.0,0.0,12100.0,1160063147.1233163,196100.0,18800692822.38697,2421.0,1902393.0,1873.0,1962051.0,1.2592118874856655,138940805.0,-3997770000.0,0.0,-3997770000.0,1000.0
2025-09-29T00:00:00,DGC,95.2,94.0,95.1,94.38734035262601,94.0,95.4,1605100.0,1605100.0,0.0,151501120000.0,0.0,60450.0,5705714724.316242,222104.0,20963805841.679646,4026.0,2684684.0,2027.0,2509535.0,1.2592118874856655,138943555.0,2498010000.0,0.0,2498010000.0,1000.0
2025-09-30T00:00:00,DGC,94.0,91.2,94.0,92.4692264699307,91.8,94.0,1809800.0,1789200.0,20600.0,167248646000.0,1802706000.0,121701.0,11253597330.617035,278400.0,25743432649.228706,4584.0,3289984.0,1901.0,2566692.0,1.2592118874856655,139023604.0,-3406290000.0,0.0,-3406290000.0,1000.0
2025-10-01T00:00:00,DGC,93.0,91.8,91.8,92.56977805960685,92.2,91.8,808500.0,788500.0,20000.0,74955270000.0,1964000000.0,106600.0,9867938341.15409,138500.0,12820914261.255548,2424.0,1518478.0,1682.0,1390776.0,1.2592118874856655,139228405.0,1089360000.0,0.0,1089360000.0,1000.0
2025-10-02T00:00:00,DGC,92.9,91.8,92.2,92.39061288933543,91.8,92.2,717200.0,696700.0,20500.0,66275040000.0,1906500000.0,77900.0,7197228744.07923,112300.0,10375465827.47237,1847.0,1511364.0,1506.0,1287020.0,1.2592118874856655,139418259.0,-495490000.0,0.0,-495490000.0,1000.0
2025-10-03T00:00:00,DGC,92.5,91.4,91.8,91.76528156435086,91.5,91.8,1141700.0,1063700.0,78000.0,104770740000.0,7160010000.0,135866.0,12467781745.022093,221000.0,20280127225.72154,2265.0,1972842.0,1427.0,1856528.0,1.2592118874856655,139605692.0,14834770000.0,0.0,14834770000.0,1000.0
2025-10-06T00:00:00,DGC,93.5,92.1,93.5,92.67543103448276,92.8,91.5,1203700.0,1183200.0,20500.0,111560070000.0,1906500000.0,8609.0,797842785.7758621,439500.0,40730851939.655174,2014.0,2153600.0,2049.0,1852464.0,1.2592118874856655,139670349.0,7733500000.0,0.0,7733500000.0,1000.0
2025-10-07T00:00:00,DGC,93.3,92.7,92.8,93.04013727245598,93.0,92.8,778200.0,670200.0,108000.0,72399500000.0,10044000000.0,6999.0,651187920.7699194,31600.0,2940068337.809609,1394.0,1309909.0,1554.0,1504603.0,1.2592118874856655,139713848.0,1964070000.0,0.0,1964070000.0,1000.0
2025-10-08T00:00:00,DGC,94.5,92.1,93.6,93.44849708004122,94.4,93.0,1764400.0,1164400.0,600000.0,166561430000.0,57750000000.0,299700.0,28006514574.888355,27900.0,2607213068.53315,2341.0,3237826.0,1763.0,2375613.0,1.2592118874856655,139509792.0,1709380000.0,0.0,1709380000.0,1000.0
2025-10-09T00:00:00,DGC,94.5,93.1,94.4,93.71404178597942,93.5,94.4,942900.0,942900.0,0.0,88362970000.0,0.0,27411.0,2568795599.395482,129300.0,12117225602.92714,2011.0,3662224.0,1385.0,1697456.0,1.2592118874856655,139939462.0,1530820000.0,0.0,1530820000.0,1000.0
2025-10-10T00:00:00,DGC,94.4,93.5,94.2,94.08278329743625,94.3,93.5,1439300.0,1439300.0,0.0,135413350000.0,0.0,199400.0,18760106989.50879,244000.0,22956199124.574448,2056.0,4206648.0,2602.0,2330943.0,1.2592118874856655,139788584.0,-11531900000.0,0.0,-11531900000.0,1000.0
2025-10-13T00:00:00,DGC,96.4,93.0,93.0,95.19722152815952,95.9,94.3,2236100.0,2001100.0,235000.0,212554160000.0,22055000000.0,265310.0,25256774843.636,29700.0,2827357479.3863373,2469.0,6681872.0,3295.0,3759604.0,1.2592118874856655,139731274.0,-4032370000.0,0.0,-4032370000.0,1000.0
2025-10-14T00:00:00,DGC,97.7,96.0,96.9,96.95015817223198,96.2,95.9,2276000.0,2276000.0,0.0,220658560000.0,0.0,392401.0,38043339016.942,30270.0,2934681287.873462,2432.0,5139691.0,4397.0,4285583.0,1.2592118874856655,139471262.0,-4123870000.0,0.0,-4123870000.0,1000.0
2025-10-15T00:00:00,DGC,97.1,94.6,97.0,95.45470965563808,95.0,96.2,1184800.0,1184800.0,0.0,113094740000.0,0.0,109700.0,10471381649.223497,52100.0,4973190373.058744,2404.0,2239563.0,1971.0,2573642.0,1.2592118874856655,139437832.0,15031300000.0,0.0,15031300000.0,1000.0
2025-10-16T00:00:00,DGC,95.2,94.0,95.0,94.6423671155209,95.0,95.0,1411000.0,1411000.0,0.0,133540380000.0,0.0,228200.0,21597388175.76187,91700.0,8678705064.493267,2652.0,2085861.0,1869.0,2285677.0,1.2592118874856655,139226732.0,1569940000.0,0.0,1569940000.0,1000.0
2025-10-17T00:00:00,DGC,95.5,93.2,95.5,93.99738033323702,93.2,95.0,1038300.0,1038300.0,0.0,97597480000.0,0.0,90800.0,8534962134.257921,77800.0,7312996189.92584,2259.0,1551000.0,1369.0,2013031.0,1.2592118874856655,139263932.0,-1263370000.0,0.0,-1263370000.0,1000.0
2025-10-20T00:00:00,DGC,94.3,87.0,92.6,91.19543761638734,87.0,93.2,2420600.0,2040600.0,380000.0,223979410000.0,37886000000.0,243100.0,22169610884.543762,570400.0,52017877616.38734,3384.0,3811803.0,2033.0,3806347.0,1.2592118874856655,139098132.0,21591520000.0,0.0,21591520000.0,1000.0
2025-10-21T00:00:00,DGC,91.1,87.9,89.0,89.27850541325587,89.2,87.0,2272200.0,2272200.0,0.0,202858620000.0,0.0,462900.0,41327020155.79614,804500.0,71824557604.96436,4878.0,4340696.0,2513.0,3290073.0,1.2592118874856655,138870332.0,-838600000.0,0.0,-838600000.0,1000.0
2025-10-22T00:00:00,DGC,94.0,89.2,89.2,91.11873742454729,91.0,89.2,2385600.0,2385600.0,0.0,217372860000.0,0.0,330605.0,30124310186.242455,881000.0,80275607671.02615,4403.0,5164477.0,2700.0,3751247.0,1.2592118874856655,138989727.0,-18589090000.0,0.0,-18589090000.0,1000.0
2025-10-23T00:00:00,DGC,92.2,90.0,91.6,90.88846488797402,91.0,91.0,1263100.0,1263100.0,0.0,114801220000.0,0.0,241700.0,21967741963.423325,608001.0,55260277540.353096,3071.0,2391159.0,1830.0,2393719.0,1.2592118874856655,139420332.0,8362720000.0,0.0,8362720000.0,1000.0
2025-10-24T00:00:00,DGC,92.8,90.6,91.0,91.58146327995583,92.4,91.0,1811000.0,1811000.0,0.0,165854030000.0,0.0,426500.0,39059494088.90116,490000.0,44874917007.17835,2572.0,3752265.0,2686.0,3198139.0,1.2592118874856655,139573732.0,5383640000.0,0.0,5383640000.0,1000.0
2025-10-27T00:00:00,DGC,94.5,92.5,93.0,93.34276078217619,92.9,92.4,1467700.0,1467700.0,0.0,136999170000.0,0.0,161900.0,15112192970.634325,219900.0,20526073096.000546,2435.0,2375057.0,2867.0,3127593.0,1.2592118874856655,140369527.0,-11832080000.0,0.0,-11832080000.0,1000.0
2025-10-28T00:00:00,DGC,95.1,92.5,92.5,93.89060924761964,94.0,92.9,1606900.0,1606900.0,0.0,150872820000.0,0.0,95000.0,8919607878.523867,247900.0,23275482032.48491,2410.0,2426557.0,3045.0,3486870.0,1.2592118874856655,140813828.0,4149460000.0,0.0,4149460000.0,1000.0
2025-10-29T00:00:00,DGC,95.0,93.3,94.0,94.28541460191609,94.4,94.0,1210800.0,1210800.0,0.0,114160780000.0,0.0,41800.0,3941130330.3600926,302800.0,28549623541.46019,1862.0,2200010.0,2355.0,2771131.0,1.2592118874856655,140942128.0,-5581750000.0,0.0,-5581750000.0,1000.0
2025-10-30T00:00:00,DGC,95.3,93.2,94.5,94.08019057459389,93.6,94.4,1742100.0,1742100.0,0.0,163897100000.0,0.0,230200.0,21657259870.27151,172400.0,16219424855.059984,2803.0,2607608.0,2566.0,3202085.0,1.2592118874856655,140812328.0,-54040990000.0,0.0,-54040990000.0,1000.0
2025-10-31T00:00:00,DGC,96.9,93.6,93.7,95.56435804808717,96.0,93.6,3377200.0,3377200.0,0.0,322739950000.0,0.0,514035.0,49123424789.24848,412738.0,39443042012.05141,3666.0,4930843.0,5274.0,5936162.0,1.2592118874856655,140597199.0,-16578900000.0,0.0,-16578900000.0,1000.0
2025-11-03T00:00:00,DGC,97.4,95.5,96.6,96.43262599469496,95.5,96.0,2224300.0,2224300.0,0.0,214495090000.0,0.0,228810.0,22064749153.846153,338800.0,32671373687.00265,2864.0,2962024.0,3496.0,4925430.0,1.2592118874856655,141074121.0,-169820000.0,0.0,-169820000.0,1000.0
2025-11-04T00:00:00,DGC,95.3,91.0,95.1,93.28325073619192,94.6,95.5,2804600.0,2784600.0,20000.0,261676540000.0,1920000000.0,314300.0,29318925706.385117,358300.0,33423388738.77756,5013.0,4185009.0,2724.0,5119590.0,1.2592118874856655,140991431.0,6651370000.0,-1920000000.0,4731370000.0,1000.0
2025-11-05T00:00:00,DGC,95.0,93.4,93.5,94.14931290163125,95.0,94.6,1011500.0,1011500.0,0.0,95232030000.0,0.0,241603.0,22746756444.972813,124530.0,11724413935.640139,2437.0,1938810.0,1844.0,2786310.0,1.2592118874856655,141032928.0,-2277690000.0,0.0,-2277690000.0,1000.0
2025-11-06T00:00:00,DGC,96.5,94.3,95.0,95.00865788468882,95.0,95.0,1047600.0,1047600.0,0.0,99531070000.0,0.0,173900.0,16522005606.147385,106200.0,10089919467.353952,1823.0,1841553.0,2312.0,3041659.0,1.2592118874856655,141110148.0,-3931690000.0,0.0,-3931690000.0,1000.0
2025-11-07T00:00:00,DGC,95.0,92.7,94.4,93.63436952016578,93.1,95.0,1254600.0,1254600.0,0.0,117473680000.0,0.0,196907.0,18437262799.107285,87100.0,8155553585.20644,2444.0,2399521.0,1618.0,3081729.0,1.2592118874856655,141077141.0,2689910000.0,0.0,2689910000.0,1000.0
2025-11-10T00:00:00,DGC,93.9,91.5,93.8,92.21790963155377,91.5,93.1,1462900.0,1462900.0,0.0,134905580000.0,0.0,112700.0,10392958415.476109,381286.0,35161397891.77661,2971.0,2943443.0,1597.0,2734980.0,1.2592118874856655,141049641.0,16107730000.0,0.0,16107730000.0,1000.0
2025-11-11T00:00:00,DGC,92.8,91.0,91.6,91.63727406717865,91.8,91.5,1724100.0,1289100.0,435000.0,158149610000.0,40020000000.0,156000.0,14295414754.47987,451700.0,41392556696.1446,2663.0,2861284.0,1744.0,2618261.0,1.2592118874856655,141000241.0,-7160820000.0,-40020000000.0,-47180820000.0,1000.0
2025-11-12T00:00:00,DGC,93.7,91.8,92.0,92.69565572283693,93.5,91.8,1365600.0,1102600.0,263000.0,126406830000.0,24200600000.0,223700.0,20736018185.19862,204400.0,18946992029.747868,1971.0,2356684.0,1922.0,2268138.0,1.2592118874856655,140930341.0,775790000.0,-13184600000.0,-12408810000.0,1000.0
2025-11-13T00:00:00,DGC,100.0,94.2,94.3,99.05075280046746,100.0,93.5,8778300.0,8043300.0,735000.0,866600520000.0,69905600000.0,718600.0,71177870962.41592,1310200.0,129776296319.17249,5275.0,15723156.0,6695.0,9302888.0,1.2592118874856655,140734677.0,-39835610000.0,39905600000.0,69990000.0,1000.0
2025-11-14T00:00:00,DGC,103.0,98.0,100.4,99.98287494741271,99.4,100.0,4411100.0,3803200.0,607900.0,439777857900.0,59522987900.0,1038500.0,103832215632.88809,1643900.0,164361848126.05173,6435.0,6014982.0,5695.0,9473120.0,1.2592118874856655,141023127.0,5084920000.0,13299000000.0,18383920000.0,1000.0
2025-11-17T00:00:00,DGC,101.5,98.0,99.4,99.18170252139718,99.0,99.4,3026100.0,3026100.0,0.0,300133750000.0,0.0,530901.0,52655665050.31229,897600.0,89025496183.2061,5272.0,4669291.0,3636.0,6440337.0,1.2592118874856655,141168616.0,2667540000.0,0.0,2667540000.0,1000.0
2025-11-18T00:00:00,DGC,99.2,97.5,99.2,98.07707766564282,98.8,99.0,3418500.0,3418500.0,0.0,335276490000.0,0.0,673501.0,66055009884.88811,720151.0,70630305557.99036,6231.0,5205324.0,2946.0,5976049.0,1.2592118874856655,141550926.0,-2864240000.0,0.0,-2864240000.0,1000.0
2025-11-19T00:00:00,DGC,100.2,96.4,98.8,97.63689869470787,96.6,98.8,4650300.0,4650300.0,0.0,454040870000.0,0.0,184503.0,18014300719.869686,2112800.0,206287239562.17877,7763.0,6247580.0,4534.0,8620536.0,1.2592118874856655,142721124.0,15319330000.0,0.0,15319330000.0,1000.0
2025-11-20T00:00:00,DGC,97.5,96.0,97.3,96.75353690544779,97.2,96.6,2427100.0,1562100.0,865000.0,239022700000.0,87884000000.0,229300.0,22185586012.419178,154702.0,14967965666.346584,3618.0,3531001.0,2387.0,4650661.0,1.2592118874856655,143022326.0,-1193070000.0,87884000000.0,86690930000.0,1000.0
2025-11-21T00:00:00,DGC,96.8,95.1,96.4,95.77276034314258,96.8,97.2,1841800.0,1841800.0,0.0,176394270000.0,0.0,195910.0,18762841478.82506,301000.0,28827600863.285915,4964.0,3386323.0,2209.0,3565654.0,1.2592118874856655,143002368.0,-66210000.0,0.0,-66210000.0,1000.0
2025-11-24T00:00:00,DGC,97.4,95.8,96.8,96.33638246747866,96.0,96.8,1206900.0,1206900.0,0.0,116268380000.0,0.0,115512.0,11128008211.583395,419572.0,40420048664.64496,2824.0,2064930.0,1973.0,3021692.0,1.2592118874856655,145045563.0,5745050000.0,0.0,5745050000.0,1000.0
2025-11-25T00:00:00,DGC,96.5,93.7,95.8,94.55886575735822,94.0,96.0,2646700.0,2646700.0,0.0,250268950000.0,0.0,146400.0,13843417946.877243,417800.0,39506694113.42426,5874.0,4058073.0,2675.0,4050214.0,1.2592118874856655,145019975.0,4240100000.0,0.0,4240100000.0,1000.0
2025-11-26T00:00:00,DGC,95.8,93.8,94.0,94.56201869419644,95.8,94.0,1553600.0,1433600.0,120000.0,147564110000.0,12000000000.0,251009.0,23735917750.411552,344100.0,32538790632.672993,3641.0,2534971.0,2056.0,2474147.0,1.2592118874856655,145023356.0,3962330000.0,12000000000.0,15962330000.0,1000.0
2025-11-27T00:00:00,DGC,96.0,94.8,95.9,95.15351921115267,95.0,95.8,882300.0,882300.0,0.0,83953950000.0,0.0,58000.0,5518904114.246855,225000.0,21409541822.50935,2165.0,1570779.0,1742.0,2160041.0,1.2592118874856655,145505325.0,-1267090000.0,0.0,-1267090000.0,1000.0
2025-11-28T00:00:00,DGC,95.6,94.2,95.0,94.72362860625762,94.3,95.0,984400.0,984400.0,0.0,93245940000.0,0.0,113703.0,10770360743.41731,60800.0,5759196619.260463,2573.0,1581316.0,1936.0,2432962.0,1.2592118874856655,145738022.0,-1435270000.0,0.0,-1435270000.0,1000.0
2025-12-01T00:00:00,DGC,95.6,94.1,94.8,94.7543462070433,95.0,94.3,939900.0,939900.0,0.0,89059610000.0,0.0,284000.0,26910234322.800297,48700.0,4614536660.283009,2186.0,1934463.0,1937.0,2295550.0,1.2592118874856655,145590313.0,-828040000.0,0.0,-828040000.0,1000.0
2025-12-02T00:00:00,DGC,96.8,94.2,95.0,95.58749691981667,96.8,95.0,2029100.0,2029100.0,0.0,193956590000.0,0.0,320800.0,30664469011.877186,181901.0,17387461277.21157,2480.0,2862904.0,2953.0,3475354.0,1.2592118874856655,145492413.0,-4668100000.0,0.0,-4668100000.0,1000.0
2025-12-03T00:00:00,DGC,98.2,96.3,97.3,97.11960426358871,97.0,96.8,1732100.0,1698100.0,34000.0,168182800000.0,3264000000.0,75100.0,7293682280.195513,210500.0,20443676697.485424,2360.0,2490232.0,3714.0,4502303.0,1.2592118874856655,145592214.0,-2033380000.0,0.0,-2033380000.0,1000.0
2025-12-04T00:00:00,DGC,98.0,96.5,96.9,97.2074541092451,97.0,97.0,1792300.0,1792300.0,0.0,174224920000.0,0.0,193600.0,18819363115.54985,176655.0,17172182805.668694,2729.0,3090204.0,3508.0,4467829.0,1.2592118874856655,145453714.0,3261430000.0,0.0,3261430000.0,1000.0
2025-12-05T00:00:00,DGC,97.9,95.0,97.3,96.18931469485167,95.0,97.0,1466500.0,1466500.0,0.0,141061630000.0,0.0,61800.0,5944499648.141834,204200.0,19641858060.688713,2891.0,1926715.0,2483.0,3668093.0,1.2592118874856655,145607669.0,-1882020000.0,0.0,-1882020000.0,1000.0
2025-12-08T00:00:00,DGC,95.5,93.8,95.0,94.43898817345597,94.0,95.0,1522000.0,1522000.0,0.0,143736140000.0,0.0,130100.0,12286512361.366623,89855.0,8485815282.325887,3125.0,2209349.0,1501.0,3073058.0,1.2592118874856655,145664069.0,-7716310000.0,0.0,-7716310000.0,1000.0
2025-12-09T00:00:00,DGC,95.3,93.7,94.9,94.44405757937952,94.9,94.0,2674300.0,1924300.0,750000.0,252613700000.0,70875000000.0,246002.0,23233427052.64252,166300.0,15706046775.450813,3302.0,3893584.0,2243.0,4047714.0,1.2592118874856655,145510792.0,-2810290000.0,0.0,-2810290000.0,1000.0
2025-12-10T00:00:00,DGC,95.9,95.0,95.5,95.5372338040798,95.0,94.9,1375700.0,892200.0,483500.0,127931370000.0,42693050000.0,62800.0,5999738282.896212,12500.0,1194215422.5509975,1703.0,1962010.0,2135.0,2754523.0,1.2592118874856655,145757122.0,-4403070000.0,0.0,-4403070000.0,1000.0
2025-12-11T00:00:00,DGC,95.9,94.4,95.9,95.09717933130699,94.6,95.0,822500.0,822500.0,0.0,78217430000.0,0.0,58400.0,5553675272.948328,83700.0,7959633910.0303955,1525.0,1620601.0,1544.0,2112764.0,1.2592118874856655,145717122.0,-8089300000.0,0.0,-8089300000.0,1000.0
2025-12-12T00:00:00,DGC,94.7,91.9,94.7,93.3320012813326,92.0,94.6,2980900.0,2497400.0,483500.0,282017540000.0,48930200000.0,121000.0,11293172155.041243,528300.0,49307296276.928,4077.0,3813543.0,2072.0,4301789.0,1.2592118874856655,145657272.0,-378570000.0,0.0,-378570000.0,1000.0
2025-12-15T00:00:00,DGC,93.0,92.1,92.1,92.64274622892636,93.0,92.0,901600.0,901600.0,0.0,83526700000.0,0.0,153509.0,14221495330.856256,4700.0,435420907.2759539,2078.0,1580846.0,1358.0,1577781.0,1.2592118874856655,145620613.0,-1753530000.0,0.0,-1753530000.0,1000.0
2025-12-16T00:00:00,DGC,92.0,86.5,89.0,87.16138035470816,86.5,93.0,18556100.0,18556100.0,0.0,1617375290000.0,0.0,291162.0,25378081826.837536,1704970.0,148607538663.36676,16760.0,21616468.0,6252.0,27909871.0,1.2592118874856655,145363909.0,25987790000.0,0.0,25987790000.0,1000.0
2025-12-17T00:00:00,DGC,80.5,80.5,80.5,80.5,80.5,86.5,3913900.0,3913900.0,0.0,315068950000.0,0.0,40400.0,3252200000.0,344100.0,27700050000.0,4717.0,3941600.0,5373.0,26244800.0,1.2592118874856655,146022113.0,0.0,0.0,0.0,1000.0
2025-12-18T00:00:00,DGC,74.9,74.9,74.9,74.9,74.9,80.5,1021600.0,1021600.0,0.0,76517840000.0,0.0,22242.0,1665925800.0,912634.0,68356286600.0,3230.0,1040047.0,5915.0,30803287.0,1.2592118874856655,146036471.0,134820000.0,0.0,134820000.0,1000.0
2025-12-19T00:00:00,DGC,80.0,69.7,69.7,71.49623687837403,70.2,74.9,36758100.0,36714200.0,43900.0,2627986970000.0,3059830000.0,766659.0,54813233468.93736,9723117.0,695166276228.1455,50503.0,48907081.0,15021.0,54436021.0,1.2592118874856655,146743660.0,-104328550000.0,0.0,-104328550000.0,1000.0
2025-12-22T00:00:00,DGC,74.8,69.9,70.0,72.59334638289401,74.6,70.2,6028300.0,6028300.0,0.0,437614470000.0,0.0,330100.0,23963063640.993317,774800.0,56245324777.466286,15584.0,13131881.0,6745.0,7860209.0,1.2592118874856655,146830178.0,-1333800000.0,0.0,-1333800000.0,1000.0
2025-12-23T00:00:00,DGC,78.5,71.0,75.6,73.4500422591044,71.6,74.6,13369900.0,13369900.0,0.0,982019720000.0,0.0,721765.0,53013669751.14249,1128800.0,82910407702.07706,25909.0,20747999.0,14283.0,23319188.0,1.2592118874856655,147937448.0,-10097060000.0,0.0,-10097060000.0,1000.0
2025-12-24T00:00:00,DGC,69.0,64.5,69.0,66.26628012172054,65.0,68.6,9752200.0,9727200.0,25000.0,646180360000.0,1595000000.0,473621.0,31385101857.529404,1908100.0,126442689100.25496,24286.0,15354909.0,8233.0,14159286.0,1.2064516129,157147950.0,-3288620000.0,0.0,-3288620000.0,1000.0
2025-12-25T00:00:00,DGC,67.0,63.5,63.5,65.1722941567065,64.6,65.0,5702000.0,5421600.0,280400.0,370302310000.0,16964200000.0,105274.0,6860948095.053121,851600.0,55500725703.851265,15071.0,11182418.0,7364.0,8996321.0,1.2064516129,157953097.0,-5992340000.0,0.0,-5992340000.0,1000.0
2025-12-26T00:00:00,DGC,64.0,60.1,64.0,61.40787101248266,60.9,64.6,10119000.0,10094000.0,25000.0,621356050000.0,1505000000.0,331926.0,20382868993.68932,1833800.0,112609753862.6907,20895.0,14407176.0,8070.0,13902054.0,1.2064516129,158127580.0,-1702990000.0,0.0,-1702990000.0,1000.0
2025-12-29T00:00:00,DGC,63.5,58.2,60.0,60.585879249336536,61.0,60.9,6523700.0,6330400.0,193300.0,395876083800.0,12343233800.0,970696.0,58810470643.81398,1681101.0,101850982191.93889,15469.0,12790740.0,8117.0,10637297.0,1.2064516129,158967989.0,-6100320000.0,0.0,-6100320000.0,1000.0
2025-12-30T00:00:00,DGC,65.2,61.6,62.2,63.55468254517759,65.2,61.0,7221500.0,7221500.0,0.0,458960140000.0,0.0,963233.0,61217967532.039055,565397.0,35933626846.99577,12064.0,15760263.0,9870.0,8881201.0,1.2064516129,159680165.0,-3420220000.0,0.0,-3420220000.0,1000.0
2025-12-31T00:00:00,DGC,68.8,66.1,67.0,68.105308387306,68.5,65.2,11241700.0,11101300.0,140400.0,764762260000.0,8704800000.0,601672.0,40977057108.00717,191700.0,13055787617.846558,13150.0,15875075.0,14370.0,16314932.0,1.2064516129,161152577.0,301460000.0,0.0,301460000.0,1000.0
2026-01-05T00:00:00,DGC,68.7,65.0,68.6,66.34251171971378,65.5,68.5,6484800.0,6484800.0,0.0,430217920000.0,0.0,169400.0,11238421485.319517,375904.0,24938415525.487293,10046.0,8471006.0,6840.0,10009119.0,1.2064516129,161886482.0,305180000.0,0.0,305180000.0,1000.0
2026-01-06T00:00:00,DGC,66.3,62.7,65.2,63.69466761659451,63.0,65.5,5474100.0,5474100.0,0.0,348670980000.0,0.0,82600.0,5261179545.130707,932017.0,59364513028.01556,10964.0,8416218.0,5196.0,9815305.0,1.2064516129,161970982.0,7641310000.0,0.0,7641310000.0,1000.0
2026-01-07T00:00:00,DGC,65.5,63.2,63.2,64.37469597754911,64.1,63.0,3207000.0,3207000.0,0.0,206449650000.0,0.0,499010.0,32123617039.756783,121400.0,7815088091.674462,6588.0,7711375.0,4661.0,5978953.0,1.2064516129,160541552.0,-1907680000.0,0.0,-1907680000.0,1000.0
2026-01-08T00:00:00,DGC,65.0,62.7,65.0,63.7784502521779,62.8,64.1,5273400.0,5234400.0,39000.0,336325206000.0,2483286000.0,673850.0,42977108702.43008,714600.0,45576080550.20633,9830.0,7450492.0,5141.0,9412188.0,1.2064516129,161202226.0,10299450000.0,0.0,10299450000.0,1000.0
2026-01-09T00:00:00,DGC,63.8,62.6,62.9,62.93784367245657,62.7,62.8,4030000.0,4030000.0,0.0,253639510000.0,0.0,637118.0,40098833084.90819,502900.0,31651441582.87841,8350.0,7034205.0,4158.0,6377999.0,1.2064516129,162081263.0,-281760000.0,0.0,-281760000.0,1000.0
2026-01-12T00:00:00,DGC,64.3,62.6,63.9,63.38983038275146,63.7,62.7,4044400.0,4044400.0,0.0,256373830000.0,0.0,758405.0,48075164311.430626,740605.0,46946825330.617645,7535.0,7336892.0,5950.0,6350473.0,1.2064516129,161794033.0,2075010000.0,0.0,2075010000.0,1000.0
2026-01-13T00:00:00,DGC,64.3,62.9,64.0,63.34295612009238,63.1,63.7,4373300.0,4373300.0,0.0,277017750000.0,0.0,276129.0,17490827130.48499,1354899.0,85823307904.15704,9257.0,7006519.0,4013.0,6898893.0,1.2064516129,162328096.0,64180000.0,0.0,64180000.0,1000.0
2026-01-14T00:00:00,DGC,64.8,62.9,63.1,64.01154781116581,63.9,63.1,4895300.0,4895300.0,0.0,313355730000.0,0.0,629810.0,40315112926.95034,909600.0,58224903889.03642,8266.0,8200214.0,6685.0,8498227.0,1.2064516129,161974615.0,-2962180000.0,0.0,-2962180000.0,1000.0
2026-01-15T00:00:00,DGC,67.9,63.8,64.3,65.56131419311353,67.3,63.9,7437600.0,6973100.0,464500.0,487657550000.0,30491950000.0,1273302.0,83479352484.71985,1494968.0,98012066756.65056,8900.0,11763203.0,9143.0,11838528.0,1.2064516129,161556818.0,-2125960000.0,0.0,-2125960000.0,1000.0
2026-01-16T00:00:00,DGC,68.1,66.0,68.0,66.65084547128747,66.0,67.3,4181100.0,4181100.0,0.0,278673850000.0,0.0,586931.0,39119447383.30823,753500.0,50221412062.615105,8067.0,5730677.0,6092.0,8111095.0,1.2064516129,163101629.0,1427820000.0,0.0,1427820000.0,1000.0
2026-01-19T00:00:00,DGC,66.8,65.1,66.0,65.77159196105951,65.1,66.0,3548700.0,3348700.0,200000.0,233449330000.0,13200000000.0,62740.0,4126509679.636874,458300.0,30143120595.753574,7091.0,6015651.0,4304.0,6114283.0,1.2064516129,163843045.0,-2202350000.0,0.0,-2202350000.0,1000.0
2026-01-20T00:00:00,DGC,66.0,64.3,65.3,64.81454485269778,64.5,65.1,3066564.0,3021000.0,45564.0,198810688208.0,3005948208.0,273164.0,17705000330.142338,520664.0,33746600181.18504,7710.0,5812475.0,3592.0,5575370.0,1.2064516129,163817696.0,1794020000.0,0.0,1794020000.0,1000.0
2026-01-21T00:00:00,DGC,69.0,64.0,64.3,67.36112584075241,69.0,64.5,10949300.0,10749300.0,200000.0,737284950000.0,13200000000.0,2303812.0,155187370045.43552,950900.0,64053694561.97148,9775.0,18947487.0,11651.0,13317814.0,1.2064516129,162039908.0,-3422810000.0,0.0,-3422810000.0,1000.0
2026-01-22T00:00:00,DGC,73.8,70.2,71.4,73.30020670016383,73.8,69.0,9095300.0,9095300.0,0.0,666687370000.0,0.0,827590.0,60662518062.98858,368527.0,27013105274.591274,9915.0,16833701.0,8511.0,10276460.0,1.2064516129,162266855.0,-14723090000.0,0.0,-14723090000.0,1000.0
2026-01-23T00:00:00,DGC,77.9,71.5,76.0,74.05932775440381,73.9,73.8,8751600.0,8651600.0,100000.0,648111680000.0,7380000000.0,961300.0,71193231770.30838,64539.0,4779714953.941467,11648.0,12253209.0,12383.0,15893337.0,1.2064516129,161894905.0,2818880000.0,0.0,2818880000.0,1000.0
2026-01-26T00:00:00,DGC,73.8,68.8,73.8,70.02369458333914,68.8,73.9,7179700.0,7179700.0,0.0,502749120000.0,0.0,576626.0,40377482912.812515,2104755.0,147382721292.75595,10233.0,8203406.0,5871.0,13503514.0,1.2064516129,161705018.0,-4339140000.0,0.0,-4339140000.0,1000.0
2026-01-27T00:00:00,DGC,68.8,66.1,67.0,67.24783581027508,67.5,68.8,5018700.0,4918700.0,100000.0,338066930000.0,7295000000.0,460200.0,30947454039.888588,1213700.0,81618698322.93086,9876.0,9472918.0,4285.0,7207156.0,1.2064516129,161805344.0,12767300000.0,0.0,12767300000.0,1000.0
2026-01-28T00:00:00,DGC,69.4,67.0,67.7,68.25787548224025,68.1,67.5,3006800.0,3006800.0,0.0,205237780000.0,0.0,404614.0,27618092030.37116,344410.0,23508694894.838367,5242.0,5115686.0,3664.0,4814177.0,1.2064516129,161865030.0,1582240000.0,0.0,1582240000.0,1000.0
2026-01-29T00:00:00,DGC,68.6,66.1,68.4,67.06686974948914,67.8,68.1,2642600.0,2642600.0,0.0,177230910000.0,0.0,224545.0,15059530267.899038,253100.0,16974624733.595701,6789.0,5176185.0,2832.0,4332836.0,1.2064516129,163488124.0,4415570000.0,0.0,4415570000.0,1000.0
2026-01-30T00:00:00,DGC,71.0,68.2,69.0,69.70301603351147,68.6,67.8,3461500.0,3461500.0,0.0,241276990000.0,0.0,240854.0,16788250223.735374,479900.0,33450477394.482162,5277.0,5346934.0,6169.0,6659562.0,1.2064516129,164113114.0,-551280000.0,0.0,-551280000.0,1000.0
2026-02-02T00:00:00,DGC,69.2,66.6,69.0,67.6095528690421,67.3,68.6,3457600.0,3457600.0,0.0,233766790000.0,0.0,103400.0,6990827766.658955,582200.0,39362281680.356316,7107.0,6042135.0,4189.0,5537822.0,1.2064516129,164375769.0,485740000.0,0.0,485740000.0,1000.0
2026-02-03T00:00:00,DGC,68.4,67.3,67.3,67.7895329441201,67.9,67.3,2877600.0,2877600.0,0.0,195071160000.0,0.0,562005.0,38098056462.260216,92046.0,6239755349.374478,5535.0,4674277.0,3105.0,4739952.0,1.2064516129,163962819.0,-43030000.0,0.0,-43030000.0,1000.0
2026-02-04T00:00:00,DGC,70.2,67.7,68.0,69.1837427478089,68.7,67.9,3317400.0,3240400.0,77000.0,229049400000.0,4866400000.0,276400.0,19122386495.494385,616900.0,42679450901.12332,4731.0,5113039.0,5611.0,5576048.0,1.2064516129,164016311.0,29473580000.0,0.0,29473580000.0,1000.0
2026-02-05T00:00:00,DGC,69.3,67.5,69.0,67.9903292991838,67.7,68.7,1872500.0,1776500.0,96000.0,127214420000.0,6429600000.0,13340.0,906990992.8511118,148200.0,10076166802.139038,4700.0,3406311.0,2724.0,3658769.0,1.2064516129,164760471.0,-5937450000.0,0.0,-5937450000.0,1000.0
2026-02-06T00:00:00,DGC,67.2,65.2,67.0,66.22539870311952,65.3,67.7,5114800.0,4564800.0,550000.0,336955700000.0,34650000000.0,85020.0,5630483397.739222,424697.0,28125728153.018753,8695.0,7404322.0,3232.0,7144252.0,1.2064516129,164681091.0,-20963970000.0,0.0,-20963970000.0,1000.0
2026-02-09T00:00:00,DGC,67.4,65.7,65.8,66.76830748888088,67.2,65.3,2547078.0,1663800.0,883278.0,165668412400.0,54579302400.0,394700.0,26353450965.861282,141000.0,9414331355.932203,3362.0,5103681.0,2949.0,3667510.0,1.2064516129,164717411.0,32487190000.0,0.0,32487190000.0,1000.0
2026-02-10T00:00:00,DGC,68.9,67.0,67.3,68.0404644009303,68.0,67.2,3059800.0,2665800.0,394000.0,207780270000.0,26398000000.0,204370.0,13905429709.618126,35234.0,2397337722.7023783,2410.0,4615512.0,4807.0,4972066.0,1.2064516129,164771101.0,82356340000.0,0.0,82356340000.0,1000.0
2026-02-11T00:00:00,DGC,68.7,68.0,68.0,68.47716881301787,68.5,68.0,2003400.0,2003400.0,0.0,137187160000.0,0.0,211262.0,14466623637.775782,7056.0,483174903.1446541,1883.0,2746606.0,3798.0,3648651.0,1.2064516129,164935822.0,78710940000.0,0.0,78710940000.0,1000.0
2026-02-12T00:00:00,DGC,68.7,67.6,68.1,68.01608821720411,67.8,68.5,1532100.0,1138100.0,394000.0,103807110000.0,26398000000.0,176033.0,11973076057.139091,16673.0,1134032238.8454442,3301.0,2633431.0,2016.0,2866323.0,1.2064516129,164783573.0,-2331480000.0,0.0,-2331480000.0,1000.0
2026-02-13T00:00:00,DGC,68.8,67.3,67.9,68.15624958775807,68.4,67.8,4308000.0,1516100.0,2791900.0,293331652600.0,189999962600.0,2923300.0,199241164419.89316,181400.0,12363543675.219313,2714.0,5817281.0,2465.0,5592917.0,1.2064516129,161869646.0,-8050530000.0,0.0,-8050530000.0,1000.0
2026-02-23T00:00:00,DGC,72.5,68.8,69.1,70.73973592977798,70.2,68.4,4067100.0,4067100.0,0.0,287705580000.0,0.0,345450.0,24437041776.941803,53100.0,3756279977.8712106,5450.0,6258166.0,6175.0,6311688.0,1.2064516129,161715796.0,14029830000.0,0.0,14029830000.0,1000.0
2026-02-24T00:00:00,DGC,75.1,70.0,70.0,74.14921363824598,75.1,70.2,10887500.0,10866500.0,21000.0,807216630000.0,1474200000.0,3854600.0,285815558889.983,278700.0,20665385840.979156,7402.0,16206757.0,10961.0,12589751.0,1.2064516129,157654196.0,-46806710000.0,-1474200000.0,-48280910000.0,1000.0
2026-02-25T00:00:00,DGC,76.9,73.5,76.6,75.2267784481549,76.0,75.1,7127000.0,7127000.0,0.0,536141250000.0,0.0,1893720.0,142458454882.8399,381570.0,28704281852.462467,7517.0,10435955.0,8810.0,11554660.0,1.2064516129,156297576.0,62144850000.0,0.0,62144850000.0,1000.0
2026-02-26T00:00:00,DGC,76.0,73.5,76.0,74.2404894422768,73.6,76.0,3485600.0,3485600.0,0.0,258772650000.0,0.0,161071.0,11957989874.956966,411217.0,30528951346.984737,5364.0,5382172.0,4430.0,6363661.0,1.2064516129,156512775.0,798640000.0,0.0,798640000.0,1000.0
2026-02-27T00:00:00,DGC,74.5,72.0,73.3,73.31301939058172,73.8,73.6,4426300.0,3393400.0,1032900.0,327066806200.0,78286406200.0,1152533.0,84495674177.28532,691300.0,50681290304.709145,5861.0,8025462.0,3178.0,6941546.0,1.2064516129,155394813.0,-5671770000.0,-74439906000.0,-80111676000.0,1000.0
2026-03-02T00:00:00,DGC,76.8,71.9,73.0,75.38438663323892,75.3,73.8,9213900.0,9213900.0,0.0,694584200000.0,0.0,1303600.0,98271086415.09024,667699.0,50334079570.62699,9092.0,14399785.0,7506.0,13411388.0,1.2064516129,154631313.0,32934130000.0,0.0,32934130000.0,1000.0
2026-03-03T00:00:00,DGC,76.9,73.6,76.9,74.64857999442224,73.8,75.3,4302800.0,4302800.0,0.0,321197910000.0,0.0,65438.0,4884853777.675002,770490.0,57515984399.90239,5831.0,6414459.0,4484.0,9002003.0,1.2064516129,155760620.0,26552840000.0,0.0,26552840000.0,1000.0
2026-03-04T00:00:00,DGC,73.9,70.1,73.5,71.32790354409666,70.9,73.8,6291300.0,6232900.0,58400.0,449187450000.0,4607760000.0,313980.0,22395535154.775467,420810.0,30015495090.39131,8483.0,9460342.0,4770.0,9141753.0,1.2064516129,155514078.0,9139420000.0,0.0,9139420000.0,1000.0
2026-03-05T00:00:00,DGC,73.1,71.0,72.3,71.63453191648583,71.0,70.9,2764200.0,2672600.0,91600.0,198393730000.0,6943280000.0,51569.0,3694121176.401257,670510.0,48031669995.32291,4237.0,4855795.0,2939.0,4546069.0,1.2064516129,155754089.0,-12282360000.0,0.0,-12282360000.0,1000.0
2026-03-06T00:00:00,DGC,75.6,71.1,71.1,73.67189823602139,73.1,71.0,5742700.0,5742700.0,0.0,423075610000.0,0.0,1078979.0,79490431086.80412,290010.0,21365587207.428562,4733.0,9391786.0,7277.0,9784443.0,1.2064516129,155433166.0,7374630000.0,0.0,7374630000.0,1000.0
2026-03-09T00:00:00,DGC,77.2,70.0,76.0,73.54077519076884,71.0,73.1,10584900.0,10234900.0,350000.0,776482480000.0,23800000000.0,644300.0,47382321455.41236,1485046.0,109211434033.9505,12076.0,15907642.0,10191.0,18417855.0,1.2064516129,154967071.0,2789400000.0,0.0,2789400000.0,1000.0
2026-03-10T00:00:00,DGC,75.9,73.2,74.8,75.56821896713267,75.9,71.0,10779700.0,10779700.0,0.0,814602730000.0,0.0,992760.0,75021105061.81062,111566.0,8430843917.287123,6872.0,22740147.0,6690.0,12559016.0,1.2064516129,155463952.0,-20867580000.0,0.0,-20867580000.0,1000.0
2026-03-11T00:00:00,DGC,79.7,76.0,77.4,77.66139113215138,77.7,75.9,6463800.0,6463800.0,0.0,501987700000.0,0.0,596703.0,46340785072.72812,829237.0,64399698998.2518,7109.0,11212255.0,8356.0,11939990.0,1.2064516129,154896803.0,5954720000.0,0.0,5954720000.0,1000.0
2026-03-12T00:00:00,DGC,82.0,76.2,77.0,80.66649104427516,80.9,77.7,9898700.0,9831700.0,67000.0,797932840000.0,4844100000.0,1088574.0,87811444822.03078,448700.0,36195054531.56626,9429.0,15946887.0,10266.0,15401089.0,1.2064516129,155200590.0,-5934950000.0,0.0,-5934950000.0,1000.0
2026-03-13T00:00:00,DGC,81.7,76.5,80.4,78.95139823295777,77.4,80.9,8635900.0,8635900.0,0.0,681816380000.0,0.0,927410.0,73220316235.22737,1716635.0,135530733505.63345,10261.0,11678420.0,6962.0,13951539.0,1.2064516129,154816480.0,11619140000.0,0.0,11619140000.0,1000.0
2026-03-16T00:00:00,DGC,77.7,72.2,76.5,74.08502676011139,73.9,77.4,9659900.0,9659900.0,0.0,715653950000.0,0.0,140168.0,10384350030.911293,1046300.0,77515163499.10454,13070.0,13679351.0,4891.0,13102695.0,1.2064516129,155811056.0,3680440000.0,0.0,3680440000.0,1000.0
2026-03-17T00:00:00,DGC,75.5,68.8,74.7,71.60310436786371,68.8,73.9,7724600.0,7724600.0,0.0,553105340000.0,0.0,931400.0,66691131408.22826,1280700.0,91702095763.92305,8351.0,8825165.0,8766.0,25219661.0,1.2064516129,155097524.0,-45301610000.0,0.0,-45301610000.0,1000.0
2026-03-18T00:00:00,DGC,64.0,64.0,64.0,64.0,64.0,68.8,723800.0,643800.0,80000.0,46323200000.0,5120000000.0,73430.0,4699520000.0,408551.0,26147264000.0,2111.0,737709.0,22440.0,52583475.0,1.2064516129,156746519.0,-2201600000.0,3840000000.0,1638400000.0,1000.0
2026-03-19T00:00:00,DGC,59.6,59.6,59.6,59.6,59.6,64.0,1541100.0,1376100.0,165000.0,92041560000.0,10026000000.0,24821.0,1479331600.0,2300.0,137080000.0,2119.0,1553403.0,16672.0,38719301.0,1.2064516129,157701260.0,178800000.0,0.0,178800000.0,1000.0
2026-03-20T00:00:00,DGC,58.0,55.5,55.5,55.84677204930055,55.5,59.6,35076300.0,34977300.0,99000.0,1958863800000.0,5494500000.0,1138784.0,63597410461.39067,4871192.0,272040349232.3764,28096.0,40536335.0,21349.0,50857878.0,1.2064516129,156886786.0,-6500150000.0,-499500000.0,-6999650000.0,1000.0
2026-03-23T00:00:00,DGC,57.5,51.7,54.3,53.407676479234034,51.7,55.5,7143900.0,7143900.0,0.0,381539100000.0,0.0,151570.0,8095001523.957502,1228400.0,65605989787.09109,10656.0,9856482.0,5140.0,9976027.0,1.2064516129,158219910.0,108230000.0,0.0,108230000.0,1000.0
2026-03-24T00:00:00,DGC,53.5,51.7,53.0,52.6151350892339,52.5,51.7,7065700.0,7065700.0,0.0,371762760000.0,0.0,3155400.0,166021797260.56866,2063102.0,108550390432.86865,7529.0,11710122.0,5054.0,10727420.0,1.2064516129,154961161.0,-19403010000.0,0.0,-19403010000.0,1000.0
2026-03-25T00:00:00,DGC,55.7,52.5,52.5,54.40500945179584,54.7,52.5,4337800.0,4337800.0,0.0,235998050000.0,0.0,695995.0,37865614553.40265,200301.0,10897377798.204159,6491.0,7543694.0,5994.0,8239791.0,1.2064516129,160305696.0,-5996380000.0,0.0,-5996380000.0,1000.0
2026-03-26T00:00:00,DGC,55.0,51.7,55.0,52.79412441938942,52.3,54.7,5037800.0,5037800.0,0.0,265966240000.0,0.0,107020.0,5650027195.363055,1713800.0,90478570429.94958,8546.0,7797165.0,4205.0,8644498.0,1.2064516129,161401007.0,1521290000.0,0.0,1521290000.0,1000.0
2026-03-27T00:00:00,DGC,52.7,51.6,52.7,51.856435744854984,51.8,52.3,6149900.0,5864900.0,285000.0,318614310000.0,14481500000.0,279920.0,14515653493.699808,2416900.0,125331819551.74,10202.0,10039054.0,3446.0,8465220.0,1.2064516129,161182992.0,4152370000.0,0.0,4152370000.0,1000.0
2026-03-30T00:00:00,DGC,51.0,48.25,50.9,49.089705414932965,49.1,51.8,6921600.0,6921600.0,0.0,339779305000.0,0.0,351530.0,17256504144.511383,631532.0,31001719840.103443,13526.0,10978994.0,5255.0,9738335.0,1.2064516129,161162047.0,76075000.0,0.0,76075000.0,1000.0
2026-03-31T00:00:00,DGC,51.5,49.5,49.5,50.4556975909381,50.2,49.1,2507200.0,2507200.0,0.0,126502525000.0,0.0,204210.0,10303558005.04547,269345.0,13589989867.631222,4847.0,5118098.0,4123.0,4185862.0,1.2064516129,162768890.0,-724465000.0,0.0,-724465000.0,1000.0
2026-04-01T00:00:00,DGC,51.4,50.2,50.6,50.66958394620719,50.5,50.2,2855400.0,2855400.0,0.0,144681930000.0,0.0,409460.0,20747167842.613995,15372.0,778892844.4210969,4838.0,5305609.0,4130.0,4815477.0,1.2064516129,164828320.0,-135160000.0,0.0,-135160000.0,1000.0
2026-04-02T00:00:00,DGC,54.0,49.6,50.4,51.840678216583676,54.0,50.5,4483300.0,4398300.0,85000.0,232005855000.0,3995000000.0,1379500.0,71514215599.77718,51471.0,2668291548.485779,7235.0,11401807.0,5622.0,5668434.0,1.2064516129,163745890.0,-1187445000.0,0.0,-1187445000.0,1000.0
2026-04-03T00:00:00,DGC,57.4,55.0,56.9,56.486026096705714,56.5,54.0,8384200.0,8384200.0,0.0,473590140000.0,0.0,1379830.0,77941113389.01743,88982.0,5026239574.137068,8791.0,12296265.0,11231.0,14677551.0,1.2064516129,162441877.0,-340800000.0,0.0,-340800000.0,1000.0
2026-04-06T00:00:00,DGC,56.3,53.0,56.3,54.25247559173741,53.0,56.5,3471700.0,3451700.0,20000.0,188463270000.0,1200000000.0,112505.0,6103674766.448417,16300.0,884315352.1453197,5393.0,5077974.0,4410.0,6455785.0,1.2064516129,162547654.0,3894530000.0,0.0,3894530000.0,1000.0
2026-04-07T00:00:00,DGC,54.2,52.5,53.3,53.57743844564792,54.2,53.0,1791100.0,1791100.0,0.0,95962550000.0,0.0,662838.0,35513162144.43638,48520.0,2599577313.3828373,3542.0,3377225.0,2435.0,3092888.0,1.2064516129,161827616.0,470630000.0,0.0,470630000.0,1000.0
2026-04-08T00:00:00,DGC,56.3,54.8,55.0,55.50263537587233,55.7,54.2,3396100.0,3396100.0,0.0,188492500000.0,0.0,406010.0,22534624988.957924,98817.0,5484603919.937575,3879.0,5092068.0,4837.0,6604926.0,1.2064516129,161441576.0,-2936850000.0,0.0,-2936850000.0,1000.0
2026-04-09T00:00:00,DGC,55.8,52.9,55.7,54.01999363490387,53.1,55.7,7112700.0,6912700.0,200000.0,385324010000.0,11900000000.0,1369557.0,73983460422.63805,665049.0,35925942746.899185,9842.0,9500830.0,3702.0,9786127.0,1.2064516129,160261386.0,-106460000.0,0.0,-106460000.0,1000.0
2026-04-10T00:00:00,DGC,54.9,51.7,52.5,52.97279540868472,54.0,53.1,3815900.0,3815900.0,0.0,202138890000.0,0.0,183700.0,9731102516.575382,180907.0,9583149498.998926,8296.0,8425288.0,4280.0,6359286.0,1.2064516129,160679635.0,156350000.0,0.0,156350000.0,1000.0
2026-04-13T00:00:00,DGC,55.4,53.1,53.1,54.56772042815675,54.3,54.0,2204800.0,2204800.0,0.0,120310910000.0,0.0,83600.0,4561861427.793904,140146.0,7647447747.124455,3881.0,4620716.0,4445.0,4822547.0,1.2064516129,160849222.0,-2290250000.0,0.0,-2290250000.0,1000.0
2026-04-14T00:00:00,DGC,57.3,54.0,54.6,55.51140374095641,56.3,54.3,4663600.0,4533600.0,130000.0,258231500000.0,6565000000.0,643515.0,35722420978.361565,194314.0,10786642906.520205,5222.0,8489610.0,7168.0,7889510.0,1.2064516129,160157717.0,-940940000.0,0.0,-940940000.0,1000.0
2026-04-15T00:00:00,DGC,56.7,54.6,56.4,55.25485096933982,54.6,56.3,2341800.0,2341800.0,0.0,129395810000.0,0.0,22805.0,1260086876.3557947,559300.0,30904038147.151764,4605.0,3586921.0,3522.0,4930191.0,1.2064516129,160401736.0,1086190000.0,0.0,1086190000.0,1000.0
2026-04-16T00:00:00,DGC,55.0,54.0,54.6,54.439686138791096,54.9,54.6,1805900.0,1675900.0,130000.0,98827470000.0,7592000000.0,44600.0,2428010001.790083,368105.0,20039520666.119698,4040.0,3697608.0,2296.0,3876547.0,1.2064516129,160381087.0,-870880000.0,0.0,-870880000.0,1000.0
2026-04-17T00:00:00,DGC,55.9,54.2,55.0,54.85409538228615,54.5,54.9,2642000.0,2642000.0,0.0,144924520000.0,0.0,552054.0,30282422772.172596,990100.0,54311039838.00151,4625.0,4427910.0,4293.0,5393942.0,1.2064516129,159938733.0,-174360000.0,0.0,-174360000.0,1000.0
2026-04-20T00:00:00,DGC,54.5,52.5,53.8,53.27501022733914,53.1,54.5,3622200.0,3422200.0,200000.0,192457740000.0,10140000000.0,111420.0,5935901639.530127,366600.0,19530618749.34253,8601.0,7007372.0,3334.0,5650133.0,1.2064516129,160898162.0,-20313620000.0,0.0,-20313620000.0,1000.0
2026-04-21T00:00:00,DGC,54.4,52.5,53.1,53.50453710319485,53.3,53.1,1959400.0,1959400.0,0.0,104836790000.0,0.0,353608.0,18919632355.986526,35100.0,1878009252.3221395,3924.0,5195062.0,2501.0,3523668.0,1.2064516129,160986179.0,2689460000.0,0.0,2689460000.0,1000.0
2026-04-22T00:00:00,DGC,56.5,53.6,53.6,55.08565103737371,54.8,53.3,4246300.0,4246300.0,0.0,233910200000.0,0.0,870800.0,47968584923.34503,145500.0,8014962225.937876,3849.0,9695534.0,6891.0,7981907.0,1.2064516129,160524425.0,3088460000.0,0.0,3088460000.0,1000.0
2026-04-23T00:00:00,DGC,54.8,53.1,54.8,53.73051704150243,53.5,54.8,2156500.0,2156500.0,0.0,115869860000.0,0.0,34381.0,1847308906.4038951,571100.0,30685498282.40204,4519.0,3816673.0,2658.0,5131037.0,1.2064516129,160958518.0,-852280000.0,0.0,-852280000.0,1000.0
2026-04-24T00:00:00,DGC,53.6,52.6,53.6,53.07678015307469,53.3,53.5,1934500.0,1894500.0,40000.0,102673960000.0,2120000000.0,26712.0,1417786951.4489312,806622.0,42812898560.633415,4115.0,4771087.0,2498.0,3693841.0,1.2064516129,160970191.0,1000600000.0,0.0,1000600000.0,1000.0
2026-04-28T00:00:00,DGC,53.5,52.2,53.3,52.64001232231659,52.3,53.3,2272300.0,2272300.0,0.0,119613900000.0,0.0,41500.0,2184560511.3761387,1050937.0,55321336629.97844,4295.0,3795862.0,2862.0,4010551.0,1.2064516129,160958305.0,232330000.0,0.0,232330000.0,1000.0
2026-04-29T00:00:00,DGC,54.0,52.5,52.5,53.319549536287354,53.6,52.3,1358600.0,1358600.0,0.0,72439940000.0,0.0,280500.0,14956133644.928602,141735.0,7557246353.525688,2744.0,3425068.0,2945.0,2671255.0,1.2064516129,161207924.0,973480000.0,0.0,973480000.0,1000.0
2026-05-04T00:00:00,DGC,54.8,53.3,53.7,53.9042887638269,53.4,53.6,1030600.0,1030600.0,0.0,55553760000.0,0.0,194325.0,10474950914.030663,136350.0,7349849772.947798,2272.0,1963090.0,2805.0,3045003.0,1.2064516129,161999244.0,632770000.0,0.0,632770000.0,1000.0
2026-05-05T00:00:00,DGC,53.3,52.6,53.1,52.813419000127865,53.0,53.4,1564200.0,1564200.0,0.0,82610750000.0,0.0,93200.0,4922210650.811916,385326.0,20350383489.64327,3271.0,2641162.0,1913.0,2997943.0,1.2064516129,163050831.0,94820000.0,0.0,94820000.0,1000.0
2026-05-06T00:00:00,DGC,56.2,52.8,53.2,55.140185894879224,55.8,53.0,5966700.0,5766700.0,200000.0,329316910000.0,11340000000.0,1619700.0,89310559093.93587,201197.0,11094039981.492014,4447.0,10443675.0,7510.0,8415070.0,1.2064516129,161458331.0,-2754860000.0,0.0,-2754860000.0,1000.0
2026-05-07T00:00:00,DGC,55.8,53.9,54.8,54.37232666483968,53.9,55.8,3649000.0,3649000.0,0.0,198404620000.0,0.0,1013805.0,55122936634.44779,446717.0,24289042650.737186,5015.0,5684661.0,3287.0,6238325.0,1.2064516129,160648115.0,-6272110000.0,0.0,-6272110000.0,1000.0
2026-05-08T00:00:00,DGC,54.3,52.2,53.1,52.761871304196035,52.2,53.9,4882900.0,4582900.0,300000.0,257602380000.0,15800000000.0,1005008.0,53026102755.68745,790800.0,41724087827.35822,7322.0,6666301.0,3771.0,7012270.0,1.2064516129,160419158.0,-2519700000.0,0.0,-2519700000.0,1000.0
2026-05-11T00:00:00,DGC,52.7,48.55,52.7,48.93294411032882,48.6,52.2,8962300.0,8962300.0,0.0,438551725000.0,0.0,250614.0,12263280855.265947,4116285.0,201421943847.18488,11691.0,11726656.0,4564.0,11906138.0,1.2064516129,161010543.0,-1719875000.0,0.0,-1719875000.0,1000.0
2026-05-12T00:00:00,DGC,50.2,47.2,48.6,48.17370569476082,47.9,48.6,5487500.0,5487500.0,0.0,264353210000.0,0.0,971000.0,46776668229.612755,2588570.0,124701009350.287,8038.0,10751424.0,3164.0,6836099.0,1.2064516129,160199656.0,-141490000.0,0.0,-141490000.0,1000.0
2026-05-13T00:00:00,DGC,49.9,48.5,49.15,49.00231799070591,49.5,47.9,2027600.0,1807600.0,220000.0,99136590000.0,10560000000.0,123300.0,6041985808.254039,246438.0,12076033240.993582,3374.0,4197269.0,2792.0,2835579.0,1.2064516129,161101758.0,-698080000.0,0.0,-698080000.0,1000.0
2026-05-14T00:00:00,DGC,51.3,49.65,50.0,50.66779542503246,50.8,49.5,2002200.0,2002200.0,0.0,101447060000.0,0.0,176710.0,8953506129.557487,145802.0,7387465908.560583,3239.0,3646726.0,3523.0,3537393.0,1.2064516129,164913419.0,101680000.0,0.0,101680000.0,1000.0
2026-05-15T00:00:00,DGC,51.5,50.0,51.1,50.831860449779064,51.5,50.8,1616300.0,1516300.0,100000.0,82506350000.0,5430000000.0,62590.0,3181566145.551672,177901.0,9043038805.876146,2321.0,3959793.0,2309.0,2858761.0,1.2064516129,166675601.0,-2519700000.0,0.0,-2519700000.0,1000.0
2026-05-18T00:00:00,DGC,51.9,50.6,51.0,51.2095480456026,51.6,51.5,1573600.0,1473600.0,100000.0,80252390000.0,4790000000.0,234435.0,12005310396.070847,87000.0,4455230679.967426,2397.0,3334264.0,2478.0,3396461.0,1.2064516129,166628874.0,25800000.0,0.0,25800000.0,1000.0
2026-05-19T00:00:00,DGC,51.8,49.8,51.6,50.31487631866133,49.9,51.6,2749000.0,2749000.0,0.0,138315595000.0,0.0,106500.0,5358534327.937431,194134.0,9767828199.247,4394.0,3951785.0,2188.0,5282516.0,1.2064516129,166609786.0,1365290000.0,0.0,1365290000.0,1000.0
2026-05-20T00:00:00,DGC,50.6,47.0,50.3,48.11111975721734,48.8,49.9,5140400.0,5140400.0,0.0,247310400000.0,0.0,835321.0,40188228666.718544,778129.0,37436657505.56377,8507.0,8360082.0,3995.0,8602399.0,1.2064516129,165904884.0,370610000.0,0.0,370610000.0,1000.0
2026-05-21T00:00:00,DGC,49.05,47.8,48.85,48.16394712322385,48.0,48.8,1717200.0,1717200.0,0.0,82707130000.0,0.0,58071.0,2796928573.392732,546245.0,26309315296.325413,3523.0,3776011.0,3457.0,3549668.0,1.2064516129,166710315.0,0.0,0.0,0.0,1000.0
2026-05-22T00:00:00,DGC,49.5,48.05,48.05,48.8768520425678,48.5,48.0,1456500.0,1456500.0,0.0,71189135000.0,0.0,269000.0,13147873199.450739,161245.0,7881148007.603845,2166.0,2879630.0,3293.0,2685560.0,1.2064516129,166550447.0,19400000.0,0.0,19400000.0,1000.0
2026-05-25T00:00:00,DGC,49.2,48.15,48.6,48.57874394044322,48.5,48.5,1333200.0,1155200.0,178000.0,64662165000.0,8544000000.0,114700.0,5571981929.968837,57001.0,2769036983.3492036,1919.0,2243517.0,1851.0,2488419.0,1.2064516129,166601465.0,-213800000.0,0.0,-213800000.0,1000.0
2026-05-26T00:00:00,DGC,48.6,47.9,48.5,48.07281372751706,47.9,48.5,967400.0,967400.0,0.0,46505640000.0,0.0,8800.0,423040760.8021501,46300.0,2225771275.5840397,2006.0,2435700.0,1474.0,2466000.0,1.2064516129,167173367.0,-23950000.0,0.0,-23950000.0,1000.0
2026-05-27T00:00:00,DGC,47.95,47.5,47.5,47.79279911744057,47.75,47.9,997100.0,997100.0,0.0,47654200000.0,0.0,21600.0,1032324460.9367164,43800.0,2093324601.3438973,1923.0,2207300.0,968.0,1660800.0,1.2064516129,167163067.0,-14325000.0,0.0,-14325000.0,1000.0
2026-05-28T00:00:00,DGC,48.0,47.6,48.0,47.78939202913777,47.6,47.75,1427700.0,1427700.0,0.0,68228915000.0,0.0,15000.0,716840880.4370666,74400.0,3555530766.96785,1219.0,2171000.0,1065.0,2383600.0,1.2064516129,167162667.0,372880000.0,0.0,372880000.0,1000.0
2026-05-29T00:00:00,DGC,47.6,46.5,47.6,46.820332598780304,46.5,47.6,1951300.0,1951300.0,0.0,91360515000.0,0.0,75700.0,3544299177.727669,88800.0,4157645534.771691,2833.0,2487400.0,1170.0,3406700.0,1.2064516129,167146567.0,155680000.0,0.0,155680000.0,1000.0
2026-06-01T00:00:00,DGC,45.95,44.85,45.95,45.20485444253513,44.85,46.5,1978600.0,1978600.0,0.0,89442325000.0,0.0,57700.0,2608320101.3342767,175900.0,7951533896.441929,3222.0,2986000.0,1791.0,3573400.0,1.2064516129,167186467.0,-31395000.0,0.0,-31395000.0,1000.0
2026-06-02T00:00:00,DGC,46.6,45.1,45.1,45.95192633687779,45.7,44.85,648900.0,648900.0,0.0,29818205000.0,0.0,200.0,9190385.267375559,27400.0,1259082781.6304514,1338.0,1771700.0,1489.0,1474700.0,1.2064516129,167297367.0,-269260000.0,0.0,-269260000.0,1000.0
2026-06-03T00:00:00,DGC,46.0,45.35,45.35,45.784333881578945,45.8,45.7,486400.0,486400.0,0.0,22269500000.0,0.0,18800.0,860745476.9736842,60800.0,2783687500.0,1040.0,1123900.0,962.0,1065100.0,1.2064516129,167292467.0,-4580000.0,0.0,-4580000.0,1000.0
2026-06-04T00:00:00,DGC,45.9,45.4,45.9,45.56056563500534,45.4,45.8,374800.0,374800.0,0.0,17076100000.0,0.0,13500.0,615067636.072572,60200.0,2742746051.227321,1008.0,741200.0,678.0,852800.0,1.2064516129,167415267.0,-9080000.0,0.0,-9080000.0,1000.0
2026-06-05T00:00:00,DGC,45.85,45.4,45.4,45.650401498929334,45.85,45.4,373600.0,373600.0,0.0,17054990000.0,0.0,19000.0,867357628.4796574,23700.0,1081914515.5246253,956.0,848400.0,652.0,584600.0,1.2064516129,167438467.0,4585000.0,0.0,4585000.0,1000.0
2026-06-08T00:00:00,DGC,45.7,45.0,45.7,45.17070757880617,45.2,45.85,596400.0,596400.0,0.0,26939810000.0,0.0,24500.0,1106682335.680751,14000.0,632389906.1032864,1207.0,1063200.0,817.0,1034400.0,1.2064516129,167469467.0,121440000.0,0.0,121440000.0,1000.0
2026-06-09T00:00:00,DGC,45.1,44.85,45.0,44.983257261410785,44.9,45.2,482000.0,482000.0,0.0,21681930000.0,0.0,16600.0,746722070.539419,77500.0,3486202437.759336,1086.0,841300.0,591.0,843400.0,1.2064516129,167519367.0,-4490000.0,0.0,-4490000.0,1000.0
2026-06-10T00:00:00,DGC,44.9,44.85,44.85,44.87384565358769,44.85,44.9,461300.0,461300.0,0.0,20700305000.0,0.0,4200.0,188470151.74506828,69800.0,3132194426.6204205,966.0,873700.0,524.0,717900.0,1.2064516129,167536867.0,-4485000.0,0.0,-4485000.0,1000.0
2026-06-11T00:00:00,DGC,45.15,44.95,44.95,45.10385769395628,45.15,44.85,466600.0,466600.0,0.0,21045460000.0,0.0,4200.0,189436202.31461638,93100.0,4199169151.3073297,744.0,929700.0,563.0,717500.0,1.2064516129,167534767.0,906515000.0,0.0,906515000.0,1000.0
2026-06-12T00:00:00,DGC,46.0,45.15,45.15,45.6561605790271,45.75,45.15,594100.0,594100.0,0.0,27124325000.0,0.0,3900.0,178059026.25820568,164500.0,7510438415.249958,775.0,1159500.0,976.0,949800.0,1.2064516129,167597867.0,-32635000.0,0.0,-32635000.0,1000.0
2026-06-15T00:00:00,DGC,47.85,45.85,45.85,47.499830560690086,47.85,45.75,1298400.0,1298400.0,0.0,61673780000.0,0.0,6500.0,308748898.64448553,167200.0,7941971669.747381,984.0,2146700.0,1983.0,1864400.0,1.2064516129,167661267.0,-258825000.0,0.0,-258825000.0,1000.0
2026-06-16T00:00:00,DGC,49.0,48.0,49.0,48.571902754779465,48.3,47.85,664300.0,664300.0,0.0,32266315000.0,0.0,33400.0,1622301552.0096343,6500.0,315717367.90606654,691.0,1019700.0,1786.0,1882200.0,1.2064516129,167726967.0,981830000.0,0.0,981830000.0,1000.0
2026-06-17T00:00:00,DGC,48.2,47.75,48.2,47.848492584488206,47.85,48.3,411300.0,411300.0,0.0,19680085000.0,0.0,900.0,43063643.32603939,8400.0,401927337.70970094,636.0,815200.0,818.0,1055600.0,1.2064516129,167893267.0,-14355000.0,0.0,-14355000.0,1000.0
2026-06-18T00:00:00,DGC,47.8,47.5,47.8,47.625831533477324,47.8,47.85,463000.0,463000.0,0.0,22050760000.0,0.0,800.0,38100665.22678186,8300.0,395294401.72786176,587.0,907500.0,650.0,855700.0,1.2064516129,168051467.0,-4765000.0,0.0,-4765000.0,1000.0
2026-06-19T00:00:00,DGC,48.4,47.55,47.75,48.15790106148608,48.4,47.8,499300.0,499300.0,0.0,24045240000.0,0.0,129000.0,6212369236.9317045,65200.0,3139895149.2088923,584.0,1097100.0,936.0,1035800.0,1.2064516129,167925567.0,0.0,0.0,0.0,1000.0
2026-06-22T00:00:00,DGC,51.5,49.35,50.9,50.59084487256673,51.5,48.4,2491500.0,2491500.0,0.0,126047090000.0,0.0,4100.0,207422463.97752357,77600.0,3925849562.111178,1383.0,4520300.0,3554.0,3756600.0,1.2064516129,167992067.0,-1464200000.0,0.0,-1464200000.0,1000.0
2026-06-23T00:00:00,DGC,52.9,50.5,52.3,51.947977832024804,50.5,51.5,1515700.0,1515700.0,0.0,78737550000.0,0.0,23700.0,1231167074.618988,70500.0,3662332437.1577487,1319.0,2216400.0,2933.0,4017700.0,1.2064516129,167982567.0,-25250000.0,0.0,-25250000.0,1000.0
2026-06-24T00:00:00,DGC,51.0,50.1,50.3,50.49454384802297,50.4,50.5,452700.0,452700.0,0.0,22858880000.0,0.0,1100.0,55543998.23282527,11900.0,600885071.7914734,659.0,954800.0,1051.0,1592700.0,1.2064516129,168003667.0,-10080000.0,0.0,-10080000.0,1000.0
2026-06-25T00:00:00,DGC,50.1,48.6,50.1,48.8359192093648,48.75,50.4,1042200.0,1042200.0,0.0,50896795000.0,0.0,15700.0,766723931.5870274,189000.0,9229988730.569948,1577.0,1701600.0,1077.0,2014200.0,1.2064516129,168062667.0,-34125000.0,0.0,-34125000.0,1000.0
2026-06-26T00:00:00,DGC,48.5,47.45,48.5,47.756247987117554,47.75,48.75,931500.0,931500.0,0.0,44484945000.0,0.0,2100.0,100288120.77294686,241900.0,11552236388.083736,1570.0,1734300.0,687.0,1677800.0,1.2064516129,168109967.0,-14325000.0,0.0,-14325000.0,1000.0
2026-06-29T00:00:00,DGC,48.9,47.5,47.5,48.68638519924098,48.8,47.75,421600.0,421600.0,0.0,20526180000.0,0.0,11500.0,559893429.7912713,95000.0,4625206593.927894,647.0,917900.0,711.0,839200.0,1.2064516129,168123867.0,4880000.0,0.0,4880000.0,1000.0
2026-06-30T00:00:00,DGC,49.0,47.8,49.0,48.16282637075718,47.8,48.8,612800.0,612800.0,0.0,29514180000.0,0.0,11600.0,558688785.9007833,125100.0,6025169578.981723,829.0,948500.0,752.0,1120400.0,1.2064516129,168287967.0,-9560000.0,0.0,-9560000.0,1000.0
2026-07-01T00:00:00,DGC,48.25,47.8,47.8,47.95947308505448,47.9,47.8,614900.0,614900.0,0.0,29490280000.0,0.0,4700.0,225409523.49975607,123600.0,5927790873.312734,689.0,1008500.0,595.0,906900.0,1.2064516129,168533167.0,0.0,0.0,0.0,1000.0
2026-07-02T00:00:00,DGC,48.75,47.9,47.9,48.295218904561274,48.3,47.9,545900.0,545900.0,0.0,26364360000.0,0.0,600.0,28977131.342736766,133000.0,6423264114.306649,645.0,1246100.0,739.0,973200.0,1.2064516129,168630867.0,0.0,0.0,0.0,1000.0
2026-07-03T00:00:00,DGC,48.0,47.65,47.65,47.76994015815345,47.7,48.3,467900.0,467900.0,0.0,22351555000.0,0.0,9200.0,439483449.4550117,139500.0,6663906652.062407,963.0,1026700.0,508.0,727700.0,1.2064516129,168732867.0,-4770000.0,0.0,-4770000.0,1000.0
2026-07-06T00:00:00,DGC,47.7,46.15,47.55,47.05969669804273,46.25,47.7,669300.0,669300.0,0.0,31497055000.0,0.0,37000.0,1741208777.8275812,56200.0,2644754954.4300013,1316.0,968100.0,672.0,1175900.0,1.2064516129,168827467.0,-9250000.0,0.0,-9250000.0,1000.0
2026-07-07T00:00:00,DGC,46.3,45.5,46.3,45.85246169304195,45.85,46.25,796200.0,796200.0,0.0,36507730000.0,0.0,4100.0,187995092.941472,32600.0,1494790251.1931674,1607.0,1329200.0,504.0,1218800.0,1.2064516129,168993467.0,0.0,0.0,0.0,1000.0
2026-07-08T00:00:00,DGC,46.55,45.85,45.85,46.1366062085804,46.55,45.85,286700.0,286700.0,0.0,13227365000.0,0.0,12800.0,590548559.4698291,8400.0,387547492.15207535,995.0,855100.0,422.0,544800.0,1.2064516129,169112067.0,0.0,0.0,0.0,1000.0
2026-07-09T00:00:00,DGC,47.1,45.8,45.8,46.6445005409304,46.7,46.55,277300.0,277300.0,0.0,12934520000.0,0.0,1700.0,79295650.91958168,76100.0,3549646491.1648035,832.0,869300.0,616.0,661600.0,1.2064516129,169139967.0,0.0,0.0,0.0,1000.0
2026-07-10T00:00:00,DGC,46.9,46.2,46.7,46.475868372943324,46.2,46.7,218800.0,218800.0,0.0,10168920000.0,0.0,1400.0,65066215.72212066,700.0,32533107.86106033,520.0,377700.0,536.0,567000.0,1.2064516129,169169367.0,0.0,0.0,0.0,1000.0
2026-07-13T00:00:00,DGC,46.2,45.3,46.2,45.54342717800931,45.3,46.2,451100.0,451100.0,0.0,20544640000.0,0.0,700.0,31880399.02460652,2500.0,113858567.94502328,916.0,754800.0,483.0,822100.0,1.2064516129,169169867.0,0.0,0.0,0.0,1000.0
2026-07-14T00:00:00,DGC,45.6,45.2,45.35,45.39264579143924,45.4,45.3,348100.0,348100.0,0.0,15801180000.0,0.0,0.0,0.0,25700.0,1166590996.8399885,860.0,713200.0,438.0,751300.0,1.2064516129,169245067.0,0.0,0.0,0.0,1000.0
2026-07-15T00:00:00,DGC,45.5,44.85,45.4,45.030587529976025,44.85,45.4,417000.0,417000.0,0.0,18777755000.0,0.0,10900.0,490833404.0767386,15700.0,706980224.2206235,851.0,604500.0,357.0,634900.0,1.2064516129,169234967.0,0.0,0.0,0.0,1000.0
2026-07-16T00:00:00,DGC,44.95,44.0,44.85,44.363515825491874,44.8,44.85,584500.0,584500.0,0.0,25930475000.0,0.0,800.0,35490812.6603935,10000.0,443635158.25491875,1132.0,1145800.0,550.0,926300.0,1.2064516129,169246667.0,0.0,0.0,0.0,1000.0
2026-07-17T00:00:00,DGC,44.95,44.15,44.95,44.523212226066896,44.8,44.8,173400.0,173400.0,0.0,7720325000.0,0.0,16000.0,712371395.6170703,24000.0,1068557093.4256055,732.0,498500.0,286.0,266300.0,1.2064516129,169255967.0,0.0,0.0,0.0,1000.0
2026-07-20T00:00:00,DGC,44.65,43.0,44.65,43.57923773287851,43.0,44.8,762200.0,762200.0,0.0,33216095000.0,0.0,500.0,21789618.866439253,42400.0,1847759679.8740487,996.0,904900.0,620.0,1323100.0,1.2064516129,169277867.0,-4300000.0,0.0,-4300000.0,1000.0
2026-07-21T00:00:00,DGC,43.55,43.0,43.0,43.23771355870593,43.0,43.0,550200.0,550200.0,0.0,23789390000.0,0.0,1000.0,43237713.558705926,36400.0,1573852773.5368958,756.0,911100.0,571.0,978700.0,1.2064516129,169284367.0,0.0,0.0,0.0,1000.0
2026-07-22T00:00:00,DGC,42.9,40.5,42.9,40.96685202713362,40.5,43.0,1267800.0,1267800.0,0.0,51937775000.0,0.0,8500.0,348218242.23063576,1900.0,77837018.85155387,1976.0,1900600.0,866.0,2205500.0,1.2064516129,169285467.0,4220000.0,0.0,4220000.0,1000.0
2026-07-23T00:00:00,DGC,40.95,37.7,40.95,38.045634057971014,37.95,40.5,3864000.0,3864000.0,0.0,147008330000.0,0.0,7800.0,296755945.65217394,132000.0,5022023695.652174,2404.0,6720700.0,1329.0,5705800.0,1.2064516129,169317567.0,407500000.0,0.0,407500000.0,1000.0
2026-07-24T00:00:00,DGC,37.5,36.05,37.3,36.934479899164124,36.85,37.95,1507400.0,1507400.0,0.0,55675035000.0,0.0,1900.0,70175511.80841184,498600.0,18415531677.723232,1961.0,2894600.0,792.0,2367400.0,1.2064516129,169356867.0,0.0,0.0,0.0,1000.0
2026-07-27T00:00:00,DGC,36.85,35.9,36.85,36.1186791763129,36.0,36.85,820700.0,820700.0,0.0,29642600000.0,0.0,7400.0,267278225.90471548,260400.0,9405304057.51188,1270.0,1366400.0,636.0,1349500.0,1.2064516129,169355067.0,0.0,0.0,0.0,1000.0
2026-07-28T00:00:00,DGC,37.25,35.85,35.9,36.51709990604447,36.75,36.0,957900.0,957900.0,0.0,34979730000.0,0.0,15600.0,569666758.5342938,346100.0,12638568277.481993,1176.0,2380200.0,736.0,1466000.0,1.2064516129,169473867.0,0.0,0.0,0.0,1000.0
2026-07-29T00:00:00,DGC,37.85,36.95,36.95,37.48051729415366,37.85,36.75,653400.0,653400.0,0.0,24489770000.0,0.0,8700.0,326080500.45913684,247700.0,9283924133.761862,950.0,2166300.0,605.0,927400.0,1.2064516129,169970267.0,0.0,0.0,0.0,1000.0
2026-07-30T00:00:00,DGC,39.05,38.4,38.45,38.58746077405858,39.05,37.85,764800.0,764800.0,0.0,29511690000.0,0.0,2900.0,111903636.24476987,292800.0,11298408514.644352,962.0,1966700.0,794.0,1226100.0,1.2064516129,170231267.0,0.0,0.0,0.0,1000.0
2026-07-31T00:00:00,DGC,39.65,39.0,39.55,39.16289598912305,39.1,39.05,735500.0,735500.0,0.0,28804310000.0,0.0,1500.0,58744343.98368457,1900.0,74409502.37933378,754.0,1711600.0,822.0,1278200.0,1.2064516129,170568967.0,0.0,0.0,0.0,1000.0
2026-08-03T00:00:00,DGC,39.9,39.2,39.2,39.708828980623416,39.4,39.1,593500.0,593500.0,0.0,23567190000.0,0.0,3700.0,146922667.22830665,127300.0,5054933929.233361,728.0,1204500.0,743.0,939700.0,1.2064516129,170805967.0,0.0,0.0,0.0,1000.0
2026-08-04T00:00:00,DGC,39.8,39.5,39.7,39.58859857482185,39.6,39.4,336800.0,336800.0,0.0,13333440000.0,0.0,2600.0,102930356.29453681,5300.0,209819572.44655582,531.0,847500.0,534.0,671000.0,1.2064516129,171096367.0,0.0,0.0,0.0,1000.0
2026-08-05T00:00:00,DGC,40.55,39.65,39.65,40.32621530224038,40.55,39.6,709700.0,709700.0,0.0,28619515000.0,0.0,1400.0,56456701.42313654,4800.0,193565833.45075384,853.0,1706000.0,826.0,1041300.0,1.2064516129,171098067.0,0.0,0.0,0.0,1000.0
2026-08-06T00:00:00,DGC,43.35,40.65,40.65,42.873913421418635,43.35,40.55,575200.0,575200.0,0.0,24661075000.0,0.0,7800.0,334416524.68706536,22200.0,951800877.9554937,1365.0,2912100.0,884.0,668700.0,1.2064516129,171199167.0,0.0,0.0,0.0,1000.0
2026-08-07T00:00:00,DGC,45.8,44.05,45.8,44.783979070636605,44.2,43.35,802700.0,802700.0,0.0,35948100000.0,0.0,45900.0,2055584639.34222,25700.0,1150948262.1153607,1340.0,1762300.0,1490.0,1982900.0,1.2064516129,171179967.0,-443000000.0,0.0,-443000000.0,1000.0
2026-08-10T00:00:00,DGC,45.0,43.5,45.0,43.834440879926674,43.6,44.2,436400.0,436400.0,0.0,19129350000.0,0.0,2500.0,109586102.19981669,9200.0,403276856.0953254,775.0,683400.0,881.0,1081100.0,1.2064516129,171205767.0,0.0,0.0,0.0,1000.0
2026-08-11T00:00:00,DGC,44.25,43.65,43.65,44.043402689672675,44.1,43.6,394100.0,394100.0,0.0,17357505000.0,0.0,7100.0,312708159.096676,800.0,35234722.15173814,598.0,748700.0,716.0,1046800.0,1.2064516129,171216767.0,0.0,0.0,0.0,1000.0
2026-08-12T00:00:00,DGC,44.4,43.8,44.4,43.947315159025194,43.8,44.1,242100.0,242100.0,0.0,10639645000.0,0.0,8700.0,382341641.88351923,2200.0,96684093.34985544,531.0,342800.0,529.0,781400.0,1.2064516129,171208567.0,0.0,0.0,0.0,1000.0
2026-08-13T00:00:00,DGC,44.4,43.9,44.0,44.06846888837101,43.9,43.8,429100.0,429100.0,0.0,18909780000.0,0.0,14100.0,621365411.3260312,65000.0,2864450477.7441154,612.0,662000.0,778.0,1099200.0,1.2064516129,171203167.0,0.0,0.0,0.0,1000.0
2026-08-14T00:00:00,DGC,44.1,43.2,44.0,43.873023563091834,43.2,43.9,454100.0,454100.0,0.0,19922740000.0,0.0,6500.0,285174653.1600969,31700.0,1390774846.950011,551.0,670200.0,854.0,1084400.0,1.2064516129,171210567.0,0.0,0.0,0.0,1000.0
2026-08-17T00:00:00,DGC,43.0,40.7,43.0,41.21187585369555,41.2,43.2,658900.0,658900.0,0.0,27154505000.0,0.0,22200.0,914903643.9520413,8200.0,337937382.0003035,1650.0,1090300.0,597.0,1198200.0,1.2064516129,171188867.0,0.0,0.0,0.0,1000.0
2026-08-18T00:00:00,DGC,42.2,41.3,41.3,41.86285802279027,41.8,41.2,324700.0,324700.0,0.0,13592870000.0,0.0,9700.0,406069722.8210656,17300.0,724227443.7942716,640.0,612700.0,473.0,571100.0,1.2064516129,171244567.0,0.0,0.0,0.0,1000.0
2026-08-19T00:00:00,DGC,41.9,41.2,41.8,41.46234089651356,41.25,41.8,180700.0,180700.0,0.0,7492245000.0,0.0,11900.0,493401856.66851133,21300.0,883147861.0957388,525.0,368600.0,364.0,396300.0,1.2064516129,171267767.0,0.0,0.0,0.0,1000.0
2026-08-20T00:00:00,DGC,41.7,41.25,41.4,41.347862531433364,41.4,41.25,238600.0,238600.0,0.0,9865600000.0,0.0,14300.0,591274434.1994971,4300.0,177795808.88516346,499.0,463900.0,330.0,513000.0,1.2064516129,171261667.0,-4170000.0,0.0,-4170000.0,1000.0
2026-08-21T00:00:00,DGC,43.4,41.6,41.6,42.84277015057573,43.05,41.4,451600.0,451600.0,0.0,19347795000.0,0.0,11300.0,484123302.7015058,9100.0,389869208.37023914,799.0,1349300.0,914.0,882100.0,1.2064516129,171263667.0,0.0,0.0,0.0,1000.0
2026-08-24T00:00:00,DGC,44.65,43.6,44.5,43.98404850746269,43.9,43.05,482400.0,482400.0,0.0,21217905000.0,0.0,4700.0,206725027.98507464,97100.0,4270851110.074627,643.0,910300.0,1046.0,1288200.0,1.2064516129,171279867.0,0.0,0.0,0.0,1000.0
2026-08-25T00:00:00,DGC,44.95,43.9,44.4,44.356395875821434,44.95,43.9,882600.0,882600.0,0.0,39148955000.0,0.0,7000.0,310494771.13075006,45300.0,2009344733.174711,605.0,1850800.0,1284.0,1448400.0,1.2064516129,171273367.0,0.0,0.0,0.0,1000.0
2026-08-26T00:00:00,DGC,45.5,44.2,45.5,44.93996003996004,44.4,44.95,600600.0,600600.0,0.0,26990940000.0,0.0,3600.0,161783856.14385614,5400.0,242675784.21578422,726.0,1069500.0,1180.0,1595700.0,1.2064516129,171279067.0,0.0,0.0,0.0,1000.0
2026-08-27T00:00:00,DGC,45.0,43.15,45.0,43.63059701492537,43.2,44.4,643200.0,643200.0,0.0,28063200000.0,0.0,4500.0,196337686.56716418,119800.0,5226945522.38806,972.0,963000.0,775.0,1426100.0,1.2064516129,171371467.0,0.0,0.0,0.0,1000.0
2026-08-28T00:00:00,DGC,43.1,42.8,43.1,42.95195373113275,43.0,43.2,1417800.0,1417800.0,0.0,60897280000.0,0.0,12900.0,554080203.1316123,426500.0,18319008266.328114,1244.0,2004500.0,798.0,1949000.0,1.2064516129,171402267.0,0.0,0.0,0.0,1000.0
2026-09-03T00:00:00,DGC,45.0,42.35,43.0,44.505221788324825,44.9,43.0,998700.0,998700.0,0.0,44447365000.0,0.0,45500.0,2024987591.3687794,14900.0,663127804.6460398,1462.0,2198300.0,1184.0,1612300.0,1.2064516129,171371367.0,0.0,0.0,0.0,1000.0
2026-09-04T00:00:00,DGC,47.9,46.5,46.5,47.20720370717094,47.1,44.9,2136400.0,2136400.0,0.0,100853470000.0,0.0,50100.0,2365080905.7292643,378600.0,17872647323.53492,2435.0,3881100.0,2719.0,3780400.0,1.2064516129,171451567.0,-953500000.0,0.0,-953500000.0,1000.0
2026-09-07T00:00:00,DGC,47.95,47.0,47.65,47.58363268558818,47.0,47.1,1631300.0,1631300.0,0.0,77623180000.0,0.0,25300.0,1203865906.945381,5600.0,266468343.03929383,1310.0,2419200.0,1703.0,3378300.0,1.2064516129,171890167.0,0.0,0.0,0.0,1000.0
2026-09-08T00:00:00,DGC,47.0,45.6,47.0,46.24577397910731,45.65,47.0,947700.0,947700.0,0.0,43827120000.0,0.0,26500.0,1225513010.446344,17600.0,813925622.0322887,1393.0,1586900.0,899.0,1871800.0,1.2064516129,171861967.0,0.0,0.0,0.0,1000.0
2026-09-09T00:00:00,DGC,46.8,46.3,46.3,46.55407195544182,46.6,45.65,664300.0,664300.0,0.0,30925870000.0,0.0,14900.0,693655672.1360831,89400.0,4161934032.8164988,1004.0,1517000.0,878.0,1475200.0,1.2064516129,172200367.0,926000000.0,0.0,926000000.0,1000.0
2026-09-10T00:00:00,DGC,47.0,46.45,46.7,46.70384760824352,47.0,46.6,528900.0,528900.0,0.0,24701665000.0,0.0,32100.0,1499193508.2246172,11800.0,551105401.7772735,997.0,1101600.0,772.0,1205600.0,1.2064516129,172179267.0,0.0,0.0,0.0,1000.0
2026-09-11T00:00:00,DGC,47.45,46.75,47.45,47.07144829967202,46.75,47.0,1158600.0,1158600.0,0.0,54536980000.0,0.0,12700.0,597807393.4058347,103600.0,4876602043.846021,1089.0,1385800.0,1411.0,2557400.0,1.2064516129,172182367.0,-94000000.0,0.0,-94000000.0,1000.0
2026-09-14T00:00:00,DGC,38.6,37.0,38.6,37.55630158925711,37.4,38.75,811700.0,811700.0,0.0,30484450000.0,0.0,57500.0,2159487341.382284,106400.0,3995990489.096957,1804.0,1388400.0,916.0,1513800.0,1.0,172205567.0,0.0,0.0,0.0,1000.0
2026-09-15T00:00:00,DGC,37.2,36.0,37.2,36.37907061985827,36.05,37.4,1227700.0,1227700.0,0.0,44662585000.0,0.0,18700.0,680288620.5913497,332500.0,12096040981.102875,2163.0,1773400.0,705.0,1831300.0,1.0,172249467.0,0.0,0.0,0.0,1000.0
2026-09-16T00:00:00,DGC,36.2,34.85,36.1,35.36361494630725,35.0,36.05,912600.0,912600.0,0.0,32272835000.0,0.0,11300.0,399608848.893272,270100.0,9551712396.99759,2152.0,1653000.0,786.0,1517300.0,1.0,172348467.0,0.0,0.0,0.0,1000.0
2026-09-17T00:00:00,DGC,36.35,34.8,34.8,35.525723237597916,35.3,35.0,957500.0,957500.0,0.0,34015880000.0,0.0,200.0,7105144.647519582,277500.0,9858388198.43342,1622.0,2085600.0,676.0,1284400.0,1.0,172408567.0,0.0,0.0,0.0,1000.0
2026-09-18T00:00:00,DGC,36.0,35.5,35.5,35.858945779635434,35.95,35.3,861300.0,861300.0,0.0,30885310000.0,0.0,258600.0,9273123378.613724,279300.0,10015403556.252176,1158.0,1799400.0,706.0,1397700.0,1.0,172460867.0,0.0,0.0,0.0,1000.0
2026-09-21T00:00:00,DGC,36.35,35.35,36.35,35.611549077108855,35.35,35.95,579700.0,579700.0,0.0,20644015000.0,0.0,17300.0,616079799.0339831,162500.0,5786876725.030188,1092.0,920900.0,607.0,914500.0,1.0,172959667.0,0.0,0.0,0.0,1000.0
2026-09-22T00:00:00,DGC,35.8,35.35,35.35,35.64333333333334,35.8,35.35,550500.0,550500.0,0.0,19621655000.0,0.0,2000.0,71286666.66666667,343200.0,12232792000.0,784.0,1156000.0,539.0,786500.0,1.0,173256867.0,0.0,0.0,0.0,1000.0
2026-09-23T00:00:00,DGC,35.8,35.35,35.8,35.50534252981062,35.45,35.8,427700.0,427700.0,0.0,15185635000.0,0.0,9900.0,351502891.04512507,207200.0,7356706972.17676,0.0,0.0,0.0,0.0,1.0,173269567.0,,,,1000.0
