date,symbol,priceHigh,priceLow,priceOpen,priceAverage,priceClose,priceBasic,totalVolume,dealVolume,putthroughVolume,totalValue,putthroughValue,buyForeignQuantity,buyForeignValue,sellForeignQuantity,sellForeignValue,buyCount,buyQuantity,sellCount,sellQuantity,adjRatio,currentForeignRoom,propTradingNetDealValue,propTradingNetPTValue,propTradingNetValue,unit
2006-12-27T00:00:00,MPC,95.0,82.0,90.0,82.0,82.0,0.0,37500.0,37500.0,0.0,3075000000.0,0.0,0.0,0.0,0.0,0.0,0.0,0.0,0.0,0.0,8.972943811932838,0.0,,,,1000.0
2006-12-28T00:00:00,MPC,91.0,85.0,91.0,87.7,87.7,82.0,35500.0,35500.0,0.0,3113350000.0,0.0,0.0,0.0,0.0,0.0,0.0,0.0,0.0,0.0,8.972943811932838,0.0,,,,1000.0
2006-12-29T00:00:00,MPC,86.0,79.0,82.0,79.0,79.0,87.7,22300.0,22300.0,0.0,1761700000.0,0.0,0.0,0.0,0.0,0.0,0.0,0.0,0.0,0.0,8.972943811932838,0.0,,,,1000.0
2007-01-02T00:00:00,MPC,80.0,72.7,75.7,72.7,72.7,79.0,10700.0,10700.0,0.0,777890000.0,0.0,0.0,0.0,0.0,0.0,0.0,0.0,0.0,0.0,8.972943811932838,0.0,,,,1000.0
2007-01-03T00:00:00,MPC,75.0,70.0,73.1,73.1,73.1,72.7,12900.0,12900.0,0.0,942990000.0,0.0,0.0,0.0,0.0,0.0,0.0,0.0,0.0,0.0,8.972943811932838,0.0,,,,1000.0
2007-01-04T00:00:00,MPC,79.0,73.1,73.1,78.5,78.5,73.1,61500.0,61500.0,0.0,4827750000.0,0.0,0.0,0.0,0.0,0.0,0.0,0.0,0.0,0.0,8.972943811932838,0.0,,,,1000.0
2007-01-05T00:00:00,MPC,81.0,78.0,78.0,78.9,78.9,78.5,24100.0,24100.0,0.0,1901490000.0,0.0,0.0,0.0,0.0,0.0,0.0,0.0,0.0,0.0,8.972943811932838,0.0,,,,1000.0
2007-01-08T00:00:00,MPC,86.0,75.0,77.2,77.2,77.2,78.9,27000.0,27000.0,0.0,2084400000.0,0.0,100.0,7600000.0,0.0,0.0,0.0,0.0,0.0,0.0,8.972943811932838,0.0,,,,1000.0
2007-01-09T00:00:00,MPC,78.0,71.0,72.9,73.0,73.0,77.2,127200.0,127200.0,0.0,9285600000.0,0.0,0.0,0.0,0.0,0.0,0.0,0.0,0.0,0.0,8.972943811932838,0.0,,,,1000.0
2007-01-10T00:00:00,MPC,74.0,71.0,72.7,73.0,73.0,73.0,80200.0,80200.0,0.0,5854600000.0,0.0,0.0,0.0,0.0,0.0,0.0,0.0,0.0,0.0,8.972943811932838,0.0,,,,1000.0
2007-01-11T00:00:00,MPC,73.0,67.0,70.0,68.5,68.5,73.0,279200.0,279200.0,0.0,19125200000.0,0.0,0.0,0.0,0.0,0.0,0.0,0.0,0.0,0.0,8.972943811932838,0.0,,,,1000.0
2007-01-12T00:00:00,MPC,69.0,64.5,65.7,66.0,66.0,68.5,238600.0,238600.0,0.0,15747600000.0,0.0,0.0,0.0,0.0,0.0,0.0,0.0,0.0,0.0,8.972943811932838,0.0,,,,1000.0
2007-01-15T00:00:00,MPC,68.0,63.0,65.1,66.0,66.0,66.0,339000.0,339000.0,0.0,22374000000.0,0.0,100.0,6500000.0,0.0,0.0,0.0,0.0,0.0,0.0,8.972943811932838,0.0,,,,1000.0
2007-01-16T00:00:00,MPC,66.0,63.0,64.8,65.5,65.5,66.0,296500.0,296500.0,0.0,19420750000.0,0.0,20000.0,1288600000.0,0.0,0.0,0.0,0.0,0.0,0.0,8.972943811932838,0.0,,,,1000.0
2007-01-17T00:00:00,MPC,67.0,63.1,64.7,65.0,65.0,65.5,307200.0,307200.0,0.0,19968000000.0,0.0,0.0,0.0,0.0,0.0,0.0,0.0,0.0,0.0,8.972943811932838,0.0,,,,1000.0
2007-01-18T00:00:00,MPC,68.5,64.0,64.7,68.5,68.5,65.0,167400.0,167400.0,0.0,11466900000.0,0.0,3000.0,198000000.0,0.0,0.0,0.0,0.0,0.0,0.0,8.972943811932838,0.0,,,,1000.0
2007-01-19T00:00:00,MPC,71.5,68.5,68.5,71.5,71.5,68.5,282700.0,282700.0,0.0,20213050000.0,0.0,17500.0,1251250000.0,0.0,0.0,0.0,0.0,0.0,0.0,8.972943811932838,0.0,,,,1000.0
2007-01-22T00:00:00,MPC,77.7,67.8,70.0,69.0,69.0,71.5,280700.0,280700.0,0.0,19368300000.0,0.0,50500.0,3494500000.0,41900.0,2941500000.0,0.0,0.0,0.0,0.0,8.972943811932838,0.0,,,,1000.0
2007-01-23T00:00:00,MPC,71.0,67.5,68.6,68.9,68.9,69.0,158000.0,158000.0,0.0,10886200000.0,0.0,54100.0,3702720000.0,50000.0,3415010000.0,0.0,0.0,0.0,0.0,8.972943811932838,0.0,,,,1000.0
2007-01-24T00:00:00,MPC,70.0,67.0,68.1,67.5,67.5,68.9,157600.0,157600.0,0.0,10638000000.0,0.0,0.0,0.0,0.0,0.0,0.0,0.0,0.0,0.0,8.972943811932838,0.0,,,,1000.0
2007-01-25T00:00:00,MPC,67.0,61.5,63.0,62.8,62.8,67.5,174700.0,174700.0,0.0,10971160000.0,0.0,1600.0,101800000.0,0.0,0.0,0.0,0.0,0.0,0.0,8.972943811932838,0.0,,,,1000.0
2007-01-26T00:00:00,MPC,62.0,58.1,59.5,60.0,60.0,62.8,188400.0,188400.0,0.0,11304000000.0,0.0,0.0,0.0,0.0,0.0,0.0,0.0,0.0,0.0,8.972943811932838,0.0,,,,1000.0
2007-01-29T00:00:00,MPC,62.0,57.0,59.5,60.1,60.1,60.0,408000.0,408000.0,0.0,24520800000.0,0.0,500.0,30500000.0,8000.0,478860000.0,0.0,0.0,0.0,0.0,8.972943811932838,0.0,,,,1000.0
2007-01-30T00:00:00,MPC,65.0,61.0,61.0,65.0,65.0,60.1,344600.0,344600.0,0.0,22399000000.0,0.0,500.0,31500000.0,0.0,0.0,0.0,0.0,0.0,0.0,8.972943811932838,0.0,,,,1000.0
2007-01-31T00:00:00,MPC,70.2,67.5,67.5,70.2,70.2,65.0,554800.0,554800.0,0.0,38946960000.0,0.0,0.0,0.0,0.0,0.0,0.0,0.0,0.0,0.0,8.972943811932838,0.0,,,,1000.0
2007-02-01T00:00:00,MPC,76.8,72.7,72.7,73.0,73.0,70.2,455300.0,455300.0,0.0,33236900000.0,0.0,200800.0,15059500000.0,3000.0,225000000.0,0.0,0.0,0.0,0.0,8.972943811932838,0.0,,,,1000.0
2007-02-02T00:00:00,MPC,76.6,72.0,74.0,73.0,73.0,73.0,387200.0,387200.0,0.0,28265600000.0,0.0,5000.0,375000000.0,0.0,0.0,0.0,0.0,0.0,0.0,8.972943811932838,0.0,,,,1000.0
2007-02-05T00:00:00,MPC,81.4,70.1,73.3,74.0,74.0,73.0,502800.0,502800.0,0.0,37207200000.0,0.0,1500.0,111000000.0,0.0,0.0,0.0,0.0,0.0,0.0,8.972943811932838,0.0,,,,1000.0
2007-02-06T00:00:00,MPC,74.0,70.0,72.5,72.0,72.0,74.0,241400.0,241400.0,0.0,17380800000.0,0.0,600.0,43200000.0,0.0,0.0,0.0,0.0,0.0,0.0,8.972943811932838,0.0,,,,1000.0
2007-02-07T00:00:00,MPC,75.0,69.0,71.3,70.0,70.0,72.0,222900.0,222900.0,0.0,15603000000.0,0.0,30000.0,2190000000.0,0.0,0.0,0.0,0.0,0.0,0.0,8.972943811932838,0.0,,,,1000.0
2007-02-08T00:00:00,MPC,73.0,66.5,68.5,67.0,67.0,70.0,140800.0,140800.0,0.0,9433600000.0,0.0,0.0,0.0,0.0,0.0,0.0,0.0,0.0,0.0,8.972943811932838,0.0,,,,1000.0
2007-02-09T00:00:00,MPC,69.0,62.0,65.6,66.5,66.5,67.0,177100.0,177100.0,0.0,11777150000.0,0.0,0.0,0.0,0.0,0.0,0.0,0.0,0.0,0.0,8.972943811932838,0.0,,,,1000.0
2007-02-12T00:00:00,MPC,67.0,63.0,65.2,66.0,66.0,66.5,312200.0,312200.0,0.0,20605200000.0,0.0,0.0,0.0,2000.0,128000000.0,0.0,0.0,0.0,0.0,8.972943811932838,0.0,,,,1000.0
2007-02-13T00:00:00,MPC,69.9,66.0,66.0,67.4,67.4,66.0,180000.0,180000.0,0.0,12132000000.0,0.0,1800.0,120750000.0,0.0,0.0,0.0,0.0,0.0,0.0,8.972943811932838,0.0,,,,1000.0
2007-02-14T00:00:00,MPC,72.0,67.0,67.5,70.0,70.0,67.4,184100.0,184100.0,0.0,12887000000.0,0.0,50000.0,3523730000.0,0.0,0.0,0.0,0.0,0.0,0.0,8.972943811932838,0.0,,,,1000.0
2007-02-15T00:00:00,MPC,74.0,70.1,70.1,71.0,71.0,70.0,184900.0,184900.0,0.0,13127900000.0,0.0,51000.0,3722300000.0,0.0,0.0,0.0,0.0,0.0,0.0,8.972943811932838,0.0,,,,1000.0
2007-02-26T00:00:00,MPC,76.0,73.0,73.0,75.8,75.8,71.0,277500.0,277500.0,0.0,21034500000.0,0.0,100200.0,7575420000.0,0.0,0.0,0.0,0.0,0.0,0.0,8.972943811932838,0.0,,,,1000.0
2007-02-27T00:00:00,MPC,80.0,75.0,75.2,75.0,75.0,75.8,414400.0,414400.0,0.0,31080000000.0,0.0,2600.0,202700000.0,1500.0,114000000.0,0.0,0.0,0.0,0.0,8.972943811932838,0.0,,,,1000.0
2007-02-28T00:00:00,MPC,80.0,70.1,72.7,72.5,72.5,75.0,358500.0,358500.0,0.0,25991250000.0,0.0,100200.0,7451020000.0,0.0,0.0,0.0,0.0,0.0,0.0,8.972943811932838,0.0,,,,1000.0
2007-03-01T00:00:00,MPC,73.0,68.5,71.3,72.0,72.0,72.5,301200.0,301200.0,0.0,21686400000.0,0.0,0.0,0.0,0.0,0.0,0.0,0.0,0.0,0.0,8.972943811932838,0.0,,,,1000.0
2007-03-02T00:00:00,MPC,73.0,65.0,70.0,71.0,71.0,72.0,211200.0,211200.0,0.0,14995200000.0,0.0,0.0,0.0,0.0,0.0,0.0,0.0,0.0,0.0,8.972943811932838,0.0,,,,1000.0
2007-03-05T00:00:00,MPC,72.1,70.0,70.0,71.0,71.0,71.0,194800.0,194800.0,0.0,13830800000.0,0.0,0.0,0.0,0.0,0.0,0.0,0.0,0.0,0.0,8.972943811932838,0.0,,,,1000.0
2007-03-06T00:00:00,MPC,72.0,65.0,69.0,67.5,67.5,71.0,245500.0,245500.0,0.0,16571250000.0,0.0,0.0,0.0,0.0,0.0,0.0,0.0,0.0,0.0,8.972943811932838,0.0,,,,1000.0
2007-03-07T00:00:00,MPC,70.0,65.0,67.6,67.0,67.0,67.5,270900.0,270900.0,0.0,18150300000.0,0.0,0.0,0.0,0.0,0.0,0.0,0.0,0.0,0.0,8.972943811932838,0.0,,,,1000.0
2007-03-08T00:00:00,MPC,71.0,65.0,67.6,71.0,71.0,67.0,367000.0,367000.0,0.0,26057000000.0,0.0,0.0,0.0,0.0,0.0,0.0,0.0,0.0,0.0,8.972943811932838,0.0,,,,1000.0
2007-03-09T00:00:00,MPC,73.0,69.0,69.0,70.4,70.4,71.0,303300.0,303300.0,0.0,21352320000.0,0.0,0.0,0.0,0.0,0.0,0.0,0.0,0.0,0.0,8.972943811932838,0.0,,,,1000.0
2007-03-12T00:00:00,MPC,77.8,71.7,71.7,72.8,72.8,70.4,410800.0,410800.0,0.0,29906240000.0,0.0,0.0,0.0,0.0,0.0,0.0,0.0,0.0,0.0,8.972943811932838,0.0,,,,1000.0
2007-03-13T00:00:00,MPC,79.0,71.5,73.3,74.0,74.0,72.8,371800.0,371800.0,0.0,27513200000.0,0.0,0.0,0.0,0.0,0.0,0.0,0.0,0.0,0.0,8.972943811932838,0.0,,,,1000.0
2007-03-14T00:00:00,MPC,75.0,69.9,71.6,71.0,71.0,74.0,202600.0,202600.0,0.0,14384600000.0,0.0,0.0,0.0,0.0,0.0,0.0,0.0,0.0,0.0,8.972943811932838,0.0,,,,1000.0
2007-03-15T00:00:00,MPC,69.0,65.0,66.7,67.0,67.0,71.0,116500.0,116500.0,0.0,7805500000.0,0.0,0.0,0.0,0.0,0.0,0.0,0.0,0.0,0.0,8.972943811932838,0.0,,,,1000.0
2007-03-16T00:00:00,MPC,73.0,68.0,68.0,71.0,71.0,67.0,108800.0,108800.0,0.0,7724800000.0,0.0,0.0,0.0,0.0,0.0,0.0,0.0,0.0,0.0,8.972943811932838,0.0,,,,1000.0
2007-03-19T00:00:00,MPC,73.0,68.0,70.5,68.0,68.0,71.0,189100.0,189100.0,0.0,12858800000.0,0.0,0.0,0.0,0.0,0.0,0.0,0.0,0.0,0.0,8.972943811932838,0.0,,,,1000.0
2007-03-20T00:00:00,MPC,71.0,68.2,69.4,69.5,69.5,68.0,73300.0,73300.0,0.0,5094350000.0,0.0,0.0,0.0,0.0,0.0,0.0,0.0,0.0,0.0,8.972943811932838,0.0,,,,1000.0
2007-03-21T00:00:00,MPC,68.5,67.0,67.8,68.0,68.0,69.5,75300.0,75300.0,0.0,5120400000.0,0.0,0.0,0.0,0.0,0.0,0.0,0.0,0.0,0.0,8.972943811932838,0.0,,,,1000.0
2007-03-22T00:00:00,MPC,70.0,65.0,65.8,65.5,65.5,68.0,164200.0,164200.0,0.0,10755100000.0,0.0,0.0,0.0,0.0,0.0,0.0,0.0,0.0,0.0,8.972943811932838,0.0,,,,1000.0
2007-03-23T00:00:00,MPC,67.5,64.6,65.8,66.9,66.9,65.5,200300.0,200300.0,0.0,13400070000.0,0.0,0.0,0.0,0.0,0.0,0.0,0.0,0.0,0.0,8.972943811932838,0.0,,,,1000.0
2007-03-26T00:00:00,MPC,66.0,60.1,63.5,62.5,62.5,66.9,77400.0,77400.0,0.0,4837500000.0,0.0,0.0,0.0,0.0,0.0,0.0,0.0,0.0,0.0,8.972943811932838,0.0,,,,1000.0
2007-03-27T00:00:00,MPC,61.4,57.1,57.5,57.1,57.1,62.5,100100.0,100100.0,0.0,5715710000.0,0.0,0.0,0.0,0.0,0.0,0.0,0.0,0.0,0.0,8.972943811932838,0.0,,,,1000.0
2007-03-28T00:00:00,MPC,63.2,55.0,56.8,63.2,63.2,57.1,78100.0,78100.0,0.0,4935920000.0,0.0,0.0,0.0,0.0,0.0,0.0,0.0,0.0,0.0,8.972943811932838,0.0,,,,1000.0
2007-03-29T00:00:00,MPC,62.4,62.4,62.4,62.4,62.4,63.2,47300.0,47300.0,0.0,2951520000.0,0.0,0.0,0.0,0.0,0.0,0.0,0.0,0.0,0.0,8.972943811932838,0.0,,,,1000.0
2007-03-30T00:00:00,MPC,68.6,64.0,64.0,65.0,65.0,62.4,319800.0,319800.0,0.0,20787000000.0,0.0,0.0,0.0,0.0,0.0,0.0,0.0,0.0,0.0,8.972943811932838,0.0,,,,1000.0
2007-04-02T00:00:00,MPC,66.0,59.5,61.4,62.0,62.0,65.0,60500.0,60500.0,0.0,3751000000.0,0.0,0.0,0.0,0.0,0.0,0.0,0.0,0.0,0.0,8.972943811932838,0.0,,,,1000.0
2007-04-03T00:00:00,MPC,61.0,58.1,60.5,60.6,60.6,62.0,87000.0,87000.0,0.0,5272200000.0,0.0,0.0,0.0,0.0,0.0,0.0,0.0,0.0,0.0,8.972943811932838,0.0,,,,1000.0
2007-04-04T00:00:00,MPC,64.0,61.1,61.1,63.5,63.5,60.6,91100.0,91100.0,0.0,5784850000.0,0.0,0.0,0.0,0.0,0.0,0.0,0.0,0.0,0.0,8.972943811932838,0.0,,,,1000.0
2007-04-05T00:00:00,MPC,63.0,60.0,62.1,60.0,60.0,63.5,194600.0,194600.0,0.0,11676000000.0,0.0,0.0,0.0,0.0,0.0,0.0,0.0,0.0,0.0,8.972943811932838,0.0,,,,1000.0
2007-04-06T00:00:00,MPC,62.9,60.2,61.1,61.5,61.5,60.0,168200.0,168200.0,0.0,10344300000.0,0.0,0.0,0.0,0.0,0.0,0.0,0.0,0.0,0.0,8.972943811932838,0.0,,,,1000.0
2007-04-09T00:00:00,MPC,63.0,60.2,61.1,61.5,61.5,61.5,145400.0,145400.0,0.0,8942100000.0,0.0,0.0,0.0,0.0,0.0,0.0,0.0,0.0,0.0,8.972943811932838,0.0,,,,1000.0
2007-04-10T00:00:00,MPC,63.0,60.9,61.3,60.9,60.9,61.5,60800.0,60800.0,0.0,3702720000.0,0.0,0.0,0.0,0.0,0.0,0.0,0.0,0.0,0.0,8.972943811932838,0.0,,,,1000.0
2007-04-11T00:00:00,MPC,61.0,60.0,60.3,60.3,60.3,60.9,99100.0,99100.0,0.0,5975730000.0,0.0,0.0,0.0,0.0,0.0,0.0,0.0,0.0,0.0,8.972943811932838,0.0,,,,1000.0
2007-04-12T00:00:00,MPC,61.0,58.0,58.7,58.5,58.5,60.3,43500.0,43500.0,0.0,2544750000.0,0.0,0.0,0.0,0.0,0.0,0.0,0.0,0.0,0.0,8.972943811932838,0.0,,,,1000.0
2007-04-13T00:00:00,MPC,58.0,56.8,57.1,57.3,57.3,58.5,112000.0,112000.0,0.0,6417600000.0,0.0,0.0,0.0,0.0,0.0,0.0,0.0,0.0,0.0,8.972943811932838,0.0,,,,1000.0
2007-04-16T00:00:00,MPC,57.0,52.0,53.2,52.6,52.6,57.3,67500.0,67500.0,0.0,3550500000.0,0.0,0.0,0.0,0.0,0.0,0.0,0.0,0.0,0.0,8.972943811932838,0.0,,,,1000.0
2007-04-17T00:00:00,MPC,58.5,50.0,53.2,58.5,58.5,52.6,161800.0,161800.0,0.0,9465300000.0,0.0,0.0,0.0,0.0,0.0,0.0,0.0,0.0,0.0,8.972943811932838,0.0,,,,1000.0
2007-04-18T00:00:00,MPC,58.7,55.2,55.2,58.7,58.7,58.5,98200.0,98200.0,0.0,5764340000.0,0.0,0.0,0.0,0.0,0.0,0.0,0.0,0.0,0.0,8.972943811932838,0.0,,,,1000.0
2007-04-19T00:00:00,MPC,63.8,55.0,58.0,56.0,56.0,58.7,118300.0,118300.0,0.0,6624800000.0,0.0,0.0,0.0,0.0,0.0,0.0,0.0,0.0,0.0,8.972943811932838,0.0,,,,1000.0
2007-04-20T00:00:00,MPC,56.0,54.0,55.1,55.3,55.3,56.0,63900.0,63900.0,0.0,3533670000.0,0.0,0.0,0.0,0.0,0.0,0.0,0.0,0.0,0.0,8.972943811932838,0.0,,,,1000.0
2007-04-23T00:00:00,MPC,54.5,52.5,52.8,53.0,53.0,55.3,93000.0,93000.0,0.0,4929000000.0,0.0,0.0,0.0,0.0,0.0,0.0,0.0,0.0,0.0,8.972943811932838,0.0,,,,1000.0
2007-04-24T00:00:00,MPC,54.5,50.0,52.3,54.0,54.0,53.0,73000.0,73000.0,0.0,3942000000.0,0.0,0.0,0.0,0.0,0.0,0.0,0.0,0.0,0.0,8.972943811932838,0.0,,,,1000.0
2007-04-25T00:00:00,MPC,56.0,54.0,54.0,55.0,55.0,54.0,116700.0,116700.0,0.0,6418500000.0,0.0,0.0,0.0,0.0,0.0,0.0,0.0,0.0,0.0,8.972943811932838,0.0,,,,1000.0
2007-05-02T00:00:00,MPC,58.0,53.8,55.1,58.0,58.0,55.0,126100.0,126100.0,0.0,7313800000.0,0.0,0.0,0.0,0.0,0.0,0.0,0.0,0.0,0.0,8.972943811932838,0.0,,,,1000.0
2007-05-03T00:00:00,MPC,57.0,55.0,55.5,56.0,56.0,58.0,155000.0,155000.0,0.0,8680000000.0,0.0,0.0,0.0,0.0,0.0,0.0,0.0,0.0,0.0,8.972943811932838,0.0,,,,1000.0
2007-05-04T00:00:00,MPC,56.0,54.0,55.5,55.5,55.5,56.0,73400.0,73400.0,0.0,4073700000.0,0.0,0.0,0.0,0.0,0.0,0.0,0.0,0.0,0.0,8.972943811932838,0.0,,,,1000.0
2007-05-07T00:00:00,MPC,57.9,55.0,55.5,57.0,57.0,55.5,124800.0,124800.0,0.0,7113600000.0,0.0,0.0,0.0,0.0,0.0,0.0,0.0,0.0,0.0,8.972943811932838,0.0,,,,1000.0
2007-05-08T00:00:00,MPC,58.0,56.5,56.5,56.9,56.9,57.0,91000.0,91000.0,0.0,5177900000.0,0.0,0.0,0.0,0.0,0.0,0.0,0.0,0.0,0.0,8.972943811932838,0.0,,,,1000.0
2007-05-09T00:00:00,MPC,57.5,55.0,55.8,55.2,55.2,56.9,31100.0,31100.0,0.0,1716720000.0,0.0,0.0,0.0,0.0,0.0,0.0,0.0,0.0,0.0,8.972943811932838,0.0,,,,1000.0
2007-05-10T00:00:00,MPC,56.0,54.0,55.0,55.0,55.0,55.2,20900.0,20900.0,0.0,1149500000.0,0.0,0.0,0.0,0.0,0.0,0.0,0.0,0.0,0.0,8.972943811932838,0.0,,,,1000.0
2007-05-11T00:00:00,MPC,57.0,54.0,55.0,55.8,55.8,55.0,60900.0,60900.0,0.0,3398220000.0,0.0,0.0,0.0,0.0,0.0,0.0,0.0,0.0,0.0,8.972943811932838,0.0,,,,1000.0
2007-05-14T00:00:00,MPC,57.5,54.6,55.1,56.5,56.5,55.8,119200.0,119200.0,0.0,6734800000.0,0.0,0.0,0.0,0.0,0.0,0.0,0.0,0.0,0.0,8.972943811932838,0.0,,,,1000.0
2007-05-15T00:00:00,MPC,57.5,55.0,55.9,55.7,55.7,56.5,70100.0,70100.0,0.0,3904570000.0,0.0,0.0,0.0,0.0,0.0,0.0,0.0,0.0,0.0,8.972943811932838,0.0,,,,1000.0
2007-05-16T00:00:00,MPC,57.0,53.0,54.7,54.6,54.6,55.7,66300.0,66300.0,0.0,3619980000.0,0.0,0.0,0.0,0.0,0.0,0.0,0.0,0.0,0.0,8.972943811932838,0.0,,,,1000.0
2007-05-17T00:00:00,MPC,55.9,54.1,54.7,54.5,54.5,54.6,45700.0,45700.0,0.0,2490650000.0,0.0,0.0,0.0,0.0,0.0,0.0,0.0,0.0,0.0,8.972943811932838,0.0,,,,1000.0
2007-05-18T00:00:00,MPC,55.0,54.0,54.3,54.6,54.6,54.5,66500.0,66500.0,0.0,3630900000.0,0.0,0.0,0.0,0.0,0.0,0.0,0.0,0.0,0.0,8.972943811932838,0.0,,,,1000.0
2007-05-21T00:00:00,MPC,56.0,54.5,54.5,55.4,55.4,54.6,120600.0,120600.0,0.0,6681240000.0,0.0,0.0,0.0,0.0,0.0,0.0,0.0,0.0,0.0,8.972943811932838,0.0,,,,1000.0
2007-05-22T00:00:00,MPC,58.0,55.5,55.5,57.5,57.5,55.4,150000.0,150000.0,0.0,8625000000.0,0.0,0.0,0.0,0.0,0.0,0.0,0.0,0.0,0.0,8.972943811932838,0.0,,,,1000.0
2007-05-23T00:00:00,MPC,60.8,57.0,57.3,58.0,58.0,57.5,170800.0,170800.0,0.0,9906400000.0,0.0,0.0,0.0,0.0,0.0,0.0,0.0,0.0,0.0,8.972943811932838,0.0,,,,1000.0
2007-05-24T00:00:00,MPC,59.0,56.0,56.9,56.9,56.9,58.0,127600.0,127600.0,0.0,7260440000.0,0.0,0.0,0.0,0.0,0.0,0.0,0.0,0.0,0.0,8.972943811932838,0.0,,,,1000.0
2007-05-25T00:00:00,MPC,57.0,54.1,56.2,57.0,57.0,56.9,96900.0,96900.0,0.0,5523300000.0,0.0,0.0,0.0,0.0,0.0,0.0,0.0,0.0,0.0,8.972943811932838,0.0,,,,1000.0
2007-05-28T00:00:00,MPC,58.0,57.0,57.0,57.0,57.0,57.0,117500.0,117500.0,0.0,6697500000.0,0.0,0.0,0.0,0.0,0.0,0.0,0.0,0.0,0.0,8.972943811932838,0.0,,,,1000.0
2007-05-29T00:00:00,MPC,57.3,54.0,56.9,56.2,56.2,57.0,93400.0,93400.0,0.0,5249080000.0,0.0,0.0,0.0,0.0,0.0,0.0,0.0,0.0,0.0,8.972943811932838,0.0,,,,1000.0
2007-05-30T00:00:00,MPC,57.5,55.5,56.6,56.0,56.0,56.2,103200.0,103200.0,0.0,5779200000.0,0.0,0.0,0.0,0.0,0.0,0.0,0.0,0.0,0.0,8.972943811932838,0.0,,,,1000.0
2007-05-31T00:00:00,MPC,57.0,55.8,56.2,56.0,56.0,56.0,92900.0,92900.0,0.0,5202400000.0,0.0,0.0,0.0,0.0,0.0,0.0,0.0,0.0,0.0,8.972943811932838,0.0,,,,1000.0
2007-06-01T00:00:00,MPC,56.2,55.7,55.9,56.0,56.0,56.0,117000.0,117000.0,0.0,6552000000.0,0.0,0.0,0.0,0.0,0.0,0.0,0.0,0.0,0.0,8.972943811932838,0.0,,,,1000.0
2007-06-04T00:00:00,MPC,53.0,50.0,50.8,51.3,51.3,56.0,41200.0,41200.0,0.0,2113560000.0,0.0,0.0,0.0,0.0,0.0,0.0,0.0,0.0,0.0,8.154303142150066,0.0,,,,1000.0
2007-06-05T00:00:00,MPC,56.5,50.2,51.4,56.0,56.0,51.3,220800.0,220800.0,0.0,12364800000.0,0.0,0.0,0.0,0.0,0.0,0.0,0.0,0.0,0.0,8.154303142150066,0.0,,,,1000.0
2007-06-06T00:00:00,MPC,58.6,54.0,54.0,56.0,56.0,56.0,284800.0,284800.0,0.0,15948800000.0,0.0,0.0,0.0,0.0,0.0,0.0,0.0,0.0,0.0,8.154303142150066,0.0,,,,1000.0
2007-06-07T00:00:00,MPC,57.8,56.0,56.7,57.8,57.8,56.0,285700.0,285700.0,0.0,16513460000.0,0.0,0.0,0.0,0.0,0.0,0.0,0.0,0.0,0.0,8.154303142150066,0.0,,,,1000.0
2007-06-08T00:00:00,MPC,57.0,55.4,56.4,57.0,57.0,57.8,198900.0,198900.0,0.0,11337300000.0,0.0,0.0,0.0,0.0,0.0,0.0,0.0,0.0,0.0,8.154303142150066,0.0,,,,1000.0
2007-06-11T00:00:00,MPC,56.0,54.7,55.4,55.0,55.0,57.0,71300.0,71300.0,0.0,3921500000.0,0.0,0.0,0.0,0.0,0.0,0.0,0.0,0.0,0.0,8.154303142150066,0.0,,,,1000.0
2007-06-12T00:00:00,MPC,57.0,54.5,55.4,56.0,56.0,55.0,146800.0,146800.0,0.0,8220800000.0,0.0,0.0,0.0,0.0,0.0,0.0,0.0,0.0,0.0,8.154303142150066,0.0,,,,1000.0
2007-06-13T00:00:00,MPC,60.5,55.6,56.1,56.0,56.0,56.0,74100.0,74100.0,0.0,4149600000.0,0.0,0.0,0.0,0.0,0.0,0.0,0.0,0.0,0.0,8.154303142150066,0.0,,,,1000.0
2007-06-14T00:00:00,MPC,56.9,55.5,56.2,56.7,56.7,56.0,121600.0,121600.0,0.0,6894720000.0,0.0,0.0,0.0,0.0,0.0,0.0,0.0,0.0,0.0,8.154303142150066,0.0,,,,1000.0
2007-06-15T00:00:00,MPC,57.9,56.5,56.5,57.9,57.9,56.7,118000.0,118000.0,0.0,6832200000.0,0.0,0.0,0.0,0.0,0.0,0.0,0.0,0.0,0.0,8.154303142150066,0.0,,,,1000.0
2007-06-18T00:00:00,MPC,59.0,57.0,57.2,57.3,57.3,57.9,106900.0,106900.0,0.0,6125370000.0,0.0,0.0,0.0,0.0,0.0,0.0,0.0,0.0,0.0,8.154303142150066,0.0,,,,1000.0
2007-06-19T00:00:00,MPC,58.5,57.3,57.7,57.3,57.3,57.3,83000.0,83000.0,0.0,4755900000.0,0.0,0.0,0.0,0.0,0.0,0.0,0.0,0.0,0.0,8.154303142150066,0.0,,,,1000.0
2007-06-20T00:00:00,MPC,58.0,57.4,57.6,57.5,57.5,57.3,97900.0,97900.0,0.0,5629250000.0,0.0,0.0,0.0,0.0,0.0,0.0,0.0,0.0,0.0,8.154303142150066,0.0,,,,1000.0
2007-06-21T00:00:00,MPC,57.7,56.0,57.2,57.0,57.0,57.5,82900.0,82900.0,0.0,4725300000.0,0.0,0.0,0.0,0.0,0.0,0.0,0.0,0.0,0.0,8.154303142150066,0.0,,,,1000.0
2007-06-22T00:00:00,MPC,57.2,55.5,56.8,56.7,56.7,57.0,101500.0,101500.0,0.0,5755050000.0,0.0,0.0,0.0,0.0,0.0,0.0,0.0,0.0,0.0,8.154303142150066,0.0,,,,1000.0
2007-06-25T00:00:00,MPC,57.0,56.3,56.7,56.8,56.8,56.7,141600.0,141600.0,0.0,8042880000.0,0.0,0.0,0.0,0.0,0.0,0.0,0.0,0.0,0.0,8.154303142150066,0.0,,,,1000.0
2007-06-26T00:00:00,MPC,56.8,55.0,55.4,56.0,56.0,56.8,58400.0,58400.0,0.0,3270400000.0,0.0,0.0,0.0,0.0,0.0,0.0,0.0,0.0,0.0,8.154303142150066,0.0,,,,1000.0
2007-06-27T00:00:00,MPC,57.0,55.0,55.4,57.0,57.0,56.0,80400.0,80400.0,0.0,4582800000.0,0.0,0.0,0.0,0.0,0.0,0.0,0.0,0.0,0.0,8.154303142150066,0.0,,,,1000.0
2007-06-28T00:00:00,MPC,57.0,55.2,56.3,55.6,55.6,57.0,76100.0,76100.0,0.0,4231160000.0,0.0,0.0,0.0,0.0,0.0,0.0,0.0,0.0,0.0,8.154303142150066,0.0,,,,1000.0
2007-06-29T00:00:00,MPC,57.5,56.0,56.5,57.4,57.4,55.6,89000.0,89000.0,0.0,5108600000.0,0.0,0.0,0.0,0.0,0.0,0.0,0.0,0.0,0.0,8.154303142150066,0.0,,,,1000.0
2007-07-02T00:00:00,MPC,57.0,54.0,56.4,55.0,55.0,57.4,136100.0,136100.0,0.0,7485500000.0,0.0,0.0,0.0,0.0,0.0,0.0,0.0,0.0,0.0,8.154303142150066,23873800.0,,,,1000.0
2007-07-03T00:00:00,MPC,54.5,52.6,53.2,53.0,53.0,55.0,20900.0,20900.0,0.0,1107700000.0,0.0,0.0,0.0,0.0,0.0,0.0,0.0,0.0,0.0,8.154303142150066,23873800.0,,,,1000.0
2007-07-04T00:00:00,MPC,55.0,52.0,53.2,53.5,53.5,53.0,41900.0,41900.0,0.0,2241650000.0,0.0,0.0,0.0,0.0,0.0,0.0,0.0,0.0,0.0,8.154303142150066,23873800.0,,,,1000.0
2007-07-05T00:00:00,MPC,54.8,53.0,53.4,53.5,53.5,53.5,61200.0,61200.0,0.0,3274200000.0,0.0,400.0,21450000.0,0.0,0.0,0.0,0.0,0.0,0.0,8.154303142150066,23873400.0,,,,1000.0
2007-07-06T00:00:00,MPC,55.0,53.0,53.4,55.0,55.0,53.5,39200.0,39200.0,0.0,2156000000.0,0.0,27000.0,1501120000.0,0.0,0.0,0.0,0.0,0.0,0.0,8.154303142150066,23846400.0,,,,1000.0
2007-07-09T00:00:00,MPC,55.9,54.3,54.3,55.5,55.5,55.0,39000.0,39000.0,0.0,2164500000.0,0.0,24000.0,1328620000.0,0.0,0.0,0.0,0.0,0.0,0.0,8.154303142150066,23822400.0,,,,1000.0
2007-07-10T00:00:00,MPC,56.0,50.5,55.2,55.8,55.8,55.5,73900.0,73900.0,0.0,4123620000.0,0.0,48200.0,2680910000.0,0.0,0.0,0.0,0.0,0.0,0.0,8.154303142150066,23774200.0,,,,1000.0
2007-07-11T00:00:00,MPC,57.0,54.5,55.2,55.4,55.4,55.8,19400.0,19400.0,0.0,1074760000.0,0.0,0.0,0.0,0.0,0.0,0.0,0.0,0.0,0.0,8.154303142150066,23774200.0,,,,1000.0
2007-07-12T00:00:00,MPC,55.4,54.0,54.1,54.0,54.0,55.4,10400.0,10400.0,0.0,561600000.0,0.0,0.0,0.0,0.0,0.0,0.0,0.0,0.0,0.0,8.154303142150066,23774200.0,,,,1000.0
2007-07-13T00:00:00,MPC,54.5,53.0,53.8,54.5,54.5,54.0,25700.0,25700.0,0.0,1400650000.0,0.0,0.0,0.0,0.0,0.0,0.0,0.0,0.0,0.0,8.154303142150066,23774200.0,,,,1000.0
2007-07-16T00:00:00,MPC,54.5,53.0,53.8,54.5,54.5,54.5,47500.0,47500.0,0.0,2588750000.0,0.0,19000.0,1020560000.0,0.0,0.0,0.0,0.0,0.0,0.0,8.154303142150066,23755200.0,,,,1000.0
2007-07-17T00:00:00,MPC,54.8,53.3,53.8,54.8,54.8,54.5,33500.0,33500.0,0.0,1835800000.0,0.0,0.0,0.0,0.0,0.0,0.0,0.0,0.0,0.0,8.154303142150066,23755200.0,,,,1000.0
2007-07-18T00:00:00,MPC,54.0,53.0,53.2,53.2,53.2,54.8,22100.0,22100.0,0.0,1175720000.0,0.0,0.0,0.0,0.0,0.0,0.0,0.0,0.0,0.0,8.154303142150066,23755200.0,,,,1000.0
2007-07-19T00:00:00,MPC,53.5,52.7,53.0,52.9,52.9,53.2,21600.0,21600.0,0.0,1142640000.0,0.0,0.0,0.0,1500.0,79500000.0,0.0,0.0,0.0,0.0,8.154303142150066,23756700.0,,,,1000.0
2007-07-20T00:00:00,MPC,53.0,51.1,52.4,51.3,51.3,52.9,20900.0,20900.0,0.0,1072170000.0,0.0,200.0,10580000.0,0.0,0.0,0.0,0.0,0.0,0.0,8.154303142150066,23756500.0,,,,1000.0
2007-07-23T00:00:00,MPC,54.9,52.0,52.4,53.8,53.8,51.3,34600.0,34600.0,0.0,1861480000.0,0.0,16400.0,867520000.0,0.0,0.0,0.0,0.0,0.0,0.0,8.154303142150066,23740100.0,,,,1000.0
2007-07-24T00:00:00,MPC,53.0,52.1,52.7,52.5,52.5,53.8,13000.0,13000.0,0.0,682500000.0,0.0,0.0,0.0,0.0,0.0,0.0,0.0,0.0,0.0,8.154303142150066,23740100.0,,,,1000.0
2007-07-25T00:00:00,MPC,52.3,51.0,51.8,51.5,51.5,52.5,24200.0,24200.0,0.0,1246300000.0,0.0,0.0,0.0,0.0,0.0,0.0,0.0,0.0,0.0,8.154303142150066,23740100.0,,,,1000.0
2007-07-26T00:00:00,MPC,51.9,50.5,51.4,51.5,51.5,51.5,22400.0,22400.0,0.0,1153600000.0,0.0,0.0,0.0,0.0,0.0,0.0,0.0,0.0,0.0,8.154303142150066,23740100.0,,,,1000.0
2007-07-27T00:00:00,MPC,51.2,50.3,51.0,51.0,51.0,51.5,31000.0,31000.0,0.0,1581000000.0,0.0,0.0,0.0,0.0,0.0,0.0,0.0,0.0,0.0,8.154303142150066,23740100.0,,,,1000.0
2007-07-30T00:00:00,MPC,50.0,48.0,48.9,48.3,48.3,51.0,27200.0,27200.0,0.0,1313760000.0,0.0,0.0,0.0,0.0,0.0,0.0,0.0,0.0,0.0,8.154303142150066,23740100.0,,,,1000.0
2007-07-31T00:00:00,MPC,48.9,48.0,48.2,48.5,48.5,48.3,155500.0,155500.0,0.0,7541750000.0,0.0,120500.0,5813150000.0,0.0,0.0,0.0,0.0,0.0,0.0,8.154303142150066,23619600.0,,,,1000.0
2007-08-01T00:00:00,MPC,51.0,48.0,48.0,51.0,51.0,48.5,23200.0,23200.0,0.0,1183200000.0,0.0,15600.0,787770000.0,0.0,0.0,0.0,0.0,0.0,0.0,8.154303142150066,23604000.0,,,,1000.0
2007-08-02T00:00:00,MPC,53.5,50.5,53.0,51.5,51.5,51.0,111900.0,111900.0,0.0,5762850000.0,0.0,88800.0,4583800000.0,600.0,31200000.0,0.0,0.0,0.0,0.0,8.154303142150066,23515800.0,,,,1000.0
2007-08-03T00:00:00,MPC,51.6,50.5,51.5,51.5,51.5,51.5,32500.0,32500.0,0.0,1673750000.0,0.0,27400.0,1408280000.0,0.0,0.0,0.0,0.0,0.0,0.0,8.154303142150066,23488400.0,,,,1000.0
2007-08-06T00:00:00,MPC,51.9,50.5,50.5,51.8,51.8,51.5,140100.0,140100.0,0.0,7257180000.0,0.0,137300.0,7101370000.0,0.0,0.0,0.0,0.0,0.0,0.0,8.154303142150066,23351100.0,,,,1000.0
2007-08-07T00:00:00,MPC,53.8,51.5,51.6,53.8,53.8,51.8,84600.0,84600.0,0.0,4551480000.0,0.0,73400.0,3891460000.0,0.0,0.0,0.0,0.0,0.0,0.0,8.154303142150066,23277700.0,,,,1000.0
2007-08-08T00:00:00,MPC,53.5,53.0,53.0,53.0,53.0,53.8,20600.0,20600.0,0.0,1091800000.0,0.0,0.0,0.0,0.0,0.0,0.0,0.0,0.0,0.0,8.154303142150066,23277700.0,,,,1000.0
2007-08-09T00:00:00,MPC,54.0,52.8,53.0,54.0,54.0,53.0,126000.0,126000.0,0.0,6804000000.0,0.0,122500.0,6581730000.0,0.0,0.0,0.0,0.0,0.0,0.0,8.154303142150066,23155200.0,,,,1000.0
2007-08-10T00:00:00,MPC,54.0,53.0,53.9,53.5,53.5,54.0,83900.0,83900.0,0.0,4488650000.0,0.0,80100.0,4292080000.0,0.0,0.0,0.0,0.0,0.0,0.0,8.154303142150066,23075100.0,,,,1000.0
2007-08-13T00:00:00,MPC,54.0,52.0,52.0,54.0,54.0,53.5,55900.0,55900.0,0.0,3018600000.0,0.0,54100.0,2901690000.0,0.0,0.0,0.0,0.0,0.0,0.0,8.154303142150066,23021000.0,,,,1000.0
2007-08-14T00:00:00,MPC,54.0,53.0,53.0,54.0,54.0,54.0,37900.0,37900.0,0.0,2046600000.0,0.0,32900.0,1764800000.0,0.0,0.0,0.0,0.0,0.0,0.0,8.154303142150066,22988100.0,,,,1000.0
2007-08-15T00:00:00,MPC,53.1,52.7,53.0,53.0,53.0,54.0,23000.0,23000.0,0.0,1219000000.0,0.0,18000.0,954000000.0,0.0,0.0,0.0,0.0,0.0,0.0,8.154303142150066,22970100.0,,,,1000.0
2007-08-16T00:00:00,MPC,53.3,52.5,53.0,52.5,52.5,53.0,18900.0,18900.0,0.0,992250000.0,0.0,15000.0,797400000.0,0.0,0.0,0.0,0.0,0.0,0.0,8.154303142150066,22955100.0,,,,1000.0
2007-08-17T00:00:00,MPC,52.7,51.0,52.7,51.0,51.0,52.5,10200.0,10200.0,0.0,520200000.0,0.0,0.0,0.0,0.0,0.0,0.0,0.0,0.0,0.0,8.154303142150066,22955100.0,,,,1000.0
2007-08-20T00:00:00,MPC,52.0,50.0,52.0,51.4,51.4,51.0,25900.0,25900.0,0.0,1331260000.0,0.0,300.0,15600000.0,800.0,41200000.0,0.0,0.0,0.0,0.0,8.154303142150066,22955600.0,,,,1000.0
2007-08-21T00:00:00,MPC,51.7,51.3,51.6,51.3,51.3,51.4,16300.0,16300.0,0.0,836190000.0,0.0,0.0,0.0,0.0,0.0,0.0,0.0,0.0,0.0,8.154303142150066,22955600.0,,,,1000.0
2007-08-22T00:00:00,MPC,51.5,50.5,51.0,50.8,50.8,51.3,13700.0,13700.0,0.0,695960000.0,0.0,500.0,25500000.0,0.0,0.0,0.0,0.0,0.0,0.0,8.154303142150066,22955100.0,,,,1000.0
2007-08-23T00:00:00,MPC,50.5,50.1,50.5,50.4,50.4,50.8,7500.0,7500.0,0.0,378000000.0,0.0,0.0,0.0,0.0,0.0,0.0,0.0,0.0,0.0,8.154303142150066,22955100.0,,,,1000.0
2007-08-24T00:00:00,MPC,50.6,50.0,50.0,50.0,50.0,50.4,54400.0,54400.0,0.0,2720000000.0,0.0,0.0,0.0,0.0,0.0,0.0,0.0,0.0,0.0,8.154303142150066,22955100.0,,,,1000.0
2007-08-27T00:00:00,MPC,50.8,50.3,50.3,50.7,50.7,50.0,12800.0,12800.0,0.0,648960000.0,0.0,100.0,5080000.0,0.0,0.0,0.0,0.0,0.0,0.0,8.154303142150066,22955000.0,,,,1000.0
2007-08-28T00:00:00,MPC,50.5,48.0,50.5,50.3,50.3,50.7,17000.0,17000.0,0.0,855100000.0,0.0,0.0,0.0,0.0,0.0,0.0,0.0,0.0,0.0,8.154303142150066,22955000.0,,,,1000.0
2007-08-29T00:00:00,MPC,52.9,50.6,50.8,52.9,52.9,50.3,36100.0,36100.0,0.0,1909690000.0,0.0,0.0,0.0,0.0,0.0,0.0,0.0,0.0,0.0,8.154303142150066,22955000.0,,,,1000.0
2007-08-30T00:00:00,MPC,53.1,51.0,51.0,53.1,53.1,52.9,37900.0,37900.0,0.0,2012490000.0,0.0,0.0,0.0,0.0,0.0,0.0,0.0,0.0,0.0,8.154303142150066,22955000.0,,,,1000.0
2007-08-31T00:00:00,MPC,53.8,53.0,53.0,53.8,53.8,53.1,53400.0,53400.0,0.0,2872920000.0,0.0,500.0,26860000.0,0.0,0.0,0.0,0.0,0.0,0.0,8.154303142150066,22954500.0,,,,1000.0
2007-09-04T00:00:00,MPC,54.5,53.5,53.5,53.8,53.8,53.8,38100.0,38100.0,0.0,2049780000.0,0.0,0.0,0.0,0.0,0.0,0.0,0.0,0.0,0.0,8.154303142150066,22954500.0,,,,1000.0
2007-09-05T00:00:00,MPC,54.0,52.0,53.6,52.8,52.8,53.8,24500.0,24500.0,0.0,1293600000.0,0.0,0.0,0.0,0.0,0.0,0.0,0.0,0.0,0.0,8.154303142150066,22954500.0,,,,1000.0
2007-09-06T00:00:00,MPC,52.8,51.8,52.0,52.0,52.0,52.8,29200.0,29200.0,0.0,1518400000.0,0.0,300.0,15600000.0,0.0,0.0,0.0,0.0,0.0,0.0,8.154303142150066,22954200.0,,,,1000.0
2007-09-07T00:00:00,MPC,53.4,52.0,52.0,52.7,52.7,52.0,27400.0,27400.0,0.0,1443980000.0,0.0,100.0,5200000.0,0.0,0.0,0.0,0.0,0.0,0.0,8.154303142150066,25757540.0,,,,1000.0
2007-09-10T00:00:00,MPC,53.5,52.5,52.5,52.6,52.6,52.7,47200.0,47200.0,0.0,2482720000.0,0.0,0.0,0.0,100.0,5300000.0,0.0,0.0,0.0,0.0,8.154303142150066,25757640.0,,,,1000.0
2007-09-11T00:00:00,MPC,53.0,52.5,52.8,52.8,52.8,52.6,38500.0,38500.0,0.0,2032800000.0,0.0,0.0,0.0,0.0,0.0,0.0,0.0,0.0,0.0,8.154303142150066,25757640.0,,,,1000.0
2007-09-12T00:00:00,MPC,52.8,52.0,52.5,52.1,52.1,52.8,41400.0,41400.0,0.0,2156940000.0,0.0,400.0,21000000.0,0.0,0.0,0.0,0.0,0.0,0.0,8.154303142150066,25757240.0,,,,1000.0
2007-09-13T00:00:00,MPC,52.0,51.5,52.0,51.9,51.9,52.1,11200.0,11200.0,0.0,581280000.0,0.0,0.0,0.0,0.0,0.0,0.0,0.0,0.0,0.0,8.154303142150066,25757240.0,,,,1000.0
2007-09-14T00:00:00,MPC,52.5,51.1,51.1,52.2,52.2,51.9,23500.0,23500.0,0.0,1226700000.0,0.0,0.0,0.0,1000.0,52120000.0,0.0,0.0,0.0,0.0,8.154303142150066,25758240.0,,,,1000.0
2007-09-17T00:00:00,MPC,53.0,52.0,52.0,52.5,52.5,52.2,31000.0,31000.0,0.0,1627500000.0,0.0,200.0,10500000.0,0.0,0.0,0.0,0.0,0.0,0.0,8.154303142150066,25758040.0,,,,1000.0
2007-09-18T00:00:00,MPC,52.5,52.0,52.5,52.3,52.3,52.5,32200.0,32200.0,0.0,1684060000.0,0.0,0.0,0.0,0.0,0.0,0.0,0.0,0.0,0.0,8.154303142150066,25758040.0,,,,1000.0
2007-09-19T00:00:00,MPC,53.0,52.0,52.0,53.0,53.0,52.3,41400.0,41400.0,0.0,2194200000.0,0.0,0.0,0.0,0.0,0.0,0.0,0.0,0.0,0.0,8.154303142150066,25758040.0,,,,1000.0
2007-09-20T00:00:00,MPC,54.0,52.7,53.0,52.9,52.9,53.0,72800.0,72800.0,0.0,3851120000.0,0.0,800.0,42400000.0,100.0,5300000.0,0.0,0.0,0.0,0.0,8.154303142150066,25757340.0,,,,1000.0
2007-09-21T00:00:00,MPC,54.5,53.0,54.0,53.9,53.9,52.9,72700.0,72700.0,0.0,3918530000.0,0.0,9200.0,495370000.0,0.0,0.0,0.0,0.0,0.0,0.0,8.154303142150066,25748140.0,,,,1000.0
2007-09-24T00:00:00,MPC,57.0,52.0,52.0,56.5,56.5,53.9,96800.0,96800.0,0.0,5469200000.0,0.0,100.0,5400000.0,0.0,0.0,0.0,0.0,0.0,0.0,8.154303142150066,25748040.0,,,,1000.0
2007-09-25T00:00:00,MPC,60.0,57.5,57.5,59.5,59.5,56.5,138000.0,138000.0,0.0,8211000000.0,0.0,1100.0,63800000.0,0.0,0.0,0.0,0.0,0.0,0.0,8.154303142150066,25746940.0,,,,1000.0
2007-09-26T00:00:00,MPC,63.0,57.0,59.5,59.0,59.0,59.5,196700.0,196700.0,0.0,11605300000.0,0.0,132200.0,7818310000.0,50000.0,2960000000.0,0.0,0.0,0.0,0.0,8.154303142150066,25664740.0,,,,1000.0
2007-09-27T00:00:00,MPC,59.0,57.0,59.0,57.8,57.8,59.0,64300.0,64300.0,0.0,3716540000.0,0.0,0.0,0.0,0.0,0.0,0.0,0.0,0.0,0.0,8.154303142150066,25664740.0,,,,1000.0
2007-09-28T00:00:00,MPC,60.8,58.5,58.5,60.8,60.8,57.8,156400.0,156400.0,0.0,9509120000.0,0.0,0.0,0.0,50000.0,2961890000.0,0.0,0.0,0.0,0.0,8.154303142150066,25714740.0,,,,1000.0
2007-10-01T00:00:00,MPC,65.4,61.0,61.0,65.4,65.4,60.8,171000.0,171000.0,0.0,11183400000.000002,0.0,0.0,0.0,0.0,0.0,0.0,0.0,0.0,0.0,8.154303142150066,25714740.0,,,,1000.0
2007-10-02T00:00:00,MPC,71.0,66.0,71.0,67.1,67.1,65.4,282500.0,282500.0,0.0,18955750000.0,0.0,0.0,0.0,0.0,0.0,0.0,0.0,0.0,0.0,8.154303142150066,25714740.0,,,,1000.0
2007-10-03T00:00:00,MPC,69.0,65.0,67.5,66.9,66.9,67.1,92700.0,92700.0,0.0,6201630000.0,0.0,100.0,6680000.0,0.0,0.0,0.0,0.0,0.0,0.0,8.154303142150066,25714640.0,,,,1000.0
2007-10-04T00:00:00,MPC,68.0,66.9,68.0,66.9,66.9,66.9,129900.0,129900.0,0.0,8690310000.0,0.0,0.0,0.0,0.0,0.0,0.0,0.0,0.0,0.0,8.154303142150066,25714640.0,,,,1000.0
2007-10-05T00:00:00,MPC,68.0,64.0,67.5,65.0,65.0,66.9,149400.0,149400.0,0.0,9711000000.0,0.0,500.0,33750000.0,0.0,0.0,0.0,0.0,0.0,0.0,8.154303142150066,25714140.0,,,,1000.0
2007-10-08T00:00:00,MPC,67.0,63.5,66.3,65.0,65.0,65.0,175400.0,175400.0,0.0,11401000000.0,0.0,100.0,6550000.0,0.0,0.0,0.0,0.0,0.0,0.0,8.154303142150066,25714040.0,,,,1000.0
2007-10-09T00:00:00,MPC,69.0,64.0,65.0,68.0,68.0,65.0,278600.0,278600.0,0.0,18944800000.0,0.0,200.0,12980000.0,0.0,0.0,0.0,0.0,0.0,0.0,8.154303142150066,25713840.0,,,,1000.0
2007-10-10T00:00:00,MPC,73.1,68.0,71.0,73.0,73.0,68.0,503700.0,503700.0,0.0,36770100000.0,0.0,0.0,0.0,0.0,0.0,0.0,0.0,0.0,0.0,8.154303142150066,25713840.0,,,,1000.0
2007-10-11T00:00:00,MPC,77.0,71.9,77.0,72.9,72.9,73.0,348400.0,348400.0,0.0,25398360000.0,0.0,300.0,21870000.0,600.0,43550000.0,0.0,0.0,0.0,0.0,8.154303142150066,25714140.0,,,,1000.0
2007-10-12T00:00:00,MPC,75.0,70.5,75.0,72.0,72.0,72.9,204600.0,204600.0,0.0,14731200000.0,0.0,11100.0,798630000.0,1000.0,73500000.0,0.0,0.0,0.0,0.0,8.154303142150066,25704040.0,,,,1000.0
2007-10-15T00:00:00,MPC,75.0,72.0,73.0,75.0,75.0,72.0,373900.0,373900.0,0.0,28042500000.0,0.0,0.0,0.0,0.0,0.0,0.0,0.0,0.0,0.0,8.154303142150066,25704040.0,,,,1000.0
2007-10-16T00:00:00,MPC,80.9,68.0,68.0,80.9,80.9,75.0,581700.0,581700.0,0.0,47059530000.0,0.0,0.0,0.0,0.0,0.0,0.0,0.0,0.0,0.0,8.154303142150066,25704040.0,,,,1000.0
2007-10-17T00:00:00,MPC,88.4,75.0,88.0,78.0,78.0,80.9,325900.0,325900.0,0.0,25420200000.0,0.0,1400.0,109430000.0,700.0,59500000.0,0.0,0.0,0.0,0.0,8.154303142150066,25703340.0,,,,1000.0
2007-10-18T00:00:00,MPC,77.0,73.0,73.0,75.5,75.5,78.0,212800.0,212800.0,0.0,16066400000.0,0.0,0.0,0.0,0.0,0.0,0.0,0.0,0.0,0.0,8.154303142150066,25703340.0,,,,1000.0
2007-10-19T00:00:00,MPC,80.0,73.0,75.0,79.0,79.0,75.5,229000.0,229000.0,0.0,18091000000.0,0.0,0.0,0.0,6000.0,463250000.0,0.0,0.0,0.0,0.0,8.154303142150066,25709340.0,,,,1000.0
2007-10-22T00:00:00,MPC,80.0,75.0,79.0,76.9,76.9,79.0,120100.0,120100.0,0.0,9235690000.0,0.0,13100.0,1013840000.0,0.0,0.0,0.0,0.0,0.0,0.0,8.154303142150066,25696240.0,,,,1000.0
2007-10-23T00:00:00,MPC,80.0,77.0,78.0,78.5,78.5,76.9,346300.0,346300.0,0.0,27184550000.0,0.0,2100.0,165750000.0,0.0,0.0,0.0,0.0,0.0,0.0,8.154303142150066,25694140.0,,,,1000.0
2007-10-24T00:00:00,MPC,79.5,77.0,79.5,78.1,78.1,78.5,207100.0,207100.0,0.0,16174510000.0,0.0,17200.0,1342890000.0,0.0,0.0,0.0,0.0,0.0,0.0,8.154303142150066,25676940.0,,,,1000.0
2007-10-25T00:00:00,MPC,78.1,73.0,77.5,75.0,75.0,78.1,193200.0,193200.0,0.0,14490000000.0,0.0,0.0,0.0,0.0,0.0,0.0,0.0,0.0,0.0,8.154303142150066,25676940.0,,,,1000.0
2007-10-26T00:00:00,MPC,78.0,72.7,76.0,73.0,73.0,75.0,193100.0,193100.0,0.0,14096300000.0,0.0,0.0,0.0,0.0,0.0,0.0,0.0,0.0,0.0,8.154303142150066,25676940.0,,,,1000.0
2007-10-29T00:00:00,MPC,78.0,71.0,74.5,72.7,72.7,73.0,161100.0,161100.0,0.0,11711970000.0,0.0,400.0,29200000.0,0.0,0.0,0.0,0.0,0.0,0.0,8.154303142150066,25676540.0,,,,1000.0
2007-10-30T00:00:00,MPC,75.0,72.5,72.5,75.0,75.0,72.7,175500.0,175500.0,0.0,13162500000.0,0.0,55100.0,4075720000.0,0.0,0.0,0.0,0.0,0.0,0.0,8.154303142150066,25621440.0,,,,1000.0
2007-10-31T00:00:00,MPC,78.0,72.1,78.0,73.0,73.0,75.0,120500.0,120500.0,0.0,8796500000.0,0.0,700.0,52160000.0,0.0,0.0,0.0,0.0,0.0,0.0,8.154303142150066,25620740.0,,,,1000.0
2007-11-01T00:00:00,MPC,74.5,72.5,74.5,73.5,73.5,73.0,103100.0,103100.0,0.0,7577850000.0,0.0,900.0,66610000.0,1000.0,74100000.0,0.0,0.0,0.0,0.0,8.154303142150066,25620840.0,,,,1000.0
2007-11-02T00:00:00,MPC,72.5,71.7,72.5,72.0,72.0,73.5,94300.0,94300.0,0.0,6789600000.0,0.0,0.0,0.0,0.0,0.0,0.0,0.0,0.0,0.0,8.154303142150066,25620840.0,,,,1000.0
2007-11-05T00:00:00,MPC,72.5,71.0,71.7,72.0,72.0,72.0,92200.0,92200.0,0.0,6638400000.0,0.0,24000.0,1724960000.0,0.0,0.0,0.0,0.0,0.0,0.0,8.154303142150066,25596840.0,,,,1000.0
2007-11-06T00:00:00,MPC,73.0,70.0,71.0,70.5,70.5,72.0,156500.0,156500.0,0.0,11033250000.0,0.0,1000.0,71000000.0,0.0,0.0,0.0,0.0,0.0,0.0,8.154303142150066,25595840.0,,,,1000.0
2007-11-07T00:00:00,MPC,75.0,70.0,74.0,71.2,71.2,70.5,67700.0,67700.0,0.0,4820240000.0,0.0,0.0,0.0,0.0,0.0,0.0,0.0,0.0,0.0,8.154303142150066,25595840.0,,,,1000.0
2007-11-08T00:00:00,MPC,72.0,69.5,71.0,69.9,69.9,71.2,72700.0,72700.0,0.0,5081730000.0,0.0,0.0,0.0,0.0,0.0,0.0,0.0,0.0,0.0,8.154303142150066,25595840.0,,,,1000.0
2007-11-09T00:00:00,MPC,71.0,67.7,71.0,70.5,70.5,69.9,107900.0,107900.0,0.0,7606950000.0,0.0,34000.0,2352190000.0,0.0,0.0,0.0,0.0,0.0,0.0,8.154303142150066,25561840.0,,,,1000.0
2007-11-12T00:00:00,MPC,72.0,70.0,71.0,70.0,70.0,70.5,198000.0,198000.0,0.0,13860000000.0,0.0,86500.0,6095310000.0,0.0,0.0,129.0,211800.0,206.0,314000.0,8.154303142150066,25475340.0,,,,1000.0
2007-11-13T00:00:00,MPC,71.0,68.2,71.0,68.6,68.6,70.0,195700.0,195700.0,0.0,13425020000.0,0.0,76200.0,5266170000.0,0.0,0.0,138.0,231600.0,297.0,424600.0,8.154303142150066,25399140.0,,,,1000.0
2007-11-14T00:00:00,MPC,70.6,68.0,68.5,70.4,70.4,68.6,175000.0,175000.0,0.0,12320000000.0,0.0,100.0,6950000.0,0.0,0.0,215.0,231500.0,172.0,231300.0,8.154303142150066,25399040.0,,,,1000.0
2007-11-15T00:00:00,MPC,72.0,67.0,72.0,70.0,70.0,70.4,124700.0,124700.0,0.0,8729000000.0,0.0,109800.0,7627370000.0,0.0,0.0,60.0,195500.0,156.0,170200.0,8.154303142150066,25289240.0,,,,1000.0
2007-11-16T00:00:00,MPC,75.0,68.0,75.0,69.5,69.5,70.0,62000.0,62000.0,0.0,4309000000.0,0.0,32700.0,2274920000.0,200.0,13620000.0,68.0,116400.0,113.0,93100.0,8.154303142150066,25256740.0,,,,1000.0
2007-11-19T00:00:00,MPC,70.0,68.2,70.0,68.6,68.6,69.5,33400.0,33400.0,0.0,2291240000.0,0.0,0.0,0.0,0.0,0.0,53.0,43400.0,105.0,102500.0,8.154303142150066,25256740.0,,,,1000.0
2007-11-20T00:00:00,MPC,68.8,67.1,68.6,67.5,67.5,68.6,45200.0,45200.0,0.0,3051000000.0,0.0,0.0,0.0,0.0,0.0,60.0,49400.0,105.0,139200.0,8.154303142150066,25256740.0,,,,1000.0
2007-11-21T00:00:00,MPC,68.5,63.0,67.7,63.0,63.0,67.5,109500.0,109500.0,0.0,6898500000.0,0.0,1200.0,76800000.0,0.0,0.0,183.0,143300.0,119.0,227000.0,8.154303142150066,25255540.0,,,,1000.0
2007-11-22T00:00:00,MPC,66.0,63.0,64.1,64.6,64.6,63.0,96300.0,96300.0,0.0,6220979999.999999,0.0,0.0,0.0,0.0,0.0,132.0,146100.0,119.0,142800.0,8.154303142150066,25255540.0,,,,1000.0
2007-11-23T00:00:00,MPC,66.5,64.1,64.3,66.2,66.2,64.6,92100.0,92100.0,0.0,6097020000.0,0.0,55200.0,3625620000.0,3700.0,237840000.0,112.0,161500.0,86.0,129700.0,8.154303142150066,25204040.0,,,,1000.0
2007-11-26T00:00:00,MPC,68.9,66.0,66.6,68.5,68.5,66.2,76600.0,76600.0,0.0,5247100000.0,0.0,0.0,0.0,6100.0,407740000.0,92.0,99200.0,98.0,129000.0,8.154303142150066,25210140.0,,,,1000.0
2007-11-27T00:00:00,MPC,70.0,67.0,70.0,67.0,67.0,68.5,23200.0,23200.0,0.0,1554400000.0,0.0,0.0,0.0,0.0,0.0,55.0,39500.0,132.0,136600.0,8.154303142150066,25210140.0,,,,1000.0
2007-11-28T00:00:00,MPC,68.0,66.7,67.9,67.0,67.0,67.0,38400.0,38400.0,0.0,2572800000.0,0.0,0.0,0.0,0.0,0.0,68.0,70900.0,84.0,119900.0,8.154303142150066,25210140.0,,,,1000.0
2007-11-29T00:00:00,MPC,67.0,66.6,67.0,66.9,66.9,67.0,160800.0,160800.0,0.0,10757520000.0,0.0,120000.0,8029360000.0,800.0,53600000.0,80.0,174800.0,86.0,274500.0,8.154303142150066,25090940.0,,,,1000.0
2007-11-30T00:00:00,MPC,67.0,66.2,66.7,66.5,66.5,66.9,26800.0,26800.0,0.0,1782200000.0,0.0,0.0,0.0,0.0,0.0,66.0,37200.0,74.0,110700.0,8.154303142150066,25090940.0,,,,1000.0
2007-12-03T00:00:00,MPC,68.0,67.0,67.0,68.0,68.0,66.5,146000.0,146000.0,0.0,9928000000.0,0.0,58900.0,3961030000.0,100.0,6710000.0,103.0,201700.0,101.0,173900.0,8.154303142150066,25032140.0,,,,1000.0
2007-12-04T00:00:00,MPC,70.4,68.2,68.5,68.5,68.5,68.0,200700.0,200700.0,0.0,13747950000.0,0.0,69600.0,4760490000.0,0.0,0.0,151.0,243400.0,215.0,310500.0,8.154303142150066,24962540.0,,,,1000.0
2007-12-20T00:00:00,MPC,70.0,62.0,65.5,70.0,70.0,68.5,267020.0,267020.0,0.0,18691400000.0,0.0,40.0,2620000.0,5000.0,350000000.0,474.0,866670.0,681.0,732120.0,8.154303142150066,24962540.0,,,,1000.0
2007-12-21T00:00:00,MPC,68.0,66.5,66.5,66.5,66.5,70.0,134440.0,134440.0,0.0,8940260000.0,0.0,0.0,0.0,0.0,0.0,76.0,138620.0,336.0,369120.0,8.154303142150066,24962540.0,,,,1000.0
2007-12-24T00:00:00,MPC,66.5,63.5,66.5,63.5,63.5,66.5,32230.0,32230.0,0.0,2046605000.0,0.0,200.0,13130000.0,0.0,0.0,54.0,32730.0,144.0,151020.0,8.154303142150066,24962340.0,,,,1000.0
2007-12-25T00:00:00,MPC,62.0,61.0,61.5,61.0,61.0,63.5,82920.0,82920.0,0.0,5058120000.0,0.0,0.0,0.0,500.0,30640000.0,112.0,176890.0,90.0,102980.0,8.154303142150066,24962840.0,,,,1000.0
2007-12-26T00:00:00,MPC,61.0,58.5,60.0,61.0,61.0,61.0,60990.0,60990.0,0.0,3720390000.0,0.0,500.0,30000000.0,0.0,0.0,146.0,165300.0,83.0,73630.0,8.154303142150066,24962340.0,,,,1000.0
2007-12-27T00:00:00,MPC,62.0,61.0,61.0,61.0,61.0,61.0,31670.0,31670.0,0.0,1931870000.0,0.0,0.0,0.0,1000.0,61000000.0,50.0,42760.0,82.0,66260.0,8.154303142150066,24963340.0,,,,1000.0
2007-12-28T00:00:00,MPC,61.0,60.0,60.5,60.0,60.0,61.0,15020.0,15020.0,0.0,901200000.0,0.0,0.0,0.0,0.0,0.0,77.0,50360.0,48.0,39250.0,8.154303142150066,24963340.0,,,,1000.0
2008-01-02T00:00:00,MPC,59.0,58.0,58.0,58.0,58.0,60.0,14870.0,14870.0,0.0,862460000.0,0.0,0.0,0.0,0.0,0.0,59.0,29640.0,0.0,30370.0,8.154303142150066,24963340.0,,,,1000.0
2008-01-03T00:00:00,MPC,58.5,57.0,58.0,57.0,57.0,58.0,78010.0,78010.0,0.0,4446570000.0,0.0,1000.0,57500000.0,1000.0,57000000.0,69.0,114810.0,0.0,98130.0,8.154303142150066,24963340.0,,,,1000.0
2008-01-04T00:00:00,MPC,57.5,56.5,57.5,57.0,57.0,57.0,41000.0,41000.0,0.0,2337000000.0,0.0,0.0,0.0,0.0,0.0,47.0,49380.0,0.0,55240.0,8.154303142150066,24963340.0,,,,1000.0
2008-01-07T00:00:00,MPC,55.5,54.5,55.5,54.5,54.5,57.0,60310.0,60310.0,0.0,3286895000.0,0.0,5600.0,308000000.0,0.0,0.0,67.0,62980.0,0.0,85290.0,8.154303142150066,24957740.0,,,,1000.0
2008-01-08T00:00:00,MPC,56.0,54.0,54.5,54.0,54.0,54.5,36130.0,36130.0,0.0,1951020000.0,0.0,0.0,0.0,0.0,0.0,94.0,57290.0,79.0,75030.0,8.154303142150066,24957740.0,,,,1000.0
2008-01-09T00:00:00,MPC,53.0,51.5,53.0,51.5,51.5,54.0,24640.0,24640.0,0.0,1268960000.0,0.0,0.0,0.0,0.0,0.0,58.0,29190.0,62.0,50670.0,8.154303142150066,24957740.0,,,,1000.0
2008-01-10T00:00:00,MPC,50.0,49.0,49.0,49.0,49.0,51.5,67120.0,67120.0,0.0,3288880000.0,0.0,1000.0,49000000.0,14060.0,689940000.0,82.0,67120.0,88.0,103400.0,8.154303142150066,24970800.0,,,,1000.0
2008-01-11T00:00:00,MPC,49.5,48.0,48.0,49.0,49.0,49.0,64550.0,64550.0,0.0,3162950000.0,0.0,0.0,0.0,44140.0,2156360000.0,92.0,95560.0,63.0,94390.0,8.154303142150066,25014940.0,,,,1000.0
2008-01-14T00:00:00,MPC,50.0,47.0,49.5,47.0,47.0,49.0,114900.0,114900.0,0.0,5400300000.0,0.0,30000.0,1451000000.0,0.0,0.0,42.0,117950.0,97.0,157750.0,8.154303142150066,24984940.0,,,,1000.0
2008-01-15T00:00:00,MPC,47.0,45.0,47.0,47.0,47.0,47.0,102080.0,102080.0,0.0,4797760000.0,0.0,60000.0,2812255000.0,500.0,23500000.0,47.0,127130.0,149.0,146610.0,8.154303142150066,24925440.0,,,,1000.0
2008-01-16T00:00:00,MPC,49.3,47.0,47.0,49.3,49.3,47.0,77060.0,77060.0,0.0,3799058000.0,0.0,25000.0,1221000000.0,130.0,6370000.0,108.0,167440.0,38.0,77060.0,8.154303142150066,24900570.0,,,,1000.0
2008-01-17T00:00:00,MPC,51.0,48.9,51.0,49.4,49.4,49.3,65870.0,65870.0,0.0,3253978000.0,0.0,5000.0,249800000.0,0.0,0.0,70.0,74870.0,136.0,172690.0,8.154303142150066,24895570.0,,,,1000.0
2008-01-18T00:00:00,MPC,50.0,49.0,50.0,49.9,49.9,49.4,13370.0,13370.0,0.0,667163000.0,0.0,0.0,0.0,0.0,0.0,41.0,30570.0,61.0,33470.0,8.154303142150066,24895570.0,,,,1000.0
2008-01-21T00:00:00,MPC,49.0,48.3,48.3,49.0,49.0,49.9,9370.0,9370.0,0.0,459130000.0,0.0,0.0,0.0,0.0,0.0,50.0,50930.0,31.0,18990.0,8.154303142150066,24895570.0,,,,1000.0
2008-01-22T00:00:00,MPC,47.5,47.0,47.0,47.0,47.0,49.0,20520.0,20520.0,0.0,964440000.0,0.0,0.0,0.0,0.0,0.0,64.0,36590.0,50.0,40180.0,8.154303142150066,24895570.0,,,,1000.0
2008-01-23T00:00:00,MPC,45.5,44.7,45.0,45.5,45.5,47.0,106720.0,106720.0,0.0,4855760000.0,0.0,14000.0,637000000.0,0.0,0.0,123.0,145370.0,83.0,130640.0,8.154303142150066,24881570.0,,,,1000.0
2008-01-24T00:00:00,MPC,47.7,45.5,47.7,45.5,45.5,45.5,44720.0,44720.0,0.0,2034760000.0,0.0,20000.0,910300000.0,100.0,4600000.0,82.0,92990.0,93.0,67040.0,8.154303142150066,24861670.0,,,,1000.0
2008-01-25T00:00:00,MPC,46.0,44.5,45.0,45.5,45.5,45.5,39620.0,39620.0,0.0,1802710000.0,0.0,200.0,9100000.0,0.0,0.0,113.0,91200.0,72.0,74710.0,8.154303142150066,24861470.0,,,,1000.0
2008-01-28T00:00:00,MPC,46.0,44.7,45.5,45.0,45.0,45.5,59840.0,59840.0,0.0,2692800000.0,0.0,520.0,23650000.0,200.0,9000000.0,95.0,114330.0,89.0,141560.0,8.154303142150066,24861150.0,,,,1000.0
2008-01-29T00:00:00,MPC,45.9,44.7,44.7,45.9,45.9,45.0,85560.0,85560.0,0.0,3927204000.0,0.0,200.0,8940000.0,0.0,0.0,132.0,193460.0,71.0,101810.0,8.154303142150066,24860950.0,,,,1000.0
2008-01-30T00:00:00,MPC,48.1,47.0,48.1,48.1,48.1,45.9,110240.0,110240.0,0.0,5302544000.0,0.0,0.0,0.0,0.0,0.0,112.0,214750.0,42.0,110240.0,8.154303142150066,24860950.0,,,,1000.0
2008-01-31T00:00:00,MPC,48.0,47.0,48.0,47.5,47.5,48.1,83900.0,83900.0,0.0,3985250000.0,0.0,100.0,4750000.0,0.0,0.0,83.0,107010.0,74.0,115940.0,8.154303142150066,24860850.0,,,,1000.0
2008-02-01T00:00:00,MPC,48.2,47.5,48.0,48.0,48.0,47.5,122150.0,122150.0,0.0,5863200000.0,0.0,0.0,0.0,0.0,0.0,106.0,183570.0,49.0,138510.0,8.154303142150066,24860850.0,,,,1000.0
2008-02-12T00:00:00,MPC,48.0,47.4,48.0,47.5,47.5,48.0,33080.0,33080.0,0.0,1571300000.0,0.0,100.0,4800000.0,0.0,0.0,30.0,39200.0,43.0,51460.0,8.154303142150066,24860750.0,,,,1000.0
2008-02-13T00:00:00,MPC,47.5,45.6,47.0,47.5,47.5,47.5,34990.0,34990.0,0.0,1662025000.0,0.0,0.0,0.0,0.0,0.0,46.0,60330.0,46.0,50710.0,8.154303142150066,24860750.0,,,,1000.0
2008-02-14T00:00:00,MPC,47.5,45.7,47.0,45.7,45.7,47.5,54280.0,54280.0,0.0,2480596000.0,0.0,0.0,0.0,0.0,0.0,66.0,80370.0,49.0,78910.0,8.154303142150066,24860750.0,,,,1000.0
2008-02-15T00:00:00,MPC,46.0,45.1,45.7,45.1,45.1,45.7,19670.0,19670.0,0.0,887117000.0,0.0,0.0,0.0,0.0,0.0,62.0,54060.0,39.0,38470.0,8.154303142150066,24860750.0,,,,1000.0
2008-02-18T00:00:00,MPC,43.2,42.9,42.9,42.9,42.9,45.1,65640.0,65640.0,0.0,2815956000.0,0.0,0.0,0.0,0.0,0.0,92.0,73630.0,52.0,98090.0,8.154303142150066,24860750.0,,,,1000.0
2008-02-19T00:00:00,MPC,42.9,42.0,42.9,42.0,42.0,42.9,41970.0,41970.0,0.0,1762740000.0,0.0,0.0,0.0,0.0,0.0,65.0,54820.0,56.0,68100.0,8.154303142150066,24860750.0,,,,1000.0
2008-02-20T00:00:00,MPC,42.0,39.9,39.9,39.9,39.9,42.0,47530.0,47530.0,0.0,1896447000.0,0.0,0.0,0.0,0.0,0.0,55.0,48910.0,75.0,104270.0,8.154303142150066,24860750.0,,,,1000.0
2008-02-21T00:00:00,MPC,38.0,38.0,38.0,38.0,38.0,39.9,20490.0,20490.0,0.0,778620000.0,0.0,0.0,0.0,0.0,0.0,28.0,20490.0,92.0,431370.0,8.154303142150066,24860750.0,,,,1000.0
2008-02-22T00:00:00,MPC,36.1,36.1,36.1,36.1,36.1,38.0,30310.0,30310.0,0.0,1094191000.0,0.0,0.0,0.0,180.0,6498000.0,48.0,30310.0,108.0,517650.0,8.154303142150066,24860930.0,,,,1000.0
2008-02-25T00:00:00,MPC,37.9,36.5,37.9,37.7,37.7,36.1,46720.0,46720.0,0.0,1761344000.0,0.0,0.0,0.0,14930.0,562247000.0,88.0,81490.0,67.0,109140.0,8.154303142150066,24875860.0,,,,1000.0
2008-02-26T00:00:00,MPC,37.0,35.9,37.0,35.9,35.9,37.7,41200.0,41200.0,0.0,1479080000.0,0.0,110.0,3949000.0,12000.0,436596000.0,69.0,42200.0,83.0,86540.0,8.154303142150066,24887750.0,,,,1000.0
2008-02-27T00:00:00,MPC,36.0,34.5,34.5,34.5,34.5,35.9,59920.0,59920.0,0.0,2067240000.0,0.0,0.0,0.0,14200.0,495780000.0,115.0,89950.0,61.0,153310.0,8.154303142150066,24901950.0,,,,1000.0
2008-02-28T00:00:00,MPC,35.1,34.5,35.1,35.0,35.0,34.5,81400.0,81400.0,0.0,2849000000.0,0.0,0.0,0.0,24800.0,868680000.0,83.0,130480.0,94.0,141780.0,8.154303142150066,24926750.0,,,,1000.0
2008-02-29T00:00:00,MPC,35.0,34.5,35.0,34.5,34.5,35.0,67710.0,67710.0,0.0,2335995000.0,0.0,0.0,0.0,8000.0,279100000.0,83.0,133540.0,84.0,126060.0,8.154303142150066,24934750.0,,,,1000.0
2008-03-03T00:00:00,MPC,34.0,32.8,34.0,32.8,32.8,34.5,88530.0,88530.0,0.0,2903784000.0,0.0,9000.0,306000000.0,0.0,0.0,40.0,88530.0,86.0,266910.0,8.154303142150066,24925750.0,,,,1000.0
2008-03-04T00:00:00,MPC,31.2,31.2,31.2,31.2,31.2,32.8,11640.0,11640.0,0.0,363168000.0,0.0,0.0,0.0,0.0,0.0,15.0,11640.0,123.0,281950.0,8.154303142150066,24925750.0,,,,1000.0
2008-03-05T00:00:00,MPC,29.7,29.7,29.7,29.7,29.7,31.2,53230.0,53230.0,0.0,1580931000.0,0.0,10000.0,297000000.0,0.0,0.0,28.0,53230.0,125.0,269800.0,8.154303142150066,24915750.0,,,,1000.0
2008-03-06T00:00:00,MPC,31.1,31.1,31.1,31.1,31.1,29.7,95680.0,95680.0,0.0,2975648000.0,0.0,0.0,0.0,0.0,0.0,158.0,281330.0,33.0,95680.0,8.154303142150066,24915750.0,,,,1000.0
2008-03-07T00:00:00,MPC,32.6,32.6,32.6,32.6,32.6,31.1,106380.0,106380.0,0.0,3467988000.0,0.0,43800.0,1427880000.0,18000.0,586800000.0,155.0,291300.0,25.0,106380.0,8.154303142150066,24889950.0,,,,1000.0
2008-03-10T00:00:00,MPC,34.2,33.0,34.2,33.0,33.0,32.6,287200.0,287200.0,0.0,9477600000.0,0.0,127510.0,4356138000.0,0.0,0.0,129.0,288200.0,127.0,435030.0,8.154303142150066,24762440.0,,,,1000.0
2008-03-11T00:00:00,MPC,31.4,31.4,31.4,31.4,31.4,33.0,46940.0,46940.0,0.0,1473916000.0,0.0,0.0,0.0,0.0,0.0,42.0,46940.0,76.0,187780.0,8.154303142150066,24762440.0,,,,1000.0
2008-03-12T00:00:00,MPC,32.0,30.0,30.1,30.0,30.0,31.4,106210.0,106210.0,0.0,3186300000.0,0.0,6240.0,187200000.0,0.0,0.0,98.0,190440.0,67.0,164530.0,8.154303142150066,24756200.0,,,,1000.0
2008-03-13T00:00:00,MPC,31.0,30.0,30.0,31.0,31.0,30.0,44510.0,44510.0,0.0,1379810000.0,0.0,18260.0,557800000.0,3900.0,117000000.0,72.0,124180.0,56.0,53110.0,8.154303142150066,24741840.0,,,,1000.0
2008-03-14T00:00:00,MPC,31.0,30.0,30.0,30.0,30.0,31.0,119930.0,119930.0,0.0,3597900000.0,0.0,19000.0,579005000.0,46300.0,1397432000.0,107.0,231210.0,55.0,140690.0,8.154303142150066,24769140.0,,,,1000.0
2008-03-17T00:00:00,MPC,30.0,29.0,29.0,29.2,29.2,30.0,67350.0,67350.0,0.0,1966620000.0,0.0,5000.0,147500000.0,4000.0,116000000.0,86.0,162530.0,66.0,99840.0,8.154303142150066,24768140.0,,,,1000.0
2008-03-18T00:00:00,MPC,28.1,27.8,27.9,28.0,28.0,29.2,108560.0,108560.0,0.0,3039680000.0,0.0,39740.0,1108746000.0,0.0,0.0,103.0,228090.0,87.0,148800.0,8.154303142150066,24728400.0,,,,1000.0
2008-03-19T00:00:00,MPC,29.4,26.7,29.4,27.0,27.0,28.0,52400.0,52400.0,0.0,1414800000.0,0.0,1800.0,48240000.0,0.0,0.0,97.0,86180.0,72.0,105680.0,8.154303142150066,24726600.0,,,,1000.0
2008-03-20T00:00:00,MPC,27.9,27.0,27.5,27.2,27.2,27.0,34970.0,34970.0,0.0,951184000.0,0.0,6360.0,172992000.0,0.0,0.0,71.0,75850.0,61.0,51080.0,8.154303142150066,24720240.0,,,,1000.0
2008-03-21T00:00:00,MPC,27.5,27.0,27.0,27.0,27.0,27.2,54260.0,54260.0,0.0,1465020000.0,0.0,17600.0,476720000.0,0.0,0.0,66.0,85910.0,85.0,69420.0,8.154303142150066,24702640.0,,,,1000.0
2008-03-24T00:00:00,MPC,26.0,25.7,25.7,25.7,25.7,27.0,51550.0,51550.0,0.0,1324835000.0,0.0,12000.0,308400000.0,5000.0,128500000.0,50.0,58950.0,75.0,89040.0,8.154303142150066,24695640.0,,,,1000.0
2008-03-25T00:00:00,MPC,24.5,24.5,24.5,24.5,24.5,25.7,30940.0,30940.0,0.0,758030000.0,0.0,9650.0,236425000.0,5100.0,124950000.0,27.0,30940.0,52.0,71190.0,8.154303142150066,24691090.0,,,,1000.0
2008-03-26T00:00:00,MPC,23.9,21.9,21.9,23.0,23.0,24.5,16220.0,16220.0,0.0,373060000.0,0.0,5720.0,131560000.0,0.0,0.0,33.0,30150.0,37.0,31820.0,7.6550600926306585,24685370.0,,,,1000.0
2008-03-27T00:00:00,MPC,23.2,23.2,23.2,23.2,23.2,23.0,8230.0,8230.0,0.0,190936000.0,0.0,6930.0,160776000.0,0.0,0.0,37.0,136610.0,8.0,8230.0,7.6550600926306585,24678440.0,,,,1000.0
2008-03-28T00:00:00,MPC,23.4,23.4,23.4,23.4,23.4,23.2,7300.0,7300.0,0.0,170820000.0,0.0,820.0,19188000.0,0.0,0.0,51.0,228630.0,6.0,7300.0,7.6550600926306585,24677620.0,,,,1000.0
2008-03-31T00:00:00,MPC,23.6,23.6,23.6,23.6,23.6,23.4,4720.0,4720.0,0.0,111392000.0,0.0,2790.0,65844000.0,0.0,0.0,74.0,436940.0,7.0,4720.0,7.6550600926306585,24674830.0,,,,1000.0
2008-04-01T00:00:00,MPC,23.8,23.8,23.8,23.8,23.8,23.6,810.0,810.0,0.0,19278000.0,0.0,500.0,11900000.0,0.0,0.0,66.0,223680.0,3.0,810.0,7.6550600926306585,24674330.0,,,,1000.0
2008-04-02T00:00:00,MPC,24.0,24.0,24.0,24.0,24.0,23.8,1110.0,1110.0,0.0,26640000.0,0.0,710.0,17040000.0,0.0,0.0,73.0,344510.0,5.0,1110.0,7.6550600926306585,24673620.0,,,,1000.0
2008-04-03T00:00:00,MPC,24.2,24.2,24.2,24.2,24.2,24.0,1500.0,1500.0,0.0,36300000.0,0.0,110.0,26620000.0,10000.0,2420000000.0,59.0,268720.0,2.0,1500.0,7.6550600926306585,24772520.0,,,,1000.0
2008-04-04T00:00:00,MPC,24.4,24.4,24.4,24.4,24.4,24.2,200.0,200.0,0.0,4880000.0,0.0,200.0,4880000.0,0.0,0.0,55.0,202360.0,1.0,200.0,7.6550600926306585,24772320.0,,,,1000.0
2008-04-07T00:00:00,MPC,24.8,24.8,24.8,24.8,24.8,24.4,28560.0,28560.0,0.0,708288000.0,0.0,15160.0,375968000.0,0.0,0.0,68.0,321700.0,8.0,28560.0,7.6550600926306585,24757160.0,,,,1000.0
2008-04-08T00:00:00,MPC,25.2,24.8,25.2,25.2,25.2,24.8,238630.0,238630.0,0.0,6013476000.0,0.0,184260.0,4637969000.0,0.0,0.0,105.0,403570.0,105.0,238880.0,7.6550600926306585,24572900.0,,,,1000.0
2008-04-09T00:00:00,MPC,25.7,25.0,25.0,25.7,25.7,25.2,116200.0,116200.0,0.0,2986340000.0,0.0,60440.0,1523844000.0,0.0,0.0,55.0,183580.0,65.0,119550.0,7.6550600926306585,24512460.0,,,,1000.0
2008-04-10T00:00:00,MPC,25.2,25.2,25.2,25.2,25.2,25.7,70810.0,70810.0,0.0,1784412000.0,0.0,52540.0,1324008000.0,53960.0,1359792000.0,28.0,70810.0,56.0,177870.0,7.6550600926306585,24513880.0,,,,1000.0
2008-04-11T00:00:00,MPC,24.7,24.7,24.7,24.7,24.7,25.2,18070.0,18070.0,0.0,446329000.0,0.0,0.0,0.0,5300.0,130910000.0,6.0,18070.0,51.0,139500.0,7.6550600926306585,24519180.0,,,,1000.0
2008-04-16T00:00:00,MPC,24.3,24.3,24.3,24.3,24.3,24.7,2810.0,2810.0,0.0,68283000.0,0.0,0.0,0.0,0.0,0.0,9.0,2810.0,39.0,119490.0,7.6550600926306585,24519180.0,,,,1000.0
2008-04-17T00:00:00,MPC,24.0,23.9,23.9,23.9,23.9,24.3,103750.0,103750.0,0.0,2479625000.0,0.0,0.0,0.0,89330.0,2136727000.0,74.0,106250.0,29.0,135100.0,7.6550600926306585,24608510.0,,,,1000.0
2008-04-18T00:00:00,MPC,24.3,23.5,24.3,23.9,23.9,23.9,111980.0,111980.0,0.0,2676322000.0,0.0,84820.0,2040898000.0,52580.0,1271774000.0,46.0,133920.0,46.0,159250.0,7.6550600926306585,24576270.0,,,,1000.0
2008-04-21T00:00:00,MPC,24.3,24.0,24.0,24.3,24.3,23.9,80650.0,80650.0,0.0,1959795000.0,0.0,76690.0,1849356000.0,15380.0,369120000.0,40.0,156100.0,60.0,80650.0,7.6550600926306585,24514960.0,,,,1000.0
2008-04-22T00:00:00,MPC,24.4,24.2,24.2,24.3,24.3,24.3,40590.0,40590.0,0.0,986337000.0,0.0,34670.0,841722000.0,0.0,0.0,31.0,75640.0,50.0,68460.0,7.6550600926306585,24480290.0,,,,1000.0
2008-04-23T00:00:00,MPC,24.0,23.9,23.9,23.9,23.9,24.3,43550.0,43550.0,0.0,1040845000.0,0.0,32000.0,764800000.0,0.0,0.0,28.0,44250.0,53.0,73310.0,7.6550600926306585,24448290.0,,,,1000.0
2008-04-24T00:00:00,MPC,23.9,23.5,23.5,23.5,23.5,23.9,33080.0,33080.0,0.0,777380000.0,0.0,23300.0,547990000.0,0.0,0.0,22.0,40080.0,49.0,63400.0,7.6550600926306585,24424990.0,,,,1000.0
2008-04-25T00:00:00,MPC,23.5,23.1,23.1,23.1,23.1,23.5,15960.0,15960.0,0.0,368676000.0,0.0,150.0,3525000.0,0.0,0.0,19.0,26990.0,25.0,36820.0,7.6550600926306585,24424840.0,,,,1000.0
2008-04-28T00:00:00,MPC,23.5,22.8,22.8,23.5,23.5,23.1,39920.0,39920.0,0.0,938120000.0,0.0,25180.0,581758000.0,0.0,0.0,37.0,132150.0,19.0,43920.0,7.6550600926306585,24399660.0,,,,1000.0
2008-04-29T00:00:00,MPC,23.9,23.5,23.9,23.9,23.9,23.5,52270.0,52270.0,0.0,1249253000.0,0.0,44520.0,1054196000.0,0.0,0.0,22.0,94140.0,42.0,52410.0,7.6550600926306585,24355140.0,,,,1000.0
2008-05-05T00:00:00,MPC,24.3,24.2,24.2,24.3,24.3,23.9,50400.0,50400.0,0.0,1224720000.0,0.0,35200.0,851840000.0,0.0,0.0,14.0,59300.0,58.0,54780.0,7.6550600926306585,24319940.0,,,,1000.0
2008-05-06T00:00:00,MPC,24.0,23.9,23.9,23.9,23.9,24.3,57910.0,57910.0,0.0,1384049000.0,0.0,50000.0,1195500000.0,0.0,0.0,20.0,57910.0,55.0,108770.0,7.6550600926306585,24269940.0,,,,1000.0
2008-05-07T00:00:00,MPC,23.9,23.5,23.9,23.5,23.5,23.9,102100.0,102100.0,0.0,2399350000.0,0.0,96670.0,2278632000.0,0.0,0.0,20.0,102100.0,79.0,140880.0,7.6550600926306585,24173270.0,,,,1000.0
2008-05-08T00:00:00,MPC,23.1,23.1,23.1,23.1,23.1,23.5,57630.0,57630.0,0.0,1331253000.0,0.0,53530.0,1236543000.0,0.0,0.0,18.0,57630.0,53.0,129140.0,7.6550600926306585,24119740.0,,,,1000.0
2008-05-09T00:00:00,MPC,22.7,22.7,22.7,22.7,22.7,23.1,5210.0,5210.0,0.0,118267000.0,0.0,800.0,18160000.0,0.0,0.0,13.0,5210.0,49.0,113110.0,7.6550600926306585,24118940.0,,,,1000.0
2008-05-12T00:00:00,MPC,22.3,22.3,22.3,22.3,22.3,22.7,2200.0,2200.0,0.0,49060000.0,0.0,1000.0,22300000.0,0.0,0.0,4.0,2200.0,56.0,178900.0,7.6550600926306585,24117940.0,,,,1000.0
2008-05-13T00:00:00,MPC,21.9,21.9,21.9,21.9,21.9,22.3,1310.0,1310.0,0.0,28689000.0,0.0,0.0,0.0,0.0,0.0,3.0,1310.0,48.0,222740.0,7.6550600926306585,24117940.0,,,,1000.0
2008-05-14T00:00:00,MPC,21.5,21.5,21.5,21.5,21.5,21.9,3710.0,3710.0,0.0,79765000.0,0.0,0.0,0.0,3010.0,64715000.0,5.0,3710.0,44.0,195290.0,7.6550600926306585,24120950.0,,,,1000.0
2008-05-15T00:00:00,MPC,21.1,21.1,21.1,21.1,21.1,21.5,1170.0,1170.0,0.0,24687000.0,0.0,700.0,14770000.0,0.0,0.0,7.0,1170.0,54.0,169090.0,7.6550600926306585,24120250.0,,,,1000.0
2008-05-16T00:00:00,MPC,21.5,20.7,20.7,20.7,20.7,21.1,53240.0,53240.0,0.0,1102068000.0,0.0,31300.0,656450000.0,0.0,0.0,36.0,54240.0,48.0,76930.0,7.6550600926306585,24088950.0,,,,1000.0
2008-05-19T00:00:00,MPC,20.3,20.3,20.3,20.3,20.3,20.7,3900.0,3900.0,0.0,79170000.0,0.0,4651.0,944153000.0,0.0,0.0,6.0,3900.0,37.0,38030.0,7.6550600926306585,24042440.0,,,,1000.0
2008-05-20T00:00:00,MPC,19.9,19.9,19.9,19.9,19.9,20.3,2000.0,2000.0,0.0,39800000.0,0.0,0.0,0.0,0.0,0.0,2.0,2000.0,38.0,44450.0,7.6550600926306585,24042440.0,,,,1000.0
2008-05-21T00:00:00,MPC,19.6,19.6,19.6,19.6,19.6,19.9,7740.0,7740.0,0.0,151704000.0,0.0,5194.0,1018024000.0,0.0,0.0,6.0,7740.0,51.0,52240.0,7.6550600926306585,23990500.0,,,,1000.0
2008-05-22T00:00:00,MPC,19.6,19.3,19.6,19.3,19.3,19.6,131380.0,131380.0,0.0,2535634000.0,0.0,128500.0,2502745000.0,0.0,0.0,16.0,131380.0,95.0,176060.0,7.6550600926306585,23862000.0,,,,1000.0
2008-05-23T00:00:00,MPC,19.0,19.0,19.0,19.0,19.0,19.3,2330.0,2330.0,0.0,44270000.0,0.0,1200.0,22800000.0,0.0,0.0,7.0,2330.0,29.0,48820.0,7.6550600926306585,23860800.0,,,,1000.0
2008-05-26T00:00:00,MPC,18.7,18.7,18.7,18.7,18.7,19.0,380.0,380.0,0.0,7106000.0,0.0,0.0,0.0,0.0,0.0,4.0,380.0,30.0,89720.0,7.6550600926306585,23860800.0,,,,1000.0
2008-05-30T00:00:00,MPC,18.4,18.4,18.4,18.4,18.4,18.7,1300.0,1300.0,0.0,23920000.0,0.0,5008.0,921472000.0,0.0,0.0,6.0,1300.0,37.0,98920.0,7.6550600926306585,23810720.0,,,,1000.0
2008-06-02T00:00:00,MPC,18.1,18.1,18.1,18.1,18.1,18.4,3130.0,3130.0,0.0,56653000.0,0.0,1000.0,18100000.0,0.0,0.0,6.0,3130.0,30.0,75490.0,7.6550600926306585,23809720.0,,,,1000.0
2008-06-03T00:00:00,MPC,17.8,17.8,17.8,17.8,17.8,18.1,410.0,410.0,0.0,7298000.0,0.0,0.0,0.0,0.0,0.0,4.0,410.0,37.0,91640.0,7.6550600926306585,23809720.0,,,,1000.0
2008-06-04T00:00:00,MPC,17.5,17.5,17.5,17.5,17.5,17.8,2010.0,2010.0,0.0,35175000.0,0.0,10.0,175000.0,0.0,0.0,2.0,2010.0,48.0,93260.0,7.6550600926306585,23809710.0,,,,1000.0
2008-06-05T00:00:00,MPC,17.2,17.2,17.2,17.2,17.2,17.5,1020.0,1020.0,0.0,17544000.0,0.0,0.0,0.0,0.0,0.0,4.0,1020.0,34.0,41230.0,7.6550600926306585,23809710.0,,,,1000.0
2008-06-06T00:00:00,MPC,16.9,16.9,16.9,16.9,16.9,17.2,5160.0,5160.0,0.0,87204000.0,0.0,0.0,0.0,0.0,0.0,8.0,5160.0,39.0,68800.0,7.6550600926306585,23809710.0,,,,1000.0
2008-06-09T00:00:00,MPC,16.6,16.6,16.6,16.6,16.6,16.9,1300.0,1300.0,0.0,21580000.0,0.0,0.0,0.0,0.0,0.0,3.0,1300.0,27.0,57660.0,7.6550600926306585,23809710.0,,,,1000.0
2008-06-10T00:00:00,MPC,16.3,16.3,16.3,16.3,16.3,16.6,500.0,500.0,0.0,8150000.0,0.0,0.0,0.0,0.0,0.0,2.0,500.0,41.0,53500.0,7.6550600926306585,23809710.0,,,,1000.0
2008-06-11T00:00:00,MPC,16.6,16.0,16.0,16.4,16.4,16.3,58580.0,58580.0,0.0,960712000.0,0.0,20600.0,329600000.0,0.0,0.0,48.0,65940.0,37.0,96020.0,7.6550600926306585,23789110.0,,,,1000.0
2008-06-12T00:00:00,MPC,16.1,16.1,16.1,16.1,16.1,16.4,18840.0,18840.0,0.0,303324000.00000006,0.0,2000.0,32200000.0,0.0,0.0,36.0,18840.0,22.0,60410.0,7.6550600926306585,23787110.0,,,,1000.0
2008-06-13T00:00:00,MPC,16.4,15.8,15.8,16.4,16.4,16.1,67750.0,67750.0,0.0,1111100000.0,0.0,37190.0,597958000.0,0.0,0.0,85.0,199340.0,24.0,67750.0,7.6550600926306585,23749920.0,,,,1000.0
2008-06-16T00:00:00,MPC,16.7,16.7,16.7,16.7,16.7,16.4,20830.0,20830.0,0.0,347861000.0,0.0,8000.0,133600000.0,0.0,0.0,48.0,165590.0,12.0,20830.0,7.6550600926306585,23741920.0,,,,1000.0
2008-06-17T00:00:00,MPC,17.0,17.0,17.0,17.0,17.0,16.7,970.0,970.0,0.0,16490000.0,0.0,0.0,0.0,0.0,0.0,54.0,191050.0,4.0,970.0,7.6550600926306585,23741920.0,,,,1000.0
2008-06-18T00:00:00,MPC,17.3,16.7,17.3,16.7,16.7,17.0,31900.0,31900.0,0.0,532730000.0,0.0,100.0,1730000.0,10220.0,173890000.0,39.0,31900.0,83.0,288150.0,7.6550600926306585,23752040.0,,,,1000.0
2008-06-19T00:00:00,MPC,16.7,16.2,16.7,16.2,16.2,16.7,38930.0,38930.0,0.0,630666000.0,0.0,37010.0,599567000.0,21870.0,354294000.0,8.0,38930.0,69.0,295640.0,7.6550600926306585,23736900.0,,,,1000.0
2008-06-20T00:00:00,MPC,15.8,15.8,15.8,15.8,15.8,16.2,31530.0,31530.0,0.0,498174000.0,0.0,30300.0,478740000.0,30030.0,474474000.0,9.0,31530.0,58.0,261450.0,7.6550600926306585,23736630.0,,,,1000.0
2008-06-23T00:00:00,MPC,15.4,15.4,15.4,15.4,15.4,15.8,21760.0,21760.0,0.0,335104000.0,0.0,0.0,0.0,18760.0,288904000.0,23.0,21760.0,33.0,78620.0,7.6550600926306585,23755390.0,,,,1000.0
2008-06-24T00:00:00,MPC,15.8,15.0,15.0,15.5,15.5,15.4,151200.0,151200.0,0.0,2343600000.0,0.0,60100.0,918079000.0,135500.0,2074643000.0,78.0,197670.0,41.0,190300.0,7.6550600926306585,23830790.0,,,,1000.0
2008-06-25T00:00:00,MPC,15.9,15.9,15.9,15.9,15.9,15.5,22750.0,22750.0,0.0,361725000.0,0.0,2000.0,31800000.0,6490.0,103191000.0,35.0,97940.0,21.0,22750.0,7.6550600926306585,23835280.0,,,,1000.0
2008-06-26T00:00:00,MPC,16.2,15.5,16.2,15.5,15.5,15.9,49100.0,49100.0,0.0,761050000.0,0.0,30000.0,471550000.0,21940.0,340070000.0,33.0,49100.0,59.0,129810.0,7.6550600926306585,23827220.0,,,,1000.0
2008-06-27T00:00:00,MPC,15.4,15.1,15.1,15.1,15.1,15.5,81770.0,81770.0,0.0,1234727000.0,0.0,10000.0,151000000.0,66660.0,1009807000.0,62.0,81770.0,33.0,102920.0,7.6550600926306585,23883880.0,,,,1000.0
2008-06-30T00:00:00,MPC,15.0,14.7,14.7,14.7,14.7,15.1,118890.0,118890.0,0.0,1747683000.0,0.0,3000.0,44100000.0,96150.0,1414322000.0,64.0,122090.0,29.0,173850.0,7.6550600926306585,23977030.0,,,,1000.0
2008-07-01T00:00:00,MPC,15.1,14.3,14.3,15.1,15.1,14.7,256990.0,256990.0,0.0,3880549000.0,0.0,0.0,0.0,208210.0,3067667000.0,262.0,426530.0,59.0,269070.0,7.6550600926306585,24185240.0,,,,1000.0
2008-07-02T00:00:00,MPC,15.5,15.0,15.5,15.5,15.5,15.1,65400.0,65400.0,0.0,1013700000.0,0.0,1090.0,16895000.0,0.0,0.0,78.0,99080.0,74.0,85730.0,7.6550600926306585,24184150.0,,,,1000.0
2008-07-03T00:00:00,MPC,15.9,15.6,15.7,15.9,15.9,15.5,79090.0,79090.0,0.0,1257531000.0,0.0,5000.0,78000000.0,0.0,0.0,99.0,184330.0,52.0,80090.0,7.6550600926306585,24179150.0,,,,1000.0
2008-07-04T00:00:00,MPC,16.3,16.3,16.3,16.3,16.3,15.9,58650.0,58650.0,0.0,955995000.0,0.0,19900.0,324370000.0,0.0,0.0,69.0,236960.0,26.0,58650.0,7.6550600926306585,24159250.0,,,,1000.0
2008-07-07T00:00:00,MPC,16.5,15.9,16.5,15.9,15.9,16.3,129190.0,129190.0,0.0,2054121000.0,0.0,2500.0,41250000.0,0.0,0.0,82.0,130190.0,182.0,315740.0,7.6550600926306585,24156750.0,,,,1000.0
2008-07-08T00:00:00,MPC,15.5,15.5,15.5,15.5,15.5,15.9,1310.0,1310.0,0.0,20305000.0,0.0,0.0,0.0,0.0,0.0,5.0,1310.0,96.0,156810.0,7.6550600926306585,24156750.0,,,,1000.0
2008-07-09T00:00:00,MPC,15.7,15.1,15.7,15.1,15.1,15.5,92960.0,92960.0,0.0,1403696000.0,0.0,0.0,0.0,0.0,0.0,90.0,113270.0,110.0,179980.0,7.6550600926306585,24156750.0,,,,1000.0
2008-07-10T00:00:00,MPC,15.0,14.7,14.9,14.8,14.8,15.1,218650.0,218650.0,0.0,3236020000.0,0.0,0.0,0.0,19900.0,296510000.0,154.0,258680.0,72.0,286220.0,7.6550600926306585,24176650.0,,,,1000.0
2008-07-11T00:00:00,MPC,15.2,14.8,15.2,15.2,15.2,14.8,147230.0,147230.0,0.0,2237896000.0,0.0,0.0,0.0,0.0,0.0,172.0,283660.0,66.0,149480.0,7.6550600926306585,24176650.0,,,,1000.0
2008-07-14T00:00:00,MPC,15.6,15.6,15.6,15.6,15.6,15.2,19160.0,19160.0,0.0,298896000.0,0.0,100.0,1560000.0,0.0,0.0,66.0,132980.0,19.0,19160.0,7.6550600926306585,24176550.0,,,,1000.0
2008-07-15T00:00:00,MPC,16.0,15.5,16.0,16.0,16.0,15.6,94560.0,94560.0,0.0,1512960000.0,0.0,0.0,0.0,10510.0,168160000.0,122.0,165410.0,50.0,94560.0,7.6550600926306585,24187060.0,,,,1000.0
2008-07-16T00:00:00,MPC,15.8,15.6,15.6,15.8,15.8,16.0,162630.0,162630.0,0.0,2569554000.0,0.0,200.0,3120000.0,300.0,4680000.0,103.0,191490.0,157.0,252020.0,7.6550600926306585,24187160.0,,,,1000.0
2008-07-17T00:00:00,MPC,15.6,15.4,15.5,15.4,15.4,15.8,103130.0,103130.0,0.0,1588202000.0,0.0,0.0,0.0,29900.0,460460000.0,88.0,104130.0,135.0,320440.0,7.6550600926306585,24217060.0,,,,1000.0
2008-07-18T00:00:00,MPC,15.0,15.0,15.0,15.0,15.0,15.4,13020.0,13020.0,0.0,195300000.0,0.0,500.0,7500000.0,0.0,0.0,22.0,13020.0,109.0,264290.0,7.6550600926306585,24216560.0,,,,1000.0
2008-07-21T00:00:00,MPC,14.6,14.6,14.6,14.6,14.6,15.0,8450.0,8450.0,0.0,123370000.0,0.0,0.0,0.0,0.0,0.0,10.0,8450.0,141.0,299780.0,7.6550600926306585,24216560.0,,,,1000.0
2008-07-22T00:00:00,MPC,14.2,14.2,14.2,14.2,14.2,14.6,33500.0,33500.0,0.0,475700000.0,0.0,30000.0,426000000.0,0.0,0.0,5.0,33500.0,198.0,328410.0,7.6550600926306585,24186560.0,,,,1000.0
2008-07-23T00:00:00,MPC,13.8,13.8,13.8,13.8,13.8,14.2,30950.0,30950.0,0.0,427110000.0,0.0,30000.0,414000000.0,0.0,0.0,8.0,30950.0,140.0,277790.0,7.6550600926306585,24156560.0,,,,1000.0
2008-07-24T00:00:00,MPC,13.4,13.4,13.4,13.4,13.4,13.8,73850.0,73850.0,0.0,989590000.0,0.0,30100.0,403340000.0,0.0,0.0,40.0,73850.0,88.0,228620.0,7.6550600926306585,24126460.0,,,,1000.0
2008-07-25T00:00:00,MPC,13.0,13.0,13.0,13.0,13.0,13.4,30770.0,30770.0,0.0,400010000.0,0.0,0.0,0.0,0.0,0.0,41.0,30770.0,55.0,104030.0,7.6550600926306585,24126460.0,,,,1000.0
2008-07-28T00:00:00,MPC,13.2,12.7,12.7,12.7,12.7,13.0,93970.0,93970.0,0.0,1193419000.0,0.0,15000.0,190500000.0,0.0,0.0,83.0,111900.0,82.0,162660.0,7.6550600926306585,24111460.0,,,,1000.0
2008-07-29T00:00:00,MPC,13.0,12.4,12.4,12.4,12.4,12.7,157670.0,157670.0,0.0,1955108000.0,0.0,500.0,6200000.0,30000.0,374078000.0,133.0,160210.0,119.0,346480.0,7.6550600926306585,24140960.0,,,,1000.0
2008-07-30T00:00:00,MPC,12.1,12.1,12.1,12.1,12.1,12.4,14050.0,14050.0,0.0,170005000.0,0.0,0.0,0.0,0.0,0.0,24.0,14050.0,74.0,249180.0,7.6550600926306585,24140960.0,,,,1000.0
2008-07-31T00:00:00,MPC,11.8,11.8,11.8,11.8,11.8,12.1,50280.0,50280.0,0.0,593304000.0,0.0,0.0,0.0,30370.0,358366000.0,19.0,50280.0,101.0,269190.0,7.6550600926306585,24171330.0,,,,1000.0
2008-08-01T00:00:00,MPC,11.5,11.5,11.5,11.5,11.5,11.8,15540.0,15540.0,0.0,178710000.0,0.0,0.0,0.0,15540.0,178710000.0,12.0,15540.0,91.0,236270.0,7.6550600926306585,24186870.0,,,,1000.0
2008-08-04T00:00:00,MPC,11.2,11.2,11.2,11.2,11.2,11.5,39840.0,39840.0,0.0,446208000.0,0.0,0.0,0.0,35520.0,397824000.0,17.0,39840.0,81.0,227700.0,7.6550600926306585,24222390.0,,,,1000.0
2008-08-05T00:00:00,MPC,10.9,10.9,10.9,10.9,10.9,11.2,4500.0,4500.0,0.0,49050000.0,0.0,0.0,0.0,2300.0,25070000.0,7.0,4500.0,72.0,215720.0,7.6550600926306585,24224690.0,,,,1000.0
2008-08-06T00:00:00,MPC,10.9,10.6,10.6,10.6,10.6,10.9,111780.0,111780.0,0.0,1184868000.0,0.0,0.0,0.0,71290.0,755674000.0,49.0,111780.0,72.0,296120.0,7.6550600926306585,24295980.0,,,,1000.0
2008-08-07T00:00:00,MPC,10.8,10.3,10.3,10.3,10.3,10.6,360560.0,360560.0,0.0,3713768000.0,0.0,28000.0,288400000.0,274370.0,2837837000.0,178.0,370220.0,90.0,547450.0,7.6550600926306585,24542350.0,,,,1000.0
2008-08-08T00:00:00,MPC,10.2,10.0,10.0,10.0,10.0,10.3,549140.0,549140.0,0.0,5491400000.0,0.0,0.0,0.0,520980.0,5212571000.0,230.0,549170.0,66.0,614590.0,7.6550600926306585,25063330.0,,,,1000.0
2008-08-11T00:00:00,MPC,10.3,10.3,10.3,10.3,10.3,10.0,680710.0,680710.0,0.0,7011313000.0,0.0,0.0,0.0,86880.0,8948640000.0,373.0,1374200.0,52.0,680710.0,7.6550600926306585,25932130.0,,,,1000.0
2008-08-12T00:00:00,MPC,10.6,10.6,10.6,10.6,10.6,10.3,6640.0,6640.0,0.0,70384000.0,0.0,0.0,0.0,0.0,0.0,366.0,1792710.0,12.0,6640.0,7.6550600926306585,25932130.0,,,,1000.0
2008-08-13T00:00:00,MPC,10.9,10.9,10.9,10.9,10.9,10.6,25790.0,25790.0,0.0,281111000.0,0.0,0.0,0.0,2000.0,21800000.0,268.0,1082270.0,23.0,25790.0,7.6550600926306585,25934130.0,,,,1000.0
2008-08-14T00:00:00,MPC,11.2,11.2,11.2,11.2,11.2,10.9,12850.0,12850.0,0.0,143920000.0,0.0,0.0,0.0,0.0,0.0,292.0,1337230.0,11.0,12850.0,7.6550600926306585,25934130.0,,,,1000.0
2008-08-15T00:00:00,MPC,11.5,11.5,11.5,11.5,11.5,11.2,2350.0,2350.0,0.0,27025000.0,0.0,0.0,0.0,0.0,0.0,271.0,841740.0,8.0,2350.0,7.6550600926306585,25934130.0,,,,1000.0
2008-08-18T00:00:00,MPC,12.0,12.0,12.0,12.0,12.0,11.5,28800.0,28800.0,0.0,345600000.0,0.0,0.0,0.0,0.0,0.0,222.0,876370.0,13.0,28800.0,7.6550600926306585,25934130.0,,,,1000.0
2008-08-19T00:00:00,MPC,12.6,12.6,12.6,12.6,12.6,12.0,58180.0,58180.0,0.0,733068000.0,0.0,0.0,0.0,5000.0,63000000.0,232.0,953670.0,39.0,58180.0,7.6550600926306585,25939130.0,,,,1000.0
2008-08-20T00:00:00,MPC,13.2,12.6,13.1,13.2,13.2,12.6,970960.0,970960.0,0.0,12816672000.0,0.0,132900.0,1740990000.0,29000.0,382800000.0,397.0,1724460.0,232.0,997130.0,7.6550600926306585,25835230.0,,,,1000.0
2008-08-21T00:00:00,MPC,13.8,13.8,13.8,13.8,13.8,13.2,85920.0,85920.0,0.0,1185696000.0,0.0,19900.0,274620000.0,0.0,0.0,274.0,1113280.0,33.0,85920.0,7.6550600926306585,25815330.0,,,,1000.0
2008-08-22T00:00:00,MPC,14.4,14.4,14.4,14.4,14.4,13.8,47480.0,47480.0,0.0,683712000.0,0.0,1840.0,26496000.0,0.0,0.0,340.0,1347540.0,20.0,47480.0,7.6550600926306585,25813490.0,,,,1000.0
2008-08-25T00:00:00,MPC,15.1,15.1,15.1,15.1,15.1,14.4,4580.0,4580.0,0.0,69158000.0,0.0,0.0,0.0,0.0,0.0,245.0,946230.0,10.0,4580.0,7.6550600926306585,25813490.0,,,,1000.0
2008-08-26T00:00:00,MPC,15.8,15.8,15.8,15.8,15.8,15.1,4030.0,4030.0,0.0,63674000.0,0.0,95.0,15010000.0,3000.0,474000000.0,256.0,1194940.0,9.0,4030.0,7.6550600926306585,25842540.0,,,,1000.0
2008-08-27T00:00:00,MPC,16.5,16.5,16.5,16.5,16.5,15.8,35180.0,35180.0,0.0,580470000.0,0.0,8270.0,136455000.0,15000.0,247500000.0,183.0,802430.0,19.0,35180.0,7.6550600926306585,25849270.0,,,,1000.0
2008-08-28T00:00:00,MPC,17.3,16.0,17.3,16.8,16.8,16.5,739540.0,739540.0,0.0,12424272000.0,0.0,82600.0,1428980000.0,22500.0,389250000.0,375.0,1168270.0,326.0,1076660.0,7.6550600926306585,25789170.0,,,,1000.0
2008-08-29T00:00:00,MPC,17.5,16.5,16.9,17.5,17.5,16.8,598530.0,598530.0,0.0,10474275000.0,0.0,7070.0,119483000.0,32000.0,537600000.0,359.0,821420.0,279.0,746830.0,7.6550600926306585,25814100.0,,,,1000.0
2008-09-03T00:00:00,MPC,18.3,18.3,18.3,18.3,18.3,17.5,14850.0,14850.0,0.0,271755000.0,0.0,0.0,0.0,5000.0,91500000.0,205.0,861170.0,17.0,14850.0,7.6550600926306585,25819100.0,,,,1000.0
2008-09-04T00:00:00,MPC,19.2,19.2,19.2,19.2,19.2,18.3,32060.0,32060.0,0.0,615552000.0,0.0,0.0,0.0,0.0,0.0,202.0,849370.0,28.0,32060.0,7.6550600926306585,25819100.0,,,,1000.0
2008-09-05T00:00:00,MPC,20.1,20.1,20.1,20.1,20.1,19.2,52380.0,52380.0,0.0,1052838000.0,0.0,0.0,0.0,0.0,0.0,252.0,832180.0,27.0,52380.0,7.6550600926306585,25819100.0,,,,1000.0
2008-09-08T00:00:00,MPC,21.1,19.1,21.0,21.1,21.1,20.1,989660.0,989660.0,0.0,20881826000.0,0.0,8330.0,175459000.0,5490.0,115290000.0,483.0,1231560.0,395.0,1238230.0,7.6550600926306585,25816260.0,,,,1000.0
2008-09-09T00:00:00,MPC,22.0,20.1,20.1,20.1,20.1,21.1,384130.0,384130.0,0.0,7721013000.0,0.0,1100.0,22610000.0,0.0,0.0,265.0,419540.0,294.0,772690.0,7.6550600926306585,25815160.0,,,,1000.0
2008-09-10T00:00:00,MPC,20.1,19.1,19.2,19.1,19.1,20.1,130130.0,130130.0,0.0,2485483000.0,0.0,0.0,0.0,0.0,0.0,94.0,135730.0,235.0,623820.0,7.6550600926306585,25815160.0,,,,1000.0
2008-09-11T00:00:00,MPC,18.2,18.2,18.2,18.2,18.2,19.1,47800.0,47800.0,0.0,869960000.0,0.0,0.0,0.0,0.0,0.0,43.0,47800.0,152.0,339310.0,7.6550600926306585,25815160.0,,,,1000.0
2008-09-12T00:00:00,MPC,17.3,17.3,17.3,17.3,17.3,18.2,26880.0,26880.0,0.0,465024000.0,0.0,0.0,0.0,0.0,0.0,28.0,26880.0,183.0,540590.0,7.6550600926306585,25815160.0,,,,1000.0
2008-09-15T00:00:00,MPC,18.1,16.5,16.5,16.5,16.5,17.3,388540.0,388540.0,0.0,6410910000.0,0.0,0.0,0.0,147230.0,2468519000.0,198.0,465410.0,204.0,743750.0,7.6550600926306585,25962390.0,,,,1000.0
2008-09-16T00:00:00,MPC,15.7,15.7,15.7,15.7,15.7,16.5,64540.0,64540.0,0.0,1013278000.0,0.0,0.0,0.0,31380.0,492666000.0,53.0,64540.0,114.0,389930.0,7.6550600926306585,25993770.0,,,,1000.0
2008-09-17T00:00:00,MPC,15.0,15.0,15.0,15.0,15.0,15.7,14310.0,14310.0,0.0,214650000.0,0.0,0.0,0.0,0.0,0.0,13.0,14310.0,133.0,459080.0,7.6550600926306585,25993770.0,,,,1000.0
2008-09-18T00:00:00,MPC,14.3,14.3,14.3,14.3,14.3,15.0,89070.0,89070.0,0.0,1273701000.0,0.0,17720.0,253396000.0,86050.0,1230515000.0,12.0,89070.0,148.0,664280.0,7.6550600926306585,26062100.0,,,,1000.0
2008-09-19T00:00:00,MPC,15.0,14.3,14.9,15.0,15.0,14.3,258170.0,258170.0,0.0,3872550000.0,0.0,118700.0,1778510000.0,26440.0,395500000.0,181.0,857450.0,67.0,258170.0,7.6550600926306585,25969840.0,,,,1000.0
2008-09-22T00:00:00,MPC,15.7,15.7,15.7,15.7,15.7,15.0,2940.0,2940.0,0.0,46158000.0,0.0,2940.0,46158000.0,0.0,0.0,134.0,407350.0,7.0,2940.0,7.6550600926306585,25966900.0,,,,1000.0
2008-09-23T00:00:00,MPC,16.4,15.0,15.7,16.4,16.4,15.7,769840.0,769840.0,0.0,12625376000.0,0.0,598310.0,9573956000.0,150000.0,2401650000.0,217.0,1042450.0,264.0,924130.0,7.6550600926306585,25518590.0,,,,1000.0
2008-09-24T00:00:00,MPC,16.0,15.6,15.8,15.6,15.6,16.4,132380.0,132380.0,0.0,2065128000.0,0.0,2500.0,39500000.0,107750.0,1708296000.0,94.0,197130.0,77.0,270760.0,7.6550600926306585,25623840.0,,,,1000.0
2008-09-25T00:00:00,MPC,16.0,15.3,15.3,16.0,16.0,15.6,214330.0,214330.0,0.0,3429280000.0,0.0,85030.0,1339649000.0,154400.0,2428497000.0,146.0,465100.0,82.0,335170.0,7.6550600926306585,25693210.0,,,,1000.0
2008-09-26T00:00:00,MPC,16.8,15.5,16.8,16.2,16.2,16.0,323100.0,323100.0,0.0,5234220000.0,0.0,10000.0,168000000.0,180840.0,3011268000.0,192.0,397450.0,139.0,447770.0,7.6550600926306585,25864050.0,,,,1000.0
2008-09-29T00:00:00,MPC,16.0,15.5,15.5,15.6,15.6,16.2,86950.0,86950.0,0.0,1356420000.0,0.0,0.0,0.0,28590.0,457440000.0,75.0,123510.0,93.0,205740.0,7.6550600926306585,25892640.0,,,,1000.0
2008-09-30T00:00:00,MPC,14.9,14.9,14.9,14.9,14.9,15.6,61700.0,61700.0,0.0,919330000.0,0.0,10200.0,151980000.0,0.0,0.0,23.0,61700.0,185.0,730000.0,7.6550600926306585,25882440.0,,,,1000.0
2008-10-01T00:00:00,MPC,15.4,14.2,15.4,15.0,15.0,14.9,191730.0,191730.0,0.0,2875950000.0,0.0,0.0,0.0,1000.0,15000000.0,143.0,252880.0,109.0,558850.0,7.6550600926306585,25883440.0,,,,1000.0
2008-10-02T00:00:00,MPC,15.4,14.8,15.4,15.4,15.4,15.0,104660.0,104660.0,0.0,1611764000.0,0.0,0.0,0.0,1000.0,15400000.0,85.0,230750.0,75.0,220100.0,7.6550600926306585,25884440.0,,,,1000.0
2008-10-03T00:00:00,MPC,15.4,15.0,15.0,15.4,15.4,15.4,105240.0,105240.0,0.0,1620696000.0,0.0,0.0,0.0,0.0,0.0,92.0,369530.0,107.0,507950.0,7.6550600926306585,25884440.0,,,,1000.0
2008-10-06T00:00:00,MPC,14.8,14.7,14.7,14.7,14.7,15.4,44580.0,44580.0,0.0,655326000.0,0.0,0.0,0.0,0.0,0.0,45.0,49580.0,69.0,197710.0,7.6550600926306585,25884440.0,,,,1000.0
2008-10-07T00:00:00,MPC,14.0,14.0,14.0,14.0,14.0,14.7,8020.0,8020.0,0.0,112280000.0,0.0,0.0,0.0,0.0,0.0,10.0,8020.0,117.0,523650.0,7.6550600926306585,25884440.0,,,,1000.0
2008-10-08T00:00:00,MPC,13.3,13.3,13.3,13.3,13.3,14.0,14690.0,14690.0,0.0,195377000.0,0.0,0.0,0.0,0.0,0.0,16.0,14690.0,101.0,540110.0,7.6550600926306585,25884440.0,,,,1000.0
2008-10-09T00:00:00,MPC,13.5,12.7,12.7,12.7,12.7,13.3,213650.0,213650.0,0.0,2713355000.0,0.0,19420.0,247234000.0,94150.0,1202735000.0,131.0,319400.0,130.0,507140.0,7.6550600926306585,25959170.0,,,,1000.0
2008-10-10T00:00:00,MPC,12.1,12.1,12.1,12.1,12.1,12.7,106640.0,106640.0,0.0,1290344000.0,0.0,0.0,0.0,45210.0,547041000.0,47.0,106640.0,79.0,325220.0,7.6550600926306585,26004380.0,,,,1000.0
2008-10-13T00:00:00,MPC,12.1,11.5,11.5,11.5,11.5,12.1,189060.0,189060.0,0.0,2174190000.0,0.0,1900.0,21850000.0,69780.0,803295000.0,91.0,214260.0,74.0,340170.0,7.6550600926306585,26072260.0,,,,1000.0
2008-10-14T00:00:00,MPC,12.0,12.0,12.0,12.0,12.0,11.5,4360.0,4360.0,0.0,52320000.0,0.0,0.0,0.0,2309.0,277080000.0,140.0,604400.0,5.0,4360.0,7.6550600926306585,26095350.0,,,,1000.0
2008-10-15T00:00:00,MPC,12.6,11.7,12.6,12.6,12.6,12.0,246530.0,246530.0,0.0,3106278000.0,0.0,13710.0,166320000.0,0.0,0.0,140.0,424030.0,93.0,281670.0,7.6550600926306585,26081640.0,,,,1000.0
2008-10-16T00:00:00,MPC,12.8,12.0,12.0,12.6,12.6,12.6,143460.0,143460.0,0.0,1807596000.0,0.0,0.0,0.0,0.0,0.0,82.0,328930.0,99.0,243040.0,7.6550600926306585,26081640.0,,,,1000.0
2008-10-17T00:00:00,MPC,13.2,13.0,13.2,13.2,13.2,12.6,364360.0,364360.0,0.0,4809552000.0,0.0,53120.0,699872000.0,10000.0,132000000.0,112.0,604850.0,102.0,386060.0,7.6550600926306585,26038520.0,,,,1000.0
2008-10-20T00:00:00,MPC,13.8,13.3,13.8,13.5,13.5,13.2,135160.0,135160.0,0.0,1824660000.0,0.0,0.0,0.0,3000.0,40800000.0,83.0,238430.0,132.0,235160.0,7.6550600926306585,26041520.0,,,,1000.0
2008-10-21T00:00:00,MPC,14.1,13.4,14.1,13.6,13.6,13.5,248400.0,248400.0,0.0,3378240000.0,0.0,0.0,0.0,1000.0,14100000.0,75.0,365550.0,125.0,469800.0,7.6550600926306585,26042520.0,,,,1000.0
2008-10-22T00:00:00,MPC,13.4,13.0,13.2,13.0,13.0,13.6,93260.0,93260.0,0.0,1212380000.0,0.0,0.0,0.0,18510.0,243203000.0,48.0,178150.0,96.0,190600.0,7.6550600926306585,26061030.0,,,,1000.0
2008-10-23T00:00:00,MPC,12.5,12.4,12.5,12.4,12.4,13.0,163570.0,163570.0,0.0,2028268000.0,0.0,0.0,0.0,13540.0,168730000.0,41.0,237320.0,90.0,221980.0,7.6550600926306585,26074570.0,,,,1000.0
2008-10-24T00:00:00,MPC,12.8,11.8,12.0,11.8,11.8,12.4,122420.0,122420.0,0.0,1444556000.0,0.0,2430.0,29160000.0,38980.0,465016000.0,73.0,133810.0,61.0,211420.0,7.6550600926306585,26111120.0,,,,1000.0
2008-10-27T00:00:00,MPC,12.3,11.3,11.3,11.3,11.3,11.8,183370.0,183370.0,0.0,2072081000.0,0.0,200.0,2260000.0,94510.0,1068463000.0,67.0,266970.0,72.0,260110.0,7.6550600926306585,26205430.0,,,,1000.0
2008-10-28T00:00:00,MPC,11.7,10.8,10.8,11.7,11.7,11.3,167460.0,167460.0,0.0,1959282000.0,0.0,0.0,0.0,0.0,0.0,129.0,364030.0,64.0,187680.0,7.6550600926306585,26205430.0,,,,1000.0
2008-10-29T00:00:00,MPC,12.2,11.7,12.2,12.2,12.2,11.7,226460.0,226460.0,0.0,2762812000.0,0.0,0.0,0.0,0.0,0.0,123.0,511970.0,68.0,320860.0,7.6550600926306585,26205430.0,,,,1000.0
2008-10-30T00:00:00,MPC,12.5,11.7,12.0,12.5,12.5,12.2,56580.0,56580.0,0.0,707250000.0,0.0,0.0,0.0,0.0,0.0,74.0,135000.0,55.0,87200.0,7.6550600926306585,26205430.0,,,,1000.0
2008-10-31T00:00:00,MPC,12.7,12.4,12.6,12.6,12.6,12.5,46000.0,46000.0,0.0,579600000.0,0.0,0.0,0.0,1000.0,12400000.0,44.0,80070.0,77.0,125730.0,7.6550600926306585,26206430.0,,,,1000.0
2008-11-03T00:00:00,MPC,12.8,12.0,12.2,12.3,12.3,12.6,50870.0,50870.0,0.0,625701000.0,0.0,0.0,0.0,1230.0,15129000.0,40.0,108080.0,70.0,123340.0,7.6550600926306585,26207660.0,,,,1000.0
2008-11-04T00:00:00,MPC,12.8,11.9,12.3,12.8,12.8,12.3,72250.0,72250.0,0.0,924800000.0,0.0,0.0,0.0,0.0,0.0,84.0,174460.0,67.0,106510.0,7.6550600926306585,26207660.0,,,,1000.0
2008-11-05T00:00:00,MPC,13.4,13.3,13.3,13.4,13.4,12.8,144550.0,144550.0,0.0,1936970000.0,0.0,0.0,0.0,0.0,0.0,99.0,241710.0,79.0,148460.0,7.6550600926306585,26207660.0,,,,1000.0
2008-11-06T00:00:00,MPC,13.5,12.8,12.8,12.8,12.8,13.4,97460.0,97460.0,0.0,1247488000.0,0.0,0.0,0.0,0.0,0.0,62.0,154710.0,155.0,227750.0,7.6550600926306585,26207660.0,,,,1000.0
2008-11-07T00:00:00,MPC,12.8,12.2,12.3,12.3,12.3,12.8,81220.0,81220.0,0.0,999006000.0,0.0,0.0,0.0,0.0,0.0,46.0,132440.0,85.0,122950.0,7.6550600926306585,26207660.0,,,,1000.0
2008-11-10T00:00:00,MPC,12.6,12.1,12.4,12.1,12.1,12.3,22390.0,22390.0,0.0,270919000.0,0.0,0.0,0.0,0.0,0.0,40.0,88610.0,50.0,52480.0,7.6550600926306585,26207660.0,,,,1000.0
2008-11-11T00:00:00,MPC,12.4,12.0,12.4,12.0,12.0,12.1,65670.0,65670.0,0.0,788040000.0,0.0,20000.0,246400000.0,0.0,0.0,67.0,170790.0,98.0,116090.0,7.6550600926306585,26187660.0,,,,1000.0
2008-11-12T00:00:00,MPC,11.6,11.4,11.4,11.4,11.4,12.0,307800.0,307800.0,0.0,3508920000.0,0.0,0.0,0.0,37089.0,4249875000.0,121.0,343750.0,42.0,334680.0,7.6550600926306585,26558550.0,,,,1000.0
2008-11-13T00:00:00,MPC,11.9,11.2,11.2,11.9,11.9,11.4,47870.0,47870.0,0.0,569653000.0,0.0,0.0,0.0,5160.0,57792000.0,126.0,246340.0,27.0,59970.0,7.6550600926306585,26563710.0,,,,1000.0
2008-11-14T00:00:00,MPC,12.4,12.4,12.4,12.4,12.4,11.9,32910.0,32910.0,0.0,408084000.0,0.0,0.0,0.0,0.0,0.0,76.0,478700.0,31.0,32910.0,7.6550600926306585,26563710.0,,,,1000.0
2008-11-17T00:00:00,MPC,12.7,12.4,12.7,12.4,12.4,12.4,51820.0,51820.0,0.0,642568000.0,0.0,0.0,0.0,0.0,0.0,35.0,125320.0,129.0,176170.0,7.6550600926306585,26563710.0,,,,1000.0
2008-11-18T00:00:00,MPC,12.1,12.0,12.1,12.0,12.0,12.4,36900.0,36900.0,0.0,442800000.0,0.0,0.0,0.0,0.0,0.0,40.0,59670.0,45.0,70900.0,7.6550600926306585,26563710.0,,,,1000.0
2008-11-19T00:00:00,MPC,12.2,11.8,12.2,11.8,11.8,12.0,60070.0,60070.0,0.0,708826000.0,0.0,0.0,0.0,0.0,0.0,45.0,113470.0,64.0,132200.0,7.6550600926306585,26563710.0,,,,1000.0
2008-11-20T00:00:00,MPC,11.5,11.3,11.4,11.5,11.5,11.8,96190.0,96190.0,0.0,1106185000.0,0.0,0.0,0.0,0.0,0.0,69.0,123590.0,42.0,104350.0,7.6550600926306585,26563710.0,,,,1000.0
2008-11-21T00:00:00,MPC,11.6,11.2,11.2,11.5,11.5,11.5,47670.0,47670.0,0.0,548205000.0,0.0,0.0,0.0,0.0,0.0,72.0,114110.0,49.0,71290.0,7.6550600926306585,26563710.0,,,,1000.0
2008-11-24T00:00:00,MPC,11.6,11.4,11.5,11.6,11.6,11.5,36640.0,36640.0,0.0,425024000.0,0.0,0.0,0.0,0.0,0.0,32.0,62390.0,48.0,61150.0,7.6550600926306585,26563710.0,,,,1000.0
2008-11-25T00:00:00,MPC,12.1,11.6,11.8,12.1,12.1,11.6,78450.0,78450.0,0.0,949245000.0,0.0,40180.0,480810000.0,0.0,0.0,50.0,285120.0,59.0,98760.0,7.6550600926306585,26523530.0,,,,1000.0
2008-11-26T00:00:00,MPC,12.1,11.7,12.1,11.7,11.7,12.1,33970.0,33970.0,0.0,397449000.0,0.0,23800.0,284764000.0,0.0,0.0,26.0,54620.0,71.0,89220.0,7.6550600926306585,26499730.0,,,,1000.0
2008-11-27T00:00:00,MPC,11.7,11.2,11.7,11.2,11.2,11.7,25780.0,25780.0,0.0,288736000.0,0.0,0.0,0.0,850.0,9775000.0,23.0,35330.0,34.0,46850.0,7.6550600926306585,26500580.0,,,,1000.0
2008-11-28T00:00:00,MPC,11.7,11.4,11.4,11.7,11.7,11.2,15110.0,15110.0,0.0,176787000.0,0.0,0.0,0.0,2250.0,25695000.0,45.0,70720.0,15.0,22440.0,7.6550600926306585,26502830.0,,,,1000.0
2008-12-01T00:00:00,MPC,11.9,11.4,11.5,11.5,11.5,11.7,13080.0,13080.0,0.0,150420000.0,0.0,0.0,0.0,0.0,0.0,32.0,31550.0,26.0,34100.0,7.6550600926306585,26502830.0,,,,1000.0
2008-12-02T00:00:00,MPC,11.7,11.0,11.3,11.7,11.7,11.5,15590.0,15590.0,0.0,182403000.0,0.0,0.0,0.0,0.0,0.0,42.0,99710.0,28.0,27970.0,7.6550600926306585,26502830.0,,,,1000.0
2008-12-03T00:00:00,MPC,11.7,11.4,11.4,11.5,11.5,11.7,12220.0,12220.0,0.0,140530000.0,0.0,0.0,0.0,0.0,0.0,38.0,44050.0,38.0,33030.0,7.6550600926306585,26502830.0,,,,1000.0
2008-12-04T00:00:00,MPC,11.7,11.5,11.6,11.5,11.5,11.5,34680.0,34680.0,0.0,398820000.0,0.0,0.0,0.0,0.0,0.0,42.0,72340.0,49.0,58540.0,7.6550600926306585,26502830.0,,,,1000.0
2008-12-05T00:00:00,MPC,11.5,11.2,11.5,11.3,11.3,11.5,10850.0,10850.0,0.0,122605000.0,0.0,0.0,0.0,0.0,0.0,37.0,34530.0,35.0,45000.0,7.6550600926306585,26502830.0,,,,1000.0
2008-12-08T00:00:00,MPC,11.0,10.8,11.0,10.8,10.8,11.3,49760.0,49760.0,0.0,537408000.0,0.0,0.0,0.0,0.0,0.0,35.0,51060.0,48.0,69580.0,7.6550600926306585,26502830.0,,,,1000.0
2008-12-09T00:00:00,MPC,11.0,10.4,11.0,11.0,11.0,10.8,60650.0,60650.0,0.0,667150000.0,0.0,24510.0,267788000.0,0.0,0.0,44.0,121580.0,40.0,75500.0,7.6550600926306585,26478320.0,,,,1000.0
2008-12-10T00:00:00,MPC,11.0,10.8,10.8,10.9,10.9,11.0,21900.0,21900.0,0.0,238710000.0,0.0,0.0,0.0,0.0,0.0,16.0,73210.0,34.0,42550.0,7.6550600926306585,26478320.0,,,,1000.0
2008-12-11T00:00:00,MPC,11.3,10.6,11.3,11.0,11.0,10.9,20530.0,20530.0,0.0,225830000.0,0.0,0.0,0.0,0.0,0.0,24.0,46630.0,35.0,37310.0,7.6550600926306585,26478320.0,,,,1000.0
2008-12-12T00:00:00,MPC,11.5,11.0,11.0,11.5,11.5,11.0,50440.0,50440.0,0.0,580060000.0,0.0,11160.0,127540000.0,0.0,0.0,44.0,72470.0,50.0,55830.0,7.6550600926306585,26467160.0,,,,1000.0
2008-12-15T00:00:00,MPC,12.0,11.5,11.9,11.8,11.8,11.5,36560.0,36560.0,0.0,431408000.0,0.0,10450.0,123426000.0,0.0,0.0,31.0,73010.0,54.0,83290.0,7.6550600926306585,26456710.0,,,,1000.0
2008-12-16T00:00:00,MPC,11.6,11.3,11.4,11.3,11.3,11.8,28600.0,28600.0,0.0,323180000.0,0.0,0.0,0.0,0.0,0.0,21.0,30000.0,58.0,70040.0,7.6550600926306585,26456710.0,,,,1000.0
2008-12-17T00:00:00,MPC,11.4,11.0,11.0,11.4,11.4,11.3,21200.0,21200.0,0.0,241680000.0,0.0,0.0,0.0,12710.0,139810000.0,49.0,76970.0,29.0,37340.0,7.6550600926306585,26469420.0,,,,1000.0
2008-12-18T00:00:00,MPC,11.4,11.1,11.4,11.4,11.4,11.4,28240.0,28240.0,0.0,321936000.0,0.0,0.0,0.0,0.0,0.0,34.0,56760.0,40.0,56090.0,7.6550600926306585,26469420.0,,,,1000.0
2008-12-19T00:00:00,MPC,11.4,10.9,11.2,10.9,10.9,11.4,42340.0,42340.0,0.0,461506000.0,0.0,350000.0,41650000000.0,353009.0,41980526000.0,35.0,46080.0,45.0,86350.0,7.6550600926306585,26499510.0,,,,1000.0
2008-12-22T00:00:00,MPC,11.4,11.4,11.4,11.4,11.4,10.9,18930.0,18930.0,0.0,215802000.0,0.0,0.0,0.0,0.0,0.0,28.0,134650.0,23.0,18930.0,7.6550600926306585,26499510.0,,,,1000.0
2008-12-23T00:00:00,MPC,11.5,11.2,11.5,11.4,11.4,11.4,31800.0,31800.0,0.0,362520000.0,0.0,3730.0,42222000.0,0.0,0.0,29.0,52320.0,63.0,78540.0,7.6550600926306585,26495780.0,,,,1000.0
2008-12-24T00:00:00,MPC,11.6,11.1,11.1,11.6,11.6,11.4,17970.0,17970.0,0.0,208452000.0,0.0,0.0,0.0,0.0,0.0,29.0,56440.0,40.0,47630.0,7.6550600926306585,26495780.0,,,,1000.0
2008-12-25T00:00:00,MPC,11.9,11.6,11.9,11.6,11.6,11.6,31840.0,31840.0,0.0,369344000.0,0.0,0.0,0.0,0.0,0.0,30.0,46850.0,78.0,71560.0,7.6550600926306585,26495780.0,,,,1000.0
2008-12-26T00:00:00,MPC,11.7,11.4,11.7,11.7,11.7,11.6,16470.0,16470.0,0.0,192699000.0,0.0,0.0,0.0,0.0,0.0,30.0,46420.0,42.0,42790.0,7.6550600926306585,26495780.0,,,,1000.0
2008-12-29T00:00:00,MPC,11.9,11.7,11.9,11.7,11.7,11.7,25340.0,25340.0,0.0,296478000.0,0.0,0.0,0.0,0.0,0.0,44.0,68460.0,60.0,82190.0,7.6550600926306585,26495780.0,,,,1000.0
2008-12-30T00:00:00,MPC,11.9,11.7,11.7,11.9,11.9,11.7,216430.0,216430.0,0.0,2575517000.0,0.0,37710.0,444127000.0,0.0,0.0,44.0,244430.0,78.0,245800.0,7.6550600926306585,26458070.0,,,,1000.0
2008-12-31T00:00:00,MPC,11.5,11.4,11.5,11.5,11.5,11.9,20750.0,20750.0,0.0,238625000.0,0.0,0.0,0.0,0.0,0.0,28.0,29490.0,57.0,62910.0,7.6550600926306585,26458070.0,,,,1000.0
2009-01-02T00:00:00,MPC,11.5,11.0,11.1,11.5,11.5,11.5,10700.0,10700.0,0.0,123050000.0,0.0,0.0,0.0,0.0,0.0,27.0,39880.0,25.0,24940.0,7.6550600926306585,26458070.0,,,,1000.0
2009-01-05T00:00:00,MPC,11.6,11.4,11.4,11.6,11.6,11.5,8980.0,8980.0,0.0,104168000.0,0.0,0.0,0.0,0.0,0.0,28.0,29520.0,23.0,34350.0,7.6550600926306585,26458070.0,,,,1000.0
2009-01-06T00:00:00,MPC,11.9,11.7,11.8,11.9,11.9,11.6,24910.0,24910.0,0.0,296429000.0,0.0,0.0,0.0,0.0,0.0,20.0,51520.0,39.0,40500.0,7.6550600926306585,25407220.0,,,,1000.0
2009-01-07T00:00:00,MPC,12.2,11.7,12.2,11.8,11.8,11.9,21140.0,21140.0,0.0,249452000.0,0.0,0.0,0.0,0.0,0.0,25.0,33430.0,86.0,76290.0,7.6550600926306585,26458070.0,,,,1000.0
2009-01-08T00:00:00,MPC,11.8,11.5,11.5,11.5,11.5,11.8,15450.0,15450.0,0.0,177675000.0,0.0,0.0,0.0,0.0,0.0,31.0,39510.0,44.0,85040.0,7.6550600926306585,26458070.0,,,,1000.0
2009-01-09T00:00:00,MPC,11.4,11.2,11.4,11.2,11.2,11.5,124820.0,124820.0,0.0,1397984000.0,0.0,0.0,0.0,74890.0,847446000.0,68.0,161250.0,46.0,161000.0,7.6550600926306585,25407220.0,,,,1000.0
2009-01-12T00:00:00,MPC,11.5,11.1,11.2,11.4,11.4,11.2,8500.0,8500.0,0.0,96900000.0,0.0,0.0,0.0,0.0,0.0,42.0,61410.0,22.0,23680.0,7.6550600926306585,26532960.0,,,,1000.0
2009-01-13T00:00:00,MPC,11.0,10.9,11.0,10.9,10.9,11.4,130620.0,130620.0,0.0,1423758000.0,0.0,0.0,0.0,128350.0,1408305000.0,67.0,136730.0,37.0,186070.0,7.6550600926306585,26661310.0,,,,1000.0
2009-01-14T00:00:00,MPC,11.0,10.4,10.8,10.4,10.4,10.9,150970.0,150970.0,0.0,1570088000.0,0.0,0.0,0.0,150370.0,1584677000.0,89.0,167270.0,41.0,195610.0,7.6550600926306585,26811680.0,,,,1000.0
2009-01-15T00:00:00,MPC,10.7,10.2,10.7,10.2,10.2,10.4,147450.0,147450.0,0.0,1503990000.0,0.0,0.0,0.0,142180.0,1458620000.0,126.0,383660.0,51.0,204060.0,7.6550600926306585,26953860.0,,,,1000.0
2009-01-16T00:00:00,MPC,10.2,9.7,10.2,9.7,9.7,10.2,286550.0,286550.0,0.0,2779535000.0,0.0,50000.0,485000000.0,279510.0,2748750000.0,119.0,339970.0,52.0,334920.0,7.6550600926306585,27183370.0,,,,1000.0
2009-01-19T00:00:00,MPC,10.1,9.8,9.8,10.1,10.1,9.7,69540.0,69540.0,0.0,702354000.0,0.0,0.0,0.0,40160.0,402416000.0,119.0,343830.0,31.0,69540.0,7.6550600926306585,27223530.0,,,,1000.0
2009-01-20T00:00:00,MPC,10.6,10.5,10.6,10.6,10.6,10.1,84580.0,84580.0,0.0,896548000.0,0.0,300.0,3180000.0,0.0,0.0,50.0,155150.0,50.0,87080.0,7.6550600926306585,27223230.0,,,,1000.0
2009-01-21T00:00:00,MPC,10.6,10.4,10.5,10.6,10.6,10.6,35110.0,35110.0,0.0,372166000.0,0.0,14170.0,148785000.0,0.0,0.0,25.0,66330.0,53.0,81380.0,7.6550600926306585,27209060.0,,,,1000.0
2009-01-22T00:00:00,MPC,11.0,10.5,10.5,11.0,11.0,10.6,50310.0,50310.0,0.0,553410000.0,0.0,21460.0,231822000.0,0.0,0.0,53.0,112720.0,66.0,72750.0,7.6550600926306585,27187600.0,,,,1000.0
2009-01-23T00:00:00,MPC,11.2,10.8,10.8,11.2,11.2,11.0,156730.0,156730.0,0.0,1755376000.0,0.0,71170.0,789924000.0,28320.0,313384000.0,71.0,247430.0,92.0,223940.0,7.6550600926306585,26065580.0,,,,1000.0
2009-02-02T00:00:00,MPC,11.3,10.8,11.0,11.0,11.0,11.2,111690.0,111690.0,0.0,1228590000.0,0.0,100760.0,1126905000.0,44000.0,490600000.0,32.0,153400.0,62.0,176250.0,7.6550600926306585,27087990.0,,,,1000.0
2009-02-03T00:00:00,MPC,10.7,10.5,10.5,10.6,10.6,11.0,67480.0,67480.0,0.0,715288000.0,0.0,49440.0,524064000.0,44340.0,470230000.0,39.0,90780.0,50.0,133960.0,7.6550600926306585,27082890.0,,,,1000.0
2009-02-04T00:00:00,MPC,10.6,10.3,10.3,10.6,10.6,10.6,19190.0,19190.0,0.0,203414000.0,0.0,7400.0,77705000.0,7940.0,83772000.0,37.0,93540.0,30.0,48440.0,7.6550600926306585,27083430.0,,,,1000.0
2009-02-05T00:00:00,MPC,10.6,10.3,10.5,10.3,10.3,10.6,107460.0,107460.0,0.0,1106838000.0,0.0,25900.0,271450000.0,13350.0,140460000.0,49.0,142280.0,61.0,173810.0,7.6550600926306585,27070880.0,,,,1000.0
2009-02-06T00:00:00,MPC,10.8,10.3,10.7,10.4,10.4,10.3,39020.0,39020.0,0.0,405808000.0,0.0,2000.0,21400000.0,17910.0,186786000.0,45.0,89480.0,39.0,72030.0,7.6550600926306585,27086790.0,,,,1000.0
2009-02-09T00:00:00,MPC,10.8,10.4,10.4,10.8,10.8,10.4,38670.0,38670.0,0.0,417636000.0,0.0,5000.0,52500000.0,28760.0,304703000.0,55.0,111910.0,34.0,88080.0,7.6550600926306585,27110550.0,,,,1000.0
2009-02-10T00:00:00,MPC,10.8,10.6,10.8,10.6,10.6,10.8,60310.0,60310.0,0.0,639286000.0,0.0,40000.0,428000000.0,21470.0,229582000.0,33.0,95200.0,39.0,115700.0,7.6550600926306585,27092020.0,,,,1000.0
2009-02-11T00:00:00,MPC,10.6,10.4,10.6,10.6,10.6,10.6,36130.0,36130.0,0.0,382978000.0,0.0,13000.0,136500000.0,0.0,0.0,38.0,119100.0,26.0,59810.0,7.6550600926306585,27079020.0,,,,1000.0
2009-02-12T00:00:00,MPC,10.6,10.4,10.4,10.5,10.5,10.6,50560.0,50560.0,0.0,530880000.0,0.0,20000.0,209500000.0,26010.0,272206000.0,54.0,148450.0,34.0,95040.0,7.6550600926306585,27085030.0,,,,1000.0
2009-02-13T00:00:00,MPC,10.5,10.4,10.5,10.5,10.5,10.5,77650.0,77650.0,0.0,815325000.0,0.0,40180.0,420872000.0,40250.0,422625000.0,42.0,114890.0,39.0,116470.0,7.6550600926306585,27085100.0,,,,1000.0
2009-02-16T00:00:00,MPC,10.5,10.3,10.5,10.4,10.4,10.5,84110.0,84110.0,0.0,874744000.0,0.0,50000.0,520000000.0,31410.0,327115000.0,48.0,161500.0,35.0,122340.0,7.6550600926306585,27066510.0,,,,1000.0
2009-02-17T00:00:00,MPC,10.2,10.0,10.1,10.2,10.2,10.4,155890.0,155890.0,0.0,1590078000.0,0.0,59950.0,602500000.0,71800.0,723233000.0,68.0,249550.0,52.0,195450.0,7.6550600926306585,27078360.0,,,,1000.0
2009-02-18T00:00:00,MPC,10.0,9.9,10.0,10.0,10.0,10.2,69400.0,69400.0,0.0,694000000.0,0.0,0.0,0.0,33470.0,333800000.0,41.0,119990.0,50.0,97750.0,7.6550600926306585,27111830.0,,,,1000.0
2009-02-19T00:00:00,MPC,10.3,10.0,10.0,10.2,10.2,10.0,55250.0,55250.0,0.0,563550000.0,0.0,0.0,0.0,0.0,0.0,59.0,140630.0,42.0,88730.0,7.6550600926306585,27111830.0,,,,1000.0
2009-02-20T00:00:00,MPC,10.7,10.6,10.7,10.6,10.6,10.2,86570.0,86570.0,0.0,917642000.0,0.0,0.0,0.0,29690.0,314714000.0,71.0,131270.0,68.0,125730.0,7.6550600926306585,27141520.0,,,,1000.0
2009-02-23T00:00:00,MPC,10.3,10.1,10.2,10.1,10.1,10.6,64560.0,64560.0,0.0,652056000.0,0.0,15000.0,151500000.0,41450.0,421990000.0,29.0,64560.0,50.0,158030.0,7.6550600926306585,27167970.0,,,,1000.0
2009-02-24T00:00:00,MPC,10.6,10.0,10.0,10.2,10.2,10.1,63020.0,63020.0,0.0,642804000.0,0.0,0.0,0.0,26010.0,263601000.0,60.0,201260.0,59.0,92870.0,7.6550600926306585,27193980.0,,,,1000.0
2009-02-25T00:00:00,MPC,10.7,10.4,10.6,10.7,10.7,10.2,61800.0,61800.0,0.0,661260000.0,0.0,0.0,0.0,0.0,0.0,48.0,159050.0,42.0,76030.0,7.6550600926306585,27193980.0,,,,1000.0
2009-02-26T00:00:00,MPC,10.9,10.3,10.5,10.9,10.9,10.7,43280.0,43280.0,0.0,471752000.0,0.0,0.0,0.0,30000.0,3120000000.0,43.0,115580.0,69.0,114870.0,7.6550600926306585,27493980.0,,,,1000.0
2009-02-27T00:00:00,MPC,10.9,10.6,10.9,10.9,10.9,10.9,33040.0,33040.0,0.0,360136000.0,0.0,0.0,0.0,180000.0,18720000000.0,36.0,92260.0,54.0,148640.0,7.6550600926306585,29293980.0,,,,1000.0
2009-03-02T00:00:00,MPC,10.9,10.5,10.5,10.6,10.6,10.9,56290.0,56290.0,0.0,596674000.0,0.0,15000.0,159000000.0,42120.0,446472000.0,36.0,92260.0,54.0,148640.0,7.6550600926306585,29321100.0,,,,1000.0
2009-03-03T00:00:00,MPC,10.7,10.3,10.3,10.6,10.6,10.6,56510.0,56510.0,0.0,599006000.0,0.0,356.0,37736000.0,35788.0,3793528000.0,40.0,180030.0,52.0,115450.0,7.6550600926306585,26119570.0,,,,1000.0
2009-03-04T00:00:00,MPC,10.8,10.5,10.5,10.7,10.7,10.6,14700.0,14700.0,0.0,157290000.0,0.0,5800.0,61230000.0,0.0,0.0,34.0,109540.0,50.0,80580.0,7.6550600926306585,29669620.0,,,,1000.0
2009-03-05T00:00:00,MPC,11.1,10.9,11.0,11.1,11.1,10.7,107620.0,107620.0,0.0,1194582000.0,0.0,0.0,0.0,0.0,0.0,43.0,264700.0,91.0,163990.0,7.6550600926306585,29669620.0,,,,1000.0
2009-03-06T00:00:00,MPC,11.2,10.8,10.8,11.2,11.2,11.1,56640.0,56640.0,0.0,634368000.0,0.0,0.0,0.0,1540.0,16632000.0,41.0,130260.0,55.0,143330.0,7.6550600926306585,29671160.0,,,,1000.0
2009-03-09T00:00:00,MPC,11.3,11.0,11.0,11.2,11.2,11.2,46590.0,46590.0,0.0,521808000.0,0.0,0.0,0.0,0.0,0.0,27.0,103230.0,52.0,121320.0,7.6550600926306585,29671160.0,,,,1000.0
2009-03-10T00:00:00,MPC,11.3,11.0,11.0,11.3,11.3,11.2,52920.0,52920.0,0.0,597996000.0,0.0,450.0,4950000.0,0.0,0.0,35.0,99890.0,37.0,101080.0,7.6550600926306585,29670710.0,,,,1000.0
2009-03-11T00:00:00,MPC,11.5,11.2,11.5,11.2,11.2,11.3,21930.0,21930.0,0.0,245616000.0,0.0,0.0,0.0,0.0,0.0,33.0,33470.0,68.0,152400.0,7.6550600926306585,29670710.0,,,,1000.0
2009-03-12T00:00:00,MPC,11.1,10.9,11.0,11.1,11.1,11.2,33000.0,33000.0,0.0,366300000.0,0.0,0.0,0.0,0.0,0.0,21.0,65130.0,37.0,87180.0,7.6550600926306585,28614860.0,,,,1000.0
2009-03-13T00:00:00,MPC,11.4,11.0,11.4,11.3,11.3,11.1,101100.0,101100.0,0.0,1142430000.0,0.0,0.0,0.0,0.0,0.0,41.0,282200.0,49.0,148600.0,7.6550600926306585,29670710.0,,,,1000.0
2009-03-16T00:00:00,MPC,11.5,11.3,11.3,11.3,11.3,11.3,36510.0,36510.0,0.0,412563000.0,0.0,0.0,0.0,0.0,0.0,33.0,107340.0,47.0,88840.0,7.6550600926306585,29670710.0,,,,1000.0
2009-03-17T00:00:00,MPC,11.5,11.2,11.2,11.3,11.3,11.3,82690.0,82690.0,0.0,934397000.0,0.0,20000.0,226000000.0,0.0,0.0,46.0,131600.0,58.0,163150.0,7.6550600926306585,29650710.0,,,,1000.0
2009-03-18T00:00:00,MPC,11.8,11.5,11.6,11.8,11.8,11.3,71920.0,71920.0,0.0,848656000.0,0.0,43240.0,507600000.0,0.0,0.0,85.0,312270.0,48.0,71920.0,7.6550600926306585,28551620.0,,,,1000.0
2009-03-19T00:00:00,MPC,12.3,12.0,12.3,12.3,12.3,11.8,159350.0,159350.0,0.0,1960005000.0,0.0,56440.0,691634000.0,0.0,0.0,91.0,244530.0,115.0,170070.0,7.6550600926306585,28495180.0,,,,1000.0
2009-03-20T00:00:00,MPC,12.9,12.3,12.8,12.5,12.5,12.3,56910.0,56910.0,0.0,711375000.0,0.0,0.0,0.0,0.0,0.0,56.0,104460.0,136.0,215340.0,7.6550600926306585,29551030.0,,,,1000.0
2009-03-23T00:00:00,MPC,12.5,11.9,12.0,12.0,12.0,12.5,66820.0,66820.0,0.0,801840000.0,0.0,42800.0,520730000.0,0.0,0.0,54.0,110730.0,77.0,103230.0,7.6550600926306585,29508230.0,,,,1000.0
2009-03-24T00:00:00,MPC,12.6,12.5,12.6,12.6,12.6,12.0,46560.0,46560.0,0.0,586656000.0,0.0,0.0,0.0,0.0,0.0,41.0,82430.0,33.0,46560.0,7.6550600926306585,29508230.0,,,,1000.0
2009-03-25T00:00:00,MPC,12.7,12.5,12.7,12.6,12.6,12.6,39710.0,39710.0,0.0,500346000.0,0.0,10000.0,126000000.0,0.0,0.0,0.0,0.0,0.0,0.0,7.6550600926306585,28442380.0,,,,1000.0
2009-03-26T00:00:00,MPC,13.2,12.9,13.2,13.2,13.2,12.6,202930.0,202930.0,0.0,2678676000.0,0.0,200.0,2640000.0,0.0,0.0,122.0,382790.0,110.0,261430.0,7.6550600926306585,29498030.0,,,,1000.0
2009-03-27T00:00:00,MPC,13.8,13.8,13.8,13.8,13.8,13.2,83290.0,83290.0,0.0,1149402000.0,0.0,0.0,0.0,0.0,0.0,241.0,605030.0,45.0,83290.0,7.6550600926306585,29498030.0,,,,1000.0
2009-03-30T00:00:00,MPC,14.4,13.8,14.0,13.9,13.9,13.8,296130.0,296130.0,0.0,4116207000.0,0.0,0.0,0.0,0.0,0.0,175.0,348530.0,183.0,476810.0,7.6550600926306585,29498030.0,,,,1000.0
2009-03-31T00:00:00,MPC,14.0,13.7,13.9,14.0,14.0,13.9,101530.0,101530.0,0.0,1421420000.0,0.0,47910.0,664665000.0,0.0,0.0,76.0,157210.0,118.0,186050.0,7.6550600926306585,29450120.0,,,,1000.0
2009-04-01T00:00:00,MPC,14.1,13.5,13.5,13.9,13.9,14.0,201500.0,201500.0,0.0,2800850000.0,0.0,2000.0,27600000.0,0.0,0.0,167.0,303360.0,131.0,362810.0,7.6550600926306585,28392270.0,,,,1000.0
2009-04-02T00:00:00,MPC,13.4,13.3,13.3,13.3,13.3,13.9,286880.0,286880.0,0.0,3815504000.0,0.0,2360.0,31388000.0,100.0,1330000.0,151.0,288580.0,160.0,483500.0,7.6550600926306585,29445860.0,,,,1000.0
2009-04-03T00:00:00,MPC,13.9,13.8,13.9,13.9,13.9,13.3,405090.0,405090.0,0.0,5630751000.0,0.0,0.0,0.0,0.0,0.0,151.0,288580.0,160.0,483500.0,7.6550600926306585,29445860.0,,,,1000.0
2009-04-07T00:00:00,MPC,14.5,13.4,14.4,14.5,14.5,13.9,165080.0,165080.0,0.0,2393660000.0,0.0,3000.0,43500000.0,0.0,0.0,125.0,258000.0,115.0,232400.0,7.6550600926306585,29442860.0,,,,1000.0
2009-04-08T00:00:00,MPC,14.6,13.8,13.9,13.9,13.9,14.5,184780.0,184780.0,0.0,2568442000.0,0.0,0.0,0.0,0.0,0.0,127.0,277350.0,143.0,369570.0,7.6550600926306585,29442860.0,,,,1000.0
2009-04-09T00:00:00,MPC,14.1,13.6,14.0,14.0,14.0,13.9,134760.0,134760.0,0.0,1886640000.0,0.0,3000.0,42000000.0,600.0,8340000.0,77.0,185700.0,145.0,334320.0,7.6550600926306585,29440460.0,,,,1000.0
2009-04-10T00:00:00,MPC,14.7,14.5,14.7,14.7,14.7,14.0,359190.0,359190.0,0.0,5280093000.0,0.0,0.0,0.0,0.0,0.0,166.0,433600.0,197.0,428600.0,7.6550600926306585,29440460.0,,,,1000.0
2009-04-13T00:00:00,MPC,15.4,15.4,15.4,15.4,15.4,14.7,103080.0,103080.0,0.0,1587432000.0,0.0,0.0,0.0,0.0,0.0,88.0,331420.0,45.0,103080.0,7.6550600926306585,29440460.0,,,,1000.0
2009-04-14T00:00:00,MPC,15.9,14.7,15.9,15.0,15.0,15.4,243840.0,243840.0,0.0,3657600000.0,0.0,840.0,13356000.0,59740.0,910803000.0,147.0,293040.0,244.0,536210.0,7.6550600926306585,29499360.0,,,,1000.0
2009-04-15T00:00:00,MPC,14.9,14.3,14.3,14.3,14.3,15.0,181110.0,181110.0,0.0,2589873000.0,0.0,5000.0,72000000.0,1000.0,14300000.0,95.0,257840.0,152.0,318790.0,7.6550600926306585,29495360.0,,,,1000.0
2009-04-16T00:00:00,MPC,14.7,14.2,14.7,14.5,14.5,14.3,126460.0,126460.0,0.0,1833670000.0,0.0,0.0,0.0,0.0,0.0,134.0,532860.0,133.0,294530.0,7.6550600926306585,29495360.0,,,,1000.0
2009-04-17T00:00:00,MPC,14.7,14.0,14.4,14.5,14.5,14.5,217910.0,217910.0,0.0,3159695000.0,0.0,10.0,144000.0,400.0,5760000.0,65.0,329480.0,180.0,364940.0,7.6550600926306585,29495750.0,,,,1000.0
2009-04-20T00:00:00,MPC,14.0,13.8,13.9,13.8,13.8,14.5,168650.0,168650.0,0.0,2327370000.0,0.0,700.0,9660000.0,2040.0,28356000.0,67.0,173650.0,137.0,227650.0,7.6550600926306585,29497090.0,,,,1000.0
2009-04-21T00:00:00,MPC,14.0,13.2,13.2,13.6,13.6,13.8,179830.0,179830.0,0.0,2445688000.0,0.0,1750.0,23385000.0,30410.0,401412000.0,111.0,357350.0,99.0,231320.0,7.6550600926306585,29525750.0,,,,1000.0
2009-04-22T00:00:00,MPC,14.0,13.5,14.0,14.0,14.0,13.6,51730.0,51730.0,0.0,724220000.0,0.0,0.0,0.0,0.0,0.0,73.0,179370.0,39.0,125550.0,7.6550600926306585,29525750.0,,,,1000.0
2009-04-23T00:00:00,MPC,14.2,13.7,14.2,13.8,13.8,14.0,18280.0,18280.0,0.0,252264000.0,0.0,0.0,0.0,0.0,0.0,40.0,59340.0,55.0,76370.0,7.6550600926306585,29525750.0,,,,1000.0
2009-04-24T00:00:00,MPC,14.4,13.6,13.7,14.4,14.4,13.8,118720.0,118720.0,0.0,1709568000.0,0.0,1000.0,14300000.0,0.0,0.0,92.0,255560.0,93.0,120390.0,7.6550600926306585,29524750.0,,,,1000.0
2009-04-27T00:00:00,MPC,14.5,14.2,14.5,14.3,14.3,14.4,52330.0,52330.0,0.0,748319000.0,0.0,0.0,0.0,1150.0,16480000.0,41.0,76540.0,95.0,128510.0,7.6550600926306585,29525900.0,,,,1000.0
2009-04-28T00:00:00,MPC,14.7,14.5,14.7,14.7,14.7,14.3,57170.0,57170.0,0.0,840399000.0,0.0,0.0,0.0,1100.0,16170000.0,47.0,91100.0,101.0,121990.0,7.6550600926306585,29527000.0,,,,1000.0
2009-04-29T00:00:00,MPC,14.8,14.1,14.1,14.7,14.7,14.7,61780.0,61780.0,0.0,908166000.0,0.0,0.0,0.0,0.0,0.0,68.0,107870.0,98.0,174890.0,7.6550600926306585,29527000.0,,,,1000.0
2009-05-04T00:00:00,MPC,15.4,15.4,15.4,15.4,15.4,14.7,74830.0,74830.0,0.0,1152382000.0,0.0,0.0,0.0,0.0,0.0,43.0,187920.0,50.0,74830.0,7.6550600926306585,29527000.0,,,,1000.0
2009-05-05T00:00:00,MPC,16.1,16.1,16.1,16.1,16.1,15.4,198650.0,198650.0,0.0,3198265000.0,0.0,2000.0,32200000.0,12500.0,201250000.0,56.0,343800.0,106.0,198650.0,7.6550600926306585,29537500.0,,,,1000.0
2009-05-06T00:00:00,MPC,16.0,15.3,15.5,15.45,15.3,16.1,105070.0,105070.0,0.0,1623331500.0,0.0,0.0,0.0,1000.0,16000000.0,52.0,145650.0,155.0,314510.0,7.6550600926306585,29538500.0,,,,1000.0
2009-05-07T00:00:00,MPC,16.0,15.4,15.9,16.0,16.0,15.3,249510.0,249510.0,0.0,3992160000.0,0.0,0.0,0.0,5000.0,80000000.0,90.0,424920.0,140.0,251570.0,7.6550600926306585,29543500.0,,,,1000.0
2009-05-08T00:00:00,MPC,16.0,15.3,15.3,16.0,16.0,16.0,147300.0,147300.0,0.0,2356800000.0,0.0,0.0,0.0,50000.0,769334000.0,95.0,254130.0,110.0,311390.0,7.6550600926306585,29593500.0,,,,1000.0
2009-05-11T00:00:00,MPC,16.8,16.0,16.0,16.5,16.5,16.0,213320.0,213320.0,0.0,3519780000.0,0.0,0.0,0.0,2260.0,37290000.0,107.0,410090.0,196.0,398840.0,7.6550600926306585,29595760.0,,,,1000.0
2009-05-12T00:00:00,MPC,17.3,16.5,16.5,17.3,17.3,16.5,338410.0,338410.0,0.0,5854493000.0,0.0,500.0,8350000.0,13590.0,232810000.0,177.0,673890.0,121.0,338500.0,7.6550600926306585,29608850.0,,,,1000.0
2009-05-13T00:00:00,MPC,19.0,18.0,18.1,19.0,19.0,17.3,301460.0,301460.0,0.0,5727740000.0,0.0,0.0,0.0,0.0,0.0,203.0,695270.0,99.0,301660.0,7.6550600926306585,29608850.0,,,,1000.0
2009-05-14T00:00:00,MPC,18.2,17.5,18.1,18.1,18.1,19.0,276770.0,276770.0,0.0,5009537000.0,0.0,0.0,0.0,0.0,0.0,151.0,417990.0,208.0,506930.0,7.6550600926306585,29608850.0,,,,1000.0
2009-05-15T00:00:00,MPC,18.4,18.0,18.1,18.1,18.1,18.1,309950.0,309950.0,0.0,5610095000.0,0.0,0.0,0.0,0.0,0.0,160.0,498630.0,153.0,539350.0,7.6550600926306585,29608850.0,,,,1000.0
2009-05-18T00:00:00,MPC,18.0,17.2,17.6,17.2,17.2,18.1,216050.0,216050.0,0.0,3716060000.0,0.0,0.0,0.0,500.0,8800000.0,159.0,259440.0,125.0,315650.0,7.6550600926306585,29609350.0,,,,1000.0
2009-05-19T00:00:00,MPC,17.8,17.0,17.5,17.8,17.8,17.2,197860.0,197860.0,0.0,3521908000.0,0.0,500.0,8750000.0,10000.0,178000000.0,200.0,466370.0,114.0,358430.0,7.6550600926306585,29618850.0,,,,1000.0
2009-05-20T00:00:00,MPC,18.4,17.8,17.8,18.3,18.3,17.8,246120.0,246120.0,0.0,4503996000.0,0.0,0.0,0.0,7500.0,133500000.0,149.0,409110.0,162.0,457880.0,7.6550600926306585,29626350.0,,,,1000.0
2009-05-21T00:00:00,MPC,18.2,17.4,17.4,18.0,18.0,18.3,275670.0,275670.0,0.0,4962060000.0,0.0,500.0,8700000.0,0.0,0.0,222.0,378650.0,122.0,442670.0,7.6550600926306585,29625850.0,,,,1000.0
2009-05-22T00:00:00,MPC,17.5,17.1,17.1,17.1,17.1,18.0,161260.0,161260.0,0.0,2757546000.0,0.0,0.0,0.0,0.0,0.0,99.0,174210.0,122.0,289190.0,7.6550600926306585,29625850.0,,,,1000.0
2009-05-25T00:00:00,MPC,17.9,17.1,17.1,17.8,17.8,17.1,161550.0,161550.0,0.0,2875590000.0,0.0,200.0,3500000.0,0.0,0.0,143.0,261240.0,81.0,250560.0,7.6550600926306585,29625650.0,,,,1000.0
2009-05-26T00:00:00,MPC,18.0,17.5,17.7,17.5,17.5,17.8,130220.0,130220.0,0.0,2278850000.0,0.0,0.0,0.0,560.0,9912000.0,97.0,174010.0,172.0,373900.0,7.6550600926306585,29626210.0,,,,1000.0
2009-05-27T00:00:00,MPC,17.7,17.1,17.7,17.3,17.3,17.5,126120.0,126120.0,0.0,2181876000.0,0.0,0.0,0.0,2750.0,47575000.0,97.0,183750.0,164.0,389320.0,7.6550600926306585,29628960.0,,,,1000.0
2009-05-28T00:00:00,MPC,18.1,17.4,17.5,18.1,18.1,17.3,329700.0,329700.0,0.0,5967570000.0,0.0,105630.0,1874764000.0,0.0,0.0,195.0,818130.0,183.0,346440.0,7.6550600926306585,29523330.0,,,,1000.0
2009-05-29T00:00:00,MPC,19.0,18.5,19.0,19.0,19.0,18.1,627520.0,627520.0,0.0,11922880000.0,0.0,0.0,0.0,0.0,0.0,388.0,1421490.0,237.0,657250.0,7.6550600926306585,29523330.0,,,,1000.0
2009-06-01T00:00:00,MPC,19.9,19.9,19.9,19.9,19.9,19.0,24000.0,24000.0,0.0,477600000.0,0.0,0.0,0.0,0.0,0.0,403.0,1604750.0,22.0,24000.0,7.6550600926306585,29523330.0,,,,1000.0
2009-06-02T00:00:00,MPC,20.8,20.8,20.8,20.8,20.8,19.9,18940.0,18940.0,0.0,393952000.0,0.0,0.0,0.0,0.0,0.0,379.0,1544720.0,31.0,18940.0,7.6550600926306585,29523330.0,,,,1000.0
2009-06-03T00:00:00,MPC,21.8,21.8,21.8,21.8,21.8,20.8,49540.0,49540.0,0.0,1079972000.0,0.0,0.0,0.0,2700.0,58860000.0,223.0,1214560.0,55.0,49540.0,7.6550600926306585,29526030.0,,,,1000.0
2009-06-04T00:00:00,MPC,22.8,22.8,22.8,22.8,22.8,21.8,42660.0,42660.0,0.0,972648000.0,0.0,0.0,0.0,0.0,0.0,252.0,1148780.0,27.0,42660.0,7.6550600926306585,29526030.0,,,,1000.0
2009-06-05T00:00:00,MPC,23.9,23.9,23.9,23.9,23.9,22.8,26250.0,26250.0,0.0,627375000.0,0.0,0.0,0.0,0.0,0.0,168.0,775360.0,32.0,26250.0,7.6550600926306585,29526030.0,,,,1000.0
2009-06-08T00:00:00,MPC,25.0,25.0,25.0,25.0,25.0,23.9,295830.0,295830.0,0.0,7395750000.0,0.0,10000.0,250000000.0,0.0,0.0,148.0,544480.0,117.0,295830.0,7.6550600926306585,29516030.0,,,,1000.0
2009-06-09T00:00:00,MPC,25.0,23.8,25.0,23.8,23.8,25.0,663810.0,663810.0,0.0,15798678000.0,0.0,250.0,6100000.0,0.0,0.0,362.0,725950.0,450.0,1293820.0,7.6550600926306585,29515780.0,,,,1000.0
2009-06-10T00:00:00,MPC,22.7,22.7,22.7,22.7,22.7,23.8,259330.0,259330.0,0.0,5886791000.0,0.0,0.0,0.0,480.0,10896000.0,114.0,259330.0,244.0,569980.0,7.6550600926306585,29516260.0,,,,1000.0
2009-06-11T00:00:00,MPC,23.8,23.5,23.7,23.8,23.8,22.7,472170.0,472170.0,0.0,11237646000.0,0.0,0.0,0.0,0.0,0.0,362.0,951140.0,151.0,475070.0,7.6550600926306585,29516260.0,,,,1000.0
2009-06-12T00:00:00,MPC,24.9,23.0,24.9,23.5,23.5,23.8,311090.0,311090.0,0.0,7310615000.0,0.0,17950.0,424890000.0,8130.0,196380000.0,210.0,352470.0,200.0,482940.0,7.6550600926306585,29506440.0,,,,1000.0
2009-06-15T00:00:00,MPC,23.5,22.4,22.5,23.0,23.0,23.5,266260.0,266260.0,0.0,6123980000.0,0.0,71010.0,1606720000.0,0.0,0.0,132.0,411710.0,172.0,355670.0,7.6550600926306585,29435430.0,,,,1000.0
2009-06-16T00:00:00,MPC,22.5,21.9,21.9,21.9,21.9,23.0,291890.0,291890.0,0.0,6392391000.0,0.0,117610.0,2596845000.0,5000.0,109500000.0,161.0,389500.0,169.0,462000.0,7.6550600926306585,29322820.0,,,,1000.0
2009-06-17T00:00:00,MPC,22.9,20.9,20.9,22.9,22.9,21.9,231330.0,231330.0,0.0,5297457000.0,0.0,111960.0,2357814000.0,92500.0,1933875000.0,195.0,414910.0,103.0,267960.0,7.6550600926306585,29303360.0,,,,1000.0
2009-06-18T00:00:00,MPC,24.0,23.3,24.0,23.7,23.7,22.9,116140.0,116140.0,0.0,2752518000.0,0.0,0.0,0.0,0.0,0.0,117.0,170070.0,112.0,202660.0,7.6550600926306585,29303360.0,,,,1000.0
2009-06-19T00:00:00,MPC,24.0,22.8,24.0,22.8,22.8,23.7,115580.0,115580.0,0.0,2635224000.0,0.0,37000.0,849274000.0,0.0,0.0,61.0,162020.0,173.0,275100.0,7.6550600926306585,29266360.0,,,,1000.0
2009-06-22T00:00:00,MPC,22.5,21.7,22.0,21.7,21.7,22.8,147970.0,147970.0,0.0,3210949000.0,0.0,57240.0,1252608000.0,0.0,0.0,77.0,217690.0,151.0,256460.0,7.6550600926306585,29209120.0,,,,1000.0
2009-06-23T00:00:00,MPC,21.5,20.7,20.7,20.7,20.7,21.7,265420.0,265420.0,0.0,5494194000.0,0.0,100000.0,2070000000.0,1350.0,28195000.0,80.0,297110.0,153.0,326160.0,7.6550600926306585,29110470.0,,,,1000.0
2009-06-24T00:00:00,MPC,21.7,21.7,21.7,21.7,21.7,20.7,18800.0,18800.0,0.0,407960000.0,0.0,0.0,0.0,0.0,0.0,83.0,345470.0,17.0,18800.0,7.6550600926306585,29110470.0,,,,1000.0
2009-06-25T00:00:00,MPC,22.7,22.5,22.7,22.7,22.7,21.7,186190.0,186190.0,0.0,4226513000.0,0.0,75000.0,1702324000.0,0.0,0.0,75.0,348630.0,118.0,189230.0,7.6550600926306585,29035470.0,,,,1000.0
2009-06-26T00:00:00,MPC,23.4,22.3,23.4,23.3,23.3,22.7,82240.0,82240.0,0.0,1916192000.0,0.0,13950.0,312085000.0,0.0,0.0,84.0,165140.0,135.0,282100.0,7.6550600926306585,29021520.0,,,,1000.0
2009-06-29T00:00:00,MPC,23.5,22.5,23.3,23.3,23.3,23.3,64910.0,64910.0,0.0,1512403000.0,0.0,0.0,0.0,0.0,0.0,56.0,136400.0,94.0,150790.0,7.6550600926306585,27965670.0,,,,1000.0
2009-06-30T00:00:00,MPC,22.9,22.2,22.5,22.5,22.5,23.3,209830.0,209830.0,0.0,4721175000.0,0.0,88800.0,1990898000.0,0.0,0.0,58.0,250680.0,106.0,304580.0,7.6550600926306585,28932720.0,,,,1000.0
2009-07-01T00:00:00,MPC,22.0,21.5,21.6,21.6,21.6,22.5,170970.0,170970.0,0.0,3692952000.0,0.0,70000.0,1525950000.0,0.0,0.0,45.0,254470.0,84.0,227790.0,7.6550600926306585,28862720.0,,,,1000.0
2009-07-02T00:00:00,MPC,22.5,22.0,22.0,22.2,22.2,21.6,111360.0,111360.0,0.0,2472192000.0,0.0,49200.0,1088794000.0,0.0,0.0,74.0,314060.0,74.0,192210.0,7.6550600926306585,28862720.0,,,,1000.0
2009-07-03T00:00:00,MPC,23.0,21.4,21.4,23.0,23.0,22.2,94770.0,94770.0,0.0,2179710000.0,0.0,39470.0,851952000.0,4100.0,91200000.0,75.0,294140.0,61.0,129870.0,7.6550600926306585,28862720.0,,,,1000.0
2009-07-06T00:00:00,MPC,23.8,22.5,23.0,22.8,22.8,23.0,133900.0,133900.0,0.0,3052920000.0,0.0,10000.0,226000000.0,0.0,0.0,79.0,253750.0,122.0,269800.0,7.6550600926306585,28862720.0,,,,1000.0
2009-07-07T00:00:00,MPC,22.7,22.0,22.0,22.3,22.3,22.8,43530.0,43530.0,0.0,970719000.0,0.0,20130.0,447873000.0,0.0,0.0,70.0,132570.0,75.0,86970.0,7.6550600926306585,28862720.0,,,,1000.0
2009-07-08T00:00:00,MPC,22.9,21.9,21.9,22.7,22.7,22.3,25680.0,25680.0,0.0,582936000.0,0.0,4050.0,88695000.0,0.0,0.0,72.0,192180.0,64.0,71710.0,7.6550600926306585,28862720.0,,,,1000.0
2009-07-09T00:00:00,MPC,23.0,22.5,22.5,22.7,22.7,22.7,62240.0,62240.0,0.0,1412848000.0,0.0,500.0,11250000.0,0.0,0.0,38.0,118070.0,74.0,114260.0,7.6550600926306585,28862720.0,,,,1000.0
2009-07-10T00:00:00,MPC,22.6,22.2,22.3,22.3,22.3,22.7,22880.0,22880.0,0.0,510224000.0,0.0,0.0,0.0,0.0,0.0,36.0,111690.0,56.0,56710.0,7.6550600926306585,28862720.0,,,,1000.0
2009-07-13T00:00:00,MPC,22.3,21.6,21.6,21.6,21.6,22.3,32150.0,32150.0,0.0,694440000.0,0.0,11690.0,256172000.0,0.0,0.0,38.0,53190.0,70.0,143810.0,7.6550600926306585,28862720.0,,,,1000.0
2009-07-14T00:00:00,MPC,21.9,21.4,21.6,21.6,21.6,21.6,77880.0,77880.0,0.0,1682208000.0,0.0,23060.0,497296000.0,50.0,1080000.0,37.0,109220.0,63.0,119420.0,7.6550600926306585,28862720.0,,,,1000.0
2009-07-15T00:00:00,MPC,22.5,21.6,21.6,21.8,21.8,21.6,12390.0,12390.0,0.0,270102000.0,0.0,0.0,0.0,0.0,0.0,29.0,56760.0,41.0,40260.0,7.6550600926306585,28862720.0,,,,1000.0
2009-07-16T00:00:00,MPC,22.1,21.7,22.1,21.7,21.7,21.8,10390.0,10390.0,0.0,225463000.0,0.0,260.0,5686000.0,0.0,0.0,22.0,42530.0,55.0,46270.0,7.6550600926306585,28862720.0,,,,1000.0
2009-07-17T00:00:00,MPC,22.0,21.5,21.7,22.0,22.0,21.7,40950.0,40950.0,0.0,900900000.0,0.0,36810.0,806751000.0,200.0,4340000.0,45.0,115270.0,55.0,65890.0,7.6550600926306585,28862720.0,,,,1000.0
2009-07-20T00:00:00,MPC,21.3,20.9,20.9,21.0,21.0,22.0,44480.0,44480.0,0.0,934080000.0,0.0,20760.0,434460000.0,260.0,5460000.0,39.0,95600.0,40.0,69930.0,7.6550600926306585,28862720.0,,,,1000.0
2009-07-21T00:00:00,MPC,22.0,20.6,20.6,21.3,21.3,21.0,10240.0,10240.0,0.0,218112000.0,0.0,0.0,0.0,0.0,0.0,49.0,76770.0,33.0,52360.0,7.6550600926306585,28862720.0,,,,1000.0
2009-07-22T00:00:00,MPC,21.8,21.0,21.8,21.3,21.3,21.3,33830.0,33830.0,0.0,720579000.0,0.0,0.0,0.0,0.0,0.0,22.0,84350.0,43.0,70140.0,7.6550600926306585,28651400.0,,,,1000.0
2009-07-23T00:00:00,MPC,22.0,21.0,21.0,22.0,22.0,21.3,39550.0,39550.0,0.0,870100000.0,0.0,32110.0,700749000.0,4200.0,91560000.0,40.0,129700.0,46.0,55050.0,7.6550600926306585,28623490.0,,,,1000.0
2009-07-24T00:00:00,MPC,23.1,23.0,23.1,23.1,23.1,22.0,97610.0,97610.0,0.0,2254791000.0,0.0,26610.0,614561000.0,0.0,0.0,72.0,138890.0,68.0,97610.0,7.6550600926306585,28596880.0,,,,1000.0
2009-07-27T00:00:00,MPC,23.8,22.8,22.8,23.2,23.2,23.1,55190.0,55190.0,0.0,1280408000.0,0.0,16500.0,381200000.0,3900.0,90090000.0,39.0,71270.0,139.0,159190.0,7.6550600926306585,28584280.0,,,,1000.0
2009-07-28T00:00:00,MPC,23.0,22.2,23.0,22.3,22.3,23.2,43720.0,43720.0,0.0,974956000.0,0.0,35000.0,794582000.0,0.0,0.0,24.0,57580.0,122.0,175260.0,7.6550600926306585,28549280.0,,,,1000.0
2009-07-29T00:00:00,MPC,22.9,22.3,22.8,22.7,22.7,22.3,75950.0,75950.0,0.0,1724065000.0,0.0,51200.0,1163760000.0,0.0,0.0,38.0,110390.0,81.0,126330.0,7.6550600926306585,28498080.0,,,,1000.0
2009-07-30T00:00:00,MPC,22.7,22.2,22.2,22.7,22.7,22.7,47580.0,47580.0,0.0,1080066000.0,0.0,35000.0,787500000.0,6300.0,141750000.0,37.0,115060.0,48.0,123270.0,7.6550600926306585,28469380.0,,,,1000.0
2009-07-31T00:00:00,MPC,23.1,22.5,23.0,23.1,23.1,22.7,70310.0,70310.0,0.0,1624161000.0,0.0,30000.0,689781000.0,12600.0,284760000.0,75.0,136290.0,89.0,123070.0,7.6550600926306585,28451980.0,,,,1000.0
2009-08-03T00:00:00,MPC,23.3,22.3,22.3,23.3,23.3,23.1,34090.0,34090.0,0.0,794297000.0,0.0,29430.0,683101000.0,0.0,0.0,56.0,82800.0,90.0,83890.0,7.6550600926306585,28422550.0,,,,1000.0
2009-08-04T00:00:00,MPC,23.6,23.0,23.6,23.0,23.0,23.3,78150.0,78150.0,0.0,1797450000.0,0.0,39290.0,916416000.0,10300.0,237925000.0,35.0,115580.0,129.0,197030.0,7.6550600926306585,28393560.0,,,,1000.0
2009-08-05T00:00:00,MPC,23.4,22.5,22.5,23.0,23.0,23.0,153470.0,153470.0,0.0,3529810000.0,0.0,70660.0,1637570000.0,5000.0,114000000.0,53.0,210770.0,93.0,242670.0,7.6550600926306585,28327900.0,,,,1000.0
2009-08-06T00:00:00,MPC,23.8,23.0,23.8,23.3,23.3,23.0,40600.0,40600.0,0.0,945980000.0,0.0,29350.0,690086000.0,0.0,0.0,46.0,106370.0,123.0,129530.0,7.6550600926306585,28298550.0,,,,1000.0
2009-08-07T00:00:00,MPC,23.4,23.1,23.1,23.4,23.4,23.3,92440.0,92440.0,0.0,2163096000.0,0.0,25000.0,582500000.0,490.0,11417000.0,68.0,166600.0,93.0,119310.0,7.6550600926306585,28274040.0,,,,1000.0
2009-08-10T00:00:00,MPC,24.5,23.5,23.5,24.5,24.5,23.4,135580.0,135580.0,0.0,3321710000.0,0.0,10000.0,235000000.0,400.0,9600000.0,96.0,340320.0,97.0,138520.0,7.6550600926306585,28264440.0,,,,1000.0
2009-08-11T00:00:00,MPC,25.7,24.5,25.3,25.7,25.7,24.5,330460.0,330460.0,0.0,8492822000.0,0.0,15000.0,381760000.0,500.0,12650000.0,110.0,455200.0,162.0,338240.0,7.6550600926306585,28249940.0,,,,1000.0
2009-08-12T00:00:00,MPC,26.9,26.5,26.8,26.9,26.9,25.7,322830.0,322830.0,0.0,8684127000.0,0.0,117640.0,3161716000.0,0.0,0.0,158.0,375430.0,134.0,348730.0,7.6550600926306585,28132300.0,,,,1000.0
2009-08-13T00:00:00,MPC,27.0,25.6,27.0,26.1,26.1,26.9,99440.0,99440.0,0.0,2595384000.0,0.0,53110.0,1403416000.0,0.0,0.0,70.0,178650.0,148.0,221240.0,7.6550600926306585,28079190.0,,,,1000.0
2009-08-14T00:00:00,MPC,26.8,26.0,26.1,26.5,26.5,26.1,120200.0,120200.0,0.0,3185300000.0,0.0,43810.0,1143419000.0,2000.0,52200000.0,94.0,226000.0,109.0,150220.0,7.6550600926306585,28037380.0,,,,1000.0
2009-08-17T00:00:00,MPC,26.8,26.0,26.0,26.6,26.6,26.5,99970.0,99970.0,0.0,2659202000.0,0.0,60550.0,1604896000.0,0.0,0.0,85.0,175710.0,95.0,155990.0,7.6550600926306585,27976830.0,,,,1000.0
2009-08-18T00:00:00,MPC,26.9,26.2,26.2,26.6,26.6,26.6,141810.0,141810.0,0.0,3772146000.0,0.0,33920.0,892704000.0,140.0,3724000.0,106.0,266560.0,110.0,317620.0,7.6550600926306585,27943050.0,,,,1000.0
2009-08-19T00:00:00,MPC,27.5,26.5,26.5,27.5,27.5,26.6,319980.0,319980.0,0.0,8799450000.0,0.0,40300.0,1078924000.0,0.0,0.0,161.0,643190.0,124.0,354590.0,7.6550600926306585,27902750.0,,,,1000.0
2009-08-20T00:00:00,MPC,28.8,28.5,28.8,28.8,28.8,27.5,203440.0,203440.0,0.0,5859072000.0,0.0,0.0,0.0,0.0,0.0,168.0,617560.0,121.0,210060.0,7.6550600926306585,27902750.0,,,,1000.0
2009-08-21T00:00:00,MPC,30.2,29.8,30.2,30.0,30.0,28.8,321150.0,321150.0,0.0,9634500000.0,0.0,12200.0,368440000.0,0.0,0.0,171.0,389440.0,150.0,359750.0,7.6550600926306585,27890550.0,,,,1000.0
2009-08-24T00:00:00,MPC,30.5,29.0,30.5,30.3,30.3,30.0,139230.0,139230.0,0.0,4218669000.0,0.0,10000.0,305000000.0,160.0,4855000.0,96.0,313580.0,160.0,233300.0,7.6550600926306585,27880710.0,,,,1000.0
2009-08-25T00:00:00,MPC,29.2,28.8,29.0,28.8,28.8,30.3,119520.0,119520.0,0.0,3442176000.0,0.0,40.0,1160000.0,0.0,0.0,110.0,142420.0,111.0,208720.0,7.6550600926306585,27880670.0,,,,1000.0
2009-08-26T00:00:00,MPC,29.0,28.0,29.0,28.1,28.1,28.8,56130.0,56130.0,0.0,1577253000.0,0.0,0.0,0.0,10.0,281000.0,84.0,119890.0,87.0,123020.0,7.6550600926306585,27880680.0,,,,1000.0
2009-08-27T00:00:00,MPC,29.5,28.0,28.0,29.5,29.5,28.1,90200.0,90200.0,0.0,2660900000.0,0.0,0.0,0.0,0.0,0.0,145.0,214790.0,70.0,131890.0,7.6550600926306585,27880680.0,,,,1000.0
2009-08-28T00:00:00,MPC,30.9,30.8,30.9,30.9,30.9,29.5,199330.0,199330.0,0.0,6159297000.0,0.0,0.0,0.0,0.0,0.0,193.0,436240.0,82.0,199330.0,7.6550600926306585,27880680.0,,,,1000.0
2009-08-31T00:00:00,MPC,32.4,32.4,32.4,32.4,32.4,30.9,97370.0,97370.0,0.0,3154788000.0,0.0,0.0,0.0,0.0,0.0,139.0,418940.0,53.0,97370.0,7.6550600926306585,27880680.0,,,,1000.0
2009-09-01T00:00:00,MPC,34.0,32.0,32.9,34.0,34.0,32.4,347670.0,347670.0,0.0,11820780000.0,0.0,0.0,0.0,100.0,3320000.0,262.0,597520.0,275.0,413890.0,7.6550600926306585,27880780.0,,,,1000.0
2009-09-03T00:00:00,MPC,34.5,33.0,33.0,33.2,33.2,34.0,216380.0,216380.0,0.0,7183816000.0,0.0,50000.0,1702981000.0,13890.0,470320000.0,176.0,312490.0,183.0,482190.0,7.6550600926306585,27844670.0,,,,1000.0
2009-09-04T00:00:00,MPC,33.2,31.6,33.2,31.7,31.7,33.2,224280.0,224280.0,0.0,7109676000.0,0.0,71940.0,2318304000.0,15700.0,496838000.0,158.0,302890.0,196.0,461630.0,7.6550600926306585,27788430.0,,,,1000.0
2009-09-07T00:00:00,MPC,30.8,30.2,30.6,30.3,30.3,31.7,126590.0,126590.0,0.0,3835677000.0,0.0,54670.0,1663054000.0,20700.0,627510000.0,116.0,220210.0,107.0,166000.0,7.6550600926306585,27754460.0,,,,1000.0
2009-09-08T00:00:00,MPC,31.8,31.2,31.5,31.8,31.8,30.3,131410.0,131410.0,0.0,4178838000.0,0.0,10000.0,316329000.0,19900.0,627840000.0,162.0,260170.0,83.0,148130.0,7.6550600926306585,27764360.0,,,,1000.0
2009-09-09T00:00:00,MPC,33.3,32.0,33.2,33.3,33.3,31.8,289600.0,289600.0,0.0,9643680000.0,0.0,150000.0,4966914000.0,19900.0,658690000.0,184.0,401310.0,148.0,350360.0,7.6550600926306585,27634260.0,,,,1000.0
2009-09-10T00:00:00,MPC,33.9,33.0,33.3,33.4,33.4,33.3,121960.0,121960.0,0.0,4073464000.0,0.0,57210.0,1908167000.0,19900.0,660014000.0,103.0,178660.0,157.0,374070.0,7.6550600926306585,27596950.0,,,,1000.0
2009-09-11T00:00:00,MPC,33.8,33.0,33.0,33.1,33.1,33.4,125790.0,125790.0,0.0,4163649000.0,0.0,10000.0,330000000.0,19800.0,654785000.0,108.0,162580.0,174.0,248840.0,7.6550600926306585,27606750.0,,,,1000.0
2009-09-14T00:00:00,MPC,33.9,33.1,33.1,33.5,33.5,33.1,143280.0,143280.0,0.0,4799880000.0,0.0,60000.0,2002000000.0,20.0,664000.0,142.0,300680.0,157.0,318970.0,7.6550600926306585,27546770.0,,,,1000.0
2009-09-15T00:00:00,MPC,33.8,32.5,33.8,33.3,33.3,33.5,147190.0,147190.0,0.0,4901427000.0,0.0,70000.0,2302265000.0,610.0,20168000.0,130.0,229630.0,180.0,409080.0,7.6550600926306585,27477380.0,,,,1000.0
2009-09-16T00:00:00,MPC,33.3,32.8,33.0,32.8,32.8,33.3,91550.0,91550.0,0.0,3002840000.0,0.0,30000.0,984000000.0,19900.0,654720000.0,96.0,192840.0,104.0,217570.0,7.6550600926306585,27467280.0,,,,1000.0
2009-09-17T00:00:00,MPC,33.0,31.2,32.8,32.1,32.1,32.8,343530.0,343530.0,0.0,11027313000.0,0.0,90400.0,2867700000.0,0.0,0.0,258.0,508020.0,86.0,393330.0,7.6550600926306585,27376880.0,,,,1000.0
2009-09-18T00:00:00,MPC,33.7,32.5,32.8,33.7,33.7,32.1,289780.0,289780.0,0.0,9765586000.0,0.0,0.0,0.0,19000.0,640300000.0,200.0,446220.0,146.0,293180.0,7.6550600926306585,27395880.0,,,,1000.0
2009-09-21T00:00:00,MPC,35.3,35.0,35.3,35.3,35.3,33.7,337080.0,337080.0,0.0,11898924000.0,0.0,25000.0,882500000.0,26400.0,931920000.0,225.0,480590.0,126.0,340080.0,7.6550600926306585,27397280.0,,,,1000.0
2009-09-22T00:00:00,MPC,36.1,35.0,35.1,35.0,35.0,35.3,137040.0,137040.0,0.0,4796400000.0,0.0,0.0,0.0,20270.0,716953000.0,125.0,197040.0,216.0,342540.0,7.6550600926306585,27417550.0,,,,1000.0
2009-09-23T00:00:00,MPC,35.9,34.2,35.9,34.8,34.8,35.0,133760.0,133760.0,0.0,4654848000.0,0.0,41740.0,1460399000.0,0.0,0.0,113.0,259310.0,194.0,271580.0,7.6550600926306585,27375810.0,,,,1000.0
2009-09-24T00:00:00,MPC,34.9,34.0,34.5,34.2,34.2,34.8,284770.0,284770.0,0.0,9739134000.0,0.0,75000.0,2580732000.0,50040.0,1720878000.0,160.0,422600.0,175.0,434210.0,7.6550600926306585,27350850.0,,,,1000.0
2009-09-25T00:00:00,MPC,35.9,35.8,35.8,35.9,35.9,34.2,235370.0,235370.0,0.0,8449783000.0,0.0,3000.0,107700000.0,2200.0,78980000.0,207.0,498200.0,123.0,237870.0,7.6550600926306585,27350050.0,,,,1000.0
2009-09-28T00:00:00,MPC,37.6,37.6,37.6,37.6,37.6,35.9,89620.0,89620.0,0.0,3369712000.0,0.0,0.0,0.0,0.0,0.0,213.0,300670.0,64.0,89620.0,7.6550600926306585,27350050.0,,,,1000.0
2009-09-29T00:00:00,MPC,39.4,39.4,39.4,39.4,39.4,37.6,59230.0,59230.0,0.0,2333662000.0,0.0,0.0,0.0,0.0,0.0,170.0,327390.0,57.0,59230.0,7.6550600926306585,27350050.0,,,,1000.0
2009-09-30T00:00:00,MPC,41.3,39.0,41.3,40.0,40.0,39.4,612430.0,612430.0,0.0,24497200000.0,0.0,300900.0,12154445000.0,64130.0,2644319000.0,362.0,862680.0,338.0,939110.0,7.6550600926306585,27113280.0,,,,1000.0
2009-10-01T00:00:00,MPC,40.6,38.1,40.0,38.1,38.1,40.0,325580.0,325580.0,0.0,12404598000.0,0.0,131780.0,5204435000.0,0.0,0.0,250.0,563550.0,283.0,664920.0,7.6550600926306585,26981500.0,,,,1000.0
2009-10-02T00:00:00,MPC,39.0,36.5,36.5,39.0,39.0,38.1,246690.0,246690.0,0.0,9620910000.0,0.0,100000.0,3682749000.0,4000.0,146000000.0,245.0,447030.0,207.0,407400.0,7.6550600926306585,26885500.0,,,,1000.0
2009-10-05T00:00:00,MPC,40.4,37.5,40.2,39.0,39.0,39.0,159680.0,159680.0,0.0,6227520000.0,0.0,0.0,0.0,0.0,0.0,199.0,273220.0,179.0,425920.0,7.6550600926306585,26885500.0,,,,1000.0
2009-10-06T00:00:00,MPC,40.0,38.0,40.0,38.5,38.5,39.0,71660.0,71660.0,0.0,2758910000.0,0.0,0.0,0.0,1100.0,44000000.0,112.0,102710.0,170.0,343140.0,7.6550600926306585,26886600.0,,,,1000.0
2009-10-07T00:00:00,MPC,39.9,38.1,39.0,38.1,38.1,38.5,175590.0,175590.0,0.0,6689979000.0,0.0,0.0,0.0,80.0,3160000.0,175.0,279700.0,192.0,398340.0,7.6550600926306585,26886680.0,,,,1000.0
2009-10-08T00:00:00,MPC,40.0,38.3,39.2,40.0,40.0,38.1,535330.0,535330.0,0.0,21413200000.0,0.0,157710.0,6180045000.0,0.0,0.0,280.0,787480.0,213.0,615790.0,7.6550600926306585,26886760.0,,,,1000.0
2009-10-09T00:00:00,MPC,42.0,41.0,42.0,42.0,42.0,40.0,720980.0,720980.0,0.0,30281160000.0,0.0,126530.0,5308207000.0,0.0,0.0,371.0,1050410.0,216.0,727050.0,7.6550600926306585,26602440.0,,,,1000.0
2009-10-12T00:00:00,MPC,44.1,44.1,44.1,44.1,44.1,42.0,165230.0,165230.0,0.0,7286643000.0,0.0,0.0,0.0,0.0,0.0,175.0,662330.0,63.0,165230.0,7.6550600926306585,0.0,,,,1000.0
2009-10-13T00:00:00,MPC,46.3,43.0,46.3,45.0,45.0,44.1,524640.0,524640.0,0.0,23608800000.0,0.0,41630.0,1879948000.0,200.0,9100000.0,331.0,699300.0,383.0,987450.0,7.6550600926306585,26561010.0,,,,1000.0
2009-10-14T00:00:00,MPC,47.2,44.5,45.0,47.2,47.2,45.0,500370.0,500370.0,0.0,23617464000.0,0.0,104280.0,4782520000.0,0.0,0.0,377.0,971890.0,223.0,566620.0,7.6550600926306585,26456730.0,,,,1000.0
2009-10-15T00:00:00,MPC,49.5,48.0,49.5,49.5,49.5,47.2,417280.0,417280.0,0.0,20655360000.0,0.0,153170.0,7503630000.0,0.0,0.0,312.0,641370.0,155.0,457370.0,7.6550600926306585,26303560.0,,,,1000.0
2009-10-16T00:00:00,MPC,50.5,47.1,49.5,47.3,47.3,49.5,317480.0,317480.0,0.0,15016804000.0,0.0,130940.0,6372043000.0,0.0,0.0,314.0,424510.0,282.0,917930.0,7.6550600926306585,26172620.0,,,,1000.0
2009-10-19T00:00:00,MPC,49.6,47.0,47.5,48.5,48.5,47.3,370820.0,370820.0,0.0,17984770000.0,0.0,93200.0,4489405000.0,0.0,0.0,225.0,486150.0,233.0,542410.0,7.6550600926306585,26079420.0,,,,1000.0
2009-10-20T00:00:00,MPC,50.0,48.4,48.5,48.9,48.9,48.5,244860.0,244860.0,0.0,11973654000.0,0.0,64900.0,3156694000.0,0.0,0.0,266.0,409600.0,237.0,558790.0,7.6550600926306585,26014520.0,,,,1000.0
2009-10-21T00:00:00,MPC,48.8,47.0,47.0,47.3,47.3,48.9,258520.0,258520.0,0.0,12227996000.0,0.0,96000.0,4591600000.0,0.0,0.0,305.0,446950.0,216.0,602410.0,7.6550600926306585,25918520.0,,,,1000.0
2009-10-22T00:00:00,MPC,48.5,46.8,47.0,48.0,48.0,47.3,402780.0,402780.0,0.0,19333440000.0,0.0,199350.0,9488229000.0,65000.0,3075069000.0,285.0,678090.0,214.0,494860.0,7.6550600926306585,25784170.0,,,,1000.0
2009-10-23T00:00:00,MPC,48.9,47.5,48.0,47.5,47.5,48.0,349860.0,349860.0,0.0,16618350000.0,0.0,184080.0,8871851000.0,0.0,0.0,129.0,403930.0,331.0,662450.0,7.6550600926306585,25600090.0,,,,1000.0
2009-10-26T00:00:00,MPC,47.5,45.2,45.3,45.2,45.2,47.5,202850.0,202850.0,0.0,9168820000.0,0.0,0.0,0.0,4770.0,216581000.0,205.0,243060.0,159.0,294490.0,7.6550600926306585,25739210.0,,,,1000.0
2009-10-27T00:00:00,MPC,43.6,43.0,43.6,43.0,43.0,45.2,92040.0,92040.0,0.0,3957720000.0,0.0,0.0,0.0,2000.0,86289000.0,123.0,97400.0,136.0,234960.0,7.6550600926306585,0.0,,,,1000.0
2009-10-28T00:00:00,MPC,45.0,42.6,45.0,43.1,43.1,43.0,128900.0,128900.0,0.0,5555590000.0,0.0,0.0,0.0,3500.0,150850000.0,237.0,270160.0,129.0,250020.0,7.6550600926306585,25744710.0,,,,1000.0
2009-10-29T00:00:00,MPC,41.9,41.0,41.2,41.0,41.0,43.1,148590.0,148590.0,0.0,6092190000.0,0.0,3220.0,132364000.0,0.0,0.0,116.0,149560.0,131.0,196200.0,7.6550600926306585,25741490.0,,,,1000.0
2009-10-30T00:00:00,MPC,42.0,40.9,42.0,41.0,41.0,41.0,128460.0,128460.0,0.0,5266860000.0,0.0,0.0,0.0,13100.0,538405000.0,136.0,186040.0,90.0,225810.0,7.6550600926306585,25754590.0,,,,1000.0
2009-11-02T00:00:00,MPC,39.0,39.0,39.0,39.0,39.0,41.0,105730.0,105730.0,0.0,4123470000.0,0.0,0.0,0.0,0.0,0.0,47.0,106780.0,105.0,186840.0,7.6550600926306585,25754590.0,,,,1000.0
2009-11-03T00:00:00,MPC,39.0,37.1,37.1,37.1,37.1,39.0,117710.0,117710.0,0.0,4367041000.0,0.0,40.0,1560000.0,50000.0,1855522000.0,67.0,121810.0,131.0,280120.0,7.6550600926306585,24551250.0,,,,1000.0
2009-11-04T00:00:00,MPC,36.0,35.3,35.3,35.3,35.3,37.1,227270.0,227270.0,0.0,8022631000.0,0.0,0.0,0.0,0.0,0.0,143.0,232030.0,182.0,354680.0,7.6550600926306585,25804550.0,,,,1000.0
2009-11-05T00:00:00,MPC,37.0,34.0,36.9,37.0,37.0,35.3,133750.0,133750.0,0.0,4948750000.0,0.0,0.0,0.0,1500.0,55500000.0,149.0,215700.0,102.0,154200.0,7.6550600926306585,25806050.0,,,,1000.0
2009-11-06T00:00:00,MPC,38.8,38.2,38.8,38.4,38.4,37.0,175650.0,175650.0,0.0,6744960000.0,0.0,0.0,0.0,0.0,0.0,133.0,201280.0,113.0,203330.0,7.6550600926306585,25806050.0,,,,1000.0
2009-11-09T00:00:00,MPC,37.9,36.5,36.7,36.5,36.5,38.4,29100.0,29100.0,0.0,1062150000.0,0.0,0.0,0.0,0.0,0.0,34.0,29700.0,73.0,82250.0,7.6550600926306585,25806050.0,,,,1000.0
2009-11-10T00:00:00,MPC,36.5,34.7,36.5,35.0,35.0,36.5,87890.0,87890.0,0.0,3076150000.0,0.0,360.0,13140000.0,0.0,0.0,70.0,196300.0,123.0,188820.0,7.6550600926306585,0.0,,,,1000.0
2009-11-11T00:00:00,MPC,35.2,34.1,34.2,35.2,35.2,35.0,78010.0,78010.0,0.0,2745952000.0,0.0,0.0,0.0,0.0,0.0,94.0,197370.0,87.0,117980.0,7.6550600926306585,25805690.0,,,,1000.0
2009-11-12T00:00:00,MPC,36.9,36.7,36.8,36.9,36.9,35.2,82630.0,82630.0,0.0,3049047000.0,0.0,0.0,0.0,0.0,0.0,63.0,150570.0,75.0,92220.0,7.6550600926306585,25805690.0,,,,1000.0
2009-11-13T00:00:00,MPC,38.7,37.0,37.0,38.7,38.7,36.9,134970.0,134970.0,0.0,5223339000.0,0.0,0.0,0.0,0.0,0.0,194.0,487250.0,112.0,142890.0,7.6550600926306585,0.0,,,,1000.0
2009-11-16T00:00:00,MPC,40.6,40.6,40.6,40.6,40.6,38.7,50260.0,50260.0,0.0,2040556000.0,0.0,0.0,0.0,0.0,0.0,91.0,235180.0,22.0,50260.0,7.6550600926306585,25805690.0,,,,1000.0
2009-11-17T00:00:00,MPC,42.5,40.2,42.3,41.6,41.6,40.6,187380.0,187380.0,0.0,7795008000.0,0.0,0.0,0.0,11000.0,456253000.0,169.0,335080.0,207.0,327910.0,7.6550600926306585,25816690.0,,,,1000.0
2009-11-18T00:00:00,MPC,40.5,39.7,39.8,40.1,40.1,41.6,66230.0,66230.0,0.0,2655823000.0,0.0,4860.0,194228000.0,0.0,0.0,112.0,130100.0,154.0,160350.0,7.6550600926306585,25811830.0,,,,1000.0
2009-11-19T00:00:00,MPC,41.8,40.2,40.9,41.6,41.6,40.1,90560.0,90560.0,0.0,3767296000.0,0.0,0.0,0.0,0.0,0.0,88.0,164860.0,155.0,162720.0,7.6550600926306585,0.0,,,,1000.0
2009-11-20T00:00:00,MPC,39.8,39.0,39.5,39.0,39.0,41.6,44890.0,44890.0,0.0,1750710000.0,0.0,0.0,0.0,0.0,0.0,101.0,87800.0,92.0,122500.0,7.3974378779747925,25811830.0,,,,1000.0
2009-11-23T00:00:00,MPC,38.5,37.1,38.5,37.2,37.2,39.0,45100.0,45100.0,0.0,1677720000.0,0.0,0.0,0.0,0.0,0.0,76.0,95630.0,64.0,85350.0,7.3974378779747925,25811830.0,,,,1000.0
2009-11-24T00:00:00,MPC,38.3,35.4,38.3,37.6,37.6,37.2,45750.0,45750.0,0.0,1720200000.0,0.0,1930.0,71410000.0,0.0,0.0,93.0,95850.0,92.0,126980.0,7.3974378779747925,25809900.0,,,,1000.0
2009-11-25T00:00:00,MPC,37.5,35.8,37.0,35.8,35.8,37.6,60090.0,60090.0,0.0,2151222000.0,0.0,0.0,0.0,0.0,0.0,70.0,72600.0,112.0,179560.0,7.3974378779747925,25809900.0,,,,1000.0
2009-11-26T00:00:00,MPC,34.2,34.1,34.2,34.1,34.1,35.8,254460.0,254460.0,0.0,8677086000.0,0.0,0.0,0.0,0.0,0.0,51.0,258840.0,119.0,329210.0,7.3974378779747925,25809900.0,,,,1000.0
2009-11-27T00:00:00,MPC,35.8,32.4,32.4,35.5,35.5,34.1,160100.0,160100.0,0.0,5683550000.0,0.0,0.0,0.0,1010.0,32724000.0,133.0,293420.0,92.0,226690.0,7.3974378779747925,25809900.0,,,,1000.0
2009-11-30T00:00:00,MPC,36.5,35.5,36.0,35.7,35.7,35.5,25340.0,25340.0,0.0,904638000.0,0.0,0.0,0.0,0.0,0.0,56.0,115470.0,57.0,65170.0,7.3974378779747925,25810910.0,,,,1000.0
2009-12-01T00:00:00,MPC,37.1,36.3,37.1,36.3,36.3,35.7,24740.0,24740.0,0.0,898062000.0,0.0,0.0,0.0,0.0,0.0,40.0,66780.0,64.0,90640.0,7.3974378779747925,25810910.0,,,,1000.0
2009-12-02T00:00:00,MPC,36.0,34.7,35.2,34.7,34.7,36.3,48680.0,48680.0,0.0,1689196000.0,0.0,0.0,0.0,0.0,0.0,49.0,89420.0,96.0,174020.0,7.3974378779747925,25810910.0,,,,1000.0
2009-12-03T00:00:00,MPC,34.8,33.0,34.7,33.2,33.2,34.7,26390.0,26390.0,0.0,876148000.0,0.0,0.0,0.0,0.0,0.0,65.0,73660.0,58.0,66130.0,7.3974378779747925,25810910.0,,,,1000.0
2009-12-04T00:00:00,MPC,34.3,32.6,34.3,32.6,32.6,33.2,89880.0,89880.0,0.0,2930088000.0,0.0,5020.0,170670000.0,0.0,0.0,93.0,196020.0,71.0,180170.0,7.3974378779747925,25805890.0,,,,1000.0
2009-12-07T00:00:00,MPC,34.2,32.6,32.6,33.9,33.9,32.6,30240.0,30240.0,0.0,1025136000.0,0.0,0.0,0.0,0.0,0.0,50.0,87020.0,63.0,56480.0,7.3974378779747925,25805890.0,,,,1000.0
2009-12-08T00:00:00,MPC,33.9,32.4,33.9,32.6,32.6,33.9,33750.0,33750.0,0.0,1100250000.0,0.0,0.0,0.0,11930.0,390782000.0,67.0,87530.0,60.0,110650.0,7.3974378779747925,25817820.0,,,,1000.0
2009-12-09T00:00:00,MPC,32.6,31.0,31.2,31.0,31.0,32.6,84660.0,84660.0,0.0,2624460000.0,0.0,0.0,0.0,40000.0,1246451000.0,89.0,176560.0,91.0,161840.0,7.3974378779747925,25857820.0,,,,1000.0
2009-12-10T00:00:00,MPC,31.6,29.6,30.7,29.6,29.6,31.0,85630.0,85630.0,0.0,2534648000.0,0.0,0.0,0.0,5000.0,153500000.0,102.0,156250.0,62.0,117480.0,7.3974378779747925,25862820.0,,,,1000.0
2009-12-11T00:00:00,MPC,28.3,28.2,28.2,28.2,28.2,29.6,89050.0,89050.0,0.0,2511210000.0,0.0,0.0,0.0,14900.0,420180000.0,50.0,89050.0,76.0,263680.0,7.3974378779747925,25877720.0,,,,1000.0
2009-12-14T00:00:00,MPC,29.5,27.1,27.1,29.2,29.2,28.2,62720.0,62720.0,0.0,1831424000.0,0.0,200.0,5420000.0,16400.0,474560000.0,105.0,142090.0,64.0,113330.0,7.3974378779747925,25893920.0,,,,1000.0
2009-12-15T00:00:00,MPC,29.8,27.9,27.9,29.0,29.0,29.2,25150.0,25150.0,0.0,729350000.0,0.0,0.0,0.0,0.0,0.0,51.0,51080.0,62.0,102610.0,7.3974378779747925,25893920.0,,,,1000.0
2009-12-16T00:00:00,MPC,28.0,27.6,28.0,27.6,27.6,29.0,88000.0,88000.0,0.0,2428800000.0,0.0,0.0,0.0,0.0,0.0,44.0,95360.0,69.0,177710.0,7.3974378779747925,25893920.0,,,,1000.0
2009-12-17T00:00:00,MPC,26.4,26.3,26.3,26.3,26.3,27.6,21290.0,21290.0,0.0,559927000.0,0.0,0.0,0.0,0.0,0.0,56.0,23800.0,53.0,63130.0,7.3974378779747925,25893920.0,,,,1000.0
2009-12-18T00:00:00,MPC,27.6,26.7,26.9,27.6,27.6,26.3,41920.0,41920.0,0.0,1156992000.0,0.0,0.0,0.0,0.0,0.0,74.0,112020.0,36.0,80790.0,7.3974378779747925,25893920.0,,,,1000.0
2009-12-21T00:00:00,MPC,28.9,28.0,28.8,28.9,28.9,27.6,34160.0,34160.0,0.0,987224000.0,0.0,0.0,0.0,0.0,0.0,67.0,75740.0,39.0,36050.0,7.3974378779747925,25893920.0,,,,1000.0
2009-12-22T00:00:00,MPC,28.9,27.5,28.9,27.9,27.9,28.9,70990.0,70990.0,0.0,1980621000.0,0.0,0.0,0.0,14000.0,393380000.0,94.0,105620.0,85.0,160360.0,7.3974378779747925,25907920.0,,,,1000.0
2009-12-23T00:00:00,MPC,28.0,26.8,27.2,28.0,28.0,27.9,34060.0,34060.0,0.0,953680000.0,0.0,0.0,0.0,14000.0,379403000.0,94.0,108770.0,47.0,62110.0,7.3974378779747925,25921920.0,,,,1000.0
2009-12-24T00:00:00,MPC,29.4,27.5,27.7,29.4,29.4,28.0,93610.0,93610.0,0.0,2752134000.0,0.0,0.0,0.0,0.0,0.0,93.0,309950.0,62.0,98210.0,7.3974378779747925,25921920.0,,,,1000.0
2009-12-25T00:00:00,MPC,30.8,30.8,30.8,30.8,30.8,29.4,73990.0,73990.0,0.0,2278892000.0,0.0,4300.0,132440000.0,0.0,0.0,99.0,239990.0,52.0,73990.0,7.3974378779747925,25917620.0,,,,1000.0
2009-12-28T00:00:00,MPC,32.1,30.2,30.8,32.0,32.0,30.8,67960.0,67960.0,0.0,2174720000.0,0.0,2000.0,61600000.0,0.0,0.0,84.0,154670.0,107.0,124980.0,7.3974378779747925,25915620.0,,,,1000.0
2009-12-29T00:00:00,MPC,31.8,30.4,31.1,30.4,30.4,32.0,23700.0,23700.0,0.0,720480000.0,0.0,170.0,5347000.0,0.0,0.0,55.0,38350.0,79.0,57380.0,7.3974378779747925,25915450.0,,,,1000.0
2009-12-30T00:00:00,MPC,31.7,30.0,30.0,31.7,31.7,30.4,103100.0,103100.0,0.0,3268270000.0,0.0,0.0,0.0,5500.0,168290000.0,151.0,204970.0,95.0,154970.0,7.3974378779747925,25920950.0,,,,1000.0
2009-12-31T00:00:00,MPC,33.2,32.1,32.1,33.1,33.1,31.7,186850.0,186850.0,0.0,6184735000.0,0.0,0.0,0.0,5700.0,186940000.0,100.0,371380.0,149.0,199270.0,7.3974378779747925,25926650.0,,,,1000.0
2010-01-04T00:00:00,MPC,34.7,34.5,34.5,34.7,34.7,33.1,84950.0,84950.0,0.0,2947765000.0,0.0,0.0,0.0,400.0,13880000.0,79.0,275580.0,30.0,85950.0,7.3974378779747925,25927050.0,,,,1000.0
2010-01-05T00:00:00,MPC,36.4,34.8,36.4,34.8,34.8,34.7,101160.0,101160.0,0.0,3520368000.0,0.0,2500.0,90700000.0,0.0,0.0,125.0,117440.0,107.0,235940.0,7.3974378779747925,25924550.0,,,,1000.0
2010-01-06T00:00:00,MPC,35.8,35.0,35.0,35.0,35.0,34.8,126680.0,126680.0,0.0,4433800000.0,0.0,0.0,0.0,0.0,0.0,107.0,276140.0,170.0,278260.0,7.3974378779747925,25924550.0,,,,1000.0
2010-01-07T00:00:00,MPC,36.7,35.0,35.1,36.7,36.7,35.0,213500.0,213500.0,0.0,7835450000.0,0.0,0.0,0.0,200.0,7260000.0,221.0,499350.0,108.0,215800.0,7.3974378779747925,25924750.0,,,,1000.0
2010-01-08T00:00:00,MPC,38.5,34.9,38.5,34.9,34.9,36.7,266610.0,266610.0,0.0,9304689000.0,0.0,130.0,4992000.0,4300.0,150070000.0,246.0,323380.0,170.0,390480.0,7.3974378779747925,25928920.0,,,,1000.0
2010-01-11T00:00:00,MPC,35.5,34.5,34.7,35.0,35.0,34.9,59740.0,59740.0,0.0,2090900000.0,0.0,0.0,0.0,0.0,0.0,150.0,165240.0,88.0,88780.0,7.3974378779747925,25928920.0,,,,1000.0
2010-01-12T00:00:00,MPC,35.3,33.3,35.0,33.3,33.3,35.0,52790.0,52790.0,0.0,1757907000.0,0.0,0.0,0.0,0.0,0.0,78.0,55350.0,70.0,102860.0,7.3974378779747925,25928920.0,,,,1000.0
2010-01-13T00:00:00,MPC,33.3,31.9,32.5,32.9,32.9,33.3,125100.0,125100.0,0.0,4115790000.0,0.0,0.0,0.0,0.0,0.0,107.0,153550.0,110.0,184520.0,7.3974378779747925,25928920.0,,,,1000.0
2010-01-14T00:00:00,MPC,34.4,32.9,34.4,32.9,32.9,32.9,38820.0,38820.0,0.0,1277178000.0,0.0,10.0,329000.0,0.0,0.0,89.0,71600.0,73.0,90580.0,7.3974378779747925,25928910.0,,,,1000.0
2010-01-15T00:00:00,MPC,33.9,31.5,33.9,32.0,32.0,32.9,30780.0,30780.0,0.0,984960000.0,0.0,5500.0,177250000.0,0.0,0.0,82.0,86180.0,78.0,92910.0,7.3974378779747925,25923410.0,,,,1000.0
2010-01-18T00:00:00,MPC,33.0,30.4,32.0,33.0,33.0,32.0,90530.0,90530.0,0.0,2987490000.0,0.0,2800.0,89600000.0,0.0,0.0,81.0,116050.0,89.0,140340.0,7.3974378779747925,25920610.0,,,,1000.0
2010-01-19T00:00:00,MPC,33.8,32.1,32.1,33.0,33.0,33.0,31240.0,31240.0,0.0,1030920000.0,0.0,200.0,6420000.0,0.0,0.0,84.0,89390.0,103.0,101830.0,7.3974378779747925,25920410.0,,,,1000.0
2010-01-20T00:00:00,MPC,33.8,31.8,33.8,32.0,32.0,33.0,68380.0,68380.0,0.0,2188160000.0,0.0,130.0,4173000.0,0.0,0.0,69.0,104730.0,116.0,154830.0,7.3974378779747925,25920280.0,,,,1000.0
2010-01-21T00:00:00,MPC,32.0,30.4,30.5,30.4,30.4,32.0,91490.0,91490.0,0.0,2781296000.0,0.0,4160.0,127645000.0,0.0,0.0,66.0,109400.0,116.0,152800.0,7.3974378779747925,25916120.0,,,,1000.0
2010-01-22T00:00:00,MPC,30.9,29.3,29.3,30.0,30.0,30.4,22870.0,22870.0,0.0,686100000.0,0.0,1300.0,38090000.0,0.0,0.0,70.0,57160.0,71.0,71480.0,7.3974378779747925,25914820.0,,,,1000.0
2010-01-25T00:00:00,MPC,30.4,30.0,30.0,30.0,30.0,30.0,23500.0,23500.0,0.0,705000000.0,0.0,0.0,0.0,130.0,3900000.0,70.0,57160.0,71.0,71480.0,7.3974378779747925,25914820.0,,,,1000.0
2010-01-26T00:00:00,MPC,31.5,30.1,30.1,31.5,31.5,30.0,29480.0,29480.0,0.0,928620000.0,0.0,0.0,0.0,0.0,0.0,80.0,134770.0,39.0,32180.0,7.3974378779747925,25914950.0,,,,1000.0
2010-01-27T00:00:00,MPC,31.8,30.0,31.5,30.0,30.0,31.5,58780.0,58780.0,0.0,1763400000.0,0.0,600.0,18900000.0,0.0,0.0,50.0,87070.0,93.0,115280.0,7.3974378779747925,25914350.0,,,,1000.0
2010-01-28T00:00:00,MPC,31.2,29.6,30.0,30.0,30.0,30.0,63060.0,63060.0,0.0,1891800000.0,0.0,0.0,0.0,0.0,0.0,86.0,129980.0,77.0,112770.0,7.3974378779747925,25914350.0,,,,1000.0
2010-01-29T00:00:00,MPC,31.0,29.0,29.0,30.0,30.0,30.0,36030.0,36030.0,0.0,1080900000.0,0.0,0.0,0.0,10.0,300000.0,49.0,63380.0,33.0,44800.0,7.3974378779747925,25914360.0,,,,1000.0
2010-02-01T00:00:00,MPC,31.2,29.5,31.2,29.5,29.5,30.0,5260.0,5260.0,0.0,155170000.0,0.0,100.0,2950000.0,0.0,0.0,56.0,46130.0,39.0,38190.0,7.3974378779747925,25914260.0,,,,1000.0
2010-02-02T00:00:00,MPC,30.2,29.5,29.5,29.8,29.8,29.5,17310.0,17310.0,0.0,515838000.0,0.0,0.0,0.0,1350.0,40160000.0,61.0,67590.0,49.0,42920.0,7.3974378779747925,25915610.0,,,,1000.0
2010-02-03T00:00:00,MPC,30.0,29.6,29.6,30.0,30.0,29.8,10170.0,10170.0,0.0,305100000.0,0.0,0.0,0.0,0.0,0.0,36.0,53580.0,41.0,20680.0,7.3974378779747925,25915610.0,,,,1000.0
2010-02-04T00:00:00,MPC,30.7,30.0,30.0,30.7,30.7,30.0,26880.0,26880.0,0.0,825216000.0,0.0,0.0,0.0,1000.0,30000000.0,43.0,72260.0,49.0,47090.0,7.3974378779747925,25916610.0,,,,1000.0
2010-02-05T00:00:00,MPC,30.5,29.7,29.7,30.0,30.0,30.7,30720.0,30720.0,0.0,921600000.0,0.0,0.0,0.0,120.0,3636000.0,41.0,57330.0,38.0,42670.0,7.3974378779747925,25916730.0,,,,1000.0
2010-02-08T00:00:00,MPC,29.8,28.9,28.9,29.0,29.0,30.0,12800.0,12800.0,0.0,371200000.0,0.0,0.0,0.0,0.0,0.0,63.0,44890.0,31.0,26790.0,7.3974378779747925,25916730.0,,,,1000.0
2010-02-09T00:00:00,MPC,29.2,28.5,28.6,29.2,29.2,29.0,8270.0,8270.0,0.0,241484000.0,0.0,0.0,0.0,0.0,0.0,32.0,44510.0,29.0,24430.0,7.3974378779747925,25916730.0,,,,1000.0
2010-02-10T00:00:00,MPC,30.2,29.9,29.9,30.0,30.0,29.2,7670.0,7670.0,0.0,230100000.0,0.0,0.0,0.0,0.0,0.0,24.0,17660.0,32.0,22810.0,7.3974378779747925,25916730.0,,,,1000.0
2010-02-11T00:00:00,MPC,30.0,30.0,30.0,30.0,30.0,30.0,6180.0,6180.0,0.0,185400000.0,0.0,0.0,0.0,0.0,0.0,23.0,15210.0,36.0,22550.0,7.3974378779747925,25916730.0,,,,1000.0
2010-02-12T00:00:00,MPC,31.400000000000002,30.5,31.400000000000002,30.5,30.5,30.0,3260.0,3260.0,0.0,99430000.0,0.0,0.0,0.0,0.0,0.0,24.0,5590.0,34.0,20670.0,7.3974378779747925,25916730.0,,,,1000.0
2010-02-22T00:00:00,MPC,31.8,31.0,31.0,31.8,31.8,30.5,22160.0,22160.0,0.0,704688000.0,0.0,2680.0,84101000.0,0.0,0.0,27.0,58340.0,61.0,30440.0,7.3974378779747925,25914050.0,,,,1000.0
2010-02-23T00:00:00,MPC,31.5,30.5,30.6,31.5,31.5,31.8,15410.0,15410.0,0.0,485415000.0,0.0,1320.0,41106000.0,0.0,0.0,40.0,32630.0,55.0,26000.0,7.3974378779747925,25912730.0,,,,1000.0
2010-02-24T00:00:00,MPC,32.3,31.5,31.5,32.0,32.0,31.5,43230.0,43230.0,0.0,1383360000.0,0.0,300.0,9600000.0,0.0,0.0,44.0,85220.0,71.0,63020.0,7.3974378779747925,25912430.0,,,,1000.0
2010-02-25T00:00:00,MPC,32.8,32.0,32.0,32.0,32.0,32.0,40540.0,40540.0,0.0,1297280000.0,0.0,0.0,0.0,0.0,0.0,35.0,59560.0,68.0,75830.0,7.3974378779747925,25912430.0,,,,1000.0
2010-02-26T00:00:00,MPC,33.1,32.0,32.0,33.1,33.1,32.0,62510.0,62510.0,0.0,2069081000.0,0.0,0.0,0.0,1500.0,48000000.0,44.0,118700.0,72.0,68930.0,7.3974378779747925,25913930.0,,,,1000.0
2010-03-01T00:00:00,MPC,34.3,33.8,33.8,33.9,33.9,33.1,147930.0,147930.0,0.0,5014827000.0,0.0,0.0,0.0,0.0,0.0,71.0,208730.0,101.0,183570.0,7.3974378779747925,25913930.0,,,,1000.0
2010-03-02T00:00:00,MPC,34.2,33.5,34.1,33.6,33.6,33.9,89950.0,89950.0,0.0,3022320000.0,0.0,10000.0,339000000.0,0.0,0.0,57.0,117650.0,105.0,189770.0,7.3974378779747925,25903930.0,,,,1000.0
2010-03-03T00:00:00,MPC,33.6,33.2,33.5,33.2,33.2,33.6,4920.0,4920.0,0.0,163344000.0,0.0,0.0,0.0,0.0,0.0,27.0,27310.0,30.0,43510.0,7.3974378779747925,25903930.0,,,,1000.0
2010-03-04T00:00:00,MPC,33.8,32.9,33.8,32.9,32.9,33.2,32480.0,32480.0,0.0,1068592000.0,0.0,0.0,0.0,0.0,0.0,48.0,69200.0,63.0,78960.0,7.3974378779747925,25903930.0,,,,1000.0
2010-03-05T00:00:00,MPC,33.2,31.9,31.9,33.0,33.0,32.9,59570.0,59570.0,0.0,1965810000.0,0.0,0.0,0.0,0.0,0.0,69.0,125110.0,69.0,100260.0,7.3974378779747925,25903930.0,,,,1000.0
2010-03-08T00:00:00,MPC,33.8,32.3,33.8,33.6,33.6,33.0,120630.0,120630.0,0.0,4053168000.0,0.0,0.0,0.0,2000.0,66800000.0,89.0,192430.0,84.0,196130.0,7.3974378779747925,25905930.0,,,,1000.0
2010-03-09T00:00:00,MPC,34.5,33.0,33.0,34.3,34.3,33.6,192630.0,192630.0,0.0,6607209000.0,0.0,26050.0,872380000.0,0.0,0.0,126.0,324730.0,116.0,251660.0,7.3974378779747925,25879880.0,,,,1000.0
2010-03-10T00:00:00,MPC,35.7,34.0,34.0,35.7,35.7,34.3,268670.0,268670.0,0.0,9591519000.0,0.0,200.0,6800000.0,0.0,0.0,136.0,395790.0,156.0,306860.0,7.3974378779747925,25879680.0,,,,1000.0
2010-03-11T00:00:00,MPC,36.5,35.0,36.5,35.0,35.0,35.7,70860.0,70860.0,0.0,2480100000.0,0.0,0.0,0.0,0.0,0.0,103.0,94330.0,107.0,212040.0,7.3974378779747925,24687480.0,,,,1000.0
2010-03-12T00:00:00,MPC,35.5,34.2,35.5,34.3,34.3,35.0,78790.0,78790.0,0.0,2702497000.0,0.0,0.0,0.0,12000.0,413540000.0,116.0,98830.0,84.0,196860.0,7.3974378779747925,25891680.0,,,,1000.0
2010-03-15T00:00:00,MPC,35.7,34.6,35.7,34.8,34.8,34.3,246030.0,246030.0,0.0,8561844000.0,0.0,45000.0,1568348000.0,0.0,0.0,201.0,381080.0,127.0,384570.0,7.3974378779747925,25846680.0,,,,1000.0
2010-03-16T00:00:00,MPC,34.8,33.2,34.8,33.2,33.2,34.8,112990.0,112990.0,0.0,3751268000.0,0.0,10000.0,342000000.0,0.0,0.0,114.0,182900.0,113.0,221550.0,7.3974378779747925,25836680.0,,,,1000.0
2010-03-17T00:00:00,MPC,34.0,33.0,34.0,33.0,33.0,33.2,27070.0,27070.0,0.0,893310000.0,0.0,0.0,0.0,0.0,0.0,88.0,70830.0,74.0,60470.0,7.3974378779747925,25836680.0,,,,1000.0
2010-03-18T00:00:00,MPC,33.5,32.6,33.0,33.2,33.2,33.0,121110.0,121110.0,0.0,4020852000.0,0.0,18070.0,596310000.0,45110.0,1488652000.0,207.0,282030.0,65.0,214570.0,7.3974378779747925,25863720.0,,,,1000.0
2010-03-19T00:00:00,MPC,33.0,32.7,33.0,32.9,32.9,33.2,30430.0,30430.0,0.0,1001147000.0,0.0,50.0,1650000.0,8660.0,285780000.0,93.0,75780.0,62.0,240220.0,7.3974378779747925,25872330.0,,,,1000.0
2010-03-22T00:00:00,MPC,32.9,32.2,32.2,32.5,32.5,32.9,32530.0,32530.0,0.0,1057225000.0,0.0,0.0,0.0,16340.0,526148000.0,0.0,0.0,0.0,0.0,7.3974378779747925,25888670.0,,,,1000.0
2010-03-23T00:00:00,MPC,32.0,31.2,32.0,31.2,31.2,32.5,65290.0,65290.0,0.0,2037048000.0,0.0,100.0,3150000.0,20180.0,645760000.0,127.0,113540.0,64.0,178840.0,7.3974378779747925,25908750.0,,,,1000.0
2010-03-24T00:00:00,MPC,31.8,31.2,31.2,31.5,31.5,31.2,212490.0,212490.0,0.0,6693435000.0,0.0,2750.0,85800000.0,29800.0,938700000.0,193.0,332340.0,71.0,286790.0,7.3974378779747925,25935800.0,,,,1000.0
2010-03-25T00:00:00,MPC,31.6,31.0,31.6,31.5,31.5,31.5,78950.0,78950.0,0.0,2486925000.0,0.0,0.0,0.0,0.0,0.0,85.0,154060.0,77.0,170860.0,7.3974378779747925,25935800.0,,,,1000.0
2010-03-26T00:00:00,MPC,32.0,31.3,31.5,32.0,32.0,31.5,84930.0,84930.0,0.0,2717760000.0,0.0,2580.0,82154000.0,25020.0,800640000.0,65.0,141980.0,63.0,131180.0,7.3974378779747925,25958240.0,,,,1000.0
2010-03-29T00:00:00,MPC,32.8,31.9,32.8,32.0,32.0,32.0,54310.0,54310.0,0.0,1737920000.0,0.0,1300.0,41720000.0,0.0,0.0,64.0,118920.0,66.0,147630.0,7.3974378779747925,25956940.0,,,,1000.0
2010-03-30T00:00:00,MPC,32.0,31.7,31.9,31.8,31.8,32.0,91840.0,91840.0,0.0,2920512000.0,0.0,40000.0,1296000000.0,50000.0,1617500000.0,52.0,159500.0,91.0,208920.0,7.3974378779747925,25966940.0,,,,1000.0
2010-03-31T00:00:00,MPC,32.2,31.8,31.8,31.8,31.8,31.8,65670.0,65670.0,0.0,2088306000.0,0.0,15460.0,494660000.0,0.0,0.0,49.0,96520.0,86.0,125660.0,7.3974378779747925,25951480.0,,,,1000.0
2010-04-01T00:00:00,MPC,31.9,31.5,31.6,31.9,31.9,31.8,22590.0,22590.0,0.0,720621000.0,0.0,0.0,0.0,0.0,0.0,63.0,41500.0,55.0,130150.0,7.3974378779747925,25951480.0,,,,1000.0
2010-04-02T00:00:00,MPC,32.0,31.6,31.9,31.8,31.8,31.9,38510.0,38510.0,0.0,1224618000.0,0.0,0.0,0.0,6070.0,194240000.0,58.0,67530.0,65.0,133660.0,7.3974378779747925,25957550.0,,,,1000.0
2010-04-05T00:00:00,MPC,32.0,31.8,31.8,31.9,31.9,31.8,50710.0,50710.0,0.0,1617649000.0,0.0,3330.0,105894000.0,750.0,24000000.0,67.0,92370.0,71.0,139060.0,7.3974378779747925,25954970.0,,,,1000.0
2010-04-06T00:00:00,MPC,32.0,31.7,32.0,31.9,31.9,31.9,83400.0,83400.0,0.0,2660460000.0,0.0,23940.0,763686000.0,11440.0,366080000.0,87.0,135280.0,79.0,157680.0,7.3974378779747925,25942470.0,,,,1000.0
2010-04-07T00:00:00,MPC,32.3,31.9,31.9,32.0,32.0,31.9,31530.0,31530.0,0.0,1008960000.0,0.0,0.0,0.0,0.0,0.0,72.0,70340.0,74.0,96090.0,7.3974378779747925,25942470.0,,,,1000.0
2010-04-08T00:00:00,MPC,32.2,31.4,31.4,32.0,32.0,32.0,67910.0,67910.0,0.0,2173120000.0,0.0,100.0,3140000.0,32740.0,1028336000.0,93.0,117430.0,69.0,100580.0,7.3974378779747925,25975110.0,,,,1000.0
2010-04-09T00:00:00,MPC,33.3,32.5,32.6,33.0,33.0,32.0,54410.0,54410.0,0.0,1795530000.0,0.0,0.0,0.0,0.0,0.0,82.0,121160.0,80.0,87830.0,7.3974378779747925,25975110.0,,,,1000.0
2010-04-12T00:00:00,MPC,33.1,33.1,33.1,33.1,33.1,33.0,121100.0,121100.0,0.0,4008410000.0,0.0,5500.0,181500000.0,0.0,0.0,146.0,225750.0,117.0,225340.0,7.3974378779747925,25969610.0,,,,1000.0
2010-04-13T00:00:00,MPC,33.1,32.5,33.1,32.5,32.5,33.1,87030.0,87030.0,0.0,2828475000.0,0.0,19810.0,643825000.0,0.0,0.0,57.0,119830.0,118.0,186870.0,7.3974378779747925,25949800.0,,,,1000.0
2010-04-14T00:00:00,MPC,32.5,31.9,32.5,32.0,32.0,32.5,81100.0,81100.0,0.0,2595200000.0,0.0,20100.0,643200000.0,0.0,0.0,99.0,121210.0,88.0,137410.0,7.3974378779747925,25929700.0,,,,1000.0
2010-04-15T00:00:00,MPC,32.0,31.8,31.9,32.0,32.0,32.0,67560.0,67560.0,0.0,2161920000.0,0.0,20000.0,640000000.0,0.0,0.0,112.0,112600.0,78.0,131450.0,7.3974378779747925,25909700.0,,,,1000.0
2010-04-16T00:00:00,MPC,32.4,31.8,32.4,31.8,31.8,32.0,70240.0,70240.0,0.0,2233632000.0,0.0,31290.0,998344000.0,0.0,0.0,88.0,119530.0,94.0,152260.0,7.3974378779747925,25878410.0,,,,1000.0
2010-04-19T00:00:00,MPC,31.8,31.2,31.8,31.5,31.5,31.8,51010.0,51010.0,0.0,1606815000.0,0.0,0.0,0.0,0.0,0.0,77.0,94100.0,70.0,116070.0,7.3974378779747925,25878410.0,,,,1000.0
2010-04-20T00:00:00,MPC,31.5,31.3,31.5,31.4,31.4,31.5,58280.0,58280.0,0.0,1829992000.0,0.0,0.0,0.0,0.0,0.0,109.0,127690.0,61.0,103850.0,7.3974378779747925,25878410.0,,,,1000.0
2010-04-21T00:00:00,MPC,31.8,31.3,31.8,31.7,31.7,31.4,56740.0,56740.0,0.0,1798658000.0,0.0,35250.0,1111602000.0,0.0,0.0,90.0,102890.0,75.0,111280.0,7.3974378779747925,25843160.0,,,,1000.0
2010-04-22T00:00:00,MPC,32.4,31.1,31.7,31.5,31.5,31.7,48490.0,48490.0,0.0,1527435000.0,0.0,0.0,0.0,0.0,0.0,102.0,104060.0,81.0,128360.0,7.3974378779747925,25843160.0,,,,1000.0
2010-04-26T00:00:00,MPC,32.3,31.5,31.5,31.8,31.8,31.5,75750.0,75750.0,0.0,2408850000.0,0.0,12000.0,384645000.0,8100.0,257650000.0,92.0,133490.0,113.0,130110.0,7.3974378779747925,25839260.0,,,,1000.0
2010-04-27T00:00:00,MPC,32.0,31.3,32.0,31.3,31.3,31.8,39800.0,39800.0,0.0,1245740000.0,0.0,0.0,0.0,10000.0,313000000.0,95.0,81710.0,81.0,120500.0,7.3974378779747925,25849260.0,,,,1000.0
2010-04-28T00:00:00,MPC,31.7,31.2,31.7,31.5,31.5,31.3,59680.0,59680.0,0.0,1879920000.0,0.0,20000.0,626000000.0,0.0,0.0,68.0,79420.0,72.0,144650.0,7.3974378779747925,25829260.0,,,,1000.0
2010-04-29T00:00:00,MPC,31.9,31.4,31.5,31.5,31.5,31.5,34960.0,34960.0,0.0,1101240000.0,0.0,360.0,11340000.0,0.0,0.0,77.0,77600.0,80.0,94590.0,7.3974378779747925,25828900.0,,,,1000.0
2010-05-04T00:00:00,MPC,32.4,31.7,31.7,31.9,31.9,31.5,114360.0,114360.0,0.0,3648084000.0,0.0,0.0,0.0,0.0,0.0,97.0,156250.0,112.0,205440.0,7.3974378779747925,25828900.0,,,,1000.0
2010-05-05T00:00:00,MPC,32.2,31.3,31.3,31.5,31.5,31.9,116950.0,116950.0,0.0,3683925000.0,0.0,8870.0,279405000.0,0.0,0.0,143.0,183780.0,99.0,234420.0,7.3974378779747925,25820030.0,,,,1000.0
2010-05-06T00:00:00,MPC,33.0,31.8,32.0,33.0,33.0,31.5,163510.0,163510.0,0.0,5395830000.0,0.0,0.0,0.0,0.0,0.0,144.0,263220.0,159.0,200760.0,7.3974378779747925,25820030.0,,,,1000.0
2010-05-07T00:00:00,MPC,33.0,31.5,33.0,31.6,31.6,33.0,111000.0,111000.0,0.0,3507600000.0,0.0,0.0,0.0,100.0,3240000.0,122.0,156990.0,161.0,270730.0,7.3974378779747925,25820130.0,,,,1000.0
2010-05-10T00:00:00,MPC,31.5,30.1,30.6,31.0,31.0,31.6,37520.0,37520.0,0.0,1163120000.0,0.0,0.0,0.0,0.0,0.0,120.0,115910.0,73.0,124670.0,7.3974378779747925,25820130.0,,,,1000.0
2010-05-11T00:00:00,MPC,31.6,30.6,31.1,31.0,31.0,31.0,81910.0,81910.0,0.0,2539210000.0,0.0,0.0,0.0,14000.0,435400000.0,138.0,123400.0,62.0,118900.0,7.3974378779747925,25834130.0,,,,1000.0
2010-05-12T00:00:00,MPC,31.0,29.5,31.0,29.5,29.5,31.0,169900.0,169900.0,0.0,5012050000.0,0.0,0.0,0.0,30910.0,916373000.0,194.0,194530.0,102.0,309720.0,7.3974378779747925,25865040.0,,,,1000.0
2010-05-13T00:00:00,MPC,29.6,28.2,29.5,28.2,28.2,29.5,78290.0,78290.0,0.0,2207778000.0,0.0,0.0,0.0,10580.0,304133000.0,168.0,121720.0,52.0,115200.0,7.3974378779747925,25875620.0,,,,1000.0
2010-05-14T00:00:00,MPC,29.1,28.2,28.2,29.1,29.1,28.2,51340.0,51340.0,0.0,1493994000.0,0.0,0.0,0.0,16000.0,463711000.0,106.0,110120.0,105.0,92130.0,7.3974378779747925,25886200.0,,,,1000.0
2010-05-17T00:00:00,MPC,29.1,28.0,28.6,28.1,28.1,29.1,65810.0,65810.0,0.0,1849261000.0,0.0,0.0,0.0,10000.0,281700000.0,81.0,157780.0,81.0,168300.0,7.3974378779747925,25901620.0,,,,1000.0
2010-05-18T00:00:00,MPC,28.3,27.6,28.1,27.9,27.9,28.1,54850.0,54850.0,0.0,1530315000.0,0.0,0.0,0.0,9900.0,276210000.0,76.0,85730.0,52.0,88810.0,7.3974378779747925,25911520.0,,,,1000.0
2010-05-19T00:00:00,MPC,29.0,27.8,27.8,27.9,27.9,27.9,68380.0,68380.0,0.0,1907802000.0,0.0,0.0,0.0,0.0,0.0,82.0,132490.0,106.0,147020.0,7.3974378779747925,25911520.0,,,,1000.0
2010-05-20T00:00:00,MPC,28.0,27.0,27.0,28.0,28.0,27.9,53840.0,53840.0,0.0,1507520000.0,0.0,10000.0,275000000.0,0.0,0.0,103.0,160010.0,52.0,127970.0,7.3974378779747925,25901520.0,,,,1000.0
2010-05-21T00:00:00,MPC,27.8,26.6,26.6,26.6,26.6,28.0,232840.0,232840.0,0.0,6193544000.0,0.0,39110.0,1040326000.0,0.0,0.0,91.0,247430.0,93.0,295270.0,7.3974378779747925,25862410.0,,,,1000.0
2010-05-24T00:00:00,MPC,27.2,26.1,26.1,27.2,27.2,26.6,47900.0,47900.0,0.0,1302880000.0,0.0,4280.0,113420000.0,0.0,0.0,83.0,225330.0,64.0,87690.0,7.3974378779747925,24667930.0,,,,1000.0
2010-05-25T00:00:00,MPC,28.2,27.2,28.0,27.2,27.2,27.2,80680.0,80680.0,0.0,2194496000.0,0.0,0.0,0.0,13230.0,365548000.0,64.0,147740.0,82.0,133740.0,7.3974378779747925,25871360.0,,,,1000.0
2010-05-26T00:00:00,MPC,28.1,27.0,27.0,28.0,28.0,27.2,121040.0,121040.0,0.0,3389120000.0,0.0,0.0,0.0,12190.0,341339000.0,65.0,237130.0,71.0,156970.0,7.3974378779747925,25883550.0,,,,1000.0
2010-05-27T00:00:00,MPC,29.0,27.5,28.2,28.4,28.4,28.0,91440.0,91440.0,0.0,2596896000.0,0.0,12990.0,365352000.0,0.0,0.0,62.0,200980.0,97.0,134970.0,7.3974378779747925,25870560.0,,,,1000.0
2010-05-28T00:00:00,MPC,29.8,28.5,29.400000000000002,29.8,29.8,28.4,78150.0,78150.0,0.0,2328870000.0,0.0,17000.0,504930000.0,0.0,0.0,68.0,249500.0,72.0,86560.0,7.3974378779747925,25853560.0,,,,1000.0
2010-05-31T00:00:00,MPC,30.0,28.7,28.7,30.0,30.0,29.8,60570.0,60570.0,0.0,1817100000.0,0.0,15420.0,460171000.0,0.0,0.0,59.0,200290.0,127.0,98260.0,7.3974378779747925,25838140.0,,,,1000.0
2010-06-01T00:00:00,MPC,30.5,29.3,29.3,30.1,30.1,30.0,56440.0,56440.0,0.0,1698844000.0,0.0,17000.0,511000000.0,0.0,0.0,56.0,267340.0,87.0,122400.0,7.3974378779747925,25821140.0,,,,1000.0
2010-06-02T00:00:00,MPC,30.1,29.5,29.5,30.0,30.0,30.1,64880.0,64880.0,0.0,1946400000.0,0.0,27000.0,810196000.0,1110.0,33411000.0,47.0,168560.0,82.0,104580.0,7.3974378779747925,25795250.0,,,,1000.0
2010-06-03T00:00:00,MPC,30.4,29.9,30.4,29.9,29.9,30.0,41190.0,41190.0,0.0,1231581000.0,0.0,16000.0,480400000.0,20100.0,603000000.0,35.0,132510.0,62.0,115820.0,7.3974378779747925,25799350.0,,,,1000.0
2010-06-04T00:00:00,MPC,29.9,29.0,29.9,29.5,29.5,29.9,14050.0,14050.0,0.0,414475000.0,0.0,4000.0,118500000.0,0.0,0.0,36.0,44760.0,51.0,52140.0,7.3974378779747925,25795350.0,,,,1000.0
2010-06-07T00:00:00,MPC,29.1,28.5,28.5,29.0,29.0,29.5,77410.0,77410.0,0.0,2244890000.0,0.0,16000.0,462100000.0,0.0,0.0,53.0,105580.0,89.0,104720.0,7.3974378779747925,25779350.0,,,,1000.0
2010-06-08T00:00:00,MPC,29.4,28.4,28.4,29.4,29.4,29.0,31910.0,31910.0,0.0,938154000.0,0.0,7000.0,203560000.0,0.0,0.0,60.0,95120.0,62.0,62690.0,7.3974378779747925,25772350.0,,,,1000.0
2010-06-09T00:00:00,MPC,29.5,28.8,29.4,29.0,29.0,29.4,47300.0,47300.0,0.0,1371700000.0,0.0,12000.0,351976000.0,0.0,0.0,39.0,82820.0,64.0,88490.0,7.3974378779747925,25760350.0,,,,1000.0
2010-06-10T00:00:00,MPC,30.4,29.0,29.1,30.4,30.4,29.0,216350.0,216350.0,0.0,6577040000.0,0.0,5100.0,150410000.0,43000.0,1279200000.0,141.0,370840.0,118.0,239920.0,7.3974378779747925,25798250.0,,,,1000.0
2010-06-11T00:00:00,MPC,31.8,30.9,31.8,31.6,31.6,30.4,196540.0,196540.0,0.0,6210664000.0,0.0,16000.0,501900000.0,55000.0,1727000000.0,88.0,275840.0,156.0,391650.0,7.3974378779747925,25837250.0,,,,1000.0
2010-06-14T00:00:00,MPC,32.4,31.9,31.9,32.2,32.2,31.6,149080.0,149080.0,0.0,4800376000.0,0.0,47080.0,1516692000.0,45530.0,1466619000.0,121.0,263450.0,155.0,230760.0,7.3974378779747925,25835700.0,,,,1000.0
2010-06-15T00:00:00,MPC,33.0,32.2,33.0,32.7,32.7,32.2,207820.0,207820.0,0.0,6795714000.0,0.0,149120.0,4872079000.0,31900.0,1049010000.0,84.0,251980.0,181.0,281070.0,7.3974378779747925,25718480.0,,,,1000.0
2010-06-16T00:00:00,MPC,32.7,32.0,32.7,32.0,32.0,32.7,102330.0,102330.0,0.0,3274560000.0,0.0,16000.0,517534000.0,19000.0,611600000.0,88.0,134470.0,180.0,239410.0,7.3974378779747925,25721480.0,,,,1000.0
2010-06-17T00:00:00,MPC,32.0,31.2,32.0,31.5,31.5,32.0,35340.0,35340.0,0.0,1113210000.0,0.0,12050.0,384235000.0,8000.0,253690000.0,56.0,94400.0,85.0,102910.0,7.3974378779747925,25717430.0,,,,1000.0
2010-06-18T00:00:00,MPC,31.5,31.5,31.5,31.5,31.5,31.5,36880.0,36880.0,0.0,1161720000.0,0.0,12000.0,377952000.0,17000.0,535200000.0,54.0,55160.0,84.0,106910.0,7.3974378779747925,25722430.0,,,,1000.0
2010-06-21T00:00:00,MPC,32.0,31.0,32.0,31.0,31.0,31.5,31150.0,31150.0,0.0,965650000.0,0.0,11500.0,3672300000.0,1356.0,427480000.0,57.0,55100.0,77.0,84190.0,7.3974378779747925,25620990.0,,,,1000.0
2010-06-22T00:00:00,MPC,31.8,30.4,31.0,30.8,30.8,31.0,48760.0,48760.0,0.0,1501808000.0,0.0,14000.0,429340000.0,200.0,6160000.0,101.0,96440.0,80.0,108660.0,7.3974378779747925,25607190.0,,,,1000.0
2010-06-23T00:00:00,MPC,31.0,30.7,31.0,30.9,30.9,30.8,53690.0,53690.0,0.0,1659021000.0,0.0,14000.0,432344000.0,0.0,0.0,86.0,97770.0,73.0,112140.0,7.3974378779747925,25593190.0,,,,1000.0
2010-06-24T00:00:00,MPC,31.0,30.6,31.0,30.9,30.9,30.9,58450.0,58450.0,0.0,1806105000.0,0.0,17000.0,523650000.0,12150.0,373790000.0,93.0,103670.0,66.0,150700.0,7.3974378779747925,25588340.0,,,,1000.0
2010-06-25T00:00:00,MPC,30.9,30.5,30.5,30.5,30.5,30.9,104670.0,104670.0,0.0,3192435000.0,0.0,64350.0,1962993000.0,0.0,0.0,0.0,0.0,0.0,0.0,7.3974378779747925,24321440.0,,,,1000.0
2010-06-28T00:00:00,MPC,30.9,29.7,30.9,29.7,29.7,30.5,19940.0,19940.0,0.0,592218000.0,0.0,3840.0,117736000.0,0.0,0.0,49.0,91060.0,54.0,54150.0,7.3974378779747925,25520150.0,,,,1000.0
2010-06-29T00:00:00,MPC,30.5,29.5,29.7,29.5,29.5,29.7,35000.0,35000.0,0.0,1032500000.0,0.0,0.0,0.0,0.0,0.0,62.0,98160.0,42.0,59050.0,7.3974378779747925,25520150.0,,,,1000.0
2010-06-30T00:00:00,MPC,30.0,28.7,28.7,30.0,30.0,29.5,104200.0,104200.0,0.0,3126000000.0,0.0,84180.0,2453802000.0,0.0,0.0,91.0,307340.0,58.0,112290.0,7.3974378779747925,25435970.0,,,,1000.0
2010-07-01T00:00:00,MPC,31.2,30.0,30.5,30.1,30.1,30.0,51240.0,51240.0,0.0,1542324000.0,0.0,0.0,0.0,0.0,0.0,79.0,245790.0,116.0,88200.0,7.3974378779747925,25435970.0,,,,1000.0
2010-07-02T00:00:00,MPC,30.2,30.1,30.1,30.1,30.1,30.1,5200.0,5200.0,0.0,156520000.0,0.0,1600.0,48220000.0,0.0,0.0,43.0,109250.0,58.0,38760.0,7.3974378779747925,25434370.0,,,,1000.0
2010-07-05T00:00:00,MPC,30.7,29.9,29.9,30.0,30.0,30.1,17510.0,17510.0,0.0,525300000.0,0.0,5000.0,150240000.0,200.0,6020000.0,86.0,191810.0,40.0,62800.0,7.3974378779747925,25429570.0,,,,1000.0
2010-07-06T00:00:00,MPC,30.5,29.4,30.0,30.0,30.0,30.0,42790.0,42790.0,0.0,1283700000.0,0.0,18380.0,548662000.0,7000.0,206254000.0,83.0,140780.0,80.0,87230.0,7.3974378779747925,25418190.0,,,,1000.0
2010-07-07T00:00:00,MPC,30.1,29.0,30.1,29.0,29.0,30.0,4560.0,4560.0,0.0,132240000.0,0.0,1250.0,36405000.0,0.0,0.0,44.0,46190.0,51.0,44390.0,7.3974378779747925,25416940.0,,,,1000.0
2010-07-08T00:00:00,MPC,30.0,29.0,29.5,29.5,29.5,29.0,25080.0,25080.0,0.0,739860000.0,0.0,4250.0,125353000.0,0.0,0.0,80.0,110280.0,36.0,40640.0,7.3974378779747925,25412690.0,,,,1000.0
2010-07-09T00:00:00,MPC,30.5,29.5,30.2,29.5,29.5,29.5,15120.0,15120.0,0.0,446040000.0,0.0,4640.0,137780000.0,0.0,0.0,53.0,43300.0,45.0,38670.0,7.3974378779747925,25408050.0,,,,1000.0
2010-07-12T00:00:00,MPC,30.4,29.5,29.7,30.4,30.4,29.5,41130.0,41130.0,0.0,1250352000.0,0.0,19970.0,589400000.0,0.0,0.0,57.0,76230.0,50.0,69570.0,7.3974378779747925,25388080.0,,,,1000.0
2010-07-13T00:00:00,MPC,31.4,30.5,31.3,31.4,31.4,30.4,42340.0,42340.0,0.0,1329476000.0,0.0,9770.0,305852000.0,0.0,0.0,51.0,62490.0,95.0,62280.0,7.3974378779747925,25378310.0,,,,1000.0
2010-07-14T00:00:00,MPC,31.7,31.3,31.4,31.3,31.3,31.4,24020.0,24020.0,0.0,751826000.0,0.0,5310.0,166803000.0,0.0,0.0,45.0,51320.0,111.0,74770.0,7.3974378779747925,25373000.0,,,,1000.0
2010-07-15T00:00:00,MPC,31.3,30.3,30.3,31.0,31.0,31.3,21520.0,21520.0,0.0,667120000.0,0.0,5770.0,178392000.0,0.0,0.0,74.0,81230.0,66.0,55130.0,7.3974378779747925,24177030.0,,,,1000.0
2010-07-16T00:00:00,MPC,30.5,29.7,30.0,29.8,29.8,31.0,15770.0,15770.0,0.0,469946000.0,0.0,4910.0,145827000.0,0.0,0.0,51.0,76990.0,45.0,56770.0,7.3974378779747925,25362320.0,,,,1000.0
2010-07-19T00:00:00,MPC,30.3,29.8,29.8,29.8,29.8,29.8,45940.0,45940.0,0.0,1369012000.0,0.0,0.0,0.0,0.0,0.0,62.0,130260.0,59.0,83010.0,7.3974378779747925,25362320.0,,,,1000.0
2010-07-20T00:00:00,MPC,30.5,29.7,30.5,30.5,30.5,29.8,47290.0,47290.0,0.0,1442345000.0,0.0,12460.0,379108000.0,0.0,0.0,57.0,115040.0,69.0,87240.0,7.3974378779747925,25349860.0,,,,1000.0
2010-07-21T00:00:00,MPC,30.5,30.0,30.0,30.0,30.0,30.5,19190.0,19190.0,0.0,575700000.0,0.0,6450.0,195300000.0,0.0,0.0,49.0,44580.0,51.0,57180.0,7.3974378779747925,25343410.0,,,,1000.0
2010-07-22T00:00:00,MPC,31.5,30.4,30.5,31.0,31.0,30.0,85350.0,85350.0,0.0,2645850000.0,0.0,31130.0,961647000.0,5410.0,168050000.0,129.0,267910.0,183.0,170130.0,7.3974378779747925,25317690.0,,,,1000.0
2010-07-23T00:00:00,MPC,31.3,30.8,30.8,30.9,30.9,31.0,29730.0,29730.0,0.0,918657000.0,0.0,8180.0,253507000.0,0.0,0.0,78.0,141860.0,118.0,106990.0,7.3974378779747925,25309510.0,,,,1000.0
2010-07-26T00:00:00,MPC,30.9,30.5,30.9,30.9,30.9,30.9,36700.0,36700.0,0.0,1134030000.0,0.0,21850.0,672523000.0,0.0,0.0,64.0,124440.0,74.0,78530.0,7.3974378779747925,25287660.0,,,,1000.0
2010-07-27T00:00:00,MPC,30.9,30.5,30.9,30.5,30.5,30.9,26670.0,26670.0,0.0,813435000.0,0.0,22100.0,677796000.0,0.0,0.0,49.0,60870.0,80.0,72240.0,7.3974378779747925,25265560.0,,,,1000.0
2010-07-28T00:00:00,MPC,31.4,30.0,30.5,30.1,30.1,30.5,12910.0,12910.0,0.0,388591000.0,0.0,6860.0,206737000.0,0.0,0.0,46.0,98980.0,79.0,65790.0,7.3974378779747925,25258700.0,,,,1000.0
2010-07-29T00:00:00,MPC,30.5,29.6,30.5,29.6,29.6,30.1,23720.0,23720.0,0.0,702112000.0,0.0,5480.0,164089000.0,0.0,0.0,51.0,66900.0,61.0,63760.0,7.3974378779747925,25253220.0,,,,1000.0
2010-07-30T00:00:00,MPC,30.0,29.3,29.3,29.7,29.7,29.6,14660.0,14660.0,0.0,435402000.0,0.0,4640.0,137927000.0,0.0,0.0,66.0,48220.0,45.0,40240.0,7.3974378779747925,25248580.0,,,,1000.0
2010-08-02T00:00:00,MPC,29.9,29.7,29.9,29.9,29.9,29.7,36700.0,36700.0,0.0,1097330000.0,0.0,1153.0,343539000.0,11553.0,3431241000.0,81.0,88600.0,63.0,62590.0,7.3974378779747925,25352580.0,,,,1000.0
2010-08-03T00:00:00,MPC,30.4,29.9,30.4,29.9,29.9,29.9,21480.0,21480.0,0.0,642252000.0,0.0,6390.0,191126000.0,0.0,0.0,47.0,82110.0,73.0,62380.0,7.3974378779747925,25346190.0,,,,1000.0
2010-08-04T00:00:00,MPC,30.3,29.7,29.8,29.7,29.7,29.9,11270.0,11270.0,0.0,334719000.0,0.0,11846.0,3541460000.0,1.0,297000.0,58.0,45320.0,64.0,53010.0,7.3974378779747925,25227740.0,,,,1000.0
2010-08-05T00:00:00,MPC,29.9,29.5,29.9,29.6,29.6,29.7,27900.0,27900.0,0.0,825840000.0,0.0,16630.0,492414000.0,0.0,0.0,50.0,72630.0,65.0,76350.0,7.3974378779747925,25211110.0,,,,1000.0
2010-08-06T00:00:00,MPC,30.0,29.7,29.8,30.0,30.0,29.6,37240.0,37240.0,0.0,1117200000.0,0.0,30950.0,926559000.0,0.0,0.0,74.0,73330.0,74.0,87990.0,7.3974378779747925,25180160.0,,,,1000.0
2010-08-09T00:00:00,MPC,30.4,29.6,30.0,29.6,29.6,30.0,40730.0,40730.0,0.0,1205608000.0,0.0,27560.0,823452000.0,0.0,0.0,72.0,111960.0,81.0,78510.0,7.3974378779747925,25152600.0,,,,1000.0
2010-08-10T00:00:00,MPC,29.6,29.3,29.6,29.5,29.5,29.6,76610.0,76610.0,0.0,2259995000.0,0.0,52330.0,1540911000.0,790.0,23274000.0,67.0,126310.0,104.0,110470.0,7.3974378779747925,25101060.0,,,,1000.0
2010-08-11T00:00:00,MPC,30.1,29.5,29.5,30.0,30.0,29.5,12830.0,12830.0,0.0,384900000.0,0.0,3900.0,116845000.0,0.0,0.0,52.0,81570.0,46.0,36140.0,7.3974378779747925,25090220.0,,,,1000.0
2010-08-12T00:00:00,MPC,30.1,29.2,30.0,29.3,29.3,30.0,21430.0,21430.0,0.0,627899000.0,0.0,6940.0,205669000.0,0.0,0.0,53.0,85040.0,85.0,57850.0,7.3974378779747925,25090220.0,,,,1000.0
2010-08-13T00:00:00,MPC,29.9,29.0,29.0,29.9,29.9,29.3,40650.0,40650.0,0.0,1215435000.0,0.0,30540.0,902235000.0,0.0,0.0,44.0,124950.0,56.0,62940.0,7.3974378779747925,25059680.0,,,,1000.0
2010-08-16T00:00:00,MPC,30.7,29.8,29.8,30.6,30.6,29.9,26080.0,26080.0,0.0,798048000.0,0.0,788.0,240144000.0,8987.0,2687113000.0,66.0,82570.0,63.0,47360.0,7.3974378779747925,25141670.0,,,,1000.0
2010-08-17T00:00:00,MPC,30.6,30.0,30.6,30.5,30.5,30.6,31870.0,31870.0,0.0,972035000.0,0.0,29150.0,888135000.0,0.0,0.0,58.0,65660.0,81.0,62680.0,7.3974378779747925,25112520.0,,,,1000.0
2010-08-18T00:00:00,MPC,30.5,29.9,30.5,29.9,29.9,30.5,54380.0,54380.0,0.0,1625962000.0,0.0,41040.0,1231349000.0,0.0,0.0,65.0,96790.0,82.0,99800.0,7.3974378779747925,25071480.0,,,,1000.0
2010-08-19T00:00:00,MPC,30.0,29.5,30.0,29.5,29.5,29.9,14560.0,14560.0,0.0,429520000.0,0.0,3960.0,117285000.0,0.0,0.0,30.0,35670.0,53.0,35590.0,7.3974378779747925,25067520.0,,,,1000.0
2010-08-20T00:00:00,MPC,29.5,29.0,29.5,29.0,29.0,29.5,9630.0,9630.0,0.0,279270000.0,0.0,2890.0,84335000.0,0.0,0.0,54.0,63420.0,34.0,22040.0,7.3974378779747925,25064630.0,,,,1000.0
2010-08-23T00:00:00,MPC,29.7,29.0,29.6,29.0,29.0,29.0,7190.0,7190.0,0.0,208510000.0,0.0,2180.0,64529000.0,0.0,0.0,34.0,57310.0,36.0,13370.0,7.3974378779747925,25062450.0,,,,1000.0
2010-08-24T00:00:00,MPC,30.0,28.8,29.0,29.0,29.0,29.0,45080.0,45080.0,0.0,1307320000.0,0.0,12222.0,3672218000.0,0.0,0.0,42.0,84220.0,84.0,82280.0,7.3974378779747925,24940230.0,,,,1000.0
2010-08-25T00:00:00,MPC,28.6,28.2,28.2,28.6,28.6,29.0,33980.0,33980.0,0.0,971828000.0,0.0,13780.0,392469000.0,0.0,0.0,43.0,64990.0,59.0,67450.0,7.3974378779747925,24926450.0,,,,1000.0
2010-08-26T00:00:00,MPC,28.6,28.3,28.6,28.4,28.4,28.6,5700.0,5700.0,0.0,161880000.0,0.0,1700.0,48465000.0,0.0,0.0,35.0,32070.0,29.0,23690.0,7.3974378779747925,24924750.0,,,,1000.0
2010-08-27T00:00:00,MPC,29.2,28.5,29.0,29.0,29.0,28.4,30010.0,30010.0,0.0,870290000.0,0.0,20010.0,580190000.0,0.0,0.0,30.0,87370.0,44.0,62180.0,7.3974378779747925,24904740.0,,,,1000.0
2010-08-30T00:00:00,MPC,30.4,30.0,30.0,30.4,30.4,29.0,29230.0,29230.0,0.0,888592000.0,0.0,1871.0,566728000.0,4778.0,1386220000.0,37.0,72900.0,32.0,30060.0,7.3974378779747925,24933810.0,,,,1000.0
2010-08-31T00:00:00,MPC,31.7,30.0,30.0,31.7,31.7,30.4,53260.0,53260.0,0.0,1688342000.0,0.0,46760.0,1472070000.0,0.0,0.0,47.0,70670.0,98.0,101830.0,7.3974378779747925,24887050.0,,,,1000.0
2010-09-01T00:00:00,MPC,32.7,31.0,31.0,32.7,32.7,31.7,36220.0,36220.0,0.0,1184394000.0,0.0,31450.0,1014076000.0,0.0,0.0,31.0,70990.0,96.0,72260.0,7.3974378779747925,24855600.0,,,,1000.0
2010-09-06T00:00:00,MPC,34.3,33.0,33.0,34.0,34.0,32.7,112520.0,112520.0,0.0,3825680000.0,0.0,103720.0,3532770000.0,0.0,0.0,57.0,134420.0,133.0,154470.0,7.3974378779747925,24751880.0,,,,1000.0
2010-09-07T00:00:00,MPC,34.0,33.0,33.0,34.0,34.0,34.0,41100.0,41100.0,0.0,1397400000.0,0.0,7634.0,2512063000.0,0.0,0.0,51.0,57490.0,114.0,106640.0,7.3974378779747925,23485340.0,,,,1000.0
2010-09-08T00:00:00,MPC,35.7,35.0,35.7,35.7,35.7,34.0,193490.0,193490.0,0.0,6907593000.0,0.0,0.0,0.0,0.0,0.0,129.0,304940.0,159.0,215610.0,7.3974378779747925,24675540.0,,,,1000.0
2010-09-09T00:00:00,MPC,36.9,35.7,35.7,36.8,36.8,35.7,87610.0,87610.0,0.0,3224048000.0,0.0,35000.0,1277834000.0,0.0,0.0,72.0,118740.0,144.0,174390.0,7.3974378779747925,24640540.0,,,,1000.0
2010-09-10T00:00:00,MPC,36.8,35.0,35.1,35.0,35.0,36.8,76930.0,76930.0,0.0,2692550000.0,0.0,52510.0,1886206000.0,0.0,0.0,52.0,84390.0,127.0,373220.0,7.3974378779747925,24588030.0,,,,1000.0
2010-09-13T00:00:00,MPC,34.9,33.3,34.0,34.9,34.9,35.0,32820.0,32820.0,0.0,1145418000.0,0.0,2204.0,755376000.0,30000.0,10890000000.0,31.0,33390.0,57.0,53070.0,7.3974378779747925,24865990.0,,,,1000.0
2010-09-14T00:00:00,MPC,34.8,33.3,33.3,34.8,34.8,34.9,25360.0,25360.0,0.0,882528000.0,0.0,18000.0,624000000.0,0.0,0.0,35.0,34220.0,58.0,61250.0,7.3974378779747925,24847990.0,,,,1000.0
2010-09-15T00:00:00,MPC,35.0,33.2,33.4,33.2,33.2,34.8,13600.0,13600.0,0.0,451520000.0,0.0,30000.0,10950000000.0,0.0,0.0,36.0,27710.0,66.0,81160.0,7.3974378779747925,24547990.0,,,,1000.0
2010-09-16T00:00:00,MPC,34.5,31.7,34.5,33.3,33.3,33.2,12610.0,12610.0,0.0,419913000.0,0.0,0.0,0.0,0.0,0.0,49.0,42170.0,40.0,34170.0,7.3974378779747925,24547990.0,,,,1000.0
2010-09-17T00:00:00,MPC,34.0,33.3,34.0,33.8,33.8,33.3,18960.0,18960.0,0.0,640848000.0,0.0,0.0,0.0,0.0,0.0,52.0,39320.0,58.0,67350.0,7.3974378779747925,24547990.0,,,,1000.0
2010-09-20T00:00:00,MPC,34.0,33.0,34.0,33.5,33.5,33.8,4500.0,4500.0,0.0,150750000.0,0.0,0.0,0.0,0.0,0.0,25.0,17060.0,50.0,41450.0,7.3974378779747925,24547990.0,,,,1000.0
2010-09-21T00:00:00,MPC,32.6,32.0,32.5,32.0,32.0,33.5,25410.0,25410.0,0.0,813120000.0,0.0,0.0,0.0,0.0,0.0,56.0,42800.0,49.0,56400.0,7.3974378779747925,24547990.0,,,,1000.0
2010-09-22T00:00:00,MPC,32.6,31.5,32.6,31.5,31.5,32.0,18500.0,18500.0,0.0,582750000.0,0.0,1000.0,32600000.0,0.0,0.0,43.0,48850.0,27.0,48650.0,7.3974378779747925,24546990.0,,,,1000.0
2010-09-23T00:00:00,MPC,32.2,30.2,30.5,30.6,30.6,31.5,10870.0,10870.0,0.0,332622000.0,0.0,770.0,23562000.0,0.0,0.0,70.0,48670.0,29.0,32230.0,7.3974378779747925,24546220.0,,,,1000.0
2010-09-24T00:00:00,MPC,31.3,30.6,30.6,31.3,31.3,30.6,1210.0,1210.0,0.0,37873000.0,0.0,0.0,0.0,0.0,0.0,40.0,18070.0,20.0,10650.0,7.3974378779747925,24546220.0,,,,1000.0
2010-09-27T00:00:00,MPC,31.4,30.4,31.3,31.0,31.0,31.3,5120.0,5120.0,0.0,158720000.0,0.0,0.0,0.0,0.0,0.0,40.0,36650.0,30.0,29080.0,7.3974378779747925,24546220.0,,,,1000.0
2010-09-28T00:00:00,MPC,32.2,30.7,32.2,30.8,30.8,31.0,6450.0,6450.0,0.0,198660000.0,0.0,230.0,7084000.0,0.0,0.0,44.0,48590.0,29.0,33340.0,7.3974378779747925,24545990.0,,,,1000.0
2010-09-29T00:00:00,MPC,31.4,30.8,30.8,31.4,31.4,30.8,3570.0,3570.0,0.0,112098000.0,0.0,0.0,0.0,0.0,0.0,35.0,41460.0,23.0,15600.0,7.3974378779747925,24545990.0,,,,1000.0
2010-09-30T00:00:00,MPC,32.5,31.6,32.5,32.4,32.4,31.4,15430.0,15430.0,0.0,499932000.0,0.0,0.0,0.0,650.0,20930000.0,42.0,44790.0,67.0,49360.0,7.3974378779747925,24546640.0,,,,1000.0
2010-10-01T00:00:00,MPC,33.0,32.4,33.0,32.4,32.4,32.4,5800.0,5800.0,0.0,187920000.0,0.0,0.0,0.0,0.0,0.0,24.0,18100.0,52.0,28110.0,7.3974378779747925,24546640.0,,,,1000.0
2010-10-04T00:00:00,MPC,32.5,30.8,32.4,30.8,30.8,32.4,20930.0,20930.0,0.0,644644000.0,0.0,0.0,0.0,1000.0,30800000.0,42.0,33570.0,45.0,47320.0,7.3974378779747925,24547640.0,,,,1000.0
2010-10-05T00:00:00,MPC,31.5,29.8,29.8,31.4,31.4,30.8,4750.0,4750.0,0.0,149150000.0,0.0,0.0,0.0,2200.0,65560000.0,51.0,45690.0,19.0,11230.0,7.3974378779747925,24549840.0,,,,1000.0
2010-10-06T00:00:00,MPC,32.0,31.9,32.0,32.0,32.0,31.4,4330.0,4330.0,0.0,138560000.0,0.0,740.0,23680000.0,0.0,0.0,30.0,20890.0,30.0,21890.0,7.3974378779747925,24549100.0,,,,1000.0
2010-10-07T00:00:00,MPC,32.0,30.7,32.0,30.7,30.7,32.0,12940.0,12940.0,0.0,397258000.0,0.0,3200.0,99200000.0,0.0,0.0,42.0,41210.0,55.0,44130.0,7.3974378779747925,24545900.0,,,,1000.0
2010-10-08T00:00:00,MPC,31.3,31.0,31.0,31.3,31.3,30.7,6780.0,6780.0,0.0,212214000.0,0.0,3240.0,100629000.0,0.0,0.0,29.0,27.27,32.0,26.25,7.3974378779747925,24542660.0,,,,1000.0
2010-10-11T00:00:00,MPC,31.8,31.8,31.8,31.8,31.8,31.3,200.0,200.0,0.0,6360000.0,0.0,0.0,0.0,0.0,0.0,11.0,11300.0,18.0,22420.0,7.3974378779747925,24542660.0,,,,1000.0
2010-10-12T00:00:00,MPC,32.3,30.8,30.8,31.0,31.0,31.8,12250.0,12250.0,0.0,379750000.0,0.0,2000.0,62430000.0,0.0,0.0,38.0,33020.0,56.0,71150.0,7.3974378779747925,24540660.0,,,,1000.0
2010-10-13T00:00:00,MPC,32.0,30.8,32.0,31.0,31.0,31.0,1330.0,1330.0,0.0,41230000.0,0.0,0.0,0.0,0.0,0.0,27.0,28380.0,35.0,32590.0,7.3974378779747925,24540660.0,,,,1000.0
2010-10-14T00:00:00,MPC,31.5,30.8,31.5,31.4,31.4,31.0,4340.0,4340.0,0.0,136276000.0,0.0,860.0,26608000.0,0.0,0.0,25.0,19700.0,25.0,23980.0,7.3974378779747925,24539800.0,,,,1000.0
2010-10-15T00:00:00,MPC,30.6,30.6,30.6,30.6,30.6,31.4,1000.0,1000.0,0.0,30600000.0,0.0,0.0,0.0,0.0,0.0,9.0,5050.0,27.0,20600.0,7.3974378779747925,24539800.0,,,,1000.0
2010-10-18T00:00:00,MPC,31.0,30.5,30.6,31.0,31.0,30.6,12150.0,12150.0,0.0,376650000.0,0.0,2010.0,61597000.0,0.0,0.0,38.0,22520.0,22.0,16960.0,7.3974378779747925,24537790.0,,,,1000.0
2010-10-19T00:00:00,MPC,31.0,30.6,30.7,31.0,31.0,31.0,6790.0,6790.0,0.0,210490000.0,0.0,930.0,28510000.0,0.0,0.0,41.0,19100.0,27.0,16670.0,7.3974378779747925,24536860.0,,,,1000.0
2010-10-20T00:00:00,MPC,31.0,29.9,31.0,29.9,29.9,31.0,14260.0,14260.0,0.0,426374000.0,0.0,1070.0,31993000.0,0.0,0.0,27.0,21320.0,35.0,55060.0,7.3974378779747925,24535790.0,,,,1000.0
2010-10-21T00:00:00,MPC,29.9,29.4,29.4,29.7,29.7,29.9,3700.0,3700.0,0.0,109890000.0,0.0,0.0,0.0,0.0,0.0,24.0,17500.0,19.0,13900.0,7.3974378779747925,24535790.0,,,,1000.0
2010-10-22T00:00:00,MPC,30.0,29.7,29.8,29.7,29.7,29.7,9830.0,9830.0,0.0,291951000.0,0.0,3000.0,89100000.0,0.0,0.0,30.0,41680.0,30.0,43430.0,7.3974378779747925,24532790.0,,,,1000.0
2010-10-25T00:00:00,MPC,30.0,29.7,29.7,30.0,30.0,29.7,11870.0,11870.0,0.0,356100000.0,0.0,1900.0,57000000.0,0.0,0.0,23.0,91600.0,28.0,21470.0,7.3974378779747925,24530890.0,,,,1000.0
2010-10-26T00:00:00,MPC,30.9,30.5,30.9,30.6,30.6,30.0,5660.0,5660.0,0.0,173196000.0,0.0,1000.0,30650000.0,0.0,0.0,29.0,71060.0,34.0,49710.0,7.3974378779747925,24529890.0,,,,1000.0
2010-10-27T00:00:00,MPC,30.5,30.0,30.0,30.4,30.4,30.6,2450.0,2450.0,0.0,74480000.0,0.0,0.0,0.0,0.0,0.0,26.0,64710.0,25.0,29270.0,7.3974378779747925,24529890.0,,,,1000.0
2010-10-28T00:00:00,MPC,30.4,30.0,30.0,30.4,30.4,30.4,23650.0,23650.0,0.0,718960000.0,0.0,4520.0,135600000.0,20000.0,600003000.0,21.0,62270.0,16.0,40720.0,7.3974378779747925,24545370.0,,,,1000.0
2010-10-29T00:00:00,MPC,31.0,30.0,30.9,30.8,30.8,30.4,22400.0,22400.0,0.0,689920000.0,0.0,1280.0,39424000.0,20000.0,600408000.0,33.0,43140.0,28.0,32760.0,7.3974378779747925,24564090.0,,,,1000.0
2010-11-01T00:00:00,MPC,30.8,30.4,30.4,30.4,30.4,30.8,2620.0,2620.0,0.0,79648000.0,0.0,600.0,18240000.0,0.0,0.0,14.0,8680.0,26.0,28530.0,7.3974378779747925,24563490.0,,,,1000.0
2010-11-02T00:00:00,MPC,30.4,30.0,30.0,30.0,30.0,30.4,16480.0,16480.0,0.0,494400000.0,0.0,13300.0,401658000.0,11950.0,359700000.0,28.0,24170.0,22.0,45540.0,7.3974378779747925,23319990.0,,,,1000.0
2010-11-03T00:00:00,MPC,29.9,29.5,29.6,29.6,29.6,30.0,5550.0,5550.0,0.0,164280000.0,0.0,1100.0,32560000.0,0.0,0.0,20.0,27420.0,17.0,33450.0,7.3974378779747925,23338890.0,,,,1000.0
2010-11-04T00:00:00,MPC,30.8,29.2,29.6,30.8,30.8,29.6,31030.0,31030.0,0.0,955724000.0,0.0,21000.0,629300000.0,19550.0,582375000.0,49.0,64790.0,56.0,45330.0,7.3974378779747925,23337890.0,,,,1000.0
2010-11-05T00:00:00,MPC,31.9,31.0,31.9,31.7,31.7,30.8,15380.0,15380.0,0.0,487546000.0,0.0,3500.0,110700000.0,0.0,0.0,23.0,52380.0,42.0,46370.0,7.3974378779747925,23334390.0,,,,1000.0
2010-11-08T00:00:00,MPC,32.0,31.8,32.0,31.9,31.9,31.7,9600.0,9600.0,0.0,306240000.0,0.0,1500.0,47870000.0,400.0,12800000.0,21.0,15500.0,38.0,35350.0,7.3974378779747925,23344840.0,,,,1000.0
2010-11-09T00:00:00,MPC,30.8,30.5,30.8,30.7,30.7,31.9,4060.0,4060.0,0.0,124642000.0,0.0,700.0,21490000.0,0.0,0.0,16.0,9290.0,26.0,19620.0,7.3974378779747925,23344140.0,,,,1000.0
2010-11-10T00:00:00,MPC,31.7,29.5,30.7,31.0,31.0,30.7,17020.0,17020.0,0.0,527620000.0,0.0,12890.0,402898000.0,0.0,0.0,29.0,29270.0,50.0,55860.0,7.3974378779747925,23350800.0,,,,1000.0
2010-11-11T00:00:00,MPC,31.0,29.7,30.5,31.0,31.0,31.0,1810.0,1810.0,0.0,56110000.0,0.0,0.0,0.0,0.0,0.0,21.0,15150.0,20.0,18350.0,7.3974378779747925,23350800.0,,,,1000.0
2010-11-12T00:00:00,MPC,31.0,30.5,30.5,31.0,31.0,31.0,11000.0,11000.0,0.0,341000000.0,0.0,10800.0,333782000.0,0.0,0.0,19.0,20790.0,31.0,21040.0,7.3974378779747925,23340400.0,,,,1000.0
2010-11-15T00:00:00,MPC,31.0,30.5,31.0,30.5,30.5,31.0,22040.0,22040.0,0.0,672220000.0,0.0,3900.0,119458000.0,0.0,0.0,24.0,34150.0,39.0,43030.0,7.3974378779747925,23336500.0,,,,1000.0
2010-11-16T00:00:00,MPC,31.3,30.0,31.3,30.0,30.0,30.5,1290.0,1290.0,0.0,38700000.0,0.0,0.0,0.0,0.0,0.0,18.0,5210.0,33.0,16710.0,7.3974378779747925,23336500.0,,,,1000.0
2010-11-17T00:00:00,MPC,30.0,30.0,30.0,30.0,30.0,30.0,2800.0,2800.0,0.0,84000000.0,0.0,500.0,15000000.0,0.0,0.0,19.0,10050.0,28.0,15180.0,7.3974378779747925,23336000.0,,,,1000.0
2010-11-18T00:00:00,MPC,30.5,29.0,29.8,30.3,30.3,30.0,4890.0,4890.0,0.0,148167000.0,0.0,1400.0,42150000.0,0.0,0.0,44.0,14420.0,34.0,17560.0,7.3974378779747925,23334600.0,,,,1000.0
2010-11-19T00:00:00,MPC,30.9,29.7,30.6,30.0,30.0,30.3,2520.0,2520.0,0.0,75600000.0,0.0,700.0,21000000.0,0.0,0.0,21.0,7120.0,37.0,31770.0,7.3974378779747925,23333900.0,,,,1000.0
2010-11-22T00:00:00,MPC,29.9,28.5,29.0,29.9,29.9,30.0,14590.0,14590.0,0.0,436241000.0,0.0,5250.0,154850000.0,3000.0,86031000.0,40.0,21360.0,26.0,20100.0,7.3974378779747925,23328650.0,,,,1000.0
2010-11-23T00:00:00,MPC,29.9,29.2,29.3,29.3,29.3,29.9,10630.0,10630.0,0.0,311459000.0,0.0,2000.0,59086000.0,6000.0,176190000.0,35.0,23970.0,22.0,22320.0,7.3974378779747925,23326650.0,,,,1000.0
2010-11-24T00:00:00,MPC,29.7,28.5,28.7,29.7,29.7,29.3,5210.0,5210.0,0.0,154737000.0,0.0,1000.0,29150000.0,3000.0,85736000.0,29.0,10740.0,20.0,13410.0,7.3974378779747925,23325650.0,,,,1000.0
2010-11-25T00:00:00,MPC,30.2,29.5,30.0,29.6,29.6,29.7,11750.0,11750.0,0.0,347800000.0,0.0,3100.0,92540000.0,8000.0,237300000.0,34.0,27040.0,28.0,24680.0,7.3974378779747925,23322550.0,,,,1000.0
2010-11-26T00:00:00,MPC,30.3,29.7,30.3,30.2,30.2,29.6,12870.0,12870.0,0.0,388674000.0,0.0,1400.0,42140000.0,4000.0,119219000.0,42.0,22970.0,32.0,22210.0,7.3974378779747925,23324150.0,,,,1000.0
2010-11-29T00:00:00,MPC,30.5,29.2,30.4,30.5,30.5,30.2,6750.0,6750.0,0.0,205875000.0,0.0,0.0,0.0,6000.0,176610000.0,26.0,14720.0,14.0,14650.0,7.3974378779747925,23330150.0,,,,1000.0
2010-11-30T00:00:00,MPC,31.4,30.7,31.0,30.7,30.7,30.5,7150.0,7150.0,0.0,219505000.0,0.0,0.0,0.0,0.0,0.0,25.0,31600.0,49.0,54400.0,7.3974378779747925,23333150.0,,,,1000.0
2010-12-01T00:00:00,MPC,30.7,30.3,30.7,30.3,30.3,30.7,8830.0,8830.0,0.0,267549000.0,0.0,0.0,0.0,0.0,0.0,20.0,25170.0,38.0,34060.0,7.3974378779747925,23341150.0,,,,1000.0
2010-12-02T00:00:00,MPC,31.1,30.0,31.1,31.1,31.1,30.3,18000.0,18000.0,0.0,559800000.0,0.0,10000.0,311000000.0,0.0,0.0,35.0,38920.0,45.0,30830.0,7.3974378779747925,23335150.0,,,,1000.0
2010-12-03T00:00:00,MPC,32.2,31.5,32.2,31.5,31.5,31.1,11720.0,11720.0,0.0,369180000.0,0.0,0.0,0.0,0.0,0.0,29.0,22650.0,65.0,57270.0,7.3974378779747925,23341150.0,,,,1000.0
2010-12-06T00:00:00,MPC,31.6,30.5,31.0,30.6,30.6,31.5,12760.0,12760.0,0.0,390456000.0,0.0,0.0,0.0,70.0,2142000.0,38.0,24050.0,62.0,47740.0,7.3974378779747925,23341150.0,,,,1000.0
2010-12-07T00:00:00,MPC,30.5,29.8,30.5,30.0,30.0,30.6,14990.0,14990.0,0.0,449700000.0,0.0,10100.0,303000000.0,0.0,0.0,47.0,59790.0,53.0,55510.0,7.3974378779747925,23331050.0,,,,1000.0
2010-12-08T00:00:00,MPC,30.0,29.2,30.0,29.2,29.2,30.0,7380.0,7380.0,0.0,215496000.0,0.0,10.0,300000.0,0.0,0.0,34.0,35160.0,24.0,35820.0,7.3974378779747925,23331040.0,,,,1000.0
2010-12-09T00:00:00,MPC,30.3,29.9,30.0,29.9,29.9,29.2,12530.0,12530.0,0.0,374647000.0,0.0,0.0,0.0,0.0,0.0,36.0,42880.0,22.0,25870.0,7.3974378779747925,23331040.0,,,,1000.0
2010-12-10T00:00:00,MPC,30.1,29.7,30.0,29.7,29.7,29.9,19500.0,19500.0,0.0,579150000.0,0.0,6550.0,196500000.0,0.0,0.0,47.0,39720.0,37.0,78530.0,7.3974378779747925,23324560.0,,,,1000.0
2010-12-13T00:00:00,MPC,31.1,31.0,31.0,31.1,31.1,29.7,44770.0,44770.0,0.0,1392347000.0,0.0,0.0,0.0,0.0,0.0,73.0,78900.0,38.0,45270.0,7.3974378779747925,23324560.0,,,,1000.0
2010-12-14T00:00:00,MPC,32.6,30.5,32.6,30.5,30.5,31.1,15240.0,15240.0,0.0,464820000.0,0.0,0.0,0.0,0.0,0.0,32.0,57640.0,101.0,77850.0,7.3974378779747925,23324560.0,,,,1000.0
2010-12-15T00:00:00,MPC,31.9,30.5,31.8,30.5,30.5,30.5,9470.0,9470.0,0.0,288835000.0,0.0,0.0,0.0,550.0,16830000.0,26.0,19590.0,66.0,47300.0,7.3974378779747925,23324560.0,,,,1000.0
2010-12-16T00:00:00,MPC,30.5,30.5,30.5,30.5,30.5,30.5,5050.0,5050.0,0.0,154025000.0,0.0,1500.0,45750000.0,0.0,0.0,26.0,31760.0,31.0,25550.0,7.3974378779747925,23323060.0,,,,1000.0
2010-12-17T00:00:00,MPC,31.4,30.0,30.5,30.0,30.0,30.5,16700.0,16700.0,0.0,501000000.0,0.0,9000.0,279106000.0,0.0,0.0,39.0,31990.0,45.0,41160.0,7.3974378779747925,23314060.0,,,,1000.0
2010-12-20T00:00:00,MPC,30.0,29.0,29.8,29.0,29.0,30.0,60910.0,60910.0,0.0,1766390000.0,0.0,0.0,0.0,17000.0,496410000.0,111.0,90650.0,55.0,124550.0,7.3974378779747925,23314060.0,,,,1000.0
2010-12-21T00:00:00,MPC,29.9,28.8,28.9,29.9,29.9,29.0,9740.0,9740.0,0.0,291226000.0,0.0,6690.0,200031000.0,4030.0,119227000.0,43.0,60260.0,38.0,16900.0,7.3974378779747925,23307370.0,,,,1000.0
2010-12-22T00:00:00,MPC,29.9,29.0,29.9,29.0,29.0,29.9,58410.0,58410.0,0.0,1693890000.0,0.0,23530.0,686223000.0,14720.0,430020000.0,62.0,79690.0,40.0,81830.0,7.3974378779747925,23284390.0,,,,1000.0
2010-12-23T00:00:00,MPC,29.2,29.0,29.2,29.0,29.0,29.0,20360.0,20360.0,0.0,590440000.0,0.0,13560.0,393640000.0,0.0,0.0,31.0,43090.0,21.0,38420.0,7.3974378779747925,23270830.0,,,,1000.0
2010-12-24T00:00:00,MPC,29.0,28.5,29.0,28.5,28.5,29.0,22770.0,22770.0,0.0,648945000.0,0.0,0.0,0.0,6000.0,172105000.0,53.0,36050.0,50.0,66640.0,7.3974378779747925,23287830.0,,,,1000.0
2010-12-27T00:00:00,MPC,28.0,27.1,28.0,27.9,27.9,28.5,135060.0,135060.0,0.0,3768174000.0,0.0,2000.0,54400000.0,0.0,0.0,127.0,153310.0,33.0,148980.0,7.3974378779747925,23289860.0,,,,1000.0
2010-12-28T00:00:00,MPC,28.3,27.0,27.4,28.3,28.3,27.9,42150.0,42150.0,0.0,1192845000.0,0.0,0.0,0.0,14280.0,396164000.0,100.0,89660.0,63.0,69730.0,7.3974378779747925,23304580.0,,,,1000.0
2010-12-29T00:00:00,MPC,29.0,28.1,29.0,28.7,28.7,28.3,27550.0,27550.0,0.0,790685000.0,0.0,0.0,0.0,8200.0,234490000.0,38.0,72410.0,76.0,46360.0,7.3974378779747925,23304580.0,,,,1000.0
2010-12-30T00:00:00,MPC,30.1,28.7,29.4,29.5,29.5,28.7,82750.0,82750.0,0.0,2441125000.0,0.0,5000.0,147500000.0,20000.0,596840000.0,37.0,116060.0,121.0,135960.0,7.3974378779747925,23305580.0,,,,1000.0
2010-12-31T00:00:00,MPC,30.2,29.1,30.2,29.9,29.9,29.5,27300.0,27300.0,0.0,816270000.0,0.0,10000.0,299000000.0,0.0,0.0,39.0,41290.0,84.0,81530.0,7.3974378779747925,23295580.0,,,,1000.0
2011-01-04T00:00:00,MPC,29.9,29.8,29.9,29.9,29.9,29.9,16370.0,16370.0,0.0,489463000.0,0.0,0.0,0.0,0.0,0.0,26.0,23650.0,71.0,57440.0,7.3974378779747925,23309860.0,,,,1000.0
2011-01-05T00:00:00,MPC,29.8,29.0,29.0,29.0,29.0,29.9,4150.0,4150.0,0.0,120350000.0,0.0,1080.0,31320000.0,0.0,0.0,20.0,10300.0,40.0,35520.0,7.3974378779747925,23316980.0,,,,1000.0
2011-01-06T00:00:00,MPC,28.7,28.5,28.5,28.6,28.6,29.0,29730.0,29730.0,0.0,850278000.0,0.0,0.0,0.0,4240.0,121264000.0,35.0,48830.0,41.0,52660.0,7.3974378779747925,23336980.0,,,,1000.0
2011-01-07T00:00:00,MPC,28.8,28.5,28.6,28.6,28.6,28.6,5830.0,5830.0,0.0,166738000.0,0.0,0.0,0.0,1000.0,28600000.0,37.0,21190.0,35.0,22220.0,7.3974378779747925,23336980.0,,,,1000.0
2011-01-10T00:00:00,MPC,28.4,27.8,28.0,27.8,27.8,28.6,2660.0,2660.0,0.0,73948000.0,0.0,0.0,0.0,0.0,0.0,24.0,7540.0,21.0,17690.0,7.3974378779747925,23336980.0,,,,1000.0
2011-01-11T00:00:00,MPC,28.0,27.1,28.0,27.4,27.4,27.8,5510.0,5510.0,0.0,150974000.0,0.0,0.0,0.0,700.0,19130000.0,26.0,17350.0,33.0,15090.0,7.3974378779747925,23336980.0,,,,1000.0
2011-01-12T00:00:00,MPC,27.9,26.4,26.4,26.5,26.5,27.4,27550.0,27550.0,0.0,730075000.0,0.0,0.0,0.0,4980.0,133490000.0,84.0,79970.0,35.0,69890.0,7.3974378779747925,23341220.0,,,,1000.0
2011-01-13T00:00:00,MPC,27.8,27.5,27.7,27.5,27.5,26.5,8580.0,8580.0,0.0,235950000.0,0.0,0.0,0.0,1500.0,41400000.0,47.0,37270.0,25.0,15270.0,7.3974378779747925,23342220.0,,,,1000.0
2011-01-14T00:00:00,MPC,28.5,27.6,28.5,28.2,28.2,27.5,1210.0,1210.0,0.0,34122000.0,0.0,0.0,0.0,0.0,0.0,0.0,0.0,0.0,0.0,7.3974378779747925,23342220.0,,,,1000.0
2011-01-17T00:00:00,MPC,29.3,28.0,29.3,28.0,28.0,28.2,1560.0,1560.0,0.0,43680000.0,0.0,1200.0,33718000.0,0.0,0.0,20.0,29090.0,39.0,13950.0,7.3974378779747925,23341720.0,,,,1000.0
2011-01-18T00:00:00,MPC,28.0,28.0,28.0,28.0,28.0,28.0,23490.0,23490.0,0.0,657720000.0,0.0,21900.0,613200000.0,4500.0,126000000.0,25.0,56020.0,39.0,43000.0,7.3974378779747925,23324800.0,,,,1000.0
2011-01-19T00:00:00,MPC,29.2,27.0,27.0,27.4,27.4,28.0,11040.0,11040.0,0.0,302496000.0,0.0,4600.0,130093000.0,7590.0,205950000.0,39.0,26080.0,58.0,30460.0,7.3974378779747925,23321700.0,,,,1000.0
2011-01-20T00:00:00,MPC,27.7,27.4,27.4,27.5,27.5,27.4,14790.0,14790.0,0.0,406725000.0,0.0,0.0,0.0,2700.0,74320000.0,39.0,52620.0,42.0,28570.0,7.3974378779747925,23321700.0,,,,1000.0
2011-01-21T00:00:00,MPC,28.0,27.5,27.7,27.9,27.9,27.5,18120.0,18120.0,0.0,505548000.0,0.0,0.0,0.0,4000.0,111600000.0,22.0,68260.0,44.0,36700.0,7.3974378779747925,23321700.0,,,,1000.0
2011-01-24T00:00:00,MPC,27.9,27.1,27.3,27.1,27.1,27.9,14440.0,14440.0,0.0,391324000.0,0.0,5000.0,135500000.0,3000.0,81600000.0,31.0,34660.0,45.0,26380.0,7.3974378779747925,23321200.0,,,,1000.0
2011-01-25T00:00:00,MPC,27.7,27.0,27.1,27.0,27.0,27.1,3720.0,3720.0,0.0,100440000.0,0.0,0.0,0.0,900.0,24310000.0,22.0,22850.0,26.0,18450.0,7.3974378779747925,23328790.0,,,,1000.0
2011-01-26T00:00:00,MPC,27.1,27.0,27.0,27.0,27.0,27.0,3080.0,3080.0,0.0,83160000.0,0.0,500.0,13500000.0,400.0,10800000.0,22.0,16400.0,18.0,8640.0,7.3974378779747925,23330990.0,,,,1000.0
2011-01-27T00:00:00,MPC,27.6,27.0,27.0,27.6,27.6,27.0,1810.0,1810.0,0.0,49956000.0,0.0,0.0,0.0,400.0,10800000.0,29.0,27800.0,19.0,8020.0,7.3974378779747925,23334990.0,,,,1000.0
2011-01-28T00:00:00,MPC,28.1,27.6,27.6,28.1,28.1,27.6,8860.0,8860.0,0.0,248966000.0,0.0,0.0,0.0,1700.0,47348000.0,23.0,18750.0,42.0,17610.0,7.3974378779747925,23337990.0,,,,1000.0
2011-02-08T00:00:00,MPC,28.2,27.0,27.0,28.2,28.2,28.1,3890.0,3890.0,0.0,109698000.0,0.0,0.0,0.0,0.0,0.0,11.0,16690.0,15.0,6050.0,7.3974378779747925,23338890.0,,,,1000.0
2011-02-09T00:00:00,MPC,28.5,27.8,27.8,28.5,28.5,28.2,2880.0,2880.0,0.0,82080000.0,0.0,300.0,8550000.0,0.0,0.0,18.0,10630.0,27.0,21290.0,7.3974378779747925,23338990.0,,,,1000.0
2011-02-10T00:00:00,MPC,28.5,28.0,28.5,28.0,28.0,28.5,6580.0,6580.0,0.0,184240000.0,0.0,3129.0,933120000.0,3000.0,897000000.0,19.0,14940.0,42.0,40660.0,7.3974378779747925,23338100.0,,,,1000.0
2011-02-11T00:00:00,MPC,28.5,28.0,28.0,28.4,28.4,28.0,9210.0,9210.0,0.0,261564000.0,0.0,1800.0,51170000.0,0.0,0.0,21.0,28190.0,41.0,22030.0,7.3974378779747925,23338000.0,,,,1000.0
2011-02-14T00:00:00,MPC,28.6,28.4,28.4,28.4,28.4,28.4,7730.0,7730.0,0.0,219532000.0,0.0,0.0,0.0,0.0,0.0,27.0,20900.0,33.0,13750.0,7.3974378779747925,23338000.0,,,,1000.0
2011-02-15T00:00:00,MPC,28.3,28.1,28.3,28.3,28.3,28.4,2010.0,2010.0,0.0,56883000.0,0.0,0.0,0.0,0.0,0.0,29.0,20220.0,29.0,18770.0,7.3974378779747925,23338000.0,,,,1000.0
2011-02-16T00:00:00,MPC,28.2,28.0,28.2,28.2,28.2,28.3,7020.0,7020.0,0.0,197964000.0,0.0,3000.0,84300000.0,0.0,0.0,23.0,16430.0,29.0,25340.0,7.3974378779747925,23335000.0,,,,1000.0
2011-02-17T00:00:00,MPC,28.0,27.1,27.1,27.6,27.6,28.2,1600.0,1600.0,0.0,44160000.0,0.0,0.0,0.0,390.0,10764000.0,30.0,21350.0,22.0,21740.0,7.3974378779747925,23335000.0,,,,1000.0
2011-02-18T00:00:00,MPC,27.6,26.7,27.6,26.7,26.7,27.6,8850.0,8850.0,0.0,236295000.0,0.0,2000.0,54600000.0,1800.0,48246000.0,27.0,22340.0,30.0,23130.0,7.3974378779747925,23333000.0,,,,1000.0
2011-02-21T00:00:00,MPC,25.6,25.4,25.6,25.4,25.4,26.7,22030.0,22030.0,0.0,559562000.0,0.0,5300.0,135150000.0,3400.0,86430000.0,27.0,22030.0,49.0,47510.0,7.3974378779747925,23327700.0,,,,1000.0
2011-02-22T00:00:00,MPC,25.3,24.3,25.0,24.3,24.3,25.4,9920.0,9920.0,0.0,241056000.0,0.0,0.0,0.0,2000.0,49500000.0,22.0,20400.0,33.0,31280.0,7.3974378779747925,23327700.0,,,,1000.0
2011-02-23T00:00:00,MPC,25.5,24.0,24.0,24.9,24.9,24.3,5820.0,5820.0,0.0,144918000.0,0.0,0.0,0.0,1200.0,29520000.0,40.0,33300.0,19.0,17670.0,7.3974378779747925,23328090.0,,,,1000.0
2011-02-24T00:00:00,MPC,25.0,24.2,25.0,24.8,24.8,24.9,8020.0,8020.0,0.0,198896000.0,0.0,0.0,0.0,1700.0,41650000.0,35.0,28540.0,31.0,20520.0,7.3974378779747925,23329890.0,,,,1000.0
2011-02-25T00:00:00,MPC,26.0,25.0,26.0,25.9,25.9,24.8,2860.0,2860.0,0.0,74074000.0,0.0,1950.0,49925000.0,600.0,15540000.0,27.0,24810.0,17.0,7970.0,7.3974378779747925,23331340.0,,,,1000.0
2011-02-28T00:00:00,MPC,26.7,25.5,25.5,26.7,26.7,25.9,9660.0,9660.0,0.0,257922000.0,0.0,20005.0,5034775000.0,19610.0,4928470000.0,27.0,23620.0,37.0,24040.0,7.3974378779747925,23328290.0,,,,1000.0
2011-03-01T00:00:00,MPC,27.3,25.7,27.3,26.5,26.5,26.7,79480.0,79480.0,0.0,2106220000.0,0.0,15000.0,397500000.0,15800.0,416640000.0,39.0,87710.0,64.0,131020.0,7.3974378779747925,23314490.0,,,,1000.0
2011-03-02T00:00:00,MPC,26.5,25.2,26.5,26.5,26.5,26.5,184150.0,184150.0,0.0,4879975000.0,0.0,134180.0,3686055000.0,124000.0,3413200000.0,40.0,230070.0,57.0,201420.0,7.3974378779747925,23302010.0,,,,1000.0
2011-03-03T00:00:00,MPC,26.3,25.2,25.2,26.2,26.2,26.5,469600.0,469600.0,0.0,12303520000.0,0.0,76640.0,2006968000.0,0.0,0.0,58.0,638630.0,76.0,564470.0,7.3974378779747925,23225970.0,,,,1000.0
2011-03-04T00:00:00,MPC,26.2,25.0,25.0,26.2,26.2,26.2,127390.0,127390.0,0.0,3337618000.0,0.0,0.0,0.0,0.0,0.0,37.0,185430.0,41.0,179890.0,7.3974378779747925,23227070.0,,,,1000.0
2011-03-07T00:00:00,MPC,27.4,25.5,26.2,26.5,26.5,26.2,102150.0,102150.0,0.0,2706975000.0,0.0,54830.0,1480458000.0,40000.0,1084000000.0,42.0,149340.0,48.0,134930.0,7.3974378779747925,23188040.0,,,,1000.0
2011-03-08T00:00:00,MPC,27.4,26.6,27.3,27.3,27.3,26.5,31490.0,31490.0,0.0,859677000.0,0.0,30230.0,824696000.0,0.0,0.0,37.0,79070.0,42.0,75390.0,7.3974378779747925,23161810.0,,,,1000.0
2011-03-09T00:00:00,MPC,27.4,26.0,27.4,26.0,26.0,27.3,221740.0,221740.0,0.0,5765240000.0,0.0,77200.0,2016470000.0,0.0,0.0,55.0,224540.0,65.0,467480.0,7.3974378779747925,23084610.0,,,,1000.0
2011-03-10T00:00:00,MPC,27.0,25.0,26.0,27.0,27.0,26.0,172480.0,172480.0,0.0,4656960000.0,0.0,38000.0,969500000.0,0.0,0.0,78.0,251550.0,39.0,210510.0,7.3974378779747925,23046610.0,,,,1000.0
2011-03-11T00:00:00,MPC,27.5,26.0,27.5,26.5,26.5,27.0,42550.0,42550.0,0.0,1127575000.0,0.0,32230.0,845815000.0,0.0,0.0,46.0,66850.0,40.0,85350.0,7.3974378779747925,23054380.0,,,,1000.0
2011-03-14T00:00:00,MPC,26.9,25.4,26.9,26.4,26.4,26.5,3910.0,3910.0,0.0,103224000.0,0.0,780.0,20412000.0,0.0,0.0,23.0,54260.0,48.0,39960.0,7.3974378779747925,23053600.0,,,,1000.0
2011-03-15T00:00:00,MPC,25.7,25.5,25.7,25.5,25.5,26.4,11200.0,11200.0,0.0,285600000.0,0.0,1760.0,45056000.0,0.0,0.0,27.0,13360.0,22.0,20290.0,7.3974378779747925,23051840.0,,,,1000.0
2011-03-16T00:00:00,MPC,25.5,24.6,25.5,24.6,24.6,25.5,33870.0,33870.0,0.0,833202000.0,0.0,8960.0,220866000.0,740.0,18433000.0,54.0,128330.0,24.0,57840.0,7.3974378779747925,23042880.0,,,,1000.0
2011-03-17T00:00:00,MPC,25.7,24.0,24.5,25.7,25.7,24.6,112840.0,112840.0,0.0,2899988000.0,0.0,0.0,0.0,0.0,0.0,64.0,134940.0,38.0,138630.0,7.3974378779747925,23042880.0,,,,1000.0
2011-03-18T00:00:00,MPC,25.0,24.8,25.0,25.0,25.0,25.7,10020.0,10020.0,0.0,250500000.0,0.0,0.0,0.0,0.0,0.0,41.0,21430.0,24.0,24870.0,7.3974378779747925,23042880.0,,,,1000.0
2011-03-21T00:00:00,MPC,25.8,24.8,24.8,25.7,25.7,25.0,42490.0,42490.0,0.0,1091993000.0,0.0,0.0,0.0,0.0,0.0,49.0,51120.0,51.0,63460.0,7.3974378779747925,23042880.0,,,,1000.0
2011-03-22T00:00:00,MPC,26.9,25.0,26.9,26.0,26.0,25.7,33230.0,33230.0,0.0,863980000.0,0.0,6500.0,167400000.0,0.0,0.0,71.0,59660.0,45.0,58780.0,7.3974378779747925,23037120.0,,,,1000.0
2011-03-23T00:00:00,MPC,26.0,25.0,26.0,25.0,25.0,26.0,26400.0,26400.0,0.0,660000000.0,0.0,8200.0,210260000.0,0.0,0.0,48.0,36320.0,52.0,87490.0,7.3974378779747925,23028920.0,,,,1000.0
2011-03-24T00:00:00,MPC,25.0,24.4,24.9,25.0,25.0,25.0,45480.0,45480.0,0.0,1137000000.0,0.0,24000.0,587899000.0,0.0,0.0,105.0,69760.0,28.0,98980.0,7.3974378779747925,23004920.0,,,,1000.0
2011-03-25T00:00:00,MPC,24.5,24.0,24.5,24.1,24.1,25.0,121200.0,121200.0,0.0,2920920000.0,0.0,14300.0,343855000.0,0.0,0.0,110.0,231820.0,36.0,165560.0,7.3974378779747925,22990620.0,,,,1000.0
2011-03-28T00:00:00,MPC,24.8,23.7,24.1,24.8,24.8,24.1,291430.0,291430.0,0.0,7227464000.0,0.0,0.0,0.0,0.0,0.0,129.0,390820.0,60.0,360480.0,7.3974378779747925,22990620.0,,,,1000.0
2011-03-29T00:00:00,MPC,24.1,24.0,24.1,24.0,24.0,24.8,24190.0,24190.0,0.0,580560000.0,0.0,0.0,0.0,0.0,0.0,36.0,32790.0,34.0,86930.0,7.3974378779747925,22990620.0,,,,1000.0
2011-03-30T00:00:00,MPC,24.2,23.1,23.5,23.4,23.4,24.0,260830.0,260830.0,0.0,6103422000.0,0.0,3100.0,72510000.0,0.0,0.0,104.0,356020.0,57.0,331060.0,7.3974378779747925,22987520.0,,,,1000.0
2011-03-31T00:00:00,MPC,24.0,23.5,23.9,23.5,23.5,23.4,53600.0,53600.0,0.0,1259600000.0,0.0,0.0,0.0,0.0,0.0,38.0,93380.0,55.0,109090.0,7.3974378779747925,22987520.0,,,,1000.0
2011-04-01T00:00:00,MPC,23.9,23.4,23.7,23.4,23.4,23.5,10840.0,10840.0,0.0,253656000.0,0.0,3400.0,79700000.0,0.0,0.0,30.0,29170.0,43.0,94680.0,7.3974378779747925,22984120.0,,,,1000.0
2011-04-04T00:00:00,MPC,23.8,23.4,23.4,23.8,23.8,23.4,39550.0,39550.0,0.0,941290000.0,0.0,0.0,0.0,0.0,0.0,32.0,56960.0,49.0,70120.0,7.3974378779747925,22984120.0,,,,1000.0
2011-04-05T00:00:00,MPC,23.9,22.7,23.8,22.7,22.7,23.8,13110.0,13110.0,0.0,297597000.0,0.0,100.0,2270000.0,0.0,0.0,31.0,34690.0,43.0,27500.0,7.3974378779747925,22984020.0,,,,1000.0
2011-04-06T00:00:00,MPC,23.8,23.8,23.8,23.8,23.8,22.7,21830.0,21830.0,0.0,519554000.0,0.0,0.0,0.0,0.0,0.0,57.0,92440.0,38.0,21830.0,7.3974378779747925,22984020.0,,,,1000.0
2011-04-07T00:00:00,MPC,24.9,24.5,24.9,24.5,24.5,23.8,39800.0,39800.0,0.0,975100000.0,0.0,20000.0,495000000.0,0.0,0.0,55.0,103670.0,96.0,99950.0,7.3974378779747925,22964020.0,,,,1000.0
2011-04-08T00:00:00,MPC,24.5,23.7,24.5,24.5,24.5,24.5,3440.0,3440.0,0.0,84280000.0,0.0,0.0,0.0,0.0,0.0,35.0,24500.0,46.0,22420.0,7.3974378779747925,22964020.0,,,,1000.0
2011-04-13T00:00:00,MPC,24.5,24.0,24.5,24.1,24.1,24.5,4020.0,4020.0,0.0,96882000.0,0.0,100.0,2450000.0,0.0,0.0,25.0,14410.0,32.0,27990.0,7.3974378779747925,22963920.0,,,,1000.0
2011-04-14T00:00:00,MPC,24.3,23.9,23.9,24.1,24.1,24.1,5750.0,5750.0,0.0,138575000.0,0.0,0.0,0.0,1000.0,23900000.0,33.0,22570.0,31.0,14800.0,7.3974378779747925,22963920.0,,,,1000.0
2011-04-15T00:00:00,MPC,24.0,23.6,23.6,23.7,23.7,24.1,7950.0,7950.0,0.0,188415000.0,0.0,2000.0,47200000.0,0.0,0.0,31.0,21100.0,30.0,17430.0,7.3974378779747925,22961920.0,,,,1000.0
2011-04-18T00:00:00,MPC,24.1,23.5,23.5,24.1,24.1,23.7,36000.0,36000.0,0.0,867600000.0,0.0,0.0,0.0,0.0,0.0,23.0,64900.0,63.0,61990.0,7.3974378779747925,22961920.0,,,,1000.0
2011-04-19T00:00:00,MPC,24.1,24.0,24.1,24.0,24.0,24.1,12120.0,12120.0,0.0,290880000.0,0.0,8990.0,215960000.0,0.0,0.0,28.0,42150.0,32.0,24760.0,7.3974378779747925,22952930.0,,,,1000.0
2011-04-20T00:00:00,MPC,24.9,24.0,24.9,24.3,24.3,24.0,14510.0,14510.0,0.0,352593000.0,0.0,11810.0,287053000.0,0.0,0.0,23.0,118370.0,66.0,47070.0,7.3974378779747925,22942120.0,,,,1000.0
2011-04-21T00:00:00,MPC,24.4,24.0,24.2,24.0,24.0,24.3,61780.0,61780.0,0.0,1482720000.0,0.0,56860.0,1366940000.0,0.0,0.0,29.0,102480.0,52.0,110080.0,7.3974378779747925,22885260.0,,,,1000.0
2011-04-22T00:00:00,MPC,24.4,23.0,24.0,23.0,23.0,24.0,18500.0,18500.0,0.0,425500000.0,0.0,15840.0,380103000.0,0.0,0.0,21.0,40580.0,41.0,44690.0,7.3974378779747925,22869420.0,,,,1000.0
2011-04-25T00:00:00,MPC,24.0,23.5,23.9,24.0,24.0,23.0,74560.0,74560.0,0.0,1789440000.0,0.0,22300.0,535200000.0,0.0,0.0,43.0,108840.0,34.0,83240.0,7.3974378779747925,22847120.0,,,,1000.0
2011-04-26T00:00:00,MPC,24.4,23.5,23.6,24.0,24.0,24.0,95150.0,95150.0,0.0,2283600000.0,0.0,68410.0,1641060000.0,0.0,0.0,72.0,144350.0,72.0,174700.0,7.3974378779747925,22778710.0,,,,1000.0
2011-04-27T00:00:00,MPC,24.5,24.0,24.5,24.1,24.1,24.0,7600.0,7600.0,0.0,183160000.0,0.0,3000.0,72250000.0,3000.0,72000000.0,24.0,24640.0,45.0,30440.0,7.3974378779747925,22775710.0,,,,1000.0
2011-04-28T00:00:00,MPC,24.4,23.7,23.7,23.8,23.8,24.1,4130.0,4130.0,0.0,98294000.0,0.0,0.0,0.0,0.0,0.0,21.0,11360.0,24.0,16660.0,7.3974378779747925,22775710.0,,,,1000.0
2011-04-29T00:00:00,MPC,23.8,23.6,23.8,23.8,23.8,23.8,2130.0,2130.0,0.0,50694000.0,0.0,0.0,0.0,0.0,0.0,22.0,10660.0,22.0,21280.0,7.3974378779747925,22775710.0,,,,1000.0
2011-05-04T00:00:00,MPC,23.9,23.2,23.3,23.8,23.8,23.8,3250.0,3250.0,0.0,77350000.0,0.0,0.0,0.0,0.0,0.0,50.0,36000.0,27.0,10060.0,7.3974378779747925,22775710.0,,,,1000.0
2011-05-05T00:00:00,MPC,24.0,22.7,24.0,23.9,23.9,23.8,153660.0,153660.0,0.0,3672474000.0,0.0,0.0,0.0,0.0,0.0,103.0,164430.0,49.0,164900.0,7.3974378779747925,22778710.0,,,,1000.0
2011-05-06T00:00:00,MPC,23.9,22.8,23.9,22.9,22.9,23.9,69500.0,69500.0,0.0,1591550000.0,0.0,4000.0,95300000.0,0.0,0.0,73.0,81270.0,38.0,89190.0,7.3974378779747925,22774710.0,,,,1000.0
2011-05-09T00:00:00,MPC,23.4,22.3,23.3,23.4,23.4,22.9,1300.0,1300.0,0.0,30420000.0,0.0,0.0,0.0,0.0,0.0,25.0,21830.0,17.0,7370.0,7.3974378779747925,22774710.0,,,,1000.0
2011-05-10T00:00:00,MPC,23.7,22.5,22.7,23.3,23.3,23.4,143300.0,143300.0,0.0,3338890000.0,0.0,115460.0,2597850000.0,0.0,0.0,102.0,182760.0,44.0,160310.0,7.3974378779747925,22659250.0,,,,1000.0
2011-05-11T00:00:00,MPC,23.4,22.6,23.4,22.8,22.8,23.3,30170.0,30170.0,0.0,687876000.0,0.0,19000.0,441506000.0,0.0,0.0,46.0,100940.0,58.0,77470.0,7.3974378779747925,22640250.0,,,,1000.0
2011-05-12T00:00:00,MPC,23.0,22.5,23.0,22.5,22.5,22.8,52700.0,52700.0,0.0,1185750000.0,0.0,45420.0,1023450000.0,0.0,0.0,46.0,101650.0,31.0,90290.0,7.3974378779747925,22594830.0,,,,1000.0
2011-05-13T00:00:00,MPC,23.2,22.5,23.2,22.5,22.5,22.5,30650.0,30650.0,0.0,689625000.0,0.0,4050.0,91125000.0,0.0,0.0,40.0,70730.0,66.0,72860.0,7.3974378779747925,22590780.0,,,,1000.0
2011-05-16T00:00:00,MPC,23.0,22.1,23.0,22.2,22.2,22.5,64280.0,64280.0,0.0,1427016000.0,0.0,60000.0,1372500000.0,6000.0,138000000.0,56.0,90160.0,82.0,115170.0,7.3974378779747925,22530780.0,,,,1000.0
2011-05-17T00:00:00,MPC,22.3,21.3,22.2,21.5,21.5,22.2,96760.0,96760.0,0.0,2080340000.0,0.0,88900.0,1935770000.0,59990.0,1296135000.0,37.0,125240.0,37.0,153550.0,7.3974378779747925,22441880.0,,,,1000.0
2011-05-18T00:00:00,MPC,21.5,21.3,21.5,21.3,21.3,21.5,17000.0,17000.0,0.0,362100000.0,0.0,16290.0,350179000.0,10000.0,215000000.0,28.0,55200.0,23.0,28240.0,7.3974378779747925,22425590.0,,,,1000.0
2011-05-19T00:00:00,MPC,21.3,20.7,21.3,20.7,20.7,21.3,35820.0,35820.0,0.0,741474000.0,0.0,32560.0,679992000.0,30300.0,633323000.0,42.0,87790.0,35.0,73970.0,7.3974378779747925,22393030.0,,,,1000.0
2011-05-20T00:00:00,MPC,20.7,19.7,20.0,19.7,19.7,20.7,33710.0,33710.0,0.0,664087000.0,0.0,14300.0,282020000.0,0.0,0.0,44.0,54690.0,46.0,43730.0,7.3974378779747925,22384730.0,,,,1000.0
2011-05-23T00:00:00,MPC,20.6,19.4,20.3,19.5,19.5,19.7,21920.0,21920.0,0.0,427440000.0,0.0,4330.0,84435000.0,0.0,0.0,33.0,35850.0,59.0,43030.0,7.3974378779747925,22440390.0,,,,1000.0
2011-05-24T00:00:00,MPC,19.3,18.6,19.0,18.6,18.6,19.5,78360.0,78360.0,0.0,1457496000.0,0.0,70000.0,1309000000.0,48710.0,912726000.0,23.0,78360.0,62.0,133890.0,7.3974378779747925,22380390.0,,,,1000.0
2011-05-25T00:00:00,MPC,18.9,17.7,17.7,17.7,17.7,18.6,4980.0,4980.0,0.0,88146000.0,0.0,300.0,5310000.0,1100.0,19490000.0,14.0,5020.0,52.0,38750.0,7.3974378779747925,22410390.0,,,,1000.0
2011-05-26T00:00:00,MPC,18.5,16.9,16.9,18.5,18.5,17.7,31000.0,31000.0,0.0,573500000.0,0.0,20560.0,370588000.0,8700.0,154924000.0,39.0,110310.0,56.0,37440.0,7.3974378779747925,22389830.0,,,,1000.0
2011-05-27T00:00:00,MPC,19.3,18.0,19.3,18.0,18.0,18.5,7550.0,7550.0,0.0,135900000.0,0.0,100.0,1860000.0,0.0,0.0,27.0,23280.0,36.0,18640.0,7.3974378779747925,22389730.0,,,,1000.0
2011-05-30T00:00:00,MPC,18.5,17.9,18.5,18.0,18.0,18.0,21320.0,21320.0,0.0,383760000.0,0.0,11720.0,213320000.0,0.0,0.0,34.0,61540.0,50.0,40280.0,7.3974378779747925,22426720.0,,,,1000.0
2011-05-31T00:00:00,MPC,17.8,17.5,17.6,17.8,17.8,18.0,9300.0,9300.0,0.0,165540000.0,0.0,7900.0,138250000.0,0.0,0.0,15.0,28360.0,22.0,16390.0,7.3974378779747925,22419920.0,,,,1000.0
2011-06-01T00:00:00,MPC,18.6,18.1,18.5,18.6,18.6,17.8,17110.0,17110.0,0.0,318246000.0,0.0,13700.0,254750000.0,0.0,0.0,31.0,57220.0,17.0,18420.0,7.3974378779747925,22414920.0,,,,1000.0
2011-06-02T00:00:00,MPC,19.5,19.4,19.4,19.5,19.5,18.6,4620.0,4620.0,0.0,90090000.0,0.0,0.0,0.0,0.0,0.0,18.0,36370.0,18.0,6920.0,7.3974378779747925,22414920.0,,,,1000.0
2011-06-03T00:00:00,MPC,20.4,19.6,20.4,20.4,20.4,19.5,18190.0,18190.0,0.0,371076000.0,0.0,9760.0,197054000.0,0.0,0.0,19.0,56670.0,50.0,19510.0,7.3974378779747925,23595360.0,,,,1000.0
2011-06-06T00:00:00,MPC,20.7,20.4,20.5,20.4,20.4,20.4,10150.0,10150.0,0.0,207060000.0,0.0,0.0,0.0,0.0,0.0,16.0,29550.0,26.0,35950.0,7.3974378779747925,23595360.0,,,,1000.0
2011-06-07T00:00:00,MPC,21.4,20.6,21.0,21.4,21.4,20.4,90920.0,90920.0,0.0,1945688000.0,0.0,79840.0,1703276000.0,40000.0,850639000.0,39.0,115660.0,37.0,91900.0,7.3974378779747925,23555520.0,,,,1000.0
2011-06-08T00:00:00,MPC,22.4,21.5,22.4,22.4,22.4,21.4,271220.0,71220.0,200000.0,5875328000.0,4280000000.0,56770.0,1254015000.0,0.0,0.0,37.0,212300.0,48.0,78940.0,7.3974378779747925,23498750.0,,,,1000.0
2011-06-09T00:00:00,MPC,23.5,22.0,22.5,23.5,23.5,22.4,259560.0,59560.0,200000.0,5879660000.0,4480000000.0,48370.0,1132133000.0,0.0,0.0,33.0,258060.0,35.0,60100.0,7.3974378779747925,23450380.0,,,,1000.0
2011-06-10T00:00:00,MPC,23.8,23.5,23.5,23.8,23.8,23.5,202590.0,2590.0,200000.0,4561642000.0,4500000000.0,200.0,4700000.0,0.0,0.0,21.0,16200.0,26.0,31530.0,7.3974378779747925,23450180.0,,,,1000.0
2011-06-13T00:00:00,MPC,24.1,23.7,23.8,23.8,23.8,23.8,232230.0,32230.0,200000.0,5367074000.0,4600000000.0,30000.0,714000000.0,0.0,0.0,25.0,123290.0,34.0,58420.0,7.3974378779747925,23420180.0,,,,1000.0
2011-06-14T00:00:00,MPC,23.8,23.2,23.8,23.2,23.2,23.8,211232.0,52800.0,158432.0,4868896000.0,3643936000.0,43830.0,1043154000.0,0.0,0.0,37.0,164820.0,42.0,109900.0,7.3974378779747925,23376350.0,,,,1000.0
2011-06-15T00:00:00,MPC,22.3,22.1,22.3,22.1,22.1,23.2,6110.0,6110.0,0.0,135031000.0,0.0,0.0,0.0,1000.0,22100000.0,16.0,8620.0,33.0,38990.0,7.3974378779747925,23377350.0,,,,1000.0
2011-06-16T00:00:00,MPC,22.0,21.2,21.3,21.7,21.7,22.1,10310.0,10310.0,0.0,223727000.0,0.0,0.0,0.0,6100.0,132138000.0,37.0,27300.0,19.0,15510.0,7.3974378779747925,23383450.0,,,,1000.0
2011-06-17T00:00:00,MPC,21.7,21.4,21.7,21.5,21.5,21.7,7000.0,7000.0,0.0,150500000.0,0.0,5000.0,107500000.0,2320.0,49880000.0,18.0,16620.0,21.0,17010.0,7.3974378779747925,23380770.0,,,,1000.0
2011-06-20T00:00:00,MPC,21.5,21.1,21.1,21.5,21.5,21.5,5620.0,5620.0,0.0,120830000.0,0.0,0.0,0.0,2500.0,53750000.0,13.0,10990.0,23.0,40700.0,7.3974378779747925,23383270.0,,,,1000.0
2011-06-21T00:00:00,MPC,21.5,21.4,21.4,21.5,21.5,21.5,11050.0,11050.0,0.0,237575000.0,0.0,0.0,0.0,10550.0,226025000.0,19.0,27720.0,13.0,24560.0,7.3974378779747925,23393820.0,,,,1000.0
2011-06-22T00:00:00,MPC,21.5,21.5,21.5,21.5,21.5,21.5,35350.0,35350.0,0.0,760025000.0,0.0,30100.0,647150000.0,27530.0,591895000.0,20.0,42260.0,23.0,65340.0,7.3974378779747925,23391250.0,,,,1000.0
2011-06-23T00:00:00,MPC,21.9,21.5,21.5,21.5,21.5,21.5,18950.0,18950.0,0.0,407425000.0,0.0,0.0,0.0,13850.0,298160000.0,29.0,48970.0,25.0,57520.0,7.3974378779747925,23405100.0,,,,1000.0
2011-06-24T00:00:00,MPC,21.6,21.1,21.5,21.5,21.5,21.5,34390.0,34390.0,0.0,739385000.0,0.0,21820.0,469130000.0,11350.0,244245000.0,31.0,61850.0,27.0,63640.0,7.3974378779747925,23394630.0,,,,1000.0
2011-06-27T00:00:00,MPC,22.5,21.5,21.5,22.5,22.5,21.5,29540.0,29540.0,0.0,664650000.0,0.0,25000.0,552500000.0,9560.0,215100000.0,29.0,52680.0,16.0,31050.0,7.3974378779747925,23379190.0,,,,1000.0
2011-06-28T00:00:00,MPC,23.6,22.6,23.6,23.2,23.2,22.5,21350.0,21350.0,0.0,495320000.0,0.0,0.0,0.0,0.0,0.0,34.0,39130.0,37.0,48300.0,7.3974378779747925,23379190.0,,,,1000.0
2011-06-29T00:00:00,MPC,23.4,23.2,23.4,23.2,23.2,23.2,5490.0,5490.0,0.0,127368000.0,0.0,0.0,0.0,0.0,0.0,19.0,12120.0,24.0,27380.0,7.3974378779747925,23379190.0,,,,1000.0
2011-06-30T00:00:00,MPC,23.5,23.1,23.3,23.1,23.1,23.2,5090.0,5090.0,0.0,117579000.0,0.0,3670.0,84797000.0,0.0,0.0,14.0,9970.0,31.0,19510.0,7.3974378779747925,23375520.0,,,,1000.0
2011-07-01T00:00:00,MPC,23.1,22.1,23.1,22.2,22.2,23.1,1910.0,1910.0,0.0,42402000.0,0.0,0.0,0.0,0.0,0.0,9.0,4050.0,39.0,23630.0,7.3974378779747925,23375520.0,,,,1000.0
2011-07-04T00:00:00,MPC,23.2,22.0,23.2,22.2,22.2,22.2,5960.0,5960.0,0.0,132312000.0,0.0,2500.0,58000000.0,0.0,0.0,21.0,13290.0,39.0,42410.0,7.3974378779747925,23373020.0,,,,1000.0
2011-07-05T00:00:00,MPC,23.2,22.3,22.3,23.2,23.2,22.2,11010.0,11010.0,0.0,255432000.0,0.0,3900.0,86970000.0,10000.0,223000000.0,20.0,26170.0,19.0,36580.0,7.3974378779747925,23379120.0,,,,1000.0
2011-07-06T00:00:00,MPC,23.0,22.1,23.0,22.1,22.1,23.2,5350.0,5350.0,0.0,118235000.0,0.0,200.0,4600000.0,0.0,0.0,10.0,5490.0,25.0,19760.0,7.3974378779747925,23379120.0,,,,1000.0
2011-07-07T00:00:00,MPC,21.5,21.5,21.5,21.5,21.5,22.1,1840.0,1840.0,0.0,39560000.0,0.0,0.0,0.0,0.0,0.0,20.0,15120.0,20.0,22080.0,7.3974378779747925,23379120.0,,,,1000.0
2011-07-08T00:00:00,MPC,22.1,21.0,22.1,21.2,21.2,21.5,7840.0,7840.0,0.0,166208000.0,0.0,5880.0,125448000.0,2800.0,59360000.0,20.0,20560.0,24.0,21770.0,7.3974378779747925,23376040.0,,,,1000.0
2011-07-11T00:00:00,MPC,21.2,20.5,21.2,20.5,20.5,21.2,13140.0,13140.0,0.0,269370000.0,0.0,100.0,2100000.0,3000.0,61500000.0,18.0,18710.0,25.0,39700.0,7.3974378779747925,23378940.0,,,,1000.0
2011-07-12T00:00:00,MPC,19.9,19.6,19.8,19.9,19.9,20.5,112000.0,12000.0,100000.0,2318800000.0,2080000000.0,0.0,0.0,5000.0,99100000.0,37.0,49580.0,25.0,24880.0,7.3974378779747925,23383940.0,,,,1000.0
2011-07-13T00:00:00,MPC,20.8,19.9,20.8,20.5,20.5,19.9,2690.0,2690.0,0.0,55145000.0,0.0,0.0,0.0,1000.0,20613000.0,31.0,21800.0,22.0,16550.0,7.3974378779747925,23384940.0,,,,1000.0
2011-07-14T00:00:00,MPC,20.5,20.0,20.5,20.0,20.0,20.5,107740.0,7740.0,100000.0,2244800000.0,2090000000.0,5980.0,119600000.0,800.0,16000000.0,22.0,27510.0,22.0,12620.0,7.3974378779747925,23379760.0,,,,1000.0
2011-07-15T00:00:00,MPC,20.1,20.0,20.0,20.0,20.0,20.0,7390.0,7390.0,0.0,147800000.0,0.0,4190.0,83800000.0,6200.0,124310000.0,9.0,12940.0,23.0,12550.0,7.3974378779747925,23381770.0,,,,1000.0
2011-07-18T00:00:00,MPC,20.2,20.2,20.2,20.2,20.2,20.0,10.0,10.0,0.0,202000.0,0.0,0.0,0.0,0.0,0.0,13.0,9860.0,8.0,4520.0,7.3974378779747925,23381770.0,,,,1000.0
2011-07-19T00:00:00,MPC,20.0,19.7,19.7,19.7,19.7,20.2,5220.0,5220.0,0.0,102834000.0,0.0,1700.0,34000000.0,0.0,0.0,24.0,12930.0,14.0,8090.0,7.3974378779747925,23380070.0,,,,1000.0
2011-07-20T00:00:00,MPC,20.0,20.0,20.0,20.0,20.0,19.7,180.0,180.0,0.0,3600000.0,0.0,0.0,0.0,0.0,0.0,15.0,3790.0,8.0,5460.0,7.3974378779747925,23380070.0,,,,1000.0
2011-07-21T00:00:00,MPC,20.3,19.5,20.0,20.0,20.0,20.0,2060.0,2060.0,0.0,41200000.0,0.0,0.0,0.0,0.0,0.0,19.0,6520.0,12.0,6770.0,7.3974378779747925,23380070.0,,,,1000.0
2011-07-22T00:00:00,MPC,20.4,19.8,19.8,20.4,20.4,20.0,350.0,350.0,0.0,7140000.0,0.0,300.0,5940000.0,0.0,0.0,6.0,4370.0,9.0,6420.0,7.3974378779747925,23379770.0,,,,1000.0
2011-07-25T00:00:00,MPC,20.5,20.4,20.5,20.5,20.5,20.4,1150.0,1150.0,0.0,23575000.0,0.0,1000.0,20500000.0,0.0,0.0,8.0,3750.0,17.0,5690.0,7.3974378779747925,23378770.0,,,,1000.0
2011-07-26T00:00:00,MPC,20.5,20.5,20.5,20.5,20.5,20.5,0.0,0.0,0.0,0.0,0.0,0.0,0.0,0.0,0.0,3.0,2320.0,12.0,10160.0,7.3974378779747925,23378770.0,,,,1000.0
2011-07-27T00:00:00,MPC,21.0,19.9,20.3,21.0,21.0,20.5,7330.0,7330.0,0.0,153930000.0,0.0,10.0,199000.0,0.0,0.0,18.0,19260.0,18.0,14620.0,7.3974378779747925,23378760.0,,,,1000.0
2011-07-28T00:00:00,MPC,21.7,20.8,21.7,21.0,21.0,21.0,23170.0,23170.0,0.0,486570000.0,0.0,19810.0,415998000.0,20000.0,420000000.0,24.0,36190.0,24.0,30870.0,7.3974378779747925,23378950.0,,,,1000.0
2011-07-29T00:00:00,MPC,21.1,20.0,20.5,20.0,20.0,21.0,53240.0,53240.0,0.0,1064800000.0,0.0,40810.0,834584000.0,50000.0,1025467000.0,30.0,63070.0,28.0,89140.0,7.3974378779747925,22127740.0,,,,1000.0
2011-08-01T00:00:00,MPC,21.0,20.1,20.9,20.3,20.3,20.0,51200.0,51200.0,0.0,1039360000.0,0.0,51150.0,1066526000.0,29650.0,615895000.0,24.0,75410.0,24.0,77360.0,7.3974378779747925,23366640.0,,,,1000.0
2011-08-02T00:00:00,MPC,20.9,20.4,20.9,20.8,20.8,20.3,17220.0,17220.0,0.0,358176000.0,0.0,17220.0,355488000.0,5200.0,106980000.0,16.0,28140.0,40.0,66500.0,7.3974378779747925,23354620.0,,,,1000.0
2011-08-03T00:00:00,MPC,21.6,20.6,20.8,21.4,21.4,20.8,25180.0,25180.0,0.0,538852000.0,0.0,25000.0,518260000.0,7800.0,161840000.0,23.0,38700.0,39.0,63280.0,7.3974378779747925,23337420.0,,,,1000.0
2011-08-04T00:00:00,MPC,22.2,21.0,22.0,21.9,21.9,21.4,33100.0,33100.0,0.0,724890000.0,0.0,30190.0,653348000.0,10000.0,216450000.0,44.0,68610.0,69.0,99440.0,7.3974378779747925,23317230.0,,,,1000.0
2011-08-05T00:00:00,MPC,22.5,21.6,22.5,22.0,22.0,21.9,5370.0,5370.0,0.0,118140000.0,0.0,5300.0,115500000.0,900.0,19440000.0,13.0,24000.0,40.0,56560.0,7.3974378779747925,23312830.0,,,,1000.0
2011-08-08T00:00:00,MPC,22.6,22.0,22.6,22.3,22.3,22.0,9360.0,9360.0,0.0,208728000.0,0.0,9350.0,208088000.0,2900.0,64374000.0,25.0,24380.0,39.0,40090.0,7.3974378779747925,23306380.0,,,,1000.0
2011-08-09T00:00:00,MPC,22.2,21.3,22.1,21.6,21.6,22.3,40740.0,40740.0,0.0,879984000.0,0.0,28890.0,629697000.0,1000.0,22200000.0,31.0,62360.0,48.0,108250.0,7.3974378779747925,23278490.0,,,,1000.0
2011-08-10T00:00:00,MPC,22.3,21.6,22.3,22.0,22.0,21.6,51680.0,51680.0,0.0,1136960000.0,0.0,49980.0,1092433000.0,15000.0,327440000.0,33.0,87860.0,53.0,123200.0,7.3974378779747925,23243510.0,,,,1000.0
2011-08-11T00:00:00,MPC,22.0,22.0,22.0,22.0,22.0,22.0,5050.0,5050.0,0.0,111100000.0,0.0,5050.0,111100000.0,1000.0,22000000.0,14.0,22460.0,32.0,25120.0,7.3974378779747925,23239460.0,,,,1000.0
2011-08-12T00:00:00,MPC,22.2,21.7,22.2,22.0,22.0,22.0,82680.0,82680.0,0.0,1818960000.0,0.0,82130.0,1812221000.0,28650.0,631071000.0,38.0,112450.0,53.0,124710.0,7.3974378779747925,23185980.0,,,,1000.0
2011-08-15T00:00:00,MPC,22.3,21.6,22.3,21.6,21.6,22.0,3290.0,3290.0,0.0,71064000.0,0.0,2630.0,57358000.0,1000.0,21600000.0,16.0,9010.0,34.0,60390.0,7.3974378779747925,23184350.0,,,,1000.0
2011-08-16T00:00:00,MPC,21.6,21.0,21.6,21.0,21.0,21.6,18980.0,18980.0,0.0,398580000.0,0.0,5470.0,117370000.0,11000.0,235159000.0,30.0,26920.0,37.0,60410.0,7.3974378779747925,23189880.0,,,,1000.0
2011-08-17T00:00:00,MPC,21.5,21.0,21.4,21.2,21.2,21.0,27950.0,27950.0,0.0,592540000.0,0.0,25990.0,554720000.0,8500.0,181190000.0,28.0,51360.0,26.0,43080.0,7.3974378779747925,23172390.0,,,,1000.0
2011-08-18T00:00:00,MPC,21.5,21.2,21.5,21.2,21.2,21.2,780.0,780.0,0.0,16536000.0,0.0,0.0,0.0,0.0,0.0,14.0,23630.0,13.0,17660.0,7.3974378779747925,23172390.0,,,,1000.0
2011-08-19T00:00:00,MPC,22.2,21.1,22.2,21.1,21.1,21.2,7970.0,7970.0,0.0,168167000.0,0.0,5800.0,123780000.0,0.0,0.0,21.0,15110.0,34.0,63540.0,7.3974378779747925,23166590.0,,,,1000.0
2011-08-22T00:00:00,MPC,21.7,21.2,21.7,21.3,21.3,21.1,49150.0,49150.0,0.0,1046895000.0,0.0,22180.0,472366000.0,6000.0,128500000.0,64.0,131380.0,44.0,95750.0,7.3974378779747925,23150410.0,,,,1000.0
2011-08-23T00:00:00,MPC,21.4,21.3,21.4,21.3,21.3,21.3,34000.0,34000.0,0.0,724200000.0,0.0,27700.0,590310000.0,0.0,0.0,45.0,77260.0,30.0,71840.0,7.3974378779747925,23122710.0,,,,1000.0
2011-08-24T00:00:00,MPC,22.0,21.3,22.0,21.9,21.9,21.3,35330.0,35330.0,0.0,773727000.0,0.0,33320.0,720748000.0,16760.0,359464000.0,30.0,72210.0,44.0,57800.0,7.3974378779747925,23106150.0,,,,1000.0
2011-08-25T00:00:00,MPC,21.8,21.5,21.6,21.8,21.8,21.9,15830.0,15830.0,0.0,345094000.0,0.0,9100.0,195650000.0,5000.0,107655000.0,24.0,31080.0,28.0,34070.0,7.3974378779747925,23102050.0,,,,1000.0
2011-08-26T00:00:00,MPC,21.5,21.2,21.5,21.2,21.2,21.8,7680.0,7680.0,0.0,162816000.0,0.0,6050.0,129560000.0,6000.0,128620000.0,18.0,12850.0,27.0,28820.0,7.3974378779747925,23102000.0,,,,1000.0
2011-08-29T00:00:00,MPC,21.5,21.2,21.3,21.5,21.5,21.2,7200.0,7200.0,0.0,154800000.0,0.0,1000.0,21500000.0,0.0,0.0,36.0,36560.0,20.0,16950.0,7.3974378779747925,23101000.0,,,,1000.0
2011-08-30T00:00:00,MPC,22.2,21.5,22.2,21.5,21.5,21.5,28310.0,28310.0,0.0,608665000.0,0.0,8000.0,172000000.0,0.0,0.0,40.0,40320.0,24.0,39780.0,7.3974378779747925,23093000.0,,,,1000.0
2011-08-31T00:00:00,MPC,21.7,21.5,21.5,21.6,21.6,21.5,24030.0,24030.0,0.0,519048000.0,0.0,6610.0,142576000.0,12200.0,263340000.0,32.0,37410.0,51.0,42340.0,7.3974378779747925,23098590.0,,,,1000.0
2011-09-01T00:00:00,MPC,21.9,21.3,21.6,21.9,21.9,21.6,63260.0,63260.0,0.0,1385394000.0,0.0,41070.0,887692000.0,30800.0,666060000.0,63.0,109380.0,68.0,90560.0,7.3974378779747925,23088320.0,,,,1000.0
2011-09-05T00:00:00,MPC,22.4,21.9,22.1,22.0,22.0,21.9,99020.0,99020.0,0.0,2178440000.0,0.0,44500.0,976157000.0,64000.0,1406726000.0,87.0,204120.0,96.0,123110.0,7.3974378779747925,23107820.0,,,,1000.0
2011-09-06T00:00:00,MPC,22.3,21.8,21.9,22.3,22.3,22.0,32730.0,32730.0,0.0,729879000.0,0.0,27270.0,597067000.0,10880.0,239052000.0,30.0,67990.0,48.0,46210.0,7.3974378779747925,23091430.0,,,,1000.0
2011-09-07T00:00:00,MPC,22.6,22.1,22.3,22.6,22.6,22.3,124800.0,24800.0,100000.0,2680480000.0,2120000000.0,12950.0,288785000.0,2100.0,46840000.0,52.0,59730.0,39.0,55680.0,7.3974378779747925,23080580.0,,,,1000.0
2011-09-08T00:00:00,MPC,23.7,22.6,22.6,23.7,23.7,22.6,68110.0,68110.0,0.0,1614207000.0,0.0,46480.0,1096225000.0,10000.0,227746000.0,64.0,102600.0,57.0,78960.0,7.3974378779747925,23044100.0,,,,1000.0
2011-09-09T00:00:00,MPC,24.8,23.6,23.6,24.8,24.8,23.7,102770.0,102770.0,0.0,2548696000.0,0.0,21870.0,533744000.0,18550.0,458419000.0,76.0,176900.0,92.0,131140.0,7.3974378779747925,23040780.0,,,,1000.0
2011-09-12T00:00:00,MPC,25.5,24.8,24.8,25.2,25.2,24.8,47100.0,47100.0,0.0,1186920000.0,0.0,13170.0,329874000.0,0.0,0.0,54.0,93320.0,72.0,74540.0,7.3974378779747925,23027610.0,,,,1000.0
2011-09-13T00:00:00,MPC,25.7,25.2,25.2,25.7,25.7,25.2,58510.0,58510.0,0.0,1503707000.0,0.0,47990.0,1225240000.0,6720.0,169344000.0,42.0,78960.0,56.0,101480.0,7.3974378779747925,22986340.0,,,,1000.0
2011-09-14T00:00:00,MPC,26.3,25.4,26.0,25.7,25.7,25.7,52240.0,52240.0,0.0,1342568000.0,0.0,32000.0,830000000.0,5000.0,130025000.0,55.0,80930.0,78.0,114640.0,7.3974378779747925,22959340.0,,,,1000.0
2011-09-15T00:00:00,MPC,26.2,24.5,25.7,24.5,24.5,25.7,54280.0,54280.0,0.0,1329860000.0,0.0,33710.0,843411000.0,600.0,15420000.0,53.0,55490.0,79.0,202030.0,7.3974378779747925,22926230.0,,,,1000.0
2011-09-16T00:00:00,MPC,25.3,24.0,25.3,24.5,24.5,24.5,42970.0,42970.0,0.0,1052765000.0,0.0,31000.0,761891000.0,0.0,0.0,37.0,66640.0,69.0,149340.0,7.3974378779747925,22895230.0,,,,1000.0
2011-09-19T00:00:00,MPC,24.5,24.1,24.5,24.5,24.5,24.5,96760.0,3660.0,93100.0,2370620000.0,2280950000.0,9610.0,2354450000.0,5000.0,1225000000.0,27.0,22440.0,24.0,24980.0,7.3974378779747925,22849130.0,,,,1000.0
2011-09-20T00:00:00,MPC,24.9,24.2,24.9,24.3,24.3,24.5,48370.0,48370.0,0.0,1175391000.0,0.0,37780.0,928128000.0,0.0,0.0,47.0,63330.0,46.0,81800.0,7.3974378779747925,22811350.0,,,,1000.0
2011-09-21T00:00:00,MPC,24.4,24.0,24.3,24.0,24.0,24.3,31020.0,31020.0,0.0,744480000.0,0.0,19810.0,479050000.0,0.0,0.0,30.0,33510.0,29.0,71750.0,7.3974378779747925,22791540.0,,,,1000.0
2011-09-22T00:00:00,MPC,23.8,23.3,23.3,23.6,23.6,24.0,14970.0,14970.0,0.0,353292000.0,0.0,8320.0,196302000.0,0.0,0.0,67.0,41330.0,25.0,50480.0,7.3974378779747925,22783220.0,,,,1000.0
2011-09-23T00:00:00,MPC,23.5,22.7,23.0,22.7,22.7,23.6,24980.0,24980.0,0.0,567046000.0,0.0,11520.0,263604000.0,0.0,0.0,51.0,47120.0,22.0,38680.0,7.3974378779747925,22771700.0,,,,1000.0
2011-09-26T00:00:00,MPC,22.3,22.1,22.3,22.2,22.2,22.7,22180.0,22180.0,0.0,492396000.0,0.0,14990.0,332979000.0,4450.0,98690000.0,52.0,51230.0,26.0,32990.0,7.3974378779747925,22761160.0,,,,1000.0
2011-09-27T00:00:00,MPC,23.0,22.2,22.3,22.6,22.6,22.2,14270.0,14270.0,0.0,322502000.0,0.0,5400.0,120440000.0,2900.0,64636000.0,63.0,53670.0,24.0,23920.0,7.3974378779747925,22758660.0,,,,1000.0
2011-09-28T00:00:00,MPC,22.9,22.6,22.9,22.9,22.9,22.6,67520.0,17520.0,50000.0,1534708000.0,1133500000.0,6076.0,1377542000.0,5360.0,1215410000.0,57.0,62410.0,26.0,29300.0,7.3974378779747925,22751500.0,,,,1000.0
2011-09-29T00:00:00,MPC,23.0,22.3,23.0,22.3,22.3,22.9,13920.0,13920.0,0.0,310416000.0,0.0,8000.0,179800000.0,1000.0,22436000.0,24.0,33060.0,31.0,31670.0,7.3974378779747925,22744500.0,,,,1000.0
2011-09-30T00:00:00,MPC,22.4,22.1,22.1,22.3,22.3,22.3,2500.0,2500.0,0.0,55750000.0,0.0,1840.0,40937000.0,0.0,0.0,31.0,39940.0,10.0,9260.0,7.3974378779747925,22742660.0,,,,1000.0
2011-10-03T00:00:00,MPC,22.1,22.0,22.1,22.0,22.0,22.3,53520.0,53520.0,0.0,1177440000.0,0.0,46000.0,1012600000.0,9950.0,219895000.0,49.0,83770.0,26.0,73680.0,7.3974378779747925,22706610.0,,,,1000.0
2011-10-04T00:00:00,MPC,21.9,21.7,21.9,21.7,21.7,22.0,9710.0,9710.0,0.0,210707000.0,0.0,6950.0,151815000.0,0.0,0.0,37.0,47110.0,20.0,19400.0,7.3974378779747925,22699660.0,,,,1000.0
2011-10-05T00:00:00,MPC,22.0,21.7,21.7,21.9,21.9,21.7,10190.0,10190.0,0.0,223161000.0,0.0,2000.0,44000000.0,0.0,0.0,26.0,34370.0,15.0,14670.0,7.3974378779747925,22697660.0,,,,1000.0
2011-10-06T00:00:00,MPC,22.5,22.4,22.5,22.4,22.4,21.9,30.0,30.0,0.0,672000.0,0.0,0.0,0.0,0.0,0.0,20.0,23570.0,12.0,7510.0,7.3974378779747925,22697660.0,,,,1000.0
2011-10-07T00:00:00,MPC,22.4,21.8,22.4,21.9,21.9,22.4,8930.0,8930.0,0.0,195567000.0,0.0,1700.0,37400000.0,0.0,0.0,33.0,27760.0,27.0,17040.0,7.3974378779747925,22695960.0,,,,1000.0
2011-10-10T00:00:00,MPC,22.6,21.9,21.9,22.5,22.5,21.9,18180.0,18180.0,0.0,409050000.0,0.0,3590.0,80675000.0,0.0,0.0,75.0,52870.0,37.0,22090.0,7.3974378779747925,22692370.0,,,,1000.0
2011-10-11T00:00:00,MPC,23.4,22.5,23.4,22.5,22.5,22.5,13900.0,13900.0,0.0,312750000.0,0.0,4490.0,101025000.0,10000.0,225020000.0,43.0,36560.0,33.0,26290.0,7.3974378779747925,22697880.0,,,,1000.0
2011-10-12T00:00:00,MPC,22.5,21.7,22.5,21.7,21.7,22.5,16940.0,16940.0,0.0,367598000.0,0.0,6810.0,149477000.0,2000.0,44000000.0,39.0,28060.0,25.0,23230.0,7.3974378779747925,22693070.0,,,,1000.0
2011-10-13T00:00:00,MPC,22.2,21.6,21.6,22.0,22.0,21.7,14870.0,14870.0,0.0,327140000.0,0.0,4900.0,106240000.0,14000.0,303400000.0,36.0,38260.0,16.0,20170.0,7.3974378779747925,22702170.0,,,,1000.0
2011-10-14T00:00:00,MPC,22.0,21.1,22.0,21.1,21.1,22.0,24720.0,24720.0,0.0,521592000.0,0.0,12610.0,271730000.0,1000.0,21900000.0,84.0,47150.0,37.0,40920.0,7.3974378779747925,22690560.0,,,,1000.0
2011-10-17T00:00:00,MPC,21.3,20.3,21.3,20.4,20.4,21.1,22140.0,22140.0,0.0,451656000.0,0.0,6000.0,123400000.0,0.0,0.0,76.0,46080.0,23.0,29750.0,7.3974378779747925,22684560.0,,,,1000.0
2011-10-18T00:00:00,MPC,20.4,19.8,20.2,20.4,20.4,20.4,109800.0,9800.0,100000.0,2199920000.0,2000000000.0,10419.0,2083362000.0,10000.0,2000000000.0,40.0,30150.0,18.0,13930.0,7.3974378779747925,22680370.0,,,,1000.0
2011-10-19T00:00:00,MPC,21.0,20.3,20.3,20.4,20.4,20.4,205830.0,5830.0,200000.0,4218932000.0,4100000000.0,20106.0,4121624000.0,20000.0,4100000000.0,33.0,29540.0,24.0,11540.0,7.3974378779747925,22679310.0,,,,1000.0
2011-10-20T00:00:00,MPC,21.0,20.4,20.4,20.6,20.6,20.4,285460.0,2670.0,282790.0,5852197000.0,5797195000.0,28479.0,5838395000.0,28279.0,5797195000.0,24.0,8240.0,26.0,10000.0,7.3974378779747925,22677310.0,,,,1000.0
2011-10-21T00:00:00,MPC,21.1,20.7,20.7,21.0,21.0,20.6,4380.0,4380.0,0.0,91980000.0,0.0,1100.0,23070000.0,0.0,0.0,33.0,11660.0,36.0,13520.0,7.3974378779747925,22676210.0,,,,1000.0
2011-10-24T00:00:00,MPC,21.5,20.0,21.1,21.0,21.0,21.0,1790.0,1790.0,0.0,37590000.0,0.0,0.0,0.0,0.0,0.0,37.0,8850.0,26.0,6670.0,7.3974378779747925,22676210.0,,,,1000.0
2011-10-25T00:00:00,MPC,21.5,21.0,21.5,21.0,21.0,21.0,10140.0,10140.0,0.0,212940000.0,0.0,6350.0,134830000.0,4000.0,84330000.0,36.0,18580.0,58.0,29120.0,7.3974378779747925,22673860.0,,,,1000.0
2011-10-26T00:00:00,MPC,21.0,20.6,21.0,20.7,20.7,21.0,790.0,790.0,0.0,16353000.0,0.0,0.0,0.0,0.0,0.0,26.0,6830.0,20.0,7290.0,7.3974378779747925,22673860.0,,,,1000.0
2011-10-27T00:00:00,MPC,21.4,20.6,20.7,20.6,20.6,20.7,7470.0,7470.0,0.0,153882000.0,0.0,3000.0,62083000.0,3000.0,62105000.0,39.0,13790.0,27.0,12440.0,7.3974378779747925,22673860.0,,,,1000.0
2011-10-28T00:00:00,MPC,21.6,20.6,20.8,21.3,21.3,20.6,44900.0,44900.0,0.0,956370000.0,0.0,21890.0,458889000.0,24000.0,501911000.0,100.0,81180.0,53.0,56950.0,7.3974378779747925,22673860.0,,,,1000.0
2011-10-31T00:00:00,MPC,22.1,21.3,21.3,21.5,21.5,21.3,35600.0,35600.0,0.0,765400000.0,0.0,22070.0,475595000.0,23000.0,494600000.0,72.0,91460.0,54.0,51500.0,7.3974378779747925,22674790.0,,,,1000.0
2011-11-01T00:00:00,MPC,21.6,20.7,21.0,20.7,20.7,21.5,6760.0,6760.0,0.0,139932000.0,0.0,1300.0,27850000.0,1810.0,38915000.0,40.0,29860.0,35.0,14390.0,7.3974378779747925,22678590.0,,,,1000.0
2011-11-02T00:00:00,MPC,20.9,20.4,20.8,20.5,20.5,20.7,20530.0,20530.0,0.0,420865000.0,0.0,4200.0,86200000.0,9190.0,188645000.0,48.0,38630.0,38.0,26420.0,7.3974378779747925,22683580.0,,,,1000.0
2011-11-03T00:00:00,MPC,20.7,20.4,20.5,20.7,20.7,20.5,3490.0,3490.0,0.0,72243000.0,0.0,800.0,16446000.0,2080.0,42457000.0,39.0,18530.0,23.0,8820.0,7.3974378779747925,22684860.0,,,,1000.0
2011-11-04T00:00:00,MPC,21.7,20.8,20.8,21.4,21.4,20.7,2900.0,2900.0,0.0,62060000.0,0.0,1700.0,36450000.0,0.0,0.0,29.0,14230.0,42.0,18120.0,7.3974378779747925,22683160.0,,,,1000.0
2011-11-07T00:00:00,MPC,21.3,20.6,21.0,20.8,20.8,21.4,15170.0,15170.0,0.0,315536000.0,0.0,4900.0,101548000.0,5000.0,103200000.0,24.0,21470.0,32.0,30590.0,7.3974378779747925,22683260.0,,,,1000.0
2011-11-08T00:00:00,MPC,20.9,20.2,20.5,20.6,20.6,20.8,18480.0,18480.0,0.0,380688000.0,0.0,3500.0,72100000.0,0.0,0.0,42.0,52210.0,28.0,30950.0,7.3974378779747925,22679760.0,,,,1000.0
2011-11-09T00:00:00,MPC,20.9,20.6,20.6,20.8,20.8,20.6,4520.0,4520.0,0.0,94016000.0,0.0,800.0,16640000.0,1000.0,20800000.0,26.0,40870.0,22.0,10840.0,7.3974378779747925,22679960.0,,,,1000.0
2011-11-10T00:00:00,MPC,20.8,20.2,20.2,20.7,20.7,20.8,300.0,300.0,0.0,6210000.0,0.0,0.0,0.0,0.0,0.0,24.0,24140.0,15.0,1930.0,7.3974378779747925,22679960.0,,,,1000.0
2011-11-11T00:00:00,MPC,20.7,20.3,20.3,20.4,20.4,20.7,720.0,720.0,0.0,14688000.0,0.0,0.0,0.0,0.0,0.0,14.0,13050.0,15.0,17190.0,7.3974378779747925,22679960.0,,,,1000.0
2011-11-14T00:00:00,MPC,20.1,20.0,20.1,20.0,20.0,20.4,3260.0,3260.0,0.0,65200000.0,0.0,700.0,14000000.0,1000.0,20000000.0,17.0,9270.0,20.0,6800.0,7.3974378779747925,22680260.0,,,,1000.0
2011-11-15T00:00:00,MPC,19.6,19.6,19.6,19.6,19.6,20.0,1500.0,1500.0,0.0,29400000.0,0.0,0.0,0.0,0.0,0.0,15.0,13760.0,7.0,6220.0,7.3974378779747925,22680260.0,,,,1000.0
2011-11-16T00:00:00,MPC,20.0,18.7,20.0,20.0,20.0,19.6,117380.0,117380.0,0.0,2347600000.0,0.0,20100.0,377800000.0,113790.0,2149818000.0,124.0,149280.0,42.0,130560.0,7.3974378779747925,22773950.0,,,,1000.0
2011-11-17T00:00:00,MPC,20.2,19.9,20.2,19.9,19.9,20.0,700.0,700.0,0.0,13930000.0,0.0,0.0,0.0,0.0,0.0,17.0,8040.0,17.0,11520.0,7.3974378779747925,22773950.0,,,,1000.0
2011-11-18T00:00:00,MPC,20.3,19.1,19.2,20.3,20.3,19.9,15690.0,15690.0,0.0,318507000.0,0.0,6000.0,121800000.0,10000.0,193991000.0,41.0,28110.0,29.0,27860.0,7.3974378779747925,22777950.0,,,,1000.0
2011-11-21T00:00:00,MPC,20.8,20.0,20.3,20.8,20.8,20.3,1670.0,1670.0,0.0,34736000.0,0.0,0.0,0.0,0.0,0.0,17.0,14580.0,15.0,7230.0,7.3974378779747925,22777950.0,,,,1000.0
2011-11-22T00:00:00,MPC,21.0,20.0,20.9,20.3,20.3,20.8,5380.0,5380.0,0.0,109214000.0,0.0,1110.0,22500000.0,0.0,0.0,41.0,33440.0,32.0,19910.0,7.3974378779747925,22776840.0,,,,1000.0
2011-11-23T00:00:00,MPC,20.9,20.1,20.1,20.9,20.9,20.3,31500.0,31500.0,0.0,658350000.0,0.0,14330.0,293271000.0,0.0,0.0,40.0,83140.0,39.0,51330.0,7.3974378779747925,22762510.0,,,,1000.0
2011-11-24T00:00:00,MPC,20.5,20.5,20.5,20.5,20.5,20.9,1780.0,1780.0,0.0,36490000.0,0.0,500.0,10250000.0,0.0,0.0,15.0,8700.0,18.0,13700.0,7.3974378779747925,22762010.0,,,,1000.0
2011-11-25T00:00:00,MPC,20.8,19.6,19.6,20.8,20.8,20.5,4820.0,4820.0,0.0,100256000.0,0.0,1000.0,20800000.0,0.0,0.0,14.0,11880.0,22.0,13200.0,7.3974378779747925,22761010.0,,,,1000.0
2011-11-28T00:00:00,MPC,21.5,20.6,20.6,21.5,21.5,20.8,155020.0,19020.0,136000.0,3237730000.0,2828800000.0,15400.0,3204376000.0,13600.0,2828800000.0,23.0,37230.0,31.0,22960.0,7.3974378779747925,22743010.0,,,,1000.0
2011-11-29T00:00:00,MPC,20.7,20.5,20.7,20.5,20.5,21.5,1820.0,1820.0,0.0,37310000.0,0.0,500.0,10250000.0,1000.0,20519000.0,12.0,5500.0,21.0,14420.0,7.3974378779747925,22743510.0,,,,1000.0
2011-11-30T00:00:00,MPC,20.5,20.5,20.5,20.5,20.5,20.5,2700.0,2700.0,0.0,55350000.0,0.0,500.0,10250000.0,1000.0,20500000.0,10.0,6700.0,19.0,14280.0,7.3974378779747925,22744010.0,,,,1000.0
2011-12-01T00:00:00,MPC,20.5,20.5,20.5,20.5,20.5,20.5,0.0,0.0,0.0,0.0,0.0,0.0,0.0,0.0,0.0,8.0,9850.0,18.0,15330.0,7.3974378779747925,22744010.0,,,,1000.0
2011-12-02T00:00:00,MPC,21.1,21.1,21.1,21.1,21.1,20.5,500.0,500.0,0.0,10550000.0,0.0,500.0,10550000.0,0.0,0.0,8.0,4120.0,20.0,15310.0,7.3974378779747925,22743510.0,,,,1000.0
2011-12-05T00:00:00,MPC,21.9,20.3,21.9,21.6,21.6,21.1,270.0,270.0,0.0,5832000.0,0.0,0.0,0.0,0.0,0.0,18.0,11370.0,24.0,17230.0,7.3974378779747925,22743510.0,,,,1000.0
2011-12-06T00:00:00,MPC,21.0,20.7,21.0,20.7,20.7,21.6,1320.0,1320.0,0.0,27324000.0,0.0,0.0,0.0,0.0,0.0,13.0,4250.0,21.0,18960.0,7.3974378779747925,22743510.0,,,,1000.0
2011-12-07T00:00:00,MPC,20.7,20.7,20.7,20.7,20.7,20.7,290.0,290.0,0.0,6003000.0,0.0,150.0,3105000.0,0.0,0.0,8.0,4610.0,16.0,21590.0,7.3974378779747925,22743360.0,,,,1000.0
2011-12-08T00:00:00,MPC,20.7,20.4,20.7,20.4,20.4,20.7,120060.0,50060.0,70000.0,2456224000.0,1435000000.0,9533.0,1952727000.0,8700.0,1782800000.0,37.0,66440.0,30.0,70200.0,7.3974378779747925,22735030.0,,,,1000.0
2011-12-09T00:00:00,MPC,20.6,19.8,20.6,19.8,19.8,20.4,3400.0,3400.0,0.0,67320000.0,0.0,0.0,0.0,0.0,0.0,11.0,12590.0,22.0,27450.0,7.3974378779747925,22735030.0,,,,1000.0
2011-12-12T00:00:00,MPC,20.4,19.0,19.8,20.4,20.4,19.8,47540.0,47540.0,0.0,969816000.0,0.0,100.0,1900000.0,24600.0,476844000.0,38.0,73250.0,47.0,131730.0,7.3974378779747925,22759530.0,,,,1000.0
2011-12-13T00:00:00,MPC,19.5,19.4,19.5,19.4,19.4,20.4,7820.0,7820.0,0.0,151708000.0,0.0,100.0,1940000.0,7750.0,150480000.0,17.0,7830.0,28.0,36120.0,7.3974378779747925,22767180.0,,,,1000.0
2011-12-14T00:00:00,MPC,18.8,18.5,18.6,18.5,18.5,19.4,9960.0,9960.0,0.0,184260000.0,0.0,100.0,1850000.0,2730.0,50505000.0,14.0,10060.0,21.0,26520.0,7.3974378779747925,22769810.0,,,,1000.0
2011-12-15T00:00:00,MPC,18.5,17.6,17.6,17.7,17.7,18.5,3000.0,3000.0,0.0,53100000.0,0.0,0.0,0.0,1700.0,30260000.0,18.0,5040.0,21.0,7120.0,7.3974378779747925,22771510.0,,,,1000.0
2011-12-16T00:00:00,MPC,18.0,17.2,17.2,17.7,17.7,17.7,9730.0,9730.0,0.0,172221000.0,0.0,1820.0,31304000.0,7290.0,128613000.0,40.0,25200.0,34.0,31820.0,7.3974378779747925,22776980.0,,,,1000.0
2011-12-19T00:00:00,MPC,17.5,16.9,17.5,16.9,16.9,17.7,82250.0,82250.0,0.0,1390025000.0,0.0,0.0,0.0,81830.0,1391057000.0,39.0,82350.0,55.0,144570.0,7.3974378779747925,22858810.0,,,,1000.0
2011-12-20T00:00:00,MPC,17.6,16.8,16.8,17.6,17.6,16.9,16210.0,16210.0,0.0,285296000.0,0.0,0.0,0.0,11260.0,197756000.0,29.0,32150.0,51.0,46830.0,7.3974378779747925,22870070.0,,,,1000.0
2011-12-21T00:00:00,MPC,17.0,17.0,17.0,17.0,17.0,17.6,27550.0,27550.0,0.0,468350000.0,0.0,0.0,0.0,27350.0,464950000.0,17.0,31550.0,31.0,48460.0,7.3974378779747925,22897420.0,,,,1000.0
2011-12-22T00:00:00,MPC,16.9,16.4,16.8,16.7,16.7,17.0,15210.0,15210.0,0.0,254007000.0,0.0,300.0,5070000.0,12660.0,211684000.0,16.0,31360.0,34.0,59570.0,7.3974378779747925,22909780.0,,,,1000.0
2011-12-23T00:00:00,MPC,16.7,16.2,16.7,16.7,16.7,16.7,12260.0,12260.0,0.0,204742000.0,0.0,0.0,0.0,0.0,0.0,12.0,24880.0,20.0,25370.0,7.3974378779747925,22909780.0,,,,1000.0
2011-12-26T00:00:00,MPC,16.8,15.9,15.9,16.8,16.8,16.7,20930.0,20930.0,0.0,351624000.0,0.0,12990.0,207329000.0,6060.0,97445000.0,31.0,53140.0,53.0,49020.0,7.3974378779747925,22902850.0,,,,1000.0
2011-12-27T00:00:00,MPC,16.8,16.0,16.8,16.0,16.0,16.8,62220.0,62220.0,0.0,995520000.0,0.0,9490.0,151870000.0,50800.0,813497000.0,26.0,65140.0,67.0,103720.0,7.3974378779747925,22944160.0,,,,1000.0
2011-12-28T00:00:00,MPC,16.3,15.2,16.0,15.2,15.2,16.0,150450.0,150450.0,0.0,2286840000.0,0.0,300.0,4580000.0,110850.0,1702873000.0,60.0,166400.0,69.0,325940.0,7.3974378779747925,23054710.0,,,,1000.0
2011-12-29T00:00:00,MPC,15.3,14.5,15.3,14.9,14.9,15.2,194790.0,194790.0,0.0,2902371000.0,0.0,15300.0,222860000.0,144930.0,2141051000.0,61.0,207550.0,75.0,265300.0,7.3974378779747925,23184340.0,,,,1000.0
2011-12-30T00:00:00,MPC,14.9,14.3,14.7,14.6,14.6,14.9,327450.0,191040.0,136410.0,4726206000.0,1937022000.0,0.0,260816000.0,138500.0,1997700000.0,94.0,390730.0,47.0,238180.0,7.3974378779747925,21719860.0,,,,1000.0
2012-01-03T00:00:00,MPC,15.3,14.7,14.7,15.3,15.3,14.6,44380.0,44380.0,0.0,679014000.0,0.0,550.0,8305000.0,0.0,0.0,57.0,273160.0,29.0,44880.0,7.3974378779747925,23304170.0,,,,1000.0
2012-01-04T00:00:00,MPC,16.0,15.9,16.0,16.0,16.0,15.3,41370.0,41370.0,0.0,661920000.0,0.0,0.0,0.0,0.0,0.0,58.0,147960.0,21.0,41370.0,7.3974378779747925,23304170.0,,,,1000.0
2012-01-05T00:00:00,MPC,16.8,15.7,16.6,16.8,16.8,16.0,70360.0,70360.0,0.0,1182048000.0,0.0,17050.0,272800000.0,0.0,0.0,68.0,174650.0,58.0,88690.0,7.3974378779747925,23287120.0,,,,1000.0
2012-01-06T00:00:00,MPC,17.0,16.8,17.0,16.8,16.8,16.8,60510.0,60510.0,0.0,1016568000.0,0.0,17870.0,300216000.0,0.0,0.0,36.0,99920.0,61.0,84840.0,7.3974378779747925,23269250.0,,,,1000.0
2012-01-09T00:00:00,MPC,17.4,16.8,16.8,17.4,17.4,16.8,56910.0,56910.0,0.0,990234000.0,0.0,3450.0,57960000.0,0.0,0.0,28.0,115320.0,34.0,76000.0,7.3974378779747925,23265800.0,,,,1000.0
2012-01-10T00:00:00,MPC,18.2,17.4,18.2,18.2,18.2,17.4,83240.0,83240.0,0.0,1514968000.0,0.0,15210.0,276257000.0,0.0,0.0,44.0,128730.0,36.0,88310.0,7.3974378779747925,23250590.0,,,,1000.0
2012-01-11T00:00:00,MPC,18.4,18.0,18.2,18.0,18.0,18.2,21160.0,21160.0,0.0,380880000.0,0.0,5500.0,100160000.0,0.0,0.0,37.0,28540.0,59.0,73890.0,7.3974378779747925,23245090.0,,,,1000.0
2012-01-12T00:00:00,MPC,18.3,17.6,17.6,17.9,17.9,18.0,23510.0,23510.0,0.0,420829000.0,0.0,4100.0,74658000.0,0.0,0.0,27.0,37110.0,40.0,38560.0,7.3974378779747925,23240990.0,,,,1000.0
2012-01-13T00:00:00,MPC,18.0,17.4,17.6,17.4,17.4,17.9,39390.0,39390.0,0.0,685386000.0,0.0,7400.0,132030000.0,950.0,16910000.0,38.0,70880.0,28.0,60820.0,7.3974378779747925,23234540.0,,,,1000.0
2012-01-16T00:00:00,MPC,18.2,18.2,18.2,18.2,18.2,17.4,16750.0,16750.0,0.0,304850000.0,0.0,0.0,0.0,11050.0,201110000.0,39.0,43810.0,16.0,16750.0,7.3974378779747925,22061460.0,,,,1000.0
2012-01-17T00:00:00,MPC,18.2,17.8,18.2,18.1,18.1,18.2,27500.0,27500.0,0.0,497750000.0,0.0,0.0,0.0,7500.0,135482000.0,30.0,56230.0,52.0,38350.0,7.3974378779747925,22068960.0,,,,1000.0
2012-01-18T00:00:00,MPC,18.3,17.5,17.5,18.3,18.3,18.1,14960.0,14960.0,0.0,273768000.0,0.0,0.0,0.0,0.0,0.0,27.0,23440.0,15.0,21920.0,7.3974378779747925,22068960.0,,,,1000.0
2012-01-19T00:00:00,MPC,18.5,18.0,18.4,18.2,18.2,18.3,18250.0,18250.0,0.0,332150000.0,0.0,0.0,0.0,0.0,0.0,25.0,38850.0,25.0,29950.0,7.3974378779747925,22068960.0,,,,1000.0
2012-01-20T00:00:00,MPC,18.3,18.0,18.3,18.2,18.2,18.2,65680.0,65680.0,0.0,1195376000.0,0.0,45910.0,835562000.0,0.0,0.0,35.0,98280.0,31.0,84090.0,7.3974378779747925,22023050.0,,,,1000.0
2012-01-30T00:00:00,MPC,18.8,18.4,18.5,18.8,18.8,18.2,20890.0,20890.0,0.0,392732000.0,0.0,0.0,0.0,5690.0,105584000.0,45.0,35880.0,28.0,34940.0,7.3974378779747925,22028740.0,,,,1000.0
2012-01-31T00:00:00,MPC,18.9,18.5,18.6,18.8,18.8,18.8,113500.0,83500.0,30000.0,2133800000.0,564000000.0,8861.0,1665823000.0,4058.0,762904000.0,37.0,111660.0,49.0,114990.0,7.3974378779747925,21980710.0,,,,1000.0
2012-02-01T00:00:00,MPC,19.0,18.8,18.9,18.8,18.8,18.8,491665.0,21940.0,469725.0,8848170500.0,8435698500.0,3614.0,685547000.0,2511.0,477090000.0,35.0,39130.0,37.0,53470.0,7.3974378779747925,21969680.0,,,,1000.0
2012-02-02T00:00:00,MPC,19.6,18.9,18.9,19.6,19.6,18.8,50786.0,30750.0,20036.0,961344400.0,358644400.0,0.0,0.0,0.0,0.0,28.0,61380.0,29.0,43290.0,7.3974378779747925,21969680.0,,,,1000.0
2012-02-03T00:00:00,MPC,19.6,18.9,19.6,19.0,19.0,19.6,61436.0,41070.0,20366.0,1161174200.0,380844200.0,0.0,0.0,0.0,0.0,28.0,61270.0,54.0,108660.0,7.3974378779747925,21952650.0,,,,1000.0
2012-02-06T00:00:00,MPC,19.0,18.3,19.0,18.5,18.5,19.0,43500.0,43500.0,0.0,804750000.0,0.0,1000.0,19000000.0,0.0,0.0,25.0,52550.0,35.0,65580.0,7.3974378779747925,21961230.0,,,,1000.0
2012-02-07T00:00:00,MPC,19.0,18.2,19.0,18.5,18.5,18.5,51770.0,51770.0,0.0,957745000.0,0.0,21840.0,403116000.0,0.0,0.0,37.0,102650.0,34.0,58350.0,7.3974378779747925,21918550.0,,,,1000.0
2012-02-08T00:00:00,MPC,19.0,18.4,18.5,19.0,19.0,18.5,70710.0,70710.0,0.0,1343490000.0,0.0,14600.0,270100000.0,0.0,0.0,53.0,106850.0,36.0,98330.0,7.3974378779747925,21925790.0,,,,1000.0
2012-02-09T00:00:00,MPC,18.9,18.7,18.9,18.7,18.7,19.0,47560.0,47560.0,0.0,889372000.0,0.0,0.0,0.0,0.0,0.0,27.0,52460.0,33.0,66770.0,7.3974378779747925,21925790.0,,,,1000.0
2012-02-10T00:00:00,MPC,19.0,18.3,18.7,18.5,18.5,18.7,50260.0,50260.0,0.0,929810000.0,0.0,3000.0,56100000.0,0.0,0.0,24.0,55370.0,50.0,97800.0,7.3974378779747925,21922790.0,,,,1000.0
2012-02-13T00:00:00,MPC,18.1,17.6,18.1,17.6,17.6,18.5,64990.0,64990.0,0.0,1143824000.0,0.0,0.0,0.0,25110.0,444950000.0,36.0,65500.0,57.0,122960.0,7.3974378779747925,21922790.0,,,,1000.0
2012-02-14T00:00:00,MPC,17.7,17.0,17.0,17.3,17.3,17.6,56210.0,56210.0,0.0,972433000.0,0.0,3770.0,65538000.0,27280.0,473792000.0,57.0,81770.0,56.0,87670.0,7.3974378779747925,21919020.0,,,,1000.0
2012-02-15T00:00:00,MPC,17.3,16.9,16.9,16.9,16.9,17.3,64320.0,64320.0,0.0,1087008000.0,0.0,200.0,3380000.0,12050.0,205660000.0,32.0,93700.0,55.0,90360.0,7.3974378779747925,21918820.0,,,,1000.0
2012-02-16T00:00:00,MPC,17.0,16.5,16.6,16.5,16.5,16.9,47250.0,47250.0,0.0,779625000.0,0.0,0.0,0.0,14000.0,232765000.0,34.0,64800.0,32.0,82590.0,7.3974378779747925,21918820.0,,,,1000.0
2012-02-17T00:00:00,MPC,17.0,16.5,16.6,17.0,17.0,16.5,74320.0,74320.0,0.0,1263440000.0,0.0,0.0,0.0,0.0,0.0,51.0,113400.0,23.0,75160.0,7.3974378779747925,21943930.0,,,,1000.0
2012-02-20T00:00:00,MPC,17.3,17.0,17.0,17.3,17.3,17.0,30846.0,10810.0,20036.0,511596200.0,324583200.0,4800.0,81600000.0,0.0,0.0,48.0,114940.0,22.0,19370.0,7.3974378779747925,21966410.0,,,,1000.0
2012-02-21T00:00:00,MPC,17.7,17.0,17.7,17.0,17.0,17.3,99090.0,99090.0,0.0,1684530000.0,0.0,2000.0,34400000.0,2390.0,41586000.0,40.0,110680.0,43.0,156870.0,7.3974378779747925,21976460.0,,,,1000.0
2012-02-22T00:00:00,MPC,17.8,17.2,17.2,17.8,17.8,17.0,15070.0,15070.0,0.0,268246000.0,0.0,4780.0,82216000.0,0.0,0.0,40.0,109410.0,32.0,26210.0,7.3974378779747925,21985680.0,,,,1000.0
2012-02-23T00:00:00,MPC,18.6,17.6,17.8,18.5,18.5,17.8,30820.0,30820.0,0.0,570170000.0,0.0,5000.0,88500000.0,0.0,0.0,37.0,84080.0,45.0,44990.0,7.3974378779747925,21980680.0,,,,1000.0
2012-02-24T00:00:00,MPC,18.5,18.5,18.5,18.5,18.5,18.5,23200.0,23200.0,0.0,429200000.0,0.0,0.0,0.0,0.0,0.0,14.0,55580.0,36.0,40580.0,7.3974378779747925,21980680.0,,,,1000.0
2012-02-27T00:00:00,MPC,18.7,18.5,18.5,18.5,18.5,18.5,34860.0,34860.0,0.0,644910000.0,0.0,1970.0,36523000.0,0.0,0.0,26.0,96560.0,36.0,50040.0,7.3974378779747925,21981100.0,,,,1000.0
2012-02-28T00:00:00,MPC,19.4,18.7,18.7,19.3,19.3,18.5,93370.0,93370.0,0.0,1802041000.0,0.0,1970.0,38001000.0,0.0,0.0,70.0,196100.0,63.0,139870.0,7.3974378779747925,21979130.0,,,,1000.0
2012-02-29T00:00:00,MPC,20.0,19.2,19.3,19.2,19.2,19.3,70040.0,70040.0,0.0,1344768000.0,0.0,11970.0,233142000.0,41610.0,806528000.0,47.0,114260.0,59.0,106960.0,7.3974378779747925,21967160.0,,,,1000.0
2012-03-01T00:00:00,MPC,19.2,18.9,18.9,19.0,19.0,19.2,516130.0,48560.0,467570.0,9806470000.0,8883830000.0,6750.0,128885000.0,40000.0,763448000.0,47.0,183330.0,47.0,68660.0,7.3974378779747925,21960410.0,,,,1000.0
2012-03-02T00:00:00,MPC,19.9,19.1,19.5,19.9,19.9,19.0,18550.0,18550.0,0.0,369145000.0,0.0,0.0,0.0,0.0,0.0,51.0,203950.0,28.0,20750.0,7.3974378779747925,21960410.0,,,,1000.0
2012-03-05T00:00:00,MPC,20.8,20.3,20.5,20.8,20.8,19.9,116500.0,116500.0,0.0,2423200000.0,0.0,0.0,1309485000.0,94280.0,1954040000.0,84.0,351470.0,40.0,127150.0,7.3974378779747925,21897410.0,,,,1000.0
2012-03-06T00:00:00,MPC,21.8,20.0,21.8,20.0,20.0,20.8,320630.0,320630.0,0.0,6412600000.0,0.0,182000.0,3887001000.0,142860.0,3041991000.0,51.0,342880.0,92.0,387230.0,7.3974378779747925,21757020.0,,,,1000.0
2012-03-07T00:00:00,MPC,20.3,19.9,20.0,20.3,20.3,20.0,67950.0,67950.0,0.0,1379385000.0,0.0,39920.0,796908000.0,0.0,0.0,38.0,186160.0,34.0,84370.0,7.3974378779747925,21757100.0,,,,1000.0
2012-03-08T00:00:00,MPC,20.3,20.1,20.3,20.3,20.3,20.3,12390.0,12390.0,0.0,251517000.0,0.0,5070.0,102879000.0,0.0,0.0,25.0,221080.0,29.0,18220.0,7.3974378779747925,21752030.0,,,,1000.0
2012-03-09T00:00:00,MPC,21.0,20.3,20.3,20.5,20.5,20.3,119870.0,119870.0,0.0,2457335000.0,0.0,60050.0,1227015000.0,0.0,0.0,30.0,206950.0,54.0,153400.0,7.3974378779747925,21786260.0,,,,1000.0
2012-03-12T00:00:00,MPC,20.9,20.4,20.9,20.5,20.5,20.5,83200.0,83200.0,0.0,1705600000.0,0.0,32150.0,659075000.0,0.0,0.0,34.0,161280.0,44.0,98000.0,7.3974378779747925,21896970.0,,,,1000.0
2012-03-13T00:00:00,MPC,21.0,20.4,20.4,20.8,20.8,20.5,11470.0,11470.0,0.0,238576000.0,0.0,6180.0,128337000.0,500.0,10200000.0,28.0,165040.0,38.0,28930.0,7.3974378779747925,21890790.0,,,,1000.0
2012-03-14T00:00:00,MPC,21.8,20.8,20.8,21.8,21.8,20.8,97410.0,97410.0,0.0,2123538000.0,0.0,25000.0,542905000.0,0.0,0.0,62.0,328980.0,52.0,98410.0,7.3974378779747925,21865790.0,,,,1000.0
2012-03-15T00:00:00,MPC,22.8,22.0,22.7,22.8,22.8,21.8,31040.0,31040.0,0.0,707712000.0,0.0,200.0,4470000.0,300.0,6810000.0,40.0,98500.0,45.0,40730.0,7.3974378779747925,21865590.0,,,,1000.0
2012-03-16T00:00:00,MPC,23.9,23.0,23.8,23.6,23.6,22.8,22360.0,22360.0,0.0,527696000.0,0.0,100.0,2379000.0,0.0,0.0,18.0,69210.0,74.0,59670.0,7.3974378779747925,21865490.0,,,,1000.0
2012-03-19T00:00:00,MPC,24.5,23.6,23.6,23.6,23.6,23.6,10680.0,10680.0,0.0,252048000.0,0.0,0.0,0.0,410.0,9946000.0,15.0,29650.0,62.0,44400.0,7.3974378779747925,21865990.0,,,,1000.0
2012-03-20T00:00:00,MPC,24.7,23.4,23.6,24.7,24.7,23.6,120320.0,120320.0,0.0,2971904000.0,0.0,2040.0,47886000.0,19300.0,469330000.0,37.0,152100.0,72.0,131020.0,7.3974378779747925,21863950.0,,,,1000.0
2012-03-21T00:00:00,MPC,25.9,25.3,25.3,25.8,25.8,24.7,87480.0,87480.0,0.0,2256984000.0,0.0,1940.0,49976000.0,44000.0,1135200000.0,53.0,180720.0,67.0,136500.0,7.3974378779747925,21862310.0,,,,1000.0
2012-03-22T00:00:00,MPC,27.0,26.0,26.8,27.0,27.0,25.8,92270.0,92270.0,0.0,2491290000.0,0.0,200.0,5360000.0,2880.0,77760000.0,36.0,160000.0,65.0,93070.0,7.3974378779747925,21862110.0,,,,1000.0
2012-03-23T00:00:00,MPC,28.3,26.5,26.5,28.3,28.3,27.0,77240.0,77240.0,0.0,2185892000.0,0.0,0.0,0.0,27060.0,758007000.0,46.0,142360.0,55.0,81470.0,7.3974378779747925,21862520.0,,,,1000.0
2012-03-26T00:00:00,MPC,29.7,28.3,29.5,29.5,29.5,28.3,61100.0,61100.0,0.0,1802450000.0,0.0,50.0,1415000.0,11020.0,325372000.0,31.0,87630.0,44.0,120220.0,7.3974378779747925,21881770.0,,,,1000.0
2012-03-27T00:00:00,MPC,30.5,28.4,28.4,30.0,30.0,29.5,72160.0,72160.0,0.0,2164800000.0,0.0,0.0,0.0,1920.0,57810000.0,19.0,93920.0,76.0,171160.0,7.3974378779747925,21925770.0,,,,1000.0
2012-03-28T00:00:00,MPC,30.0,28.5,30.0,28.5,28.5,30.0,64010.0,64010.0,0.0,1824285000.0,0.0,200.0,6000000.0,20280.0,592120000.0,12.0,70670.0,49.0,112340.0,7.3974378779747925,21928450.0,,,,1000.0
2012-03-29T00:00:00,MPC,29.3,28.0,28.0,29.0,29.0,28.5,41150.0,41150.0,0.0,1193350000.0,0.0,0.0,0.0,0.0,0.0,17.0,46940.0,60.0,158340.0,7.3974378779747925,0.0,,,,1000.0
2012-03-30T00:00:00,MPC,29.0,27.6,27.6,29.0,29.0,29.0,53110.0,53110.0,0.0,1540190000.0,0.0,0.0,0.0,12170.0,350214000.0,15.0,78230.0,42.0,125980.0,7.3974378779747925,21966530.0,,,,1000.0
2012-04-03T00:00:00,MPC,29.0,27.6,27.6,29.0,29.0,29.0,7040.0,7040.0,0.0,204160000.0,0.0,0.0,0.0,5970.0,166088000.0,7.0,10040.0,32.0,85040.0,7.3974378779747925,21968450.0,,,,1000.0
2012-04-04T00:00:00,MPC,30.0,27.6,29.0,28.0,28.0,29.0,18030.0,18030.0,0.0,504840000.0,0.0,2000.0,58000000.0,1830.0,53070000.0,14.0,22070.0,47.0,140710.0,7.3974378779747925,21986730.0,,,,1000.0
2012-04-05T00:00:00,MPC,28.0,26.6,26.6,28.0,28.0,28.0,4540.0,4540.0,0.0,127120000.0,0.0,0.0,0.0,470.0,12502000.0,18.0,10800.0,18.0,25800.0,7.3974378779747925,21986730.0,,,,1000.0
2012-04-06T00:00:00,MPC,27.9,27.7,27.9,27.7,27.7,28.0,1510.0,1510.0,0.0,41827000.0,0.0,0.0,0.0,460.0,12742000.0,10.0,3910.0,23.0,45760.0,7.3974378779747925,21998900.0,,,,1000.0
2012-04-09T00:00:00,MPC,27.1,27.0,27.0,27.0,27.0,27.7,1870.0,1870.0,0.0,50490000.0,0.0,0.0,0.0,0.0,0.0,11.0,8460.0,10.0,23090.0,7.3974378779747925,22004870.0,,,,1000.0
2012-04-10T00:00:00,MPC,27.2,27.0,27.0,27.0,27.0,27.0,11890.0,11890.0,0.0,321030000.0,0.0,0.0,0.0,2040.0,55080000.0,19.0,22390.0,19.0,26570.0,7.3974378779747925,0.0,,,,1000.0
2012-04-11T00:00:00,MPC,27.7,26.4,26.4,27.2,27.2,27.0,2190.0,2190.0,0.0,59568000.0,0.0,0.0,0.0,0.0,0.0,22.0,23110.0,12.0,6280.0,7.3974378779747925,0.0,,,,1000.0
2012-04-12T00:00:00,MPC,28.5,27.1,27.1,28.5,28.5,27.2,11960.0,11960.0,0.0,340860000.0,0.0,0.0,0.0,400.0,10840000.0,16.0,22060.0,27.0,14780.0,7.3974378779747925,22007630.0,,,,1000.0
2012-04-13T00:00:00,MPC,28.5,28.5,28.5,28.5,28.5,28.5,1000.0,1000.0,0.0,28500000.0,0.0,1000.0,28500000.0,0.0,0.0,9.0,17300.0,13.0,24830.0,7.3974378779747925,22006630.0,,,,1000.0
2012-04-16T00:00:00,MPC,28.5,28.0,28.0,28.5,28.5,28.5,4140.0,4140.0,0.0,117990000.0,0.0,1000.0,28000000.0,0.0,0.0,19.0,16980.0,14.0,21430.0,7.3974378779747925,22008670.0,,,,1000.0
2012-04-17T00:00:00,MPC,29.9,28.2,28.2,29.9,29.9,28.5,19670.0,19670.0,0.0,588133000.0,0.0,0.0,0.0,1900.0,54150000.0,13.0,30100.0,36.0,50110.0,7.3974378779747925,22007670.0,,,,1000.0
2012-04-18T00:00:00,MPC,30.0,29.0,29.7,30.0,30.0,29.9,12060.0,12060.0,0.0,361800000.0,0.0,0.0,0.0,900.0,26360000.0,14.0,17080.0,38.0,41470.0,7.3974378779747925,22008070.0,,,,1000.0
2012-04-19T00:00:00,MPC,30.0,28.5,28.5,30.0,30.0,30.0,8620.0,8620.0,0.0,258600000.0,0.0,0.0,0.0,0.0,0.0,11.0,14040.0,23.0,47890.0,7.3974378779747925,22008070.0,,,,1000.0
2012-04-20T00:00:00,MPC,28.6,28.6,28.6,28.6,28.6,30.0,100.0,100.0,0.0,2860000.0,0.0,0.0,0.0,0.0,0.0,6.0,2480.0,14.0,23770.0,7.3974378779747925,22008070.0,,,,1000.0
2012-04-23T00:00:00,MPC,27.5,27.5,27.5,27.5,27.5,28.6,3000.0,3000.0,0.0,82500000.0,0.0,0.0,27500000.0,3000.0,82500000.0,15.0,8330.0,11.0,27260.0,7.3974378779747925,22009870.0,,,,1000.0
2012-04-24T00:00:00,MPC,27.5,27.5,27.5,27.5,27.5,27.5,12960.0,12960.0,0.0,356400000.0,0.0,0.0,0.0,4060.0,111650000.0,17.0,21930.0,17.0,34570.0,7.3974378779747925,22009870.0,,,,1000.0
2012-04-25T00:00:00,MPC,27.8,27.7,27.7,27.8,27.8,27.5,5730.0,5730.0,0.0,159294000.0,0.0,0.0,0.0,1690.0,46813000.0,14.0,10890.0,21.0,101330.0,7.3974378779747925,22009870.0,,,,1000.0
2012-04-26T00:00:00,MPC,28.5,27.5,28.5,27.5,27.5,27.8,20.0,20.0,0.0,550000.0,0.0,0.0,0.0,0.0,0.0,12.0,14710.0,17.0,28580.0,7.3974378779747925,22009870.0,,,,1000.0
2012-04-27T00:00:00,MPC,28.8,27.5,27.5,28.8,28.8,27.5,15180.0,15180.0,0.0,437184000.0,0.0,100.0,2750000.0,3730.0,106064000.0,0.0,0.0,0.0,0.0,7.3974378779747925,22012770.0,,,,1000.0
2012-05-02T00:00:00,MPC,30.2,29.0,30.2,29.0,29.0,28.8,5560.0,5560.0,0.0,161240000.0,0.0,0.0,0.0,500.0,15100000.0,14.0,12110.0,30.0,51150.0,7.3974378779747925,22016830.0,,,,1000.0
2012-05-03T00:00:00,MPC,29.4,28.2,28.2,29.4,29.4,29.0,7730.0,7730.0,0.0,227262000.0,0.0,0.0,0.0,200.0,5800000.0,7.0,9870.0,24.0,54760.0,7.3974378779747925,22018520.0,,,,1000.0
2012-05-04T00:00:00,MPC,30.5,29.0,29.4,30.0,30.0,29.4,46610.0,46610.0,0.0,1398300000.0,0.0,0.0,0.0,500.0,14700000.0,39.0,79040.0,28.0,78300.0,7.3974378779747925,22018520.0,,,,1000.0
2012-05-07T00:00:00,MPC,31.5,30.5,30.9,30.9,30.9,30.0,13230.0,13230.0,0.0,408807000.0,0.0,0.0,0.0,0.0,0.0,38.0,96840.0,33.0,47250.0,7.3974378779747925,22022250.0,,,,1000.0
2012-05-08T00:00:00,MPC,32.4,31.0,32.4,31.0,31.0,30.9,27670.0,27670.0,0.0,857770000.0,0.0,2000.0,63500000.0,0.0,0.0,29.0,38560.0,32.0,54070.0,7.3974378779747925,22020750.0,,,,1000.0
2012-05-09T00:00:00,MPC,32.5,31.2,31.2,32.5,32.5,31.0,28630.0,28630.0,0.0,930475000.0,0.0,0.0,0.0,0.0,0.0,25.0,74240.0,25.0,31620.0,7.3974378779747925,22020950.0,,,,1000.0
2012-05-10T00:00:00,MPC,32.6,32.0,32.5,32.5,32.5,32.5,16650.0,16650.0,0.0,541125000.0,0.0,100.0,3200000.0,40.0,1304000.0,21.0,22430.0,29.0,31410.0,7.3974378779747925,22021350.0,,,,1000.0
2012-05-11T00:00:00,MPC,32.6,31.5,32.5,32.5,32.5,32.5,36920.0,36920.0,0.0,1199900000.0,0.0,12900.0,418800000.0,2460.0,80196000.0,19.0,55280.0,42.0,69280.0,7.3974378779747925,22008450.0,,,,1000.0
2012-05-14T00:00:00,MPC,32.0,31.0,32.0,31.0,31.0,32.5,56390.0,56390.0,0.0,1748090000.0,0.0,11000.0,341500000.0,0.0,0.0,19.0,67980.0,39.0,78440.0,7.3974378779747925,21997450.0,,,,1000.0
2012-05-15T00:00:00,MPC,31.0,30.8,30.8,31.0,31.0,31.0,13650.0,13650.0,0.0,423150000.0,0.0,0.0,0.0,6200.0,192160000.0,9.0,25090.0,22.0,25480.0,7.3974378779747925,21997450.0,,,,1000.0
2012-05-16T00:00:00,MPC,31.0,30.8,31.0,31.0,31.0,31.0,8280.0,8280.0,0.0,256680000.0,0.0,0.0,0.0,3400.0,105400000.0,18.0,21610.0,30.0,18070.0,7.3974378779747925,21997490.0,,,,1000.0
2012-05-17T00:00:00,MPC,31.6,31.0,31.0,31.0,31.0,31.0,4500.0,4500.0,0.0,139500000.0,0.0,0.0,0.0,2890.0,89590000.0,13.0,7590.0,21.0,12370.0,7.3974378779747925,21999950.0,,,,1000.0
2012-05-18T00:00:00,MPC,31.0,29.5,29.7,31.0,31.0,31.0,15250.0,15250.0,0.0,472750000.0,0.0,2000.0,59000000.0,2200.0,68000000.0,10.0,20560.0,27.0,36510.0,7.3974378779747925,21997950.0,,,,1000.0
2012-05-21T00:00:00,MPC,31.8,29.7,29.7,31.7,31.7,31.0,14570.0,14570.0,0.0,461869000.0,0.0,10.0,297000.0,6010.0,189083000.0,17.0,15870.0,19.0,29910.0,7.3974378779747925,22004140.0,,,,1000.0
2012-05-22T00:00:00,MPC,31.5,30.2,30.2,31.0,31.0,31.7,9080.0,9080.0,0.0,281480000.0,0.0,200.0,6040000.0,4770.0,146654000.0,16.0,13080.0,30.0,17450.0,7.3974378779747925,22007340.0,,,,1000.0
2012-05-23T00:00:00,MPC,30.0,29.5,30.0,30.0,30.0,31.0,720.0,720.0,0.0,21600000.0,0.0,0.0,0.0,0.0,0.0,7.0,720.0,13.0,8580.0,7.3974378779747925,22010230.0,,,,1000.0
2012-05-24T00:00:00,MPC,30.5,29.0,29.0,30.5,30.5,30.0,12320.0,12320.0,0.0,375760000.0,0.0,0.0,0.0,2300.0,69050000.0,12.0,17900.0,22.0,21680.0,7.3974378779747925,22012430.0,,,,1000.0
2012-05-25T00:00:00,MPC,30.5,30.5,30.5,30.5,30.5,30.5,2100.0,2100.0,0.0,64050000.0,0.0,100.0,3050000.0,1610.0,49105000.0,11.0,6450.0,14.0,10640.0,7.3974378779747925,22018340.0,,,,1000.0
2012-05-28T00:00:00,MPC,31.0,31.0,31.0,31.0,31.0,30.5,780.0,780.0,0.0,24180000.0,0.0,0.0,0.0,490.0,15190000.0,13.0,15180.0,16.0,4960.0,7.3974378779747925,22023110.0,,,,1000.0
2012-05-29T00:00:00,MPC,30.0,29.5,29.5,30.0,30.0,31.0,178270.0,8270.0,170000.0,5348100000.0,5100000000.0,17000.0,5100000000.0,104.0,30930000.0,19.0,11460.0,22.0,17890.0,7.3974378779747925,21853110.0,,,,1000.0
2012-05-30T00:00:00,MPC,30.0,30.0,30.0,30.0,30.0,30.0,4680.0,4680.0,0.0,140400000.0,0.0,0.0,0.0,2400.0,72000000.0,5.0,10500.0,11.0,8030.0,7.3974378779747925,21855410.0,,,,1000.0
2012-05-31T00:00:00,MPC,29.5,29.5,29.5,29.5,29.5,30.0,5010.0,5010.0,0.0,147795000.0,0.0,10.0,295000.0,0.0,0.0,3.0,5110.0,16.0,10510.0,7.3974378779747925,21857010.0,,,,1000.0
2012-06-01T00:00:00,MPC,30.0,29.6,30.0,29.6,29.6,29.5,6580.0,6580.0,0.0,194768000.0,0.0,0.0,0.0,580.0,17400000.0,5.0,12080.0,7.0,8810.0,7.3974378779747925,21857500.0,,,,1000.0
2012-06-04T00:00:00,MPC,28.5,28.5,28.5,28.5,28.5,29.6,3220.0,3220.0,0.0,91770000.0,0.0,0.0,0.0,0.0,0.0,6.0,5850.0,18.0,10140.0,7.3974378779747925,21858540.0,,,,1000.0
2012-06-05T00:00:00,MPC,28.5,28.5,28.5,28.5,28.5,28.5,5550.0,5550.0,0.0,158175000.0,0.0,0.0,0.0,3550.0,101175000.0,9.0,7280.0,12.0,10110.0,7.3974378779747925,21860940.0,,,,1000.0
2012-06-06T00:00:00,MPC,29.5,28.5,28.5,29.5,29.5,28.5,2260.0,2260.0,0.0,66670000.0,0.0,0.0,0.0,2260.0,66410000.0,14.0,9690.0,6.0,5560.0,7.3974378779747925,21860940.0,,,,1000.0
2012-06-07T00:00:00,MPC,30.5,28.9,29.5,30.5,30.5,29.5,3000.0,3000.0,0.0,91500000.0,0.0,0.0,0.0,2490.0,73955000.0,13.0,11730.0,13.0,4200.0,7.3974378779747925,21861520.0,,,,1000.0
2012-06-08T00:00:00,MPC,30.5,30.0,30.0,30.5,30.5,30.5,690.0,690.0,0.0,21045000.0,0.0,0.0,0.0,500.0,15250000.0,6.0,1940.0,19.0,12590.0,7.3974378779747925,21861520.0,,,,1000.0
2012-06-11T00:00:00,MPC,30.5,30.5,30.5,30.5,30.5,30.5,0.0,0.0,0.0,0.0,0.0,0.0,0.0,0.0,0.0,2.0,1250.0,9.0,9510.0,7.3974378779747925,21867330.0,,,,1000.0
2012-06-12T00:00:00,MPC,31.8,29.0,29.0,31.8,31.8,30.5,3800.0,3800.0,0.0,120840000.0,0.0,0.0,0.0,0.0,0.0,12.0,8430.0,16.0,11810.0,7.3974378779747925,21867330.0,,,,1000.0
2012-06-13T00:00:00,MPC,30.8,30.3,30.5,30.3,30.3,31.8,5820.0,5820.0,0.0,176346000.0,0.0,0.0,0.0,0.0,0.0,10.0,7830.0,26.0,19060.0,7.3974378779747925,21869820.0,,,,1000.0
2012-06-14T00:00:00,MPC,30.3,29.0,29.0,30.3,30.3,30.3,2080.0,2080.0,0.0,63024000.0,0.0,0.0,0.0,500.0,15150000.0,15.0,10020.0,12.0,3590.0,7.3974378779747925,21870320.0,,,,1000.0
2012-06-15T00:00:00,MPC,30.3,29.2,29.2,29.6,29.6,30.3,3050.0,3050.0,0.0,90280000.0,0.0,0.0,0.0,2510.0,76053000.0,17.0,18220.0,18.0,11810.0,7.3974378779747925,21870320.0,,,,1000.0
2012-06-18T00:00:00,MPC,31.0,28.5,28.5,31.0,31.0,29.6,7280.0,7280.0,0.0,225680000.0,0.0,0.0,0.0,0.0,0.0,17.0,15700.0,17.0,8380.0,7.3974378779747925,21870320.0,,,,1000.0
2012-06-19T00:00:00,MPC,30.3,30.3,30.3,30.3,30.3,31.0,125500.0,500.0,125000.0,3890150000.0,3875000000.0,12500.0,3875000000.0,12500.0,3875000000.0,8.0,3780.0,15.0,10210.0,7.3974378779747925,21870320.0,,,,1000.0
2012-06-20T00:00:00,MPC,30.9,30.9,30.9,30.9,30.9,30.3,110.0,110.0,0.0,3399000.0,0.0,0.0,0.0,0.0,0.0,9.0,4450.0,8.0,4740.0,7.3974378779747925,21870820.0,,,,1000.0
2012-06-21T00:00:00,MPC,30.9,30.1,30.9,30.1,30.1,30.9,6070.0,6070.0,0.0,182707000.0,0.0,0.0,0.0,1570.0,47257000.0,10.0,10460.0,19.0,16620.0,7.3974378779747925,21873330.0,,,,1000.0
2012-06-22T00:00:00,MPC,30.0,28.7,28.7,29.6,29.6,30.1,950.0,950.0,0.0,28120000.0,0.0,0.0,0.0,0.0,0.0,20.0,10900.0,15.0,7390.0,7.3974378779747925,21873330.0,,,,1000.0
2012-06-25T00:00:00,MPC,29.5,29.5,29.5,29.5,29.5,29.6,1590.0,1590.0,0.0,46905000.0,0.0,0.0,0.0,0.0,0.0,9.0,7830.0,8.0,6060.0,7.3974378779747925,21873330.0,,,,1000.0
2012-06-26T00:00:00,MPC,29.5,29.5,29.5,29.5,29.5,29.5,70.0,70.0,0.0,2065000.0,0.0,0.0,0.0,0.0,0.0,11.0,105600.0,10.0,3620.0,7.3974378779747925,21873330.0,,,,1000.0
2012-06-27T00:00:00,MPC,29.3,29.3,29.3,29.3,29.3,29.5,1500.0,1500.0,0.0,43950000.0,0.0,1500.0,43950000.0,0.0,0.0,7.0,4560.0,10.0,5840.0,7.3974378779747925,21873400.0,,,,1000.0
2012-06-28T00:00:00,MPC,29.3,29.3,29.3,29.3,29.3,29.3,0.0,0.0,0.0,0.0,0.0,0.0,0.0,0.0,0.0,2.0,1170.0,3.0,2450.0,7.3974378779747925,21873400.0,,,,1000.0
2012-06-29T00:00:00,MPC,28.5,28.5,28.5,28.5,28.5,29.3,500.0,500.0,0.0,14250000.0,0.0,0.0,0.0,0.0,0.0,7.0,3420.0,5.0,1150.0,7.3974378779747925,21873400.0,,,,1000.0
2012-07-02T00:00:00,MPC,29.9,29.9,29.9,29.9,29.9,28.5,3640.0,3640.0,0.0,108836000.0,0.0,0.0,0.0,700.0,20930000.0,21.0,13730.0,8.0,3950.0,7.3974378779747925,21873400.0,,,,1000.0
2012-07-03T00:00:00,MPC,29.0,28.6,29.0,28.6,28.6,29.9,520.0,520.0,0.0,14872000.0,0.0,0.0,0.0,0.0,0.0,7.0,4500.0,13.0,7110.0,7.3974378779747925,21873400.0,,,,1000.0
2012-07-04T00:00:00,MPC,28.6,27.6,28.6,27.6,27.6,28.6,4850.0,4850.0,0.0,133860000.0,0.0,0.0,0.0,1000.0,28300000.0,9.0,7470.0,13.0,10000.0,7.3974378779747925,21873400.0,,,,1000.0
2012-07-05T00:00:00,MPC,28.0,28.0,28.0,28.0,28.0,27.6,1000.0,1000.0,0.0,28000000.0,0.0,0.0,0.0,0.0,0.0,7.0,12170.0,9.0,16700.0,7.3974378779747925,21873400.0,,,,1000.0
2012-07-06T00:00:00,MPC,28.5,28.0,28.0,28.5,28.5,28.0,310.0,310.0,0.0,8835000.0,0.0,0.0,0.0,0.0,0.0,11.0,11360.0,3.0,2400.0,7.3974378779747925,21874100.0,,,,1000.0
2012-07-09T00:00:00,MPC,28.5,28.0,28.5,28.5,28.5,28.5,2750.0,2750.0,0.0,78375000.0,0.0,0.0,0.0,0.0,0.0,7.0,3490.0,6.0,7200.0,7.3974378779747925,21874100.0,,,,1000.0
2012-07-10T00:00:00,MPC,28.5,28.0,28.5,28.5,28.5,28.5,23350.0,23350.0,0.0,665475000.0,0.0,0.0,0.0,3000.0,84000000.0,17.0,30050.0,15.0,31450.0,7.3974378779747925,21875100.0,,,,1000.0
2012-07-11T00:00:00,MPC,28.5,28.5,28.5,28.5,28.5,28.5,10.0,10.0,0.0,285000.0,0.0,0.0,0.0,0.0,0.0,7.0,10310.0,8.0,5990.0,7.3974378779747925,21875100.0,,,,1000.0
2012-07-12T00:00:00,MPC,28.5,28.2,28.2,28.2,28.2,28.5,6340.0,6340.0,0.0,178788000.0,0.0,0.0,0.0,1700.0,48150000.0,9.0,13280.0,14.0,12180.0,7.3974378779747925,21875100.0,,,,1000.0
2012-07-13T00:00:00,MPC,29.0,28.5,28.5,29.0,29.0,28.2,70.0,70.0,0.0,2030000.0,0.0,0.0,0.0,0.0,0.0,15.0,17390.0,5.0,2120.0,7.3974378779747925,21875100.0,,,,1000.0
2012-07-16T00:00:00,MPC,29.9,28.0,29.3,29.9,29.9,29.0,1230.0,1230.0,0.0,36777000.0,0.0,950.0,27835000.0,0.0,0.0,5.0,4640.0,10.0,3700.0,7.3974378779747925,21877150.0,,,,1000.0
2012-07-17T00:00:00,MPC,29.3,29.0,29.0,29.3,29.3,29.9,2700.0,2700.0,0.0,79110000.0,0.0,650.0,18850000.0,500.0,14550000.0,9.0,3550.0,13.0,6400.0,7.3974378779747925,21876500.0,,,,1000.0
2012-07-18T00:00:00,MPC,29.8,28.5,29.8,28.5,28.5,29.3,190.0,190.0,0.0,5415000.0,0.0,0.0,0.0,0.0,0.0,4.0,2460.0,13.0,58310.0,7.3974378779747925,21878200.0,,,,1000.0
2012-07-19T00:00:00,MPC,29.9,27.5,27.5,29.9,29.9,28.5,11050.0,11050.0,0.0,330395000.0,0.0,0.0,0.0,4000.0,113450000.0,22.0,96450.0,23.0,12830.0,7.3974378779747925,21878200.0,,,,1000.0
2012-07-20T00:00:00,MPC,31.3,30.5,30.5,31.3,31.3,29.9,56750.0,56750.0,0.0,1776275000.0,0.0,0.0,0.0,0.0,0.0,19.0,105270.0,32.0,84660.0,7.3974378779747925,21878200.0,,,,1000.0
2012-07-23T00:00:00,MPC,31.1,30.5,31.0,30.5,30.5,31.3,2100.0,2100.0,0.0,64050000.0,0.0,0.0,0.0,0.0,0.0,17.0,54450.0,19.0,28150.0,7.3974378779747925,21878700.0,,,,1000.0
2012-07-24T00:00:00,MPC,29.9,29.6,29.6,29.9,29.9,30.5,4330.0,4330.0,0.0,129467000.0,0.0,0.0,0.0,0.0,0.0,12.0,28980.0,14.0,12290.0,7.3974378779747925,21878700.0,,,,1000.0
2012-07-25T00:00:00,MPC,30.5,29.1,29.1,30.5,30.5,29.9,2340.0,2340.0,0.0,71370000.0,0.0,0.0,0.0,0.0,0.0,10.0,25450.0,11.0,3400.0,7.3974378779747925,21882700.0,,,,1000.0
2012-07-26T00:00:00,MPC,30.9,29.1,29.1,30.9,30.9,30.5,310.0,310.0,0.0,9579000.0,0.0,0.0,0.0,0.0,0.0,14.0,30520.0,11.0,3690.0,7.3974378779747925,21882700.0,,,,1000.0
2012-07-27T00:00:00,MPC,30.9,30.9,30.9,30.9,30.9,30.9,0.0,0.0,0.0,0.0,0.0,0.0,0.0,0.0,0.0,5.0,19430.0,10.0,2230.0,7.3974378779747925,21882700.0,,,,1000.0
2012-07-30T00:00:00,MPC,31.9,29.8,29.8,31.9,31.9,30.9,380.0,380.0,0.0,12122000.0,0.0,0.0,0.0,0.0,0.0,7.0,5930.0,8.0,4120.0,7.3974378779747925,21882700.0,,,,1000.0
2012-07-31T00:00:00,MPC,32.0,31.9,32.0,31.9,31.9,31.9,20.0,20.0,0.0,638000.0,0.0,0.0,0.0,0.0,0.0,3.0,70.0,12.0,5520.0,7.3974378779747925,21882700.0,,,,1000.0
2012-08-01T00:00:00,MPC,31.0,30.4,30.4,31.0,31.0,31.9,6930.0,6930.0,0.0,214830000.0,0.0,0.0,0.0,0.0,0.0,5.0,10050.0,21.0,13590.0,7.3974378779747925,21882700.0,,,,1000.0
2012-08-02T00:00:00,MPC,30.1,30.1,30.1,30.1,30.1,31.0,50.0,50.0,0.0,1505000.0,0.0,0.0,0.0,0.0,0.0,6.0,5600.0,11.0,4350.0,7.3974378779747925,21882700.0,,,,1000.0
2012-08-03T00:00:00,MPC,31.0,31.0,31.0,31.0,31.0,30.1,10.0,10.0,0.0,310000.0,0.0,0.0,0.0,0.0,0.0,10.0,4720.0,4.0,2170.0,7.3974378779747925,21882700.0,,,,1000.0
2012-08-06T00:00:00,MPC,31.0,30.5,31.0,30.5,30.5,31.0,330.0,330.0,0.0,10065000.0,0.0,10.0,305000.0,0.0,0.0,5.0,2820.0,16.0,12000.0,7.3974378779747925,21882690.0,,,,1000.0
2012-08-07T00:00:00,MPC,30.1,29.9,30.1,29.9,29.9,30.5,9060.0,9060.0,0.0,270894000.0,0.0,0.0,0.0,2500.0,75000000.0,11.0,12390.0,26.0,26170.0,7.3974378779747925,21882690.0,,,,1000.0
2012-08-08T00:00:00,MPC,30.9,29.5,29.5,30.9,30.9,29.9,110.0,110.0,0.0,3399000.0,0.0,0.0,0.0,0.0,0.0,12.0,9600.0,15.0,9660.0,7.3974378779747925,21882690.0,,,,1000.0
2012-08-09T00:00:00,MPC,30.9,29.9,30.9,29.9,29.9,30.9,70.0,70.0,0.0,2093000.0,0.0,0.0,0.0,0.0,0.0,8.0,6470.0,18.0,15580.0,7.3974378779747925,21882690.0,,,,1000.0
2012-08-10T00:00:00,MPC,31.0,29.9,29.9,31.0,31.0,29.9,260.0,260.0,0.0,8060000.0,0.0,50.0,1495000.0,0.0,0.0,0.0,0.0,0.0,0.0,7.3974378779747925,21882640.0,,,,1000.0
2012-08-13T00:00:00,MPC,29.5,29.5,29.5,29.5,29.5,31.0,100.0,100.0,0.0,2950000.0,0.0,0.0,0.0,0.0,0.0,1.0,100.0,9.0,5300.0,7.3974378779747925,21885140.0,,,,1000.0
2012-08-14T00:00:00,MPC,29.0,28.8,29.0,28.8,28.8,29.5,2620.0,2620.0,0.0,75456000.0,0.0,0.0,0.0,0.0,0.0,27.0,13520.0,10.0,6260.0,7.3974378779747925,21885140.0,,,,1000.0
2012-08-15T00:00:00,MPC,29.0,29.0,29.0,29.0,29.0,28.8,1260.0,1260.0,0.0,36540000.0,0.0,0.0,0.0,0.0,0.0,22.0,13250.0,5.0,3120.0,7.3974378779747925,21885140.0,,,,1000.0
2012-08-16T00:00:00,MPC,30.2,29.7,29.7,30.2,30.2,29.0,210.0,210.0,0.0,6342000.0,0.0,0.0,0.0,0.0,0.0,18.0,5050.0,2.0,400.0,7.3974378779747925,21885140.0,,,,1000.0
2012-08-17T00:00:00,MPC,29.0,28.7,29.0,28.7,28.7,30.2,12260.0,12260.0,0.0,351862000.0,0.0,0.0,0.0,4840.0,140360000.0,14.0,14650.0,21.0,22390.0,7.3974378779747925,21885140.0,,,,1000.0
2012-08-20T00:00:00,MPC,29.0,27.3,29.0,27.3,27.3,28.7,4740.0,4740.0,0.0,129402000.0,0.0,150.0,4130000.0,0.0,0.0,18.0,5540.0,18.0,11130.0,7.3974378779747925,21884990.0,,,,1000.0
2012-08-21T00:00:00,MPC,28.0,28.0,28.0,28.0,28.0,27.3,2000.0,2000.0,0.0,56000000.0,0.0,0.0,0.0,0.0,0.0,8.0,2580.0,5.0,3460.0,7.3974378779747925,21884990.0,,,,1000.0
2012-08-22T00:00:00,MPC,28.5,28.0,28.0,28.5,28.5,28.0,3360.0,3360.0,0.0,95760000.0,0.0,360.0,10080000.0,1000.0,28450000.0,4.0,3600.0,24.0,8380.0,7.3974378779747925,21884630.0,,,,1000.0
2012-08-23T00:00:00,MPC,28.5,28.0,28.5,28.0,28.0,28.5,5010.0,5010.0,0.0,140280000.0,0.0,0.0,0.0,500.0,14250000.0,4.0,5070.0,17.0,17600.0,7.3974378779747925,21889470.0,,,,1000.0
2012-08-24T00:00:00,MPC,28.0,28.0,28.0,28.0,28.0,28.0,5000.0,5000.0,0.0,140000000.0,0.0,0.0,0.0,0.0,0.0,6.0,7300.0,13.0,19520.0,7.3974378779747925,21889470.0,,,,1000.0
2012-08-27T00:00:00,MPC,28.4,28.4,28.4,28.4,28.4,28.0,10.0,10.0,0.0,284000.0,0.0,0.0,0.0,0.0,0.0,2.0,110.0,3.0,3820.0,7.3974378779747925,21889470.0,,,,1000.0
2012-08-28T00:00:00,MPC,28.0,28.0,28.0,28.0,28.0,28.4,15000.0,15000.0,0.0,420000000.0,0.0,0.0,0.0,38732.0,11232280000.0,7.0,20300.0,9.0,24930.0,7.3974378779747925,21890470.0,,,,1000.0
2012-08-29T00:00:00,MPC,28.3,28.3,28.3,28.3,28.3,28.0,270.0,270.0,0.0,7641000.0,0.0,0.0,0.0,0.0,0.0,9.0,7390.0,7.0,3840.0,7.3974378779747925,21890970.0,,,,1000.0
2012-08-30T00:00:00,MPC,28.4,28.4,28.4,28.4,28.4,28.3,20.0,20.0,0.0,568000.0,0.0,0.0,0.0,10.0,284000.0,3.0,320.0,4.0,3440.0,7.3974378779747925,21890970.0,,,,1000.0
2012-08-31T00:00:00,MPC,28.0,28.0,28.0,28.0,28.0,28.4,100.0,100.0,0.0,2800000.0,0.0,100.0,2800000.0,100.0,2800000.0,5.0,610.0,7.0,19430.0,7.3974378779747925,21890870.0,,,,1000.0
2012-09-04T00:00:00,MPC,28.0,27.5,28.0,28.0,28.0,28.0,26830.0,26830.0,0.0,751240000.0,0.0,0.0,0.0,25060.0,701680000.0,16.0,35060.0,13.0,30470.0,7.3974378779747925,22278190.0,,,,1000.0
2012-09-05T00:00:00,MPC,26.7,26.6,26.7,26.6,26.6,28.0,1250.0,1250.0,0.0,33250000.0,0.0,0.0,0.0,1200.0,31970000.0,9.0,6550.0,9.0,8290.0,7.3974378779747925,22278190.0,,,,1000.0
2012-09-06T00:00:00,MPC,27.9,27.9,27.9,27.9,27.9,26.6,15000.0,15000.0,0.0,418500000.0,0.0,0.0,0.0,200.0,5580000.0,20.0,24710.0,17.0,15340.0,7.3974378779747925,22278200.0,,,,1000.0
2012-09-07T00:00:00,MPC,28.2,26.6,28.2,26.6,26.6,27.9,5000.0,5000.0,0.0,133000000.0,0.0,0.0,0.0,0.0,0.0,5.0,6000.0,11.0,13800.0,7.3974378779747925,22278300.0,,,,1000.0
2012-09-10T00:00:00,MPC,27.9,26.6,26.6,27.9,27.9,26.6,3449850.0,4850.0,3445000.0,87293815000.0,87158500000.0,100.0,2660000.0,0.0,0.0,7.0,10150.0,11.0,6540.0,7.3974378779747925,22303260.0,,,,1000.0
2012-09-11T00:00:00,MPC,28.5,26.6,26.6,28.5,28.5,27.9,6700.0,6700.0,0.0,190950000.0,0.0,0.0,0.0,0.0,0.0,9.0,12830.0,22.0,22150.0,7.3974378779747925,22304460.0,,,,1000.0
2012-09-12T00:00:00,MPC,28.3,28.3,28.3,28.3,28.3,28.5,7100.0,7100.0,0.0,200930000.0,0.0,0.0,0.0,0.0,0.0,11.0,13200.0,14.0,21770.0,7.3974378779747925,22304660.0,,,,1000.0
2012-09-13T00:00:00,MPC,28.5,28.0,28.1,28.5,28.5,28.3,5350.0,5350.0,0.0,152475000.0,0.0,350.0,9830000.0,3000.0,85500000.0,17.0,21200.0,20.0,15860.0,7.3974378779747925,22304310.0,,,,1000.0
2012-09-14T00:00:00,MPC,28.9,28.4,28.5,28.9,28.9,28.5,33310.0,33310.0,0.0,962659000.0,0.0,1500.0,42750000.0,20640.0,593496000.0,26.0,61240.0,31.0,51350.0,7.3974378779747925,22302810.0,,,,1000.0
2012-09-17T00:00:00,MPC,29.7,28.5,28.5,29.7,29.7,28.9,15090.0,15090.0,0.0,448173000.0,0.0,0.0,0.0,6360.0,186444000.0,13.0,32010.0,29.0,25830.0,7.3974378779747925,22302810.0,,,,1000.0
2012-09-18T00:00:00,MPC,31.1,28.9,28.9,31.1,31.1,29.7,17050.0,17050.0,0.0,530255000.0,0.0,0.0,0.0,900.0,27990000.0,8.0,28810.0,28.0,28480.0,7.3974378779747925,22302810.0,,,,1000.0
2012-09-19T00:00:00,MPC,32.5,30.1,32.0,32.5,32.5,31.1,31600.0,31600.0,0.0,1027000000.0,0.0,0.0,0.0,0.0,0.0,24.0,40630.0,44.0,41350.0,7.3974378779747925,22305810.0,,,,1000.0
2012-09-20T00:00:00,MPC,34.1,30.9,30.9,34.1,34.1,32.5,23310.0,23310.0,0.0,794871000.0,0.0,650.0,20085000.0,5000.0,170500000.0,12.0,23960.0,39.0,23720.0,7.3974378779747925,22325800.0,,,,1000.0
2012-09-21T00:00:00,MPC,35.8,32.4,32.5,35.8,35.8,34.1,13190.0,13190.0,0.0,472202000.0,0.0,0.0,0.0,0.0,0.0,26.0,24640.0,34.0,18240.0,7.3974378779747925,22332160.0,,,,1000.0
2012-09-24T00:00:00,MPC,37.5,34.1,34.1,37.5,37.5,35.8,30850.0,30850.0,0.0,1156875000.0,0.0,0.0,0.0,6500.0,231300000.0,31.0,43730.0,40.0,55100.0,7.3974378779747925,22333060.0,,,,1000.0
2012-09-25T00:00:00,MPC,37.9,36.0,37.0,37.9,37.9,37.5,63710.0,63710.0,0.0,2414609000.0,0.0,0.0,0.0,6700.0,253220000.0,21.0,77750.0,57.0,127910.0,7.3974378779747925,22333060.0,,,,1000.0
2012-09-26T00:00:00,MPC,38.1,36.4,36.4,38.1,38.1,37.9,29070.0,29070.0,0.0,1107567000.0,0.0,0.0,0.0,500.0,18200000.0,18.0,46740.0,42.0,78920.0,7.3974378779747925,22338060.0,,,,1000.0
2012-09-27T00:00:00,MPC,37.0,36.2,36.3,36.2,36.2,38.1,3504820.0,4820.0,3500000.0,140174484000.0,140000000000.0,0.0,0.0,350000.0,140000000000.0,11.0,8220.0,36.0,70080.0,7.3974378779747925,22338060.0,,,,1000.0
2012-09-28T00:00:00,MPC,34.4,34.4,34.4,34.4,34.4,36.2,1660.0,1660.0,0.0,57104000.0,0.0,0.0,0.0,0.0,0.0,6.0,1660.0,18.0,22770.0,7.3974378779747925,22344560.0,,,,1000.0
2012-10-01T00:00:00,MPC,32.7,32.7,32.7,32.7,32.7,34.4,350.0,350.0,0.0,11445000.0,0.0,0.0,0.0,0.0,0.0,3.0,350.0,11.0,15090.0,7.3974378779747925,22351260.0,,,,1000.0
2012-10-02T00:00:00,MPC,31.2,31.1,31.1,31.2,31.2,32.7,16330.0,16330.0,0.0,509496000.0,0.0,0.0,0.0,15000.0,467527000.0,14.0,18600.0,18.0,30740.0,7.3974378779747925,22351760.0,,,,1000.0
2012-10-03T00:00:00,MPC,31.0,29.8,29.8,31.0,31.0,31.2,6740.0,6740.0,0.0,208940000.0,0.0,0.0,0.0,2070.0,62006000.0,25.0,27280.0,21.0,17300.0,7.3974378779747925,25851760.0,,,,1000.0
2012-10-04T00:00:00,MPC,29.7,29.6,29.7,29.6,29.6,31.0,5000.0,5000.0,0.0,148000000.0,0.0,0.0,0.0,0.0,0.0,15.0,29380.0,10.0,10360.0,7.3974378779747925,25851760.0,,,,1000.0
2012-10-05T00:00:00,MPC,30.5,28.6,29.6,29.0,29.0,29.6,3050.0,3050.0,0.0,88450000.0,0.0,130.0,3778000.0,900.0,25989000.0,26.0,34400.0,30.0,11540.0,7.3974378779747925,25851760.0,,,,1000.0
2012-10-08T00:00:00,MPC,30.4,28.1,30.4,30.1,30.1,29.0,6220.0,6220.0,0.0,187222000.0,0.0,140.0,4256000.0,5000.0,140754000.0,34.0,31810.0,12.0,9110.0,7.3974378779747925,25866490.0,,,,1000.0
2012-10-09T00:00:00,MPC,31.6,28.7,28.7,31.6,31.6,30.1,4820.0,4820.0,0.0,152312000.0,0.0,0.0,0.0,0.0,0.0,26.0,47370.0,17.0,8160.0,7.3974378779747925,25868560.0,,,,1000.0
2012-10-10T00:00:00,MPC,32.5,30.3,30.3,32.5,32.5,31.6,7670.0,7670.0,0.0,249275000.0,0.0,0.0,0.0,5000.0,152500000.0,41.0,90000.0,10.0,9690.0,7.3974378779747925,25868560.0,,,,1000.0
2012-10-11T00:00:00,MPC,34.1,33.5,33.5,34.0,34.0,32.5,16140.0,16140.0,0.0,548760000.0,0.0,0.0,0.0,7150.0,243815000.0,27.0,63610.0,20.0,17450.0,7.3974378779747925,25869460.0,,,,1000.0
2012-10-12T00:00:00,MPC,34.7,34.0,34.0,34.0,34.0,34.0,8790.0,8790.0,0.0,298860000.0,0.0,0.0,0.0,1700.0,58990000.0,20.0,28180.0,14.0,13840.0,7.3974378779747925,25874460.0,,,,1000.0
2012-10-15T00:00:00,MPC,34.1,34.0,34.0,34.1,34.1,34.0,2060.0,2060.0,0.0,70246000.0,0.0,0.0,0.0,1500.0,51040000.0,19.0,15260.0,23.0,4280.0,7.3974378779747925,25874460.0,,,,1000.0
2012-10-16T00:00:00,MPC,35.8,35.0,35.0,35.8,35.8,34.1,9880.0,9880.0,0.0,353704000.0,0.0,0.0,0.0,4520.0,159384000.0,31.0,24050.0,40.0,12220.0,7.3974378779747925,25879460.0,,,,1000.0
2012-10-17T00:00:00,MPC,37.0,35.5,37.0,35.5,35.5,35.8,5490.0,5490.0,0.0,194895000.0,0.0,0.0,0.0,1200.0,42650000.0,14.0,13240.0,28.0,16700.0,7.3974378779747925,25886610.0,,,,1000.0
2012-10-18T00:00:00,MPC,35.8,35.2,35.2,35.3,35.3,35.5,9610.0,9610.0,0.0,339233000.0,0.0,0.0,0.0,3010.0,106590000.0,12.0,12830.0,43.0,34170.0,7.3974378779747925,25888310.0,,,,1000.0
2012-10-19T00:00:00,MPC,36.5,35.5,36.5,35.5,35.5,35.3,210.0,210.0,0.0,7455000.0,0.0,0.0,0.0,190.0,6745000.0,4.0,940.0,31.0,10820.0,7.3974378779747925,25889810.0,,,,1000.0
2012-10-22T00:00:00,MPC,35.0,33.8,33.8,35.0,35.0,35.5,700.0,700.0,0.0,24500000.0,0.0,0.0,0.0,0.0,0.0,7.0,1340.0,16.0,5700.0,7.3974378779747925,25894330.0,,,,1000.0
2012-10-23T00:00:00,MPC,35.4,35.0,35.0,35.4,35.4,35.0,560.0,560.0,0.0,19824000.0,0.0,0.0,0.0,0.0,0.0,6.0,940.0,11.0,9730.0,7.3974378779747925,25895530.0,,,,1000.0
2012-10-24T00:00:00,MPC,36.9,36.9,36.9,36.9,36.9,35.4,30.0,30.0,0.0,1107000.0,0.0,0.0,0.0,0.0,0.0,6.0,910.0,16.0,4570.0,7.3974378779747925,0.0,,,,1000.0
2012-10-25T00:00:00,MPC,38.6,35.1,38.6,35.1,35.1,36.9,29450.0,29450.0,0.0,1033695000.0,0.0,0.0,0.0,3700.0,133865000.0,22.0,45580.0,55.0,45640.0,7.3974378779747925,0.0,,,,1000.0
2012-10-26T00:00:00,MPC,36.0,33.4,36.0,33.4,33.4,35.1,10450.0,10450.0,0.0,349030000.0,0.0,0.0,0.0,0.0,0.0,22.0,10580.0,18.0,48070.0,7.3974378779747925,0.0,,,,1000.0
2012-10-29T00:00:00,MPC,35.0,33.0,35.0,33.0,33.0,33.4,2880.0,2880.0,0.0,95040000.0,0.0,0.0,0.0,0.0,0.0,13.0,5460.0,4.0,15550.0,7.3974378779747925,0.0,,,,1000.0
2012-10-30T00:00:00,MPC,32.4,32.0,32.0,32.4,32.4,33.0,10010.0,10010.0,0.0,324324000.0,0.0,0.0,0.0,0.0,0.0,14.0,18120.0,12.0,39120.0,7.3974378779747925,0.0,,,,1000.0
2012-10-31T00:00:00,MPC,32.3,32.1,32.3,32.3,32.3,32.4,70.0,70.0,0.0,2261000.0,0.0,0.0,0.0,60.0,1938000.0,10.0,1010.0,11.0,4670.0,7.3974378779747925,0.0,,,,1000.0
2012-11-01T00:00:00,MPC,33.0,31.8,31.8,33.0,33.0,32.3,120.0,120.0,0.0,3960000.0,0.0,0.0,0.0,0.0,0.0,9.0,1210.0,10.0,11130.0,7.3974378779747925,0.0,,,,1000.0
2012-11-02T00:00:00,MPC,32.0,32.0,32.0,32.0,32.0,33.0,540.0,540.0,0.0,17280000.0,0.0,0.0,0.0,0.0,0.0,3.0,590.0,10.0,6120.0,7.3974378779747925,0.0,,,,1000.0
2012-11-05T00:00:00,MPC,30.6,30.6,30.6,30.6,30.6,32.0,2450.0,2450.0,0.0,74970000.0,0.0,0.0,0.0,0.0,0.0,6.0,3480.0,6.0,10360.0,7.3974378779747925,0.0,,,,1000.0
2012-11-06T00:00:00,MPC,31.0,29.6,31.0,30.8,30.8,30.6,3160.0,3160.0,0.0,97328000.0,0.0,0.0,0.0,0.0,0.0,13.0,4830.0,11.0,18350.0,7.3974378779747925,0.0,,,,1000.0
2012-11-07T00:00:00,MPC,30.6,29.8,30.6,29.8,29.8,30.8,2100.0,2100.0,0.0,62580000.0,0.0,0.0,0.0,70.0,2086000.0,9.0,3310.0,8.0,11080.0,7.3974378779747925,0.0,,,,1000.0
2012-11-08T00:00:00,MPC,29.8,29.8,29.8,29.8,29.8,29.8,0.0,0.0,0.0,0.0,0.0,0.0,0.0,0.0,0.0,10.0,8050.0,6.0,2340.0,7.3974378779747925,0.0,,,,1000.0
2012-11-09T00:00:00,MPC,30.0,28.5,28.5,30.0,30.0,29.8,2180.0,2180.0,0.0,65400000.0,0.0,0.0,0.0,730.0,20910000.0,20.0,10930.0,11.0,7040.0,7.3974378779747925,0.0,,,,1000.0
2012-11-12T00:00:00,MPC,30.0,30.0,30.0,30.0,30.0,30.0,0.0,0.0,0.0,0.0,0.0,0.0,0.0,0.0,0.0,5.0,1510.0,8.0,5490.0,7.3974378779747925,0.0,,,,1000.0
2012-11-13T00:00:00,MPC,30.0,30.0,30.0,30.0,30.0,30.0,0.0,0.0,0.0,0.0,0.0,0.0,0.0,0.0,0.0,5.0,850.0,7.0,1380.0,7.3974378779747925,0.0,,,,1000.0
2012-11-14T00:00:00,MPC,30.0,28.6,30.0,29.5,29.5,30.0,1370.0,1370.0,0.0,40415000.0,0.0,0.0,0.0,520.0,14995000.0,11.0,1920.0,43.0,6420.0,7.3974378779747925,0.0,,,,1000.0
2012-11-15T00:00:00,MPC,29.0,29.0,29.0,29.0,29.0,29.5,10.0,10.0,0.0,290000.0,0.0,0.0,0.0,0.0,0.0,3.0,1200.0,10.0,2510.0,7.3974378779747925,0.0,,,,1000.0
2012-11-16T00:00:00,MPC,29.0,27.6,28.5,27.6,27.6,29.0,3400.0,3400.0,0.0,93840000.0,0.0,0.0,0.0,2500.0,69094000.0,15.0,7290.0,11.0,4560.0,7.3974378779747925,0.0,,,,1000.0
2012-11-19T00:00:00,MPC,28.0,26.3,26.3,28.0,28.0,27.6,1210.0,1210.0,0.0,33880000.0,0.0,0.0,0.0,350.0,9460000.0,15.0,6480.0,10.0,3250.0,7.3974378779747925,0.0,,,,1000.0
2012-11-20T00:00:00,MPC,28.0,26.6,28.0,28.0,28.0,28.0,1710.0,1710.0,0.0,47880000.0,0.0,0.0,0.0,270.0,7183000.0,19.0,13140.0,16.0,5410.0,7.3974378779747925,0.0,,,,1000.0
2012-11-21T00:00:00,MPC,27.9,26.7,26.8,27.9,27.9,28.0,2310.0,2310.0,0.0,64449000.0,0.0,0.0,0.0,0.0,0.0,17.0,22650.0,11.0,5310.0,7.3974378779747925,0.0,,,,1000.0
2012-11-22T00:00:00,MPC,28.2,28.2,28.2,28.2,28.2,27.9,10.0,10.0,0.0,282000.0,0.0,0.0,0.0,0.0,0.0,10.0,4680.0,8.0,2800.0,7.3974378779747925,0.0,,,,1000.0
2012-11-23T00:00:00,MPC,29.6,27.9,27.9,29.6,29.6,28.2,250.0,250.0,0.0,7400000.0,0.0,0.0,0.0,0.0,0.0,12.0,13460.0,12.0,11380.0,7.3974378779747925,0.0,,,,1000.0
2012-11-26T00:00:00,MPC,30.8,28.2,29.1,29.6,29.6,29.6,820.0,820.0,0.0,24272000.0,0.0,0.0,0.0,0.0,0.0,8.0,1070.0,21.0,3650.0,7.3974378779747925,0.0,,,,1000.0
2012-11-27T00:00:00,MPC,29.7,29.7,29.7,29.7,29.7,29.6,50.0,50.0,0.0,1485000.0,0.0,0.0,0.0,0.0,0.0,2.0,300.0,20.0,23460.0,7.3974378779747925,0.0,,,,1000.0
2012-11-28T00:00:00,MPC,29.7,29.7,29.7,29.7,29.7,29.7,0.0,0.0,0.0,0.0,0.0,0.0,0.0,0.0,0.0,2.0,250.0,11.0,6010.0,7.3974378779747925,0.0,,,,1000.0
2012-11-29T00:00:00,MPC,29.3,28.4,28.4,29.3,29.3,29.7,1030.0,1030.0,0.0,30179000.0,0.0,0.0,0.0,0.0,0.0,5.0,1420.0,14.0,5220.0,7.3974378779747925,0.0,,,,1000.0
2012-11-30T00:00:00,MPC,29.8,29.8,29.8,29.8,29.8,29.3,10.0,10.0,0.0,298000.0,0.0,0.0,0.0,0.0,0.0,6.0,440.0,7.0,600.0,7.3974378779747925,0.0,,,,1000.0
2012-12-03T00:00:00,MPC,29.8,29.8,29.8,29.8,29.8,29.8,0.0,0.0,0.0,0.0,0.0,0.0,0.0,0.0,0.0,2.0,110.0,5.0,3400.0,7.3974378779747925,0.0,,,,1000.0
2012-12-04T00:00:00,MPC,29.8,29.8,29.8,29.8,29.8,29.8,0.0,0.0,0.0,0.0,0.0,0.0,0.0,0.0,0.0,3.0,460.0,9.0,4550.0,7.3974378779747925,0.0,,,,1000.0
2012-12-05T00:00:00,MPC,29.8,29.8,29.8,29.8,29.8,29.8,0.0,0.0,0.0,0.0,0.0,0.0,0.0,0.0,0.0,2.0,270.0,10.0,5730.0,7.3974378779747925,0.0,,,,1000.0
2012-12-06T00:00:00,MPC,29.7,28.4,28.5,29.7,29.7,29.8,430.0,430.0,0.0,12771000.0,0.0,0.0,0.0,100.0,2840000.0,5.0,600.0,10.0,4970.0,7.3974378779747925,0.0,,,,1000.0
2012-12-07T00:00:00,MPC,28.3,28.3,28.3,28.3,28.3,29.7,2390.0,2390.0,0.0,67637000.0,0.0,0.0,0.0,500.0,14150000.0,8.0,2410.0,19.0,18340.0,7.3974378779747925,0.0,,,,1000.0
2012-12-10T00:00:00,MPC,28.8,28.8,28.8,28.8,28.8,28.3,10.0,10.0,0.0,288000.0,0.0,0.0,0.0,0.0,0.0,7.0,1450.0,13.0,7130.0,7.3974378779747925,0.0,,,,1000.0
2012-12-11T00:00:00,MPC,27.9,27.6,27.6,27.9,27.9,28.8,5420.0,5420.0,0.0,151218000.0,0.0,0.0,0.0,2800.0,78120000.0,13.0,14980.0,13.0,21470.0,7.3974378779747925,0.0,,,,1000.0
2012-12-12T00:00:00,MPC,27.9,27.3,27.3,27.5,27.5,27.9,5130.0,5130.0,0.0,141075000.0,0.0,0.0,0.0,5000.0,139400000.0,17.0,15590.0,12.0,7070.0,7.3974378779747925,0.0,,,,1000.0
2012-12-13T00:00:00,MPC,28.6,27.4,28.6,28.5,28.5,27.5,1080.0,1080.0,0.0,30780000.0,0.0,0.0,0.0,400.0,11110000.0,14.0,15120.0,14.0,3230.0,7.3974378779747925,0.0,,,,1000.0
2012-12-14T00:00:00,MPC,29.9,28.5,28.5,29.9,29.9,28.5,8070.0,8070.0,0.0,241293000.0,0.0,0.0,0.0,300.0,8550000.0,37.0,22840.0,16.0,8080.0,7.3974378779747925,0.0,,,,1000.0
2012-12-17T00:00:00,MPC,31.3,31.3,31.3,31.3,31.3,29.9,26660.0,26660.0,0.0,834458000.0,0.0,0.0,0.0,0.0,0.0,52.0,70940.0,10.0,26660.0,7.3974378779747925,0.0,,,,1000.0
2012-12-18T00:00:00,MPC,32.8,32.2,32.8,32.8,32.8,31.3,23870.0,23870.0,0.0,782936000.0,0.0,0.0,0.0,0.0,0.0,48.0,57520.0,17.0,61610.0,7.3974378779747925,0.0,,,,1000.0
2012-12-19T00:00:00,MPC,33.8,32.1,33.8,32.1,32.1,32.8,13710.0,13710.0,0.0,440091000.0,0.0,0.0,0.0,0.0,0.0,34.0,27260.0,38.0,51190.0,7.3974378779747925,0.0,,,,1000.0
2012-12-20T00:00:00,MPC,31.6,31.0,31.5,31.0,31.0,32.1,10510.0,10510.0,0.0,325810000.0,0.0,0.0,0.0,0.0,0.0,13.0,14270.0,31.0,28490.0,7.3974378779747925,0.0,,,,1000.0
2012-12-21T00:00:00,MPC,31.3,29.8,29.8,31.3,31.3,31.0,4790.0,4790.0,0.0,149927000.0,0.0,0.0,0.0,0.0,0.0,25.0,14190.0,23.0,16430.0,7.3974378779747925,0.0,,,,1000.0
2012-12-24T00:00:00,MPC,31.6,30.6,31.6,31.2,31.2,31.3,12630.0,12630.0,0.0,394056000.0,0.0,0.0,0.0,0.0,0.0,33.0,24050.0,28.0,53520.0,7.3974378779747925,0.0,,,,1000.0
2012-12-25T00:00:00,MPC,29.5,28.1,28.1,29.5,29.5,31.2,4450.0,4450.0,0.0,131275000.0,0.0,0.0,0.0,0.0,0.0,23.0,9140.0,24.0,22330.0,6.804694458265289,25916030.0,,,,1000.0
2012-12-26T00:00:00,MPC,29.5,29.4,29.4,29.5,29.5,29.5,110.0,110.0,0.0,3245000.0,0.0,0.0,0.0,0.0,0.0,10.0,7300.0,20.0,13770.0,6.804694458265289,25916030.0,,,,1000.0
2012-12-27T00:00:00,MPC,30.8,28.4,29.5,28.4,28.4,29.5,4190.0,4190.0,0.0,118996000.0,0.0,0.0,0.0,0.0,0.0,24.0,26480.0,32.0,25480.0,6.804694458265289,25916030.0,,,,1000.0
2012-12-28T00:00:00,MPC,29.8,28.4,28.4,29.8,29.8,28.4,28580.0,28580.0,0.0,851684000.0,0.0,3220.0,93380000.0,0.0,0.0,48.0,57110.0,20.0,28580.0,6.804694458265289,25912810.0,,,,1000.0
2013-01-02T00:00:00,MPC,31.2,30.0,31.0,31.2,31.2,29.8,2550.0,2550.0,0.0,79560000.0,0.0,0.0,0.0,0.0,0.0,25.0,13370.0,10.0,2550.0,6.804694458265289,25912810.0,,,,1000.0
2013-01-03T00:00:00,MPC,32.5,31.3,31.9,31.4,31.4,31.2,6170.0,6170.0,0.0,193738000.0,0.0,0.0,0.0,0.0,0.0,22.0,14160.0,45.0,47610.0,6.804694458265289,25912810.0,,,,1000.0
2013-01-04T00:00:00,MPC,32.0,30.7,32.0,30.7,30.7,31.4,9560.0,9560.0,0.0,293492000.0,0.0,0.0,0.0,0.0,0.0,26.0,17990.0,36.0,36770.0,6.804694458265289,25912810.0,,,,1000.0
2013-01-07T00:00:00,MPC,31.5,29.6,31.5,29.6,29.6,30.7,3720.0,3720.0,0.0,110112000.0,0.0,10.0,315000.0,0.0,0.0,23.0,8510.0,31.0,20080.0,6.804694458265289,25912800.0,,,,1000.0
2013-01-08T00:00:00,MPC,29.5,28.4,29.5,29.4,29.4,29.6,3940.0,3940.0,0.0,115836000.0,0.0,0.0,0.0,0.0,0.0,36.0,12110.0,34.0,23630.0,6.804694458265289,25912800.0,,,,1000.0
2013-01-09T00:00:00,MPC,30.8,29.7,30.8,29.7,29.7,29.4,480.0,480.0,0.0,14256000.0,0.0,0.0,0.0,0.0,0.0,17.0,27430.0,15.0,13560.0,6.804694458265289,25912800.0,,,,1000.0
2013-01-10T00:00:00,MPC,30.8,28.5,30.8,28.6,28.6,29.7,5320.0,5320.0,0.0,152152000.0,0.0,1160.0,33176000.0,0.0,0.0,28.0,12650.0,31.0,21400.0,6.804694458265289,25911640.0,,,,1000.0
2013-01-11T00:00:00,MPC,29.5,28.6,28.6,29.0,29.0,28.6,6490.0,6490.0,0.0,188210000.0,0.0,2400.0,69380000.0,200.0,5800000.0,17.0,18740.0,18.0,11800.0,6.804694458265289,25909240.0,,,,1000.0
2013-01-14T00:00:00,MPC,29.8,28.4,29.8,28.6,28.6,29.0,2010.0,2010.0,0.0,57486000.0,0.0,410.0,11726000.0,0.0,0.0,24.0,14770.0,16.0,9570.0,6.804694458265289,25908830.0,,,,1000.0
2013-01-15T00:00:00,MPC,29.5,27.0,27.5,29.2,29.2,28.6,960.0,960.0,0.0,28032000.0,0.0,0.0,0.0,0.0,0.0,19.0,4910.0,14.0,3810.0,6.804694458265289,25908830.0,,,,1000.0
2013-01-16T00:00:00,MPC,29.0,28.0,28.0,28.8,28.8,29.2,8340.0,8340.0,0.0,240192000.0,0.0,0.0,0.0,7070.0,205030000.0,40.0,17490.0,27.0,31580.0,6.804694458265289,25908830.0,,,,1000.0
2013-01-17T00:00:00,MPC,28.7,27.5,27.5,28.0,28.0,28.8,1090.0,1090.0,0.0,30520000.0,0.0,0.0,0.0,0.0,0.0,23.0,12420.0,19.0,18470.0,6.804694458265289,25909030.0,,,,1000.0
2013-01-18T00:00:00,MPC,29.0,28.0,28.0,28.5,28.5,28.0,2020.0,2020.0,0.0,57570000.0,0.0,0.0,0.0,0.0,0.0,15.0,4920.0,10.0,17510.0,6.804694458265289,25909030.0,,,,1000.0
2013-01-21T00:00:00,MPC,28.0,27.6,27.8,27.6,27.6,28.5,3340.0,3340.0,0.0,92184000.0,0.0,2000.0,55300000.0,1000.0,27800000.0,27.0,8120.0,15.0,17090.0,6.804694458265289,25907030.0,,,,1000.0
2013-01-22T00:00:00,MPC,28.0,27.5,28.0,27.6,27.6,27.6,1190.0,1190.0,0.0,32844000.0,0.0,0.0,0.0,0.0,0.0,14.0,2390.0,14.0,12200.0,6.804694458265289,25914100.0,,,,1000.0
2013-01-23T00:00:00,MPC,27.9,27.6,27.6,27.9,27.9,27.6,1470.0,1470.0,0.0,41013000.0,0.0,320.0,8832000.0,100.0,2760000.0,5.0,21310.0,11.0,3120.0,6.804694458265289,25913780.0,,,,1000.0
2013-01-24T00:00:00,MPC,28.0,26.2,28.0,26.2,26.2,27.9,4210.0,4210.0,0.0,110302000.0,0.0,0.0,0.0,1210.0,31720000.0,21.0,8440.0,13.0,8240.0,6.804694458265289,25913780.0,,,,1000.0
2013-01-25T00:00:00,MPC,27.5,27.0,27.4,27.5,27.5,26.2,4500.0,4500.0,0.0,123750000.0,0.0,930.0,25110000.0,1600.0,43420000.0,28.0,35060.0,31.0,59330.0,6.804694458265289,25913850.0,,,,1000.0
2013-01-28T00:00:00,MPC,27.8,27.5,27.8,27.8,27.8,27.5,11030.0,11030.0,0.0,306634000.0,0.0,0.0,73975000.0,8090.0,224502000.0,20.0,23300.0,35.0,42270.0,6.804694458265289,25911260.0,,,,1000.0
2013-01-29T00:00:00,MPC,27.4,26.2,26.2,27.0,27.0,27.8,4470.0,4470.0,0.0,120690000.0,0.0,0.0,0.0,2240.0,60128000.0,30.0,8680.0,31.0,18580.0,6.804694458265289,25911260.0,,,,1000.0
2013-01-30T00:00:00,MPC,27.8,27.5,27.5,27.5,27.5,27.0,19250.0,19250.0,0.0,529375000.0,0.0,16510.0,454025000.0,7810.0,215455000.0,13.0,23750.0,29.0,36120.0,6.804694458265289,25895960.0,,,,1000.0
2013-01-31T00:00:00,MPC,27.5,27.0,27.5,27.0,27.0,27.5,1700.0,1700.0,0.0,45900000.0,0.0,0.0,0.0,500.0,13605000.0,16.0,18460.0,18.0,16360.0,6.804694458265289,25897560.0,,,,1000.0
2013-02-01T00:00:00,MPC,27.5,26.0,27.5,27.0,27.0,27.0,19320.0,19320.0,0.0,521640000.0,0.0,17000.0,467500000.0,2220.0,59940000.0,22.0,26830.0,31.0,47280.0,6.804694458265289,25888650.0,,,,1000.0
2013-02-04T00:00:00,MPC,27.5,26.1,27.5,27.0,27.0,27.0,6800.0,6800.0,0.0,183600000.0,0.0,0.0,0.0,1900.0,49910000.0,22.0,60590.0,32.0,23390.0,6.804694458265289,25890890.0,,,,1000.0
2013-02-05T00:00:00,MPC,27.0,25.8,25.8,26.2,26.2,27.0,800.0,800.0,0.0,20960000.0,0.0,0.0,0.0,300.0,7900000.0,24.0,6940.0,16.0,10610.0,6.804694458265289,25898700.0,,,,1000.0
2013-02-06T00:00:00,MPC,28.0,27.1,28.0,27.1,27.1,26.2,54720.0,54720.0,0.0,1482912000.0,0.0,0.0,0.0,33820.0,934581000.0,40.0,82980.0,48.0,134490.0,6.804694458265289,25899200.0,,,,1000.0
2013-02-07T00:00:00,MPC,29.0,27.5,28.8,27.8,27.8,27.1,29230.0,29230.0,0.0,812594000.0,0.0,0.0,0.0,18500.0,515602000.0,33.0,66720.0,29.0,40580.0,6.804694458265289,25901420.0,,,,1000.0
2013-02-08T00:00:00,MPC,28.4,27.8,27.8,28.4,28.4,27.8,3990.0,3990.0,0.0,113316000.0,0.0,770.0,21406000.0,1100.0,30850000.0,22.0,18920.0,23.0,8450.0,6.804694458265289,25902550.0,,,,1000.0
2013-02-18T00:00:00,MPC,30.2,28.5,30.0,30.2,30.2,28.4,23780.0,23780.0,0.0,718156000.0,0.0,0.0,0.0,7090.0,208568000.0,21.0,62300.0,58.0,28110.0,6.804694458265289,25902850.0,,,,1000.0
2013-02-19T00:00:00,MPC,30.2,29.0,30.2,30.0,30.0,30.2,11410.0,11410.0,0.0,342300000.0,0.0,1000.0,30200000.0,3000.0,87810000.0,27.0,23380.0,49.0,42990.0,6.804694458265289,25935670.0,,,,1000.0
2013-02-20T00:00:00,MPC,30.0,28.0,30.0,28.0,28.0,30.0,21330.0,21330.0,0.0,597240000.0,0.0,5230.0,156600000.0,5500.0,155605000.0,47.0,26710.0,62.0,71200.0,6.804694458265289,25948940.0,,,,1000.0
2013-02-21T00:00:00,MPC,28.1,26.3,28.0,26.3,26.3,28.0,13360.0,13360.0,0.0,351368000.0,0.0,1000.0,28000000.0,0.0,0.0,35.0,22480.0,24.0,61860.0,6.804694458265289,25949040.0,,,,1000.0
2013-02-22T00:00:00,MPC,26.5,26.0,26.3,26.0,26.0,26.3,25060.0,25060.0,0.0,651560000.0,0.0,1000.0,26300000.0,0.0,0.0,43.0,45250.0,29.0,77430.0,6.804694458265289,25955130.0,,,,1000.0
2013-02-25T00:00:00,MPC,27.0,26.0,26.0,27.0,27.0,26.0,1110.0,1110.0,0.0,29970000.0,0.0,1000.0,26000000.0,0.0,0.0,16.0,17580.0,10.0,4460.0,6.804694458265289,25957130.0,,,,1000.0
2013-02-26T00:00:00,MPC,27.0,25.2,27.0,25.6,25.6,27.0,72430.0,72430.0,0.0,1854208000.0,0.0,6000.0,153000000.0,0.0,0.0,44.0,84940.0,41.0,92490.0,6.804694458265289,25956630.0,,,,1000.0
2013-02-27T00:00:00,MPC,26.0,25.5,26.0,25.9,25.9,25.6,1020.0,1020.0,0.0,26418000.0,0.0,0.0,0.0,0.0,0.0,13.0,13610.0,23.0,6710.0,6.804694458265289,25956630.0,,,,1000.0
2013-02-28T00:00:00,MPC,26.8,24.3,24.3,26.8,26.8,25.9,5470.0,5470.0,0.0,146596000.0,0.0,187.0,5000000.0,0.0,0.0,40.0,13260.0,32.0,22450.0,6.804694458265289,25956430.0,,,,1000.0
2013-03-01T00:00:00,MPC,26.1,25.0,26.1,25.0,25.0,26.8,2350.0,2350.0,0.0,58750000.0,0.0,0.0,0.0,0.0,0.0,18.0,2700.0,39.0,23240.0,6.804694458265289,25956430.0,,,,1000.0
2013-03-04T00:00:00,MPC,26.2,24.0,26.2,24.0,24.0,25.0,1000.0,1000.0,0.0,24000000.0,0.0,100.0,2620000.0,0.0,0.0,8.0,12100.0,41.0,31680.0,6.804694458265289,25956330.0,,,,1000.0
2013-03-05T00:00:00,MPC,24.8,23.0,24.1,23.0,23.0,24.0,9660.0,9660.0,0.0,222180000.0,0.0,1000.0,24000000.0,0.0,0.0,24.0,23330.0,28.0,32290.0,6.804694458265289,25955330.0,,,,1000.0
2013-03-06T00:00:00,MPC,24.0,23.0,23.1,23.9,23.9,23.0,2890.0,2890.0,0.0,69071000.0,0.0,1000.0,23000000.0,0.0,0.0,19.0,20850.0,20.0,9560.0,6.804694458265289,25954330.0,,,,1000.0
2013-03-07T00:00:00,MPC,25.0,23.9,23.9,25.0,25.0,23.9,1260.0,1260.0,0.0,31500000.0,0.0,1000.0,23900000.0,0.0,0.0,17.0,4760.0,18.0,12180.0,6.804694458265289,25953330.0,,,,1000.0
2013-03-08T00:00:00,MPC,25.9,23.3,25.0,23.3,23.3,25.0,7240.0,7240.0,0.0,168692000.0,0.0,0.0,0.0,0.0,0.0,35.0,20330.0,31.0,24830.0,6.804694458265289,25953330.0,,,,1000.0
2013-03-11T00:00:00,MPC,23.9,22.5,22.7,23.9,23.9,23.3,7650.0,7650.0,0.0,182835000.0,0.0,0.0,0.0,0.0,0.0,40.0,30900.0,24.0,13380.0,6.804694458265289,25953330.0,,,,1000.0
2013-03-12T00:00:00,MPC,23.9,22.6,22.6,23.9,23.9,23.9,360.0,360.0,0.0,8604000.0,0.0,0.0,0.0,0.0,0.0,30.0,21760.0,13.0,3680.0,6.804694458265289,25953330.0,,,,1000.0
2013-03-13T00:00:00,MPC,23.9,23.3,23.4,23.3,23.3,23.9,1560.0,1560.0,0.0,36348000.0,0.0,0.0,0.0,1150.0,26795000.0,17.0,3130.0,22.0,4890.0,6.804694458265289,25953330.0,,,,1000.0
2013-03-14T00:00:00,MPC,24.0,23.3,24.0,23.3,23.3,23.3,960.0,960.0,0.0,22368000.0,0.0,0.0,0.0,0.0,0.0,16.0,7350.0,16.0,8350.0,6.804694458265289,25953330.0,,,,1000.0
2013-03-15T00:00:00,MPC,24.2,22.0,24.2,23.4,23.4,23.3,6090.0,6090.0,0.0,142506000.0,0.0,3150.0,74025000.0,0.0,0.0,36.0,16910.0,30.0,13650.0,6.804694458265289,25950180.0,0.0,0.0,0.0,1000.0
2013-03-18T00:00:00,MPC,23.8,22.5,22.5,23.8,23.8,23.4,540.0,540.0,0.0,12852000.0,0.0,0.0,0.0,200.0,4560000.0,21.0,9090.0,18.0,8670.0,6.804694458265289,25950180.0,,,,1000.0
2013-03-19T00:00:00,MPC,23.0,22.6,23.0,22.6,22.6,23.8,1110.0,1110.0,0.0,25086000.0,0.0,0.0,0.0,0.0,0.0,15.0,2070.0,12.0,4250.0,6.804694458265289,25951330.0,,,,1000.0
2013-03-20T00:00:00,MPC,23.5,22.0,23.5,23.2,23.2,22.6,780.0,780.0,0.0,18096000.0,0.0,0.0,0.0,0.0,0.0,26.0,22740.0,27.0,10710.0,6.804694458265289,25951330.0,,,,1000.0
2013-03-21T00:00:00,MPC,23.2,22.2,23.2,22.2,22.2,23.2,3980.0,3980.0,0.0,88356000.0,0.0,990.0,22077000.0,0.0,0.0,23.0,17060.0,29.0,12910.0,6.804694458265289,25950340.0,,,,1000.0
2013-03-22T00:00:00,MPC,22.8,21.4,21.4,22.2,22.2,22.2,3340.0,3340.0,0.0,74148000.0,0.0,2000.0,44400000.0,0.0,0.0,17.0,11120.0,24.0,12710.0,6.804694458265289,25948540.0,,,,1000.0
2013-03-25T00:00:00,MPC,22.2,21.4,21.6,22.2,22.2,22.2,3370.0,3370.0,0.0,74814000.0,0.0,0.0,0.0,0.0,0.0,23.0,17260.0,19.0,4300.0,6.804694458265289,25948540.0,,,,1000.0
2013-03-26T00:00:00,MPC,22.2,21.0,21.3,22.2,22.2,22.2,1740.0,1740.0,0.0,38628000.0,0.0,0.0,0.0,480.0,10253000.0,19.0,6620.0,37.0,11080.0,6.804694458265289,25948540.0,,,,1000.0
2013-03-27T00:00:00,MPC,21.8,21.0,21.0,21.2,21.2,22.2,2150.0,2150.0,0.0,45580000.0,0.0,0.0,0.0,1940.0,40750000.0,17.0,5930.0,22.0,5750.0,6.804694458265289,25948540.0,,,,1000.0
2013-03-28T00:00:00,MPC,21.8,20.8,21.0,21.8,21.8,21.2,9810.0,9810.0,0.0,213858000.0,0.0,0.0,0.0,3080.0,65080000.0,21.0,30720.0,24.0,14670.0,6.804694458265289,25948540.0,,,,1000.0
2013-03-29T00:00:00,MPC,22.0,21.7,21.8,21.9,21.9,21.8,5620.0,5620.0,0.0,123078000.0,0.0,4000.0,87612000.0,0.0,0.0,14.0,8960.0,22.0,7760.0,6.804694458265289,25944540.0,,,,1000.0
2013-04-01T00:00:00,MPC,22.5,21.0,21.9,21.0,21.0,21.9,1210.0,1210.0,0.0,25410000.0,0.0,0.0,0.0,1000.0,21900000.0,17.0,17600.0,24.0,10060.0,6.804694458265289,25945020.0,,,,1000.0
2013-04-02T00:00:00,MPC,22.4,22.0,22.0,22.4,22.4,21.0,45480.0,45480.0,0.0,1018752000.0,0.0,0.0,0.0,0.0,0.0,82.0,156890.0,30.0,45480.0,6.804694458265289,25946960.0,,,,1000.0
2013-04-03T00:00:00,MPC,23.9,23.9,23.9,23.9,23.9,22.4,3170.0,3170.0,0.0,75763000.0,0.0,0.0,0.0,0.0,0.0,75.0,237030.0,9.0,3170.0,6.804694458265289,25950040.0,,,,1000.0
2013-04-04T00:00:00,MPC,25.5,25.5,25.5,25.5,25.5,23.9,5210.0,5210.0,0.0,132855000.0,0.0,0.0,0.0,0.0,0.0,50.0,104270.0,15.0,5210.0,6.804694458265289,25950040.0,,,,1000.0
2013-04-05T00:00:00,MPC,27.2,26.4,27.2,27.2,27.2,25.5,54570.0,54570.0,0.0,1484304000.0,0.0,0.0,0.0,25990.0,706928000.0,92.0,148390.0,73.0,57880.0,6.804694458265289,25951040.0,,,,1000.0
2013-04-08T00:00:00,MPC,29.0,27.4,29.0,28.6,28.6,27.2,15640.0,15640.0,0.0,447304000.0,0.0,0.0,0.0,380.0,10888000.0,42.0,46080.0,49.0,40750.0,6.804694458265289,25951040.0,,,,1000.0
2013-04-09T00:00:00,MPC,30.2,28.0,28.0,30.0,30.0,28.6,42730.0,42730.0,0.0,1281900000.0,0.0,5000.0,147500000.0,3500.0,101500000.0,51.0,81980.0,81.0,81540.0,6.804694458265289,25946040.0,,,,1000.0
2013-04-10T00:00:00,MPC,31.8,30.0,30.0,30.4,30.4,30.0,101910.0,101910.0,0.0,3098064000.0,0.0,18010.0,558638000.0,22570.0,695736000.0,61.0,145100.0,117.0,198070.0,6.804694458265289,0.0,,,,1000.0
2013-04-11T00:00:00,MPC,30.8,28.8,30.7,30.5,30.5,30.4,66450.0,66450.0,0.0,2026725000.0,0.0,0.0,0.0,15000.0,457000000.0,23.0,79940.0,95.0,120330.0,6.804694458265289,25954020.0,,,,1000.0
2013-04-12T00:00:00,MPC,30.6,29.6,30.4,30.5,30.5,30.5,57000.0,57000.0,0.0,1738500000.0,0.0,0.0,0.0,1000.0,30500000.0,29.0,85100.0,68.0,96430.0,6.804694458265289,25954400.0,,,,1000.0
2013-04-15T00:00:00,MPC,30.5,30.0,30.5,30.4,30.4,30.5,34030.0,34030.0,0.0,1034512000.0,0.0,0.0,0.0,0.0,0.0,13.0,54700.0,60.0,84110.0,6.804694458265289,25980470.0,,,,1000.0
2013-04-16T00:00:00,MPC,30.3,29.0,29.5,30.2,30.2,30.4,53250.0,53250.0,0.0,1608150000.0,0.0,0.0,0.0,10640.0,320577000.0,22.0,77690.0,58.0,107570.0,6.804694458265289,25980470.0,,,,1000.0
2013-04-17T00:00:00,MPC,30.5,29.0,30.5,30.1,30.1,30.2,53210.0,53210.0,0.0,1601621000.0,0.0,0.0,0.0,14600.0,438460000.0,14.0,79200.0,63.0,125590.0,6.804694458265289,25995470.0,,,,1000.0
2013-04-18T00:00:00,MPC,30.0,28.5,29.1,28.5,28.5,30.1,54230.0,54230.0,0.0,1545555000.0,0.0,0.0,0.0,17300.0,498805000.0,17.0,74490.0,75.0,171350.0,6.804694458265289,25996470.0,,,,1000.0
2013-04-22T00:00:00,MPC,28.8,27.0,28.7,28.8,28.8,28.5,45560.0,45560.0,0.0,1312128000.0,0.0,0.0,0.0,10000.0,286454000.0,14.0,53130.0,74.0,104440.0,6.804694458265289,25996470.0,,,,1000.0
2013-04-23T00:00:00,MPC,29.0,27.5,28.9,28.9,28.9,28.8,40140.0,40140.0,0.0,1160046000.0,0.0,0.0,0.0,1000.0,29000000.0,14.0,55130.0,42.0,100440.0,6.804694458265289,26007110.0,,,,1000.0
2013-04-24T00:00:00,MPC,29.9,28.8,28.8,28.9,28.9,28.9,12460.0,12460.0,0.0,360094000.0,0.0,0.0,0.0,0.0,0.0,10.0,21810.0,43.0,107100.0,6.804694458265289,26021710.0,,,,1000.0
2013-04-25T00:00:00,MPC,29.1,28.9,29.1,28.9,28.9,28.9,50000.0,50000.0,0.0,1445000000.0,0.0,0.0,0.0,0.0,0.0,12.0,62500.0,40.0,181400.0,6.804694458265289,26039010.0,,,,1000.0
2013-04-26T00:00:00,MPC,28.9,28.8,28.9,28.8,28.8,28.9,50000.0,50000.0,0.0,1440000000.0,0.0,0.0,0.0,0.0,0.0,11.0,76050.0,33.0,148750.0,6.804694458265289,26049010.0,,,,1000.0
2013-05-02T00:00:00,MPC,28.8,26.8,28.8,26.8,26.8,28.8,87260.0,87260.0,0.0,2338568000.0,0.0,0.0,0.0,15050.0,403340000.0,19.0,88260.0,63.0,187620.0,6.804694458265289,26050010.0,,,,1000.0
2013-05-03T00:00:00,MPC,28.0,25.1,25.1,28.0,28.0,26.8,14710.0,14710.0,0.0,411880000.0,0.0,0.0,0.0,1000.0,28000000.0,14.0,85420.0,25.0,35940.0,6.804694458265289,26050010.0,,,,1000.0
2013-05-06T00:00:00,MPC,28.3,28.0,28.0,28.3,28.3,28.0,48140.0,48140.0,0.0,1362362000.0,0.0,0.0,0.0,0.0,0.0,8.0,51020.0,29.0,76110.0,6.804694458265289,26050010.0,,,,1000.0
2013-05-07T00:00:00,MPC,28.6,28.0,28.0,28.6,28.6,28.3,46690.0,46690.0,0.0,1335334000.0,0.0,0.0,0.0,2000.0,56000000.0,9.0,50550.0,34.0,83960.0,6.804694458265289,26050010.0,,,,1000.0
2013-05-08T00:00:00,MPC,28.9,27.0,28.9,27.0,27.0,28.6,2310.0,2310.0,0.0,62370000.0,0.0,0.0,0.0,210.0,5838000.0,9.0,3240.0,28.0,113340.0,6.804694458265289,26065060.0,,,,1000.0
2013-05-09T00:00:00,MPC,27.0,26.6,26.6,27.0,27.0,27.0,1460.0,1460.0,0.0,39420000.0,0.0,0.0,0.0,300.0,7980000.0,17.0,83220.0,18.0,48450.0,6.804694458265289,26066060.0,,,,1000.0
2013-05-10T00:00:00,MPC,27.0,26.3,27.0,26.3,26.3,27.0,5660.0,5660.0,0.0,148858000.0,0.0,0.0,0.0,800.0,21600000.0,14.0,28040.0,24.0,43270.0,6.804694458265289,26066060.0,,,,1000.0
2013-05-13T00:00:00,MPC,27.9,24.5,24.5,27.9,27.9,26.3,430.0,430.0,0.0,11997000.0,0.0,0.0,0.0,0.0,0.0,17.0,35760.0,11.0,15590.0,6.804694458265289,26068060.0,,,,1000.0
2013-05-14T00:00:00,MPC,26.0,26.0,26.0,26.0,26.0,27.9,13240.0,13240.0,0.0,344240000.0,0.0,0.0,0.0,7330.0,190580000.0,4.0,32110.0,21.0,36730.0,6.804694458265289,26068270.0,,,,1000.0
2013-05-15T00:00:00,MPC,25.2,24.2,24.2,25.2,25.2,26.0,1700.0,1700.0,0.0,42840000.0,0.0,0.0,0.0,0.0,0.0,12.0,45280.0,14.0,11120.0,6.804694458265289,26068570.0,,,,1000.0
2013-05-16T00:00:00,MPC,25.2,24.0,24.0,25.1,25.1,25.2,13910.0,13910.0,0.0,349141000.0,0.0,0.0,0.0,12550.0,312125000.0,16.0,54600.0,13.0,15300.0,6.804694458265289,26069370.0,,,,1000.0
2013-05-17T00:00:00,MPC,25.0,24.0,25.0,24.5,24.5,25.1,8920.0,8920.0,0.0,218540000.0,0.0,0.0,0.0,0.0,0.0,16.0,64830.0,12.0,10590.0,6.804694458265289,26069370.0,,,,1000.0
2013-05-20T00:00:00,MPC,26.2,24.5,24.5,26.2,26.2,24.5,1540.0,1540.0,0.0,40348000.0,0.0,520.0,12740000.0,0.0,0.0,13.0,41150.0,5.0,1550.0,6.804694458265289,26076180.0,,,,1000.0
2013-05-21T00:00:00,MPC,26.2,26.1,26.2,26.2,26.2,26.2,5550.0,5550.0,0.0,145410000.0,0.0,0.0,0.0,5000.0,131000000.0,14.0,52820.0,13.0,16810.0,6.804694458265289,26076180.0,,,,1000.0
2013-05-22T00:00:00,MPC,26.2,26.0,26.2,26.0,26.0,26.2,300.0,300.0,0.0,7800000.0,0.0,0.0,0.0,0.0,0.0,6.0,39800.0,8.0,8100.0,6.804694458265289,26088730.0,,,,1000.0
2013-05-23T00:00:00,MPC,26.0,25.0,25.0,26.0,26.0,26.0,320.0,320.0,0.0,8320000.0,0.0,0.0,0.0,100.0,2500000.0,11.0,25990.0,14.0,5270.0,6.804694458265289,26088730.0,,,,1000.0
2013-05-24T00:00:00,MPC,27.5,26.0,26.0,26.0,26.0,26.0,750.0,750.0,0.0,19500000.0,0.0,0.0,0.0,0.0,0.0,4.0,15160.0,11.0,6690.0,6.804694458265289,26088730.0,,,,1000.0
2013-05-27T00:00:00,MPC,26.8,26.0,26.0,26.8,26.8,26.0,10.0,10.0,0.0,268000.0,0.0,0.0,0.0,0.0,0.0,11.0,34000.0,10.0,7750.0,6.804694458265289,26093730.0,,,,1000.0
2013-05-28T00:00:00,MPC,26.5,26.0,26.0,26.5,26.5,26.8,5620.0,5620.0,0.0,148930000.0,0.0,0.0,0.0,0.0,0.0,5.0,27530.0,10.0,7610.0,6.804694458265289,26093730.0,,,,1000.0
2013-05-29T00:00:00,MPC,26.5,26.5,26.5,26.5,26.5,26.5,3550.0,3550.0,0.0,94075000.0,0.0,100.0,2650000.0,100.0,2650000.0,4.0,20100.0,13.0,6310.0,6.804694458265289,26093730.0,,,,1000.0
2013-05-30T00:00:00,MPC,28.2,24.8,24.8,26.5,26.5,26.5,3550.0,3550.0,0.0,94075000.0,0.0,0.0,0.0,3000.0,74400000.0,20.0,26490.0,17.0,8150.0,6.804694458265289,26093730.0,,,,1000.0
2013-05-31T00:00:00,MPC,28.1,26.5,26.5,27.9,27.9,26.5,990.0,990.0,0.0,27621000.0,0.0,0.0,0.0,0.0,0.0,8.0,15150.0,13.0,5960.0,6.804694458265289,26093730.0,,,,1000.0
2013-06-03T00:00:00,MPC,29.0,29.0,29.0,29.0,29.0,27.9,10.0,10.0,0.0,290000.0,0.0,0.0,0.0,0.0,0.0,6.0,20570.0,13.0,4170.0,6.804694458265289,26093730.0,,,,1000.0
2013-06-04T00:00:00,MPC,27.0,27.0,27.0,27.0,27.0,29.0,3300.0,3300.0,0.0,89100000.0,0.0,0.0,0.0,0.0,0.0,2.0,3860.0,30.0,9000.0,6.804694458265289,26093830.0,,,,1000.0
2013-06-05T00:00:00,MPC,26.5,25.6,25.6,26.5,26.5,27.0,1270.0,1270.0,0.0,33655000.0,0.0,0.0,0.0,0.0,0.0,7.0,17870.0,10.0,3280.0,6.804694458265289,26096830.0,,,,1000.0
2013-06-06T00:00:00,MPC,26.5,26.0,26.0,26.5,26.5,26.5,3440.0,3440.0,0.0,91160000.0,0.0,0.0,0.0,0.0,0.0,10.0,32310.0,11.0,8260.0,6.804694458265289,26096830.0,,,,1000.0
2013-06-07T00:00:00,MPC,26.0,26.0,26.0,26.0,26.0,26.5,3780.0,3780.0,0.0,98280000.0,0.0,0.0,0.0,0.0,0.0,6.0,10270.0,13.0,10250.0,6.804694458265289,26096830.0,,,,1000.0
2013-06-10T00:00:00,MPC,26.0,26.0,26.0,26.0,26.0,26.0,0.0,0.0,0.0,0.0,0.0,0.0,0.0,0.0,0.0,7.0,20700.0,4.0,1190.0,6.804694458265289,26096830.0,,,,1000.0
2013-06-11T00:00:00,MPC,26.7,24.2,24.2,26.0,26.0,26.0,1700.0,1700.0,0.0,44200000.0,0.0,0.0,0.0,1000.0,26500000.0,13.0,31960.0,11.0,6530.0,6.804694458265289,0.0,,,,1000.0
2013-06-12T00:00:00,MPC,26.0,26.0,26.0,26.0,26.0,26.0,1500.0,1500.0,0.0,39000000.0,0.0,0.0,0.0,0.0,0.0,5.0,27100.0,6.0,2110.0,6.804694458265289,26096930.0,,,,1000.0
2013-06-13T00:00:00,MPC,26.0,26.0,26.0,26.0,26.0,26.0,1450.0,1450.0,0.0,37700000.0,0.0,0.0,0.0,0.0,0.0,4.0,25200.0,10.0,2900.0,6.804694458265289,26096930.0,,,,1000.0
2013-06-14T00:00:00,MPC,26.0,26.0,26.0,26.0,26.0,26.0,20980.0,20980.0,0.0,545480000.0,0.0,0.0,0.0,0.0,0.0,9.0,49400.0,9.0,24130.0,6.804694458265289,26096930.0,,,,1000.0
2013-06-17T00:00:00,MPC,26.0,26.0,26.0,26.0,26.0,26.0,1340.0,1340.0,0.0,34840000.0,0.0,0.0,0.0,0.0,0.0,3.0,4220.0,11.0,16160.0,6.804694458265289,26097930.0,,,,1000.0
2013-06-18T00:00:00,MPC,26.0,26.0,26.0,26.0,26.0,26.0,2140.0,2140.0,0.0,55640000.0,0.0,0.0,0.0,0.0,0.0,5.0,8680.0,3.0,21240.0,6.804694458265289,26097930.0,,,,1000.0
2013-06-19T00:00:00,MPC,26.5,25.1,25.1,26.5,26.5,26.0,140.0,140.0,0.0,3710000.0,0.0,0.0,0.0,0.0,0.0,3.0,350.0,5.0,7940.0,6.804694458265289,26097930.0,,,,1000.0
2013-06-20T00:00:00,MPC,26.5,26.5,26.5,26.5,26.5,26.5,0.0,0.0,0.0,0.0,0.0,0.0,0.0,0.0,0.0,1.0,200.0,5.0,3260.0,6.804694458265289,26097930.0,,,,1000.0
2013-06-21T00:00:00,MPC,26.5,26.5,26.5,26.5,26.5,26.5,0.0,0.0,0.0,0.0,0.0,0.0,0.0,0.0,0.0,2.0,700.0,6.0,2090.0,6.804694458265289,26097930.0,,,,1000.0
2013-06-24T00:00:00,MPC,26.5,25.0,25.0,26.5,26.5,26.5,110.0,110.0,0.0,2915000.0,0.0,0.0,0.0,0.0,0.0,4.0,700.0,4.0,1170.0,6.804694458265289,26097930.0,,,,1000.0
2013-06-25T00:00:00,MPC,25.0,25.0,25.0,25.0,25.0,26.5,150.0,150.0,0.0,3750000.0,0.0,0.0,0.0,0.0,0.0,1.0,200.0,7.0,10460.0,6.804694458265289,26097930.0,,,,1000.0
2013-06-26T00:00:00,MPC,25.0,25.0,25.0,25.0,25.0,25.0,300.0,300.0,0.0,7500000.0,0.0,0.0,0.0,0.0,0.0,2.0,1300.0,3.0,8210.0,6.804694458265289,26097930.0,,,,1000.0
2013-06-27T00:00:00,MPC,26.0,25.0,25.0,26.0,26.0,25.0,100.0,100.0,0.0,2600000.0,0.0,0.0,0.0,0.0,0.0,2.0,400.0,2.0,7410.0,6.804694458265289,26097930.0,,,,1000.0
2013-06-28T00:00:00,MPC,26.0,26.0,26.0,26.0,26.0,26.0,0.0,0.0,0.0,0.0,0.0,0.0,0.0,0.0,0.0,1.0,10.0,6.0,10200.0,6.804694458265289,26097930.0,,,,1000.0
2013-07-01T00:00:00,MPC,26.0,24.2,26.0,24.2,24.2,26.0,100.0,100.0,0.0,2420000.0,0.0,0.0,0.0,100.0,2420000.0,2.0,400.0,2.0,850.0,6.804694458265289,26097930.0,,,,1000.0
2013-07-02T00:00:00,MPC,24.2,24.2,24.2,24.2,24.2,24.2,0.0,0.0,0.0,0.0,0.0,0.0,0.0,0.0,0.0,5.0,950.0,1.0,100.0,6.804694458265289,26097930.0,,,,1000.0
2013-07-03T00:00:00,MPC,25.5,25.5,25.5,25.5,25.5,24.2,400.0,400.0,0.0,10200000.0,0.0,0.0,0.0,0.0,0.0,4.0,550.0,3.0,1500.0,6.804694458265289,26097930.0,,,,1000.0
2013-07-04T00:00:00,MPC,25.5,25.5,25.5,25.5,25.5,25.5,0.0,0.0,0.0,0.0,0.0,0.0,0.0,0.0,0.0,1.0,100.0,8.0,680.0,6.804694458265289,26097930.0,,,,1000.0
2013-07-05T00:00:00,MPC,25.5,23.8,25.5,23.8,23.8,25.5,10.0,10.0,0.0,238000.0,0.0,0.0,0.0,0.0,0.0,1.0,50.0,6.0,18410.0,6.804694458265289,26098030.0,,,,1000.0
2013-07-08T00:00:00,MPC,25.4,25.4,25.4,25.4,25.4,23.8,2200.0,2200.0,0.0,55880000.0,0.0,2200.0,55880000.0,0.0,0.0,10.0,4000.0,4.0,2310.0,6.804694458265289,26095830.0,,,,1000.0
2013-07-09T00:00:00,MPC,25.4,25.4,25.4,25.4,25.4,25.4,0.0,0.0,0.0,0.0,0.0,0.0,0.0,0.0,0.0,3.0,650.0,5.0,8260.0,6.804694458265289,26095830.0,,,,1000.0
2013-07-10T00:00:00,MPC,23.7,23.7,23.7,23.7,23.7,25.4,1950.0,1950.0,0.0,46215000.0,0.0,0.0,0.0,0.0,0.0,8.0,1960.0,10.0,10260.0,6.804694458265289,26095830.0,,,,1000.0
2013-07-11T00:00:00,MPC,22.3,22.1,22.1,22.1,22.1,23.7,1860.0,1860.0,0.0,41106000.0,0.0,0.0,0.0,610.0,13512000.0,11.0,3520.0,14.0,6020.0,6.804694458265289,26095830.0,,,,1000.0
2013-07-12T00:00:00,MPC,21.3,21.3,21.3,21.3,21.3,22.1,10.0,10.0,0.0,213000.0,0.0,0.0,0.0,0.0,0.0,8.0,2040.0,2.0,290.0,6.804694458265289,26095830.0,,,,1000.0
2013-07-15T00:00:00,MPC,22.6,20.1,20.1,22.6,22.6,21.3,20.0,20.0,0.0,452000.0,0.0,0.0,0.0,0.0,0.0,9.0,2740.0,4.0,520.0,6.804694458265289,26095830.0,,,,1000.0
2013-07-16T00:00:00,MPC,23.8,23.8,23.8,23.8,23.8,22.6,500.0,500.0,0.0,11900000.0,0.0,0.0,0.0,0.0,0.0,5.0,1500.0,8.0,1690.0,6.804694458265289,26096440.0,,,,1000.0
2013-07-17T00:00:00,MPC,23.8,23.8,23.8,23.8,23.8,23.8,0.0,0.0,0.0,0.0,0.0,0.0,0.0,0.0,0.0,1.0,1000.0,4.0,1170.0,6.804694458265289,26096440.0,,,,1000.0
2013-07-18T00:00:00,MPC,23.0,22.9,22.9,23.0,23.0,23.8,80.0,80.0,0.0,1840000.0,0.0,0.0,0.0,60.0,1380000.0,4.0,240.0,6.0,880.0,6.804694458265289,26096440.0,,,,1000.0
2013-07-19T00:00:00,MPC,23.0,23.0,23.0,23.0,23.0,23.0,0.0,0.0,0.0,0.0,0.0,0.0,0.0,0.0,0.0,2.0,150.0,4.0,750.0,6.804694458265289,26096440.0,,,,1000.0
2013-07-22T00:00:00,MPC,24.5,23.0,23.0,24.5,24.5,23.0,200.0,200.0,0.0,4900000.0,0.0,0.0,0.0,0.0,0.0,2.0,400.0,4.0,650.0,6.804694458265289,26096440.0,,,,1000.0
2013-07-23T00:00:00,MPC,24.0,24.0,24.0,24.0,24.0,24.5,100.0,100.0,0.0,2400000.0,0.0,0.0,0.0,0.0,0.0,1.0,100.0,9.0,9350.0,6.804694458265289,26096440.0,,,,1000.0
2013-07-24T00:00:00,MPC,22.5,22.4,22.4,22.5,22.5,24.0,390.0,390.0,0.0,8775000.0,0.0,0.0,0.0,200.0,4480000.0,5.0,390.0,7.0,1610.0,6.804694458265289,26096500.0,,,,1000.0
2013-07-25T00:00:00,MPC,24.0,22.0,24.0,23.9,23.9,22.5,190.0,190.0,0.0,4541000.0,0.0,0.0,0.0,0.0,0.0,7.0,980.0,4.0,230.0,6.804694458265289,26096500.0,,,,1000.0
2013-07-26T00:00:00,MPC,23.9,23.9,23.9,23.9,23.9,23.9,0.0,0.0,0.0,0.0,0.0,0.0,0.0,0.0,0.0,1.0,150.0,6.0,1790.0,6.804694458265289,26096500.0,,,,1000.0
2013-07-29T00:00:00,MPC,22.3,22.3,22.3,22.3,22.3,23.9,10.0,10.0,0.0,223000.0,0.0,0.0,0.0,0.0,0.0,1.0,20.0,10.0,630.0,6.804694458265289,26096500.0,,,,1000.0
2013-07-30T00:00:00,MPC,23.8,23.7,23.7,23.8,23.8,22.3,310.0,310.0,0.0,7378000.0,0.0,0.0,0.0,0.0,0.0,12.0,1080.0,6.0,450.0,6.804694458265289,26096700.0,,,,1000.0
2013-07-31T00:00:00,MPC,23.8,23.8,23.8,23.8,23.8,23.8,0.0,0.0,0.0,0.0,0.0,0.0,0.0,0.0,0.0,2.0,20.0,7.0,3410.0,6.804694458265289,26096700.0,,,,1000.0
2013-08-01T00:00:00,MPC,23.8,23.8,23.8,23.8,23.8,23.8,0.0,0.0,0.0,0.0,0.0,0.0,0.0,0.0,0.0,1.0,10.0,6.0,2450.0,6.804694458265289,26096700.0,,,,1000.0
2013-08-02T00:00:00,MPC,23.9,23.8,23.8,23.9,23.9,23.8,1000.0,1000.0,0.0,23900000.0,0.0,0.0,0.0,100.0,2380000.0,7.0,1310.0,10.0,3370.0,6.804694458265289,26096700.0,,,,1000.0
2013-08-05T00:00:00,MPC,24.0,23.9,24.0,23.9,23.9,23.9,270.0,270.0,0.0,6453000.0,0.0,0.0,0.0,0.0,0.0,6.0,720.0,6.0,2850.0,6.804694458265289,26096700.0,,,,1000.0
2013-08-06T00:00:00,MPC,23.9,23.9,23.9,23.9,23.9,23.9,1100.0,1100.0,0.0,26290000.0,0.0,0.0,0.0,0.0,0.0,6.0,1610.0,4.0,2650.0,6.804694458265289,26096700.0,,,,1000.0
2013-08-07T00:00:00,MPC,23.9,22.5,23.9,22.5,22.5,23.9,510.0,510.0,0.0,11475000.0,0.0,0.0,0.0,0.0,0.0,4.0,860.0,5.0,2560.0,6.804694458265289,26096700.0,,,,1000.0
2013-08-08T00:00:00,MPC,21.5,21.5,21.5,21.5,21.5,22.5,500.0,500.0,0.0,10750000.0,0.0,0.0,0.0,0.0,0.0,9.0,2920.0,4.0,2100.0,6.804694458265289,26096800.0,,,,1000.0
2013-08-09T00:00:00,MPC,22.9,20.1,22.9,20.1,20.1,21.5,670.0,670.0,0.0,13467000.0,0.0,0.0,0.0,0.0,0.0,11.0,2390.0,11.0,4630.0,6.804694458265289,26096800.0,,,,1000.0
2013-08-12T00:00:00,MPC,21.5,21.5,21.5,21.5,21.5,20.1,210.0,210.0,0.0,4515000.0,0.0,0.0,0.0,0.0,0.0,18.0,3960.0,3.0,590.0,6.804694458265289,26096800.0,,,,1000.0
2013-08-13T00:00:00,MPC,22.9,21.5,22.9,21.5,21.5,21.5,340.0,340.0,0.0,7310000.0,0.0,0.0,0.0,0.0,0.0,8.0,440.0,8.0,620.0,6.804694458265289,26096800.0,,,,1000.0
2013-08-14T00:00:00,MPC,22.8,21.6,22.0,22.8,22.8,21.5,610.0,610.0,0.0,13908000.0,0.0,0.0,0.0,0.0,0.0,13.0,3770.0,8.0,1190.0,6.804694458265289,26097040.0,,,,1000.0
2013-08-15T00:00:00,MPC,22.8,22.8,22.8,22.8,22.8,22.8,40.0,40.0,0.0,912000.0,0.0,0.0,0.0,0.0,0.0,4.0,750.0,5.0,1000.0,6.804694458265289,26097040.0,,,,1000.0
2013-08-16T00:00:00,MPC,22.4,21.3,21.3,22.4,22.4,22.8,90.0,90.0,0.0,2016000.0,0.0,0.0,0.0,0.0,0.0,3.0,90.0,7.0,610.0,6.804694458265289,26097040.0,,,,1000.0
2013-08-19T00:00:00,MPC,23.9,20.9,20.9,23.9,23.9,22.4,860.0,860.0,0.0,20554000.0,0.0,0.0,0.0,0.0,0.0,18.0,1000.0,14.0,1880.0,6.804694458265289,26097040.0,,,,1000.0
2013-08-20T00:00:00,MPC,23.9,23.9,23.9,23.9,23.9,23.9,0.0,0.0,0.0,0.0,0.0,0.0,0.0,0.0,0.0,3.0,30.0,3.0,290.0,6.804694458265289,26097040.0,,,,1000.0
2013-08-21T00:00:00,MPC,25.5,25.5,25.5,25.5,25.5,23.9,50.0,50.0,0.0,1275000.0,0.0,0.0,0.0,0.0,0.0,2.0,100.0,4.0,1060.0,6.804694458265289,26097040.0,,,,1000.0
2013-08-22T00:00:00,MPC,25.7,25.7,25.7,25.7,25.7,25.5,10.0,10.0,0.0,257000.0,0.0,0.0,0.0,0.0,0.0,1.0,10.0,16.0,3080.0,6.804694458265289,26097040.0,,,,1000.0
2013-08-23T00:00:00,MPC,25.7,25.7,25.7,25.7,25.7,25.7,0.0,0.0,0.0,0.0,0.0,0.0,0.0,0.0,0.0,0.0,0.0,8.0,990.0,6.804694458265289,26097040.0,,,,1000.0
2013-08-26T00:00:00,MPC,25.7,25.7,25.7,25.7,25.7,25.7,0.0,0.0,0.0,0.0,0.0,0.0,0.0,0.0,0.0,0.0,0.0,15.0,1970.0,6.804694458265289,26097040.0,,,,1000.0
2013-08-27T00:00:00,MPC,26.0,24.0,24.0,26.0,26.0,25.7,270.0,270.0,0.0,7020000.0,0.0,0.0,0.0,100.0,2600000.0,6.0,320.0,12.0,1270.0,6.804694458265289,26097040.0,,,,1000.0
2013-08-28T00:00:00,MPC,26.0,26.0,26.0,26.0,26.0,26.0,0.0,0.0,0.0,0.0,0.0,0.0,0.0,0.0,0.0,0.0,0.0,4.0,410.0,6.804694458265289,26097040.0,,,,1000.0
2013-08-29T00:00:00,MPC,26.4,26.0,26.0,26.4,26.4,26.0,300.0,300.0,0.0,7920000.0,0.0,0.0,0.0,0.0,0.0,2.0,300.0,8.0,950.0,6.804694458265289,26097040.0,,,,1000.0
2013-08-30T00:00:00,MPC,26.5,24.6,24.6,26.5,26.5,26.4,420.0,420.0,0.0,11130000.0,0.0,0.0,0.0,0.0,0.0,6.0,460.0,14.0,2440.0,6.804694458265289,26097040.0,,,,1000.0
2013-09-03T00:00:00,MPC,24.7,24.7,24.7,24.7,24.7,26.5,50.0,50.0,0.0,1235000.0,0.0,0.0,0.0,0.0,0.0,1.0,50.0,8.0,4510.0,6.804694458265289,26097140.0,,,,1000.0
2013-09-04T00:00:00,MPC,23.5,23.0,23.5,23.0,23.0,24.7,50.0,50.0,0.0,1150000.0,0.0,0.0,0.0,40.0,940000.0,2.0,50.0,10.0,12510.0,6.804694458265289,26097140.0,,,,1000.0
2013-09-05T00:00:00,MPC,22.0,22.0,22.0,22.0,22.0,23.0,880.0,880.0,0.0,19360000.0,0.0,0.0,0.0,0.0,0.0,5.0,940.0,4.0,1910.0,6.804694458265289,26097140.0,,,,1000.0
2013-09-06T00:00:00,MPC,20.5,20.5,20.5,20.5,20.5,22.0,2390.0,2390.0,0.0,48995000.0,0.0,0.0,0.0,2390.0,48995000.0,7.0,2390.0,6.0,9110.0,6.804694458265289,26097140.0,,,,1000.0
2013-09-09T00:00:00,MPC,20.6,20.5,20.6,20.5,20.5,20.5,7000.0,7000.0,0.0,143500000.0,0.0,6000.0,123000000.0,7000.0,143600000.0,4.0,7250.0,4.0,9620.0,6.804694458265289,26091140.0,,,,1000.0
2013-09-10T00:00:00,MPC,20.6,20.6,20.6,20.6,20.6,20.5,230.0,230.0,0.0,4738000.0,0.0,0.0,0.0,230.0,4738000.0,5.0,5930.0,2.0,5050.0,6.804694458265289,26091180.0,,,,1000.0
2013-09-11T00:00:00,MPC,20.6,20.2,20.6,20.2,20.2,20.6,4310.0,4310.0,0.0,87062000.0,0.0,0.0,0.0,4000.0,82400000.0,21.0,8340.0,7.0,8390.0,6.804694458265289,26091180.0,,,,1000.0
2013-09-12T00:00:00,MPC,21.6,20.2,21.6,20.2,20.2,20.2,36970.0,36970.0,0.0,746794000.0,0.0,400.0,8080000.0,36930.0,761314000.0,69.0,75110.0,25.0,54230.0,6.804694458265289,26093170.0,,,,1000.0
2013-09-13T00:00:00,MPC,21.6,21.6,21.6,21.6,21.6,20.2,10.0,10.0,0.0,216000.0,0.0,0.0,0.0,0.0,0.0,5.0,1410.0,2.0,50.0,6.804694458265289,26100170.0,,,,1000.0
2013-09-16T00:00:00,MPC,22.0,21.4,21.4,22.0,22.0,21.6,860.0,860.0,0.0,18920000.0,0.0,850.0,18190000.0,0.0,0.0,3.0,1020.0,13.0,4820.0,6.804694458265289,26099550.0,,,,1000.0
2013-09-17T00:00:00,MPC,20.5,20.5,20.5,20.5,20.5,22.0,5010.0,5010.0,0.0,102705000.0,0.0,0.0,0.0,0.0,0.0,11.0,5180.0,30.0,19210.0,6.804694458265289,26103550.0,,,,1000.0
2013-09-18T00:00:00,MPC,20.5,19.2,19.2,20.2,20.2,20.5,200.0,200.0,0.0,4040000.0,0.0,0.0,0.0,20.0,404000.0,9.0,1360.0,8.0,7650.0,6.804694458265289,26140480.0,,,,1000.0
2013-09-19T00:00:00,MPC,20.6,19.0,19.1,20.5,20.5,20.2,570.0,570.0,0.0,11685000.0,0.0,0.0,0.0,550.0,10455000.0,11.0,3530.0,18.0,11030.0,6.804694458265289,26140480.0,,,,1000.0
2013-09-20T00:00:00,MPC,20.5,19.6,20.0,20.3,20.3,20.5,2410.0,2410.0,0.0,48923000.0,0.0,0.0,0.0,0.0,0.0,14.0,3910.0,23.0,14900.0,6.804694458265289,26140480.0,,,,1000.0
2013-09-23T00:00:00,MPC,21.5,19.5,21.5,19.5,19.5,20.3,11240.0,11240.0,0.0,219180000.0,0.0,0.0,0.0,3000.0,60450000.0,41.0,15020.0,27.0,26820.0,6.804694458265289,26140480.0,,,,1000.0
2013-09-24T00:00:00,MPC,20.8,20.7,20.8,20.8,20.8,19.5,6020.0,6020.0,0.0,125216000.0,0.0,0.0,0.0,0.0,0.0,17.0,27820.0,11.0,6020.0,6.804694458265289,26141050.0,,,,1000.0
2013-09-25T00:00:00,MPC,22.2,22.1,22.2,22.2,22.2,20.8,16840.0,16840.0,0.0,373848000.0,0.0,0.0,0.0,5430.0,120003000.0,17.0,27820.0,11.0,6020.0,6.804694458265289,26141050.0,,,,1000.0
2013-09-26T00:00:00,MPC,23.7,22.5,22.8,23.6,23.6,22.2,1580.0,1580.0,0.0,37288000.0,0.0,0.0,0.0,0.0,0.0,6.0,19320.0,22.0,10580.0,6.804694458265289,26141050.0,,,,1000.0
2013-09-27T00:00:00,MPC,25.0,22.1,22.1,25.0,25.0,23.6,20250.0,20250.0,0.0,506250000.0,0.0,0.0,0.0,200.0,4420000.0,18.0,72070.0,19.0,27530.0,6.804694458265289,26144050.0,,,,1000.0
2013-09-30T00:00:00,MPC,26.7,25.1,25.1,26.6,26.6,25.0,19260.0,19260.0,0.0,512316000.0,0.0,0.0,0.0,400.0,10640000.0,13.0,29920.0,35.0,21430.0,6.804694458265289,26144050.0,,,,1000.0
2013-10-01T00:00:00,MPC,28.4,26.6,26.6,27.3,27.3,26.6,21950.0,21950.0,0.0,599235000.0,0.0,0.0,0.0,0.0,0.0,22.0,33240.0,40.0,45050.0,6.804694458265289,26149480.0,,,,1000.0
2013-10-02T00:00:00,MPC,29.0,28.4,28.4,28.8,28.8,27.3,36650.0,36650.0,0.0,1055520000.0,0.0,0.0,0.0,420.0,12096000.0,16.0,43730.0,37.0,62200.0,6.804694458265289,26149480.0,,,,1000.0
2013-10-03T00:00:00,MPC,28.5,27.0,27.0,28.1,28.1,28.8,1820.0,1820.0,0.0,51142000.0,0.0,0.0,0.0,0.0,0.0,18.0,4620.0,27.0,18910.0,6.804694458265289,26149680.0,,,,1000.0
2013-10-04T00:00:00,MPC,29.0,27.1,28.5,27.5,27.5,28.1,39340.0,39340.0,0.0,1081850000.0,0.0,0.0,0.0,0.0,0.0,18.0,44380.0,34.0,51770.0,6.804694458265289,26150080.0,,,,1000.0
2013-10-07T00:00:00,MPC,28.0,25.7,25.7,25.7,25.7,27.5,31180.0,31180.0,0.0,801326000.0,0.0,0.0,0.0,30000.0,806035000.0,19.0,39610.0,27.0,46830.0,6.804694458265289,26150080.0,,,,1000.0
2013-10-08T00:00:00,MPC,27.2,25.7,25.7,27.2,27.2,25.7,2840.0,2840.0,0.0,77248000.0,0.0,0.0,0.0,2750.0,70675000.0,13.0,11090.0,7.0,4760.0,6.804694458265289,26150500.0,,,,1000.0
2013-10-09T00:00:00,MPC,27.5,27.5,27.5,27.5,27.5,27.2,10.0,10.0,0.0,275000.0,0.0,0.0,0.0,0.0,0.0,9.0,21790.0,16.0,50140.0,6.804694458265289,26150500.0,,,,1000.0
2013-10-10T00:00:00,MPC,25.7,25.7,25.7,25.7,25.7,27.5,22100.0,22100.0,0.0,567970000.0,0.0,0.0,0.0,22100.0,567970000.0,13.0,23030.0,21.0,40590.0,6.804694458265289,26150500.0,,,,1000.0
2013-10-11T00:00:00,MPC,27.0,27.0,27.0,27.0,27.0,25.7,10.0,10.0,0.0,270000.0,0.0,0.0,0.0,0.0,0.0,7.0,20320.0,12.0,13520.0,6.804694458265289,26180500.0,,,,1000.0
2013-10-14T00:00:00,MPC,27.2,27.0,27.0,27.2,27.2,27.0,160.0,160.0,0.0,4352000.0,0.0,0.0,0.0,0.0,0.0,4.0,19370.0,12.0,4530.0,6.804694458265289,26183250.0,,,,1000.0
2013-10-15T00:00:00,MPC,27.3,27.2,27.2,27.3,27.3,27.2,19050.0,19050.0,0.0,520065000.0,0.0,0.0,0.0,0.0,0.0,6.0,19700.0,17.0,80770.0,6.804694458265289,26183250.0,,,,1000.0
2013-10-16T00:00:00,MPC,27.4,26.5,27.4,27.4,27.4,27.3,37220.0,37220.0,0.0,1019828000.0,0.0,0.0,0.0,0.0,0.0,10.0,57170.0,17.0,67660.0,6.804694458265289,26205350.0,,,,1000.0
2013-10-17T00:00:00,MPC,27.0,27.0,27.0,27.0,27.0,27.4,22000.0,22000.0,0.0,594000000.0,0.0,0.0,0.0,22000.0,594000000.0,8.0,61300.0,16.0,47310.0,6.804694458265289,26205350.0,,,,1000.0
2013-10-18T00:00:00,MPC,27.0,26.2,26.9,26.2,26.2,27.0,15010.0,15010.0,0.0,393262000.0,0.0,0.0,0.0,0.0,0.0,7.0,47950.0,16.0,36520.0,6.804694458265289,26205350.0,,,,1000.0
2013-10-21T00:00:00,MPC,27.6,27.4,27.4,27.6,27.6,26.2,50.0,50.0,0.0,1380000.0,0.0,0.0,0.0,0.0,0.0,9.0,2300.0,13.0,37570.0,6.804694458265289,26205350.0,,,,1000.0
2013-10-22T00:00:00,MPC,27.6,27.6,27.6,27.6,27.6,27.6,0.0,0.0,0.0,0.0,0.0,0.0,0.0,0.0,0.0,4.0,1250.0,13.0,56970.0,6.804694458265289,26205350.0,,,,1000.0
2013-10-23T00:00:00,MPC,27.6,27.6,27.6,27.6,27.6,27.6,0.0,0.0,0.0,0.0,0.0,0.0,0.0,0.0,0.0,5.0,2260.0,8.0,24400.0,6.804694458265289,26205350.0,,,,1000.0
2013-10-24T00:00:00,MPC,27.0,25.8,25.8,27.0,27.0,27.6,110.0,110.0,0.0,2970000.0,0.0,0.0,0.0,0.0,0.0,3.0,160.0,11.0,5910.0,6.804694458265289,26227350.0,,,,1000.0
2013-10-25T00:00:00,MPC,26.2,26.2,26.2,26.2,26.2,27.0,200.0,200.0,0.0,5240000.0,0.0,0.0,0.0,0.0,0.0,5.0,720.0,10.0,24730.0,6.804694458265289,26227350.0,,,,1000.0
2013-10-28T00:00:00,MPC,26.2,26.2,26.2,26.2,26.2,26.2,0.0,0.0,0.0,0.0,0.0,0.0,0.0,0.0,0.0,6.0,10620.0,18.0,29850.0,6.804694458265289,26227350.0,,,,1000.0
2013-10-29T00:00:00,MPC,27.0,27.0,27.0,27.0,27.0,26.2,10.0,10.0,0.0,270000.0,0.0,0.0,0.0,0.0,0.0,5.0,710.0,9.0,4040.0,6.804694458265289,26227350.0,,,,1000.0
2013-10-30T00:00:00,MPC,27.0,27.0,27.0,27.0,27.0,27.0,0.0,0.0,0.0,0.0,0.0,0.0,0.0,0.0,0.0,2.0,150.0,10.0,4630.0,6.804694458265289,26227350.0,,,,1000.0
2013-10-31T00:00:00,MPC,27.0,27.0,27.0,27.0,27.0,27.0,0.0,0.0,0.0,0.0,0.0,0.0,0.0,0.0,0.0,2.0,550.0,14.0,7600.0,6.804694458265289,26227350.0,,,,1000.0
2013-11-01T00:00:00,MPC,26.7,25.2,25.2,26.7,26.7,27.0,330.0,330.0,0.0,8811000.0,0.0,0.0,0.0,0.0,0.0,4.0,1060.0,16.0,6900.0,6.804694458265289,26227350.0,,,,1000.0
2013-11-04T00:00:00,MPC,26.7,26.7,26.7,26.7,26.7,26.7,0.0,0.0,0.0,0.0,0.0,0.0,0.0,0.0,0.0,6.0,1010.0,11.0,4330.0,6.804694458265289,26227350.0,,,,1000.0
2013-11-05T00:00:00,MPC,26.7,26.7,26.7,26.7,26.7,26.7,400.0,400.0,0.0,10680000.0,0.0,0.0,0.0,0.0,0.0,3.0,420.0,16.0,4670.0,6.804694458265289,26227350.0,,,,1000.0
2013-11-06T00:00:00,MPC,26.7,25.0,25.0,26.7,26.7,26.7,60.0,60.0,0.0,1602000.0,0.0,0.0,0.0,0.0,0.0,6.0,690.0,13.0,4770.0,6.804694458265289,26227350.0,,,,1000.0
2013-11-07T00:00:00,MPC,26.7,26.7,26.7,26.7,26.7,26.7,0.0,0.0,0.0,0.0,0.0,0.0,0.0,0.0,0.0,2.0,300.0,8.0,3150.0,6.804694458265289,26227350.0,,,,1000.0
2013-11-08T00:00:00,MPC,26.7,26.7,26.7,26.7,26.7,26.7,0.0,0.0,0.0,0.0,0.0,0.0,0.0,0.0,0.0,2.0,400.0,12.0,4280.0,6.804694458265289,26227350.0,,,,1000.0
2013-11-11T00:00:00,MPC,26.7,26.7,26.7,26.7,26.7,26.7,0.0,0.0,0.0,0.0,0.0,0.0,0.0,0.0,0.0,2.0,400.0,12.0,1920.0,6.804694458265289,26227350.0,,,,1000.0
2013-11-12T00:00:00,MPC,28.5,26.0,26.0,28.5,28.5,26.7,1290.0,1290.0,0.0,36765000.0,0.0,0.0,0.0,0.0,0.0,13.0,3320.0,13.0,1570.0,6.804694458265289,26227350.0,,,,1000.0
2013-11-13T00:00:00,MPC,28.5,26.7,28.5,28.5,28.5,28.5,680.0,680.0,0.0,19380000.0,0.0,0.0,0.0,0.0,0.0,19.0,1100.0,20.0,30400.0,6.804694458265289,26227350.0,,,,1000.0
2013-11-14T00:00:00,MPC,28.5,26.6,28.5,26.6,26.6,28.5,1130.0,1130.0,0.0,30058000.0,0.0,0.0,0.0,0.0,0.0,10.0,1320.0,16.0,5430.0,6.804694458265289,26227350.0,,,,1000.0
2013-11-15T00:00:00,MPC,25.5,24.8,25.5,24.8,24.8,26.6,2540.0,2540.0,0.0,62992000.0,0.0,0.0,0.0,0.0,0.0,21.0,3570.0,18.0,8140.0,6.804694458265289,26227350.0,,,,1000.0
2013-11-18T00:00:00,MPC,26.3,26.3,26.3,26.3,26.3,24.8,10.0,10.0,0.0,263000.0,0.0,0.0,0.0,0.0,0.0,10.0,3110.0,6.0,1180.0,6.804694458265289,26227350.0,,,,1000.0
2013-11-19T00:00:00,MPC,27.2,24.6,25.0,27.2,27.2,26.3,290.0,290.0,0.0,7888000.0,0.0,0.0,0.0,0.0,0.0,7.0,10610.0,16.0,5050.0,6.804694458265289,26227350.0,,,,1000.0
2013-11-20T00:00:00,MPC,26.8,25.3,25.3,26.8,26.8,27.2,1010.0,1010.0,0.0,27068000.0,0.0,0.0,0.0,0.0,0.0,6.0,1410.0,21.0,3400.0,6.804694458265289,26227350.0,,,,1000.0
2013-11-21T00:00:00,MPC,26.8,26.0,26.8,26.8,26.8,26.8,1770.0,1770.0,0.0,47436000.0,0.0,0.0,0.0,500.0,13400000.0,17.0,7670.0,25.0,12510.0,6.804694458265289,26227350.0,,,,1000.0
2013-11-22T00:00:00,MPC,27.1,26.5,26.8,27.1,27.1,26.8,1210.0,1210.0,0.0,32791000.0,0.0,0.0,0.0,0.0,0.0,18.0,4170.0,32.0,8630.0,6.804694458265289,26227350.0,,,,1000.0
2013-11-25T00:00:00,MPC,26.5,26.5,26.5,26.5,26.5,27.1,20.0,20.0,0.0,530000.0,0.0,0.0,0.0,0.0,0.0,9.0,2160.0,25.0,7410.0,6.804694458265289,26227350.0,,,,1000.0
2013-11-26T00:00:00,MPC,27.7,26.5,26.5,27.7,27.7,26.5,40.0,40.0,0.0,1108000.0,0.0,0.0,0.0,0.0,0.0,12.0,3060.0,11.0,2780.0,6.804694458265289,26227350.0,,,,1000.0
2013-11-27T00:00:00,MPC,27.0,27.0,27.0,27.0,27.0,27.7,440.0,440.0,0.0,11880000.0,0.0,0.0,0.0,0.0,0.0,10.0,4480.0,14.0,5110.0,6.804694458265289,26227850.0,,,,1000.0
2013-11-28T00:00:00,MPC,27.2,26.0,26.0,27.2,27.2,27.0,320.0,320.0,0.0,8704000.0,0.0,0.0,0.0,300.0,7800000.0,14.0,1280.0,9.0,3270.0,6.804694458265289,26227850.0,,,,1000.0
2013-11-29T00:00:00,MPC,27.2,26.5,26.5,27.2,27.2,27.2,60.0,60.0,0.0,1632000.0,0.0,0.0,0.0,0.0,0.0,10.0,1690.0,11.0,2150.0,6.804694458265289,26227850.0,,,,1000.0
2013-12-02T00:00:00,MPC,27.2,27.1,27.1,27.2,27.2,27.2,2200.0,2200.0,0.0,59840000.0,0.0,2200.0,59650000.0,0.0,0.0,11.0,8930.0,14.0,5700.0,6.804694458265289,26225650.0,,,,1000.0
2013-12-03T00:00:00,MPC,27.2,25.5,27.2,27.0,27.0,27.2,2130.0,2130.0,0.0,57510000.0,0.0,1000.0,27200000.0,100.0,2720000.0,13.0,3790.0,23.0,12580.0,6.804694458265289,26224650.0,,,,1000.0
2013-12-04T00:00:00,MPC,26.0,25.2,26.0,26.0,26.0,27.0,3930.0,3930.0,0.0,102180000.0,0.0,0.0,0.0,0.0,0.0,41.0,24300.0,35.0,11020.0,6.804694458265289,26224950.0,,,,1000.0
2013-12-05T00:00:00,MPC,26.0,25.0,26.0,26.0,26.0,26.0,6430.0,6430.0,0.0,167180000.0,0.0,340.0,8840000.0,0.0,0.0,24.0,34310.0,13.0,14140.0,6.804694458265289,26224610.0,,,,1000.0
2013-12-06T00:00:00,MPC,26.5,25.1,25.1,25.5,25.5,26.0,1900.0,1900.0,0.0,48450000.0,0.0,0.0,0.0,0.0,0.0,14.0,14900.0,15.0,9500.0,6.804694458265289,26224710.0,,,,1000.0
2013-12-09T00:00:00,MPC,25.5,25.5,25.5,25.5,25.5,25.5,0.0,0.0,0.0,0.0,0.0,0.0,0.0,0.0,0.0,7.0,22230.0,13.0,8880.0,6.804694458265289,26224710.0,,,,1000.0
2013-12-10T00:00:00,MPC,26.0,25.0,25.5,26.0,26.0,25.5,780.0,780.0,0.0,20280000.0,0.0,170.0,4335000.0,120.0,3060000.0,6.0,10610.0,12.0,6250.0,6.804694458265289,26224540.0,,,,1000.0
2013-12-11T00:00:00,MPC,26.0,24.5,26.0,24.5,24.5,26.0,2420.0,2420.0,0.0,59290000.0,0.0,1769.0,43335000.0,0.0,0.0,7.0,6420.0,15.0,6140.0,6.804694458265289,26222870.0,,,,1000.0
2013-12-12T00:00:00,MPC,25.9,25.0,25.0,25.0,25.0,24.5,6890.0,6890.0,0.0,172250000.0,0.0,0.0,0.0,0.0,0.0,14.0,11570.0,13.0,8210.0,6.804694458265289,26222870.0,,,,1000.0
2013-12-13T00:00:00,MPC,26.0,25.0,25.0,25.5,25.5,25.0,4680.0,4680.0,0.0,119340000.0,0.0,4269.0,108857000.0,0.0,0.0,30.0,18050.0,17.0,6580.0,6.804694458265289,26218730.0,0.0,0.0,0.0,1000.0
2013-12-16T00:00:00,MPC,26.0,25.3,26.0,26.0,26.0,25.5,701090.0,1090.0,700000.0,18578340000.0,18550000000.0,0.0,0.0,70000.0,18550000000.0,9.0,8320.0,9.0,4380.0,6.804694458265289,26218730.0,,,,1000.0
2013-12-17T00:00:00,MPC,26.5,24.5,24.5,26.5,26.5,26.0,30.0,30.0,0.0,795000.0,0.0,0.0,0.0,0.0,0.0,10.0,1770.0,8.0,3030.0,6.804694458265289,26218730.0,,,,1000.0
2013-12-18T00:00:00,MPC,28.0,25.1,26.5,26.5,26.5,26.5,720.0,720.0,0.0,19080000.0,0.0,0.0,0.0,0.0,0.0,13.0,6960.0,14.0,8700.0,6.804694458265289,26218730.0,,,,1000.0
2013-12-19T00:00:00,MPC,27.2,25.5,26.0,27.2,27.2,26.5,1060.0,1060.0,0.0,28832000.0,0.0,0.0,0.0,0.0,0.0,9.0,5310.0,20.0,6230.0,6.804694458265289,26218730.0,,,,1000.0
2013-12-20T00:00:00,MPC,27.2,27.2,27.2,27.2,27.2,27.2,0.0,0.0,0.0,0.0,0.0,0.0,0.0,0.0,0.0,1.0,4000.0,14.0,4640.0,6.804694458265289,26218730.0,,,,1000.0
2013-12-23T00:00:00,MPC,27.2,27.2,27.2,27.2,27.2,27.2,0.0,0.0,0.0,0.0,0.0,0.0,0.0,0.0,0.0,2.0,80.0,8.0,3670.0,6.804694458265289,26918730.0,,,,1000.0
2013-12-24T00:00:00,MPC,26.3,25.4,26.3,25.4,25.4,27.2,5970.0,5970.0,0.0,151638000.0,0.0,0.0,0.0,0.0,0.0,4.0,10350.0,18.0,15550.0,6.804694458265289,26918730.0,,,,1000.0
2013-12-25T00:00:00,MPC,25.4,25.0,25.4,25.0,25.0,25.4,790.0,790.0,0.0,19750000.0,0.0,0.0,0.0,0.0,0.0,7.0,4740.0,10.0,4630.0,6.804694458265289,26918730.0,,,,1000.0
2013-12-26T00:00:00,MPC,25.0,24.3,25.0,24.4,24.4,25.0,3270.0,3270.0,0.0,79788000.0,0.0,0.0,0.0,0.0,0.0,9.0,6850.0,10.0,6420.0,6.804694458265289,26918730.0,,,,1000.0
2013-12-27T00:00:00,MPC,26.0,24.0,24.1,24.0,24.0,24.4,3580.0,3580.0,0.0,85920000.0,0.0,60.0,1440000.0,0.0,0.0,14.0,5070.0,9.0,5030.0,6.804694458265289,26918670.0,,,,1000.0
2013-12-30T00:00:00,MPC,25.5,22.6,24.0,24.0,24.0,24.0,1130.0,1130.0,0.0,27120000.0,0.0,300.0,7200000.0,0.0,0.0,13.0,2110.0,8.0,1560.0,6.804694458265289,26918370.0,,,,1000.0
2013-12-31T00:00:00,MPC,24.0,24.0,24.0,24.0,24.0,24.0,6250.0,6250.0,0.0,150000000.0,0.0,0.0,0.0,0.0,0.0,11.0,7580.0,9.0,8750.0,6.804694458265289,26918370.0,,,,1000.0
2014-01-02T00:00:00,MPC,24.0,24.0,24.0,24.0,24.0,24.0,260.0,260.0,0.0,6240000.0,0.0,0.0,0.0,0.0,0.0,2.0,1500.0,9.0,1060.0,6.804694458265289,26918370.0,,,,1000.0
2014-01-03T00:00:00,MPC,25.0,22.5,22.5,24.4,24.4,24.0,1680.0,1680.0,0.0,40992000.0,0.0,0.0,0.0,0.0,0.0,14.0,5860.0,14.0,4050.0,6.804694458265289,26918370.0,,,,1000.0
2014-01-06T00:00:00,MPC,24.4,23.2,23.2,24.4,24.4,24.4,6530.0,6530.0,0.0,159332000.0,0.0,300.0,7320000.0,0.0,0.0,16.0,13040.0,13.0,7530.0,6.804694458265289,26918070.0,,,,1000.0
2014-01-07T00:00:00,MPC,25.7,24.1,24.1,25.6,25.6,24.4,25030.0,25030.0,0.0,640768000.0,0.0,15500.0,377900000.0,110.0,2651000.0,31.0,62490.0,24.0,28120.0,6.804694458265289,26902570.0,,,,1000.0
2014-01-08T00:00:00,MPC,26.0,24.0,24.0,26.0,26.0,25.6,4610.0,4610.0,0.0,119860000.0,0.0,1408.0,36608000.0,0.0,0.0,15.0,21210.0,23.0,11940.0,6.804694458265289,26901140.0,,,,1000.0
2014-01-09T00:00:00,MPC,25.8,25.0,25.5,25.8,25.8,26.0,1950.0,1950.0,0.0,50310000.0,0.0,794.0,20490000.0,0.0,0.0,14.0,9960.0,16.0,8230.0,6.804694458265289,26900340.0,,,,1000.0
2014-01-10T00:00:00,MPC,26.5,24.5,24.5,24.5,24.5,25.8,6320.0,6320.0,0.0,154840000.0,0.0,5600.0,145633000.0,770.0,20405000.0,15.0,27070.0,28.0,12870.0,6.804694458265289,26894740.0,,,,1000.0
2014-01-13T00:00:00,MPC,25.6,24.0,24.1,25.4,25.4,24.5,6930.0,6930.0,0.0,176022000.0,0.0,4280.0,104860000.0,1380.0,33315000.0,20.0,29150.0,25.0,10360.0,6.804694458265289,26890570.0,,,,1000.0
2014-01-14T00:00:00,MPC,25.0,24.0,24.0,24.3,24.3,25.4,2830.0,2830.0,0.0,68769000.0,0.0,100.0,2420000.0,2030.0,48800000.0,13.0,21660.0,23.0,6190.0,6.804694458265289,26890470.0,,,,1000.0
2014-01-15T00:00:00,MPC,25.9,23.8,23.8,25.9,25.9,24.3,54110.0,4110.0,50000.0,1356449000.0,1250000000.0,2.0,518000.0,5380.0,1341560000.0,22.0,49590.0,19.0,6980.0,6.804694458265289,26890450.0,,,,1000.0
2014-01-16T00:00:00,MPC,26.5,24.2,26.5,24.5,24.5,25.9,1950.0,1950.0,0.0,47775000.0,0.0,0.0,28869000.0,400.0,9880000.0,27.0,24370.0,38.0,17950.0,6.804694458265289,26891500.0,,,,1000.0
2014-01-17T00:00:00,MPC,25.8,25.5,25.6,25.5,25.5,24.5,600.0,600.0,0.0,15300000.0,0.0,300.0,7690000.0,0.0,0.0,16.0,21270.0,11.0,4430.0,6.804694458265289,26891200.0,,,,1000.0
2014-01-20T00:00:00,MPC,25.5,25.0,25.0,25.4,25.4,25.5,2250.0,2250.0,0.0,57150000.0,0.0,250.0,6360000.0,820.0,20545000.0,12.0,20850.0,19.0,10210.0,6.804694458265289,26892980.0,,,,1000.0
2014-01-21T00:00:00,MPC,25.4,24.5,24.5,25.0,25.0,25.4,11910.0,11910.0,0.0,297750000.0,0.0,250.0,6290000.0,4780.0,119540000.0,12.0,25100.0,23.0,16890.0,6.804694458265289,26946530.0,,,,1000.0
2014-01-22T00:00:00,MPC,26.0,25.0,25.0,25.9,25.9,25.0,11720.0,11720.0,0.0,303548000.0,0.0,0.0,7770000.0,2500.0,62500000.0,10.0,24300.0,27.0,17950.0,6.804694458265289,26946630.0,,,,1000.0
2014-01-23T00:00:00,MPC,26.0,25.0,25.9,25.4,25.4,25.9,1880.0,1880.0,0.0,47752000.0,0.0,100.0,2540000.0,400.0,10160000.0,11.0,24800.0,18.0,6450.0,6.804694458265289,26946530.0,,,,1000.0
2014-01-24T00:00:00,MPC,25.5,25.0,25.4,25.5,25.5,25.4,500.0,500.0,0.0,12750000.0,0.0,400.0,10200000.0,0.0,0.0,8.0,8030.0,15.0,7440.0,6.804694458265289,26946950.0,,,,1000.0
2014-01-27T00:00:00,MPC,25.5,25.0,25.5,25.1,25.1,25.5,2830.0,2830.0,0.0,71033000.0,0.0,550.0,13810000.0,730.0,18273000.0,9.0,6940.0,20.0,10110.0,6.804694458265289,26951180.0,,,,1000.0
2014-02-06T00:00:00,MPC,24.2,23.7,23.7,24.2,24.2,25.1,7370.0,7370.0,0.0,178354000.0,0.0,50.0,1210000.0,7260.0,172132000.0,22.0,30560.0,14.0,9820.0,6.804694458265289,26953630.0,,,,1000.0
2014-02-07T00:00:00,MPC,24.8,24.1,24.3,24.1,24.1,24.2,13130.0,13130.0,0.0,316433000.0,0.0,0.0,0.0,12330.0,298653000.0,26.0,31230.0,45.0,18700.0,6.804694458265289,26954030.0,,,,1000.0
2014-02-10T00:00:00,MPC,25.0,24.1,24.1,25.0,25.0,24.1,54400.0,4400.0,50000.0,1335000000.0,1225000000.0,45.0,11250000.0,5090.0,1246780000.0,21.0,23900.0,16.0,8640.0,6.804694458265289,26953580.0,,,,1000.0
2014-02-11T00:00:00,MPC,24.2,24.1,24.1,24.2,24.2,25.0,560.0,560.0,0.0,13552000.0,0.0,0.0,0.0,0.0,0.0,8.0,15050.0,14.0,4130.0,6.804694458265289,26954310.0,,,,1000.0
2014-02-12T00:00:00,MPC,24.9,24.2,24.2,24.9,24.9,24.2,3080.0,3080.0,0.0,76692000.0,0.0,50.0,1245000.0,700.0,16940000.0,9.0,18960.0,11.0,5760.0,6.804694458265289,26961520.0,,,,1000.0
2014-02-13T00:00:00,MPC,25.2,24.5,24.5,25.2,25.2,24.9,130.0,130.0,0.0,3276000.0,0.0,0.0,0.0,0.0,0.0,10.0,16800.0,17.0,3160.0,6.804694458265289,26973850.0,,,,1000.0
2014-02-14T00:00:00,MPC,25.3,25.0,25.2,25.0,25.0,25.2,7130.0,7130.0,0.0,178250000.0,0.0,50.0,1250000.0,1400.0,35000000.0,21.0,21890.0,26.0,11450.0,6.804694458265289,27024700.0,,,,1000.0
2014-02-17T00:00:00,MPC,25.2,25.0,25.0,25.0,25.0,25.0,4400.0,4400.0,0.0,110000000.0,0.0,600.0,15010000.0,800.0,20000000.0,20.0,42610.0,22.0,9280.0,6.804694458265289,27024100.0,,,,1000.0
2014-02-18T00:00:00,MPC,25.5,25.0,25.0,25.5,25.5,25.0,4070.0,4070.0,0.0,103785000.0,0.0,0.0,0.0,1000.0,25250000.0,22.0,19980.0,24.0,6360.0,6.804694458265289,27024800.0,,,,1000.0
2014-02-19T00:00:00,MPC,26.2,25.2,25.5,26.2,26.2,25.5,14380.0,14380.0,0.0,376756000.0,0.0,50.0,1310000.0,3100.0,79020000.0,16.0,35930.0,25.0,19490.0,6.804694458265289,27024750.0,,,,1000.0
2014-02-20T00:00:00,MPC,26.0,25.0,26.0,26.0,26.0,26.2,22040.0,22040.0,0.0,573040000.0,0.0,0.0,0.0,9500.0,240142000.0,25.0,37860.0,33.0,27300.0,6.804694458265289,27026950.0,,,,1000.0
2014-02-21T00:00:00,MPC,26.8,24.2,24.5,26.8,26.8,26.0,14370.0,14370.0,0.0,385116000.0,0.0,0.0,0.0,3200.0,79680000.0,29.0,50620.0,22.0,17800.0,6.804694458265289,27026950.0,,,,1000.0
2014-02-24T00:00:00,MPC,27.0,25.0,25.0,26.6,26.6,26.8,8210.0,8210.0,0.0,218386000.0,0.0,1000.0,25000000.0,1800.0,47060000.0,19.0,59610.0,50.0,20530.0,6.804694458265289,27026950.0,,,,1000.0
2014-02-25T00:00:00,MPC,28.4,26.9,26.9,28.4,28.4,26.6,12160.0,12160.0,0.0,345344000.0,0.0,0.0,0.0,2600.0,73840000.0,72.0,87520.0,33.0,13160.0,6.804694458265289,27030050.0,,,,1000.0
2014-02-26T00:00:00,MPC,30.3,28.5,30.3,28.5,28.5,28.4,93940.0,93940.0,0.0,2677290000.0,0.0,16990.0,510899000.0,47250.0,1399539000.0,81.0,129980.0,83.0,159780.0,6.804694458265289,27022560.0,,,,1000.0
2014-02-27T00:00:00,MPC,29.5,28.5,28.5,29.5,29.5,28.5,30.0,30.0,0.0,885000.0,0.0,0.0,0.0,0.0,0.0,14.0,2280.0,16.0,14760.0,6.804694458265289,27027560.0,,,,1000.0
2014-02-28T00:00:00,MPC,29.6,27.6,29.6,27.6,27.6,29.5,10970.0,10970.0,0.0,302772000.0,0.0,1000.0,29600000.0,2200.0,60880000.0,25.0,28630.0,55.0,37340.0,6.804694458265289,27026560.0,,,,1000.0
2014-03-03T00:00:00,MPC,26.8,25.7,26.4,25.7,25.7,27.6,89110.0,89110.0,0.0,2290127000.0,0.0,0.0,0.0,55790.0,1457718000.0,80.0,113190.0,140.0,115210.0,6.804694458265289,27029160.0,,,,1000.0
2014-03-04T00:00:00,MPC,26.5,26.5,26.5,26.5,26.5,25.7,10.0,10.0,0.0,265000.0,0.0,0.0,0.0,0.0,0.0,22.0,45490.0,16.0,11480.0,6.804694458265289,27076410.0,,,,1000.0
2014-03-05T00:00:00,MPC,27.9,26.6,27.9,26.6,26.6,26.5,2410.0,2410.0,0.0,64106000.0,0.0,0.0,0.0,0.0,0.0,13.0,14280.0,20.0,11640.0,6.804694458265289,27076410.0,,,,1000.0
2014-03-06T00:00:00,MPC,26.5,26.1,26.2,26.1,26.1,26.6,25670.0,25670.0,0.0,669987000.0,0.0,0.0,0.0,20000.0,522212000.0,13.0,47720.0,24.0,48270.0,6.804694458265289,27078610.0,,,,1000.0
2014-03-07T00:00:00,MPC,26.1,25.6,25.7,25.6,25.6,26.1,16260.0,16260.0,0.0,416256000.0,0.0,0.0,0.0,11730.0,303639000.0,26.0,44550.0,32.0,33410.0,6.804694458265289,27134400.0,,,,1000.0
2014-03-10T00:00:00,MPC,26.4,25.7,26.4,25.9,25.9,25.6,5350.0,5350.0,0.0,138565000.0,0.0,0.0,0.0,0.0,0.0,23.0,40220.0,18.0,7450.0,6.804694458265289,27134400.0,,,,1000.0
2014-03-11T00:00:00,MPC,27.0,25.7,25.7,27.0,27.0,25.9,21880.0,21880.0,0.0,590760000.0,0.0,0.0,0.0,0.0,0.0,34.0,52560.0,39.0,26140.0,6.804694458265289,27154400.0,,,,1000.0
2014-03-12T00:00:00,MPC,27.0,26.8,26.8,27.0,27.0,27.0,170.0,170.0,0.0,4590000.0,0.0,0.0,0.0,0.0,0.0,12.0,13350.0,18.0,3690.0,6.804694458265289,27154400.0,,,,1000.0
2014-03-13T00:00:00,MPC,27.6,26.7,27.0,27.6,27.6,27.0,1520.0,1520.0,0.0,41952000.0,0.0,0.0,0.0,0.0,0.0,8.0,7340.0,16.0,6690.0,6.804694458265289,27166130.0,,,,1000.0
2014-03-14T00:00:00,MPC,27.0,26.2,26.2,27.0,27.0,27.6,4050.0,4050.0,0.0,109350000.0,0.0,0.0,0.0,0.0,0.0,17.0,25560.0,25.0,17560.0,6.804694458265289,27166130.0,,,,1000.0
2014-03-17T00:00:00,MPC,28.0,27.0,27.0,27.9,27.9,27.0,6140.0,6140.0,0.0,171306000.0,0.0,0.0,0.0,0.0,0.0,17.0,11900.0,29.0,22120.0,6.804694458265289,27166130.0,,,,1000.0
2014-03-18T00:00:00,MPC,27.8,26.5,27.6,27.5,27.5,27.9,5840.0,5840.0,0.0,160600000.0,0.0,0.0,0.0,5750.0,158700000.0,28.0,33170.0,27.0,17320.0,6.804694458265289,27166130.0,,,,1000.0
2014-03-19T00:00:00,MPC,27.7,26.5,26.6,27.7,27.7,27.5,11970.0,11970.0,0.0,331569000.0,0.0,0.0,0.0,0.0,0.0,22.0,29920.0,40.0,24940.0,6.804694458265289,27166130.0,,,,1000.0
2014-03-20T00:00:00,MPC,28.0,27.5,27.9,27.5,27.5,27.7,3300.0,3300.0,0.0,90750000.0,0.0,0.0,0.0,0.0,0.0,15.0,23330.0,21.0,9530.0,6.804694458265289,27166130.0,,,,1000.0
2014-03-21T00:00:00,MPC,28.5,27.5,28.5,27.5,27.5,27.5,530.0,530.0,0.0,14575000.0,0.0,0.0,0.0,0.0,0.0,10.0,16230.0,25.0,12400.0,6.804694458265289,27166130.0,,,,1000.0
2014-03-24T00:00:00,MPC,28.4,27.5,27.5,28.4,28.4,27.5,26730.0,26730.0,0.0,759132000.0,0.0,0.0,0.0,0.0,0.0,15.0,87000.0,43.0,47640.0,6.804694458265289,27171880.0,,,,1000.0
2014-03-25T00:00:00,MPC,29.0,27.9,28.0,29.0,29.0,28.4,9790.0,9790.0,0.0,283910000.0,0.0,0.0,0.0,0.0,0.0,17.0,32080.0,37.0,29750.0,6.804694458265289,27171880.0,,,,1000.0
2014-03-26T00:00:00,MPC,29.0,27.1,28.0,29.0,29.0,29.0,3290.0,3290.0,0.0,95410000.0,0.0,0.0,0.0,0.0,0.0,18.0,38270.0,20.0,24190.0,6.804694458265289,27171880.0,,,,1000.0
2014-03-27T00:00:00,MPC,30.9,27.5,30.9,29.0,29.0,29.0,10610.0,10610.0,0.0,307690000.0,0.0,0.0,0.0,0.0,0.0,11.0,44960.0,39.0,65290.0,6.804694458265289,27171880.0,,,,1000.0
2014-03-28T00:00:00,MPC,29.5,28.0,29.0,29.5,29.5,29.0,5740.0,5740.0,0.0,169330000.0,0.0,0.0,0.0,0.0,0.0,16.0,22850.0,25.0,37200.0,6.804694458265289,27171880.0,,,,1000.0
2014-03-31T00:00:00,MPC,29.9,28.5,29.4,29.9,29.9,29.5,33280.0,33280.0,0.0,995072000.0,0.0,6720.0,195790000.0,0.0,0.0,13.0,42450.0,30.0,61700.0,6.804694458265289,27165160.0,,,,1000.0
2014-04-01T00:00:00,MPC,29.9,29.9,29.9,29.9,29.9,29.9,0.0,0.0,0.0,0.0,0.0,0.0,0.0,0.0,0.0,7.0,19660.0,22.0,40580.0,6.804694458265289,27165160.0,,,,1000.0
2014-04-02T00:00:00,MPC,28.7,28.2,28.2,28.3,28.3,29.9,200.0,200.0,0.0,5660000.0,0.0,0.0,0.0,0.0,0.0,5.0,19790.0,17.0,15780.0,6.804694458265289,27165160.0,,,,1000.0
2014-04-03T00:00:00,MPC,28.7,28.7,28.7,28.7,28.7,28.3,1500.0,1500.0,0.0,43050000.0,0.0,1500.0,43050000.0,0.0,0.0,8.0,35560.0,13.0,18250.0,6.804694458265289,27163660.0,,,,1000.0
2014-04-04T00:00:00,MPC,28.7,28.0,28.7,28.0,28.0,28.7,200.0,200.0,0.0,5600000.0,0.0,0.0,0.0,0.0,0.0,6.0,61010.0,14.0,7950.0,6.804694458265289,27163660.0,,,,1000.0
2014-04-07T00:00:00,MPC,28.8,28.3,28.3,28.8,28.8,28.0,340.0,340.0,0.0,9792000.0,0.0,0.0,0.0,0.0,0.0,40.0,522280.0,15.0,5850.0,6.804694458265289,27163660.0,,,,1000.0
2014-04-08T00:00:00,MPC,29.8,28.8,28.8,29.0,29.0,28.8,49820.0,49820.0,0.0,1444780000.0,0.0,10.0,298000.0,0.0,0.0,45.0,539490.0,36.0,70810.0,6.804694458265289,27163650.0,,,,1000.0
2014-04-10T00:00:00,MPC,29.7,28.8,28.8,29.7,29.7,29.0,22710.0,22710.0,0.0,674487000.0,0.0,0.0,0.0,0.0,0.0,43.0,515750.0,29.0,62240.0,6.804694458265289,27163650.0,,,,1000.0
2014-04-11T00:00:00,MPC,30.0,29.0,29.9,29.6,29.6,29.7,84060.0,84060.0,0.0,2488176000.0,0.0,0.0,0.0,0.0,0.0,51.0,554250.0,44.0,199190.0,6.804694458265289,27163650.0,,,,1000.0
2014-04-14T00:00:00,MPC,29.6,29.0,29.0,29.6,29.6,29.6,10860.0,10860.0,0.0,321456000.0,0.0,0.0,0.0,0.0,0.0,43.0,570780.0,25.0,106500.0,6.804694458265289,27163650.0,,,,1000.0
2014-04-15T00:00:00,MPC,30.0,29.6,29.9,29.8,29.8,29.6,95640.0,95640.0,0.0,2850072000.0,0.0,0.0,0.0,520.0,15496000.0,43.0,544870.0,46.0,227690.0,6.804694458265289,27163650.0,,,,1000.0
2014-04-16T00:00:00,MPC,30.0,29.0,29.9,29.0,29.0,29.8,77050.0,77050.0,0.0,2234450000.0,0.0,0.0,0.0,37620.0,1099480000.0,42.0,539030.0,44.0,127220.0,6.804694458265289,27163650.0,,,,1000.0
2014-04-17T00:00:00,MPC,30.0,29.8,30.0,29.8,29.8,29.0,28800.0,28800.0,0.0,858240000.0,0.0,0.0,0.0,8000.0,239350000.0,50.0,546740.0,28.0,69880.0,6.804694458265289,27163650.0,,,,1000.0
2014-04-18T00:00:00,MPC,29.9,29.8,29.8,29.9,29.9,29.8,20.0,20.0,0.0,598000.0,0.0,0.0,0.0,0.0,0.0,43.0,516830.0,13.0,16190.0,6.804694458265289,27163650.0,,,,1000.0
2014-04-21T00:00:00,MPC,31.5,30.0,30.0,31.5,31.5,29.9,14450.0,14450.0,0.0,455175000.0,0.0,0.0,0.0,0.0,0.0,52.0,576650.0,18.0,23390.0,6.804694458265289,27164170.0,,,,1000.0
2014-04-22T00:00:00,MPC,32.0,31.6,32.0,32.0,32.0,31.5,2830.0,2830.0,0.0,90560000.0,0.0,0.0,0.0,0.0,0.0,31.0,12540.0,13.0,24560.0,6.804694458265289,27201790.0,,,,1000.0
2014-04-23T00:00:00,MPC,33.4,32.2,32.2,33.4,33.4,32.0,1970.0,1970.0,0.0,65798000.0,0.0,0.0,0.0,0.0,0.0,23.0,26730.0,11.0,3570.0,6.804694458265289,27209790.0,,,,1000.0
2014-04-24T00:00:00,MPC,35.7,33.2,35.7,35.6,35.6,33.4,2950.0,2950.0,0.0,105020000.0,0.0,0.0,0.0,0.0,0.0,20.0,7810.0,19.0,10680.0,6.804694458265289,27209790.0,,,,1000.0
2014-04-25T00:00:00,MPC,35.6,33.5,34.5,35.0,35.0,35.6,3040.0,3040.0,0.0,106400000.0,0.0,0.0,0.0,0.0,0.0,11.0,5300.0,20.0,6190.0,6.804694458265289,27209790.0,,,,1000.0
2014-04-28T00:00:00,MPC,35.0,32.8,35.0,35.0,35.0,35.0,17670.0,17670.0,0.0,618450000.0,0.0,0.0,0.0,0.0,0.0,31.0,157330.0,23.0,21730.0,6.804694458265289,27209790.0,,,,1000.0
2014-04-29T00:00:00,MPC,36.5,35.0,36.5,36.0,36.0,35.0,11900.0,11900.0,0.0,428400000.0,0.0,0.0,0.0,0.0,0.0,55.0,592270.0,15.0,30750.0,6.804694458265289,27209790.0,,,,1000.0
2014-05-05T00:00:00,MPC,36.0,33.5,36.0,35.0,35.0,36.0,19070.0,19070.0,0.0,667450000.0,0.0,0.0,0.0,0.0,0.0,43.0,535610.0,40.0,58670.0,6.804694458265289,27209790.0,,,,1000.0
2014-05-06T00:00:00,MPC,34.0,33.0,33.1,33.8,33.8,35.0,7220.0,7220.0,0.0,244036000.0,0.0,0.0,0.0,0.0,0.0,42.0,543950.0,24.0,35420.0,6.804694458265289,27209790.0,,,,1000.0
2014-05-07T00:00:00,MPC,33.0,32.8,33.0,32.8,32.8,33.8,4940.0,4940.0,0.0,162032000.0,0.0,0.0,0.0,0.0,0.0,40.0,560250.0,18.0,29240.0,6.804694458265289,27209790.0,,,,1000.0
2014-05-08T00:00:00,MPC,32.0,31.5,31.5,31.5,31.5,32.8,1070.0,1070.0,0.0,33705000.0,0.0,0.0,0.0,0.0,0.0,6.0,2290.0,14.0,14210.0,6.804694458265289,27209790.0,,,,1000.0
2014-05-09T00:00:00,MPC,32.8,29.4,29.4,32.8,32.8,31.5,110.0,110.0,0.0,3608000.0,0.0,0.0,0.0,0.0,0.0,9.0,12540.0,7.0,8130.0,6.804694458265289,27209790.0,,,,1000.0
2014-05-12T00:00:00,MPC,31.0,31.0,31.0,31.0,31.0,32.8,5130.0,5130.0,0.0,159030000.0,0.0,0.0,0.0,0.0,0.0,10.0,22080.0,12.0,8870.0,6.804694458265289,27209790.0,,,,1000.0
2014-05-13T00:00:00,MPC,33.0,33.0,33.0,33.0,33.0,31.0,260.0,260.0,0.0,8580000.0,0.0,250.0,8250000.0,0.0,0.0,6.0,22260.0,3.0,11000.0,6.804694458265289,27209540.0,,,,1000.0
2014-05-14T00:00:00,MPC,33.0,33.0,33.0,33.0,33.0,33.0,0.0,0.0,0.0,0.0,0.0,0.0,0.0,0.0,0.0,2.0,6000.0,3.0,1460.0,6.804694458265289,27209540.0,,,,1000.0
2014-05-15T00:00:00,MPC,33.5,33.0,33.0,33.5,33.5,33.0,810.0,810.0,0.0,27135000.0,0.0,0.0,0.0,0.0,0.0,5.0,20910.0,9.0,4270.0,6.804694458265289,27209540.0,,,,1000.0
2014-05-16T00:00:00,MPC,32.0,32.0,32.0,32.0,32.0,33.5,50.0,50.0,0.0,1600000.0,0.0,0.0,0.0,0.0,0.0,5.0,9700.0,8.0,6380.0,6.804694458265289,27209540.0,,,,1000.0
2014-05-19T00:00:00,MPC,34.2,32.0,34.0,33.0,33.0,32.0,4700.0,4700.0,0.0,155100000.0,0.0,0.0,0.0,0.0,0.0,20.0,43100.0,13.0,16450.0,6.804694458265289,27209540.0,,,,1000.0
2014-05-20T00:00:00,MPC,33.0,32.0,32.5,33.0,33.0,33.0,5200.0,5200.0,0.0,171600000.0,0.0,0.0,0.0,0.0,0.0,17.0,33580.0,13.0,15530.0,6.804694458265289,27209540.0,,,,1000.0
2014-05-21T00:00:00,MPC,35.0,33.0,33.0,35.0,35.0,33.0,1960.0,1960.0,0.0,68600000.0,0.0,250.0,8250000.0,0.0,0.0,4.0,2260.0,5.0,4450.0,6.804694458265289,27209290.0,,,,1000.0
2014-05-22T00:00:00,MPC,36.0,34.5,34.5,36.0,36.0,35.0,140.0,140.0,0.0,5040000.0,0.0,0.0,0.0,0.0,0.0,12.0,7690.0,12.0,6000.0,6.804694458265289,27209290.0,,,,1000.0
2014-05-23T00:00:00,MPC,35.0,34.0,35.0,34.0,34.0,36.0,1810.0,1810.0,0.0,61540000.0,0.0,0.0,0.0,0.0,0.0,8.0,6120.0,10.0,5090.0,6.804694458265289,27209290.0,,,,1000.0
2014-05-26T00:00:00,MPC,35.0,34.5,34.5,35.0,35.0,34.0,1010.0,1010.0,0.0,35350000.0,0.0,0.0,0.0,0.0,0.0,10.0,2660.0,10.0,13670.0,6.804694458265289,27209290.0,,,,1000.0
2014-05-27T00:00:00,MPC,35.0,34.0,34.1,35.0,35.0,35.0,6510.0,6510.0,0.0,227850000.0,0.0,0.0,0.0,0.0,0.0,18.0,19320.0,17.0,13750.0,6.804694458265289,27209290.0,,,,1000.0
2014-05-28T00:00:00,MPC,36.0,35.0,35.0,36.0,36.0,35.0,7210.0,7210.0,0.0,259560000.0,0.0,5000.0,180000000.0,0.0,0.0,11.0,19690.0,12.0,14690.0,6.804694458265289,27204290.0,,,,1000.0
2014-05-29T00:00:00,MPC,37.5,34.5,34.5,37.5,37.5,36.0,1300.0,1300.0,0.0,48750000.0,0.0,0.0,0.0,150.0,5250000.0,15.0,7930.0,17.0,31840.0,6.804694458265289,27204290.0,,,,1000.0
2014-05-30T00:00:00,MPC,37.0,34.9,36.0,37.0,37.0,37.5,4270.0,4270.0,0.0,157990000.0,0.0,0.0,0.0,2000.0,72000000.0,9.0,4490.0,25.0,48630.0,6.804694458265289,27204290.0,,,,1000.0
2014-06-02T00:00:00,MPC,38.0,36.5,37.0,36.5,36.5,37.0,3500.0,3500.0,0.0,127750000.0,0.0,0.0,0.0,0.0,0.0,19.0,5230.0,33.0,36520.0,6.804694458265289,27204290.0,,,,1000.0
2014-06-03T00:00:00,MPC,36.3,36.0,36.0,36.3,36.3,36.5,320.0,320.0,0.0,11616000.0,0.0,0.0,0.0,0.0,0.0,8.0,6870.0,7.0,3210.0,6.804694458265289,27204290.0,,,,1000.0
2014-06-04T00:00:00,MPC,36.5,36.3,36.3,36.3,36.3,36.3,2100.0,2100.0,0.0,76230000.0,0.0,0.0,0.0,0.0,0.0,12.0,17320.0,21.0,25530.0,6.804694458265289,27204440.0,,,,1000.0
2014-06-05T00:00:00,MPC,36.3,36.3,36.3,36.3,36.3,36.3,10.0,10.0,0.0,363000.0,0.0,0.0,0.0,0.0,0.0,6.0,5460.0,9.0,7200.0,6.804694458265289,27206440.0,,,,1000.0
2014-06-06T00:00:00,MPC,37.6,36.0,36.3,37.6,37.6,36.3,3950.0,3950.0,0.0,148520000.0,0.0,500.0,18150000.0,10.0,376000.0,18.0,11390.0,13.0,15070.0,6.804694458265289,27205940.0,,,,1000.0
2014-06-09T00:00:00,MPC,37.6,35.8,37.6,35.8,35.8,37.6,1010.0,1010.0,0.0,36158000.0,0.0,0.0,0.0,0.0,0.0,6.0,4600.0,18.0,13420.0,6.804694458265289,27205940.0,,,,1000.0
2014-06-10T00:00:00,MPC,35.8,35.8,35.8,35.8,35.8,35.8,0.0,0.0,0.0,0.0,0.0,0.0,0.0,0.0,0.0,5.0,15720.0,6.0,12510.0,6.804694458265289,27205940.0,,,,1000.0
2014-06-11T00:00:00,MPC,36.0,35.8,36.0,35.8,35.8,35.8,15310.0,15310.0,0.0,548098000.0,0.0,2000.0,71600000.0,0.0,0.0,16.0,45420.0,12.0,19530.0,6.804694458265289,27203940.0,,,,1000.0
2014-06-12T00:00:00,MPC,36.0,36.0,36.0,36.0,36.0,35.8,1320.0,1320.0,0.0,47520000.0,0.0,0.0,0.0,0.0,0.0,11.0,24410.0,6.0,3620.0,6.804694458265289,27203950.0,,,,1000.0
2014-06-13T00:00:00,MPC,38.0,34.6,34.6,36.6,36.6,36.0,2490.0,2490.0,0.0,91134000.0,0.0,0.0,0.0,0.0,0.0,14.0,25570.0,15.0,5900.0,6.804694458265289,27203950.0,,,,1000.0
2014-06-16T00:00:00,MPC,36.6,35.8,36.6,36.0,36.0,36.6,4100.0,4100.0,0.0,147600000.0,0.0,600.0,21600000.0,300.0,10740000.0,15.0,21800.0,6.0,4250.0,6.804694458265289,27203350.0,,,,1000.0
2014-06-17T00:00:00,MPC,38.0,35.1,36.0,38.0,38.0,36.0,1900.0,1900.0,0.0,72200000.0,0.0,0.0,0.0,300.0,10800000.0,12.0,12340.0,9.0,12120.0,6.804694458265289,27203350.0,,,,1000.0
2014-06-18T00:00:00,MPC,36.6,36.0,36.6,36.0,36.0,38.0,4500.0,4500.0,0.0,162000000.0,0.0,0.0,0.0,3200.0,115300000.0,11.0,19560.0,16.0,25680.0,6.804694458265289,27203350.0,,,,1000.0
2014-06-19T00:00:00,MPC,36.0,35.0,36.0,35.0,35.0,36.0,11790.0,11790.0,0.0,412650000.0,0.0,0.0,0.0,10000.0,352460000.0,12.0,16380.0,11.0,14910.0,6.804694458265289,27203350.0,,,,1000.0
2014-06-20T00:00:00,MPC,37.4,35.3,35.3,37.4,37.4,35.0,20.0,20.0,0.0,748000.0,0.0,0.0,0.0,0.0,0.0,11.0,13370.0,5.0,1910.0,6.804694458265289,27203650.0,,,,1000.0
2014-06-23T00:00:00,MPC,37.0,37.0,37.0,37.0,37.0,37.4,500.0,500.0,0.0,18500000.0,0.0,0.0,0.0,0.0,0.0,8.0,15570.0,9.0,2960.0,6.804694458265289,27203950.0,,,,1000.0
2014-06-24T00:00:00,MPC,37.0,37.0,37.0,37.0,37.0,37.0,0.0,0.0,0.0,0.0,0.0,0.0,0.0,0.0,0.0,6.0,10120.0,9.0,9190.0,6.804694458265289,27203950.0,,,,1000.0
2014-06-25T00:00:00,MPC,38.0,37.2,37.2,37.2,37.2,37.0,2200.0,2200.0,0.0,81840000.0,0.0,0.0,0.0,0.0,0.0,10.0,20310.0,18.0,27380.0,6.804694458265289,27217150.0,,,,1000.0
2014-06-26T00:00:00,MPC,35.7,35.7,35.7,35.7,35.7,37.2,0.0,0.0,0.0,0.0,0.0,0.0,0.0,0.0,0.0,9.0,30850.0,10.0,9940.0,6.530311617206198,27217150.0,,,,1000.0
2014-06-27T00:00:00,MPC,38.0,35.5,36.5,36.5,36.5,35.7,7000.0,7000.0,0.0,255500000.0,0.0,0.0,0.0,5000.0,178245000.0,19.0,22990.0,15.0,18630.0,6.530311617206198,27217150.0,,,,1000.0
2014-06-30T00:00:00,MPC,36.5,36.5,36.5,36.5,36.5,36.5,0.0,0.0,0.0,0.0,0.0,0.0,0.0,0.0,0.0,4.0,10190.0,8.0,4700.0,6.530311617206198,27217150.0,,,,1000.0
2014-07-01T00:00:00,MPC,36.8,36.8,36.8,36.8,36.8,36.5,10.0,10.0,0.0,368000.0,0.0,0.0,0.0,0.0,0.0,6.0,10230.0,7.0,11290.0,6.530311617206198,27217150.0,,,,1000.0
2014-07-02T00:00:00,MPC,37.0,35.7,35.7,35.8,35.8,36.8,1560.0,1560.0,0.0,55848000.0,0.0,0.0,0.0,0.0,0.0,8.0,22010.0,16.0,26650.0,6.530311617206198,27217150.0,,,,1000.0
2014-07-03T00:00:00,MPC,36.2,35.0,35.0,36.2,36.2,35.8,10010.0,10010.0,0.0,362362000.0,0.0,0.0,0.0,10010.0,350362000.0,23.0,39980.0,15.0,25450.0,6.530311617206198,27222150.0,,,,1000.0
2014-07-04T00:00:00,MPC,36.2,36.2,36.2,36.2,36.2,36.2,0.0,0.0,0.0,0.0,0.0,0.0,0.0,0.0,0.0,5.0,21100.0,17.0,16790.0,6.530311617206198,27222150.0,,,,1000.0
2014-07-07T00:00:00,MPC,36.6,35.2,35.2,36.6,36.6,36.2,230.0,230.0,0.0,8418000.0,0.0,0.0,0.0,20.0,732000.0,9.0,23520.0,16.0,6270.0,6.530311617206198,27222150.0,,,,1000.0
2014-07-08T00:00:00,MPC,37.1,35.5,35.5,37.1,37.1,36.6,2560.0,2560.0,0.0,94976000.0,0.0,0.0,0.0,0.0,0.0,13.0,30660.0,25.0,13290.0,6.530311617206198,27222150.0,,,,1000.0
2014-07-09T00:00:00,MPC,36.6,36.6,36.6,36.6,36.6,37.1,1330.0,1330.0,0.0,48678000.0,0.0,0.0,0.0,570.0,20862000.0,9.0,14540.0,14.0,13620.0,6.530311617206198,27232160.0,,,,1000.0
2014-07-10T00:00:00,MPC,37.0,35.5,35.6,37.0,37.0,36.6,1300.0,1300.0,0.0,48100000.0,0.0,0.0,0.0,100.0,3550000.0,13.0,26870.0,18.0,4250.0,6.530311617206198,27232160.0,,,,1000.0
2014-07-11T00:00:00,MPC,37.0,36.5,36.5,36.5,36.5,37.0,2210.0,2210.0,0.0,80665000.0,0.0,0.0,0.0,0.0,0.0,10.0,27710.0,17.0,13660.0,6.530311617206198,27232180.0,,,,1000.0
2014-07-14T00:00:00,MPC,36.5,36.5,36.5,36.5,36.5,36.5,4010.0,4010.0,0.0,146365000.0,0.0,0.0,0.0,0.0,0.0,10.0,34600.0,19.0,19780.0,6.530311617206198,27232750.0,,,,1000.0
2014-07-15T00:00:00,MPC,37.0,36.8,36.9,37.0,37.0,36.5,1030.0,1030.0,0.0,38110000.0,0.0,0.0,0.0,0.0,0.0,7.0,21130.0,13.0,10590.0,6.530311617206198,27232750.0,,,,1000.0
2014-07-16T00:00:00,MPC,36.0,36.0,36.0,36.0,36.0,37.0,1800.0,1800.0,0.0,64800000.0,0.0,0.0,0.0,0.0,0.0,8.0,22200.0,16.0,11440.0,6.530311617206198,27232850.0,,,,1000.0
2014-07-17T00:00:00,MPC,36.8,35.8,35.8,36.8,36.8,36.0,8080.0,8080.0,0.0,297344000.0,0.0,0.0,0.0,6790.0,247835000.0,9.0,31650.0,18.0,18510.0,6.530311617206198,27232850.0,,,,1000.0
2014-07-18T00:00:00,MPC,37.0,36.8,36.8,37.0,37.0,36.8,10720.0,10720.0,0.0,396640000.0,0.0,0.0,0.0,10000.0,369000000.0,15.0,51940.0,24.0,26470.0,6.530311617206198,27232850.0,,,,1000.0
2014-07-21T00:00:00,MPC,37.1,36.5,37.0,37.1,37.1,37.0,7320.0,7320.0,0.0,271572000.0,0.0,0.0,0.0,0.0,0.0,11.0,31670.0,22.0,10660.0,6.530311617206198,27232850.0,,,,1000.0
2014-07-22T00:00:00,MPC,37.5,37.0,37.3,37.0,37.0,37.1,9840.0,9840.0,0.0,364080000.0,0.0,0.0,0.0,5800.0,217100000.0,14.0,24070.0,24.0,14020.0,6.530311617206198,27232850.0,,,,1000.0
2014-07-23T00:00:00,MPC,38.5,38.0,38.0,38.5,38.5,37.0,4540.0,4540.0,0.0,174790000.0,0.0,30.0,1155000.0,0.0,0.0,15.0,23950.0,19.0,14560.0,6.530311617206198,27239610.0,,,,1000.0
2014-07-24T00:00:00,MPC,41.1,38.1,38.1,41.1,41.1,38.5,12140.0,12140.0,0.0,498954000.0,0.0,500.0,20100000.0,0.0,0.0,32.0,42830.0,17.0,12290.0,6.530311617206198,27249110.0,,,,1000.0
2014-07-25T00:00:00,MPC,43.9,43.9,43.9,43.9,43.9,41.1,2930.0,2930.0,0.0,128627000.0,0.0,0.0,0.0,0.0,0.0,18.0,28600.0,10.0,2930.0,6.530311617206198,27249110.0,,,,1000.0
2014-07-28T00:00:00,MPC,46.9,46.2,46.2,46.9,46.9,43.9,16060.0,16060.0,0.0,753214000.0,0.0,0.0,0.0,0.0,0.0,27.0,43530.0,17.0,17160.0,6.530311617206198,27254910.0,,,,1000.0
2014-07-29T00:00:00,MPC,50.0,48.0,49.9,50.0,50.0,46.9,27950.0,27950.0,0.0,1397500000.0,0.0,4180.0,208400000.0,1500.0,74850000.0,39.0,51200.0,22.0,27950.0,6.530311617206198,27250730.0,,,,1000.0
2014-07-30T00:00:00,MPC,53.5,53.5,53.5,53.5,53.5,50.0,13220.0,13220.0,0.0,707270000.0,0.0,0.0,0.0,0.0,0.0,46.0,47280.0,11.0,13220.0,6.530311617206198,27250730.0,,,,1000.0
2014-07-31T00:00:00,MPC,57.0,57.0,57.0,57.0,57.0,53.5,3510.0,3510.0,0.0,200070000.0,0.0,0.0,0.0,0.0,0.0,45.0,38960.0,10.0,3510.0,6.530311617206198,27250730.0,,,,1000.0
2014-08-01T00:00:00,MPC,60.5,58.0,60.5,60.5,60.5,57.0,22500.0,22500.0,0.0,1361250000.0,0.0,310.0,18510000.0,500.0,29750000.0,64.0,44070.0,55.0,34560.0,6.530311617206198,27250420.0,,,,1000.0
2014-08-04T00:00:00,MPC,62.0,56.5,62.0,60.0,60.0,60.5,9760.0,9760.0,0.0,585600000.0,0.0,2850.0,171390000.0,120.0,7260000.0,36.0,23690.0,55.0,44010.0,6.530311617206198,27249070.0,,,,1000.0
2014-08-05T00:00:00,MPC,59.5,56.5,56.5,59.0,59.0,60.0,6620.0,6620.0,0.0,390580000.0,0.0,140.0,8265000.0,240.0,14280000.0,43.0,14790.0,43.0,55390.0,6.530311617206198,27248930.0,,,,1000.0
2014-08-06T00:00:00,MPC,58.0,55.0,57.0,55.5,55.5,59.0,13110.0,13110.0,0.0,727605000.0,0.0,260.0,14595000.0,2430.0,135990000.0,62.0,17410.0,52.0,68900.0,6.530311617206198,27248670.0,,,,1000.0
2014-08-07T00:00:00,MPC,55.0,52.0,54.0,52.0,52.0,55.5,22010.0,22010.0,0.0,1144520000.0,0.0,20.0,1040000.0,0.0,0.0,62.0,27740.0,50.0,56160.0,6.530311617206198,27249270.0,,,,1000.0
2014-08-08T00:00:00,MPC,54.0,50.5,50.5,54.0,54.0,52.0,5510.0,5510.0,0.0,297540000.0,0.0,0.0,0.0,500.0,25945000.0,47.0,17960.0,18.0,14480.0,6.530311617206198,27249270.0,,,,1000.0
2014-08-11T00:00:00,MPC,56.0,54.5,55.0,54.5,54.5,54.0,10090.0,10090.0,0.0,549905000.0,0.0,500.0,27250000.0,6100.0,334030000.0,41.0,18160.0,29.0,24500.0,6.530311617206198,27249010.0,,,,1000.0
2014-08-12T00:00:00,MPC,58.0,58.0,58.0,58.0,58.0,54.5,13750.0,13750.0,0.0,797500000.0,0.0,0.0,0.0,3600.0,208800000.0,49.0,71090.0,27.0,13750.0,6.530311617206198,27251440.0,,,,1000.0
2014-08-13T00:00:00,MPC,62.0,62.0,62.0,62.0,62.0,58.0,19190.0,19190.0,0.0,1189780000.0,0.0,300.0,18600000.0,2780.0,172360000.0,48.0,46330.0,38.0,19220.0,6.530311617206198,27251140.0,,,,1000.0
2014-08-14T00:00:00,MPC,66.0,66.0,66.0,66.0,66.0,62.0,2110.0,2110.0,0.0,139260000.0,0.0,0.0,0.0,0.0,0.0,103.0,137000.0,11.0,2110.0,6.530311617206198,27251640.0,,,,1000.0
2014-08-15T00:00:00,MPC,70.5,70.5,70.5,70.5,70.5,66.0,17020.0,17020.0,0.0,1199910000.0,0.0,0.0,0.0,0.0,0.0,94.0,68450.0,20.0,17020.0,6.530311617206198,27257740.0,,,,1000.0
2014-08-18T00:00:00,MPC,75.0,73.0,75.0,75.0,75.0,70.5,77540.0,77540.0,0.0,5815500000.0,0.0,0.0,0.0,3100.0,232500000.0,160.0,124000.0,33.0,77540.0,6.530311617206198,27261340.0,,,,1000.0
2014-08-19T00:00:00,MPC,80.0,78.0,80.0,80.0,80.0,75.0,56520.0,56520.0,0.0,4521600000.0,0.0,90.0,7155000.0,0.0,0.0,119.0,92900.0,68.0,73570.0,6.530311617206198,27264030.0,,,,1000.0
2014-08-20T00:00:00,MPC,79.5,74.5,79.5,79.0,79.0,80.0,24050.0,24050.0,0.0,1899950000.0,0.0,3400.0,262855000.0,1440.0,108940000.0,110.0,39610.0,79.0,63920.0,6.530311617206198,27260630.0,,,,1000.0
2014-08-21T00:00:00,MPC,79.0,75.0,79.0,77.0,77.0,79.0,11410.0,11410.0,0.0,878570000.0,0.0,1540.0,117050000.0,0.0,0.0,69.0,24750.0,86.0,42820.0,6.530311617206198,27259090.0,,,,1000.0
2014-08-22T00:00:00,MPC,78.0,72.5,75.0,72.5,72.5,77.0,18730.0,18730.0,0.0,1357925000.0,0.0,1910.0,144250000.0,300.0,22500000.0,106.0,24140.0,97.0,55460.0,6.530311617206198,27260280.0,,,,1000.0
2014-08-25T00:00:00,MPC,76.0,73.0,76.0,75.0,75.0,72.5,8630.0,8630.0,0.0,647250000.0,0.0,400.0,29200000.0,0.0,0.0,72.0,31750.0,39.0,18660.0,6.530311617206198,27259880.0,,,,1000.0
2014-08-26T00:00:00,MPC,77.0,73.0,77.0,75.0,75.0,75.0,10100.0,10100.0,0.0,757500000.0,0.0,0.0,0.0,2400.0,176400000.0,55.0,17420.0,68.0,46460.0,6.530311617206198,27261320.0,,,,1000.0
2014-08-27T00:00:00,MPC,75.5,74.0,75.0,74.0,74.0,75.0,20130.0,20130.0,0.0,1489620000.0,0.0,700.0,52500000.0,0.0,0.0,55.0,27270.0,69.0,54580.0,6.530311617206198,27260620.0,,,,1000.0
2014-08-28T00:00:00,MPC,75.0,72.5,75.0,75.0,75.0,74.0,10940.0,10940.0,0.0,820500000.0,0.0,0.0,0.0,200.0,15000000.0,28.0,17420.0,47.0,27570.0,6.530311617206198,27260920.0,,,,1000.0
2014-08-29T00:00:00,MPC,75.0,72.0,75.0,74.0,74.0,75.0,4360.0,4360.0,0.0,322640000.0,0.0,0.0,0.0,0.0,0.0,36.0,12660.0,41.0,36920.0,6.530311617206198,27260920.0,,,,1000.0
2014-09-03T00:00:00,MPC,79.0,79.0,79.0,79.0,79.0,74.0,22950.0,22950.0,0.0,1813050000.0,0.0,0.0,0.0,0.0,0.0,74.0,32820.0,44.0,22950.0,6.530311617206198,27263320.0,,,,1000.0
2014-09-04T00:00:00,MPC,84.0,81.0,82.0,82.0,82.0,79.0,13170.0,13170.0,0.0,1079940000.0,0.0,200.0,16300000.0,2530.0,206555000.0,73.0,20870.0,71.0,41230.0,6.530311617206198,27263120.0,,,,1000.0
2014-09-05T00:00:00,MPC,82.0,78.0,82.0,80.0,80.0,82.0,11220.0,11220.0,0.0,897600000.0,0.0,0.0,0.0,2210.0,174565000.0,47.0,19920.0,86.0,56640.0,6.530311617206198,27263320.0,,,,1000.0
2014-09-08T00:00:00,MPC,85.0,79.5,85.0,80.0,80.0,80.0,25080.0,25080.0,0.0,2006400000.0,0.0,100.0,8000000.0,70.0,5670000.0,63.0,36780.0,57.0,63570.0,6.530311617206198,27263220.0,,,,1000.0
2014-09-09T00:00:00,MPC,80.0,78.0,79.0,78.0,78.0,80.0,16860.0,16860.0,0.0,1315080000.0,0.0,0.0,0.0,1120.0,88480000.0,61.0,28690.0,64.0,37670.0,6.530311617206198,27263220.0,,,,1000.0
2014-09-10T00:00:00,MPC,80.0,76.0,77.5,79.0,79.0,78.0,6610.0,6610.0,0.0,522190000.0,0.0,780.0,60450000.0,0.0,0.0,55.0,12800.0,40.0,18200.0,6.530311617206198,27264970.0,,,,1000.0
2014-09-11T00:00:00,MPC,81.0,77.5,79.0,78.5,78.5,79.0,3780.0,3780.0,0.0,296730000.0,0.0,0.0,0.0,0.0,0.0,60.0,9790.0,35.0,20580.0,6.530311617206198,27267180.0,,,,1000.0
2014-09-12T00:00:00,MPC,81.0,78.0,81.0,80.0,80.0,78.5,12520.0,12520.0,0.0,1001600000.0,0.0,3000.0,243000000.0,0.0,0.0,34.0,21300.0,61.0,40200.0,6.530311617206198,27264250.0,,,,1000.0
2014-09-15T00:00:00,MPC,80.0,78.5,80.0,78.5,78.5,80.0,10030.0,10030.0,0.0,787355000.0,0.0,520.0,41080000.0,0.0,0.0,39.0,33650.0,42.0,27050.0,6.530311617206198,27264850.0,,,,1000.0
2014-09-16T00:00:00,MPC,79.0,78.0,79.0,79.0,79.0,78.5,15410.0,15410.0,0.0,1217390000.0,0.0,0.0,0.0,0.0,0.0,56.0,33580.0,48.0,30980.0,6.530311617206198,27264850.0,,,,1000.0
2014-09-17T00:00:00,MPC,76.0,72.5,72.5,73.0,73.0,79.0,8850.0,8850.0,0.0,646050000.0,0.0,0.0,0.0,0.0,0.0,69.0,35970.0,56.0,43630.0,6.117000755357689,27264850.0,,,,1000.0
2014-09-18T00:00:00,MPC,72.5,68.5,70.5,68.5,68.5,73.0,9090.0,9090.0,0.0,622665000.0,0.0,0.0,0.0,0.0,0.0,56.0,12440.0,47.0,39710.0,6.117000755357689,27264850.0,,,,1000.0
2014-09-19T00:00:00,MPC,70.0,66.0,69.0,68.5,68.5,68.5,5260.0,5260.0,0.0,360310000.0,0.0,0.0,0.0,3000.0,198000000.0,43.0,10180.0,33.0,15610.0,6.117000755357689,27264850.0,,,,1000.0
2014-09-22T00:00:00,MPC,68.5,67.5,67.5,68.5,68.5,68.5,8290.0,8290.0,0.0,567865000.0,0.0,1110.0,74925000.0,850.0,57655000.0,17.0,11150.0,37.0,14080.0,6.117000755357689,27263740.0,,,,1000.0
2014-09-23T00:00:00,MPC,68.5,65.0,68.5,68.0,68.0,68.5,3020.0,3020.0,0.0,205360000.0,0.0,0.0,0.0,0.0,0.0,37.0,10500.0,40.0,13310.0,6.117000755357689,27263740.0,,,,1000.0
2014-09-24T00:00:00,MPC,69.0,65.0,65.0,69.0,69.0,68.0,5200.0,5200.0,0.0,358800000.0,0.0,0.0,0.0,0.0,0.0,40.0,9780.0,32.0,7930.0,6.117000755357689,27263740.0,,,,1000.0
2014-09-25T00:00:00,MPC,68.5,65.0,67.0,68.0,68.0,69.0,5480.0,5480.0,0.0,372640000.0,0.0,0.0,0.0,1400.0,93200000.0,34.0,11310.0,29.0,14610.0,6.117000755357689,27266740.0,,,,1000.0
2014-09-26T00:00:00,MPC,72.0,68.0,69.0,71.0,71.0,68.0,7710.0,7710.0,0.0,547410000.0,0.0,0.0,0.0,0.0,0.0,31.0,21710.0,30.0,13150.0,6.117000755357689,27267590.0,,,,1000.0
2014-09-29T00:00:00,MPC,71.0,68.5,68.5,69.0,69.0,71.0,1890.0,1890.0,0.0,130410000.0,0.0,0.0,0.0,0.0,0.0,12.0,10990.0,32.0,11180.0,6.117000755357689,27267590.0,,,,1000.0
2014-09-30T00:00:00,MPC,69.5,69.0,69.0,69.0,69.0,69.0,18560.0,18560.0,0.0,1280640000.0,0.0,0.0,0.0,0.0,0.0,15.0,21500.0,26.0,21630.0,6.117000755357689,27267590.0,,,,1000.0
2014-10-01T00:00:00,MPC,71.0,68.5,71.0,69.5,69.5,69.0,1700.0,1700.0,0.0,118150000.0,0.0,0.0,0.0,0.0,0.0,29.0,7080.0,30.0,7630.0,6.117000755357689,27268990.0,,,,1000.0
2014-10-02T00:00:00,MPC,70.0,69.0,70.0,70.0,70.0,69.5,3320.0,3320.0,0.0,232400000.0,0.0,1000.0,70000000.0,0.0,0.0,18.0,6310.0,26.0,8120.0,6.117000755357689,27267990.0,,,,1000.0
2014-10-03T00:00:00,MPC,71.0,70.0,70.5,71.0,71.0,70.0,7810.0,7810.0,0.0,554510000.0,0.0,0.0,0.0,0.0,0.0,15.0,12300.0,35.0,13650.0,6.117000755357689,27267990.0,,,,1000.0
2014-10-06T00:00:00,MPC,71.0,70.0,70.5,71.0,71.0,71.0,6500.0,6500.0,0.0,461500000.0,0.0,0.0,0.0,0.0,0.0,16.0,14560.0,27.0,27020.0,6.117000755357689,27267990.0,,,,1000.0
2014-10-07T00:00:00,MPC,72.0,70.0,72.0,70.0,70.0,71.0,870.0,870.0,0.0,60900000.0,0.0,0.0,0.0,0.0,0.0,14.0,5320.0,25.0,9270.0,6.117000755357689,27267990.0,,,,1000.0
2014-10-08T00:00:00,MPC,71.5,70.0,71.5,70.5,70.5,70.0,5950.0,5950.0,0.0,419475000.0,0.0,50.0,3575000.0,0.0,0.0,19.0,12270.0,19.0,14370.0,6.117000755357689,27267940.0,,,,1000.0
2014-10-09T00:00:00,MPC,75.0,70.5,70.5,72.0,72.0,70.5,9900.0,9900.0,0.0,712800000.0,0.0,560.0,39480000.0,1120.0,79215000.0,40.0,28350.0,38.0,16120.0,6.117000755357689,27267380.0,,,,1000.0
2014-10-10T00:00:00,MPC,73.5,71.0,71.0,72.0,72.0,72.0,11310.0,11310.0,0.0,814320000.0,0.0,0.0,0.0,30.0,2160000.0,25.0,22800.0,35.0,19240.0,6.117000755357689,27267380.0,,,,1000.0
2014-10-13T00:00:00,MPC,74.5,71.5,74.5,71.5,71.5,72.0,4240.0,4240.0,0.0,303160000.0,0.0,0.0,0.0,0.0,0.0,12.0,15730.0,32.0,18820.0,6.117000755357689,27267380.0,,,,1000.0
2014-10-14T00:00:00,MPC,72.0,70.5,72.0,70.5,70.5,71.5,8100.0,8100.0,0.0,571050000.0,0.0,0.0,0.0,0.0,0.0,25.0,15420.0,34.0,24110.0,6.117000755357689,27267380.0,,,,1000.0
2014-10-15T00:00:00,MPC,71.0,70.5,70.5,71.0,71.0,70.5,2170.0,2170.0,0.0,154070000.0,0.0,180.0,12690000.0,0.0,0.0,26.0,15370.0,13.0,5580.0,6.117000755357689,27268320.0,,,,1000.0
2014-10-16T00:00:00,MPC,71.0,70.0,70.5,71.0,71.0,71.0,18970.0,18970.0,0.0,1346870000.0,0.0,0.0,0.0,0.0,0.0,18.0,22690.0,18.0,19440.0,6.117000755357689,27268350.0,,,,1000.0
2014-10-17T00:00:00,MPC,73.0,71.0,71.0,71.0,71.0,71.0,2090.0,2090.0,0.0,148390000.0,0.0,0.0,0.0,0.0,0.0,8.0,10090.0,24.0,9430.0,6.117000755357689,27268350.0,,,,1000.0
2014-10-20T00:00:00,MPC,72.5,70.0,70.0,72.5,72.5,71.0,1120.0,1120.0,0.0,81200000.0,0.0,0.0,0.0,0.0,0.0,5.0,8520.0,11.0,6030.0,6.117000755357689,27268350.0,,,,1000.0
2014-10-21T00:00:00,MPC,72.5,71.0,71.0,72.5,72.5,72.5,610.0,610.0,0.0,44225000.0,0.0,0.0,0.0,0.0,0.0,7.0,9830.0,21.0,6360.0,6.117000755357689,27268350.0,,,,1000.0
2014-10-22T00:00:00,MPC,75.5,71.0,71.0,75.0,75.0,72.5,5640.0,5640.0,0.0,423000000.0,0.0,0.0,0.0,960.0,69150000.0,25.0,10120.0,43.0,53860.0,6.117000755357689,27268350.0,,,,1000.0
2014-10-23T00:00:00,MPC,76.0,71.0,75.0,73.0,73.0,75.0,3080.0,3080.0,0.0,224840000.0,0.0,50.0,3700000.0,0.0,0.0,14.0,10080.0,46.0,33410.0,6.117000755357689,27268300.0,,,,1000.0
2014-10-24T00:00:00,MPC,74.0,72.0,73.5,74.0,74.0,73.0,2310.0,2310.0,0.0,170940000.0,0.0,310.0,22890000.0,0.0,0.0,16.0,7570.0,29.0,19750.0,6.117000755357689,27267990.0,,,,1000.0
2014-10-27T00:00:00,MPC,72.5,71.0,72.5,71.0,71.0,74.0,3360.0,3360.0,0.0,238560000.0,0.0,30.0,2135000.0,0.0,0.0,15.0,5210.0,25.0,20460.0,6.117000755357689,27267960.0,,,,1000.0
2014-10-28T00:00:00,MPC,72.5,71.0,71.0,72.5,72.5,71.0,2050.0,2050.0,0.0,148625000.0,0.0,20.0,1450000.0,580.0,41180000.0,19.0,5640.0,16.0,4240.0,6.117000755357689,27268900.0,,,,1000.0
2014-10-29T00:00:00,MPC,72.5,72.0,72.0,72.5,72.5,72.5,5030.0,5030.0,0.0,364675000.0,0.0,30.0,2175000.0,0.0,0.0,14.0,9470.0,21.0,7400.0,6.117000755357689,27268870.0,,,,1000.0
2014-10-30T00:00:00,MPC,74.0,73.0,73.0,73.0,73.0,72.5,8950.0,8950.0,0.0,653350000.0,0.0,0.0,0.0,0.0,0.0,15.0,14020.0,49.0,18810.0,6.117000755357689,27268870.0,,,,1000.0
2014-10-31T00:00:00,MPC,74.0,72.0,74.0,74.0,74.0,73.0,3920.0,3920.0,0.0,290080000.0,0.0,210.0,15345000.0,0.0,0.0,10.0,7270.0,22.0,9190.0,6.117000755357689,27268660.0,,,,1000.0
2014-11-03T00:00:00,MPC,76.0,74.0,74.0,74.5,74.5,74.0,10990.0,10990.0,0.0,818755000.0,0.0,50.0,3700000.0,0.0,0.0,10.0,7270.0,22.0,9190.0,6.117000755357689,27269190.0,,,,1000.0
2014-11-04T00:00:00,MPC,75.5,74.0,74.0,75.5,75.5,74.5,15370.0,15370.0,0.0,1160435000.0,0.0,190.0,14345000.0,0.0,0.0,21.0,28190.0,33.0,27970.0,6.117000755357689,27269000.0,,,,1000.0
2014-11-05T00:00:00,MPC,78.0,76.0,76.0,78.0,78.0,75.5,10620.0,10620.0,0.0,828360000.0,0.0,50.0,3895000.0,0.0,0.0,35.0,23200.0,52.0,18640.0,6.117000755357689,27268950.0,,,,1000.0
2014-11-06T00:00:00,MPC,83.0,79.0,79.0,83.0,83.0,78.0,8380.0,8380.0,0.0,695540000.0,0.0,0.0,0.0,0.0,0.0,30.0,31220.0,44.0,9790.0,6.117000755357689,27268950.0,,,,1000.0
2014-11-07T00:00:00,MPC,88.5,86.0,87.5,86.5,86.5,83.0,6110.0,6110.0,0.0,528515000.0,0.0,330.0,28995000.0,0.0,0.0,42.0,90370.0,50.0,28630.0,6.117000755357689,27268620.0,,,,1000.0
2014-11-10T00:00:00,MPC,90.0,88.0,89.0,89.5,89.5,86.5,24140.0,24140.0,0.0,2160530000.0,0.0,40.0,3560000.0,0.0,0.0,38.0,88420.0,69.0,35300.0,6.117000755357689,27268580.0,,,,1000.0
2014-11-11T00:00:00,MPC,93.0,89.5,89.5,92.5,92.5,89.5,31700.0,31700.0,0.0,2932250000.0,0.0,60.0,5460000.0,780.0,69810000.0,49.0,88190.0,115.0,85870.0,6.117000755357689,27268520.0,,,,1000.0
2014-11-12T00:00:00,MPC,94.0,90.0,92.5,93.0,93.0,92.5,19180.0,19180.0,0.0,1783740000.0,0.0,0.0,0.0,0.0,0.0,32.0,61410.0,85.0,58870.0,6.117000755357689,27268520.0,,,,1000.0
2014-11-13T00:00:00,MPC,93.5,92.5,92.5,93.0,93.0,93.0,12670.0,12670.0,0.0,1178310000.0,0.0,0.0,0.0,1570.0,145620000.0,28.0,59560.0,90.0,67810.0,6.117000755357689,27268520.0,,,,1000.0
2014-11-14T00:00:00,MPC,95.0,92.0,93.0,94.0,94.0,93.0,42130.0,42130.0,0.0,3960220000.0,0.0,0.0,0.0,6100.0,571895000.0,53.0,142580.0,138.0,72680.0,6.117000755357689,27268520.0,,,,1000.0
2014-11-17T00:00:00,MPC,96.0,94.5,94.5,96.0,96.0,94.0,16240.0,16240.0,0.0,1559040000.0,0.0,20.0,1920000.0,0.0,0.0,24.0,75080.0,59.0,62830.0,6.117000755357689,27269280.0,,,,1000.0
2014-11-18T00:00:00,MPC,96.5,90.0,96.5,96.0,96.0,96.0,22890.0,22890.0,0.0,2197440000.0,0.0,100.0,9610000.0,0.0,0.0,48.0,84850.0,75.0,90640.0,6.117000755357689,27269180.0,,,,1000.0
2014-11-19T00:00:00,MPC,96.5,94.5,96.0,96.5,96.5,96.0,16130.0,16130.0,0.0,1556545000.0,0.0,40.0,3840000.0,0.0,0.0,37.0,69060.0,89.0,74340.0,6.117000755357689,27270710.0,,,,1000.0
2014-11-20T00:00:00,MPC,96.5,95.5,95.5,96.5,96.5,96.5,23590.0,23590.0,0.0,2276435000.0,0.0,70.0,6735000.0,1000.0,95500000.0,28.0,78010.0,83.0,167450.0,6.117000755357689,27276740.0,,,,1000.0
2014-11-21T00:00:00,MPC,96.0,95.5,95.5,95.5,95.5,96.5,26360.0,26360.0,0.0,2517380000.0,0.0,110.0,10505000.0,0.0,0.0,18.0,78860.0,79.0,78390.0,6.117000755357689,27276630.0,,,,1000.0
2014-11-24T00:00:00,MPC,95.5,95.0,95.5,95.0,95.0,95.5,50980.0,50980.0,0.0,4843100000.0,0.0,350.0,33425000.0,0.0,0.0,27.0,104030.0,75.0,75190.0,6.117000755357689,27276280.0,,,,1000.0
2014-11-25T00:00:00,MPC,95.5,94.5,95.5,95.0,95.0,95.0,31220.0,31220.0,0.0,2965900000.0,0.0,300.0,28575000.0,0.0,0.0,23.0,83940.0,53.0,65580.0,6.117000755357689,27275980.0,,,,1000.0
2014-11-26T00:00:00,MPC,95.5,94.5,95.0,95.0,95.0,95.0,29120.0,29120.0,0.0,2766400000.0,0.0,210.0,19855000.0,950.0,90250000.0,18.0,76110.0,53.0,51270.0,6.117000755357689,27276770.0,,,,1000.0
2014-11-27T00:00:00,MPC,95.5,95.0,95.0,95.5,95.5,95.0,10510.0,10510.0,0.0,1003705000.0,0.0,0.0,0.0,0.0,0.0,14.0,61700.0,33.0,22680.0,6.117000755357689,27276770.0,,,,1000.0
2014-11-28T00:00:00,MPC,96.0,95.5,95.5,96.0,96.0,95.5,26410.0,26410.0,0.0,2535360000.0,0.0,170.0,16320000.0,1050.0,100275000.0,16.0,80410.0,31.0,56700.0,6.117000755357689,27276600.0,,,,1000.0
2014-12-01T00:00:00,MPC,96.0,95.5,95.5,96.0,96.0,96.0,22020.0,22020.0,0.0,2113920000.0,0.0,0.0,0.0,0.0,0.0,14.0,80520.0,33.0,41420.0,6.117000755357689,27276600.0,,,,1000.0
2014-12-02T00:00:00,MPC,95.5,89.5,90.0,94.5,94.5,96.0,12200.0,12200.0,0.0,1152900000.0,0.0,40.0,3805000.0,8930.0,845285000.0,26.0,67270.0,52.0,49980.0,6.117000755357689,27277510.0,,,,1000.0
2014-12-03T00:00:00,MPC,95.0,94.5,95.0,94.5,94.5,94.5,11310.0,11310.0,0.0,1068795000.0,0.0,0.0,0.0,0.0,0.0,9.0,67010.0,37.0,37780.0,6.117000755357689,27277510.0,,,,1000.0
2014-12-04T00:00:00,MPC,94.5,93.0,94.5,93.0,93.0,94.5,60960.0,60960.0,0.0,5669280000.0,0.0,10.0,945000.0,10.0,945000.0,11.0,73730.0,42.0,99220.0,6.117000755357689,27278550.0,,,,1000.0
2014-12-05T00:00:00,MPC,92.0,90.0,92.0,90.0,90.0,93.0,63800.0,63800.0,0.0,5742000000.0,0.0,0.0,0.0,200.0,18300000.0,21.0,129490.0,48.0,115950.0,6.117000755357689,27278550.0,,,,1000.0
2014-12-08T00:00:00,MPC,92.0,92.0,92.0,92.0,92.0,90.0,10.0,10.0,0.0,920000.0,0.0,0.0,0.0,0.0,0.0,4.0,90.0,8.0,4670.0,6.117000755357689,27287480.0,,,,1000.0
2014-12-09T00:00:00,MPC,90.0,86.0,86.0,90.0,90.0,92.0,1010.0,1010.0,0.0,90900000.0,0.0,0.0,0.0,0.0,0.0,5.0,2020.0,17.0,11950.0,6.117000755357689,27287480.0,,,,1000.0
2014-12-10T00:00:00,MPC,92.0,92.0,92.0,92.0,92.0,90.0,10.0,10.0,0.0,920000.0,0.0,0.0,0.0,0.0,0.0,2.0,210.0,6.0,10560.0,6.117000755357689,27287490.0,,,,1000.0
2014-12-11T00:00:00,MPC,92.0,92.0,92.0,92.0,92.0,92.0,0.0,0.0,0.0,0.0,0.0,0.0,0.0,0.0,0.0,0.0,0.0,9.0,550.0,6.117000755357689,27287490.0,,,,1000.0
2014-12-12T00:00:00,MPC,97.5,86.0,97.5,86.0,86.0,92.0,160.0,160.0,0.0,13760000.0,0.0,150.0,14625000.0,10.0,975000.0,7.0,340.0,23.0,2910.0,6.117000755357689,27287540.0,,,,1000.0
2014-12-15T00:00:00,MPC,83.0,80.0,83.0,80.0,80.0,86.0,690.0,690.0,0.0,55200000.0,0.0,0.0,0.0,200.0,16600000.0,9.0,690.0,6.0,6460.0,6.117000755357689,27287540.0,,,,1000.0
2014-12-16T00:00:00,MPC,75.0,74.5,75.0,75.0,75.0,80.0,5330.0,5330.0,0.0,399750000.0,0.0,0.0,0.0,4810.0,360750000.0,10.0,10600.0,8.0,7780.0,6.117000755357689,27287540.0,,,,1000.0
2014-12-17T00:00:00,MPC,75.0,75.0,75.0,75.0,75.0,75.0,490.0,490.0,0.0,36750000.0,0.0,0.0,0.0,0.0,0.0,10.0,7380.0,2.0,490.0,6.117000755357689,27287540.0,,,,1000.0
2014-12-18T00:00:00,MPC,79.0,72.0,72.0,79.0,79.0,75.0,4970.0,4970.0,0.0,392630000.0,0.0,0.0,0.0,4970.0,374730000.0,11.0,16800.0,9.0,7090.0,6.117000755357689,27287550.0,,,,1000.0
2014-12-19T00:00:00,MPC,80.0,78.5,78.5,80.0,80.0,79.0,17070.0,17070.0,0.0,1365600000.0,0.0,0.0,0.0,2000.0,159000000.0,10.0,26120.0,15.0,21530.0,6.117000755357689,27287750.0,,,,1000.0
2014-12-22T00:00:00,MPC,81.0,80.0,80.0,81.0,81.0,80.0,1510.0,1510.0,0.0,122310000.0,0.0,0.0,0.0,0.0,0.0,8.0,17520.0,9.0,1930.0,6.117000755357689,27292560.0,,,,1000.0
2014-12-23T00:00:00,MPC,86.5,81.0,81.0,86.5,86.5,81.0,1200.0,1200.0,0.0,103800000.0,0.0,0.0,0.0,680.0,56630000.0,14.0,23320.0,16.0,1490.0,6.117000755357689,27292560.0,,,,1000.0
2014-12-24T00:00:00,MPC,92.5,91.0,91.0,92.0,92.0,86.5,2320.0,2320.0,0.0,213440000.0,0.0,150.0,13650000.0,0.0,0.0,15.0,14140.0,11.0,3480.0,6.117000755357689,27297380.0,,,,1000.0
2014-12-25T00:00:00,MPC,95.0,92.0,92.0,95.0,95.0,92.0,3190.0,3190.0,0.0,303050000.0,0.0,0.0,0.0,0.0,0.0,7.0,12010.0,11.0,5070.0,6.117000755357689,27299380.0,,,,1000.0
2014-12-26T00:00:00,MPC,96.0,95.0,96.0,96.0,96.0,95.0,3120.0,3120.0,0.0,299520000.0,0.0,0.0,0.0,0.0,0.0,8.0,9120.0,15.0,5070.0,6.117000755357689,27299380.0,,,,1000.0
2014-12-29T00:00:00,MPC,100.0,96.0,98.0,100.0,100.0,96.0,3310.0,3310.0,0.0,331000000.0,0.0,0.0,0.0,0.0,0.0,9.0,6640.0,17.0,4510.0,6.117000755357689,27300060.0,,,,1000.0
2014-12-30T00:00:00,MPC,102.0,98.0,98.0,102.0,102.0,100.0,5270.0,5270.0,0.0,537540000.0,0.0,3000.0,296700000.0,150.0,14700000.0,14.0,10210.0,20.0,9950.0,6.117000755357689,27297060.0,,,,1000.0
2014-12-31T00:00:00,MPC,105.0,100.0,100.0,105.0,105.0,102.0,4600.0,4600.0,0.0,483000000.0,0.0,0.0,0.0,0.0,0.0,18.0,17150.0,19.0,9070.0,6.117000755357689,27297060.0,,,,1000.0
2015-01-05T00:00:00,MPC,110.0,107.0,110.0,107.0,107.0,105.0,110.0,110.0,0.0,11770000.0,0.0,100.0,10700000.0,0.0,0.0,2.0,110.0,8.0,890.0,6.117000755357689,27296960.0,,,,1000.0
2015-01-06T00:00:00,MPC,107.0,107.0,107.0,107.0,107.0,107.0,180.0,180.0,0.0,19260000.0,0.0,0.0,0.0,0.0,0.0,1.0,180.0,12.0,1950.0,6.117000755357689,27296960.0,,,,1000.0
2015-01-07T00:00:00,MPC,105.0,105.0,105.0,105.0,105.0,107.0,1410.0,1410.0,0.0,148050000.0,0.0,0.0,0.0,0.0,0.0,2.0,2010.0,7.0,1840.0,6.117000755357689,27297110.0,,,,1000.0
2015-01-08T00:00:00,MPC,108.0,98.0,105.0,108.0,108.0,105.0,730.0,730.0,0.0,78840000.0,0.0,0.0,0.0,500.0,52500000.0,5.0,830.0,20.0,2260.0,6.117000755357689,27297110.0,,,,1000.0
2015-01-09T00:00:00,MPC,108.0,108.0,108.0,108.0,108.0,108.0,100.0,100.0,0.0,10800000.0,0.0,0.0,0.0,0.0,0.0,1.0,100.0,14.0,1390.0,6.117000755357689,27297110.0,,,,1000.0
2015-01-12T00:00:00,MPC,109.0,107.0,108.0,109.0,109.0,108.0,520.0,520.0,0.0,56680000.0,0.0,0.0,0.0,0.0,0.0,6.0,1620.0,13.0,1590.0,6.117000755357689,27297110.0,,,,1000.0
2015-01-13T00:00:00,MPC,110.0,110.0,110.0,110.0,110.0,109.0,20.0,20.0,0.0,2200000.0,0.0,0.0,0.0,0.0,0.0,3.0,810.0,13.0,1420.0,6.117000755357689,27297110.0,,,,1000.0
2015-01-14T00:00:00,MPC,110.0,108.0,108.0,110.0,110.0,110.0,350.0,350.0,0.0,38500000.0,0.0,0.0,0.0,0.0,0.0,3.0,370.0,11.0,1710.0,6.117000755357689,27297610.0,,,,1000.0
2015-01-15T00:00:00,MPC,109.0,109.0,109.0,109.0,109.0,110.0,50.0,50.0,0.0,5450000.0,0.0,0.0,0.0,0.0,0.0,1.0,50.0,12.0,1720.0,6.117000755357689,27297610.0,,,,1000.0
2015-01-16T00:00:00,MPC,109.0,108.0,108.0,108.0,108.0,109.0,250.0,250.0,0.0,27000000.0,0.0,0.0,0.0,0.0,0.0,2.0,600.0,10.0,1390.0,6.117000755357689,27297610.0,,,,1000.0
2015-01-19T00:00:00,MPC,108.0,108.0,108.0,108.0,108.0,108.0,0.0,0.0,0.0,0.0,0.0,0.0,0.0,0.0,0.0,0.0,0.0,9.0,860.0,6.117000755357689,27297610.0,,,,1000.0
2015-01-20T00:00:00,MPC,108.0,108.0,108.0,108.0,108.0,108.0,300.0,300.0,0.0,32400000.0,0.0,0.0,0.0,0.0,0.0,2.0,400.0,14.0,3170.0,6.117000755357689,27297610.0,,,,1000.0
2015-01-21T00:00:00,MPC,108.0,108.0,108.0,108.0,108.0,108.0,1000.0,1000.0,0.0,108000000.0,0.0,0.0,0.0,0.0,0.0,1.0,1000.0,15.0,5340.0,6.117000755357689,27297610.0,,,,1000.0
2015-01-22T00:00:00,MPC,108.0,108.0,108.0,108.0,108.0,108.0,470.0,470.0,0.0,50760000.0,0.0,0.0,0.0,0.0,0.0,1.0,500.0,12.0,2220.0,6.117000755357689,27297610.0,,,,1000.0
2015-01-23T00:00:00,MPC,109.0,108.0,108.0,109.0,109.0,108.0,120.0,120.0,0.0,13080000.0,0.0,0.0,0.0,0.0,0.0,6.0,1720.0,10.0,2750.0,6.117000755357689,27297610.0,,,,1000.0
2015-01-26T00:00:00,MPC,110.0,109.0,109.0,110.0,110.0,109.0,230.0,230.0,0.0,25300000.0,0.0,0.0,0.0,0.0,0.0,3.0,250.0,13.0,3130.0,6.117000755357689,27297610.0,,,,1000.0
2015-01-27T00:00:00,MPC,110.0,110.0,110.0,110.0,110.0,110.0,0.0,0.0,0.0,0.0,0.0,0.0,0.0,0.0,0.0,4.0,1120.0,7.0,2600.0,6.117000755357689,27297610.0,,,,1000.0
2015-01-28T00:00:00,MPC,109.0,109.0,109.0,109.0,109.0,110.0,2920.0,2920.0,0.0,318280000.0,0.0,0.0,0.0,0.0,0.0,3.0,4100.0,10.0,6520.0,6.117000755357689,27297610.0,,,,1000.0
2015-01-29T00:00:00,MPC,110.0,109.0,109.0,110.0,110.0,109.0,3180.0,3180.0,0.0,349800000.0,0.0,0.0,0.0,0.0,0.0,6.0,5010.0,9.0,3630.0,6.117000755357689,27297610.0,,,,1000.0
2015-01-30T00:00:00,MPC,109.0,108.0,109.0,108.0,108.0,110.0,5300.0,5300.0,0.0,572400000.0,0.0,0.0,0.0,0.0,0.0,3.0,5500.0,9.0,11360.0,6.117000755357689,27297610.0,,,,1000.0
2015-02-02T00:00:00,MPC,109.0,109.0,109.0,109.0,109.0,108.0,1000.0,1000.0,0.0,109000000.0,0.0,0.0,0.0,0.0,0.0,2.0,2000.0,6.0,1390.0,6.117000755357689,27297610.0,,,,1000.0
2015-02-03T00:00:00,MPC,109.0,107.0,107.0,108.0,108.0,109.0,2020.0,2020.0,0.0,218160000.0,0.0,0.0,0.0,0.0,0.0,5.0,3060.0,7.0,2910.0,6.117000755357689,27297610.0,,,,1000.0
2015-02-04T00:00:00,MPC,110.0,101.0,101.0,110.0,110.0,108.0,550.0,550.0,0.0,60500000.0,0.0,0.0,0.0,0.0,0.0,6.0,550.0,3.0,890.0,6.117000755357689,27297610.0,,,,1000.0
2015-02-05T00:00:00,MPC,110.0,110.0,110.0,110.0,110.0,110.0,0.0,0.0,0.0,0.0,0.0,0.0,0.0,0.0,0.0,1.0,10.0,3.0,1920.0,6.117000755357689,27297610.0,,,,1000.0
2015-02-06T00:00:00,MPC,112.0,108.0,108.0,112.0,112.0,110.0,550.0,550.0,0.0,61600000.0,0.0,0.0,0.0,0.0,0.0,7.0,3070.0,7.0,2010.0,6.117000755357689,27297610.0,,,,1000.0
2015-02-09T00:00:00,MPC,110.0,108.0,108.0,109.0,109.0,112.0,1310.0,1310.0,0.0,142790000.0,0.0,0.0,0.0,0.0,0.0,5.0,2130.0,18.0,2670.0,6.117000755357689,27297610.0,,,,1000.0
2015-02-10T00:00:00,MPC,109.0,108.0,109.0,108.0,108.0,109.0,280.0,280.0,0.0,30240000.0,0.0,150.0,16350000.0,150.0,16350000.0,3.0,1170.0,8.0,1970.0,6.117000755357689,27297460.0,,,,1000.0
2015-02-11T00:00:00,MPC,111.0,108.0,108.0,111.0,111.0,108.0,210.0,210.0,0.0,23310000.0,0.0,0.0,0.0,200.0,21600000.0,6.0,2220.0,8.0,960.0,6.117000755357689,27297460.0,,,,1000.0
2015-02-12T00:00:00,MPC,111.0,111.0,111.0,111.0,111.0,111.0,0.0,0.0,0.0,0.0,0.0,0.0,0.0,0.0,0.0,4.0,2050.0,6.0,680.0,6.117000755357689,27297460.0,,,,1000.0
2015-02-13T00:00:00,MPC,112.0,111.0,111.0,112.0,112.0,111.0,100.0,100.0,0.0,11200000.0,0.0,0.0,0.0,0.0,0.0,5.0,2160.0,7.0,540.0,6.117000755357689,27297460.0,,,,1000.0
2015-02-24T00:00:00,MPC,112.0,112.0,112.0,112.0,112.0,112.0,100.0,100.0,0.0,11200000.0,0.0,0.0,0.0,100.0,11200000.0,5.0,420.0,4.0,2530.0,6.117000755357689,27297610.0,,,,1000.0
2015-02-25T00:00:00,MPC,112.0,111.0,111.0,112.0,112.0,112.0,200.0,200.0,0.0,22400000.0,0.0,0.0,0.0,100.0,11100000.0,6.0,500.0,8.0,970.0,6.117000755357689,27297810.0,,,,1000.0
2015-02-26T00:00:00,MPC,112.0,112.0,112.0,112.0,112.0,112.0,0.0,0.0,0.0,0.0,0.0,0.0,0.0,0.0,0.0,2.0,120.0,4.0,950.0,6.117000755357689,27297810.0,,,,1000.0
2015-02-27T00:00:00,MPC,112.0,112.0,112.0,112.0,112.0,112.0,0.0,0.0,0.0,0.0,0.0,0.0,0.0,0.0,0.0,2.0,550.0,4.0,2000.0,6.117000755357689,27297810.0,,,,1000.0
2015-03-02T00:00:00,MPC,112.0,112.0,112.0,112.0,112.0,112.0,0.0,0.0,0.0,0.0,0.0,0.0,0.0,0.0,0.0,1.0,50.0,4.0,1600.0,6.117000755357689,27297910.0,,,,1000.0
2015-03-03T00:00:00,MPC,112.0,105.0,106.0,112.0,112.0,112.0,3370.0,3370.0,0.0,377440000.0,0.0,0.0,0.0,950.0,103000000.0,13.0,4430.0,11.0,4680.0,6.117000755357689,27298010.0,,,,1000.0
2015-03-04T00:00:00,MPC,112.0,106.0,108.0,112.0,112.0,112.0,2350.0,2350.0,0.0,263200000.0,0.0,0.0,0.0,200.0,22400000.0,6.0,4050.0,16.0,5040.0,6.117000755357689,27298010.0,,,,1000.0
2015-03-05T00:00:00,MPC,112.0,105.0,105.0,110.0,110.0,112.0,6950.0,6950.0,0.0,764500000.0,0.0,0.0,0.0,3830.0,402200000.0,16.0,7030.0,19.0,10470.0,6.117000755357689,27298010.0,,,,1000.0
2015-03-06T00:00:00,MPC,109.0,103.0,103.0,109.0,109.0,110.0,1200.0,1200.0,0.0,130800000.0,0.0,0.0,0.0,100.0,10300000.0,10.0,4120.0,21.0,3920.0,6.117000755357689,27298010.0,,,,1000.0
2015-03-09T00:00:00,MPC,108.0,103.0,103.0,105.0,105.0,109.0,7460.0,7460.0,0.0,783300000.0,0.0,0.0,0.0,3610.0,377250000.0,16.0,10500.0,26.0,18060.0,6.117000755357689,27298960.0,,,,1000.0
2015-03-10T00:00:00,MPC,103.0,98.0,98.0,100.0,100.0,105.0,5070.0,5070.0,0.0,507000000.0,0.0,0.0,0.0,1240.0,122390000.0,18.0,8340.0,35.0,25010.0,6.117000755357689,27299160.0,,,,1000.0
2015-03-11T00:00:00,MPC,102.0,95.0,95.0,99.0,99.0,100.0,10460.0,10460.0,0.0,1035540000.0,0.0,0.0,0.0,1620.0,158055000.0,28.0,14700.0,33.0,29040.0,6.117000755357689,27302990.0,,,,1000.0
2015-03-12T00:00:00,MPC,98.0,95.0,97.0,98.0,98.0,99.0,4150.0,4150.0,0.0,406700000.0,0.0,0.0,0.0,1000.0,98000000.0,13.0,8220.0,22.0,12120.0,6.117000755357689,27303090.0,,,,1000.0
2015-03-13T00:00:00,MPC,98.0,91.5,91.5,97.5,97.5,98.0,1820.0,1820.0,0.0,177450000.0,0.0,0.0,0.0,230.0,21110000.0,16.0,5380.0,25.0,7520.0,6.117000755357689,27306700.0,,,,1000.0
2015-03-16T00:00:00,MPC,97.5,91.5,97.5,94.0,94.0,97.5,2070.0,2070.0,0.0,194580000.0,0.0,0.0,0.0,1070.0,101915000.0,10.0,4450.0,21.0,48470.0,6.117000755357689,27307940.0,,,,1000.0
2015-03-17T00:00:00,MPC,93.0,88.0,89.0,88.0,88.0,94.0,3530.0,3530.0,0.0,310640000.0,0.0,0.0,0.0,3110.0,278430000.0,14.0,6050.0,23.0,17660.0,6.117000755357689,27309560.0,,,,1000.0
2015-03-18T00:00:00,MPC,83.0,82.0,83.0,82.0,82.0,88.0,800.0,800.0,0.0,65600000.0,0.0,0.0,0.0,270.0,22410000.0,12.0,820.0,13.0,6590.0,6.117000755357689,27310560.0,,,,1000.0
2015-03-19T00:00:00,MPC,87.5,76.5,76.5,87.5,87.5,82.0,9340.0,9340.0,0.0,817250000.0,0.0,0.0,0.0,5050.0,392100000.0,30.0,21670.0,24.0,9850.0,6.117000755357689,27310790.0,,,,1000.0
2015-03-20T00:00:00,MPC,93.5,87.5,87.5,90.11,93.5,87.5,3010.0,3010.0,0.0,271231100.0,0.0,0.0,0.0,1000.0,90000000.0,15.0,4620.0,11.0,3020.0,6.117000755357689,27311860.0,,,,1000.0
2015-03-23T00:00:00,MPC,100.0,89.0,93.5,98.06201550387597,100.0,93.5,7740.0,7740.0,0.0,759000000.0,0.0,0.0,0.0,3480.0,337055000.0,19.0,12480.0,16.0,7740.0,6.117000755357689,27314970.0,,,,1000.0
2015-03-24T00:00:00,MPC,102.0,93.0,93.0,100.0,102.0,100.0,29600.0,29600.0,0.0,2960000000.0,0.0,0.0,0.0,9800.0,979700000.0,13.0,33820.0,40.0,46120.0,6.117000755357689,27315240.0,,,,1000.0
2015-03-25T00:00:00,MPC,105.0,95.0,95.0,100.46838407494145,105.0,102.0,4270.0,4270.0,0.0,429000000.0,0.0,0.0,0.0,0.0,0.0,9.0,18990.0,26.0,7880.0,6.117000755357689,27320290.0,,,,1000.0
2015-03-26T00:00:00,MPC,112.0,98.0,100.0,103.36457984599933,112.0,105.0,59740.0,59740.0,0.0,6175000000.0,0.0,0.0,0.0,46150.0,4715380000.0,20.0,61850.0,34.0,62260.0,6.117000755357689,27321290.0,,,,1000.0
2015-03-27T00:00:00,MPC,115.0,105.0,105.0,112.00923787528869,115.0,112.0,4330.0,4330.0,0.0,485000000.0,0.0,0.0,0.0,20.0,2300000.0,9.0,4340.0,12.0,7410.0,6.117000755357689,27324770.0,,,,1000.0
2015-03-30T00:00:00,MPC,122.0,107.0,107.0,118.4573002754821,122.0,115.0,3630.0,3630.0,0.0,430000000.0,0.0,0.0,0.0,340.0,39880000.0,5.0,3640.0,16.0,12940.0,6.117000755357689,27334570.0,,,,1000.0
2017-10-16T00:00:00,MPC,110.0,79.0,79.0,86.44444444444444,110.0,79.0,900.0,900.0,0.0,77800000.0,0.0,0.0,0.0,0.0,0.0,23.0,15300.0,6.0,1500.0,6.117000755357689,27381080.0,,,,1000.0
2017-10-17T00:00:00,MPC,98.0,79.0,86.4,83.6604938271605,98.0,110.0,810.0,810.0,0.0,67765000.0,0.0,0.0,0.0,600.0,49280000.0,10.0,1600.0,8.0,3400.0,6.117000755357689,27381080.0,,,,1000.0
2017-10-18T00:00:00,MPC,95.0,95.0,95.0,95.0,95.0,98.0,100.0,100.0,0.0,9500000.0,0.0,0.0,0.0,0.0,0.0,3.0,500.0,2.0,2300.0,6.117000755357689,27381080.0,,,,1000.0
2017-10-19T00:00:00,MPC,109.2,109.0,109.0,109.16164383561645,109.0,95.0,7300.0,7300.0,0.0,796880000.0,0.0,0.0,0.0,0.0,0.0,7.0,8100.0,9.0,10100.0,6.117000755357689,27381080.0,,,,1000.0
2017-10-20T00:00:00,MPC,108.5,100.0,100.0,101.11111111111111,108.5,109.0,450.0,450.0,0.0,45500000.0,0.0,0.0,0.0,250.0,24650000.0,6.0,800.0,12.0,5300.0,6.117000755357689,27381680.0,,,,1000.0
2017-10-23T00:00:00,MPC,102.1,102.1,102.1,102.1,102.1,102.1,0.0,0.0,0.0,0.0,0.0,0.0,0.0,0.0,0.0,0.0,0.0,3.0,1800.0,6.117000755357689,27381680.0,,,,1000.0
2017-10-24T00:00:00,MPC,90.0,86.8,86.8,89.669256381798,90.0,102.1,901.0,901.0,0.0,80792000.0,0.0,0.0,0.0,0.0,0.0,6.0,1900.0,18.0,11100.0,6.117000755357689,27381680.0,,,,1000.0
2017-10-25T00:00:00,MPC,78.0,78.0,78.0,78.0,78.0,90.0,100.0,100.0,0.0,7800000.0,0.0,0.0,0.0,0.0,0.0,5.0,900.0,7.0,8700.0,6.117000755357689,27381930.0,,,,1000.0
2017-10-26T00:00:00,MPC,89.7,89.7,89.7,89.7,89.7,78.0,515.0,515.0,0.0,46195500.0,0.0,0.0,0.0,0.0,0.0,5.0,1300.0,4.0,500.0,6.117000755357689,27381930.0,,,,1000.0
2017-10-27T00:00:00,MPC,89.7,89.7,89.7,89.7,89.7,89.7,244.0,244.0,0.0,21886800.0,0.0,0.0,0.0,0.0,0.0,2.0,200.0,7.0,4100.0,6.117000755357689,27381930.0,,,,1000.0
2017-10-30T00:00:00,MPC,98.9,98.9,98.9,98.9,98.9,89.7,100.0,100.0,0.0,9890000.0,0.0,0.0,0.0,0.0,0.0,2.0,200.0,10.0,5100.0,6.117000755357689,27381930.0,,,,1000.0
2017-10-31T00:00:00,MPC,98.9,98.9,98.9,98.9,98.9,98.9,10.0,10.0,0.0,989000.0,0.0,0.0,0.0,0.0,0.0,0.0,0.0,7.0,4600.0,6.117000755357689,27381930.0,,,,1000.0
2017-11-01T00:00:00,MPC,84.5,84.1,84.5,84.44139402560455,84.1,98.9,703.0,703.0,0.0,59362300.0,0.0,0.0,0.0,0.0,0.0,5.0,700.0,9.0,3600.0,6.117000755357689,27381930.0,,,,1000.0
2017-11-02T00:00:00,MPC,72.0,72.0,72.0,72.0,72.0,84.1,2530.0,2530.0,0.0,182160000.0,0.0,0.0,0.0,2500.0,180010000.0,3.0,2600.0,4.0,2700.0,6.117000755357689,27381930.0,,,,1000.0
2017-11-03T00:00:00,MPC,72.0,72.0,72.0,72.0,72.0,72.0,0.0,0.0,0.0,0.0,0.0,0.0,0.0,0.0,0.0,0.0,0.0,2.0,2100.0,6.117000755357689,27381930.0,,,,1000.0
2017-11-06T00:00:00,MPC,82.8,82.6,82.7,82.75774647887323,82.6,72.0,710.0,710.0,0.0,58758000.0,0.0,0.0,0.0,0.0,0.0,3.0,700.0,5.0,9600.0,6.117000755357689,27381930.0,,,,1000.0
2017-11-07T00:00:00,MPC,87.8,87.8,87.8,87.8,87.8,82.6,140.0,140.0,0.0,12292000.0,0.0,0.0,0.0,0.0,0.0,2.0,200.0,11.0,4600.0,6.117000755357689,27384430.0,,,,1000.0
2017-11-08T00:00:00,MPC,74.7,74.7,74.7,74.7,74.7,87.8,100.0,100.0,0.0,7470000.0,0.0,0.0,0.0,0.0,0.0,1.0,100.0,7.0,4000.0,6.117000755357689,27384430.0,,,,1000.0
2017-11-09T00:00:00,MPC,70.1,63.5,70.1,67.00666666666667,63.5,74.7,1500.0,1500.0,0.0,100510000.0,0.0,0.0,0.0,0.0,0.0,7.0,1700.0,7.0,2300.0,6.117000755357689,27384430.0,,,,1000.0
2017-11-10T00:00:00,MPC,67.0,67.0,67.0,67.0,67.0,63.5,40.0,40.0,0.0,2680000.0,0.0,0.0,0.0,0.0,0.0,7.0,3100.0,4.0,2400.0,6.117000755357689,27384430.0,,,,1000.0
2017-11-13T00:00:00,MPC,67.0,67.0,67.0,67.0,67.0,67.0,0.0,0.0,0.0,0.0,0.0,0.0,0.0,0.0,0.0,4.0,1400.0,3.0,300.0,6.117000755357689,27384430.0,,,,1000.0
2017-11-14T00:00:00,MPC,67.0,67.0,67.0,67.0,67.0,67.0,10.0,10.0,0.0,670000.0,0.0,0.0,0.0,0.0,0.0,1.0,100.0,5.0,700.0,6.117000755357689,27384430.0,,,,1000.0
2017-11-15T00:00:00,MPC,72.0,68.0,68.0,68.70175438596492,72.0,67.0,570.0,570.0,0.0,39160000.0,0.0,0.0,0.0,0.0,0.0,3.0,1500.0,5.0,1000.0,6.117000755357689,27384430.0,,,,1000.0
2017-11-16T00:00:00,MPC,79.0,79.0,79.0,79.0,79.0,72.0,700.0,700.0,0.0,55300000.0,0.0,0.0,0.0,0.0,0.0,4.0,1000.0,3.0,2400.0,6.117000755357689,27384430.0,,,,1000.0
2017-11-17T00:00:00,MPC,79.0,79.0,79.0,79.0,79.0,79.0,0.0,0.0,0.0,0.0,0.0,0.0,0.0,0.0,0.0,3.0,400.0,5.0,2500.0,6.117000755357689,27384430.0,,,,1000.0
2017-11-20T00:00:00,MPC,79.0,79.0,79.0,79.0,79.0,79.0,0.0,0.0,0.0,0.0,0.0,0.0,0.0,0.0,0.0,4.0,500.0,7.0,4700.0,6.117000755357689,27384430.0,,,,1000.0
2017-11-21T00:00:00,MPC,69.0,68.0,69.0,68.71428571428571,68.0,79.0,1400.0,1400.0,0.0,96200000.0,0.0,0.0,0.0,0.0,0.0,5.0,1600.0,8.0,4000.0,6.117000755357689,27384430.0,,,,1000.0
2017-11-22T00:00:00,MPC,78.0,78.0,78.0,78.0,78.0,68.0,1200.0,1200.0,0.0,93600000.0,0.0,0.0,0.0,0.0,0.0,6.0,1700.0,5.0,3100.0,6.117000755357689,27384430.0,,,,1000.0
2017-11-23T00:00:00,MPC,78.0,78.0,78.0,78.0,78.0,78.0,0.0,0.0,0.0,0.0,0.0,0.0,0.0,0.0,0.0,3.0,400.0,6.0,5200.0,6.117000755357689,27384430.0,,,,1000.0
2017-11-24T00:00:00,MPC,78.0,78.0,78.0,78.0,78.0,78.0,0.0,0.0,0.0,0.0,0.0,0.0,0.0,0.0,0.0,2.0,200.0,11.0,6000.0,6.117000755357689,27384430.0,,,,1000.0
2017-11-27T00:00:00,MPC,68.0,68.0,68.0,68.0,68.0,78.0,510.0,510.0,0.0,34680000.0,0.0,0.0,0.0,0.0,0.0,5.0,1500.0,10.0,4000.0,6.117000755357689,27384430.0,,,,1000.0
2017-11-28T00:00:00,MPC,68.0,68.0,68.0,68.0,68.0,68.0,0.0,0.0,0.0,0.0,0.0,0.0,0.0,0.0,0.0,7.0,2000.0,6.0,2700.0,6.117000755357689,27384430.0,,,,1000.0
2017-11-29T00:00:00,MPC,68.0,68.0,68.0,68.0,68.0,68.0,0.0,0.0,0.0,0.0,0.0,0.0,0.0,0.0,0.0,7.0,800.0,7.0,2300.0,6.117000755357689,27384430.0,,,,1000.0
2017-11-30T00:00:00,MPC,68.0,68.0,68.0,68.0,68.0,68.0,10.0,10.0,0.0,680000.0,0.0,0.0,0.0,0.0,0.0,6.0,1400.0,6.0,2800.0,6.117000755357689,27384430.0,,,,1000.0
2017-12-01T00:00:00,MPC,68.0,68.0,68.0,68.0,68.0,68.0,69.0,69.0,0.0,4692000.0,0.0,0.0,0.0,0.0,0.0,8.0,1700.0,5.0,2100.0,6.117000755357689,27384430.0,,,,1000.0
2017-12-04T00:00:00,MPC,68.0,68.0,68.0,68.0,68.0,68.0,0.0,0.0,0.0,0.0,0.0,0.0,0.0,0.0,0.0,7.0,1500.0,4.0,1700.0,6.117000755357689,27384430.0,,,,1000.0
2017-12-05T00:00:00,MPC,68.0,68.0,68.0,68.0,68.0,68.0,140.0,140.0,0.0,9520000.0,0.0,0.0,0.0,0.0,0.0,7.0,2400.0,7.0,2700.0,6.117000755357689,27384430.0,,,,1000.0
2017-12-06T00:00:00,MPC,69.0,69.0,69.0,69.0,69.0,68.0,120.0,120.0,0.0,8280000.0,0.0,0.0,0.0,0.0,0.0,7.0,1500.0,6.0,2000.0,6.117000755357689,27384430.0,,,,1000.0
2017-12-07T00:00:00,MPC,69.0,69.0,69.0,69.0,69.0,69.0,1.0,1.0,0.0,69000.0,0.0,0.0,0.0,0.0,0.0,6.0,1100.0,6.0,2500.0,6.117000755357689,27384430.0,,,,1000.0
2017-12-08T00:00:00,MPC,69.0,69.0,69.0,69.0,69.0,69.0,120.0,110.0,10.0,8177000.0,587000.0,0.0,0.0,0.0,0.0,6.0,1400.0,3.0,400.0,6.117000755357689,27384430.0,,,,1000.0
2017-12-11T00:00:00,MPC,69.0,69.0,69.0,69.0,69.0,69.0,0.0,0.0,0.0,0.0,0.0,0.0,0.0,0.0,0.0,6.0,1800.0,8.0,3000.0,6.117000755357689,27384430.0,,,,1000.0
2017-12-12T00:00:00,MPC,65.1,63.0,65.1,64.43506493506493,63.0,69.0,338.0,308.0,30.0,21607000.0,1761000.0,0.0,0.0,0.0,0.0,6.0,1500.0,7.0,2000.0,6.117000755357689,27384430.0,,,,1000.0
2017-12-13T00:00:00,MPC,64.4,64.4,64.4,64.4,64.4,63.0,0.0,0.0,0.0,0.0,0.0,0.0,0.0,0.0,0.0,7.0,1900.0,5.0,1500.0,6.117000755357689,27384430.0,,,,1000.0
2017-12-14T00:00:00,MPC,63.0,60.0,63.0,60.6412351543943,60.0,64.4,4210.0,4210.0,0.0,255299600.0,0.0,0.0,0.0,3600.0,216900000.0,19.0,4900.0,18.0,7500.0,6.117000755357689,27384430.0,,,,1000.0
2017-12-15T00:00:00,MPC,64.0,60.5,60.6,60.89292614521658,60.5,60.0,3209.0,3209.0,0.0,195405400.0,0.0,0.0,0.0,3100.0,188460000.0,14.0,6200.0,13.0,6600.0,6.117000755357689,27384430.0,,,,1000.0
2017-12-18T00:00:00,MPC,60.0,60.0,60.0,60.0,60.0,60.9,120.0,120.0,0.0,7200000.0,0.0,0.0,0.0,0.0,0.0,7.0,3100.0,6.0,900.0,6.117000755357689,27384430.0,,,,1000.0
2017-12-19T00:00:00,MPC,61.5,51.0,61.5,54.07744086159369,51.1,60.0,15599.0,15599.0,0.0,843554000.0,0.0,0.0,0.0,15300.0,825850000.0,41.0,15500.0,38.0,17900.0,6.117000755357689,27388030.0,,,,1000.0
2017-12-20T00:00:00,MPC,52.5,52.0,52.5,52.41935483870967,52.0,51.1,310.0,310.0,0.0,16250000.0,0.0,0.0,0.0,0.0,0.0,10.0,6700.0,7.0,1300.0,6.117000755357689,27391130.0,,,,1000.0
2017-12-21T00:00:00,MPC,54.0,54.0,54.0,54.0,54.0,52.0,190.0,190.0,0.0,10260000.0,0.0,0.0,0.0,0.0,0.0,9.0,2900.0,8.0,1100.0,6.117000755357689,27391130.0,,,,1000.0
2017-12-22T00:00:00,MPC,54.0,54.0,54.0,54.0,54.0,54.0,0.0,0.0,0.0,0.0,0.0,0.0,0.0,0.0,0.0,8.0,3800.0,10.0,1700.0,6.117000755357689,27391130.0,,,,1000.0
2017-12-25T00:00:00,MPC,54.0,50.1,50.1,52.858486525075854,50.2,54.0,5603.0,5603.0,0.0,296166100.0,0.0,0.0,0.0,0.0,0.0,13.0,8700.0,13.0,6800.0,6.117000755357689,27406430.0,,,,1000.0
2017-12-26T00:00:00,MPC,52.9,52.9,52.9,52.9,52.9,50.2,30.0,30.0,0.0,1587000.0,0.0,0.0,0.0,0.0,0.0,10.0,4800.0,6.0,1300.0,6.117000755357689,27406430.0,,,,1000.0
2017-12-27T00:00:00,MPC,54.0,51.0,52.9,53.14423963133641,54.0,52.9,2170.0,2170.0,0.0,115323000.0,0.0,0.0,0.0,0.0,0.0,15.0,10400.0,13.0,3200.0,6.117000755357689,27406430.0,,,,1000.0
2017-12-28T00:00:00,MPC,54.0,53.0,53.0,53.75,54.0,54.0,800.0,800.0,0.0,43000000.0,0.0,0.0,0.0,0.0,0.0,14.0,8600.0,18.0,5500.0,6.117000755357689,27406430.0,,,,1000.0
2017-12-29T00:00:00,MPC,54.0,54.0,54.0,54.0,54.0,54.0,500.0,500.0,0.0,27000000.0,0.0,0.0,0.0,0.0,0.0,13.0,6100.0,17.0,3300.0,6.117000755357689,27406430.0,,,,1000.0
2018-01-02T00:00:00,MPC,56.0,54.5,54.5,55.27914110429448,56.0,54.0,3260.0,3260.0,0.0,180210000.0,0.0,0.0,0.0,0.0,0.0,15.0,10000.0,35.0,7000.0,6.117000755357689,27406430.0,,,,1000.0
2018-01-03T00:00:00,MPC,60.5,56.5,56.5,58.23945565099894,60.0,56.0,10361.0,10361.0,0.0,603419000.0,0.0,0.0,0.0,0.0,0.0,30.0,15900.0,34.0,11800.0,6.117000755357689,27406430.0,,,,1000.0
2018-01-04T00:00:00,MPC,66.0,60.0,61.0,61.74122807017544,60.0,60.0,11400.0,11400.0,0.0,703850000.0,0.0,0.0,0.0,8100.0,494300000.0,33.0,13200.0,37.0,18200.0,6.117000755357689,27406430.0,,,,1000.0
2018-01-05T00:00:00,MPC,61.7,60.0,61.7,60.87941176470588,60.0,60.0,340.0,340.0,0.0,20699000.0,0.0,70.0,4319000.0,90.0,5529000.0,11.0,3900.0,12.0,1900.0,6.117000755357689,27406360.0,,,,1000.0
2018-01-08T00:00:00,MPC,61.0,57.1,61.0,58.3125,57.1,60.9,640.0,640.0,0.0,37320000.0,0.0,0.0,0.0,0.0,0.0,14.0,6900.0,19.0,5700.0,6.117000755357689,27406360.0,,,,1000.0
2018-01-09T00:00:00,MPC,56.6,56.6,56.6,56.6,56.6,57.1,100.0,100.0,0.0,5660000.0,0.0,0.0,0.0,0.0,0.0,9.0,6300.0,12.0,3000.0,6.117000755357689,27414460.0,,,,1000.0
2018-01-10T00:00:00,MPC,56.0,56.0,56.0,56.0,56.0,56.6,300.0,300.0,0.0,16800000.0,0.0,0.0,0.0,100.0,5600000.0,10.0,6900.0,10.0,3300.0,6.117000755357689,27414550.0,,,,1000.0
2018-01-11T00:00:00,MPC,60.0,56.2,60.0,59.98339929639402,60.0,56.0,45480.0,45480.0,0.0,2728045000.0,0.0,0.0,0.0,41070.0,2464200000.0,37.0,55100.0,34.0,47300.0,6.117000755357689,27414550.0,,,,1000.0
2018-01-12T00:00:00,MPC,58.1,56.0,56.1,57.84347826086957,58.1,60.0,6900.0,6900.0,0.0,399120000.0,0.0,0.0,0.0,0.0,0.0,16.0,16900.0,10.0,9900.0,6.117000755357689,27414550.0,,,,1000.0
2018-01-15T00:00:00,MPC,57.8,57.8,57.8,57.8,57.8,57.8,0.0,0.0,0.0,0.0,0.0,0.0,0.0,0.0,0.0,9.0,4100.0,5.0,1300.0,6.117000755357689,27414650.0,,,,1000.0
2018-01-16T00:00:00,MPC,57.2,57.0,57.1,57.11079812206573,57.2,57.8,2130.0,2130.0,0.0,121646000.0,0.0,0.0,0.0,0.0,0.0,13.0,12900.0,8.0,3200.0,6.117000755357689,27455720.0,,,,1000.0
2018-01-17T00:00:00,MPC,54.5,54.1,54.5,54.12307692307692,54.2,57.2,2600.0,2600.0,0.0,140720000.0,0.0,0.0,0.0,0.0,0.0,18.0,13400.0,6.0,3500.0,6.117000755357689,27455720.0,,,,1000.0
2018-01-18T00:00:00,MPC,53.8,53.0,53.8,53.07272727272727,53.0,54.2,1100.0,1100.0,0.0,58380000.0,0.0,0.0,0.0,1100.0,58380000.0,18.0,6600.0,4.0,1700.0,6.117000755357689,27455720.0,,,,1000.0
2018-01-19T00:00:00,MPC,52.0,51.1,52.0,51.14868421052631,51.3,53.0,38000.0,38000.0,0.0,1943650000.0,0.0,0.0,0.0,0.0,0.0,17.0,45100.0,3.0,38100.0,6.117000755357689,27455720.0,,,,1000.0
2018-01-22T00:00:00,MPC,58.7,56.0,56.0,57.63627118644068,58.7,51.1,590.0,590.0,0.0,34005400.0,0.0,0.0,0.0,0.0,0.0,15.0,8300.0,4.0,700.0,6.117000755357689,27455720.0,,,,1000.0
2018-01-23T00:00:00,MPC,65.0,58.0,59.0,60.17272727272727,65.0,58.7,1100.0,1100.0,0.0,66190000.0,0.0,0.0,0.0,0.0,0.0,16.0,8900.0,14.0,3300.0,6.117000755357689,27456820.0,,,,1000.0
2018-01-24T00:00:00,MPC,69.0,55.0,55.0,66.19318181818183,69.0,65.0,7920.0,7920.0,0.0,524250000.0,0.0,0.0,0.0,0.0,0.0,21.0,12800.0,15.0,7900.0,6.117000755357689,27456820.0,,,,1000.0
2018-01-25T00:00:00,MPC,76.1,66.2,66.2,74.8294117647059,76.1,69.0,1700.0,1700.0,0.0,127210000.0,0.0,0.0,0.0,0.0,0.0,15.0,4200.0,8.0,2300.0,6.117000755357689,27456820.0,,,,1000.0
2018-01-26T00:00:00,MPC,86.0,74.8,75.0,82.15478615071282,86.0,76.1,4910.0,4910.0,0.0,403380000.0,0.0,0.0,0.0,0.0,0.0,24.0,7800.0,15.0,5000.0,6.117000755357689,27456820.0,,,,1000.0
2018-01-29T00:00:00,MPC,94.2,83.0,89.0,92.43104380746348,83.0,82.2,3698.0,3698.0,0.0,341810000.0,0.0,0.0,0.0,0.0,0.0,8.0,6100.0,13.0,4800.0,6.117000755357689,27456820.0,,,,1000.0
2018-01-30T00:00:00,MPC,99.0,90.0,90.0,96.05,99.0,83.0,1800.0,1800.0,0.0,172890000.0,0.0,0.0,0.0,0.0,0.0,6.0,2800.0,13.0,5000.0,6.117000755357689,27456820.0,,,,1000.0
2018-01-31T00:00:00,MPC,105.0,94.0,94.0,103.35714285714286,104.9,99.0,700.0,700.0,0.0,72350000.0,0.0,0.0,0.0,0.0,0.0,6.0,1300.0,21.0,21200.0,6.117000755357689,27456820.0,,,,1000.0
2018-02-01T00:00:00,MPC,105.0,101.0,101.0,103.9845078131414,104.3,104.9,36541.0,36541.0,0.0,3799697900.0,0.0,0.0,0.0,0.0,0.0,13.0,38700.0,24.0,46100.0,6.117000755357689,27456820.0,,,,1000.0
2018-02-02T00:00:00,MPC,104.0,104.0,104.0,104.0,104.0,104.3,100.0,100.0,0.0,10400000.0,0.0,0.0,0.0,0.0,0.0,2.0,300.0,22.0,12200.0,6.117000755357689,27456820.0,,,,1000.0
2018-02-05T00:00:00,MPC,88.4,88.4,88.4,88.4,88.4,104.0,401.0,401.0,0.0,35448400.0,0.0,0.0,0.0,0.0,0.0,4.0,400.0,19.0,5600.0,6.117000755357689,27456820.0,,,,1000.0
2018-02-06T00:00:00,MPC,85.0,75.2,85.0,75.74444444444444,75.2,88.4,1800.0,1800.0,0.0,136340000.0,0.0,0.0,0.0,0.0,0.0,5.0,1800.0,11.0,2500.0,6.117000755357689,27456820.0,,,,1000.0
2018-02-07T00:00:00,MPC,75.7,75.7,75.7,75.7,75.7,75.2,0.0,0.0,0.0,0.0,0.0,0.0,0.0,0.0,0.0,5.0,3600.0,1.0,900.0,6.117000755357689,27456820.0,,,,1000.0
2018-02-08T00:00:00,MPC,66.0,66.0,66.0,66.0,66.0,75.7,648.0,648.0,0.0,42768000.0,0.0,0.0,0.0,0.0,0.0,7.0,3800.0,2.0,700.0,6.117000755357689,27456820.0,,,,1000.0
2018-02-09T00:00:00,MPC,70.0,65.0,65.0,69.03020231213873,70.0,66.0,692.0,692.0,0.0,47768900.0,0.0,0.0,0.0,0.0,0.0,8.0,2100.0,2.0,600.0,6.117000755357689,27456820.0,,,,1000.0
2018-02-12T00:00:00,MPC,71.0,71.0,71.0,71.0,71.0,69.2,2000.0,2000.0,0.0,142000000.0,0.0,0.0,0.0,0.0,0.0,7.0,8500.0,1.0,2000.0,6.117000755357689,27456820.0,,,,1000.0
2018-02-13T00:00:00,MPC,81.6,81.6,81.6,81.6,81.6,71.0,100.0,100.0,0.0,8160000.0,0.0,0.0,0.0,0.0,0.0,8.0,5900.0,1.0,100.0,6.117000755357689,27456820.0,,,,1000.0
2018-02-21T00:00:00,MPC,93.8,82.0,82.0,88.99243986254297,93.8,81.6,2910.0,2910.0,0.0,258968000.0,0.0,0.0,0.0,0.0,0.0,14.0,7100.0,9.0,2900.0,6.117000755357689,27456820.0,,,,1000.0
2018-02-22T00:00:00,MPC,96.9,96.9,96.9,96.9,96.9,93.8,102.0,102.0,0.0,9883800.0,0.0,0.0,0.0,0.0,0.0,11.0,5000.0,9.0,12000.0,6.117000755357689,27456820.0,,,,1000.0
2018-02-23T00:00:00,MPC,102.0,99.0,99.0,101.69685767097967,101.6,96.9,5410.0,5410.0,0.0,550180000.0,0.0,0.0,0.0,0.0,0.0,13.0,7200.0,23.0,29900.0,6.117000755357689,27456820.0,,,,1000.0
2018-02-26T00:00:00,MPC,101.2,87.0,89.0,98.09852774631936,87.0,101.7,2649.0,2649.0,0.0,259863000.0,0.0,0.0,0.0,0.0,0.0,12.0,4800.0,27.0,22300.0,6.117000755357689,27456820.0,,,,1000.0
2018-02-27T00:00:00,MPC,96.0,96.0,96.0,96.0,96.0,87.0,700.0,700.0,0.0,67200000.0,0.0,0.0,0.0,0.0,0.0,7.0,2700.0,10.0,5000.0,6.117000755357689,27456820.0,,,,1000.0
2018-02-28T00:00:00,MPC,97.0,97.0,97.0,97.0,97.0,96.0,900.0,900.0,0.0,87300000.0,0.0,0.0,0.0,0.0,0.0,9.0,4100.0,5.0,15200.0,6.117000755357689,27456820.0,,,,1000.0
2018-03-01T00:00:00,MPC,97.0,97.0,97.0,97.0,97.0,97.0,100.0,100.0,0.0,9700000.0,0.0,0.0,0.0,0.0,0.0,4.0,2200.0,6.0,15000.0,6.117000755357689,27456820.0,,,,1000.0
2018-03-02T00:00:00,MPC,100.0,98.0,98.0,99.25925925925925,100.0,97.0,5400.0,5400.0,0.0,536000000.0,0.0,0.0,0.0,0.0,0.0,5.0,7900.0,11.0,59200.0,6.117000755357689,27456820.0,,,,1000.0
2018-03-05T00:00:00,MPC,101.9,99.5,100.0,100.02142857142857,101.9,99.3,4200.0,4200.0,0.0,420090000.0,0.0,0.0,0.0,0.0,0.0,15.0,7700.0,15.0,24800.0,6.117000755357689,27456820.0,,,,1000.0
2018-03-06T00:00:00,MPC,101.0,100.0,101.0,100.5,100.0,101.9,200.0,200.0,0.0,20100000.0,0.0,0.0,0.0,0.0,0.0,6.0,3300.0,12.0,13000.0,6.117000755357689,27456820.0,,,,1000.0
2018-03-07T00:00:00,MPC,100.0,100.0,100.0,100.0,100.0,100.0,230.0,230.0,0.0,23000000.0,0.0,0.0,0.0,0.0,0.0,6.0,700.0,11.0,21600.0,6.117000755357689,27456820.0,,,,1000.0
2018-03-08T00:00:00,MPC,99.9,97.0,99.9,98.97560975609755,97.0,100.0,410.0,410.0,0.0,40580000.0,0.0,0.0,0.0,0.0,0.0,6.0,2400.0,10.0,42500.0,6.117000755357689,27456820.0,,,,1000.0
2018-03-09T00:00:00,MPC,111.9,102.0,111.9,103.1123595505618,102.0,97.0,8900.0,8900.0,0.0,917700000.0,0.0,900.0,91800000.0,0.0,0.0,14.0,10600.0,19.0,14300.0,6.117000755357689,27455920.0,,,,1000.0
2018-03-12T00:00:00,MPC,95.0,91.4,91.4,92.13037752414398,95.0,103.1,1139.0,1139.0,0.0,104936500.0,0.0,0.0,0.0,0.0,0.0,9.0,5100.0,13.0,7100.0,6.117000755357689,27455920.0,,,,1000.0
2018-03-13T00:00:00,MPC,91.7,91.7,91.7,91.7,91.7,95.0,0.0,0.0,0.0,0.0,0.0,0.0,0.0,0.0,0.0,5.0,4100.0,7.0,4200.0,6.117000755357689,27455920.0,,,,1000.0
2018-03-14T00:00:00,MPC,91.7,91.7,91.7,91.7,91.7,91.7,0.0,0.0,0.0,0.0,0.0,0.0,0.0,0.0,0.0,9.0,8900.0,10.0,9600.0,6.117000755357689,27455920.0,,,,1000.0
2018-03-15T00:00:00,MPC,100.0,100.0,100.0,100.0,100.0,91.7,302.0,302.0,0.0,30200000.0,0.0,0.0,0.0,0.0,0.0,6.0,2600.0,8.0,3700.0,6.117000755357689,27455920.0,,,,1000.0
2018-03-16T00:00:00,MPC,101.9,101.9,101.9,101.9,101.9,100.0,150.0,150.0,0.0,15285000.0,0.0,150.0,15290000.0,0.0,0.0,5.0,1800.0,13.0,5500.0,6.117000755357689,27455770.0,,,,1000.0
2018-03-19T00:00:00,MPC,101.9,101.9,101.9,101.9,101.9,101.9,0.0,0.0,0.0,0.0,0.0,0.0,0.0,0.0,0.0,5.0,2200.0,11.0,6400.0,6.117000755357689,27455770.0,,,,1000.0
2018-03-20T00:00:00,MPC,91.0,90.0,90.0,90.56861111111111,91.0,101.9,720.0,720.0,0.0,65209400.0,0.0,0.0,0.0,0.0,0.0,6.0,1800.0,18.0,8400.0,6.117000755357689,27455770.0,,,,1000.0
2018-03-21T00:00:00,MPC,81.1,81.1,81.1,81.1,81.1,91.0,230.0,230.0,0.0,18653000.0,0.0,0.0,0.0,200.0,16220000.0,6.0,2500.0,13.0,6800.0,6.117000755357689,27455770.0,,,,1000.0
2018-03-22T00:00:00,MPC,81.1,81.1,81.1,81.1,81.1,81.1,0.0,0.0,0.0,0.0,0.0,0.0,0.0,0.0,0.0,4.0,2200.0,3.0,1900.0,6.117000755357689,27455770.0,,,,1000.0
2018-03-23T00:00:00,MPC,85.0,85.0,85.0,85.0,85.0,81.1,1000.0,1000.0,0.0,85000000.0,0.0,0.0,0.0,0.0,0.0,11.0,4100.0,2.0,1400.0,6.117000755357689,27455770.0,,,,1000.0
2018-03-26T00:00:00,MPC,86.0,86.0,86.0,86.0,86.0,85.0,200.0,200.0,0.0,17200000.0,0.0,0.0,0.0,0.0,0.0,9.0,2600.0,7.0,2300.0,6.117000755357689,27455970.0,,,,1000.0
2018-03-27T00:00:00,MPC,90.0,86.0,86.0,88.19277108433735,90.0,86.0,830.0,830.0,0.0,73200000.0,0.0,0.0,0.0,0.0,0.0,12.0,3200.0,4.0,1600.0,6.117000755357689,27455970.0,,,,1000.0
2018-03-28T00:00:00,MPC,92.0,91.9,91.9,91.95,92.0,90.0,798.0,798.0,0.0,73376100.0,0.0,0.0,0.0,0.0,0.0,8.0,2100.0,5.0,1900.0,6.117000755357689,27455970.0,,,,1000.0
2018-03-29T00:00:00,MPC,92.0,92.0,92.0,92.0,92.0,92.0,220.0,20.0,200.0,23000000.0,21160000.0,0.0,0.0,0.0,0.0,7.0,1700.0,6.0,5300.0,6.117000755357689,27455970.0,,,,1000.0
2018-03-30T00:00:00,MPC,92.0,92.0,92.0,92.0,92.0,92.0,0.0,0.0,0.0,0.0,0.0,0.0,0.0,0.0,0.0,0.0,0.0,0.0,0.0,6.117000755357689,27455970.0,,,,1000.0
2018-04-02T00:00:00,MPC,92.0,92.0,92.0,92.0,92.0,92.0,100.0,100.0,0.0,9200000.0,0.0,0.0,0.0,0.0,0.0,0.0,2700.0,0.0,7000.0,6.117000755357689,27455970.0,,,,1000.0
2018-04-03T00:00:00,MPC,92.0,92.0,92.0,92.0,92.0,92.0,100.0,100.0,0.0,9200000.0,0.0,100.0,9200000.0,0.0,0.0,0.0,1600.0,0.0,6000.0,6.117000755357689,27455870.0,,,,1000.0
2018-04-04T00:00:00,MPC,93.0,92.0,93.0,92.33333333333333,92.0,92.0,300.0,300.0,0.0,27700000.0,0.0,100.0,9233333.333333334,0.0,0.0,0.0,1700.0,0.0,4500.0,6.117000755357689,27455770.0,,,,1000.0
2018-04-05T00:00:00,MPC,93.0,93.0,93.0,93.0,93.0,92.0,2100100.0,100.0,2100000.0,168009300000.0,168000000000.0,0.0,0.0,210000.0,195300000000.0,0.0,1000.0,0.0,3600.0,6.117000755357689,27455770.0,,,,1000.0
2018-04-06T00:00:00,MPC,95.0,95.0,95.0,95.0,95.0,93.0,2400.0,2400.0,0.0,228000000.0,0.0,300.0,28500000.0,0.0,0.0,0.0,4600.0,0.0,3400.0,6.117000755357689,27455470.0,,,,1000.0
2018-04-09T00:00:00,MPC,95.0,80.8,95.0,91.78,80.8,95.0,1000.0,1000.0,0.0,91780000.0,0.0,200.0,18356000.0,0.0,0.0,0.0,4500.0,0.0,4900.0,6.117000755357689,27455270.0,,,,1000.0
2018-04-10T00:00:00,MPC,97.0,97.0,97.0,97.0,97.0,80.8,3383100.0,100.0,3383000.0,270649700000.0,270640000000.0,0.0,0.0,160000.0,155200000000.0,0.0,3600.0,0.0,2500.0,6.117000755357689,29555270.0,,,,1000.0
2018-04-11T00:00:00,MPC,90.0,85.0,90.0,86.15384615384616,85.0,97.0,1300.0,1300.0,0.0,112000000.0,0.0,1000.0,86153846.15384616,0.0,0.0,0.0,11400.0,0.0,6700.0,6.117000755357689,29554270.0,,,,1000.0
2018-04-12T00:00:00,MPC,86.2,86.2,86.2,86.2,86.2,85.0,0.0,0.0,0.0,0.0,0.0,0.0,0.0,0.0,0.0,0.0,2900.0,0.0,11000.0,6.117000755357689,29554270.0,,,,1000.0
2018-04-13T00:00:00,MPC,84.0,81.0,84.0,81.95342465753424,82.0,86.2,42600.0,14600.0,28000.0,3436520000.0,2240000000.0,0.0,0.0,0.0,0.0,0.0,24100.0,0.0,47000.0,6.117000755357689,31154270.0,,,,1000.0
2018-04-16T00:00:00,MPC,83.5,82.0,82.0,82.17597765363129,82.0,82.0,17900.0,17900.0,0.0,1470950000.0,0.0,0.0,0.0,500.0,41087988.82681564,0.0,27500.0,0.0,41600.0,6.117000755357689,31154270.0,,,,1000.0
2018-04-17T00:00:00,MPC,82.5,80.0,82.5,81.33012552301255,80.5,82.0,25400.0,23900.0,1500.0,2063790000.0,120000000.0,500.0,40665062.761506274,0.0,0.0,0.0,55600.0,0.0,48900.0,6.117000755357689,31153770.0,,,,1000.0
2018-04-18T00:00:00,MPC,81.0,80.6,81.0,80.92063492063492,80.6,80.5,12600.0,12600.0,0.0,1019600000.0,0.0,200.0,16184126.984126983,0.0,0.0,0.0,16500.0,0.0,27000.0,6.117000755357689,31153570.0,,,,1000.0
2018-04-19T00:00:00,MPC,80.5,79.0,80.5,80.0168085106383,80.0,80.6,47000.0,47000.0,0.0,3760790000.0,0.0,200.0,16003361.70212766,0.0,0.0,0.0,55600.0,0.0,65400.0,6.117000755357689,31153870.0,,,,1000.0
2018-04-20T00:00:00,MPC,80.4,80.0,80.0,80.00357142857143,80.0,80.0,11200.0,11200.0,0.0,896040000.0,0.0,0.0,0.0,0.0,0.0,0.0,16500.0,0.0,26300.0,6.117000755357689,31153870.0,,,,1000.0
2018-04-23T00:00:00,MPC,80.0,79.0,79.0,79.7,80.0,80.0,1000.0,1000.0,0.0,79700000.0,0.0,0.0,0.0,0.0,0.0,0.0,6700.0,0.0,11200.0,6.117000755357689,31153870.0,,,,1000.0
2018-04-24T00:00:00,MPC,79.8,79.5,79.8,79.725,79.8,80.0,800.0,800.0,0.0,63780000.0,0.0,0.0,0.0,0.0,0.0,0.0,6000.0,0.0,9400.0,6.117000755357689,31153870.0,,,,1000.0
2018-04-26T00:00:00,MPC,82.5,80.0,82.5,80.33066666666667,80.0,79.7,7500.0,7500.0,0.0,602480000.0,0.0,0.0,0.0,0.0,0.0,0.0,14400.0,0.0,17600.0,6.117000755357689,31153870.0,,,,1000.0
2018-04-27T00:00:00,MPC,80.0,79.7,80.0,79.93406593406593,80.0,80.0,12100.0,9100.0,3000.0,970400000.0,243000000.0,0.0,0.0,0.0,0.0,0.0,12400.0,0.0,17900.0,6.117000755357689,31153870.0,,,,1000.0
2018-05-02T00:00:00,MPC,80.0,79.7,80.0,79.97818181818182,80.0,79.9,11000.0,11000.0,0.0,879760000.0,0.0,0.0,0.0,200.0,15995636.363636363,0.0,13900.0,0.0,21300.0,6.117000755357689,31153870.0,,,,1000.0
2018-05-03T00:00:00,MPC,79.1,78.0,79.1,78.67777777777778,78.0,80.0,7200.0,7200.0,0.0,566480000.0,0.0,0.0,0.0,0.0,0.0,0.0,9700.0,0.0,24500.0,6.117000755357689,31153870.0,,,,1000.0
2018-05-04T00:00:00,MPC,79.5,78.0,78.1,78.08923076923077,78.0,78.0,6500.0,6500.0,0.0,507580000.0,0.0,0.0,0.0,0.0,0.0,0.0,9500.0,0.0,25700.0,6.117000755357689,31153870.0,,,,1000.0
2018-05-07T00:00:00,MPC,79.0,78.7,78.7,78.90357142857144,79.0,78.1,2800.0,2800.0,0.0,220930000.0,0.0,0.0,0.0,0.0,0.0,0.0,7200.0,0.0,9900.0,6.117000755357689,31154070.0,,,,1000.0
2018-05-08T00:00:00,MPC,79.6,78.9,79.6,79.04179104477612,79.0,79.0,6700.0,6700.0,0.0,529580000.0,0.0,0.0,0.0,0.0,0.0,0.0,9400.0,0.0,18700.0,6.117000755357689,31154070.0,,,,1000.0
2018-05-09T00:00:00,MPC,78.9,78.0,78.9,78.4695652173913,78.8,79.0,3800.0,2300.0,1500.0,281280000.0,100800000.0,0.0,0.0,0.0,0.0,0.0,6900.0,0.0,12800.0,6.117000755357689,31154070.0,,,,1000.0
2018-05-10T00:00:00,MPC,78.8,75.1,78.8,76.98333333333333,77.9,78.8,2400.0,2400.0,0.0,184760000.0,0.0,0.0,0.0,0.0,0.0,0.0,15000.0,0.0,14100.0,6.117000755357689,31154070.0,,,,1000.0
2018-05-11T00:00:00,MPC,78.7,78.7,78.7,78.7,78.7,77.9,1600.0,100.0,1500.0,127870000.0,120000000.0,0.0,0.0,0.0,0.0,0.0,2500.0,0.0,20200.0,6.117000755357689,31154070.0,,,,1000.0
2018-05-14T00:00:00,MPC,78.8,69.0,78.8,72.70337078651686,74.0,78.7,28700.0,26700.0,2000.0,2074980000.0,133800000.0,500.0,36351685.39325843,0.0,0.0,0.0,40400.0,0.0,47200.0,6.117000755357689,31153570.0,,,,1000.0
2018-05-15T00:00:00,MPC,72.4,69.5,72.0,70.34628099173554,72.4,74.0,24200.0,24200.0,0.0,1702380000.0,0.0,0.0,0.0,0.0,0.0,0.0,29000.0,0.0,34400.0,6.117000755357689,31153570.0,,,,1000.0
2018-05-16T00:00:00,MPC,70.5,69.1,70.5,69.9401098901099,69.1,72.4,18200.0,18200.0,0.0,1272910000.0,0.0,400.0,27976043.956043955,0.0,0.0,0.0,21400.0,0.0,26400.0,6.117000755357689,31153170.0,,,,1000.0
2018-05-17T00:00:00,MPC,70.0,68.0,69.0,69.34545454545454,68.0,69.1,4400.0,4400.0,0.0,305120000.0,0.0,0.0,0.0,0.0,0.0,0.0,12100.0,0.0,11700.0,6.117000755357689,31153170.0,,,,1000.0
2018-05-18T00:00:00,MPC,69.1,67.0,69.0,68.07077922077923,69.0,68.0,15400.0,15400.0,0.0,1048290000.0,0.0,0.0,0.0,0.0,0.0,0.0,23700.0,0.0,24700.0,6.117000755357689,31153170.0,,,,1000.0
2018-05-21T00:00:00,MPC,69.0,63.0,68.0,66.56467236467238,69.0,68.1,35100.0,35100.0,0.0,2336420000.0,0.0,0.0,0.0,200.0,13312934.472934473,0.0,43100.0,0.0,46100.0,6.117000755357689,31153170.0,,,,1000.0
2018-05-22T00:00:00,MPC,75.0,64.7,70.0,66.36311475409836,67.7,69.0,12200.0,12200.0,0.0,809630000.0,0.0,300.0,19908934.426229507,0.0,0.0,0.0,22300.0,0.0,28100.0,6.117000755357689,31152870.0,,,,1000.0
2018-05-23T00:00:00,MPC,70.0,67.0,69.0,68.63333333333333,69.0,67.7,2700.0,2700.0,0.0,185310000.0,0.0,300.0,20590000.0,0.0,0.0,0.0,12100.0,0.0,12800.0,6.117000755357689,31152570.0,,,,1000.0
2018-05-24T00:00:00,MPC,69.0,69.0,69.0,69.0,69.0,69.0,7800.0,7800.0,0.0,538200000.0,0.0,0.0,0.0,0.0,0.0,0.0,13300.0,0.0,13700.0,6.117000755357689,31152770.0,,,,1000.0
2018-05-25T00:00:00,MPC,72.0,69.5,69.8,69.93368421052632,69.5,69.0,9500.0,9500.0,0.0,664370000.0,0.0,0.0,0.0,0.0,0.0,0.0,18800.0,0.0,17800.0,6.117000755357689,31152770.0,,,,1000.0
2018-05-28T00:00:00,MPC,71.0,69.9,71.0,70.3391304347826,69.9,69.9,6900.0,6900.0,0.0,485340000.0,0.0,0.0,0.0,0.0,0.0,0.0,9600.0,0.0,14800.0,6.117000755357689,31152770.0,,,,1000.0
2018-05-29T00:00:00,MPC,71.8,66.5,71.7,70.66440677966102,71.3,69.9,16900.0,5900.0,11000.0,1197920000.0,781000000.0,0.0,0.0,0.0,0.0,0.0,11600.0,0.0,14000.0,6.117000755357689,31152770.0,,,,1000.0
2018-05-30T00:00:00,MPC,71.8,70.0,71.8,70.4235294117647,70.0,71.3,13600.0,13600.0,0.0,957760000.0,0.0,0.0,0.0,0.0,0.0,0.0,22300.0,0.0,28200.0,6.117000755357689,31152770.0,,,,1000.0
2018-05-31T00:00:00,MPC,72.7,70.1,72.7,70.82906976744187,71.0,70.0,8600.0,8600.0,0.0,609130000.0,0.0,0.0,0.0,0.0,0.0,0.0,16700.0,0.0,23600.0,6.117000755357689,31152770.0,,,,1000.0
2018-06-01T00:00:00,MPC,81.4,75.0,81.4,77.86386861313869,78.2,71.0,35100.0,27400.0,7700.0,2687870000.0,554400000.0,0.0,0.0,0.0,0.0,0.0,45800.0,0.0,48900.0,6.117000755357689,31152770.0,,,,1000.0
2018-06-04T00:00:00,MPC,82.9,77.4,77.5,81.66651785714285,82.7,77.9,67200.0,67200.0,0.0,5487990000.0,0.0,600.0,48999910.71428572,0.0,0.0,0.0,78800.0,0.0,82100.0,6.117000755357689,31152170.0,,,,1000.0
2018-06-05T00:00:00,MPC,83.2,81.0,82.9,82.38846153846153,81.0,82.7,244200.0,44200.0,200000.0,19981570000.0,16340000000.0,0.0,0.0,0.0,0.0,0.0,53000.0,0.0,56500.0,6.117000755357689,31152170.0,,,,1000.0
2018-06-06T00:00:00,MPC,82.4,80.0,82.4,80.84688524590163,81.0,81.0,30500.0,30500.0,0.0,2465830000.0,0.0,400.0,32338754.098360654,0.0,0.0,0.0,43600.0,0.0,56300.0,6.117000755357689,31151770.0,,,,1000.0
2018-06-07T00:00:00,MPC,82.9,81.0,82.9,81.93809523809524,82.4,81.0,60900.0,60900.0,0.0,4990030000.0,0.0,2300.0,188457619.04761904,0.0,0.0,0.0,70600.0,0.0,83400.0,6.117000755357689,31149470.0,,,,1000.0
2018-06-08T00:00:00,MPC,82.5,80.5,82.2,81.85697674418604,80.5,82.4,34400.0,34400.0,0.0,2815880000.0,0.0,300.0,24557093.023255814,0.0,0.0,0.0,36200.0,0.0,49300.0,6.117000755357689,31149170.0,,,,1000.0
2018-06-11T00:00:00,MPC,45.0,41.9,45.0,42.50045766590389,42.5,41.0,87400.0,87400.0,0.0,3714540000.0,0.0,0.0,0.0,0.0,0.0,0.0,107500.0,0.0,110500.0,3.0622348103893793,31149170.0,,,,1000.0
2018-06-12T00:00:00,MPC,42.5,41.2,42.0,41.85064935064935,42.0,42.5,38500.0,38500.0,0.0,1611250000.0,0.0,100.0,4185064.935064935,0.0,0.0,0.0,62600.0,0.0,60900.0,3.0622348103893793,31149070.0,,,,1000.0
2018-06-13T00:00:00,MPC,42.2,41.4,42.2,41.53333333333334,41.5,42.0,9900.0,9900.0,0.0,411180000.0,0.0,0.0,0.0,0.0,0.0,0.0,27300.0,0.0,26800.0,3.0622348103893793,31149070.0,,,,1000.0
2018-06-14T00:00:00,MPC,42.9,41.7,41.7,42.05714285714286,42.0,41.5,15400.0,15400.0,0.0,647680000.0,0.0,0.0,0.0,0.0,0.0,0.0,30600.0,0.0,47300.0,3.0622348103893793,31149070.0,,,,1000.0
2018-06-15T00:00:00,MPC,41.9,40.7,41.4,41.56037735849056,41.7,42.0,10600.0,10600.0,0.0,440540000.0,0.0,0.0,0.0,0.0,0.0,0.0,23900.0,0.0,39500.0,3.0622348103893793,31149070.0,,,,1000.0
2018-06-18T00:00:00,MPC,41.9,40.0,41.9,40.67374301675978,40.9,41.6,24000.0,17900.0,6100.0,974560000.0,246500000.0,4900.0,199301340.7821229,0.0,0.0,0.0,22400.0,0.0,36800.0,3.0622348103893793,31144170.0,,,,1000.0
2018-06-19T00:00:00,MPC,40.4,39.8,40.2,40.1625,39.8,40.9,4000.0,4000.0,0.0,160650000.0,0.0,0.0,0.0,0.0,0.0,0.0,32100.0,0.0,29000.0,3.0622348103893793,31144170.0,,,,1000.0
2018-06-20T00:00:00,MPC,40.5,40.0,40.4,40.291304347826085,40.2,39.8,4600.0,4600.0,0.0,185340000.0,0.0,0.0,0.0,0.0,0.0,0.0,23400.0,0.0,17800.0,3.0622348103893793,31144170.0,,,,1000.0
2018-06-21T00:00:00,MPC,40.5,39.0,39.5,39.84375,40.5,40.2,6400.0,6400.0,0.0,255000000.0,0.0,0.0,0.0,0.0,0.0,0.0,24800.0,0.0,19000.0,3.0622348103893793,31144170.0,,,,1000.0
2018-06-22T00:00:00,MPC,40.0,39.1,39.1,39.95675675675676,40.0,40.5,11100.0,11100.0,0.0,443520000.0,0.0,0.0,0.0,0.0,0.0,0.0,31300.0,0.0,29100.0,3.0622348103893793,31144170.0,,,,1000.0
2018-06-25T00:00:00,MPC,40.9,40.0,40.8,40.25044776119403,40.9,40.0,33500.0,33500.0,0.0,1348390000.0,0.0,0.0,0.0,0.0,0.0,0.0,43000.0,0.0,55300.0,3.0622348103893793,31144170.0,,,,1000.0
2018-06-26T00:00:00,MPC,41.5,40.0,40.0,40.765,40.3,40.9,4000.0,4000.0,0.0,163060000.0,0.0,0.0,0.0,0.0,0.0,0.0,28900.0,0.0,34800.0,3.0622348103893793,31144170.0,,,,1000.0
2018-06-27T00:00:00,MPC,41.0,40.0,40.8,40.72967741935484,40.8,40.3,31000.0,31000.0,0.0,1262620000.0,0.0,100.0,4072967.7419354836,0.0,0.0,0.0,51100.0,0.0,66900.0,3.0622348103893793,31144070.0,,,,1000.0
2018-06-28T00:00:00,MPC,40.0,39.6,40.0,39.984482758620686,40.0,40.8,17400.0,17400.0,0.0,695730000.0,0.0,400.0,15993793.103448275,0.0,0.0,0.0,26300.0,0.0,43500.0,3.0622348103893793,31143670.0,,,,1000.0
2018-06-29T00:00:00,MPC,41.0,39.0,41.0,40.54545454545455,40.0,40.0,17600.0,17600.0,0.0,713600000.0,0.0,0.0,0.0,0.0,0.0,0.0,26400.0,0.0,61500.0,3.0622348103893793,31143670.0,,,,1000.0
2018-07-02T00:00:00,MPC,40.0,38.4,40.0,38.97277227722772,39.0,40.5,22200.0,20200.0,2000.0,857250000.0,70000000.0,0.0,0.0,0.0,0.0,0.0,31300.0,0.0,82600.0,3.0622348103893793,31143670.0,,,,1000.0
2018-07-03T00:00:00,MPC,40.4,39.0,39.0,39.422731057452125,39.8,39.0,120100.0,120100.0,0.0,4734670000.0,0.0,101900.0,4017176294.754371,0.0,0.0,0.0,126200.0,0.0,168500.0,3.0622348103893793,31041770.0,,,,1000.0
2018-07-04T00:00:00,MPC,40.4,39.9,39.9,40.011653447223914,40.4,39.8,163900.0,163900.0,0.0,6557910000.0,0.0,149600.0,5985743355.704698,0.0,0.0,0.0,174800.0,0.0,203600.0,3.0622348103893793,30892170.0,,,,1000.0
2018-07-05T00:00:00,MPC,40.0,38.0,40.0,38.73309608540926,39.9,40.4,28100.0,28100.0,0.0,1088400000.0,0.0,0.0,0.0,0.0,0.0,0.0,33100.0,0.0,96000.0,3.0622348103893793,61288136.0,,,,1000.0
2018-07-06T00:00:00,MPC,39.6,39.3,39.6,39.458333333333336,39.3,39.9,1200.0,1200.0,0.0,47350000.0,0.0,0.0,0.0,0.0,0.0,0.0,9800.0,0.0,28200.0,3.0622348103893793,61288136.0,,,,1000.0
2018-07-09T00:00:00,MPC,40.8,39.7,40.8,40.25,39.7,39.5,400.0,400.0,0.0,16100000.0,0.0,0.0,0.0,0.0,0.0,0.0,3100.0,0.0,43700.0,3.0622348103893793,61288136.0,,,,1000.0
2018-07-10T00:00:00,MPC,38.9,38.9,38.9,38.9,38.9,39.7,170.0,100.0,70.0,6291000.0,2401000.0,0.0,0.0,0.0,0.0,0.0,7000.0,0.0,29400.0,3.0622348103893793,61288136.0,,,,1000.0
2018-07-11T00:00:00,MPC,40.0,38.0,38.9,38.7873417721519,39.4,38.9,7900.0,7900.0,0.0,306420000.0,0.0,0.0,0.0,0.0,0.0,0.0,20900.0,0.0,36000.0,3.0622348103893793,61288136.0,,,,1000.0
2018-07-12T00:00:00,MPC,39.5,39.2,39.4,39.364150943396226,39.2,39.4,5300.0,5300.0,0.0,208630000.0,0.0,300.0,11809245.283018868,0.0,0.0,0.0,18200.0,0.0,54600.0,3.0622348103893793,61287836.0,,,,1000.0
2018-07-13T00:00:00,MPC,39.3,39.0,39.3,39.285294117647055,39.3,39.2,3400.0,3400.0,0.0,133570000.0,0.0,100.0,3928529.411764706,0.0,0.0,0.0,12500.0,0.0,111400.0,3.0622348103893793,61287736.0,,,,1000.0
2018-07-16T00:00:00,MPC,39.8,38.5,39.7,39.02913385826772,39.0,39.3,12700.0,12700.0,0.0,495670000.0,0.0,0.0,0.0,0.0,0.0,0.0,19600.0,0.0,59400.0,3.0622348103893793,61287736.0,,,,1000.0
2018-07-17T00:00:00,MPC,39.0,38.0,38.2,38.33720930232558,39.0,39.0,4300.0,4300.0,0.0,164850000.0,0.0,0.0,0.0,0.0,0.0,0.0,12500.0,0.0,55400.0,3.0622348103893793,61287736.0,,,,1000.0
2018-07-18T00:00:00,MPC,39.8,38.0,39.8,38.17131367292225,38.2,39.0,74600.0,74600.0,0.0,2847580000.0,0.0,0.0,0.0,0.0,0.0,0.0,90100.0,0.0,114700.0,3.0622348103893793,61287736.0,,,,1000.0
2018-07-19T00:00:00,MPC,39.0,38.0,38.0,38.52985074626866,38.5,38.2,6700.0,6700.0,0.0,258150000.0,0.0,0.0,0.0,0.0,0.0,0.0,19200.0,0.0,20900.0,3.0622348103893793,61287736.0,,,,1000.0
2018-07-20T00:00:00,MPC,38.6,38.5,38.5,38.51282051282052,38.5,38.5,7800.0,7800.0,0.0,300400000.0,0.0,0.0,0.0,0.0,0.0,0.0,13400.0,0.0,19400.0,3.0622348103893793,61287736.0,,,,1000.0
2018-07-23T00:00:00,MPC,38.5,37.0,37.2,37.64611801242236,37.1,38.5,141400.0,64400.0,77000.0,5490410000.0,3066000000.0,0.0,0.0,0.0,0.0,0.0,70900.0,0.0,132000.0,3.0622348103893793,61287736.0,,,,1000.0
2018-07-24T00:00:00,MPC,38.0,36.9,38.0,37.55730180806676,37.0,37.1,71900.0,71900.0,0.0,2700370000.0,0.0,18200.0,683542892.906815,0.0,0.0,0.0,84600.0,0.0,118000.0,3.0622348103893793,61269536.0,,,,1000.0
2018-07-25T00:00:00,MPC,38.0,36.5,38.0,37.82037037037037,37.8,37.0,32400.0,32400.0,0.0,1225380000.0,0.0,0.0,0.0,0.0,0.0,0.0,42200.0,0.0,84800.0,3.0622348103893793,61269536.0,,,,1000.0
2018-07-26T00:00:00,MPC,37.8,37.0,37.0,37.12,37.5,37.8,4500.0,4500.0,0.0,167040000.0,0.0,0.0,0.0,0.0,0.0,0.0,12000.0,0.0,37200.0,3.0622348103893793,61269536.0,,,,1000.0
2018-07-27T00:00:00,MPC,37.5,36.6,37.5,37.02162162162162,37.1,37.5,7400.0,7400.0,0.0,273960000.0,0.0,0.0,0.0,0.0,0.0,0.0,22300.0,0.0,51700.0,3.0622348103893793,61269536.0,,,,1000.0
2018-07-30T00:00:00,MPC,38.4,36.0,37.4,36.386538461538464,36.1,37.0,38400.0,36400.0,2000.0,1400270000.0,75800000.0,0.0,0.0,0.0,0.0,0.0,49000.0,0.0,86200.0,3.0622348103893793,61269536.0,,,,1000.0
2018-07-31T00:00:00,MPC,36.4,35.8,36.1,36.00182481751825,36.4,36.1,27400.0,27400.0,0.0,986450000.0,0.0,0.0,0.0,0.0,0.0,0.0,41700.0,0.0,54700.0,3.0622348103893793,61269536.0,,,,1000.0
2018-08-01T00:00:00,MPC,37.5,35.3,37.5,35.98191881918819,36.0,36.4,27100.0,27100.0,0.0,975110000.0,0.0,0.0,0.0,0.0,0.0,0.0,43700.0,0.0,62200.0,3.0622348103893793,61269536.0,,,,1000.0
2018-08-02T00:00:00,MPC,38.7,36.0,36.0,37.158565737051795,38.5,36.0,150600.0,150600.0,0.0,5596080000.0,0.0,0.0,0.0,0.0,0.0,0.0,194300.0,0.0,199200.0,3.0622348103893793,61269536.0,,,,1000.0
2018-08-03T00:00:00,MPC,40.8,38.2,38.3,40.0398597626753,40.8,38.5,186900.0,185400.0,1500.0,7481890000.0,58500000.0,0.0,0.0,0.0,0.0,0.0,231500.0,0.0,224000.0,3.0622348103893793,61269536.0,,,,1000.0
2018-08-06T00:00:00,MPC,40.9,39.7,40.5,40.269901315789475,39.7,40.0,60800.0,60800.0,0.0,2448410000.0,0.0,4000.0,161079605.2631579,0.0,0.0,0.0,75400.0,0.0,178100.0,3.0622348103893793,61265536.0,,,,1000.0
2018-08-07T00:00:00,MPC,40.0,38.5,40.0,38.909375,38.5,39.7,22400.0,22400.0,0.0,871570000.0,0.0,0.0,0.0,0.0,0.0,0.0,43800.0,0.0,95300.0,3.0622348103893793,61265536.0,,,,1000.0
2018-08-08T00:00:00,MPC,40.0,39.0,39.5,39.633160621761654,39.8,38.5,43600.0,38600.0,5000.0,1714840000.0,185000000.0,0.0,0.0,0.0,0.0,0.0,67700.0,0.0,68100.0,3.0622348103893793,61265536.0,,,,1000.0
2018-08-09T00:00:00,MPC,40.7,39.0,40.5,39.5585020242915,39.0,39.8,49400.0,49400.0,0.0,1954190000.0,0.0,0.0,0.0,0.0,0.0,0.0,63100.0,0.0,165500.0,3.0622348103893793,61265536.0,,,,1000.0
2018-08-10T00:00:00,MPC,39.5,38.1,39.0,38.75745856353591,38.1,39.0,18100.0,18100.0,0.0,701510000.0,0.0,0.0,0.0,0.0,0.0,0.0,31800.0,0.0,126600.0,3.0622348103893793,61265536.0,,,,1000.0
2018-08-13T00:00:00,MPC,38.9,37.6,38.8,38.265132743362834,38.0,38.8,56500.0,56500.0,0.0,2161980000.0,0.0,0.0,0.0,0.0,0.0,0.0,93300.0,0.0,131300.0,3.0622348103893793,61265536.0,,,,1000.0
2018-08-14T00:00:00,MPC,38.8,38.0,38.8,38.35739644970415,38.2,38.0,33800.0,33800.0,0.0,1296480000.0,0.0,0.0,0.0,0.0,0.0,0.0,58300.0,0.0,154800.0,3.0622348103893793,61265536.0,,,,1000.0
2018-08-15T00:00:00,MPC,38.6,37.7,38.0,38.127728613569325,37.7,38.2,33900.0,33900.0,0.0,1292530000.0,0.0,0.0,0.0,0.0,0.0,0.0,63600.0,0.0,72300.0,3.0622348103893793,61265536.0,,,,1000.0
2018-08-16T00:00:00,MPC,38.0,37.5,37.6,37.76428571428572,38.0,37.7,21400.0,15400.0,6000.0,810170000.0,228600000.0,0.0,0.0,0.0,0.0,0.0,41800.0,0.0,65600.0,3.0622348103893793,61265536.0,,,,1000.0
2018-08-17T00:00:00,MPC,38.0,37.3,38.0,37.64808743169399,37.5,38.0,18300.0,18300.0,0.0,688960000.0,0.0,0.0,0.0,0.0,0.0,0.0,40300.0,0.0,66800.0,3.0622348103893793,61265536.0,,,,1000.0
2018-08-20T00:00:00,MPC,37.9,37.0,37.0,37.60055350553505,37.9,37.6,54200.0,54200.0,0.0,2037950000.0,0.0,0.0,0.0,0.0,0.0,0.0,102000.0,0.0,94400.0,3.0622348103893793,61265536.0,,,,1000.0
2018-08-21T00:00:00,MPC,37.9,37.3,37.3,37.658208955223884,37.8,37.9,53600.0,53600.0,0.0,2018480000.0,0.0,0.0,0.0,4000.0,150632835.82089552,0.0,91100.0,0.0,104200.0,3.0622348103893793,61265536.0,,,,1000.0
2018-08-22T00:00:00,MPC,38.2,37.5,37.8,37.83714285714286,38.1,37.8,49042.0,49000.0,42.0,1855368200.0,1348200.0,0.0,0.0,0.0,0.0,0.0,73700.0,0.0,101700.0,3.0622348103893793,61265536.0,,,,1000.0
2018-08-23T00:00:00,MPC,39.0,38.0,38.0,38.64623115577889,38.4,38.1,39800.0,39800.0,0.0,1538120000.0,0.0,0.0,0.0,0.0,0.0,0.0,70700.0,0.0,170900.0,3.0622348103893793,61265536.0,,,,1000.0
2018-08-24T00:00:00,MPC,38.5,37.6,38.1,38.00805369127517,38.0,38.4,14900.0,14900.0,0.0,566320000.0,0.0,0.0,0.0,0.0,0.0,0.0,30200.0,0.0,65200.0,3.0622348103893793,61269536.0,,,,1000.0
2018-08-27T00:00:00,MPC,38.0,37.4,37.6,37.66869712351946,37.4,38.0,59100.0,59100.0,0.0,2226220000.0,0.0,0.0,0.0,0.0,0.0,0.0,72000.0,0.0,155900.0,3.0622348103893793,62022740.0,,,,1000.0
2018-08-28T00:00:00,MPC,37.8,37.2,37.6,37.45882352941176,37.4,37.4,6800.0,6800.0,0.0,254720000.0,0.0,0.0,0.0,0.0,0.0,0.0,23800.0,0.0,80500.0,3.0622348103893793,62022740.0,,,,1000.0
2018-08-29T00:00:00,MPC,37.8,37.4,37.8,37.50060606060607,37.5,37.4,16500.0,16500.0,0.0,618760000.0,0.0,0.0,0.0,0.0,0.0,0.0,34500.0,0.0,67200.0,3.0622348103893793,62022740.0,,,,1000.0
2018-08-30T00:00:00,MPC,37.5,37.2,37.5,37.340625,37.4,37.5,12800.0,12800.0,0.0,477960000.0,0.0,0.0,0.0,0.0,0.0,0.0,34900.0,0.0,65100.0,3.0622348103893793,62022740.0,,,,1000.0
2018-08-31T00:00:00,MPC,37.3,37.0,37.3,37.16858974358974,37.3,37.4,31200.0,31200.0,0.0,1159660000.0,0.0,100.0,3716858.9743589745,0.0,0.0,0.0,54500.0,0.0,71000.0,3.0622348103893793,62022640.0,,,,1000.0
2018-09-04T00:00:00,MPC,38.7,37.0,38.7,37.345049504950495,37.5,37.2,20200.0,20200.0,0.0,754370000.0,0.0,0.0,0.0,0.0,0.0,0.0,60200.0,0.0,56400.0,3.0622348103893793,62022640.0,,,,1000.0
2018-09-05T00:00:00,MPC,37.8,36.0,37.3,36.78376534788541,36.7,37.5,73300.0,73300.0,0.0,2696250000.0,0.0,0.0,0.0,32900.0,1210185879.9454298,0.0,83800.0,0.0,116500.0,3.0622348103893793,62022640.0,,,,1000.0
2018-09-06T00:00:00,MPC,37.9,36.7,37.4,37.205,36.7,36.7,66000.0,66000.0,0.0,2455530000.0,0.0,10000.0,372050000.0,19900.0,740379500.0,0.0,90700.0,0.0,203300.0,3.0622348103893793,62012640.0,,,,1000.0
2018-09-07T00:00:00,MPC,37.2,36.5,37.0,36.73494132985658,36.7,36.7,76700.0,76700.0,0.0,2817570000.0,0.0,25000.0,918373533.2464147,55700.0,2046136232.0730116,0.0,108000.0,0.0,165600.0,3.0622348103893793,61987640.0,,,,1000.0
2018-09-10T00:00:00,MPC,37.0,35.5,37.0,36.15643648763854,36.5,36.7,117300.0,117300.0,0.0,4241150000.0,0.0,2000.0,72312872.97527707,78200.0,2827433333.3333335,0.0,135200.0,0.0,170100.0,3.0622348103893793,62018540.0,,,,1000.0
2018-09-11T00:00:00,MPC,37.0,34.4,36.0,35.297599999999996,36.0,36.5,9378740.0,150000.0,9228740.0,352756701000.0,347462061000.0,0.0,0.0,64800.0,2287284480.0,0.0,206600.0,0.0,213800.0,3.0622348103893793,62038440.0,,,,1000.0
2018-09-12T00:00:00,MPC,39.5,36.0,37.0,38.12403100775194,38.6,36.0,206400.0,206400.0,0.0,7868800000.0,0.0,0.0,0.0,0.0,0.0,0.0,265700.0,0.0,288200.0,3.0622348103893793,62094140.0,,,,1000.0
2018-09-13T00:00:00,MPC,40.3,38.2,38.2,39.765528380249194,40.0,38.6,438400.0,433400.0,5000.0,17424380000.0,190000000.0,13000.0,516951868.9432395,0.0,0.0,0.0,494000.0,0.0,599700.0,3.0622348103893793,62159340.0,,,,1000.0
2018-09-14T00:00:00,MPC,40.7,39.8,40.0,40.24070521861777,40.5,40.0,354500.0,354500.0,0.0,14265330000.0,0.0,8600.0,346070064.8801128,0.0,0.0,0.0,467700.0,0.0,508900.0,3.0622348103893793,62215540.0,,,,1000.0
2018-09-17T00:00:00,MPC,43.8,40.5,40.5,42.53868942515205,43.5,40.2,514700.0,509700.0,5000.0,21871970000.0,190000000.0,3500.0,148885412.98803216,14800.0,629572603.4922503,0.0,642100.0,0.0,592800.0,3.0622348103893793,62212040.0,,,,1000.0
2018-09-18T00:00:00,MPC,45.5,43.0,43.5,44.92659439927733,45.0,43.5,558500.0,553500.0,5000.0,25076870000.0,210000000.0,0.0,0.0,56500.0,2538352583.559169,0.0,619000.0,0.0,753900.0,3.0622348103893793,62212040.0,,,,1000.0
2018-09-19T00:00:00,MPC,46.5,44.1,45.0,45.05001096250822,45.4,45.0,461100.0,456100.0,5000.0,20757310000.0,210000000.0,8000.0,360400087.7000658,26400.0,1189320289.410217,0.0,703000.0,0.0,590100.0,3.0622348103893793,62204040.0,,,,1000.0
2018-09-20T00:00:00,MPC,47.6,45.4,46.0,47.090663120242134,47.0,45.4,1108500.0,1090300.0,18200.0,52146150000.0,803200000.0,18000.0,847631936.1643584,7800.0,367307172.33788866,0.0,1361400.0,0.0,1290900.0,3.0622348103893793,62200840.0,,,,1000.0
2018-09-21T00:00:00,MPC,47.3,44.3,47.3,46.397425776557405,46.7,47.0,582700.0,582700.0,0.0,27035780000.0,0.0,1500.0,69596138.66483611,7000.0,324781980.4359018,0.0,686300.0,0.0,830000.0,3.0622348103893793,62255840.0,,,,1000.0
2018-09-24T00:00:00,MPC,47.5,45.0,46.7,46.092815917375454,46.2,46.4,658400.0,658400.0,0.0,30347510000.0,0.0,4800.0,221245516.40340218,1000.0,46092815.91737545,0.0,761800.0,0.0,788600.0,3.0622348103893793,62277440.0,,,,1000.0
2018-09-25T00:00:00,MPC,48.5,45.0,45.0,46.63765548945376,47.9,46.2,744600.0,739600.0,5000.0,34743210000.0,250000000.0,4870.0,227125382.2336398,12900.0,601625755.8139535,0.0,1184600.0,0.0,850100.0,3.0622348103893793,62280370.0,,,,1000.0
2018-09-26T00:00:00,MPC,51.7,47.0,48.0,50.40454057370762,51.1,47.9,651900.0,651900.0,0.0,32858720000.0,0.0,5700.0,287305881.27013344,12000.0,604854486.8844914,0.0,1200000.0,0.0,800500.0,3.0622348103893793,62281670.0,,,,1000.0
2018-09-27T00:00:00,MPC,52.6,50.0,51.1,51.081985880209515,50.5,51.1,439100.0,439100.0,0.0,22430100000.0,0.0,3800.0,194111546.34479618,2000.0,102163971.76041904,0.0,745400.0,0.0,718600.0,3.0622348103893793,62278870.0,,,,1000.0
2018-09-28T00:00:00,MPC,51.0,49.4,51.0,49.94097991689751,49.5,50.5,577600.0,577600.0,0.0,28845910000.0,0.0,21500.0,1073731068.2132964,6560.0,327612828.25484765,0.0,967400.0,0.0,771700.0,3.0622348103893793,62270270.0,,,,1000.0
2018-10-01T00:00:00,MPC,50.0,46.1,50.0,48.08469494479954,47.5,49.9,860500.0,860500.0,0.0,41376880000.0,0.0,2600.0,125020206.8564788,12900.0,620292564.787914,0.0,1059300.0,0.0,1074800.0,3.0622348103893793,62279670.0,,,,1000.0
2018-10-02T00:00:00,MPC,49.4,47.0,47.0,48.67868357487923,49.2,47.5,496800.0,496800.0,0.0,24183570000.0,0.0,500.0,24339341.787439615,1400.0,68150157.00483091,0.0,1015400.0,0.0,674000.0,3.0622348103893793,62281170.0,,,,1000.0
2018-10-03T00:00:00,MPC,51.1,49.2,49.2,50.12046531667385,50.7,49.2,464200.0,464200.0,0.0,23265920000.0,0.0,4600.0,230554140.4566997,4000.0,200481861.26669538,0.0,796600.0,0.0,636700.0,3.0622348103893793,62283130.0,,,,1000.0
2018-10-04T00:00:00,MPC,51.7,50.7,50.9,51.206646706586824,51.7,50.7,501000.0,501000.0,0.0,25654530000.0,0.0,0.0,0.0,1000.0,51206646.70658682,0.0,1062100.0,0.0,633900.0,3.0622348103893793,62296030.0,,,,1000.0
2018-10-05T00:00:00,MPC,51.5,50.0,51.5,50.69951012410189,50.5,51.7,612400.0,612400.0,0.0,31048380000.0,0.0,0.0,0.0,7500.0,380246325.9307642,0.0,1341500.0,0.0,693900.0,3.0622348103893793,62297430.0,,,,1000.0
2018-10-08T00:00:00,MPC,52.0,49.4,50.9,50.07781065088757,50.0,50.7,338000.0,338000.0,0.0,16926300000.0,0.0,100.0,5007781.065088757,4500.0,225350147.9289941,0.0,631600.0,0.0,487700.0,3.0622348103893793,62301330.0,,,,1000.0
2018-10-09T00:00:00,MPC,50.5,48.0,48.0,49.53756294058409,49.9,50.0,198600.0,198600.0,0.0,9838160000.0,0.0,0.0,0.0,0.0,0.0,0.0,526100.0,0.0,322200.0,3.0622348103893793,62302330.0,,,,1000.0
2018-10-10T00:00:00,MPC,52.4,49.1,49.9,51.5524613470766,52.0,49.9,562700.0,562700.0,0.0,29008570000.0,0.0,3000.0,154657384.04122978,8000.0,412419690.77661276,0.0,917500.0,0.0,655000.0,3.0622348103893793,62306830.0,,,,1000.0
2018-10-11T00:00:00,MPC,50.9,47.9,49.5,49.08402393586993,48.5,52.0,885700.0,885700.0,0.0,43473720000.0,0.0,2000.0,98168047.87173986,0.0,0.0,0.0,1354900.0,0.0,1107600.0,3.0622348103893793,62309330.0,,,,1000.0
2018-10-12T00:00:00,MPC,50.5,46.8,46.8,49.16692028985507,50.5,48.5,276000.0,276000.0,0.0,13570070000.0,0.0,1200.0,59000304.347826086,0.0,0.0,0.0,725400.0,0.0,414500.0,3.0622348103893793,62308130.0,,,,1000.0
2018-10-15T00:00:00,MPC,50.9,49.2,50.0,49.72217543859649,49.8,49.2,142500.0,142500.0,0.0,7085410000.0,0.0,0.0,0.0,3000.0,149166526.31578946,0.0,411800.0,0.0,289600.0,3.0622348103893793,62316130.0,,,,1000.0
2018-10-16T00:00:00,MPC,50.7,48.8,49.5,49.53267348754448,49.5,49.8,449600.0,449600.0,0.0,22269890000.0,0.0,6000.0,297196040.9252669,200000.0,9906534697.508896,0.0,755800.0,0.0,587400.0,3.0622348103893793,62310130.0,,,,1000.0
2018-10-17T00:00:00,MPC,50.7,47.0,49.9,48.28195924278473,47.2,49.5,966700.0,966700.0,0.0,46674170000.0,0.0,12000.0,579383510.9134167,500000.0,24140979621.392365,0.0,1276600.0,0.0,1108700.0,3.0622348103893793,62298130.0,,,,1000.0
2018-10-18T00:00:00,MPC,48.2,44.7,48.2,45.6241221266394,44.7,47.2,1418200.0,1418200.0,0.0,64704130000.0,0.0,1000.0,45624122.1266394,871900.0,39779672082.216896,0.0,1862500.0,0.0,1609300.0,3.0622348103893793,62300130.0,,,,1000.0
2018-10-19T00:00:00,MPC,46.8,43.0,44.7,44.35910638297872,44.8,44.7,705000.0,705000.0,0.0,31273170000.0,0.0,1000.0,44359106.38297872,230900.0,10242517663.829786,0.0,1354300.0,0.0,935100.0,3.0622348103893793,62499130.0,,,,1000.0
2018-10-22T00:00:00,MPC,50.0,44.6,45.0,45.46651382962916,48.5,44.4,4710900.0,4710900.0,0.0,214188200000.0,0.0,66000.0,3000789912.7555246,4008380.0,182247064704.40894,0.0,5649600.0,0.0,4914800.0,3.0622348103893793,62933130.0,,,,1000.0
2018-10-23T00:00:00,MPC,49.4,46.3,48.6,48.02864328629314,47.8,48.5,715700.0,715700.0,0.0,34374100000.0,0.0,43400.0,2084443118.6251223,0.0,0.0,0.0,1129800.0,0.0,1079500.0,3.0622348103893793,63761630.0,,,,1000.0
2018-10-24T00:00:00,MPC,47.8,45.0,47.2,46.08335423197492,45.8,47.8,638000.0,638000.0,0.0,29401180000.0,0.0,22400.0,1032267134.7962383,1100.0,50691689.655172415,0.0,1073700.0,0.0,815800.0,3.0622348103893793,63970130.0,,,,1000.0
2018-10-25T00:00:00,MPC,45.9,42.5,44.5,44.30172505509537,45.7,45.8,1315900.0,1315900.0,0.0,58296640000.0,0.0,333600.0,14779055478.379816,5000.0,221508625.27547687,0.0,1947000.0,0.0,1973200.0,3.0622348103893793,67644910.0,,,,1000.0
2018-10-26T00:00:00,MPC,46.2,44.2,46.0,45.04983566146261,44.4,45.7,486800.0,486800.0,0.0,21930260000.0,0.0,117200.0,5279840739.523418,7700.0,346883734.59326214,0.0,1051600.0,0.0,781500.0,3.0622348103893793,67527710.0,,,,1000.0
2018-10-29T00:00:00,MPC,45.0,43.4,45.0,44.200900702987695,44.1,45.1,4004200.0,455200.0,3549000.0,156401850000.0,136281600000.0,211900.0,9366170858.963093,1300.0,57461170.91388401,0.0,1151100.0,0.0,676800.0,3.0622348103893793,67316910.0,,,,1000.0
2018-10-30T00:00:00,MPC,45.3,43.2,45.3,43.922134262191264,43.5,44.1,631600.0,631600.0,0.0,27741220000.0,0.0,236400.0,10383192539.582014,3000.0,131766402.78657378,0.0,961600.0,0.0,881700.0,3.0622348103893793,67085510.0,,,,1000.0
2018-10-31T00:00:00,MPC,45.0,43.5,44.0,44.296980128305435,44.7,43.5,3366380.0,639100.0,2727280.0,130805972000.0,102495772000.0,67100.0,2972327366.6092944,30000.0,1328909403.8491628,0.0,1094100.0,0.0,846200.0,3.0622348103893793,67026110.0,,,,1000.0
2018-11-01T00:00:00,MPC,46.1,44.3,44.3,45.252266978011285,45.1,44.7,513900.0,513900.0,0.0,23255140000.0,0.0,2100.0,95029760.6538237,1500.0,67878400.46701694,0.0,930100.0,0.0,766600.0,3.0622348103893793,67025310.0,,,,1000.0
2018-11-02T00:00:00,MPC,47.0,45.0,45.3,46.54693271067714,46.9,45.1,471100.0,471100.0,0.0,21928260000.0,0.0,2310.0,107523414.5616642,0.0,0.0,0.0,899800.0,0.0,730300.0,3.0622348103893793,67026000.0,,,,1000.0
2018-11-05T00:00:00,MPC,48.0,46.6,46.9,47.28655518394649,47.7,46.5,658900.0,448500.0,210400.0,30661292000.0,9453272000.0,212000.0,10024749698.996656,0.0,0.0,0.0,968100.0,0.0,708300.0,3.0622348103893793,66844000.0,,,,1000.0
2018-11-06T00:00:00,MPC,48.2,46.8,47.5,47.53555997020115,47.2,47.7,402700.0,402700.0,0.0,19142570000.0,0.0,2900.0,137853123.9135833,0.0,0.0,0.0,699900.0,0.0,1124300.0,3.0622348103893793,66842600.0,,,,1000.0
2018-11-07T00:00:00,MPC,48.9,46.7,47.4,47.695396020288726,48.0,47.2,512600.0,512600.0,0.0,24448660000.0,0.0,500.0,23847698.01014436,3100.0,147855727.66289505,0.0,984200.0,0.0,796800.0,3.0622348103893793,66842100.0,,,,1000.0
2018-11-08T00:00:00,MPC,49.8,48.1,48.1,48.98433303491495,48.6,48.0,446800.0,446800.0,0.0,21886200000.0,0.0,1500.0,73476499.55237243,1600.0,78374932.85586391,0.0,776200.0,0.0,1111300.0,3.0622348103893793,66840600.0,,,,1000.0
2018-11-09T00:00:00,MPC,49.3,46.7,48.8,47.72364775099639,47.3,48.6,526900.0,526900.0,0.0,25145590000.0,0.0,1500.0,71585471.62649459,2300.0,109764389.82729171,0.0,901100.0,0.0,874900.0,3.0622348103893793,66839100.0,,,,1000.0
2018-11-12T00:00:00,MPC,47.4,46.2,47.3,46.84011959771677,47.1,47.7,367900.0,367900.0,0.0,17232480000.0,0.0,2500.0,117100298.99429193,6000.0,281040717.5863006,0.0,710700.0,0.0,542200.0,3.0622348103893793,66839700.0,,,,1000.0
2018-11-13T00:00:00,MPC,47.8,45.5,46.6,46.99575026232949,46.8,47.1,571800.0,571800.0,0.0,26872170000.0,0.0,3200.0,150386400.83945435,500.0,23497875.131164744,0.0,1002900.0,0.0,846200.0,3.0622348103893793,66838100.0,,,,1000.0
2018-11-14T00:00:00,MPC,48.2,46.9,46.9,47.47197580645162,47.5,46.8,595200.0,595200.0,0.0,28255320000.0,0.0,3000.0,142415927.41935483,2000.0,94943951.61290322,0.0,1209400.0,0.0,954000.0,3.0622348103893793,66837400.0,,,,1000.0
2018-11-15T00:00:00,MPC,47.8,45.6,45.6,46.9208446866485,46.9,47.5,293600.0,293600.0,0.0,13775960000.0,0.0,1600.0,75073351.4986376,0.0,0.0,0.0,880900.0,0.0,595900.0,3.0622348103893793,66841800.0,,,,1000.0
2018-11-16T00:00:00,MPC,47.5,46.5,46.9,47.00239569313594,46.9,46.9,371500.0,371500.0,0.0,17461390000.0,0.0,2000.0,94004791.38627186,5000.0,235011978.46567968,0.0,877100.0,0.0,623500.0,3.0622348103893793,66840300.0,,,,1000.0
2018-11-19T00:00:00,MPC,47.1,46.0,46.8,46.44457265793076,46.4,47.0,511300.0,511300.0,0.0,23747110000.0,0.0,8000.0,371556581.2634461,0.0,0.0,0.0,1068200.0,0.0,721500.0,3.0622348103893793,66834300.0,,,,1000.0
2018-11-20T00:00:00,MPC,47.3,46.2,46.4,46.68939617083947,46.9,46.4,407400.0,407400.0,0.0,19021260000.0,0.0,5400.0,252122739.32253313,13200.0,616300029.455081,0.0,846700.0,0.0,645400.0,3.0622348103893793,66828900.0,,,,1000.0
2018-11-21T00:00:00,MPC,48.1,46.4,46.7,47.51513263307815,48.0,46.9,561700.0,561700.0,0.0,26689250000.0,0.0,0.0,0.0,10000.0,475151326.3307816,0.0,961200.0,0.0,769600.0,3.0622348103893793,66833900.0,,,,1000.0
2018-11-22T00:00:00,MPC,49.0,47.6,48.0,48.32192513368984,48.0,48.0,392700.0,392700.0,0.0,18976020000.0,0.0,200.0,9664385.026737968,0.0,0.0,0.0,944600.0,0.0,756800.0,3.0622348103893793,66833700.0,,,,1000.0
2018-11-23T00:00:00,MPC,48.9,47.4,48.1,48.033886255924166,47.4,48.0,590800.0,590800.0,0.0,28378420000.0,0.0,2000.0,96067772.51184835,0.0,0.0,0.0,834300.0,0.0,848200.0,3.0622348103893793,66844900.0,,,,1000.0
2018-11-26T00:00:00,MPC,48.0,47.2,47.5,47.452977286678944,47.4,48.0,325800.0,325800.0,0.0,15460180000.0,0.0,100.0,4745297.728667894,0.0,0.0,0.0,745300.0,0.0,494500.0,3.0622348103893793,66854800.0,,,,1000.0
2018-11-27T00:00:00,MPC,47.9,46.2,47.4,46.884421797005,46.6,47.4,480800.0,480800.0,0.0,22542030000.0,0.0,0.0,0.0,0.0,0.0,0.0,764700.0,0.0,753100.0,3.0622348103893793,66854800.0,,,,1000.0
2018-11-28T00:00:00,MPC,46.6,45.3,46.0,45.83779508970727,45.3,46.6,423600.0,423600.0,0.0,19416890000.0,0.0,1000.0,45837795.08970727,0.0,0.0,0.0,683100.0,0.0,662000.0,3.0622348103893793,66853800.0,,,,1000.0
2018-11-29T00:00:00,MPC,46.0,44.2,45.6,45.05278106508875,44.3,45.3,591500.0,591500.0,0.0,26648720000.0,0.0,900.0,40547502.95857988,2000.0,90105562.13017751,0.0,771800.0,0.0,744300.0,3.0622348103893793,66852900.0,,,,1000.0
2018-11-30T00:00:00,MPC,44.8,43.4,44.3,43.802009957588055,44.0,44.3,542300.0,542300.0,0.0,23753830000.0,0.0,4610.0,201927265.9044809,3400.0,148926833.85579938,0.0,893100.0,0.0,634900.0,3.0622348103893793,66848290.0,,,,1000.0
2018-12-03T00:00:00,MPC,45.6,44.0,44.2,45.123152131403984,45.0,43.8,511400.0,511400.0,0.0,23075980000.0,0.0,172000.0,7761182166.601486,40000.0,1804926085.2561595,0.0,790500.0,0.0,630000.0,3.0622348103893793,66676290.0,,,,1000.0
2018-12-04T00:00:00,MPC,45.6,45.0,45.3,45.20168793742281,45.2,45.0,242900.0,242900.0,0.0,10979490000.0,0.0,26700.0,1206885067.929189,0.0,0.0,0.0,464500.0,0.0,417600.0,3.0622348103893793,66651590.0,,,,1000.0
2018-12-05T00:00:00,MPC,45.4,44.5,45.0,45.056238643246516,45.2,45.2,330200.0,330200.0,0.0,14877570000.0,0.0,125300.0,5645546701.998789,0.0,0.0,0.0,414400.0,0.0,475400.0,3.0622348103893793,66529690.0,,,,1000.0
2018-12-06T00:00:00,MPC,45.6,44.8,45.0,45.065802857834825,45.6,45.2,412900.0,412900.0,0.0,18607670000.0,0.0,148000.0,6669738822.959555,0.0,0.0,0.0,494900.0,0.0,490300.0,3.0622348103893793,66421690.0,,,,1000.0
2018-12-07T00:00:00,MPC,46.1,45.4,45.6,45.87211267605633,46.1,45.6,142000.0,142000.0,0.0,6513840000.0,0.0,100500.0,4610147323.943662,0.0,0.0,0.0,204500.0,0.0,245000.0,3.0622348103893793,66321190.0,,,,1000.0
2018-12-10T00:00:00,MPC,46.6,45.8,46.1,46.08836132020845,45.9,45.9,172700.0,172700.0,0.0,7959460000.0,0.0,40000.0,1843534452.8083382,0.0,0.0,0.0,214000.0,0.0,347700.0,3.0622348103893793,66281190.0,,,,1000.0
2018-12-11T00:00:00,MPC,46.2,44.4,46.0,44.99160636758321,44.8,45.9,163700.0,138200.0,25500.0,7237840000.0,1020000000.0,2000.0,89983212.73516643,19400.0,872837163.5311143,0.0,240700.0,0.0,279700.0,3.0622348103893793,66279190.0,,,,1000.0
2018-12-12T00:00:00,MPC,45.0,44.0,45.0,44.31945896095911,44.4,44.8,325300.0,325300.0,0.0,14417120000.0,0.0,2000.0,88638917.92191823,63060.0,2794785082.0780816,0.0,451900.0,0.0,390200.0,3.0622348103893793,66277190.0,,,,1000.0
2018-12-13T00:00:00,MPC,45.2,44.5,44.8,44.80726495726496,45.2,44.4,93600.0,93600.0,0.0,4193960000.0,0.0,0.0,0.0,500.0,22403632.47863248,0.0,224300.0,0.0,135500.0,3.0622348103893793,66277190.0,,,,1000.0
2018-12-14T00:00:00,MPC,45.5,44.4,45.2,44.934838709677415,44.9,45.2,139500.0,139500.0,0.0,6268410000.0,0.0,0.0,0.0,0.0,0.0,0.0,213300.0,0.0,268100.0,3.0622348103893793,66296590.0,,,,1000.0
2018-12-17T00:00:00,MPC,44.8,43.3,44.7,43.85311029796132,43.7,44.9,191300.0,191300.0,0.0,8389100000.0,0.0,0.0,0.0,500.0,21926555.14898066,0.0,225700.0,0.0,266700.0,3.0622348103893793,66359650.0,,,,1000.0
2018-12-18T00:00:00,MPC,43.5,40.5,43.5,41.991506544138126,42.0,43.7,384600.0,359100.0,25500.0,16099150000.0,1020000000.0,100.0,4199150.654413812,0.0,0.0,0.0,433600.0,0.0,445400.0,3.0622348103893793,66360050.0,,,,1000.0
2018-12-19T00:00:00,MPC,42.0,38.9,42.0,40.05281300813009,40.2,42.0,307500.0,307500.0,0.0,12316240000.0,0.0,1500.0,60079219.512195125,500.0,20026406.50406504,0.0,396600.0,0.0,402400.0,3.0622348103893793,66358550.0,,,,1000.0
2018-12-20T00:00:00,MPC,41.5,39.4,40.2,40.25516769336071,41.2,40.2,146100.0,146100.0,0.0,5881280000.0,0.0,0.0,0.0,0.0,0.0,0.0,347600.0,0.0,218900.0,3.0622348103893793,66359050.0,,,,1000.0
2018-12-21T00:00:00,MPC,42.4,40.5,40.5,41.85275142314991,42.3,41.2,158100.0,158100.0,0.0,6616920000.0,0.0,0.0,0.0,0.0,0.0,0.0,282200.0,0.0,246600.0,3.0622348103893793,66359050.0,,,,1000.0
2018-12-24T00:00:00,MPC,42.0,40.4,42.0,40.98444444444444,40.8,41.9,157500.0,157500.0,0.0,6455050000.0,0.0,0.0,0.0,0.0,0.0,0.0,172200.0,0.0,323100.0,3.0622348103893793,66359550.0,,,,1000.0
2018-12-25T00:00:00,MPC,40.4,38.5,40.4,39.058964316797216,39.0,40.8,229800.0,229800.0,0.0,8975750000.0,0.0,0.0,0.0,0.0,0.0,0.0,484700.0,0.0,342600.0,3.0622348103893793,66359550.0,,,,1000.0
2018-12-26T00:00:00,MPC,39.8,38.8,39.5,39.296652719665275,39.0,39.0,107100.0,95600.0,11500.0,4211010000.0,454250000.0,11400.0,447981841.0041841,0.0,0.0,0.0,548700.0,0.0,213300.0,3.0622348103893793,66348150.0,,,,1000.0
2018-12-27T00:00:00,MPC,40.5,39.3,40.0,39.85106044538706,40.1,39.0,188600.0,188600.0,0.0,7515910000.0,0.0,62000.0,2470765747.613998,0.0,0.0,0.0,238400.0,0.0,324400.0,3.0622348103893793,66286150.0,,,,1000.0
2018-12-28T00:00:00,MPC,40.3,38.6,39.8,39.69898819561551,40.3,40.1,207900.0,177900.0,30000.0,8262450000.0,1200000000.0,106800.0,4239851939.291737,3800.0,150856155.14333895,0.0,219200.0,0.0,305400.0,3.0622348103893793,66179350.0,,,,1000.0
2019-01-02T00:00:00,MPC,40.0,39.2,39.8,39.61104895104895,39.2,39.7,83000.0,71500.0,11500.0,3286440000.0,454250000.0,100.0,3961104.895104895,0.0,0.0,0.0,91800.0,0.0,207900.0,3.0622348103893793,66179250.0,,,,1000.0
2019-01-03T00:00:00,MPC,39.9,38.0,39.1,38.73096254148886,38.2,39.2,210900.0,210900.0,0.0,8168360000.0,0.0,0.0,0.0,0.0,0.0,0.0,448100.0,0.0,331400.0,3.0622348103893793,66179250.0,,,,1000.0
2019-01-04T00:00:00,MPC,38.5,36.0,38.1,37.557120253164555,37.9,38.2,189600.0,189600.0,0.0,7120830000.0,0.0,50000.0,1877856012.658228,0.0,0.0,0.0,270900.0,0.0,279400.0,3.0622348103893793,66133050.0,,,,1000.0
2019-01-07T00:00:00,MPC,39.9,38.0,39.9,38.66265734265735,38.5,37.6,90500.0,71500.0,19000.0,3372380000.0,608000000.0,29300.0,1132815860.1398602,5500.0,212644615.3846154,0.0,134400.0,0.0,170200.0,3.0622348103893793,66103750.0,,,,1000.0
2019-01-08T00:00:00,MPC,39.0,38.5,38.7,38.84439834024896,38.6,38.5,72300.0,72300.0,0.0,2808450000.0,0.0,20700.0,804079045.6431535,0.0,0.0,0.0,92300.0,0.0,174900.0,3.0622348103893793,66083050.0,,,,1000.0
2019-01-09T00:00:00,MPC,39.4,38.5,38.5,38.74068181818182,38.7,38.6,44000.0,44000.0,0.0,1704590000.0,0.0,0.0,0.0,0.0,0.0,0.0,68500.0,0.0,126200.0,3.0622348103893793,66083050.0,,,,1000.0
2019-01-10T00:00:00,MPC,38.7,37.9,38.6,38.29189873417722,38.0,38.7,137500.0,118500.0,19000.0,5383090000.0,845500000.0,0.0,0.0,0.0,0.0,0.0,136800.0,0.0,206000.0,3.0622348103893793,66088550.0,,,,1000.0
2019-01-11T00:00:00,MPC,39.1,38.2,38.4,38.60330250990753,38.9,38.0,75700.0,75700.0,0.0,2922270000.0,0.0,100.0,3860330.250990753,0.0,0.0,0.0,125400.0,0.0,167100.0,3.0622348103893793,66088450.0,,,,1000.0
2019-01-14T00:00:00,MPC,39.8,38.6,38.6,39.36924242424242,39.4,38.6,132000.0,132000.0,0.0,5196740000.0,0.0,0.0,0.0,5000.0,196846212.12121212,0.0,177700.0,0.0,195300.0,3.0622348103893793,66088450.0,,,,1000.0
2019-01-15T00:00:00,MPC,41.7,39.4,39.4,41.0735691987513,41.1,39.4,192200.0,192200.0,0.0,7894340000.0,0.0,2000.0,82147138.3975026,0.0,0.0,0.0,253000.0,0.0,314400.0,3.0622348103893793,66086450.0,,,,1000.0
2019-01-16T00:00:00,MPC,43.2,42.0,43.2,42.37125097125097,42.2,41.1,257400.0,257400.0,0.0,10906360000.0,0.0,1000.0,42371250.97125097,7200.0,305073006.993007,0.0,291700.0,0.0,483500.0,3.0622348103893793,66085450.0,,,,1000.0
2019-01-17T00:00:00,MPC,43.4,41.7,42.5,42.57494407158837,41.8,42.2,178800.0,178800.0,0.0,7612400000.0,0.0,1000.0,42574944.07158837,0.0,0.0,0.0,223800.0,0.0,357900.0,3.0622348103893793,66089450.0,,,,1000.0
2019-01-18T00:00:00,MPC,44.6,42.4,42.5,43.85665354330709,44.4,41.8,508000.0,508000.0,0.0,22279180000.0,0.0,84000.0,3683958897.6377954,0.0,0.0,0.0,588900.0,0.0,632200.0,3.0622348103893793,66005450.0,,,,1000.0
2019-01-21T00:00:00,MPC,46.1,44.5,44.5,45.60313588850174,45.7,43.9,401800.0,401800.0,0.0,18323340000.0,0.0,5000.0,228015679.4425087,0.0,0.0,0.0,479800.0,0.0,632900.0,3.0622348103893793,66007650.0,,,,1000.0
2019-01-22T00:00:00,MPC,46.0,44.7,46.0,45.23197674418605,44.9,45.7,223600.0,223600.0,0.0,10113870000.0,0.0,0.0,0.0,2000.0,90463953.48837209,0.0,279700.0,0.0,511800.0,3.0622348103893793,66007650.0,,,,1000.0
2019-01-23T00:00:00,MPC,47.0,45.2,45.2,46.341674354243544,46.5,44.9,433600.0,433600.0,0.0,20093750000.0,0.0,22000.0,1019516835.793358,2200.0,101951683.5793358,0.0,552800.0,0.0,590100.0,3.0622348103893793,65985650.0,,,,1000.0
2019-01-24T00:00:00,MPC,46.8,45.8,46.6,46.197262357414445,46.0,46.5,131500.0,131500.0,0.0,6074940000.0,0.0,0.0,0.0,1000.0,46197262.35741445,0.0,180600.0,0.0,481800.0,3.0622348103893793,65985650.0,,,,1000.0
2019-01-25T00:00:00,MPC,46.3,44.6,46.3,45.32444029850746,45.0,46.0,268000.0,268000.0,0.0,12146950000.0,0.0,0.0,0.0,600.0,27194664.179104477,0.0,337100.0,0.0,423300.0,3.0622348103893793,65987650.0,,,,1000.0
2019-01-28T00:00:00,MPC,46.0,44.5,45.0,45.69377208480566,45.5,45.3,226400.0,226400.0,0.0,10345070000.0,0.0,18000.0,822487897.5265018,2300.0,105095675.795053,0.0,299400.0,0.0,394400.0,3.0622348103893793,65971850.0,,,,1000.0
2019-01-29T00:00:00,MPC,47.0,45.2,45.5,46.29537133891213,46.6,45.5,382400.0,382400.0,0.0,17703350000.0,0.0,9000.0,416658342.0502092,4400.0,203699633.8912134,0.0,459500.0,0.0,581700.0,3.0622348103893793,65963850.0,,,,1000.0
2019-01-30T00:00:00,MPC,47.5,46.2,46.6,47.02517965726921,46.7,46.6,361800.0,361800.0,0.0,17013710000.0,0.0,11000.0,517276976.2299613,8000.0,376201437.2581537,0.0,413200.0,0.0,576400.0,3.0622348103893793,65953450.0,,,,1000.0
2019-01-31T00:00:00,MPC,46.7,45.3,46.7,45.7617095508068,45.7,46.7,229300.0,229300.0,0.0,10493160000.0,0.0,1100.0,50337880.505887486,0.0,0.0,0.0,252500.0,0.0,396700.0,3.0622348103893793,65954650.0,,,,1000.0
2019-02-01T00:00:00,MPC,46.5,45.2,45.7,45.84597701149425,46.3,45.7,87000.0,87000.0,0.0,3988600000.0,0.0,0.0,0.0,0.0,0.0,0.0,197800.0,0.0,176400.0,3.0622348103893793,65959050.0,,,,1000.0
2019-02-11T00:00:00,MPC,47.1,46.0,46.0,46.658646616541354,46.5,45.8,186200.0,186200.0,0.0,8687840000.0,0.0,0.0,0.0,2000.0,93317293.23308271,0.0,236900.0,0.0,333600.0,3.0622348103893793,65967050.0,,,,1000.0
2019-02-12T00:00:00,MPC,48.8,46.2,46.5,47.720538023797204,48.6,46.5,579900.0,579900.0,0.0,27673140000.0,0.0,2000.0,95441076.04759441,12300.0,586962617.6927056,0.0,672300.0,0.0,676400.0,3.0622348103893793,65965050.0,,,,1000.0
2019-02-13T00:00:00,MPC,49.1,48.3,48.6,48.68726207906296,48.5,48.6,273200.0,273200.0,0.0,13301360000.0,0.0,10600.0,516084978.03806734,700.0,34081083.45534407,0.0,363900.0,0.0,527500.0,3.0622348103893793,65954450.0,,,,1000.0
2019-02-14T00:00:00,MPC,48.9,47.7,48.4,48.03065405831363,47.8,48.5,253800.0,253800.0,0.0,12190180000.0,0.0,0.0,0.0,8000.0,384245232.46650904,0.0,350900.0,0.0,482400.0,3.0622348103893793,65956450.0,,,,1000.0
2019-02-15T00:00:00,MPC,48.1,47.1,47.6,47.51717956378847,47.5,47.8,334700.0,334700.0,0.0,15904000000.0,0.0,3500.0,166310128.47325963,44000.0,2090755900.8066926,0.0,493800.0,0.0,426600.0,3.0622348103893793,65965250.0,,,,1000.0
2019-02-18T00:00:00,MPC,48.0,46.5,47.0,47.14883561643836,46.9,47.5,292000.0,292000.0,0.0,13767460000.0,0.0,0.0,0.0,4300.0,202739993.15068492,0.0,372600.0,0.0,467100.0,3.0622348103893793,65965950.0,,,,1000.0
2019-02-19T00:00:00,MPC,47.9,46.4,47.1,47.18819904131477,47.1,46.9,438100.0,438100.0,0.0,20673150000.0,0.0,200.0,9437639.808262954,8100.0,382224412.2346496,0.0,585200.0,0.0,562900.0,3.0622348103893793,65973750.0,,,,1000.0
2019-02-20T00:00:00,MPC,48.2,47.1,47.2,47.69184184184184,48.0,47.1,199800.0,199800.0,0.0,9528830000.0,0.0,2000.0,95383683.68368368,0.0,0.0,0.0,314400.0,0.0,339000.0,3.0622348103893793,66015750.0,,,,1000.0
2019-02-21T00:00:00,MPC,48.5,46.8,48.0,47.65953693495039,47.1,48.0,362800.0,362800.0,0.0,17290880000.0,0.0,0.0,0.0,0.0,0.0,0.0,416600.0,0.0,599700.0,3.0622348103893793,66020050.0,,,,1000.0
2019-02-22T00:00:00,MPC,47.7,46.8,47.5,47.23199888017917,47.1,47.1,357200.0,357200.0,0.0,16871270000.0,0.0,0.0,0.0,0.0,0.0,0.0,430100.0,0.0,528800.0,3.0622348103893793,66028150.0,,,,1000.0
2019-02-25T00:00:00,MPC,47.9,46.4,47.1,46.7473955507325,46.6,47.2,378600.0,368600.0,10000.0,17731090000.0,500000000.0,3000.0,140242186.6521975,12000.0,560968746.60879,0.0,465900.0,0.0,526300.0,3.0622348103893793,66025150.0,,,,1000.0
2019-02-26T00:00:00,MPC,48.5,46.3,46.4,47.465951529598726,48.1,46.6,503400.0,503400.0,0.0,23894360000.0,0.0,70000.0,3322616607.071911,0.0,0.0,0.0,643400.0,0.0,611400.0,3.0622348103893793,65955150.0,,,,1000.0
2019-02-27T00:00:00,MPC,48.7,47.7,48.1,48.215730337078654,48.2,48.1,436100.0,436100.0,0.0,21026880000.0,0.0,12800.0,617161348.3146068,3500.0,168755056.17977527,0.0,502000.0,0.0,686600.0,3.0622348103893793,65942350.0,,,,1000.0
2019-02-28T00:00:00,MPC,47.3,43.0,47.3,45.23280802292263,44.5,48.2,1116800.0,1116800.0,0.0,50516000000.0,0.0,4500.0,203547636.10315186,1000.0,45232808.022922635,0.0,1356200.0,0.0,1339700.0,3.0622348103893793,65949850.0,,,,1000.0
2019-03-01T00:00:00,MPC,45.8,44.2,45.2,44.96122672508215,45.6,44.5,273900.0,273900.0,0.0,12314880000.0,0.0,0.0,0.0,0.0,0.0,0.0,446900.0,0.0,421100.0,3.0622348103893793,65949850.0,,,,1000.0
2019-03-04T00:00:00,MPC,46.3,45.0,45.7,45.669536,46.0,45.0,312500.0,312500.0,0.0,14271730000.0,0.0,0.0,0.0,0.0,0.0,0.0,431600.0,0.0,406100.0,3.0622348103893793,65953350.0,,,,1000.0
2019-03-05T00:00:00,MPC,46.3,44.8,46.0,45.36632700324225,45.0,46.0,431800.0,431800.0,0.0,19589180000.0,0.0,10000.0,453663270.0324224,0.0,0.0,0.0,515800.0,0.0,637600.0,3.0622348103893793,65944350.0,,,,1000.0
2019-03-06T00:00:00,MPC,45.3,44.5,45.3,44.87827442827443,44.8,45.0,192400.0,192400.0,0.0,8634580000.0,0.0,300.0,13463482.328482328,0.0,0.0,0.0,315600.0,0.0,302400.0,3.0622348103893793,65944050.0,,,,1000.0
2019-03-07T00:00:00,MPC,45.5,44.5,45.5,44.934457611668186,44.5,44.8,219400.0,219400.0,0.0,9858620000.0,0.0,200.0,8986891.522333637,9300.0,417890455.78851414,0.0,290300.0,0.0,332500.0,3.0622348103893793,65943850.0,,,,1000.0
2019-03-08T00:00:00,MPC,44.8,43.5,44.8,44.053602882305846,43.9,44.5,249800.0,249800.0,0.0,11004590000.0,0.0,0.0,0.0,0.0,0.0,0.0,341300.0,0.0,352200.0,3.0622348103893793,65943850.0,,,,1000.0
2019-03-11T00:00:00,MPC,44.5,43.7,44.1,43.98288874430709,44.0,44.1,153700.0,153700.0,0.0,6760170000.0,0.0,0.0,0.0,0.0,0.0,0.0,235000.0,0.0,221900.0,3.0622348103893793,65943850.0,,,,1000.0
2019-03-12T00:00:00,MPC,44.8,44.0,44.0,44.481863230921704,44.5,44.0,201800.0,201800.0,0.0,8976440000.0,0.0,0.0,0.0,600.0,26689117.938553024,0.0,261700.0,0.0,300700.0,3.0622348103893793,65953150.0,,,,1000.0
2019-03-13T00:00:00,MPC,44.6,43.9,44.5,44.07781770663182,44.0,44.5,306100.0,306100.0,0.0,13492220000.0,0.0,1500.0,66116726.55994773,0.0,0.0,0.0,403300.0,0.0,392800.0,3.0622348103893793,65951650.0,,,,1000.0
2019-03-14T00:00:00,MPC,46.2,44.5,44.6,45.40531574740208,46.0,44.0,500400.0,500400.0,0.0,22720820000.0,0.0,0.0,0.0,0.0,0.0,0.0,626700.0,0.0,585300.0,3.0622348103893793,65951650.0,,,,1000.0
2019-03-15T00:00:00,MPC,47.0,45.6,46.0,46.069210914454274,45.9,46.0,271200.0,271200.0,0.0,12493970000.0,0.0,0.0,0.0,0.0,0.0,0.0,388600.0,0.0,560500.0,3.0622348103893793,65952250.0,,,,1000.0
2019-03-18T00:00:00,MPC,46.1,45.2,45.9,45.512,45.7,46.1,160000.0,160000.0,0.0,7281920000.0,0.0,1200.0,54614400.0,0.0,0.0,0.0,221700.0,0.0,305100.0,3.0622348103893793,65951050.0,,,,1000.0
2019-03-19T00:00:00,MPC,46.0,45.3,45.7,45.55877243775333,45.6,45.7,172700.0,172700.0,0.0,7868000000.0,0.0,800.0,36447017.950202666,0.0,0.0,0.0,257600.0,0.0,318900.0,3.0622348103893793,65950250.0,,,,1000.0
2019-03-20T00:00:00,MPC,46.0,45.3,46.0,45.554933875890136,45.6,45.6,196600.0,196600.0,0.0,8956100000.0,0.0,0.0,0.0,0.0,0.0,0.0,262000.0,0.0,313500.0,3.0622348103893793,65950250.0,,,,1000.0
2019-03-21T00:00:00,MPC,48.8,46.0,46.0,47.72312906966372,47.8,45.6,1121100.0,1121100.0,0.0,53502400000.0,0.0,75300.0,3593551618.945678,490.0,23384333.244135223,0.0,1301400.0,0.0,1380600.0,3.0622348103893793,65874950.0,,,,1000.0
2019-03-22T00:00:00,MPC,48.7,47.9,48.0,48.32833742833743,48.6,47.8,610500.0,610500.0,0.0,29504450000.0,0.0,4800.0,231976019.65601966,100.0,4832833.742833743,0.0,716900.0,0.0,796200.0,3.0622348103893793,65870150.0,,,,1000.0
2019-03-25T00:00:00,MPC,48.7,47.2,48.7,47.54076602199469,47.7,48.3,263700.0,263700.0,0.0,12536500000.0,0.0,200.0,9508153.204398938,0.0,0.0,0.0,332300.0,0.0,430000.0,3.0622348103893793,65869950.0,,,,1000.0
2019-03-26T00:00:00,MPC,48.0,47.4,47.6,47.62674772036474,47.7,47.7,197400.0,197400.0,0.0,9401520000.0,0.0,3200.0,152405592.70516717,0.0,0.0,0.0,270800.0,0.0,362900.0,3.0622348103893793,65867240.0,,,,1000.0
2019-03-27T00:00:00,MPC,48.5,47.6,48.0,48.138260869565215,48.1,47.7,299000.0,299000.0,0.0,14393340000.0,0.0,1300.0,62579739.13043478,3000.0,144414782.60869566,0.0,369400.0,0.0,507600.0,3.0622348103893793,65866040.0,,,,1000.0
2019-03-28T00:00:00,MPC,49.7,48.0,48.3,48.55294117647059,49.3,48.1,486200.0,486200.0,0.0,23606440000.0,0.0,1120.0,54379294.11764706,7100.0,344725882.35294116,0.0,615600.0,0.0,658700.0,3.0622348103893793,65864920.0,,,,1000.0
2019-03-29T00:00:00,MPC,51.0,49.2,49.5,49.88503302722732,49.4,49.3,620700.0,620700.0,0.0,30963640000.0,0.0,530.0,26439067.50443048,0.0,0.0,0.0,686300.0,0.0,1096800.0,3.0622348103893793,65864390.0,,,,1000.0
2019-04-01T00:00:00,MPC,45.8,43.5,45.8,44.21936619718309,44.6,44.9,255600.0,255600.0,0.0,11302470000.0,0.0,210.0,9286066.90140845,0.0,0.0,0.0,418200.0,0.0,393800.0,2.755949949522154,65867180.0,,,,1000.0
2019-04-02T00:00:00,MPC,45.3,44.2,44.5,44.793317350913995,44.2,44.6,333700.0,333700.0,0.0,14947530000.0,0.0,0.0,0.0,2720.0,121837823.19448607,0.0,356400.0,0.0,509500.0,2.755949949522154,65874280.0,,,,1000.0
2019-04-03T00:00:00,MPC,45.0,43.6,44.7,44.236512455516014,44.0,44.2,281000.0,281000.0,0.0,12430460000.0,0.0,100.0,4423651.245551601,100.0,4423651.245551601,0.0,398800.0,0.0,450300.0,2.755949949522154,65874180.0,,,,1000.0
2019-04-04T00:00:00,MPC,44.9,44.0,44.0,44.452123191787216,44.6,44.0,214300.0,214300.0,0.0,9526090000.0,0.0,0.0,0.0,500.0,22226061.595893607,0.0,460100.0,0.0,358600.0,2.755949949522154,65874180.0,,,,1000.0
2019-04-05T00:00:00,MPC,46.8,44.7,44.9,45.96206082852648,46.3,44.6,381400.0,381400.0,0.0,17529930000.0,0.0,50.0,2298103.0414263243,500.0,22981030.41426324,0.0,700700.0,0.0,616100.0,2.755949949522154,65876850.0,,,,1000.0
2019-04-08T00:00:00,MPC,46.8,45.9,46.3,46.14067201604814,46.3,46.0,199400.0,199400.0,0.0,9200450000.0,0.0,50.0,2307033.600802407,300.0,13842201.604814444,0.0,313300.0,0.0,394200.0,2.755949949522154,65876900.0,,,,1000.0
2019-04-09T00:00:00,MPC,46.2,44.7,46.2,45.369335224969596,44.9,46.3,493400.0,493400.0,0.0,22385230000.0,0.0,0.0,0.0,89000.0,4037870835.0222945,0.0,610400.0,0.0,736300.0,2.755949949522154,65877400.0,,,,1000.0
2019-04-10T00:00:00,MPC,50.0,44.3,44.5,45.78658126837463,46.0,44.9,476200.0,476200.0,0.0,21803570000.0,0.0,5300.0,242668880.72238556,162400.0,7435740797.98404,0.0,585400.0,0.0,783100.0,2.755949949522154,65872600.0,,,,1000.0
2019-04-11T00:00:00,MPC,46.8,45.6,46.6,46.216003616636534,45.9,46.0,221200.0,221200.0,0.0,10222980000.0,0.0,8500.0,392836030.7414105,32000.0,1478912115.732369,0.0,291600.0,0.0,691200.0,2.755949949522154,65864400.0,,,,1000.0
2019-04-12T00:00:00,MPC,46.3,45.5,46.3,45.76977739726027,45.6,45.9,116800.0,116800.0,0.0,5345910000.0,0.0,100.0,4576977.7397260275,0.0,0.0,0.0,150800.0,0.0,411500.0,2.755949949522154,65953300.0,,,,1000.0
2019-04-16T00:00:00,MPC,47.8,45.0,45.5,46.12275769745649,46.1,45.8,373500.0,373500.0,0.0,17226850000.0,0.0,0.0,0.0,75000.0,3459206827.309237,0.0,459000.0,0.0,798700.0,2.755949949522154,66115700.0,,,,1000.0
2019-04-17T00:00:00,MPC,46.1,43.8,46.1,44.636293366888374,43.8,46.1,556300.0,556300.0,0.0,24831170000.0,0.0,15.0,669544.4005033255,0.0,0.0,0.0,606400.0,0.0,881500.0,2.755949949522154,66147685.0,,,,1000.0
2019-04-18T00:00:00,MPC,44.2,42.2,44.2,43.06296860713197,43.0,43.8,328100.0,328100.0,0.0,14128960000.0,0.0,330.0,14210779.640353551,3000.0,129188905.82139592,0.0,402100.0,0.0,502800.0,2.755949949522154,66147355.0,,,,1000.0
2019-04-19T00:00:00,MPC,44.0,42.9,42.9,43.39354254677127,43.3,43.0,165700.0,165700.0,0.0,7190310000.0,0.0,0.0,0.0,0.0,0.0,0.0,236000.0,0.0,345200.0,2.755949949522154,66222355.0,,,,1000.0
2019-04-22T00:00:00,MPC,43.5,42.0,43.5,42.2880895283773,42.0,43.4,125100.0,125100.0,0.0,5290240000.0,0.0,940.0,39750804.15667466,0.0,0.0,0.0,161400.0,0.0,285200.0,2.755949949522154,66221415.0,,,,1000.0
2019-04-23T00:00:00,MPC,43.2,42.0,42.0,42.696563192904655,42.7,42.0,90200.0,90200.0,0.0,3851230000.0,0.0,0.0,0.0,0.0,0.0,0.0,159900.0,0.0,234600.0,2.755949949522154,66224415.0,,,,1000.0
2019-04-24T00:00:00,MPC,43.6,42.6,42.6,43.06287215411559,43.4,42.7,114200.0,114200.0,0.0,4917780000.0,0.0,0.0,0.0,0.0,0.0,0.0,176100.0,0.0,230000.0,2.755949949522154,66224415.0,,,,1000.0
2019-04-25T00:00:00,MPC,43.3,42.4,43.3,42.699705449189985,42.5,43.4,67900.0,67900.0,0.0,2899310000.0,0.0,0.0,0.0,0.0,0.0,0.0,90100.0,0.0,197300.0,2.755949949522154,66224415.0,,,,1000.0
2019-04-26T00:00:00,MPC,43.1,42.7,42.7,42.84202370100273,43.0,42.5,109700.0,109700.0,0.0,4699770000.0,0.0,100.0,4284202.370100274,0.0,0.0,0.0,151100.0,0.0,196700.0,2.755949949522154,66224315.0,,,,1000.0
2019-05-02T00:00:00,MPC,43.1,42.5,43.0,42.71943262411348,42.8,42.8,70500.0,70500.0,0.0,3011720000.0,0.0,100.0,4271943.262411348,0.0,0.0,0.0,118100.0,0.0,181200.0,2.755949949522154,66224215.0,,,,1000.0
2019-05-03T00:00:00,MPC,42.7,42.1,42.7,42.382311557788945,42.7,42.8,99500.0,99500.0,0.0,4217040000.0,0.0,0.0,0.0,2000.0,84764623.11557789,0.0,158800.0,0.0,167100.0,2.755949949522154,66224215.0,,,,1000.0
2019-05-06T00:00:00,MPC,42.4,41.4,42.0,41.780665024630544,41.5,42.4,162400.0,162400.0,0.0,6785180000.0,0.0,6400.0,267396256.15763548,19500.0,814722967.9802955,0.0,195400.0,0.0,265300.0,2.755949949522154,66217815.0,,,,1000.0
2019-05-07T00:00:00,MPC,42.0,40.6,42.0,41.25287569573284,41.2,41.5,107800.0,107800.0,0.0,4447060000.0,0.0,2100.0,86631038.96103896,8500.0,350649443.41372913,0.0,153600.0,0.0,205800.0,2.755949949522154,66215715.0,,,,1000.0
2019-05-08T00:00:00,MPC,41.3,39.8,41.3,40.50280155642024,40.5,41.2,128500.0,128500.0,0.0,5204610000.0,0.0,0.0,0.0,0.0,0.0,0.0,166300.0,0.0,233700.0,2.755949949522154,66217715.0,,,,1000.0
2019-05-09T00:00:00,MPC,40.9,39.1,40.5,39.94891201513718,39.1,40.5,105700.0,105700.0,0.0,4222600000.0,0.0,1700.0,67913150.42573321,0.0,0.0,0.0,185000.0,0.0,219600.0,2.755949949522154,66235515.0,,,,1000.0
2019-05-10T00:00:00,MPC,41.0,39.2,39.2,40.20888369374635,40.6,39.1,181100.0,171100.0,10000.0,7289740000.0,410000000.0,0.0,0.0,2700.0,108563985.97311513,0.0,254100.0,0.0,255200.0,2.755949949522154,66244015.0,,,,1000.0
2019-05-13T00:00:00,MPC,41.6,40.2,40.2,41.2672131147541,41.4,40.2,91500.0,91500.0,0.0,3775950000.0,0.0,3500.0,144435245.90163934,200.0,8253442.622950819,0.0,140900.0,0.0,155900.0,2.755949949522154,66240515.0,,,,1000.0
2019-05-14T00:00:00,MPC,42.6,41.0,41.2,42.05269886363636,42.4,41.4,140800.0,140800.0,0.0,5921020000.0,0.0,0.0,0.0,100.0,4205269.886363637,0.0,176100.0,0.0,225700.0,2.755949949522154,66240515.0,,,,1000.0
2019-05-15T00:00:00,MPC,44.0,41.8,42.7,42.86577806675336,42.4,42.4,461400.0,461400.0,0.0,19778270000.0,0.0,500.0,21432889.03337668,80000.0,3429262245.3402686,0.0,492400.0,0.0,697200.0,2.755949949522154,66242715.0,,,,1000.0
2019-05-16T00:00:00,MPC,44.9,41.0,44.9,42.20979559331033,42.3,42.4,376700.0,376700.0,0.0,15900430000.0,0.0,700.0,29546856.91531723,0.0,0.0,0.0,494800.0,0.0,695500.0,2.755949949522154,66242215.0,,,,1000.0
2019-05-17T00:00:00,MPC,43.6,41.9,43.0,42.46136214800262,42.2,42.3,152700.0,152700.0,0.0,6483850000.0,0.0,1100.0,46707498.36280288,13700.0,581720661.4276359,0.0,188000.0,0.0,566700.0,2.755949949522154,66241215.0,,,,1000.0
2019-05-20T00:00:00,MPC,42.5,41.5,42.2,41.893438219493476,42.4,42.5,260600.0,260600.0,0.0,10917430000.0,0.0,950.0,39798766.308518805,67000.0,2806860360.706063,0.0,328600.0,0.0,680300.0,2.755949949522154,66320265.0,,,,1000.0
2019-05-21T00:00:00,MPC,42.7,41.3,42.6,41.85062068965517,41.8,42.4,217500.0,217500.0,0.0,9102510000.0,0.0,0.0,0.0,105300.0,4406870358.620689,0.0,296300.0,0.0,707200.0,2.755949949522154,66320265.0,,,,1000.0
2019-05-22T00:00:00,MPC,42.5,41.6,42.4,41.993515625,41.7,41.8,128000.0,128000.0,0.0,5375170000.0,0.0,0.0,0.0,0.0,0.0,0.0,197400.0,0.0,664800.0,2.755949949522154,66333965.0,,,,1000.0
2019-05-23T00:00:00,MPC,48.0,41.0,42.5,44.677534925642185,43.0,41.7,1775200.0,1775200.0,0.0,79311560000.0,0.0,3900.0,174242386.2100045,0.0,0.0,0.0,2146000.0,0.0,3523200.0,2.755949949522154,66397065.0,,,,1000.0
2019-05-24T00:00:00,MPC,43.5,41.3,43.5,41.73156596794081,41.7,43.0,10848800.0,648800.0,10200000.0,543506542000.0,516431102000.0,1020020.0,425670319186.1899,0.0,0.0,0.0,740900.0,0.0,2806400.0,2.755949949522154,56302165.0,,,,1000.0
2019-05-27T00:00:00,MPC,42.2,41.4,41.8,41.71904761904762,41.4,41.7,123900.0,123900.0,0.0,5168990000.0,0.0,0.0,0.0,8600.0,358783809.52380955,0.0,175900.0,0.0,1234100.0,2.755949949522154,56302165.0,,,,1000.0
2019-05-28T00:00:00,MPC,41.5,39.2,41.5,40.317801175318316,40.0,41.4,408400.0,408400.0,0.0,16465790000.0,0.0,0.0,0.0,150.0,6047670.1762977475,0.0,526200.0,0.0,1204000.0,2.755949949522154,56302165.0,,,,1000.0
2019-05-29T00:00:00,MPC,40.0,39.5,40.0,39.65774647887324,39.8,40.0,163300.0,163300.0,0.0,6476110000.0,0.0,0.0,0.0,0.0,0.0,0.0,302200.0,0.0,811700.0,2.755949949522154,56302165.0,,,,1000.0
2019-05-30T00:00:00,MPC,40.0,38.0,39.5,39.46187845303868,39.7,39.8,90500.0,90500.0,0.0,3571300000.0,0.0,0.0,0.0,0.0,0.0,0.0,207800.0,0.0,359500.0,2.755949949522154,56310765.0,,,,1000.0
2019-05-31T00:00:00,MPC,39.7,38.0,39.5,38.96646248085758,38.2,39.7,195900.0,195900.0,0.0,7633530000.0,0.0,5700.0,222108836.1408882,2300.0,89622863.70597243,0.0,246200.0,0.0,437700.0,2.755949949522154,56305215.0,,,,1000.0
2019-06-03T00:00:00,MPC,38.7,36.0,38.7,37.26971677559912,36.7,39.0,275400.0,275400.0,0.0,10264080000.0,0.0,600.0,22361830.065359477,1000.0,37269716.77559913,0.0,338200.0,0.0,828300.0,2.755949949522154,56304615.0,,,,1000.0
2019-06-04T00:00:00,MPC,37.5,35.4,37.5,36.100067911714774,35.7,36.7,294500.0,294500.0,0.0,10631470000.0,0.0,100.0,3610006.791171477,37500.0,1353752546.6893039,0.0,412800.0,0.0,515200.0,2.755949949522154,56304515.0,,,,1000.0
2019-06-05T00:00:00,MPC,37.9,32.5,36.0,34.50884070058382,33.5,35.7,719400.0,719400.0,0.0,24825660000.0,0.0,500.0,17254420.35029191,36700.0,1266474453.7114263,0.0,892500.0,0.0,905400.0,2.755949949522154,56306315.0,,,,1000.0
2019-06-06T00:00:00,MPC,34.5,32.3,33.9,33.689171974522296,33.9,33.5,172700.0,172700.0,0.0,5818120000.0,0.0,18800.0,633356433.1210191,0.0,0.0,0.0,300900.0,0.0,329300.0,2.755949949522154,56288515.0,,,,1000.0
2019-06-07T00:00:00,MPC,36.5,32.8,33.7,34.898696596669076,36.0,33.9,414300.0,414300.0,0.0,14458530000.0,0.0,300.0,10469608.979000725,92000.0,3210680086.893555,0.0,583900.0,0.0,565500.0,2.755949949522154,56325715.0,,,,1000.0
2019-06-10T00:00:00,MPC,36.7,35.6,36.2,36.02792321116928,35.6,34.9,229200.0,229200.0,0.0,8257600000.0,0.0,900.0,32425130.890052356,2200.0,79261431.06457242,0.0,303800.0,0.0,466900.0,2.755949949522154,56361515.0,,,,1000.0
2019-06-11T00:00:00,MPC,36.0,34.8,35.9,35.20370149253731,35.1,35.6,167500.0,167500.0,0.0,5896620000.0,0.0,1100.0,38724071.641791046,1800.0,63366662.686567165,0.0,200700.0,0.0,405500.0,2.755949949522154,56360415.0,,,,1000.0
2019-06-12T00:00:00,MPC,35.0,34.0,35.0,34.38600713012478,34.0,35.1,112200.0,112200.0,0.0,3858110000.0,0.0,510.0,17536863.636363637,17000.0,584562121.2121212,0.0,150800.0,0.0,341800.0,2.755949949522154,56451905.0,,,,1000.0
2019-06-13T00:00:00,MPC,34.2,32.9,34.0,33.32766343825666,33.1,34.0,175200.0,165200.0,10000.0,5798730000.0,293000000.0,0.0,0.0,0.0,0.0,0.0,224800.0,0.0,330500.0,2.755949949522154,56454105.0,,,,1000.0
2019-06-14T00:00:00,MPC,33.3,31.5,33.3,32.11910064239829,31.8,33.1,233500.0,233500.0,0.0,7499810000.0,0.0,100.0,3211910.064239829,3900.0,125264492.50535332,0.0,292200.0,0.0,376500.0,2.755949949522154,56455805.0,,,,1000.0
2019-06-17T00:00:00,MPC,33.2,31.8,31.8,32.639881393624904,33.0,32.1,144900.0,134900.0,10000.0,4676120000.0,273000000.0,0.0,0.0,0.0,0.0,0.0,236400.0,0.0,223400.0,2.755949949522154,56472805.0,,,,1000.0
2019-06-18T00:00:00,MPC,33.2,32.0,33.1,32.483285094066574,32.5,33.0,138200.0,138200.0,0.0,4489190000.0,0.0,1200.0,38979942.11287989,0.0,0.0,0.0,223600.0,0.0,246600.0,2.755949949522154,56471605.0,,,,1000.0
2019-06-19T00:00:00,MPC,33.2,31.9,32.6,32.356131147540985,32.0,32.5,152500.0,152500.0,0.0,4934310000.0,0.0,3600.0,116482072.13114753,0.0,0.0,0.0,225000.0,0.0,257700.0,2.755949949522154,56471905.0,,,,1000.0
2019-06-20T00:00:00,MPC,33.0,32.0,32.8,32.644766355140185,32.7,32.0,107000.0,107000.0,0.0,3492990000.0,0.0,0.0,0.0,0.0,0.0,0.0,204600.0,0.0,188600.0,2.755949949522154,25871905.0,,,,1000.0
2019-06-21T00:00:00,MPC,33.5,32.7,32.7,33.187798408488064,33.0,32.7,150800.0,150800.0,0.0,5004720000.0,0.0,2000.0,66375596.81697613,0.0,0.0,0.0,256400.0,0.0,340900.0,2.755949949522154,25869905.0,,,,1000.0
2019-06-24T00:00:00,MPC,33.2,32.7,33.2,32.909090909090914,32.7,33.2,50600.0,50600.0,0.0,1665200000.0,0.0,6300.0,207327272.72727272,0.0,0.0,0.0,141400.0,0.0,180400.0,2.755949949522154,25863605.0,,,,1000.0
2019-06-25T00:00:00,MPC,33.0,32.2,33.0,32.34175170068028,32.4,32.7,125100.0,117600.0,7500.0,4048640000.0,245250000.0,0.0,0.0,0.0,0.0,0.0,198500.0,0.0,216000.0,2.755949949522154,25863605.0,,,,1000.0
2019-06-26T00:00:00,MPC,34.3,32.5,32.5,33.70790919077261,34.0,32.4,273100.0,273100.0,0.0,9205630000.0,0.0,6500.0,219101409.74002197,700.0,23595536.43354083,0.0,381300.0,0.0,382000.0,2.755949949522154,25857105.0,,,,1000.0
2019-06-27T00:00:00,MPC,34.3,33.3,34.1,33.82057926829268,33.3,34.0,131200.0,131200.0,0.0,4437260000.0,0.0,2400.0,81169390.24390244,0.0,0.0,0.0,165100.0,0.0,288600.0,2.755949949522154,25854705.0,,,,1000.0
2019-06-28T00:00:00,MPC,33.7,32.9,33.2,33.3492628992629,33.5,33.3,81400.0,81400.0,0.0,2714630000.0,0.0,100.0,3334926.28992629,100.0,3334926.28992629,0.0,122100.0,0.0,151700.0,2.755949949522154,25854605.0,,,,1000.0
2019-07-01T00:00:00,MPC,34.7,33.8,33.8,34.34184149184149,34.4,33.3,279100.0,171600.0,107500.0,8978310000.0,3085250000.0,3000.0,103025524.47552447,0.0,0.0,0.0,292300.0,0.0,277800.0,2.755949949522154,25852305.0,,,,1000.0
2019-07-02T00:00:00,MPC,35.0,34.3,34.9,34.5175991861648,34.7,34.4,98300.0,98300.0,0.0,3393080000.0,0.0,2300.0,79390478.12817904,0.0,0.0,0.0,207700.0,0.0,206500.0,2.755949949522154,25850005.0,,,,1000.0
2019-07-03T00:00:00,MPC,35.3,34.5,34.7,34.90188989317995,35.0,34.7,121700.0,121700.0,0.0,4247560000.0,0.0,500.0,17450944.946589977,0.0,0.0,0.0,237500.0,0.0,293800.0,2.755949949522154,25849605.0,,,,1000.0
2019-07-04T00:00:00,MPC,35.0,34.1,35.0,34.551122375090515,34.4,35.0,138100.0,138100.0,0.0,4771510000.0,0.0,0.0,0.0,0.0,0.0,0.0,231900.0,0.0,265100.0,2.755949949522154,25849605.0,,,,1000.0
2019-07-05T00:00:00,MPC,34.3,33.7,34.1,33.941830559757946,34.0,34.4,132200.0,132200.0,0.0,4487110000.0,0.0,1100.0,37336013.615733735,0.0,0.0,0.0,302100.0,0.0,292900.0,2.755949949522154,25848505.0,,,,1000.0
2019-07-08T00:00:00,MPC,34.2,33.6,33.9,33.79584026622296,33.7,33.9,60100.0,60100.0,0.0,2031130000.0,0.0,100.0,3379584.0266222963,0.0,0.0,0.0,119500.0,0.0,148000.0,2.755949949522154,25848405.0,,,,1000.0
2019-07-09T00:00:00,MPC,33.8,33.0,33.8,33.44512901527119,33.4,33.7,189900.0,189900.0,0.0,6351230000.0,0.0,0.0,0.0,7000.0,234115903.10689837,0.0,225800.0,0.0,279700.0,2.755949949522154,25848405.0,,,,1000.0
2019-07-10T00:00:00,MPC,33.9,33.2,33.5,33.483972602739726,33.2,33.4,73000.0,73000.0,0.0,2444330000.0,0.0,0.0,0.0,2000.0,66967945.20547945,0.0,101300.0,0.0,183000.0,2.755949949522154,25848405.0,,,,1000.0
2019-07-11T00:00:00,MPC,33.6,32.9,33.4,33.167156862745095,33.0,33.2,183600.0,183600.0,0.0,6089490000.0,0.0,1500.0,49750735.294117644,1000.0,33167156.8627451,0.0,223100.0,0.0,262600.0,2.755949949522154,25846905.0,,,,1000.0
2019-07-12T00:00:00,MPC,34.0,32.5,33.0,33.39001551991723,33.8,33.0,218700.0,193300.0,25400.0,7173110000.0,718820000.0,400.0,13356006.20796689,0.0,0.0,0.0,318900.0,0.0,496900.0,2.755949949522154,25853505.0,,,,1000.0
2019-07-15T00:00:00,MPC,35.0,33.8,33.8,34.71314422692769,34.9,33.4,250300.0,250300.0,0.0,8688700000.0,0.0,5000.0,173565721.13463843,1500.0,52069716.34039153,0.0,343100.0,0.0,376600.0,2.755949949522154,25850505.0,,,,1000.0
2019-07-16T00:00:00,MPC,35.8,34.9,34.9,35.23225806451613,35.2,34.9,274800.0,189100.0,85700.0,9661920000.0,2999500000.0,4000.0,140929032.2580645,400.0,14092903.225806452,0.0,284500.0,0.0,330400.0,2.755949949522154,25847505.0,,,,1000.0
2019-07-17T00:00:00,MPC,35.2,34.7,35.2,34.78257986738999,34.9,35.2,228300.0,165900.0,62400.0,7642430000.0,1872000000.0,1100.0,38260837.854128994,0.0,0.0,0.0,312000.0,0.0,256100.0,2.755949949522154,25846405.0,,,,1000.0
2019-07-18T00:00:00,MPC,35.5,34.6,34.8,35.0795918367347,34.8,34.9,156800.0,156800.0,0.0,5500480000.0,0.0,5000.0,175397959.18367347,0.0,0.0,0.0,231700.0,0.0,278100.0,2.755949949522154,25842905.0,,,,1000.0
2019-07-19T00:00:00,MPC,36.0,34.8,34.8,35.39461622408148,35.7,34.8,333300.0,274900.0,58400.0,11476140000.0,1746160000.0,100.0,3539461.6224081484,0.0,0.0,0.0,446500.0,0.0,524200.0,2.755949949522154,25843205.0,,,,1000.0
2019-07-22T00:00:00,MPC,36.1,35.4,35.8,35.76159334126041,35.8,35.4,168200.0,168200.0,0.0,6015100000.0,0.0,0.0,0.0,0.0,0.0,0.0,226700.0,0.0,511200.0,2.755949949522154,25843205.0,,,,1000.0
2019-07-23T00:00:00,MPC,36.0,35.6,35.8,35.8255258126195,36.0,35.8,104600.0,104600.0,0.0,3747350000.0,0.0,5500.0,197040391.96940726,0.0,0.0,0.0,275100.0,0.0,395800.0,2.755949949522154,25837705.0,,,,1000.0
2019-07-24T00:00:00,MPC,37.0,36.0,36.0,36.6639731715107,36.5,36.0,313100.0,313100.0,0.0,11479490000.0,0.0,0.0,0.0,0.0,0.0,0.0,384800.0,0.0,562400.0,2.755949949522154,25837705.0,,,,1000.0
2019-07-25T00:00:00,MPC,37.4,36.4,36.7,37.110161360662886,37.4,36.5,229300.0,229300.0,0.0,8509360000.0,0.0,1000.0,37110161.360662885,0.0,0.0,0.0,409100.0,0.0,389000.0,2.755949949522154,25836705.0,,,,1000.0
2019-07-26T00:00:00,MPC,37.2,36.3,37.1,36.82186001917545,36.9,37.4,208600.0,208600.0,0.0,7681040000.0,0.0,0.0,0.0,1000.0,36821860.019175455,0.0,262600.0,0.0,387500.0,2.755949949522154,25836705.0,,,,1000.0
2019-07-29T00:00:00,MPC,37.0,36.3,36.8,36.61607949412827,36.5,36.8,110700.0,110700.0,0.0,4053400000.0,0.0,0.0,0.0,0.0,0.0,0.0,154500.0,0.0,265700.0,2.755949949522154,25836705.0,,,,1000.0
2019-07-30T00:00:00,MPC,37.0,35.7,36.7,36.32264922322159,35.9,36.5,122300.0,122300.0,0.0,4442260000.0,0.0,0.0,0.0,0.0,0.0,0.0,156600.0,0.0,343900.0,2.755949949522154,25836705.0,,,,1000.0
2019-07-31T00:00:00,MPC,36.3,35.0,36.3,35.242398489140704,35.3,35.9,211800.0,211800.0,0.0,7464340000.0,0.0,1000.0,35242398.4891407,1000.0,35242398.4891407,0.0,270200.0,0.0,553100.0,2.755949949522154,25836705.0,,,,1000.0
2019-08-01T00:00:00,MPC,36.0,35.0,35.2,35.49958896065766,36.0,35.3,170300.0,170300.0,0.0,6045580000.0,0.0,0.0,0.0,0.0,0.0,0.0,291300.0,0.0,395200.0,2.755949949522154,25836705.0,,,,1000.0
2019-08-02T00:00:00,MPC,36.0,35.3,36.0,35.489301310043665,35.9,36.0,137400.0,137400.0,0.0,4876230000.0,0.0,0.0,0.0,0.0,0.0,0.0,194700.0,0.0,424000.0,2.755949949522154,25836705.0,,,,1000.0
2019-08-05T00:00:00,MPC,37.5,35.5,35.8,36.806001622060016,37.2,35.5,369900.0,369900.0,0.0,13614540000.0,0.0,0.0,0.0,1200.0,44167201.94647202,0.0,648700.0,0.0,687600.0,2.755949949522154,25837705.0,,,,1000.0
2019-08-06T00:00:00,MPC,37.4,36.2,37.2,36.8694455367676,37.0,37.2,254300.0,254300.0,0.0,9375900000.0,0.0,1500.0,55304168.305151395,1400.0,51617223.751474634,0.0,304100.0,0.0,602800.0,2.755949949522154,25836205.0,,,,1000.0
2019-08-07T00:00:00,MPC,37.1,36.3,37.1,36.627641509433964,36.9,37.0,106000.0,106000.0,0.0,3882530000.0,0.0,0.0,0.0,0.0,0.0,0.0,151800.0,0.0,387700.0,2.755949949522154,25836205.0,,,,1000.0
2019-08-08T00:00:00,MPC,36.7,35.4,36.7,35.90237091675448,36.0,36.9,189800.0,189800.0,0.0,6814270000.0,0.0,0.0,0.0,2000.0,71804741.83350895,0.0,225400.0,0.0,446600.0,2.755949949522154,25837405.0,,,,1000.0
2019-08-09T00:00:00,MPC,36.0,34.4,36.0,34.99844086021505,35.3,36.0,186000.0,186000.0,0.0,6509710000.0,0.0,1100.0,38498284.94623656,200.0,6999688.172043011,0.0,272300.0,0.0,363700.0,2.755949949522154,25837705.0,,,,1000.0
2019-08-12T00:00:00,MPC,35.9,34.8,35.2,35.150788643533126,35.3,35.0,31700.0,31700.0,0.0,1114280000.0,0.0,0.0,0.0,0.0,0.0,0.0,93200.0,0.0,277300.0,2.755949949522154,25837705.0,,,,1000.0
2019-08-13T00:00:00,MPC,35.9,34.8,35.3,35.2992073976222,34.9,35.3,75700.0,75700.0,0.0,2672150000.0,0.0,0.0,0.0,0.0,0.0,0.0,99900.0,0.0,329100.0,2.755949949522154,25839705.0,,,,1000.0
2019-08-14T00:00:00,MPC,35.3,34.3,34.9,34.61470215462611,34.7,34.9,78900.0,78900.0,0.0,2731100000.0,0.0,100.0,3461470.215462611,3100.0,107305576.67934094,0.0,150600.0,0.0,270100.0,2.755949949522154,25839805.0,,,,1000.0
2019-08-15T00:00:00,MPC,35.8,30.0,34.2,32.200475435816166,30.3,34.7,946500.0,946500.0,0.0,30477750000.0,0.0,1600.0,51520760.697305866,10000.0,322004754.3581616,0.0,1005000.0,0.0,1122200.0,2.755949949522154,25838205.0,,,,1000.0
2019-08-16T00:00:00,MPC,30.5,27.4,30.5,28.26946032361205,28.7,30.3,1065000.0,1032100.0,32900.0,30131010000.0,954100000.0,34400.0,972469435.1322546,400.0,11307784.12944482,0.0,1173800.0,0.0,1196200.0,2.755949949522154,25803805.0,,,,1000.0
2019-08-19T00:00:00,MPC,29.1,27.8,28.5,28.252452358637925,28.3,28.3,320100.0,320100.0,0.0,9043610000.0,0.0,2000.0,56504904.71727585,0.0,0.0,0.0,507400.0,0.0,439200.0,2.755949949522154,25804905.0,,,,1000.0
2019-08-20T00:00:00,MPC,28.5,27.3,28.5,27.55762284754305,27.7,28.3,476200.0,476200.0,0.0,13122940000.0,0.0,0.0,0.0,0.0,0.0,0.0,1161800.0,0.0,601400.0,2.755949949522154,25814905.0,,,,1000.0
2019-08-21T00:00:00,MPC,28.4,27.4,28.0,27.748045602605863,27.8,27.7,328500.0,245600.0,82900.0,9149020000.0,2334100000.0,50000.0,1387402280.1302931,33000.0,915685504.8859935,0.0,603600.0,0.0,378500.0,2.755949949522154,25765305.0,,,,1000.0
2019-08-22T00:00:00,MPC,30.8,28.1,28.3,29.14898756660746,30.0,27.8,563000.0,563000.0,0.0,16410880000.0,0.0,1500.0,43723481.34991119,400.0,11659595.026642984,0.0,730500.0,0.0,654600.0,2.755949949522154,25763805.0,,,,1000.0
2019-08-23T00:00:00,MPC,31.6,30.2,30.5,30.934457630647515,31.0,30.0,480300.0,480300.0,0.0,14857820000.0,0.0,33100.0,1023930547.5744326,0.0,0.0,0.0,623600.0,0.0,714700.0,2.755949949522154,25730705.0,,,,1000.0
2019-08-26T00:00:00,MPC,31.0,29.7,31.0,30.15523172479694,29.9,30.9,259300.0,209300.0,50000.0,7691490000.0,1380000000.0,12800.0,385986966.07740086,60000.0,1809313903.4878166,0.0,264100.0,0.0,395500.0,2.755949949522154,25750905.0,,,,1000.0
2019-08-27T00:00:00,MPC,30.2,29.1,30.2,29.329787234042552,29.3,29.9,198500.0,192700.0,5800.0,5822950000.0,171100000.0,5800.0,170112765.9574468,10000.0,293297872.34042555,0.0,266400.0,0.0,331500.0,2.755949949522154,25745505.0,,,,1000.0
2019-08-28T00:00:00,MPC,29.6,28.4,29.3,28.782770961145193,28.4,29.3,195600.0,195600.0,0.0,5629910000.0,0.0,800.0,23026216.768916156,200.0,5756554.192229039,0.0,257800.0,0.0,388900.0,2.755949949522154,25744705.0,,,,1000.0
2019-08-29T00:00:00,MPC,28.9,28.1,28.9,28.370898203592812,28.5,28.4,90030.0,83500.0,6530.0,2553769000.0,184799000.0,6530.0,185261965.26946107,500.0,14185449.101796407,0.0,209500.0,0.0,205000.0,2.755949949522154,25798175.0,,,,1000.0
2019-08-30T00:00:00,MPC,29.3,28.1,28.4,28.45923016496465,28.5,28.5,133100.0,127300.0,5800.0,3793960000.0,171100000.0,600.0,17075538.09897879,9900.0,281746378.63315004,0.0,271700.0,0.0,262900.0,2.755949949522154,25807575.0,,,,1000.0
2019-09-03T00:00:00,MPC,28.7,28.0,28.5,28.22218181818182,28.4,28.5,82500.0,82500.0,0.0,2328330000.0,0.0,18000.0,507999272.72727275,0.0,0.0,0.0,147300.0,0.0,210000.0,2.755949949522154,25789775.0,,,,1000.0
2019-09-04T00:00:00,MPC,28.4,27.4,28.3,27.62697072072072,27.6,28.4,184130.0,177600.0,6530.0,5091349000.0,184799000.0,0.0,0.0,6530.0,180404118.8063063,0.0,295900.0,0.0,278000.0,2.755949949522154,25790275.0,,,,1000.0
2019-09-05T00:00:00,MPC,28.1,27.6,27.7,27.915290519877676,27.9,27.6,65400.0,65400.0,0.0,1825660000.0,0.0,15000.0,418729357.79816514,0.0,0.0,0.0,127400.0,0.0,158600.0,2.755949949522154,25785175.0,,,,1000.0
2019-09-06T00:00:00,MPC,29.0,27.6,27.9,28.5304,28.8,27.9,175000.0,175000.0,0.0,4992820000.0,0.0,0.0,0.0,0.0,0.0,0.0,226800.0,0.0,272400.0,2.755949949522154,25785175.0,,,,1000.0
2019-09-09T00:00:00,MPC,29.1,28.3,28.9,28.723087621696802,28.6,28.5,71900.0,71900.0,0.0,2065190000.0,0.0,0.0,0.0,1500.0,43084631.4325452,0.0,122700.0,0.0,209000.0,2.755949949522154,25791705.0,,,,1000.0
2019-09-10T00:00:00,MPC,28.5,27.5,28.5,27.87809187279152,27.9,28.6,84900.0,84900.0,0.0,2366850000.0,0.0,0.0,0.0,0.0,0.0,0.0,148000.0,0.0,189100.0,2.755949949522154,25791705.0,,,,1000.0
2019-09-11T00:00:00,MPC,27.9,27.5,27.9,27.644473007712083,27.9,27.9,77800.0,77800.0,0.0,2150740000.0,0.0,0.0,0.0,0.0,0.0,0.0,162700.0,0.0,143400.0,2.755949949522154,25791705.0,,,,1000.0
2019-09-12T00:00:00,MPC,28.3,27.9,27.9,28.08997844827586,28.1,27.9,92800.0,92800.0,0.0,2606750000.0,0.0,1000.0,28089978.44827586,0.0,0.0,0.0,156500.0,0.0,211700.0,2.755949949522154,25792205.0,,,,1000.0
2019-09-13T00:00:00,MPC,28.1,27.6,28.1,27.725587703435806,27.8,28.1,110700.0,110600.0,100.0,3069150000.0,2700000.0,0.0,0.0,0.0,0.0,0.0,221100.0,0.0,207500.0,2.755949949522154,25792205.0,,,,1000.0
2019-09-16T00:00:00,MPC,27.9,27.6,27.8,27.686557059961316,27.7,27.7,103400.0,103400.0,0.0,2862790000.0,0.0,12100.0,335007340.4255319,0.0,0.0,0.0,180500.0,0.0,208300.0,2.755949949522154,25780105.0,,,,1000.0
2019-09-17T00:00:00,MPC,27.8,27.2,27.6,27.41214392803598,27.3,27.7,200100.0,200100.0,0.0,5485170000.0,0.0,0.0,0.0,0.0,0.0,0.0,266800.0,0.0,308600.0,2.755949949522154,25780105.0,,,,1000.0
2019-09-18T00:00:00,MPC,27.3,26.0,27.3,26.808890420399724,26.9,27.3,200100.0,145100.0,55000.0,5363970000.0,1474000000.0,55200.0,1479850751.2060647,0.0,0.0,0.0,337500.0,0.0,215600.0,2.755949949522154,25724905.0,,,,1000.0
2019-09-19T00:00:00,MPC,27.2,26.8,26.9,26.988235294117647,27.0,26.9,96900.0,96900.0,0.0,2615160000.0,0.0,15000.0,404823529.4117647,5000.0,134941176.47058824,0.0,236000.0,0.0,166700.0,2.755949949522154,25709905.0,,,,1000.0
2019-09-20T00:00:00,MPC,27.2,26.5,27.1,26.833333333333332,26.6,27.0,43200.0,43200.0,0.0,1159200000.0,0.0,600.0,16100000.0,0.0,0.0,0.0,122000.0,0.0,161700.0,2.755949949522154,25709305.0,,,,1000.0
2019-09-23T00:00:00,MPC,26.7,26.2,26.7,26.274387527839643,26.2,26.8,234600.0,179600.0,55000.0,6192880000.0,1474000000.0,0.0,0.0,71200.0,1870736391.9821827,0.0,324900.0,0.0,254100.0,2.755949949522154,25709305.0,,,,1000.0
2019-09-24T00:00:00,MPC,26.3,24.8,26.3,25.617737969792763,25.4,26.2,284700.0,284700.0,0.0,7293370000.0,0.0,18000.0,461119283.45626974,3800.0,97347404.2852125,0.0,395700.0,0.0,380700.0,2.755949949522154,25696305.0,,,,1000.0
2019-09-25T00:00:00,MPC,27.0,25.4,25.4,26.16420404573439,26.3,25.4,113700.0,113700.0,0.0,2974870000.0,0.0,14000.0,366298856.64028144,2000.0,52328408.091468774,0.0,234500.0,0.0,230000.0,2.755949949522154,25682305.0,,,,1000.0
2019-09-26T00:00:00,MPC,27.0,22.3,25.0,26.733552091878586,26.9,26.3,121900.0,121900.0,0.0,3258820000.0,0.0,32500.0,868840442.9860542,0.0,0.0,0.0,210100.0,0.0,234600.0,2.755949949522154,25721005.0,,,,1000.0
2019-09-27T00:00:00,MPC,26.7,26.0,26.7,26.312101910828027,26.2,26.9,78500.0,78500.0,0.0,2065500000.0,0.0,23200.0,610440764.3312101,3700.0,97354777.0700637,0.0,194500.0,0.0,215300.0,2.755949949522154,25701605.0,,,,1000.0
2019-09-30T00:00:00,MPC,26.4,25.5,26.2,25.925533596837944,25.9,26.3,126500.0,126500.0,0.0,3279580000.0,0.0,0.0,0.0,0.0,0.0,0.0,242100.0,0.0,229500.0,2.755949949522154,25703605.0,,,,1000.0
2019-10-01T00:00:00,MPC,26.0,25.7,25.8,25.821719457013575,25.8,25.9,179300.0,44200.0,135100.0,4640680000.0,3499360000.0,13510.0,3488514298.642534,0.0,0.0,0.0,149500.0,0.0,132600.0,2.755949949522154,25568505.0,,,,1000.0
2019-10-02T00:00:00,MPC,25.9,25.3,25.9,25.492100371747213,25.4,25.8,107600.0,107600.0,0.0,2742950000.0,0.0,200.0,5098420.0743494425,3000.0,76476301.11524163,0.0,255200.0,0.0,176600.0,2.755949949522154,25572005.0,,,,1000.0
2019-10-03T00:00:00,MPC,25.6,25.1,25.6,25.30919540229885,25.6,25.4,78300.0,78300.0,0.0,1981710000.0,0.0,7900.0,199942643.6781609,0.0,0.0,0.0,234100.0,0.0,144700.0,2.755949949522154,25564105.0,,,,1000.0
2019-10-04T00:00:00,MPC,25.7,25.0,25.6,25.311177474402733,25.1,25.6,252300.0,117200.0,135100.0,6465830000.0,3499360000.0,10.0,2531117.747440273,13510.0,3419540076.791809,0.0,143300.0,0.0,267700.0,2.755949949522154,25564005.0,,,,1000.0
2019-10-07T00:00:00,MPC,25.3,24.7,25.1,24.916628041714947,24.8,25.3,172600.0,172600.0,0.0,4300610000.0,0.0,9500.0,236707966.396292,3000.0,74749884.12514484,0.0,277900.0,0.0,307900.0,2.755949949522154,25557505.0,,,,1000.0
2019-10-08T00:00:00,MPC,25.1,24.8,24.9,24.893596986817325,25.0,24.8,53100.0,53100.0,0.0,1321850000.0,0.0,900.0,22404237.288135592,0.0,0.0,0.0,169700.0,0.0,165800.0,2.755949949522154,25556605.0,,,,1000.0
2019-10-09T00:00:00,MPC,25.0,24.6,25.0,24.771685393258426,24.6,25.0,89000.0,89000.0,0.0,2204680000.0,0.0,0.0,0.0,0.0,0.0,0.0,175900.0,0.0,276800.0,2.755949949522154,25691705.0,,,,1000.0
2019-10-10T00:00:00,MPC,24.8,24.1,24.8,24.331598746081504,24.3,24.6,159500.0,159500.0,0.0,3880890000.0,0.0,30100.0,732381122.2570533,0.0,0.0,0.0,253300.0,0.0,331400.0,2.755949949522154,25664605.0,,,,1000.0
2019-10-11T00:00:00,MPC,24.5,24.0,24.1,24.1603515625,24.0,24.3,102400.0,102400.0,0.0,2474020000.0,0.0,0.0,0.0,0.0,0.0,0.0,206000.0,0.0,199600.0,2.755949949522154,25664605.0,,,,1000.0
2019-10-14T00:00:00,MPC,24.9,24.2,24.2,24.617145899893504,24.8,24.2,93900.0,93900.0,0.0,2311550000.0,0.0,0.0,0.0,0.0,0.0,0.0,207200.0,0.0,195100.0,2.755949949522154,25664605.0,,,,1000.0
2019-10-15T00:00:00,MPC,25.1,24.7,24.7,24.96110509209101,24.8,24.8,92300.0,92300.0,0.0,2303910000.0,0.0,200.0,4992221.018418201,0.0,0.0,0.0,166600.0,0.0,216600.0,2.755949949522154,25664405.0,,,,1000.0
2019-10-16T00:00:00,MPC,25.0,23.9,25.0,24.196561338289964,23.9,24.8,215200.0,215200.0,0.0,5207100000.0,0.0,100.0,2419656.133828996,0.0,0.0,0.0,327300.0,0.0,380000.0,2.755949949522154,25664305.0,,,,1000.0
2019-10-17T00:00:00,MPC,24.0,23.5,23.9,23.685215605749487,23.5,23.9,97400.0,97400.0,0.0,2306940000.0,0.0,0.0,0.0,500.0,11842607.802874744,0.0,187700.0,0.0,246600.0,2.755949949522154,25664305.0,,,,1000.0
2019-10-18T00:00:00,MPC,23.8,23.0,23.8,23.14647713226205,23.1,23.5,161800.0,161800.0,0.0,3745100000.0,0.0,0.0,0.0,300.0,6943943.139678615,0.0,369500.0,0.0,271000.0,2.755949949522154,25664305.0,,,,1000.0
2019-10-21T00:00:00,MPC,23.2,21.8,23.2,22.2756552962298,22.0,23.1,358400.0,278500.0,79900.0,8001520000.0,1797750000.0,79900.0,1779824858.1687613,0.0,0.0,0.0,551600.0,0.0,446500.0,2.755949949522154,25584405.0,,,,1000.0
2019-10-22T00:00:00,MPC,22.0,21.4,22.0,21.669710806697108,21.6,22.0,262800.0,262800.0,0.0,5694800000.0,0.0,0.0,0.0,32000.0,693430745.8143075,0.0,450800.0,0.0,373400.0,2.755949949522154,25584905.0,,,,1000.0
2019-10-23T00:00:00,MPC,22.5,21.1,21.6,21.90897615708275,22.3,21.6,142600.0,142600.0,0.0,3124220000.0,0.0,2000.0,43817952.314165495,5000.0,109544880.78541374,0.0,350000.0,0.0,223200.0,2.755949949522154,25583205.0,,,,1000.0
2019-10-24T00:00:00,MPC,22.4,21.9,22.2,22.07623188405797,22.0,22.3,148900.0,69000.0,79900.0,3321010000.0,1797750000.0,0.0,0.0,8990.0,1984653246.3768115,0.0,213900.0,0.0,179300.0,2.755949949522154,25583205.0,,,,1000.0
2019-10-25T00:00:00,MPC,22.0,21.7,22.0,21.809347826086956,21.8,22.0,46000.0,46000.0,0.0,1003230000.0,0.0,0.0,0.0,0.0,0.0,0.0,176400.0,0.0,145400.0,2.755949949522154,25615205.0,,,,1000.0
2019-10-28T00:00:00,MPC,22.5,21.8,21.8,22.180559875583203,22.4,21.8,128600.0,128600.0,0.0,2852420000.0,0.0,800.0,17744447.90046656,5000.0,110902799.37791602,0.0,263000.0,0.0,198900.0,2.755949949522154,25619405.0,,,,1000.0
2019-10-29T00:00:00,MPC,23.2,22.3,22.4,22.60340223944875,22.6,22.4,232200.0,232200.0,0.0,5248510000.0,0.0,740.0,16726517.657192076,0.0,0.0,0.0,297100.0,0.0,325600.0,2.755949949522154,25708565.0,,,,1000.0
2019-10-30T00:00:00,MPC,22.8,22.6,22.6,22.742340791738382,22.7,22.6,68100.0,58100.0,10000.0,1551330000.0,230000000.0,2400.0,54581617.900172114,0.0,0.0,0.0,109200.0,0.0,160300.0,2.755949949522154,25706165.0,,,,1000.0
2019-10-31T00:00:00,MPC,22.9,22.4,22.7,22.650826446280995,22.5,22.7,48400.0,48400.0,0.0,1096300000.0,0.0,1000.0,22650826.446280994,0.0,0.0,0.0,93600.0,0.0,153400.0,2.755949949522154,25710165.0,,,,1000.0
2019-11-01T00:00:00,MPC,22.5,22.1,22.5,22.20674318507891,22.2,22.5,69700.0,69700.0,0.0,1547810000.0,0.0,0.0,0.0,0.0,0.0,0.0,127700.0,0.0,132000.0,2.755949949522154,25710165.0,,,,1000.0
2019-11-04T00:00:00,MPC,22.4,21.8,22.4,21.99547218628719,21.9,22.2,77300.0,77300.0,0.0,1700250000.0,0.0,5200.0,114376455.3686934,0.0,0.0,0.0,140600.0,0.0,177100.0,2.755949949522154,25704965.0,,,,1000.0
2019-11-05T00:00:00,MPC,22.0,21.6,21.9,21.704280155642024,21.8,21.9,102800.0,102800.0,0.0,2231200000.0,0.0,510.0,11069182.879377432,0.0,0.0,0.0,170700.0,0.0,179800.0,2.755949949522154,25704455.0,,,,1000.0
2019-11-06T00:00:00,MPC,22.5,21.7,21.8,22.26815034619189,22.4,21.8,101100.0,101100.0,0.0,2251310000.0,0.0,100.0,2226815.034619189,0.0,0.0,0.0,229800.0,0.0,203800.0,2.755949949522154,25704355.0,,,,1000.0
2019-11-07T00:00:00,MPC,22.6,22.3,22.4,22.470805369127515,22.5,22.4,81900.0,59600.0,22300.0,1843240000.0,503980000.0,22500.0,505593120.80536914,0.0,0.0,0.0,129600.0,0.0,167500.0,2.755949949522154,25681855.0,,,,1000.0
2019-11-08T00:00:00,MPC,22.6,22.0,22.5,22.188077496274218,22.2,22.5,67100.0,67100.0,0.0,1488820000.0,0.0,0.0,0.0,20.0,443761.54992548435,0.0,209300.0,0.0,201300.0,2.755949949522154,25681855.0,,,,1000.0
2019-11-11T00:00:00,MPC,22.2,21.8,22.2,21.952958579881656,22.0,22.2,164600.0,67600.0,97000.0,3317320000.0,1833300000.0,1300.0,28538846.153846152,4500.0,98788313.60946746,0.0,166200.0,0.0,173100.0,2.755949949522154,25680555.0,,,,1000.0
2019-11-12T00:00:00,MPC,22.6,22.0,22.0,22.212846580406655,22.2,22.0,130500.0,108200.0,22300.0,2907410000.0,503980000.0,15000.0,333192698.7060998,22300.0,495346478.7430684,0.0,214700.0,0.0,234200.0,2.755949949522154,25665555.0,,,,1000.0
2019-11-13T00:00:00,MPC,22.5,21.7,22.5,22.05082742316785,21.7,22.2,126900.0,126900.0,0.0,2798250000.0,0.0,0.0,0.0,0.0,0.0,0.0,169400.0,0.0,290400.0,2.755949949522154,25665575.0,,,,1000.0
2019-11-14T00:00:00,MPC,21.9,21.5,21.9,21.720966271649957,21.8,21.7,109700.0,109700.0,0.0,2382790000.0,0.0,0.0,0.0,0.0,0.0,0.0,278800.0,0.0,187100.0,2.755949949522154,25670075.0,,,,1000.0
2019-11-15T00:00:00,MPC,22.0,21.6,21.7,21.758457711442784,21.7,21.8,120600.0,120600.0,0.0,2624070000.0,0.0,1100.0,23934303.482587066,0.0,0.0,0.0,223300.0,0.0,206200.0,2.755949949522154,25691275.0,,,,1000.0
2019-11-18T00:00:00,MPC,21.9,21.5,21.8,21.62304609218437,21.7,21.8,49900.0,49900.0,0.0,1078990000.0,0.0,0.0,0.0,0.0,0.0,0.0,141100.0,0.0,125700.0,2.755949949522154,25691275.0,,,,1000.0
2019-11-19T00:00:00,MPC,21.9,21.5,21.7,21.600837209302323,21.9,21.7,107500.0,107500.0,0.0,2322090000.0,0.0,300.0,6480251.162790698,0.0,0.0,0.0,169300.0,0.0,147500.0,2.755949949522154,25690975.0,,,,1000.0
2019-11-20T00:00:00,MPC,22.0,21.1,22.0,21.331596984235777,21.2,21.9,145900.0,145900.0,0.0,3112280000.0,0.0,15700.0,334906072.6525017,0.0,0.0,0.0,196300.0,0.0,247100.0,2.755949949522154,25675275.0,,,,1000.0
2019-11-21T00:00:00,MPC,21.4,21.0,21.4,21.133674775928295,21.0,21.2,78100.0,78100.0,0.0,1650540000.0,0.0,0.0,0.0,26700.0,564269116.5172856,0.0,91700.0,0.0,204200.0,2.755949949522154,25675275.0,,,,1000.0
2019-11-22T00:00:00,MPC,21.3,19.8,21.1,20.250547789950886,20.1,21.0,264700.0,264700.0,0.0,5360320000.0,0.0,3200.0,64801752.92784284,40200.0,814072021.1560256,0.0,316900.0,0.0,416000.0,2.755949949522154,25672075.0,,,,1000.0
2019-11-25T00:00:00,MPC,20.5,18.9,20.5,19.41650808753568,18.9,20.3,210200.0,210200.0,0.0,4081350000.0,0.0,400.0,7766603.235014272,77000.0,1495071122.7402475,0.0,235500.0,0.0,349000.0,2.755949949522154,25671675.0,,,,1000.0
2019-11-26T00:00:00,MPC,19.4,18.2,19.4,18.508021093533166,18.5,18.9,362800.0,360300.0,2500.0,6723440000.0,55000000.0,0.0,0.0,73000.0,1351085539.8279212,0.0,393000.0,0.0,419100.0,2.755949949522154,25698375.0,,,,1000.0
2019-11-27T00:00:00,MPC,18.7,18.0,18.7,18.25676875277408,18.1,18.5,225300.0,225300.0,0.0,4113250000.0,0.0,100.0,1825676.875277408,121400.0,2216371726.5867734,0.0,279600.0,0.0,303100.0,2.755949949522154,25738475.0,,,,1000.0
2019-11-28T00:00:00,MPC,21.0,18.8,18.8,19.783791691047398,19.5,18.1,170900.0,170900.0,0.0,3381050000.0,0.0,10000.0,197837916.91047397,23500.0,464919104.73961383,0.0,283000.0,0.0,287600.0,2.755949949522154,25805475.0,,,,1000.0
2019-11-29T00:00:00,MPC,19.5,18.9,19.5,19.07300319488818,19.0,19.5,280600.0,125200.0,155400.0,5014200000.0,2626260000.0,100.0,1907300.3194888178,3600.0,68662811.50159745,0.0,192600.0,0.0,405200.0,2.755949949522154,25878375.0,,,,1000.0
2019-12-02T00:00:00,MPC,19.1,18.7,18.8,18.924909420289858,18.9,19.1,110400.0,110400.0,0.0,2089310000.0,0.0,7000.0,132474365.94202898,0.0,0.0,0.0,145500.0,0.0,265100.0,2.755949949522154,25992775.0,,,,1000.0
2019-12-03T00:00:00,MPC,18.8,18.5,18.8,18.658510638297873,18.7,18.9,84600.0,84600.0,0.0,1578510000.0,0.0,0.0,0.0,0.0,0.0,0.0,147300.0,0.0,190100.0,2.755949949522154,26016275.0,,,,1000.0
2019-12-04T00:00:00,MPC,18.8,18.4,18.7,18.463374028856826,18.4,18.7,90100.0,90100.0,0.0,1663550000.0,0.0,0.0,0.0,0.0,0.0,0.0,180500.0,0.0,216800.0,2.755949949522154,26019875.0,,,,1000.0
2019-12-05T00:00:00,MPC,18.8,18.4,18.4,18.58853211009174,18.8,18.4,65400.0,65400.0,0.0,1215690000.0,0.0,0.0,0.0,200.0,3717706.4220183487,0.0,144300.0,0.0,170400.0,2.755949949522154,26019875.0,,,,1000.0
2019-12-06T00:00:00,MPC,19.5,18.7,18.7,19.20608407079646,19.3,18.8,90400.0,90400.0,0.0,1736230000.0,0.0,0.0,0.0,0.0,0.0,0.0,177600.0,0.0,242100.0,2.755949949522154,26019875.0,,,,1000.0
2019-12-09T00:00:00,MPC,20.3,19.2,19.2,19.928771733034214,20.1,19.2,178300.0,178300.0,0.0,3553300000.0,0.0,400.0,7971508.6932136845,0.0,0.0,0.0,260600.0,0.0,301400.0,2.755949949522154,26019475.0,,,,1000.0
2019-12-10T00:00:00,MPC,21.0,20.0,20.2,20.351356238698013,20.2,20.1,110600.0,110600.0,0.0,2250860000.0,0.0,1000.0,20351356.23869801,40000.0,814054249.5479205,0.0,169300.0,0.0,320500.0,2.755949949522154,26018675.0,,,,1000.0
2019-12-11T00:00:00,MPC,23.1,20.4,20.4,21.883191964285714,21.7,20.2,448000.0,448000.0,0.0,9803670000.0,0.0,1427.0,31227314.933035713,105000.0,2297735156.25,0.0,566900.0,0.0,645300.0,2.755949949522154,26017248.0,,,,1000.0
2019-12-12T00:00:00,MPC,22.2,21.3,22.2,21.526728110599077,21.6,21.7,195300.0,195300.0,0.0,4204170000.0,0.0,2000.0,43053456.22119816,13000.0,279847465.437788,0.0,316300.0,0.0,503800.0,2.755949949522154,26015248.0,,,,1000.0
2019-12-13T00:00:00,MPC,22.0,21.1,21.9,21.33899430740038,21.2,21.6,105400.0,105400.0,0.0,2249130000.0,0.0,1000.0,21338994.30740038,20000.0,426779886.1480076,0.0,181700.0,0.0,289100.0,2.755949949522154,26054248.0,,,,1000.0
2019-12-16T00:00:00,MPC,21.3,20.9,21.3,21.02240762812872,21.3,21.3,167800.0,167800.0,0.0,3527560000.0,0.0,2000.0,42044815.25625745,0.0,0.0,0.0,189600.0,0.0,258900.0,2.755949949522154,26157248.0,,,,1000.0
2019-12-17T00:00:00,MPC,21.3,20.7,21.3,20.891993464052288,20.9,21.3,61200.0,61200.0,0.0,1278590000.0,0.0,1200.0,25070392.156862747,0.0,0.0,0.0,80600.0,0.0,157000.0,2.755949949522154,26169048.0,,,,1000.0
2019-12-18T00:00:00,MPC,21.0,20.1,20.7,20.617676767676766,20.7,20.9,48800.0,39600.0,9200.0,1028060000.0,211600000.0,0.0,0.0,0.0,0.0,0.0,207000.0,0.0,166000.0,2.755949949522154,26189048.0,,,,1000.0
2019-12-19T00:00:00,MPC,21.3,20.5,20.7,20.96258432797094,20.6,20.7,192700.0,192700.0,0.0,4039490000.0,0.0,500.0,10481292.16398547,40900.0,857369699.0140114,0.0,230900.0,0.0,332700.0,2.755949949522154,26188548.0,,,,1000.0
2019-12-20T00:00:00,MPC,22.0,20.6,21.0,21.273925925925926,21.1,20.6,67500.0,67500.0,0.0,1435990000.0,0.0,1100.0,23401318.51851852,0.0,0.0,0.0,131600.0,0.0,308700.0,2.755949949522154,26187448.0,,,,1000.0
2019-12-23T00:00:00,MPC,21.4,20.9,21.0,21.1875,21.1,21.3,191000.0,136000.0,55000.0,3882500000.0,1001000000.0,0.0,0.0,0.0,0.0,0.0,200800.0,0.0,359400.0,2.755949949522154,26187448.0,,,,1000.0
2019-12-24T00:00:00,MPC,22.5,21.0,21.3,21.483457782883402,21.3,21.1,184300.0,174100.0,10200.0,3935140000.0,194870000.0,0.0,0.0,31600.0,678877265.9391154,0.0,234200.0,0.0,397000.0,2.755949949522154,26228348.0,,,,1000.0
2019-12-25T00:00:00,MPC,21.5,21.0,21.3,21.34865900383142,21.5,21.3,104400.0,104400.0,0.0,2228800000.0,0.0,0.0,0.0,12600.0,268993103.44827586,0.0,186400.0,0.0,361000.0,2.755949949522154,26228348.0,,,,1000.0
2019-12-26T00:00:00,MPC,22.4,21.0,21.1,22.00141535111595,22.0,21.5,183700.0,183700.0,0.0,4041660000.0,0.0,1220.0,26841726.728361458,21300.0,468630146.9787697,0.0,253600.0,0.0,417300.0,2.755949949522154,26227128.0,,,,1000.0
2019-12-27T00:00:00,MPC,22.2,21.5,22.1,21.823378839590443,21.5,22.0,165100.0,117200.0,47900.0,3453430000.0,895730000.0,0.0,0.0,0.0,0.0,0.0,190100.0,0.0,401500.0,2.755949949522154,26258728.0,,,,1000.0
2019-12-30T00:00:00,MPC,21.9,21.5,21.5,21.77911877394636,21.8,21.8,52200.0,52200.0,0.0,1136870000.0,0.0,200.0,4355823.754789272,300.0,6533735.6321839085,0.0,156400.0,0.0,274200.0,2.755949949522154,26271128.0,,,,1000.0
2019-12-31T00:00:00,MPC,21.8,21.4,21.5,21.537181208053692,21.6,21.8,149000.0,149000.0,0.0,3209040000.0,0.0,0.0,0.0,20.0,430743.6241610738,0.0,230500.0,0.0,376400.0,2.755949949522154,26292428.0,,,,1000.0
2020-01-02T00:00:00,MPC,22.9,21.5,21.5,22.455013632232657,22.7,21.5,330100.0,330100.0,0.0,7412400000.0,0.0,700.0,15718509.54256286,69800.0,1567359951.5298395,0.0,457700.0,0.0,498600.0,2.755949949522154,26291728.0,,,,1000.0
2020-01-03T00:00:00,MPC,22.8,22.6,22.8,22.708504606661943,22.7,22.7,141100.0,141100.0,0.0,3204170000.0,0.0,0.0,0.0,60000.0,1362510276.3997166,0.0,189000.0,0.0,384100.0,2.755949949522154,26292028.0,,,,1000.0
2020-01-06T00:00:00,MPC,22.9,22.5,22.7,22.70798258345428,22.5,22.7,137800.0,137800.0,0.0,3129160000.0,0.0,933.0,21186547.750362843,0.0,0.0,0.0,182300.0,0.0,321400.0,2.755949949522154,26291115.0,,,,1000.0
2020-01-07T00:00:00,MPC,23.5,22.6,22.6,23.163869671948223,23.5,22.5,448100.0,448100.0,0.0,10379730000.0,0.0,0.0,0.0,75000.0,1737290225.396117,0.0,546400.0,0.0,614500.0,2.755949949522154,26360915.0,,,,1000.0
2020-01-08T00:00:00,MPC,24.1,23.1,23.5,23.636357388316153,23.7,23.5,291000.0,291000.0,0.0,6878180000.0,0.0,10200.0,241090845.36082473,66000.0,1559999587.628866,0.0,353000.0,0.0,462400.0,2.755949949522154,26410715.0,,,,1000.0
2020-01-09T00:00:00,MPC,24.8,23.7,23.7,24.527650111193477,24.5,23.7,269800.0,269800.0,0.0,6617560000.0,0.0,10100.0,247729266.12305412,40000.0,981106004.4477391,0.0,332300.0,0.0,544000.0,2.755949949522154,26400615.0,,,,1000.0
2020-01-10T00:00:00,MPC,24.8,24.0,24.5,24.331760563380282,24.1,24.5,142000.0,142000.0,0.0,3455110000.0,0.0,15400.0,374709112.6760563,0.0,0.0,0.0,190100.0,0.0,382900.0,2.755949949522154,26460215.0,,,,1000.0
2020-01-13T00:00:00,MPC,24.2,23.4,24.1,23.80640828856485,23.9,24.3,260600.0,260600.0,0.0,6203950000.0,0.0,0.0,0.0,0.0,0.0,0.0,386200.0,0.0,446700.0,2.755949949522154,26526215.0,,,,1000.0
2020-01-14T00:00:00,MPC,24.2,23.7,24.1,23.890563725490196,23.8,23.9,163200.0,163200.0,0.0,3898940000.0,0.0,700.0,16723394.607843136,70000.0,1672339460.7843137,0.0,249100.0,0.0,308800.0,2.755949949522154,26565515.0,,,,1000.0
2020-01-15T00:00:00,MPC,24.0,23.5,23.8,23.713613360323883,23.8,23.8,197600.0,197600.0,0.0,4685810000.0,0.0,500.0,11856806.680161944,4900.0,116196705.46558705,0.0,287100.0,0.0,366300.0,2.755949949522154,26565015.0,,,,1000.0
2020-01-16T00:00:00,MPC,24.8,23.2,23.7,24.074074074074073,24.7,23.8,332100.0,332100.0,0.0,7995000000.0,0.0,0.0,0.0,0.0,0.0,0.0,421900.0,0.0,451300.0,2.755949949522154,26565015.0,,,,1000.0
2020-01-17T00:00:00,MPC,24.5,21.8,24.5,22.88132048614913,22.6,24.7,913300.0,913300.0,0.0,20897510000.0,0.0,0.0,0.0,0.0,0.0,0.0,1084700.0,0.0,1125800.0,2.755949949522154,26635015.0,,,,1000.0
2020-01-20T00:00:00,MPC,22.6,21.1,22.2,21.82793690327937,22.5,22.9,481800.0,481800.0,0.0,10516700000.0,0.0,0.0,0.0,20600.0,449655500.207555,0.0,701100.0,0.0,569400.0,2.755949949522154,26639915.0,,,,1000.0
2020-01-21T00:00:00,MPC,24.5,22.0,22.5,23.45826771653543,24.5,22.5,596900.0,596900.0,0.0,14002240000.0,0.0,200.0,4691653.543307086,29400.0,689673070.8661417,0.0,772600.0,0.0,644900.0,2.755949949522154,26639715.0,,,,1000.0
2020-01-22T00:00:00,MPC,23.8,22.2,23.7,23.235444385311336,22.5,24.5,1431400.0,187900.0,1243500.0,37940440000.0,33574500000.0,0.0,0.0,0.0,0.0,0.0,362200.0,0.0,357000.0,2.755949949522154,26639715.0,,,,1000.0
2020-01-30T00:00:00,MPC,22.7,21.7,22.5,22.059667359667362,21.8,23.2,96200.0,96200.0,0.0,2122140000.0,0.0,0.0,0.0,0.0,0.0,0.0,145700.0,0.0,156800.0,2.755949949522154,26660315.0,,,,1000.0
2020-01-31T00:00:00,MPC,21.7,20.3,21.7,20.70662613981763,20.4,21.8,164500.0,164500.0,0.0,3406240000.0,0.0,100.0,2070662.613981763,21700.0,449333787.2340425,0.0,222300.0,0.0,208200.0,2.755949949522154,26689615.0,,,,1000.0
2020-02-03T00:00:00,MPC,20.5,17.7,20.5,19.456029143897993,20.4,20.7,274500.0,274500.0,0.0,5340680000.0,0.0,0.0,0.0,0.0,0.0,0.0,409300.0,0.0,295900.0,2.755949949522154,26689615.0,,,,1000.0
2020-02-04T00:00:00,MPC,21.0,20.3,20.4,20.583158742949237,21.0,20.4,124100.0,124100.0,0.0,2554370000.0,0.0,0.0,0.0,18300.0,376671804.99597096,0.0,207000.0,0.0,181300.0,2.755949949522154,26689615.0,,,,1000.0
2020-02-05T00:00:00,MPC,22.2,20.9,21.0,21.51540755467197,22.0,21.0,100600.0,100600.0,0.0,2164450000.0,0.0,0.0,0.0,0.0,0.0,0.0,165600.0,0.0,149400.0,2.755949949522154,26711315.0,,,,1000.0
2020-02-06T00:00:00,MPC,22.3,21.5,21.5,21.7330608537693,21.7,22.0,110100.0,110100.0,0.0,2392810000.0,0.0,700.0,15213142.59763851,44000.0,956254677.5658492,0.0,167300.0,0.0,225300.0,2.755949949522154,26710615.0,,,,1000.0
2020-02-07T00:00:00,MPC,22.1,21.0,21.5,21.83203125,22.1,21.7,115200.0,115200.0,0.0,2515050000.0,0.0,0.0,0.0,56000.0,1222593750.0,0.0,176500.0,0.0,210700.0,2.755949949522154,26728915.0,,,,1000.0
2020-02-10T00:00:00,MPC,22.2,21.0,21.8,21.76474074074074,22.2,21.8,67500.0,67500.0,0.0,1469120000.0,0.0,500.0,10882370.370370371,400.0,8705896.296296297,0.0,101000.0,0.0,163700.0,2.755949949522154,26728415.0,,,,1000.0
2020-02-11T00:00:00,MPC,22.2,22.0,22.0,22.02053097345133,22.2,22.2,113000.0,113000.0,0.0,2488320000.0,0.0,0.0,0.0,46000.0,1012944424.778761,0.0,144000.0,0.0,276500.0,2.755949949522154,26772415.0,,,,1000.0
2020-02-12T00:00:00,MPC,23.2,22.1,22.1,22.612812299807814,23.1,22.2,156100.0,156100.0,0.0,3529860000.0,0.0,0.0,0.0,55000.0,1243704676.48943,0.0,183800.0,0.0,395000.0,2.755949949522154,26828415.0,,,,1000.0
2020-02-13T00:00:00,MPC,24.2,23.1,23.3,23.8105602060528,24.2,23.1,931800.0,931800.0,0.0,22186680000.0,0.0,1000.0,23810560.206052803,60800.0,1447682060.5280104,0.0,991100.0,0.0,1002700.0,2.755949949522154,26827815.0,,,,1000.0
2020-02-14T00:00:00,MPC,24.2,23.5,24.2,23.981990521327013,23.8,24.2,42200.0,42200.0,0.0,1012040000.0,0.0,0.0,0.0,30.0,719459.7156398104,0.0,59900.0,0.0,202600.0,2.755949949522154,26873815.0,,,,1000.0
2020-02-17T00:00:00,MPC,23.5,22.5,23.5,23.01969696969697,22.6,24.0,252800.0,52800.0,200000.0,6735440000.0,5520000000.0,0.0,0.0,0.0,0.0,0.0,79600.0,0.0,220500.0,2.755949949522154,26928815.0,,,,1000.0
2020-02-18T00:00:00,MPC,23.9,22.5,23.1,23.421358629130967,23.9,22.6,2437400.0,163400.0,2274000.0,62951050000.0,59124000000.0,0.0,0.0,40400.0,946222888.616891,0.0,262600.0,0.0,269800.0,2.755949949522154,26989615.0,,,,1000.0
2020-02-19T00:00:00,MPC,24.7,23.7,24.2,24.172895622895624,24.7,23.9,237600.0,237600.0,0.0,5743480000.0,0.0,0.0,0.0,31000.0,749359764.3097643,0.0,314000.0,0.0,317700.0,2.755949949522154,26989645.0,,,,1000.0
2020-02-20T00:00:00,MPC,24.6,23.9,24.3,24.140515463917527,24.2,24.7,97000.0,97000.0,0.0,2341630000.0,0.0,100.0,2414051.5463917525,0.0,0.0,0.0,129100.0,0.0,200800.0,2.755949949522154,26989545.0,,,,1000.0
2020-02-21T00:00:00,MPC,24.2,23.0,24.1,23.628368794326242,23.1,24.2,98700.0,98700.0,0.0,2332120000.0,0.0,210.0,4961957.44680851,5000.0,118141843.9716312,0.0,135800.0,0.0,200500.0,2.755949949522154,27029735.0,,,,1000.0
2020-02-24T00:00:00,MPC,23.2,22.5,23.1,22.682935916542473,22.5,23.6,134200.0,134200.0,0.0,3044050000.0,0.0,100.0,2268293.5916542476,0.0,0.0,0.0,171700.0,0.0,203700.0,2.755949949522154,27060635.0,,,,1000.0
2020-02-25T00:00:00,MPC,23.8,22.5,22.5,23.36707779886148,23.6,22.5,105400.0,105400.0,0.0,2462890000.0,0.0,0.0,0.0,38400.0,897295787.4762808,0.0,171600.0,0.0,164300.0,2.755949949522154,27060635.0,,,,1000.0
2020-02-26T00:00:00,MPC,23.8,23.2,23.5,23.48093023255814,23.5,23.6,64500.0,64500.0,0.0,1514520000.0,0.0,1000.0,23480930.23255814,18000.0,422656744.18604654,0.0,88400.0,0.0,133300.0,2.755949949522154,27064635.0,,,,1000.0
2020-02-27T00:00:00,MPC,23.7,23.2,23.2,23.54877734877735,23.7,23.5,77700.0,77700.0,0.0,1829740000.0,0.0,0.0,0.0,30000.0,706463320.4633205,0.0,103800.0,0.0,131100.0,2.755949949522154,27064635.0,,,,1000.0
2020-02-28T00:00:00,MPC,24.6,23.3,23.6,24.04990671641791,23.7,23.7,214400.0,214400.0,0.0,5156300000.0,0.0,1200.0,28859888.05970149,79000.0,1899942630.597015,0.0,257200.0,0.0,359200.0,2.755949949522154,27101835.0,,,,1000.0
2020-03-02T00:00:00,MPC,24.8,23.7,24.8,24.095412844036698,23.8,24.1,54500.0,54500.0,0.0,1313200000.0,0.0,1000.0,24095412.8440367,0.0,0.0,0.0,73600.0,0.0,158800.0,2.755949949522154,27118835.0,,,,1000.0
2020-03-03T00:00:00,MPC,23.3,22.1,23.0,22.942739726027398,23.0,23.8,73000.0,73000.0,0.0,1674820000.0,0.0,0.0,0.0,1100.0,25237013.698630136,0.0,97400.0,0.0,146100.0,2.52828949284745,27148835.0,,,,1000.0
2020-03-04T00:00:00,MPC,23.0,22.4,22.9,22.745033112582778,22.6,23.0,75500.0,75500.0,0.0,1717250000.0,0.0,0.0,0.0,0.0,0.0,0.0,101600.0,0.0,159000.0,2.52828949284745,27227835.0,,,,1000.0
2020-03-05T00:00:00,MPC,22.9,22.4,22.8,22.634538152610443,22.4,22.6,49840.0,49800.0,40.0,1127972000.0,772000.0,0.0,0.0,1200.0,27161445.78313253,0.0,73800.0,0.0,151900.0,2.52828949284745,27227835.0,,,,1000.0
2020-03-06T00:00:00,MPC,22.2,21.6,22.1,21.838815789473685,21.7,22.4,30400.0,30400.0,0.0,663900000.0,0.0,2500.0,54597039.473684214,0.0,0.0,0.0,66500.0,0.0,96000.0,2.52828949284745,27226435.0,,,,1000.0
2020-03-09T00:00:00,MPC,21.5,18.8,21.5,19.721831325301206,19.0,21.8,207500.0,207500.0,0.0,4092280000.0,0.0,900.0,17749648.192771085,1000.0,19721831.325301204,0.0,249400.0,0.0,283400.0,2.52828949284745,27225535.0,,,,1000.0
2020-03-10T00:00:00,MPC,20.6,18.8,19.5,19.975800711743773,20.5,19.0,56200.0,56200.0,0.0,1122640000.0,0.0,0.0,0.0,0.0,0.0,0.0,163300.0,0.0,80600.0,2.52828949284745,27226735.0,,,,1000.0
2020-03-11T00:00:00,MPC,21.0,19.5,21.0,19.782525951557094,20.0,20.5,57800.0,57800.0,0.0,1143430000.0,0.0,0.0,0.0,0.0,0.0,0.0,93200.0,0.0,123800.0,2.52828949284745,27226735.0,,,,1000.0
2020-03-12T00:00:00,MPC,19.5,18.3,19.5,18.784671532846716,19.0,20.0,95900.0,95900.0,0.0,1801450000.0,0.0,0.0,0.0,1000.0,18784671.532846715,0.0,136000.0,0.0,139300.0,2.52828949284745,27227735.0,,,,1000.0
2020-03-13T00:00:00,MPC,18.4,17.5,18.3,17.679701834862385,18.1,19.0,87200.0,87200.0,0.0,1541670000.0,0.0,400.0,7071880.733944954,800.0,14143761.467889909,0.0,126400.0,0.0,112600.0,2.52828949284745,27227335.0,,,,1000.0
2020-03-16T00:00:00,MPC,19.3,17.5,17.5,18.482692307692307,18.6,17.7,46800.0,46800.0,0.0,864990000.0,0.0,0.0,0.0,0.0,0.0,0.0,106600.0,0.0,92200.0,2.52828949284745,27227335.0,,,,1000.0
2020-03-17T00:00:00,MPC,19.1,18.0,18.4,18.43732824427481,18.8,18.6,131000.0,131000.0,0.0,2415290000.0,0.0,300.0,5531198.473282442,0.0,0.0,0.0,160100.0,0.0,174700.0,2.52828949284745,27228035.0,,,,1000.0
2020-03-18T00:00:00,MPC,20.5,18.9,19.0,20.09403166869671,20.3,18.8,164200.0,164200.0,0.0,3299440000.0,0.0,0.0,0.0,300.0,6028209.500609013,0.0,234000.0,0.0,249700.0,2.52828949284745,27228835.0,,,,1000.0
2020-03-19T00:00:00,MPC,20.6,19.8,20.1,20.298130841121495,20.4,20.3,85600.0,85600.0,0.0,1737520000.0,0.0,0.0,0.0,0.0,0.0,0.0,124100.0,0.0,167500.0,2.52828949284745,27228835.0,,,,1000.0
2020-03-20T00:00:00,MPC,20.6,20.0,20.4,20.38870056497175,20.3,20.4,106200.0,106200.0,0.0,2165280000.0,0.0,2100.0,42816271.18644068,30000.0,611661016.9491526,0.0,123300.0,0.0,185700.0,2.52828949284745,27226735.0,,,,1000.0
2020-03-23T00:00:00,MPC,20.2,18.0,20.2,18.910976837865054,18.0,20.4,99300.0,99300.0,0.0,1877860000.0,0.0,100.0,1891097.6837865056,0.0,0.0,0.0,119800.0,0.0,204600.0,2.52828949284745,27226935.0,,,,1000.0
2020-03-24T00:00:00,MPC,19.4,18.0,18.1,19.04006116207951,19.2,18.0,32700.0,32700.0,0.0,622610000.0,0.0,0.0,0.0,0.0,0.0,0.0,98700.0,0.0,91600.0,2.52828949284745,27226935.0,,,,1000.0
2020-03-25T00:00:00,MPC,20.0,19.1,19.1,19.551737451737452,19.6,19.2,25900.0,25900.0,0.0,506390000.0,0.0,100.0,1955173.745173745,0.0,0.0,0.0,43900.0,0.0,99800.0,2.52828949284745,23256835.0,,,,1000.0
2020-03-26T00:00:00,MPC,19.6,18.8,19.6,19.14669260700389,19.0,19.6,25700.0,25700.0,0.0,492070000.0,0.0,0.0,0.0,0.0,0.0,0.0,60700.0,0.0,113700.0,2.52828949284745,23256835.0,,,,1000.0
2020-03-27T00:00:00,MPC,19.1,18.6,19.1,18.890884718498658,18.8,19.0,37300.0,37300.0,0.0,704630000.0,0.0,0.0,0.0,0.0,0.0,0.0,77900.0,0.0,101600.0,2.52828949284745,23256835.0,,,,1000.0
2020-03-30T00:00:00,MPC,18.6,17.9,18.6,18.152389078498295,18.1,18.9,58600.0,58600.0,0.0,1063730000.0,0.0,0.0,0.0,0.0,0.0,0.0,109000.0,0.0,171500.0,2.52828949284745,23256835.0,,,,1000.0
2020-03-31T00:00:00,MPC,19.0,17.0,18.2,17.846338215712386,17.7,18.1,75100.0,75100.0,0.0,1340260000.0,0.0,0.0,0.0,0.0,0.0,0.0,112000.0,0.0,152000.0,2.52828949284745,23256835.0,,,,1000.0
2020-04-01T00:00:00,MPC,18.5,18.0,18.5,18.13186274509804,18.0,17.7,20400.0,20400.0,0.0,369890000.0,0.0,0.0,0.0,0.0,0.0,0.0,55300.0,0.0,53100.0,2.52828949284745,23256835.0,,,,1000.0
2020-04-03T00:00:00,MPC,18.9,18.1,18.1,18.615135135135137,18.7,18.1,55500.0,55500.0,0.0,1033140000.0,0.0,0.0,0.0,0.0,0.0,0.0,119700.0,0.0,83700.0,2.52828949284745,23256835.0,,,,1000.0
2020-04-06T00:00:00,MPC,19.6,18.6,18.8,19.210855263157892,19.6,18.6,91200.0,91200.0,0.0,1752030000.0,0.0,0.0,0.0,0.0,0.0,0.0,153800.0,0.0,173200.0,2.52828949284745,23256835.0,,,,1000.0
2020-04-07T00:00:00,MPC,19.6,19.2,19.6,19.4,19.6,19.6,30300.0,30300.0,0.0,587820000.0,0.0,100.0,1940000.0,0.0,0.0,0.0,90900.0,0.0,122500.0,2.52828949284745,23256735.0,,,,1000.0
2020-04-08T00:00:00,MPC,21.1,19.0,19.4,20.356521739130436,20.8,19.6,103500.0,103500.0,0.0,2106900000.0,0.0,100.0,2035652.1739130435,0.0,0.0,0.0,193800.0,0.0,239600.0,2.52828949284745,23256635.0,,,,1000.0
2020-04-09T00:00:00,MPC,21.0,20.3,20.4,20.664197530864197,20.4,20.8,32400.0,32400.0,0.0,669520000.0,0.0,20.0,413283.95061728393,0.0,0.0,0.0,73300.0,0.0,186800.0,2.52828949284745,23256615.0,,,,1000.0
2020-04-10T00:00:00,MPC,20.6,19.9,20.4,20.115596330275228,19.9,20.4,76300.0,76300.0,0.0,1534820000.0,0.0,5300.0,106612660.55045871,0.0,0.0,0.0,117500.0,0.0,207300.0,2.52828949284745,23251315.0,,,,1000.0
2020-04-13T00:00:00,MPC,20.4,19.7,20.1,20.160230547550434,19.9,20.1,34700.0,34700.0,0.0,699560000.0,0.0,0.0,0.0,0.0,0.0,0.0,77400.0,0.0,135500.0,2.52828949284745,23251315.0,,,,1000.0
2020-04-14T00:00:00,MPC,21.7,19.9,20.2,20.79548532731377,21.5,19.9,221500.0,221500.0,0.0,4606200000.0,0.0,0.0,0.0,100.0,2079548.532731377,0.0,340400.0,0.0,351700.0,2.52828949284745,23251315.0,,,,1000.0
2020-04-15T00:00:00,MPC,22.4,21.5,21.5,22.11583397386626,22.1,21.5,130100.0,130100.0,0.0,2877270000.0,0.0,0.0,0.0,0.0,0.0,0.0,201900.0,0.0,285500.0,2.52828949284745,23251315.0,,,,1000.0
2020-04-16T00:00:00,MPC,24.2,21.5,22.2,23.140542205791743,23.7,22.1,162300.0,162300.0,0.0,3755710000.0,0.0,500.0,11570271.102895873,0.0,0.0,0.0,809700.0,0.0,376900.0,2.52828949284745,23250815.0,,,,1000.0
2020-04-17T00:00:00,MPC,24.3,23.2,24.3,23.622027972027972,23.4,23.7,143000.0,143000.0,0.0,3377950000.0,0.0,0.0,0.0,300.0,7086608.391608392,0.0,341300.0,0.0,382700.0,2.52828949284745,23250915.0,,,,1000.0
2020-04-20T00:00:00,MPC,24.7,23.1,23.8,24.009630668536698,24.2,23.6,213900.0,213900.0,0.0,5135660000.0,0.0,0.0,0.0,0.0,0.0,0.0,429300.0,0.0,448500.0,2.52828949284745,23250915.0,,,,1000.0
2020-04-21T00:00:00,MPC,24.2,21.8,24.0,22.78957100591716,22.1,24.2,270400.0,270400.0,0.0,6162300000.0,0.0,300.0,6836871.301775148,2000.0,45579142.011834316,0.0,326100.0,0.0,452600.0,2.52828949284745,23250615.0,,,,1000.0
2020-04-22T00:00:00,MPC,23.1,21.3,22.0,22.478137128072444,22.8,22.1,77300.0,77300.0,0.0,1737560000.0,0.0,0.0,0.0,0.0,0.0,0.0,159900.0,0.0,152400.0,2.52828949284745,23250915.0,,,,1000.0
2020-04-23T00:00:00,MPC,23.9,22.6,23.5,23.227168576104745,23.0,22.8,122200.0,122200.0,0.0,2838360000.0,0.0,0.0,0.0,0.0,0.0,0.0,187600.0,0.0,270100.0,2.52828949284745,23250915.0,,,,1000.0
2020-04-24T00:00:00,MPC,23.0,22.2,23.0,22.51170084439083,22.6,23.0,82900.0,82900.0,0.0,1866220000.0,0.0,0.0,0.0,0.0,0.0,0.0,140800.0,0.0,235700.0,2.52828949284745,23252915.0,,,,1000.0
2020-04-27T00:00:00,MPC,24.8,22.6,22.6,24.1484126984127,24.4,22.5,277200.0,277200.0,0.0,6693940000.0,0.0,0.0,0.0,0.0,0.0,0.0,362500.0,0.0,493300.0,2.52828949284745,23252915.0,,,,1000.0
2020-04-28T00:00:00,MPC,25.0,24.0,24.1,24.511367313915855,24.7,24.4,247200.0,247200.0,0.0,6059210000.0,0.0,0.0,0.0,0.0,0.0,0.0,299800.0,0.0,419300.0,2.52828949284745,23252915.0,,,,1000.0
2020-04-29T00:00:00,MPC,24.6,24.1,24.5,24.344205298013247,24.2,24.7,60400.0,60400.0,0.0,1470390000.0,0.0,0.0,0.0,0.0,0.0,0.0,108600.0,0.0,217900.0,2.52828949284745,23252915.0,,,,1000.0
2020-05-04T00:00:00,MPC,24.3,22.5,24.3,23.33205882352941,23.0,24.3,102000.0,102000.0,0.0,2379870000.0,0.0,900.0,20998852.94117647,0.0,0.0,0.0,164300.0,0.0,254500.0,2.52828949284745,23252015.0,,,,1000.0
2020-05-05T00:00:00,MPC,23.4,22.5,23.1,22.873384615384616,23.2,23.0,65000.0,65000.0,0.0,1486770000.0,0.0,0.0,0.0,0.0,0.0,0.0,152600.0,0.0,166800.0,2.52828949284745,23252015.0,,,,1000.0
2020-05-06T00:00:00,MPC,23.8,23.2,23.2,23.42892857142857,23.8,23.2,84000.0,84000.0,0.0,1968030000.0,0.0,0.0,0.0,800.0,18743142.85714286,0.0,264600.0,0.0,171300.0,2.52828949284745,23252015.0,,,,1000.0
2020-05-07T00:00:00,MPC,25.0,23.7,23.7,24.631501057082453,25.0,23.8,236500.0,236500.0,0.0,5825350000.0,0.0,0.0,0.0,0.0,0.0,0.0,380100.0,0.0,338300.0,2.52828949284745,23252015.0,,,,1000.0
2020-05-08T00:00:00,MPC,26.0,25.0,25.0,25.530578512396694,25.3,25.0,278300.0,278300.0,0.0,7105160000.0,0.0,0.0,0.0,0.0,0.0,0.0,335800.0,0.0,466000.0,2.52828949284745,23252015.0,,,,1000.0
2020-05-11T00:00:00,MPC,27.5,25.4,25.5,26.558695652173913,27.0,25.5,308200.0,308200.0,0.0,8185390000.0,0.0,0.0,0.0,5000.0,132793478.26086956,0.0,453400.0,0.0,457500.0,2.52828949284745,23252815.0,,,,1000.0
2020-05-12T00:00:00,MPC,27.9,26.6,27.1,27.344200351493846,27.1,27.0,227600.0,227600.0,0.0,6223540000.0,0.0,200.0,5468840.0702987695,0.0,0.0,0.0,305500.0,0.0,399800.0,2.52828949284745,23252615.0,,,,1000.0
2020-05-13T00:00:00,MPC,27.3,26.3,27.3,26.73576127819549,26.8,27.1,212800.0,212800.0,0.0,5689370000.0,0.0,1000.0,26735761.27819549,0.0,0.0,0.0,308800.0,0.0,291800.0,2.52828949284745,23251615.0,,,,1000.0
2020-05-14T00:00:00,MPC,27.3,25.8,26.6,26.56030647553139,26.2,26.8,202300.0,202300.0,0.0,5373150000.0,0.0,0.0,0.0,0.0,0.0,0.0,254700.0,0.0,270700.0,2.52828949284745,23256615.0,,,,1000.0
2020-05-15T00:00:00,MPC,26.9,25.8,26.6,26.141013553329405,26.3,26.2,169700.0,169700.0,0.0,4436130000.0,0.0,4000.0,104564054.21331762,0.0,0.0,0.0,231000.0,0.0,276100.0,2.52828949284745,23252615.0,,,,1000.0
2020-05-18T00:00:00,MPC,26.8,25.8,26.3,26.2645,26.4,26.1,120000.0,120000.0,0.0,3151740000.0,0.0,400.0,10505800.0,0.0,0.0,0.0,182800.0,0.0,204000.0,2.52828949284745,23252215.0,,,,1000.0
2020-05-19T00:00:00,MPC,27.0,26.2,27.0,26.576784985720113,26.5,26.4,245100.0,245100.0,0.0,6513970000.0,0.0,4900.0,130226246.43002856,1000.0,26576784.985720113,0.0,328300.0,0.0,442500.0,2.52828949284745,23247315.0,,,,1000.0
2020-05-20T00:00:00,MPC,27.0,26.3,26.6,26.792988047808766,26.8,26.5,125500.0,125500.0,0.0,3362520000.0,0.0,2400.0,64303171.31474104,4000.0,107171952.19123507,0.0,188000.0,0.0,255500.0,2.52828949284745,23244915.0,,,,1000.0
2020-05-21T00:00:00,MPC,26.9,26.6,26.8,26.76599763872491,26.8,26.8,84700.0,84700.0,0.0,2267080000.0,0.0,0.0,0.0,0.0,0.0,0.0,142300.0,0.0,231500.0,2.52828949284745,23244915.0,,,,1000.0
2020-05-22T00:00:00,MPC,27.0,26.4,26.9,26.67822695035461,26.4,26.8,141000.0,141000.0,0.0,3761630000.0,0.0,0.0,0.0,0.0,0.0,0.0,198200.0,0.0,293400.0,2.52828949284745,23245915.0,,,,1000.0
2020-05-25T00:00:00,MPC,26.8,26.2,26.6,26.610838831291236,26.8,26.7,106100.0,106100.0,0.0,2823410000.0,0.0,0.0,0.0,0.0,0.0,0.0,220800.0,0.0,211900.0,2.52828949284745,23249915.0,,,,1000.0
2020-05-26T00:00:00,MPC,29.0,26.8,27.0,28.20413424124514,28.9,26.8,411200.0,411200.0,0.0,11597540000.0,0.0,0.0,0.0,100.0,2820413.4241245138,0.0,551400.0,0.0,584200.0,2.52828949284745,23249915.0,,,,1000.0
2020-05-27T00:00:00,MPC,29.2,28.1,28.8,28.699259757738893,28.3,28.9,148600.0,148600.0,0.0,4264710000.0,0.0,1000.0,28699259.757738896,0.0,0.0,0.0,177700.0,0.0,389800.0,2.52828949284745,23248915.0,,,,1000.0
2020-05-28T00:00:00,MPC,28.5,27.7,28.1,28.17963424771405,27.8,28.3,120300.0,120300.0,0.0,3390010000.0,0.0,0.0,0.0,0.0,0.0,0.0,171800.0,0.0,235100.0,2.52828949284745,23248915.0,,,,1000.0
2020-05-29T00:00:00,MPC,28.0,27.1,27.7,27.390970464135023,27.8,27.8,118500.0,118500.0,0.0,3245830000.0,0.0,0.0,0.0,1100.0,30130067.510548525,0.0,222700.0,0.0,212500.0,2.52828949284745,23249015.0,,,,1000.0
2020-06-01T00:00:00,MPC,28.5,27.5,27.5,27.70801282051282,27.7,27.4,124800.0,124800.0,0.0,3457960000.0,0.0,0.0,0.0,0.0,0.0,0.0,171900.0,0.0,204200.0,2.52828949284745,23249015.0,,,,1000.0
2020-06-02T00:00:00,MPC,27.8,27.2,27.8,27.55564971751412,27.7,27.7,70800.0,70800.0,0.0,1950940000.0,0.0,0.0,0.0,0.0,0.0,0.0,116700.0,0.0,171000.0,2.52828949284745,23249015.0,,,,1000.0
2020-06-03T00:00:00,MPC,28.1,27.5,28.0,27.824952015355088,28.0,27.7,52100.0,52100.0,0.0,1449680000.0,0.0,0.0,0.0,200.0,5564990.403071017,0.0,90600.0,0.0,145100.0,2.52828949284745,23250115.0,,,,1000.0
2020-06-04T00:00:00,MPC,28.6,27.6,27.9,27.989119170984456,27.9,28.0,115800.0,115800.0,0.0,3241140000.0,0.0,0.0,0.0,0.0,0.0,0.0,171100.0,0.0,321800.0,2.52828949284745,23250115.0,,,,1000.0
2020-06-05T00:00:00,MPC,29.2,27.5,28.0,28.451488833746897,28.5,27.9,241800.0,241800.0,0.0,6879570000.0,0.0,0.0,0.0,0.0,0.0,0.0,333600.0,0.0,420300.0,2.52828949284745,23250115.0,,,,1000.0
2020-06-08T00:00:00,MPC,30.0,28.6,28.6,29.617243631613324,29.6,28.5,306200.0,306200.0,0.0,9068800000.0,0.0,0.0,0.0,0.0,0.0,0.0,400000.0,0.0,449500.0,2.52828949284745,23250315.0,,,,1000.0
2020-06-09T00:00:00,MPC,29.9,28.5,29.8,29.2,29.0,29.6,195900.0,195900.0,0.0,5710470000.0,0.0,200.0,5829984.686064319,0.0,0.0,0.0,235200.0,0.0,318400.0,2.52828949284745,23250115.0,,,,1000.0
2020-06-10T00:00:00,MPC,28.8,28.0,28.8,28.32106455266138,28.2,29.0,176600.0,176600.0,0.0,5001500000.0,0.0,200.0,5664212.910532276,1100.0,31153171.00792752,0.0,215200.0,0.0,277800.0,2.52828949284745,23249915.0,,,,1000.0
2020-06-11T00:00:00,MPC,28.8,25.5,28.0,27.20319786808794,26.1,28.2,300200.0,300200.0,0.0,8166400000.0,0.0,500.0,13601598.93404397,0.0,0.0,0.0,333300.0,0.0,444300.0,2.52828949284745,23249415.0,,,,1000.0
2020-06-12T00:00:00,MPC,26.2,24.9,25.7,25.622412737293324,25.9,26.1,163300.0,163300.0,0.0,4184140000.0,0.0,1300.0,33309136.558481324,400.0,10248965.09491733,0.0,236000.0,0.0,233100.0,2.52828949284745,23248115.0,,,,1000.0
2020-06-15T00:00:00,MPC,26.5,25.0,26.2,25.716399694889397,25.0,25.6,131100.0,131100.0,0.0,3371420000.0,0.0,1000.0,25716399.694889396,17900.0,460323554.5385202,0.0,159200.0,0.0,230900.0,2.52828949284745,23248215.0,,,,1000.0
2020-06-16T00:00:00,MPC,26.6,25.8,25.8,26.1568281938326,26.1,25.0,90800.0,90800.0,0.0,2375040000.0,0.0,0.0,0.0,5400.0,141246872.24669603,0.0,147000.0,0.0,167200.0,2.52828949284745,23248215.0,,,,1000.0
2020-06-17T00:00:00,MPC,26.5,25.8,26.1,26.06230936819172,26.1,26.1,45900.0,45900.0,0.0,1196260000.0,0.0,0.0,0.0,0.0,0.0,0.0,75500.0,0.0,100000.0,2.52828949284745,23248615.0,,,,1000.0
2020-06-18T00:00:00,MPC,26.7,25.9,25.9,26.395716639209226,26.5,26.1,60700.0,60700.0,0.0,1602220000.0,0.0,0.0,0.0,16400.0,432889752.8830313,0.0,111000.0,0.0,188100.0,2.52828949284745,23266515.0,,,,1000.0
2020-06-19T00:00:00,MPC,27.8,26.1,26.1,27.126094727435213,27.4,26.5,111900.0,111900.0,0.0,3035410000.0,0.0,0.0,0.0,300.0,8137828.418230563,0.0,191800.0,0.0,240000.0,2.52828949284745,23271915.0,,,,1000.0
2020-06-22T00:00:00,MPC,28.0,27.3,27.7,27.668029197080294,27.7,27.1,137000.0,137000.0,0.0,3790520000.0,0.0,1400.0,38735240.875912406,0.0,0.0,0.0,176600.0,0.0,372400.0,2.52828949284745,23270515.0,,,,1000.0
2020-06-23T00:00:00,MPC,27.9,27.2,27.7,27.469184652278177,27.5,27.7,83400.0,83400.0,0.0,2290930000.0,0.0,0.0,0.0,1000.0,27469184.652278177,0.0,115100.0,0.0,288900.0,2.52828949284745,23286915.0,,,,1000.0
2020-06-24T00:00:00,MPC,27.7,27.0,27.2,27.267592592592592,27.3,27.5,75600.0,75600.0,0.0,2061430000.0,0.0,0.0,0.0,0.0,0.0,0.0,138400.0,0.0,222300.0,2.52828949284745,23287215.0,,,,1000.0
2020-06-25T00:00:00,MPC,27.3,26.0,26.9,26.83813229571984,27.3,27.3,51400.0,51400.0,0.0,1379480000.0,0.0,0.0,0.0,0.0,0.0,0.0,125200.0,0.0,124800.0,2.52828949284745,23287215.0,,,,1000.0
2020-06-26T00:00:00,MPC,27.3,26.6,27.0,26.80176767676768,26.9,27.3,39600.0,39600.0,0.0,1061350000.0,0.0,0.0,0.0,0.0,0.0,0.0,90800.0,0.0,159200.0,2.52828949284745,23288215.0,,,,1000.0
2020-06-29T00:00:00,MPC,27.0,25.6,26.8,26.216848364717542,26.1,26.8,100900.0,100900.0,0.0,2645280000.0,0.0,0.0,0.0,0.0,0.0,0.0,225000.0,0.0,181800.0,2.52828949284745,23288215.0,,,,1000.0
2020-06-30T00:00:00,MPC,26.7,25.5,26.0,25.892545454545456,25.7,26.1,55000.0,55000.0,0.0,1424090000.0,0.0,0.0,0.0,0.0,0.0,0.0,112100.0,0.0,145100.0,2.52828949284745,23288215.0,,,,1000.0
2020-07-01T00:00:00,MPC,27.0,25.6,26.6,26.158211856171043,26.4,25.7,102900.0,102900.0,0.0,2691680000.0,0.0,0.0,0.0,0.0,0.0,0.0,211900.0,0.0,163400.0,2.52828949284745,23288215.0,,,,1000.0
2020-07-02T00:00:00,MPC,26.4,26.0,26.3,26.165426695842452,26.2,26.4,45700.0,45700.0,0.0,1195760000.0,0.0,0.0,0.0,0.0,0.0,0.0,68000.0,0.0,106400.0,2.52828949284745,23288215.0,,,,1000.0
2020-07-03T00:00:00,MPC,26.4,26.0,26.0,26.210275689223057,26.2,26.2,39900.0,39900.0,0.0,1045790000.0,0.0,0.0,0.0,0.0,0.0,0.0,81200.0,0.0,117900.0,2.52828949284745,23288215.0,,,,1000.0
2020-07-06T00:00:00,MPC,26.3,26.0,26.3,26.057676348547716,26.1,26.2,72300.0,72300.0,0.0,1883970000.0,0.0,0.0,0.0,0.0,0.0,0.0,139400.0,0.0,119900.0,2.52828949284745,23288215.0,,,,1000.0
2020-07-07T00:00:00,MPC,26.8,26.0,26.3,26.17666666666667,26.1,26.1,57000.0,57000.0,0.0,1492070000.0,0.0,0.0,0.0,0.0,0.0,0.0,105300.0,0.0,137200.0,2.52828949284745,23288215.0,,,,1000.0
2020-07-08T00:00:00,MPC,26.4,26.1,26.1,26.307073170731705,26.4,26.1,41000.0,41000.0,0.0,1078590000.0,0.0,80.0,2104565.8536585364,0.0,0.0,0.0,89300.0,0.0,87100.0,2.52828949284745,23288135.0,,,,1000.0
2020-07-09T00:00:00,MPC,27.2,26.4,26.5,26.942518248175183,26.9,26.4,109600.0,109600.0,0.0,2952900000.0,0.0,0.0,0.0,0.0,0.0,0.0,163200.0,0.0,243800.0,2.52828949284745,23288135.0,,,,1000.0
2020-07-10T00:00:00,MPC,27.0,26.0,26.9,26.645707070707072,26.5,26.9,39600.0,39600.0,0.0,1055170000.0,0.0,0.0,0.0,0.0,0.0,0.0,119500.0,0.0,176900.0,2.52828949284745,23288135.0,,,,1000.0
2020-07-13T00:00:00,MPC,26.9,26.1,26.7,26.493859649122804,26.5,26.6,22800.0,22800.0,0.0,604060000.0,0.0,0.0,0.0,0.0,0.0,0.0,70500.0,0.0,127300.0,2.52828949284745,23288135.0,,,,1000.0
2020-07-14T00:00:00,MPC,26.6,26.2,26.3,26.366906474820144,26.6,26.5,27800.0,27800.0,0.0,733000000.0,0.0,0.0,0.0,0.0,0.0,0.0,71200.0,0.0,138300.0,2.52828949284745,23288135.0,,,,1000.0
2020-07-15T00:00:00,MPC,26.9,26.4,26.4,26.696941489361702,26.8,26.6,75200.0,75200.0,0.0,2007610000.0,0.0,0.0,0.0,0.0,0.0,0.0,161200.0,0.0,183200.0,2.52828949284745,23288135.0,,,,1000.0
2020-07-16T00:00:00,MPC,27.9,26.8,26.8,27.59399849962491,27.8,26.8,266600.0,266600.0,0.0,7356560000.0,0.0,600.0,16556399.099774944,0.0,0.0,0.0,366300.0,0.0,372600.0,2.52828949284745,23287535.0,,,,1000.0
2020-07-17T00:00:00,MPC,28.5,27.9,27.9,28.24379661016949,28.4,27.8,147500.0,147500.0,0.0,4165960000.0,0.0,0.0,0.0,0.0,0.0,0.0,223300.0,0.0,283600.0,2.52828949284745,23287535.0,,,,1000.0
2020-07-20T00:00:00,MPC,28.2,27.6,28.1,27.89486356340289,27.6,28.2,62300.0,62300.0,0.0,1737850000.0,0.0,0.0,0.0,0.0,0.0,0.0,90100.0,0.0,153500.0,2.52828949284745,23287535.0,,,,1000.0
2020-07-21T00:00:00,MPC,27.6,26.8,27.6,27.033821989528796,27.3,27.6,95500.0,95500.0,0.0,2581730000.0,0.0,0.0,0.0,0.0,0.0,0.0,170900.0,0.0,174500.0,2.52828949284745,23287535.0,,,,1000.0
2020-07-22T00:00:00,MPC,27.5,26.9,27.4,27.22927927927928,26.9,27.3,66600.0,66600.0,0.0,1813470000.0,0.0,0.0,0.0,0.0,0.0,0.0,117100.0,0.0,117200.0,2.52828949284745,23287535.0,,,,1000.0
2020-07-23T00:00:00,MPC,27.2,26.7,27.0,26.992963464140733,27.2,26.9,73900.0,73900.0,0.0,1994780000.0,0.0,0.0,0.0,0.0,0.0,0.0,140900.0,0.0,121600.0,2.52828949284745,23287535.0,,,,1000.0
2020-07-24T00:00:00,MPC,27.4,25.5,26.9,26.06473029045643,25.5,27.2,168700.0,168700.0,0.0,4397120000.0,0.0,0.0,0.0,5700.0,148568962.65560165,0.0,195400.0,0.0,218900.0,2.52828949284745,23287535.0,,,,1000.0
2020-07-27T00:00:00,MPC,25.5,22.5,25.5,23.844359255202626,23.4,26.1,182600.0,182600.0,0.0,4353980000.0,0.0,1000.0,23844359.25520263,500.0,11922179.627601314,0.0,250900.0,0.0,224300.0,2.52828949284745,23286535.0,,,,1000.0
2020-07-28T00:00:00,MPC,25.0,23.0,23.0,24.350451354062187,24.7,23.4,99700.0,99700.0,0.0,2427740000.0,0.0,0.0,0.0,300.0,7305135.406218656,0.0,161500.0,0.0,127100.0,2.52828949284745,23286535.0,,,,1000.0
2020-07-29T00:00:00,MPC,25.0,23.3,25.0,23.782332761578044,24.0,24.7,58300.0,58300.0,0.0,1386510000.0,0.0,0.0,0.0,0.0,0.0,0.0,120300.0,0.0,104200.0,2.52828949284745,23292235.0,,,,1000.0
2020-07-30T00:00:00,MPC,24.5,24.0,24.5,24.192375366568914,24.3,24.0,34100.0,34100.0,0.0,824960000.0,0.0,0.0,0.0,0.0,0.0,0.0,64700.0,0.0,84400.0,2.52828949284745,23292735.0,,,,1000.0
2020-07-31T00:00:00,MPC,24.4,21.2,24.1,24.0301247771836,24.1,24.3,56100.0,56100.0,0.0,1348090000.0,0.0,0.0,0.0,0.0,0.0,0.0,123800.0,0.0,82300.0,2.52828949284745,23293035.0,,,,1000.0
2020-08-03T00:00:00,MPC,24.8,24.0,24.0,24.50740740740741,24.7,24.0,35100.0,35100.0,0.0,860210000.0,0.0,0.0,0.0,6000.0,147044444.44444445,0.0,77600.0,0.0,87600.0,2.52828949284745,23293035.0,,,,1000.0
2020-08-04T00:00:00,MPC,25.2,24.8,24.8,24.919407008086253,24.9,24.7,37100.0,37100.0,0.0,924510000.0,0.0,0.0,0.0,0.0,0.0,0.0,104500.0,0.0,88400.0,2.52828949284745,23293035.0,,,,1000.0
2020-08-05T00:00:00,MPC,25.2,24.5,25.0,24.77764317180617,24.9,24.9,90800.0,90800.0,0.0,2249810000.0,0.0,0.0,0.0,0.0,0.0,0.0,196500.0,0.0,162900.0,2.52828949284745,23293035.0,,,,1000.0
2020-08-06T00:00:00,MPC,25.8,24.8,24.8,25.369304812834223,25.5,24.9,93500.0,93500.0,0.0,2372030000.0,0.0,40.0,1014772.192513369,0.0,0.0,0.0,140700.0,0.0,159500.0,2.52828949284745,23298995.0,,,,1000.0
2020-08-07T00:00:00,MPC,26.5,25.6,25.7,26.171486268174473,26.0,25.5,123800.0,123800.0,0.0,3240030000.0,0.0,0.0,0.0,200.0,5234297.253634895,0.0,173500.0,0.0,224100.0,2.52828949284745,23298995.0,,,,1000.0
2020-08-10T00:00:00,MPC,26.3,25.8,26.0,25.96624319419238,26.0,26.2,55100.0,55100.0,0.0,1430740000.0,0.0,0.0,0.0,0.0,0.0,0.0,94500.0,0.0,131900.0,2.52828949284745,23298995.0,,,,1000.0
2020-08-11T00:00:00,MPC,26.8,26.0,26.0,26.324442082890542,26.5,26.0,94100.0,94100.0,0.0,2477130000.0,0.0,0.0,0.0,0.0,0.0,0.0,154600.0,0.0,162600.0,2.52828949284745,23298995.0,,,,1000.0
2020-08-12T00:00:00,MPC,26.8,25.8,26.5,26.417248255234295,26.5,26.5,100300.0,100300.0,0.0,2649650000.0,0.0,0.0,0.0,0.0,0.0,0.0,140600.0,0.0,198400.0,2.52828949284745,23299195.0,,,,1000.0
2020-08-13T00:00:00,MPC,26.8,26.2,26.4,26.332232704402514,26.3,26.5,63600.0,63600.0,0.0,1674730000.0,0.0,0.0,0.0,0.0,0.0,0.0,117800.0,0.0,165700.0,2.52828949284745,23299195.0,,,,1000.0
2020-08-14T00:00:00,MPC,26.4,25.6,26.3,25.92679245283019,26.0,26.3,79500.0,79500.0,0.0,2061180000.0,0.0,0.0,0.0,0.0,0.0,0.0,114200.0,0.0,135600.0,2.52828949284745,23299195.0,,,,1000.0
2020-08-17T00:00:00,MPC,25.9,25.6,25.9,25.776112412177987,25.8,25.9,42700.0,42700.0,0.0,1100640000.0,0.0,0.0,0.0,0.0,0.0,0.0,78800.0,0.0,88000.0,2.52828949284745,23299195.0,,,,1000.0
2020-08-18T00:00:00,MPC,26.1,25.8,26.0,25.91766784452297,26.0,25.8,28300.0,28300.0,0.0,733470000.0,0.0,0.0,0.0,0.0,0.0,0.0,80000.0,0.0,81500.0,2.52828949284745,23299195.0,,,,1000.0
2020-08-19T00:00:00,MPC,26.5,26.0,26.0,26.25350194552529,26.5,26.0,51400.0,51400.0,0.0,1349430000.0,0.0,0.0,0.0,0.0,0.0,0.0,83000.0,0.0,116500.0,2.52828949284745,23299195.0,,,,1000.0
2020-08-20T00:00:00,MPC,26.8,25.9,26.7,26.127155172413794,26.3,26.5,23200.0,23200.0,0.0,606150000.0,0.0,0.0,0.0,0.0,0.0,0.0,72500.0,0.0,111600.0,2.52828949284745,23299195.0,,,,1000.0
2020-08-21T00:00:00,MPC,26.6,26.0,26.3,26.33967391304348,26.5,26.3,92000.0,92000.0,0.0,2423250000.0,0.0,0.0,0.0,0.0,0.0,0.0,170500.0,0.0,194900.0,2.52828949284745,23299195.0,,,,1000.0
2020-08-24T00:00:00,MPC,26.7,26.4,26.6,26.529180327868854,26.6,26.3,152500.0,152500.0,0.0,4045700000.0,0.0,0.0,0.0,1000.0,26529180.327868853,0.0,208300.0,0.0,286000.0,2.52828949284745,23299195.0,,,,1000.0
2020-08-25T00:00:00,MPC,27.8,26.7,26.7,27.400377562028048,27.5,26.6,185400.0,185400.0,0.0,5080030000.0,0.0,0.0,0.0,0.0,0.0,0.0,277000.0,0.0,334800.0,2.52828949284745,23299195.0,,,,1000.0
2020-08-26T00:00:00,MPC,27.8,27.0,27.8,27.193663060278205,27.3,27.5,64700.0,64700.0,0.0,1759430000.0,0.0,0.0,0.0,700.0,19035564.142194744,0.0,157100.0,0.0,229000.0,2.52828949284745,23299195.0,,,,1000.0
2020-08-27T00:00:00,MPC,28.1,27.1,27.2,27.570531622364804,27.6,27.3,218200.0,218200.0,0.0,6015890000.0,0.0,0.0,0.0,2500.0,68926329.055912,0.0,344000.0,0.0,358700.0,2.52828949284745,23300195.0,,,,1000.0
2020-08-28T00:00:00,MPC,28.4,27.7,28.0,28.05986250661026,27.7,27.6,189100.0,189100.0,0.0,5306120000.0,0.0,0.0,0.0,0.0,0.0,0.0,269000.0,0.0,378000.0,2.52828949284745,23300195.0,,,,1000.0
2020-08-31T00:00:00,MPC,27.9,27.1,27.9,27.41547729379055,27.2,28.1,107900.0,107900.0,0.0,2958130000.0,0.0,0.0,0.0,0.0,0.0,0.0,160000.0,0.0,209600.0,2.52828949284745,23300895.0,,,,1000.0
2020-09-01T00:00:00,MPC,27.9,27.0,27.0,27.67619477006312,27.7,27.2,110900.0,110900.0,0.0,3069290000.0,0.0,0.0,0.0,0.0,0.0,0.0,148100.0,0.0,258400.0,2.52828949284745,23303395.0,,,,1000.0
2020-09-03T00:00:00,MPC,28.1,27.6,27.8,27.825206232813933,27.9,27.7,109100.0,109100.0,0.0,3035730000.0,0.0,0.0,0.0,0.0,0.0,0.0,133900.0,0.0,281100.0,2.52828949284745,23303395.0,,,,1000.0
2020-09-04T00:00:00,MPC,28.0,27.0,27.6,27.659402241594023,27.8,27.9,80300.0,80300.0,0.0,2221050000.0,0.0,0.0,0.0,0.0,0.0,0.0,145200.0,0.0,194700.0,2.52828949284745,23303395.0,,,,1000.0
2020-09-07T00:00:00,MPC,29.3,27.7,27.7,28.933218072844628,28.6,27.7,433800.0,433800.0,0.0,12551230000.0,0.0,30.0,867996.5421853389,0.0,0.0,0.0,510700.0,0.0,637900.0,2.52828949284745,23303365.0,,,,1000.0
2020-09-08T00:00:00,MPC,29.0,28.4,28.7,28.81106719367589,28.9,28.6,202400.0,202400.0,0.0,5831360000.0,0.0,0.0,0.0,0.0,0.0,0.0,279000.0,0.0,343700.0,2.52828949284745,23303365.0,,,,1000.0
2020-09-09T00:00:00,MPC,29.8,28.2,28.5,29.12186588921283,29.3,28.9,171500.0,171500.0,0.0,4994400000.0,0.0,0.0,0.0,0.0,0.0,0.0,298800.0,0.0,422000.0,2.52828949284745,23303365.0,,,,1000.0
2020-09-10T00:00:00,MPC,29.4,28.8,29.3,29.09495128432241,29.0,29.3,112900.0,112900.0,0.0,3284820000.0,0.0,60.0,1745697.0770593446,0.0,0.0,0.0,171200.0,0.0,303800.0,2.52828949284745,23303305.0,,,,1000.0
2020-09-11T00:00:00,MPC,29.3,28.6,28.8,29.086833855799373,29.1,29.0,127600.0,127600.0,0.0,3711480000.0,0.0,0.0,0.0,0.0,0.0,0.0,204900.0,0.0,249700.0,2.52828949284745,23303305.0,,,,1000.0
2020-09-14T00:00:00,MPC,31.5,29.0,29.2,30.27331293557709,30.9,29.1,588300.0,588300.0,0.0,17809790000.0,0.0,2400.0,72655951.045385,0.0,0.0,0.0,743100.0,0.0,709600.0,2.52828949284745,23300905.0,,,,1000.0
2020-09-15T00:00:00,MPC,31.9,30.5,30.9,31.143166089965398,31.0,30.9,231200.0,231200.0,0.0,7200300000.0,0.0,0.0,0.0,0.0,0.0,0.0,295200.0,0.0,398200.0,2.52828949284745,23300905.0,,,,1000.0
2020-09-16T00:00:00,MPC,31.2,30.3,31.2,30.662220447284344,30.7,31.0,125200.0,125200.0,0.0,3838910000.0,0.0,0.0,0.0,200.0,6132444.089456869,0.0,237900.0,0.0,225800.0,2.52828949284745,23300905.0,,,,1000.0
2020-09-17T00:00:00,MPC,30.7,30.1,30.6,30.39129213483146,30.4,30.7,178000.0,178000.0,0.0,5409650000.0,0.0,0.0,0.0,0.0,0.0,0.0,268600.0,0.0,285300.0,2.52828949284745,23300905.0,,,,1000.0
2020-09-18T00:00:00,MPC,30.9,30.3,30.4,30.5624584717608,30.9,30.4,180600.0,180600.0,0.0,5519580000.0,0.0,0.0,0.0,0.0,0.0,0.0,285100.0,0.0,296900.0,2.52828949284745,23300905.0,,,,1000.0
2020-09-21T00:00:00,MPC,31.8,30.6,30.8,31.114619377162633,31.2,30.6,231200.0,231200.0,0.0,7193700000.0,0.0,400.0,12445847.750865052,0.0,0.0,0.0,322000.0,0.0,405900.0,2.52828949284745,23300705.0,,,,1000.0
2020-09-22T00:00:00,MPC,31.8,30.6,30.6,31.357802400738688,31.2,31.2,216600.0,216600.0,0.0,6792100000.0,0.0,0.0,0.0,0.0,0.0,0.0,271300.0,0.0,393200.0,2.52828949284745,23300705.0,,,,1000.0
2020-09-23T00:00:00,MPC,32.0,31.3,31.7,31.577258320126784,31.5,31.2,126200.0,126200.0,0.0,3985050000.0,0.0,0.0,0.0,0.0,0.0,0.0,172800.0,0.0,323400.0,2.52828949284745,23300705.0,,,,1000.0
2020-09-24T00:00:00,MPC,31.6,30.8,31.5,31.303982016698782,31.1,31.5,155700.0,155700.0,0.0,4874030000.0,0.0,800.0,25043185.613359023,0.0,0.0,0.0,188900.0,0.0,269100.0,2.52828949284745,23299905.0,,,,1000.0
2020-09-25T00:00:00,MPC,31.8,30.8,31.2,31.3,31.2,31.1,203200.0,203200.0,0.0,6369550000.0,0.0,300.0,9403863.188976377,0.0,0.0,0.0,225300.0,0.0,303400.0,2.52828949284745,23299605.0,,,,1000.0
2020-09-28T00:00:00,MPC,31.3,30.9,31.3,31.10202231520223,31.3,31.3,143400.0,143400.0,0.0,4460030000.0,0.0,300.0,9330606.69456067,0.0,0.0,0.0,247300.0,0.0,213900.0,2.52828949284745,23299305.0,,,,1000.0
2020-09-29T00:00:00,MPC,31.6,30.8,31.5,31.27469300587293,30.9,31.3,187300.0,187300.0,0.0,5857750000.0,0.0,0.0,0.0,0.0,0.0,0.0,212000.0,0.0,295800.0,2.52828949284745,23299305.0,,,,1000.0
2020-09-30T00:00:00,MPC,31.0,30.0,31.0,30.38290378006873,30.8,30.9,232800.0,232800.0,0.0,7073140000.0,0.0,1100.0,33421194.1580756,0.0,0.0,0.0,322700.0,0.0,293600.0,2.52828949284745,23298205.0,,,,1000.0
2020-10-01T00:00:00,MPC,31.7,30.6,31.3,30.875578703703706,30.9,30.8,86400.0,86400.0,0.0,2667650000.0,0.0,0.0,0.0,0.0,0.0,0.0,148100.0,0.0,253900.0,2.52828949284745,23298205.0,,,,1000.0
2020-10-02T00:00:00,MPC,31.4,30.0,31.4,30.559670781893004,30.7,30.9,121500.0,121500.0,0.0,3713000000.0,0.0,2300.0,70287242.79835391,0.0,0.0,0.0,206600.0,0.0,265300.0,2.52828949284745,23295905.0,,,,1000.0
2020-10-05T00:00:00,MPC,31.2,30.2,30.2,30.82559347181009,30.8,30.6,134800.0,134800.0,0.0,4155290000.0,0.0,0.0,0.0,2400.0,73981424.33234422,0.0,191000.0,0.0,318000.0,2.52828949284745,23295905.0,,,,1000.0
2020-10-06T00:00:00,MPC,31.5,31.0,31.3,31.230622617534944,31.4,30.8,236100.0,236100.0,0.0,7373550000.0,0.0,0.0,0.0,0.0,0.0,0.0,330700.0,0.0,386400.0,2.52828949284745,23295905.0,,,,1000.0
2020-10-07T00:00:00,MPC,31.4,31.0,31.2,31.270639305445936,31.1,31.4,126700.0,126700.0,0.0,3961990000.0,0.0,0.0,0.0,0.0,0.0,0.0,160900.0,0.0,256500.0,2.52828949284745,23295905.0,,,,1000.0
2020-10-08T00:00:00,MPC,31.2,30.6,31.1,30.878198567041963,30.7,31.1,97700.0,97700.0,0.0,3016800000.0,0.0,400.0,12351279.426816786,0.0,0.0,0.0,137300.0,0.0,255900.0,2.52828949284745,23297905.0,,,,1000.0
2020-10-09T00:00:00,MPC,30.9,30.4,30.7,30.560585365853658,30.7,30.7,102500.0,102500.0,0.0,3132460000.0,0.0,0.0,0.0,0.0,0.0,0.0,150900.0,0.0,183300.0,2.52828949284745,23297905.0,,,,1000.0
2020-10-12T00:00:00,MPC,30.7,30.1,30.6,30.440252038547072,30.5,30.6,134900.0,134900.0,0.0,4106390000.0,0.0,0.0,0.0,0.0,0.0,0.0,193000.0,0.0,201400.0,2.52828949284745,23297905.0,,,,1000.0
2020-10-13T00:00:00,MPC,30.6,30.3,30.4,30.450228310502283,30.6,30.5,43800.0,43800.0,0.0,1333720000.0,0.0,0.0,0.0,200.0,6090045.662100457,0.0,106300.0,0.0,155400.0,2.52828949284745,23297905.0,,,,1000.0
2020-10-14T00:00:00,MPC,31.0,30.4,31.0,30.504087193460492,30.4,30.6,36700.0,36700.0,0.0,1119500000.0,0.0,200.0,6100817.4386920985,0.0,0.0,0.0,76000.0,0.0,112800.0,2.52828949284745,23297705.0,,,,1000.0
2020-10-15T00:00:00,MPC,30.6,30.2,30.4,30.32331525948877,30.4,30.4,129100.0,129100.0,0.0,3914740000.0,0.0,15000.0,454849728.89233154,100.0,3032331.525948877,0.0,174000.0,0.0,210800.0,2.52828949284745,23282705.0,,,,1000.0
2020-10-16T00:00:00,MPC,30.5,29.6,30.5,29.984313725490196,30.2,30.4,158100.0,158100.0,0.0,4740520000.0,0.0,500.0,14992156.862745099,0.0,0.0,0.0,211100.0,0.0,285400.0,2.52828949284745,23282405.0,,,,1000.0
2020-10-19T00:00:00,MPC,30.2,29.2,30.2,29.45052888527258,29.3,30.0,122900.0,122900.0,0.0,3619470000.0,0.0,2500.0,73626322.21318145,0.0,0.0,0.0,165800.0,0.0,249600.0,2.52828949284745,23279905.0,,,,1000.0
2020-10-20T00:00:00,MPC,29.5,28.0,29.5,28.42456747404844,28.4,29.3,202300.0,202300.0,0.0,5750290000.0,0.0,200.0,5684913.494809689,11700.0,332567439.4463668,0.0,273900.0,0.0,308800.0,2.52828949284745,23279805.0,,,,1000.0
2020-10-21T00:00:00,MPC,29.0,28.4,28.4,28.70212765957447,28.5,28.4,79900.0,79900.0,0.0,2293300000.0,0.0,0.0,0.0,0.0,0.0,0.0,130600.0,0.0,164000.0,2.52828949284745,23279805.0,,,,1000.0
2020-10-22T00:00:00,MPC,28.7,26.0,28.6,26.8,26.3,28.5,414900.0,414900.0,0.0,11139210000.0,0.0,100.0,2684793.9262472885,15000.0,402719088.93709326,0.0,530400.0,0.0,542100.0,2.52828949284745,23279705.0,,,,1000.0
2020-10-23T00:00:00,MPC,27.0,26.2,26.4,26.633394271785495,26.8,26.3,164100.0,164100.0,0.0,4370540000.0,0.0,200.0,5326678.854357099,3900.0,103870237.65996344,0.0,319900.0,0.0,253300.0,2.52828949284745,23291205.0,,,,1000.0
2020-10-26T00:00:00,MPC,27.4,26.4,26.8,26.96112412177986,27.2,26.6,128100.0,128100.0,0.0,3453720000.0,0.0,1500.0,40441686.18266979,0.0,0.0,0.0,241900.0,0.0,226400.0,2.52828949284745,23289705.0,,,,1000.0
2020-10-27T00:00:00,MPC,27.4,26.5,27.4,26.776915422885573,27.0,27.2,100500.0,100500.0,0.0,2691080000.0,0.0,400.0,10710766.169154229,100.0,2677691.542288557,0.0,173500.0,0.0,203400.0,2.52828949284745,23304305.0,,,,1000.0
2020-10-28T00:00:00,MPC,28.0,26.8,27.2,27.23416387158601,27.3,27.0,217700.0,208700.0,9000.0,5960970000.0,277200000.0,0.0,0.0,4000.0,108936655.48634404,0.0,234900.0,0.0,306000.0,2.52828949284745,23308205.0,,,,1000.0
2020-10-29T00:00:00,MPC,27.8,26.7,27.3,26.94951219512195,27.0,27.3,82000.0,82000.0,0.0,2209860000.0,0.0,0.0,0.0,0.0,0.0,0.0,109900.0,0.0,154600.0,2.52828949284745,23308205.0,,,,1000.0
2020-10-30T00:00:00,MPC,27.4,24.9,26.7,26.816891891891892,27.0,27.0,59200.0,59200.0,0.0,1587560000.0,0.0,0.0,0.0,0.0,0.0,0.0,83800.0,0.0,82800.0,2.52828949284745,233083050.0,,,,1000.0
2020-11-02T00:00:00,MPC,27.3,26.6,27.0,26.832882882882885,27.1,26.8,44400.0,44400.0,0.0,1191380000.0,0.0,1000.0,26832882.882882882,0.0,0.0,0.0,156600.0,0.0,66000.0,2.52828949284745,233113050.0,,,,1000.0
2020-11-03T00:00:00,MPC,27.4,27.0,27.3,27.24308510638298,27.2,27.1,37600.0,37600.0,0.0,1024340000.0,0.0,0.0,0.0,0.0,0.0,0.0,84900.0,0.0,59500.0,2.52828949284745,233113050.0,,,,1000.0
2020-11-04T00:00:00,MPC,28.0,27.3,27.4,27.751511487303507,28.0,27.2,82700.0,82700.0,0.0,2295050000.0,0.0,0.0,0.0,0.0,0.0,0.0,65300.0,0.0,31700.0,2.52828949284745,233113050.0,,,,1000.0
2020-11-05T00:00:00,MPC,28.4,28.0,28.0,28.149515905947442,28.3,28.0,72300.0,72300.0,0.0,2035210000.0,0.0,0.0,0.0,0.0,0.0,0.0,41700.0,0.0,77300.0,2.52828949284745,233113050.0,,,,1000.0
2020-11-06T00:00:00,MPC,28.4,27.0,28.3,27.84093851132686,27.9,28.3,61800.0,61800.0,0.0,1720570000.0,0.0,0.0,0.0,700.0,19488656.957928803,0.0,168800.0,0.0,178500.0,2.52828949284745,233113050.0,,,,1000.0
2020-11-09T00:00:00,MPC,27.3,26.5,26.6,26.901129032258066,26.8,26.3,186000.0,186000.0,0.0,5003610000.0,0.0,700.0,18830790.322580647,0.0,0.0,0.0,224400.0,0.0,228900.0,2.3918709951050725,233106050.0,,,,1000.0
2020-11-10T00:00:00,MPC,27.4,26.8,27.4,26.982389937106916,27.0,26.8,63600.0,63600.0,0.0,1716080000.0,0.0,0.0,0.0,0.0,0.0,115.0,93797.0,84.0,125101.0,2.3918709951050725,23310610.0,,,,1000.0
2020-11-11T00:00:00,MPC,27.0,26.8,26.8,26.907515657620042,27.0,27.0,47900.0,47900.0,0.0,1288870000.0,0.0,0.0,0.0,0.0,0.0,86.0,70643.0,63.0,94219.0,2.3918709951050725,23311310.0,,,,1000.0
2020-11-12T00:00:00,MPC,27.0,26.7,27.0,26.911084905660378,27.0,26.9,84800.0,84800.0,0.0,2282060000.0,0.0,0.0,0.0,0.0,0.0,153.0,125063.0,112.0,166802.0,2.3918709951050725,23311310.0,,,,1000.0
2020-11-13T00:00:00,MPC,27.0,26.8,27.0,26.860576923076923,26.9,26.9,83200.0,83200.0,0.0,2234800000.0,0.0,0.0,0.0,0.0,0.0,150.0,122703.0,110.0,163655.0,2.3918709951050725,23311310.0,,,,1000.0
2020-11-16T00:00:00,MPC,27.0,26.6,27.0,26.78814285714286,26.6,26.9,70000.0,70000.0,0.0,1875170000.0,0.0,0.0,0.0,0.0,0.0,126.0,103236.0,92.0,137690.0,2.3918709951050725,23311310.0,,,,1000.0
2020-11-17T00:00:00,MPC,26.9,26.6,26.9,26.67867924528302,26.7,26.8,53000.0,53000.0,0.0,1413970000.0,0.0,0.0,0.0,2500.0,66696698.11320755,96.0,78164.0,70.0,104251.0,2.3918709951050725,23311310.0,,,,1000.0
2020-11-18T00:00:00,MPC,26.8,26.5,26.8,26.615590200445432,26.5,26.7,89800.0,89800.0,0.0,2390080000.0,0.0,1500.0,39923385.30066815,500.0,13307795.100222718,162.0,132437.0,118.0,176637.0,2.3918709951050725,23309810.0,,,,1000.0
2020-11-19T00:00:00,MPC,26.7,26.4,26.5,26.60710227272727,26.6,26.6,70400.0,70400.0,0.0,1873140000.0,0.0,0.0,0.0,0.0,0.0,127.0,103826.0,93.0,138477.0,2.3918709951050725,23309810.0,,,,1000.0
2020-11-20T00:00:00,MPC,27.5,26.6,26.6,26.935326086956522,27.3,26.6,147200.0,147200.0,0.0,3964880000.0,0.0,0.0,0.0,0.0,0.0,265.0,217090.0,194.0,289543.0,2.3918709951050725,23312310.0,,,,1000.0
2020-11-23T00:00:00,MPC,27.5,27.2,27.4,27.342885973763874,27.4,26.9,99100.0,99100.0,0.0,2709680000.0,0.0,400.0,10937154.38950555,0.0,0.0,179.0,146153.0,131.0,194930.0,2.3918709951050725,23312410.0,,,,1000.0
2020-11-24T00:00:00,MPC,27.6,27.1,27.5,27.423492723492725,27.5,27.3,96200.0,96200.0,0.0,2638140000.0,0.0,0.0,0.0,0.0,0.0,173.0,141876.0,127.0,189226.0,2.3918709951050725,23312410.0,,,,1000.0
2020-11-25T00:00:00,MPC,27.6,27.0,27.5,27.132469512195122,27.0,27.4,65600.0,65600.0,0.0,1779890000.0,0.0,0.0,0.0,0.0,0.0,118.0,96747.0,87.0,129035.0,2.3918709951050725,23312410.0,,,,1000.0
2020-11-26T00:00:00,MPC,28.0,26.8,27.0,27.537363304981774,27.7,27.1,164600.0,164600.0,0.0,4532650000.0,0.0,0.0,0.0,0.0,0.0,297.0,242752.0,217.0,323769.0,2.3918709951050725,23312410.0,,,,1000.0
2020-11-27T00:00:00,MPC,27.9,27.5,27.9,27.618766404199476,27.5,27.5,76200.0,76200.0,0.0,2104550000.0,0.0,0.0,0.0,8500.0,234759514.43569553,137.0,112380.0,101.0,149886.0,2.3918709951050725,23312410.0,,,,1000.0
2020-11-30T00:00:00,MPC,27.8,27.3,27.6,27.479641693811075,27.4,27.6,61400.0,61400.0,0.0,1687250000.0,0.0,1200.0,32975570.03257329,0.0,0.0,111.0,90553.0,81.0,120774.0,2.3918709951050725,23311210.0,,,,1000.0
2020-12-01T00:00:00,MPC,27.2,26.6,27.0,26.998062342038754,27.1,27.5,118700.0,118700.0,0.0,3204670000.0,0.0,4500.0,121491280.5391744,1100.0,29697868.57624263,214.0,175059.0,157.0,233483.0,2.3918709951050725,23306710.0,,,,1000.0
2020-12-02T00:00:00,MPC,28.0,27.0,27.0,27.736337566571077,28.0,27.0,244100.0,244100.0,0.0,6770440000.0,0.0,169500.0,4701309217.533797,0.0,0.0,440.0,359998.0,322.0,480146.0,2.3918709951050725,23145710.0,,,,1000.0
2020-12-03T00:00:00,MPC,28.6,28.1,28.1,28.40022153300842,28.5,27.7,225700.0,225700.0,0.0,6409930000.0,0.0,117400.0,3334186007.9751883,0.0,0.0,407.0,332862.0,298.0,443953.0,2.3918709951050725,23028310.0,,,,1000.0
2020-12-04T00:00:00,MPC,28.8,28.2,28.5,28.565322580645162,28.5,28.4,111600.0,111600.0,0.0,3187890000.0,0.0,58900.0,1682497500.0,1100.0,31421854.83870968,201.0,164588.0,147.0,219518.0,2.3918709951050725,22970510.0,,,,1000.0
2020-12-07T00:00:00,MPC,29.1,28.6,28.7,28.877709923664124,29.0,28.6,196500.0,196500.0,0.0,5674470000.0,0.0,93800.0,2708729190.8396945,0.0,0.0,354.0,289798.0,259.0,386516.0,2.3918709951050725,22876710.0,,,,1000.0
2020-12-08T00:00:00,MPC,29.3,28.8,28.9,29.050597609561752,29.2,28.9,125500.0,125500.0,0.0,3645850000.0,0.0,76100.0,2210750478.0876493,2040.0,59263219.12350598,226.0,270300.0,166.0,292600.0,2.3918709951050725,22876710.0,,,,1000.0
2020-12-09T00:00:00,MPC,29.8,28.5,29.3,29.35,29.5,29.1,232800.0,232800.0,0.0,6832680000.0,0.0,150700.0,4423045000.0,3000.0,88050000.0,420.0,345600.0,307.0,438100.0,2.3918709951050725,22876710.0,,,,1000.0
2020-12-10T00:00:00,MPC,30.0,29.2,29.5,29.43524720893142,29.4,29.4,125400.0,125400.0,0.0,3691180000.0,0.0,12500.0,367940590.1116427,500.0,14717623.60446571,226.0,210600.0,165.0,344700.0,2.3918709951050725,22876710.0,,,,1000.0
2020-12-11T00:00:00,MPC,29.4,28.8,29.2,29.238404452690165,29.4,29.4,53900.0,53900.0,0.0,1575950000.0,0.0,0.0,0.0,0.0,0.0,97.0,131200.0,71.0,276300.0,2.3918709951050725,22876710.0,,,,1000.0
2020-12-14T00:00:00,MPC,30.2,29.2,29.5,29.8,30.0,29.2,230600.0,230600.0,0.0,6860370000.0,0.0,38410.0,1142700831.309627,1400.0,41650121.42237641,416.0,338636.0,304.0,450998.0,2.3918709951050725,22876710.0,,,,1000.0
2020-12-15T00:00:00,MPC,30.7,26.5,26.5,30.4,30.5,29.8,173500.0,133500.0,40000.0,5182810000.0,1122000000.0,27400.0,833454636.7041198,0.0,0.0,241.0,394900.0,176.0,415900.0,2.3918709951050725,22545040.0,,,,1000.0
2020-12-16T00:00:00,MPC,31.3,30.5,30.5,30.8,30.8,30.4,74800.0,74800.0,0.0,2303020000.0,0.0,7400.0,227838877.00534758,7000.0,215523262.03208557,135.0,181400.0,99.0,329700.0,2.3918709951050725,22537640.0,,,,1000.0
2020-12-17T00:00:00,MPC,31.0,29.2,31.0,29.695887982984758,29.5,30.8,282100.0,282100.0,0.0,8377210000.0,0.0,91800.0,2726082516.838001,200.0,5939177.596596952,509.0,424300.0,372.0,441200.0,2.3918709951050725,22447240.0,,,,1000.0
2020-12-18T00:00:00,MPC,29.8,29.1,29.5,29.484293680297398,29.6,29.7,107600.0,107600.0,0.0,3172510000.0,0.0,30000.0,884528810.408922,0.0,0.0,194.0,206500.0,142.0,184100.0,2.3918709951050725,22417240.0,,,,1000.0
2020-12-21T00:00:00,MPC,29.7,29.1,29.5,29.45129802699896,29.5,29.5,96300.0,96300.0,0.0,2836160000.0,0.0,42300.0,1245789906.542056,0.0,0.0,174.0,155100.0,127.0,220800.0,2.3918709951050725,22381940.0,,,,1000.0
2020-12-22T00:00:00,MPC,29.5,28.7,29.5,28.857142857142858,28.8,29.5,98700.0,98700.0,0.0,2848200000.0,0.0,1000.0,28857142.85714286,500.0,14428571.42857143,178.0,179400.0,130.0,198100.0,2.3918709951050725,22381140.0,,,,1000.0
2020-12-23T00:00:00,MPC,29.0,28.1,28.9,28.556726768377256,28.7,28.9,72100.0,72100.0,0.0,2058940000.0,0.0,1000.0,28556726.768377256,300.0,8567018.030513177,130.0,187900.0,95.0,220700.0,2.3918709951050725,22380140.0,,,,1000.0
2020-12-24T00:00:00,MPC,28.6,28.0,28.6,28.317245817245816,28.6,28.6,77700.0,77700.0,0.0,2200250000.0,0.0,0.0,0.0,0.0,0.0,140.0,140400.0,103.0,140700.0,2.3918709951050725,22380140.0,,,,1000.0
2020-12-25T00:00:00,MPC,29.2,28.3,28.8,28.955301794453504,29.0,28.3,61300.0,61300.0,0.0,1774960000.0,0.0,100.0,2895530.1794453505,100.0,2895530.1794453505,111.0,97600.0,81.0,191400.0,2.3918709951050725,22380540.0,,,,1000.0
2020-12-28T00:00:00,MPC,29.2,28.5,29.2,28.88285714285714,28.8,29.0,35000.0,35000.0,0.0,1010900000.0,0.0,0.0,0.0,100.0,2888285.714285714,63.0,98600.0,46.0,151900.0,2.3918709951050725,22380840.0,,,,1000.0
2020-12-29T00:00:00,MPC,29.1,28.4,29.1,28.99408,29.0,28.9,62500.0,62500.0,0.0,1812130000.0,0.0,0.0,0.0,200.0,5798816.0,113.0,161100.0,82.0,172600.0,2.3918709951050725,22380840.0,,,,1000.0
2020-12-30T00:00:00,MPC,29.3,28.7,29.2,29.008976377952756,28.9,29.0,63500.0,63500.0,0.0,1842070000.0,0.0,0.0,0.0,0.0,0.0,115.0,103100.0,84.0,178000.0,2.3918709951050725,22380940.0,,,,1000.0
2020-12-31T00:00:00,MPC,29.4,28.9,29.1,29.081958041958043,29.0,29.0,71500.0,71500.0,0.0,2079360000.0,0.0,100.0,2908195.804195804,200.0,5816391.608391608,129.0,112300.0,94.0,214600.0,2.3918709951050725,22380940.0,,,,1000.0
2021-01-04T00:00:00,MPC,29.1,28.9,29.1,29.044642857142858,29.1,29.1,156800.0,156800.0,0.0,4554200000.0,0.0,0.0,0.0,1000.0,29044642.85714286,281.0,221800.0,206.0,256000.0,2.3918709951050725,22381140.0,,,,1000.0
2021-01-05T00:00:00,MPC,29.5,28.9,29.0,29.15307855626327,29.2,29.0,94200.0,94200.0,0.0,2746220000.0,0.0,0.0,0.0,8400.0,244885859.87261146,170.0,139300.0,124.0,223300.0,2.3918709951050725,22381140.0,,,,1000.0
2021-01-06T00:00:00,MPC,31.5,29.4,29.4,30.38459499263623,30.6,29.2,339500.0,339500.0,0.0,10315570000.0,0.0,3900.0,118499920.47128129,1600.0,48615351.988217965,612.0,419800.0,448.0,585800.0,2.3918709951050725,22377440.0,,,,1000.0
2021-01-07T00:00:00,MPC,32.0,31.1,31.2,31.636392914653786,31.8,30.4,186300.0,186300.0,0.0,5893860000.0,0.0,0.0,0.0,1500.0,47454589.371980675,336.0,285100.0,246.0,393700.0,2.3918709951050725,22378440.0,,,,1000.0
2021-01-08T00:00:00,MPC,32.0,30.7,31.4,31.263979416809605,31.2,31.6,116600.0,116600.0,0.0,3645380000.0,0.0,1200.0,37516775.300171524,1000.0,31263979.416809607,210.0,201600.0,154.0,318800.0,2.3918709951050725,22385640.0,,,,1000.0
2021-01-11T00:00:00,MPC,32.0,30.8,31.3,31.157118786857623,30.9,31.3,118700.0,118700.0,0.0,3698350000.0,0.0,1600.0,49851390.0589722,4400.0,137091322.66217354,214.0,174500.0,157.0,305600.0,2.3918709951050725,22385640.0,,,,1000.0
2021-01-12T00:00:00,MPC,31.0,30.1,30.7,30.67691891891892,30.6,31.2,185000.0,185000.0,0.0,5675230000.0,0.0,200.0,6135383.783783784,2000.0,61353837.83783784,334.0,241200.0,244.0,318100.0,2.3918709951050725,22386940.0,,,,1000.0
2021-01-13T00:00:00,MPC,31.8,30.3,30.3,31.118665886483324,31.3,30.7,170900.0,170900.0,0.0,5318180000.0,0.0,0.0,0.0,3000.0,93355997.65944996,308.0,237900.0,226.0,357900.0,2.3918709951050725,22387940.0,,,,1000.0
2021-01-14T00:00:00,MPC,32.0,30.9,31.2,31.254227405247814,31.2,31.1,75600.0,68600.0,7000.0,2389040000.0,245000000.0,150.0,4688134.110787172,100.0,3125422.7405247814,124.0,121200.0,91.0,231700.0,2.3918709951050725,22392190.0,,,,1000.0
2021-01-15T00:00:00,MPC,32.0,30.6,32.0,30.915415415415417,30.9,31.3,99900.0,99900.0,0.0,3088450000.0,0.0,1000.0,30915415.415415414,7600.0,234957157.15715715,180.0,182800.0,132.0,319000.0,2.3918709951050725,22393190.0,,,,1000.0
2021-01-18T00:00:00,MPC,31.5,30.5,31.5,30.758313253012048,30.7,30.9,83000.0,83000.0,0.0,2552940000.0,0.0,300.0,9227493.975903615,0.0,0.0,149.0,176800.0,109.0,253300.0,2.3918709951050725,22395890.0,,,,1000.0
2021-01-19T00:00:00,MPC,31.2,28.0,30.7,29.887479316050744,29.6,30.8,181300.0,181300.0,0.0,5418600000.0,0.0,400.0,11954991.726420298,0.0,0.0,327.0,263600.0,239.0,275700.0,2.3918709951050725,22395590.0,,,,1000.0
2021-01-20T00:00:00,MPC,29.5,28.1,29.5,28.927531083481348,29.4,29.9,56300.0,56300.0,0.0,1628620000.0,0.0,0.0,0.0,2000.0,57855062.1669627,102.0,146500.0,74.0,152800.0,2.3918709951050725,22403190.0,,,,1000.0
2021-01-21T00:00:00,MPC,30.3,29.4,29.9,29.976422764227642,30.0,28.9,61500.0,61500.0,0.0,1843550000.0,0.0,0.0,0.0,0.0,0.0,111.0,117300.0,81.0,191300.0,2.3918709951050725,22403190.0,,,,1000.0
2021-01-22T00:00:00,MPC,30.7,29.5,30.3,29.98600451467269,29.7,30.0,114100.0,44300.0,69800.0,3701600000.0,2373220000.0,0.0,0.0,0.0,0.0,80.0,92400.0,58.0,164100.0,2.3918709951050725,22403190.0,,,,1000.0
2021-01-25T00:00:00,MPC,30.4,29.5,29.5,29.866071428571427,29.7,30.0,39200.0,39200.0,0.0,1170750000.0,0.0,200.0,5973214.285714285,0.0,0.0,71.0,71700.0,52.0,165500.0,2.3918709951050725,22404990.0,,,,1000.0
2021-01-26T00:00:00,MPC,30.2,28.5,30.2,29.086612021857924,29.3,29.9,36600.0,36600.0,0.0,1064570000.0,0.0,0.0,0.0,0.0,0.0,66.0,85300.0,48.0,153500.0,2.3918709951050725,22404990.0,,,,1000.0
2021-01-27T00:00:00,MPC,29.9,28.0,29.4,28.4321036889332,28.4,29.1,100300.0,100300.0,0.0,2851740000.0,0.0,0.0,0.0,0.0,0.0,181.0,135900.0,132.0,219400.0,2.3918709951050725,22404990.0,,,,1000.0
2021-01-28T00:00:00,MPC,27.4,24.3,27.0,26.250676982591873,26.4,28.4,155100.0,155100.0,0.0,4071480000.0,0.0,1200.0,31500812.37911025,1600.0,42001083.172147,280.0,208300.0,205.0,223300.0,2.3918709951050725,22403790.0,,,,1000.0
2021-01-29T00:00:00,MPC,27.4,25.8,26.2,26.96484076433121,27.0,26.3,78500.0,78500.0,0.0,2116740000.0,0.0,100.0,2696484.076433121,0.0,0.0,142.0,133200.0,104.0,140000.0,2.3918709951050725,22403690.0,,,,1000.0
2021-02-01T00:00:00,MPC,28.4,26.8,27.9,27.263471502590672,26.9,27.0,38600.0,38600.0,0.0,1052370000.0,0.0,200.0,5452694.300518135,0.0,0.0,70.0,52300.0,51.0,119000.0,2.3918709951050725,22403490.0,,,,1000.0
2021-02-02T00:00:00,MPC,27.9,27.0,27.4,27.485744680851067,27.9,27.3,47000.0,47000.0,0.0,1291830000.0,0.0,0.0,0.0,0.0,0.0,85.0,75400.0,62.0,75600.0,2.3918709951050725,22405090.0,,,,1000.0
2021-02-03T00:00:00,MPC,28.4,27.5,28.0,28.07769230769231,28.0,27.5,26000.0,26000.0,0.0,730020000.0,0.0,0.0,0.0,0.0,0.0,47.0,38300.0,34.0,112300.0,2.3918709951050725,22405090.0,,,,1000.0
2021-02-04T00:00:00,MPC,28.4,27.7,28.2,27.996190476190478,28.2,28.1,31500.0,31500.0,0.0,881880000.0,0.0,0.0,0.0,200.0,5599238.095238095,57.0,51100.0,42.0,140000.0,2.3918709951050725,22405090.0,,,,1000.0
2021-02-05T00:00:00,MPC,28.4,27.8,28.4,28.006,27.9,28.0,55000.0,55000.0,0.0,1540330000.0,0.0,100.0,2800600.0,0.0,0.0,99.0,70200.0,73.0,170200.0,2.3918709951050725,22404990.0,,,,1000.0
2021-02-08T00:00:00,MPC,28.4,27.0,28.4,27.650609756097563,27.8,28.0,16400.0,16400.0,0.0,453470000.0,0.0,500.0,13825304.878048781,0.0,0.0,30.0,66000.0,22.0,118100.0,2.3918709951050725,22404490.0,,,,1000.0
2021-02-09T00:00:00,MPC,28.3,27.8,27.8,27.97052117263844,28.1,27.7,61400.0,61400.0,0.0,1717390000.0,0.0,0.0,0.0,0.0,0.0,111.0,101800.0,81.0,102200.0,2.3918709951050725,22404690.0,,,,1000.0
2021-02-17T00:00:00,MPC,32.1,28.4,28.8,31.476641181123124,31.9,28.0,379300.0,379300.0,0.0,11939090000.0,0.0,100.0,3147664.118112312,400.0,12590656.472449249,684.0,438200.0,501.0,549900.0,2.3918709951050725,22404590.0,,,,1000.0
2021-02-18T00:00:00,MPC,36.0,32.1,32.2,34.779274730319024,35.3,31.5,435700.0,435700.0,0.0,15153330000.0,0.0,300.0,10433782.419095708,800.0,27823419.78425522,786.0,568400.0,575.0,554400.0,2.3918709951050725,22404290.0,,,,1000.0
2021-02-19T00:00:00,MPC,37.5,34.8,35.3,36.76032048836322,36.5,34.8,262100.0,262100.0,0.0,9634880000.0,0.0,3900.0,143365249.90461656,0.0,0.0,473.0,313800.0,346.0,540000.0,2.3918709951050725,22400390.0,,,,1000.0
2021-02-22T00:00:00,MPC,37.0,34.7,37.0,35.588911022576355,35.5,36.8,150600.0,150600.0,0.0,5359690000.0,0.0,0.0,0.0,3000.0,106766733.06772909,272.0,215700.0,199.0,498700.0,2.3918709951050725,22400790.0,,,,1000.0
2021-02-23T00:00:00,MPC,36.0,34.8,36.0,35.29093264248704,35.4,35.6,154400.0,154400.0,0.0,5448920000.0,0.0,100.0,3529093.2642487045,0.0,0.0,278.0,218400.0,204.0,370500.0,2.3918709951050725,22401490.0,,,,1000.0
2021-02-24T00:00:00,MPC,36.4,34.9,35.1,35.35073339085418,35.0,35.3,115900.0,115900.0,0.0,4097150000.0,0.0,1000.0,35350733.39085419,200.0,7070146.6781708365,209.0,167500.0,153.0,402700.0,2.3918709951050725,22400490.0,,,,1000.0
2021-02-25T00:00:00,MPC,36.0,35.1,35.5,35.6479305740988,35.3,35.4,74900.0,74900.0,0.0,2670030000.0,0.0,300.0,10694379.17222964,0.0,0.0,135.0,129500.0,99.0,313500.0,2.3918709951050725,22403190.0,,,,1000.0
2021-02-26T00:00:00,MPC,35.3,34.7,35.3,35.01205857019811,35.3,35.6,116100.0,116100.0,0.0,4064900000.0,0.0,600.0,21007235.142118864,0.0,0.0,209.0,174800.0,153.0,186700.0,2.3918709951050725,22402590.0,,,,1000.0
2021-03-01T00:00:00,MPC,36.4,35.0,36.4,35.25415913200723,35.5,35.0,110600.0,110600.0,0.0,3899110000.0,0.0,700.0,24677911.392405063,100.0,3525415.9132007235,199.0,181200.0,146.0,340500.0,2.3918709951050725,22402090.0,,,,1000.0
2021-03-02T00:00:00,MPC,35.9,35.2,35.8,35.35703422053232,35.4,35.3,78900.0,78900.0,0.0,2789670000.0,0.0,0.0,0.0,3700.0,130821026.61596958,142.0,119700.0,104.0,220400.0,2.3918709951050725,22402090.0,,,,1000.0
2021-03-03T00:00:00,MPC,38.2,35.3,35.4,36.878006500541716,37.2,35.4,276900.0,276900.0,0.0,10211520000.0,0.0,600.0,22126803.900325026,15000.0,553170097.5081257,499.0,357500.0,365.0,471700.0,2.3918709951050725,22401490.0,,,,1000.0
2021-03-04T00:00:00,MPC,37.8,35.9,37.2,37.09510086455332,37.5,36.9,173500.0,173500.0,0.0,6436000000.0,0.0,1200.0,44582681.231380336,0.0,0.0,313.0,212900.0,229.0,337600.0,2.3918709951050725,22400390.0,,,,1000.0
2021-03-05T00:00:00,MPC,37.4,36.2,37.4,36.79543937708565,36.9,37.1,89900.0,89900.0,0.0,3307910000.0,0.0,300.0,11040671.05263158,0.0,0.0,162.0,145900.0,119.0,237100.0,2.3918709951050725,22403790.0,,,,1000.0
2021-03-08T00:00:00,MPC,37.9,34.0,34.3,36.777477477477476,36.6,36.8,77700.0,77700.0,0.0,2857610000.0,0.0,100.0,3699650.0,300.0,11101374.663072776,140.0,127500.0,103.0,287700.0,2.3918709951050725,22418690.0,,,,1000.0
2021-03-09T00:00:00,MPC,36.6,35.8,36.6,35.96948051948052,36.2,36.8,77000.0,77000.0,0.0,2769650000.0,0.0,0.0,0.0,1000.0,35984026.62229617,139.0,115500.0,102.0,264700.0,2.3918709951050725,22418690.0,,,,1000.0
2021-03-10T00:00:00,MPC,36.1,35.8,36.0,35.95795847750865,36.0,36.0,57800.0,57800.0,0.0,2078370000.0,0.0,0.0,0.0,0.0,0.0,104.0,125500.0,76.0,188400.0,2.3918709951050725,22418690.0,,,,1000.0
2021-03-11T00:00:00,MPC,38.3,36.5,36.5,37.61721097322012,37.6,36.0,306200.0,306200.0,0.0,11518390000.0,0.0,900.0,33861726.27235213,0.0,0.0,552.0,339700.0,404.0,539400.0,2.3918709951050725,22418090.0,,,,1000.0
2021-03-12T00:00:00,MPC,38.5,37.3,37.6,37.85991379310345,37.5,37.6,92800.0,92800.0,0.0,3513400000.0,0.0,0.0,0.0,0.0,0.0,167.0,167000.0,122.0,320000.0,2.3918709951050725,22419090.0,,,,1000.0
2021-03-15T00:00:00,MPC,37.9,37.2,37.9,37.41631753031974,37.3,37.9,90700.0,90700.0,0.0,3393660000.0,0.0,0.0,0.0,0.0,0.0,164.0,146800.0,120.0,236700.0,2.3918709951050725,22419090.0,,,,1000.0
2021-03-16T00:00:00,MPC,37.8,37.1,37.3,37.43143911439114,37.7,37.4,135548.0,135500.0,48.0,5073755200.0,1795200.0,0.0,0.0,0.0,0.0,244.0,231300.0,179.0,327900.0,2.3918709951050725,22419090.0,,,,1000.0
2021-03-17T00:00:00,MPC,40.9,37.8,37.8,39.78568950563747,39.9,37.4,345900.0,345900.0,0.0,13761870000.0,0.0,0.0,0.0,900.0,35533672.56637168,624.0,405300.0,456.0,477000.0,2.3918709951050725,22419090.0,,,,1000.0
2021-03-18T00:00:00,MPC,41.0,39.7,39.8,40.15116861435726,40.3,39.8,119800.0,119800.0,0.0,4810110000.0,0.0,600.0,24495223.880597014,0.0,0.0,216.0,251400.0,158.0,277300.0,2.3918709951050725,22418490.0,,,,1000.0
2021-03-19T00:00:00,MPC,40.2,39.2,40.2,39.56769953051643,39.3,40.2,106500.0,106500.0,0.0,4213960000.0,0.0,200.0,7913539.906103286,0.0,0.0,192.0,192500.0,141.0,216200.0,2.3918709951050725,22418290.0,,,,1000.0
2021-03-22T00:00:00,MPC,40.0,38.3,39.0,38.625063775510206,38.6,39.6,156800.0,156800.0,0.0,6056410000.0,0.0,200.0,7770724.637681159,1100.0,42559209.8092643,283.0,189900.0,207.0,244000.0,2.3918709951050725,22418990.0,,,,1000.0
2021-03-23T00:00:00,MPC,39.4,38.0,38.9,38.468755760368666,38.7,38.6,108500.0,108500.0,0.0,4173860000.0,0.0,0.0,0.0,3200.0,124231111.1111111,196.0,147300.0,143.0,186000.0,2.3918709951050725,22418990.0,,,,1000.0
2021-03-24T00:00:00,MPC,38.8,35.5,38.8,37.10723350253807,37.1,38.5,157600.0,157600.0,0.0,5848100000.0,0.0,100.0,3710723.350253807,0.0,0.0,284.0,15900.0,208.0,51300.0,2.3918709951050725,22418890.0,,,,1000.0
2021-03-25T00:00:00,MPC,37.7,35.6,37.2,36.25405965202983,36.4,37.1,241400.0,241400.0,0.0,8751730000.0,0.0,100.0,3639483.568075117,5000.0,187057142.85714287,435.0,330900.0,319.0,309600.0,2.3918709951050725,22419890.0,,,,1000.0
2021-03-26T00:00:00,MPC,37.0,35.1,36.5,35.968041912246235,36.3,36.3,152700.0,152700.0,0.0,5492320000.0,0.0,0.0,0.0,0.0,0.0,275.0,203500.0,201.0,232500.0,2.3918709951050725,22423090.0,,,,1000.0
2021-03-29T00:00:00,MPC,36.9,35.0,36.8,35.7503663003663,36.3,36.0,163800.0,163800.0,0.0,5855910000.0,0.0,900.0,32729616.368286446,0.0,0.0,295.0,229400.0,216.0,266600.0,2.3918709951050725,22422190.0,,,,1000.0
2021-03-30T00:00:00,MPC,36.8,35.8,36.3,36.4792,36.6,35.8,37500.0,37500.0,0.0,1367970000.0,0.0,100.0,3629714.285714286,0.0,0.0,68.0,92500.0,49.0,119300.0,2.3918709951050725,22427090.0,,,,1000.0
2021-03-31T00:00:00,MPC,37.0,36.3,37.0,36.55920177383592,36.7,36.5,45100.0,45100.0,0.0,1648820000.0,0.0,100.0,3700000.0,0.0,0.0,81.0,110600.0,60.0,123600.0,2.3918709951050725,22426990.0,,,,1000.0
2021-04-01T00:00:00,MPC,37.0,36.4,36.6,36.72260442260443,37.0,36.6,81400.0,81400.0,0.0,2989220000.0,0.0,3000.0,109861500.0,0.0,0.0,147.0,138300.0,107.0,198500.0,2.3918709951050725,22423990.0,,,,1000.0
2021-04-02T00:00:00,MPC,37.9,36.7,37.0,37.16166666666666,37.1,36.7,48000.0,48000.0,0.0,1783760000.0,0.0,0.0,0.0,0.0,0.0,87.0,85500.0,63.0,167500.0,2.3918709951050725,22423990.0,,,,1000.0
2021-04-05T00:00:00,MPC,37.6,36.9,37.5,37.10331491712707,37.3,37.2,324300.0,54300.0,270000.0,11488710000.0,9474000000.0,0.0,0.0,100.0,3705798.1220657276,98.0,136400.0,72.0,136100.0,2.3918709951050725,22423990.0,0.0,0.0,0.0,1000.0
2021-04-06T00:00:00,MPC,37.3,36.9,37.3,37.12258543833581,37.0,37.1,332300.0,67300.0,265000.0,11695850000.0,9197500000.0,0.0,0.0,0.0,0.0,121.0,108300.0,89.0,244000.0,2.3918709951050725,22423990.0,0.0,0.0,0.0,1000.0
2021-04-07T00:00:00,MPC,37.0,36.5,37.0,36.750838574423476,36.6,37.1,95400.0,95400.0,0.0,3506030000.0,0.0,0.0,0.0,0.0,0.0,172.0,149000.0,126.0,198200.0,2.3918709951050725,22423990.0,0.0,0.0,0.0,1000.0
2021-04-08T00:00:00,MPC,37.0,36.4,37.0,36.7226100151745,36.9,36.8,65900.0,65900.0,0.0,2420020000.0,0.0,0.0,0.0,0.0,0.0,119.0,119700.0,87.0,177300.0,2.3918709951050725,22424090.0,0.0,0.0,0.0,1000.0
2021-04-09T00:00:00,MPC,37.1,36.3,37.1,36.55192878338279,36.7,36.7,67400.0,67400.0,0.0,2463600000.0,0.0,100.0,3655192.8783382787,0.0,0.0,122.0,67000.0,89.0,122700.0,2.3918709951050725,22423990.0,0.0,0.0,0.0,1000.0
2021-04-12T00:00:00,MPC,37.2,36.6,37.2,36.82389937106918,36.8,36.6,31800.0,31800.0,0.0,1171000000.0,0.0,0.0,0.0,0.0,0.0,57.0,28300.0,42.0,60000.0,2.3918709951050725,22423990.0,0.0,0.0,0.0,1000.0
2021-04-13T00:00:00,MPC,36.8,36.0,36.8,36.37605985037406,36.3,36.8,80200.0,80200.0,0.0,2917360000.0,0.0,0.0,0.0,0.0,0.0,145.0,122300.0,106.0,197600.0,2.3918709951050725,22423990.0,0.0,0.0,0.0,1000.0
2021-04-14T00:00:00,MPC,36.7,33.1,36.0,36.26336336336337,36.4,36.4,286300.0,33300.0,253000.0,9180570000.0,7973000000.0,100.0,3611675.392670157,0.0,0.0,60.0,95100.0,44.0,112600.0,2.3918709951050725,22423890.0,0.0,0.0,0.0,1000.0
2021-04-15T00:00:00,MPC,38.8,36.9,36.9,38.201552886024025,38.7,36.3,601300.0,341300.0,260000.0,21258190000.0,8220000000.0,16400.0,622350436.4326376,2500.0,94719502.18818381,615.0,406700.0,450.0,444100.0,2.3918709951050725,22407490.0,0.0,0.0,0.0,1000.0
2021-04-16T00:00:00,MPC,39.5,37.7,38.7,38.485,38.5,38.2,158000.0,158000.0,0.0,6080630000.0,0.0,16800.0,646463275.862069,0.0,0.0,285.0,194400.0,208.0,356300.0,2.3918709951050725,22390690.0,0.0,0.0,0.0,1000.0
2021-04-19T00:00:00,MPC,39.0,37.7,37.9,37.917275747508306,37.7,38.5,60200.0,60200.0,0.0,2282620000.0,0.0,700.0,26615814.814814813,0.0,0.0,109.0,86800.0,79.0,205200.0,2.3918709951050725,22389990.0,0.0,0.0,0.0,1000.0
2021-04-20T00:00:00,MPC,38.1,36.5,37.7,37.022936449963474,36.8,37.9,136900.0,136900.0,0.0,5068440000.0,0.0,100.0,3703571.4285714286,60.0,2225034.965034965,247.0,180400.0,181.0,261500.0,2.3918709951050725,22392390.0,0.0,0.0,0.0,1000.0
2021-04-22T00:00:00,MPC,37.0,35.4,37.0,35.95918121613486,35.4,37.0,166100.0,166100.0,0.0,5972820000.0,0.0,0.0,0.0,0.0,0.0,300.0,201700.0,219.0,247100.0,2.3918709951050725,22392390.0,0.0,0.0,0.0,1000.0
2021-04-23T00:00:00,MPC,36.0,33.0,35.5,34.5504721930745,35.0,36.0,190600.0,190600.0,0.0,6585320000.0,0.0,23300.0,805026002.0986359,0.0,0.0,344.0,344300.0,252.0,227900.0,2.3918709951050725,22369090.0,0.0,0.0,0.0,1000.0
2021-04-26T00:00:00,MPC,35.8,34.5,35.8,34.7204584040747,34.6,34.6,117800.0,117800.0,0.0,4090070000.0,0.0,0.0,0.0,0.0,0.0,212.0,175200.0,155.0,162200.0,2.3918709951050725,22369150.0,0.0,0.0,0.0,1000.0
2021-04-27T00:00:00,MPC,35.2,34.0,34.7,34.6797342192691,34.7,34.7,30100.0,30100.0,0.0,1043860000.0,0.0,1000.0,34412500.0,0.0,0.0,54.0,148200.0,40.0,94500.0,2.3918709951050725,22368150.0,0.0,0.0,0.0,1000.0
2021-04-28T00:00:00,MPC,35.7,34.7,34.7,35.11741573033708,35.2,34.7,17800.0,17800.0,0.0,625090000.0,0.0,1100.0,38679854.01459854,0.0,0.0,32.0,63800.0,23.0,80900.0,2.3918709951050725,22367050.0,0.0,0.0,0.0,1000.0
2021-04-29T00:00:00,MPC,35.5,34.8,35.2,35.10453563714903,35.4,35.1,46300.0,46300.0,0.0,1625340000.0,0.0,2000.0,70202620.08733624,0.0,0.0,83.0,66557.0,61.0,85230.0,2.3918709951050725,22365050.0,0.0,0.0,0.0,1000.0
2021-05-04T00:00:00,MPC,35.0,34.0,34.8,34.56666666666666,34.6,35.1,47700.0,47700.0,0.0,1648830000.0,0.0,0.0,0.0,0.0,0.0,86.0,68356.0,63.0,87534.0,2.3918709951050725,22365050.0,0.0,0.0,0.0,1000.0
2021-05-05T00:00:00,MPC,35.8,34.6,34.6,35.01432748538012,35.0,34.6,68400.0,68400.0,0.0,2394980000.0,0.0,0.0,0.0,0.0,0.0,123.0,98327.0,90.0,125914.0,2.3918709951050725,22365050.0,0.0,0.0,0.0,1000.0
2021-05-06T00:00:00,MPC,36.0,35.1,35.2,35.64837962962963,35.4,35.0,43200.0,43200.0,0.0,1540010000.0,0.0,200.0,7129675.925925926,100.0,3564837.962962963,78.0,62101.0,57.0,79524.0,2.3918709951050725,22364850.0,0.0,0.0,0.0,1000.0
2021-05-07T00:00:00,MPC,35.9,34.8,35.6,35.16,34.9,35.6,37500.0,37500.0,0.0,1318500000.0,0.0,0.0,0.0,0.0,0.0,68.0,53907.0,49.0,69032.0,2.3918709951050725,22364850.0,0.0,0.0,0.0,1000.0
2021-05-10T00:00:00,MPC,35.2,34.5,34.9,34.79218523878437,35.1,35.2,69100.0,69100.0,0.0,2404140000.0,0.0,100.0,3497233.009708738,0.0,0.0,125.0,205400.0,91.0,117200.0,2.3918709951050725,22364750.0,0.0,0.0,0.0,1000.0
2021-05-11T00:00:00,MPC,36.9,35.0,35.0,35.35254833040422,35.8,34.8,56900.0,56900.0,0.0,2011560000.0,0.0,600.0,21166896.55172414,9000.0,317503448.2758621,103.0,99600.0,75.0,131400.0,2.3918709951050725,22364250.0,0.0,0.0,0.0,1000.0
2021-05-12T00:00:00,MPC,35.8,34.6,35.8,35.31902050113896,35.5,35.4,87800.0,87800.0,0.0,3101010000.0,0.0,200.0,7063804.100227791,0.0,0.0,158.0,140000.0,116.0,184000.0,2.3918709951050725,22364050.0,0.0,0.0,0.0,1000.0
2021-05-13T00:00:00,MPC,36.1,34.9,35.5,35.209734513274334,35.1,35.3,79100.0,79100.0,0.0,2785090000.0,0.0,110.0,3876446.360153257,30000.0,1057370221.3279678,143.0,104000.0,104.0,162500.0,2.3918709951050725,22363940.0,0.0,0.0,0.0,1000.0
2021-05-14T00:00:00,MPC,35.8,34.7,35.5,34.92991347342398,34.9,35.2,80900.0,80900.0,0.0,2825830000.0,0.0,300.0,10462241.379310345,0.0,0.0,146.0,119200.0,107.0,176600.0,2.3918709951050725,22372640.0,0.0,0.0,0.0,1000.0
2021-05-17T00:00:00,MPC,35.5,34.7,35.5,35.053387533875345,35.1,34.9,36900.0,36900.0,0.0,1293470000.0,0.0,100.0,3518000.0,0.0,0.0,67.0,70300.0,49.0,135200.0,2.3918709951050725,22372540.0,0.0,0.0,0.0,1000.0
2021-05-18T00:00:00,MPC,35.2,34.5,35.1,34.86654991243432,34.9,35.1,66100.0,57100.0,9000.0,2260880000.0,270000000.0,0.0,0.0,100.0,3510000.0,103.0,79300.0,75.0,125300.0,2.3918709951050725,22402540.0,0.0,0.0,0.0,1000.0
2021-05-19T00:00:00,MPC,35.5,34.9,34.9,35.0188927943761,35.0,34.9,113800.0,113800.0,0.0,3985150000.0,0.0,0.0,0.0,0.0,0.0,205.0,160300.0,150.0,200900.0,2.3918709951050725,22402540.0,0.0,0.0,0.0,1000.0
2021-05-20T00:00:00,MPC,35.4,34.5,35.0,34.8,34.5,35.0,56400.0,56400.0,0.0,1962720000.0,0.0,0.0,0.0,10.0,348532.28962818003,102.0,77400.0,74.0,138400.0,2.3918709951050725,22402540.0,0.0,0.0,0.0,1000.0
2021-05-21T00:00:00,MPC,35.9,34.8,34.8,35.5,35.4,34.8,138900.0,138900.0,0.0,4930950000.0,0.0,0.0,0.0,0.0,0.0,250.0,162100.0,183.0,215200.0,2.3918709951050725,22402640.0,0.0,0.0,0.0,1000.0
2021-05-24T00:00:00,MPC,36.9,35.4,35.4,36.6,36.3,35.5,494600.0,107200.0,387400.0,19729440000.0,15805920000.0,0.0,0.0,0.0,0.0,193.0,139800.0,141.0,233400.0,2.3918709951050725,22402640.0,0.0,0.0,0.0,1000.0
2021-05-25T00:00:00,MPC,36.9,35.9,36.6,36.5,36.4,36.6,52300.0,52300.0,0.0,1908950000.0,0.0,400.0,14592734.225621415,2500.0,91398514.85148515,94.0,113800.0,69.0,146200.0,2.3918709951050725,22402250.0,0.0,0.0,0.0,1000.0
2021-05-26T00:00:00,MPC,36.4,35.4,36.4,35.7,35.5,36.5,94300.0,94300.0,0.0,3366510000.0,0.0,0.0,0.0,0.0,0.0,170.0,142200.0,124.0,178300.0,2.3918709951050725,22402250.0,0.0,0.0,0.0,1000.0
2021-05-27T00:00:00,MPC,36.0,35.0,36.0,35.3,35.3,35.7,690800.0,57400.0,633400.0,21408260000.0,19382040000.0,0.0,0.0,0.0,0.0,104.0,94300.0,76.0,125200.0,2.3918709951050725,22402250.0,0.0,0.0,0.0,1000.0
2021-05-28T00:00:00,MPC,36.4,35.2,35.3,35.5,35.4,35.3,49900.0,49900.0,0.0,1771450000.0,0.0,100.0,3550632.911392405,0.0,0.0,90.0,104500.0,66.0,139700.0,2.3918709951050725,22404650.0,0.0,0.0,0.0,1000.0
2021-05-31T00:00:00,MPC,35.6,35.0,35.6,35.2,35.4,35.5,141500.0,141500.0,0.0,4980800000.0,0.0,1000.0,35159010.60070671,82000.0,2882830725.4623046,255.0,218700.0,187.0,211100.0,2.3918709951050725,22403650.0,0.0,0.0,0.0,1000.0
2021-06-01T00:00:00,MPC,35.4,34.1,34.1,34.9,34.9,35.2,682700.0,49700.0,633000.0,27307730000.0,25573200000.0,0.0,0.0,1900.0,66356989.24731183,90.0,115500.0,66.0,114100.0,2.3918709951050725,22403650.0,0.0,0.0,0.0,1000.0
2021-06-02T00:00:00,MPC,35.5,34.5,34.9,35.1,35.5,34.9,70200.0,70200.0,0.0,2464020000.0,0.0,0.0,0.0,0.0,0.0,127.0,114500.0,93.0,134000.0,2.3918709951050725,22403650.0,0.0,0.0,0.0,1000.0
2021-06-03T00:00:00,MPC,40.2,35.1,35.5,38.0,39.5,35.1,619100.0,619100.0,0.0,23525800000.0,0.0,3600.0,133851206.7678527,148200.0,5623622876.366694,1116.0,693100.0,817.0,778600.0,2.3918709951050725,22482050.0,0.0,0.0,0.0,1000.0
2021-06-04T00:00:00,MPC,42.5,39.8,39.9,41.5,41.2,38.0,1011200.0,378200.0,633000.0,36152900000.0,20445900000.0,0.0,0.0,100.0,4162418.5587364263,682.0,468200.0,499.0,613000.0,2.3918709951050725,22483950.0,0.0,0.0,0.0,1000.0
2021-06-07T00:00:00,MPC,42.0,39.6,41.4,40.53,40.2,41.5,158400.0,158400.0,0.0,6420000000.0,0.0,600.0,24532507.73993808,34800.0,1432756756.7567568,286.0,214400.0,209.0,327800.0,2.3918709951050725,22483350.0,0.0,0.0,0.0,1000.0
2021-06-08T00:00:00,MPC,40.0,37.6,40.0,38.6,38.0,40.5,273400.0,273400.0,0.0,10549000000.0,0.0,0.0,0.0,26400.0,1033788929.8892989,493.0,361600.0,361.0,395900.0,2.3918709951050725,22631550.0,0.0,0.0,0.0,1000.0
2021-06-09T00:00:00,MPC,39.0,36.8,37.7,38.0,38.7,38.6,794800.0,161800.0,633000.0,34193900000.0,28041900000.0,0.0,0.0,0.0,0.0,292.0,269000.0,214.0,270500.0,2.3918709951050725,22631650.0,0.0,0.0,0.0,1000.0
2021-06-10T00:00:00,MPC,41.0,38.0,39.0,40.2,41.0,38.0,504300.0,504300.0,0.0,20259000000.0,0.0,1000.0,39325894.93258949,0.0,0.0,909.0,639000.0,666.0,667500.0,2.3918709951050725,22665450.0,0.0,0.0,0.0,1000.0
2021-06-11T00:00:00,MPC,42.0,40.3,41.0,41.0,40.9,40.2,264500.0,264500.0,0.0,10842000000.0,0.0,0.0,0.0,5300.0,218461692.20519653,477.0,327700.0,349.0,526500.0,2.3918709951050725,22691850.0,0.0,0.0,0.0,1000.0
2021-06-14T00:00:00,MPC,41.0,39.5,40.0,40.4,40.0,41.0,829700.0,196700.0,633000.0,30039700000.0,22091700000.0,2000.0,80868974.88119484,500.0,20202020.2020202,355.0,249200.0,260.0,404700.0,2.3918709951050725,22689850.0,0.0,0.0,0.0,1000.0
2021-06-15T00:00:00,MPC,41.0,39.5,40.4,40.2,40.5,40.4,188700.0,188700.0,0.0,7580000000.0,0.0,0.0,0.0,0.0,0.0,340.0,243900.0,249.0,297600.0,2.3918709951050725,22689850.0,0.0,0.0,0.0,1000.0
2021-06-16T00:00:00,MPC,40.7,39.5,40.7,40.0,39.6,40.2,182200.0,182200.0,0.0,7287000000.0,0.0,100.0,4000000.0,0.0,0.0,329.0,247000.0,240.0,356800.0,2.3918709951050725,22695050.0,0.0,0.0,0.0,1000.0
2021-06-17T00:00:00,MPC,43.5,39.0,39.6,42.1,42.0,40.0,1162800.0,529800.0,633000.0,51405000000.0,29118000000.0,0.0,0.0,70400.0,2962877697.841727,955.0,632900.0,699.0,875200.0,2.3918709951050725,22695550.0,0.0,0.0,0.0,1000.0
2021-06-18T00:00:00,MPC,42.5,40.8,42.0,41.4,41.0,42.1,256400.0,256400.0,0.0,10605230000.0,0.0,300.0,12408615.444617786,15000.0,620430772.2308892,462.0,632900.0,338.0,875200.0,2.3918709951050725,22695250.0,0.0,0.0,0.0,1000.0
2021-06-21T00:00:00,MPC,41.0,40.1,41.0,40.6,40.4,41.4,129900.0,129900.0,0.0,5276560000.0,0.0,0.0,0.0,0.0,0.0,234.0,34700.0,171.0,74100.0,2.3918709951050725,226952450.0,0.0,0.0,0.0,1000.0
2021-06-22T00:00:00,MPC,41.0,39.3,41.0,39.8,39.8,40.6,899100.0,266100.0,633000.0,32500800000.0,21901800000.0,200.0,8010773.263433814,0.0,0.0,480.0,370500.0,351.0,378300.0,2.3918709951050725,22765450.0,0.0,0.0,0.0,1000.0
2021-06-23T00:00:00,MPC,39.8,38.0,39.2,39.1,39.4,39.8,136700.0,136700.0,0.0,5348000000.0,0.0,0.0,0.0,0.0,0.0,247.0,270100.0,180.0,262800.0,2.3918709951050725,22780450.0,0.0,0.0,0.0,1000.0
2021-06-24T00:00:00,MPC,40.3,38.5,39.4,39.3,39.0,39.1,100900.0,100900.0,0.0,3962000000.0,0.0,300.0,11868263.473053893,0.0,0.0,182.0,187300.0,133.0,225200.0,2.3918709951050725,22780150.0,0.0,0.0,0.0,1000.0
2021-06-25T00:00:00,MPC,39.8,38.2,38.3,38.7,38.9,39.3,691600.0,91600.0,600000.0,30246000000.0,26700000000.0,0.0,0.0,0.0,0.0,165.0,192700.0,121.0,242300.0,2.3918709951050725,22780150.0,0.0,0.0,0.0,1000.0
2021-06-28T00:00:00,MPC,39.6,38.6,39.6,39.0,39.0,38.7,99700.0,99700.0,0.0,3884000000.0,0.0,600.0,23292134.831460673,0.0,0.0,180.0,177300.0,132.0,193000.0,2.3918709951050725,22779550.0,0.0,0.0,0.0,1000.0
2021-06-29T00:00:00,MPC,40.4,39.3,39.5,40.0,39.8,39.0,160600.0,160600.0,0.0,6417000000.0,0.0,700.0,27981747.06649283,0.0,0.0,290.0,241500.0,212.0,326600.0,2.3918709951050725,22778850.0,0.0,0.0,0.0,1000.0
2021-06-30T00:00:00,MPC,40.9,39.5,39.9,39.8,40.3,40.0,718100.0,118100.0,600000.0,25105000000.0,20400000000.0,8900.0,354568162.57408977,0.0,0.0,213.0,162000.0,156.0,279100.0,2.3918709951050725,22769950.0,0.0,0.0,0.0,1000.0
2021-07-01T00:00:00,MPC,40.3,39.5,40.0,39.8,40.0,39.8,69400.0,69400.0,0.0,2759000000.0,0.0,500.0,19860335.195530728,0.0,0.0,125.0,136600.0,92.0,193300.0,2.3918709951050725,22769450.0,0.0,0.0,0.0,1000.0
2021-07-02T00:00:00,MPC,40.0,39.5,40.0,39.7,39.6,39.8,56000.0,56000.0,0.0,2225000000.0,0.0,0.0,0.0,0.0,0.0,101.0,94600.0,74.0,210300.0,2.3918709951050725,22769450.0,0.0,0.0,0.0,1000.0
2021-07-05T00:00:00,MPC,39.6,38.5,39.5,38.9,38.6,39.7,112800.0,112800.0,0.0,4386000000.0,0.0,0.0,0.0,0.0,0.0,203.0,151200.0,149.0,201300.0,2.3918709951050725,22769450.0,0.0,0.0,0.0,1000.0
2021-07-06T00:00:00,MPC,41.5,38.0,39.0,38.8,38.0,38.9,97500.0,97500.0,0.0,3787000000.0,0.0,500.0,19813278.008298755,500.0,19671532.846715327,176.0,145300.0,129.0,347800.0,2.3918709951050725,22768950.0,0.0,0.0,0.0,1000.0
2021-07-07T00:00:00,MPC,39.8,37.2,38.0,38.1,38.0,38.8,121300.0,121300.0,0.0,4617000000.0,0.0,500.0,19626956.52173913,0.0,0.0,219.0,169100.0,160.0,251800.0,2.3918709951050725,22768450.0,0.0,0.0,0.0,1000.0
2021-07-08T00:00:00,MPC,38.4,37.3,38.0,37.817,37.5,38.1,70100.0,70100.0,0.0,2651000000.0,0.0,300.0,11389830.508474575,0.0,0.0,126.0,126600.0,93.0,153200.0,2.3918709951050725,22768150.0,0.0,0.0,0.0,1000.0
2021-07-09T00:00:00,MPC,38.7,36.5,38.5,37.2,36.9,37.8,75500.0,75500.0,0.0,2807000000.0,0.0,100.0,3800661.7647058824,0.0,0.0,136.0,101100.0,100.0,185100.0,2.3918709951050725,22768550.0,0.0,0.0,0.0,1000.0
2021-07-12T00:00:00,MPC,37.2,34.6,37.2,35.6,36.0,37.2,131300.0,131300.0,0.0,4670000000.0,0.0,0.0,0.0,2000.0,71095008.0515298,237.0,181400.0,173.0,196400.0,2.3918709951050725,22768550.0,0.0,0.0,0.0,1000.0
2021-07-13T00:00:00,MPC,36.9,35.6,36.9,36.0,36.2,35.6,56500.0,56500.0,0.0,2035000000.0,0.0,100.0,3681818.1818181816,0.0,0.0,102.0,99100.0,75.0,104200.0,2.3918709951050725,22768450.0,0.0,0.0,0.0,1000.0
2021-07-14T00:00:00,MPC,36.8,35.6,36.2,36.3,36.2,36.0,47200.0,47200.0,0.0,1712000000.0,0.0,0.0,0.0,0.0,0.0,85.0,77300.0,62.0,93100.0,2.3918709951050725,22768450.0,0.0,0.0,0.0,1000.0
2021-07-15T00:00:00,MPC,36.7,35.8,36.2,36.4,36.4,36.3,21000.0,21000.0,0.0,765000000.0,0.0,0.0,0.0,0.0,0.0,38.0,66700.0,28.0,76700.0,2.3918709951050725,22770450.0,0.0,0.0,0.0,1000.0
2021-07-16T00:00:00,MPC,36.9,36.1,36.5,36.5,36.5,36.4,55900.0,55900.0,0.0,2038000000.0,0.0,0.0,0.0,0.0,0.0,101.0,94100.0,74.0,183600.0,2.3918709951050725,22770450.0,0.0,0.0,0.0,1000.0
2021-07-19T00:00:00,MPC,36.2,35.0,35.8,35.5,35.1,36.5,28000.0,28000.0,0.0,993000000.0,0.0,0.0,0.0,100.0,3560975.6097560977,50.0,57000.0,37.0,102900.0,2.3918709951050725,22770450.0,0.0,0.0,0.0,1000.0
2021-07-20T00:00:00,MPC,36.9,35.0,35.8,35.7,35.7,35.5,57600.0,57600.0,0.0,2054000000.0,0.0,100.0,3585106.3829787234,0.0,0.0,104.0,100000.0,76.0,106100.0,2.3918709951050725,22770350.0,0.0,0.0,0.0,1000.0
2021-07-21T00:00:00,MPC,36.7,35.5,36.6,35.9,35.7,35.7,21600.0,21600.0,0.0,776000000.0,0.0,300.0,10963636.363636363,0.0,0.0,39.0,41200.0,29.0,92000.0,2.3918709951050725,22770050.0,0.0,0.0,0.0,1000.0
2021-07-22T00:00:00,MPC,36.4,35.7,36.1,36.2,36.3,35.9,60300.0,60300.0,0.0,2180000000.0,0.0,100.0,3640000.0,0.0,0.0,109.0,94000.0,80.0,150300.0,2.3918709951050725,22770050.0,0.0,0.0,0.0,1000.0
2021-07-23T00:00:00,MPC,36.5,35.6,36.5,36.1,36.0,36.2,43200.0,43200.0,0.0,1558000000.0,0.0,0.0,0.0,0.0,0.0,78.0,71300.0,57.0,106300.0,2.3918709951050725,22770050.0,0.0,0.0,0.0,1000.0
2021-07-26T00:00:00,MPC,36.1,35.0,36.0,35.7,36.0,36.1,82200.0,82200.0,0.0,2934000000.0,0.0,0.0,0.0,100.0,3566265.060240964,148.0,120000.0,108.0,137900.0,2.3918709951050725,22770050.0,0.0,0.0,0.0,1000.0
2021-07-27T00:00:00,MPC,36.8,36.0,36.0,36.6,36.3,35.7,64300.0,64300.0,0.0,2351000000.0,0.0,500.0,18321033.210332103,0.0,0.0,116.0,101700.0,85.0,140500.0,2.3918709951050725,22769550.0,0.0,0.0,0.0,1000.0
2021-07-28T00:00:00,MPC,36.7,36.0,36.7,36.1,36.0,36.6,42500.0,42500.0,0.0,1534000000.0,0.0,1500.0,54350649.35064935,0.0,0.0,77.0,68900.0,56.0,139600.0,2.3918709951050725,22768050.0,0.0,0.0,0.0,1000.0
2021-07-29T00:00:00,MPC,36.4,35.5,35.8,35.9,35.9,36.1,63400.0,63400.0,0.0,2278000000.0,0.0,200.0,7197026.022304833,0.0,0.0,114.0,105000.0,84.0,151900.0,2.3918709951050725,22767950.0,0.0,0.0,0.0,1000.0
2021-07-30T00:00:00,MPC,36.5,35.9,36.5,36.1,36.1,35.9,70900.0,70900.0,0.0,2559000000.0,0.0,5000.0,180627306.27306274,500.0,18200000.0,128.0,102000.0,94.0,150500.0,2.3918709951050725,22762950.0,0.0,0.0,0.0,1000.0
2021-08-02T00:00:00,MPC,36.1,34.7,36.0,35.0,35.0,36.1,235100.0,235100.0,0.0,8232000000.0,0.0,0.0,0.0,75000.0,2626284246.5753427,424.0,300000.0,310.0,317000.0,2.3918709951050725,22762950.0,0.0,0.0,0.0,1000.0
2021-08-03T00:00:00,MPC,35.4,34.8,35.4,35.0,35.0,35.0,68600.0,68600.0,0.0,2399000000.0,0.0,100.0,3497326.203208556,0.0,0.0,124.0,122200.0,91.0,143900.0,2.3918709951050725,22762850.0,0.0,0.0,0.0,1000.0
2021-08-04T00:00:00,MPC,35.5,34.8,35.0,35.2,35.3,35.0,95200.0,95200.0,0.0,3349000000.0,0.0,0.0,0.0,30500.0,1072687074.829932,172.0,198900.0,126.0,159500.0,2.3918709951050725,22763350.0,0.0,0.0,0.0,1000.0
2021-08-05T00:00:00,MPC,36.2,35.2,35.2,35.7,35.9,35.2,66800.0,66800.0,0.0,2385000000.0,0.0,0.0,0.0,0.0,0.0,120.0,130000.0,88.0,144600.0,2.3918709951050725,22838350.0,0.0,0.0,0.0,1000.0
2021-08-06T00:00:00,MPC,36.3,35.4,35.9,35.7,35.6,35.7,59900.0,59900.0,0.0,2140000000.0,0.0,0.0,0.0,0.0,0.0,108.0,88400.0,79.0,195900.0,2.3918709951050725,22838350.0,0.0,0.0,0.0,1000.0
2021-08-09T00:00:00,MPC,35.9,35.2,35.6,35.6,35.9,35.7,102500.0,102500.0,0.0,3645000000.0,0.0,0.0,0.0,0.0,0.0,185.0,182300.0,135.0,155300.0,2.3918709951050725,22868850.0,0.0,0.0,0.0,1000.0
2021-08-10T00:00:00,MPC,37.5,35.8,35.9,36.9,37.0,35.6,216600.0,216600.0,0.0,7982000000.0,0.0,100.0,3684107.5794621026,0.0,0.0,391.0,322300.0,286.0,296200.0,2.3918709951050725,22868750.0,0.0,0.0,0.0,1000.0
2021-08-11T00:00:00,MPC,38.3,37.0,37.0,37.7,37.5,36.9,195200.0,195200.0,0.0,7356000000.0,0.0,0.0,0.0,0.0,0.0,352.0,270600.0,258.0,348700.0,2.3918709951050725,22868750.0,0.0,0.0,0.0,1000.0
2021-08-12T00:00:00,MPC,38.4,37.0,37.5,37.9,38.1,37.7,194200.0,194200.0,0.0,7351000000.0,0.0,0.0,0.0,0.0,0.0,350.0,282300.0,256.0,336100.0,2.3918709951050725,22868750.0,0.0,0.0,0.0,1000.0
2021-08-13T00:00:00,MPC,40.1,37.8,38.1,38.9,39.3,37.9,362400.0,362400.0,0.0,14090000000.0,0.0,0.0,0.0,1200.0,46563591.02244389,653.0,439400.0,478.0,569300.0,2.3918709951050725,22868750.0,0.0,0.0,0.0,1000.0
2021-08-16T00:00:00,MPC,40.8,39.3,39.3,40.0,39.7,38.9,174700.0,174700.0,0.0,6993000000.0,0.0,0.0,0.0,900.0,36025787.96561605,315.0,207200.0,230.0,414100.0,2.3918709951050725,22868750.0,0.0,0.0,0.0,1000.0
2021-08-17T00:00:00,MPC,39.5,38.7,39.5,39.0,38.8,40.0,118900.0,118900.0,0.0,4637000000.0,0.0,0.0,0.0,0.0,0.0,214.0,161500.0,157.0,301800.0,2.3918709951050725,22868750.0,0.0,0.0,0.0,1000.0
2021-08-18T00:00:00,MPC,40.5,38.2,39.0,39.7,40.0,39.0,453300.0,453300.0,0.0,18007000000.0,0.0,200.0,7899720.670391061,0.0,0.0,817.0,530500.0,598.0,644100.0,2.3918709951050725,22869750.0,0.0,0.0,0.0,1000.0
2021-08-19T00:00:00,MPC,40.8,40.0,40.0,40.4,40.4,39.7,145300.0,145300.0,0.0,5863000000.0,0.0,300.0,12102756.892230576,300.0,12112690.763052208,262.0,217700.0,192.0,344500.0,2.3918709951050725,22870350.0,0.0,0.0,0.0,1000.0
2021-08-20T00:00:00,MPC,40.8,38.0,40.5,39.8,40.0,40.4,297600.0,297600.0,0.0,11836000000.0,0.0,0.0,0.0,0.0,0.0,537.0,345400.0,393.0,508500.0,2.3918709951050725,22870350.0,0.0,0.0,0.0,1000.0
2021-08-23T00:00:00,MPC,39.7,37.0,38.0,38.2,37.1,39.8,209500.0,209500.0,0.0,7998000000.0,0.0,0.0,0.0,0.0,0.0,378.0,259900.0,276.0,405100.0,2.3918709951050725,22870350.0,0.0,0.0,0.0,1000.0
2021-08-24T00:00:00,MPC,38.2,36.5,38.2,36.9,37.2,38.2,196800.0,196800.0,0.0,7265000000.0,0.0,0.0,0.0,500.0,18456631.097560976,355.0,313600.0,260.0,286100.0,2.3918709951050725,22870650.0,0.0,0.0,0.0,1000.0
2021-08-25T00:00:00,MPC,37.9,36.3,37.2,36.6,36.9,36.9,86100.0,86100.0,0.0,3152000000.0,0.0,100.0,3663285.714285714,0.0,0.0,155.0,152300.0,114.0,175400.0,2.3918709951050725,22870550.0,0.0,0.0,0.0,1000.0
2021-08-26T00:00:00,MPC,37.7,36.9,36.9,37.5,37.3,36.6,116000.0,116000.0,0.0,4348000000.0,0.0,0.0,0.0,0.0,0.0,209.0,354800.0,153.0,206900.0,2.3918709951050725,22870550.0,0.0,0.0,0.0,1000.0
2021-08-27T00:00:00,MPC,38.5,37.1,37.3,38.1,38.5,37.5,94800.0,94800.0,0.0,3607000000.0,0.0,0.0,0.0,0.0,0.0,171.0,322200.0,125.0,189200.0,2.3918709951050725,22871050.0,0.0,0.0,0.0,1000.0
2021-08-30T00:00:00,MPC,41.3,38.5,38.5,40.2,39.9,38.1,307600.0,307600.0,0.0,12352000000.0,0.0,1500.0,60235338.10143043,0.0,0.0,555.0,420000.0,406.0,560500.0,2.3918709951050725,22869550.0,0.0,0.0,0.0,1000.0
2021-08-31T00:00:00,MPC,40.8,39.5,40.2,40.4,40.3,40.2,285700.0,285700.0,0.0,11537000000.0,0.0,2000.0,80931639.00414938,1000.0,40443124.714481495,515.0,336900.0,377.0,598800.0,2.3918709951050725,22867550.0,0.0,0.0,0.0,1000.0
2021-09-01T00:00:00,MPC,40.3,39.6,40.3,39.9,40.0,40.4,115500.0,115500.0,0.0,4606000000.0,0.0,0.0,0.0,0.0,0.0,208.0,178600.0,152.0,278300.0,2.3918709951050725,22867550.0,0.0,0.0,0.0,1000.0
2021-09-06T00:00:00,MPC,41.1,38.8,39.9,40.4,40.8,39.9,556200.0,556200.0,0.0,22477000000.0,0.0,0.0,0.0,8000.0,322987421.3836478,1003.0,720000.0,734.0,812600.0,2.3918709951050725,22867550.0,0.0,0.0,0.0,1000.0
2021-09-07T00:00:00,MPC,41.8,40.0,40.5,40.9,40.3,40.4,415800.0,385800.0,30000.0,17156000000.0,1392000000.0,100.0,4113475.3661784288,2000.0,82269507.32356858,696.0,447500.0,509.0,624700.0,2.3918709951050725,22868450.0,0.0,0.0,0.0,1000.0
2021-09-08T00:00:00,MPC,40.9,39.5,40.3,40.1,40.0,40.9,115100.0,115100.0,0.0,4612000000.0,0.0,0.0,0.0,0.0,0.0,208.0,154600.0,152.0,274700.0,2.3918709951050725,22868450.0,0.0,0.0,0.0,1000.0
2021-09-09T00:00:00,MPC,40.0,39.4,40.0,39.7,39.8,40.1,160300.0,121300.0,39000.0,6610000000.0,1794000000.0,0.0,0.0,0.0,0.0,219.0,179600.0,160.0,279300.0,2.3918709951050725,22876450.0,0.0,0.0,0.0,1000.0
2021-09-10T00:00:00,MPC,42.3,39.8,39.8,41.4,41.6,39.7,442600.0,412600.0,30000.0,18466000000.0,1368000000.0,0.0,0.0,0.0,0.0,744.0,516900.0,544.0,630900.0,2.3918709951050725,22878450.0,0.0,0.0,0.0,1000.0
2021-09-13T00:00:00,MPC,42.0,40.6,41.5,41.3,41.1,41.4,194100.0,194100.0,0.0,8009000000.0,0.0,0.0,0.0,23500.0,974048888.8888888,350.0,235100.0,256.0,487700.0,2.3918709951050725,22878450.0,0.0,0.0,0.0,1000.0
2021-09-14T00:00:00,MPC,41.8,39.9,41.0,40.4,40.0,41.3,273800.0,147000.0,126800.0,10400360000.0,4463360000.0,1000.0,40668841.76182708,0.0,0.0,265.0,183600.0,194.0,301200.0,2.3918709951050725,22877450.0,0.0,0.0,0.0,1000.0
2021-09-15T00:00:00,MPC,40.3,38.5,40.0,39.4,39.9,40.4,199700.0,199700.0,0.0,7876000000.0,0.0,0.0,0.0,100.0,3927165.3543307087,360.0,286800.0,263.0,276000.0,2.3918709951050725,22877450.0,0.0,0.0,0.0,1000.0
2021-09-16T00:00:00,MPC,40.9,40.0,40.0,40.2,40.1,39.4,105200.0,105200.0,0.0,4228000000.0,0.0,0.0,0.0,0.0,0.0,190.0,157400.0,139.0,210800.0,2.3918709951050725,22900950.0,0.0,0.0,0.0,1000.0
2021-09-17T00:00:00,MPC,40.6,40.0,40.3,40.2,40.4,40.2,314300.0,194300.0,120000.0,13360000000.0,5544000000.0,0.0,0.0,0.0,0.0,350.0,235900.0,256.0,271400.0,2.3918709951050725,22900950.0,0.0,0.0,0.0,1000.0
2021-09-20T00:00:00,MPC,40.7,39.5,40.7,39.9,39.6,40.2,186100.0,186100.0,0.0,7429000000.0,0.0,0.0,0.0,22000.0,881203630.0777874,296.0,253200.0,278.0,302200.0,2.3918709951050725,22901050.0,0.0,0.0,0.0,1000.0
2021-09-21T00:00:00,MPC,39.6,38.4,39.3,39.0,39.0,39.9,227300.0,227300.0,0.0,8858000000.0,0.0,0.0,0.0,1000.0,38968133.53566009,342.0,329300.0,238.0,366100.0,2.3918709951050725,22901050.0,0.0,0.0,0.0,1000.0
2021-09-22T00:00:00,MPC,39.1,38.5,39.0,38.8,39.1,39.0,182800.0,182800.0,0.0,7090000000.0,0.0,0.0,0.0,0.0,0.0,381.0,286700.0,168.0,250100.0,2.3918709951050725,22901050.0,0.0,0.0,0.0,1000.0
2021-09-23T00:00:00,MPC,39.3,38.6,39.1,38.9,38.8,38.8,111800.0,111800.0,0.0,4347000000.0,0.0,0.0,0.0,0.0,0.0,230.0,241200.0,154.0,176600.0,2.3918709951050725,22923050.0,0.0,0.0,0.0,1000.0
2021-09-24T00:00:00,MPC,39.8,38.6,39.2,38.9,38.7,38.9,66900.0,66900.0,0.0,2603000000.0,0.0,0.0,0.0,0.0,0.0,148.0,118000.0,184.0,182300.0,2.3918709951050725,22924050.0,0.0,0.0,0.0,1000.0
2021-09-27T00:00:00,MPC,38.7,38.0,38.7,38.4,38.0,38.9,169500.0,169500.0,0.0,6503000000.0,0.0,400.0,15368421.05263158,500.0,19311111.111111112,194.0,196800.0,218.0,229000.0,2.3918709951050725,22923650.0,0.0,0.0,0.0,1000.0
2021-09-28T00:00:00,MPC,38.4,37.5,38.0,38.0,38.4,38.4,105900.0,105900.0,0.0,4023000000.0,0.0,0.0,0.0,0.0,0.0,201.0,217100.0,136.0,152300.0,2.3918709951050725,22923650.0,0.0,0.0,0.0,1000.0
2021-09-29T00:00:00,MPC,39.3,38.2,38.5,38.7,39.0,38.0,67400.0,67400.0,0.0,2608000000.0,0.0,300.0,11594736.842105264,0.0,0.0,108.0,99200.0,103.0,119100.0,2.3918709951050725,22923350.0,0.0,0.0,0.0,1000.0
2021-09-30T00:00:00,MPC,39.4,38.7,39.3,39.0,39.0,38.7,32600.0,32600.0,0.0,1272000000.0,0.0,1300.0,50723926.3803681,0.0,0.0,114.0,64800.0,159.0,142500.0,2.3918709951050725,22922550.0,,,,1000.0
2021-10-01T00:00:00,MPC,39.0,38.5,39.0,38.7,38.5,39.0,256000.0,71800.0,184200.0,8894440000.0,6115440000.0,18420.0,7149378787.878788,18420.0,7149378787.878788,131.0,112968.0,137.0,133957.0,2.3918709951050725,22922550.0,0.0,0.0,0.0,1000.0
2021-10-04T00:00:00,MPC,40.2,37.8,38.5,39.3,39.4,38.7,164900.0,164900.0,0.0,6485000000.0,0.0,0.0,0.0,0.0,0.0,248.0,212100.0,290.0,298000.0,2.3918709951050725,22922550.0,0.0,0.0,0.0,1000.0
2021-10-05T00:00:00,MPC,40.1,39.5,39.5,39.8,39.5,39.3,52100.0,52100.0,0.0,2071000000.0,0.0,0.0,0.0,0.0,0.0,98.0,83900.0,236.0,242400.0,2.3918709951050725,22922550.0,0.0,0.0,0.0,1000.0
2021-10-06T00:00:00,MPC,39.8,39.4,39.8,39.6,39.6,39.8,43400.0,43400.0,0.0,1717000000.0,0.0,0.0,0.0,0.0,0.0,78.0,96400.0,86.0,174800.0,2.3918709951050725,22922550.0,0.0,0.0,0.0,1000.0
2021-10-07T00:00:00,MPC,40.0,39.0,39.3,39.5,40.0,39.6,193600.0,193600.0,0.0,7654000000.0,0.0,0.0,0.0,0.0,0.0,346.0,286123.0,383.0,382991.0,2.3918709951050725,22922550.0,0.0,0.0,0.0,1000.0
2021-10-08T00:00:00,MPC,40.3,39.6,40.0,40.0,40.0,39.5,186300.0,186300.0,0.0,7453000000.0,0.0,0.0,0.0,100.0,3996813.6020151135,256.0,230100.0,334.0,315300.0,2.3918709951050725,22922550.0,0.0,0.0,0.0,1000.0
2021-10-11T00:00:00,MPC,40.4,39.9,40.3,40.1,40.0,40.0,76700.0,76700.0,0.0,3073000000.0,0.0,0.0,0.0,0.0,0.0,158.0,102800.0,245.0,222400.0,2.3918709951050725,22922550.0,0.0,0.0,0.0,1000.0
2021-10-12T00:00:00,MPC,40.0,39.5,40.0,39.6,39.7,40.1,77900.0,77900.0,0.0,3086000000.0,0.0,2900.0,115055374.59283388,0.0,0.0,162.0,138600.0,193.0,178100.0,2.3918709951050725,22919650.0,0.0,0.0,0.0,1000.0
2021-10-13T00:00:00,MPC,39.7,39.0,39.7,39.2,39.1,39.6,150300.0,150300.0,0.0,5888000000.0,0.0,0.0,0.0,0.0,0.0,268.0,210600.0,179.0,225800.0,2.3918709951050725,22919750.0,0.0,0.0,0.0,1000.0
2021-10-14T00:00:00,MPC,39.9,39.1,39.8,39.2,39.3,39.2,74600.0,74600.0,0.0,2927000000.0,0.0,0.0,0.0,0.0,0.0,167.0,154100.0,167.0,177700.0,2.3918709951050725,22919750.0,0.0,0.0,0.0,1000.0
2021-10-15T00:00:00,MPC,39.5,39.1,39.2,39.2,39.2,39.2,60100.0,60100.0,0.0,2354000000.0,0.0,0.0,0.0,0.0,0.0,209.0,120900.0,156.0,145200.0,2.3918709951050725,22919750.0,0.0,0.0,0.0,1000.0
2021-10-18T00:00:00,MPC,39.8,39.1,39.3,39.4,39.2,39.2,130500.0,130500.0,0.0,5139000000.0,0.0,0.0,0.0,0.0,0.0,225.0,170000.0,233.0,247100.0,2.3918709951050725,22919750.0,,,,1000.0
2021-10-19T00:00:00,MPC,39.2,38.6,39.2,38.9,39.0,39.4,80500.0,80500.0,0.0,3130000000.0,0.0,0.0,0.0,0.0,0.0,241.0,188600.0,172.0,183000.0,2.3918709951050725,22919750.0,0.0,0.0,0.0,1000.0
2021-10-20T00:00:00,MPC,39.0,38.6,38.9,38.8,38.7,38.9,81200.0,81200.0,0.0,3148000000.0,0.0,0.0,0.0,0.0,0.0,203.0,166100.0,121.0,143600.0,2.3918709951050725,22919750.0,0.0,0.0,0.0,1000.0
2021-10-21T00:00:00,MPC,39.8,38.6,38.6,39.2,39.1,38.8,112200.0,112200.0,0.0,4401000000.0,0.0,0.0,0.0,0.0,0.0,229.0,187100.0,155.0,184000.0,2.3918709951050725,22919750.0,0.0,0.0,0.0,1000.0
2021-10-22T00:00:00,MPC,39.8,39.2,39.7,39.5,39.8,39.2,172300.0,172300.0,0.0,6808000000.0,0.0,0.0,0.0,0.0,0.0,271.0,221900.0,314.0,372100.0,2.3918709951050725,22919750.0,0.0,0.0,0.0,1000.0
2021-10-25T00:00:00,MPC,43.4,39.9,39.9,41.6,41.9,39.5,594000.0,594000.0,0.0,24704000000.0,0.0,0.0,0.0,0.0,0.0,733.0,708713.0,876.0,996751.0,2.3918709951050725,22919750.0,0.0,0.0,0.0,1000.0
2021-10-26T00:00:00,MPC,42.6,41.3,42.0,41.9,41.6,41.6,221400.0,221400.0,0.0,9267000000.0,0.0,0.0,0.0,0.0,0.0,325.0,263584.0,375.0,450919.0,2.3918709951050725,22919750.0,0.0,0.0,0.0,1000.0
2021-10-27T00:00:00,MPC,42.6,41.9,41.9,42.1,42.0,41.9,202400.0,202400.0,0.0,8527770000.0,0.0,0.0,0.0,100.0,4222515.391380827,311.0,238809.0,353.0,375382.0,2.3918709951050725,22919750.0,0.0,0.0,0.0,1000.0
2021-10-28T00:00:00,MPC,42.1,41.3,42.0,41.5,41.4,42.1,288400.0,288400.0,0.0,11968910000.0,0.0,0.0,0.0,0.0,0.0,499.0,352739.0,327.0,419064.0,2.3918709951050725,22919750.0,0.0,0.0,0.0,1000.0
2021-10-29T00:00:00,MPC,42.8,41.2,41.5,41.9,41.8,41.5,181600.0,181600.0,0.0,7610790000.0,0.0,0.0,0.0,0.0,0.0,373.0,269494.0,345.0,457621.0,2.3918709951050725,22919750.0,0.0,0.0,0.0,1000.0
2021-11-01T00:00:00,MPC,48.0,41.9,41.9,44.2,45.3,41.9,753100.0,753100.0,0.0,33306800000.0,0.0,0.0,0.0,0.0,0.0,991.0,1932075.0,873.0,1051011.0,2.3918709951050725,22919850.0,0.0,0.0,0.0,1000.0
2021-11-02T00:00:00,MPC,45.9,44.7,45.0,45.2,44.8,44.2,91100.0,91100.0,0.0,4117000000.0,0.0,0.0,0.0,0.0,0.0,235.0,1260801.0,329.0,360119.0,2.3918709951050725,22919850.0,0.0,0.0,0.0,1000.0
2021-11-03T00:00:00,MPC,45.3,43.4,45.0,44.0,43.7,45.2,326600.0,326600.0,0.0,14368320000.0,0.0,100.0,4399363.135333742,0.0,0.0,625.0,435027.0,392.0,448086.0,2.3918709951050725,22919750.0,0.0,0.0,0.0,1000.0
2021-11-04T00:00:00,MPC,45.9,42.9,43.0,44.4,45.4,44.0,331600.0,331600.0,0.0,14706790000.0,0.0,7800.0,345937762.36429435,0.0,0.0,373.0,771846.0,590.0,629274.0,2.3918709951050725,22911950.0,0.0,0.0,0.0,1000.0
2021-11-05T00:00:00,MPC,47.7,45.4,45.4,46.9,47.1,44.4,527100.0,527100.0,0.0,24736000000.0,0.0,4200.0,197103187.25099602,7800.0,366048776.3232783,691.0,646977.0,641.0,799521.0,2.3918709951050725,22907750.0,0.0,0.0,0.0,1000.0
2021-11-08T00:00:00,MPC,48.9,47.0,48.9,47.68610455311973,47.5,46.9,296500.0,296500.0,0.0,14138930000.0,0.0,100.0,4768610.455311973,0.0,0.0,435.0,319525.0,392.0,548284.0,2.3918709951050725,22907650.0,0.0,0.0,0.0,1000.0
2021-11-09T00:00:00,MPC,47.8,45.8,47.8,46.3,46.5,47.7,339000.0,339000.0,0.0,15697000000.0,0.0,1000.0,46343481.20555367,0.0,0.0,645.0,424161.0,293.0,451315.0,2.3918709951050725,22906650.0,0.0,0.0,0.0,1000.0
2021-11-10T00:00:00,MPC,47.5,46.0,46.3,46.7,47.5,46.3,168900.0,168900.0,0.0,7894820000.0,0.0,0.0,0.0,0.0,0.0,349.0,279397.0,312.0,304591.0,2.3918709951050725,22914450.0,0.0,0.0,0.0,1000.0
2021-11-11T00:00:00,MPC,47.5,46.0,47.5,46.5,46.8,46.7,185900.0,185900.0,0.0,8653000000.0,0.0,0.0,0.0,0.0,0.0,372.0,258856.0,269.0,303448.0,2.3918709951050725,24914450.0,0.0,0.0,0.0,1000.0
2021-11-12T00:00:00,MPC,47.1,46.3,46.5,46.8,47.1,46.5,205900.0,205600.0,300.0,9635020000.0,14340000.0,0.0,0.0,0.0,0.0,264.0,287834.0,315.0,334374.0,2.3918709951050725,24914450.0,0.0,0.0,0.0,1000.0
2021-11-15T00:00:00,MPC,48.2,46.6,47.1,47.4,47.6,46.8,287300.0,287300.0,0.0,13608000000.0,0.0,36900.0,1747728106.5088758,0.0,0.0,364.0,346299.0,416.0,381237.0,2.3918709951050725,24877550.0,0.0,0.0,0.0,1000.0
2021-11-16T00:00:00,MPC,48.5,46.0,47.6,47.2,47.5,47.4,149600.0,149600.0,0.0,7067240000.0,0.0,0.0,0.0,0.0,0.0,310.0,204457.0,297.0,246219.0,2.3918709951050725,24877550.0,0.0,0.0,0.0,1000.0
2021-11-17T00:00:00,MPC,47.5,46.8,47.2,47.1,47.5,47.2,109700.0,109700.0,0.0,5163000000.0,0.0,400.0,18825925.250683684,2000.0,94129626.25341842,252.0,164519.0,226.0,221904.0,2.3918709951050725,24877150.0,0.0,0.0,0.0,1000.0
2021-11-18T00:00:00,MPC,50.4,48.0,48.0,49.4,49.3,47.1,372200.0,372200.0,0.0,18395000000.0,0.0,0.0,0.0,0.0,0.0,456.0,410902.0,619.0,612530.0,2.3918709951050725,24877150.0,0.0,0.0,0.0,1000.0
2021-11-19T00:00:00,MPC,49.5,43.6,49.5,47.6,47.0,49.4,337000.0,337000.0,0.0,16043820000.0,0.0,0.0,0.0,0.0,0.0,470.0,399802.0,347.0,453852.0,2.3918709951050725,24877150.0,0.0,0.0,0.0,1000.0
2021-11-22T00:00:00,MPC,47.2,45.2,47.2,45.9,45.2,47.6,236700.0,236700.0,0.0,10860420000.0,0.0,20000.0,917652724.9683143,100.0,4588263.624841572,313.0,329183.0,283.0,317620.0,2.3918709951050725,24859150.0,0.0,0.0,0.0,1000.0
2021-11-23T00:00:00,MPC,46.5,44.0,44.0,45.3,46.5,45.9,171900.0,171900.0,0.0,7780340000.0,0.0,10000.0,452608493.310064,0.0,0.0,326.0,289461.0,187.0,247581.0,2.3918709951050725,24849150.0,0.0,0.0,0.0,1000.0
2021-11-24T00:00:00,MPC,47.0,45.8,46.5,46.2,46.2,45.3,90400.0,90400.0,0.0,4177000000.0,0.0,0.0,0.0,0.0,0.0,202.0,210446.0,189.0,184310.0,2.3918709951050725,24849150.0,0.0,0.0,0.0,1000.0
2021-11-25T00:00:00,MPC,46.8,46.0,46.2,46.5,46.7,46.2,106100.0,106100.0,0.0,4929539686.0,0.0,0.0,0.0,0.0,0.0,225.0,174922.0,203.0,201560.0,2.3918709951050725,248492460.0,0.0,0.0,0.0,1000.0
2021-11-26T00:00:00,MPC,47.0,45.9,46.8,46.4,46.2,46.5,191800.0,191800.0,0.0,8899000000.0,0.0,0.0,0.0,0.0,0.0,305.0,234526.0,261.0,345557.0,2.3918709951050725,24849250.0,0.0,0.0,0.0,1000.0
2021-11-29T00:00:00,MPC,47.4,45.5,46.5,46.4,47.0,46.4,183900.0,183900.0,0.0,8531270000.0,0.0,0.0,0.0,0.0,0.0,306.0,327634.0,246.0,270519.0,2.3918709951050725,24849250.0,0.0,0.0,0.0,1000.0
2021-11-30T00:00:00,MPC,49.0,47.0,47.0,47.8,47.4,46.4,193500.0,193500.0,0.0,9239740000.0,0.0,100.0,4775059.431524548,0.0,0.0,271.0,273039.0,338.0,350252.0,2.3918709951050725,24849150.0,0.0,0.0,0.0,1000.0
2021-12-01T00:00:00,MPC,48.0,47.0,47.8,47.5,48.0,47.8,122000.0,122000.0,0.0,5790180000.0,0.0,0.0,0.0,300.0,14238147.540983606,211.0,207691.0,208.0,186401.0,2.3918709951050725,24849150.0,0.0,0.0,0.0,1000.0
2021-12-02T00:00:00,MPC,48.5,47.5,48.5,47.928885630498534,47.7,47.5,136400.0,136400.0,0.0,6537500000.0,0.0,0.0,0.0,15000.0,718933284.457478,288.0,156318.0,257.0,249479.0,2.3918709951050725,24849150.0,0.0,0.0,0.0,1000.0
2021-12-03T00:00:00,MPC,47.9,46.3,47.9,46.8,46.5,47.9,135500.0,135500.0,0.0,6339010000.0,0.0,0.0,0.0,0.0,0.0,300.0,179691.0,218.0,271194.0,2.3918709951050725,24849150.0,0.0,0.0,0.0,1000.0
2021-12-06T00:00:00,MPC,46.5,44.5,46.5,45.7,44.9,46.8,143700.0,143700.0,0.0,6563390000.0,0.0,0.0,0.0,300.0,13702275.574112736,212.0,155123.0,175.0,181251.0,2.3918709951050725,24849450.0,0.0,0.0,0.0,1000.0
2021-12-07T00:00:00,MPC,46.0,44.8,46.0,45.3,45.4,45.7,131100.0,131100.0,0.0,5934240000.0,0.0,5100.0,230851441.64759725,600.0,27158993.135011442,305.0,180014.0,174.0,176491.0,2.3918709951050725,24859350.0,0.0,0.0,0.0,1000.0
2021-12-08T00:00:00,MPC,46.5,45.4,45.4,45.9,45.9,45.3,33200.0,33200.0,0.0,1524280000.0,0.0,0.0,0.0,0.0,0.0,129.0,75179.0,133.0,139583.0,2.3918709951050725,24859350.0,0.0,0.0,0.0,1000.0
2021-12-09T00:00:00,MPC,44.8,43.5,44.8,43.9,44.2,43.9,48300.0,48300.0,0.0,2120000000.0,0.0,100.0,4390248.447204969,0.0,0.0,182.0,100830.0,113.0,111839.0,2.287650036625973,24859550.0,0.0,0.0,0.0,1000.0
2021-12-10T00:00:00,MPC,45.0,43.9,45.0,44.3,43.9,43.9,72300.0,72300.0,0.0,3200450000.0,0.0,0.0,0.0,0.0,0.0,151.0,79346.0,140.0,155672.0,2.287650036625973,24860150.0,0.0,0.0,0.0,1000.0
2021-12-13T00:00:00,MPC,44.6,43.1,44.0,43.5,43.5,44.3,276500.0,276500.0,0.0,12019210000.0,0.0,82000.0,3564467341.772152,0.0,0.0,384.0,379415.0,205.0,375814.0,2.287650036625973,24778150.0,0.0,0.0,0.0,1000.0
2021-12-14T00:00:00,MPC,43.6,43.2,43.5,43.4,43.4,43.5,150300.0,150300.0,0.0,6516960000.0,0.0,55000.0,2384782435.1297407,0.0,0.0,225.0,234309.0,204.0,259777.0,2.287650036625973,24723150.0,0.0,0.0,0.0,1000.0
2021-12-15T00:00:00,MPC,43.4,42.7,43.4,43.0,42.8,43.4,155900.0,155900.0,0.0,6697080000.0,0.0,60000.0,2577452212.9570236,2000.0,85915073.76523413,256.0,232683.0,132.0,197665.0,2.287650036625973,24663150.0,0.0,0.0,0.0,1000.0
2021-12-16T00:00:00,MPC,43.6,42.6,42.8,43.0,42.9,43.0,36500.0,36500.0,0.0,1568500000.0,0.0,1000.0,42972602.73972603,0.0,0.0,169.0,89278.0,150.0,160278.0,2.287650036625973,24662150.0,0.0,0.0,0.0,1000.0
2021-12-17T00:00:00,MPC,43.5,42.5,43.4,42.8,42.5,43.0,69800.0,69800.0,0.0,2987120000.0,0.0,0.0,0.0,0.0,0.0,210.0,118081.0,170.0,142395.0,2.287650036625973,24662150.0,0.0,0.0,0.0,1000.0
2021-12-20T00:00:00,MPC,43.4,42.5,42.5,42.7,42.9,42.8,68500.0,68500.0,0.0,2925700000.0,0.0,0.0,0.0,0.0,0.0,156.0,101084.0,147.0,146514.0,2.287650036625973,24664150.0,0.0,0.0,0.0,1000.0
2021-12-21T00:00:00,MPC,43.1,42.3,42.7,42.6,42.9,42.7,128000.0,128000.0,0.0,5455590000.0,0.0,20000.0,852435937.5,0.0,0.0,196.0,203714.0,176.0,166504.0,2.287650036625973,24644150.0,0.0,0.0,0.0,1000.0
2021-12-22T00:00:00,MPC,43.5,42.6,42.7,42.9,42.7,42.6,89400.0,89400.0,0.0,3837000000.0,0.0,10000.0,429156599.5525727,0.0,0.0,127.0,112029.0,184.0,205426.0,2.287650036625973,24634150.0,0.0,0.0,0.0,1000.0
2021-12-23T00:00:00,MPC,42.8,42.2,42.7,42.3,42.2,42.9,112300.0,112300.0,0.0,4749610000.0,0.0,0.0,0.0,0.0,0.0,143.0,172331.0,155.0,171037.0,2.287650036625973,24634150.0,0.0,0.0,0.0,1000.0
2021-12-24T00:00:00,MPC,43.1,42.1,43.1,42.3,42.4,42.3,58700.0,58700.0,0.0,2481250000.0,0.0,100.0,4227001.703577513,0.0,0.0,127.0,112132.0,119.0,149234.0,2.287650036625973,24634050.0,,,,1000.0
2021-12-27T00:00:00,MPC,42.8,42.2,42.8,42.5,42.5,42.3,29500.0,29500.0,0.0,1252370000.0,0.0,100.0,4245322.033898305,0.0,0.0,90.0,43900.0,89.0,66754.0,2.287650036625973,24633950.0,0.0,0.0,0.0,1000.0
2021-12-28T00:00:00,MPC,42.9,42.2,42.7,42.6,42.4,42.5,50100.0,50100.0,0.0,2132630247.0,0.0,0.0,0.0,0.0,0.0,131.0,110265.0,131.0,97658.0,2.287650036625973,246339460.0,0.0,0.0,0.0,1000.0
2021-12-29T00:00:00,MPC,43.4,42.0,42.7,42.5,42.3,42.6,108000.0,108000.0,0.0,4594740120.0,0.0,6900.0,293552841.0,0.0,0.0,177.0,120631.0,153.0,154434.0,2.287650036625973,246270460.0,0.0,0.0,0.0,1000.0
2021-12-30T00:00:00,MPC,42.9,42.1,42.9,42.3,42.1,42.5,49500.0,49500.0,0.0,2091779910.0,0.0,1500.0,63387270.0,0.0,0.0,145.0,117936.0,128.0,115696.0,2.287650036625973,246255460.0,0.0,0.0,0.0,1000.0
2021-12-31T00:00:00,MPC,42.9,42.0,42.9,42.2,42.2,42.3,71400.0,71400.0,0.0,3010000000.0,0.0,700.0,29507058.0,22900.0,965302326.0,126.0,110975.0,127.0,133828.0,2.287650036625973,24624850.0,0.0,0.0,0.0,1000.0
2022-01-04T00:00:00,MPC,42.9,42.2,42.2,42.4,42.8,42.2,126800.0,126800.0,0.0,5382510376.0,0.0,0.0,0.0,0.0,0.0,187.0,194827.0,191.0,185719.0,2.287650036625973,246248460.0,0.0,0.0,0.0,1000.0
2022-01-05T00:00:00,MPC,45.9,42.5,42.8,44.1,44.6,42.4,262849.0,262800.0,49.0,11587768900.0,1768900.0,0.0,0.0,50.0,2204337.899543379,357.0,344828.0,423.0,369405.0,2.287650036625973,24624850.0,0.0,0.0,0.0,1000.0
2022-01-06T00:00:00,MPC,44.9,44.0,44.4,44.2,44.1,44.1,83500.0,83500.0,0.0,3691630000.0,0.0,0.0,0.0,0.0,0.0,146.0,110751.0,198.0,178392.0,2.287650036625973,24647750.0,0.0,0.0,0.0,1000.0
2022-01-07T00:00:00,MPC,44.0,43.2,43.9,43.5,43.2,44.2,63200.0,63200.0,0.0,2749000000.0,0.0,0.0,0.0,3200.0,139210624.0,167.0,92848.0,121.0,120260.0,2.287650036625973,24647750.0,0.0,0.0,0.0,1000.0
2022-01-10T00:00:00,MPC,43.5,41.6,43.5,42.6,42.1,43.5,168000.0,168000.0,0.0,7148470000.0,0.0,1000.0,42550416.666666664,0.0,0.0,284.0,191611.0,185.0,217594.0,2.287650036625973,24646800.0,0.0,0.0,0.0,1000.0
2022-01-11T00:00:00,MPC,44.9,42.3,42.6,43.1,42.8,42.6,73400.0,73400.0,0.0,3160000000.0,0.0,0.0,0.0,1000.0,43053270.0,88.0,84207.0,210.0,172853.0,2.287650036625973,24646800.0,0.0,0.0,0.0,1000.0
2022-01-12T00:00:00,MPC,43.4,41.8,42.1,42.3,42.3,43.1,87400.0,87400.0,0.0,3696000000.0,0.0,300.0,12685915.331807781,0.0,0.0,163.0,126218.0,160.0,160428.0,2.287650036625973,24649700.0,0.0,0.0,0.0,1000.0
2022-01-13T00:00:00,MPC,43.9,41.0,42.5,41.9,41.0,42.3,85600.0,85600.0,0.0,3584360000.0,0.0,0.0,0.0,0.0,0.0,173.0,142243.0,175.0,200916.0,2.287650036625973,24649700.0,0.0,0.0,0.0,1000.0
2022-01-14T00:00:00,MPC,43.0,40.9,41.7,41.8,41.7,41.9,61800.0,61800.0,0.0,2583550236.0,0.0,0.0,0.0,0.0,0.0,122.0,84733.0,162.0,163528.0,2.287650036625973,246506950.0,0.0,0.0,0.0,1000.0
2022-01-17T00:00:00,MPC,42.1,39.8,40.9,40.7,40.0,41.8,83300.0,83300.0,0.0,3389650264.0,0.0,500.0,20346040.0,1600.0,65107328.0,175.0,98537.0,174.0,155532.0,2.287650036625973,246501950.0,0.0,0.0,0.0,1000.0
2022-01-18T00:00:00,MPC,41.4,39.5,40.7,40.2,39.6,40.7,30000.0,30000.0,0.0,1205280000.0,0.0,2100.0,84369600.0,0.0,0.0,89.0,41266.0,129.0,110552.0,2.287650036625973,246480950.0,0.0,0.0,0.0,1000.0
2022-01-19T00:00:00,MPC,41.4,39.9,41.4,40.6,40.7,40.2,46500.0,46500.0,0.0,1885729845.0,0.0,0.0,0.0,0.0,0.0,98.0,82422.0,138.0,116861.0,2.287650036625973,246480950.0,0.0,0.0,0.0,1000.0
2022-01-20T00:00:00,MPC,41.4,40.5,41.3,40.8,40.8,40.6,29500.0,29500.0,0.0,1202119985.0,0.0,0.0,0.0,0.0,0.0,99.0,52576.0,103.0,90188.0,2.287650036625973,246496950.0,0.0,0.0,0.0,1000.0
2022-01-21T00:00:00,MPC,41.9,40.0,41.1,41.0,40.1,40.8,51800.0,51800.0,0.0,2125379900.0,0.0,0.0,0.0,0.0,0.0,112.0,63442.0,131.0,113900.0,2.287650036625973,246496950.0,0.0,0.0,0.0,1000.0
2022-01-24T00:00:00,MPC,40.7,38.2,40.6,39.4,38.2,41.0,62600.0,62600.0,0.0,2464000000.0,0.0,500.0,19680110.0,0.0,0.0,152.0,111593.0,125.0,132989.0,2.287650036625973,24649200.0,0.0,0.0,0.0,1000.0
2022-01-25T00:00:00,MPC,40.7,38.1,38.9,38.7,38.8,39.4,27100.0,27100.0,0.0,1048229897.0,0.0,200.0,7736014.0,0.0,0.0,138.0,58907.0,111.0,80458.0,2.287650036625973,246489950.0,0.0,0.0,0.0,1000.0
2022-01-26T00:00:00,MPC,39.3,38.0,38.0,38.8,38.9,38.7,37700.0,37700.0,0.0,1461129852.0,0.0,200.0,7751352.0,0.0,0.0,122.0,71903.0,90.0,70419.0,2.287650036625973,246487950.0,0.0,0.0,0.0,1000.0
2022-01-27T00:00:00,MPC,39.2,38.4,39.1,38.7,38.4,38.8,19200.0,19200.0,0.0,743809920.0,0.0,0.0,0.0,0.0,0.0,99.0,48004.0,68.0,60819.0,2.287650036625973,246487950.0,0.0,0.0,0.0,1000.0
2022-01-28T00:00:00,MPC,39.8,38.3,39.8,38.9,38.9,38.7,22300.0,22300.0,0.0,866670099.0,0.0,100.0,3886413.0,0.0,0.0,105.0,44611.0,89.0,67801.0,2.287650036625973,246486950.0,0.0,0.0,0.0,1000.0
2022-02-07T00:00:00,MPC,40.9,39.3,39.4,40.2,39.7,38.9,23800.0,23800.0,0.0,956590068.0,0.0,0.0,0.0,0.0,0.0,91.0,57829.0,97.0,53987.0,2.287650036625973,246486950.0,0.0,0.0,0.0,1000.0
2022-02-08T00:00:00,MPC,41.7,40.0,40.0,41.0,41.0,40.2,56200.0,56200.0,0.0,2305439772.0,0.0,0.0,0.0,0.0,0.0,135.0,117847.0,174.0,99943.0,2.287650036625973,246486950.0,0.0,0.0,0.0,1000.0
2022-02-09T00:00:00,MPC,41.8,41.0,41.8,41.1,41.1,41.0,35200.0,35200.0,0.0,1448089984.0,0.0,0.0,0.0,1000.0,41138920.0,118.0,49516.0,108.0,85518.0,2.287650036625973,246486950.0,0.0,0.0,0.0,1000.0
2022-02-10T00:00:00,MPC,42.4,40.8,41.8,41.6,40.8,41.1,34300.0,34300.0,0.0,1428350098.0,0.0,900.0,37478574.0,2800.0,116600008.0,99.0,50887.0,138.0,98031.0,2.287650036625973,246477950.0,0.0,0.0,0.0,1000.0
2022-02-11T00:00:00,MPC,41.6,40.5,41.5,40.9,41.5,41.6,31700.0,31700.0,0.0,1296210147.0,0.0,0.0,0.0,0.0,0.0,110.0,93291.0,101.0,112435.0,2.287650036625973,246477950.0,0.0,0.0,0.0,1000.0
2022-02-14T00:00:00,MPC,42.2,40.7,41.8,41.5,41.5,40.9,135200.0,135200.0,0.0,5610909512.0,0.0,0.0,0.0,2500.0,103752025.0,190.0,174371.0,217.0,186616.0,2.287650036625973,246487950.0,0.0,0.0,0.0,1000.0
2022-02-15T00:00:00,MPC,42.2,41.0,41.5,41.5,41.7,41.5,34400.0,34400.0,0.0,1428000000.0,0.0,300.0,12454971.0,400.0,16606628.0,99.0,79426.0,146.0,109497.0,2.287650036625973,24651300.0,0.0,0.0,0.0,1000.0
2022-02-16T00:00:00,MPC,42.3,41.5,42.0,41.9,41.7,41.5,26700.0,26700.0,0.0,1118000000.0,0.0,0.0,0.0,800.0,33500528.0,102.0,50474.0,125.0,79784.0,2.287650036625973,24651300.0,0.0,0.0,0.0,1000.0
2022-02-17T00:00:00,MPC,42.3,41.5,42.3,41.7,41.5,41.9,35300.0,35300.0,0.0,1471739955.0,0.0,0.0,0.0,0.0,0.0,124.0,78606.0,144.0,118915.0,2.287650036625973,246537950.0,0.0,0.0,0.0,1000.0
2022-02-18T00:00:00,MPC,41.6,41.0,41.0,41.3,41.5,41.7,50100.0,50100.0,0.0,2069759757.0,0.0,100.0,4131257.0,0.0,0.0,164.0,108357.0,115.0,113690.0,2.287650036625973,246540950.0,0.0,0.0,0.0,1000.0
2022-02-21T00:00:00,MPC,43.5,41.3,41.5,42.4,42.6,41.3,118300.0,118300.0,0.0,5015589943.0,0.0,1100.0,46636931.0,0.0,0.0,202.0,171454.0,236.0,194824.0,2.287650036625973,246537950.0,0.0,0.0,0.0,1000.0
2022-02-22T00:00:00,MPC,42.6,41.4,42.6,42.0,41.9,42.4,84000.0,84000.0,0.0,3526289760.0,0.0,0.0,0.0,0.0,0.0,145.0,148538.0,133.0,163575.0,2.287650036625973,246537950.0,0.0,0.0,0.0,1000.0
2022-02-23T00:00:00,MPC,43.1,41.6,42.4,42.5,42.5,42.0,81500.0,81500.0,0.0,3461829860.0,0.0,0.0,0.0,0.0,0.0,145.0,131507.0,200.0,176590.0,2.287650036625973,246537950.0,0.0,0.0,0.0,1000.0
2022-02-24T00:00:00,MPC,42.5,40.5,42.5,41.7,42.3,42.5,102400.0,102400.0,0.0,4265860096.0,0.0,9200.0,383260868.0,0.0,0.0,200.0,155857.0,161.0,152451.0,2.287650036625973,246445950.0,0.0,0.0,0.0,1000.0
2022-02-25T00:00:00,MPC,42.9,41.0,42.2,42.1,42.0,41.7,39000.0,39000.0,0.0,1640469870.0,0.0,300.0,12618999.0,0.0,0.0,148.0,115856.0,154.0,125931.0,2.287650036625973,246442950.0,0.0,0.0,0.0,1000.0
2022-02-28T00:00:00,MPC,41.5,40.0,41.5,40.4,40.8,42.1,158400.0,158400.0,0.0,6393939552.0,0.0,300.0,12109734.0,100.0,4036578.0,455.0,297592.0,161.0,216841.0,2.287650036625973,246439950.0,0.0,0.0,0.0,1000.0
2022-03-01T00:00:00,MPC,41.9,40.4,40.4,41.4,41.7,40.4,70200.0,70200.0,0.0,2902750344.0,0.0,0.0,0.0,0.0,0.0,165.0,112545.0,152.0,113321.0,2.287650036625973,246439950.0,0.0,0.0,0.0,1000.0
2022-03-02T00:00:00,MPC,42.5,41.4,41.7,42.0,42.0,41.4,83000.0,83000.0,0.0,3483270130.0,0.0,0.0,0.0,0.0,0.0,177.0,119727.0,227.0,161740.0,2.287650036625973,246439950.0,0.0,0.0,0.0,1000.0
2022-03-03T00:00:00,MPC,44.4,41.9,41.9,43.2,43.5,42.0,313700.0,313700.0,0.0,13542679960.0,0.0,100.0,4317080.0,0.0,0.0,361.0,362017.0,567.0,418965.0,2.287650036625973,246439950.0,,,,1000.0
2022-03-04T00:00:00,MPC,44.3,43.4,43.5,43.9,43.6,43.2,79600.0,79600.0,0.0,3491340376.0,0.0,0.0,0.0,0.0,0.0,142.0,99464.0,283.0,194498.0,2.287650036625973,246439950.0,0.0,0.0,0.0,1000.0
2022-03-07T00:00:00,MPC,43.6,42.8,43.6,43.0,43.1,43.9,80700.0,80700.0,0.0,3467679807.0,0.0,100.0,4297001.0,0.0,0.0,201.0,130907.0,149.0,142300.0,2.287650036625973,246438950.0,,,,1000.0
2022-03-08T00:00:00,MPC,43.0,41.6,43.0,42.2,41.6,43.0,117200.0,117200.0,0.0,4941050036.0,0.0,100.0,4215913.0,0.0,0.0,207.0,138807.0,196.0,220500.0,2.287650036625973,246437950.0,,,,1000.0
2022-03-09T00:00:00,MPC,42.1,40.3,41.7,41.1,41.2,42.2,102000.0,102000.0,0.0,4193869740.0,0.0,100.0,4111637.0,0.0,0.0,280.0,163884.0,124.0,516220.0,2.287650036625973,246436950.0,,,,1000.0
2022-03-10T00:00:00,MPC,44.9,41.1,41.4,42.2,42.5,41.1,398300.0,398300.0,0.0,16826028163.0,0.0,1100.0,46469071.0,0.0,0.0,412.0,451449.0,318.0,1288840.0,2.287650036625973,246425950.0,,,,1000.0
2022-03-11T00:00:00,MPC,44.3,42.0,42.4,43.0,42.5,42.2,350200.0,350200.0,0.0,15070860502.0,0.0,400.0,17214004.0,0.0,0.0,329.0,410117.0,401.0,941591.0,2.287650036625973,246421950.0,,,,1000.0
2022-03-14T00:00:00,MPC,43.0,41.1,43.0,41.8,41.5,43.0,128700.0,128700.0,0.0,5379259743.0,0.0,0.0,0.0,0.0,0.0,248.0,191524.0,177.0,525416.0,2.287650036625973,246421950.0,,,,1000.0
2022-03-15T00:00:00,MPC,41.8,40.7,41.8,41.2,41.5,41.8,83300.0,83300.0,0.0,3428119870.0,0.0,0.0,0.0,0.0,0.0,253.0,155978.0,145.0,204026.0,2.287650036625973,246421950.0,,,,1000.0
2022-03-16T00:00:00,MPC,41.6,40.9,41.3,41.2,41.2,41.2,97000.0,97000.0,0.0,3993689820.0,0.0,0.0,0.0,2400.0,98812944.0,188.0,146651.0,151.0,220777.0,2.287650036625973,246421950.0,,,,1000.0
2022-03-17T00:00:00,MPC,41.3,40.6,41.2,40.8,41.3,41.2,91000.0,91000.0,0.0,3714000000.0,0.0,100.0,4081033.0,0.0,0.0,299.0,176937.0,154.0,200338.0,2.287650036625973,24642100.0,,,,1000.0
2022-03-18T00:00:00,MPC,41.3,40.7,41.3,40.9,41.2,40.8,60600.0,60600.0,0.0,2478970260.0,0.0,200.0,8181420.0,0.0,0.0,191.0,137552.0,147.0,138919.0,2.287650036625973,246418950.0,,,,1000.0
2022-03-21T00:00:00,MPC,41.3,40.7,41.2,40.9,41.0,40.9,97900.0,97900.0,0.0,4003000000.0,0.0,500.0,20443975.0,0.0,0.0,185.0,163920.0,159.0,201619.0,2.287650036625973,24643800.0,,,,1000.0
2022-03-22T00:00:00,MPC,41.4,40.8,41.0,41.0,41.0,40.9,83500.0,83500.0,0.0,3426229615.0,0.0,100.0,4103269.0,0.0,0.0,193.0,168912.0,155.0,176872.0,2.287650036625973,246436950.0,,,,1000.0
2022-03-23T00:00:00,MPC,42.9,41.2,41.2,41.5,41.3,41.0,293400.0,293400.0,0.0,12190000000.0,0.0,0.0,0.0,0.0,0.0,292.0,379242.0,269.0,763393.0,2.287650036625973,24643700.0,,,,1000.0
2022-03-24T00:00:00,MPC,41.5,40.9,41.3,41.2,41.4,41.5,216000.0,216000.0,0.0,8903150640.0,0.0,300.0,12365487.0,0.0,0.0,246.0,295578.0,188.0,486768.0,2.287650036625973,24643395.0,,,,1000.0
2022-03-25T00:00:00,MPC,41.4,41.0,41.2,41.2,41.2,41.2,143800.0,143800.0,0.0,5926889560.0,0.0,0.0,0.0,0.0,0.0,253.0,258220.0,153.0,329433.0,2.287650036625973,24643395.0,,,,1000.0
2022-03-28T00:00:00,MPC,44.4,41.1,41.2,42.8,44.0,41.2,856800.0,856800.0,0.0,36702595944.0,0.0,0.0,0.0,1000.0,42836830.0,535.0,979415.0,811.0,977085.0,2.287650036625973,24643395.0,,,,1000.0
2022-03-29T00:00:00,MPC,45.4,43.0,43.0,44.3,43.8,42.8,277900.0,277900.0,0.0,12298200495.0,0.0,600.0,26552430.0,400.0,17701620.0,403.0,352471.0,523.0,466656.0,2.287650036625973,24642795.0,,,,1000.0
2022-03-30T00:00:00,MPC,45.5,42.9,44.3,44.0,43.8,44.3,234300.0,234300.0,0.0,10301000000.0,0.0,0.0,0.0,200.0,8793146.0,439.0,318208.0,413.0,374837.0,2.287650036625973,24642800.0,,,,1000.0
2022-03-31T00:00:00,MPC,43.9,42.6,43.9,43.1,43.3,44.0,223600.0,223600.0,0.0,9647459016.0,0.0,6800.0,293393208.0,1000.0,43146060.0,368.0,328006.0,273.0,427639.0,2.287650036625973,24636995.0,,,,1000.0
2022-04-01T00:00:00,MPC,43.8,42.0,43.1,42.9,43.1,43.1,277600.0,277600.0,0.0,11913000000.0,0.0,0.0,0.0,0.0,0.0,428.0,390856.0,286.0,420285.0,2.287650036625973,24637400.0,,,,1000.0
2022-04-04T00:00:00,MPC,44.8,43.0,43.0,44.1,44.0,42.9,209700.0,209700.0,0.0,9248069871.0,0.0,0.0,0.0,0.0,0.0,260.0,282666.0,442.0,385416.0,2.287650036625973,24637595.0,,,,1000.0
2022-04-05T00:00:00,MPC,44.4,43.1,44.0,43.9,44.2,44.1,153500.0,153500.0,0.0,6732589820.0,0.0,100.0,4386052.0,0.0,0.0,234.0,215110.0,274.0,248079.0,2.287650036625973,24638495.0,,,,1000.0
2022-04-06T00:00:00,MPC,44.0,43.2,44.0,43.6,43.9,43.9,155400.0,155400.0,0.0,6776470302.0,0.0,0.0,0.0,100.0,4360663.0,233.0,218469.0,242.0,245734.0,2.287650036625973,24638495.0,,,,1000.0
2022-04-07T00:00:00,MPC,44.8,43.9,43.9,44.4,44.4,43.6,366800.0,366800.0,0.0,16285710924.0,0.0,5000.0,221997150.0,0.0,0.0,327.0,451530.0,542.0,509953.0,2.287650036625973,24633495.0,,,,1000.0
2022-04-08T00:00:00,MPC,45.0,44.0,44.5,44.4,44.3,44.4,304900.0,304900.0,0.0,13526720805.0,0.0,0.0,0.0,0.0,0.0,217.0,331111.0,323.0,423739.0,2.287650036625973,24633495.0,,,,1000.0
2022-04-12T00:00:00,MPC,47.5,43.1,44.0,45.2,45.8,44.4,397400.0,397400.0,0.0,17951000000.0,0.0,31300.0,1413849483.0,0.0,0.0,294.0,475879.0,521.0,540674.0,2.287650036625973,24602300.0,,,,1000.0
2022-04-13T00:00:00,MPC,46.9,45.2,45.3,46.3,46.5,45.2,342500.0,342500.0,0.0,15858208950.0,0.0,124300.0,5755256562.0,0.0,0.0,232.0,601073.0,406.0,570024.0,2.287650036625973,24477995.0,,,,1000.0
2022-04-14T00:00:00,MPC,47.5,46.0,46.4,46.8,47.0,46.3,300400.0,300400.0,0.0,14053000000.0,0.0,200.0,9356258.0,100.0,4678129.0,267.0,408546.0,458.0,505819.0,2.287650036625973,24477800.0,,,,1000.0
2022-04-15T00:00:00,MPC,48.4,47.0,47.0,47.7,48.0,46.8,420800.0,420800.0,0.0,20073851616.0,0.0,118800.0,5667237576.0,0.0,0.0,268.0,579991.0,444.0,584011.0,2.287650036625973,24358995.0,,,,1000.0
2022-04-18T00:00:00,MPC,49.4,47.3,47.7,48.2,47.8,47.7,269800.0,269800.0,0.0,12996730056.0,0.0,11800.0,568426296.0,0.0,0.0,324.0,299322.0,397.0,425251.0,2.287650036625973,24347195.0,,,,1000.0
2022-04-19T00:00:00,MPC,47.9,45.0,47.5,46.4,45.0,48.2,384800.0,384800.0,0.0,17859699312.0,0.0,0.0,0.0,300.0,13923882.0,366.0,415739.0,330.0,530642.0,2.287650036625973,24347295.0,,,,1000.0
2022-04-20T00:00:00,MPC,46.0,43.4,45.0,44.7,44.6,46.4,282000.0,282000.0,0.0,12605470500.0,0.0,0.0,0.0,500.0,22350125.0,307.0,328852.0,272.0,351260.0,2.287650036625973,24347295.0,,,,1000.0
2022-04-21T00:00:00,MPC,44.7,42.2,44.0,43.2,44.0,44.7,188600.0,188600.0,0.0,8141899720.0,0.0,200.0,8634040.0,2000.0,86340400.0,249.0,273136.0,225.0,229060.0,2.287650036625973,24347095.0,,,,1000.0
2022-04-22T00:00:00,MPC,45.0,40.3,42.6,41.8,41.1,43.2,162600.0,162600.0,0.0,6792229638.0,0.0,100.0,4177263.0,1600.0,66836208.0,287.0,296350.0,192.0,239330.0,2.287650036625973,24347295.0,,,,1000.0
2022-04-25T00:00:00,MPC,41.6,37.0,41.5,39.2,39.7,41.8,185600.0,185600.0,0.0,7268869952.0,0.0,0.0,0.0,500.0,19582085.0,268.0,247311.0,179.0,238522.0,2.287650036625973,24347795.0,,,,1000.0
2022-04-26T00:00:00,MPC,39.0,33.5,38.0,37.4,38.7,39.2,89500.0,89500.0,0.0,3344970315.0,0.0,1600.0,59798352.0,0.0,0.0,211.0,179161.0,111.0,136054.0,2.287650036625973,24348195.0,,,,1000.0
2022-04-27T00:00:00,MPC,39.9,38.0,39.0,39.1,39.2,37.4,97500.0,97500.0,0.0,3807849825.0,0.0,15400.0,601444998.0,0.0,0.0,182.0,168349.0,104.0,119229.0,2.287650036625973,24334395.0,,,,1000.0
2022-04-28T00:00:00,MPC,39.9,38.6,39.2,39.1,39.3,39.1,66200.0,66200.0,0.0,2590639686.0,0.0,100.0,3913353.0,8600.0,336548358.0,173.0,179227.0,115.0,116823.0,2.287650036625973,24334795.0,,,,1000.0
2022-04-29T00:00:00,MPC,43.9,39.0,39.3,40.6,43.9,39.1,134300.0,134300.0,0.0,5446650655.0,0.0,51200.0,2076459520.0,0.0,0.0,222.0,196342.0,145.0,160467.0,2.287650036625973,24283595.0,,,,1000.0
2022-05-04T00:00:00,MPC,43.0,40.6,42.9,41.4,41.8,40.6,96000.0,96000.0,0.0,3971630400.0,0.0,100.0,4137115.0,9400.0,388888810.0,177.0,159159.0,165.0,205012.0,2.287650036625973,24283495.0,,,,1000.0
2022-05-05T00:00:00,MPC,43.0,40.8,42.5,41.3,41.0,41.4,96700.0,96700.0,0.0,3997660195.0,0.0,0.0,0.0,6300.0,260447355.0,148.0,131846.0,187.0,236220.0,2.287650036625973,24292095.0,,,,1000.0
2022-05-06T00:00:00,MPC,41.9,39.9,40.8,40.9,41.4,41.3,93900.0,93900.0,0.0,3842370159.0,0.0,500.0,20459905.0,500.0,20459905.0,175.0,156077.0,163.0,173507.0,2.287650036625973,24291595.0,,,,1000.0
2022-05-09T00:00:00,MPC,40.9,37.7,40.9,39.0,37.8,40.9,100200.0,100200.0,0.0,3905900208.0,0.0,0.0,0.0,0.0,0.0,182.0,181373.0,129.0,192051.0,2.287650036625973,24300995.0,,,,1000.0
2022-05-10T00:00:00,MPC,39.5,37.0,38.0,38.2,39.2,39.0,67100.0,67100.0,0.0,2559879762.0,0.0,200.0,7630044.0,200.0,7630044.0,169.0,132988.0,96.0,125421.0,2.287650036625973,24307095.0,,,,1000.0
2022-05-11T00:00:00,MPC,40.4,38.6,39.8,39.3,39.2,38.2,67300.0,67300.0,0.0,2645550213.0,0.0,100.0,3930981.0,100.0,3930981.0,159.0,154183.0,134.0,153164.0,2.287650036625973,24307495.0,,,,1000.0
2022-05-12T00:00:00,MPC,42.0,37.8,40.0,39.2,39.0,39.3,90200.0,90200.0,0.0,3533559744.0,0.0,1800.0,70514496.0,0.0,0.0,193.0,157926.0,160.0,178263.0,2.287650036625973,24305695.0,,,,1000.0
2022-05-13T00:00:00,MPC,39.7,36.0,38.0,37.7,37.0,39.2,77700.0,77700.0,0.0,2926489692.0,0.0,200.0,7532792.0,0.0,0.0,171.0,132832.0,162.0,162839.0,2.287650036625973,24305695.0,,,,1000.0
2022-05-16T00:00:00,MPC,39.0,37.0,39.0,37.9,37.4,37.7,39500.0,39500.0,0.0,1495300150.0,0.0,0.0,0.0,0.0,0.0,107.0,67350.0,115.0,113864.0,2.287650036625973,24305795.0,,,,1000.0
2022-05-17T00:00:00,MPC,39.9,37.5,38.0,38.5,39.0,37.9,137000.0,137000.0,0.0,5280100560.0,0.0,400.0,15416352.0,0.0,0.0,99.0,179338.0,142.0,221519.0,2.287650036625973,24305395.0,0.0,0.0,0.0,1000.0
2022-05-18T00:00:00,MPC,40.0,38.5,40.0,38.9,38.7,38.5,59600.0,59600.0,0.0,2318440000.0,0.0,100.0,3890000.0,0.0,0.0,80.0,81481.0,123.0,144840.0,2.287650036625973,24305295.0,0.0,0.0,0.0,1000.0
2022-05-19T00:00:00,MPC,39.0,38.3,38.5,38.6,38.8,38.9,30400.0,30400.0,0.0,1173010144.0,0.0,100.0,3858586.0,0.0,0.0,91.0,56554.0,105.0,138489.0,2.287650036625973,24305195.0,0.0,0.0,0.0,1000.0
2022-05-20T00:00:00,MPC,38.8,37.9,38.8,38.2,38.5,38.6,54700.0,54700.0,0.0,2092120199.0,0.0,0.0,0.0,500.0,19123585.0,148.0,82493.0,108.0,146519.0,2.287650036625973,24305195.0,0.0,0.0,0.0,1000.0
2022-05-23T00:00:00,MPC,39.6,37.8,38.5,38.7,38.9,38.2,43600.0,43600.0,0.0,1686400040.0,0.0,600.0,23207340.0,0.0,0.0,115.0,74944.0,122.0,129399.0,2.287650036625973,24304595.0,0.0,0.0,0.0,1000.0
2022-05-24T00:00:00,MPC,39.3,38.0,39.3,38.4,38.5,38.7,36200.0,36200.0,0.0,1389850130.0,0.0,300.0,11518095.0,0.0,0.0,92.0,58558.0,91.0,108794.0,2.287650036625973,24304295.0,0.0,0.0,0.0,1000.0
2022-05-25T00:00:00,MPC,40.8,38.5,38.5,40.1,40.7,38.4,182100.0,182100.0,0.0,7307500005.0,0.0,8900.0,357148545.0,0.0,0.0,210.0,254132.0,284.0,268287.0,2.287650036625973,24295895.0,0.0,0.0,0.0,1000.0
2022-05-26T00:00:00,MPC,41.4,39.6,41.4,40.3,40.5,40.1,56400.0,56400.0,0.0,2270110152.0,0.0,1300.0,52325234.0,0.0,0.0,164.0,77135.0,144.0,135785.0,2.287650036625973,24294595.0,0.0,0.0,0.0,1000.0
2022-05-27T00:00:00,MPC,41.6,40.3,40.3,41.2,41.1,40.3,95200.0,95200.0,0.0,3920490224.0,0.0,100.0,4118162.0,0.0,0.0,144.0,166909.0,200.0,184242.0,2.287650036625973,24294495.0,0.0,0.0,0.0,1000.0
2022-05-30T00:00:00,MPC,41.1,40.5,41.0,40.8,40.9,41.2,51800.0,51800.0,0.0,2111679836.0,0.0,0.0,0.0,100.0,4076602.0,134.0,96871.0,156.0,148186.0,2.287650036625973,24294495.0,0.0,0.0,0.0,1000.0
2022-05-31T00:00:00,MPC,44.0,40.9,40.9,42.0,42.0,40.8,119500.0,119500.0,0.0,5020119715.0,0.0,7600.0,319271212.0,0.0,0.0,172.0,169535.0,284.0,283082.0,2.287650036625973,24286895.0,0.0,0.0,0.0,1000.0
2022-06-01T00:00:00,MPC,43.6,41.0,42.0,42.4,42.6,42.0,143600.0,143600.0,0.0,6090900264.0,0.0,9000.0,381741660.0,0.0,0.0,210.0,176896.0,265.0,275313.0,2.287650036625973,24277895.0,0.0,0.0,0.0,1000.0
2022-06-02T00:00:00,MPC,43.3,42.4,42.5,43.0,42.6,42.4,61600.0,61600.0,0.0,2645710144.0,0.0,200.0,8589968.0,0.0,0.0,138.0,86017.0,234.0,242460.0,2.287650036625973,24277795.0,0.0,0.0,0.0,1000.0
2022-06-03T00:00:00,MPC,43.4,41.0,42.9,42.4,42.4,43.0,115500.0,115500.0,0.0,4891459650.0,0.0,700.0,29645210.0,0.0,0.0,194.0,173741.0,210.0,266368.0,2.287650036625973,24277095.0,0.0,0.0,0.0,1000.0
2022-06-06T00:00:00,MPC,45.2,42.6,43.5,44.3,44.5,42.4,481600.0,481600.0,0.0,21315880880.0,0.0,43000.0,1903203650.0,0.0,0.0,405.0,561599.0,497.0,646052.0,2.287650036625973,24234095.0,0.0,0.0,0.0,1000.0
2022-06-07T00:00:00,MPC,47.5,44.0,44.5,46.4,47.4,44.3,462700.0,462700.0,0.0,21475660633.0,0.0,200.0,9282758.0,1500.0,69620685.0,350.0,539133.0,582.0,575208.0,2.287650036625973,24233895.0,0.0,0.0,0.0,1000.0
2022-06-08T00:00:00,MPC,51.0,47.0,47.0,50.1,50.0,46.4,461800.0,461800.0,0.0,23140968866.0,0.0,300.0,15033111.0,32700.0,1638609099.0,416.0,577799.0,595.0,639488.0,2.287650036625973,24233595.0,0.0,0.0,0.0,1000.0
2022-06-09T00:00:00,MPC,50.7,48.1,50.0,49.2,48.9,50.1,292500.0,292500.0,0.0,14381271450.0,0.0,300.0,14750022.0,0.0,0.0,394.0,364731.0,396.0,439320.0,2.287650036625973,24233295.0,0.0,0.0,0.0,1000.0
2022-06-10T00:00:00,MPC,50.4,47.0,48.9,48.8,47.8,49.2,309500.0,309500.0,0.0,15109641440.0,0.0,600.0,29291712.0,0.0,0.0,397.0,354539.0,401.0,473490.0,2.287650036625973,24234195.0,0.0,0.0,0.0,1000.0
2022-06-13T00:00:00,MPC,48.8,44.2,48.8,45.7,44.8,48.8,349200.0,349200.0,0.0,15952531536.0,0.0,200.0,9136616.0,100.0,4568308.0,428.0,449235.0,317.0,437731.0,2.287650036625973,24266695.0,0.0,0.0,0.0,1000.0
2022-06-14T00:00:00,MPC,47.6,44.0,44.0,46.5,47.5,45.7,198500.0,198500.0,0.0,9227689350.0,0.0,100.0,4648710.0,0.0,0.0,293.0,292990.0,280.0,260866.0,2.287650036625973,24266595.0,0.0,0.0,0.0,1000.0
2022-06-15T00:00:00,MPC,48.0,46.0,47.0,47.0,47.2,46.5,173800.0,173800.0,0.0,8163149632.0,0.0,200.0,9393728.0,0.0,0.0,281.0,237682.0,223.0,276200.0,2.287650036625973,24266395.0,0.0,0.0,0.0,1000.0
2022-06-16T00:00:00,MPC,49.6,47.5,47.9,48.3,48.5,47.0,245000.0,245000.0,0.0,11843520500.0,0.0,0.0,0.0,100.0,4834090.0,316.0,305837.0,403.0,401812.0,2.287650036625973,24266495.0,0.0,0.0,0.0,1000.0
2022-06-17T00:00:00,MPC,48.7,46.8,47.0,47.8,48.6,48.3,214000.0,214000.0,0.0,10239240880.0,0.0,0.0,0.0,0.0,0.0,309.0,302490.0,277.0,315803.0,2.287650036625973,24266495.0,0.0,0.0,0.0,1000.0
2022-06-20T00:00:00,MPC,51.9,48.0,48.6,51.1,51.2,47.8,661700.0,661700.0,0.0,33823549838.0,0.0,0.0,0.0,4400.0,224911016.0,671.0,741193.0,656.0,829985.0,2.287650036625973,24266495.0,0.0,0.0,0.0,1000.0
2022-06-21T00:00:00,MPC,51.2,47.5,51.1,49.4,48.5,51.1,251900.0,251900.0,0.0,12435189602.0,0.0,100.0,4936558.0,100.0,4936558.0,379.0,292108.0,294.0,357750.0,2.287650036625973,24266495.0,0.0,0.0,0.0,1000.0
2022-06-22T00:00:00,MPC,49.4,45.0,48.5,46.4,45.2,49.4,206600.0,206600.0,0.0,9596070028.0,0.0,200.0,9289516.0,0.0,0.0,362.0,245652.0,256.0,340429.0,2.287650036625973,24266295.0,0.0,0.0,0.0,1000.0
2022-06-23T00:00:00,MPC,47.4,43.6,44.2,45.5,47.2,46.4,343200.0,343200.0,0.0,15605321160.0,0.0,100.0,4547005.0,0.0,0.0,516.0,447749.0,336.0,434090.0,2.287650036625973,24270595.0,0.0,0.0,0.0,1000.0
2022-06-24T00:00:00,MPC,49.0,46.2,47.1,47.1,46.3,45.5,180300.0,180300.0,0.0,8497620135.0,0.0,0.0,0.0,0.0,0.0,256.0,219302.0,268.0,291927.0,2.287650036625973,24270695.0,0.0,0.0,0.0,1000.0
2022-06-27T00:00:00,MPC,48.9,46.8,47.5,48.2,48.4,47.1,209500.0,209500.0,0.0,10096029165.0,0.0,300.0,14457321.0,0.0,0.0,270.0,300851.0,278.0,337065.0,2.287650036625973,24270395.0,0.0,0.0,0.0,1000.0
2022-06-28T00:00:00,MPC,49.5,47.0,48.2,48.2,47.8,48.2,407800.0,407800.0,0.0,19675868796.0,0.0,0.0,0.0,0.0,0.0,689.0,479210.0,465.0,560111.0,2.287650036625973,24270395.0,0.0,0.0,0.0,1000.0
2022-06-29T00:00:00,MPC,48.0,46.5,47.5,47.2,47.0,48.2,193000.0,193000.0,0.0,9110759930.0,0.0,200.0,9441202.0,0.0,0.0,413.0,294764.0,238.0,320820.0,2.287650036625973,24270195.0,0.0,0.0,0.0,1000.0
2022-06-30T00:00:00,MPC,48.0,46.2,47.0,47.0,48.0,47.2,159900.0,159900.0,0.0,7508470671.0,0.0,21800.0,1023668922.0,0.0,0.0,341.0,250932.0,196.0,285045.0,2.287650036625973,24248395.0,0.0,0.0,0.0,1000.0
2022-07-01T00:00:00,MPC,47.8,45.6,47.8,46.4,46.9,47.0,106200.0,106200.0,0.0,4929509826.0,0.0,0.0,0.0,0.0,0.0,245.0,208202.0,183.0,215130.0,2.287650036625973,24248395.0,0.0,0.0,0.0,1000.0
2022-07-04T00:00:00,MPC,47.3,45.4,46.4,46.1,45.4,46.4,123200.0,123200.0,0.0,5677479808.0,0.0,0.0,0.0,0.0,0.0,254.0,179170.0,211.0,219680.0,2.287650036625973,24248395.0,0.0,0.0,0.0,1000.0
2022-07-05T00:00:00,MPC,46.0,41.3,46.0,42.9,41.6,46.1,460900.0,460900.0,0.0,19774840756.0,0.0,300.0,12871452.0,0.0,0.0,833.0,516919.0,559.0,560553.0,2.287650036625973,24248095.0,0.0,0.0,0.0,1000.0
2022-07-06T00:00:00,MPC,42.5,40.0,41.5,41.0,40.2,42.9,200200.0,200200.0,0.0,8209609408.0,0.0,100.0,4100704.0,0.0,0.0,419.0,301436.0,255.0,259790.0,2.287650036625973,24247995.0,0.0,0.0,0.0,1000.0
2022-07-07T00:00:00,MPC,41.2,40.0,40.0,40.6,41.2,41.0,71400.0,71400.0,0.0,2901349710.0,0.0,8300.0,337271745.0,300.0,12190545.0,187.0,141005.0,154.0,130750.0,2.287650036625973,24239695.0,0.0,0.0,0.0,1000.0
2022-07-08T00:00:00,MPC,41.4,40.5,41.3,41.0,40.8,40.6,50800.0,50800.0,0.0,2082750216.0,0.0,0.0,0.0,0.0,0.0,183.0,99787.0,184.0,143600.0,2.287650036625973,24239695.0,0.0,0.0,0.0,1000.0
2022-07-11T00:00:00,MPC,41.0,38.8,40.6,40.1,39.3,41.0,124800.0,124800.0,0.0,5004609792.0,0.0,5000.0,200505200.0,0.0,0.0,231.0,174424.0,218.0,221071.0,2.287650036625973,24234695.0,0.0,0.0,0.0,1000.0
2022-07-12T00:00:00,MPC,41.5,39.8,40.0,40.6,41.2,40.1,112400.0,112400.0,0.0,4565749820.0,0.0,0.0,0.0,0.0,0.0,266.0,198776.0,233.0,174451.0,2.287650036625973,24234995.0,0.0,0.0,0.0,1000.0
2022-07-13T00:00:00,MPC,41.4,40.5,41.2,40.8,41.0,40.6,74400.0,74400.0,0.0,3036040056.0,0.0,200.0,8161398.0,3000.0,122420970.0,185.0,151601.0,183.0,169829.0,2.287650036625973,24234795.0,0.0,0.0,0.0,1000.0
2022-07-14T00:00:00,MPC,41.0,39.9,41.0,40.4,40.8,40.8,43300.0,43300.0,0.0,1747679796.0,0.0,100.0,4036212.0,0.0,0.0,174.0,125840.0,146.0,126282.0,2.287650036625973,24234695.0,0.0,0.0,0.0,1000.0
2022-07-15T00:00:00,MPC,40.9,40.3,40.9,40.5,40.7,40.4,58300.0,58300.0,0.0,2362250121.0,0.0,0.0,0.0,0.0,0.0,149.0,114349.0,155.0,108589.0,2.287650036625973,24234695.0,-162000.0,0.0,-162000.0,1000.0
2022-07-18T00:00:00,MPC,41.9,40.4,40.9,40.9,40.9,40.5,76100.0,76100.0,0.0,3113750216.0,0.0,100.0,4091656.0,0.0,0.0,162.0,126505.0,185.0,129819.0,2.287650036625973,24237595.0,0.0,0.0,0.0,1000.0
2022-07-19T00:00:00,MPC,41.6,40.7,40.9,41.1,41.0,40.9,66000.0,66000.0,0.0,2712679860.0,0.0,100.0,4110121.0,0.0,0.0,161.0,128426.0,173.0,133065.0,2.287650036625973,24237495.0,0.0,0.0,0.0,1000.0
2022-07-20T00:00:00,MPC,42.4,41.1,41.1,42.0,42.0,41.1,53000.0,53000.0,0.0,2224149770.0,0.0,0.0,0.0,0.0,0.0,136.0,89927.0,200.0,160111.0,2.287650036625973,24237495.0,0.0,0.0,0.0,1000.0
2022-07-21T00:00:00,MPC,42.5,41.4,42.1,41.8,41.4,42.0,45200.0,45200.0,0.0,1890940192.0,0.0,800.0,33467968.0,0.0,0.0,119.0,92308.0,187.0,157042.0,2.287650036625973,24236695.0,0.0,0.0,0.0,1000.0
2022-07-22T00:00:00,MPC,42.0,41.0,41.6,41.3,41.0,41.8,48000.0,48000.0,0.0,1980310080.0,0.0,600.0,24753876.0,100.0,4125646.0,154.0,88561.0,148.0,143100.0,2.287650036625973,24236095.0,0.0,0.0,0.0,1000.0
2022-07-25T00:00:00,MPC,41.3,40.4,41.0,40.8,40.7,41.3,28400.0,28400.0,0.0,1157420132.0,0.0,200.0,8150846.0,0.0,0.0,130.0,83574.0,120.0,100911.0,2.287650036625973,24235895.0,0.0,0.0,0.0,1000.0
2022-07-26T00:00:00,MPC,40.8,39.6,40.8,40.1,40.0,40.8,62500.0,62500.0,0.0,2508410000.0,0.0,0.0,0.0,0.0,0.0,202.0,106025.0,119.0,119003.0,2.287650036625973,24235895.0,0.0,0.0,0.0,1000.0
2022-07-27T00:00:00,MPC,41.5,40.0,40.2,40.8,41.3,40.1,86100.0,86100.0,0.0,3515790180.0,0.0,27900.0,1139263020.0,0.0,0.0,145.0,251618.0,216.0,151528.0,2.287650036625973,24208095.0,0.0,0.0,0.0,1000.0
2022-07-28T00:00:00,MPC,42.0,40.9,41.5,41.5,41.3,40.8,70900.0,70900.0,0.0,2942340074.0,0.0,14500.0,601747970.0,0.0,0.0,102.0,131015.0,205.0,154425.0,2.287650036625973,24193595.0,0.0,0.0,0.0,1000.0
2022-07-29T00:00:00,MPC,42.4,40.8,41.7,41.4,41.9,41.5,55000.0,55000.0,0.0,2275940150.0,0.0,17000.0,703472410.0,0.0,0.0,125.0,99043.0,177.0,138450.0,2.287650036625973,24176595.0,0.0,0.0,0.0,1000.0
2022-08-01T00:00:00,MPC,43.5,41.3,42.0,42.6,43.0,41.4,219200.0,219200.0,0.0,9337159376.0,0.0,115300.0,4911379909.0,0.0,0.0,187.0,581618.0,376.0,317150.0,2.287650036625973,24061295.0,0.0,0.0,0.0,1000.0
2022-08-02T00:00:00,MPC,45.0,43.0,43.5,43.5,43.2,42.6,97300.0,97300.0,0.0,4227979819.0,0.0,72200.0,3137308766.0,0.0,0.0,99.0,428711.0,282.0,245446.0,2.287650036625973,23989095.0,0.0,0.0,0.0,1000.0
2022-08-03T00:00:00,MPC,43.5,42.7,43.3,43.0,43.0,43.5,60200.0,60200.0,0.0,2586450258.0,0.0,14700.0,631575063.0,200.0,8592858.0,138.0,132587.0,229.0,177838.0,2.287650036625973,23974395.0,0.0,0.0,0.0,1000.0
2022-08-04T00:00:00,MPC,43.8,43.0,43.0,43.6,43.6,43.0,70000.0,70000.0,0.0,3053239700.0,0.0,54600.0,2381526966.0,0.0,0.0,82.0,190196.0,255.0,169112.0,2.287650036625973,23919795.0,0.0,0.0,0.0,1000.0
2022-08-05T00:00:00,MPC,44.4,43.6,44.0,43.9,44.2,43.6,84700.0,84700.0,0.0,3720219657.0,0.0,60500.0,2657299755.0,0.0,0.0,107.0,377879.0,247.0,175013.0,2.287650036625973,23859295.0,0.0,0.0,0.0,1000.0
2022-08-08T00:00:00,MPC,44.8,43.8,44.4,44.2,44.2,43.9,67200.0,67200.0,0.0,2969459808.0,0.0,19300.0,852835927.0,0.0,0.0,127.0,175705.0,238.0,198973.0,2.287650036625973,23840195.0,0.0,0.0,0.0,1000.0
2022-08-09T00:00:00,MPC,44.3,43.7,44.2,44.0,43.9,44.2,88100.0,88100.0,0.0,3873600182.0,0.0,51100.0,2246776042.0,1000.0,43968220.0,113.0,361646.0,161.0,191110.0,2.287650036625973,23789095.0,0.0,0.0,0.0,1000.0
2022-08-10T00:00:00,MPC,44.7,43.7,44.2,44.0,43.9,44.0,36000.0,36000.0,0.0,1585289880.0,0.0,7900.0,347883057.0,0.0,0.0,91.0,80601.0,146.0,149743.0,2.287650036625973,23781195.0,0.0,0.0,0.0,1000.0
2022-08-11T00:00:00,MPC,44.3,42.3,44.3,42.9,42.5,44.0,100900.0,100900.0,0.0,4329880331.0,0.0,0.0,0.0,0.0,0.0,250.0,131196.0,185.0,224043.0,2.287650036625973,23781195.0,0.0,0.0,0.0,1000.0
2022-08-12T00:00:00,MPC,44.8,42.0,42.2,44.0,43.5,42.9,78600.0,78600.0,0.0,3461980230.0,0.0,1200.0,52854660.0,0.0,0.0,120.0,124906.0,177.0,195043.0,2.287650036625973,23780995.0,0.0,0.0,0.0,1000.0
2022-08-15T00:00:00,MPC,44.0,42.3,44.0,43.0,43.0,44.0,59200.0,59200.0,0.0,2546250016.0,0.0,100.0,4301098.0,0.0,0.0,220.0,158978.0,144.0,194110.0,2.287650036625973,23752720.0,0.0,0.0,0.0,1000.0
2022-08-16T00:00:00,MPC,43.5,42.6,43.5,42.9,43.0,43.0,30000.0,30000.0,0.0,1285490100.0,0.0,100.0,4284967.0,200.0,8569934.0,117.0,64878.0,141.0,112700.0,2.287650036625973,23752620.0,0.0,0.0,0.0,1000.0
2022-08-17T00:00:00,MPC,43.4,41.9,42.9,42.3,42.0,42.9,84200.0,84200.0,0.0,3563790260.0,0.0,500.0,21162650.0,0.0,0.0,218.0,124833.0,150.0,241570.0,2.287650036625973,23752120.0,0.0,0.0,0.0,1000.0
2022-08-18T00:00:00,MPC,43.3,41.6,41.7,42.1,42.9,42.3,56400.0,56400.0,0.0,2373619944.0,0.0,21700.0,913254482.0,100.0,4208546.0,170.0,118494.0,131.0,95560.0,2.287650036625973,23730420.0,0.0,0.0,0.0,1000.0
2022-08-19T00:00:00,MPC,43.4,42.0,42.9,42.6,42.8,42.1,32900.0,32900.0,0.0,1399890065.0,0.0,100.0,4254985.0,200.0,8509970.0,108.0,74832.0,171.0,146493.0,2.287650036625973,23730520.0,0.0,0.0,0.0,1000.0
2022-08-22T00:00:00,MPC,43.4,41.8,42.8,42.3,42.0,42.6,34800.0,34800.0,0.0,1471309896.0,0.0,0.0,0.0,0.0,0.0,121.0,61862.0,178.0,139530.0,2.287650036625973,23730520.0,0.0,0.0,0.0,1000.0
2022-08-23T00:00:00,MPC,42.9,41.6,42.3,42.1,42.2,42.3,68200.0,68200.0,0.0,2868060294.0,0.0,0.0,0.0,0.0,0.0,134.0,105601.0,173.0,147753.0,2.287650036625973,23730620.0,0.0,0.0,0.0,1000.0
2022-08-24T00:00:00,MPC,46.0,42.5,42.5,44.9,45.9,42.1,391300.0,391300.0,0.0,17587201541.0,0.0,19800.0,889922286.0,300.0,13483671.0,435.0,978311.0,547.0,506860.0,2.287650036625973,23711020.0,0.0,0.0,0.0,1000.0
2022-08-25T00:00:00,MPC,47.0,45.0,45.0,46.3,45.6,44.9,165300.0,165300.0,0.0,7649910435.0,0.0,700.0,32395265.0,0.0,0.0,272.0,194154.0,276.0,310527.0,2.287650036625973,23710320.0,0.0,0.0,0.0,1000.0
2022-08-26T00:00:00,MPC,46.0,44.9,45.6,45.2,45.2,46.3,147300.0,147300.0,0.0,6652509900.0,0.0,500.0,22581500.0,0.0,0.0,239.0,188733.0,193.0,283300.0,2.287650036625973,23709820.0,0.0,0.0,0.0,1000.0
2022-08-29T00:00:00,MPC,45.1,43.3,44.6,44.2,44.7,45.2,131900.0,131900.0,0.0,5828620111.0,0.0,15400.0,680521226.0,0.0,0.0,264.0,182053.0,231.0,215600.0,2.287650036625973,23694720.0,0.0,0.0,0.0,1000.0
2022-08-30T00:00:00,MPC,45.5,44.3,44.7,44.9,44.5,44.2,50500.0,50500.0,0.0,2265430000.0,0.0,100.0,4486000.0,0.0,0.0,128.0,82385.0,169.0,194367.0,2.287650036625973,23694620.0,0.0,0.0,0.0,1000.0
2022-08-31T00:00:00,MPC,45.9,44.0,44.5,45.1,45.5,44.9,131900.0,131900.0,0.0,5949349500.0,0.0,1100.0,49615500.0,0.0,0.0,180.0,172629.0,267.0,248636.0,2.287650036625973,23693520.0,0.0,0.0,0.0,1000.0
2022-09-05T00:00:00,MPC,46.8,45.1,45.1,45.5,45.2,45.1,80500.0,80500.0,0.0,3663900345.0,0.0,2300.0,104682867.0,200.0,9102858.0,135.0,112279.0,219.0,227711.0,2.287650036625973,23691220.0,0.0,0.0,0.0,1000.0
2022-09-06T00:00:00,MPC,45.9,44.8,45.9,45.1,45.3,45.5,48200.0,48200.0,0.0,2171429762.0,0.0,100.0,4505041.0,2000.0,90100820.0,116.0,74714.0,184.0,199000.0,2.287650036625973,23691120.0,0.0,0.0,0.0,1000.0
2022-09-07T00:00:00,MPC,45.7,43.9,45.7,44.5,43.9,45.1,74300.0,74300.0,0.0,3305569850.0,0.0,500.0,22244750.0,0.0,0.0,135.0,94610.0,169.0,207000.0,2.287650036625973,23690620.0,0.0,0.0,0.0,1000.0
2022-09-08T00:00:00,MPC,44.5,43.5,44.5,43.9,43.5,44.5,58100.0,58100.0,0.0,2551940244.0,0.0,100.0,4392324.0,0.0,0.0,123.0,89201.0,120.0,155400.0,2.287650036625973,23690720.0,0.0,0.0,0.0,1000.0
2022-09-09T00:00:00,MPC,44.5,43.3,44.5,43.9,44.3,43.9,61400.0,61400.0,0.0,2697039822.0,0.0,600.0,26355438.0,0.0,0.0,108.0,86222.0,110.0,123000.0,2.287650036625973,23692120.0,0.0,0.0,0.0,1000.0
2022-09-12T00:00:00,MPC,46.5,44.6,44.6,45.7,45.8,43.9,231100.0,231100.0,0.0,10551360432.0,0.0,50.0,2282856.0,900.0,41091408.0,211.0,359736.0,349.0,426409.0,2.287650036625973,23692070.0,0.0,0.0,0.0,1000.0
2022-09-13T00:00:00,MPC,46.4,45.7,46.0,46.0,45.7,45.7,66300.0,66300.0,0.0,3051560265.0,0.0,0.0,0.0,100.0,4602655.0,108.0,110721.0,255.0,281411.0,2.287650036625973,23692070.0,-336700.0,0.0,-336700.0,1000.0
2022-09-14T00:00:00,MPC,45.6,45.0,45.3,45.2,45.5,46.0,94300.0,94300.0,0.0,4265980177.0,0.0,0.0,0.0,0.0,0.0,150.0,177003.0,152.0,179969.0,2.287650036625973,23692070.0,0.0,0.0,0.0,1000.0
2022-09-15T00:00:00,MPC,46.1,45.6,45.9,45.8,46.0,45.2,115400.0,115400.0,0.0,5283099704.0,0.0,10.0,457807.6,0.0,0.0,128.0,196369.0,197.0,220157.0,2.287650036625973,23692960.0,0.0,0.0,0.0,1000.0
2022-09-16T00:00:00,MPC,46.4,45.5,46.4,46.0,45.9,45.8,117300.0,117300.0,0.0,5390730294.0,0.0,1300.0,59743814.0,0.0,0.0,121.0,133587.0,233.0,229906.0,2.287650036625973,23691760.0,0.0,0.0,0.0,1000.0
2022-09-19T00:00:00,MPC,46.0,42.3,45.3,44.8,44.4,46.0,77600.0,77600.0,0.0,3474149672.0,0.0,0.0,0.0,0.0,0.0,147.0,100490.0,168.0,217046.0,2.287650036625973,23691760.0,0.0,0.0,0.0,1000.0
2022-09-20T00:00:00,MPC,46.5,44.8,44.8,45.7,46.0,44.8,154100.0,154100.0,0.0,7043450241.0,0.0,0.0,0.0,5300.0,242247153.0,190.0,199614.0,277.0,360582.0,2.287650036625973,23691760.0,0.0,0.0,0.0,1000.0
2022-09-21T00:00:00,MPC,46.5,44.9,46.5,45.5,45.0,45.7,195200.0,195200.0,0.0,8880450272.0,0.0,0.0,0.0,0.0,0.0,305.0,238619.0,244.0,371683.0,2.287650036625973,23691760.0,0.0,0.0,0.0,1000.0
2022-09-22T00:00:00,MPC,45.4,43.7,45.2,44.3,45.2,45.5,143400.0,143400.0,0.0,6359580636.0,0.0,2100.0,93131934.0,100.0,4434854.0,317.0,206268.0,174.0,243428.0,2.287650036625973,23689660.0,0.0,0.0,0.0,1000.0
2022-09-23T00:00:00,MPC,45.5,44.0,45.2,44.5,44.7,44.3,71900.0,71900.0,0.0,3199509736.0,0.0,100.0,4449944.0,0.0,0.0,173.0,94951.0,128.0,168360.0,2.287650036625973,23694860.0,0.0,0.0,0.0,1000.0
2022-09-26T00:00:00,MPC,44.0,41.6,44.0,42.4,42.2,44.5,172700.0,172700.0,0.0,7321730482.0,0.0,100.0,4239566.0,0.0,0.0,393.0,221670.0,163.0,246981.0,2.287650036625973,23694760.0,0.0,0.0,0.0,1000.0
2022-09-27T00:00:00,MPC,43.6,41.6,42.0,42.0,42.0,42.4,93600.0,93600.0,0.0,3935660040.0,0.0,220.0,9250483.0,0.0,0.0,192.0,114135.0,134.0,171140.0,2.287650036625973,23694640.0,0.0,0.0,0.0,1000.0
2022-09-28T00:00:00,MPC,42.5,41.8,42.0,42.0,42.4,42.0,45600.0,45600.0,0.0,1917260208.0,0.0,200.0,8409036.0,0.0,0.0,152.0,92188.0,102.0,118800.0,2.287650036625973,23694440.0,0.0,0.0,0.0,1000.0
2022-09-29T00:00:00,MPC,44.3,42.0,42.6,43.2,42.0,42.0,104700.0,104700.0,0.0,4523719503.0,0.0,6800.0,293804132.0,0.0,0.0,109.0,112836.0,241.0,207914.0,2.287650036625973,23687640.0,0.0,0.0,0.0,1000.0
2022-09-30T00:00:00,MPC,43.9,41.0,42.9,42.5,43.9,43.2,72100.0,72100.0,0.0,3064260094.0,0.0,1220.0,51850170.8,0.0,0.0,158.0,96735.0,186.0,163766.0,2.287650036625973,23686420.0,0.0,0.0,0.0,1000.0
2022-10-03T00:00:00,MPC,43.9,41.5,43.3,42.3,42.1,42.5,42300.0,42300.0,0.0,1787969817.0,0.0,100.0,4226879.0,0.0,0.0,104.0,62550.0,188.0,191650.0,2.287650036625973,23686320.0,0.0,0.0,0.0,1000.0
2022-10-04T00:00:00,MPC,42.5,41.2,42.0,41.8,41.2,42.3,26100.0,26100.0,0.0,1091629890.0,0.0,1200.0,50189880.0,0.0,0.0,110.0,39061.0,175.0,153802.0,2.287650036625973,23685120.0,0.0,0.0,0.0,1000.0
2022-10-05T00:00:00,MPC,42.8,41.9,41.9,42.3,42.2,41.8,26700.0,26700.0,0.0,1128460014.0,0.0,0.0,0.0,0.0,0.0,66.0,41940.0,153.0,130227.0,2.287650036625973,23685120.0,0.0,0.0,0.0,1000.0
2022-10-06T00:00:00,MPC,42.8,40.8,42.5,41.6,41.0,42.3,41000.0,41000.0,0.0,1704030110.0,0.0,800.0,33249368.0,0.0,0.0,127.0,72509.0,162.0,140027.0,2.287650036625973,23684320.0,0.0,0.0,0.0,1000.0
2022-10-07T00:00:00,MPC,41.5,38.0,41.5,39.2,39.0,41.6,71500.0,71500.0,0.0,2801650280.0,0.0,1300.0,50939096.0,700.0,27428744.0,205.0,89213.0,171.0,159702.0,2.287650036625973,23683020.0,0.0,0.0,0.0,1000.0
2022-10-10T00:00:00,MPC,40.5,38.2,39.2,39.1,40.5,39.2,33100.0,33100.0,0.0,1294789912.0,0.0,100.0,3911752.0,0.0,0.0,136.0,70101.0,98.0,106953.0,2.287650036625973,23682920.0,0.0,0.0,0.0,1000.0
2022-10-11T00:00:00,MPC,40.7,38.7,40.7,39.3,39.3,39.1,45000.0,45000.0,0.0,1766870100.0,0.0,0.0,0.0,0.0,0.0,119.0,71431.0,105.0,99200.0,2.287650036625973,23682920.0,0.0,0.0,0.0,1000.0
2022-10-12T00:00:00,MPC,40.2,39.0,39.3,40.0,40.0,39.3,30700.0,30700.0,0.0,1226900019.0,0.0,3000.0,119892510.0,100.0,3996417.0,115.0,63041.0,123.0,100970.0,2.287650036625973,23680620.0,0.0,0.0,0.0,1000.0
2022-10-13T00:00:00,MPC,41.0,40.0,40.9,40.2,40.3,40.0,21400.0,21400.0,0.0,859990030.0,0.0,0.0,0.0,0.0,0.0,84.0,36471.0,125.0,125400.0,2.287650036625973,23680620.0,0.0,0.0,0.0,1000.0
2022-10-14T00:00:00,MPC,40.9,40.5,40.8,40.7,40.7,40.2,43100.0,43100.0,0.0,1754170000.0,0.0,1000.0,40700000.0,0.0,0.0,126.0,63079.0,143.0,131800.0,2.287650036625973,23679620.0,0.0,0.0,0.0,1000.0
2022-10-17T00:00:00,MPC,43.0,41.0,41.0,42.1,42.8,40.7,129500.0,129500.0,0.0,5446719495.0,0.0,100.0,4205961.0,300.0,12617883.0,198.0,156069.0,299.0,253028.0,2.287650036625973,23679620.0,0.0,0.0,0.0,1000.0
2022-10-18T00:00:00,MPC,43.5,42.6,43.0,43.0,42.9,42.1,112600.0,112600.0,0.0,4845600250.0,0.0,0.0,0.0,0.0,0.0,239.0,135934.0,219.0,260500.0,2.287650036625973,23679620.0,0.0,0.0,0.0,1000.0
2022-10-19T00:00:00,MPC,43.5,42.2,43.5,42.8,42.2,43.0,134200.0,134000.0,200.0,5741590040.0,7320000.0,600.0,25675836.0,0.0,0.0,218.0,145912.0,234.0,256230.0,2.287650036625973,23679020.0,0.0,0.0,0.0,1000.0
2022-10-20T00:00:00,MPC,21.3,20.3,21.3,20.8,20.6,20.3,71300.0,71300.0,0.0,1481660345.0,0.0,1400.0,29092910.0,0.0,0.0,165.0,357359.0,156.0,171200.0,1.0850302743505775,23677920.0,0.0,0.0,0.0,1000.0
2022-10-21T00:00:00,MPC,20.7,18.6,20.7,19.4,19.4,20.8,96300.0,96300.0,0.0,1869999624.0,0.0,500.0,9709240.0,0.0,0.0,186.0,119698.0,152.0,177120.0,1.0850302743505775,23677420.0,0.0,0.0,0.0,1000.0
2022-10-24T00:00:00,MPC,19.4,17.8,19.4,18.5,18.0,19.4,72100.0,72100.0,0.0,1334359747.0,0.0,1100.0,20357777.0,0.0,0.0,158.0,137297.0,133.0,116900.0,1.0850302743505775,23676320.0,0.0,0.0,0.0,1000.0
2022-10-25T00:00:00,MPC,18.4,17.3,18.0,17.9,18.0,18.5,57900.0,57900.0,0.0,1037810022.0,0.0,600.0,10754508.0,0.0,0.0,146.0,77663.0,81.0,76100.0,1.0850302743505775,23675720.0,0.0,0.0,0.0,1000.0
2022-10-26T00:00:00,MPC,18.8,17.0,18.8,17.9,18.4,17.9,50300.0,50300.0,0.0,902759753.0,0.0,500.0,8973755.0,0.0,0.0,132.0,93564.0,105.0,103900.0,1.0850302743505775,23675220.0,0.0,0.0,0.0,1000.0
2022-10-27T00:00:00,MPC,18.8,17.9,18.4,18.3,18.6,17.9,42900.0,42900.0,0.0,783870087.0,0.0,1100.0,20099233.0,500.0,9136015.0,112.0,65997.0,102.0,76310.0,1.0850302743505775,23674120.0,0.0,0.0,0.0,1000.0
2022-10-28T00:00:00,MPC,18.8,18.3,18.8,18.4,18.4,18.3,14300.0,14300.0,0.0,262949973.0,0.0,400.0,7355244.0,0.0,0.0,85.0,72957.0,75.0,66326.0,1.0850302743505775,23673720.0,0.0,0.0,0.0,1000.0
2022-10-31T00:00:00,MPC,20.0,17.5,18.4,18.7,20.0,18.4,45500.0,45500.0,0.0,848660085.0,0.0,34100.0,636028767.0,500.0,9325935.0,86.0,67984.0,81.0,58527.0,1.0850302743505775,23639620.0,0.0,0.0,0.0,1000.0
2022-11-01T00:00:00,MPC,19.0,18.1,19.0,18.6,18.6,18.7,20500.0,20500.0,0.0,380400050.0,0.0,0.0,0.0,0.0,0.0,79.0,47142.0,123.0,149699.0,1.0850302743505775,23640120.0,0.0,0.0,0.0,1000.0
2022-11-02T00:00:00,MPC,19.4,18.2,19.2,18.6,18.5,18.6,37400.0,37400.0,0.0,695889832.0,0.0,1000.0,18606680.0,0.0,0.0,104.0,63592.0,111.0,170000.0,1.0850302743505775,23639120.0,0.0,0.0,0.0,1000.0
2022-11-03T00:00:00,MPC,18.9,18.3,18.9,18.4,18.4,18.6,16200.0,16200.0,0.0,297320058.0,0.0,0.0,0.0,2200.0,40376798.0,70.0,45506.0,93.0,125100.0,1.0850302743505775,23639620.0,0.0,0.0,0.0,1000.0
2022-11-04T00:00:00,MPC,18.8,17.8,18.4,18.2,18.3,18.4,28500.0,28500.0,0.0,519989910.0,0.0,200.0,3649052.0,0.0,0.0,108.0,60681.0,110.0,103200.0,1.0850302743505775,23639420.0,0.0,0.0,0.0,1000.0
2022-11-07T00:00:00,MPC,18.8,17.0,18.8,17.7,17.6,18.2,29500.0,29500.0,0.0,522080085.0,0.0,100.0,1769763.0,0.0,0.0,92.0,43404.0,92.0,142882.0,1.0850302743505775,23639320.0,0.0,0.0,0.0,1000.0
2022-11-08T00:00:00,MPC,17.7,16.5,17.7,17.2,17.1,17.7,15500.0,15500.0,0.0,266850015.0,0.0,0.0,0.0,0.0,0.0,76.0,37611.0,49.0,58966.0,1.0850302743505775,23641520.0,0.0,0.0,0.0,1000.0
2022-11-09T00:00:00,MPC,17.4,17.0,17.3,17.2,17.0,17.2,30700.0,30700.0,0.0,528440021.0,0.0,200.0,3442606.0,0.0,0.0,81.0,39756.0,55.0,67400.0,1.0850302743505775,23641320.0,0.0,0.0,0.0,1000.0
2022-11-10T00:00:00,MPC,17.7,16.0,17.7,17.0,16.5,17.2,43700.0,43700.0,0.0,743680045.0,0.0,0.0,0.0,0.0,0.0,97.0,63152.0,108.0,121501.0,1.0850302743505775,23641320.0,0.0,0.0,0.0,1000.0
2022-11-11T00:00:00,MPC,17.9,15.7,17.0,16.9,16.8,17.0,26500.0,26500.0,0.0,447539950.0,0.0,600.0,10132980.0,0.0,0.0,75.0,34426.0,97.0,101112.0,1.0850302743505775,23640720.0,0.0,0.0,0.0,1000.0
2022-11-14T00:00:00,MPC,17.9,16.0,17.0,16.7,16.2,16.9,39600.0,39600.0,0.0,663090120.0,0.0,0.0,0.0,0.0,0.0,71.0,51611.0,95.0,103993.0,1.0850302743505775,23640720.0,0.0,0.0,0.0,1000.0
2022-11-15T00:00:00,MPC,16.0,14.2,16.0,14.8,14.2,16.7,76300.0,76300.0,0.0,1128909621.0,0.0,2000.0,29591340.0,0.0,0.0,111.0,76403.0,95.0,333000.0,1.0850302743505775,23638720.0,0.0,0.0,0.0,1000.0
2022-11-16T00:00:00,MPC,15.9,14.0,14.2,15.1,15.6,14.8,117500.0,117500.0,0.0,1769980050.0,0.0,500.0,7531830.0,0.0,0.0,154.0,187711.0,127.0,151700.0,1.0850302743505775,47317540.0,0.0,0.0,0.0,1000.0
2022-11-17T00:00:00,MPC,16.9,15.5,15.9,16.3,16.0,15.1,67900.0,67900.0,0.0,1110099816.0,0.0,3300.0,53951832.0,0.0,0.0,102.0,88469.0,105.0,97410.0,1.0850302743505775,47314240.0,0.0,0.0,0.0,1000.0
2022-11-18T00:00:00,MPC,16.8,15.8,16.8,16.4,16.4,16.3,58400.0,58400.0,0.0,956309928.0,0.0,100.0,1637517.0,500.0,8187585.0,87.0,74212.0,114.0,102200.0,1.0850302743505775,47314140.0,0.0,0.0,0.0,1000.0
2022-11-21T00:00:00,MPC,16.5,16.1,16.5,16.4,16.4,16.4,49900.0,49900.0,0.0,816050129.0,0.0,0.0,0.0,1800.0,29436678.0,100.0,74513.0,84.0,85428.0,1.0850302743505775,47314140.0,0.0,0.0,0.0,1000.0
2022-11-22T00:00:00,MPC,17.2,16.3,16.8,16.8,16.8,16.4,57000.0,57000.0,0.0,955819890.0,0.0,100.0,1676877.0,1500.0,25153155.0,106.0,77305.0,111.0,93400.0,1.0850302743505775,47314040.0,0.0,0.0,0.0,1000.0
2022-11-23T00:00:00,MPC,17.0,16.4,17.0,16.6,16.4,16.8,21300.0,21300.0,0.0,354630090.0,0.0,3000.0,49947900.0,0.0,0.0,79.0,48403.0,81.0,70300.0,1.0850302743505775,47311540.0,0.0,0.0,0.0,1000.0
2022-11-24T00:00:00,MPC,17.0,16.1,16.9,16.6,16.3,16.6,23700.0,23700.0,0.0,393429954.0,0.0,0.0,0.0,0.0,0.0,79.0,48908.0,73.0,78610.0,1.0850302743505775,47313340.0,0.0,0.0,0.0,1000.0
2022-11-25T00:00:00,MPC,16.7,16.2,16.6,16.5,16.7,16.6,45900.0,45900.0,0.0,755390070.0,0.0,1700.0,27977410.0,0.0,0.0,122.0,84901.0,86.0,83212.0,1.0850302743505775,47313140.0,0.0,0.0,0.0,1000.0
2022-11-28T00:00:00,MPC,17.2,16.4,16.9,16.9,17.0,16.5,95100.0,95100.0,0.0,1611880332.0,0.0,600.0,10169592.0,0.0,0.0,176.0,144755.0,174.0,179059.0,1.0850302743505775,47312540.0,0.0,0.0,0.0,1000.0
2022-11-29T00:00:00,MPC,17.3,14.8,14.8,16.9,16.9,16.9,57100.0,57100.0,0.0,962499869.0,0.0,0.0,0.0,0.0,0.0,148.0,87811.0,113.0,96400.0,1.0850302743505775,47312540.0,0.0,0.0,0.0,1000.0
2022-11-30T00:00:00,MPC,17.5,16.5,16.9,16.9,17.5,16.9,139100.0,139100.0,0.0,2356579342.0,0.0,50000.0,847081000.0,0.0,0.0,176.0,171728.0,109.0,183866.0,1.0850302743505775,47262540.0,0.0,0.0,0.0,1000.0
2022-12-01T00:00:00,MPC,18.1,17.0,17.8,17.6,17.4,16.9,81100.0,81100.0,0.0,1426240009.0,0.0,0.0,0.0,0.0,0.0,129.0,100936.0,155.0,176500.0,1.0850302743505775,47262540.0,0.0,0.0,0.0,1000.0
2022-12-02T00:00:00,MPC,17.7,17.1,17.7,17.4,17.4,17.6,32900.0,32900.0,0.0,573470030.0,0.0,0.0,0.0,0.0,0.0,138.0,57542.0,156.0,224700.0,1.0850302743505775,47262540.0,0.0,0.0,0.0,1000.0
2022-12-05T00:00:00,MPC,17.8,17.2,17.8,17.4,17.4,17.4,73400.0,73400.0,0.0,1278139890.0,0.0,100.0,1741335.0,0.0,0.0,192.0,136832.0,179.0,202110.0,1.0850302743505775,47262440.0,0.0,0.0,0.0,1000.0
2022-12-06T00:00:00,MPC,19.4,17.0,17.3,18.5,18.5,17.4,311100.0,311100.0,0.0,5747199180.0,0.0,21100.0,389797180.0,0.0,0.0,316.0,362920.0,358.0,362300.0,1.0850302743505775,47241340.0,0.0,0.0,0.0,1000.0
2022-12-07T00:00:00,MPC,18.9,17.9,18.7,18.2,18.2,18.5,58800.0,58800.0,0.0,1070669796.0,0.0,0.0,0.0,0.0,0.0,180.0,82765.0,166.0,122935.0,1.0850302743505775,47241340.0,0.0,0.0,0.0,1000.0
2022-12-08T00:00:00,MPC,20.8,18.0,18.5,19.4,19.0,18.2,130900.0,130900.0,0.0,2541289982.0,0.0,0.0,0.0,0.0,0.0,181.0,166261.0,248.0,285199.0,1.0850302743505775,47241340.0,0.0,0.0,0.0,1000.0
2022-12-09T00:00:00,MPC,19.0,17.9,18.3,18.2,18.0,19.4,67000.0,67000.0,0.0,1216429890.0,0.0,700.0,12708969.0,0.0,0.0,188.0,117630.0,162.0,225251.0,1.0850302743505775,47240640.0,0.0,0.0,0.0,1000.0
2022-12-12T00:00:00,MPC,18.9,18.0,18.5,18.4,18.3,18.2,87700.0,87700.0,0.0,1615990018.0,0.0,400.0,7370536.0,0.0,0.0,134.0,118297.0,190.0,214628.0,1.0850302743505775,47240240.0,0.0,0.0,0.0,1000.0
2022-12-13T00:00:00,MPC,18.7,17.9,18.6,18.2,18.2,18.4,27500.0,27500.0,0.0,499860075.0,0.0,0.0,0.0,0.0,0.0,117.0,54777.0,142.0,162502.0,1.0850302743505775,47240240.0,0.0,0.0,0.0,1000.0
2022-12-14T00:00:00,MPC,18.6,18.0,18.3,18.2,18.2,18.2,43000.0,43000.0,0.0,782849830.0,0.0,0.0,0.0,0.0,0.0,127.0,68684.0,144.0,182650.0,1.0850302743505775,47240240.0,0.0,0.0,0.0,1000.0
2022-12-15T00:00:00,MPC,18.3,17.5,18.3,17.8,18.0,18.2,63700.0,63700.0,0.0,1131529854.0,0.0,200.0,3552684.0,100.0,1776342.0,192.0,111898.0,149.0,193350.0,1.0850302743505775,47240040.0,0.0,0.0,0.0,1000.0
2022-12-16T00:00:00,MPC,18.6,17.7,18.1,18.1,17.7,17.8,49000.0,49000.0,0.0,886559940.0,0.0,100.0,1809306.0,0.0,0.0,126.0,87514.0,143.0,204262.0,1.0850302743505775,47239940.0,0.0,0.0,0.0,1000.0
2022-12-19T00:00:00,MPC,18.5,16.6,17.6,18.1,17.8,18.1,91800.0,91800.0,0.0,1663419672.0,0.0,0.0,0.0,0.0,0.0,144.0,118611.0,174.0,192188.0,1.0850302743505775,47239940.0,0.0,0.0,0.0,1000.0
2022-12-20T00:00:00,MPC,18.0,16.8,18.0,17.2,17.3,18.1,339700.0,339700.0,0.0,5837550871.0,0.0,87600.0,1505356068.0,1100.0,18902873.0,307.0,504912.0,304.0,493136.0,1.0850302743505775,47152440.0,0.0,0.0,0.0,1000.0
2022-12-21T00:00:00,MPC,17.7,16.5,17.5,17.3,17.3,17.2,254000.0,254000.0,0.0,4396470760.0,0.0,190000.0,3288698600.0,0.0,0.0,148.0,340015.0,256.0,371136.0,1.0850302743505775,46962440.0,0.0,0.0,0.0,1000.0
2022-12-22T00:00:00,MPC,17.6,17.0,17.6,17.3,17.3,17.3,154400.0,154400.0,0.0,2665030464.0,0.0,107300.0,1852058088.0,0.0,0.0,105.0,209541.0,166.0,277289.0,1.0850302743505775,46855140.0,0.0,0.0,0.0,1000.0
2022-12-23T00:00:00,MPC,18.1,17.2,17.3,17.8,17.8,17.3,195800.0,195800.0,0.0,3492339708.0,0.0,145100.0,2588041326.0,300.0,5350878.0,126.0,608971.0,337.0,400886.0,1.0850302743505775,46711140.0,0.0,0.0,0.0,1000.0
2022-12-26T00:00:00,MPC,18.0,17.2,17.6,17.3,17.2,17.8,152500.0,152500.0,0.0,2645339725.0,0.0,121300.0,2104129237.0,100.0,1734649.0,110.0,374004.0,240.0,323701.0,1.0850302743505775,46589840.0,0.0,0.0,0.0,1000.0
2022-12-27T00:00:00,MPC,17.9,17.0,17.1,17.6,17.5,17.3,89200.0,89200.0,0.0,1571560388.0,0.0,3600.0,63426204.0,0.0,0.0,101.0,119225.0,168.0,231604.0,1.0850302743505775,46586240.0,0.0,0.0,0.0,1000.0
2022-12-28T00:00:00,MPC,17.9,17.2,17.6,17.6,17.4,17.6,48200.0,48200.0,0.0,846179920.0,0.0,900.0,15800040.0,0.0,0.0,120.0,80692.0,169.0,228107.0,1.0850302743505775,46585640.0,0.0,0.0,0.0,1000.0
2022-12-29T00:00:00,MPC,17.8,17.3,17.7,17.7,17.4,17.6,63700.0,63700.0,0.0,1125259863.0,0.0,300.0,5299497.0,0.0,0.0,97.0,85263.0,193.0,282273.0,1.0850302743505775,46585440.0,0.0,0.0,0.0,1000.0
2022-12-30T00:00:00,MPC,17.8,17.0,17.4,17.5,17.6,17.7,123200.0,123200.0,0.0,2150780016.0,0.0,9900.0,172830537.0,0.0,0.0,178.0,191723.0,213.0,320714.0,1.0850302743505775,46575540.0,0.0,0.0,0.0,1000.0
2023-01-03T00:00:00,MPC,18.2,17.5,17.8,18.0,18.0,17.5,298700.0,298700.0,0.0,5381579329.0,0.0,48800.0,879213496.0,0.0,0.0,189.0,650575.0,320.0,417696.0,1.0850302743505775,46526740.0,0.0,0.0,0.0,1000.0
2023-01-04T00:00:00,MPC,18.5,18.0,18.2,18.1,18.1,18.0,102500.0,102500.0,0.0,1856400050.0,0.0,80900.0,1465197698.0,0.0,0.0,120.0,246570.0,210.0,239238.0,1.0850302743505775,46445840.0,0.0,0.0,0.0,1000.0
2023-01-05T00:00:00,MPC,20.2,18.0,18.1,18.8,18.4,18.1,340800.0,340800.0,0.0,6414588720.0,0.0,19400.0,365149710.0,100.0,1882215.0,166.0,407340.0,406.0,670852.0,1.0850302743505775,46426440.0,0.0,0.0,0.0,1000.0
2023-01-06T00:00:00,MPC,19.0,18.1,18.8,18.4,18.3,18.8,90000.0,90000.0,0.0,1660419900.0,0.0,10300.0,190025833.0,0.0,0.0,130.0,116390.0,231.0,377561.0,1.0850302743505775,46416140.0,0.0,0.0,0.0,1000.0
2023-01-09T00:00:00,MPC,18.4,17.8,18.4,18.1,18.0,18.4,48000.0,48000.0,0.0,866979840.0,0.0,0.0,0.0,200.0,3612416.0,146.0,120911.0,137.0,224650.0,1.0850302743505775,46416140.0,0.0,0.0,0.0,1000.0
2023-01-10T00:00:00,MPC,18.8,17.7,18.1,18.5,18.2,18.1,103400.0,103400.0,0.0,1913580372.0,0.0,100.0,1850658.0,0.0,0.0,119.0,135611.0,204.0,349799.0,1.0850302743505775,46416140.0,0.0,0.0,0.0,1000.0
2023-01-11T00:00:00,MPC,18.3,17.9,18.2,18.1,18.0,18.5,77900.0,77900.0,0.0,1410140347.0,0.0,300.0,5430579.0,200.0,3620386.0,172.0,111701.0,206.0,378859.0,1.0850302743505775,46415840.0,0.0,0.0,0.0,1000.0
2023-01-12T00:00:00,MPC,18.4,18.0,18.1,18.2,18.2,18.1,65100.0,65100.0,0.0,1186549707.0,0.0,1600.0,29162512.0,0.0,0.0,147.0,94331.0,204.0,322838.0,1.0850302743505775,46414440.0,0.0,0.0,0.0,1000.0
2023-01-13T00:00:00,MPC,18.3,17.7,18.3,18.1,17.9,18.2,99400.0,99400.0,0.0,1796620210.0,0.0,100.0,1807465.0,0.0,0.0,185.0,140097.0,217.0,417032.0,1.0850302743505775,46414340.0,0.0,0.0,0.0,1000.0
2023-01-16T00:00:00,MPC,18.0,17.5,18.0,17.7,17.7,18.1,43000.0,43000.0,0.0,761990100.0,0.0,0.0,0.0,0.0,0.0,157.0,86471.0,182.0,256800.0,1.0850302743505775,46414540.0,0.0,0.0,0.0,1000.0
2023-01-17T00:00:00,MPC,18.1,17.6,17.9,17.8,17.9,17.7,51900.0,51900.0,0.0,924509751.0,0.0,800.0,14250632.0,0.0,0.0,141.0,206612.0,198.0,264748.0,1.0850302743505775,46413740.0,0.0,0.0,0.0,1000.0
2023-01-18T00:00:00,MPC,18.9,17.9,18.0,18.4,18.1,17.8,172500.0,172500.0,0.0,3172150800.0,0.0,0.0,0.0,0.0,0.0,161.0,221332.0,329.0,434973.0,1.0850302743505775,46413740.0,0.0,0.0,0.0,1000.0
2023-01-19T00:00:00,MPC,18.6,18.1,18.5,18.3,18.3,18.4,46600.0,46600.0,0.0,851479860.0,0.0,600.0,10963260.0,0.0,0.0,153.0,106258.0,210.0,250477.0,1.0850302743505775,46413140.0,0.0,0.0,0.0,1000.0
2023-01-27T00:00:00,MPC,18.8,18.3,18.4,18.4,18.4,18.3,100900.0,100900.0,0.0,1861400173.0,0.0,15300.0,282253941.0,0.0,0.0,147.0,152768.0,209.0,316535.0,1.0850302743505775,46397840.0,0.0,0.0,0.0,1000.0
2023-01-30T00:00:00,MPC,18.6,18.1,18.5,18.3,18.1,18.4,44000.0,44000.0,0.0,803150040.0,0.0,300.0,5476023.0,0.0,0.0,168.0,80772.0,176.0,286819.0,1.0850302743505775,46397540.0,0.0,0.0,0.0,1000.0
2023-01-31T00:00:00,MPC,18.5,17.9,18.0,18.1,18.4,18.3,126100.0,126100.0,0.0,2281440291.0,0.0,15800.0,285858498.0,0.0,0.0,209.0,173550.0,159.0,257610.0,1.0850302743505775,46381740.0,0.0,0.0,0.0,1000.0
2023-02-01T00:00:00,MPC,18.5,17.9,18.4,18.2,18.0,18.1,180600.0,180600.0,0.0,3284469258.0,0.0,54100.0,983885863.0,0.0,0.0,207.0,215557.0,224.0,350050.0,1.0850302743505775,46327640.0,0.0,0.0,0.0,1000.0
2023-02-02T00:00:00,MPC,18.3,17.6,18.3,17.9,17.9,18.2,34800.0,34800.0,0.0,621769860.0,0.0,3200.0,57174240.0,0.0,0.0,139.0,62611.0,152.0,165947.0,1.0850302743505775,46324440.0,0.0,0.0,0.0,1000.0
2023-02-03T00:00:00,MPC,18.0,17.7,17.9,17.8,17.8,17.9,79400.0,79400.0,0.0,1412719736.0,0.0,3200.0,56935808.0,1600.0,28467904.0,137.0,105072.0,154.0,221327.0,1.0850302743505775,46321240.0,0.0,0.0,0.0,1000.0
2023-02-06T00:00:00,MPC,17.9,17.5,17.8,17.8,17.8,17.8,73300.0,73300.0,0.0,1304679894.0,0.0,100.0,1779918.0,0.0,0.0,122.0,100315.0,180.0,228123.0,1.0850302743505775,46321140.0,0.0,0.0,0.0,1000.0
2023-02-07T00:00:00,MPC,18.4,17.5,17.9,17.9,17.7,17.8,80700.0,80700.0,0.0,1445800218.0,0.0,100.0,1791574.0,0.0,0.0,160.0,106229.0,200.0,324100.0,1.0850302743505775,46321040.0,0.0,0.0,0.0,1000.0
2023-02-08T00:00:00,MPC,17.9,17.6,17.9,17.7,17.8,17.9,43400.0,43400.0,0.0,768590130.0,0.0,300.0,5312835.0,0.0,0.0,105.0,93474.0,167.0,193750.0,1.0850302743505775,46322340.0,0.0,0.0,0.0,1000.0
2023-02-09T00:00:00,MPC,18.5,17.5,17.8,18.2,18.1,17.7,185000.0,185000.0,0.0,3364069600.0,0.0,0.0,0.0,4000.0,72736640.0,273.0,235490.0,357.0,436710.0,1.0850302743505775,46322340.0,0.0,0.0,0.0,1000.0
2023-02-10T00:00:00,MPC,18.2,17.9,18.0,18.0,17.9,18.2,29600.0,29600.0,0.0,532800000.0,0.0,0.0,0.0,0.0,0.0,101.0,62849.0,215.0,259021.0,1.0850302743505775,46322340.0,0.0,0.0,0.0,1000.0
2023-02-13T00:00:00,MPC,18.0,17.4,18.0,17.6,17.6,18.0,163000.0,163000.0,0.0,2864620680.0,0.0,0.0,0.0,100.0,1757436.0,159.0,193971.0,257.0,325863.0,1.0850302743505775,46322340.0,0.0,0.0,0.0,1000.0
2023-02-14T00:00:00,MPC,17.9,17.4,17.6,17.5,17.6,17.6,21300.0,21300.0,0.0,372869919.0,0.0,100.0,1750563.0,900.0,15755067.0,122.0,71487.0,184.0,219163.0,1.0850302743505775,46326240.0,0.0,0.0,0.0,1000.0
2023-02-15T00:00:00,MPC,17.7,17.4,17.7,17.5,17.6,17.5,39100.0,39100.0,0.0,684759864.0,0.0,200.0,3502608.0,0.0,0.0,112.0,73494.0,176.0,368066.0,1.0850302743505775,46326040.0,0.0,0.0,0.0,1000.0
2023-02-16T00:00:00,MPC,17.9,17.5,17.9,17.6,17.7,17.5,29100.0,29100.0,0.0,511889952.0,0.0,100.0,1759072.0,0.0,0.0,103.0,63729.0,170.0,245269.0,1.0850302743505775,46326040.0,0.0,0.0,0.0,1000.0
2023-02-17T00:00:00,MPC,17.8,17.5,17.8,17.6,17.6,17.6,25900.0,25900.0,0.0,456970017.0,0.0,100.0,1764363.0,0.0,0.0,129.0,62369.0,195.0,262469.0,1.0850302743505775,46326840.0,0.0,0.0,0.0,1000.0
2023-02-20T00:00:00,MPC,18.4,17.7,17.7,18.2,18.2,17.6,277300.0,277300.0,0.0,5039650200.0,0.0,15900.0,288966600.0,400.0,7269600.0,320.0,474401.0,386.0,507472.0,1.0850302743505775,46310940.0,0.0,0.0,0.0,1000.0
2023-02-21T00:00:00,MPC,18.5,18.1,18.3,18.3,18.2,18.2,122900.0,122900.0,0.0,2243500172.0,0.0,20400.0,372395472.0,0.0,0.0,247.0,272009.0,273.0,323215.0,1.0850302743505775,46290540.0,0.0,0.0,0.0,1000.0
2023-02-22T00:00:00,MPC,18.2,17.5,18.2,17.8,17.7,18.3,113700.0,113700.0,0.0,2018790117.0,0.0,200.0,3551082.0,0.0,0.0,290.0,166530.0,198.0,346291.0,1.0850302743505775,46290340.0,0.0,0.0,0.0,1000.0
2023-02-23T00:00:00,MPC,17.8,17.1,17.7,17.5,17.5,17.8,106300.0,106300.0,0.0,1855280475.0,0.0,100.0,1745325.0,0.0,0.0,263.0,193082.0,176.0,235919.0,1.0850302743505775,46290640.0,0.0,0.0,0.0,1000.0
2023-02-24T00:00:00,MPC,17.8,17.3,17.6,17.4,17.8,17.5,61300.0,61300.0,0.0,1069059740.0,0.0,17100.0,298220580.0,0.0,0.0,152.0,115092.0,166.0,190922.0,1.0850302743505775,46273540.0,0.0,0.0,0.0,1000.0
2023-02-27T00:00:00,MPC,17.5,17.0,17.5,17.2,17.2,17.4,58100.0,58100.0,0.0,998869725.0,0.0,1100.0,18911475.0,0.0,0.0,170.0,96585.0,201.0,217619.0,1.0850302743505775,46272440.0,0.0,0.0,0.0,1000.0
2023-02-28T00:00:00,MPC,17.8,17.1,17.2,17.3,17.5,17.2,84300.0,84300.0,0.0,1458379884.0,0.0,23200.0,401357216.0,0.0,0.0,127.0,157603.0,190.0,187869.0,1.0850302743505775,46249240.0,0.0,0.0,0.0,1000.0
2023-03-01T00:00:00,MPC,17.4,17.2,17.3,17.3,17.4,17.3,62800.0,62800.0,0.0,1086029916.0,0.0,500.0,8646735.0,0.0,0.0,131.0,109331.0,166.0,200290.0,1.0850302743505775,46248740.0,0.0,0.0,0.0,1000.0
2023-03-02T00:00:00,MPC,17.7,17.3,17.6,17.6,17.5,17.3,34600.0,34600.0,0.0,608029952.0,0.0,100.0,1757312.0,0.0,0.0,103.0,129438.0,217.0,200394.0,1.0850302743505775,46248640.0,0.0,0.0,0.0,1000.0
2023-03-03T00:00:00,MPC,17.6,17.2,17.5,17.4,17.6,17.6,31800.0,31800.0,0.0,553389960.0,0.0,200.0,3480440.0,0.0,0.0,94.0,75642.0,173.0,182786.0,1.0850302743505775,46248440.0,0.0,0.0,0.0,1000.0
2023-03-06T00:00:00,MPC,17.5,17.2,17.5,17.4,17.4,17.4,26200.0,26200.0,0.0,455189892.0,0.0,0.0,0.0,36.0,625451.76,115.0,76620.0,165.0,213859.0,1.0850302743505775,46248440.0,0.0,0.0,0.0,1000.0
2023-03-07T00:00:00,MPC,17.4,17.3,17.3,17.3,17.3,17.4,18900.0,18900.0,0.0,327020085.0,0.0,100.0,1730265.0,4.0,69210.6,81.0,53469.0,161.0,175023.0,1.0850302743505775,46248340.0,0.0,0.0,0.0,1000.0
2023-03-08T00:00:00,MPC,17.3,16.9,17.3,17.1,17.2,17.3,55400.0,55400.0,0.0,948549936.0,0.0,0.0,0.0,0.0,0.0,167.0,96510.0,158.0,157158.0,1.0850302743505775,46248340.0,0.0,0.0,0.0,1000.0
2023-03-09T00:00:00,MPC,17.4,17.2,17.4,17.4,17.4,17.1,24300.0,24300.0,0.0,422150049.0,0.0,0.0,0.0,0.0,0.0,120.0,78831.0,202.0,190623.0,1.0850302743505775,46248376.0,0.0,0.0,0.0,1000.0
2023-03-10T00:00:00,MPC,17.4,17.0,17.4,17.2,17.2,17.4,73900.0,73900.0,0.0,1271269923.0,0.0,0.0,0.0,0.0,0.0,186.0,143685.0,197.0,217078.0,1.0850302743505775,46248380.0,0.0,0.0,0.0,1000.0
2023-03-13T00:00:00,MPC,17.2,16.9,17.2,17.0,17.0,17.2,50200.0,50200.0,0.0,854619860.0,0.0,0.0,0.0,4900.0,83419070.0,158.0,97735.0,185.0,167936.0,1.0850302743505775,46248380.0,0.0,0.0,0.0,1000.0
2023-03-14T00:00:00,MPC,17.3,16.8,17.3,17.0,16.9,17.0,50900.0,50900.0,0.0,863900250.0,0.0,0.0,0.0,0.0,0.0,167.0,106229.0,219.0,212505.0,1.0850302743505775,46248380.0,0.0,0.0,0.0,1000.0
2023-03-15T00:00:00,MPC,17.2,17.1,17.2,17.1,17.1,17.0,44900.0,44900.0,0.0,768499869.0,0.0,100.0,1711581.0,0.0,0.0,118.0,78905.0,220.0,227568.0,1.0850302743505775,46248280.0,0.0,0.0,0.0,1000.0
2023-03-16T00:00:00,MPC,17.0,16.7,17.0,16.9,17.0,17.1,21700.0,21700.0,0.0,366029958.0,0.0,100.0,1686774.0,0.0,0.0,132.0,62170.0,163.0,152654.0,1.0850302743505775,46253080.0,0.0,0.0,0.0,1000.0
2023-03-17T00:00:00,MPC,17.2,16.8,17.0,17.0,17.2,16.9,38900.0,38900.0,0.0,662600038.0,0.0,1200.0,20440104.0,0.0,0.0,156.0,188698.0,190.0,202466.0,1.0850302743505775,46251880.0,0.0,0.0,0.0,1000.0
2023-03-20T00:00:00,MPC,17.2,16.8,17.1,17.0,16.9,17.0,25400.0,25400.0,0.0,432699922.0,0.0,1000.0,17035430.0,0.0,0.0,101.0,67972.0,175.0,161834.0,1.0850302743505775,46250880.0,0.0,0.0,0.0,1000.0
2023-03-21T00:00:00,MPC,17.1,16.7,17.1,16.8,16.9,17.0,37100.0,37100.0,0.0,623500003.0,0.0,100.0,1680593.0,0.0,0.0,144.0,84256.0,166.0,198473.0,1.0850302743505775,46250780.0,0.0,0.0,0.0,1000.0
2023-03-22T00:00:00,MPC,17.1,16.8,16.8,17.0,16.9,16.8,20000.0,20000.0,0.0,339550000.0,0.0,1000.0,16977500.0,0.0,0.0,91.0,58415.0,188.0,178406.0,1.0850302743505775,46249780.0,0.0,0.0,0.0,1000.0
2023-03-23T00:00:00,MPC,17.0,16.8,16.8,16.9,16.9,17.0,11600.0,11600.0,0.0,195859968.0,0.0,0.0,0.0,0.0,0.0,108.0,55145.0,150.0,127319.0,1.0850302743505775,46249780.0,0.0,0.0,0.0,1000.0
2023-03-24T00:00:00,MPC,16.9,16.7,16.9,16.8,16.8,16.9,24700.0,24700.0,0.0,414679902.0,0.0,0.0,0.0,0.0,0.0,147.0,75311.0,157.0,163719.0,1.0850302743505775,46249780.0,0.0,0.0,0.0,1000.0
2023-03-27T00:00:00,MPC,16.9,16.6,16.7,16.7,16.8,16.8,43400.0,43400.0,0.0,725289950.0,0.0,200.0,3342350.0,0.0,0.0,159.0,98670.0,173.0,186884.0,1.0850302743505775,46249580.0,0.0,0.0,0.0,1000.0
2023-03-28T00:00:00,MPC,17.0,16.6,16.8,16.8,16.6,16.7,30500.0,30500.0,0.0,511409970.0,0.0,100.0,1676754.0,0.0,0.0,114.0,73721.0,171.0,155725.0,1.0850302743505775,46249480.0,0.0,0.0,0.0,1000.0
2023-03-29T00:00:00,MPC,17.0,16.6,16.8,16.9,17.0,16.8,146000.0,146000.0,0.0,2463980680.0,0.0,95400.0,1610025732.0,1000.0,16876580.0,153.0,252030.0,213.0,293110.0,1.0850302743505775,46154080.0,0.0,0.0,0.0,1000.0
2023-03-30T00:00:00,MPC,17.2,16.8,16.9,17.0,17.0,16.9,65900.0,65900.0,0.0,1120520106.0,0.0,30100.0,511800534.0,0.0,0.0,141.0,105291.0,203.0,224674.0,1.0850302743505775,46123980.0,0.0,0.0,0.0,1000.0
2023-03-31T00:00:00,MPC,17.2,16.8,17.0,16.9,17.2,17.0,70400.0,70400.0,0.0,1192459840.0,0.0,30500.0,516619675.0,0.0,0.0,142.0,131723.0,200.0,256219.0,1.0850302743505775,46093480.0,0.0,0.0,0.0,1000.0
2023-04-03T00:00:00,MPC,17.4,16.7,17.0,16.9,16.8,16.9,94100.0,94100.0,0.0,1588640427.0,0.0,5100.0,86100597.0,14000.0,236354580.0,215.0,145230.0,237.0,332337.0,1.0850302743505775,46089380.0,0.0,0.0,0.0,1000.0
2023-04-04T00:00:00,MPC,17.0,16.7,16.9,16.8,17.0,16.9,83700.0,83700.0,0.0,1406580174.0,0.0,0.0,0.0,10000.0,168050200.0,226.0,164089.0,194.0,267139.0,1.0850302743505775,46089380.0,0.0,0.0,0.0,1000.0
2023-04-05T00:00:00,MPC,17.0,16.8,16.8,16.9,17.0,16.8,43900.0,43900.0,0.0,739859870.0,0.0,0.0,0.0,0.0,0.0,149.0,106252.0,232.0,225067.0,1.0850302743505775,46089380.0,0.0,0.0,0.0,1000.0
2023-04-06T00:00:00,MPC,17.4,16.9,16.9,17.2,17.2,16.9,251300.0,251300.0,0.0,4328579675.0,0.0,200.0,3444950.0,0.0,0.0,225.0,377451.0,399.0,466390.0,1.0850302743505775,46103180.0,0.0,0.0,0.0,1000.0
2023-04-07T00:00:00,MPC,17.4,17.0,17.1,17.1,17.1,17.2,46900.0,46900.0,0.0,802730082.0,0.0,600.0,10269468.0,100.0,1711578.0,117.0,103096.0,245.0,279719.0,1.0850302743505775,46112580.0,0.0,0.0,0.0,1000.0
2023-04-10T00:00:00,MPC,17.2,16.9,17.1,17.0,17.1,17.1,102300.0,102300.0,0.0,1736760399.0,0.0,6600.0,112049058.0,0.0,0.0,196.0,169865.0,217.0,289457.0,1.0850302743505775,46105980.0,0.0,0.0,0.0,1000.0
2023-04-11T00:00:00,MPC,17.6,17.1,17.1,17.3,17.6,17.0,154800.0,154800.0,0.0,2679530724.0,0.0,24800.0,429278824.0,0.0,0.0,153.0,265673.0,343.0,335889.0,1.0850302743505775,46081180.0,0.0,0.0,0.0,1000.0
2023-04-12T00:00:00,MPC,17.8,17.4,17.5,17.6,17.8,17.3,174500.0,174500.0,0.0,3067090525.0,0.0,62600.0,1100285770.0,200.0,3515290.0,204.0,207334.0,351.0,347933.0,1.0850302743505775,46018680.0,0.0,0.0,0.0,1000.0
2023-04-13T00:00:00,MPC,18.3,17.7,17.8,18.1,18.3,17.6,639000.0,639000.0,0.0,11536627410.0,0.0,198400.0,3581951296.0,14700.0,265396593.0,365.0,861234.0,489.0,814834.0,1.0850302743505775,45820280.0,0.0,0.0,0.0,1000.0
2023-04-14T00:00:00,MPC,18.4,17.8,18.3,18.0,18.0,18.1,209300.0,209300.0,0.0,3772779010.0,0.0,63500.0,1144631950.0,0.0,0.0,265.0,274942.0,313.0,342557.0,1.0850302743505775,45756780.0,0.0,0.0,0.0,1000.0
2023-04-17T00:00:00,MPC,18.9,17.8,17.8,18.2,18.0,18.0,87900.0,87900.0,0.0,1599990081.0,0.0,26600.0,484183574.0,8100.0,147439359.0,140.0,180822.0,353.0,460070.0,1.0850302743505775,45730380.0,0.0,0.0,0.0,1000.0
2023-04-18T00:00:00,MPC,18.3,18.0,18.1,18.1,18.2,18.2,130800.0,130800.0,0.0,2369910264.0,0.0,20400.0,369619032.0,400.0,7247432.0,114.0,171097.0,249.0,365622.0,1.0850302743505775,45724680.0,0.0,0.0,0.0,1000.0
2023-04-19T00:00:00,MPC,18.2,17.8,18.1,17.9,17.8,18.1,107300.0,107300.0,0.0,1924380434.0,0.0,17100.0,306681318.0,8700.0,156030846.0,140.0,138701.0,229.0,293041.0,1.0850302743505775,45707580.0,0.0,0.0,0.0,1000.0
2023-04-20T00:00:00,MPC,18.1,17.6,18.0,17.8,17.8,17.9,143900.0,143900.0,0.0,2563230262.0,0.0,12500.0,222657250.0,33800.0,602065204.0,171.0,182278.0,212.0,339685.0,1.0850302743505775,45703180.0,0.0,0.0,0.0,1000.0
2023-04-21T00:00:00,MPC,18.2,17.6,17.6,17.8,18.0,17.8,69600.0,69600.0,0.0,1237920216.0,0.0,18100.0,321930401.0,29200.0,519357332.0,104.0,129064.0,213.0,270625.0,1.0850302743505775,45685480.0,0.0,0.0,0.0,1000.0
2023-04-24T00:00:00,MPC,18.5,17.8,17.8,18.3,18.2,17.8,341500.0,341500.0,0.0,6245929135.0,0.0,211700.0,3871927373.0,0.0,0.0,129.0,569013.0,397.0,533948.0,1.0850302743505775,45482480.0,0.0,0.0,0.0,1000.0
2023-04-25T00:00:00,MPC,19.2,18.2,18.2,18.8,19.1,18.3,442300.0,442300.0,0.0,8294699588.0,0.0,340000.0,6376210400.0,0.0,0.0,186.0,759098.0,434.0,605863.0,1.0850302743505775,45176280.0,0.0,0.0,0.0,1000.0
2023-04-26T00:00:00,MPC,19.3,18.4,18.9,18.8,19.0,18.8,162000.0,162000.0,0.0,3041919360.0,0.0,67300.0,1263710944.0,9000.0,168995520.0,163.0,268994.0,224.0,293848.0,1.0850302743505775,45138180.0,0.0,0.0,0.0,1000.0
2023-04-27T00:00:00,MPC,19.8,18.7,19.0,19.0,19.3,18.8,198000.0,198000.0,0.0,3764290860.0,0.0,105900.0,2013325263.0,90100.0,1712942457.0,149.0,284963.0,233.0,367927.0,1.0850302743505775,45032280.0,0.0,0.0,0.0,1000.0
2023-04-28T00:00:00,MPC,19.3,18.5,19.3,18.7,19.0,19.0,160200.0,160200.0,0.0,2990909970.0,0.0,63600.0,1187402460.0,47800.0,892418830.0,256.0,216045.0,216.0,405228.0,1.0850302743505775,44968680.0,0.0,0.0,0.0,1000.0
2023-05-04T00:00:00,MPC,19.0,18.1,18.8,18.3,18.7,18.7,132900.0,132900.0,0.0,2436910218.0,0.0,10600.0,194366052.0,37000.0,678447540.0,200.0,169678.0,140.0,280026.0,1.0850302743505775,44967080.0,0.0,0.0,0.0,1000.0
2023-05-05T00:00:00,MPC,18.6,18.0,18.3,18.1,18.1,18.3,144200.0,144200.0,0.0,2608289600.0,0.0,20400.0,368995200.0,16800.0,303878400.0,237.0,305346.0,137.0,306932.0,1.0850302743505775,45036780.0,0.0,0.0,0.0,1000.0
2023-05-08T00:00:00,MPC,17.9,17.2,17.9,17.4,17.3,18.1,252500.0,252500.0,0.0,4387879350.0,0.0,0.0,0.0,82100.0,1426712454.0,522.0,548096.0,187.0,391662.0,1.0850302743505775,45084580.0,0.0,0.0,0.0,1000.0
2023-05-09T00:00:00,MPC,17.5,17.2,17.3,17.3,17.4,17.4,134700.0,134700.0,0.0,2335160547.0,0.0,18900.0,327650589.0,15400.0,266974554.0,279.0,363226.0,132.0,249746.0,1.0850302743505775,45102680.0,0.0,0.0,0.0,1000.0
2023-05-10T00:00:00,MPC,17.8,17.4,17.5,17.6,17.7,17.3,315000.0,315000.0,0.0,5540150700.0,0.0,20400.0,358790712.0,146500.0,2576609770.0,316.0,578165.0,249.0,417140.0,1.0850302743505775,45099080.0,0.0,0.0,0.0,1000.0
2023-05-11T00:00:00,MPC,17.9,17.4,17.7,17.6,17.6,17.6,139800.0,139800.0,0.0,2460499572.0,0.0,34500.0,607204830.0,50600.0,890567084.0,284.0,397324.0,174.0,295931.0,1.0850302743505775,45146680.0,0.0,0.0,0.0,1000.0
2023-05-12T00:00:00,MPC,17.7,17.4,17.4,17.6,17.6,17.6,153100.0,153100.0,0.0,2687099437.0,0.0,7400.0,129879398.0,3100.0,54408937.0,271.0,459592.0,173.0,293784.0,1.0850302743505775,45154680.0,0.0,0.0,0.0,1000.0
2023-05-15T00:00:00,MPC,17.7,17.4,17.6,17.5,17.6,17.6,141100.0,141100.0,0.0,2465619497.0,0.0,20300.0,354727681.0,24600.0,429867042.0,265.0,254148.0,201.0,275453.0,1.0850302743505775,45280880.0,0.0,0.0,0.0,1000.0
2023-05-16T00:00:00,MPC,17.7,17.4,17.6,17.5,17.5,17.5,88500.0,88500.0,0.0,1547380020.0,0.0,27400.0,479075848.0,8000.0,139876160.0,226.0,209113.0,178.0,248368.0,1.0850302743505775,45304080.0,0.0,0.0,0.0,1000.0
2023-05-17T00:00:00,MPC,17.9,17.4,17.6,17.6,17.9,17.5,479700.0,479700.0,0.0,8452899234.0,0.0,143800.0,2533931436.0,264200.0,4655526324.0,226.0,520101.0,273.0,639342.0,1.0850302743505775,45163380.0,0.0,0.0,0.0,1000.0
2023-05-18T00:00:00,MPC,17.8,17.5,17.6,17.7,17.7,17.6,168100.0,168100.0,0.0,2973470470.0,0.0,104800.0,1853775760.0,42000.0,742925400.0,127.0,393866.0,232.0,322620.0,1.0850302743505775,45083180.0,0.0,0.0,0.0,1000.0
2023-05-19T00:00:00,MPC,18.1,17.6,17.8,17.9,17.9,17.7,386700.0,386700.0,0.0,6927448209.0,0.0,121600.0,2178375232.0,121500.0,2176583805.0,241.0,467344.0,342.0,618090.0,1.0850302743505775,44969580.0,0.0,0.0,0.0,1000.0
2023-05-22T00:00:00,MPC,18.0,17.5,18.0,17.7,17.7,17.9,122800.0,122800.0,0.0,2174149440.0,0.0,6700.0,118622160.0,0.0,0.0,241.0,224467.0,150.0,263450.0,1.0850302743505775,45227080.0,0.0,0.0,0.0,1000.0
2023-05-23T00:00:00,MPC,18.0,17.6,17.7,17.8,17.7,17.7,93200.0,93200.0,0.0,1656329896.0,0.0,25000.0,444294500.0,0.0,0.0,148.0,358628.0,195.0,264190.0,1.0850302743505775,45244080.0,0.0,0.0,0.0,1000.0
2023-05-24T00:00:00,MPC,18.0,17.5,17.9,17.6,17.5,17.8,82000.0,82000.0,0.0,1444339800.0,0.0,3200.0,56364480.0,0.0,0.0,180.0,183367.0,178.0,304103.0,1.0850302743505775,45362380.0,0.0,0.0,0.0,1000.0
2023-05-25T00:00:00,MPC,17.6,17.3,17.6,17.4,17.4,17.6,100200.0,100200.0,0.0,1740809670.0,0.0,0.0,0.0,0.0,0.0,200.0,170337.0,136.0,214857.0,1.0850302743505775,45362380.0,0.0,0.0,0.0,1000.0
2023-05-26T00:00:00,MPC,17.4,17.0,17.3,17.2,17.3,17.4,132200.0,132200.0,0.0,2269449638.0,0.0,400.0,6866716.0,0.0,0.0,282.0,265103.0,159.0,261657.0,1.0850302743505775,45361980.0,0.0,0.0,0.0,1000.0
2023-05-29T00:00:00,MPC,17.8,17.4,17.4,17.5,17.6,17.2,159000.0,159000.0,0.0,2787570510.0,0.0,12500.0,219148625.0,54500.0,955488005.0,175.0,211612.0,235.0,336269.0,1.0850302743505775,45349480.0,0.0,0.0,0.0,1000.0
2023-05-30T00:00:00,MPC,17.8,17.3,17.6,17.5,17.7,17.5,69900.0,69900.0,0.0,1220110092.0,0.0,5300.0,92511924.0,0.0,0.0,249.0,162447.0,183.0,220086.0,1.0850302743505775,45344180.0,0.0,0.0,0.0,1000.0
2023-05-31T00:00:00,MPC,17.7,17.3,17.4,17.4,17.7,17.5,116200.0,116200.0,0.0,2027240306.0,0.0,18200.0,317519566.0,100.0,1744613.0,270.0,216357.0,193.0,220693.0,1.0850302743505775,45325980.0,0.0,0.0,0.0,1000.0
2023-06-01T00:00:00,MPC,17.7,17.2,17.4,17.4,17.4,17.4,186400.0,186400.0,0.0,3240690752.0,0.0,700.0,12169976.0,95400.0,1658593872.0,288.0,268445.0,216.0,364838.0,1.0850302743505775,45379780.0,0.0,0.0,0.0,1000.0
2023-06-02T00:00:00,MPC,17.6,17.2,17.5,17.4,17.6,17.4,454200.0,454200.0,0.0,7911328272.0,0.0,17100.0,297850536.0,177500.0,3091723400.0,481.0,533805.0,264.0,643184.0,1.0850302743505775,45362680.0,0.0,0.0,0.0,1000.0
2023-06-05T00:00:00,MPC,18.5,17.4,17.6,17.9,18.3,17.4,1529100.0,1529100.0,0.0,27442222515.0,0.0,35400.0,635311410.0,799800.0,14353730670.0,897.0,1791347.0,581.0,1716566.0,1.0850302743505775,45327380.0,0.0,0.0,0.0,1000.0
2023-06-06T00:00:00,MPC,18.6,18.1,18.1,18.3,18.3,17.9,542600.0,542600.0,0.0,9955689912.0,0.0,100.0,1834812.0,238000.0,4366852560.0,532.0,723387.0,422.0,903860.0,1.0850302743505775,45422680.0,0.0,0.0,0.0,1000.0
2023-06-07T00:00:00,MPC,18.4,18.0,18.4,18.1,18.4,18.3,615700.0,615700.0,0.0,11150037621.0,0.0,146800.0,2658479004.0,26000.0,470847780.0,630.0,869770.0,389.0,906888.0,1.0850302743505775,45453380.0,0.0,0.0,0.0,1000.0
2023-06-08T00:00:00,MPC,18.5,18.1,18.2,18.3,18.1,18.1,470000.0,470000.0,0.0,8595120300.0,0.0,46300.0,846710787.0,58100.0,1062503169.0,443.0,586595.0,401.0,783063.0,1.0850302743505775,46206880.0,0.0,0.0,0.0,1000.0
2023-06-09T00:00:00,MPC,18.3,18.0,18.1,18.1,18.3,18.3,283600.0,283600.0,0.0,5132629668.0,0.0,27100.0,490459323.0,0.0,0.0,310.0,414074.0,293.0,535377.0,1.0850302743505775,46417780.0,0.0,0.0,0.0,1000.0
2023-06-12T00:00:00,MPC,18.3,17.9,18.2,18.1,18.3,18.1,403400.0,403400.0,0.0,7299970774.0,0.0,19100.0,345635701.0,20000.0,361922200.0,323.0,524183.0,279.0,754751.0,1.0850302743505775,46424680.0,0.0,0.0,0.0,1000.0
2023-06-13T00:00:00,MPC,18.5,18.2,18.2,18.3,18.2,18.1,305400.0,305400.0,0.0,5598919578.0,0.0,36000.0,659990520.0,19000.0,348328330.0,312.0,411107.0,371.0,613220.0,1.0850302743505775,46446780.0,0.0,0.0,0.0,1000.0
2023-06-14T00:00:00,MPC,18.6,18.2,18.3,18.4,18.6,18.3,637600.0,637600.0,0.0,11738222376.0,0.0,374700.0,6898230747.0,42000.0,773220420.0,308.0,906345.0,486.0,961666.0,1.0850302743505775,46072080.0,0.0,0.0,0.0,1000.0
2023-06-15T00:00:00,MPC,18.7,18.2,18.6,18.4,18.5,18.4,246800.0,246800.0,0.0,4552778832.0,0.0,68000.0,1254412320.0,0.0,0.0,257.0,611043.0,350.0,655305.0,1.0850302743505775,46024080.0,0.0,0.0,0.0,1000.0
2023-06-16T00:00:00,MPC,18.8,18.3,18.5,18.5,18.8,18.4,493000.0,493000.0,0.0,9140717930.0,0.0,329700.0,6112970997.0,5000.0,92705050.0,275.0,573595.0,382.0,1135017.0,1.0850302743505775,45713380.0,0.0,0.0,0.0,1000.0
2023-06-19T00:00:00,MPC,18.7,18.3,18.5,18.4,18.6,18.5,186000.0,186000.0,0.0,3425299740.0,0.0,38100.0,701633979.0,100.0,1841559.0,212.0,290770.0,271.0,587963.0,1.0850302743505775,45717280.0,0.0,0.0,0.0,1000.0
2023-06-20T00:00:00,MPC,18.5,18.2,18.4,18.3,18.4,18.4,130700.0,130700.0,0.0,2391259753.0,0.0,300.0,5488737.0,0.0,0.0,255.0,212324.0,193.0,528529.0,1.0850302743505775,45716980.0,0.0,0.0,0.0,1000.0
2023-06-21T00:00:00,MPC,18.5,18.1,18.5,18.2,18.4,18.3,404800.0,404800.0,0.0,7382450944.0,0.0,110900.0,2022514352.0,12700.0,231613456.0,430.0,549212.0,278.0,929069.0,1.0850302743505775,45611080.0,0.0,0.0,0.0,1000.0
2023-06-22T00:00:00,MPC,18.5,18.2,18.2,18.3,18.2,18.2,347900.0,347900.0,0.0,6357169742.0,0.0,7100.0,129738158.0,100.0,1827298.0,393.0,466448.0,264.0,942999.0,1.0850302743505775,45604080.0,0.0,0.0,0.0,1000.0
2023-06-23T00:00:00,MPC,18.5,18.0,18.3,18.3,18.2,18.3,356000.0,356000.0,0.0,6505558240.0,0.0,197900.0,3616432516.0,0.0,0.0,345.0,535357.0,282.0,816701.0,1.0850302743505775,45406180.0,0.0,0.0,0.0,1000.0
2023-06-26T00:00:00,MPC,18.4,18.1,18.3,18.2,18.3,18.3,171800.0,171800.0,0.0,3128929834.0,0.0,1000.0,18212630.0,0.0,0.0,305.0,301151.0,251.0,616756.0,1.0850302743505775,45417880.0,0.0,0.0,0.0,1000.0
2023-06-27T00:00:00,MPC,18.3,18.0,18.3,18.1,18.2,18.2,319400.0,319400.0,0.0,5793111112.0,0.0,45200.0,819814096.0,0.0,0.0,433.0,421512.0,241.0,928165.0,1.0850302743505775,45372780.0,0.0,0.0,0.0,1000.0
2023-06-28T00:00:00,MPC,18.3,17.9,18.2,18.1,18.0,18.1,368300.0,368300.0,0.0,6660009413.0,0.0,2200.0,39782842.0,0.0,0.0,457.0,487659.0,279.0,802676.0,1.0850302743505775,45370580.0,0.0,0.0,0.0,1000.0
2023-06-29T00:00:00,MPC,18.2,17.7,18.0,17.9,18.1,18.1,326200.0,326200.0,0.0,5837140232.0,0.0,115000.0,2057851400.0,100.0,1789436.0,336.0,386830.0,258.0,730414.0,1.0850302743505775,45255580.0,0.0,0.0,0.0,1000.0
2023-06-30T00:00:00,MPC,18.0,17.8,17.8,17.9,17.9,17.9,160600.0,160600.0,0.0,2870729818.0,0.0,20100.0,359288103.0,100.0,1787503.0,243.0,263061.0,207.0,465828.0,1.0850302743505775,45235480.0,0.0,0.0,0.0,1000.0
2023-07-03T00:00:00,MPC,18.2,17.7,17.9,18.0,18.2,17.9,464900.0,464900.0,0.0,8357879220.0,0.0,17200.0,309218160.0,252300.0,4535798940.0,428.0,592333.0,368.0,744928.0,1.0850302743505775,45218280.0,0.0,0.0,0.0,1000.0
2023-07-04T00:00:00,MPC,18.2,18.0,18.2,18.1,18.2,18.0,191400.0,191400.0,0.0,3463030824.0,0.0,3200.0,57898112.0,35700.0,645925812.0,260.0,292485.0,312.0,542867.0,1.0850302743505775,45215180.0,0.0,0.0,0.0,1000.0
2023-07-05T00:00:00,MPC,18.1,17.9,18.1,18.0,18.0,18.1,182300.0,182300.0,0.0,3275130703.0,0.0,200.0,3593122.0,0.0,0.0,414.0,312550.0,319.0,578515.0,1.0850302743505775,45215080.0,0.0,0.0,0.0,1000.0
2023-07-06T00:00:00,MPC,18.1,17.6,18.0,17.8,17.8,18.0,247100.0,247100.0,0.0,4389761152.0,0.0,2800.0,49742336.0,0.0,0.0,414.0,352941.0,307.0,605465.0,1.0850302743505775,45464580.0,0.0,0.0,0.0,1000.0
2023-07-07T00:00:00,MPC,18.1,17.6,17.7,17.8,17.9,17.8,494300.0,494300.0,0.0,8817367887.0,0.0,0.0,0.0,141100.0,2516954499.0,328.0,627714.0,322.0,743672.0,1.0850302743505775,45500280.0,0.0,0.0,0.0,1000.0
2023-07-10T00:00:00,MPC,18.1,17.8,18.0,18.0,18.1,17.8,297500.0,297500.0,0.0,5340711075.0,0.0,100100.0,1796992197.0,0.0,0.0,313.0,571687.0,327.0,658534.0,1.0850302743505775,45400180.0,0.0,0.0,0.0,1000.0
2023-07-11T00:00:00,MPC,18.2,17.9,18.0,18.0,18.1,18.0,142900.0,142900.0,0.0,2572240012.0,0.0,22700.0,408606356.0,0.0,0.0,283.0,243439.0,316.0,569134.0,1.0850302743505775,45377480.0,0.0,0.0,0.0,1000.0
2023-07-12T00:00:00,MPC,18.1,17.8,18.0,17.9,18.0,18.0,176800.0,176800.0,0.0,3161710864.0,0.0,10100.0,180618098.0,0.0,0.0,343.0,277685.0,309.0,620502.0,1.0850302743505775,45508480.0,0.0,0.0,0.0,1000.0
2023-07-13T00:00:00,MPC,18.1,17.9,18.0,18.0,18.1,17.9,336200.0,336200.0,0.0,6055358716.0,0.0,5300.0,95459254.0,0.0,0.0,385.0,687361.0,344.0,773624.0,1.0850302743505775,45503180.0,0.0,0.0,0.0,1000.0
2023-07-14T00:00:00,MPC,18.4,18.0,18.2,18.2,18.2,18.0,314200.0,314200.0,0.0,5713950082.0,0.0,61700.0,1122058307.0,0.0,0.0,404.0,621656.0,449.0,754440.0,1.0850302743505775,45441480.0,0.0,0.0,0.0,1000.0
2023-07-17T00:00:00,MPC,18.4,18.1,18.3,18.2,18.2,18.2,217800.0,217800.0,0.0,3973419054.0,0.0,100.0,1824343.0,17300.0,315611339.0,320.0,354870.0,320.0,730727.0,1.0850302743505775,45441380.0,0.0,0.0,0.0,1000.0
2023-07-18T00:00:00,MPC,18.3,18.0,18.3,18.1,18.0,18.2,132100.0,132100.0,0.0,2389220045.0,0.0,0.0,0.0,0.0,0.0,325.0,274375.0,264.0,599958.0,1.0850302743505775,45441380.0,0.0,0.0,0.0,1000.0
2023-07-19T00:00:00,MPC,18.2,17.9,18.1,18.0,17.9,18.1,189600.0,189600.0,0.0,3414070320.0,0.0,100.0,1800670.0,0.0,0.0,360.0,311165.0,261.0,575085.0,1.0850302743505775,45441280.0,0.0,0.0,0.0,1000.0
2023-07-20T00:00:00,MPC,18.5,18.0,18.0,18.3,18.5,18.0,740300.0,740300.0,0.0,13532498925.0,0.0,61200.0,1118720700.0,0.0,0.0,623.0,1032103.0,540.0,1043940.0,1.0850302743505775,45397380.0,0.0,0.0,0.0,1000.0
2023-07-21T00:00:00,MPC,19.0,18.3,18.5,18.6,18.9,18.3,603700.0,603700.0,0.0,11251929636.0,0.0,11000.0,205021080.0,200.0,3727656.0,419.0,1035062.0,581.0,797675.0,1.0850302743505775,45386380.0,0.0,0.0,0.0,1000.0
2023-07-24T00:00:00,MPC,19.4,18.9,18.9,19.1,19.1,18.6,691600.0,691600.0,0.0,13218792860.0,0.0,2400.0,45872040.0,100.0,1911335.0,430.0,935181.0,588.0,955587.0,1.0850302743505775,45383980.0,0.0,0.0,0.0,1000.0
2023-07-25T00:00:00,MPC,19.2,18.7,19.1,18.9,19.1,19.1,319400.0,319400.0,0.0,6032610008.0,0.0,30000.0,566619600.0,20000.0,377746400.0,370.0,575798.0,373.0,576470.0,1.0850302743505775,45353980.0,0.0,0.0,0.0,1000.0
2023-07-26T00:00:00,MPC,19.2,18.6,19.1,18.8,18.9,18.9,257200.0,257200.0,0.0,4830851284.0,0.0,8100.0,152138007.0,0.0,0.0,361.0,478168.0,268.0,561229.0,1.0850302743505775,45346080.0,0.0,0.0,0.0,1000.0
2023-07-27T00:00:00,MPC,18.9,18.4,18.8,18.6,18.8,18.8,417200.0,417200.0,0.0,7774359292.0,0.0,73000.0,1360326530.0,1000.0,18634610.0,532.0,694293.0,321.0,552823.0,1.0850302743505775,45273180.0,0.0,0.0,0.0,1000.0
2023-07-28T00:00:00,MPC,18.9,18.6,18.7,18.7,18.7,18.6,234800.0,234800.0,0.0,4392899028.0,0.0,29500.0,551918745.0,0.0,0.0,318.0,469333.0,294.0,502659.0,1.0850302743505775,45263680.0,0.0,0.0,0.0,1000.0
2023-07-31T00:00:00,MPC,18.9,18.4,18.8,18.5,18.7,18.7,599000.0,599000.0,0.0,11091137910.0,0.0,50200.0,929507718.0,400.0,7406436.0,612.0,933085.0,309.0,794037.0,1.0850302743505775,45213480.0,0.0,0.0,0.0,1000.0
2023-08-01T00:00:00,MPC,18.7,18.3,18.7,18.4,18.3,18.5,317300.0,317300.0,0.0,5840658501.0,0.0,1087.0,20008811.19,0.0,0.0,492.0,526848.0,288.0,540606.0,1.0850302743505775,45213393.0,0.0,0.0,0.0,1000.0
2023-08-02T00:00:00,MPC,18.4,18.0,18.1,18.2,18.2,18.4,310500.0,310500.0,0.0,5643840510.0,0.0,100.0,1817662.0,5000.0,90883100.0,609.0,624384.0,263.0,596146.0,1.0850302743505775,45213293.0,0.0,0.0,0.0,1000.0
2023-08-03T00:00:00,MPC,18.5,18.2,18.2,18.4,18.4,18.2,259900.0,259900.0,0.0,4772899763.0,0.0,18000.0,330558660.0,0.0,0.0,361.0,576367.0,333.0,537404.0,1.0850302743505775,45195693.0,0.0,0.0,0.0,1000.0
2023-08-04T00:00:00,MPC,18.6,18.2,18.6,18.3,18.3,18.4,234200.0,234200.0,0.0,4286358846.0,0.0,63400.0,1160355042.0,0.0,0.0,335.0,445065.0,263.0,508600.0,1.0850302743505775,45132293.0,0.0,0.0,0.0,1000.0
2023-08-07T00:00:00,MPC,19.3,18.3,18.3,18.9,19.1,18.3,1105900.0,1105900.0,0.0,20881869216.0,0.0,295300.0,5575925472.0,5000.0,94411200.0,606.0,2283745.0,700.0,1356903.0,1.0850302743505775,44841993.0,0.0,0.0,0.0,1000.0
2023-08-08T00:00:00,MPC,19.6,19.2,19.2,19.4,19.5,18.9,644900.0,644900.0,0.0,12495137419.0,0.0,140423.0,2720739156.13,300.0,5812593.0,461.0,1083190.0,556.0,1062365.0,1.0850302743505775,44701570.0,0.0,0.0,0.0,1000.0
2023-08-09T00:00:00,MPC,20.3,19.3,19.6,19.8,19.8,19.4,930200.0,930200.0,0.0,18453921532.0,0.0,402600.0,7987044516.0,500.0,9919330.0,464.0,1068560.0,663.0,1238219.0,1.0850302743505775,44298970.0,0.0,0.0,0.0,1000.0
2023-08-10T00:00:00,MPC,20.3,19.7,19.8,20.0,20.1,19.8,607300.0,607300.0,0.0,12159561009.0,0.0,264300.0,5291901819.0,0.0,0.0,343.0,1049079.0,558.0,992600.0,1.0850302743505775,44039670.0,0.0,0.0,0.0,1000.0
2023-08-11T00:00:00,MPC,20.1,19.0,20.1,19.6,19.4,20.0,341000.0,341000.0,0.0,6674181580.0,0.0,33000.0,645888540.0,0.0,0.0,373.0,495981.0,340.0,694778.0,1.0850302743505775,44006970.0,0.0,0.0,0.0,1000.0
2023-08-14T00:00:00,MPC,19.6,19.1,19.6,19.3,19.3,19.6,263500.0,263500.0,0.0,5080698965.0,0.0,19.0,366350.21,5000.0,96407950.0,465.0,515852.0,223.0,512468.0,1.0850302743505775,44007451.0,0.0,0.0,0.0,1000.0
2023-08-15T00:00:00,MPC,19.5,19.0,19.3,19.3,19.4,19.3,191800.0,191800.0,0.0,3696720594.0,0.0,10800.0,208157364.0,6500.0,125279895.0,385.0,344151.0,188.0,394083.0,1.0850302743505775,43996651.0,0.0,0.0,0.0,1000.0
2023-08-16T00:00:00,MPC,19.8,19.3,19.5,19.5,19.6,19.3,325700.0,325700.0,0.0,6362350823.0,0.0,46400.0,906395696.0,44800.0,875140672.0,430.0,514556.0,340.0,543050.0,1.0850302743505775,43950251.0,0.0,0.0,0.0,1000.0
2023-08-17T00:00:00,MPC,19.8,19.2,19.8,19.4,19.3,19.5,313700.0,313700.0,0.0,6081359967.0,0.0,7200.0,139578552.0,137200.0,2659746852.0,408.0,431082.0,262.0,520926.0,1.0850302743505775,43948051.0,0.0,0.0,0.0,1000.0
2023-08-18T00:00:00,MPC,19.3,18.0,19.3,18.5,18.5,19.4,438600.0,438600.0,0.0,8128858890.0,0.0,55800.0,1034177670.0,0.0,0.0,579.0,514173.0,326.0,579490.0,1.0850302743505775,43898751.0,0.0,0.0,0.0,1000.0
2023-08-21T00:00:00,MPC,18.5,17.9,18.4,18.1,18.1,18.5,220800.0,220800.0,0.0,4005300960.0,0.0,35000.0,634898250.0,0.0,0.0,404.0,356427.0,209.0,410847.0,1.0850302743505775,43908551.0,0.0,0.0,0.0,1000.0
2023-08-22T00:00:00,MPC,18.5,17.8,18.3,18.1,18.2,18.1,234300.0,234300.0,0.0,4231589208.0,0.0,15700.0,283550792.0,0.0,0.0,370.0,390554.0,208.0,456000.0,1.0850302743505775,44030051.0,0.0,0.0,0.0,1000.0
2023-08-23T00:00:00,MPC,18.6,18.1,18.3,18.3,18.4,18.1,77700.0,77700.0,0.0,1422829968.0,0.0,10500.0,192274320.0,0.0,0.0,222.0,222042.0,223.0,339368.0,1.0850302743505775,44019551.0,0.0,0.0,0.0,1000.0
2023-08-24T00:00:00,MPC,18.6,18.3,18.3,18.4,18.4,18.3,121900.0,121900.0,0.0,2245890476.0,0.0,33600.0,619047744.0,0.0,0.0,220.0,262063.0,211.0,382901.0,1.0850302743505775,43985951.0,0.0,0.0,0.0,1000.0
2023-08-25T00:00:00,MPC,19.8,18.5,18.5,19.2,19.1,18.4,488200.0,488200.0,0.0,9358989280.0,0.0,100.0,1917040.0,89900.0,1723418960.0,430.0,649363.0,613.0,854145.0,1.0850302743505775,43985851.0,0.0,0.0,0.0,1000.0
2023-08-28T00:00:00,MPC,19.6,19.1,19.5,19.2,19.3,19.2,126600.0,126600.0,0.0,2429570472.0,0.0,0.0,0.0,0.0,0.0,246.0,737465.0,266.0,491815.0,1.0850302743505775,43985851.0,0.0,0.0,0.0,1000.0
2023-08-29T00:00:00,MPC,19.4,18.6,19.3,18.9,18.9,19.2,212200.0,212200.0,0.0,4020129000.0,0.0,35100.0,664969500.0,6500.0,123142500.0,371.0,448887.0,290.0,467391.0,1.0850302743505775,43950751.0,0.0,0.0,0.0,1000.0
2023-08-30T00:00:00,MPC,19.1,18.8,19.0,19.0,19.0,18.9,242800.0,242800.0,0.0,4603721088.0,0.0,3100.0,58778976.0,128000.0,2427002880.0,275.0,393567.0,238.0,460938.0,1.0850302743505775,44037551.0,0.0,0.0,0.0,1000.0
2023-08-31T00:00:00,MPC,20.0,19.0,19.0,19.4,19.4,19.0,248300.0,248300.0,0.0,4819530313.0,0.0,92500.0,1795435175.0,5000.0,97050550.0,264.0,387308.0,470.0,638211.0,1.0850302743505775,43945051.0,0.0,0.0,0.0,1000.0
2023-09-05T00:00:00,MPC,19.6,19.2,19.5,19.4,19.3,19.4,258400.0,258400.0,0.0,5001900480.0,0.0,0.0,0.0,119800.0,2318992560.0,272.0,395255.0,328.0,591038.0,1.0850302743505775,43951551.0,0.0,0.0,0.0,1000.0
2023-09-06T00:00:00,MPC,19.4,19.0,19.4,19.1,19.2,19.4,269200.0,269200.0,0.0,5136519056.0,0.0,100.0,1908068.0,46000.0,877711280.0,458.0,441445.0,288.0,575139.0,1.0850302743505775,44079451.0,0.0,0.0,0.0,1000.0
2023-09-07T00:00:00,MPC,19.3,18.9,19.2,19.1,19.1,19.1,430300.0,430300.0,0.0,8225838556.0,0.0,10100.0,193076852.0,207000.0,3957119640.0,542.0,594100.0,297.0,686286.0,1.0850302743505775,44074351.0,0.0,0.0,0.0,1000.0
2023-09-08T00:00:00,MPC,19.2,18.8,19.2,19.0,19.1,19.1,362800.0,362800.0,0.0,6881800824.0,0.0,3200.0,60699456.0,184900.0,3507290442.0,457.0,555919.0,248.0,603908.0,1.0850302743505775,44190951.0,0.0,0.0,0.0,1000.0
2023-09-11T00:00:00,MPC,20.0,19.1,19.1,19.7,19.5,19.0,1100800.0,1100800.0,0.0,21682270464.0,0.0,158600.0,3123917238.0,34400.0,677570952.0,645.0,1214682.0,856.0,1615085.0,1.0850302743505775,44078351.0,0.0,0.0,0.0,1000.0
2023-09-12T00:00:00,MPC,20.4,19.5,19.6,19.8,19.8,19.7,381800.0,381800.0,0.0,7552140000.0,0.0,65200.0,1289679224.7249868,0.0,0.0,397.0,804616.0,514.0,723582.0,1.0850302743505775,44220150.0,0.0,0.0,0.0,1000.0
2023-09-13T00:00:00,MPC,20.1,19.6,20.0,19.8,19.7,19.8,437400.0,437400.0,0.0,8677600470.0,0.0,37000.0,734044850.0,0.0,0.0,435.0,519777.0,523.0,949937.0,1.0850302743505775,44368051.0,0.0,0.0,0.0,1000.0
2023-09-14T00:00:00,MPC,19.9,19.1,19.5,19.4,19.5,19.8,337800.0,337800.0,0.0,6537889296.0,0.0,0.0,0.0,0.0,0.0,453.0,464019.0,358.0,724571.0,1.0850302743505775,44402451.0,0.0,0.0,0.0,1000.0
2023-09-15T00:00:00,MPC,19.6,19.2,19.4,19.4,19.5,19.4,260600.0,260600.0,0.0,5048770584.0,0.0,63100.0,1222476684.0,0.0,0.0,274.0,352422.0,251.0,529447.0,1.0850302743505775,44339351.0,0.0,0.0,0.0,1000.0
2023-09-18T00:00:00,MPC,19.7,19.1,19.4,19.4,19.4,19.4,211600.0,211600.0,0.0,4102530424.0,0.0,10700.0,207453098.0,3200.0,62042048.0,296.0,317862.0,305.0,515685.0,1.0850302743505775,44328651.0,0.0,0.0,0.0,1000.0
2023-09-19T00:00:00,MPC,19.7,19.2,19.3,19.3,19.4,19.4,100600.0,100600.0,0.0,1945680456.0,0.0,7600.0,146989776.0,100.0,1934076.0,219.0,175269.0,328.0,385532.0,1.0850302743505775,44321051.0,0.0,0.0,0.0,1000.0
2023-09-20T00:00:00,MPC,20.0,19.3,19.3,19.7,19.7,19.3,716300.0,716300.0,0.0,14127756812.0,0.0,17000.0,335295080.0,264000.0,5206935360.0,443.0,953228.0,561.0,1145712.0,1.0850302743505775,44304051.0,0.0,0.0,0.0,1000.0
2023-09-21T00:00:00,MPC,19.9,19.3,19.7,19.6,19.8,19.7,760900.0,760900.0,0.0,14938932316.0,0.0,7200.0,141359328.0,319000.0,6263003560.0,754.0,1036298.0,455.0,1235297.0,1.0850302743505775,44300051.0,0.0,0.0,0.0,1000.0
2023-09-22T00:00:00,MPC,20.2,19.4,19.7,20.0,20.1,19.6,1448800.0,1448800.0,0.0,28918699960.0,0.0,94000.0,1876282300.0,173100.0,3455153895.0,759.0,1632097.0,779.0,1664442.0,1.0850302743505775,44206151.0,0.0,0.0,0.0,1000.0
2023-09-25T00:00:00,MPC,20.5,19.2,20.1,19.8,19.9,20.0,567900.0,567900.0,0.0,11253330351.0,0.0,54021.0,1070463389.49,10000.0,198156900.0,459.0,702154.0,592.0,974403.0,1.0850302743505775,44416130.0,0.0,0.0,0.0,1000.0
2023-09-26T00:00:00,MPC,19.8,18.8,19.7,19.2,19.0,19.8,669800.0,669800.0,0.0,12842557656.0,0.0,221900.0,4254648468.0,0.0,0.0,563.0,821216.0,398.0,969474.0,1.0850302743505775,44513230.0,0.0,0.0,0.0,1000.0
2023-09-27T00:00:00,MPC,19.8,18.4,19.0,18.8,19.8,19.2,511400.0,511400.0,0.0,9628240308.0,0.0,245700.0,4625847954.0,10000.0,188272200.0,451.0,727705.0,300.0,659417.0,1.0850302743505775,44440630.0,0.0,0.0,0.0,1000.0
2023-09-28T00:00:00,MPC,19.6,19.0,19.1,19.1,19.3,18.8,137900.0,137900.0,0.0,2634249919.0,0.0,13300.0,254064713.0,12700.0,242603147.0,253.0,506093.0,323.0,414642.0,1.0850302743505775,44437330.0,0.0,0.0,0.0,1000.0
2023-09-29T00:00:00,MPC,19.4,19.2,19.3,19.3,19.3,19.1,270300.0,270300.0,0.0,5210200086.0,0.0,150400.0,2899053248.0,41200.0,794155544.0,235.0,641883.0,331.0,575024.0,1.0850302743505775,44286930.0,0.0,0.0,0.0,1000.0
2023-10-02T00:00:00,MPC,20.0,19.3,19.4,19.7,19.8,19.3,452300.0,452300.0,0.0,8892919065.0,0.0,4100.0,80612355.0,105700.0,2078225835.0,369.0,575049.0,500.0,816188.0,1.0850302743505775,44292830.0,0.0,0.0,0.0,1000.0
2023-10-03T00:00:00,MPC,19.9,19.3,19.8,19.6,19.5,19.7,405900.0,405900.0,0.0,7944721290.0,0.0,21200.0,414949720.0,0.0,0.0,346.0,501996.0,436.0,700293.0,1.0850302743505775,44284330.0,0.0,0.0,0.0,1000.0
2023-10-04T00:00:00,MPC,19.7,18.0,19.4,19.3,19.3,19.6,148500.0,148500.0,0.0,2859129900.0,0.0,8200.0,157877880.0,0.0,0.0,364.0,390324.0,292.0,426896.0,1.0850302743505775,44317330.0,0.0,0.0,0.0,1000.0
2023-10-05T00:00:00,MPC,19.8,19.2,19.3,19.4,19.4,19.3,119600.0,119600.0,0.0,2323379500.0,0.0,33100.0,643008875.0,0.0,0.0,272.0,237104.0,344.0,466428.0,1.0850302743505775,44389930.0,0.0,0.0,0.0,1000.0
2023-10-06T00:00:00,MPC,19.5,18.9,19.1,19.1,19.4,19.4,253200.0,253200.0,0.0,4829800000.0,0.0,3000.0,57225118.483412325,100.0,1907503.9494470775,377.0,366622.0,267.0,446204.0,1.0850302743505775,44386930.0,0.0,0.0,0.0,1000.0
2023-10-09T00:00:00,MPC,19.4,19.0,19.3,19.1,19.2,19.1,367300.0,367300.0,0.0,7008850000.0,0.0,1700.0,32439545.330792267,301400.0,5751340566.294582,330.0,479082.0,293.0,591320.0,1.0850302743505775,44385230.0,0.0,0.0,0.0,1000.0
2023-10-10T00:00:00,MPC,19.4,18.9,19.0,19.1,19.1,19.1,379400.0,379400.0,0.0,7241540000.0,0.0,300.0,5726046.389035319,177300.0,3384093415.9198737,448.0,499168.0,366.0,685113.0,1.0850302743505775,44384930.0,0.0,0.0,0.0,1000.0
2023-10-11T00:00:00,MPC,19.2,18.9,19.0,19.0,19.2,19.1,305500.0,305500.0,0.0,5798370000.0,0.0,1400.0,26571908.346972175,243500.0,4621614058.919804,396.0,502007.0,251.0,573646.0,1.0850302743505775,44383630.0,0.0,0.0,0.0,1000.0
2023-10-12T00:00:00,MPC,19.1,18.6,19.1,18.8,18.8,19.0,376200.0,376200.0,0.0,7057770000.0,0.0,1000.0,18760685.80542265,228000.0,4277436363.6363635,681.0,597941.0,319.0,607476.0,1.0850302743505775,44684030.0,0.0,0.0,0.0,1000.0
2023-10-13T00:00:00,MPC,18.8,18.4,18.7,18.6,18.6,18.8,208900.0,208900.0,0.0,3879360000.0,0.0,0.0,0.0,0.0,0.0,478.0,407092.0,224.0,416858.0,1.0850302743505775,44861330.0,0.0,0.0,0.0,1000.0
2023-10-16T00:00:00,MPC,18.8,18.2,18.6,18.4,18.4,18.6,340500.0,340500.0,0.0,6252850000.0,0.0,400.0,7345491.923641703,100.0,1836372.9809104258,517.0,499490.0,283.0,549944.0,1.0850302743505775,45104430.0,0.0,0.0,0.0,1000.0
2023-10-17T00:00:00,MPC,18.7,18.0,18.4,18.3,18.4,18.4,405000.0,405000.0,0.0,7420620000.0,0.0,130400.0,2389256414.814815,0.0,0.0,354.0,549665.0,305.0,574889.0,1.0850302743505775,45202030.0,0.0,0.0,0.0,1000.0
2023-10-18T00:00:00,MPC,18.7,17.6,18.6,18.1,18.3,18.3,380500.0,380500.0,0.0,6875230000.0,0.0,85200.0,1539473314.0604467,0.0,0.0,385.0,470763.0,343.0,619789.0,1.0850302743505775,45116830.0,0.0,0.0,0.0,1000.0
2023-10-19T00:00:00,MPC,18.3,17.6,18.0,18.0,17.9,18.1,210100.0,210100.0,0.0,3771700000.0,0.0,90600.0,1626444645.406949,0.0,0.0,275.0,299652.0,255.0,434833.0,1.0850302743505775,45026330.0,0.0,0.0,0.0,1000.0
2023-10-20T00:00:00,MPC,18.3,17.2,17.8,17.8,18.2,18.0,250700.0,250700.0,0.0,4451530000.0,0.0,3800.0,67474327.88193059,0.0,0.0,384.0,463452.0,263.0,334213.0,1.0850302743505775,45022530.0,0.0,0.0,0.0,1000.0
2023-10-23T00:00:00,MPC,18.3,17.6,17.9,17.8,17.6,17.8,73200.0,73200.0,0.0,1299440000.0,0.0,2000.0,35503825.13661202,100.0,1775191.256830601,208.0,137527.0,215.0,273721.0,1.0850302743505775,45020530.0,0.0,0.0,0.0,1000.0
2023-10-24T00:00:00,MPC,18.3,17.5,17.8,17.9,18.1,17.8,201100.0,201100.0,0.0,3600770000.0,0.0,102600.0,1837091009.4480357,0.0,0.0,233.0,595748.0,248.0,374917.0,1.0850302743505775,44917930.0,0.0,0.0,0.0,1000.0
2023-10-25T00:00:00,MPC,18.3,17.7,18.2,17.8,18.0,17.9,76000.0,76000.0,0.0,1355860000.0,0.0,9000.0,160562368.42105263,0.0,0.0,199.0,173379.0,224.0,307082.0,1.0850302743505775,44908930.0,0.0,0.0,0.0,1000.0
2023-10-26T00:00:00,MPC,17.6,15.6,17.6,16.6,16.8,17.8,356800.0,356800.0,0.0,5926560000.0,0.0,1100.0,18271345.291479822,0.0,0.0,548.0,487527.0,310.0,550068.0,1.0850302743505775,44907930.0,0.0,0.0,0.0,1000.0
2023-10-27T00:00:00,MPC,17.0,16.2,16.7,16.6,16.5,16.6,81900.0,81900.0,0.0,1355410000.0,0.0,400.0,6619829.05982906,0.0,0.0,238.0,211758.0,179.0,220573.0,1.0850302743505775,44907530.0,0.0,0.0,0.0,1000.0
2023-10-30T00:00:00,MPC,16.8,16.2,16.8,16.5,16.7,16.6,80700.0,80700.0,0.0,1333660000.0,0.0,14900.0,246239578.6864932,0.0,0.0,186.0,169788.0,213.0,225397.0,1.0850302743505775,44892630.0,0.0,0.0,0.0,1000.0
2023-10-31T00:00:00,MPC,17.0,15.6,16.2,16.0,16.8,16.5,322200.0,322200.0,0.0,5168830000.0,0.0,110800.0,1777487163.252638,0.0,0.0,414.0,503234.0,296.0,495473.0,1.0850302743505775,44781830.0,0.0,0.0,0.0,1000.0
2023-11-01T00:00:00,MPC,16.6,15.7,16.6,16.0,16.3,16.0,91900.0,91900.0,0.0,1474330000.0,0.0,21800.0,349732252.44831336,0.0,0.0,178.0,302110.0,227.0,331568.0,1.0850302743505775,44760030.0,0.0,0.0,0.0,1000.0
2023-11-02T00:00:00,MPC,17.2,16.0,16.0,16.7,16.9,16.0,453600.0,453600.0,0.0,7575130000.0,0.0,120800.0,2017362663.13933,39900.0,666330879.6296296,268.0,623688.0,393.0,717132.0,1.0850302743505775,44639230.0,0.0,0.0,0.0,1000.0
2023-11-03T00:00:00,MPC,17.5,16.6,17.0,17.0,17.2,16.7,141500.0,141500.0,0.0,2402250000.0,0.0,88300.0,1499071908.1272085,0.0,0.0,223.0,290379.0,311.0,465106.0,1.0850302743505775,44550930.0,0.0,0.0,0.0,1000.0
2023-11-06T00:00:00,MPC,17.3,16.7,17.0,16.9,17.3,17.0,136000.0,136000.0,0.0,2304250000.0,0.0,26100.0,442212683.8235294,2300.0,38968933.823529415,191.0,249736.0,286.0,408102.0,1.0850302743505775,44524830.0,0.0,0.0,0.0,1000.0
2023-11-07T00:00:00,MPC,17.3,16.9,17.0,17.0,17.2,16.9,240800.0,240800.0,0.0,4099690000.0,0.0,140100.0,2385243226.744186,4100.0,69803691.86046511,143.0,454172.0,332.0,481821.0,1.0850302743505775,44424630.0,0.0,0.0,0.0,1000.0
2023-11-08T00:00:00,MPC,17.6,16.8,17.0,17.3,17.5,17.0,157000.0,157000.0,0.0,2716400000.0,0.0,106100.0,1835732738.8535032,600.0,10381146.496815287,198.0,440929.0,307.0,321209.0,1.0850302743505775,44318530.0,0.0,0.0,0.0,1000.0
2023-11-09T00:00:00,MPC,17.5,17.2,17.5,17.3,17.3,17.3,138100.0,138100.0,0.0,2390580000.0,0.0,30500.0,527970238.95727736,400.0,6924199.855177408,176.0,201248.0,294.0,456327.0,1.0850302743505775,44290330.0,0.0,0.0,0.0,1000.0
2023-11-10T00:00:00,MPC,17.3,16.8,17.0,17.0,17.0,17.3,107500.0,107500.0,0.0,1823130000.0,0.0,100.0,1695934.8837209302,0.0,0.0,274.0,400721.0,250.0,415428.0,1.0850302743505775,44294330.0,0.0,0.0,0.0,1000.0
2023-11-13T00:00:00,MPC,17.2,16.8,17.1,16.9,16.9,17.0,46100.0,46100.0,0.0,777870000.0,0.0,300.0,5062060.737527115,0.0,0.0,196.0,115844.0,215.0,298742.0,1.0850302743505775,44294630.0,0.0,0.0,0.0,1000.0
2023-11-14T00:00:00,MPC,17.1,16.8,17.0,16.9,17.0,16.9,39000.0,39000.0,0.0,659590000.0,0.0,500.0,8456282.051282052,0.0,0.0,169.0,113706.0,213.0,185620.0,1.0850302743505775,44294530.0,0.0,0.0,0.0,1000.0
2023-11-15T00:00:00,MPC,17.3,17.0,17.0,17.1,17.0,16.9,91700.0,91700.0,0.0,1564340000.0,0.0,5500.0,93826281.35223556,0.0,0.0,189.0,183606.0,292.0,462681.0,1.0850302743505775,44289030.0,0.0,0.0,0.0,1000.0
2023-11-16T00:00:00,MPC,17.2,16.8,17.1,17.0,17.1,17.1,37900.0,37900.0,0.0,645570000.0,0.0,5200.0,88574248.02110818,0.0,0.0,179.0,150990.0,190.0,200601.0,1.0850302743505775,44283830.0,0.0,0.0,0.0,1000.0
2023-11-17T00:00:00,MPC,17.1,16.7,17.1,16.9,16.9,17.0,106800.0,106800.0,0.0,1804450000.0,0.0,100.0,1689559.925093633,0.0,0.0,204.0,167890.0,236.0,280306.0,1.0850302743505775,44283730.0,0.0,0.0,0.0,1000.0
2023-11-20T00:00:00,MPC,17.0,16.7,16.8,16.8,17.0,16.9,69600.0,69600.0,0.0,1170960000.0,0.0,2100.0,35330689.655172415,0.0,0.0,157.0,139543.0,182.0,332862.0,1.0850302743505775,44281630.0,0.0,0.0,0.0,1000.0
2023-11-21T00:00:00,MPC,17.0,16.8,16.8,16.9,16.9,16.8,89900.0,89900.0,0.0,1515360000.0,0.0,1000.0,16856062.29143493,0.0,0.0,146.0,186855.0,187.0,229357.0,1.0850302743505775,44280630.0,0.0,0.0,0.0,1000.0
2023-11-22T00:00:00,MPC,17.3,16.8,17.0,16.9,17.0,16.9,77200.0,77200.0,0.0,1305700000.0,0.0,5300.0,89640025.90673575,0.0,0.0,178.0,163831.0,227.0,328743.0,1.0850302743505775,44275330.0,0.0,0.0,0.0,1000.0
2023-11-23T00:00:00,MPC,17.2,16.9,16.9,17.0,17.2,16.9,182100.0,182100.0,0.0,3093260000.0,0.0,5300.0,90028984.07468423,0.0,0.0,175.0,289758.0,257.0,402078.0,1.0850302743505775,44270030.0,0.0,0.0,0.0,1000.0
2023-11-24T00:00:00,MPC,17.2,16.9,17.0,17.0,17.2,17.0,192600.0,192600.0,0.0,3280180000.0,0.0,101200.0,1723542139.1484942,0.0,0.0,132.0,471793.0,263.0,359982.0,1.0850302743505775,44168830.0,0.0,0.0,0.0,1000.0
2023-11-27T00:00:00,MPC,17.2,17.0,17.2,17.1,17.2,17.0,77600.0,77600.0,0.0,1325870000.0,0.0,46500.0,794496842.7835052,0.0,0.0,127.0,244689.0,227.0,356809.0,1.0850302743505775,44122330.0,0.0,0.0,0.0,1000.0
2023-11-28T00:00:00,MPC,17.3,16.9,17.1,17.1,17.3,17.1,103400.0,103400.0,0.0,1763410000.0,0.0,75800.0,1292712553.1914895,5000.0,85271276.59574468,111.0,247209.0,210.0,280066.0,1.0850302743505775,44046530.0,0.0,0.0,0.0,1000.0
2023-11-29T00:00:00,MPC,17.5,17.1,17.2,17.2,17.4,17.1,256500.0,256500.0,0.0,4417570000.0,0.0,175200.0,3017381146.1988306,17600.0,303115914.2300195,196.0,637719.0,274.0,435508.0,1.0850302743505775,43871330.0,0.0,0.0,0.0,1000.0
2023-11-30T00:00:00,MPC,17.7,17.3,17.3,17.5,17.5,17.2,134200.0,134200.0,0.0,2353420000.0,0.0,49800.0,873325752.6080477,7100.0,124510298.06259315,161.0,204764.0,315.0,483474.0,1.0850302743505775,43821530.0,0.0,0.0,0.0,1000.0
2023-12-01T00:00:00,MPC,17.8,17.3,17.6,17.5,17.8,17.5,146000.0,146000.0,0.0,2557140000.0,0.0,88400.0,1548295726.0273972,0.0,0.0,141.0,287863.0,253.0,451542.0,1.0850302743505775,43738130.0,0.0,0.0,0.0,1000.0
2023-12-04T00:00:00,MPC,18.0,17.5,17.6,17.6,17.7,17.5,247600.0,247600.0,0.0,4353090000.0,0.0,123600.0,2173028772.2132473,39000.0,685664418.4168013,214.0,639284.0,278.0,551350.0,1.0850302743505775,43632130.0,0.0,0.0,0.0,1000.0
2023-12-05T00:00:00,MPC,17.8,17.5,17.7,17.6,17.7,17.6,95200.0,95200.0,0.0,1676760000.0,0.0,31500.0,554810294.117647,0.0,0.0,165.0,206498.0,229.0,562563.0,1.0850302743505775,43607730.0,0.0,0.0,0.0,1000.0
2023-12-06T00:00:00,MPC,18.1,17.1,17.6,17.8,18.1,17.6,299800.0,299800.0,0.0,5333720000.0,0.0,129200.0,2298587805.203469,6600.0,117420120.08005337,299.0,786875.0,370.0,568418.0,1.0850302743505775,43478530.0,0.0,0.0,0.0,1000.0
2023-12-07T00:00:00,MPC,18.0,17.5,17.9,17.8,18.0,17.8,147800.0,147800.0,0.0,2629300000.0,0.0,54800.0,974869012.1786197,23600.0,419834100.135318,262.0,325121.0,312.0,473510.0,1.0850302743505775,43462730.0,0.0,0.0,0.0,1000.0
2023-12-08T00:00:00,MPC,18.2,17.6,17.9,17.9,17.9,17.8,90200.0,90200.0,0.0,1611760000.0,0.0,20600.0,368095964.5232816,100.0,1786873.6141906874,179.0,166580.0,276.0,458879.0,1.0850302743505775,43442130.0,0.0,0.0,0.0,1000.0
2023-12-11T00:00:00,MPC,18.1,17.6,17.8,17.8,17.8,17.9,369300.0,69300.0,300000.0,5824550000.0,4590000000.0,13400.0,238715295.81529582,0.0,0.0,197.0,456597.0,270.0,761179.0,1.0850302743505775,43435330.0,0.0,0.0,0.0,1000.0
2023-12-12T00:00:00,MPC,17.6,17.2,17.6,17.5,17.6,17.4,74700.0,74700.0,0.0,1304120000.0,0.0,28200.0,492318393.5742972,0.0,0.0,136.0,212577.0,214.0,328306.0,1.0606475716050436,43430730.0,0.0,0.0,0.0,1000.0
2023-12-13T00:00:00,MPC,17.6,17.2,17.5,17.4,17.6,17.5,96100.0,96100.0,0.0,1672720000.0,0.0,41100.0,715388054.1103017,0.0,0.0,137.0,170964.0,176.0,315017.0,1.0606475716050436,43389730.0,0.0,0.0,0.0,1000.0
2023-12-14T00:00:00,MPC,17.6,17.1,17.4,17.3,17.4,17.4,248900.0,148900.0,100000.0,4060620000.0,1480000000.0,88700.0,1537280013.4318335,300.0,5199368.703828072,187.0,346091.0,231.0,410363.0,1.0606475716050436,43301030.0,0.0,0.0,0.0,1000.0
2023-12-15T00:00:00,MPC,17.5,17.1,17.4,17.2,17.1,17.3,26800.0,26800.0,0.0,462220000.0,0.0,1700.0,29319925.37313433,0.0,0.0,128.0,84234.0,188.0,251361.0,1.0606475716050436,43299330.0,0.0,0.0,0.0,1000.0
2023-12-18T00:00:00,MPC,17.4,16.9,17.3,17.0,16.9,17.2,30000.0,30000.0,0.0,511370000.0,0.0,2600.0,44318733.333333336,200.0,3409133.3333333335,126.0,63898.0,165.0,212532.0,1.0606475716050436,43296730.0,0.0,0.0,0.0,1000.0
2023-12-19T00:00:00,MPC,17.1,16.8,16.9,16.9,17.1,17.0,40500.0,40500.0,0.0,684330000.0,0.0,8600.0,145314518.5185185,0.0,0.0,164.0,151027.0,127.0,199430.0,1.0606475716050436,43288430.0,0.0,0.0,0.0,1000.0
2023-12-20T00:00:00,MPC,17.4,17.1,17.1,17.3,17.2,16.9,51600.0,51600.0,0.0,890490000.0,0.0,100.0,1725755.8139534884,500.0,8628779.069767442,72.0,203583.0,222.0,303691.0,1.0606475716050436,43288330.0,0.0,0.0,0.0,1000.0
2023-12-21T00:00:00,MPC,17.4,17.1,17.2,17.2,17.3,17.3,20700.0,20700.0,0.0,356450000.0,0.0,6400.0,110206763.28502415,400.0,6887922.705314009,88.0,73408.0,196.0,256270.0,1.0606475716050436,43282130.0,0.0,0.0,0.0,1000.0
2023-12-22T00:00:00,MPC,17.3,17.0,17.3,17.2,17.2,17.2,51500.0,51500.0,0.0,883530000.0,0.0,1100.0,18871514.563106798,14400.0,247045281.55339807,155.0,119915.0,173.0,275045.0,1.0606475716050436,43281030.0,0.0,0.0,0.0,1000.0
2023-12-25T00:00:00,MPC,17.2,17.0,17.0,17.1,17.2,17.2,42200.0,42200.0,0.0,722310000.0,0.0,0.0,0.0,1300.0,22251255.924170617,164.0,169506.0,189.0,245011.0,1.0606475716050436,43281530.0,0.0,0.0,0.0,1000.0
2023-12-26T00:00:00,MPC,17.3,17.0,17.2,17.1,17.2,17.1,39700.0,39700.0,0.0,679210000.0,0.0,1300.0,22241133.501259446,0.0,0.0,115.0,126461.0,200.0,295015.0,1.0606475716050436,43280630.0,0.0,0.0,0.0,1000.0
2023-12-27T00:00:00,MPC,17.3,17.1,17.2,17.2,17.2,17.1,36800.0,26400.0,10400.0,604890000.0,151840000.0,4200.0,72076136.36363636,0.0,0.0,84.0,144401.0,185.0,246155.0,1.0606475716050436,43290830.0,0.0,0.0,0.0,1000.0
2023-12-28T00:00:00,MPC,17.3,17.1,17.3,17.2,17.3,17.2,28600.0,28600.0,0.0,491090000.0,0.0,5900.0,101308776.22377622,0.0,0.0,84.0,66730.0,204.0,281298.0,1.0606475716050436,43286230.0,0.0,0.0,0.0,1000.0
2023-12-29T00:00:00,MPC,17.4,17.0,17.2,17.2,17.3,17.2,96400.0,96400.0,0.0,1654690000.0,0.0,49400.0,847942800.8298755,10000.0,171648340.24896264,141.0,185304.0,208.0,324488.0,1.0606475716050436,43236830.0,0.0,0.0,0.0,1000.0
2024-01-02T00:00:00,MPC,17.2,17.0,17.2,17.2,17.2,17.2,131900.0,131900.0,0.0,2262250000.0,0.0,0.0,0.0,31000.0,531688779.3783169,133.0,206928.0,202.0,397479.0,1.0606475716050436,43236830.0,0.0,0.0,0.0,1000.0
2024-01-03T00:00:00,MPC,17.2,17.0,17.2,17.1,17.1,17.2,46700.0,46700.0,0.0,797490000.0,0.0,2000.0,34153747.32334047,12000.0,204922483.94004282,160.0,129001.0,188.0,316831.0,1.0606475716050436,43234830.0,0.0,0.0,0.0,1000.0
2024-01-04T00:00:00,MPC,17.2,17.0,17.1,17.1,17.1,17.1,44300.0,44300.0,0.0,756370000.0,0.0,1700.0,29025485.32731377,0.0,0.0,189.0,215008.0,203.0,255127.0,1.0606475716050436,43243130.0,0.0,0.0,0.0,1000.0
2024-01-05T00:00:00,MPC,17.2,17.0,17.1,17.0,17.0,17.1,88100.0,88100.0,0.0,1500530000.0,0.0,0.0,0.0,20400.0,347455300.7945517,130.0,171791.0,187.0,331498.0,1.0606475716050436,43274130.0,0.0,0.0,0.0,1000.0
2024-01-08T00:00:00,MPC,17.1,16.9,17.0,17.0,16.9,17.0,79200.0,79200.0,0.0,1344230000.0,0.0,5000.0,84863005.05050506,5500.0,93349305.55555555,177.0,171581.0,187.0,316624.0,1.0606475716050436,43281130.0,0.0,0.0,0.0,1000.0
2024-01-09T00:00:00,MPC,17.3,16.9,17.0,17.1,17.2,17.0,234300.0,234300.0,0.0,4009300000.0,0.0,0.0,0.0,0.0,0.0,232.0,386761.0,267.0,539858.0,1.0606475716050436,43281130.0,0.0,0.0,0.0,1000.0
2024-01-10T00:00:00,MPC,17.3,16.9,17.2,17.0,17.0,17.1,90100.0,90100.0,0.0,1533430000.0,0.0,400.0,6807680.355160932,71000.0,1208363263.0410655,195.0,272018.0,198.0,326407.0,1.0606475716050436,43301130.0,0.0,0.0,0.0,1000.0
2024-01-11T00:00:00,MPC,17.0,16.9,17.0,17.0,17.0,17.0,49500.0,49500.0,0.0,840440000.0,0.0,1500.0,25467878.78787879,0.0,0.0,172.0,170479.0,178.0,336954.0,1.0606475716050436,43305130.0,0.0,0.0,0.0,1000.0
2024-01-12T00:00:00,MPC,17.0,16.7,17.0,16.797280593325095,16.7,17.0,80900.0,80900.0,0.0,1358900000.0,0.0,0.0,0.0,2900.0,48712113.72064277,0.0,0.0,0.0,0.0,1.0606475716050436,43305130.0,0.0,0.0,0.0,1000.0
2024-01-15T00:00:00,MPC,17.1,16.7,16.9,16.8,16.8,16.8,34000.0,34000.0,0.0,571300000.0,0.0,1000.0,16802941.17647059,200.0,3360588.2352941176,129.0,75877.0,156.0,271334.0,1.0606475716050436,43375130.0,0.0,0.0,0.0,1000.0
2024-01-16T00:00:00,MPC,16.8,16.6,16.7,16.7,16.8,16.8,24900.0,24900.0,0.0,415920000.0,0.0,0.0,0.0,600.0,10022168.674698794,155.0,124024.0,149.0,281842.0,1.0606475716050436,43375130.0,0.0,0.0,0.0,1000.0
2024-01-17T00:00:00,MPC,17.0,16.6,16.8,16.7,16.7,16.7,53700.0,53700.0,0.0,898940000.0,0.0,200.0,3348007.448789572,0.0,0.0,165.0,124385.0,181.0,311159.0,1.0606475716050436,43377830.0,0.0,0.0,0.0,1000.0
2024-01-18T00:00:00,MPC,16.8,16.5,16.8,16.6,16.6,16.7,64800.0,64800.0,0.0,1077180000.0,0.0,0.0,0.0,0.0,0.0,207.0,166416.0,168.0,292204.0,1.0606475716050436,43378030.0,0.0,0.0,0.0,1000.0
2024-01-19T00:00:00,MPC,16.7,16.6,16.6,16.7,16.7,16.6,6009294.0,89900.0,5919394.0,90289420000.0,88790910000.0,0.0,0.0,0.0,0.0,213.0,6107540.0,182.0,6268152.0,1.0606475716050436,43378630.0,0.0,0.0,0.0,1000.0
2024-01-22T00:00:00,MPC,17.1,16.8,16.8,16.9,17.1,16.7,184800.0,184800.0,0.0,3128400000.0,0.0,141200.0,2390314285.714286,1500.0,25392857.14285714,117.0,454059.0,309.0,559697.0,1.0606475716050436,43237430.0,0.0,0.0,0.0,1000.0
2024-01-23T00:00:00,MPC,17.0,16.9,17.0,16.9,17.0,16.9,2832182.0,45200.0,2786982.0,42570090000.0,41804730000.0,21500.0,364053982.30088496,11500.0,194726548.67256638,84.0,2971981.0,227.0,3200953.0,1.0606475716050436,43215930.0,0.0,0.0,0.0,1000.0
2024-01-24T00:00:00,MPC,17.3,16.9,16.9,17.1,17.1,16.9,3177600.0,210600.0,2967000.0,48102640000.0,44505000000.0,114200.0,1950857018.0436847,0.0,0.0,144.0,3310264.0,392.0,3577585.0,1.0606475716050436,43101730.0,0.0,0.0,0.0,1000.0
2024-01-25T00:00:00,MPC,17.3,17.0,17.1,17.2,17.2,17.1,71300.0,71300.0,0.0,1223150000.0,0.0,38400.0,658751192.1458626,0.0,0.0,92.0,110189.0,267.0,437233.0,1.0606475716050436,43064830.0,0.0,0.0,0.0,1000.0
2024-01-26T00:00:00,MPC,17.4,17.0,17.0,17.2,17.2,17.2,5780932.0,50900.0,5730032.0,86825800000.0,85950480000.0,27600.0,474633241.6502947,3500.0,60188998.03536346,115.0,5883627.0,276.0,6114272.0,1.0606475716050436,43048730.0,0.0,0.0,0.0,1000.0
2024-01-29T00:00:00,MPC,17.5,16.8,17.5,17.0,17.0,17.2,62800.0,62800.0,0.0,1066230000.0,0.0,10200.0,173177484.07643312,6100.0,103566926.75159235,193.0,144478.0,238.0,405062.0,1.0606475716050436,43038530.0,0.0,0.0,0.0,1000.0
2024-01-30T00:00:00,MPC,17.2,16.9,17.1,17.0,17.0,17.0,5335856.0,35900.0,5299956.0,80107920000.0,79499340000.0,1200.0,20342506.9637883,700.0,11866462.395543175,137.0,5400239.0,200.0,5641696.0,1.0606475716050436,43037330.0,0.0,0.0,0.0,1000.0
2024-01-31T00:00:00,MPC,17.1,16.8,17.0,17.0,17.0,17.0,82500.0,82500.0,0.0,1399970000.0,0.0,3900.0,66180400.0,31900.0,541321733.3333334,160.0,143708.0,201.0,332528.0,1.0606475716050436,43036930.0,0.0,0.0,0.0,1000.0
2024-02-01T00:00:00,MPC,17.0,16.7,16.8,16.9,16.8,17.0,36600.0,36600.0,0.0,617960000.0,0.0,0.0,0.0,5000.0,84420765.02732241,170.0,115272.0,189.0,386302.0,1.0606475716050436,43043030.0,0.0,0.0,0.0,1000.0
2024-02-02T00:00:00,MPC,16.9,16.8,16.8,16.8,16.9,16.9,23300.0,23300.0,0.0,391560000.0,0.0,100.0,1680515.0214592274,0.0,0.0,129.0,85741.0,153.0,265596.0,1.0606475716050436,43043630.0,0.0,0.0,0.0,1000.0
2024-02-05T00:00:00,MPC,16.8,16.6,16.7,16.7,16.7,16.8,71600.0,71600.0,0.0,1195550000.0,0.0,1000.0,16697625.698324023,0.0,0.0,187.0,146065.0,143.0,267996.0,1.0606475716050436,43074530.0,0.0,0.0,0.0,1000.0
2024-02-06T00:00:00,MPC,16.9,16.6,16.7,16.7,16.8,16.7,25800.0,25800.0,0.0,431340000.0,0.0,0.0,0.0,0.0,0.0,147.0,383075.0,162.0,295212.0,1.0606475716050436,43079530.0,0.0,0.0,0.0,1000.0
2024-02-07T00:00:00,MPC,17.0,16.7,16.9,16.8,16.8,16.7,51000.0,51000.0,0.0,858290000.0,0.0,11500.0,193535980.39215687,0.0,0.0,111.0,403310.0,180.0,560312.0,1.0606475716050436,43068030.0,0.0,0.0,0.0,1000.0
2024-02-15T00:00:00,MPC,16.9,16.6,16.8,16.7,16.9,16.8,452000.0,452000.0,0.0,7552630000.0,0.0,0.0,0.0,430600.0,7195049730.088495,292.0,613654.0,151.0,732220.0,1.0606475716050436,43068030.0,0.0,0.0,0.0,1000.0
2024-02-16T00:00:00,MPC,17.1,16.7,16.8,16.9,17.1,16.7,129200.0,129200.0,0.0,2182570000.0,0.0,42800.0,723018544.8916409,0.0,0.0,187.0,457009.0,202.0,329312.0,1.0606475716050436,43025230.0,0.0,0.0,0.0,1000.0
2024-02-19T00:00:00,MPC,17.1,16.9,17.1,17.0,17.1,16.9,332300.0,332300.0,0.0,5645000000.0,0.0,79200.0,1345422810.713211,152000.0,2582124586.2172737,205.0,576515.0,285.0,582527.0,1.0606475716050436,42946030.0,0.0,0.0,0.0,1000.0
2024-02-20T00:00:00,MPC,17.2,17.0,17.1,17.1,17.2,17.0,238700.0,238700.0,0.0,4082230000.0,0.0,87500.0,1496418621.7008798,58900.0,1007303506.4935066,181.0,696473.0,290.0,568238.0,1.0606475716050436,43289130.0,0.0,0.0,0.0,1000.0
2024-02-21T00:00:00,MPC,17.4,17.2,17.2,17.3,17.4,17.1,258600.0,258600.0,0.0,4482990000.0,0.0,123900.0,2147882679.814385,600.0,10401368.90951276,164.0,534775.0,388.0,571657.0,1.0606475716050436,43165230.0,0.0,0.0,0.0,1000.0
2024-02-22T00:00:00,MPC,17.7,17.3,17.3,17.6,17.6,17.3,276300.0,276300.0,0.0,4857820000.0,0.0,208300.0,3662265313.0655084,1000.0,17581686.57256605,199.0,469628.0,373.0,574370.0,1.0606475716050436,43108930.0,0.0,0.0,0.0,1000.0
2024-02-23T00:00:00,MPC,18.0,17.4,17.5,17.7,17.6,17.6,369900.0,369900.0,0.0,6555550000.0,0.0,200600.0,3555132008.6509867,240.0,4253398.215733983,188.0,482794.0,413.0,696199.0,1.0606475716050436,42967230.0,0.0,0.0,0.0,1000.0
2024-02-26T00:00:00,MPC,18.1,17.6,17.6,17.9,17.9,17.7,403800.0,403800.0,0.0,7216190000.0,0.0,4800.0,85779375.92867756,123000.0,2198096508.1723623,273.0,594032.0,367.0,700547.0,1.0606475716050436,42963030.0,0.0,0.0,0.0,1000.0
2024-02-27T00:00:00,MPC,17.9,17.6,17.9,17.7,17.9,17.9,103300.0,103300.0,0.0,1831420000.0,0.0,15000.0,265937076.4762827,1100.0,19502052.274927396,159.0,727003.0,243.0,401826.0,1.0606475716050436,42949030.0,0.0,0.0,0.0,1000.0
2024-02-28T00:00:00,MPC,17.9,17.5,17.7,17.7,17.7,17.7,107900.0,107900.0,0.0,1908700000.0,0.0,0.0,0.0,0.0,0.0,131.0,198814.0,243.0,502568.0,1.0606475716050436,42949270.0,0.0,0.0,0.0,1000.0
2024-02-29T00:00:00,MPC,17.8,17.4,17.6,17.6,17.7,17.7,151900.0,151900.0,0.0,2680410000.0,0.0,50300.0,887588038.1830151,1800.0,31762593.811718237,159.0,264143.0,242.0,429428.0,1.0606475716050436,43021970.0,0.0,0.0,0.0,1000.0
2024-03-01T00:00:00,MPC,17.9,17.6,17.6,17.7,17.8,17.6,222300.0,222300.0,0.0,3932290000.0,0.0,54300.0,960518879.8920377,800.0,14151291.048133153,180.0,1035644.0,224.0,385839.0,1.0606475716050436,42968770.0,0.0,0.0,0.0,1000.0
2024-03-04T00:00:00,MPC,17.9,17.7,17.7,17.8,17.8,17.7,260800.0,260800.0,0.0,4633350000.0,0.0,100.0,1776591.2576687117,171900.0,3053960371.932515,164.0,326478.0,237.0,462091.0,1.0606475716050436,42968670.0,0.0,0.0,0.0,1000.0
2024-03-05T00:00:00,MPC,17.9,17.7,17.8,17.8,17.9,17.8,228300.0,228300.0,0.0,4063780000.0,0.0,70000.0,1246012264.56417,34000.0,605205957.0740254,176.0,553989.0,230.0,436770.0,1.0606475716050436,42900470.0,0.0,0.0,0.0,1000.0
2024-03-06T00:00:00,MPC,17.8,17.7,17.8,17.7,17.8,17.8,148800.0,148800.0,0.0,2635210000.0,0.0,0.0,0.0,50000.0,885487231.1827956,126.0,263367.0,182.0,330704.0,1.0606475716050436,42901270.0,0.0,0.0,0.0,1000.0
2024-03-07T00:00:00,MPC,17.8,17.6,17.6,17.7,17.8,17.7,85400.0,85400.0,0.0,1510830000.0,0.0,0.0,0.0,0.0,0.0,98.0,178141.0,169.0,333254.0,1.0606475716050436,43073170.0,0.0,0.0,0.0,1000.0
2024-03-08T00:00:00,MPC,17.8,17.6,17.8,17.7,17.6,17.7,184400.0,184400.0,0.0,3259810000.0,0.0,15800.0,279311268.9804772,200.0,3535585.68329718,133.0,447616.0,189.0,381968.0,1.0606475716050436,43091370.0,0.0,0.0,0.0,1000.0
2024-03-11T00:00:00,MPC,18.0,17.6,17.7,17.8,17.8,17.7,186600.0,186600.0,0.0,3318220000.0,0.0,0.0,0.0,62400.0,1109629839.2282958,139.0,256149.0,194.0,378368.0,1.0606475716050436,43141370.0,0.0,0.0,0.0,1000.0
2024-03-12T00:00:00,MPC,18.0,17.6,17.8,18.0,18.0,17.8,432200.0,432200.0,0.0,7758260000.0,0.0,5300.0,95138310.96714485,0.0,0.0,182.0,572744.0,241.0,554747.0,1.0606475716050436,43136070.0,0.0,0.0,0.0,1000.0
2024-03-13T00:00:00,MPC,18.2,17.9,18.0,18.0,18.1,18.0,185600.0,185600.0,0.0,3346620000.0,0.0,300.0,5409407.327586207,98200.0,1770679331.8965516,206.0,1064321.0,244.0,416083.0,1.0606475716050436,43135970.0,0.0,0.0,0.0,1000.0
2024-03-14T00:00:00,MPC,18.1,17.8,18.0,18.0,18.0,18.0,107800.0,107800.0,0.0,1936580000.0,0.0,0.0,0.0,35300.0,634149109.4619666,147.0,521648.0,207.0,424755.0,1.0606475716050436,43198370.0,0.0,0.0,0.0,1000.0
2024-03-15T00:00:00,MPC,18.3,17.8,18.0,18.2,18.2,18.0,226200.0,226200.0,0.0,4105990000.0,0.0,151200.0,2744587480.1061006,0.0,0.0,160.0,445890.0,261.0,491523.0,1.0606475716050436,43047170.0,0.0,0.0,0.0,1000.0
2024-03-18T00:00:00,MPC,18.3,17.5,18.2,17.9,18.1,18.2,192800.0,192800.0,0.0,3458440000.0,0.0,5600.0,100452614.10788381,1500.0,26906950.20746888,177.0,272813.0,248.0,452291.0,1.0606475716050436,43139770.0,0.0,0.0,0.0,1000.0
2024-03-19T00:00:00,MPC,18.1,17.7,17.9,17.8,18.0,17.9,77400.0,77400.0,0.0,1379630000.0,0.0,25300.0,450964328.1653747,0.0,0.0,123.0,122811.0,203.0,378128.0,1.0606475716050436,43149770.0,0.0,0.0,0.0,1000.0
2024-03-20T00:00:00,MPC,18.1,17.8,17.8,17.9,18.0,17.8,45900.0,45900.0,0.0,823040000.0,0.0,19100.0,342485054.4662309,0.0,0.0,112.0,132976.0,176.0,258841.0,1.0606475716050436,43130670.0,0.0,0.0,0.0,1000.0
2024-03-21T00:00:00,MPC,18.1,17.9,17.9,18.0,18.1,17.9,111900.0,111900.0,0.0,2010730000.0,0.0,100.0,1796899.016979446,5000.0,89844950.84897229,122.0,201874.0,224.0,346847.0,1.0606475716050436,43132070.0,0.0,0.0,0.0,1000.0
2024-03-22T00:00:00,MPC,18.1,17.8,18.0,17.8,18.0,18.0,57900.0,57900.0,0.0,1033140000.0,0.0,700.0,12490466.321243523,0.0,0.0,156.0,168801.0,189.0,269788.0,1.0606475716050436,43131370.0,0.0,0.0,0.0,1000.0
2024-03-25T00:00:00,MPC,18.0,17.6,17.8,17.8,17.9,17.8,29800.0,29800.0,0.0,530350000.0,0.0,800.0,14237583.89261745,20.0,355939.59731543623,102.0,98266.0,144.0,196720.0,1.0606475716050436,43130570.0,0.0,0.0,0.0,1000.0
2024-03-26T00:00:00,MPC,17.9,17.8,17.9,17.9,17.9,17.8,173300.0,173300.0,0.0,3097220000.0,0.0,110000.0,1965921523.3698788,0.0,0.0,143.0,417646.0,168.0,373839.0,1.0606475716050436,43025570.0,0.0,0.0,0.0,1000.0
2024-03-27T00:00:00,MPC,18.0,17.7,17.9,17.8,17.9,17.9,84800.0,84800.0,0.0,1509350000.0,0.0,400.0,7119575.471698113,0.0,0.0,169.0,161213.0,154.0,309253.0,1.0606475716050436,43025170.0,0.0,0.0,0.0,1000.0
2024-03-28T00:00:00,MPC,17.9,17.6,17.9,17.7,17.8,17.8,124800.0,124800.0,0.0,2209990000.0,0.0,100.0,1770825.3205128205,0.0,0.0,233.0,324597.0,148.0,316402.0,1.0606475716050436,43025090.0,0.0,0.0,0.0,1000.0
2024-03-29T00:00:00,MPC,17.9,17.6,17.8,17.7,17.8,17.7,42100.0,42100.0,0.0,745780000.0,0.0,1900.0,33657529.6912114,100.0,1771448.9311163896,126.0,101549.0,130.0,196311.0,1.0606475716050436,43023190.0,0.0,0.0,0.0,1000.0
2024-04-01T00:00:00,MPC,17.8,17.5,17.6,17.6,17.5,17.7,86400.0,86400.0,0.0,1521420000.0,0.0,2000.0,35218055.55555555,30000.0,528270833.3333333,158.0,166814.0,151.0,269139.0,1.0606475716050436,43021190.0,0.0,0.0,0.0,1000.0
2024-04-02T00:00:00,MPC,17.6,17.5,17.6,17.5,17.5,17.6,125700.0,125700.0,0.0,2203210000.0,0.0,7000.0,122692680.98647574,50600.0,886892808.2736675,209.0,319648.0,129.0,264001.0,1.0606475716050436,43014190.0,0.0,0.0,0.0,1000.0
2024-04-03T00:00:00,MPC,17.7,17.3,17.7,17.4,17.6,17.5,109700.0,109700.0,0.0,1911170000.0,0.0,0.0,0.0,59000.0,1027885414.7675478,261.0,256146.0,117.0,237465.0,1.0606475716050436,43014290.0,0.0,0.0,0.0,1000.0
2024-04-04T00:00:00,MPC,17.4,17.2,17.4,17.3,17.2,17.4,111200.0,111200.0,0.0,1919800000.0,0.0,1000.0,17264388.489208635,32500.0,561092625.8992805,245.0,227495.0,120.0,281011.0,1.0606475716050436,43043290.0,0.0,0.0,0.0,1000.0
2024-04-05T00:00:00,MPC,17.2,17.0,17.2,17.1,17.1,17.3,119500.0,119500.0,0.0,2039710000.0,0.0,0.0,0.0,49400.0,843193924.6861925,244.0,207523.0,122.0,257881.0,1.0606475716050436,43093890.0,0.0,0.0,0.0,1000.0
2024-04-08T00:00:00,MPC,17.1,16.8,17.1,16.9,17.0,17.1,103800.0,103800.0,0.0,1753830000.0,0.0,600.0,10137745.664739884,13800.0,233168150.28901735,224.0,189226.0,119.0,203750.0,1.0606475716050436,43152290.0,0.0,0.0,0.0,1000.0
2024-04-09T00:00:00,MPC,16.9,16.7,16.8,16.8,16.8,16.9,69000.0,69000.0,0.0,1157050000.0,0.0,100.0,1676884.0579710144,0.0,0.0,215.0,150537.0,84.0,184141.0,1.0606475716050436,43184690.0,0.0,0.0,0.0,1000.0
2024-04-10T00:00:00,MPC,17.0,16.9,16.9,17.0,17.0,16.8,28700.0,28700.0,0.0,487010000.0,0.0,0.0,0.0,11700.0,198537177.70034844,129.0,108866.0,120.0,217350.0,1.0606475716050436,43234090.0,0.0,0.0,0.0,1000.0
2024-04-11T00:00:00,MPC,17.0,16.9,17.0,17.0,17.0,17.0,21800.0,21800.0,0.0,369860000.0,0.0,5000.0,84830275.2293578,0.0,0.0,123.0,80697.0,101.0,133736.0,1.0606475716050436,43242890.0,0.0,0.0,0.0,1000.0
2024-04-12T00:00:00,MPC,17.0,16.8,17.0,16.9,16.9,17.0,67100.0,67100.0,0.0,1133020000.0,0.0,0.0,0.0,22900.0,386678956.780924,162.0,131343.0,88.0,226737.0,1.0606475716050436,43242890.0,0.0,0.0,0.0,1000.0
2024-04-15T00:00:00,MPC,16.9,16.4,16.9,16.6,16.4,16.9,169000.0,169000.0,0.0,2798580000.0,0.0,100.0,1655964.49704142,0.0,0.0,271.0,205177.0,124.0,298924.0,1.0606475716050436,43254490.0,0.0,0.0,0.0,1000.0
2024-04-16T00:00:00,MPC,16.4,15.7,16.4,16.0,16.2,16.6,196200.0,196200.0,0.0,3139270000.0,0.0,0.0,0.0,83600.0,1337629826.7074413,351.0,266825.0,138.0,298974.0,1.0606475716050436,43254490.0,0.0,0.0,0.0,1000.0
2024-04-17T00:00:00,MPC,16.4,15.9,16.1,16.0,16.0,16.0,40200.0,40200.0,0.0,644540000.0,0.0,0.0,0.0,12000.0,192400000.0,164.0,98690.0,108.0,144909.0,1.0606475716050436,43277390.0,0.0,0.0,0.0,1000.0
2024-04-19T00:00:00,MPC,16.1,15.7,16.0,15.8,16.0,16.0,69700.0,69700.0,0.0,1104170000.0,0.0,1030.0,16317002.869440459,0.0,0.0,213.0,137644.0,140.0,190681.0,1.0606475716050436,43276360.0,0.0,0.0,0.0,1000.0
2024-04-22T00:00:00,MPC,16.1,15.8,16.0,15.9,16.1,15.8,44200.0,44200.0,0.0,704450000.0,0.0,0.0,0.0,14900.0,237472963.800905,136.0,114099.0,92.0,168835.0,1.0606475716050436,43359960.0,0.0,0.0,0.0,1000.0
2024-04-23T00:00:00,MPC,16.0,15.7,16.0,15.8,15.9,15.9,40900.0,40900.0,0.0,647120000.0,0.0,300.0,4746601.466992665,1700.0,26897408.312958434,110.0,71515.0,101.0,173028.0,1.0606475716050436,43371660.0,0.0,0.0,0.0,1000.0
2024-04-24T00:00:00,MPC,16.3,15.9,16.0,16.1,16.2,15.8,65700.0,65700.0,0.0,1055460000.0,0.0,10400.0,167074337.89954337,300.0,4819452.05479452,153.0,132864.0,133.0,246004.0,1.0606475716050436,43361260.0,0.0,0.0,0.0,1000.0
2024-04-25T00:00:00,MPC,16.5,16.1,16.1,16.4,16.4,16.1,43800.0,43800.0,0.0,717280000.0,0.0,5800.0,94982283.10502283,0.0,0.0,87.0,94818.0,155.0,189310.0,1.0606475716050436,43370360.0,0.0,0.0,0.0,1000.0
2024-04-26T00:00:00,MPC,16.9,16.2,16.2,16.5,16.9,16.4,41100.0,41100.0,0.0,677810000.0,0.0,29300.0,483207615.57177615,0.0,0.0,95.0,99229.0,126.0,184110.0,1.0606475716050436,43342760.0,0.0,0.0,0.0,1000.0
2024-05-02T00:00:00,MPC,16.6,16.3,16.6,16.4,16.6,16.5,36000.0,36000.0,0.0,590180000.0,0.0,20700.0,339353500.0,500.0,8196944.444444444,96.0,102802.0,135.0,220546.0,1.0606475716050436,43322360.0,0.0,0.0,0.0,1000.0
2024-05-03T00:00:00,MPC,16.6,15.9,16.6,16.1,16.4,16.4,168700.0,168700.0,0.0,2718850000.0,0.0,41600.0,670445524.5998814,0.0,0.0,187.0,219617.0,145.0,402224.0,1.0606475716050436,43280762.0,0.0,0.0,0.0,1000.0
2024-05-06T00:00:00,MPC,16.6,16.0,16.5,16.1,16.2,16.1,78500.0,78500.0,0.0,1260850000.0,0.0,700.0,11243248.407643313,0.0,0.0,183.0,179553.0,148.0,284633.0,1.0606475716050436,43280060.0,0.0,0.0,0.0,1000.0
2024-05-07T00:00:00,MPC,16.3,16.0,16.1,16.1,16.3,16.1,55700.0,55700.0,0.0,895810000.0,0.0,600.0,9649658.886894075,0.0,0.0,173.0,153284.0,136.0,294107.0,1.0606475716050436,43279960.0,0.0,0.0,0.0,1000.0
2024-05-08T00:00:00,MPC,16.4,16.1,16.3,16.2,16.4,16.1,83800.0,83800.0,0.0,1359300000.0,0.0,10900.0,176806324.5823389,0.0,0.0,158.0,194193.0,160.0,227152.0,1.0606475716050436,43269060.0,0.0,0.0,0.0,1000.0
2024-05-09T00:00:00,MPC,17.4,16.5,16.5,17.0,17.0,16.2,378600.0,378600.0,0.0,6426690000.0,0.0,0.0,0.0,207930.0,3529587035.657686,374.0,565059.0,356.0,713362.0,1.0606475716050436,43269060.0,0.0,0.0,0.0,1000.0
2024-05-10T00:00:00,MPC,17.2,16.6,17.2,16.8,16.8,17.0,101600.0,101600.0,0.0,1707950000.0,0.0,0.0,0.0,61500.0,1033847687.007874,173.0,179536.0,180.0,357818.0,1.0606475716050436,43269060.0,0.0,0.0,0.0,1000.0
2024-05-13T00:00:00,MPC,16.8,16.2,16.8,16.4,16.4,16.8,121700.0,121700.0,0.0,1999920000.0,0.0,0.0,0.0,0.0,0.0,288.0,238302.0,155.0,288121.0,1.0606475716050436,43269060.0,0.0,0.0,0.0,1000.0
2024-05-14T00:00:00,MPC,16.4,16.2,16.4,16.3,16.4,16.4,103500.0,103500.0,0.0,1685430000.0,0.0,0.0,0.0,0.0,0.0,300.0,387750.0,130.0,311326.0,1.0606475716050436,43476990.0,0.0,0.0,0.0,1000.0
2024-05-15T00:00:00,MPC,16.6,16.4,16.4,16.5,16.5,16.3,71400.0,71400.0,0.0,1178480000.0,0.0,6600.0,108935126.05042017,3900.0,64370756.302521005,161.0,204187.0,172.0,312914.0,1.0606475716050436,43531890.0,0.0,0.0,0.0,1000.0
2024-05-16T00:00:00,MPC,16.9,16.5,16.6,16.7,16.8,16.5,141500.0,141500.0,0.0,2357710000.0,0.0,43900.0,731473279.1519434,0.0,0.0,170.0,605019.0,253.0,418473.0,1.0606475716050436,43487990.0,0.0,0.0,0.0,1000.0
2024-05-17T00:00:00,MPC,17.1,16.7,16.8,16.9,17.1,16.7,241800.0,241800.0,0.0,4082330000.0,0.0,5800.0,97921894.127378,112800.0,1904412009.9255583,144.0,532204.0,291.0,545348.0,1.0606475716050436,43482190.0,0.0,0.0,0.0,1000.0
2024-05-20T00:00:00,MPC,17.1,16.8,16.8,16.9,17.1,16.9,94200.0,94200.0,0.0,1593880000.0,0.0,49500.0,837548407.6433121,0.0,0.0,121.0,333454.0,203.0,364579.0,1.0606475716050436,43436590.0,0.0,0.0,0.0,1000.0
2024-05-21T00:00:00,MPC,17.3,16.9,16.9,17.1,17.1,16.9,167400.0,167400.0,0.0,2861950000.0,0.0,67300.0,1150592801.6726403,0.0,0.0,138.0,268096.0,223.0,472956.0,1.0606475716050436,43369290.0,0.0,0.0,0.0,1000.0
2024-05-22T00:00:00,MPC,17.4,17.1,17.1,17.2,17.4,17.1,185700.0,185700.0,0.0,3200520000.0,0.0,64200.0,1106480258.4814217,0.0,0.0,148.0,311308.0,224.0,409275.0,1.0606475716050436,43417890.0,0.0,0.0,0.0,1000.0
2024-05-23T00:00:00,MPC,17.8,17.2,17.3,17.6,17.8,17.2,278200.0,278200.0,0.0,4884900000.0,0.0,30500.0,535547987.0596693,0.0,0.0,169.0,920921.0,285.0,494807.0,1.0606475716050436,43387390.0,0.0,0.0,0.0,1000.0
2024-05-24T00:00:00,MPC,17.9,17.1,17.8,17.5,17.6,17.6,140500.0,140500.0,0.0,2458490000.0,0.0,17300.0,302717985.76512456,0.0,0.0,160.0,218199.0,221.0,368291.0,1.0606475716050436,43370090.0,0.0,0.0,0.0,1000.0
2024-05-27T00:00:00,MPC,17.7,17.1,17.6,17.3,17.3,17.5,76000.0,76000.0,0.0,1312890000.0,0.0,12900.0,222845802.63157895,0.0,0.0,150.0,201821.0,152.0,274646.0,1.0606475716050436,43357190.0,0.0,0.0,0.0,1000.0
2024-05-28T00:00:00,MPC,17.5,17.1,17.2,17.3,17.4,17.3,102300.0,102300.0,0.0,1767170000.0,0.0,23000.0,397310948.19159335,0.0,0.0,163.0,215218.0,160.0,313028.0,1.0606475716050436,43334190.0,0.0,0.0,0.0,1000.0
2024-05-29T00:00:00,MPC,17.7,17.2,17.3,17.4,17.4,17.3,228300.0,228300.0,0.0,3965240000.0,0.0,17600.0,305686482.6982041,40000.0,694742006.1322821,204.0,327673.0,197.0,375325.0,1.0606475716050436,43316590.0,0.0,0.0,0.0,1000.0
2024-05-30T00:00:00,MPC,17.3,16.9,17.2,17.0,17.2,17.4,160500.0,160500.0,0.0,2735580000.0,0.0,0.0,0.0,98000.0,1670322990.6542056,202.0,323178.0,145.0,312709.0,1.0606475716050436,43316590.0,0.0,0.0,0.0,1000.0
2024-05-31T00:00:00,MPC,17.5,17.0,17.2,17.2,17.3,17.0,88500.0,88500.0,0.0,1522200000.0,0.0,29600.0,509120000.0,0.0,0.0,177.0,204070.0,162.0,277027.0,1.0606475716050436,43286990.0,0.0,0.0,0.0,1000.0
2024-06-03T00:00:00,MPC,17.7,17.2,17.3,17.5,17.4,17.2,266400.0,266400.0,0.0,4658530000.0,0.0,0.0,0.0,79100.0,1383219680.9309309,244.0,342590.0,278.0,472292.0,1.0606475716050436,43326990.0,0.0,0.0,0.0,1000.0
2024-06-04T00:00:00,MPC,17.6,17.4,17.5,17.5,17.4,17.5,178100.0,178100.0,0.0,3119100000.0,0.0,6000.0,105079169.00617631,64000.0,1120844469.399214,232.0,489417.0,199.0,585110.0,1.0606475716050436,43418990.0,0.0,0.0,0.0,1000.0
2024-06-05T00:00:00,MPC,17.6,17.4,17.4,17.5,17.5,17.5,204900.0,204900.0,0.0,3579940000.0,0.0,40800.0,712843103.9531479,62400.0,1090230629.5754027,209.0,524284.0,197.0,376432.0,1.0606475716050436,43378190.0,0.0,0.0,0.0,1000.0
2024-06-06T00:00:00,MPC,18.7,17.5,17.5,18.3,18.6,17.5,733900.0,733900.0,0.0,13423190000.0,0.0,0.0,0.0,0.0,0.0,452.0,1620658.0,644.0,916308.0,1.0606475716050436,43457290.0,0.0,0.0,0.0,1000.0
2024-06-07T00:00:00,MPC,19.2,18.5,18.6,18.7,18.6,18.3,381800.0,381800.0,0.0,7139230000.0,0.0,0.0,0.0,124700.0,2331749557.3598742,290.0,551082.0,402.0,1069282.0,1.0606475716050436,43521290.0,0.0,0.0,0.0,1000.0
2024-06-10T00:00:00,MPC,19.0,18.4,18.6,18.7,18.8,18.7,419700.0,419700.0,0.0,7845670000.0,0.0,0.0,0.0,22600.0,422473533.4762926,276.0,531884.0,371.0,1095415.0,1.0606475716050436,43583690.0,0.0,0.0,0.0,1000.0
2024-06-11T00:00:00,MPC,18.9,17.9,18.7,18.3,18.5,18.7,549600.0,549600.0,0.0,10043970000.0,0.0,0.0,0.0,300200.0,5486171386.462882,472.0,694312.0,252.0,720244.0,1.0606475716050436,43583690.0,0.0,0.0,0.0,1000.0
2024-06-12T00:00:00,MPC,18.7,18.2,18.3,18.4,18.4,18.3,301100.0,301100.0,0.0,5532390000.0,0.0,600.0,11024357.356360013,165000.0,3031698272.999004,257.0,497053.0,209.0,527570.0,1.0606475716050436,43707790.0,0.0,0.0,0.0,1000.0
2024-06-13T00:00:00,MPC,19.0,18.0,18.8,18.5,18.4,18.4,414400.0,414400.0,0.0,7646900000.0,0.0,0.0,0.0,207100.0,3821604705.5984554,276.0,563519.0,295.0,813717.0,1.0606475716050436,43730390.0,0.0,0.0,0.0,1000.0
2024-06-14T00:00:00,MPC,18.7,17.9,18.5,18.2,18.4,18.5,229500.0,229500.0,0.0,4181570000.0,0.0,11600.0,211356043.57298476,0.0,0.0,276.0,292088.0,269.0,530436.0,1.0606475716050436,44018990.0,0.0,0.0,0.0,1000.0
2024-06-17T00:00:00,MPC,18.3,17.5,18.2,17.9,17.6,18.2,189400.0,189400.0,0.0,3391740000.0,0.0,500.0,8953907.0749736,0.0,0.0,232.0,287266.0,233.0,451508.0,1.0606475716050436,44183490.0,0.0,0.0,0.0,1000.0
2024-06-18T00:00:00,MPC,18.0,17.7,17.7,17.9,18.0,17.9,130500.0,130500.0,0.0,2334080000.0,0.0,63200.0,1130374375.4789271,2900.0,51868444.44444445,178.0,353095.0,163.0,283154.0,1.0606475716050436,44327390.0,0.0,0.0,0.0,1000.0
2024-06-19T00:00:00,MPC,18.5,17.9,18.0,18.2,18.2,17.9,148400.0,148400.0,0.0,2698250000.0,0.0,10000.0,181822776.28032345,0.0,0.0,200.0,308330.0,307.0,455149.0,1.0606475716050436,44317390.0,0.0,0.0,0.0,1000.0
2024-06-20T00:00:00,MPC,18.4,17.9,18.0,18.0,18.2,18.2,95400.0,95400.0,0.0,1719640000.0,0.0,33600.0,605659371.0691824,0.0,0.0,135.0,317372.0,198.0,324196.0,1.0606475716050436,44283790.0,0.0,0.0,0.0,1000.0
2024-06-21T00:00:00,MPC,20.1,18.2,18.2,19.2,18.9,18.0,974700.0,974700.0,0.0,18729030000.0,0.0,200.0,3843034.779932287,7000.0,134506217.29763004,336.0,1100623.0,620.0,1703036.0,1.0606475716050436,44286490.0,0.0,0.0,0.0,1000.0
2024-06-24T00:00:00,MPC,20.1,18.1,18.9,19.1,18.5,19.2,339200.0,339200.0,0.0,6485320000.0,0.0,2900.0,55446426.88679245,0.0,0.0,246.0,481558.0,371.0,1061127.0,1.0606475716050436,44283590.0,0.0,0.0,0.0,1000.0
2024-06-25T00:00:00,MPC,19.0,18.0,19.0,18.2,18.3,19.1,189700.0,189700.0,0.0,3461720000.0,0.0,0.0,0.0,0.0,0.0,300.0,429969.0,273.0,901974.0,1.0606475716050436,44283590.0,0.0,0.0,0.0,1000.0
2024-06-26T00:00:00,MPC,18.7,17.8,18.5,18.0,18.4,18.2,213100.0,213100.0,0.0,3843360000.0,0.0,0.0,0.0,100.0,1803547.6302205538,262.0,365903.0,222.0,548565.0,1.0606475716050436,44290590.0,0.0,0.0,0.0,1000.0
2024-06-27T00:00:00,MPC,18.4,17.9,18.0,18.1,18.4,18.0,115800.0,115800.0,0.0,2096840000.0,0.0,35700.0,646435129.5336788,0.0,0.0,157.0,239511.0,262.0,491951.0,1.0606475716050436,44254890.0,0.0,0.0,0.0,1000.0
2024-06-28T00:00:00,MPC,18.5,17.8,18.4,18.0,18.1,18.1,138100.0,138100.0,0.0,2484190000.0,0.0,20500.0,368761006.51701665,0.0,0.0,162.0,242660.0,241.0,496855.0,1.0606475716050436,44234390.0,0.0,0.0,0.0,1000.0
2024-07-01T00:00:00,MPC,18.3,17.8,18.1,17.9,18.0,18.0,53500.0,53500.0,0.0,960230000.0,0.0,3300.0,59229140.18691589,0.0,0.0,136.0,141147.0,161.0,293345.0,1.0606475716050436,44231190.0,0.0,0.0,0.0,1000.0
2024-07-02T00:00:00,MPC,18.3,17.8,17.8,18.1,18.3,17.9,105300.0,105300.0,0.0,1905080000.0,0.0,35100.0,635026666.6666666,0.0,0.0,145.0,233301.0,195.0,302088.0,1.0606475716050436,44196090.0,0.0,0.0,0.0,1000.0
2024-07-03T00:00:00,MPC,18.4,18.1,18.1,18.2,18.3,18.1,62700.0,62700.0,0.0,1139490000.0,0.0,11000.0,199910526.31578946,0.0,0.0,127.0,201457.0,205.0,318802.0,1.0606475716050436,44185090.0,0.0,0.0,0.0,1000.0
2024-07-04T00:00:00,MPC,19.4,18.3,18.3,18.8,18.5,18.2,286200.0,286200.0,0.0,5367690000.0,0.0,32000.0,600161006.2893082,0.0,0.0,193.0,367313.0,396.0,1014044.0,1.0606475716050436,44153090.0,0.0,0.0,0.0,1000.0
2024-07-05T00:00:00,MPC,18.7,18.2,18.3,18.3,18.4,18.8,66600.0,66600.0,0.0,1220410000.0,0.0,7100.0,130103768.76876877,0.0,0.0,161.0,173224.0,264.0,798260.0,1.0606475716050436,44145990.0,0.0,0.0,0.0,1000.0
2024-07-08T00:00:00,MPC,18.5,18.1,18.3,18.3,18.4,18.3,88300.0,88300.0,0.0,1614590000.0,0.0,8300.0,151767802.94450736,0.0,0.0,133.0,170402.0,257.0,681239.0,1.0606475716050436,44137690.0,0.0,0.0,0.0,1000.0
2024-07-09T00:00:00,MPC,18.6,18.1,18.5,18.4,18.5,18.3,124900.0,124900.0,0.0,2293740000.0,0.0,12200.0,224048262.61008808,200.0,3672922.337870296,171.0,206279.0,282.0,554114.0,1.0606475716050436,44125490.0,0.0,0.0,0.0,1000.0
2024-07-10T00:00:00,MPC,18.7,18.2,18.5,18.5,18.5,18.4,348900.0,348900.0,0.0,6444090000.0,0.0,12000.0,221636801.37575236,0.0,0.0,257.0,462962.0,332.0,948251.0,1.0606475716050436,44113490.0,0.0,0.0,0.0,1000.0
2024-07-11T00:00:00,MPC,18.6,18.3,18.4,18.4,18.5,18.5,53600.0,53600.0,0.0,987620000.0,0.0,3100.0,57119813.43283582,0.0,0.0,136.0,124129.0,220.0,632731.0,1.0606475716050436,44110390.0,0.0,0.0,0.0,1000.0
2024-07-12T00:00:00,MPC,18.5,18.1,18.3,18.3,18.4,18.4,101500.0,101500.0,0.0,1860980000.0,0.0,100.0,1833477.8325123154,0.0,0.0,138.0,172494.0,214.0,523452.0,1.0606475716050436,44110490.0,0.0,0.0,0.0,1000.0
2024-07-15T00:00:00,MPC,18.5,17.8,18.2,18.0,18.0,18.3,155100.0,155100.0,0.0,2788290000.0,0.0,0.0,0.0,55600.0,999541740.8123791,287.0,362103.0,174.0,536561.0,1.0606475716050436,44110490.0,0.0,0.0,0.0,1000.0
2024-07-16T00:00:00,MPC,18.3,17.9,17.9,18.0,18.3,18.0,271000.0,271000.0,0.0,4876520000.0,0.0,0.0,0.0,156300.0,2812546405.904059,174.0,410998.0,181.0,477231.0,1.0606475716050436,44110490.0,0.0,0.0,0.0,1000.0
2024-07-17T00:00:00,MPC,18.4,17.4,18.3,17.8,17.9,18.0,164500.0,164500.0,0.0,2934090000.0,0.0,38600.0,688485556.231003,0.0,0.0,142.0,212897.0,228.0,454484.0,1.0606475716050436,44071890.0,0.0,0.0,0.0,1000.0
2024-07-18T00:00:00,MPC,18.3,17.4,17.4,18.0,17.9,17.8,51400.0,51400.0,0.0,925700000.0,0.0,18000.0,324175097.2762646,900.0,16208754.863813229,108.0,110451.0,226.0,347980.0,1.0606475716050436,44109490.0,0.0,0.0,0.0,1000.0
2024-07-19T00:00:00,MPC,18.3,17.6,18.1,17.7,17.8,18.0,93800.0,93800.0,0.0,1663720000.0,0.0,23000.0,407948400.85287845,0.0,0.0,148.0,140626.0,205.0,405552.0,1.0606475716050436,44242790.0,0.0,0.0,0.0,1000.0
2024-07-22T00:00:00,MPC,18.1,17.2,17.8,17.5,17.7,17.7,85700.0,85700.0,0.0,1496660000.0,0.0,9900.0,172893045.5075846,0.0,0.0,211.0,157996.0,158.0,247443.0,1.0606475716050436,44232890.0,0.0,0.0,0.0,1000.0
2024-07-23T00:00:00,MPC,17.8,17.1,17.3,17.3,17.4,17.5,61300.0,61300.0,0.0,1058780000.0,0.0,2000.0,34544208.8091354,0.0,0.0,94.0,98109.0,144.0,227843.0,1.0606475716050436,44231790.0,0.0,0.0,0.0,1000.0
2024-07-24T00:00:00,MPC,17.6,16.7,17.4,17.3,17.5,17.3,46300.0,46300.0,0.0,800890000.0,0.0,4100.0,70921144.70842333,0.0,0.0,109.0,134762.0,145.0,237445.0,1.0606475716050436,44227690.0,0.0,0.0,0.0,1000.0
2024-07-25T00:00:00,MPC,17.5,17.1,17.4,17.2,17.2,17.3,23700.0,23700.0,0.0,406540000.0,0.0,100.0,1715358.6497890295,0.0,0.0,127.0,75944.0,122.0,193905.0,1.0606475716050436,44227590.0,0.0,0.0,0.0,1000.0
2024-07-26T00:00:00,MPC,17.3,17.0,17.0,17.2,17.3,17.2,27700.0,27700.0,0.0,476670000.0,0.0,100.0,1720830.3249097473,0.0,0.0,107.0,104849.0,112.0,167633.0,1.0606475716050436,44227490.0,0.0,0.0,0.0,1000.0
2024-07-29T00:00:00,MPC,17.4,16.6,17.1,17.2,17.4,17.2,42800.0,42800.0,0.0,736090000.0,0.0,0.0,0.0,0.0,0.0,119.0,83870.0,119.0,165250.0,1.0606475716050436,44227490.0,0.0,0.0,0.0,1000.0
2024-07-30T00:00:00,MPC,17.4,16.9,17.2,17.1,17.4,17.2,45900.0,45900.0,0.0,783950000.0,0.0,20100.0,343298366.0130719,0.0,0.0,116.0,94658.0,113.0,213306.0,1.0606475716050436,44207390.0,0.0,0.0,0.0,1000.0
2024-07-31T00:00:00,MPC,17.5,16.9,16.9,17.2,17.5,17.1,28500.0,28500.0,0.0,491470000.0,0.0,6900.0,118987473.68421052,0.0,0.0,81.0,69312.0,131.0,265391.0,1.0606475716050436,44200490.0,0.0,0.0,0.0,1000.0
2024-08-01T00:00:00,MPC,17.5,16.9,17.5,17.1,17.2,17.2,83000.0,83000.0,0.0,1419340000.0,0.0,0.0,0.0,0.0,0.0,84.0,105743.0,170.0,343102.0,1.0606475716050436,44200490.0,0.0,0.0,0.0,1000.0
2024-08-02T00:00:00,MPC,17.6,17.0,17.2,17.4,17.4,17.1,124600.0,124600.0,0.0,2168260000.0,0.0,97900.0,1703632857.142857,1500.0,26102648.475120384,94.0,203087.0,167.0,420120.0,1.0606475716050436,44102590.0,0.0,0.0,0.0,1000.0
2024-08-05T00:00:00,MPC,17.4,16.5,17.1,16.9,16.9,17.4,57800.0,57800.0,0.0,978580000.0,0.0,100.0,1693044.9826989619,0.0,0.0,113.0,107084.0,141.0,330157.0,1.0606475716050436,44102490.0,0.0,0.0,0.0,1000.0
2024-08-06T00:00:00,MPC,17.2,16.7,16.7,16.8,17.2,16.9,41400.0,41400.0,0.0,695710000.0,0.0,100.0,1680458.9371980675,0.0,0.0,114.0,88742.0,104.0,283701.0,1.0606475716050436,44102390.0,0.0,0.0,0.0,1000.0
2024-08-07T00:00:00,MPC,17.2,16.8,17.0,17.0,17.2,16.8,30000.0,30000.0,0.0,511110000.0,0.0,3000.0,51111000.0,0.0,0.0,73.0,65502.0,112.0,310859.0,1.0606475716050436,44100890.0,0.0,0.0,0.0,1000.0
2024-08-08T00:00:00,MPC,17.3,16.9,17.2,17.1,17.3,17.0,119500.0,119500.0,0.0,2045770000.0,0.0,0.0,0.0,700.0,11983589.958158996,98.0,156294.0,138.0,403644.0,1.0606475716050436,44100890.0,0.0,0.0,0.0,1000.0
2024-08-09T00:00:00,MPC,17.3,16.0,17.2,17.0,17.2,17.1,61300.0,61300.0,0.0,1040720000.0,0.0,700.0,11884241.435562806,0.0,0.0,105.0,107425.0,126.0,326561.0,1.0606475716050436,44100190.0,0.0,0.0,0.0,1000.0
2024-08-12T00:00:00,MPC,17.2,16.9,17.0,17.1,17.2,17.0,40800.0,40800.0,0.0,696360000.0,0.0,800.0,13654117.647058824,0.0,0.0,90.0,105105.0,106.0,280908.0,1.0606475716050436,44099390.0,0.0,0.0,0.0,1000.0
2024-08-13T00:00:00,MPC,17.2,16.8,17.2,16.9,17.1,17.1,34500.0,34500.0,0.0,584530000.0,0.0,2400.0,40662956.52173913,0.0,0.0,123.0,120466.0,127.0,336947.0,1.0606475716050436,44097690.0,0.0,0.0,0.0,1000.0
2024-08-14T00:00:00,MPC,17.2,16.9,17.1,17.0,17.1,16.9,46000.0,46000.0,0.0,782000000.0,0.0,200.0,3400000.0,0.0,0.0,83.0,84598.0,118.0,295178.0,1.0606475716050436,44097490.0,0.0,0.0,0.0,1000.0
2024-08-15T00:00:00,MPC,17.1,16.7,17.1,16.9,16.8,17.0,36100.0,36100.0,0.0,609970000.0,0.0,21800.0,368347534.6260388,0.0,0.0,91.0,91587.0,114.0,312086.0,1.0606475716050436,44075690.0,0.0,0.0,0.0,1000.0
2024-08-16T00:00:00,MPC,17.0,16.7,16.8,16.8,17.0,16.9,228400.0,228400.0,0.0,3836430000.0,0.0,100.0,1679697.898423818,0.0,0.0,305.0,386110.0,134.0,475959.0,1.0606475716050436,44075590.0,0.0,0.0,0.0,1000.0
2024-08-19T00:00:00,MPC,17.0,16.8,17.0,16.9,17.0,16.8,40100.0,40100.0,0.0,678030000.0,0.0,0.0,0.0,1000.0,16908478.80299252,147.0,121011.0,132.0,289303.0,1.0606475716050436,44075590.0,0.0,0.0,0.0,1000.0
2024-08-20T00:00:00,MPC,17.1,16.9,16.9,17.0,17.1,16.9,159500.0,159500.0,0.0,2706230000.0,0.0,10000.0,169669592.47648904,75900.0,1287792206.8965516,189.0,304093.0,168.0,440500.0,1.0606475716050436,44065590.0,0.0,0.0,0.0,1000.0
2024-08-21T00:00:00,MPC,17.1,16.8,16.9,16.9,17.0,17.0,105000.0,105000.0,0.0,1775130000.0,0.0,9200.0,155535200.0,10000.0,169060000.0,183.0,199840.0,164.0,439959.0,1.0606475716050436,44056390.0,0.0,0.0,0.0,1000.0
2024-08-22T00:00:00,MPC,17.0,16.8,17.0,16.9,17.0,16.9,47300.0,47300.0,0.0,797040000.0,0.0,7100.0,119640253.69978859,0.0,0.0,152.0,146699.0,143.0,384648.0,1.0606475716050436,44050290.0,0.0,0.0,0.0,1000.0
2024-08-23T00:00:00,MPC,17.1,16.8,16.9,16.9,16.9,16.9,36900.0,36900.0,0.0,624460000.0,0.0,1100.0,18615338.753387533,2000.0,33846070.46070461,150.0,126298.0,155.0,379459.0,1.0606475716050436,44125090.0,0.0,0.0,0.0,1000.0
2024-08-26T00:00:00,MPC,17.0,16.8,16.9,16.9,16.9,16.9,52000.0,52000.0,0.0,876730000.0,0.0,12200.0,205694346.15384614,1000.0,16860192.307692308,150.0,138640.0,155.0,404955.0,1.0606475716050436,44122890.0,0.0,0.0,0.0,1000.0
2024-08-27T00:00:00,MPC,16.9,16.6,16.9,16.8,16.9,16.9,47100.0,47100.0,0.0,790000000.0,0.0,800.0,13418259.023354564,0.0,0.0,130.0,126063.0,139.0,376939.0,1.0606475716050436,44122090.0,0.0,0.0,0.0,1000.0
2024-08-28T00:00:00,MPC,17.0,16.7,16.9,16.8,16.8,16.8,111100.0,111100.0,0.0,1867820000.0,0.0,5900.0,99191161.1161116,0.0,0.0,133.0,199669.0,171.0,544128.0,1.0606475716050436,44118190.0,0.0,0.0,0.0,1000.0
2024-08-29T00:00:00,MPC,17.0,16.8,16.9,16.9,17.0,16.8,29100.0,29100.0,0.0,490380000.0,0.0,8500.0,143238144.3298969,0.0,0.0,108.0,82487.0,136.0,362905.0,1.0606475716050436,44110690.0,0.0,0.0,0.0,1000.0
2024-08-30T00:00:00,MPC,17.0,16.7,16.9,16.8,17.0,16.9,35100.0,35100.0,0.0,588770000.0,0.0,5300.0,88902592.5925926,0.0,0.0,135.0,109685.0,147.0,329705.0,1.0606475716050436,44105390.0,0.0,0.0,0.0,1000.0
2024-09-04T00:00:00,MPC,17.0,16.7,16.7,16.8,16.9,16.8,22400.0,22400.0,0.0,375410000.0,0.0,0.0,0.0,0.0,0.0,112.0,79400.0,143.0,351866.0,1.0606475716050436,44105390.0,0.0,0.0,0.0,1000.0
2024-09-05T00:00:00,MPC,16.9,16.7,16.9,16.8,16.9,16.8,93500.0,93500.0,0.0,1568440000.0,0.0,0.0,0.0,0.0,0.0,120.0,153919.0,135.0,342548.0,1.0606475716050436,44105390.0,0.0,0.0,0.0,1000.0
2024-09-06T00:00:00,MPC,16.9,16.7,16.9,16.7,16.8,16.8,14900.0,14900.0,0.0,249300000.0,0.0,100.0,1673154.3624161074,0.0,0.0,93.0,83970.0,120.0,267703.0,1.0606475716050436,44105290.0,0.0,0.0,0.0,1000.0
2024-09-09T00:00:00,MPC,16.8,16.3,16.6,16.6,16.7,16.7,98200.0,98200.0,0.0,1626280000.0,0.0,100.0,1656089.6130346232,0.0,0.0,168.0,162424.0,144.0,373087.0,1.0606475716050436,44105190.0,0.0,0.0,0.0,1000.0
2024-09-10T00:00:00,MPC,16.7,16.4,16.7,16.6,16.5,16.6,40700.0,40700.0,0.0,673960000.0,0.0,0.0,0.0,0.0,0.0,113.0,78244.0,134.0,318484.0,1.0606475716050436,44105190.0,0.0,0.0,0.0,1000.0
2024-09-11T00:00:00,MPC,16.5,16.1,16.5,16.2,16.2,16.6,80400.0,80400.0,0.0,1303340000.0,0.0,0.0,0.0,0.0,0.0,216.0,183523.0,139.0,296872.0,1.0606475716050436,44105190.0,0.0,0.0,0.0,1000.0
2024-09-12T00:00:00,MPC,16.5,16.2,16.5,16.3,16.4,16.2,31200.0,31200.0,0.0,508230000.0,0.0,200.0,3257884.6153846155,0.0,0.0,107.0,109435.0,101.0,191987.0,1.0606475716050436,44104990.0,0.0,0.0,0.0,1000.0
2024-09-13T00:00:00,MPC,16.4,16.2,16.3,16.3,16.3,16.3,16400.0,16400.0,0.0,267370000.0,0.0,0.0,0.0,0.0,0.0,96.0,86300.0,113.0,225101.0,1.0606475716050436,44104990.0,0.0,0.0,0.0,1000.0
2024-09-16T00:00:00,MPC,16.3,16.0,16.3,16.1,16.0,16.3,62000.0,62000.0,0.0,996830000.0,0.0,400.0,6431161.29032258,0.0,0.0,166.0,119095.0,139.0,299646.0,1.0606475716050436,44104590.0,0.0,0.0,0.0,1000.0
2024-09-17T00:00:00,MPC,16.5,16.1,16.3,16.2,16.1,16.1,15100.0,15100.0,0.0,245070000.0,0.0,1000.0,16229801.324503312,0.0,0.0,108.0,89592.0,134.0,255179.0,1.0606475716050436,44103590.0,0.0,0.0,0.0,1000.0
2024-09-18T00:00:00,MPC,16.4,16.1,16.3,16.3,16.4,16.2,44900.0,44900.0,0.0,729800000.0,0.0,200.0,3250779.510022272,0.0,0.0,116.0,98418.0,140.0,289755.0,1.0606475716050436,44103390.0,0.0,0.0,0.0,1000.0
2024-09-19T00:00:00,MPC,16.3,16.2,16.3,16.2,16.3,16.3,47300.0,47300.0,0.0,766950000.0,0.0,0.0,0.0,0.0,0.0,144.0,138395.0,126.0,297933.0,1.0606475716050436,44103390.0,0.0,0.0,0.0,1000.0
2024-09-20T00:00:00,MPC,16.3,16.1,16.3,16.2,16.2,16.2,81900.0,81900.0,0.0,1328690000.0,0.0,10100.0,163855543.34554335,0.0,0.0,177.0,232428.0,150.0,329642.0,1.0606475716050436,44093290.0,0.0,0.0,0.0,1000.0
2024-09-23T00:00:00,MPC,16.3,16.1,16.3,16.2,16.3,16.2,36700.0,36700.0,0.0,594240000.0,0.0,100.0,1619182.561307902,0.0,0.0,132.0,108558.0,148.0,255127.0,1.0606475716050436,44093190.0,0.0,0.0,0.0,1000.0
2024-09-24T00:00:00,MPC,16.3,16.2,16.2,16.2,16.3,16.2,31600.0,31600.0,0.0,512570000.0,0.0,0.0,0.0,0.0,0.0,100.0,96457.0,108.0,213263.0,1.0606475716050436,44093190.0,0.0,0.0,0.0,1000.0
2024-09-25T00:00:00,MPC,16.3,16.1,16.2,16.1,16.2,16.2,89200.0,89200.0,0.0,1438610000.0,0.0,0.0,0.0,0.0,0.0,199.0,185233.0,144.0,335565.0,1.0606475716050436,44093190.0,0.0,0.0,0.0,1000.0
2024-09-26T00:00:00,MPC,16.2,16.0,16.0,16.1,16.2,16.1,30000.0,30000.0,0.0,482860000.0,0.0,0.0,0.0,0.0,0.0,165.0,145491.0,154.0,315918.0,1.0606475716050436,44093190.0,0.0,0.0,0.0,1000.0
2024-09-27T00:00:00,MPC,16.2,16.0,16.2,16.1,16.1,16.1,42000.0,42000.0,0.0,674180000.0,0.0,1100.0,17657095.23809524,0.0,0.0,153.0,115170.0,145.0,261672.0,1.0606475716050436,44092090.0,0.0,0.0,0.0,1000.0
2024-09-30T00:00:00,MPC,16.2,16.0,16.2,16.1,16.0,16.1,52900.0,52900.0,0.0,850350000.0,0.0,2100.0,33756805.29300567,0.0,0.0,161.0,135917.0,144.0,266200.0,1.0606475716050436,44089990.0,0.0,0.0,0.0,1000.0
2024-10-01T00:00:00,MPC,16.2,16.0,16.0,16.1,16.1,16.1,102300.0,102300.0,0.0,1649440000.0,0.0,4100.0,66106588.465298146,29300.0,472420254.1544477,169.0,204032.0,153.0,322048.0,1.0606475716050436,44085890.0,0.0,0.0,0.0,1000.0
2024-10-02T00:00:00,MPC,16.1,16.0,16.0,16.0,16.0,16.1,62200.0,62200.0,0.0,995620000.0,0.0,30000.0,480202572.34726685,11200.0,179275627.0096463,167.0,130506.0,150.0,313529.0,1.0606475716050436,44055890.0,0.0,0.0,0.0,1000.0
2024-10-03T00:00:00,MPC,16.1,15.7,16.0,15.9,15.8,16.0,74100.0,74100.0,0.0,1178850000.0,0.0,3200.0,50908502.0242915,6800.0,108180566.80161944,214.0,167520.0,153.0,262008.0,1.0606475716050436,44052690.0,0.0,0.0,0.0,1000.0
2024-10-04T00:00:00,MPC,15.9,15.5,15.8,15.8,15.8,15.9,52200.0,52200.0,0.0,825120000.0,0.0,300.0,4742068.9655172415,0.0,0.0,175.0,139158.0,121.0,211309.0,1.0606475716050436,44081690.0,0.0,0.0,0.0,1000.0
2024-10-07T00:00:00,MPC,15.9,15.4,15.8,15.6,15.8,15.8,71600.0,71600.0,0.0,1117050000.0,0.0,100.0,1560125.6983240223,100.0,1560125.6983240223,197.0,114771.0,131.0,247302.0,1.0606475716050436,44092790.0,0.0,0.0,0.0,1000.0
2024-10-08T00:00:00,MPC,15.8,15.6,15.6,15.6,15.7,15.6,16200.0,16200.0,0.0,252990000.0,0.0,400.0,6246666.666666667,0.0,0.0,141.0,63372.0,119.0,161956.0,1.0606475716050436,44099190.0,0.0,0.0,0.0,1000.0
2024-10-09T00:00:00,MPC,15.8,15.6,15.8,15.7,15.8,15.6,11500.0,11500.0,0.0,180820000.0,0.0,300.0,4717043.478260869,0.0,0.0,115.0,68857.0,112.0,152033.0,1.0606475716050436,44098890.0,0.0,0.0,0.0,1000.0
2024-10-10T00:00:00,MPC,15.8,15.6,15.8,15.7,15.8,15.7,41100.0,41100.0,0.0,645420000.0,0.0,200.0,3140729.9270072994,0.0,0.0,150.0,124292.0,122.0,223909.0,1.0606475716050436,44098790.0,0.0,0.0,0.0,1000.0
2024-10-11T00:00:00,MPC,15.8,15.5,15.8,15.6,15.6,15.7,35600.0,35600.0,0.0,555930000.0,0.0,500.0,7808005.617977528,0.0,0.0,138.0,85851.0,117.0,209264.0,1.0606475716050436,44098290.0,0.0,0.0,0.0,1000.0
2024-10-14T00:00:00,MPC,15.8,15.6,15.6,15.6,15.6,15.6,28400.0,28400.0,0.0,443190000.0,0.0,700.0,10923697.183098592,100.0,1560528.1690140846,135.0,84410.0,108.0,218301.0,1.0606475716050436,44097590.0,0.0,0.0,0.0,1000.0
2024-10-15T00:00:00,MPC,15.8,15.5,15.6,15.6,15.7,15.6,18300.0,18300.0,0.0,285310000.0,0.0,300.0,4677213.1147540985,1000.0,15590710.382513661,120.0,67565.0,123.0,218632.0,1.0606475716050436,44097290.0,0.0,0.0,0.0,1000.0
2024-10-16T00:00:00,MPC,15.8,15.6,15.7,15.6,15.8,15.6,147900.0,147900.0,0.0,2312000000.0,0.0,0.0,0.0,120500.0,1883678160.9195402,136.0,334946.0,138.0,335806.0,1.0606475716050436,44622790.0,0.0,0.0,0.0,1000.0
2024-10-17T00:00:00,MPC,15.8,15.6,15.8,15.7,15.8,15.6,71200.0,71200.0,0.0,1115270000.0,0.0,25700.0,402562345.505618,30800.0,482448258.4269663,98.0,280847.0,131.0,286467.0,1.0606475716050436,44597190.0,0.0,0.0,0.0,1000.0
2024-10-18T00:00:00,MPC,16.2,15.7,15.8,15.8,15.7,15.7,30000.0,30000.0,0.0,474060000.0,0.0,300.0,4740600.0,15500.0,244931000.0,105.0,200179.0,160.0,304406.0,1.0606475716050436,44597890.0,0.0,0.0,0.0,1000.0
2024-10-21T00:00:00,MPC,15.9,15.8,15.9,15.8,15.8,15.8,26000.0,26000.0,0.0,412070000.0,0.0,13100.0,207619884.6153846,5000.0,79244230.76923077,54.0,164341.0,141.0,283921.0,1.0606475716050436,44705290.0,0.0,0.0,0.0,1000.0
2024-10-22T00:00:00,MPC,15.9,15.7,15.8,15.8,15.9,15.8,61800.0,61800.0,0.0,975010000.0,0.0,58100.0,916635614.8867314,0.0,0.0,71.0,184206.0,134.0,351501.0,1.0606475716050436,44677990.0,0.0,0.0,0.0,1000.0
2024-10-23T00:00:00,MPC,15.9,15.7,15.8,15.8,15.9,15.8,31900.0,31900.0,0.0,504580000.0,0.0,21500.0,340077429.46708465,0.0,0.0,65.0,67205.0,124.0,291548.0,1.0606475716050436,44671990.0,0.0,0.0,0.0,1000.0
2024-10-24T00:00:00,MPC,16.4,15.9,15.9,16.3,16.3,15.8,283300.0,283300.0,0.0,4610260000.0,0.0,81100.0,1319774394.6346629,0.0,0.0,180.0,860940.0,306.0,579582.0,1.0606475716050436,44595890.0,0.0,0.0,0.0,1000.0
2024-10-25T00:00:00,MPC,16.4,16.0,16.4,16.3,16.3,16.3,53300.0,53300.0,0.0,867380000.0,0.0,28700.0,467050769.2307692,0.0,0.0,74.0,87862.0,209.0,379214.0,1.0606475716050436,44567190.0,0.0,0.0,0.0,1000.0
2024-10-28T00:00:00,MPC,16.4,15.7,16.1,16.0,15.9,16.3,31100.0,31100.0,0.0,498260000.0,0.0,1000.0,16021221.864951769,0.0,0.0,99.0,70321.0,186.0,329222.0,1.0606475716050436,44566190.0,0.0,0.0,0.0,1000.0
2024-10-29T00:00:00,MPC,16.1,15.8,16.0,16.0,16.1,16.0,64500.0,64500.0,0.0,1030160000.0,0.0,9400.0,150131844.96124032,0.0,0.0,103.0,142222.0,167.0,302113.0,1.0606475716050436,44556790.0,0.0,0.0,0.0,1000.0
2024-10-30T00:00:00,MPC,16.2,15.8,16.1,16.0,16.2,16.0,147700.0,147700.0,0.0,2358640000.0,0.0,86300.0,1378135626.2694652,0.0,0.0,150.0,252582.0,191.0,457606.0,1.0606475716050436,44470490.0,0.0,0.0,0.0,1000.0
2024-10-31T00:00:00,MPC,16.2,15.7,16.1,16.0,16.0,16.0,114500.0,114500.0,0.0,1827860000.0,0.0,67500.0,1077559388.6462882,0.0,0.0,134.0,149093.0,175.0,416517.0,1.0606475716050436,44402990.0,0.0,0.0,0.0,1000.0
2024-11-01T00:00:00,MPC,16.1,15.7,16.0,15.9,16.0,16.0,32200.0,32200.0,0.0,510560000.0,0.0,0.0,0.0,6000.0,95135403.72670807,88.0,53465.0,164.0,317150.0,1.0606475716050436,44402990.0,0.0,0.0,0.0,1000.0
2024-11-04T00:00:00,MPC,15.8,15.7,15.7,15.7,15.7,15.9,6600.0,6600.0,0.0,103660000.0,0.0,0.0,0.0,0.0,0.0,62.0,28567.0,139.0,294616.0,1.0606475716050436,44402990.0,0.0,0.0,0.0,1000.0
2024-11-05T00:00:00,MPC,15.8,15.6,15.8,15.8,15.8,15.7,19400.0,19400.0,0.0,305670000.0,0.0,0.0,0.0,0.0,0.0,67.0,46302.0,130.0,259375.0,1.0606475716050436,44402990.0,0.0,0.0,0.0,1000.0
2024-11-06T00:00:00,MPC,15.9,15.7,15.9,15.8,15.9,15.8,17000.0,17000.0,0.0,268200000.0,0.0,100.0,1577647.0588235294,0.0,0.0,110.0,50015.0,132.0,244800.0,1.0606475716050436,44408890.0,0.0,0.0,0.0,1000.0
2024-11-07T00:00:00,MPC,16.0,15.6,15.8,15.8,15.9,15.8,28400.0,28400.0,0.0,447710000.0,0.0,100.0,1576443.661971831,0.0,0.0,96.0,65428.0,163.0,332709.0,1.0606475716050436,44408790.0,0.0,0.0,0.0,1000.0
2024-11-08T00:00:00,MPC,15.9,15.7,15.7,15.8,15.9,15.8,18300.0,18300.0,0.0,289510000.0,0.0,200.0,3164043.7158469944,0.0,0.0,71.0,41068.0,152.0,318215.0,1.0606475716050436,44408590.0,0.0,0.0,0.0,1000.0
2024-11-11T00:00:00,MPC,15.9,15.7,15.9,15.8,15.8,15.8,11900.0,11900.0,0.0,187610000.0,0.0,0.0,0.0,0.0,0.0,71.0,38483.0,148.0,304322.0,1.0606475716050436,44408590.0,0.0,0.0,0.0,1000.0
2024-11-12T00:00:00,MPC,15.8,15.7,15.8,15.7,15.7,15.8,16800.0,16800.0,0.0,264130000.0,0.0,100.0,1572202.380952381,0.0,0.0,87.0,47211.0,134.0,267874.0,1.0606475716050436,44408490.0,0.0,0.0,0.0,1000.0
2024-11-13T00:00:00,MPC,15.8,15.5,15.8,15.6,15.5,15.7,43900.0,43900.0,0.0,683750000.0,0.0,100.0,1557517.0842824602,1000.0,15575170.8428246,145.0,76604.0,143.0,296902.0,1.0606475716050436,44408390.0,0.0,0.0,0.0,1000.0
2024-11-14T00:00:00,MPC,15.8,15.5,15.7,15.6,15.5,15.6,14200.0,14200.0,0.0,220870000.0,0.0,0.0,0.0,0.0,0.0,77.0,32891.0,131.0,206930.0,1.0606475716050436,44408390.0,0.0,0.0,0.0,1000.0
2024-11-15T00:00:00,MPC,15.6,15.3,15.4,15.4,15.5,15.6,19900.0,19900.0,0.0,306520000.0,0.0,100.0,1540301.5075376884,0.0,0.0,95.0,44046.0,117.0,198602.0,1.0606475716050436,44408290.0,0.0,0.0,0.0,1000.0
2024-11-18T00:00:00,MPC,15.6,15.4,15.5,15.5,15.5,15.4,41700.0,41700.0,0.0,647400000.0,0.0,0.0,0.0,0.0,0.0,52.0,62163.0,132.0,207999.0,1.0606475716050436,44409290.0,0.0,0.0,0.0,1000.0
2024-11-19T00:00:00,MPC,15.5,14.7,15.5,15.1,15.3,15.5,78700.0,78700.0,0.0,1189010000.0,0.0,0.0,0.0,0.0,0.0,129.0,107364.0,148.0,282911.0,1.0606475716050436,44409290.0,0.0,0.0,0.0,1000.0
2024-11-20T00:00:00,MPC,15.4,15.2,15.4,15.2,15.4,15.1,6400.0,6400.0,0.0,97580000.0,0.0,100.0,1524687.5,0.0,0.0,64.0,25767.0,105.0,163000.0,1.0606475716050436,44409190.0,0.0,0.0,0.0,1000.0
2024-11-21T00:00:00,MPC,15.4,15.1,15.1,15.2,15.3,15.2,15000.0,15000.0,0.0,228040000.0,0.0,0.0,0.0,0.0,0.0,71.0,81533.0,105.0,129378.0,1.0606475716050436,44409190.0,0.0,0.0,0.0,1000.0
2024-11-22T00:00:00,MPC,15.2,15.0,15.2,15.1,15.0,15.2,38600.0,38600.0,0.0,581450000.0,0.0,0.0,0.0,0.0,0.0,117.0,61775.0,113.0,181317.0,1.0606475716050436,44409190.0,0.0,0.0,0.0,1000.0
2024-11-25T00:00:00,MPC,15.3,15.0,15.1,15.1,15.1,15.1,7800.0,7800.0,0.0,117820000.0,0.0,700.0,10573589.743589744,0.0,0.0,75.0,32659.0,108.0,155578.0,1.0606475716050436,44408490.0,0.0,0.0,0.0,1000.0
2024-11-26T00:00:00,MPC,15.3,15.0,15.2,15.1,15.3,15.1,12400.0,12400.0,0.0,187060000.0,0.0,600.0,9051290.322580645,0.0,0.0,78.0,52160.0,108.0,131662.0,1.0606475716050436,44407890.0,0.0,0.0,0.0,1000.0
2024-11-27T00:00:00,MPC,15.3,15.1,15.1,15.1,15.2,15.1,24600.0,24600.0,0.0,372130000.0,0.0,0.0,0.0,100.0,1512723.5772357723,73.0,49308.0,125.0,171998.0,1.0606475716050436,44407890.0,0.0,0.0,0.0,1000.0
2024-11-28T00:00:00,MPC,15.3,15.1,15.2,15.2,15.2,15.1,31500.0,31500.0,0.0,478750000.0,0.0,0.0,0.0,16000.0,243174603.17460316,94.0,70027.0,124.0,176703.0,1.0606475716050436,44407890.0,0.0,0.0,0.0,1000.0
2024-11-29T00:00:00,MPC,16.0,15.3,15.3,15.5,16.0,15.2,77500.0,77500.0,0.0,1203620000.0,0.0,58300.0,905432851.6129032,0.0,0.0,84.0,139561.0,159.0,186599.0,1.0606475716050436,44349590.0,0.0,0.0,0.0,1000.0
2024-12-02T00:00:00,MPC,16.0,15.5,15.5,15.5,15.6,15.5,76800.0,76800.0,0.0,1193540000.0,0.0,0.0,0.0,60800.0,944885833.3333334,120.0,157335.0,193.0,313720.0,1.0606475716050436,44349690.0,0.0,0.0,0.0,1000.0
2024-12-03T00:00:00,MPC,15.6,15.4,15.5,15.4,15.4,15.5,26400.0,26400.0,0.0,407600000.0,0.0,0.0,0.0,12000.0,185272727.27272728,99.0,77460.0,145.0,264303.0,1.0606475716050436,44365690.0,0.0,0.0,0.0,1000.0
2024-12-04T00:00:00,MPC,15.5,15.2,15.4,15.3,15.3,15.4,39200.0,39200.0,0.0,598320000.0,0.0,0.0,0.0,10500.0,160264285.7142857,143.0,136292.0,136.0,267703.0,1.0606475716050436,44365690.0,0.0,0.0,0.0,1000.0
2024-12-05T00:00:00,MPC,15.4,15.2,15.3,15.3,15.3,15.3,60100.0,60100.0,0.0,918400000.0,0.0,0.0,0.0,23700.0,362164392.67886853,147.0,129282.0,119.0,245699.0,1.0606475716050436,44426490.0,0.0,0.0,0.0,1000.0
2024-12-06T00:00:00,MPC,15.6,15.2,15.3,15.3,15.4,15.3,229100.0,229100.0,0.0,3511470000.0,0.0,0.0,0.0,201000.0,3080774639.895242,179.0,547170.0,179.0,429543.0,1.0606475716050436,44438490.0,0.0,0.0,0.0,1000.0
2024-12-09T00:00:00,MPC,15.4,14.7,15.4,14.8,14.9,14.6,58100.0,58100.0,0.0,861110000.0,0.0,0.0,0.0,27200.0,403135834.767642,127.0,248174.0,174.0,215786.0,1.0121212121,44448990.0,0.0,0.0,0.0,1000.0
2024-12-10T00:00:00,MPC,14.9,14.6,14.9,14.6,14.6,14.8,37000.0,37000.0,0.0,541910000.0,0.0,0.0,0.0,15000.0,219693243.24324325,118.0,77252.0,145.0,312011.0,1.0121212121,44472690.0,0.0,0.0,0.0,1000.0
2024-12-11T00:00:00,MPC,14.7,14.5,14.6,14.6,14.6,14.6,48300.0,48300.0,0.0,705300000.0,0.0,0.0,0.0,0.0,0.0,107.0,194420.0,136.0,263954.0,1.0121212121,44673690.0,0.0,0.0,0.0,1000.0
2024-12-12T00:00:00,MPC,14.7,14.4,14.6,14.6,14.7,14.6,89000.0,89000.0,0.0,1298020000.0,0.0,200.0,2916898.8764044945,0.0,0.0,117.0,149752.0,148.0,288906.0,1.0121212121,44700690.0,0.0,0.0,0.0,1000.0
2024-12-13T00:00:00,MPC,14.8,14.5,14.5,14.6,14.7,14.6,31600.0,31600.0,0.0,461860000.0,0.0,4500.0,65771202.531645566,5000.0,73079113.92405063,103.0,178980.0,155.0,242980.0,1.0121212121,44711190.0,0.0,0.0,0.0,1000.0
2024-12-16T00:00:00,MPC,14.7,14.5,14.6,14.6,14.5,14.6,17800.0,17800.0,0.0,260220000.0,0.0,5000.0,73095505.61797753,6600.0,96486067.41573034,72.0,59304.0,131.0,230799.0,1.0121212121,44706190.0,0.0,0.0,0.0,1000.0
2024-12-17T00:00:00,MPC,14.8,14.5,14.7,14.6,14.7,14.6,16500.0,16500.0,0.0,240770000.0,0.0,6200.0,90471151.51515152,0.0,0.0,69.0,61466.0,140.0,196437.0,1.0121212121,44699990.0,0.0,0.0,0.0,1000.0
2024-12-18T00:00:00,MPC,14.8,14.6,14.6,14.8,14.8,14.6,55200.0,55200.0,0.0,815330000.0,0.0,32200.0,475609166.6666667,0.0,0.0,76.0,169763.0,173.0,305229.0,1.0121212121,44672790.0,0.0,0.0,0.0,1000.0
2024-12-19T00:00:00,MPC,14.8,14.6,14.7,14.7,14.8,14.8,33900.0,33900.0,0.0,497910000.0,0.0,16600.0,243814336.28318584,200.0,2937522.1238938053,75.0,59866.0,157.0,292559.0,1.0121212121,44662790.0,0.0,0.0,0.0,1000.0
2024-12-20T00:00:00,MPC,15.0,14.6,14.6,14.8,14.6,14.7,43700.0,43700.0,0.0,644850000.0,0.0,25400.0,374809839.81693363,0.0,0.0,80.0,68487.0,183.0,331062.0,1.0121212121,44637390.0,0.0,0.0,0.0,1000.0
2024-12-23T00:00:00,MPC,15.0,14.4,14.6,14.6,14.7,14.8,102700.0,102700.0,0.0,1501090000.0,0.0,57300.0,837511752.6777021,0.0,0.0,134.0,168542.0,192.0,377702.0,1.0121212121,44580090.0,0.0,0.0,0.0,1000.0
2024-12-24T00:00:00,MPC,15.0,14.7,14.8,14.9,15.0,14.6,141600.0,141600.0,0.0,2108020000.0,0.0,40300.0,599952019.7740113,0.0,0.0,145.0,424292.0,235.0,385103.0,1.0121212121,44539990.0,0.0,0.0,0.0,1000.0
2024-12-25T00:00:00,MPC,15.1,14.9,15.0,15.0,15.0,14.9,80000.0,80000.0,0.0,1201640000.0,0.0,7900.0,118661950.0,0.0,0.0,106.0,208847.0,183.0,305087.0,1.0121212121,44532090.0,0.0,0.0,0.0,1000.0
2024-12-26T00:00:00,MPC,15.3,14.8,14.8,15.1,15.1,15.0,41800.0,41800.0,0.0,629620000.0,0.0,22400.0,337404019.138756,0.0,0.0,78.0,206723.0,202.0,296402.0,1.0121212121,44509690.0,0.0,0.0,0.0,1000.0
2024-12-27T00:00:00,MPC,15.3,14.9,15.0,15.0,15.2,15.1,59700.0,59700.0,0.0,894920000.0,0.0,27600.0,413731859.2964824,0.0,0.0,97.0,197339.0,184.0,285193.0,1.0121212121,44482090.0,0.0,0.0,0.0,1000.0
2024-12-30T00:00:00,MPC,15.2,14.8,14.9,14.9,15.0,15.0,32400.0,32400.0,0.0,482730000.0,0.0,3100.0,46187129.62962963,0.0,0.0,71.0,71012.0,151.0,327184.0,1.0121212121,44478990.0,0.0,0.0,0.0,1000.0
2024-12-31T00:00:00,MPC,15.0,14.8,14.8,14.9,15.0,14.9,21000.0,21000.0,0.0,312690000.0,0.0,6100.0,90829000.0,0.0,0.0,51.0,57236.0,151.0,483533.0,1.0121212121,44472890.0,0.0,0.0,0.0,1000.0
2025-01-02T00:00:00,MPC,14.9,14.7,14.8,14.7,14.7,14.9,46500.0,46500.0,0.0,684470000.0,0.0,3100.0,45631333.333333336,0.0,0.0,116.0,113779.0,153.0,730219.0,1.0121212121,44469790.0,0.0,0.0,0.0,1000.0
2025-01-03T00:00:00,MPC,14.8,14.5,14.7,14.6,14.7,14.7,201700.0,201700.0,0.0,2946730000.0,0.0,96700.0,1412735701.536936,0.0,0.0,142.0,474835.0,130.0,502752.0,1.0121212121,44373090.0,0.0,0.0,0.0,1000.0
2025-01-06T00:00:00,MPC,14.9,14.5,14.5,14.7,14.6,14.6,86600.0,86600.0,0.0,1270920000.0,0.0,76300.0,1119759769.0531178,0.0,0.0,56.0,347560.0,143.0,387087.0,1.0121212121,44296790.0,0.0,0.0,0.0,1000.0
2025-01-07T00:00:00,MPC,14.8,14.6,14.7,14.7,14.8,14.7,129500.0,129500.0,0.0,1902500000.0,0.0,122000.0,1792316602.3166022,0.0,0.0,67.0,393909.0,126.0,403842.0,1.0121212121,42614190.0,0.0,0.0,0.0,1000.0
2025-01-08T00:00:00,MPC,14.8,14.7,14.8,14.8,14.8,14.7,75500.0,75500.0,0.0,1113850000.0,0.0,66600.0,982548476.821192,0.0,0.0,60.0,280422.0,145.0,292692.0,1.0121212121,42547590.0,0.0,0.0,0.0,1000.0
2025-01-09T00:00:00,MPC,14.9,14.8,14.8,14.8,14.9,14.8,46700.0,46700.0,0.0,692200000.0,0.0,30400.0,450597002.1413276,0.0,0.0,70.0,274993.0,139.0,304053.0,1.0121212121,42517190.0,0.0,0.0,0.0,1000.0
2025-01-10T00:00:00,MPC,15.0,14.7,14.8,14.8,14.9,14.8,47800.0,47800.0,0.0,709410000.0,0.0,34700.0,514990104.60251045,0.0,0.0,45.0,172924.0,163.0,315510.0,1.0121212121,42482490.0,0.0,0.0,0.0,1000.0
2025-01-13T00:00:00,MPC,14.8,14.6,14.6,14.6,14.8,14.8,22200.0,22200.0,0.0,324180000.0,0.0,6600.0,96377837.83783785,0.0,0.0,77.0,42277.0,124.0,245811.0,1.0121212121,42475890.0,0.0,0.0,0.0,1000.0
2025-01-14T00:00:00,MPC,14.9,14.7,14.7,14.8,14.9,14.6,21400.0,21400.0,0.0,315900000.0,0.0,12100.0,178616355.1401869,0.0,0.0,56.0,202663.0,129.0,235491.0,1.0121212121,42463790.0,0.0,0.0,0.0,1000.0
2025-01-15T00:00:00,MPC,14.9,14.8,14.8,14.8,14.8,14.8,27600.0,27600.0,0.0,409100000.0,0.0,15000.0,222336956.52173913,0.0,0.0,62.0,239532.0,133.0,257692.0,1.0121212121,42448790.0,0.0,0.0,0.0,1000.0
2025-01-16T00:00:00,MPC,15.0,14.7,14.7,14.8,14.8,14.8,25700.0,25700.0,0.0,380720000.0,0.0,16000.0,237024124.51361868,0.0,0.0,70.0,61350.0,153.0,279688.0,1.0121212121,42432790.0,0.0,0.0,0.0,1000.0
2025-01-17T00:00:00,MPC,14.9,14.7,14.7,14.8,14.9,14.8,35600.0,35600.0,0.0,526550000.0,0.0,27000.0,399349719.1011236,0.0,0.0,96.0,192001.0,138.0,352473.0,1.0121212121,42405790.0,0.0,0.0,0.0,1000.0
2025-01-20T00:00:00,MPC,15.2,14.7,14.8,15.0,15.0,14.8,71800.0,71800.0,0.0,1074390000.0,0.0,45300.0,677853300.8356546,0.0,0.0,106.0,383448.0,184.0,377148.0,1.0121212121,42360490.0,0.0,0.0,0.0,1000.0
2025-01-21T00:00:00,MPC,15.3,15.0,15.1,15.2,15.0,15.0,72600.0,72600.0,0.0,1099940000.0,0.0,42000.0,636328925.6198347,0.0,0.0,97.0,259432.0,203.0,559315.0,1.0121212121,42318490.0,0.0,0.0,0.0,1000.0
2025-01-22T00:00:00,MPC,15.1,14.9,15.1,14.9,14.9,15.2,18000.0,18000.0,0.0,268810000.0,0.0,100.0,1493388.888888889,0.0,0.0,66.0,54309.0,140.0,270714.0,1.0121212121,42318390.0,0.0,0.0,0.0,1000.0
2025-01-23T00:00:00,MPC,15.1,14.8,14.9,15.0,15.1,14.9,38300.0,38300.0,0.0,572890000.0,0.0,26200.0,391898642.29765016,0.0,0.0,84.0,74421.0,127.0,252605.0,1.0121212121,42292190.0,0.0,0.0,0.0,1000.0
2025-01-24T00:00:00,MPC,15.1,14.9,15.1,14.9,15.0,15.0,4600.0,4600.0,0.0,68710000.0,0.0,1100.0,16430652.173913043,0.0,0.0,53.0,38654.0,101.0,238469.0,1.0121212121,42291090.0,0.0,0.0,0.0,1000.0
2025-02-03T00:00:00,MPC,15.0,14.5,14.8,14.7,14.8,14.9,54000.0,54000.0,0.0,791950000.0,0.0,2000.0,29331481.48148148,4060.0,59542907.40740741,119.0,98758.0,140.0,280392.0,1.0121212121,42289090.0,0.0,0.0,0.0,1000.0
2025-02-04T00:00:00,MPC,14.9,14.6,14.8,14.7,14.8,14.7,34300.0,34300.0,0.0,503600000.0,0.0,2100.0,30832653.06122449,0.0,0.0,138.0,83438.0,114.0,447140.0,1.0121212121,42286990.0,0.0,0.0,0.0,1000.0
2025-02-05T00:00:00,MPC,14.8,14.5,14.8,14.6,14.7,14.7,54200.0,54200.0,0.0,791590000.0,0.0,100.0,1460498.1549815498,0.0,0.0,125.0,166727.0,132.0,312570.0,1.0121212121,42286890.0,0.0,0.0,0.0,1000.0
2025-02-06T00:00:00,MPC,14.6,14.5,14.6,14.5,14.5,14.6,37200.0,37200.0,0.0,540660000.0,0.0,0.0,0.0,0.0,0.0,155.0,107786.0,124.0,444759.0,1.0121212121,42290950.0,0.0,0.0,0.0,1000.0
2025-02-07T00:00:00,MPC,15.2,14.5,15.2,14.7,14.7,14.5,19900.0,19900.0,0.0,291530000.0,0.0,300.0,4394924.623115578,100.0,1464974.8743718592,110.0,106020.0,134.0,436913.0,1.0121212121,42290650.0,0.0,0.0,0.0,1000.0
2025-02-10T00:00:00,MPC,14.8,14.5,14.7,14.6,14.5,14.7,39200.0,39200.0,0.0,573010000.0,0.0,11000.0,160793622.4489796,0.0,0.0,112.0,83141.0,134.0,276541.0,1.0121212121,42279650.0,0.0,0.0,0.0,1000.0
2025-02-11T00:00:00,MPC,14.7,14.5,14.7,14.5,14.6,14.6,15800.0,15800.0,0.0,229710000.0,0.0,1200.0,17446329.11392405,0.0,0.0,87.0,63916.0,120.0,268818.0,1.0121212121,42278450.0,0.0,0.0,0.0,1000.0
2025-02-12T00:00:00,MPC,14.9,14.4,14.7,14.7,14.7,14.5,211200.0,211200.0,0.0,3112870000.0,0.0,174400.0,2570475984.848485,0.0,0.0,133.0,253565.0,195.0,486804.0,1.0121212121,42104150.0,0.0,0.0,0.0,1000.0
2025-02-13T00:00:00,MPC,14.6,14.5,14.6,14.5,14.5,14.7,26100.0,26100.0,0.0,379390000.0,0.0,0.0,0.0,0.0,0.0,118.0,58361.0,156.0,353745.0,1.0121212121,42104150.0,0.0,0.0,0.0,1000.0
2025-02-14T00:00:00,MPC,14.5,14.4,14.4,14.5,14.4,14.5,43300.0,43300.0,0.0,626420000.0,0.0,0.0,0.0,0.0,0.0,157.0,93038.0,134.0,392731.0,1.0121212121,42104150.0,0.0,0.0,0.0,1000.0
2025-02-17T00:00:00,MPC,14.5,14.3,14.5,14.4,14.3,14.5,52000.0,52000.0,0.0,746870000.0,0.0,0.0,0.0,0.0,0.0,145.0,145672.0,145.0,337788.0,1.0121212121,42104150.0,0.0,0.0,0.0,1000.0
2025-02-18T00:00:00,MPC,14.5,14.3,14.5,14.4,14.4,14.4,60900.0,60900.0,0.0,876650000.0,0.0,0.0,0.0,20000.0,287898193.7602627,136.0,158179.0,155.0,400362.0,1.0121212121,42104150.0,0.0,0.0,0.0,1000.0
2025-02-19T00:00:00,MPC,14.5,14.2,14.5,14.3,14.3,14.4,155200.0,155200.0,0.0,2213700000.0,0.0,0.0,0.0,22500.0,320929445.87628865,224.0,277573.0,163.0,427874.0,1.0121212121,42104150.0,0.0,0.0,0.0,1000.0
2025-02-20T00:00:00,MPC,14.4,14.2,14.4,14.2,14.2,14.3,72600.0,72600.0,0.0,1032000000.0,0.0,0.0,0.0,0.0,0.0,180.0,147769.0,166.0,343555.0,1.0121212121,42104150.0,0.0,0.0,0.0,1000.0
2025-02-21T00:00:00,MPC,14.3,14.1,14.2,14.1,14.2,14.2,54100.0,54100.0,0.0,765390000.0,0.0,0.0,0.0,12600.0,178260887.24584103,155.0,141714.0,155.0,414702.0,1.0121212121,42124150.0,0.0,0.0,0.0,1000.0
2025-02-24T00:00:00,MPC,14.2,14.1,14.2,14.2,14.2,14.1,6500.0,6500.0,0.0,92240000.0,0.0,0.0,0.0,0.0,0.0,112.0,66462.0,143.0,273726.0,1.0121212121,42146650.0,0.0,0.0,0.0,1000.0
2025-02-25T00:00:00,MPC,14.2,14.0,14.2,14.0,14.1,14.2,76300.0,76300.0,0.0,1071450000.0,0.0,0.0,0.0,0.0,0.0,221.0,117557.0,177.0,325625.0,1.0121212121,42146650.0,0.0,0.0,0.0,1000.0
2025-02-26T00:00:00,MPC,14.1,14.0,14.0,14.1,14.1,14.0,21100.0,21100.0,0.0,297290000.0,0.0,0.0,0.0,0.0,0.0,103.0,98078.0,155.0,272091.0,1.0121212121,42159250.0,0.0,0.0,0.0,1000.0
2025-02-27T00:00:00,MPC,14.2,14.0,14.2,14.1,14.1,14.1,13500.0,13500.0,0.0,190850000.0,0.0,0.0,0.0,0.0,0.0,105.0,65354.0,151.0,251910.0,1.0121212121,42159250.0,0.0,0.0,0.0,1000.0
2025-02-28T00:00:00,MPC,14.2,14.0,14.1,14.0,14.2,14.1,54100.0,54100.0,0.0,759080000.0,0.0,300.0,4209316.081330868,0.0,0.0,128.0,102240.0,176.0,334569.0,1.0121212121,42158950.0,0.0,0.0,0.0,1000.0
2025-03-03T00:00:00,MPC,14.1,13.9,14.1,14.0,14.0,14.0,48400.0,48400.0,0.0,678460000.0,0.0,0.0,0.0,0.0,0.0,143.0,108478.0,163.0,357625.0,1.0121212121,42158950.0,0.0,0.0,0.0,1000.0
2025-03-04T00:00:00,MPC,14.0,13.8,14.0,13.9,14.0,14.0,86700.0,86700.0,0.0,1207240000.0,0.0,0.0,0.0,10100.0,140635801.61476356,124.0,121663.0,174.0,378230.0,1.0121212121,42158950.0,0.0,0.0,0.0,1000.0
2025-03-05T00:00:00,MPC,14.0,13.8,14.0,13.8,13.8,13.9,62300.0,62300.0,0.0,861840000.0,0.0,0.0,0.0,0.0,0.0,143.0,97987.0,169.0,436332.0,1.0121212121,42158950.0,0.0,0.0,0.0,1000.0
2025-03-06T00:00:00,MPC,13.8,13.5,13.8,13.6,13.7,13.8,59300.0,59300.0,0.0,808840000.0,0.0,0.0,0.0,0.0,0.0,219.0,133117.0,152.0,307325.0,1.0121212121,42158950.0,0.0,0.0,0.0,1000.0
2025-03-07T00:00:00,MPC,13.8,13.6,13.8,13.7,13.6,13.6,40800.0,40800.0,0.0,557200000.0,0.0,0.0,0.0,0.0,0.0,139.0,94948.0,147.0,341674.0,1.0121212121,42169050.0,0.0,0.0,0.0,1000.0
2025-03-10T00:00:00,MPC,13.7,13.5,13.6,13.6,13.6,13.7,45300.0,45300.0,0.0,614980000.0,0.0,0.0,0.0,4000.0,54302869.757174395,180.0,99392.0,146.0,302772.0,1.0121212121,42169050.0,0.0,0.0,0.0,1000.0
2025-03-11T00:00:00,MPC,13.7,13.5,13.5,13.5,13.6,13.6,50400.0,50400.0,0.0,682550000.0,0.0,0.0,0.0,0.0,0.0,119.0,70442.0,143.0,324590.0,1.0121212121,42169050.0,0.0,0.0,0.0,1000.0
2025-03-12T00:00:00,MPC,13.6,13.2,13.5,13.4,13.5,13.5,78800.0,78800.0,0.0,1058750000.0,0.0,0.0,0.0,0.0,0.0,215.0,164762.0,162.0,375314.0,1.0121212121,42169050.0,0.0,0.0,0.0,1000.0
2025-03-13T00:00:00,MPC,13.5,13.3,13.4,13.4,13.4,13.4,25800.0,25800.0,0.0,345880000.0,0.0,0.0,0.0,0.0,0.0,136.0,78521.0,141.0,286813.0,1.0121212121,42173050.0,0.0,0.0,0.0,1000.0
2025-03-14T00:00:00,MPC,13.4,13.2,13.3,13.3,13.3,13.4,87000.0,87000.0,0.0,1155320000.0,0.0,0.0,0.0,0.0,0.0,182.0,127317.0,139.0,332647.0,1.0121212121,42173050.0,0.0,0.0,0.0,1000.0
2025-03-17T00:00:00,MPC,13.3,12.9,13.3,13.1,13.2,13.3,116500.0,116500.0,0.0,1522520000.0,0.0,100.0,1306884.1201716738,0.0,0.0,261.0,214693.0,156.0,344211.0,1.0121212121,42172950.0,0.0,0.0,0.0,1000.0
2025-03-18T00:00:00,MPC,13.2,13.0,13.1,13.1,13.1,13.1,26200.0,26200.0,0.0,343890000.0,0.0,0.0,0.0,0.0,0.0,112.0,88106.0,158.0,266053.0,1.0121212121,42172950.0,0.0,0.0,0.0,1000.0
2025-03-19T00:00:00,MPC,13.2,13.0,13.1,13.1,13.2,13.1,8600.0,8600.0,0.0,112490000.0,0.0,0.0,0.0,0.0,0.0,96.0,49826.0,128.0,231260.0,1.0121212121,42172950.0,0.0,0.0,0.0,1000.0
2025-03-20T00:00:00,MPC,13.2,12.9,13.0,13.0,13.1,13.1,39200.0,39200.0,0.0,510420000.0,0.0,0.0,0.0,0.0,0.0,114.0,82839.0,135.0,261145.0,1.0121212121,42172950.0,0.0,0.0,0.0,1000.0
2025-03-21T00:00:00,MPC,13.1,12.9,13.0,13.0,13.0,13.0,33000.0,33000.0,0.0,428990000.0,0.0,1000.0,12999696.969696969,0.0,0.0,110.0,112800.0,128.0,234832.0,1.0121212121,42171950.0,0.0,0.0,0.0,1000.0
2025-03-24T00:00:00,MPC,13.0,12.9,12.9,12.9,12.9,13.0,21000.0,21000.0,0.0,271380000.0,0.0,0.0,0.0,0.0,0.0,88.0,44529.0,126.0,291785.0,1.0121212121,42171950.0,0.0,0.0,0.0,1000.0
2025-03-25T00:00:00,MPC,13.2,12.8,13.2,12.9,13.0,12.9,25300.0,25300.0,0.0,325590000.0,0.0,0.0,0.0,0.0,0.0,134.0,233232.0,140.0,242710.0,1.0121212121,42171950.0,0.0,0.0,0.0,1000.0
2025-03-26T00:00:00,MPC,13.0,12.8,13.0,12.9,12.8,12.9,10900.0,10900.0,0.0,140440000.0,0.0,0.0,0.0,0.0,0.0,91.0,41504.0,141.0,254471.0,1.0121212121,42171950.0,0.0,0.0,0.0,1000.0
2025-03-27T00:00:00,MPC,12.9,12.8,12.9,12.8,12.8,12.9,16900.0,16900.0,0.0,216560000.0,0.0,0.0,0.0,0.0,0.0,88.0,62452.0,117.0,233341.0,1.0121212121,42171950.0,0.0,0.0,0.0,1000.0
2025-03-28T00:00:00,MPC,13.0,12.8,13.0,12.8,12.8,12.8,19600.0,19600.0,0.0,251280000.0,0.0,0.0,0.0,0.0,0.0,90.0,58868.0,132.0,223050.0,1.0121212121,42171950.0,0.0,0.0,0.0,1000.0
2025-03-31T00:00:00,MPC,14.7,13.0,14.7,13.2,13.5,12.8,74800.0,74800.0,0.0,989660000.0,0.0,30000.0,396922459.8930481,0.0,0.0,91.0,159074.0,234.0,322307.0,1.0121212121,42141950.0,0.0,0.0,0.0,1000.0
2025-04-01T00:00:00,MPC,13.5,13.2,13.4,13.4,13.2,13.2,35500.0,35500.0,0.0,474050000.0,0.0,0.0,0.0,0.0,0.0,58.0,51157.0,207.0,319286.0,1.0121212121,42141950.0,0.0,0.0,0.0,1000.0
2025-04-02T00:00:00,MPC,13.3,13.0,13.3,13.1,13.1,13.4,8600.0,8600.0,0.0,112690000.0,0.0,0.0,0.0,0.0,0.0,54.0,36252.0,132.0,327201.0,1.0121212121,42141950.0,0.0,0.0,0.0,1000.0
2025-04-03T00:00:00,MPC,13.0,11.2,13.0,11.3,11.2,13.1,298800.0,298800.0,0.0,3372680000.0,0.0,0.0,0.0,234100.0,2642384163.3199463,279.0,299070.0,218.0,640451.0,1.0121212121,42141950.0,0.0,0.0,0.0,1000.0
2025-04-04T00:00:00,MPC,11.2,9.7,11.0,9.8,9.7,11.3,355300.0,355300.0,0.0,3469530000.0,0.0,4000.0,39060287.08133971,254800.0,2488140287.08134,325.0,356101.0,133.0,390851.0,1.0121212121,42137950.0,0.0,0.0,0.0,1000.0
2025-04-08T00:00:00,MPC,10.0,9.0,9.7,9.6,9.1,9.8,172400.0,172400.0,0.0,1650990000.0,0.0,0.0,0.0,37100.0,355288451.27610207,168.0,273313.0,100.0,214805.0,1.0121212121,42137950.0,0.0,0.0,0.0,1000.0
2025-04-09T00:00:00,MPC,9.5,9.0,9.0,9.3,9.3,9.6,132700.0,132700.0,0.0,1233720000.0,0.0,0.0,0.0,10000.0,92970610.39939713,149.0,202744.0,92.0,164419.0,1.0121212121,42372050.0,0.0,0.0,0.0,1000.0
2025-04-10T00:00:00,MPC,10.6,10.5,10.6,10.6,10.6,9.3,301800.0,301800.0,0.0,3198970000.0,0.0,0.0,0.0,223200.0,2365838648.111332,204.0,394163.0,39.0,301855.0,1.0121212121,42626850.0,0.0,0.0,0.0,1000.0
2025-04-11T00:00:00,MPC,12.1,10.5,11.7,11.1,10.9,10.6,176700.0,176700.0,0.0,1966720000.0,0.0,0.0,0.0,28000.0,311647764.57272214,179.0,210507.0,223.0,354439.0,1.0121212121,42663950.0,0.0,0.0,0.0,1000.0
2025-04-14T00:00:00,MPC,11.1,10.1,11.1,10.4,10.6,11.1,208800.0,208800.0,0.0,2171590000.0,0.0,2700.0,28080905.172413792,104700.0,1088915100.5747128,234.0,478910.0,215.0,489893.0,1.0121212121,42671250.0,0.0,0.0,0.0,1000.0
2025-04-15T00:00:00,MPC,10.6,10.2,10.4,10.3,10.4,10.4,43700.0,43700.0,0.0,450560000.0,0.0,1500.0,15465446.224256292,0.0,0.0,112.0,135853.0,147.0,238670.0,1.0121212121,42892950.0,0.0,0.0,0.0,1000.0
2025-04-16T00:00:00,MPC,10.4,10.2,10.4,10.3,10.2,10.3,33100.0,33100.0,0.0,341270000.0,0.0,100.0,1031027.1903323263,0.0,0.0,79.0,64784.0,130.0,190760.0,1.0121212121,42920850.0,0.0,0.0,0.0,1000.0
2025-04-17T00:00:00,MPC,10.4,10.1,10.2,10.2,10.3,10.3,20300.0,20300.0,0.0,207220000.0,0.0,200.0,2041576.354679803,0.0,0.0,68.0,80847.0,84.0,162701.0,1.0121212121,43025350.0,0.0,0.0,0.0,1000.0
2025-04-18T00:00:00,MPC,10.4,10.2,10.2,10.2,10.4,10.2,40800.0,40800.0,0.0,417850000.0,0.0,3000.0,30724264.70588235,1000.0,10241421.56862745,77.0,79233.0,107.0,175870.0,1.0121212121,43022350.0,0.0,0.0,0.0,1000.0
2025-04-21T00:00:00,MPC,10.4,10.1,10.2,10.3,10.2,10.2,62600.0,62600.0,0.0,643990000.0,0.0,200.0,2057476.0383386582,0.0,0.0,84.0,77389.0,124.0,265958.0,1.0121212121,43022150.0,0.0,0.0,0.0,1000.0
2025-04-22T00:00:00,MPC,10.3,8.8,10.2,9.8,10.2,10.3,80500.0,80500.0,0.0,789460000.0,0.0,2400.0,23536695.652173914,0.0,0.0,153.0,129240.0,113.0,225171.0,1.0121212121,43019750.0,0.0,0.0,0.0,1000.0
2025-04-23T00:00:00,MPC,10.2,9.8,9.8,10.1,10.0,9.8,27000.0,27000.0,0.0,272570000.0,0.0,7900.0,79751962.96296297,0.0,0.0,71.0,165332.0,92.0,156527.0,1.0121212121,43012850.0,0.0,0.0,0.0,1000.0
2025-04-24T00:00:00,MPC,10.5,10.1,10.1,10.3,10.3,10.1,45300.0,45300.0,0.0,466440000.0,0.0,1600.0,16474701.986754967,0.0,0.0,105.0,119351.0,164.0,202602.0,1.0121212121,43011250.0,0.0,0.0,0.0,1000.0
2025-04-25T00:00:00,MPC,10.4,10.2,10.4,10.3,10.2,10.3,10100.0,10100.0,0.0,103860000.0,0.0,600.0,6169900.99009901,0.0,0.0,55.0,39482.0,110.0,179395.0,1.0121212121,43010650.0,0.0,0.0,0.0,1000.0
2025-04-28T00:00:00,MPC,10.4,10.1,10.3,10.2,10.3,10.3,38700.0,38700.0,0.0,396410000.0,0.0,0.0,0.0,0.0,0.0,98.0,85502.0,129.0,207708.0,1.0121212121,43010650.0,0.0,0.0,0.0,1000.0
2025-04-29T00:00:00,MPC,10.6,10.0,10.2,10.2,10.6,10.2,128300.0,128300.0,0.0,1308940000.0,0.0,64900.0,662121636.7887763,0.0,0.0,104.0,181817.0,110.0,293215.0,1.0121212121,42945750.0,0.0,0.0,0.0,1000.0
2025-05-05T00:00:00,MPC,10.5,10.3,10.5,10.4,10.3,10.2,28600.0,28600.0,0.0,296570000.0,0.0,800.0,8295664.335664336,0.0,0.0,98.0,109521.0,144.0,191352.0,1.0121212121,42944950.0,0.0,0.0,0.0,1000.0
2025-05-06T00:00:00,MPC,10.7,10.3,10.5,10.5,10.6,10.4,53200.0,53200.0,0.0,560980000.0,0.0,6100.0,64322894.7368421,0.0,0.0,107.0,342258.0,160.0,224629.0,1.0121212121,42938850.0,0.0,0.0,0.0,1000.0
2025-05-07T00:00:00,MPC,10.8,10.5,10.5,10.7,10.8,10.5,83300.0,83300.0,0.0,890800000.0,0.0,7700.0,82342857.14285715,0.0,0.0,117.0,308736.0,172.0,232661.0,1.0121212121,42881150.0,0.0,0.0,0.0,1000.0
2025-05-08T00:00:00,MPC,10.9,10.2,10.7,10.5,10.5,10.7,192200.0,192200.0,0.0,2013570000.0,0.0,27300.0,286006560.8740895,0.0,0.0,268.0,504312.0,166.0,530262.0,1.0121212121,42903850.0,0.0,0.0,0.0,1000.0
2025-05-09T00:00:00,MPC,10.6,10.4,10.5,10.4,10.4,10.5,69500.0,69500.0,0.0,724940000.0,0.0,4100.0,42766244.60431655,0.0,0.0,157.0,250317.0,127.0,274586.0,1.0121212121,42899750.0,0.0,0.0,0.0,1000.0
2025-05-12T00:00:00,MPC,10.6,10.3,10.6,10.5,10.5,10.4,139000.0,139000.0,0.0,1460370000.0,0.0,75000.0,787969424.4604317,86200.0,905639525.1798561,136.0,269144.0,126.0,325867.0,1.0121212121,42774750.0,0.0,0.0,0.0,1000.0
2025-05-13T00:00:00,MPC,10.7,10.4,10.6,10.5,10.6,10.5,195900.0,195900.0,0.0,2057920000.0,0.0,38400.0,403390137.82542115,61800.0,649206003.0627872,264.0,311626.0,153.0,410527.0,1.0121212121,42838550.0,0.0,0.0,0.0,1000.0
2025-05-14T00:00:00,MPC,10.7,10.5,10.6,10.6,10.6,10.5,76400.0,76400.0,0.0,808120000.0,0.0,22100.0,233762460.7329843,35000.0,370212041.88481677,167.0,407194.0,148.0,297606.0,1.0121212121,42807650.0,0.0,0.0,0.0,1000.0
2025-05-15T00:00:00,MPC,10.7,10.5,10.7,10.6,10.6,10.6,25000.0,25000.0,0.0,263790000.0,0.0,400.0,4220640.0,0.0,0.0,172.0,182761.0,103.0,265744.0,1.0121212121,42910550.0,0.0,0.0,0.0,1000.0
2025-05-16T00:00:00,MPC,10.6,10.3,10.6,10.4,10.5,10.6,109900.0,109900.0,0.0,1146400000.0,0.0,2400.0,25035122.838944495,47300.0,493400545.95086443,215.0,202803.0,133.0,445777.0,1.0121212121,42931550.0,0.0,0.0,0.0,1000.0
2025-05-19T00:00:00,MPC,10.4,10.3,10.3,10.4,10.3,10.4,30300.0,30300.0,0.0,314420000.0,0.0,0.0,0.0,0.0,0.0,125.0,148383.0,114.0,250310.0,1.0121212121,42946850.0,0.0,0.0,0.0,1000.0
2025-05-20T00:00:00,MPC,10.5,10.3,10.4,10.4,10.3,10.4,154100.0,154100.0,0.0,1600690000.0,0.0,0.0,0.0,90000.0,934861129.136924,162.0,259085.0,116.0,399645.0,1.0121212121,42946850.0,0.0,0.0,0.0,1000.0
2025-05-21T00:00:00,MPC,10.4,10.3,10.4,10.3,10.3,10.4,45600.0,45600.0,0.0,471480000.0,0.0,0.0,0.0,11800.0,122005789.4736842,122.0,151082.0,104.0,382617.0,1.0121212121,42991750.0,0.0,0.0,0.0,1000.0
2025-05-22T00:00:00,MPC,10.4,10.2,10.2,10.3,10.3,10.3,55200.0,55200.0,0.0,567420000.0,0.0,0.0,0.0,27000.0,277542391.3043478,134.0,155340.0,100.0,338780.0,1.0121212121,42991750.0,0.0,0.0,0.0,1000.0
2025-05-23T00:00:00,MPC,10.3,10.2,10.3,10.2,10.2,10.3,116000.0,116000.0,0.0,1187860000.0,0.0,30000.0,307205172.4137931,86600.0,886798931.0344827,147.0,526866.0,92.0,313152.0,1.0121212121,43001750.0,0.0,0.0,0.0,1000.0
2025-05-26T00:00:00,MPC,11.6,10.2,10.3,11.1,11.2,10.2,811700.0,811700.0,0.0,8989200000.0,0.0,4000.0,44298139.70678822,503600.0,5577135789.084638,355.0,1333289.0,319.0,1126325.0,1.0121212121,43089550.0,0.0,0.0,0.0,1000.0
2025-05-27T00:00:00,MPC,11.5,11.0,11.5,11.1,11.1,11.1,453400.0,453400.0,0.0,5048220000.0,0.0,0.0,0.0,343300.0,3822350961.6232905,297.0,1057939.0,216.0,994022.0,1.0121212121,43020550.0,0.0,0.0,0.0,1000.0
2025-05-28T00:00:00,MPC,11.3,10.5,11.2,10.8,10.7,11.1,308000.0,308000.0,0.0,3330080000.0,0.0,10000.0,108119480.51948053,132600.0,1433664311.6883116,290.0,532618.0,189.0,820383.0,1.0121212121,43167150.0,0.0,0.0,0.0,1000.0
2025-05-29T00:00:00,MPC,11.0,10.7,10.8,10.8,10.8,10.8,129600.0,129600.0,0.0,1405730000.0,0.0,0.0,0.0,13100.0,142091535.49382716,271.0,484574.0,139.0,533362.0,1.0121212121,43676750.0,0.0,0.0,0.0,1000.0
2025-05-30T00:00:00,MPC,10.8,10.5,10.6,10.6,10.6,10.8,100800.0,100800.0,0.0,1072700000.0,0.0,0.0,0.0,7700.0,81942361.1111111,229.0,229931.0,120.0,508141.0,1.0121212121,44020050.0,0.0,0.0,0.0,1000.0
2025-06-02T00:00:00,MPC,10.7,10.5,10.6,10.6,10.7,10.6,262000.0,262000.0,0.0,2774980000.0,0.0,0.0,0.0,120000.0,1270983206.1068702,248.0,592858.0,124.0,623750.0,1.0121212121,43992650.0,0.0,0.0,0.0,1000.0
2025-06-03T00:00:00,MPC,11.1,10.6,10.7,10.7,10.8,10.6,337100.0,337100.0,0.0,3617470000.0,0.0,0.0,0.0,190000.0,2038918125.185405,366.0,746325.0,187.0,857674.0,1.0121212121,44005750.0,0.0,0.0,0.0,1000.0
2025-06-04T00:00:00,MPC,10.9,10.7,10.8,10.8,10.8,10.7,257700.0,257700.0,0.0,2781180000.0,0.0,0.0,0.0,121000.0,1305870314.3189754,285.0,542539.0,181.0,751718.0,1.0121212121,44163450.0,0.0,0.0,0.0,1000.0
2025-06-05T00:00:00,MPC,11.1,10.8,10.8,10.9,11.0,10.8,308100.0,308100.0,0.0,3365680000.0,0.0,100.0,1092398.5718922429,107600.0,1175420863.356053,292.0,722103.0,239.0,781579.0,1.0121212121,44283350.0,0.0,0.0,0.0,1000.0
2025-06-06T00:00:00,MPC,11.0,10.8,11.0,10.9,10.8,10.9,213000.0,213000.0,0.0,2322890000.0,0.0,0.0,0.0,122400.0,1334843830.9859154,179.0,515398.0,215.0,743718.0,1.0121212121,44473350.0,0.0,0.0,0.0,1000.0
2025-06-09T00:00:00,MPC,10.8,10.4,10.8,10.6,10.4,10.9,288100.0,288100.0,0.0,3046580000.0,0.0,0.0,0.0,96400.0,1019404068.0319333,303.0,581612.0,183.0,768922.0,1.0121212121,44594450.0,0.0,0.0,0.0,1000.0
2025-06-10T00:00:00,MPC,10.6,10.5,10.6,10.5,10.6,10.6,92700.0,92700.0,0.0,975800000.0,0.0,0.0,0.0,10100.0,106316936.35382956,157.0,273738.0,145.0,563448.0,1.0121212121,44701950.0,0.0,0.0,0.0,1000.0
2025-06-11T00:00:00,MPC,10.6,10.5,10.6,10.5,10.6,10.5,77100.0,77100.0,0.0,810110000.0,0.0,0.0,0.0,0.0,0.0,173.0,244571.0,118.0,452723.0,1.0121212121,44824350.0,0.0,0.0,0.0,1000.0
2025-06-12T00:00:00,MPC,11.0,10.5,10.6,10.8,11.0,10.5,295700.0,295700.0,0.0,3181850000.0,0.0,0.0,0.0,93500.0,1006097311.464322,203.0,649535.0,185.0,696587.0,1.0121212121,44920750.0,0.0,0.0,0.0,1000.0
2025-06-13T00:00:00,MPC,12.4,10.8,11.0,11.7,12.4,10.8,1870400.0,1870400.0,0.0,21809180000.0,0.0,0.0,0.0,505500.0,5894215403.122327,407.0,3950190.0,738.0,1989869.0,1.0121212121,44480850.0,0.0,0.0,0.0,1000.0
2025-06-16T00:00:00,MPC,13.4,12.0,12.0,13.4,13.4,11.7,1066500.0,1066500.0,0.0,14266520000.0,0.0,100.0,1337695.2648851383,550100.0,7358661652.133145,282.0,2116918.0,238.0,1091278.0,1.0121212121,44930750.0,0.0,0.0,0.0,1000.0
2025-06-17T00:00:00,MPC,15.2,12.9,14.2,14.3,14.7,13.4,1289200.0,1289200.0,0.0,18383030000.0,0.0,0.0,0.0,120000.0,1711110456.0968041,564.0,1758776.0,798.0,2111916.0,1.0121212121,45024350.0,0.0,0.0,0.0,1000.0
2025-06-18T00:00:00,MPC,14.8,13.4,14.4,14.0,13.4,14.3,288900.0,288900.0,0.0,4041160000.0,0.0,0.0,0.0,75000.0,1049106957.4247144,277.0,478014.0,384.0,1321467.0,1.0121212121,45529850.0,0.0,0.0,0.0,1000.0
2025-06-19T00:00:00,MPC,14.8,12.9,14.0,13.1,13.2,14.0,408800.0,408800.0,0.0,5375320000.0,0.0,0.0,0.0,25000.0,328725538.16046965,391.0,794799.0,324.0,939147.0,1.0121212121,46079850.0,0.0,0.0,0.0,1000.0
2025-06-20T00:00:00,MPC,14.4,13.1,14.4,13.4,13.2,13.1,328300.0,328300.0,0.0,4399560000.0,0.0,0.0,0.0,31000.0,415432104.78221136,301.0,900599.0,300.0,542455.0,1.0121212121,45949850.0,0.0,0.0,0.0,1000.0
2025-06-23T00:00:00,MPC,13.4,12.8,13.3,13.1,13.0,13.4,273700.0,273700.0,0.0,3572700000.0,0.0,0.0,0.0,0.0,0.0,330.0,666046.0,215.0,628226.0,1.0121212121,46214850.0,0.0,0.0,0.0,1000.0
2025-06-24T00:00:00,MPC,13.6,13.0,13.1,13.2,13.6,13.1,324600.0,324600.0,0.0,4288810000.0,0.0,0.0,0.0,152300.0,2012278998.767714,304.0,1023683.0,228.0,1041509.0,1.0121212121,45999850.0,0.0,0.0,0.0,1000.0
2025-06-25T00:00:00,MPC,14.1,13.4,13.4,13.8,13.7,13.2,240900.0,240900.0,0.0,3327150000.0,0.0,0.0,0.0,0.0,0.0,263.0,679191.0,340.0,501860.0,1.0121212121,46130850.0,0.0,0.0,0.0,1000.0
2025-06-26T00:00:00,MPC,14.0,13.3,14.0,13.6,13.6,13.8,187000.0,187000.0,0.0,2552050000.0,0.0,4600.0,62777700.53475936,0.0,0.0,243.0,386745.0,275.0,495321.0,1.0121212121,46326250.0,0.0,0.0,0.0,1000.0
2025-06-27T00:00:00,MPC,14.2,13.6,13.6,13.9,13.7,13.6,215000.0,215000.0,0.0,2979590000.0,0.0,2300.0,31874683.720930234,700.0,9700990.697674418,241.0,544336.0,319.0,494597.0,1.0121212121,46306250.0,0.0,0.0,0.0,1000.0
2025-06-30T00:00:00,MPC,14.2,13.7,13.7,14.0,14.2,13.9,240200.0,240200.0,0.0,3351610000.0,0.0,66100.0,922320653.6219817,0.0,0.0,238.0,722473.0,276.0,510287.0,1.0121212121,46410850.0,0.0,0.0,0.0,1000.0
2025-07-01T00:00:00,MPC,14.1,13.4,14.1,13.6,13.5,14.0,260600.0,260600.0,0.0,3552760000.0,0.0,3200.0,43625602.45587107,0.0,0.0,315.0,439283.0,239.0,506826.0,1.0121212121,46407650.0,0.0,0.0,0.0,1000.0
2025-07-02T00:00:00,MPC,14.5,13.3,13.6,13.7,13.8,13.6,558400.0,558400.0,0.0,7675660000.0,0.0,35300.0,485227073.78223497,0.0,0.0,403.0,903819.0,335.0,946730.0,1.0121212121,46372350.0,0.0,0.0,0.0,1000.0
2025-07-03T00:00:00,MPC,14.6,13.5,13.5,14.0,14.1,13.7,770500.0,770500.0,0.0,10752270000.0,0.0,15200.0,212114865.6716418,100.0,1395492.537313433,332.0,1565042.0,361.0,1218042.0,1.0121212121,46357150.0,3544080000.0,0.0,3544080000.0,1000.0
2025-07-04T00:00:00,MPC,14.5,13.8,14.1,14.2,14.1,14.0,590000.0,590000.0,0.0,8360920000.0,0.0,66000.0,935289355.9322034,0.0,0.0,309.0,1491866.0,325.0,1078245.0,1.0121212121,46241250.0,1511650000.0,0.0,1511650000.0,1000.0
2025-07-07T00:00:00,MPC,14.5,13.9,14.5,14.0,14.0,14.2,267200.0,267200.0,0.0,3751150000.0,0.0,100.0,1403873.502994012,0.0,0.0,239.0,731867.0,255.0,772992.0,1.0121212121,46291150.0,0.0,0.0,0.0,1000.0
2025-07-08T00:00:00,MPC,14.3,13.9,14.2,14.0,14.0,14.0,201100.0,201100.0,0.0,2820330000.0,0.0,2000.0,28049030.33316758,2700.0,37866190.94977623,196.0,571656.0,245.0,657680.0,1.0121212121,46289150.0,0.0,0.0,0.0,1000.0
2025-07-09T00:00:00,MPC,14.1,13.8,14.0,13.9,14.0,14.0,308200.0,308200.0,0.0,4299280000.0,0.0,0.0,0.0,0.0,0.0,215.0,785633.0,232.0,861234.0,1.0121212121,46191150.0,0.0,0.0,0.0,1000.0
2025-07-10T00:00:00,MPC,14.1,13.6,14.0,13.8,13.8,13.9,335700.0,335700.0,0.0,4622520000.0,0.0,100.0,1376979.4459338696,205000.0,2822807864.1644325,244.0,542947.0,189.0,794221.0,1.0121212121,46291050.0,0.0,0.0,0.0,1000.0
2025-07-11T00:00:00,MPC,14.0,13.6,14.0,13.7,13.8,13.8,79500.0,79500.0,0.0,1091510000.0,0.0,0.0,0.0,0.0,0.0,233.0,306721.0,159.0,649998.0,1.0121212121,46291850.0,0.0,0.0,0.0,1000.0
2025-07-14T00:00:00,MPC,13.8,13.5,13.8,13.6,13.7,13.7,168900.0,168900.0,0.0,2299260000.0,0.0,100.0,1361314.3872113677,0.0,0.0,256.0,473634.0,177.0,729706.0,1.0121212121,46291750.0,0.0,0.0,0.0,1000.0
2025-07-15T00:00:00,MPC,13.8,13.5,13.8,13.7,13.5,13.6,189500.0,189500.0,0.0,2588500000.0,0.0,0.0,0.0,35000.0,478087071.24010557,223.0,393687.0,164.0,450688.0,1.0121212121,46496650.0,0.0,0.0,0.0,1000.0
2025-07-16T00:00:00,MPC,13.8,13.5,13.6,13.6,13.7,13.7,79300.0,170700.0,0.0,2324680000.0,0.0,0.0,0.0,0.0,0.0,200.0,373169.0,159.0,691578.0,1.0121212121,46496650.0,0.0,0.0,0.0,1000.0
2025-07-17T00:00:00,MPC,13.9,13.6,13.9,13.7,13.8,13.6,85300.0,85300.0,0.0,1167420000.0,0.0,1000.0,13686049.237983588,0.0,0.0,158.0,235848.0,142.0,534976.0,1.0121212121,46495650.0,0.0,0.0,0.0,1000.0
2025-07-18T00:00:00,MPC,14.4,13.6,13.7,14.0,13.9,13.7,354900.0,354900.0,0.0,4964160000.0,0.0,16300.0,227996077.76838547,2800.0,39164970.414201185,273.0,855140.0,367.0,1058733.0,1.0121212121,46514350.0,0.0,0.0,0.0,1000.0
2025-07-21T00:00:00,MPC,14.1,13.7,14.0,13.8,13.8,14.0,90400.0,90400.0,0.0,1252000000.0,0.0,100.0,1384955.7522123894,0.0,0.0,0.0,0.0,0.0,0.0,1.0121212121,46517050.0,0.0,0.0,0.0,1000.0
2025-07-22T00:00:00,MPC,14.5,13.8,13.9,14.2,14.3,13.8,631500.0,631500.0,0.0,8986340000.0,0.0,0.0,0.0,0.0,0.0,320.0,1000171.0,375.0,986612.0,1.0121212121,46517050.0,0.0,0.0,0.0,1000.0
2025-07-23T00:00:00,MPC,15.1,14.4,14.4,14.7,14.8,14.2,503600.0,503600.0,0.0,7412430000.0,0.0,50000.0,735944201.7474186,0.0,0.0,326.0,1144119.0,402.0,900350.0,1.0121212121,46417050.0,0.0,0.0,0.0,1000.0
2025-07-24T00:00:00,MPC,15.0,14.5,14.8,14.8,14.9,14.7,266500.0,266500.0,0.0,3932840000.0,0.0,20000.0,295147467.1669794,0.0,0.0,189.0,717069.0,314.0,720447.0,1.0121212121,46447050.0,0.0,0.0,0.0,1000.0
2025-07-25T00:00:00,MPC,15.2,14.7,14.8,14.9,15.0,14.8,429600.0,429600.0,0.0,6397590000.0,0.0,0.0,0.0,0.0,0.0,178.0,846913.0,341.0,793473.0,1.0121212121,46447050.0,0.0,0.0,0.0,1000.0
2025-07-28T00:00:00,MPC,15.6,14.9,15.0,15.1,15.6,14.9,396400.0,396400.0,0.0,5990810000.0,0.0,40000.0,604521695.2573159,0.0,0.0,209.0,775081.0,367.0,579941.0,1.0121212121,46407050.0,0.0,0.0,0.0,1000.0
2025-07-29T00:00:00,MPC,15.7,14.8,15.6,15.3,15.0,15.1,477900.0,477900.0,0.0,7335390000.0,0.0,40000.0,613968612.6804771,0.0,0.0,253.0,866914.0,430.0,853647.0,1.0121212121,46366950.0,0.0,0.0,0.0,1000.0
2025-07-30T00:00:00,MPC,15.3,14.9,15.0,15.1,15.3,15.3,273000.0,273000.0,0.0,4114850000.0,0.0,0.0,0.0,16100.0,242670641.02564102,168.0,528475.0,213.0,598111.0,1.0121212121,46367050.0,0.0,0.0,0.0,1000.0
2025-07-31T00:00:00,MPC,15.7,15.1,15.3,15.3,15.5,15.1,346000.0,346000.0,0.0,5288610000.0,0.0,5600.0,85596000.0,0.0,0.0,166.0,543680.0,258.0,944023.0,1.0121212121,46361450.0,0.0,0.0,0.0,1000.0
2025-08-01T00:00:00,MPC,15.5,14.8,15.3,15.2,15.2,15.3,286800.0,286800.0,0.0,4349200000.0,0.0,0.0,0.0,0.0,0.0,146.0,422274.0,176.0,800722.0,1.0121212121,46361400.0,0.0,0.0,0.0,1000.0
2025-08-04T00:00:00,MPC,17.4,14.9,15.0,16.3,16.5,15.2,907900.0,907900.0,0.0,14767650000.0,0.0,334200.0,5436004659.103425,10000.0,162657230.97257408,345.0,1732354.0,504.0,1927166.0,1.0121212121,45731240.0,0.0,0.0,0.0,1000.0
2025-08-05T00:00:00,MPC,16.7,15.6,16.5,16.1,16.2,16.3,1532800.0,1532800.0,0.0,24702060000.0,0.0,949530.0,15302287990.474947,1000.0,16115644.572025051,392.0,1913832.0,377.0,2566246.0,1.0121212121,44859410.0,-987200000.0,0.0,-987200000.0,1000.0
2025-08-06T00:00:00,MPC,16.5,15.9,16.4,16.2,16.3,16.1,483500.0,483500.0,0.0,7830810000.0,0.0,92700.0,1501377635.9875906,0.0,0.0,329.0,1034017.0,282.0,1127391.0,1.0121212121,45012110.0,0.0,0.0,0.0,1000.0
2025-08-07T00:00:00,MPC,16.8,16.1,16.4,16.3,16.4,16.2,538100.0,538100.0,0.0,8757310000.0,0.0,137400.0,2236116695.781453,0.0,0.0,384.0,894506.0,340.0,1375826.0,1.0121212121,44874710.0,0.0,0.0,0.0,1000.0
2025-08-08T00:00:00,MPC,16.8,16.0,16.3,16.4,16.4,16.3,365500.0,365500.0,0.0,6003650000.0,0.0,121500.0,1995741381.6689467,0.0,0.0,293.0,633102.0,309.0,919925.0,1.0121212121,44753210.0,0.0,0.0,0.0,1000.0
2025-08-11T00:00:00,MPC,16.6,15.9,16.4,16.1,16.2,16.4,198100.0,198100.0,0.0,3198090000.0,0.0,2000.0,32287632.508833922,0.0,0.0,283.0,645049.0,297.0,735868.0,1.0121212121,44451210.0,0.0,0.0,0.0,1000.0
2025-08-12T00:00:00,MPC,16.2,15.1,16.1,15.7,16.2,16.1,386900.0,386900.0,0.0,6060930000.0,0.0,55800.0,874127407.5988628,0.0,0.0,508.0,1155151.0,279.0,826004.0,1.0121212121,44695410.0,-1317020000.0,0.0,-1317020000.0,1000.0
2025-08-13T00:00:00,MPC,16.2,15.2,16.2,15.6,15.8,15.7,461200.0,461200.0,0.0,7195560000.0,0.0,10900.0,170059852.55854294,0.0,0.0,453.0,855967.0,231.0,1046072.0,1.0121212121,44684510.0,-1007500000.0,0.0,-1007500000.0,1000.0
2025-08-14T00:00:00,MPC,16.0,15.5,15.7,15.8,15.9,15.6,377400.0,377400.0,0.0,5953100000.0,0.0,71600.0,1129416958.1346052,0.0,0.0,275.0,1371035.0,304.0,1095814.0,1.0121212121,44292810.0,-795000000.0,0.0,-795000000.0,1000.0
2025-08-15T00:00:00,MPC,16.0,15.4,15.8,15.6,15.8,15.8,554300.0,554300.0,0.0,8661390000.0,0.0,37400.0,584405531.3007396,0.0,0.0,266.0,1091276.0,367.0,1076189.0,1.0121212121,44575510.0,0.0,0.0,0.0,1000.0
2025-08-18T00:00:00,MPC,16.0,15.7,15.7,15.8,15.8,15.6,262900.0,262900.0,0.0,4159640000.0,0.0,55500.0,878128642.0692278,0.0,0.0,239.0,802206.0,267.0,866038.0,1.0121212121,44520010.0,-1523170000.0,0.0,-1523170000.0,1000.0
2025-08-19T00:00:00,MPC,15.8,15.4,15.8,15.6,15.6,15.8,241700.0,241700.0,0.0,3766690000.0,0.0,100.0,1558415.3909805545,0.0,0.0,355.0,618971.0,314.0,675278.0,1.0121212121,44519910.0,0.0,0.0,0.0,1000.0
2025-08-20T00:00:00,MPC,15.8,15.0,15.6,15.2,15.6,15.6,311200.0,311200.0,0.0,4742820000.0,0.0,8600.0,131067647.81491002,0.0,0.0,291.0,699946.0,283.0,687651.0,1.0121212121,44511310.0,0.0,0.0,0.0,1000.0
2025-08-21T00:00:00,MPC,15.6,15.0,15.6,15.1,15.1,15.2,110900.0,110900.0,0.0,1677210000.0,0.0,2000.0,30247249.774571687,1000.0,15123624.887285843,242.0,395842.0,212.0,592706.0,1.0121212121,44509310.0,0.0,0.0,0.0,1000.0
2025-08-22T00:00:00,MPC,15.2,14.8,15.1,15.0,14.9,15.1,276500.0,276500.0,0.0,4135280000.0,0.0,12000.0,179469656.41952983,0.0,0.0,198.0,558036.0,209.0,544804.0,1.0121212121,44498310.0,0.0,0.0,0.0,1000.0
2025-08-25T00:00:00,MPC,15.3,14.9,14.9,15.2,15.0,15.0,52100.0,52100.0,0.0,789780000.0,0.0,7600.0,115207831.0940499,0.0,0.0,103.0,345694.0,169.0,304423.0,1.0121212121,44440710.0,0.0,0.0,0.0,1000.0
2025-08-26T00:00:00,MPC,15.4,15.0,15.4,15.1,15.3,15.2,65700.0,65700.0,0.0,993550000.0,0.0,15400.0,232886910.1978691,0.0,0.0,132.0,311535.0,149.0,285036.0,1.0121212121,44475310.0,0.0,0.0,0.0,1000.0
2025-08-27T00:00:00,MPC,15.4,15.0,15.0,15.2,15.3,15.1,63400.0,63400.0,0.0,965360000.0,0.0,29600.0,450704353.3123028,0.0,0.0,126.0,348449.0,171.0,364728.0,1.0121212121,44329710.0,0.0,0.0,0.0,1000.0
2025-08-28T00:00:00,MPC,15.5,15.2,15.3,15.3,15.3,15.2,147800.0,147800.0,0.0,2267810000.0,0.0,46300.0,710416799.729364,0.0,0.0,145.0,385178.0,194.0,479802.0,1.0121212121,44349410.0,0.0,0.0,0.0,1000.0
2025-08-29T00:00:00,MPC,16.0,15.2,15.5,15.6,16.0,15.3,202800.0,202800.0,0.0,3162030000.0,0.0,150000.0,2338779585.7988167,0.0,0.0,118.0,464911.0,176.0,405164.0,1.0121212121,44161810.0,0.0,0.0,0.0,1000.0
2025-09-03T00:00:00,MPC,16.0,15.5,15.8,15.6,15.8,15.6,34600.0,34600.0,0.0,541280000.0,0.0,4900.0,76655260.11560693,0.0,0.0,137.0,211748.0,273.0,413417.0,1.0121212121,44244510.0,0.0,0.0,0.0,1000.0
2025-09-04T00:00:00,MPC,16.5,15.5,15.5,16.2,16.4,15.6,545200.0,545200.0,0.0,8808680000.0,0.0,28100.0,454005700.6603081,0.0,0.0,232.0,1193757.0,405.0,985771.0,1.0121212121,43852810.0,0.0,0.0,0.0,1000.0
2025-09-05T00:00:00,MPC,16.6,16.2,16.4,16.4,16.3,16.2,357500.0,357500.0,0.0,5861780000.0,0.0,400.0,6558634.965034965,19600.0,321373113.2867133,189.0,955747.0,398.0,830544.0,1.0121212121,43895010.0,0.0,0.0,0.0,1000.0
2025-09-08T00:00:00,MPC,16.7,16.2,16.4,16.5,16.4,16.4,457000.0,457000.0,0.0,7522520000.0,0.0,2100.0,34567378.55579869,40539.0,667298552.0350109,164.0,852942.0,423.0,726947.0,1.0121212121,44214310.0,0.0,0.0,0.0,1000.0
2025-09-09T00:00:00,MPC,16.6,15.7,15.7,16.3,16.5,16.5,122200.0,122200.0,0.0,1994280000.0,0.0,201.0,3280280.5237315875,440.0,7180713.584288052,128.0,248397.0,188.0,335725.0,1.0121212121,44216109.0,0.0,0.0,0.0,1000.0
2025-09-10T00:00:00,MPC,16.5,16.1,16.1,16.4,16.5,16.3,54300.0,54300.0,0.0,887950000.0,0.0,200.0,3270534.069981584,0.0,0.0,98.0,139296.0,158.0,208956.0,1.0121212121,44235410.0,0.0,0.0,0.0,1000.0
2025-09-11T00:00:00,MPC,16.5,16.0,16.3,16.3,16.1,16.4,131500.0,131500.0,0.0,2140750000.0,0.0,1100.0,17907414.448669203,0.0,0.0,130.0,273141.0,169.0,306256.0,1.0121212121,44272749.0,0.0,0.0,0.0,1000.0
2025-09-12T00:00:00,MPC,16.5,16.0,16.1,16.2,16.4,16.3,115900.0,115900.0,0.0,1872700000.0,0.0,34300.0,554215789.4736842,0.0,0.0,93.0,215608.0,142.0,323647.0,1.0121212121,44238588.0,0.0,0.0,0.0,1000.0
2025-09-15T00:00:00,MPC,17.2,16.1,16.4,16.8,17.0,16.2,334100.0,334100.0,0.0,5600640000.0,0.0,700.0,11734354.983537862,2.0,33526.7285243939,309.0,1311543.0,345.0,526428.0,1.0121212121,43617988.0,0.0,0.0,0.0,1000.0
2025-09-16T00:00:00,MPC,17.5,17.0,17.0,17.1,17.0,16.8,177100.0,177100.0,0.0,3035490000.0,0.0,6400.0,109695855.44889893,0.0,0.0,155.0,447607.0,327.0,670385.0,1.0121212121,44131590.0,0.0,0.0,0.0,1000.0
2025-09-17T00:00:00,MPC,17.2,16.9,17.0,17.0,17.0,17.1,133200.0,133200.0,0.0,2263260000.0,0.0,16000.0,271863063.0630631,0.0,0.0,78.0,222713.0,237.0,413371.0,1.0121212121,44215590.0,0.0,0.0,0.0,1000.0
2025-09-18T00:00:00,MPC,17.0,16.4,16.9,16.8,17.0,17.0,91000.0,91000.0,0.0,1526620000.0,0.0,6600.0,110721890.1098901,0.0,0.0,124.0,336870.0,165.0,294476.0,1.0121212121,44208990.0,0.0,0.0,0.0,1000.0
2025-09-19T00:00:00,MPC,17.0,16.6,16.8,16.9,16.9,16.8,42200.0,42200.0,0.0,711160000.0,0.0,500.0,8426066.3507109,0.0,0.0,80.0,197011.0,122.0,179571.0,1.0121212121,44208490.0,0.0,0.0,0.0,1000.0
2025-09-22T00:00:00,MPC,16.9,16.6,16.9,16.7,16.8,16.9,168500.0,168500.0,0.0,2815160000.0,0.0,200.0,3341436.2017804156,60000.0,1002430860.5341246,120.0,318382.0,165.0,283547.0,1.0121212121,44208090.0,0.0,0.0,0.0,1000.0
2025-09-23T00:00:00,MPC,16.8,16.7,16.7,16.8,16.7,16.7,92900.0,92900.0,0.0,1556610000.0,0.0,300.0,5026727.6641550055,71800.0,1203063487.621098,67.0,318830.0,100.0,228936.0,1.0121212121,44208190.0,0.0,0.0,0.0,1000.0
2025-09-24T00:00:00,MPC,16.9,16.4,16.4,16.8,16.9,16.8,43300.0,43300.0,0.0,727280000.0,0.0,100.0,1679630.4849884526,0.0,0.0,60.0,218750.0,106.0,204092.0,1.0121212121,44208390.0,0.0,0.0,0.0,1000.0
2025-09-25T00:00:00,MPC,17.0,16.7,16.9,16.8,17.0,16.8,31000.0,31000.0,0.0,522340000.0,0.0,500.0,8424838.709677419,0.0,0.0,70.0,153300.0,123.0,154687.0,1.0121212121,44267690.0,0.0,0.0,0.0,1000.0
2025-09-26T00:00:00,MPC,16.9,16.6,16.8,16.7,16.8,16.8,74700.0,74700.0,0.0,1244580000.0,0.0,1200.0,19993253.012048192,1200.0,19993253.012048192,97.0,174895.0,97.0,160522.0,1.0121212121,44337990.0,0.0,0.0,0.0,1000.0
2025-09-29T00:00:00,MPC,17.0,16.3,16.9,16.6,17.0,16.7,118100.0,118100.0,0.0,1958020000.0,0.0,21600.0,358113734.123624,0.0,0.0,113.0,224593.0,130.0,239073.0,1.0121212121,44317490.0,0.0,0.0,0.0,1000.0
2025-09-30T00:00:00,MPC,17.7,16.2,17.0,16.8,17.7,16.6,242400.0,242400.0,0.0,4061670000.0,0.0,108900.0,1824735408.4158416,100.0,1675606.4356435644,107.0,316822.0,177.0,393802.0,1.0121212121,44202190.0,0.0,0.0,0.0,1000.0
2025-10-01T00:00:00,MPC,17.8,17.0,17.0,17.3,17.2,16.8,36600.0,36600.0,0.0,632090000.0,0.0,5700.0,98440245.90163934,0.0,0.0,114.0,209555.0,232.0,479539.0,1.0121212121,44202890.0,0.0,0.0,0.0,1000.0
2025-10-02T00:00:00,MPC,17.3,16.6,17.2,16.8,17.0,17.3,99400.0,99400.0,0.0,1669740000.0,0.0,300.0,5039456.740442656,0.0,0.0,123.0,225378.0,151.0,624424.0,1.0121212121,44202790.0,0.0,0.0,0.0,1000.0
2025-10-03T00:00:00,MPC,17.0,16.6,16.6,16.8,16.9,16.8,13000.0,13000.0,0.0,218640000.0,0.0,400.0,6727384.615384615,0.0,0.0,59.0,65799.0,108.0,156776.0,1.0121212121,44202390.0,0.0,0.0,0.0,1000.0
2025-10-06T00:00:00,MPC,17.2,16.9,16.9,17.0,17.0,16.8,91600.0,91600.0,0.0,1558980000.0,0.0,13100.0,222954563.3187773,0.0,0.0,72.0,167709.0,149.0,299192.0,1.0121212121,44265540.0,0.0,0.0,0.0,1000.0
2025-10-07T00:00:00,MPC,17.0,16.6,16.9,16.8,16.9,17.0,45500.0,45500.0,0.0,762400000.0,0.0,3000.0,50268131.86813187,0.0,0.0,93.0,146351.0,93.0,244912.0,1.0121212121,44263140.0,0.0,0.0,0.0,1000.0
2025-10-08T00:00:00,MPC,17.0,16.5,16.8,16.6,17.0,16.8,41500.0,41500.0,0.0,690850000.0,0.0,2600.0,43282168.67469879,0.0,0.0,82.0,148891.0,140.0,239322.0,1.0121212121,44261040.0,0.0,0.0,0.0,1000.0
2025-10-09T00:00:00,MPC,16.8,16.4,16.6,16.5,16.7,16.6,62100.0,62100.0,0.0,1025680000.0,0.0,600.0,9909951.690821256,0.0,0.0,98.0,141612.0,89.0,193986.0,1.0121212121,44260440.0,0.0,0.0,0.0,1000.0
2025-10-10T00:00:00,MPC,17.0,16.2,16.5,16.5,16.2,16.5,127700.0,127700.0,0.0,2102710000.0,0.0,20100.0,330966883.3202819,1000.0,16466014.095536413,97.0,226559.0,93.0,255031.0,1.0121212121,44240340.0,0.0,0.0,0.0,1000.0
2025-10-13T00:00:00,MPC,16.7,16.2,16.2,16.3,16.5,16.5,50700.0,50700.0,0.0,826180000.0,0.0,200.0,3259092.702169625,0.0,0.0,127.0,185936.0,88.0,208264.0,1.0121212121,44241140.0,0.0,0.0,0.0,1000.0
2025-10-14T00:00:00,MPC,16.8,16.1,16.6,16.3,16.3,16.3,84300.0,84300.0,0.0,1376660000.0,0.0,1400.0,22862680.901542112,0.0,0.0,108.0,165569.0,111.0,278611.0,1.0121212121,44239740.0,0.0,0.0,0.0,1000.0
2025-10-15T00:00:00,MPC,16.5,16.0,16.5,16.1,16.3,16.3,42300.0,42300.0,0.0,682310000.0,0.0,600.0,9678156.028368793,0.0,0.0,77.0,117656.0,85.0,175171.0,1.0121212121,44239140.0,0.0,0.0,0.0,1000.0
2025-10-16T00:00:00,MPC,16.4,16.0,16.1,16.2,16.2,16.1,38700.0,38700.0,0.0,625610000.0,0.0,300.0,4849689.92248062,0.0,0.0,61.0,172709.0,75.0,201069.0,1.0121212121,44238840.0,0.0,0.0,0.0,1000.0
2025-10-17T00:00:00,MPC,16.4,16.0,16.2,16.1,16.4,16.2,76200.0,76200.0,0.0,1226070000.0,0.0,3300.0,53097519.68503937,0.0,0.0,75.0,137950.0,82.0,221976.0,1.0121212121,44235540.0,0.0,0.0,0.0,1000.0
2025-10-20T00:00:00,MPC,16.4,15.3,16.1,15.7,16.2,16.1,104100.0,104100.0,0.0,1629900000.0,0.0,800.0,12525648.414985592,0.0,0.0,110.0,184373.0,96.0,212680.0,1.0121212121,44234740.0,0.0,0.0,0.0,1000.0
2025-10-21T00:00:00,MPC,16.2,15.3,16.1,15.9,15.8,15.7,34500.0,34500.0,0.0,547390000.0,0.0,300.0,4759913.043478261,0.0,0.0,89.0,237360.0,64.0,137715.0,1.0121212121,44234440.0,0.0,0.0,0.0,1000.0
2025-10-22T00:00:00,MPC,16.3,15.9,16.2,16.0,16.0,15.9,25300.0,25300.0,0.0,405070000.0,0.0,300.0,4803201.581027668,0.0,0.0,54.0,151418.0,70.0,164622.0,1.0121212121,44234140.0,0.0,0.0,0.0,1000.0
2025-10-23T00:00:00,MPC,16.3,15.9,15.9,16.0,16.2,16.0,31200.0,31200.0,0.0,500530000.0,0.0,4100.0,65774775.64102564,0.0,0.0,63.0,193001.0,74.0,126724.0,1.0121212121,44179040.0,0.0,0.0,0.0,1000.0
2025-10-24T00:00:00,MPC,16.3,16.0,16.0,16.1,16.2,16.0,54900.0,54900.0,0.0,883410000.0,0.0,8800.0,141603060.10928962,0.0,0.0,76.0,212480.0,73.0,198521.0,1.0121212121,44136240.0,0.0,0.0,0.0,1000.0
2025-10-27T00:00:00,MPC,16.7,16.3,16.5,16.5,16.7,16.1,140300.0,140300.0,0.0,2316760000.0,0.0,72900.0,1203790477.5481112,0.0,0.0,150.0,431206.0,145.0,297781.0,1.0121212121,43959140.0,0.0,0.0,0.0,1000.0
2025-10-28T00:00:00,MPC,17.1,16.6,16.7,16.5,17.0,16.5,221300.0,221300.0,0.0,3730280000.0,0.0,55000.0,927091730.6823317,0.0,0.0,151.0,741899.0,201.0,332790.0,1.0121212121,43826740.0,0.0,0.0,0.0,1000.0
2025-10-29T00:00:00,MPC,17.5,17.0,17.0,17.1,17.2,16.9,139300.0,139300.0,0.0,2386110000.0,0.0,73300.0,1255576905.9583633,0.0,0.0,99.0,439565.0,215.0,373481.0,1.0121212121,43772240.0,0.0,0.0,0.0,1000.0
2025-10-30T00:00:00,MPC,17.4,15.1,16.9,17.1,17.4,17.1,178200.0,178200.0,0.0,3043030000.0,0.0,43400.0,741119539.8428732,0.0,0.0,187.0,772298.0,246.0,514689.0,1.0121212121,43971640.0,0.0,0.0,0.0,1000.0
2025-10-31T00:00:00,MPC,18.0,16.7,16.7,17.5,18.0,17.1,395800.0,395800.0,0.0,6910630000.0,0.0,256000.0,4469735421.930268,0.0,0.0,207.0,955156.0,280.0,580533.0,1.0121212121,43678240.0,0.0,0.0,0.0,1000.0
2025-11-03T00:00:00,MPC,18.1,17.2,17.8,17.6,17.3,17.5,82500.0,82500.0,0.0,1452150000.0,0.0,100.0,1760181.8181818181,0.0,0.0,170.0,312507.0,265.0,385660.0,1.0121212121,43620540.0,0.0,0.0,0.0,1000.0
2025-11-04T00:00:00,MPC,18.0,17.0,17.6,17.6,17.6,17.6,51000.0,51000.0,0.0,897920000.0,0.0,6200.0,109158901.96078432,0.0,0.0,100.0,90793.0,207.0,290662.0,1.0121212121,43714340.0,0.0,0.0,0.0,1000.0
2025-11-05T00:00:00,MPC,17.7,16.9,17.3,17.1,17.4,17.6,58200.0,58200.0,0.0,997300000.0,0.0,600.0,10281443.298969071,0.0,0.0,150.0,155113.0,155.0,247127.0,1.0121212121,43713740.0,0.0,0.0,0.0,1000.0
2025-11-06T00:00:00,MPC,17.5,16.7,17.3,17.0,16.8,17.1,38800.0,38800.0,0.0,659030000.0,0.0,0.0,0.0,8000.0,135882474.22680414,119.0,206822.0,140.0,266284.0,1.0121212121,43713740.0,0.0,0.0,0.0,1000.0
2025-11-07T00:00:00,MPC,17.1,16.5,16.9,16.7,16.7,17.0,68600.0,68600.0,0.0,1148350000.0,0.0,0.0,0.0,0.0,0.0,153.0,176478.0,119.0,206526.0,1.0121212121,43713740.0,0.0,0.0,0.0,1000.0
2025-11-10T00:00:00,MPC,16.8,16.3,16.7,16.6,16.6,16.7,52100.0,52100.0,0.0,864210000.0,0.0,0.0,0.0,800.0,13270019.193857966,124.0,155806.0,89.0,134274.0,1.0121212121,43713740.0,0.0,0.0,0.0,1000.0
2025-11-11T00:00:00,MPC,16.8,16.4,16.6,16.6,16.6,16.6,51400.0,51400.0,0.0,853480000.0,0.0,0.0,0.0,0.0,0.0,79.0,141787.0,75.0,137080.0,1.0121212121,43721740.0,0.0,0.0,0.0,1000.0
2025-11-12T00:00:00,MPC,17.2,16.5,16.6,17.0,17.0,16.6,113700.0,113700.0,0.0,1929540000.0,0.0,100.0,1697044.8548812666,47800.0,811187440.6332453,58.0,251108.0,115.0,242849.0,1.0121212121,43621540.0,0.0,0.0,0.0,1000.0
2025-11-13T00:00:00,MPC,17.4,17.0,17.1,17.1,17.0,17.0,10900.0,10900.0,0.0,186150000.0,0.0,1700.0,29032568.80733945,0.0,0.0,44.0,77959.0,122.0,144548.0,1.0121212121,43690840.0,0.0,0.0,0.0,1000.0
2025-11-14T00:00:00,MPC,17.1,16.5,16.8,17.0,16.9,17.1,56900.0,56900.0,0.0,965670000.0,0.0,0.0,0.0,440.0,7467395.430579965,92.0,180341.0,103.0,212265.0,1.0121212121,43720840.0,0.0,0.0,0.0,1000.0
2025-11-17T00:00:00,MPC,17.0,16.6,16.7,16.8,17.0,17.0,34100.0,34100.0,0.0,574290000.0,0.0,0.0,0.0,0.0,0.0,117.0,184690.0,83.0,171177.0,1.0121212121,43768540.0,0.0,0.0,0.0,1000.0
2025-11-18T00:00:00,MPC,17.2,16.5,16.8,16.8,17.1,16.8,96500.0,96500.0,0.0,1621230000.0,0.0,400.0,6720124.352331607,0.0,0.0,176.0,183228.0,101.0,213170.0,1.0121212121,43768040.0,0.0,0.0,0.0,1000.0
2025-11-19T00:00:00,MPC,17.1,16.7,17.1,16.8,17.0,16.8,104400.0,104400.0,0.0,1752210000.0,0.0,44000.0,738479310.3448275,2200.0,36923965.51724138,93.0,238415.0,80.0,185869.0,1.0121212121,43668580.0,0.0,0.0,0.0,1000.0
2025-11-20T00:00:00,MPC,17.2,16.8,17.0,16.9,17.0,16.8,96700.0,96700.0,0.0,1634600000.0,0.0,35000.0,591633919.3381592,13500.0,228201654.60186142,84.0,268167.0,111.0,299341.0,1.0121212121,43621780.0,0.0,0.0,0.0,1000.0
2025-11-21T00:00:00,MPC,17.2,16.7,17.0,16.8,16.7,16.9,46300.0,46300.0,0.0,777780000.0,0.0,2000.0,33597408.207343414,0.0,0.0,60.0,69175.0,109.0,204251.0,1.0121212121,43703280.0,0.0,0.0,0.0,1000.0
2025-11-24T00:00:00,MPC,17.2,16.6,17.2,16.8,16.9,16.8,9100.0,9100.0,0.0,152640000.0,0.0,100.0,1677362.6373626373,0.0,0.0,65.0,56602.0,105.0,150164.0,1.0121212121,43703180.0,0.0,0.0,0.0,1000.0
2025-11-25T00:00:00,MPC,17.1,16.5,16.5,16.9,16.9,16.8,25000.0,25000.0,0.0,421810000.0,0.0,7300.0,123168520.0,0.0,0.0,62.0,73365.0,96.0,165061.0,1.0121212121,43695880.0,0.0,0.0,0.0,1000.0
2025-11-26T00:00:00,MPC,17.2,16.4,16.4,17.0,17.1,16.9,51700.0,51700.0,0.0,879480000.0,0.0,47100.0,801228394.5841392,100.0,1701121.8568665378,62.0,142022.0,110.0,222597.0,1.0121212121,43614680.0,0.0,0.0,0.0,1000.0
2025-11-27T00:00:00,MPC,17.4,16.8,16.8,17.2,17.4,17.0,73100.0,73100.0,0.0,1260930000.0,0.0,65400.0,1128109740.0820794,0.0,0.0,64.0,206400.0,155.0,208401.0,1.0121212121,43485780.0,0.0,0.0,0.0,1000.0
2025-11-28T00:00:00,MPC,17.6,17.2,17.2,17.4,17.5,17.2,149700.0,149700.0,0.0,2609130000.0,0.0,81200.0,1415239519.0380762,1000.0,17429058.116232466,90.0,350014.0,191.0,365801.0,1.0121212121,43351880.0,0.0,0.0,0.0,1000.0
2025-12-01T00:00:00,MPC,17.5,17.1,17.5,17.3,17.4,17.4,22800.0,22800.0,0.0,393490000.0,0.0,1600.0,27613333.333333332,0.0,0.0,57.0,75690.0,129.0,228173.0,1.0121212121,43501680.0,0.0,0.0,0.0,1000.0
2025-12-02T00:00:00,MPC,17.4,16.9,17.1,17.1,17.3,17.3,30700.0,30700.0,0.0,523470000.0,0.0,2300.0,39217622.149837136,0.0,0.0,55.0,50268.0,124.0,171102.0,1.0121212121,43499380.0,0.0,0.0,0.0,1000.0
2025-12-03T00:00:00,MPC,17.3,16.8,17.1,17.0,17.0,17.1,28100.0,28100.0,0.0,478840000.0,0.0,9200.0,156773238.4341637,0.0,0.0,81.0,65945.0,97.0,181710.0,1.0121212121,43490180.0,0.0,0.0,0.0,1000.0
2025-12-04T00:00:00,MPC,17.3,17.0,17.2,17.2,17.3,17.0,24000.0,24000.0,0.0,411980000.0,0.0,16300.0,279803083.3333333,0.0,0.0,62.0,78400.0,116.0,165086.0,1.0121212121,43473880.0,0.0,0.0,0.0,1000.0
2025-12-05T00:00:00,MPC,17.4,17.0,17.2,17.2,17.0,17.2,38500.0,38500.0,0.0,662440000.0,0.0,13600.0,234004779.2207792,0.0,0.0,72.0,69054.0,147.0,229294.0,1.0121212121,43460280.0,0.0,0.0,0.0,1000.0
2025-12-08T00:00:00,MPC,17.2,16.9,17.1,17.0,17.2,17.2,13400.0,13400.0,0.0,227370000.0,0.0,300.0,5090373.134328358,0.0,0.0,64.0,42592.0,79.0,117140.0,1.0121212121,43459980.0,0.0,0.0,0.0,1000.0
2025-12-09T00:00:00,MPC,17.1,16.6,17.0,16.8,17.1,17.0,30300.0,30300.0,0.0,508520000.0,0.0,100.0,1678283.8283828383,0.0,0.0,83.0,47002.0,98.0,121156.0,1.0121212121,43459880.0,0.0,0.0,0.0,1000.0
2025-12-10T00:00:00,MPC,17.2,16.8,17.2,17.0,16.9,16.8,11000.0,11000.0,0.0,187290000.0,0.0,5200.0,88537090.9090909,0.0,0.0,69.0,66002.0,109.0,230403.0,1.0121212121,43454680.0,0.0,0.0,0.0,1000.0
2025-12-11T00:00:00,MPC,17.0,16.7,17.0,16.9,17.0,17.0,3400.0,3400.0,0.0,57370000.0,0.0,500.0,8436764.705882354,0.0,0.0,42.0,15618.0,92.0,138146.0,1.0121212121,43454180.0,0.0,0.0,0.0,1000.0
2025-12-12T00:00:00,MPC,16.9,16.4,16.8,16.6,16.9,16.9,70300.0,70300.0,0.0,1165390000.0,0.0,20800.0,344809559.03271693,0.0,0.0,102.0,107996.0,89.0,187032.0,1.0121212121,43433380.0,0.0,0.0,0.0,1000.0
2025-12-15T00:00:00,MPC,17.0,16.5,17.0,16.9,16.6,16.6,35000.0,35000.0,0.0,591090000.0,0.0,27100.0,457672542.85714287,0.0,0.0,61.0,65243.0,85.0,317762.0,1.0121212121,43405980.0,0.0,0.0,0.0,1000.0
2025-12-16T00:00:00,MPC,17.1,16.4,16.8,16.7,16.7,16.9,31800.0,31800.0,0.0,531710000.0,0.0,7500.0,125403301.88679245,0.0,0.0,105.0,69749.0,93.0,168705.0,1.0121212121,43398780.0,0.0,0.0,0.0,1000.0
2025-12-17T00:00:00,MPC,16.8,16.3,16.7,16.5,16.5,16.5,13200.0,13200.0,0.0,217710000.0,0.0,3600.0,59375454.54545455,0.0,0.0,63.0,35873.0,105.0,190987.0,1.0,43395180.0,0.0,0.0,0.0,1000.0
2025-12-18T00:00:00,MPC,16.7,16.2,16.7,16.4,16.6,16.5,15500.0,15500.0,0.0,254620000.0,0.0,10100.0,165913677.41935483,0.0,0.0,53.0,40610.0,96.0,124368.0,1.0,43384980.0,0.0,0.0,0.0,1000.0
2025-12-19T00:00:00,MPC,16.5,16.3,16.5,16.4,16.3,16.4,15400.0,15400.0,0.0,252170000.0,0.0,3500.0,57311363.63636363,0.0,0.0,46.0,37883.0,69.0,135421.0,1.0,43381380.0,0.0,0.0,0.0,1000.0
2025-12-22T00:00:00,MPC,16.5,15.8,16.3,16.0,16.4,16.4,81700.0,81700.0,0.0,1309450000.0,0.0,20300.0,325359057.5275398,0.0,0.0,167.0,479686.0,114.0,255416.0,1.0,43056080.0,0.0,0.0,0.0,1000.0
2025-12-23T00:00:00,MPC,16.5,16.0,16.4,16.4,16.5,16.0,75500.0,75500.0,0.0,1234590000.0,0.0,35600.0,582137801.3245033,0.0,0.0,87.0,651986.0,136.0,329151.0,1.0,42790980.0,0.0,0.0,0.0,1000.0
2025-12-24T00:00:00,MPC,16.8,16.3,16.3,16.5,16.6,16.4,435400.0,435400.0,0.0,7174290000.0,0.0,416700.0,6866161329.811667,0.0,0.0,109.0,747440.0,143.0,643566.0,1.0,42625680.0,0.0,0.0,0.0,1000.0
2025-12-25T00:00:00,MPC,17.1,15.9,16.2,16.8,16.8,16.5,72100.0,72100.0,0.0,1210580000.0,0.0,28600.0,480202330.0970874,300.0,5037087.3786407765,125.0,565159.0,170.0,404789.0,1.0,42880380.0,0.0,0.0,0.0,1000.0
2025-12-26T00:00:00,MPC,16.9,16.2,16.8,16.4,16.3,16.8,42700.0,42700.0,0.0,702130000.0,0.0,7400.0,121680608.89929743,0.0,0.0,102.0,80369.0,105.0,314388.0,1.0,42873280.0,0.0,0.0,0.0,1000.0
2025-12-29T00:00:00,MPC,16.7,16.0,16.5,16.3,16.5,16.4,22600.0,22600.0,0.0,367810000.0,0.0,10100.0,164375265.48672566,0.0,0.0,61.0,63538.0,92.0,354691.0,1.0,42863180.0,0.0,0.0,0.0,1000.0
2025-12-30T00:00:00,MPC,16.8,16.1,16.1,16.7,16.8,16.3,65200.0,65200.0,0.0,1086630000.0,0.0,55100.0,918302346.6257669,0.0,0.0,53.0,99815.0,77.0,200946.0,1.0,42808080.0,0.0,0.0,0.0,1000.0
2025-12-31T00:00:00,MPC,17.0,16.6,16.7,17.0,16.8,16.7,59500.0,59500.0,0.0,1008730000.0,0.0,53000.0,898532605.0420169,0.0,0.0,66.0,78688.0,169.0,272189.0,1.0,42754880.0,0.0,0.0,0.0,1000.0
2026-01-05T00:00:00,MPC,17.2,16.5,16.8,16.8,17.0,17.0,103100.0,103100.0,0.0,1729640000.0,0.0,41700.0,699573113.4820563,0.0,0.0,69.0,114265.0,136.0,295165.0,1.0,42713380.0,0.0,0.0,0.0,1000.0
2026-01-06T00:00:00,MPC,16.9,16.5,16.8,16.8,16.9,16.8,26500.0,26500.0,0.0,444900000.0,0.0,21600.0,362635471.6981132,0.0,0.0,55.0,190920.0,118.0,223736.0,1.0,42691680.0,0.0,0.0,0.0,1000.0
2026-01-07T00:00:00,MPC,16.9,16.5,16.7,16.7,16.9,16.8,26400.0,26400.0,0.0,440690000.0,0.0,15100.0,252061325.75757575,0.0,0.0,60.0,49736.0,101.0,287419.0,1.0,42676680.0,0.0,0.0,0.0,1000.0
2026-01-08T00:00:00,MPC,16.9,16.3,16.8,16.5,16.3,16.7,50900.0,50900.0,0.0,842170000.0,0.0,19400.0,320984243.6149312,0.0,0.0,111.0,116750.0,146.0,422076.0,1.0,42657280.0,0.0,0.0,0.0,1000.0
2026-01-09T00:00:00,MPC,16.7,15.9,16.3,16.4,16.7,16.5,124900.0,124900.0,0.0,2042940000.0,0.0,40100.0,655899871.897518,0.0,0.0,117.0,175130.0,99.0,337671.0,1.0,42617180.0,0.0,0.0,0.0,1000.0
2026-01-12T00:00:00,MPC,16.6,16.3,16.6,16.5,16.6,16.4,32200.0,32200.0,0.0,532190000.0,0.0,1200.0,19833167.701863352,0.0,0.0,79.0,62404.0,104.0,273625.0,1.0,42615980.0,0.0,0.0,0.0,1000.0
2026-01-13T00:00:00,MPC,16.8,16.1,16.5,16.4,16.6,16.5,28100.0,28100.0,0.0,460880000.0,0.0,700.0,11480996.441281138,1600.0,26242277.580071174,83.0,72555.0,139.0,373931.0,1.0,42615280.0,0.0,0.0,0.0,1000.0
2026-01-14T00:00:00,MPC,16.6,15.9,16.4,16.2,16.4,16.4,79400.0,79400.0,0.0,1283510000.0,0.0,1500.0,24247670.025188915,0.0,0.0,164.0,184768.0,128.0,376536.0,1.0,42614480.0,0.0,0.0,0.0,1000.0
2026-01-15T00:00:00,MPC,16.8,16.2,16.2,16.6,16.6,16.2,93500.0,93500.0,0.0,1554270000.0,0.0,21200.0,352412021.3903743,0.0,0.0,101.0,469844.0,140.0,419479.0,1.0,42593280.0,0.0,0.0,0.0,1000.0
2026-01-16T00:00:00,MPC,16.9,16.6,16.6,16.8,16.6,16.6,25300.0,25300.0,0.0,424280000.0,0.0,8000.0,134159683.7944664,0.0,0.0,61.0,66282.0,138.0,401009.0,1.0,42586180.0,0.0,0.0,0.0,1000.0
2026-01-19T00:00:00,MPC,16.7,16.3,16.7,16.5,16.7,16.8,16500.0,16500.0,0.0,271990000.0,0.0,200.0,3296848.484848485,0.0,0.0,78.0,48444.0,114.0,561763.0,1.0,42585980.0,0.0,0.0,0.0,1000.0
2026-01-20T00:00:00,MPC,17.1,16.1,16.7,16.6,16.5,16.5,65500.0,65500.0,0.0,1086620000.0,0.0,23100.0,383220183.20610684,0.0,0.0,140.0,122658.0,142.0,514532.0,1.0,42562880.0,0.0,0.0,0.0,1000.0
2026-01-21T00:00:00,MPC,16.6,16.0,16.6,16.1,16.3,16.6,33100.0,33100.0,0.0,532550000.0,0.0,100.0,1608912.3867069487,100.0,1608912.3867069487,118.0,101966.0,101.0,402006.0,1.0,42562780.0,0.0,0.0,0.0,1000.0
2026-01-22T00:00:00,MPC,17.0,15.9,16.4,16.1,16.0,16.1,85700.0,85700.0,0.0,1381040000.0,0.0,2000.0,32229638.273045506,0.0,0.0,170.0,156327.0,156.0,422303.0,1.0,42560880.0,0.0,0.0,0.0,1000.0
2026-01-23T00:00:00,MPC,16.2,15.9,16.1,16.0,16.0,16.1,25800.0,25800.0,0.0,413520000.0,0.0,0.0,0.0,0.0,0.0,108.0,83521.0,104.0,289885.0,1.0,42560880.0,0.0,0.0,0.0,1000.0
2026-01-26T00:00:00,MPC,16.3,15.8,16.0,15.9,16.0,16.0,33200.0,33200.0,0.0,529000000.0,0.0,600.0,9560240.963855421,0.0,0.0,105.0,70008.0,104.0,274862.0,1.0,42560280.0,0.0,0.0,0.0,1000.0
2026-01-27T00:00:00,MPC,16.0,15.6,15.9,15.7,16.0,15.9,25400.0,25400.0,0.0,399190000.0,0.0,200.0,3143228.346456693,0.0,0.0,95.0,56016.0,74.0,172679.0,1.0,42560080.0,0.0,0.0,0.0,1000.0
2026-01-28T00:00:00,MPC,16.2,15.7,15.7,15.9,16.2,15.7,13100.0,13100.0,0.0,208780000.0,0.0,0.0,0.0,0.0,0.0,83.0,46827.0,107.0,221744.0,1.0,42560080.0,0.0,0.0,0.0,1000.0
2026-01-29T00:00:00,MPC,16.1,15.7,15.9,15.9,16.1,15.9,15200.0,15200.0,0.0,241510000.0,0.0,0.0,0.0,0.0,0.0,83.0,49047.0,108.0,288436.0,1.0,42560080.0,0.0,0.0,0.0,1000.0
2026-01-30T00:00:00,MPC,16.8,15.7,15.9,16.3,16.8,15.9,136300.0,136300.0,0.0,2223380000.0,0.0,0.0,0.0,0.0,0.0,146.0,628708.0,210.0,400749.0,1.0,42559980.0,0.0,0.0,0.0,1000.0
2026-02-02T00:00:00,MPC,16.9,16.1,16.8,16.7,16.8,16.3,171900.0,171900.0,0.0,2870350000.0,0.0,0.0,0.0,0.0,0.0,167.0,582171.0,227.0,552569.0,1.0,42560080.0,0.0,0.0,0.0,1000.0
2026-02-03T00:00:00,MPC,17.0,16.7,16.7,16.8,17.0,16.7,193800.0,193800.0,0.0,3264820000.0,0.0,0.0,0.0,0.0,0.0,150.0,857145.0,206.0,491874.0,1.0,42559880.0,0.0,0.0,0.0,1000.0
2026-02-04T00:00:00,MPC,17.2,16.6,16.8,16.9,17.2,16.8,260600.0,260600.0,0.0,4394680000.0,0.0,50800.0,856675917.1143515,0.0,0.0,132.0,803690.0,201.0,481321.0,1.0,42220380.0,0.0,0.0,0.0,1000.0
2026-02-05T00:00:00,MPC,17.3,16.9,17.1,17.1,17.3,16.9,316600.0,316600.0,0.0,5414220000.0,0.0,37100.0,634452185.7233101,0.0,0.0,165.0,953988.0,260.0,512742.0,1.0,42147080.0,0.0,0.0,0.0,1000.0
2026-02-06T00:00:00,MPC,17.4,16.9,17.1,17.0,17.3,17.1,164200.0,164200.0,0.0,2795840000.0,0.0,47400.0,807081705.2375152,0.0,0.0,66.0,313809.0,199.0,396901.0,1.0,42383780.0,0.0,0.0,0.0,1000.0
2026-02-09T00:00:00,MPC,17.5,16.8,17.0,17.0,17.3,17.0,147800.0,147800.0,0.0,2513570000.0,0.0,94300.0,1603718883.6265223,0.0,0.0,107.0,492401.0,203.0,344036.0,1.0,42066780.0,0.0,0.0,0.0,1000.0
2026-02-10T00:00:00,MPC,17.7,17.0,17.0,17.5,17.7,17.0,425600.0,425600.0,0.0,7458520000.0,0.0,29200.0,511721766.91729325,11800.0,206791672.93233082,289.0,1335176.0,384.0,695555.0,1.0,41614680.0,0.0,0.0,0.0,1000.0
2026-02-11T00:00:00,MPC,18.1,17.4,17.6,17.8,18.0,17.5,458900.0,458900.0,0.0,8156790000.0,0.0,60700.0,1078921667.029854,0.0,0.0,280.0,1669265.0,295.0,826362.0,1.0,42195080.0,0.0,0.0,0.0,1000.0
2026-02-12T00:00:00,MPC,18.0,17.4,18.0,17.7,17.8,17.8,106600.0,106600.0,0.0,1885240000.0,0.0,100.0,1768517.823639775,0.0,0.0,135.0,398929.0,221.0,438670.0,1.0,42252180.0,0.0,0.0,0.0,1000.0
2026-02-13T00:00:00,MPC,18.3,17.3,17.5,17.6,18.3,17.7,407400.0,407400.0,0.0,7175050000.0,0.0,154300.0,2717501755.0319095,0.0,0.0,167.0,1534450.0,214.0,864564.0,1.0,41758380.0,0.0,0.0,0.0,1000.0
2026-02-23T00:00:00,MPC,19.5,18.1,18.8,18.6,18.5,17.6,203500.0,203500.0,0.0,3792740000.0,0.0,4600.0,85732697.7886978,44000.0,820051891.8918918,374.0,672753.0,300.0,576130.0,1.0,42093380.0,0.0,0.0,0.0,1000.0
2026-02-24T00:00:00,MPC,18.8,18.1,18.5,18.5,18.8,18.6,243400.0,243400.0,0.0,4509500000.0,0.0,57200.0,1059751027.1158587,600.0,11116269.515201315,290.0,814012.0,246.0,671046.0,1.0,41707780.0,0.0,0.0,0.0,1000.0
2026-02-25T00:00:00,MPC,19.1,18.3,18.7,18.7,18.9,18.5,368000.0,368000.0,0.0,6888310000.0,0.0,43500.0,814243165.7608696,500.0,9359116.847826088,380.0,1317342.0,293.0,694847.0,1.0,41681780.0,0.0,0.0,0.0,1000.0
2026-02-26T00:00:00,MPC,19.2,15.9,15.9,18.5,19.0,18.7,200700.0,200700.0,0.0,3719090000.0,0.0,103200.0,1912357189.8355756,800.0,14824474.339810662,270.0,797405.0,237.0,419722.0,1.0,41869480.0,0.0,0.0,0.0,1000.0
2026-02-27T00:00:00,MPC,19.5,18.1,18.5,18.8,19.4,18.5,351600.0,351600.0,0.0,6626870000.0,0.0,225600.0,4252053105.8020477,0.0,0.0,255.0,1322258.0,219.0,495569.0,1.0,41475680.0,0.0,0.0,0.0,1000.0
2026-03-02T00:00:00,MPC,19.1,18.0,19.0,18.4,18.3,18.8,192200.0,192200.0,0.0,3545450000.0,0.0,0.0,0.0,14700.0,271166050.9885536,335.0,528931.0,242.0,557156.0,1.0,41709580.0,0.0,0.0,0.0,1000.0
2026-03-03T00:00:00,MPC,18.3,17.6,18.2,17.8,17.9,18.4,236300.0,236300.0,0.0,4206200000.0,0.0,0.0,0.0,0.0,0.0,247.0,369782.0,166.0,457481.0,1.0,41709680.0,0.0,0.0,0.0,1000.0
2026-03-04T00:00:00,MPC,17.9,16.8,17.6,17.2,17.9,17.8,295500.0,295500.0,0.0,5076730000.0,0.0,26500.0,455273587.1404399,5000.0,85900676.81895094,287.0,1069907.0,225.0,406742.0,1.0,41306080.0,0.0,0.0,0.0,1000.0
2026-03-05T00:00:00,MPC,17.8,17.0,17.4,17.2,17.8,17.2,95200.0,95200.0,0.0,1641040000.0,0.0,0.0,0.0,1000.0,17237815.12605042,174.0,498875.0,120.0,310746.0,1.0,41548980.0,0.0,0.0,0.0,1000.0
2026-03-06T00:00:00,MPC,17.4,16.8,17.1,17.0,17.1,17.2,106700.0,106700.0,0.0,1818290000.0,0.0,4000.0,68164573.57075913,0.0,0.0,176.0,278730.0,152.0,274236.0,1.0,41698780.0,0.0,0.0,0.0,1000.0
2026-03-09T00:00:00,MPC,17.0,15.5,17.0,15.9,15.6,17.0,161300.0,161300.0,0.0,2561170000.0,0.0,0.0,0.0,0.0,0.0,203.0,350582.0,170.0,336957.0,1.0,41698980.0,0.0,0.0,0.0,1000.0
2026-03-10T00:00:00,MPC,16.9,16.0,16.7,16.5,16.4,15.9,70900.0,70900.0,0.0,1166820000.0,0.0,0.0,0.0,0.0,0.0,140.0,311831.0,157.0,208939.0,1.0,41689880.0,0.0,0.0,0.0,1000.0
2026-03-11T00:00:00,MPC,16.8,16.3,16.3,16.5,16.7,16.5,100600.0,100600.0,0.0,1664270000.0,0.0,0.0,0.0,75000.0,1240757952.2862823,133.0,526461.0,123.0,259074.0,1.0,41558980.0,0.0,0.0,0.0,1000.0
2026-03-12T00:00:00,MPC,16.6,16.1,16.6,16.4,16.3,16.5,52000.0,52000.0,0.0,853080000.0,0.0,8100.0,132883615.38461539,20000.0,328107692.3076923,145.0,309649.0,132.0,213101.0,1.0,41681880.0,0.0,0.0,0.0,1000.0
2026-03-13T00:00:00,MPC,16.6,16.1,16.1,16.4,16.5,16.4,31000.0,31000.0,0.0,507640000.0,0.0,1700.0,27838322.580645163,0.0,0.0,124.0,97340.0,114.0,239236.0,1.0,41698280.0,0.0,0.0,0.0,1000.0
2026-03-16T00:00:00,MPC,16.6,16.0,16.1,16.1,16.4,16.4,42800.0,42800.0,0.0,690920000.0,0.0,1600.0,25828785.046728972,0.0,0.0,106.0,90584.0,106.0,222537.0,1.0,41771680.0,0.0,0.0,0.0,1000.0
2026-03-17T00:00:00,MPC,16.5,15.8,16.1,16.1,16.1,16.1,53900.0,53900.0,0.0,867550000.0,0.0,300.0,4828664.192949907,0.0,0.0,111.0,122339.0,120.0,279076.0,1.0,41783280.0,0.0,0.0,0.0,1000.0
2026-03-18T00:00:00,MPC,16.4,15.9,16.1,16.0,16.1,16.1,48800.0,48800.0,0.0,781020000.0,0.0,400.0,6401803.278688525,0.0,0.0,121.0,106854.0,120.0,266125.0,1.0,41782880.0,0.0,0.0,0.0,1000.0
2026-03-19T00:00:00,MPC,16.0,15.4,15.9,15.7,15.7,16.0,95300.0,95300.0,0.0,1494390000.0,0.0,0.0,0.0,0.0,0.0,193.0,206131.0,109.0,251127.0,1.0,41782880.0,0.0,0.0,0.0,1000.0
2026-03-20T00:00:00,MPC,15.9,15.5,15.9,15.6,15.7,15.7,21000.0,21000.0,0.0,327690000.0,0.0,1000.0,15604285.714285715,0.0,0.0,105.0,104604.0,76.0,140410.0,1.0,41781880.0,0.0,0.0,0.0,1000.0
2026-03-23T00:00:00,MPC,15.8,15.0,15.4,15.1,15.5,15.6,96800.0,96800.0,0.0,1464950000.0,0.0,4300.0,65075258.26446281,0.0,0.0,115.0,236352.0,107.0,245206.0,1.0,41777580.0,0.0,0.0,0.0,1000.0
2026-03-24T00:00:00,MPC,15.8,15.5,15.8,15.6,15.5,15.1,63100.0,63100.0,0.0,984090000.0,0.0,0.0,0.0,49000.0,764190332.8050714,81.0,394909.0,112.0,183050.0,1.0,41777580.0,0.0,0.0,0.0,1000.0
2026-03-25T00:00:00,MPC,16.0,15.4,15.6,15.6,16.0,15.6,49500.0,49500.0,0.0,774140000.0,0.0,11900.0,186106383.83838382,0.0,0.0,124.0,333758.0,84.0,133921.0,1.0,41555680.0,0.0,0.0,0.0,1000.0
2026-03-26T00:00:00,MPC,16.0,15.3,16.0,15.5,15.9,15.6,36100.0,36100.0,0.0,559860000.0,0.0,1000.0,15508587.257617729,0.0,0.0,107.0,174498.0,124.0,162851.0,1.0,41764680.0,0.0,0.0,0.0,1000.0
2026-03-27T00:00:00,MPC,16.6,15.5,15.6,16.2,16.4,15.5,81200.0,81200.0,0.0,1314130000.0,0.0,300.0,4855160.098522168,1400.0,22657413.79310345,93.0,331878.0,140.0,194234.0,1.0,41683380.0,0.0,0.0,0.0,1000.0
2026-03-30T00:00:00,MPC,16.4,15.8,16.4,15.9,16.2,16.2,20500.0,20500.0,0.0,326900000.0,0.0,1000.0,15946341.463414634,0.0,0.0,99.0,106418.0,118.0,166997.0,1.0,41812680.0,0.0,0.0,0.0,1000.0
2026-03-31T00:00:00,MPC,16.3,15.9,15.9,16.1,16.3,15.9,12700.0,12700.0,0.0,204180000.0,0.0,4600.0,73954960.62992126,0.0,0.0,78.0,131949.0,97.0,177518.0,1.0,41808080.0,0.0,0.0,0.0,1000.0
2026-04-01T00:00:00,MPC,16.4,15.9,16.1,16.0,16.0,16.1,88500.0,88500.0,0.0,1416890000.0,0.0,900.0,14409050.847457627,0.0,0.0,110.0,275481.0,106.0,289262.0,1.0,41808280.0,0.0,0.0,0.0,1000.0
2026-04-02T00:00:00,MPC,15.9,15.7,15.9,15.8,15.8,16.0,34100.0,34100.0,0.0,538640000.0,0.0,0.0,0.0,0.0,0.0,95.0,188783.0,73.0,145897.0,1.0,41808280.0,0.0,0.0,0.0,1000.0
2026-04-03T00:00:00,MPC,16.0,15.6,15.8,15.7,15.8,15.8,41600.0,41600.0,0.0,653190000.0,0.0,0.0,0.0,0.0,0.0,100.0,95105.0,68.0,171421.0,1.0,41808280.0,0.0,0.0,0.0,1000.0
2026-04-06T00:00:00,MPC,15.9,15.6,15.6,15.6,15.7,15.7,10800.0,10800.0,0.0,168890000.0,0.0,0.0,0.0,0.0,0.0,59.0,53670.0,85.0,121808.0,1.0,41808280.0,0.0,0.0,0.0,1000.0
2026-04-07T00:00:00,MPC,15.9,15.7,15.8,15.9,15.9,15.6,23200.0,23200.0,0.0,367750000.0,0.0,200.0,3170258.620689655,0.0,0.0,69.0,88621.0,97.0,131317.0,1.0,41808080.0,0.0,0.0,0.0,1000.0
2026-04-08T00:00:00,MPC,16.4,15.9,16.0,16.1,16.3,15.9,111300.0,111300.0,0.0,1793500000.0,0.0,17500.0,281996855.3459119,0.0,0.0,122.0,429311.0,142.0,240389.0,1.0,41582580.0,0.0,0.0,0.0,1000.0
2026-04-09T00:00:00,MPC,16.2,15.9,16.1,16.0,16.2,16.1,40400.0,40400.0,0.0,648090000.0,0.0,0.0,0.0,0.0,0.0,118.0,132733.0,87.0,174664.0,1.0,41790580.0,0.0,0.0,0.0,1000.0
2026-04-10T00:00:00,MPC,16.2,15.8,15.8,16.0,16.0,16.0,12100.0,12100.0,0.0,193530000.0,0.0,4900.0,78371652.89256199,0.0,0.0,77.0,118999.0,70.0,160444.0,1.0,41785680.0,0.0,0.0,0.0,1000.0
2026-04-13T00:00:00,MPC,16.0,15.8,15.8,15.8,16.0,16.0,7200.0,7200.0,0.0,114070000.0,0.0,200.0,3168611.111111111,0.0,0.0,71.0,85722.0,68.0,114606.0,1.0,41785480.0,0.0,0.0,0.0,1000.0
2026-04-14T00:00:00,MPC,16.1,15.8,15.9,15.8,16.1,15.8,116300.0,116300.0,0.0,1842720000.0,0.0,26200.0,415126947.5494411,0.0,0.0,105.0,278209.0,89.0,251385.0,1.0,41639280.0,0.0,0.0,0.0,1000.0
2026-04-15T00:00:00,MPC,16.1,15.8,16.1,15.8,15.9,15.8,74900.0,74900.0,0.0,1186240000.0,0.0,27900.0,441870440.5874499,0.0,0.0,140.0,271721.0,90.0,196719.0,1.0,41731380.0,0.0,0.0,0.0,1000.0
2026-04-16T00:00:00,MPC,16.3,15.7,15.9,16.1,16.2,15.8,47300.0,47300.0,0.0,762320000.0,0.0,5500.0,88641860.46511628,0.0,0.0,91.0,218293.0,122.0,170376.0,1.0,41725880.0,0.0,0.0,0.0,1000.0
2026-04-17T00:00:00,MPC,16.2,16.0,16.2,16.1,16.2,16.1,16000.0,16000.0,0.0,257170000.0,0.0,5600.0,90009500.0,0.0,0.0,69.0,83030.0,82.0,163487.0,1.0,41720280.0,0.0,0.0,0.0,1000.0
2026-04-20T00:00:00,MPC,16.3,16.0,16.0,16.1,16.1,16.1,14600.0,14600.0,0.0,235250000.0,0.0,5000.0,80565068.49315068,0.0,0.0,79.0,158512.0,79.0,160712.0,1.0,41715280.0,0.0,0.0,0.0,1000.0
2026-04-21T00:00:00,MPC,16.5,16.0,16.0,16.2,16.3,16.1,62200.0,62200.0,0.0,1007690000.0,0.0,12400.0,200889967.84565917,600.0,9720482.31511254,86.0,153320.0,115.0,192889.0,1.0,41702880.0,0.0,0.0,0.0,1000.0
2026-04-22T00:00:00,MPC,16.5,16.0,16.0,16.2,16.2,16.2,98900.0,98900.0,0.0,1604720000.0,0.0,600.0,9735409.504550051,0.0,0.0,90.0,156734.0,139.0,256575.0,1.0,41702880.0,0.0,0.0,0.0,1000.0
2026-04-23T00:00:00,MPC,16.2,15.6,16.0,15.9,16.2,16.2,104600.0,104600.0,0.0,1658810000.0,0.0,3900.0,61848556.405353725,0.0,0.0,125.0,165054.0,85.0,202069.0,1.0,41698980.0,0.0,0.0,0.0,1000.0
2026-04-24T00:00:00,MPC,16.4,15.7,15.7,16.2,16.2,15.9,20500.0,20500.0,0.0,332280000.0,0.0,17400.0,282032780.4878049,0.0,0.0,78.0,69357.0,115.0,106909.0,1.0,41681580.0,0.0,0.0,0.0,1000.0
2026-04-28T00:00:00,MPC,16.5,15.8,16.2,15.9,16.1,16.2,64500.0,64500.0,0.0,1025690000.0,0.0,8400.0,133578232.55813953,0.0,0.0,94.0,111260.0,99.0,254822.0,1.0,41673180.0,0.0,0.0,0.0,1000.0
2026-04-29T00:00:00,MPC,16.1,15.9,16.1,16.0,16.1,15.9,6500.0,6500.0,0.0,103920000.0,0.0,4500.0,71944615.38461539,0.0,0.0,33.0,18963.0,91.0,154638.0,1.0,41668680.0,0.0,0.0,0.0,1000.0
2026-05-04T00:00:00,MPC,16.2,15.7,15.9,15.8,15.9,16.0,105300.0,105300.0,0.0,1661530000.0,0.0,70300.0,1109264567.9012346,0.0,0.0,89.0,194613.0,94.0,221726.0,1.0,41545780.0,0.0,0.0,0.0,1000.0
2026-05-05T00:00:00,MPC,16.0,15.7,15.9,15.7,16.0,15.8,38800.0,38800.0,0.0,610610000.0,0.0,15700.0,247076726.8041237,0.0,0.0,113.0,256925.0,86.0,143461.0,1.0,41582680.0,0.0,0.0,0.0,1000.0
2026-05-06T00:00:00,MPC,16.0,15.7,16.0,15.8,15.9,15.7,10700.0,10700.0,0.0,168720000.0,0.0,0.0,0.0,0.0,0.0,67.0,62024.0,77.0,134641.0,1.0,41582680.0,0.0,0.0,0.0,1000.0
2026-05-07T00:00:00,MPC,16.0,15.7,16.0,15.8,16.0,15.8,36100.0,36100.0,0.0,569250000.0,0.0,20600.0,324835180.0554017,0.0,0.0,72.0,82254.0,94.0,146590.0,1.0,41562080.0,0.0,0.0,0.0,1000.0
2026-05-08T00:00:00,MPC,16.0,15.8,15.8,15.8,15.9,15.8,17000.0,17000.0,0.0,269360000.0,0.0,200.0,3168941.1764705884,0.0,0.0,56.0,45888.0,75.0,101260.0,1.0,41561880.0,0.0,0.0,0.0,1000.0
2026-05-11T00:00:00,MPC,16.2,15.8,16.0,16.0,16.2,15.8,374600.0,374600.0,0.0,5988020000.0,0.0,218100.0,3486351206.620395,0.0,0.0,163.0,768428.0,154.0,509969.0,1.0,41253080.0,0.0,0.0,0.0,1000.0
2026-05-12T00:00:00,MPC,16.6,16.2,16.2,16.5,16.4,16.0,79800.0,79800.0,0.0,1313220000.0,0.0,15500.0,255074060.15037593,0.0,0.0,170.0,500274.0,156.0,267676.0,1.0,41257580.0,0.0,0.0,0.0,1000.0
2026-05-13T00:00:00,MPC,16.6,16.1,16.4,16.2,16.1,16.5,23800.0,23800.0,0.0,386500000.0,0.0,100.0,1623949.5798319327,0.0,0.0,91.0,201620.0,103.0,121790.0,1.0,41328180.0,0.0,0.0,0.0,1000.0
2026-05-14T00:00:00,MPC,16.4,16.1,16.4,16.1,16.2,16.2,16000.0,16000.0,0.0,258210000.0,0.0,300.0,4841437.5,0.0,0.0,82.0,41941.0,85.0,181082.0,1.0,41327880.0,0.0,0.0,0.0,1000.0
2026-05-15T00:00:00,MPC,16.1,15.8,16.1,15.9,16.1,16.1,32800.0,32800.0,0.0,520600000.0,0.0,3500.0,55551829.26829268,0.0,0.0,126.0,90944.0,85.0,118107.0,1.0,41324380.0,0.0,0.0,0.0,1000.0
2026-05-18T00:00:00,MPC,15.9,15.7,15.8,15.7,15.9,15.9,38800.0,38800.0,0.0,610610000.0,0.0,0.0,0.0,0.0,0.0,103.0,130201.0,72.0,80779.0,1.0,41324380.0,0.0,0.0,0.0,1000.0
2026-05-19T00:00:00,MPC,16.1,15.8,15.8,15.9,16.0,15.7,32100.0,32100.0,0.0,510990000.0,0.0,0.0,0.0,0.0,0.0,90.0,307743.0,85.0,118145.0,1.0,41124380.0,0.0,0.0,0.0,1000.0
2026-05-20T00:00:00,MPC,16.0,15.7,15.8,15.7,15.9,15.9,19600.0,19600.0,0.0,308550000.0,0.0,0.0,0.0,0.0,0.0,56.0,236196.0,88.0,110256.0,1.0,41324380.0,0.0,0.0,0.0,1000.0
2026-05-21T00:00:00,MPC,16.0,15.7,15.7,15.7,15.9,15.7,4000.0,4000.0,0.0,62910000.0,0.0,0.0,0.0,0.0,0.0,56.0,230778.0,86.0,101015.0,1.0,41124180.0,0.0,0.0,0.0,1000.0
2026-05-22T00:00:00,MPC,15.9,15.7,15.9,15.7,15.8,15.7,15900.0,15900.0,0.0,250330000.0,0.0,0.0,0.0,0.0,0.0,60.0,56796.0,72.0,169883.0,1.0,41324280.0,0.0,0.0,0.0,1000.0
2026-05-25T00:00:00,MPC,16.0,15.7,15.7,15.8,15.9,15.7,13400.0,13400.0,0.0,212320000.0,0.0,0.0,0.0,0.0,0.0,61.0,249090.0,72.0,102898.0,1.0,41124380.0,0.0,0.0,0.0,1000.0
2026-05-26T00:00:00,MPC,16.0,15.6,15.9,15.7,15.9,15.8,9900.0,9900.0,0.0,155580000.0,0.0,0.0,0.0,0.0,0.0,75.0,257361.0,77.0,108065.0,1.0,41124380.0,0.0,0.0,0.0,1000.0
2026-05-27T00:00:00,MPC,16.0,15.7,15.8,15.8,15.7,15.7,34800.0,34800.0,0.0,551060000.0,0.0,0.0,0.0,100.0,1583505.7471264368,82.0,317707.0,98.0,194393.0,1.0,41124380.0,0.0,0.0,0.0,1000.0
2026-05-28T00:00:00,MPC,16.0,15.7,15.8,15.8,16.0,15.8,42600.0,42600.0,0.0,673500000.0,0.0,0.0,0.0,0.0,0.0,67.0,269171.0,78.0,108361.0,1.0,41324380.0,0.0,0.0,0.0,1000.0
2026-05-29T00:00:00,MPC,16.1,15.6,15.7,15.8,16.1,15.8,94700.0,94700.0,0.0,1496860000.0,0.0,48600.0,768187919.7465681,0.0,0.0,84.0,113624.0,95.0,163712.0,1.0,41275680.0,0.0,0.0,0.0,1000.0
2026-06-01T00:00:00,MPC,16.1,15.5,15.8,15.6,15.8,15.8,53200.0,53200.0,0.0,831720000.0,0.0,0.0,0.0,0.0,0.0,84.0,89263.0,99.0,129897.0,1.0,41275880.0,0.0,0.0,0.0,1000.0
2026-06-02T00:00:00,MPC,15.8,15.5,15.8,15.6,15.6,15.6,7800.0,7800.0,0.0,121790000.0,0.0,0.0,0.0,0.0,0.0,66.0,29310.0,89.0,113332.0,1.0,41275880.0,0.0,0.0,0.0,1000.0
2026-06-03T00:00:00,MPC,15.8,15.5,15.5,15.6,15.8,15.6,9700.0,9700.0,0.0,151670000.0,0.0,0.0,0.0,0.0,0.0,41.0,36835.0,74.0,72159.0,1.0,41275880.0,0.0,0.0,0.0,1000.0
2026-06-04T00:00:00,MPC,15.8,15.6,15.6,15.6,15.8,15.6,5700.0,5700.0,0.0,89050000.0,0.0,0.0,0.0,0.0,0.0,52.0,33528.0,86.0,76956.0,1.0,41275880.0,0.0,0.0,0.0,1000.0
2026-06-05T00:00:00,MPC,15.8,15.6,15.6,15.7,15.8,15.6,10200.0,10200.0,0.0,159940000.0,0.0,1400.0,21952549.019607842,0.0,0.0,40.0,37612.0,90.0,74321.0,1.0,41274480.0,0.0,0.0,0.0,1000.0
2026-06-08T00:00:00,MPC,15.8,15.5,15.8,15.6,15.7,15.7,4800.0,4800.0,0.0,75030000.0,0.0,0.0,0.0,0.0,0.0,37.0,17725.0,74.0,62743.0,1.0,41274480.0,0.0,0.0,0.0,1000.0
2026-06-09T00:00:00,MPC,15.9,15.6,15.9,15.7,15.7,15.6,2500.0,2500.0,0.0,39260000.0,0.0,0.0,0.0,0.0,0.0,33.0,16431.0,82.0,66265.0,1.0,41274480.0,0.0,0.0,0.0,1000.0
2026-06-10T00:00:00,MPC,15.8,15.6,15.7,15.6,15.8,15.7,5900.0,5900.0,0.0,92110000.0,0.0,100.0,1561186.440677966,0.0,0.0,46.0,35205.0,68.0,95171.0,1.0,41274380.0,0.0,0.0,0.0,1000.0
2026-06-11T00:00:00,MPC,15.9,15.6,15.8,15.7,15.8,15.6,5100.0,5100.0,0.0,80210000.0,0.0,0.0,0.0,0.0,0.0,38.0,22793.0,73.0,62898.0,1.0,41274380.0,0.0,0.0,0.0,1000.0
2026-06-12T00:00:00,MPC,15.9,15.6,15.7,15.8,15.9,15.7,3900.0,3900.0,0.0,61450000.0,0.0,2600.0,40966666.666666664,0.0,0.0,31.0,24287.0,70.0,86333.0,1.0,41271780.0,0.0,0.0,0.0,1000.0
2026-06-15T00:00:00,MPC,15.9,15.8,15.9,15.8,15.9,15.8,5500.0,5500.0,0.0,86930000.0,0.0,0.0,0.0,0.0,0.0,40.0,22857.0,67.0,97614.0,1.0,41271780.0,0.0,0.0,0.0,1000.0
2026-06-16T00:00:00,MPC,16.0,15.7,15.9,15.8,15.9,15.8,6400.0,6400.0,0.0,101310000.0,0.0,0.0,0.0,0.0,0.0,43.0,25350.0,74.0,71157.0,1.0,41271780.0,0.0,0.0,0.0,1000.0
2026-06-17T00:00:00,MPC,15.9,15.8,15.8,15.8,15.9,15.8,4900.0,4900.0,0.0,77460000.0,0.0,0.0,0.0,0.0,0.0,31.0,22089.0,67.0,70432.0,1.0,41271780.0,0.0,0.0,0.0,1000.0
2026-06-18T00:00:00,MPC,15.9,15.7,15.8,15.8,15.9,15.8,17800.0,17800.0,0.0,280980000.0,0.0,0.0,0.0,0.0,0.0,60.0,36859.0,76.0,105197.0,1.0,41271780.0,0.0,0.0,0.0,1000.0
2026-06-19T00:00:00,MPC,15.9,15.7,15.8,15.8,15.8,15.8,6800.0,6800.0,0.0,107130000.0,0.0,0.0,0.0,0.0,0.0,54.0,38166.0,134.0,55709.0,1.0,41271780.0,0.0,0.0,0.0,1000.0
2026-06-22T00:00:00,MPC,15.9,15.6,15.9,15.7,15.9,15.8,27300.0,27300.0,0.0,429200000.0,0.0,2200.0,34587545.787545785,0.0,0.0,57.0,65689.0,62.0,81606.0,1.0,41269580.0,0.0,0.0,0.0,1000.0
2026-06-23T00:00:00,MPC,15.9,15.7,15.8,15.824,15.9,15.7,2500.0,2500.0,0.0,39560000.0,0.0,0.0,0.0,0.0,0.0,0.0,15700.0,0.0,100500.0,1.0,41269580.0,0.0,0.0,0.0,1000.0
2026-06-24T00:00:00,MPC,15.8,15.7,15.8,15.7,15.8,15.8,3400.0,3400.0,0.0,53520000.0,0.0,0.0,0.0,0.0,0.0,35.0,21040.0,73.0,98958.0,1.0,41269580.0,0.0,0.0,0.0,1000.0
2026-06-25T00:00:00,MPC,15.9,15.6,15.7,15.7,15.9,15.7,12900.0,12900.0,0.0,202810000.0,0.0,0.0,0.0,0.0,0.0,44.0,31071.0,80.0,125901.0,1.0,41269580.0,0.0,0.0,0.0,1000.0
2026-06-26T00:00:00,MPC,15.9,15.7,15.8,15.723529411764707,15.9,15.7,5100.0,5100.0,0.0,80190000.0,0.0,0.0,0.0,0.0,0.0,0.0,21300.0,0.0,46400.0,1.0,41269580.0,0.0,0.0,0.0,1000.0
2026-06-29T00:00:00,MPC,16.0,15.5,15.7,15.7,16.0,15.7,13800.0,13800.0,0.0,216240000.0,0.0,4200.0,65812173.91304348,0.0,0.0,47.0,28747.0,65.0,78780.0,1.0,41265380.0,0.0,0.0,0.0,1000.0
2026-06-30T00:00:00,MPC,16.0,15.7,16.0,15.9,16.0,15.7,6000.0,6000.0,0.0,95380000.0,0.0,3500.0,55638333.333333336,0.0,0.0,33.0,28492.0,95.0,87261.0,1.0,41261880.0,0.0,0.0,0.0,1000.0
2026-07-01T00:00:00,MPC,15.8,15.7,15.7,15.7,15.7,15.9,4000.0,4000.0,0.0,62900000.0,0.0,0.0,0.0,0.0,0.0,43.0,26402.0,72.0,77241.0,1.0,41261880.0,0.0,0.0,0.0,1000.0
2026-07-02T00:00:00,MPC,15.9,15.5,15.6,15.5,15.9,15.7,20500.0,20500.0,0.0,318720000.0,0.0,0.0,0.0,0.0,0.0,61.0,40874.0,59.0,78307.0,1.0,41261880.0,0.0,0.0,0.0,1000.0
2026-07-03T00:00:00,MPC,15.8,15.5,15.5,15.6,15.6,15.5,500.0,500.0,0.0,7800000.0,0.0,0.0,0.0,0.0,0.0,32.0,27764.0,56.0,42170.0,1.0,41261880.0,0.0,0.0,0.0,1000.0
2026-07-06T00:00:00,MPC,15.7,15.5,15.6,15.6,15.6,15.6,12600.0,12600.0,0.0,196470000.0,0.0,500.0,7796428.571428572,0.0,0.0,49.0,21715.0,79.0,82275.0,1.0,41261380.0,0.0,0.0,0.0,1000.0
2026-07-07T00:00:00,MPC,15.7,15.4,15.4,15.4,15.6,15.6,6900.0,6900.0,0.0,106430000.0,0.0,0.0,0.0,100.0,1542463.7681159421,57.0,27974.0,58.0,57322.0,1.0,41261380.0,0.0,0.0,0.0,1000.0
2026-07-08T00:00:00,MPC,15.7,15.4,15.5,15.5,15.4,15.4,2200.0,2200.0,0.0,34030000.0,0.0,200.0,3093636.3636363638,0.0,0.0,44.0,17239.0,64.0,103022.0,1.0,41261180.0,0.0,0.0,0.0,1000.0
2026-07-09T00:00:00,MPC,15.7,15.6,15.6,15.6,15.7,15.5,600.0,600.0,0.0,9380000.0,0.0,100.0,1563333.3333333333,30.0,469000.0,37.0,18356.0,65.0,59847.0,1.0,41261080.0,0.0,0.0,0.0,1000.0
2026-07-10T00:00:00,MPC,15.8,15.5,15.5,15.6,15.8,15.6,5700.0,5700.0,0.0,88710000.0,0.0,2000.0,31126315.789473683,0.0,0.0,37.0,19292.0,54.0,63130.0,1.0,41259210.0,0.0,0.0,0.0,1000.0
2026-07-13T00:00:00,MPC,15.6,15.2,15.5,15.4,15.6,15.6,19700.0,19700.0,0.0,302820000.0,0.0,0.0,0.0,0.0,0.0,63.0,34006.0,76.0,66918.0,1.0,41259210.0,0.0,0.0,0.0,1000.0
2026-07-14T00:00:00,MPC,15.7,15.2,15.6,15.4,15.6,15.4,11700.0,11700.0,0.0,180400000.0,0.0,0.0,0.0,0.0,0.0,47.0,22826.0,64.0,60607.0,1.0,41259210.0,0.0,0.0,0.0,1000.0
2026-07-15T00:00:00,MPC,15.6,15.2,15.4,15.2,15.2,15.4,5000.0,5000.0,0.0,76230000.0,0.0,0.0,0.0,0.0,0.0,41.0,21641.0,73.0,66897.0,1.0,41259210.0,0.0,0.0,0.0,1000.0
2026-07-16T00:00:00,MPC,15.4,15.1,15.4,15.2,15.2,15.2,30300.0,30300.0,0.0,460760000.0,0.0,0.0,0.0,15200.0,231140330.0330033,49.0,38812.0,69.0,76993.0,1.0,41259210.0,0.0,0.0,0.0,1000.0
2026-07-17T00:00:00,MPC,15.7,15.0,15.2,15.2,15.7,15.2,15400.0,15400.0,0.0,234820000.0,0.0,8000.0,121984415.58441558,400.0,6099220.779220779,46.0,35923.0,61.0,97777.0,1.0,41251210.0,0.0,0.0,0.0,1000.0
2026-07-20T00:00:00,MPC,15.5,15.0,15.5,15.1,15.1,15.2,13900.0,13900.0,0.0,209460000.0,0.0,0.0,0.0,0.0,0.0,48.0,19798.0,87.0,100840.0,1.0,41251610.0,0.0,0.0,0.0,1000.0
2026-07-21T00:00:00,MPC,15.1,14.9,15.0,15.0,15.1,15.1,9600.0,9600.0,0.0,143920000.0,0.0,0.0,0.0,100.0,1499166.6666666667,52.0,32755.0,73.0,557676.0,1.0,41266810.0,0.0,0.0,0.0,1000.0
2026-07-22T00:00:00,MPC,15.1,13.0,15.0,14.6,14.9,15.0,14700.0,14700.0,0.0,214500000.0,0.0,0.0,0.0,1800.0,26265306.12244898,72.0,44532.0,73.0,68342.0,1.0,41266810.0,0.0,0.0,0.0,1000.0
2026-07-23T00:00:00,MPC,15.5,14.8,15.5,14.9,15.0,14.6,3900.0,3900.0,0.0,58250000.0,0.0,0.0,0.0,0.0,0.0,43.0,20135.0,91.0,84398.0,1.0,41266810.0,0.0,0.0,0.0,1000.0
2026-07-24T00:00:00,MPC,15.1,15.0,15.1,15.1,15.0,14.9,200.0,200.0,0.0,3010000.0,0.0,0.0,0.0,0.0,0.0,30.0,10949.0,66.0,171335.0,1.0,41266910.0,0.0,0.0,0.0,1000.0
2026-07-27T00:00:00,MPC,15.1,14.1,15.0,14.9,15.1,15.1,3800.0,3800.0,0.0,56500000.0,0.0,0.0,0.0,0.0,0.0,56.0,21179.0,64.0,52997.0,1.0,41268710.0,0.0,0.0,0.0,1000.0
2026-07-28T00:00:00,MPC,15.1,14.5,14.9,14.9,14.9,14.9,500.0,500.0,0.0,7430000.0,0.0,0.0,0.0,0.0,0.0,29.0,5970.0,68.0,53298.0,1.0,41268710.0,0.0,0.0,0.0,1000.0
2026-07-29T00:00:00,MPC,15.1,14.9,15.1,15.0,14.9,14.9,3200.0,3200.0,0.0,48050000.0,0.0,0.0,0.0,0.0,0.0,38.0,15084.0,74.0,75773.0,1.0,41268710.0,0.0,0.0,0.0,1000.0
2026-07-30T00:00:00,MPC,15.2,14.9,14.9,15.0,15.2,15.0,6600.0,6600.0,0.0,98860000.0,0.0,0.0,0.0,0.0,0.0,54.0,17845.0,57.0,60254.0,1.0,41268710.0,0.0,0.0,0.0,1000.0
2026-07-31T00:00:00,MPC,15.0,14.7,15.0,14.9,14.8,15.0,20800.0,20800.0,0.0,310440000.0,0.0,0.0,0.0,5000.0,74625000.0,56.0,32769.0,71.0,149222.0,1.0,41268710.0,0.0,0.0,0.0,1000.0
2026-08-03T00:00:00,MPC,15.2,14.7,14.9,15.0,15.1,14.9,56800.0,56800.0,0.0,851510000.0,0.0,0.0,0.0,5500.0,82452552.81690142,51.0,70628.0,59.0,119413.0,1.0,41268710.0,0.0,0.0,0.0,1000.0
2026-08-04T00:00:00,MPC,15.1,14.9,15.1,15.0,15.0,15.0,2100.0,2100.0,0.0,31580000.0,0.0,0.0,0.0,0.0,0.0,36.0,13240.0,60.0,111315.0,1.0,41268710.0,0.0,0.0,0.0,1000.0
2026-08-05T00:00:00,MPC,15.1,14.9,15.0,15.0,15.1,15.0,17800.0,17800.0,0.0,267570000.0,0.0,0.0,0.0,0.0,0.0,61.0,45181.0,58.0,123001.0,1.0,41273710.0,0.0,0.0,0.0,1000.0
2026-08-06T00:00:00,MPC,15.1,14.9,14.9,14.9,15.0,15.0,4700.0,4700.0,0.0,70170000.0,0.0,0.0,0.0,0.0,0.0,40.0,25312.0,59.0,109034.0,1.0,41279210.0,0.0,0.0,0.0,1000.0
2026-08-07T00:00:00,MPC,15.0,14.7,14.8,14.8,14.9,14.9,11700.0,11700.0,0.0,173310000.0,0.0,0.0,0.0,0.0,0.0,72.0,31835.0,58.0,117834.0,1.0,41279210.0,0.0,0.0,0.0,1000.0
2026-08-10T00:00:00,MPC,15.0,15.0,15.0,15.0,15.0,14.8,900.0,900.0,0.0,13500000.0,0.0,0.0,0.0,0.0,0.0,26.0,13165.0,60.0,50315.0,1.0,41279210.0,0.0,0.0,0.0,1000.0
2026-08-11T00:00:00,MPC,15.1,14.7,15.0,14.7,14.8,15.0,13800.0,13800.0,0.0,203480000.0,0.0,0.0,0.0,0.0,0.0,65.0,33485.0,64.0,69501.0,1.0,41279210.0,0.0,0.0,0.0,1000.0
2026-08-12T00:00:00,MPC,15.0,14.6,14.7,14.7,14.8,14.7,13700.0,13700.0,0.0,201690000.0,0.0,0.0,0.0,0.0,0.0,65.0,29840.0,81.0,123195.0,1.0,41279210.0,0.0,0.0,0.0,1000.0
2026-08-13T00:00:00,MPC,14.8,14.7,14.8,14.7,14.7,14.7,3000.0,3000.0,0.0,44240000.0,0.0,0.0,0.0,0.0,0.0,43.0,23362.0,55.0,58393.0,1.0,41279210.0,0.0,0.0,0.0,1000.0
2026-08-14T00:00:00,MPC,14.9,14.6,14.9,14.6,14.6,14.7,3200.0,3200.0,0.0,46860000.0,0.0,0.0,0.0,0.0,0.0,26.0,11372.0,54.0,61829.0,1.0,41279210.0,0.0,0.0,0.0,1000.0
2026-08-17T00:00:00,MPC,14.8,14.5,14.6,14.6,14.8,14.6,9100.0,9100.0,0.0,132760000.0,0.0,0.0,0.0,0.0,0.0,57.0,25216.0,52.0,64163.0,1.0,41279110.0,0.0,0.0,0.0,1000.0
2026-08-18T00:00:00,MPC,14.8,14.4,14.8,14.5,14.6,14.6,12800.0,12800.0,0.0,186060000.0,0.0,0.0,0.0,0.0,0.0,62.0,31636.0,63.0,73277.0,1.0,41279210.0,0.0,0.0,0.0,1000.0
2026-08-19T00:00:00,MPC,14.7,14.4,14.5,14.7,14.7,14.5,3600.0,3600.0,0.0,52840000.0,0.0,0.0,0.0,0.0,0.0,53.0,15853.0,62.0,54472.0,1.0,41279210.0,0.0,0.0,0.0,1000.0
2026-08-20T00:00:00,MPC,14.8,14.7,14.7,14.7,14.8,14.7,2200.0,2200.0,0.0,32350000.0,0.0,0.0,0.0,0.0,0.0,30.0,11720.0,56.0,53364.0,1.0,41279210.0,0.0,0.0,0.0,1000.0
2026-08-21T00:00:00,MPC,15.1,14.6,14.8,14.9,15.1,14.7,19200.0,19200.0,0.0,285890000.0,0.0,16100.0,239730677.08333334,0.0,0.0,86.0,49957.0,72.0,66919.0,1.0,41263010.0,0.0,0.0,0.0,1000.0
2026-08-24T00:00:00,MPC,15.1,14.8,14.8,15.0,15.0,14.9,2100.0,2100.0,0.0,31580000.0,0.0,0.0,0.0,0.0,0.0,33.0,19018.0,70.0,56080.0,1.0,41263110.0,0.0,0.0,0.0,1000.0
2026-08-25T00:00:00,MPC,15.1,14.9,15.0,15.0,15.0,15.0,3500.0,3500.0,0.0,52340000.0,0.0,0.0,0.0,0.0,0.0,48.0,24293.0,81.0,67151.0,1.0,41263110.0,0.0,0.0,0.0,1000.0
2026-08-26T00:00:00,MPC,15.1,14.8,15.1,14.8,15.0,15.0,6900.0,6900.0,0.0,102330000.0,0.0,100.0,1483043.4782608696,0.0,0.0,54.0,15213.0,73.0,98969.0,1.0,41263010.0,0.0,0.0,0.0,1000.0
2026-08-27T00:00:00,MPC,15.0,14.6,14.8,14.6,14.8,14.8,12000.0,12000.0,0.0,175640000.0,0.0,0.0,0.0,0.0,0.0,66.0,30941.0,61.0,103596.0,1.0,41263010.0,0.0,0.0,0.0,1000.0
2026-08-28T00:00:00,MPC,14.8,14.5,14.6,14.6,14.8,14.6,34700.0,34700.0,0.0,506170000.0,0.0,0.0,0.0,0.0,0.0,69.0,75516.0,70.0,128896.0,1.0,41263010.0,0.0,0.0,0.0,1000.0
2026-09-03T00:00:00,MPC,14.6,14.2,14.5,14.4,14.5,14.6,17500.0,17500.0,0.0,251220000.0,0.0,0.0,0.0,0.0,0.0,90.0,41524.0,55.0,65578.0,1.0,41263010.0,0.0,0.0,0.0,1000.0
2026-09-04T00:00:00,MPC,14.7,14.3,14.4,14.4,14.6,14.4,5700.0,5700.0,0.0,82060000.0,0.0,0.0,0.0,100.0,1439649.1228070175,59.0,26460.0,69.0,142359.0,1.0,41263010.0,0.0,0.0,0.0,1000.0
2026-09-07T00:00:00,MPC,14.4,14.1,14.3,14.2,14.3,14.4,18400.0,18400.0,0.0,261960000.0,0.0,0.0,0.0,0.0,0.0,64.0,27042.0,75.0,90898.0,1.0,41263010.0,0.0,0.0,0.0,1000.0
2026-09-08T00:00:00,MPC,14.2,13.9,14.0,14.0,14.1,14.2,37200.0,37200.0,0.0,521240000.0,0.0,0.0,0.0,0.0,0.0,93.0,56832.0,63.0,125108.0,1.0,41263010.0,0.0,0.0,0.0,1000.0
2026-09-09T00:00:00,MPC,14.2,13.8,14.0,13.9,13.8,14.0,22000.0,22000.0,0.0,306710000.0,0.0,1000.0,13941363.636363637,0.0,0.0,81.0,35288.0,66.0,90222.0,1.0,41262110.0,0.0,0.0,0.0,1000.0
2026-09-10T00:00:00,MPC,14.1,13.6,13.8,13.7,14.1,13.9,7100.0,7100.0,0.0,97190000.0,0.0,0.0,0.0,0.0,0.0,49.0,26534.0,48.0,66219.0,1.0,41262110.0,0.0,0.0,0.0,1000.0
2026-09-11T00:00:00,MPC,13.9,13.9,13.9,13.9,13.9,13.7,100.0,100.0,0.0,1390000.0,0.0,0.0,0.0,0.0,0.0,35.0,7024.0,41.0,46146.0,1.0,41262110.0,0.0,0.0,0.0,1000.0
2026-09-14T00:00:00,MPC,14.0,13.8,14.0,13.9,13.9,13.9,600.0,600.0,0.0,8320000.0,0.0,0.0,0.0,0.0,0.0,23.0,9682.0,43.0,48737.0,1.0,41262110.0,0.0,0.0,0.0,1000.0
2026-09-15T00:00:00,MPC,14.0,13.9,13.9,13.9,14.0,13.9,9900.0,9900.0,0.0,138090000.0,0.0,4100.0,57188787.878787875,0.0,0.0,29.0,60842.0,54.0,72624.0,1.0,41212110.0,0.0,0.0,0.0,1000.0
2026-09-16T00:00:00,MPC,14.0,14.0,14.0,14.0,14.0,13.9,700.0,700.0,0.0,9800000.0,0.0,0.0,0.0,0.0,0.0,30.0,33705.0,50.0,90569.0,1.0,41233010.0,0.0,0.0,0.0,1000.0
2026-09-17T00:00:00,MPC,14.0,13.9,13.9,13.9,14.0,14.0,54200.0,54200.0,0.0,753500000.0,0.0,50000.0,695110701.1070111,0.0,0.0,47.0,67535.0,48.0,103918.0,1.0,41208010.0,0.0,0.0,0.0,1000.0
2026-09-18T00:00:00,MPC,14.0,13.8,13.9,13.8,13.9,13.9,7400.0,7400.0,0.0,102390000.0,0.0,2000.0,27672972.972972974,0.0,0.0,47.0,15491.0,48.0,67923.0,1.0,41205910.0,0.0,0.0,0.0,1000.0
2026-09-21T00:00:00,MPC,13.9,13.9,13.9,13.9,13.9,13.8,1400.0,1400.0,0.0,19460000.0,0.0,0.0,0.0,0.0,0.0,37.0,9098.0,62.0,79350.0,1.0,41206010.0,0.0,0.0,0.0,1000.0
2026-09-22T00:00:00,MPC,14.0,13.8,14.0,13.9,13.9,13.9,3400.0,3400.0,0.0,47270000.0,0.0,0.0,0.0,0.0,0.0,45.0,14116.0,62.0,64827.0,1.0,41206010.0,0.0,0.0,0.0,1000.0
2026-09-23T00:00:00,MPC,14.0,13.8,14.0,13.814705882352941,13.8,13.9,3400.0,3400.0,0.0,46970000.0,0.0,3100.0,42825588.23529412,0.0,0.0,0.0,10600.0,0.0,52600.0,1.0,41200910.0,,,,1000.0
