date,symbol,priceHigh,priceLow,priceOpen,priceAverage,priceClose,priceBasic,totalVolume,dealVolume,putthroughVolume,totalValue,putthroughValue,buyForeignQuantity,buyForeignValue,sellForeignQuantity,sellForeignValue,buyCount,buyQuantity,sellCount,sellQuantity,adjRatio,currentForeignRoom,propTradingNetDealValue,propTradingNetPTValue,propTradingNetValue,unit
2007-10-04T00:00:00,TSC,48.0,48.0,48.0,48.0,48.0,0.0,9890.0,9890.0,0.0,474720000.0,0.0,0.0,0.0,0.0,0.0,2608.0,9729530.0,4.0,9890.0,4.750063438678572,4073328.0,,,,1000.0
2007-10-05T00:00:00,TSC,50.0,50.0,50.0,50.0,50.0,48.0,3210.0,3210.0,0.0,160500000.0,0.0,0.0,0.0,0.0,0.0,3315.0,12590120.0,6.0,4010.0,4.750063438678572,4073328.0,,,,1000.0
2007-10-08T00:00:00,TSC,52.5,52.5,52.5,52.5,52.5,50.0,1000.0,1000.0,0.0,52500000.0,0.0,0.0,0.0,0.0,0.0,1662.0,4284160.0,4.0,6000.0,4.750063438678572,4073328.0,,,,1000.0
2007-10-09T00:00:00,TSC,55.0,55.0,55.0,55.0,55.0,52.5,410.0,410.0,0.0,22550000.0,0.0,0.0,0.0,0.0,0.0,843.0,2015330.0,2.0,410.0,4.750063438678572,4073328.0,,,,1000.0
2007-10-10T00:00:00,TSC,57.5,57.5,57.5,57.5,57.5,55.0,1010.0,1010.0,0.0,58075000.0,0.0,0.0,0.0,0.0,0.0,456.0,1227300.0,2.0,1010.0,4.750063438678572,4073328.0,,,,1000.0
2007-10-11T00:00:00,TSC,60.0,60.0,60.0,60.0,60.0,57.5,2810.0,2810.0,0.0,168600000.0,0.0,0.0,0.0,0.0,0.0,288.0,745550.0,4.0,2810.0,4.750063438678572,4073328.0,,,,1000.0
2007-10-12T00:00:00,TSC,63.0,63.0,63.0,63.0,63.0,60.0,810.0,810.0,0.0,51030000.0,0.0,0.0,0.0,0.0,0.0,315.0,846810.0,1.0,810.0,4.750063438678572,4073328.0,,,,1000.0
2007-10-15T00:00:00,TSC,66.0,66.0,66.0,66.0,66.0,63.0,1000.0,1000.0,0.0,66000000.0,0.0,0.0,0.0,0.0,0.0,223.0,737650.0,1.0,1000.0,4.750063438678572,4073328.0,,,,1000.0
2007-10-16T00:00:00,TSC,69.0,69.0,69.0,69.0,69.0,66.0,4000.0,4000.0,0.0,276000000.0,0.0,0.0,0.0,0.0,0.0,143.0,479200.0,4.0,4000.0,4.750063438678572,4073328.0,,,,1000.0
2007-10-17T00:00:00,TSC,72.0,72.0,72.0,72.0,72.0,69.0,21490.0,21490.0,0.0,1547280000.0,0.0,10650.0,766800000.0,0.0,0.0,170.0,612670.0,6.0,21490.0,4.750063438678572,4062678.0,,,,1000.0
2007-10-18T00:00:00,TSC,75.5,75.5,75.5,75.5,75.5,72.0,7250.0,7250.0,0.0,547375000.0,0.0,0.0,0.0,0.0,0.0,204.0,623920.0,7.0,12250.0,4.750063438678572,4062678.0,,,,1000.0
2007-10-19T00:00:00,TSC,79.0,79.0,79.0,79.0,79.0,75.5,28360.0,28360.0,0.0,2240440000.0,0.0,0.0,0.0,0.0,0.0,117.0,374140.0,10.0,28360.0,4.750063438678572,4062678.0,,,,1000.0
2007-10-22T00:00:00,TSC,82.5,82.5,82.5,82.5,82.5,79.0,11630.0,11630.0,0.0,959475000.0,0.0,0.0,0.0,0.0,0.0,179.0,432880.0,4.0,11630.0,4.750063438678572,4062678.0,,,,1000.0
2007-10-23T00:00:00,TSC,86.5,86.5,86.5,86.5,86.5,82.5,25070.0,25070.0,0.0,2168555000.0,0.0,19900.0,1721350000.0,0.0,0.0,204.0,538020.0,7.0,25070.0,4.750063438678572,4042778.0,,,,1000.0
2007-10-24T00:00:00,TSC,90.5,90.5,90.5,90.5,90.5,86.5,32860.0,32860.0,0.0,2973830000.0,0.0,0.0,0.0,0.0,0.0,245.0,580670.0,11.0,32960.0,4.750063438678572,4042778.0,,,,1000.0
2007-10-25T00:00:00,TSC,95.0,95.0,95.0,95.0,95.0,90.5,120870.0,120870.0,0.0,11482650000.0,0.0,0.0,0.0,0.0,0.0,266.0,527870.0,23.0,120870.0,4.750063438678572,4042778.0,,,,1000.0
2007-10-26T00:00:00,TSC,99.5,99.5,99.5,99.5,99.5,95.0,50850.0,50850.0,0.0,5059575000.0,0.0,600.0,59700000.0,0.0,0.0,152.0,590550.0,15.0,50850.0,4.750063438678572,4042178.0,,,,1000.0
2007-10-29T00:00:00,TSC,104.0,102.0,104.0,102.0,102.0,99.5,268850.0,268850.0,0.0,27422700000.0,0.0,68520.0,6991040000.0,0.0,0.0,143.0,503600.0,60.0,319550.0,4.750063438678572,3973658.0,,,,1000.0
2007-10-30T00:00:00,TSC,97.0,97.0,97.0,97.0,97.0,102.0,65300.0,65300.0,0.0,6334100000.0,0.0,500.0,48500000.0,0.0,0.0,32.0,65300.0,43.0,255680.0,4.750063438678572,3973158.0,,,,1000.0
2007-10-31T00:00:00,TSC,101.0,92.5,92.5,101.0,101.0,97.0,242410.0,242410.0,0.0,24483410000.0,0.0,65610.0,6168410000.0,0.0,0.0,151.0,567580.0,56.0,243410.0,4.750063438678572,3907548.0,,,,1000.0
2007-11-01T00:00:00,TSC,106.0,106.0,106.0,106.0,106.0,101.0,38320.0,38320.0,0.0,4061920000.0,0.0,0.0,0.0,0.0,0.0,125.0,356030.0,18.0,38320.0,4.750063438678572,3907548.0,,,,1000.0
2007-11-02T00:00:00,TSC,111.0,109.0,111.0,111.0,111.0,106.0,136630.0,136630.0,0.0,15165930000.0,0.0,2600.0,284000000.0,0.0,0.0,199.0,297550.0,56.0,141020.0,4.750063438678572,3904948.0,,,,1000.0
2007-11-05T00:00:00,TSC,116.0,106.0,106.0,116.0,116.0,111.0,88160.0,88160.0,0.0,10226560000.0,0.0,46870.0,5325700000.0,0.0,0.0,65.0,118620.0,63.0,178330.0,4.750063438678572,3858078.0,,,,1000.0
2007-11-06T00:00:00,TSC,115.0,112.0,113.0,113.0,113.0,116.0,87950.0,87950.0,0.0,9938350000.0,0.0,58070.0,6551910000.0,0.0,0.0,48.0,148120.0,124.0,198800.0,4.750063438678572,3800008.0,,,,1000.0
2007-11-07T00:00:00,TSC,113.0,111.0,111.0,112.0,112.0,113.0,111740.0,111740.0,0.0,12514880000.0,0.0,101000.0,11315540000.0,0.0,0.0,35.0,150080.0,65.0,185580.0,4.750063438678572,3699008.0,,,,1000.0
2007-11-08T00:00:00,TSC,112.0,107.0,112.0,107.0,107.0,112.0,38600.0,38600.0,0.0,4130200000.0,0.0,290.0,32190000.0,0.0,0.0,54.0,38800.0,70.0,108840.0,4.750063438678572,3698718.0,,,,1000.0
2007-11-09T00:00:00,TSC,107.0,102.0,102.0,107.0,107.0,107.0,127040.0,127040.0,0.0,13593280000.0,0.0,68560.0,7005460000.0,0.0,0.0,91.0,216430.0,68.0,169040.0,4.750063438678572,3630158.0,,,,1000.0
2007-11-12T00:00:00,TSC,110.0,108.0,110.0,108.0,108.0,107.0,44370.0,44370.0,0.0,4791960000.0,0.0,30200.0,3261600000.0,0.0,0.0,41.0,78470.0,52.0,124790.0,4.750063438678572,3599958.0,,,,1000.0
2007-11-13T00:00:00,TSC,108.0,103.0,103.0,103.0,103.0,108.0,144560.0,144560.0,0.0,14889680000.0,0.0,100000.0,10300000000.0,0.0,0.0,57.0,145610.0,58.0,303910.0,4.750063438678572,3499958.0,,,,1000.0
2007-11-14T00:00:00,TSC,104.0,100.0,100.0,103.0,103.0,103.0,224330.0,224330.0,0.0,23105990000.0,0.0,78000.0,8034000000.0,0.0,0.0,174.0,424500.0,51.0,270150.0,4.750063438678572,3421958.0,,,,1000.0
2007-11-15T00:00:00,TSC,99.5,98.0,98.0,98.0,98.0,103.0,224930.0,224930.0,0.0,22043140000.0,0.0,138600.0,13592800000.0,0.0,0.0,105.0,289920.0,55.0,275990.0,4.750063438678572,3283358.0,,,,1000.0
2007-11-16T00:00:00,TSC,98.0,93.5,93.5,95.0,95.0,98.0,248990.0,248990.0,0.0,23654050000.0,0.0,82620.0,7724970000.0,0.0,0.0,245.0,369310.0,43.0,268760.0,4.750063438678572,3200738.0,,,,1000.0
2007-11-19T00:00:00,TSC,99.5,95.0,95.0,99.5,99.5,95.0,36930.0,36930.0,0.0,3674535000.0,0.0,10080.0,957600000.0,0.0,0.0,127.0,149960.0,25.0,36940.0,4.750063438678572,3190658.0,,,,1000.0
2007-11-20T00:00:00,TSC,99.5,96.5,99.5,98.0,98.0,99.5,28840.0,28840.0,0.0,2826320000.0,0.0,0.0,0.0,0.0,0.0,69.0,39180.0,65.0,81930.0,4.750063438678572,3190658.0,,,,1000.0
2007-11-21T00:00:00,TSC,96.0,93.5,94.0,94.0,94.0,98.0,62730.0,62730.0,0.0,5896620000.0,0.0,3010.0,285440000.0,0.0,0.0,62.0,53070.0,55.0,83170.0,4.750063438678572,3187648.0,,,,1000.0
2007-11-22T00:00:00,TSC,95.5,89.5,93.0,89.5,89.5,94.0,46310.0,46310.0,0.0,4144745000.0,0.0,0.0,0.0,0.0,0.0,62.0,53070.0,55.0,83170.0,4.750063438678572,3187648.0,,,,1000.0
2007-11-23T00:00:00,TSC,90.5,89.5,89.5,90.0,90.0,89.5,24470.0,24470.0,0.0,2202300000.0,0.0,400.0,35800000.0,600.0,53700000.0,70.0,46370.0,50.0,45860.0,4.750063438678572,3187848.0,,,,1000.0
2007-11-26T00:00:00,TSC,94.0,91.0,91.0,94.0,94.0,90.0,40730.0,40730.0,0.0,3828620000.0,0.0,5900.0,539200000.0,0.0,0.0,78.0,71600.0,50.0,56660.0,4.750063438678572,3181948.0,,,,1000.0
2007-11-27T00:00:00,TSC,94.5,90.5,94.5,93.0,93.0,94.0,17400.0,17400.0,0.0,1618200000.0,0.0,1000.0,93000000.0,0.0,0.0,61.0,54240.0,65.0,70730.0,4.750063438678572,3180948.0,,,,1000.0
2007-11-28T00:00:00,TSC,93.5,93.5,93.5,93.5,93.5,93.0,15410.0,15410.0,0.0,1440835000.0,0.0,0.0,0.0,0.0,0.0,55.0,57100.0,69.0,57930.0,4.750063438678572,3180948.0,,,,1000.0
2007-11-29T00:00:00,TSC,95.0,93.0,94.0,95.0,95.0,93.5,12800.0,12800.0,0.0,1216000000.0,0.0,250.0,23500000.0,0.0,0.0,35.0,22420.0,33.0,24990.0,4.750063438678572,3180698.0,,,,1000.0
2007-11-30T00:00:00,TSC,97.5,93.5,94.0,97.5,97.5,95.0,18070.0,18070.0,0.0,1761825000.0,0.0,300.0,28200000.0,0.0,0.0,25.0,27530.0,53.0,59320.0,4.750063438678572,3180398.0,,,,1000.0
2007-12-03T00:00:00,TSC,98.5,95.0,95.5,98.5,98.5,97.5,32850.0,32850.0,0.0,3235725000.0,0.0,4400.0,424600000.0,0.0,0.0,44.0,50440.0,61.0,51930.0,4.750063438678572,3175998.0,,,,1000.0
2007-12-04T00:00:00,TSC,98.5,97.0,98.5,97.5,97.5,98.5,40250.0,40250.0,0.0,3924375000.0,0.0,1150.0,112200000.0,1000.0,98500000.0,48.0,66500.0,85.0,107070.0,4.750063438678572,3175848.0,,,,1000.0
2007-12-05T00:00:00,TSC,96.0,95.0,95.0,95.0,95.0,97.5,17050.0,17050.0,0.0,1619750000.0,0.0,100.0,9500000.0,0.0,0.0,27.0,32310.0,65.0,57570.0,4.750063438678572,3175748.0,,,,1000.0
2007-12-06T00:00:00,TSC,97.0,93.5,93.5,97.0,97.0,95.0,50780.0,50780.0,0.0,4925660000.0,0.0,13260.0,1257070000.0,0.0,0.0,52.0,102340.0,86.0,80140.0,4.750063438678572,3162488.0,,,,1000.0
2007-12-07T00:00:00,TSC,95.0,94.5,94.5,94.5,94.5,97.0,5780.0,5780.0,0.0,546210000.0,0.0,100.0,9450000.0,0.0,0.0,29.0,30990.0,50.0,60720.0,4.750063438678572,3162388.0,,,,1000.0
2007-12-10T00:00:00,TSC,94.5,93.0,94.5,93.0,93.0,94.5,14810.0,14810.0,0.0,1377330000.0,0.0,0.0,0.0,400.0,37300000.0,33.0,21710.0,56.0,46200.0,4.750063438678572,3162788.0,,,,1000.0
2007-12-11T00:00:00,TSC,93.0,92.0,93.0,92.5,92.5,93.0,23060.0,23060.0,0.0,2133050000.0,0.0,0.0,0.0,3390.0,313875000.0,26.0,30510.0,39.0,39690.0,4.750063438678572,3166178.0,,,,1000.0
2007-12-12T00:00:00,TSC,93.0,91.0,92.5,91.0,91.0,92.5,8060.0,8060.0,0.0,733460000.0,0.0,220.0,20230000.0,550.0,51150000.0,33.0,18990.0,34.0,38530.0,4.750063438678572,3166508.0,,,,1000.0
2007-12-13T00:00:00,TSC,92.5,90.0,92.5,92.5,92.5,91.0,5340.0,5340.0,0.0,493950000.0,0.0,0.0,0.0,550.0,50785000.0,22.0,27240.0,33.0,16540.0,4.750063438678572,3167058.0,,,,1000.0
2007-12-14T00:00:00,TSC,94.5,92.0,92.5,94.5,94.5,92.5,34340.0,34340.0,0.0,3245130000.0,0.0,0.0,0.0,710.0,66820000.0,28.0,41900.0,51.0,51630.0,4.750063438678572,3167768.0,,,,1000.0
2007-12-17T00:00:00,TSC,94.5,92.5,94.5,92.5,92.5,94.5,9320.0,9320.0,0.0,862100000.0,0.0,0.0,0.0,500.0,46750000.0,26.0,19180.0,39.0,47630.0,4.750063438678572,3168268.0,,,,1000.0
2007-12-18T00:00:00,TSC,96.5,93.0,94.0,96.5,96.5,92.5,80200.0,80200.0,0.0,7739300000.0,0.0,55190.0,5276670000.0,1500.0,140500000.0,62.0,126430.0,79.0,114500.0,4.750063438678572,3114578.0,,,,1000.0
2007-12-19T00:00:00,TSC,99.0,97.5,98.0,99.0,99.0,96.5,35820.0,35820.0,0.0,3546180000.0,0.0,7950.0,778875000.0,0.0,0.0,72.0,61870.0,71.0,61590.0,4.750063438678572,3106628.0,,,,1000.0
2007-12-20T00:00:00,TSC,101.0,98.0,101.0,99.0,99.0,99.0,33770.0,33770.0,0.0,3343230000.0,0.0,1900.0,190300000.0,0.0,0.0,49.0,49080.0,92.0,90750.0,4.750063438678572,3104728.0,,,,1000.0
2007-12-21T00:00:00,TSC,99.0,98.0,98.0,99.0,99.0,99.0,9230.0,9230.0,0.0,913770000.0,0.0,200.0,19600000.0,0.0,0.0,37.0,26110.0,62.0,57370.0,4.750063438678572,3104528.0,,,,1000.0
2007-12-24T00:00:00,TSC,102.0,98.0,99.0,102.0,102.0,99.0,62800.0,62800.0,0.0,6405600000.0,0.0,53110.0,5350390000.0,0.0,0.0,56.0,93310.0,81.0,87530.0,4.750063438678572,3051418.0,,,,1000.0
2007-12-25T00:00:00,TSC,99.0,97.0,98.0,99.0,99.0,102.0,38270.0,38270.0,0.0,3788730000.0,0.0,36800.0,3615800000.0,200.0,19800000.0,35.0,73680.0,96.0,96010.0,4.563786441083343,3014818.0,,,,1000.0
2007-12-26T00:00:00,TSC,97.5,96.0,97.5,97.5,97.5,99.0,8360.0,8360.0,0.0,815100000.0,0.0,0.0,0.0,500.0,48750000.0,26.0,13680.0,54.0,57600.0,4.563786441083343,3015318.0,,,,1000.0
2007-12-27T00:00:00,TSC,95.5,94.0,95.5,95.5,95.5,97.5,10820.0,10820.0,0.0,1033310000.0,0.0,0.0,0.0,400.0,38200000.0,45.0,24560.0,24.0,33170.0,4.563786441083343,3015718.0,,,,1000.0
2007-12-28T00:00:00,TSC,94.0,93.0,93.0,93.5,93.5,95.5,24420.0,24420.0,0.0,2283270000.0,0.0,0.0,0.0,1000.0,93000000.0,81.0,61310.0,19.0,42440.0,4.563786441083343,3016718.0,,,,1000.0
2008-01-02T00:00:00,TSC,93.0,92.5,92.5,93.0,93.0,93.5,4450.0,4450.0,0.0,413850000.0,0.0,0.0,0.0,1000.0,92500000.0,16.0,15820.0,0.0,6390.0,4.563786441083343,3017718.0,,,,1000.0
2008-01-03T00:00:00,TSC,92.0,90.0,91.0,90.0,90.0,93.0,15010.0,15010.0,0.0,1350900000.0,0.0,0.0,0.0,13060.0,1185690000.0,61.0,44330.0,0.0,32140.0,4.563786441083343,3030778.0,,,,1000.0
2008-01-04T00:00:00,TSC,88.5,88.0,88.0,88.0,88.0,90.0,13360.0,13360.0,0.0,1175680000.0,0.0,0.0,0.0,1000.0,88000000.0,43.0,28670.0,0.0,28370.0,4.563786441083343,3031778.0,,,,1000.0
2008-01-07T00:00:00,TSC,85.0,84.0,84.5,84.0,84.0,88.0,9360.0,9360.0,0.0,786240000.0,0.0,600.0,50700000.0,2640.0,221980000.0,26.0,11890.0,0.0,29770.0,4.563786441083343,3033818.0,,,,1000.0
2008-01-08T00:00:00,TSC,84.5,82.0,82.0,84.0,84.0,84.0,20750.0,20750.0,0.0,1743000000.0,0.0,0.0,0.0,3110.0,257120000.0,56.0,41080.0,29.0,29960.0,4.563786441083343,3036928.0,,,,1000.0
2008-01-09T00:00:00,TSC,85.0,80.0,85.0,80.0,80.0,84.0,16670.0,16670.0,0.0,1333600000.0,0.0,0.0,0.0,360.0,30600000.0,23.0,16670.0,31.0,68390.0,4.563786441083343,3037288.0,,,,1000.0
2008-01-10T00:00:00,TSC,84.0,76.0,76.5,84.0,84.0,80.0,21730.0,21730.0,0.0,1825320000.0,0.0,0.0,0.0,0.0,0.0,43.0,46460.0,30.0,21730.0,4.563786441083343,3037288.0,,,,1000.0
2008-01-11T00:00:00,TSC,85.5,82.5,82.5,82.5,82.5,84.0,9800.0,9800.0,0.0,808500000.0,0.0,0.0,0.0,0.0,0.0,25.0,21940.0,50.0,59260.0,4.563786441083343,3037288.0,,,,1000.0
2008-01-14T00:00:00,TSC,82.0,78.5,78.5,82.0,82.0,82.5,53180.0,53180.0,0.0,4360760000.0,0.0,0.0,0.0,0.0,0.0,32.0,53780.0,40.0,63970.0,4.563786441083343,3037288.0,,,,1000.0
2008-01-15T00:00:00,TSC,84.0,78.0,84.0,80.0,80.0,82.0,44150.0,44150.0,0.0,3532000000.0,0.0,0.0,0.0,0.0,0.0,27.0,45430.0,61.0,80250.0,4.563786441083343,3037288.0,,,,1000.0
2008-01-16T00:00:00,TSC,84.0,80.0,82.0,84.0,84.0,80.0,20120.0,20120.0,0.0,1690080000.0,0.0,0.0,0.0,0.0,0.0,63.0,37650.0,32.0,28240.0,4.563786441083343,3037288.0,,,,1000.0
2008-01-17T00:00:00,TSC,84.0,80.5,84.0,80.5,80.5,84.0,11630.0,11630.0,0.0,936215000.0,0.0,0.0,0.0,0.0,0.0,21.0,34010.0,34.0,33880.0,4.563786441083343,3037288.0,,,,1000.0
2008-01-18T00:00:00,TSC,83.0,80.0,80.0,83.0,83.0,80.5,15270.0,15270.0,0.0,1267410000.0,0.0,100.0,8300000.0,0.0,0.0,37.0,32850.0,34.0,25970.0,4.563786441083343,3037188.0,,,,1000.0
2008-01-21T00:00:00,TSC,86.0,83.0,86.0,86.0,86.0,83.0,31800.0,31800.0,0.0,2734800000.0,0.0,0.0,0.0,0.0,0.0,26.0,40680.0,76.0,57010.0,4.563786441083343,3037188.0,,,,1000.0
2008-01-22T00:00:00,TSC,86.0,84.0,84.0,86.0,86.0,86.0,18890.0,18890.0,0.0,1624540000.0,0.0,0.0,0.0,0.0,0.0,36.0,35810.0,46.0,40530.0,4.563786441083343,3037188.0,,,,1000.0
2008-01-23T00:00:00,TSC,86.0,82.5,86.0,84.5,84.5,86.0,17470.0,17470.0,0.0,1476215000.0,0.0,0.0,0.0,0.0,0.0,39.0,36160.0,65.0,59740.0,4.563786441083343,3037188.0,,,,1000.0
2008-01-24T00:00:00,TSC,87.0,84.0,87.0,84.0,84.0,84.5,19210.0,19210.0,0.0,1613640000.0,0.0,0.0,0.0,200.0,17000000.0,30.0,22440.0,96.0,80670.0,4.563786441083343,3037388.0,,,,1000.0
2008-01-25T00:00:00,TSC,86.0,83.0,84.0,86.0,86.0,84.0,16850.0,16850.0,0.0,1449100000.0,0.0,0.0,0.0,0.0,0.0,56.0,41760.0,52.0,37580.0,4.563786441083343,3037388.0,,,,1000.0
2008-01-28T00:00:00,TSC,88.0,85.0,86.0,88.0,88.0,86.0,15840.0,15840.0,0.0,1393920000.0,0.0,0.0,0.0,0.0,0.0,38.0,27660.0,52.0,39300.0,4.563786441083343,3037388.0,,,,1000.0
2008-01-29T00:00:00,TSC,91.0,86.0,87.5,91.0,91.0,88.0,32650.0,32650.0,0.0,2971150000.0,0.0,0.0,0.0,0.0,0.0,62.0,56740.0,44.0,62530.0,4.563786441083343,3037388.0,,,,1000.0
2008-01-30T00:00:00,TSC,95.5,91.0,95.0,95.0,95.0,91.0,47710.0,47710.0,0.0,4532450000.0,0.0,0.0,0.0,0.0,0.0,50.0,53140.0,55.0,84400.0,4.563786441083343,3037388.0,,,,1000.0
2008-01-31T00:00:00,TSC,96.0,91.0,91.0,96.0,96.0,95.0,25080.0,25080.0,0.0,2407680000.0,0.0,0.0,0.0,0.0,0.0,40.0,39450.0,77.0,96690.0,4.563786441083343,3037388.0,,,,1000.0
2008-02-01T00:00:00,TSC,100.0,99.0,100.0,100.0,100.0,96.0,225120.0,225120.0,0.0,22512000000.0,0.0,2300.0,230000000.0,100.0,9950000.0,141.0,273420.0,74.0,225620.0,4.563786441083343,3035188.0,,,,1000.0
2008-02-12T00:00:00,TSC,105.0,100.0,105.0,105.0,105.0,100.0,69870.0,69870.0,0.0,7336350000.0,0.0,100.0,10500000.0,0.0,0.0,66.0,96340.0,69.0,87580.0,4.563786441083343,3035088.0,,,,1000.0
2008-02-13T00:00:00,TSC,105.0,101.0,101.0,105.0,105.0,105.0,54190.0,54190.0,0.0,5689950000.0,0.0,0.0,0.0,0.0,0.0,38.0,65340.0,77.0,104820.0,4.563786441083343,3035088.0,,,,1000.0
2008-02-14T00:00:00,TSC,105.0,103.0,105.0,103.0,103.0,105.0,25130.0,25130.0,0.0,2588390000.0,0.0,7000.0,721900000.0,0.0,0.0,51.0,43230.0,86.0,127860.0,4.563786441083343,3028088.0,,,,1000.0
2008-02-15T00:00:00,TSC,99.0,98.0,99.0,98.0,98.0,103.0,53590.0,53590.0,0.0,5251820000.0,0.0,5200.0,509600000.0,0.0,0.0,47.0,53590.0,64.0,204180.0,4.563786441083343,3022888.0,,,,1000.0
2008-02-18T00:00:00,TSC,94.0,93.5,93.5,93.5,93.5,98.0,102800.0,102800.0,0.0,9611800000.0,0.0,0.0,0.0,0.0,0.0,41.0,106800.0,65.0,143610.0,4.563786441083343,3022888.0,,,,1000.0
2008-02-19T00:00:00,TSC,96.5,90.0,90.0,96.5,96.5,93.5,26640.0,26640.0,0.0,2570760000.0,0.0,0.0,0.0,0.0,0.0,59.0,49330.0,42.0,39980.0,4.563786441083343,3022888.0,,,,1000.0
2008-02-20T00:00:00,TSC,96.5,92.0,96.5,92.0,92.0,96.5,31050.0,31050.0,0.0,2856600000.0,0.0,11510.0,1061965000.0,2000.0,186000000.0,31.0,31380.0,93.0,114410.0,4.563786441083343,3013378.0,,,,1000.0
2008-02-21T00:00:00,TSC,87.5,87.5,87.5,87.5,87.5,92.0,24010.0,24010.0,0.0,2100875000.0,0.0,6420.0,561750000.0,0.0,0.0,33.0,24670.0,54.0,72740.0,4.563786441083343,3006958.0,,,,1000.0
2008-02-22T00:00:00,TSC,85.0,83.5,83.5,83.5,83.5,87.5,35400.0,35400.0,0.0,2955900000.0,0.0,5200.0,434200000.0,0.0,0.0,69.0,41640.0,38.0,49310.0,4.563786441083343,3001758.0,,,,1000.0
2008-02-25T00:00:00,TSC,87.5,86.5,86.5,87.5,87.5,83.5,30280.0,30280.0,0.0,2649500000.0,0.0,700.0,61050000.0,0.0,0.0,92.0,71760.0,38.0,31580.0,4.563786441083343,3001058.0,,,,1000.0
2008-02-26T00:00:00,TSC,90.0,83.5,83.5,90.0,90.0,87.5,48190.0,48190.0,0.0,4337100000.0,0.0,1020.0,85170000.0,500.0,45000000.0,46.0,49720.0,59.0,62950.0,4.563786441083343,3000538.0,,,,1000.0
2008-02-27T00:00:00,TSC,89.5,85.5,85.5,85.5,85.5,90.0,12680.0,12680.0,0.0,1084140000.0,0.0,1120.0,95760000.0,0.0,0.0,26.0,15580.0,59.0,66350.0,4.563786441083343,2999418.0,,,,1000.0
2008-02-28T00:00:00,TSC,87.0,83.0,83.5,85.5,85.5,85.5,9880.0,9880.0,0.0,844740000.0,0.0,1020.0,84960000.0,0.0,0.0,47.0,21200.0,48.0,34900.0,4.563786441083343,2998398.0,,,,1000.0
2008-02-29T00:00:00,TSC,83.5,82.0,82.5,82.0,82.0,85.5,18470.0,18470.0,0.0,1514540000.0,0.0,700.0,57850000.0,100.0,8250000.0,64.0,39670.0,45.0,34090.0,4.563786441083343,2997798.0,,,,1000.0
2008-03-03T00:00:00,TSC,78.5,78.0,78.0,78.0,78.0,82.0,30910.0,30910.0,0.0,2410980000.0,0.0,2100.0,163800000.0,0.0,0.0,29.0,30910.0,57.0,52700.0,4.563786441083343,2995698.0,,,,1000.0
2008-03-04T00:00:00,TSC,74.5,74.5,74.5,74.5,74.5,78.0,7030.0,7030.0,0.0,523735000.0,0.0,6000.0,447000000.0,0.0,0.0,7.0,7030.0,54.0,47620.0,4.563786441083343,2989698.0,,,,1000.0
2008-03-05T00:00:00,TSC,71.0,71.0,71.0,71.0,71.0,74.5,11460.0,11460.0,0.0,813660000.0,0.0,6120.0,434520000.0,0.0,0.0,11.0,11460.0,71.0,74260.0,4.563786441083343,2983578.0,,,,1000.0
2008-03-06T00:00:00,TSC,74.5,74.5,74.5,74.5,74.5,71.0,24090.0,24090.0,0.0,1794705000.0,0.0,130.0,9685000.0,0.0,0.0,61.0,91210.0,12.0,24090.0,4.563786441083343,2983448.0,,,,1000.0
2008-03-07T00:00:00,TSC,78.0,78.0,78.0,78.0,78.0,74.5,2530.0,2530.0,0.0,197340000.0,0.0,0.0,0.0,0.0,0.0,74.0,102000.0,6.0,2530.0,4.563786441083343,2983448.0,,,,1000.0
2008-03-10T00:00:00,TSC,81.5,76.0,81.5,76.0,76.0,78.0,54820.0,54820.0,0.0,4166320000.0,0.0,10350.0,842425000.0,950.0,76000000.0,80.0,111630.0,60.0,79170.0,4.563786441083343,2974048.0,,,,1000.0
2008-03-11T00:00:00,TSC,76.0,73.0,73.0,73.0,73.0,76.0,36180.0,36180.0,0.0,2641140000.0,0.0,8550.0,624150000.0,0.0,0.0,53.0,64700.0,46.0,45700.0,4.563786441083343,2965498.0,,,,1000.0
2008-03-12T00:00:00,TSC,76.5,72.0,76.5,75.0,75.0,73.0,27870.0,27870.0,0.0,2090250000.0,0.0,2390.0,176080000.0,0.0,0.0,76.0,73920.0,24.0,30840.0,4.563786441083343,2963108.0,,,,1000.0
2008-03-13T00:00:00,TSC,76.5,73.5,76.5,76.0,76.0,75.0,19990.0,19990.0,0.0,1519240000.0,0.0,2000.0,153000000.0,0.0,0.0,33.0,37400.0,40.0,38430.0,4.563786441083343,2961108.0,,,,1000.0
2008-03-14T00:00:00,TSC,76.0,75.0,76.0,75.5,75.5,76.0,25260.0,25260.0,0.0,1907130000.0,0.0,18620.0,1398250000.0,0.0,0.0,39.0,44910.0,31.0,37340.0,4.563786441083343,2942488.0,,,,1000.0
2008-03-17T00:00:00,TSC,75.5,72.0,75.5,72.0,72.0,75.5,43440.0,43440.0,0.0,3127680000.0,0.0,24800.0,1846470000.0,0.0,0.0,27.0,43440.0,67.0,62590.0,4.563786441083343,2917688.0,,,,1000.0
2008-03-18T00:00:00,TSC,68.5,68.5,68.5,68.5,68.5,72.0,12880.0,12880.0,0.0,882280000.0,0.0,6800.0,465800000.0,0.0,0.0,14.0,12880.0,32.0,69490.0,4.563786441083343,2910888.0,,,,1000.0
2008-03-19T00:00:00,TSC,71.0,65.5,67.0,65.5,65.5,68.5,63880.0,63880.0,0.0,4184140000.0,0.0,13800.0,937960000.0,3000.0,201000000.0,67.0,84690.0,53.0,136750.0,4.563786441083343,2900088.0,,,,1000.0
2008-03-20T00:00:00,TSC,68.0,63.0,68.0,63.0,63.0,65.5,24710.0,24710.0,0.0,1556730000.0,0.0,100.0,6700000.0,5000.0,340000000.0,30.0,37510.0,45.0,48730.0,4.563786441083343,2904988.0,,,,1000.0
2008-03-21T00:00:00,TSC,61.0,60.0,60.5,60.0,60.0,63.0,20260.0,20260.0,0.0,1215600000.0,0.0,80.0,4800000.0,0.0,0.0,22.0,20460.0,38.0,35430.0,4.563786441083343,2904908.0,,,,1000.0
2008-03-24T00:00:00,TSC,57.0,57.0,57.0,57.0,57.0,60.0,19520.0,19520.0,0.0,1112640000.0,0.0,6500.0,370500000.0,0.0,0.0,5.0,19520.0,56.0,38530.0,4.563786441083343,2898408.0,,,,1000.0
2008-03-25T00:00:00,TSC,54.5,54.5,54.5,54.5,54.5,57.0,28750.0,28750.0,0.0,1566875000.0,0.0,0.0,0.0,0.0,0.0,8.0,28750.0,40.0,91870.0,4.563786441083343,2898408.0,,,,1000.0
2008-03-26T00:00:00,TSC,57.0,52.0,52.5,52.5,52.5,54.5,32770.0,32770.0,0.0,1720425000.0,0.0,0.0,0.0,5500.0,286935000.0,61.0,54440.0,43.0,72630.0,4.563786441083343,2903908.0,,,,1000.0
2008-03-27T00:00:00,TSC,53.0,53.0,53.0,53.0,53.0,52.5,29680.0,29680.0,0.0,1573040000.0,0.0,0.0,0.0,0.0,0.0,61.0,78770.0,11.0,29680.0,4.563786441083343,2903908.0,,,,1000.0
2008-03-28T00:00:00,TSC,53.5,53.5,53.5,53.5,53.5,53.0,600.0,600.0,0.0,32100000.0,0.0,0.0,0.0,0.0,0.0,41.0,53720.0,3.0,600.0,4.563786441083343,2903908.0,,,,1000.0
2008-03-31T00:00:00,TSC,54.0,54.0,54.0,54.0,54.0,53.5,900.0,900.0,0.0,48600000.0,0.0,390.0,21060000.0,0.0,0.0,45.0,71880.0,3.0,900.0,4.563786441083343,2903518.0,,,,1000.0
2008-04-01T00:00:00,TSC,54.5,54.5,54.5,54.5,54.5,54.0,200.0,200.0,0.0,10900000.0,0.0,0.0,0.0,0.0,0.0,51.0,54530.0,1.0,200.0,4.563786441083343,2903518.0,,,,1000.0
2008-04-02T00:00:00,TSC,55.0,55.0,55.0,55.0,55.0,54.5,1270.0,1270.0,0.0,69850000.0,0.0,0.0,0.0,0.0,0.0,48.0,53270.0,3.0,1270.0,4.563786441083343,2903518.0,,,,1000.0
2008-04-03T00:00:00,TSC,55.5,55.5,55.5,55.5,55.5,55.0,10.0,10.0,0.0,555000.0,0.0,0.0,0.0,0.0,0.0,50.0,88480.0,1.0,10.0,4.563786441083343,2903518.0,,,,1000.0
2008-04-04T00:00:00,TSC,56.0,56.0,56.0,56.0,56.0,55.5,12910.0,12910.0,0.0,722960000.0,0.0,0.0,0.0,0.0,0.0,66.0,128450.0,4.0,12910.0,4.563786441083343,2903518.0,,,,1000.0
2008-04-07T00:00:00,TSC,57.0,57.0,57.0,57.0,57.0,56.0,20.0,20.0,0.0,1140000.0,0.0,0.0,0.0,0.0,0.0,80.0,86600.0,2.0,20.0,4.563786441083343,2903518.0,,,,1000.0
2008-04-08T00:00:00,TSC,58.0,56.0,58.0,58.0,58.0,57.0,66280.0,66280.0,0.0,3844240000.0,0.0,2710.0,154080000.0,0.0,0.0,84.0,76400.0,55.0,79700.0,4.563786441083343,2900808.0,,,,1000.0
2008-04-09T00:00:00,TSC,58.0,57.0,58.0,57.0,57.0,58.0,14950.0,14950.0,0.0,852150000.0,0.0,520.0,30160000.0,0.0,0.0,22.0,14950.0,52.0,39240.0,4.563786441083343,2900288.0,,,,1000.0
2008-04-10T00:00:00,TSC,56.0,56.0,56.0,56.0,56.0,57.0,3760.0,3760.0,0.0,210560000.0,0.0,250.0,14000000.0,0.0,0.0,5.0,3760.0,36.0,23480.0,4.563786441083343,2900038.0,,,,1000.0
2008-04-11T00:00:00,TSC,56.0,55.0,56.0,55.0,55.0,56.0,3760.0,3760.0,0.0,206800000.0,0.0,20.0,1100000.0,0.0,0.0,9.0,3760.0,43.0,32580.0,4.563786441083343,2900018.0,,,,1000.0
2008-04-16T00:00:00,TSC,54.0,54.0,54.0,54.0,54.0,55.0,13960.0,13960.0,0.0,753840000.0,0.0,110.0,5940000.0,0.0,0.0,9.0,13960.0,30.0,30670.0,4.563786441083343,2899908.0,,,,1000.0
2008-04-17T00:00:00,TSC,55.0,53.0,53.0,55.0,55.0,54.0,15340.0,15340.0,0.0,843700000.0,0.0,210.0,11130000.0,0.0,0.0,31.0,42050.0,19.0,43540.0,4.563786441083343,2899698.0,,,,1000.0
2008-04-18T00:00:00,TSC,54.0,54.0,54.0,54.0,54.0,55.0,8010.0,8010.0,0.0,432540000.0,0.0,0.0,0.0,0.0,0.0,13.0,8010.0,18.0,21250.0,4.563786441083343,2899698.0,,,,1000.0
2008-04-21T00:00:00,TSC,53.0,53.0,53.0,53.0,53.0,54.0,1200.0,1200.0,0.0,63600000.0,0.0,0.0,0.0,0.0,0.0,3.0,1200.0,18.0,46580.0,4.563786441083343,2899698.0,,,,1000.0
2008-04-22T00:00:00,TSC,52.0,52.0,52.0,52.0,52.0,53.0,8920.0,8920.0,0.0,463840000.0,0.0,20.0,1040000.0,0.0,0.0,8.0,8920.0,30.0,42720.0,4.563786441083343,2899678.0,,,,1000.0
2008-04-23T00:00:00,TSC,51.0,51.0,51.0,51.0,51.0,52.0,9000.0,9000.0,0.0,459000000.0,0.0,500.0,25500000.0,0.0,0.0,4.0,9000.0,26.0,59290.0,4.563786441083343,2899178.0,,,,1000.0
2008-04-24T00:00:00,TSC,52.0,50.0,50.0,50.0,50.0,51.0,37830.0,37830.0,0.0,1891500000.0,0.0,10.0,500000.0,0.0,0.0,25.0,37830.0,39.0,44060.0,4.563786441083343,2899168.0,,,,1000.0
2008-04-25T00:00:00,TSC,51.0,50.0,50.0,51.0,51.0,50.0,64260.0,64260.0,0.0,3277260000.0,0.0,1690.0,84500000.0,0.0,0.0,67.0,172170.0,22.0,64260.0,4.563786441083343,2897478.0,,,,1000.0
2008-04-28T00:00:00,TSC,52.0,52.0,52.0,52.0,52.0,51.0,6800.0,6800.0,0.0,353600000.0,0.0,0.0,0.0,0.0,0.0,220.0,482780.0,4.0,6800.0,4.563786441083343,2897478.0,,,,1000.0
2008-04-29T00:00:00,TSC,53.0,53.0,53.0,53.0,53.0,52.0,90.0,90.0,0.0,4770000.0,0.0,0.0,0.0,0.0,0.0,265.0,677090.0,2.0,90.0,4.563786441083343,2897478.0,,,,1000.0
2008-05-05T00:00:00,TSC,54.0,54.0,54.0,54.0,54.0,53.0,2200.0,2200.0,0.0,118800000.0,0.0,0.0,0.0,0.0,0.0,142.0,399320.0,4.0,2200.0,4.563786441083343,2897478.0,,,,1000.0
2008-05-06T00:00:00,TSC,55.0,55.0,55.0,55.0,55.0,54.0,3490.0,3490.0,0.0,191950000.0,0.0,0.0,0.0,0.0,0.0,155.0,360640.0,6.0,9490.0,4.563786441083343,2897478.0,,,,1000.0
2008-05-07T00:00:00,TSC,56.0,55.0,56.0,55.0,55.0,55.0,106340.0,106340.0,0.0,5848700000.0,0.0,1580.0,87480000.0,0.0,0.0,164.0,199190.0,79.0,162100.0,4.563786441083343,2895898.0,,,,1000.0
2008-05-08T00:00:00,TSC,54.0,54.0,54.0,54.0,54.0,55.0,14110.0,14110.0,0.0,761940000.0,0.0,0.0,0.0,0.0,0.0,18.0,14110.0,56.0,117700.0,4.563786441083343,2895898.0,,,,1000.0
2008-05-09T00:00:00,TSC,53.0,53.0,53.0,53.0,53.0,54.0,2300.0,2300.0,0.0,121900000.0,0.0,0.0,0.0,0.0,0.0,6.0,2300.0,45.0,221190.0,4.563786441083343,2895898.0,,,,1000.0
2008-05-12T00:00:00,TSC,52.0,52.0,52.0,52.0,52.0,53.0,1440.0,1440.0,0.0,74880000.0,0.0,0.0,0.0,0.0,0.0,4.0,1440.0,40.0,169120.0,4.563786441083343,2895898.0,,,,1000.0
2008-05-13T00:00:00,TSC,51.0,51.0,51.0,51.0,51.0,52.0,2210.0,2210.0,0.0,112710000.0,0.0,0.0,0.0,0.0,0.0,6.0,2210.0,70.0,114710.0,4.563786441083343,2895898.0,,,,1000.0
2008-05-14T00:00:00,TSC,50.0,50.0,50.0,50.0,50.0,51.0,1150.0,1150.0,0.0,57500000.0,0.0,0.0,0.0,0.0,0.0,9.0,1150.0,66.0,111600.0,4.563786441083343,2895898.0,,,,1000.0
2008-05-15T00:00:00,TSC,49.0,49.0,49.0,49.0,49.0,50.0,5450.0,5450.0,0.0,267050000.0,0.0,1700.0,83300000.0,0.0,0.0,11.0,5450.0,65.0,104890.0,4.563786441083343,2894198.0,,,,1000.0
2008-05-16T00:00:00,TSC,49.9,48.5,49.9,49.9,49.9,49.0,89810.0,89810.0,0.0,4481519000.0,0.0,15800.0,788115000.0,0.0,0.0,136.0,158350.0,70.0,99240.0,4.563786441083343,2878398.0,,,,1000.0
2008-05-19T00:00:00,TSC,50.5,49.2,50.5,50.5,50.5,49.9,29930.0,29930.0,0.0,1511465000.0,0.0,0.0,0.0,0.0,0.0,68.0,58820.0,38.0,33600.0,4.563786441083343,2878398.0,,,,1000.0
2008-05-20T00:00:00,TSC,51.0,50.0,50.0,51.0,51.0,50.5,8960.0,8960.0,0.0,456960000.0,0.0,0.0,0.0,0.0,0.0,41.0,23080.0,28.0,18710.0,4.563786441083343,2878398.0,,,,1000.0
2008-05-21T00:00:00,TSC,50.5,50.0,50.5,50.0,50.0,51.0,5440.0,5440.0,0.0,272000000.0,0.0,0.0,0.0,0.0,0.0,17.0,5440.0,39.0,45120.0,4.563786441083343,2878398.0,,,,1000.0
2008-05-22T00:00:00,TSC,49.0,49.0,49.0,49.0,49.0,50.0,970.0,970.0,0.0,47530000.0,0.0,0.0,0.0,0.0,0.0,4.0,970.0,51.0,104500.0,4.563786441083343,2878398.0,,,,1000.0
2008-05-23T00:00:00,TSC,48.1,48.1,48.1,48.1,48.1,49.0,20.0,20.0,0.0,962000.0,0.0,0.0,0.0,0.0,0.0,1.0,20.0,46.0,73720.0,4.563786441083343,2878398.0,,,,1000.0
2008-05-26T00:00:00,TSC,48.1,47.2,48.1,47.2,47.2,48.1,610.0,610.0,0.0,28792000.0,0.0,100.0,4810000.0,0.0,0.0,3.0,610.0,51.0,69730.0,4.563786441083343,2878298.0,,,,1000.0
2008-05-30T00:00:00,TSC,46.3,46.3,46.3,46.3,46.3,47.2,5940.0,5940.0,0.0,275022000.0,0.0,0.0,0.0,0.0,0.0,13.0,5940.0,53.0,90950.0,4.563786441083343,2878298.0,,,,1000.0
2008-06-02T00:00:00,TSC,45.4,45.4,45.4,45.4,45.4,46.3,3600.0,3600.0,0.0,163440000.0,0.0,0.0,0.0,0.0,0.0,3.0,3600.0,57.0,78060.0,4.563786441083343,2878298.0,,,,1000.0
2008-06-03T00:00:00,TSC,44.5,44.5,44.5,44.5,44.5,45.4,6500.0,6500.0,0.0,289250000.0,0.0,6000.0,267000000.0,0.0,0.0,3.0,6500.0,60.0,85980.0,4.563786441083343,2872298.0,,,,1000.0
2008-06-04T00:00:00,TSC,43.7,43.7,43.7,43.7,43.7,44.5,6050.0,6050.0,0.0,264385000.0,0.0,6020.0,263074000.0,0.0,0.0,3.0,6050.0,55.0,69160.0,4.563786441083343,2866278.0,,,,1000.0
2008-06-05T00:00:00,TSC,42.9,42.9,42.9,42.9,42.9,43.7,9320.0,9320.0,0.0,399828000.0,0.0,9000.0,386100000.0,0.0,0.0,4.0,9320.0,62.0,78640.0,4.563786441083343,2857278.0,,,,1000.0
2008-06-06T00:00:00,TSC,42.1,42.1,42.1,42.1,42.1,42.9,10820.0,10820.0,0.0,455522000.0,0.0,9000.0,378900000.0,0.0,0.0,12.0,10820.0,47.0,58320.0,4.563786441083343,2848278.0,,,,1000.0
2008-06-09T00:00:00,TSC,41.3,41.3,41.3,41.3,41.3,42.1,520.0,520.0,0.0,21476000.0,0.0,0.0,0.0,0.0,0.0,3.0,520.0,45.0,54320.0,4.563786441083343,2848278.0,,,,1000.0
2008-06-10T00:00:00,TSC,40.5,40.5,40.5,40.5,40.5,41.3,3710.0,3710.0,0.0,150255000.0,0.0,0.0,0.0,0.0,0.0,7.0,3710.0,42.0,41600.0,4.563786441083343,2848278.0,,,,1000.0
2008-06-11T00:00:00,TSC,41.3,39.7,39.7,41.3,41.3,40.5,30730.0,30730.0,0.0,1269149000.0,0.0,0.0,0.0,0.0,0.0,77.0,58790.0,39.0,35970.0,4.563786441083343,2848278.0,,,,1000.0
2008-06-12T00:00:00,TSC,42.1,40.6,42.0,42.1,42.1,41.3,37340.0,37340.0,0.0,1572014000.0,0.0,0.0,0.0,0.0,0.0,112.0,81500.0,31.0,41740.0,4.563786441083343,2848278.0,,,,1000.0
2008-06-13T00:00:00,TSC,42.9,42.9,42.9,42.9,42.9,42.1,17390.0,17390.0,0.0,746031000.0,0.0,4000.0,171600000.0,0.0,0.0,64.0,54760.0,11.0,17390.0,4.563786441083343,2844278.0,,,,1000.0
2008-06-16T00:00:00,TSC,43.7,43.7,43.7,43.7,43.7,42.9,740.0,740.0,0.0,32338000.0,0.0,0.0,0.0,0.0,0.0,53.0,44240.0,3.0,740.0,4.563786441083343,2844278.0,,,,1000.0
2008-06-17T00:00:00,TSC,44.5,44.5,44.5,44.5,44.5,43.7,30.0,30.0,0.0,1335000.0,0.0,0.0,0.0,0.0,0.0,82.0,131860.0,3.0,30.0,4.563786441083343,2844278.0,,,,1000.0
2008-06-18T00:00:00,TSC,44.5,43.7,44.5,43.7,43.7,44.5,69360.0,69360.0,0.0,3031032000.0,0.0,27240.0,1210308000.0,0.0,0.0,64.0,69360.0,80.0,136940.0,4.563786441083343,2817038.0,,,,1000.0
2008-06-19T00:00:00,TSC,42.4,42.4,42.4,42.4,42.4,43.7,190.0,190.0,0.0,8056000.0,0.0,30.0,1272000.0,0.0,0.0,7.0,190.0,56.0,43040.0,4.563786441083343,2817008.0,,,,1000.0
2008-06-20T00:00:00,TSC,41.2,41.2,41.2,41.2,41.2,42.4,15720.0,15720.0,0.0,647664000.0,0.0,270.0,11124000.0,0.0,0.0,7.0,15790.0,40.0,30060.0,4.563786441083343,2816738.0,,,,1000.0
2008-06-23T00:00:00,TSC,42.4,42.4,42.4,42.4,42.4,41.2,13280.0,13280.0,0.0,563072000.0,0.0,0.0,0.0,0.0,0.0,51.0,50590.0,24.0,13280.0,4.563786441083343,2816738.0,,,,1000.0
2008-06-24T00:00:00,TSC,43.6,43.6,43.6,43.6,43.6,42.4,810.0,810.0,0.0,35316000.0,0.0,0.0,0.0,0.0,0.0,36.0,42630.0,5.0,810.0,4.563786441083343,2816738.0,,,,1000.0
2008-06-25T00:00:00,TSC,44.9,44.9,44.9,44.9,44.9,43.6,1000.0,1000.0,0.0,44900000.0,0.0,0.0,0.0,0.0,0.0,43.0,55080.0,3.0,1000.0,4.563786441083343,2816738.0,,,,1000.0
2008-06-26T00:00:00,TSC,46.2,44.5,46.2,46.2,46.2,44.9,74170.0,74170.0,0.0,3426654000.0,0.0,2910.0,134416000.0,0.0,0.0,63.0,113800.0,66.0,84780.0,4.563786441083343,2813828.0,,,,1000.0
2008-06-27T00:00:00,TSC,47.5,45.5,45.7,47.5,47.5,46.2,33200.0,33200.0,0.0,1577000000.0,0.0,0.0,0.0,0.0,0.0,58.0,66900.0,39.0,38280.0,4.563786441083343,2813828.0,,,,1000.0
2008-06-30T00:00:00,TSC,48.9,48.9,48.9,48.9,48.9,47.5,15170.0,15170.0,0.0,741813000.0,0.0,0.0,0.0,0.0,0.0,46.0,70470.0,8.0,15170.0,4.563786441083343,2813828.0,,,,1000.0
2008-07-01T00:00:00,TSC,50.0,47.5,50.0,50.0,50.0,48.9,38400.0,38400.0,0.0,1920000000.0,0.0,0.0,0.0,0.0,0.0,101.0,131160.0,8.0,38400.0,4.563786441083343,2813828.0,,,,1000.0
2008-07-02T00:00:00,TSC,51.5,51.5,51.5,51.5,51.5,50.0,40440.0,40440.0,0.0,2082660000.0,0.0,0.0,0.0,0.0,0.0,112.0,175520.0,21.0,40440.0,4.563786441083343,2813828.0,,,,1000.0
2008-07-03T00:00:00,TSC,53.0,53.0,53.0,53.0,53.0,51.5,250.0,250.0,0.0,13250000.0,0.0,0.0,0.0,0.0,0.0,76.0,106870.0,4.0,250.0,4.563786441083343,2813828.0,,,,1000.0
2008-07-04T00:00:00,TSC,54.5,54.5,54.5,54.5,54.5,53.0,6060.0,6060.0,0.0,330270000.0,0.0,0.0,0.0,0.0,0.0,80.0,205730.0,10.0,6060.0,4.563786441083343,2813828.0,,,,1000.0
2008-07-07T00:00:00,TSC,56.0,53.0,56.0,54.5,54.5,54.5,69930.0,69930.0,0.0,3811185000.0,0.0,7780.0,435530000.0,0.0,0.0,105.0,148960.0,67.0,94420.0,4.563786441083343,2806048.0,,,,1000.0
2008-07-08T00:00:00,TSC,56.0,53.0,55.5,56.0,56.0,54.5,85980.0,85980.0,0.0,4814880000.0,0.0,0.0,0.0,0.0,0.0,141.0,169140.0,79.0,105970.0,4.563786441083343,2806048.0,,,,1000.0
2008-07-09T00:00:00,TSC,57.5,57.5,57.5,57.5,57.5,56.0,100.0,100.0,0.0,5750000.0,0.0,0.0,0.0,0.0,0.0,80.0,170560.0,1.0,100.0,4.563786441083343,2806048.0,,,,1000.0
2008-07-10T00:00:00,TSC,59.0,59.0,59.0,59.0,59.0,57.5,1180.0,1180.0,0.0,69620000.0,0.0,0.0,0.0,180.0,10620000.0,72.0,206940.0,2.0,1180.0,4.563786441083343,2806228.0,,,,1000.0
2008-07-11T00:00:00,TSC,60.5,60.5,60.5,60.5,60.5,59.0,3520.0,3520.0,0.0,212960000.0,0.0,0.0,0.0,0.0,0.0,81.0,188220.0,5.0,3520.0,4.563786441083343,2806228.0,,,,1000.0
2008-07-14T00:00:00,TSC,62.0,62.0,62.0,62.0,62.0,60.5,11520.0,11520.0,0.0,714240000.0,0.0,0.0,0.0,0.0,0.0,68.0,203650.0,4.0,11520.0,4.563786441083343,2806228.0,,,,1000.0
2008-07-15T00:00:00,TSC,63.5,63.5,63.5,63.5,63.5,62.0,350.0,350.0,0.0,22225000.0,0.0,0.0,0.0,0.0,0.0,64.0,161960.0,2.0,350.0,4.563786441083343,2806228.0,,,,1000.0
2008-07-16T00:00:00,TSC,65.0,63.5,65.0,65.0,65.0,63.5,100470.0,100470.0,0.0,6530550000.0,0.0,15900.0,1032500000.0,5200.0,334300000.0,146.0,313230.0,49.0,101180.0,4.563786441083343,2795528.0,,,,1000.0
2008-07-17T00:00:00,TSC,66.5,66.5,66.5,66.5,66.5,65.0,18560.0,18560.0,0.0,1234240000.0,0.0,0.0,0.0,0.0,0.0,112.0,260850.0,5.0,18560.0,4.563786441083343,2795528.0,,,,1000.0
2008-07-18T00:00:00,TSC,68.0,67.0,68.0,68.0,68.0,66.5,85300.0,85300.0,0.0,5800400000.0,0.0,100.0,6800000.0,2550.0,173400000.0,113.0,255240.0,41.0,85300.0,4.563786441083343,2797978.0,,,,1000.0
2008-07-21T00:00:00,TSC,70.0,66.0,70.0,66.0,66.0,68.0,105480.0,105480.0,0.0,6961680000.0,0.0,1500.0,99000000.0,3000.0,210000000.0,60.0,106480.0,121.0,186810.0,4.563786441083343,2799478.0,,,,1000.0
2008-07-22T00:00:00,TSC,64.5,64.5,64.5,64.5,64.5,66.0,510.0,510.0,0.0,32895000.0,0.0,0.0,0.0,0.0,0.0,2.0,510.0,98.0,198950.0,4.563786441083343,2799478.0,,,,1000.0
2008-07-23T00:00:00,TSC,66.0,64.5,64.5,66.0,66.0,64.5,99250.0,99250.0,0.0,6550500000.0,0.0,0.0,0.0,10.0,660000.0,298.0,535660.0,67.0,99250.0,4.563786441083343,2799488.0,,,,1000.0
2008-07-24T00:00:00,TSC,67.5,67.5,67.5,67.5,67.5,66.0,27330.0,27330.0,0.0,1844775000.0,0.0,0.0,0.0,0.0,0.0,277.0,839040.0,11.0,46330.0,4.563786441083343,2799488.0,,,,1000.0
2008-07-25T00:00:00,TSC,69.5,69.5,69.5,69.5,69.5,67.5,46500.0,46500.0,0.0,3231750000.0,0.0,0.0,0.0,0.0,0.0,186.0,539530.0,8.0,46500.0,4.563786441083343,2799488.0,,,,1000.0
2008-07-28T00:00:00,TSC,71.5,71.5,71.5,71.5,71.5,69.5,690.0,690.0,0.0,49335000.0,0.0,0.0,0.0,0.0,0.0,175.0,422340.0,2.0,690.0,4.563786441083343,2799488.0,,,,1000.0
2008-07-29T00:00:00,TSC,73.5,73.5,73.5,73.5,73.5,71.5,1040.0,1040.0,0.0,76440000.0,0.0,0.0,0.0,0.0,0.0,153.0,336380.0,2.0,1040.0,4.563786441083343,2799488.0,,,,1000.0
2008-07-30T00:00:00,TSC,75.5,75.5,75.5,75.5,75.5,73.5,1060.0,1060.0,0.0,80030000.0,0.0,0.0,0.0,0.0,0.0,197.0,482690.0,7.0,1060.0,4.563786441083343,2799488.0,,,,1000.0
2008-07-31T00:00:00,TSC,77.5,77.5,77.5,77.5,77.5,75.5,1800.0,1800.0,0.0,139500000.0,0.0,0.0,0.0,0.0,0.0,154.0,281850.0,6.0,1800.0,4.563786441083343,2799488.0,,,,1000.0
2008-08-01T00:00:00,TSC,79.5,79.5,79.5,79.5,79.5,77.5,700.0,700.0,0.0,55650000.0,0.0,0.0,0.0,0.0,0.0,90.0,184120.0,3.0,700.0,4.563786441083343,2799488.0,,,,1000.0
2008-08-04T00:00:00,TSC,81.5,77.5,81.5,81.5,81.5,79.5,132850.0,132850.0,0.0,10827275000.0,0.0,1500.0,122250000.0,800.0,64950000.0,242.0,409540.0,59.0,138850.0,4.563786441083343,2798788.0,,,,1000.0
2008-08-05T00:00:00,TSC,83.5,79.5,79.5,79.5,79.5,81.5,264930.0,264930.0,0.0,21061935000.0,0.0,4930.0,395935000.0,1000.0,79500000.0,230.0,320890.0,202.0,404600.0,4.563786441083343,2794858.0,,,,1000.0
2008-08-06T00:00:00,TSC,81.5,81.5,81.5,81.5,81.5,79.5,95010.0,95010.0,0.0,7743315000.0,0.0,0.0,0.0,1660.0,135290000.0,187.0,221040.0,47.0,95010.0,4.563786441083343,2796518.0,,,,1000.0
2008-08-07T00:00:00,TSC,83.5,80.0,83.5,80.0,80.0,81.5,129160.0,129160.0,0.0,10332800000.0,0.0,1200.0,100200000.0,180.0,15030000.0,204.0,233720.0,59.0,186470.0,4.563786441083343,2795498.0,,,,1000.0
2008-08-08T00:00:00,TSC,82.0,78.5,81.0,82.0,82.0,80.0,73730.0,73730.0,0.0,6045860000.0,0.0,0.0,0.0,400.0,32400000.0,151.0,153480.0,81.0,103630.0,4.563786441083343,2795898.0,,,,1000.0
2008-08-11T00:00:00,TSC,84.0,82.5,83.5,84.0,84.0,82.0,181160.0,181160.0,0.0,15217440000.0,0.0,500.0,41750000.0,400.0,33200000.0,200.0,231780.0,77.0,190160.0,4.563786441083343,2795798.0,,,,1000.0
2008-08-12T00:00:00,TSC,86.5,82.5,86.0,84.0,84.0,84.0,95880.0,95880.0,0.0,8053920000.0,0.0,100.0,8600000.0,0.0,0.0,188.0,138360.0,117.0,146070.0,4.563786441083343,2795698.0,,,,1000.0
2008-08-13T00:00:00,TSC,84.0,81.5,82.0,82.0,82.0,84.0,144120.0,144120.0,0.0,11817840000.0,0.0,450.0,36875000.0,2000.0,164000000.0,166.0,167820.0,162.0,233130.0,4.563786441083343,2797248.0,,,,1000.0
2008-08-14T00:00:00,TSC,84.0,80.0,80.0,84.0,84.0,82.0,129860.0,129860.0,0.0,10908240000.0,0.0,0.0,0.0,3270.0,263460000.0,212.0,231390.0,128.0,144090.0,4.563786441083343,2800518.0,,,,1000.0
2008-08-15T00:00:00,TSC,86.5,86.5,86.5,86.5,86.5,84.0,90370.0,90370.0,0.0,7817005000.0,0.0,1000.0,86500000.0,0.0,0.0,118.0,181940.0,56.0,90370.0,4.563786441083343,2799518.0,,,,1000.0
2008-08-18T00:00:00,TSC,88.5,86.5,88.0,88.5,88.5,86.5,124770.0,124770.0,0.0,11042145000.0,0.0,48200.0,4240540000.0,0.0,0.0,148.0,147580.0,192.0,281380.0,4.563786441083343,2751318.0,,,,1000.0
2008-08-19T00:00:00,TSC,87.5,84.5,85.5,84.5,84.5,88.5,133290.0,133290.0,0.0,11263005000.0,0.0,32300.0,2774050000.0,500.0,42500000.0,107.0,139940.0,231.0,433240.0,4.563786441083343,2719518.0,,,,1000.0
2008-08-20T00:00:00,TSC,82.0,80.5,80.5,80.5,80.5,84.5,94600.0,94600.0,0.0,7615300000.0,0.0,1000.0,80500000.0,0.0,0.0,112.0,96100.0,182.0,249850.0,4.563786441083343,2718518.0,,,,1000.0
2008-08-21T00:00:00,TSC,84.5,78.0,78.0,84.5,84.5,80.5,113880.0,113880.0,0.0,9622860000.0,0.0,16010.0,1252810000.0,850.0,66300000.0,249.0,293290.0,107.0,117380.0,4.563786441083343,2703358.0,,,,1000.0
2008-08-22T00:00:00,TSC,86.0,81.0,85.0,81.5,81.5,84.5,44500.0,44500.0,0.0,3626750000.0,0.0,150.0,12750000.0,1000.0,81500000.0,99.0,145040.0,148.0,140360.0,4.563786441083343,2704208.0,,,,1000.0
2008-08-25T00:00:00,TSC,85.5,84.0,85.0,85.5,85.5,81.5,109960.0,109960.0,0.0,9401580000.0,0.0,340.0,29000000.0,500.0,42500000.0,143.0,191180.0,81.0,116600.0,4.563786441083343,2704368.0,,,,1000.0
2008-08-26T00:00:00,TSC,89.5,85.5,89.5,87.0,87.0,85.5,89650.0,89650.0,0.0,7799550000.0,0.0,1220.0,108780000.0,760.0,68010000.0,155.0,121930.0,150.0,184850.0,4.563786441083343,2703908.0,,,,1000.0
2008-08-27T00:00:00,TSC,88.0,83.0,84.0,83.0,83.0,87.0,89860.0,89860.0,0.0,7458380000.0,0.0,0.0,0.0,0.0,0.0,150.0,119740.0,197.0,264010.0,4.563786441083343,2703908.0,,,,1000.0
2008-08-28T00:00:00,TSC,79.0,79.0,79.0,79.0,79.0,83.0,33600.0,33600.0,0.0,2654400000.0,0.0,1300.0,102700000.0,0.0,0.0,58.0,33600.0,107.0,99580.0,4.563786441083343,2702608.0,,,,1000.0
2008-08-29T00:00:00,TSC,76.0,75.5,75.5,75.5,75.5,79.0,62580.0,62580.0,0.0,4724790000.0,0.0,0.0,0.0,150.0,11325000.0,102.0,62580.0,76.0,76270.0,4.563786441083343,2702758.0,,,,1000.0
2008-09-03T00:00:00,TSC,79.0,79.0,79.0,79.0,79.0,75.5,27490.0,27490.0,0.0,2171710000.0,0.0,0.0,0.0,500.0,39500000.0,109.0,207700.0,27.0,27490.0,4.563786441083343,2703258.0,,,,1000.0
2008-09-04T00:00:00,TSC,82.0,75.5,80.0,82.0,82.0,79.0,80390.0,80390.0,0.0,6591980000.0,0.0,1210.0,96800000.0,0.0,0.0,108.0,147690.0,98.0,136480.0,4.563786441083343,2702048.0,,,,1000.0
2008-09-05T00:00:00,TSC,81.0,78.5,81.0,78.5,78.5,82.0,20850.0,20850.0,0.0,1636725000.0,0.0,0.0,0.0,500.0,39250000.0,48.0,50040.0,84.0,72160.0,4.563786441083343,2702548.0,,,,1000.0
2008-09-08T00:00:00,TSC,78.0,75.0,75.0,75.0,75.0,78.5,52320.0,52320.0,0.0,3924000000.0,0.0,0.0,0.0,1000.0,75000000.0,63.0,53430.0,100.0,88820.0,4.563786441083343,2703548.0,,,,1000.0
2008-09-09T00:00:00,TSC,78.5,75.0,78.0,75.0,75.0,75.0,20400.0,20400.0,0.0,1530000000.0,0.0,550.0,42400000.0,20.0,1570000.0,76.0,77040.0,67.0,51090.0,4.563786441083343,2703018.0,,,,1000.0
2008-09-10T00:00:00,TSC,78.0,71.5,78.0,72.0,72.0,75.0,28440.0,28440.0,0.0,2047680000.0,0.0,2320.0,168660000.0,4000.0,288230000.0,74.0,71360.0,61.0,58340.0,4.563786441083343,2704698.0,,,,1000.0
2008-09-11T00:00:00,TSC,68.5,68.5,68.5,68.5,68.5,72.0,74600.0,74600.0,0.0,5110100000.0,0.0,55000.0,3767500000.0,48810.0,3343485000.0,46.0,74600.0,81.0,236750.0,4.563786441083343,2698508.0,,,,1000.0
2008-09-12T00:00:00,TSC,65.5,65.5,65.5,65.5,65.5,68.5,7680.0,7680.0,0.0,503040000.0,0.0,650.0,42575000.0,0.0,0.0,19.0,7680.0,76.0,222390.0,4.563786441083343,2697858.0,,,,1000.0
2008-09-15T00:00:00,TSC,68.5,62.5,62.5,65.5,65.5,65.5,98240.0,98240.0,0.0,6434720000.0,0.0,55510.0,3499895000.0,20.0,1370000.0,120.0,144340.0,87.0,139080.0,4.563786441083343,2642368.0,,,,1000.0
2008-09-16T00:00:00,TSC,63.0,62.5,63.0,62.5,62.5,65.5,20320.0,20320.0,0.0,1270000000.0,0.0,0.0,0.0,8500.0,531250000.0,34.0,20380.0,61.0,88230.0,4.563786441083343,2650868.0,,,,1000.0
2008-09-17T00:00:00,TSC,60.0,59.5,59.5,59.5,59.5,62.5,48530.0,48530.0,0.0,2887535000.0,0.0,13500.0,803250000.0,0.0,0.0,43.0,48930.0,82.0,93020.0,4.563786441083343,2637368.0,,,,1000.0
2008-09-18T00:00:00,TSC,57.0,57.0,57.0,57.0,57.0,59.5,9570.0,9570.0,0.0,545490000.0,0.0,4170.0,237690000.0,0.0,0.0,14.0,9570.0,47.0,129490.0,4.563786441083343,2633198.0,,,,1000.0
2008-09-19T00:00:00,TSC,59.5,59.0,59.5,59.5,59.5,57.0,284130.0,284130.0,0.0,16905735000.0,0.0,31950.0,19010000000.0,51587.0,30678115000.0,389.0,476660.0,50.0,324660.0,4.563786441083343,2829568.0,,,,1000.0
2008-09-22T00:00:00,TSC,62.0,62.0,62.0,62.0,62.0,59.5,297020.0,297020.0,0.0,18415240000.0,0.0,12910.0,800420000.0,260050.0,16123100000.0,312.0,542040.0,34.0,297020.0,4.563786441083343,3076708.0,,,,1000.0
2008-09-23T00:00:00,TSC,63.5,59.0,59.0,62.0,62.0,62.0,81690.0,81690.0,0.0,5064780000.0,0.0,5000.0,303550000.0,8890.0,524510000.0,77.0,97480.0,123.0,171240.0,4.563786441083343,3080598.0,,,,1000.0
2008-09-24T00:00:00,TSC,62.0,59.0,60.5,59.0,59.0,62.0,31780.0,31780.0,0.0,1875020000.0,0.0,200.0,11800000.0,0.0,0.0,56.0,37370.0,62.0,57300.0,4.563786441083343,3080398.0,,,,1000.0
2008-09-25T00:00:00,TSC,61.0,59.0,59.0,61.0,61.0,59.0,36330.0,36330.0,0.0,2216130000.0,0.0,0.0,0.0,0.0,0.0,91.0,105720.0,84.0,60610.0,4.563786441083343,3080398.0,,,,1000.0
2008-09-26T00:00:00,TSC,62.0,59.0,62.0,61.0,61.0,61.0,72660.0,72660.0,0.0,4432260000.0,0.0,3140.0,185260000.0,0.0,0.0,78.0,149980.0,161.0,168870.0,4.563786441083343,3077258.0,,,,1000.0
2008-09-29T00:00:00,TSC,64.0,61.5,64.0,64.0,64.0,61.0,206680.0,206680.0,0.0,13227520000.0,0.0,100.0,6400000.0,520.0,33260000.0,107.0,309700.0,152.0,218650.0,4.563786441083343,3077678.0,,,,1000.0
2008-09-30T00:00:00,TSC,61.0,61.0,61.0,61.0,61.0,64.0,5900.0,5900.0,0.0,359900000.0,0.0,0.0,0.0,0.0,0.0,6.0,5900.0,140.0,120320.0,4.563786441083343,3077678.0,,,,1000.0
2008-10-01T00:00:00,TSC,63.5,60.0,63.5,62.0,62.0,61.0,39470.0,39470.0,0.0,2447140000.0,0.0,0.0,0.0,0.0,0.0,67.0,69420.0,81.0,60290.0,4.563786441083343,3077678.0,,,,1000.0
2008-10-02T00:00:00,TSC,63.5,62.0,63.0,63.5,63.5,62.0,32210.0,32210.0,0.0,2045335000.0,0.0,0.0,0.0,0.0,0.0,64.0,75420.0,87.0,67820.0,4.563786441083343,3077678.0,,,,1000.0
2008-10-03T00:00:00,TSC,64.0,63.5,63.5,63.5,63.5,63.5,47010.0,47010.0,0.0,2985135000.0,0.0,0.0,0.0,0.0,0.0,70.0,69960.0,121.0,116250.0,4.563786441083343,3077678.0,,,,1000.0
2008-10-06T00:00:00,TSC,61.5,60.5,61.5,60.5,60.5,63.5,38530.0,38530.0,0.0,2331065000.0,0.0,6640.0,401720000.0,100.0,6150000.0,37.0,51870.0,90.0,66320.0,4.563786441083343,3071138.0,,,,1000.0
2008-10-07T00:00:00,TSC,57.5,57.5,57.5,57.5,57.5,60.5,47870.0,47870.0,0.0,2752525000.0,0.0,8000.0,460000000.0,0.0,0.0,51.0,48370.0,79.0,69050.0,4.563786441083343,3063138.0,,,,1000.0
2008-10-08T00:00:00,TSC,58.0,55.0,55.0,55.0,55.0,57.5,28020.0,28020.0,0.0,1541100000.0,0.0,100.0,5500000.0,0.0,0.0,60.0,37310.0,57.0,36760.0,4.563786441083343,3063038.0,,,,1000.0
2008-10-09T00:00:00,TSC,57.5,53.0,53.0,55.0,55.0,55.0,57200.0,57200.0,0.0,3146000000.0,0.0,4000.0,212000000.0,1020.0,54130000.0,93.0,119480.0,89.0,100820.0,4.563786441083343,3060058.0,,,,1000.0
2008-10-10T00:00:00,TSC,52.5,52.5,52.5,52.5,52.5,55.0,12970.0,12970.0,0.0,680925000.0,0.0,50.0,2625000.0,0.0,0.0,19.0,12970.0,36.0,74570.0,4.563786441083343,3060008.0,,,,1000.0
2008-10-13T00:00:00,TSC,54.5,49.9,54.5,50.0,50.0,52.5,30440.0,30440.0,0.0,1522000000.0,0.0,520.0,26010000.0,0.0,0.0,50.0,35590.0,58.0,51010.0,4.563786441083343,3059488.0,,,,1000.0
2008-10-14T00:00:00,TSC,52.5,52.5,52.5,52.5,52.5,50.0,510.0,510.0,0.0,26775000.0,0.0,0.0,0.0,0.0,0.0,422.0,1086610.0,2.0,510.0,4.563786441083343,3059488.0,,,,1000.0
2008-10-15T00:00:00,TSC,55.0,55.0,55.0,55.0,55.0,52.5,420.0,420.0,0.0,23100000.0,0.0,0.0,0.0,0.0,0.0,269.0,651780.0,3.0,420.0,4.563786441083343,3059488.0,,,,1000.0
2008-10-16T00:00:00,TSC,57.5,57.5,57.5,57.5,57.5,55.0,70280.0,70280.0,0.0,4041100000.0,0.0,0.0,0.0,50000.0,2875000000.0,549.0,512530.0,40.0,70280.0,4.563786441083343,3109488.0,,,,1000.0
2008-10-17T00:00:00,TSC,60.0,60.0,60.0,60.0,60.0,57.5,2580.0,2580.0,0.0,154800000.0,0.0,0.0,0.0,1000.0,60000000.0,499.0,623610.0,9.0,3080.0,4.563786441083343,3110488.0,,,,1000.0
2008-10-20T00:00:00,TSC,63.0,62.5,63.0,62.5,62.5,60.0,146400.0,146400.0,0.0,9150000000.0,0.0,1000.0,62500000.0,52070.0,3257910000.0,147.0,359050.0,69.0,258650.0,4.563786441083343,3161558.0,,,,1000.0
2008-10-21T00:00:00,TSC,62.0,59.5,62.0,61.0,61.0,62.5,78010.0,78010.0,0.0,4758610000.0,0.0,0.0,0.0,35000.0,2165550000.0,106.0,88720.0,120.0,186010.0,4.563786441083343,3196558.0,,,,1000.0
2008-10-22T00:00:00,TSC,58.5,58.0,58.5,58.0,58.0,61.0,54990.0,54990.0,0.0,3189420000.0,0.0,25000.0,1450000000.0,0.0,0.0,54.0,54990.0,71.0,141560.0,4.563786441083343,3171558.0,,,,1000.0
2008-10-23T00:00:00,TSC,55.5,55.5,55.5,55.5,55.5,58.0,7000.0,7000.0,0.0,388500000.0,0.0,0.0,0.0,0.0,0.0,10.0,7000.0,65.0,226040.0,4.563786441083343,3171558.0,,,,1000.0
2008-10-24T00:00:00,TSC,55.0,53.0,53.0,53.0,53.0,55.5,93260.0,93260.0,0.0,4942780000.0,0.0,3020.0,160060000.0,0.0,0.0,66.0,99310.0,76.0,142070.0,4.563786441083343,3168538.0,,,,1000.0
2008-10-27T00:00:00,TSC,52.0,50.5,50.5,50.5,50.5,53.0,113070.0,113070.0,0.0,5710035000.0,0.0,20.0,1010000.0,0.0,0.0,58.0,124990.0,82.0,135050.0,4.563786441083343,3168518.0,,,,1000.0
2008-10-28T00:00:00,TSC,52.5,48.0,48.0,48.3,48.3,50.5,70780.0,70780.0,0.0,3418674000.0,0.0,10.0,480000.0,600.0,28800000.0,79.0,89160.0,67.0,100460.0,4.563786441083343,3169108.0,,,,1000.0
2008-10-29T00:00:00,TSC,50.5,48.5,50.5,50.5,50.5,48.3,100510.0,100510.0,0.0,5075755000.0,0.0,5330.0,269160000.0,0.0,0.0,153.0,307850.0,34.0,106610.0,4.563786441083343,3163778.0,,,,1000.0
2008-10-30T00:00:00,TSC,52.5,50.5,51.5,52.5,52.5,50.5,45690.0,45690.0,0.0,2398725000.0,0.0,5320.0,268980000.0,0.0,0.0,75.0,86220.0,69.0,63830.0,4.563786441083343,3158458.0,,,,1000.0
2008-10-31T00:00:00,TSC,54.0,52.0,52.5,53.0,53.0,52.5,24440.0,24440.0,0.0,1295320000.0,0.0,620.0,32550000.0,3000.0,157500000.0,57.0,45290.0,77.0,54600.0,4.563786441083343,3160838.0,,,,1000.0
2008-11-03T00:00:00,TSC,53.0,50.5,53.0,51.5,51.5,53.0,61250.0,61250.0,0.0,3154375000.0,0.0,4000.0,207350000.0,0.0,0.0,79.0,84980.0,94.0,130720.0,4.563786441083343,3156838.0,,,,1000.0
2008-11-04T00:00:00,TSC,54.0,49.4,50.0,54.0,54.0,51.5,54920.0,54920.0,0.0,2965680000.0,0.0,3000.0,150000000.0,3300.0,175500000.0,146.0,121650.0,50.0,60520.0,4.563786441083343,3157138.0,,,,1000.0
2008-11-05T00:00:00,TSC,56.0,53.5,56.0,55.5,55.5,54.0,76760.0,76760.0,0.0,4260180000.0,0.0,0.0,0.0,0.0,0.0,110.0,119070.0,93.0,135860.0,4.563786441083343,3157138.0,,,,1000.0
2008-11-06T00:00:00,TSC,55.5,53.0,53.0,53.0,53.0,55.5,33350.0,33350.0,0.0,1767550000.0,0.0,3150.0,166950000.0,100.0,5400000.0,44.0,42350.0,110.0,131580.0,4.563786441083343,3154088.0,,,,1000.0
2008-11-07T00:00:00,TSC,50.5,50.5,50.5,50.5,50.5,53.0,28920.0,28920.0,0.0,1460460000.0,0.0,0.0,0.0,5000.0,252500000.0,55.0,28920.0,75.0,73240.0,4.563786441083343,3159088.0,,,,1000.0
2008-11-10T00:00:00,TSC,51.5,50.0,50.5,50.0,50.0,50.5,39760.0,39760.0,0.0,1988000000.0,0.0,20.0,1020000.0,0.0,0.0,83.0,64720.0,78.0,80430.0,4.563786441083343,3159068.0,,,,1000.0
2008-11-11T00:00:00,TSC,48.0,47.5,47.5,47.5,47.5,50.0,42390.0,42390.0,0.0,2013525000.0,0.0,60.0,2850000.0,0.0,0.0,84.0,42640.0,58.0,75620.0,4.563786441083343,3159008.0,,,,1000.0
2008-11-12T00:00:00,TSC,46.0,45.2,45.2,45.2,45.2,47.5,31260.0,31260.0,0.0,1412952000.0,0.0,0.0,0.0,0.0,0.0,76.0,33290.0,47.0,54940.0,4.563786441083343,3159008.0,,,,1000.0
2008-11-13T00:00:00,TSC,46.0,45.2,45.4,46.0,46.0,45.2,26460.0,26460.0,0.0,1217160000.0,0.0,1000.0,46000000.0,0.0,0.0,106.0,46220.0,30.0,48520.0,4.563786441083343,3158008.0,,,,1000.0
2008-11-14T00:00:00,TSC,48.3,47.0,48.3,47.1,47.1,46.0,26160.0,26160.0,0.0,1232136000.0,0.0,10.0,483000.0,0.0,0.0,62.0,43370.0,36.0,44930.0,4.563786441083343,3157998.0,,,,1000.0
2008-11-17T00:00:00,TSC,48.0,45.2,45.3,45.2,45.2,47.1,11780.0,11780.0,0.0,532456000.0,0.0,0.0,0.0,0.0,0.0,43.0,23970.0,39.0,22080.0,4.563786441083343,3157998.0,,,,1000.0
2008-11-18T00:00:00,TSC,45.2,43.5,45.2,44.0,44.0,45.2,10360.0,10360.0,0.0,455840000.0,0.0,0.0,0.0,0.0,0.0,65.0,29290.0,26.0,16650.0,4.563786441083343,3157998.0,,,,1000.0
2008-11-19T00:00:00,TSC,45.4,43.5,45.4,43.9,43.9,44.0,4780.0,4780.0,0.0,209842000.0,0.0,0.0,0.0,0.0,0.0,46.0,21920.0,51.0,21500.0,4.563786441083343,3157998.0,,,,1000.0
2008-11-20T00:00:00,TSC,42.2,41.8,42.0,41.8,41.8,43.9,29580.0,29580.0,0.0,1236444000.0,0.0,200.0,8420000.0,0.0,0.0,62.0,30780.0,52.0,52010.0,4.563786441083343,3157798.0,,,,1000.0
2008-11-21T00:00:00,TSC,41.7,39.8,39.8,39.8,39.8,41.8,26920.0,26920.0,0.0,1071416000.0,0.0,300.0,12000000.0,11970.0,478606000.0,71.0,28960.0,47.0,296890.0,4.563786441083343,3169468.0,,,,1000.0
2008-11-24T00:00:00,TSC,37.9,37.9,37.9,37.9,37.9,39.8,28460.0,28460.0,0.0,1078634000.0,0.0,50.0,1895000.0,23670.0,897093000.0,50.0,28460.0,44.0,308320.0,4.563786441083343,3193088.0,,,,1000.0
2008-11-25T00:00:00,TSC,36.1,36.1,36.1,36.1,36.1,37.9,28710.0,28710.0,0.0,1036431000.0,0.0,0.0,0.0,22110.0,798171000.0,39.0,28710.0,58.0,175900.0,4.563786441083343,3215198.0,,,,1000.0
2008-11-26T00:00:00,TSC,34.3,34.3,34.3,34.3,34.3,36.1,6670.0,6670.0,0.0,228781000.0,0.0,500.0,17150000.0,0.0,0.0,12.0,6670.0,64.0,136530.0,4.563786441083343,3214698.0,,,,1000.0
2008-11-27T00:00:00,TSC,32.6,32.6,32.6,32.6,32.6,34.3,24310.0,24310.0,0.0,792506000.0,0.0,6100.0,198860000.0,20720.0,675472000.0,19.0,24310.0,59.0,157460.0,4.563786441083343,3229318.0,,,,1000.0
2008-11-28T00:00:00,TSC,34.2,32.6,32.6,34.2,34.2,32.6,123630.0,123630.0,0.0,4228146000.0,0.0,0.0,0.0,61530.0,2005878000.0,215.0,338900.0,57.0,123630.0,4.563786441083343,3290848.0,,,,1000.0
2008-12-01T00:00:00,TSC,35.9,35.0,35.9,35.9,35.9,34.2,78130.0,78130.0,0.0,2804867000.0,0.0,0.0,0.0,0.0,0.0,112.0,152660.0,63.0,81420.0,4.563786441083343,3290848.0,,,,1000.0
2008-12-02T00:00:00,TSC,37.6,35.0,35.0,37.6,37.6,35.9,35630.0,35630.0,0.0,1339688000.0,0.0,0.0,0.0,0.0,0.0,106.0,82650.0,63.0,37750.0,4.563786441083343,3290848.0,,,,1000.0
2008-12-03T00:00:00,TSC,39.4,37.7,39.4,39.0,39.0,37.6,83260.0,83260.0,0.0,3247140000.0,0.0,0.0,0.0,0.0,0.0,153.0,188330.0,63.0,91320.0,4.563786441083343,3290848.0,,,,1000.0
2008-12-04T00:00:00,TSC,39.5,38.5,39.0,39.0,39.0,39.0,53340.0,53340.0,0.0,2080260000.0,0.0,0.0,0.0,0.0,0.0,69.0,89930.0,103.0,82900.0,4.563786441083343,3290848.0,,,,1000.0
2008-12-05T00:00:00,TSC,38.0,37.1,37.3,37.1,37.1,39.0,20690.0,20690.0,0.0,767599000.0,0.0,1050.0,38955000.0,0.0,0.0,41.0,32480.0,81.0,56590.0,4.563786441083343,3289798.0,,,,1000.0
2008-12-08T00:00:00,TSC,35.3,35.3,35.3,35.3,35.3,37.1,7150.0,7150.0,0.0,252395000.0,0.0,50.0,1765000.0,0.0,0.0,6.0,7150.0,84.0,60340.0,4.563786441083343,3289748.0,,,,1000.0
2008-12-09T00:00:00,TSC,35.5,34.0,34.0,34.4,34.4,35.3,42960.0,42960.0,0.0,1477824000.0,0.0,0.0,0.0,0.0,0.0,81.0,93210.0,61.0,66750.0,4.563786441083343,3289748.0,,,,1000.0
2008-12-10T00:00:00,TSC,34.3,32.8,33.4,33.0,33.0,34.4,80420.0,80420.0,0.0,2653860000.0,0.0,0.0,0.0,0.0,0.0,63.0,129220.0,60.0,96630.0,4.563786441083343,3289748.0,,,,1000.0
2008-12-11T00:00:00,TSC,31.8,30.0,31.5,31.4,31.4,33.0,9960.0,9960.0,0.0,312744000.0,0.0,1000.0,31500000.0,0.0,0.0,42.0,18190.0,37.0,18380.0,4.287193323441921,3288748.0,,,,1000.0
2008-12-12T00:00:00,TSC,32.9,32.8,32.9,32.9,32.9,31.4,10740.0,10740.0,0.0,353346000.0,0.0,0.0,0.0,0.0,0.0,60.0,34090.0,17.0,10740.0,4.287193323441921,3288748.0,,,,1000.0
2008-12-15T00:00:00,TSC,34.4,33.3,34.4,34.2,34.2,32.9,20920.0,20920.0,0.0,715464000.0,0.0,0.0,0.0,0.0,0.0,40.0,42110.0,43.0,35810.0,4.287193323441921,3288748.0,,,,1000.0
2008-12-16T00:00:00,TSC,32.5,32.5,32.5,32.5,32.5,34.2,13600.0,13600.0,0.0,442000000.0,0.0,50.0,1625000.0,0.0,0.0,16.0,14600.0,60.0,47420.0,4.287193323441921,3288698.0,,,,1000.0
2008-12-17T00:00:00,TSC,32.5,31.1,32.5,31.2,31.2,32.5,8780.0,8780.0,0.0,273936000.0,0.0,0.0,0.0,800.0,24960000.0,54.0,23440.0,36.0,18340.0,4.287193323441921,3289498.0,,,,1000.0
2008-12-18T00:00:00,TSC,31.9,30.5,31.2,31.9,31.9,31.2,22870.0,22870.0,0.0,729553000.0,0.0,800.0,24960000.0,0.0,0.0,59.0,42010.0,46.0,35200.0,4.287193323441921,3288698.0,,,,1000.0
2008-12-19T00:00:00,TSC,32.5,31.6,31.6,32.0,32.0,31.9,9830.0,9830.0,0.0,314560000.0,0.0,0.0,0.0,0.0,0.0,29.0,17470.0,30.0,19090.0,4.287193323441921,3288698.0,,,,1000.0
2008-12-22T00:00:00,TSC,32.9,32.0,32.0,32.9,32.9,32.0,26430.0,26430.0,0.0,869547000.0,0.0,1000.0,32000000.0,10000.0,321800000.0,63.0,49760.0,32.0,38110.0,4.287193323441921,3297698.0,,,,1000.0
2008-12-23T00:00:00,TSC,32.4,31.6,31.6,31.8,31.8,32.9,9100.0,9100.0,0.0,289380000.0,0.0,200.0,6360000.0,0.0,0.0,31.0,29030.0,24.0,15740.0,4.287193323441921,3297498.0,,,,1000.0
2008-12-24T00:00:00,TSC,32.2,30.7,30.7,31.8,31.8,31.8,9400.0,9400.0,0.0,298920000.0,0.0,10.0,307000.0,0.0,0.0,50.0,39560.0,29.0,14380.0,4.287193323441921,3297488.0,,,,1000.0
2008-12-25T00:00:00,TSC,32.0,31.3,31.3,32.0,32.0,31.8,7040.0,7040.0,0.0,225280000.0,0.0,0.0,0.0,0.0,0.0,36.0,24070.0,23.0,13730.0,4.287193323441921,3297488.0,,,,1000.0
2008-12-26T00:00:00,TSC,32.4,32.3,32.4,32.3,32.3,32.0,3740.0,3740.0,0.0,120802000.0,0.0,0.0,0.0,0.0,0.0,25.0,10240.0,23.0,17760.0,4.287193323441921,3297488.0,,,,1000.0
2008-12-29T00:00:00,TSC,32.3,31.3,32.3,31.6,31.6,32.3,5650.0,5650.0,0.0,178540000.0,0.0,500.0,16150000.0,0.0,0.0,30.0,17500.0,22.0,22120.0,4.287193323441921,3296988.0,,,,1000.0
2008-12-30T00:00:00,TSC,33.1,32.0,32.0,33.0,33.0,31.6,20320.0,20320.0,0.0,670560000.0,0.0,620.0,20262000.0,0.0,0.0,41.0,37490.0,54.0,27610.0,4.287193323441921,3296368.0,,,,1000.0
2008-12-31T00:00:00,TSC,33.9,32.6,32.6,32.6,32.6,33.0,10710.0,10710.0,0.0,349146000.0,0.0,100.0,3270000.0,0.0,0.0,21.0,15420.0,42.0,30430.0,4.287193323441921,3296268.0,,,,1000.0
2009-01-02T00:00:00,TSC,33.6,31.6,31.6,33.6,33.6,32.6,10970.0,10970.0,0.0,368592000.0,0.0,0.0,0.0,0.0,0.0,31.0,29680.0,27.0,28770.0,4.287193323441921,3296268.0,,,,1000.0
2009-01-05T00:00:00,TSC,33.8,33.0,33.6,33.2,33.2,33.6,6050.0,6050.0,0.0,200860000.0,0.0,0.0,0.0,0.0,0.0,26.0,16660.0,30.0,25660.0,4.287193323441921,3296268.0,,,,1000.0
2009-01-06T00:00:00,TSC,33.7,33.2,33.2,33.6,33.6,33.2,14910.0,14910.0,0.0,500976000.0,0.0,660.0,21912000.0,0.0,0.0,42.0,29250.0,29.0,30200.0,4.287193323441921,3295608.0,,,,1000.0
2009-01-07T00:00:00,TSC,35.2,35.0,35.1,35.0,35.0,33.6,28630.0,28630.0,0.0,1002050000.0,0.0,540.0,18904000.0,0.0,0.0,53.0,54520.0,52.0,46030.0,4.287193323441921,3295068.0,,,,1000.0
2009-01-08T00:00:00,TSC,35.0,34.0,35.0,34.8,34.8,35.0,18680.0,18680.0,0.0,650064000.0,0.0,100.0,3400000.0,0.0,0.0,26.0,27200.0,53.0,39600.0,4.287193323441921,3294968.0,,,,1000.0
2009-01-09T00:00:00,TSC,34.8,33.1,34.2,33.5,33.5,34.8,29980.0,29980.0,0.0,1004330000.0,0.0,0.0,0.0,0.0,0.0,54.0,46750.0,18.0,59770.0,4.287193323441921,3294968.0,,,,1000.0
2009-01-12T00:00:00,TSC,33.5,33.0,33.5,33.0,33.0,33.5,2620.0,2620.0,0.0,86460000.0,0.0,0.0,0.0,0.0,0.0,25.0,14900.0,11.0,8940.0,4.287193323441921,3294968.0,,,,1000.0
2009-01-13T00:00:00,TSC,33.0,32.6,33.0,32.6,32.6,33.0,9160.0,9160.0,0.0,298616000.0,0.0,0.0,0.0,0.0,0.0,26.0,14180.0,31.0,27810.0,4.287193323441921,3294968.0,,,,1000.0
2009-01-14T00:00:00,TSC,32.6,32.0,32.6,32.1,32.1,32.6,12970.0,12970.0,0.0,416337000.0,0.0,0.0,0.0,0.0,0.0,22.0,16920.0,28.0,27440.0,4.287193323441921,3294968.0,,,,1000.0
2009-01-15T00:00:00,TSC,32.0,30.6,31.0,31.5,31.5,32.1,25900.0,25900.0,0.0,815850000.0,0.0,20.0,630000.0,0.0,0.0,62.0,54400.0,22.0,40070.0,4.287193323441921,3294948.0,,,,1000.0
2009-01-16T00:00:00,TSC,32.8,31.2,31.2,31.5,31.5,31.5,36060.0,36060.0,0.0,1135890000.0,0.0,0.0,0.0,0.0,0.0,72.0,71120.0,27.0,50390.0,4.287193323441921,3294948.0,,,,1000.0
2009-01-19T00:00:00,TSC,32.3,31.5,32.3,31.9,31.9,31.5,10550.0,10550.0,0.0,336545000.0,0.0,0.0,0.0,0.0,0.0,35.0,26890.0,45.0,34830.0,4.287193323441921,3294948.0,,,,1000.0
2009-01-20T00:00:00,TSC,31.9,31.7,31.9,31.8,31.8,31.9,8660.0,8660.0,0.0,275388000.0,0.0,0.0,0.0,0.0,0.0,34.0,31680.0,25.0,16400.0,4.287193323441921,3294948.0,,,,1000.0
2009-01-21T00:00:00,TSC,32.0,31.5,31.5,32.0,32.0,31.8,2960.0,2960.0,0.0,94720000.0,0.0,940.0,30080000.0,0.0,0.0,26.0,12430.0,15.0,6470.0,4.287193323441921,3294008.0,,,,1000.0
2009-01-22T00:00:00,TSC,32.0,31.6,32.0,31.6,31.6,32.0,9050.0,9050.0,0.0,285980000.0,0.0,100.0,3160000.0,1860.0,59290000.0,33.0,15680.0,36.0,26800.0,4.287193323441921,3295768.0,,,,1000.0
2009-01-23T00:00:00,TSC,32.0,31.5,31.5,31.5,31.5,31.6,23190.0,23190.0,0.0,730485000.0,0.0,260.0,8190000.0,18140.0,571810000.0,47.0,27890.0,25.0,31070.0,4.287193323441921,3293648.0,,,,1000.0
2009-02-02T00:00:00,TSC,31.0,30.0,30.0,30.0,30.0,31.5,50500.0,50500.0,0.0,1515000000.0,0.0,2460.0,73920000.0,0.0,0.0,50.0,51350.0,28.0,68630.0,4.287193323441921,3311188.0,,,,1000.0
2009-02-03T00:00:00,TSC,28.7,28.5,28.6,28.5,28.5,30.0,54270.0,54270.0,0.0,1546695000.0,0.0,0.0,0.0,0.0,0.0,67.0,62870.0,38.0,130140.0,4.287193323441921,3311188.0,,,,1000.0
2009-02-04T00:00:00,TSC,27.6,27.1,27.1,27.1,27.1,28.5,45990.0,45990.0,0.0,1246329000.0,0.0,0.0,0.0,0.0,0.0,70.0,54490.0,51.0,99650.0,4.287193323441921,3311188.0,,,,1000.0
2009-02-05T00:00:00,TSC,26.0,25.8,25.8,25.8,25.8,27.1,36050.0,36050.0,0.0,930090000.0,0.0,130.0,3354000.0,0.0,0.0,46.0,37770.0,29.0,90240.0,4.287193323441921,3311058.0,,,,1000.0
2009-02-06T00:00:00,TSC,27.0,26.0,27.0,27.0,27.0,25.8,52920.0,52920.0,0.0,1428840000.0,0.0,0.0,0.0,0.0,0.0,76.0,122720.0,40.0,55320.0,4.287193323441921,3311058.0,,,,1000.0
2009-02-09T00:00:00,TSC,27.0,26.5,27.0,27.0,27.0,27.0,51870.0,51870.0,0.0,1400490000.0,0.0,0.0,0.0,0.0,0.0,64.0,106680.0,33.0,52870.0,4.0966513979556005,3311058.0,,,,1000.0
2009-02-10T00:00:00,TSC,27.0,26.0,26.0,26.3,26.3,27.0,13480.0,13480.0,0.0,354524000.0,0.0,0.0,0.0,0.0,0.0,42.0,40400.0,60.0,45230.0,4.0966513979556005,3311058.0,,,,1000.0
2009-02-11T00:00:00,TSC,25.3,25.0,25.3,25.0,25.0,26.3,36340.0,36340.0,0.0,908500000.0,0.0,0.0,0.0,0.0,0.0,49.0,43030.0,47.0,77020.0,4.0966513979556005,3311058.0,,,,1000.0
2009-02-12T00:00:00,TSC,25.0,23.8,24.2,23.8,23.8,25.0,58550.0,58550.0,0.0,1393490000.0,0.0,0.0,0.0,20000.0,476000000.0,62.0,60240.0,42.0,92270.0,4.0966513979556005,3331058.0,,,,1000.0
2009-02-13T00:00:00,TSC,24.9,23.0,23.8,23.7,23.7,23.8,15210.0,15210.0,0.0,360477000.0,0.0,0.0,0.0,1540.0,36498000.0,49.0,41820.0,41.0,34410.0,4.0966513979556005,3332598.0,,,,1000.0
2009-02-16T00:00:00,TSC,23.9,23.5,23.7,23.9,23.9,23.7,8800.0,8800.0,0.0,210320000.0,0.0,0.0,0.0,0.0,0.0,57.0,35530.0,31.0,24200.0,4.0966513979556005,3332598.0,,,,1000.0
2009-02-17T00:00:00,TSC,24.0,23.2,24.0,23.6,23.6,23.9,20160.0,20160.0,0.0,475776000.0,0.0,0.0,0.0,0.0,0.0,58.0,95330.0,37.0,38050.0,4.0966513979556005,3332598.0,,,,1000.0
2009-02-18T00:00:00,TSC,22.7,22.5,22.7,22.5,22.5,23.6,98790.0,98790.0,0.0,2222775000.0,0.0,0.0,0.0,0.0,0.0,63.0,101190.0,42.0,121510.0,4.0966513979556005,3332598.0,,,,1000.0
2009-02-19T00:00:00,TSC,23.6,22.5,23.2,23.6,23.6,22.5,18620.0,18620.0,0.0,439432000.0,0.0,1000.0,23260000.0,0.0,0.0,51.0,43420.0,37.0,30850.0,4.0966513979556005,3331598.0,,,,1000.0
2009-02-20T00:00:00,TSC,24.5,23.7,24.5,24.5,24.5,23.6,33590.0,33590.0,0.0,822955000.0,0.0,0.0,0.0,0.0,0.0,56.0,57760.0,64.0,60390.0,4.0966513979556005,3331598.0,,,,1000.0
2009-02-23T00:00:00,TSC,24.4,23.3,24.0,24.4,24.4,24.5,27630.0,27630.0,0.0,674172000.0,0.0,0.0,0.0,0.0,0.0,44.0,33540.0,58.0,54390.0,4.0966513979556005,3331598.0,,,,1000.0
2009-02-24T00:00:00,TSC,24.0,23.2,23.8,23.2,23.2,24.4,29790.0,29790.0,0.0,691128000.0,0.0,0.0,0.0,0.0,0.0,37.0,30290.0,42.0,110930.0,4.0966513979556005,3331598.0,,,,1000.0
2009-02-25T00:00:00,TSC,24.2,23.3,23.5,24.2,24.2,23.2,38020.0,38020.0,0.0,920084000.0,0.0,1100.0,25910000.0,0.0,0.0,89.0,117340.0,37.0,52310.0,4.0966513979556005,3330498.0,,,,1000.0
2009-02-26T00:00:00,TSC,24.2,23.9,24.2,24.2,24.2,24.2,15140.0,15140.0,0.0,366388000.0,0.0,0.0,0.0,0.0,0.0,25.0,30010.0,78.0,52990.0,4.0966513979556005,3330498.0,,,,1000.0
2009-02-27T00:00:00,TSC,24.2,23.7,23.7,24.2,24.2,24.2,18470.0,18470.0,0.0,446974000.0,0.0,1000.0,24200000.0,100.0,2370000.0,58.0,54710.0,36.0,35290.0,4.0966513979556005,3329598.0,,,,1000.0
2009-03-02T00:00:00,TSC,24.4,23.8,23.8,24.2,24.2,24.2,11630.0,11630.0,0.0,281446000.0,0.0,1000.0,24100000.0,0.0,0.0,58.0,54710.0,36.0,35290.0,4.0966513979556005,3328598.0,,,,1000.0
2009-03-03T00:00:00,TSC,24.1,23.7,23.8,23.8,23.8,24.2,18800.0,18800.0,0.0,447440000.0,0.0,1000.0,23900000.0,2000.0,47600000.0,61.0,38680.0,39.0,40600.0,4.0966513979556005,3329598.0,,,,1000.0
2009-03-04T00:00:00,TSC,24.6,23.8,23.8,24.6,24.6,23.8,9440.0,9440.0,0.0,232224000.0,0.0,500.0,12299000.0,0.0,0.0,57.0,34030.0,55.0,28840.0,4.0966513979556005,3329098.0,,,,1000.0
2009-03-05T00:00:00,TSC,25.8,25.4,25.8,25.8,25.8,24.6,100640.0,100640.0,0.0,2596512000.0,0.0,0.0,0.0,2640.0,67919000.0,143.0,130280.0,81.0,116240.0,4.0966513979556005,3331738.0,,,,1000.0
2009-03-06T00:00:00,TSC,26.5,25.3,25.7,26.5,26.5,25.8,28840.0,28840.0,0.0,764260000.0,0.0,0.0,0.0,700.0,18200000.0,87.0,55980.0,80.0,62150.0,4.0966513979556005,3332438.0,,,,1000.0
2009-03-09T00:00:00,TSC,27.8,26.8,26.8,27.8,27.8,26.5,37490.0,37490.0,0.0,1042222000.0,0.0,0.0,0.0,0.0,0.0,82.0,172890.0,71.0,43520.0,4.0966513979556005,3332438.0,,,,1000.0
2009-03-10T00:00:00,TSC,29.1,29.1,29.1,29.1,29.1,27.8,13980.0,13980.0,0.0,406818000.0,0.0,0.0,0.0,0.0,0.0,80.0,229610.0,16.0,13980.0,4.0966513979556005,3332438.0,,,,1000.0
2009-03-11T00:00:00,TSC,30.5,30.5,30.5,30.5,30.5,29.1,5570.0,5570.0,0.0,169885000.0,0.0,0.0,0.0,0.0,0.0,92.0,262790.0,9.0,5570.0,4.0966513979556005,3332438.0,,,,1000.0
2009-03-12T00:00:00,TSC,31.7,29.1,30.5,30.9,30.9,30.5,212820.0,212820.0,0.0,6576138000.0,0.0,2000.0,61000000.0,2000.0,60050000.0,0.0,0.0,0.0,0.0,4.0966513979556005,3330438.0,,,,1000.0
2009-03-13T00:00:00,TSC,30.9,30.0,30.0,30.3,30.3,30.9,49690.0,49690.0,0.0,1505607000.0,0.0,100.0,3050000.0,0.0,0.0,80.0,86090.0,150.0,137360.0,4.0966513979556005,3332338.0,,,,1000.0
2009-03-16T00:00:00,TSC,31.4,30.4,30.5,31.4,31.4,30.3,33230.0,33230.0,0.0,1043422000.0,0.0,2100.0,64874000.0,0.0,0.0,51.0,57570.0,64.0,46080.0,4.0966513979556005,3330238.0,,,,1000.0
2009-03-17T00:00:00,TSC,32.9,32.9,32.9,32.9,32.9,31.4,29690.0,29690.0,0.0,976801000.0,0.0,0.0,0.0,0.0,0.0,49.0,134450.0,39.0,29690.0,4.0966513979556005,3330238.0,,,,1000.0
2009-03-18T00:00:00,TSC,34.5,34.5,34.5,34.5,34.5,32.9,26630.0,26630.0,0.0,918735000.0,0.0,0.0,0.0,0.0,0.0,37.0,133580.0,18.0,26630.0,4.0966513979556005,3330238.0,,,,1000.0
2009-03-19T00:00:00,TSC,36.2,33.4,36.1,33.4,33.4,34.5,141810.0,141810.0,0.0,4736454000.0,0.0,3100.0,108710000.0,1000.0,35800000.0,130.0,168270.0,157.0,210490.0,4.0966513979556005,3327138.0,,,,1000.0
2009-03-20T00:00:00,TSC,35.0,33.0,33.3,33.4,33.4,33.4,36060.0,36060.0,0.0,1204404000.0,0.0,500.0,16792000.0,0.0,0.0,114.0,81480.0,83.0,81220.0,4.0966513979556005,3327638.0,,,,1000.0
2009-03-23T00:00:00,TSC,33.6,32.6,33.4,32.9,32.9,33.4,70170.0,70170.0,0.0,2308593000.0,0.0,6800.0,226390000.0,0.0,0.0,74.0,103920.0,90.0,107810.0,4.0966513979556005,3320838.0,,,,1000.0
2009-03-24T00:00:00,TSC,34.5,34.4,34.5,34.5,34.5,32.9,33450.0,33450.0,0.0,1154025000.0,0.0,1000.0,34500000.0,0.0,0.0,99.0,158500.0,36.0,37050.0,4.0966513979556005,3319838.0,,,,1000.0
2009-03-25T00:00:00,TSC,35.8,34.6,34.9,35.6,35.6,34.5,26010.0,26010.0,0.0,925956000.0,0.0,60.0,2096000.0,0.0,0.0,0.0,0.0,0.0,0.0,4.0966513979556005,3319778.0,,,,1000.0
2009-03-26T00:00:00,TSC,36.6,35.8,36.6,36.2,36.2,35.6,39310.0,39310.0,0.0,1423022000.0,0.0,520.0,18708000.0,0.0,0.0,72.0,75140.0,97.0,66440.0,4.0966513979556005,3319258.0,,,,1000.0
2009-03-27T00:00:00,TSC,37.3,34.5,37.3,34.5,34.5,36.2,77320.0,77320.0,0.0,2667540000.0,0.0,380.0,13756000.0,0.0,0.0,73.0,101150.0,137.0,143510.0,4.0966513979556005,3318878.0,,,,1000.0
2009-03-30T00:00:00,TSC,35.0,33.6,34.5,33.6,33.6,34.5,20800.0,20800.0,0.0,698880000.0,0.0,500.0,17250000.0,0.0,0.0,85.0,43970.0,67.0,75630.0,4.0966513979556005,3318378.0,,,,1000.0
2009-03-31T00:00:00,TSC,34.0,33.5,33.6,33.9,33.9,33.6,33430.0,33430.0,0.0,1133277000.0,0.0,0.0,0.0,0.0,0.0,60.0,69390.0,49.0,53440.0,4.0966513979556005,3318378.0,,,,1000.0
2009-04-01T00:00:00,TSC,35.5,33.9,33.9,35.5,35.5,33.9,39280.0,39280.0,0.0,1394440000.0,0.0,1010.0,34755000.0,0.0,0.0,78.0,58470.0,56.0,46380.0,4.0966513979556005,3317368.0,,,,1000.0
2009-04-02T00:00:00,TSC,36.9,36.0,36.3,36.0,36.0,35.5,49620.0,49620.0,0.0,1786320000.0,0.0,1820.0,66289000.0,1270.0,46520000.0,81.0,72820.0,114.0,121560.0,4.0966513979556005,3316818.0,,,,1000.0
2009-04-03T00:00:00,TSC,37.8,36.4,37.8,37.8,37.8,36.0,98610.0,98610.0,0.0,3727458000.0,0.0,0.0,0.0,200.0,7520000.0,81.0,72820.0,114.0,121560.0,4.0966513979556005,3317018.0,,,,1000.0
2009-04-07T00:00:00,TSC,38.8,37.0,37.1,38.8,38.8,37.8,60760.0,60760.0,0.0,2357488000.0,0.0,0.0,0.0,0.0,0.0,99.0,102960.0,87.0,103240.0,4.0966513979556005,3317018.0,,,,1000.0
2009-04-08T00:00:00,TSC,38.8,36.9,37.0,37.0,37.0,38.8,81430.0,81430.0,0.0,3012910000.0,0.0,0.0,0.0,2120.0,80030000.0,86.0,114160.0,126.0,141120.0,4.0966513979556005,3319138.0,,,,1000.0
2009-04-09T00:00:00,TSC,37.0,35.4,37.0,35.4,35.4,37.0,43890.0,43890.0,0.0,1553706000.0,0.0,1000.0,35400000.0,0.0,0.0,106.0,80690.0,70.0,102270.0,4.0966513979556005,3318138.0,,,,1000.0
2009-04-10T00:00:00,TSC,37.1,37.1,37.1,37.1,37.1,35.4,58330.0,58330.0,0.0,2164043000.0,0.0,0.0,0.0,0.0,0.0,100.0,143310.0,41.0,58330.0,4.0966513979556005,3318138.0,,,,1000.0
2009-04-13T00:00:00,TSC,38.9,38.9,38.9,38.9,38.9,37.1,64580.0,64580.0,0.0,2512162000.0,0.0,0.0,0.0,0.0,0.0,62.0,104020.0,34.0,64580.0,4.0966513979556005,3318138.0,,,,1000.0
2009-04-14T00:00:00,TSC,40.1,37.5,37.5,39.0,39.0,38.9,85950.0,85950.0,0.0,3352050000.0,0.0,0.0,0.0,0.0,0.0,137.0,148550.0,148.0,151480.0,4.0966513979556005,3318138.0,,,,1000.0
2009-04-15T00:00:00,TSC,39.5,37.5,38.0,37.5,37.5,39.0,57350.0,57350.0,0.0,2150625000.0,0.0,0.0,0.0,0.0,0.0,98.0,92780.0,120.0,136530.0,4.0966513979556005,3318138.0,,,,1000.0
2009-04-16T00:00:00,TSC,39.0,37.5,38.7,39.0,39.0,37.5,91730.0,91730.0,0.0,3577470000.0,0.0,40.0,1540000.0,0.0,0.0,111.0,136260.0,116.0,207670.0,4.0966513979556005,3318098.0,,,,1000.0
2009-04-17T00:00:00,TSC,39.6,37.1,39.6,37.5,37.5,39.0,54700.0,54700.0,0.0,2051250000.0,0.0,1000.0,39000000.0,0.0,0.0,0.0,0.0,0.0,0.0,4.0966513979556005,3317098.0,,,,1000.0
2009-04-20T00:00:00,TSC,36.0,35.7,35.9,35.7,35.7,37.5,35420.0,35420.0,0.0,1264494000.0,0.0,0.0,0.0,1000.0,35900000.0,54.0,35720.0,85.0,99070.0,4.0966513979556005,3318098.0,,,,1000.0
2009-04-21T00:00:00,TSC,34.0,34.0,34.0,34.0,34.0,35.7,47310.0,47310.0,0.0,1608540000.0,0.0,400.0,13600000.0,3000.0,102000000.0,48.0,52260.0,66.0,132600.0,4.0966513979556005,3320698.0,,,,1000.0
2009-04-22T00:00:00,TSC,35.7,35.0,35.7,35.7,35.7,34.0,43420.0,43420.0,0.0,1550094000.0,0.0,300.0,10500000.0,0.0,0.0,85.0,69800.0,28.0,50480.0,4.0966513979556005,3316398.0,,,,1000.0
2009-04-23T00:00:00,TSC,37.4,35.6,36.9,37.4,37.4,35.7,57400.0,57400.0,0.0,2146760000.0,0.0,0.0,0.0,0.0,0.0,37.0,93800.0,61.0,70860.0,4.0966513979556005,3320398.0,,,,1000.0
2009-04-24T00:00:00,TSC,37.9,35.6,37.9,35.7,35.7,37.4,27940.0,27940.0,0.0,997458000.0,0.0,0.0,0.0,0.0,0.0,51.0,40410.0,74.0,99840.0,4.0966513979556005,3320398.0,,,,1000.0
2009-04-27T00:00:00,TSC,36.1,34.8,35.7,34.8,34.8,35.7,16410.0,16410.0,0.0,571068000.0,0.0,0.0,0.0,0.0,0.0,77.0,51440.0,52.0,62880.0,4.0966513979556005,3320398.0,,,,1000.0
2009-04-28T00:00:00,TSC,35.3,34.3,34.6,35.3,35.3,34.8,31220.0,31220.0,0.0,1102066000.0,0.0,0.0,0.0,0.0,0.0,58.0,44030.0,45.0,66600.0,4.0966513979556005,3320398.0,,,,1000.0
2009-04-29T00:00:00,TSC,35.4,34.7,35.3,35.0,35.0,35.3,30310.0,30310.0,0.0,1060850000.0,0.0,0.0,0.0,0.0,0.0,76.0,63040.0,67.0,73800.0,4.0966513979556005,3320398.0,,,,1000.0
2009-05-04T00:00:00,TSC,36.7,36.7,36.7,36.7,36.7,35.0,18410.0,18410.0,0.0,675647000.0,0.0,0.0,0.0,3460.0,126982000.0,41.0,207290.0,11.0,18410.0,4.0966513979556005,3323858.0,,,,1000.0
2009-05-05T00:00:00,TSC,38.5,37.1,38.5,38.5,38.5,36.7,167410.0,167410.0,0.0,6445285000.0,0.0,10.0,385000.0,0.0,0.0,82.0,308370.0,97.0,183520.0,4.0966513979556005,3323848.0,,,,1000.0
2009-05-06T00:00:00,TSC,38.5,37.7,38.5,38.21,38.0,38.5,46210.0,46210.0,0.0,1765684100.0,0.0,0.0,0.0,0.0,0.0,67.0,111100.0,138.0,186930.0,4.0966513979556005,3323848.0,,,,1000.0
2009-05-07T00:00:00,TSC,38.2,37.0,37.9,37.0,37.0,38.0,69430.0,69430.0,0.0,2568910000.0,0.0,0.0,0.0,2000.0,76200000.0,103.0,138300.0,90.0,158250.0,4.0966513979556005,3325848.0,,,,1000.0
2009-05-08T00:00:00,TSC,38.0,37.0,37.0,37.5,37.5,37.0,35920.0,35920.0,0.0,1347000000.0,0.0,0.0,0.0,0.0,0.0,85.0,82050.0,73.0,121560.0,4.0966513979556005,3325848.0,,,,1000.0
2009-05-11T00:00:00,TSC,39.3,38.0,38.0,39.3,39.3,37.5,285170.0,285170.0,0.0,11207181000.0,0.0,0.0,0.0,250.0,9825000.0,162.0,589090.0,114.0,287170.0,4.0966513979556005,3326098.0,,,,1000.0
2009-05-12T00:00:00,TSC,41.2,41.2,41.2,41.2,41.2,39.3,74480.0,74480.0,0.0,3068576000.0,0.0,0.0,0.0,2250.0,92700000.0,169.0,555070.0,39.0,74480.0,4.0966513979556005,3328348.0,,,,1000.0
2009-05-13T00:00:00,TSC,43.2,41.3,43.2,41.3,41.3,41.2,105610.0,105610.0,0.0,4361693000.0,0.0,0.0,0.0,50000.0,2160000000.0,160.0,597880.0,50.0,105610.0,4.0966513979556005,3378348.0,,,,1000.0
2009-05-14T00:00:00,TSC,45.0,42.0,44.9,43.3,43.3,41.3,187430.0,187430.0,0.0,8115719000.0,0.0,0.0,0.0,1000.0,44900000.0,139.0,314110.0,190.0,354940.0,4.0966513979556005,3379348.0,,,,1000.0
2009-05-15T00:00:00,TSC,45.4,42.5,44.0,45.4,45.4,43.3,189480.0,189480.0,0.0,8602392000.0,0.0,0.0,0.0,0.0,0.0,140.0,416140.0,102.0,210090.0,4.0966513979556005,3379348.0,,,,1000.0
2009-05-18T00:00:00,TSC,45.0,43.2,43.5,43.2,43.2,45.4,142210.0,142210.0,0.0,6143472000.0,0.0,10800.0,472463000.0,12750.0,554295000.0,151.0,210210.0,107.0,242490.0,4.0966513979556005,3381298.0,,,,1000.0
2009-05-19T00:00:00,TSC,44.3,43.2,44.3,43.2,43.2,43.2,44440.0,44440.0,0.0,1919808000.0,0.0,0.0,0.0,0.0,0.0,64.0,59220.0,91.0,146110.0,4.0966513979556005,3381298.0,,,,1000.0
2009-05-20T00:00:00,TSC,43.1,41.1,41.5,41.2,41.2,43.2,130770.0,130770.0,0.0,5387724000.0,0.0,0.0,0.0,0.0,0.0,169.0,157760.0,87.0,238520.0,4.0966513979556005,3381298.0,,,,1000.0
2009-05-21T00:00:00,TSC,41.2,39.2,39.3,39.6,39.6,41.2,180950.0,180950.0,0.0,7165620000.0,0.0,0.0,0.0,0.0,0.0,212.0,236120.0,83.0,259350.0,4.0966513979556005,3381298.0,,,,1000.0
2009-05-22T00:00:00,TSC,41.0,38.5,41.0,39.1,39.1,39.6,77040.0,77040.0,0.0,3012264000.0,0.0,0.0,0.0,300.0,12300000.0,149.0,162370.0,64.0,128620.0,4.0966513979556005,3381598.0,,,,1000.0
2009-05-25T00:00:00,TSC,41.0,40.0,40.5,41.0,41.0,39.1,61370.0,61370.0,0.0,2516170000.0,0.0,1490.0,60494000.0,15490.0,631809000.0,130.0,186490.0,47.0,68450.0,4.0966513979556005,3395598.0,,,,1000.0
2009-05-26T00:00:00,TSC,42.5,41.0,41.0,42.5,42.5,41.0,82850.0,82850.0,0.0,3521125000.0,0.0,0.0,0.0,0.0,0.0,69.0,143820.0,124.0,169640.0,4.0966513979556005,3395598.0,,,,1000.0
2009-05-27T00:00:00,TSC,42.3,40.4,42.3,41.0,41.0,42.5,82730.0,82730.0,0.0,3391930000.0,0.0,1200.0,49336000.0,300.0,12480000.0,96.0,108650.0,125.0,185710.0,4.0966513979556005,3394698.0,,,,1000.0
2009-05-28T00:00:00,TSC,40.5,39.0,39.3,39.0,39.0,41.0,44220.0,44220.0,0.0,1724580000.0,0.0,600.0,23580000.0,0.0,0.0,88.0,52800.0,76.0,110260.0,4.0966513979556005,3394098.0,,,,1000.0
2009-05-29T00:00:00,TSC,40.0,38.9,40.0,39.1,39.1,39.0,53510.0,53510.0,0.0,2092241000.0,0.0,2000.0,80000000.0,0.0,0.0,98.0,112420.0,54.0,134180.0,4.0966513979556005,3392098.0,,,,1000.0
2009-06-01T00:00:00,TSC,41.0,40.0,40.0,41.0,41.0,39.1,60620.0,60620.0,0.0,2485420000.0,0.0,11000.0,451000000.0,400.0,16360000.0,67.0,130150.0,46.0,60620.0,4.0966513979556005,3381498.0,,,,1000.0
2009-06-02T00:00:00,TSC,43.0,41.5,43.0,43.0,43.0,41.0,100010.0,100010.0,0.0,4300430000.0,0.0,700.0,29350000.0,600.0,25060000.0,87.0,178340.0,122.0,135900.0,4.0966513979556005,3381398.0,,,,1000.0
2009-06-03T00:00:00,TSC,43.0,42.1,43.0,42.7,42.7,43.0,36860.0,36860.0,0.0,1573922000.0,0.0,0.0,0.0,0.0,0.0,73.0,75300.0,128.0,143760.0,4.0966513979556005,3381398.0,,,,1000.0
2009-06-04T00:00:00,TSC,44.8,43.9,44.0,44.8,44.8,42.7,206300.0,206300.0,0.0,9242240000.0,0.0,0.0,0.0,2200.0,98160000.0,129.0,347040.0,162.0,221130.0,4.0966513979556005,3383598.0,,,,1000.0
2009-06-05T00:00:00,TSC,47.0,47.0,47.0,47.0,47.0,44.8,30420.0,30420.0,0.0,1429740000.0,0.0,0.0,0.0,11000.0,517000000.0,102.0,462640.0,27.0,30420.0,4.0966513979556005,3394598.0,,,,1000.0
2009-06-08T00:00:00,TSC,49.3,49.3,49.3,49.3,49.3,47.0,48370.0,48370.0,0.0,2384641000.0,0.0,0.0,0.0,0.0,0.0,96.0,462160.0,26.0,48370.0,4.0966513979556005,3394598.0,,,,1000.0
2009-06-09T00:00:00,TSC,51.5,51.5,51.5,51.5,51.5,49.3,250520.0,250520.0,0.0,12901780000.0,0.0,0.0,0.0,43830.0,2257245000.0,94.0,556910.0,127.0,250520.0,4.0966513979556005,3438428.0,,,,1000.0
2009-06-10T00:00:00,TSC,51.5,49.0,51.5,51.5,51.5,51.5,155300.0,155300.0,0.0,7997950000.0,0.0,5200.0,254800000.0,490.0,24010000.0,67.0,177000.0,175.0,218700.0,4.0966513979556005,3433718.0,,,,1000.0
2009-06-11T00:00:00,TSC,54.0,50.0,51.5,50.0,50.0,51.5,135630.0,135630.0,0.0,6781500000.0,0.0,0.0,0.0,0.0,0.0,165.0,199820.0,56.0,244190.0,4.0966513979556005,3433718.0,,,,1000.0
2009-06-12T00:00:00,TSC,51.5,48.0,51.5,48.0,48.0,50.0,154940.0,154940.0,0.0,7437120000.0,0.0,0.0,0.0,0.0,0.0,148.0,204600.0,89.0,321020.0,4.0966513979556005,3433718.0,,,,1000.0
2009-06-15T00:00:00,TSC,48.0,45.6,45.6,45.6,45.6,48.0,89400.0,89400.0,0.0,4076640000.0,0.0,0.0,0.0,0.0,0.0,74.0,107050.0,75.0,181500.0,4.0966513979556005,3433718.0,,,,1000.0
2009-06-16T00:00:00,TSC,43.6,43.4,43.4,43.4,43.4,45.6,39270.0,39270.0,0.0,1704318000.0,0.0,100.0,4340000.0,2440.0,105896000.0,51.0,39270.0,70.0,151230.0,4.0966513979556005,3436058.0,,,,1000.0
2009-06-17T00:00:00,TSC,45.0,41.3,41.3,45.0,45.0,43.4,167950.0,167950.0,0.0,7557750000.0,0.0,0.0,0.0,1640.0,67732000.0,122.0,182170.0,75.0,229480.0,4.0966513979556005,3437698.0,,,,1000.0
2009-06-18T00:00:00,TSC,47.2,45.9,45.9,47.2,47.2,45.0,182360.0,182360.0,0.0,8607392000.0,0.0,10000.0,465478000.0,0.0,0.0,112.0,240020.0,84.0,183360.0,4.0966513979556005,3427698.0,,,,1000.0
2009-06-19T00:00:00,TSC,48.6,46.0,48.6,47.8,47.8,47.2,59140.0,59140.0,0.0,2826892000.0,0.0,0.0,0.0,7100.0,345060000.0,60.0,71900.0,99.0,163710.0,4.0966513979556005,3434798.0,,,,1000.0
2009-06-22T00:00:00,TSC,45.5,45.5,45.5,45.5,45.5,47.8,29110.0,29110.0,0.0,1324505000.0,0.0,0.0,0.0,3500.0,159250000.0,92.0,29110.0,63.0,94930.0,4.0966513979556005,3438298.0,,,,1000.0
2009-06-23T00:00:00,TSC,43.3,43.3,43.3,43.3,43.3,45.5,2470.0,2470.0,0.0,106951000.0,0.0,0.0,0.0,0.0,0.0,8.0,2470.0,79.0,298810.0,4.0966513979556005,3438298.0,,,,1000.0
2009-06-24T00:00:00,TSC,45.0,43.0,43.0,43.7,43.7,43.3,106300.0,106300.0,0.0,4645310000.0,0.0,0.0,0.0,0.0,0.0,162.0,237200.0,113.0,306940.0,4.0966513979556005,3438298.0,,,,1000.0
2009-06-25T00:00:00,TSC,42.5,41.6,42.5,41.6,41.6,43.7,145610.0,145610.0,0.0,6057376000.0,0.0,200.0,8500000.0,100000.0,4209491000.0,160.0,152030.0,99.0,310030.0,4.0966513979556005,3538098.0,,,,1000.0
2009-06-26T00:00:00,TSC,41.6,39.7,40.1,40.9,40.9,41.6,47490.0,47490.0,0.0,1942341000.0,0.0,300.0,11970000.0,0.0,0.0,74.0,86290.0,69.0,78370.0,4.0966513979556005,3537798.0,,,,1000.0
2009-06-29T00:00:00,TSC,41.5,40.0,41.5,41.5,41.5,40.9,46410.0,46410.0,0.0,1926015000.0,0.0,100.0,4010000.0,0.0,0.0,63.0,88370.0,75.0,98470.0,4.0966513979556005,3437698.0,,,,1000.0
2009-06-30T00:00:00,TSC,41.5,39.5,41.5,39.5,39.5,41.5,74700.0,74700.0,0.0,2950650000.0,0.0,0.0,0.0,300.0,12450000.0,76.0,290240.0,98.0,155920.0,4.0966513979556005,3537998.0,,,,1000.0
2009-07-01T00:00:00,TSC,38.0,37.6,37.7,37.6,37.6,39.5,108210.0,108210.0,0.0,4068696000.0,0.0,31090.0,1168984000.0,0.0,0.0,68.0,144020.0,68.0,140120.0,4.0966513979556005,3506908.0,,,,1000.0
2009-07-02T00:00:00,TSC,39.3,37.7,39.0,39.3,39.3,37.6,38940.0,38940.0,0.0,1530342000.0,0.0,0.0,0.0,300.0,11700000.0,60.0,68060.0,66.0,58130.0,4.0966513979556005,3506908.0,,,,1000.0
2009-07-03T00:00:00,TSC,41.2,39.4,39.7,41.2,41.2,39.3,38850.0,38850.0,0.0,1600620000.0,0.0,18910.0,778192000.0,0.0,0.0,46.0,101960.0,57.0,60380.0,4.0966513979556005,3506908.0,,,,1000.0
2009-07-06T00:00:00,TSC,42.8,40.9,42.0,42.8,42.8,41.2,45970.0,45970.0,0.0,1967516000.0,0.0,3000.0,127050000.0,0.0,0.0,88.0,101560.0,76.0,113350.0,4.0966513979556005,3506908.0,,,,1000.0
2009-07-07T00:00:00,TSC,41.9,40.8,41.3,41.5,41.5,42.8,112000.0,112000.0,0.0,4648000000.0,0.0,11000.0,454100000.0,50000.0,2053765000.0,86.0,156130.0,70.0,208490.0,4.0966513979556005,3506908.0,,,,1000.0
2009-07-08T00:00:00,TSC,41.0,40.0,40.1,40.5,40.5,41.5,14580.0,14580.0,0.0,590490000.0,0.0,1500.0,60150000.0,0.0,0.0,51.0,53330.0,40.0,73380.0,4.0966513979556005,3506908.0,,,,1000.0
2009-07-09T00:00:00,TSC,41.0,40.2,41.0,40.5,40.5,40.5,11680.0,11680.0,0.0,473040000.0,0.0,0.0,0.0,0.0,0.0,52.0,82580.0,48.0,76460.0,4.0966513979556005,3506908.0,,,,1000.0
2009-07-10T00:00:00,TSC,40.6,40.0,40.5,40.5,40.5,40.5,19030.0,19030.0,0.0,770715000.0,0.0,0.0,0.0,0.0,0.0,38.0,42680.0,50.0,80420.0,4.0966513979556005,3506908.0,,,,1000.0
2009-07-13T00:00:00,TSC,41.5,39.6,40.5,39.6,39.6,40.5,33970.0,33970.0,0.0,1345212000.0,0.0,0.0,0.0,200.0,8040000.0,44.0,53240.0,71.0,108820.0,4.0966513979556005,3506908.0,,,,1000.0
2009-07-14T00:00:00,TSC,40.0,38.0,39.6,38.1,38.1,39.6,56970.0,56970.0,0.0,2170557000.0,0.0,3000.0,118088000.0,0.0,0.0,69.0,89660.0,62.0,142690.0,4.0966513979556005,3506908.0,,,,1000.0
2009-07-15T00:00:00,TSC,39.1,37.5,39.0,37.5,37.5,38.1,38470.0,38470.0,0.0,1442625000.0,0.0,100.0,3850000.0,0.0,0.0,105.0,85220.0,45.0,99660.0,4.0966513979556005,3506908.0,,,,1000.0
2009-07-16T00:00:00,TSC,38.0,37.5,37.5,38.0,38.0,37.5,64460.0,64460.0,0.0,2449480000.0,0.0,1000.0,37500000.0,0.0,0.0,96.0,120650.0,41.0,74130.0,4.0966513979556005,3506908.0,,,,1000.0
2009-07-17T00:00:00,TSC,38.0,37.5,38.0,37.5,37.5,38.0,32200.0,32200.0,0.0,1207500000.0,0.0,200.0,7500000.0,0.0,0.0,62.0,65820.0,37.0,101010.0,4.0966513979556005,3506908.0,,,,1000.0
2009-07-20T00:00:00,TSC,36.6,36.0,36.5,36.0,36.0,37.5,23130.0,23130.0,0.0,832680000.0,0.0,0.0,0.0,0.0,0.0,60.0,43380.0,34.0,65280.0,4.0966513979556005,3506908.0,,,,1000.0
2009-07-21T00:00:00,TSC,37.6,36.2,37.2,37.6,37.6,36.0,70530.0,70530.0,0.0,2651928000.0,0.0,50000.0,1880000000.0,39000.0,1466400000.0,61.0,110510.0,46.0,83340.0,4.0966513979556005,3495908.0,,,,1000.0
2009-07-22T00:00:00,TSC,35.8,35.8,35.8,35.8,35.8,37.6,174830.0,174830.0,0.0,6258914000.0,0.0,90000.0,3222000000.0,0.0,0.0,91.0,174830.0,120.0,597180.0,4.0966513979556005,3417698.0,,,,1000.0
2009-07-23T00:00:00,TSC,34.1,34.1,34.1,34.1,34.1,35.8,130290.0,130290.0,0.0,4442889000.0,0.0,0.0,0.0,0.0,0.0,50.0,130290.0,111.0,484040.0,4.0966513979556005,3417698.0,,,,1000.0
2009-07-24T00:00:00,TSC,35.8,34.5,35.7,35.8,35.8,34.1,95720.0,95720.0,0.0,3426776000.0,0.0,300.0,10710000.0,0.0,0.0,162.0,261730.0,59.0,101160.0,4.0966513979556005,3417398.0,,,,1000.0
2009-07-27T00:00:00,TSC,37.4,36.0,37.4,37.2,37.2,35.8,54470.0,54470.0,0.0,2026284000.0,0.0,11000.0,411400000.0,500.0,18700000.0,67.0,111810.0,95.0,100990.0,4.0966513979556005,3406898.0,,,,1000.0
2009-07-28T00:00:00,TSC,37.0,35.7,36.5,36.8,36.8,37.2,46080.0,46080.0,0.0,1695744000.0,0.0,0.0,0.0,500.0,17850000.0,37.0,66800.0,90.0,115210.0,4.0966513979556005,3407398.0,,,,1000.0
2009-07-29T00:00:00,TSC,36.5,35.0,36.1,35.0,35.0,36.8,54670.0,54670.0,0.0,1913450000.0,0.0,0.0,0.0,0.0,0.0,76.0,64270.0,60.0,126850.0,4.0966513979556005,3407398.0,,,,1000.0
2009-07-30T00:00:00,TSC,35.0,34.2,35.0,34.5,34.5,35.0,78240.0,78240.0,0.0,2699280000.0,0.0,3000.0,105000000.0,0.0,0.0,88.0,109440.0,55.0,94600.0,4.0966513979556005,3404398.0,,,,1000.0
2009-07-31T00:00:00,TSC,36.2,35.5,36.0,35.8,35.8,34.5,62750.0,62750.0,0.0,2246450000.0,0.0,0.0,0.0,0.0,0.0,59.0,96090.0,63.0,94910.0,4.0966513979556005,3404398.0,,,,1000.0
2009-08-03T00:00:00,TSC,36.0,35.4,35.8,35.4,35.4,35.8,53020.0,53020.0,0.0,1876908000.0,0.0,0.0,0.0,0.0,0.0,63.0,76150.0,46.0,116620.0,4.0966513979556005,3404398.0,,,,1000.0
2009-08-04T00:00:00,TSC,36.0,35.0,36.0,35.0,35.0,35.4,43800.0,43800.0,0.0,1533000000.0,0.0,1000.0,35000000.0,0.0,0.0,78.0,70380.0,57.0,105620.0,4.0966513979556005,3403398.0,,,,1000.0
2009-08-05T00:00:00,TSC,35.3,34.6,35.0,34.9,34.9,35.0,32060.0,32060.0,0.0,1118894000.0,0.0,0.0,0.0,0.0,0.0,59.0,48570.0,40.0,74230.0,4.0966513979556005,3403398.0,,,,1000.0
2009-08-06T00:00:00,TSC,35.0,34.6,34.6,34.8,34.8,34.9,165660.0,165660.0,0.0,5764968000.0,0.0,0.0,0.0,138000.0,4798700000.0,148.0,234760.0,64.0,280770.0,4.0966513979556005,3541398.0,,,,1000.0
2009-08-07T00:00:00,TSC,35.9,34.8,35.0,35.9,35.9,34.8,58740.0,58740.0,0.0,2108766000.0,0.0,0.0,0.0,0.0,0.0,78.0,101930.0,64.0,130910.0,4.0966513979556005,3541398.0,,,,1000.0
2009-08-10T00:00:00,TSC,37.6,36.4,36.7,37.6,37.6,35.9,80590.0,80590.0,0.0,3030184000.0,0.0,0.0,0.0,0.0,0.0,60.0,129950.0,102.0,115130.0,4.0966513979556005,3541398.0,,,,1000.0
2009-08-11T00:00:00,TSC,39.0,37.6,37.6,38.9,38.9,37.6,85270.0,85270.0,0.0,3317003000.0,0.0,0.0,0.0,0.0,0.0,73.0,159490.0,113.0,157110.0,4.0966513979556005,3541398.0,,,,1000.0
2009-08-12T00:00:00,TSC,38.9,38.0,38.9,38.8,38.8,38.9,160530.0,160530.0,0.0,6228564000.0,0.0,0.0,0.0,0.0,0.0,72.0,180650.0,128.0,231970.0,4.0966513979556005,3541398.0,,,,1000.0
2009-08-13T00:00:00,TSC,39.7,38.3,38.3,39.0,39.0,38.8,41150.0,41150.0,0.0,1604850000.0,0.0,0.0,0.0,0.0,0.0,46.0,99170.0,95.0,102400.0,4.0966513979556005,3541398.0,,,,1000.0
2009-08-14T00:00:00,TSC,39.0,38.0,38.1,38.8,38.8,39.0,54090.0,54090.0,0.0,2098692000.0,0.0,0.0,0.0,0.0,0.0,74.0,111240.0,103.0,109390.0,4.0966513979556005,3541398.0,,,,1000.0
2009-08-17T00:00:00,TSC,38.5,37.8,37.8,38.3,38.3,38.8,12870.0,12870.0,0.0,492921000.0,0.0,40.0,1516000.0,0.0,0.0,55.0,44020.0,60.0,54360.0,4.0966513979556005,3541358.0,,,,1000.0
2009-08-18T00:00:00,TSC,38.4,37.6,37.6,37.8,37.8,38.3,36910.0,36910.0,0.0,1395198000.0,0.0,0.0,0.0,2000.0,75200000.0,54.0,59960.0,74.0,146860.0,4.0966513979556005,3543358.0,,,,1000.0
2009-08-19T00:00:00,TSC,38.9,37.8,38.3,38.9,38.9,37.8,39980.0,39980.0,0.0,1555222000.0,0.0,80.0,3064000.0,200.0,7780000.0,54.0,89710.0,99.0,77960.0,4.0966513979556005,3543478.0,,,,1000.0
2009-08-20T00:00:00,TSC,40.2,39.0,39.6,40.0,40.0,38.9,48800.0,48800.0,0.0,1952000000.0,0.0,1200.0,47880000.0,100.0,3990000.0,42.0,81300.0,118.0,116390.0,4.0966513979556005,3542378.0,,,,1000.0
2009-08-21T00:00:00,TSC,41.3,38.8,41.0,38.8,38.8,40.0,51740.0,51740.0,0.0,2007512000.0,0.0,1500.0,61500000.0,2300.0,93640000.0,69.0,100960.0,88.0,137880.0,4.0966513979556005,3543178.0,,,,1000.0
2009-08-24T00:00:00,TSC,40.7,39.1,40.0,40.7,40.7,38.8,55350.0,55350.0,0.0,2252745000.0,0.0,0.0,0.0,1200.0,47100000.0,88.0,441980.0,74.0,62950.0,4.0966513979556005,3544378.0,,,,1000.0
2009-08-25T00:00:00,TSC,42.7,42.6,42.7,42.7,42.7,40.7,158520.0,158520.0,0.0,6768804000.0,0.0,0.0,0.0,25710.0,1097817000.0,121.0,357670.0,92.0,158520.0,4.0966513979556005,3570088.0,,,,1000.0
2009-08-26T00:00:00,TSC,42.7,41.5,41.5,41.7,41.7,42.7,67840.0,67840.0,0.0,2828928000.0,0.0,0.0,0.0,1200.0,50160000.0,85.0,111050.0,123.0,163550.0,4.0966513979556005,3571288.0,,,,1000.0
2009-08-27T00:00:00,TSC,42.0,40.6,41.7,41.6,41.6,41.7,84840.0,84840.0,0.0,3529344000.0,0.0,0.0,0.0,3500.0,145255000.0,81.0,168780.0,45.0,113360.0,4.0966513979556005,3574788.0,,,,1000.0
2009-08-28T00:00:00,TSC,42.5,40.6,40.6,41.9,41.9,41.6,39980.0,39980.0,0.0,1675162000.0,0.0,0.0,0.0,7500.0,314250000.0,75.0,128620.0,68.0,138080.0,4.0966513979556005,3582288.0,,,,1000.0
2009-08-31T00:00:00,TSC,43.0,41.5,42.8,43.0,43.0,41.9,107790.0,107790.0,0.0,4634970000.0,0.0,0.0,0.0,1170.0,50310000.0,70.0,257120.0,94.0,159300.0,4.0966513979556005,3583458.0,,,,1000.0
2009-09-01T00:00:00,TSC,43.1,42.0,43.1,42.6,42.6,43.0,55450.0,55450.0,0.0,2362170000.0,0.0,0.0,0.0,0.0,0.0,46.0,121180.0,94.0,168150.0,4.0966513979556005,3583458.0,,,,1000.0
2009-09-03T00:00:00,TSC,42.4,40.6,41.3,40.6,40.6,42.6,61820.0,61820.0,0.0,2509892000.0,0.0,0.0,0.0,0.0,0.0,72.0,114880.0,74.0,103400.0,4.0966513979556005,3583458.0,,,,1000.0
2009-09-04T00:00:00,TSC,42.0,38.8,40.6,39.0,39.0,40.6,94220.0,94220.0,0.0,3674580000.0,0.0,200.0,7800000.0,27000.0,1077500000.0,85.0,110650.0,68.0,164970.0,4.0966513979556005,3610258.0,,,,1000.0
2009-09-07T00:00:00,TSC,40.0,37.8,38.5,39.9,39.9,39.0,44470.0,44470.0,0.0,1774353000.0,0.0,100.0,3800000.0,22000.0,835000000.0,59.0,105450.0,46.0,106640.0,4.0966513979556005,3632158.0,,,,1000.0
2009-09-08T00:00:00,TSC,40.5,39.5,40.5,40.0,40.0,39.9,37870.0,37870.0,0.0,1514800000.0,0.0,0.0,0.0,8000.0,320000000.0,68.0,108380.0,41.0,108580.0,4.0966513979556005,3640158.0,,,,1000.0
2009-09-09T00:00:00,TSC,40.0,39.3,40.0,39.3,39.3,40.0,24630.0,24630.0,0.0,967959000.0,0.0,200.0,7860000.0,0.0,0.0,59.0,101540.0,48.0,109610.0,4.0966513979556005,3639958.0,,,,1000.0
2009-09-10T00:00:00,TSC,39.8,38.5,38.5,38.5,38.5,39.3,32430.0,32430.0,0.0,1248555000.0,0.0,200.0,7700000.0,0.0,0.0,82.0,80070.0,41.0,108220.0,4.0966513979556005,3639758.0,,,,1000.0
2009-09-11T00:00:00,TSC,39.9,38.5,39.6,39.9,39.9,38.5,41670.0,41670.0,0.0,1662633000.0,0.0,100.0,3920000.0,0.0,0.0,75.0,73590.0,54.0,79670.0,4.0966513979556005,3639658.0,,,,1000.0
2009-09-14T00:00:00,TSC,40.8,39.8,39.9,39.9,39.9,39.9,34300.0,34300.0,0.0,1368570000.0,0.0,0.0,0.0,100.0,4000000.0,59.0,128400.0,77.0,131810.0,4.0966513979556005,3639758.0,,,,1000.0
2009-09-15T00:00:00,TSC,40.5,39.0,39.3,39.4,39.4,39.9,43680.0,43680.0,0.0,1720992000.0,0.0,200.0,7800000.0,0.0,0.0,98.0,98400.0,74.0,150350.0,4.0966513979556005,3639558.0,,,,1000.0
2009-09-16T00:00:00,TSC,39.6,38.7,39.0,38.7,38.7,39.4,35190.0,35190.0,0.0,1361853000.0,0.0,1200.0,47170000.0,3600.0,140400000.0,82.0,121980.0,54.0,79680.0,4.0966513979556005,3641958.0,,,,1000.0
2009-09-17T00:00:00,TSC,39.0,38.4,38.7,38.5,38.5,38.7,66530.0,66530.0,0.0,2561405000.0,0.0,1600.0,61720000.0,400.0,15400000.0,121.0,183690.0,82.0,113140.0,4.0966513979556005,3640758.0,,,,1000.0
2009-09-18T00:00:00,TSC,40.4,39.0,39.0,40.4,40.4,38.5,86170.0,86170.0,0.0,3481268000.0,0.0,0.0,0.0,300.0,12000000.0,150.0,342840.0,83.0,88120.0,4.0966513979556005,3641058.0,,,,1000.0
2009-09-21T00:00:00,TSC,41.8,40.5,41.8,41.0,41.0,40.4,31420.0,31420.0,0.0,1288220000.0,0.0,200.0,8200000.0,0.0,0.0,76.0,107660.0,89.0,127240.0,4.0966513979556005,3640858.0,,,,1000.0
2009-09-22T00:00:00,TSC,40.9,39.5,40.0,39.5,39.5,41.0,78210.0,78210.0,0.0,3089295000.0,0.0,2000.0,80000000.0,0.0,0.0,102.0,112440.0,81.0,177660.0,4.0966513979556005,3638858.0,,,,1000.0
2009-09-23T00:00:00,TSC,40.0,38.8,39.5,39.0,39.0,39.5,79250.0,79250.0,0.0,3090750000.0,0.0,1040.0,40600000.0,10000.0,390008000.0,126.0,171650.0,95.0,186470.0,4.0966513979556005,3647818.0,,,,1000.0
2009-09-24T00:00:00,TSC,39.1,38.0,38.1,38.3,38.3,39.0,61690.0,61690.0,0.0,2362727000.0,0.0,0.0,0.0,0.0,0.0,147.0,105070.0,78.0,130640.0,4.0966513979556005,3647818.0,,,,1000.0
2009-09-25T00:00:00,TSC,38.5,37.5,37.5,38.5,38.5,38.3,43770.0,43770.0,0.0,1685145000.0,0.0,300.0,11250000.0,0.0,0.0,115.0,82730.0,53.0,108970.0,4.0966513979556005,3647518.0,,,,1000.0
2009-09-28T00:00:00,TSC,39.8,38.8,39.6,39.0,39.0,38.5,87060.0,87060.0,0.0,3395340000.0,0.0,0.0,0.0,0.0,0.0,94.0,194300.0,108.0,217960.0,4.0966513979556005,3647518.0,,,,1000.0
2009-09-29T00:00:00,TSC,39.2,38.6,39.2,38.6,38.6,39.0,18330.0,18330.0,0.0,707538000.0,0.0,0.0,0.0,600.0,23160000.0,77.0,98930.0,70.0,119990.0,4.0966513979556005,3648118.0,,,,1000.0
2009-09-30T00:00:00,TSC,38.5,37.9,38.0,37.9,37.9,38.6,53650.0,53650.0,0.0,2033335000.0,0.0,1500.0,57100000.0,200.0,7640000.0,99.0,104200.0,55.0,154130.0,4.0966513979556005,3646818.0,,,,1000.0
2009-10-01T00:00:00,TSC,38.1,36.5,38.0,37.0,37.0,37.9,85240.0,85240.0,0.0,3153880000.0,0.0,0.0,0.0,190.0,7220000.0,109.0,145700.0,64.0,186560.0,4.0966513979556005,3647008.0,,,,1000.0
2009-10-02T00:00:00,TSC,36.5,35.8,36.0,36.0,36.0,37.0,50760.0,50760.0,0.0,1827360000.0,0.0,20.0,720000.0,200.0,7233000.0,90.0,107070.0,49.0,135540.0,4.0966513979556005,3647188.0,,,,1000.0
2009-10-05T00:00:00,TSC,37.0,35.8,36.9,37.0,37.0,36.0,31910.0,31910.0,0.0,1180670000.0,0.0,0.0,0.0,0.0,0.0,57.0,141070.0,45.0,69590.0,4.0966513979556005,3647188.0,,,,1000.0
2009-10-06T00:00:00,TSC,37.8,36.1,36.6,36.3,36.3,37.0,36620.0,36620.0,0.0,1329306000.0,0.0,500.0,18250000.0,0.0,0.0,109.0,135720.0,51.0,202110.0,4.0966513979556005,3646688.0,,,,1000.0
2009-10-07T00:00:00,TSC,37.3,36.5,36.5,37.3,37.3,36.3,53090.0,53090.0,0.0,1980257000.0,0.0,0.0,0.0,0.0,0.0,58.0,85170.0,64.0,81110.0,4.0966513979556005,3646688.0,,,,1000.0
2009-10-08T00:00:00,TSC,37.5,37.0,37.4,37.3,37.3,37.3,29160.0,29160.0,0.0,1087668000.0,0.0,0.0,0.0,1060.0,39538000.0,46.0,57110.0,58.0,143090.0,4.0966513979556005,3646688.0,,,,1000.0
2009-10-09T00:00:00,TSC,37.5,37.1,37.4,37.5,37.5,37.3,90030.0,90030.0,0.0,3376125000.0,0.0,1400.0,52360000.0,120.0,4488000.0,98.0,166040.0,78.0,200460.0,4.0966513979556005,3646468.0,,,,1000.0
2009-10-12T00:00:00,TSC,38.6,37.5,38.6,38.5,38.5,37.5,116640.0,116640.0,0.0,4490640000.0,0.0,0.0,0.0,100.0,3860000.0,140.0,163250.0,106.0,238620.0,4.0966513979556005,3646568.0,,,,1000.0
2009-10-13T00:00:00,TSC,39.0,38.2,38.5,38.3,38.3,38.5,107680.0,107680.0,0.0,4124144000.0,0.0,800.0,30800000.0,0.0,0.0,92.0,135470.0,98.0,208890.0,4.0966513979556005,3645768.0,,,,1000.0
2009-10-14T00:00:00,TSC,38.7,38.2,38.3,38.7,38.7,38.3,86210.0,86210.0,0.0,3336327000.0,0.0,40.0,1532000.0,1500.0,57450000.0,141.0,177400.0,65.0,152040.0,4.0966513979556005,3647228.0,,,,1000.0
2009-10-15T00:00:00,TSC,40.4,39.0,40.0,39.0,39.0,38.7,122380.0,122380.0,0.0,4772820000.0,0.0,0.0,0.0,1000.0,40000000.0,128.0,173750.0,160.0,266100.0,4.0966513979556005,3648228.0,,,,1000.0
2009-10-16T00:00:00,TSC,40.9,39.5,39.5,40.9,40.9,39.0,257120.0,257120.0,0.0,10516208000.0,0.0,7000.0,277320000.0,0.0,0.0,196.0,591180.0,148.0,273780.0,4.0966513979556005,3641228.0,,,,1000.0
2009-10-19T00:00:00,TSC,42.9,40.9,40.9,42.7,42.7,40.9,297880.0,297880.0,0.0,12719476000.0,0.0,0.0,0.0,0.0,0.0,220.0,422090.0,167.0,393480.0,4.0966513979556005,3641228.0,,,,1000.0
2009-10-20T00:00:00,TSC,42.8,40.7,42.8,41.0,41.0,42.7,184490.0,184490.0,0.0,7564090000.0,0.0,0.0,0.0,0.0,0.0,175.0,249640.0,147.0,372010.0,4.0966513979556005,3641228.0,,,,1000.0
2009-10-21T00:00:00,TSC,41.0,39.5,40.0,40.6,40.6,41.0,128740.0,128740.0,0.0,5226844000.0,0.0,0.0,0.0,0.0,0.0,121.0,186610.0,130.0,243770.0,4.0966513979556005,3641228.0,,,,1000.0
2009-10-22T00:00:00,TSC,40.0,38.9,39.3,39.3,39.3,40.6,193510.0,193510.0,0.0,7604943000.0,0.0,300.0,11790000.0,7000.0,275370000.0,250.0,323250.0,102.0,318610.0,4.0966513979556005,3647928.0,,,,1000.0
2009-10-23T00:00:00,TSC,40.5,38.5,39.0,38.5,38.5,39.3,191520.0,191520.0,0.0,7373520000.0,0.0,10000.0,388200000.0,6260.0,248340000.0,239.0,308910.0,113.0,309570.0,4.0966513979556005,3644188.0,,,,1000.0
2009-10-26T00:00:00,TSC,38.3,37.0,37.5,37.0,37.0,38.5,128060.0,128060.0,0.0,4738220000.0,0.0,100.0,3750000.0,100.0,3750000.0,194.0,242300.0,89.0,266350.0,4.0966513979556005,3637488.0,,,,1000.0
2009-10-27T00:00:00,TSC,37.5,36.0,36.7,36.5,36.5,37.0,97680.0,97680.0,0.0,3565320000.0,0.0,2960.0,106710000.0,0.0,0.0,158.0,178250.0,78.0,204410.0,4.0966513979556005,3641228.0,,,,1000.0
2009-10-28T00:00:00,TSC,37.2,35.8,37.2,36.0,36.0,36.5,66350.0,66350.0,0.0,2388600000.0,0.0,100.0,3600000.0,0.0,0.0,169.0,152740.0,82.0,195990.0,4.0966513979556005,3634428.0,,,,1000.0
2009-10-29T00:00:00,TSC,35.2,34.2,35.0,34.2,34.2,36.0,116950.0,116950.0,0.0,3999690000.0,0.0,0.0,0.0,0.0,0.0,147.0,132400.0,87.0,257670.0,4.0966513979556005,3634428.0,,,,1000.0
2009-10-30T00:00:00,TSC,35.6,35.0,35.6,35.4,35.4,34.2,65060.0,65060.0,0.0,2303124000.0,0.0,0.0,0.0,2000.0,71200000.0,133.0,136360.0,89.0,119750.0,4.0966513979556005,3636428.0,,,,1000.0
2009-11-02T00:00:00,TSC,34.4,33.7,34.4,33.7,33.7,35.4,78340.0,78340.0,0.0,2640058000.0,0.0,0.0,0.0,0.0,0.0,104.0,134680.0,62.0,151810.0,4.0966513979556005,3636428.0,,,,1000.0
2009-11-03T00:00:00,TSC,34.4,32.1,33.7,32.1,32.1,33.7,45830.0,45830.0,0.0,1471143000.0,0.0,0.0,0.0,0.0,0.0,70.0,57630.0,72.0,88830.0,4.0966513979556005,3641128.0,,,,1000.0
2009-11-04T00:00:00,TSC,33.4,31.3,31.3,32.3,32.3,32.1,24260.0,24260.0,0.0,783598000.0,0.0,0.0,0.0,0.0,0.0,98.0,62690.0,51.0,41300.0,4.0966513979556005,3636428.0,,,,1000.0
2009-11-05T00:00:00,TSC,33.9,32.3,32.3,33.9,33.9,32.3,43740.0,43740.0,0.0,1482786000.0,0.0,0.0,0.0,0.0,0.0,77.0,78570.0,61.0,74030.0,4.0966513979556005,3636428.0,,,,1000.0
2009-11-06T00:00:00,TSC,34.9,33.9,34.9,33.9,33.9,33.9,25800.0,25800.0,0.0,874620000.0,0.0,0.0,0.0,0.0,0.0,56.0,34480.0,87.0,93050.0,4.0966513979556005,3636428.0,,,,1000.0
2009-11-09T00:00:00,TSC,33.4,32.3,33.4,32.3,32.3,33.9,33910.0,33910.0,0.0,1095293000.0,0.0,0.0,0.0,0.0,0.0,54.0,44460.0,59.0,118230.0,4.0966513979556005,3636428.0,,,,1000.0
2009-11-10T00:00:00,TSC,33.0,31.0,32.0,32.0,32.0,32.3,29840.0,29840.0,0.0,954880000.0,0.0,0.0,0.0,0.0,0.0,100.0,70020.0,59.0,73200.0,4.0966513979556005,3643128.0,,,,1000.0
2009-11-11T00:00:00,TSC,33.6,31.7,33.3,33.6,33.6,32.0,28680.0,28680.0,0.0,963648000.0,0.0,2400.0,78900000.0,0.0,0.0,80.0,60030.0,52.0,33460.0,4.0966513979556005,3634028.0,,,,1000.0
2009-11-12T00:00:00,TSC,35.0,33.8,34.4,34.0,34.0,33.6,52850.0,52850.0,0.0,1796900000.0,0.0,0.0,0.0,0.0,0.0,64.0,75580.0,107.0,127720.0,4.0966513979556005,3634028.0,,,,1000.0
2009-11-13T00:00:00,TSC,34.0,32.9,33.0,34.0,34.0,34.0,44160.0,44160.0,0.0,1501440000.0,0.0,2000.0,66600000.0,0.0,0.0,77.0,70460.0,102.0,145490.0,4.0966513979556005,3638728.0,,,,1000.0
2009-11-16T00:00:00,TSC,34.4,34.0,34.3,34.0,34.0,34.0,24130.0,24130.0,0.0,820420000.0,0.0,0.0,0.0,0.0,0.0,32.0,31480.0,96.0,89610.0,4.0966513979556005,3632028.0,,,,1000.0
2009-11-17T00:00:00,TSC,34.5,33.6,34.0,33.6,33.6,34.0,31830.0,31830.0,0.0,1069488000.0,0.0,0.0,0.0,0.0,0.0,95.0,95940.0,75.0,101980.0,4.0966513979556005,3632028.0,,,,1000.0
2009-11-18T00:00:00,TSC,34.0,32.6,33.3,32.8,32.8,33.6,69780.0,69780.0,0.0,2288784000.0,0.0,100.0,3280000.0,0.0,0.0,90.0,116440.0,53.0,133250.0,4.0966513979556005,3631928.0,,,,1000.0
2009-11-19T00:00:00,TSC,34.0,32.8,32.8,33.6,33.6,32.8,38510.0,38510.0,0.0,1293936000.0,0.0,0.0,0.0,0.0,0.0,82.0,102780.0,57.0,125400.0,4.0966513979556005,3638628.0,,,,1000.0
2009-11-20T00:00:00,TSC,34.0,33.0,33.5,33.0,33.0,33.6,18340.0,18340.0,0.0,605220000.0,0.0,400.0,13400000.0,0.0,0.0,50.0,36010.0,55.0,81980.0,4.0966513979556005,3631528.0,,,,1000.0
2009-11-23T00:00:00,TSC,33.4,32.2,32.6,32.8,32.8,33.0,66510.0,66510.0,0.0,2181528000.0,0.0,0.0,0.0,0.0,0.0,114.0,137360.0,90.0,104030.0,4.0966513979556005,3631528.0,,,,1000.0
2009-11-24T00:00:00,TSC,33.3,32.5,32.6,32.6,32.6,32.8,54860.0,54860.0,0.0,1788436000.0,0.0,0.0,0.0,0.0,0.0,63.0,100900.0,95.0,120300.0,4.0966513979556005,3631528.0,,,,1000.0
2009-11-25T00:00:00,TSC,32.0,31.0,32.0,31.0,31.0,32.6,110300.0,110300.0,0.0,3419300000.0,0.0,600.0,19200000.0,3000.0,96000000.0,72.0,114750.0,99.0,213780.0,4.0966513979556005,3633928.0,,,,1000.0
2009-11-26T00:00:00,TSC,29.8,29.5,29.6,29.5,29.5,31.0,99490.0,99490.0,0.0,2934955000.0,0.0,8600.0,253730000.0,0.0,0.0,52.0,101490.0,126.0,259090.0,4.0966513979556005,3625328.0,,,,1000.0
2009-11-27T00:00:00,TSC,30.9,28.1,28.1,30.5,30.5,29.5,39780.0,39780.0,0.0,1213290000.0,0.0,10.0,281000.0,3000.0,84900000.0,83.0,55670.0,51.0,65430.0,4.0966513979556005,3616728.0,,,,1000.0
2009-11-30T00:00:00,TSC,32.0,31.0,31.0,32.0,32.0,30.5,88190.0,88190.0,0.0,2822080000.0,0.0,0.0,0.0,2000.0,64000000.0,57.0,278910.0,45.0,88190.0,4.0966513979556005,3630318.0,,,,1000.0
2009-12-01T00:00:00,TSC,33.6,33.6,33.6,33.6,33.6,32.0,14200.0,14200.0,0.0,477120000.0,0.0,0.0,0.0,0.0,0.0,80.0,376110.0,15.0,14200.0,4.0966513979556005,3630318.0,,,,1000.0
2009-12-02T00:00:00,TSC,35.2,34.0,35.2,34.0,34.0,33.6,221890.0,221890.0,0.0,7544260000.0,0.0,11300.0,396539000.0,2000.0,68000000.0,90.0,356930.0,174.0,266530.0,4.0966513979556005,3621018.0,,,,1000.0
2009-12-03T00:00:00,TSC,35.1,33.7,33.7,34.9,34.9,34.0,60870.0,60870.0,0.0,2124363000.0,0.0,1000.0,35000000.0,0.0,0.0,74.0,146480.0,132.0,104090.0,4.0966513979556005,3620018.0,,,,1000.0
2009-12-04T00:00:00,TSC,35.4,34.0,35.4,34.5,34.5,34.9,31620.0,31620.0,0.0,1090890000.0,0.0,0.0,0.0,0.0,0.0,44.0,56150.0,110.0,93460.0,4.0966513979556005,3620018.0,,,,1000.0
2009-12-07T00:00:00,TSC,34.5,34.0,34.5,34.5,34.5,34.5,5500.0,5500.0,0.0,189750000.0,0.0,0.0,0.0,0.0,0.0,38.0,22900.0,42.0,55380.0,4.0966513979556005,3620018.0,,,,1000.0
2009-12-08T00:00:00,TSC,33.6,32.8,33.6,32.8,32.8,34.5,40400.0,40400.0,0.0,1325120000.0,0.0,0.0,0.0,0.0,0.0,62.0,48130.0,52.0,80380.0,4.0966513979556005,3620018.0,,,,1000.0
2009-12-09T00:00:00,TSC,32.8,31.2,31.3,31.2,31.2,32.8,21010.0,21010.0,0.0,655512000.0,0.0,0.0,0.0,1000.0,31200000.0,39.0,22010.0,44.0,52140.0,4.0966513979556005,3621018.0,,,,1000.0
2009-12-10T00:00:00,TSC,32.0,30.0,30.0,30.2,30.2,31.2,121410.0,121410.0,0.0,3666582000.0,0.0,0.0,0.0,3000.0,90600000.0,102.0,224790.0,72.0,161450.0,4.0966513979556005,3624018.0,,,,1000.0
2009-12-11T00:00:00,TSC,30.0,28.7,30.0,28.7,28.7,30.2,37940.0,37940.0,0.0,1088878000.0,0.0,3000.0,87100000.0,0.0,0.0,49.0,52930.0,57.0,91060.0,4.0966513979556005,3621018.0,,,,1000.0
2009-12-14T00:00:00,TSC,30.1,28.9,28.9,30.1,30.1,28.7,40750.0,40750.0,0.0,1226575000.0,0.0,100.0,3010000.0,800.0,24080000.0,48.0,58030.0,45.0,44490.0,4.0966513979556005,3621718.0,,,,1000.0
2009-12-15T00:00:00,TSC,30.9,28.6,28.6,30.9,30.9,30.1,11150.0,11150.0,0.0,344535000.0,0.0,0.0,0.0,0.0,0.0,31.0,23910.0,50.0,24780.0,4.0966513979556005,3621718.0,,,,1000.0
2009-12-16T00:00:00,TSC,30.9,29.4,30.9,29.4,29.4,30.9,11030.0,11030.0,0.0,324282000.0,0.0,2500.0,73750000.0,0.0,0.0,34.0,12230.0,53.0,37390.0,4.0966513979556005,3619218.0,,,,1000.0
2009-12-17T00:00:00,TSC,30.0,28.4,28.5,28.5,28.5,29.4,11660.0,11660.0,0.0,332310000.0,0.0,0.0,0.0,0.0,0.0,45.0,51300.0,28.0,58640.0,4.0966513979556005,3619218.0,,,,1000.0
2009-12-18T00:00:00,TSC,29.9,28.5,28.5,29.9,29.9,28.5,46880.0,46880.0,0.0,1401712000.0,0.0,0.0,0.0,0.0,0.0,43.0,82230.0,34.0,65210.0,4.0966513979556005,3619218.0,,,,1000.0
2009-12-21T00:00:00,TSC,31.3,30.0,30.0,31.3,31.3,29.9,18800.0,18800.0,0.0,588440000.0,0.0,1000.0,30000000.0,0.0,0.0,37.0,49120.0,27.0,31960.0,4.0966513979556005,3619218.0,,,,1000.0
2009-12-22T00:00:00,TSC,32.0,31.2,31.5,32.0,32.0,31.3,43410.0,43410.0,0.0,1389120000.0,0.0,0.0,0.0,0.0,0.0,37.0,79200.0,84.0,82330.0,4.0966513979556005,3618218.0,,,,1000.0
2009-12-23T00:00:00,TSC,32.0,30.6,32.0,32.0,32.0,32.0,29800.0,29800.0,0.0,953600000.0,0.0,0.0,0.0,0.0,0.0,39.0,68510.0,55.0,56950.0,4.0966513979556005,3618218.0,,,,1000.0
2009-12-24T00:00:00,TSC,32.0,30.8,30.8,32.0,32.0,32.0,36740.0,36740.0,0.0,1175680000.0,0.0,0.0,0.0,0.0,0.0,57.0,82310.0,69.0,82700.0,4.0966513979556005,3618218.0,,,,1000.0
2009-12-25T00:00:00,TSC,32.9,31.0,32.0,32.5,32.5,32.0,125880.0,125880.0,0.0,4091100000.0,0.0,0.0,0.0,0.0,0.0,95.0,164210.0,71.0,191670.0,4.0966513979556005,3618218.0,,,,1000.0
2009-12-28T00:00:00,TSC,34.1,31.5,31.5,34.1,34.1,32.5,74640.0,74640.0,0.0,2545224000.0,0.0,0.0,0.0,200.0,6820000.0,70.0,189620.0,64.0,75740.0,4.0966513979556005,3618418.0,,,,1000.0
2009-12-29T00:00:00,TSC,34.5,32.6,34.0,34.1,34.1,34.1,64080.0,64080.0,0.0,2185128000.0,0.0,0.0,0.0,0.0,0.0,61.0,188570.0,71.0,89280.0,4.0966513979556005,3618418.0,,,,1000.0
2009-12-30T00:00:00,TSC,35.0,33.1,34.7,35.0,35.0,34.1,26650.0,26650.0,0.0,932750000.0,0.0,0.0,0.0,300.0,10500000.0,43.0,82130.0,68.0,57070.0,4.0966513979556005,3618718.0,,,,1000.0
2009-12-31T00:00:00,TSC,35.7,33.6,35.7,35.0,35.0,35.0,101140.0,101140.0,0.0,3539900000.0,0.0,0.0,0.0,0.0,0.0,100.0,178640.0,97.0,193200.0,4.0966513979556005,3618718.0,,,,1000.0
2010-01-04T00:00:00,TSC,36.7,35.7,36.5,36.7,36.7,35.0,60140.0,60140.0,0.0,2207138000.0,0.0,0.0,0.0,0.0,0.0,75.0,89250.0,72.0,67240.0,4.0966513979556005,3618718.0,,,,1000.0
2010-01-05T00:00:00,TSC,38.5,36.9,38.5,38.0,38.0,36.7,86540.0,86540.0,0.0,3288520000.0,0.0,0.0,0.0,0.0,0.0,81.0,125300.0,93.0,135440.0,4.0966513979556005,3618718.0,,,,1000.0
2010-01-06T00:00:00,TSC,37.5,36.7,36.7,37.0,37.0,38.0,29440.0,29440.0,0.0,1089280000.0,0.0,0.0,0.0,1900.0,70600000.0,82.0,71490.0,95.0,118650.0,4.0966513979556005,3620618.0,,,,1000.0
2010-01-07T00:00:00,TSC,37.0,36.2,36.5,36.9,36.9,37.0,91920.0,91920.0,0.0,3391848000.0,0.0,400.0,14600000.0,0.0,0.0,107.0,145570.0,91.0,185590.0,4.0966513979556005,3620218.0,,,,1000.0
2010-01-08T00:00:00,TSC,37.5,36.0,37.5,36.0,36.0,36.9,67220.0,67220.0,0.0,2419920000.0,0.0,0.0,0.0,9000.0,328818000.0,75.0,91450.0,118.0,170490.0,4.0966513979556005,3629218.0,,,,1000.0
2010-01-11T00:00:00,TSC,35.2,34.5,35.0,35.0,35.0,36.0,87910.0,87910.0,0.0,3076850000.0,0.0,0.0,0.0,0.0,0.0,122.0,128250.0,53.0,110580.0,4.0966513979556005,3629218.0,,,,1000.0
2010-01-12T00:00:00,TSC,35.9,34.5,35.1,35.0,35.0,35.0,23020.0,23020.0,0.0,805700000.0,0.0,0.0,0.0,0.0,0.0,81.0,76880.0,42.0,52500.0,4.0966513979556005,3629218.0,,,,1000.0
2010-01-13T00:00:00,TSC,33.0,31.4,32.0,31.4,31.4,35.0,45120.0,45120.0,0.0,1416768000.0,0.0,0.0,0.0,0.0,0.0,66.0,64240.0,60.0,91460.0,3.8625570323581395,3629218.0,,,,1000.0
2010-01-14T00:00:00,TSC,32.6,31.4,32.0,32.6,32.6,31.4,9260.0,9260.0,0.0,301876000.0,0.0,0.0,0.0,0.0,0.0,58.0,46370.0,27.0,40550.0,3.8625570323581395,3629218.0,,,,1000.0
2010-01-15T00:00:00,TSC,32.6,31.5,32.6,32.4,32.4,32.6,3850.0,3850.0,0.0,124740000.0,0.0,0.0,0.0,0.0,0.0,37.0,22310.0,31.0,28150.0,3.8625570323581395,3629218.0,,,,1000.0
2010-01-18T00:00:00,TSC,31.2,30.8,31.2,30.8,30.8,32.4,29820.0,29820.0,0.0,918456000.0,0.0,0.0,0.0,0.0,0.0,44.0,32640.0,46.0,51860.0,3.8625570323581395,3629218.0,,,,1000.0
2010-01-19T00:00:00,TSC,31.7,29.9,31.7,30.0,30.0,30.8,8020.0,8020.0,0.0,240600000.0,0.0,0.0,0.0,0.0,0.0,42.0,41690.0,25.0,18290.0,3.8625570323581395,3629218.0,,,,1000.0
2010-01-20T00:00:00,TSC,30.8,29.3,30.5,29.8,29.8,30.0,40050.0,40050.0,0.0,1193490000.0,0.0,0.0,0.0,0.0,0.0,67.0,70020.0,37.0,56100.0,3.8625570323581395,3629218.0,,,,1000.0
2010-01-21T00:00:00,TSC,29.6,28.7,29.3,28.7,28.7,29.8,14440.0,14440.0,0.0,414428000.0,0.0,0.0,0.0,0.0,0.0,55.0,40970.0,35.0,35730.0,3.8625570323581395,3629218.0,,,,1000.0
2010-01-22T00:00:00,TSC,29.0,27.7,27.8,28.0,28.0,28.7,14480.0,14480.0,0.0,405440000.0,0.0,0.0,0.0,0.0,0.0,64.0,41880.0,22.0,28270.0,3.8625570323581395,3629218.0,,,,1000.0
2010-01-25T00:00:00,TSC,29.2,28.2,28.8,29.2,29.2,28.0,4160.0,4160.0,0.0,121472000.0,0.0,0.0,0.0,0.0,0.0,64.0,41880.0,22.0,28270.0,3.8625570323581395,3629218.0,,,,1000.0
2010-01-26T00:00:00,TSC,30.1,28.0,29.2,30.0,30.0,29.2,35040.0,35040.0,0.0,1051200000.0,0.0,2000.0,58400000.0,0.0,0.0,73.0,75690.0,40.0,76060.0,3.8625570323581395,3627218.0,,,,1000.0
2010-01-27T00:00:00,TSC,29.3,28.7,29.3,28.8,28.8,30.0,6930.0,6930.0,0.0,199584000.0,0.0,100.0,2900000.0,0.0,0.0,30.0,16890.0,37.0,26240.0,3.8625570323581395,3627118.0,,,,1000.0
2010-01-28T00:00:00,TSC,30.2,29.0,29.0,30.1,30.1,28.8,51690.0,51690.0,0.0,1555869000.0,0.0,4890.0,146206000.0,0.0,0.0,66.0,90200.0,71.0,65800.0,3.8625570323581395,3622228.0,,,,1000.0
2010-01-29T00:00:00,TSC,30.7,30.1,30.6,30.3,30.3,30.1,30930.0,30930.0,0.0,937179000.0,0.0,0.0,0.0,0.0,0.0,24.0,38950.0,60.0,61080.0,3.8625570323581395,3622228.0,,,,1000.0
2010-02-01T00:00:00,TSC,31.3,29.0,30.3,31.3,31.3,30.3,52160.0,52160.0,0.0,1632608000.0,0.0,0.0,0.0,0.0,0.0,42.0,71730.0,77.0,80410.0,3.8625570323581395,3622228.0,,,,1000.0
2010-02-02T00:00:00,TSC,31.3,29.8,31.3,30.0,30.0,31.3,9600.0,9600.0,0.0,288000000.0,0.0,10.0,310000.0,0.0,0.0,21.0,20250.0,65.0,40510.0,3.8625570323581395,3622218.0,,,,1000.0
2010-02-03T00:00:00,TSC,31.4,30.5,30.8,31.2,31.2,30.0,25680.0,25680.0,0.0,801216000.0,0.0,0.0,0.0,0.0,0.0,39.0,51730.0,82.0,52980.0,3.8625570323581395,3622218.0,,,,1000.0
2010-02-04T00:00:00,TSC,32.0,30.0,30.0,31.0,31.0,31.2,5690.0,5690.0,0.0,176390000.0,0.0,0.0,0.0,500.0,16000000.0,28.0,17240.0,60.0,24980.0,3.8625570323581395,3622718.0,,,,1000.0
2010-02-05T00:00:00,TSC,30.5,30.0,30.5,30.5,30.5,31.0,18010.0,18010.0,0.0,549305000.0,0.0,10.0,305000.0,0.0,0.0,32.0,29630.0,61.0,66990.0,3.8625570323581395,3622708.0,,,,1000.0
2010-02-08T00:00:00,TSC,30.0,29.5,30.0,30.0,30.0,30.5,20820.0,20820.0,0.0,624600000.0,0.0,0.0,0.0,890.0,26700000.0,32.0,41190.0,34.0,40400.0,3.8625570323581395,3623598.0,,,,1000.0
2010-02-09T00:00:00,TSC,29.5,28.7,29.1,29.2,29.2,30.0,12080.0,12080.0,0.0,352736000.0,0.0,500.0,14400000.0,0.0,0.0,41.0,39940.0,35.0,46990.0,3.8625570323581395,3623098.0,,,,1000.0
2010-02-10T00:00:00,TSC,30.5,29.6,30.2,29.6,29.6,29.2,4330.0,4330.0,0.0,128168000.0,0.0,0.0,0.0,0.0,0.0,21.0,32790.0,31.0,19570.0,3.8625570323581395,3623098.0,,,,1000.0
2010-02-11T00:00:00,TSC,29.6,29.6,29.6,29.6,29.6,29.6,430.0,430.0,0.0,12728000.0,0.0,0.0,0.0,0.0,0.0,30.0,17760.0,30.0,12710.0,3.8625570323581395,3623098.0,,,,1000.0
2010-02-12T00:00:00,TSC,31.0,29.5,30.5,31.0,31.0,29.6,1350.0,1350.0,0.0,41850000.0,0.0,0.0,0.0,500.0,15500000.0,33.0,27850.0,30.0,10660.0,3.8625570323581395,3623598.0,,,,1000.0
2010-02-22T00:00:00,TSC,31.3,29.8,31.3,30.0,30.0,31.0,15410.0,15410.0,0.0,462300000.0,0.0,0.0,0.0,0.0,0.0,37.0,32890.0,45.0,42230.0,3.8625570323581395,3623598.0,,,,1000.0
2010-02-23T00:00:00,TSC,29.5,28.8,29.2,29.1,29.1,30.0,17620.0,17620.0,0.0,512742000.0,0.0,1120.0,32700000.0,0.0,0.0,41.0,25030.0,33.0,33690.0,3.8625570323581395,3622478.0,,,,1000.0
2010-02-24T00:00:00,TSC,30.5,29.0,29.1,30.5,30.5,29.1,42790.0,42790.0,0.0,1305095000.0,0.0,0.0,0.0,0.0,0.0,46.0,71780.0,58.0,56060.0,3.8625570323581395,3622478.0,,,,1000.0
2010-02-25T00:00:00,TSC,31.5,30.5,30.5,30.5,30.5,30.5,7690.0,7690.0,0.0,234545000.0,0.0,0.0,0.0,200.0,6200000.0,25.0,14710.0,47.0,34070.0,3.8625570323581395,3622678.0,,,,1000.0
2010-02-26T00:00:00,TSC,30.5,29.8,29.8,30.5,30.5,30.5,5600.0,5600.0,0.0,170800000.0,0.0,210.0,6258000.0,840.0,25620000.0,43.0,17530.0,38.0,25590.0,3.8625570323581395,3623308.0,,,,1000.0
2010-03-01T00:00:00,TSC,31.4,30.5,30.5,31.1,31.1,30.5,14220.0,14220.0,0.0,442242000.0,0.0,0.0,0.0,4280.0,131936000.0,17.0,24200.0,47.0,31210.0,3.8625570323581395,3627588.0,,,,1000.0
2010-03-02T00:00:00,TSC,31.5,30.5,31.1,31.4,31.4,31.1,9320.0,9320.0,0.0,292648000.0,0.0,10.0,311000.0,0.0,0.0,24.0,23720.0,49.0,31900.0,3.8625570323581395,3627578.0,,,,1000.0
2010-03-03T00:00:00,TSC,31.6,30.6,31.6,31.2,31.2,31.4,2810.0,2810.0,0.0,87672000.0,0.0,0.0,0.0,0.0,0.0,18.0,8410.0,49.0,29100.0,3.8625570323581395,3627578.0,,,,1000.0
2010-03-04T00:00:00,TSC,31.5,31.0,31.1,31.3,31.3,31.2,10630.0,10630.0,0.0,332719000.0,0.0,0.0,0.0,0.0,0.0,37.0,25070.0,44.0,25410.0,3.8625570323581395,3627578.0,,,,1000.0
2010-03-05T00:00:00,TSC,31.1,30.5,31.1,31.0,31.0,31.3,5550.0,5550.0,0.0,172050000.0,0.0,0.0,0.0,0.0,0.0,25.0,12950.0,47.0,20300.0,3.8625570323581395,3627578.0,,,,1000.0
2010-03-08T00:00:00,TSC,31.5,30.8,30.8,31.3,31.3,31.0,15610.0,15610.0,0.0,488593000.0,0.0,0.0,0.0,4700.0,146358000.0,61.0,46160.0,52.0,36430.0,3.8625570323581395,3632278.0,,,,1000.0
2010-03-09T00:00:00,TSC,31.6,31.1,31.4,31.1,31.1,31.3,50300.0,50300.0,0.0,1564330000.0,0.0,0.0,0.0,10960.0,342564000.0,40.0,64530.0,63.0,68950.0,3.8625570323581395,3643238.0,,,,1000.0
2010-03-10T00:00:00,TSC,31.8,30.0,31.1,30.0,30.0,31.1,45460.0,45460.0,0.0,1363800000.0,0.0,0.0,0.0,27100.0,837348000.0,86.0,78280.0,90.0,101780.0,3.8625570323581395,3670338.0,,,,1000.0
2010-03-11T00:00:00,TSC,31.5,30.0,30.0,31.5,31.5,30.0,104120.0,104120.0,0.0,3279780000.0,0.0,0.0,0.0,63280.0,1985462000.0,138.0,217670.0,51.0,104120.0,3.8625570323581395,3733618.0,,,,1000.0
2010-03-12T00:00:00,TSC,32.0,31.5,31.5,31.7,31.7,31.5,63100.0,63100.0,0.0,2000270000.0,0.0,0.0,0.0,49600.0,1569878000.0,64.0,104920.0,96.0,156110.0,3.8625570323581395,3783218.0,,,,1000.0
2010-03-15T00:00:00,TSC,33.1,31.6,32.2,31.6,31.6,31.7,83290.0,83290.0,0.0,2631964000.0,0.0,0.0,0.0,49500.0,1580787000.0,86.0,112380.0,86.0,163760.0,3.8625570323581395,3832718.0,,,,1000.0
2010-03-16T00:00:00,TSC,31.6,30.5,31.5,30.5,30.5,31.6,35830.0,35830.0,0.0,1092815000.0,0.0,0.0,0.0,22780.0,705281000.0,59.0,51290.0,66.0,100920.0,3.8625570323581395,3855498.0,,,,1000.0
2010-03-17T00:00:00,TSC,32.0,30.4,31.0,31.5,31.5,30.5,100880.0,100880.0,0.0,3177720000.0,0.0,0.0,0.0,28990.0,894305000.0,108.0,186170.0,117.0,139830.0,3.8625570323581395,3884488.0,,,,1000.0
2010-03-18T00:00:00,TSC,33.0,31.5,31.5,33.0,33.0,31.5,178070.0,178070.0,0.0,5876310000.0,0.0,5000.0,157500000.0,35550.0,1149295000.0,115.0,319250.0,160.0,186020.0,3.8625570323581395,3915038.0,,,,1000.0
2010-03-19T00:00:00,TSC,34.6,33.5,33.5,34.6,34.6,33.0,189930.0,189930.0,0.0,6571578000.0,0.0,0.0,0.0,5440.0,184920000.0,146.0,471930.0,128.0,197830.0,3.8625570323581395,3920478.0,,,,1000.0
2010-03-22T00:00:00,TSC,35.7,34.6,35.4,35.0,35.0,34.6,122140.0,122140.0,0.0,4274900000.0,0.0,3500.0,123100000.0,5000.0,175120000.0,75.0,232780.0,200.0,293360.0,3.8625570323581395,3921978.0,,,,1000.0
2010-03-23T00:00:00,TSC,34.9,33.3,33.7,33.3,33.3,35.0,109390.0,109390.0,0.0,3642687000.0,0.0,0.0,0.0,10.0,337000.0,59.0,133740.0,116.0,332850.0,3.8625570323581395,3921988.0,,,,1000.0
2010-03-24T00:00:00,TSC,34.0,32.3,33.5,33.5,33.5,33.3,45590.0,45590.0,0.0,1527265000.0,0.0,0.0,0.0,0.0,0.0,60.0,95520.0,63.0,93030.0,3.8625570323581395,3921988.0,,,,1000.0
2010-03-25T00:00:00,TSC,34.5,33.0,33.0,34.0,34.0,33.5,100490.0,100490.0,0.0,3416660000.0,0.0,0.0,0.0,2000.0,66000000.0,73.0,213590.0,115.0,215250.0,3.8625570323581395,3923988.0,,,,1000.0
2010-03-26T00:00:00,TSC,35.2,33.6,34.8,35.0,35.0,34.0,156290.0,156290.0,0.0,5470150000.0,0.0,0.0,0.0,0.0,0.0,66.0,268060.0,141.0,274890.0,3.8625570323581395,3923988.0,,,,1000.0
2010-03-29T00:00:00,TSC,35.0,34.0,34.0,35.0,35.0,35.0,27700.0,27700.0,0.0,969500000.0,0.0,1010.0,34836000.0,0.0,0.0,41.0,87520.0,76.0,211310.0,3.8625570323581395,3922978.0,,,,1000.0
2010-03-30T00:00:00,TSC,34.5,33.4,34.5,33.4,33.4,35.0,20000.0,20000.0,0.0,668000000.0,0.0,100.0,3370000.0,0.0,0.0,30.0,62650.0,84.0,292740.0,3.8625570323581395,3922878.0,,,,1000.0
2010-03-31T00:00:00,TSC,34.3,32.2,33.4,33.5,33.5,33.4,41940.0,41940.0,0.0,1404990000.0,0.0,30.0,1029000.0,0.0,0.0,50.0,88070.0,66.0,153830.0,3.8625570323581395,3922848.0,,,,1000.0
2010-04-01T00:00:00,TSC,33.4,31.9,32.0,32.2,32.2,33.5,101480.0,101480.0,0.0,3267656000.0,0.0,0.0,0.0,7000.0,224674000.0,99.0,176010.0,62.0,207610.0,3.8625570323581395,3929848.0,,,,1000.0
2010-04-02T00:00:00,TSC,33.6,31.5,33.6,32.8,32.8,32.2,22020.0,22020.0,0.0,722256000.0,0.0,10.0,328000.0,0.0,0.0,44.0,70350.0,21.0,38300.0,3.8625570323581395,3929838.0,,,,1000.0
2010-04-05T00:00:00,TSC,33.0,32.0,32.2,33.0,33.0,32.8,40410.0,40410.0,0.0,1333530000.0,0.0,0.0,0.0,1500.0,48300000.0,76.0,68320.0,44.0,96240.0,3.8625570323581395,3931338.0,,,,1000.0
2010-04-06T00:00:00,TSC,33.0,31.8,33.0,32.5,32.5,33.0,49770.0,49770.0,0.0,1617525000.0,0.0,0.0,0.0,3000.0,95466000.0,80.0,88970.0,50.0,147870.0,3.8625570323581395,3934338.0,,,,1000.0
2010-04-07T00:00:00,TSC,33.4,31.9,32.6,33.2,33.2,32.5,40030.0,40030.0,0.0,1328996000.0,0.0,0.0,0.0,0.0,0.0,64.0,115530.0,86.0,96050.0,3.8625570323581395,3934338.0,,,,1000.0
2010-04-08T00:00:00,TSC,34.3,33.2,33.2,34.1,34.1,33.2,275880.0,275880.0,0.0,9407508000.0,0.0,0.0,0.0,0.0,0.0,186.0,582610.0,129.0,414800.0,3.8625570323581395,3934338.0,,,,1000.0
2010-04-09T00:00:00,TSC,34.7,33.4,34.5,33.4,33.4,34.1,61920.0,61920.0,0.0,2068128000.0,0.0,0.0,0.0,0.0,0.0,73.0,95800.0,126.0,289710.0,3.8625570323581395,3934338.0,,,,1000.0
2010-04-12T00:00:00,TSC,34.1,34.1,34.1,34.1,34.1,33.4,201080.0,201080.0,0.0,6856828000.0,0.0,0.0,0.0,0.0,0.0,113.0,318930.0,124.0,340510.0,3.8625570323581395,3934338.0,,,,1000.0
2010-04-13T00:00:00,TSC,34.8,33.8,34.1,33.8,33.8,34.1,195890.0,195890.0,0.0,6621082000.0,0.0,5000.0,169000000.0,200.0,6820000.0,122.0,295800.0,147.0,429730.0,3.8625570323581395,3929538.0,,,,1000.0
2010-04-14T00:00:00,TSC,34.4,33.5,33.8,34.2,34.2,33.8,179130.0,179130.0,0.0,6126246000.0,0.0,0.0,0.0,0.0,0.0,153.0,686880.0,114.0,320230.0,3.8625570323581395,3929538.0,,,,1000.0
2010-04-15T00:00:00,TSC,35.9,35.9,35.9,35.9,35.9,34.2,475310.0,475310.0,0.0,17063629000.0,0.0,2000.0,71800000.0,1000.0,35900000.0,339.0,1640440.0,128.0,475310.0,3.8625570323581395,3928538.0,,,,1000.0
2010-04-16T00:00:00,TSC,37.6,37.0,37.6,37.6,37.6,35.9,578530.0,578530.0,0.0,21752728000.0,0.0,0.0,0.0,0.0,0.0,265.0,870610.0,207.0,578530.0,3.8625570323581395,3928538.0,,,,1000.0
2010-04-19T00:00:00,TSC,37.6,35.8,37.1,35.8,35.8,37.6,300760.0,300760.0,0.0,10767208000.0,0.0,0.0,0.0,0.0,0.0,167.0,346000.0,214.0,597080.0,3.8625570323581395,3928538.0,,,,1000.0
2010-04-20T00:00:00,TSC,35.9,34.1,35.3,35.0,35.0,35.8,181460.0,181460.0,0.0,6351100000.0,0.0,0.0,0.0,0.0,0.0,199.0,312840.0,115.0,322780.0,3.8625570323581395,3928538.0,,,,1000.0
2010-04-21T00:00:00,TSC,35.4,33.8,35.4,34.0,34.0,35.0,137140.0,137140.0,0.0,4662760000.0,0.0,0.0,0.0,2000.0,67600000.0,181.0,262980.0,91.0,242210.0,3.8625570323581395,3930538.0,,,,1000.0
2010-04-22T00:00:00,TSC,35.0,33.8,34.5,33.8,33.8,34.0,154900.0,154900.0,0.0,5235620000.0,0.0,280.0,9464000.0,0.0,0.0,128.0,257850.0,109.0,313330.0,3.8625570323581395,3930258.0,,,,1000.0
2010-04-26T00:00:00,TSC,34.2,32.5,33.8,32.8,32.8,33.8,140090.0,140090.0,0.0,4594952000.0,0.0,0.0,0.0,0.0,0.0,165.0,226680.0,88.0,254600.0,3.8625570323581395,3930258.0,,,,1000.0
2010-04-27T00:00:00,TSC,33.9,32.8,33.0,33.0,33.0,32.8,86710.0,86710.0,0.0,2861430000.0,0.0,0.0,0.0,0.0,0.0,130.0,206810.0,75.0,166920.0,3.8625570323581395,3930258.0,,,,1000.0
2010-04-28T00:00:00,TSC,34.6,33.0,33.4,34.6,34.6,33.0,178070.0,178070.0,0.0,6161222000.0,0.0,0.0,0.0,0.0,0.0,118.0,321850.0,99.0,198710.0,3.8625570323581395,3930258.0,,,,1000.0
2010-04-29T00:00:00,TSC,34.6,33.6,34.6,33.8,33.8,34.6,87990.0,87990.0,0.0,2974062000.0,0.0,0.0,0.0,0.0,0.0,86.0,244430.0,145.0,261450.0,3.8625570323581395,3930258.0,,,,1000.0
2010-05-04T00:00:00,TSC,34.2,33.0,34.2,33.0,33.0,33.8,158440.0,158440.0,0.0,5228520000.0,0.0,0.0,0.0,0.0,0.0,136.0,293230.0,130.0,333640.0,3.8625570323581395,3930258.0,,,,1000.0
2010-05-05T00:00:00,TSC,33.4,32.8,32.8,32.8,32.8,33.0,133750.0,133750.0,0.0,4387000000.0,0.0,0.0,0.0,0.0,0.0,130.0,225150.0,99.0,201760.0,3.8625570323581395,3930258.0,,,,1000.0
2010-05-06T00:00:00,TSC,34.4,32.8,32.8,34.4,34.4,32.8,296400.0,296400.0,0.0,10196160000.0,0.0,5000.0,172000000.0,0.0,0.0,164.0,706130.0,107.0,296400.0,3.8625570323581395,3925258.0,,,,1000.0
2010-05-07T00:00:00,TSC,36.1,34.5,35.3,36.1,36.1,34.4,676070.0,676070.0,0.0,24406127000.0,0.0,0.0,0.0,0.0,0.0,210.0,1290240.0,313.0,830660.0,3.8625570323581395,3925258.0,,,,1000.0
2010-05-10T00:00:00,TSC,37.9,37.5,37.8,37.9,37.9,36.1,486880.0,486880.0,0.0,18452752000.0,0.0,5000.0,189000000.0,0.0,0.0,127.0,651830.0,233.0,496880.0,3.8625570323581395,3920258.0,,,,1000.0
2010-05-11T00:00:00,TSC,39.0,36.1,39.0,36.1,36.1,37.9,216100.0,216100.0,0.0,7801210000.0,0.0,1110.0,40071000.0,0.0,0.0,119.0,227990.0,243.0,615570.0,3.8625570323581395,3919148.0,,,,1000.0
2010-05-12T00:00:00,TSC,34.3,34.3,34.3,34.3,34.3,36.1,94480.0,94480.0,0.0,3240664000.0,0.0,0.0,0.0,5000.0,171500000.0,38.0,94480.0,86.0,465970.0,3.8625570323581395,3924148.0,,,,1000.0
2010-05-13T00:00:00,TSC,34.0,32.6,32.8,32.6,32.6,34.3,367050.0,367050.0,0.0,11965830000.0,0.0,0.0,0.0,0.0,0.0,205.0,408240.0,125.0,654500.0,3.8625570323581395,3924148.0,,,,1000.0
2010-05-14T00:00:00,TSC,33.5,32.6,33.5,32.7,32.7,32.6,225930.0,225930.0,0.0,7387911000.0,0.0,0.0,0.0,0.0,0.0,112.0,316130.0,82.0,405950.0,3.8625570323581395,3924148.0,,,,1000.0
2010-05-17T00:00:00,TSC,32.7,31.3,32.2,31.9,31.9,32.7,84450.0,84450.0,0.0,2693955000.0,0.0,50.0,1575000.0,0.0,0.0,119.0,144960.0,68.0,221990.0,3.8625570323581395,3924098.0,,,,1000.0
2010-05-18T00:00:00,TSC,31.9,31.2,31.3,31.5,31.5,31.9,70640.0,70640.0,0.0,2225160000.0,0.0,0.0,0.0,0.0,0.0,92.0,230060.0,53.0,131430.0,3.8625570323581395,3924098.0,,,,1000.0
2010-05-19T00:00:00,TSC,30.9,30.0,30.9,30.0,30.0,31.5,129290.0,129290.0,0.0,3878700000.0,0.0,0.0,0.0,0.0,0.0,90.0,224560.0,90.0,214100.0,3.8625570323581395,3924098.0,,,,1000.0
2010-05-20T00:00:00,TSC,30.0,28.5,29.0,30.0,30.0,30.0,169790.0,169790.0,0.0,5093700000.0,0.0,50.0,1450000.0,0.0,0.0,133.0,281970.0,78.0,229040.0,3.8625570323581395,3924048.0,,,,1000.0
2010-05-21T00:00:00,TSC,29.0,28.5,28.9,28.5,28.5,30.0,145820.0,145820.0,0.0,4155870000.0,0.0,0.0,0.0,0.0,0.0,53.0,161520.0,79.0,252190.0,3.8625570323581395,3924048.0,,,,1000.0
2010-05-24T00:00:00,TSC,29.3,27.9,29.3,28.3,28.3,28.5,22670.0,22670.0,0.0,641561000.0,0.0,0.0,0.0,0.0,0.0,69.0,62740.0,28.0,61180.0,3.8625570323581395,3919148.0,,,,1000.0
2010-05-25T00:00:00,TSC,28.8,27.9,28.3,27.9,27.9,28.3,53680.0,53680.0,0.0,1497672000.0,0.0,100.0,2860000.0,0.0,0.0,57.0,85130.0,42.0,93450.0,3.8625570323581395,3923948.0,,,,1000.0
2010-05-26T00:00:00,TSC,29.2,28.8,28.900000000000002,29.2,29.2,27.9,29640.0,29640.0,0.0,865488000.0,0.0,0.0,0.0,0.0,0.0,54.0,122350.0,40.0,31730.0,3.8625570323581395,3923948.0,,,,1000.0
2010-05-27T00:00:00,TSC,30.1,29.0,29.0,29.0,29.0,29.2,36910.0,36910.0,0.0,1070390000.0,0.0,0.0,0.0,0.0,0.0,43.0,61540.0,51.0,84590.0,3.8625570323581395,3923948.0,,,,1000.0
2010-05-28T00:00:00,TSC,30.400000000000002,30.3,30.400000000000002,30.4,30.4,29.0,89740.0,89740.0,0.0,2728096000.0,0.0,0.0,0.0,0.0,0.0,87.0,229930.0,37.0,96140.0,3.8625570323581395,3923948.0,,,,1000.0
2010-05-31T00:00:00,TSC,30.8,29.4,30.4,29.4,29.4,30.4,31710.0,31710.0,0.0,932274000.0,0.0,0.0,0.0,0.0,0.0,40.0,77200.0,40.0,48770.0,3.8625570323581395,3923948.0,,,,1000.0
2010-06-01T00:00:00,TSC,30.4,29.5,30.0,30.4,30.4,29.4,26380.0,26380.0,0.0,801952000.0,0.0,0.0,0.0,0.0,0.0,45.0,61630.0,37.0,49040.0,3.8625570323581395,3923948.0,,,,1000.0
2010-06-02T00:00:00,TSC,30.8,29.8,30.8,30.2,30.2,30.4,20420.0,20420.0,0.0,616684000.0,0.0,0.0,0.0,0.0,0.0,30.0,45650.0,45.0,71240.0,3.8625570323581395,3923948.0,,,,1000.0
2010-06-03T00:00:00,TSC,30.7,29.7,30.7,29.8,29.8,30.2,34650.0,34650.0,0.0,1032570000.0,0.0,0.0,0.0,0.0,0.0,55.0,53750.0,63.0,79350.0,3.8625570323581395,3923948.0,,,,1000.0
2010-06-04T00:00:00,TSC,30.2,29.4,30.2,29.5,29.5,29.8,15980.0,15980.0,0.0,471410000.0,0.0,0.0,0.0,0.0,0.0,50.0,42510.0,45.0,49840.0,3.8625570323581395,3923948.0,,,,1000.0
2010-06-07T00:00:00,TSC,29.0,28.1,29.0,28.1,28.1,29.5,121800.0,121800.0,0.0,3422580000.0,0.0,10.0,281000.0,0.0,0.0,90.0,134360.0,56.0,206160.0,3.8625570323581395,3923938.0,,,,1000.0
2010-06-08T00:00:00,TSC,28.9,28.0,28.1,28.1,28.1,28.1,8310.0,8310.0,0.0,233511000.0,0.0,0.0,0.0,0.0,0.0,52.0,51540.0,30.0,30720.0,3.8625570323581395,3923938.0,,,,1000.0
2010-06-09T00:00:00,TSC,28.9,28.1,28.8,28.1,28.1,28.1,13930.0,13930.0,0.0,391433000.0,0.0,100.0,2810000.0,0.0,0.0,45.0,28470.0,34.0,37340.0,3.8625570323581395,3923838.0,,,,1000.0
2010-06-10T00:00:00,TSC,28.5,27.8,27.8,28.5,28.5,28.1,8700.0,8700.0,0.0,247950000.0,0.0,0.0,0.0,0.0,0.0,37.0,25610.0,31.0,28130.0,3.8625570323581395,3923838.0,,,,1000.0
2010-06-11T00:00:00,TSC,29.4,28.5,29.4,28.7,28.7,28.5,49950.0,49950.0,0.0,1433565000.0,0.0,0.0,0.0,0.0,0.0,60.0,90070.0,50.0,113410.0,3.8625570323581395,3923838.0,,,,1000.0
2010-06-14T00:00:00,TSC,29.1,28.5,29.1,28.8,28.8,28.7,10970.0,10970.0,0.0,315936000.0,0.0,0.0,0.0,0.0,0.0,33.0,25170.0,37.0,59000.0,3.8625570323581395,3923838.0,,,,1000.0
2010-06-15T00:00:00,TSC,28.8,28.1,28.5,28.3,28.3,28.8,28830.0,28830.0,0.0,815889000.0,0.0,100.0,2850000.0,2000.0,56600000.0,59.0,54640.0,47.0,48850.0,3.8625570323581395,3925738.0,,,,1000.0
2010-06-16T00:00:00,TSC,28.8,28.3,28.3,28.7,28.7,28.3,44700.0,44700.0,0.0,1282890000.0,0.0,0.0,0.0,0.0,0.0,67.0,85510.0,43.0,92610.0,3.8625570323581395,3925738.0,,,,1000.0
2010-06-17T00:00:00,TSC,29.0,28.6,29.0,29.0,29.0,28.7,11300.0,11300.0,0.0,327700000.0,0.0,0.0,0.0,0.0,0.0,36.0,34960.0,44.0,40970.0,3.8625570323581395,3925738.0,,,,1000.0
2010-06-18T00:00:00,TSC,29.0,29.0,29.0,29.0,29.0,29.0,17600.0,17600.0,0.0,510400000.0,0.0,0.0,0.0,0.0,0.0,50.0,39350.0,44.0,61430.0,3.8625570323581395,3918938.0,,,,1000.0
2010-06-21T00:00:00,TSC,29.2,28.8,29.2,28.8,28.8,29.0,21590.0,21590.0,0.0,621792000.0,0.0,0.0,0.0,0.0,0.0,62.0,50780.0,52.0,66620.0,3.8625570323581395,3925738.0,,,,1000.0
2010-06-22T00:00:00,TSC,29.0,28.8,28.8,28.8,28.8,28.8,16550.0,16550.0,0.0,476640000.0,0.0,0.0,0.0,0.0,0.0,39.0,37510.0,40.0,79410.0,3.8625570323581395,3925738.0,,,,1000.0
2010-06-23T00:00:00,TSC,29.1,28.3,29.1,28.6,28.6,28.8,13890.0,13890.0,0.0,397254000.0,0.0,0.0,0.0,0.0,0.0,68.0,68010.0,42.0,61520.0,3.8625570323581395,3925738.0,,,,1000.0
2010-06-24T00:00:00,TSC,29.0,28.3,29.0,28.5,28.5,28.6,52720.0,52720.0,0.0,1502520000.0,0.0,0.0,0.0,6210.0,177703000.0,97.0,94540.0,49.0,103740.0,3.8625570323581395,3931948.0,,,,1000.0
2010-06-25T00:00:00,TSC,28.5,28.1,28.1,28.1,28.1,28.5,33490.0,33490.0,0.0,941069000.0,0.0,0.0,0.0,0.0,0.0,101.0,79740.0,46.0,76960.0,3.8625570323581395,3920938.0,,,,1000.0
2010-06-28T00:00:00,TSC,28.1,27.8,28.1,27.9,27.9,28.1,30400.0,30400.0,0.0,848160000.0,0.0,0.0,0.0,500.0,14050000.0,91.0,83520.0,52.0,82660.0,3.8625570323581395,3932448.0,,,,1000.0
2010-06-29T00:00:00,TSC,28.0,27.9,27.9,28.0,28.0,27.9,28530.0,28530.0,0.0,798840000.0,0.0,0.0,0.0,0.0,0.0,52.0,46350.0,36.0,54270.0,3.8625570323581395,3932448.0,,,,1000.0
2010-06-30T00:00:00,TSC,28.0,27.5,27.5,27.8,27.8,28.0,5170.0,5170.0,0.0,143726000.0,0.0,0.0,0.0,3000.0,82500000.0,52.0,38170.0,35.0,55100.0,3.8625570323581395,3935448.0,,,,1000.0
2010-07-01T00:00:00,TSC,27.7,27.3,27.6,27.5,27.5,27.8,33880.0,33880.0,0.0,931700000.0,0.0,0.0,0.0,0.0,0.0,67.0,48690.0,32.0,68100.0,3.8625570323581395,3935448.0,,,,1000.0
2010-07-02T00:00:00,TSC,27.6,27.0,27.5,27.6,27.6,27.5,90010.0,90010.0,0.0,2484276000.0,0.0,0.0,0.0,0.0,0.0,99.0,128900.0,32.0,102930.0,3.8625570323581395,3935448.0,,,,1000.0
2010-07-05T00:00:00,TSC,27.6,27.1,27.6,27.2,27.2,27.6,28740.0,28740.0,0.0,781728000.0,0.0,0.0,0.0,0.0,0.0,73.0,64660.0,45.0,57370.0,3.8625570323581395,3935448.0,,,,1000.0
2010-07-06T00:00:00,TSC,27.0,26.9,27.0,26.9,26.9,27.2,16030.0,16030.0,0.0,431207000.0,0.0,0.0,0.0,0.0,0.0,67.0,51870.0,39.0,45720.0,3.8625570323581395,3935448.0,,,,1000.0
2010-07-07T00:00:00,TSC,28.2,28.0,28.0,28.2,28.2,26.9,119060.0,119060.0,0.0,3357492000.0,0.0,2000.0,56400000.0,1000.0,28200000.0,115.0,274130.0,59.0,121060.0,3.8625570323581395,3934448.0,,,,1000.0
2010-07-08T00:00:00,TSC,29.2,28.0,29.2,28.0,28.0,28.2,51200.0,51200.0,0.0,1433600000.0,0.0,10000.0,289000000.0,0.0,0.0,38.0,69720.0,128.0,211870.0,3.8625570323581395,3924448.0,,,,1000.0
2010-07-09T00:00:00,TSC,28.0,27.1,27.5,28.0,28.0,28.0,33220.0,33220.0,0.0,930160000.0,0.0,0.0,0.0,0.0,0.0,62.0,79710.0,50.0,93730.0,3.8625570323581395,3924448.0,,,,1000.0
2010-07-12T00:00:00,TSC,27.8,27.3,27.3,27.8,27.8,28.0,4280.0,4280.0,0.0,118984000.0,0.0,0.0,0.0,0.0,0.0,28.0,28940.0,35.0,63950.0,3.8625570323581395,3924448.0,,,,1000.0
2010-07-13T00:00:00,TSC,28.2,27.6,28.2,28.0,28.0,27.8,41140.0,41140.0,0.0,1151920000.0,0.0,100.0,2800000.0,0.0,0.0,73.0,84380.0,64.0,105750.0,3.8625570323581395,3924348.0,,,,1000.0
2010-07-14T00:00:00,TSC,29.0,28.0,28.0,28.5,28.5,28.0,72750.0,72750.0,0.0,2073375000.0,0.0,0.0,0.0,0.0,0.0,60.0,128370.0,116.0,189640.0,3.8625570323581395,3924348.0,,,,1000.0
2010-07-15T00:00:00,TSC,28.5,28.0,28.0,28.4,28.4,28.5,44760.0,44760.0,0.0,1271184000.0,0.0,100.0,2800000.0,0.0,0.0,46.0,61800.0,91.0,137360.0,3.8625570323581395,3919448.0,,,,1000.0
2010-07-16T00:00:00,TSC,28.4,27.8,28.3,27.8,27.8,28.4,21010.0,21010.0,0.0,584078000.0,0.0,100.0,2800000.0,0.0,0.0,54.0,53790.0,44.0,57850.0,3.8625570323581395,3924148.0,,,,1000.0
2010-07-19T00:00:00,TSC,29.1,27.5,27.5,29.1,29.1,27.8,27140.0,27140.0,0.0,789774000.0,0.0,0.0,0.0,0.0,0.0,55.0,57650.0,35.0,42400.0,3.8625570323581395,3924148.0,,,,1000.0
2010-07-20T00:00:00,TSC,29.4,27.7,29.4,27.9,27.9,29.1,173280.0,173280.0,0.0,4834512000.0,0.0,0.0,0.0,0.0,0.0,166.0,302100.0,157.0,367600.0,3.8625570323581395,3924148.0,,,,1000.0
2010-07-21T00:00:00,TSC,28.4,27.7,28.3,28.0,28.0,27.9,13340.0,13340.0,0.0,373520000.0,0.0,300.0,8400000.0,0.0,0.0,83.0,86860.0,74.0,141760.0,3.8625570323581395,3923848.0,,,,1000.0
2010-07-22T00:00:00,TSC,27.8,26.6,27.5,26.6,26.6,28.0,399600.0,399600.0,0.0,10629360000.0,0.0,1500.0,40500000.0,0.0,0.0,355.0,441340.0,103.0,496100.0,3.8625570323581395,3922348.0,,,,1000.0
2010-07-23T00:00:00,TSC,26.7,25.5,26.7,26.6,26.6,26.6,146730.0,146730.0,0.0,3903018000.0,0.0,2000.0,53400000.0,0.0,0.0,182.0,264560.0,67.0,205730.0,3.8625570323581395,3920348.0,,,,1000.0
2010-07-26T00:00:00,TSC,27.3,26.6,26.6,26.7,26.7,26.6,21460.0,21460.0,0.0,572982000.0,0.0,0.0,0.0,0.0,0.0,52.0,84220.0,68.0,100350.0,3.8625570323581395,3920348.0,,,,1000.0
2010-07-27T00:00:00,TSC,25.4,25.4,25.4,25.4,25.4,26.7,87400.0,87400.0,0.0,2219960000.0,0.0,0.0,0.0,0.0,0.0,56.0,87400.0,186.0,583400.0,3.8625570323581395,3920348.0,,,,1000.0
2010-07-28T00:00:00,TSC,24.2,24.2,24.2,24.2,24.2,25.4,2530.0,2530.0,0.0,61226000.0,0.0,0.0,0.0,0.0,0.0,7.0,2530.0,243.0,620980.0,3.8625570323581395,3920348.0,,,,1000.0
2010-07-29T00:00:00,TSC,23.0,23.0,23.0,23.0,23.0,24.2,4870.0,4870.0,0.0,112010000.0,0.0,0.0,0.0,0.0,0.0,15.0,4870.0,231.0,536080.0,3.8625570323581395,3920348.0,,,,1000.0
2010-07-30T00:00:00,TSC,24.1,21.9,21.9,24.0,24.0,23.0,466810.0,466810.0,0.0,11203440000.0,0.0,2000.0,44600000.0,10000.0,223000000.0,281.0,815190.0,315.0,647170.0,3.8625570323581395,3928348.0,,,,1000.0
2010-08-02T00:00:00,TSC,23.3,22.8,23.2,22.8,22.8,24.0,90430.0,90430.0,0.0,2061804000.0,0.0,0.0,0.0,0.0,0.0,89.0,145560.0,114.0,206670.0,3.8625570323581395,3928348.0,,,,1000.0
2010-08-03T00:00:00,TSC,22.8,21.7,22.8,21.7,21.7,22.8,201710.0,201710.0,0.0,4377107000.0,0.0,100.0,2170000.0,0.0,0.0,161.0,213800.0,90.0,316850.0,3.8625570323581395,3928248.0,,,,1000.0
2010-08-04T00:00:00,TSC,21.1,20.7,21.1,20.8,20.8,21.7,106270.0,106270.0,0.0,2210416000.0,0.0,2000.0,41600000.0,0.0,0.0,94.0,141870.0,67.0,147110.0,3.8625570323581395,3926248.0,,,,1000.0
2010-08-05T00:00:00,TSC,21.0,20.0,20.8,20.0,20.0,20.8,41690.0,41690.0,0.0,833800000.0,0.0,0.0,0.0,250.0,5000000.0,85.0,100870.0,66.0,87300.0,3.8625570323581395,3926498.0,,,,1000.0
2010-08-06T00:00:00,TSC,20.8,19.8,20.0,20.7,20.7,20.0,86810.0,86810.0,0.0,1796967000.0,0.0,0.0,0.0,0.0,0.0,126.0,230600.0,92.0,137780.0,3.8625570323581395,3926498.0,,,,1000.0
2010-08-09T00:00:00,TSC,20.4,19.7,20.3,19.7,19.7,20.7,95030.0,95030.0,0.0,1872091000.0,0.0,2000.0,39600000.0,0.0,0.0,72.0,140100.0,75.0,183110.0,3.8625570323581395,3924498.0,,,,1000.0
2010-08-10T00:00:00,TSC,19.9,18.8,19.0,18.8,18.8,19.7,105170.0,105170.0,0.0,1977196000.0,0.0,0.0,0.0,0.0,0.0,59.0,113180.0,76.0,180530.0,3.8625570323581395,3924498.0,,,,1000.0
2010-08-11T00:00:00,TSC,19.2,17.9,18.6,18.1,18.1,18.8,81680.0,81680.0,0.0,1478408000.0,0.0,0.0,0.0,0.0,0.0,114.0,185230.0,54.0,131440.0,3.8625570323581395,3924498.0,,,,1000.0
2010-08-12T00:00:00,TSC,17.4,17.2,17.4,17.2,17.2,18.1,144660.0,144660.0,0.0,2488152000.0,0.0,0.0,0.0,0.0,0.0,63.0,161630.0,104.0,272320.0,3.8625570323581395,3924498.0,,,,1000.0
2010-08-13T00:00:00,TSC,17.2,16.5,17.0,16.8,16.8,17.2,54250.0,54250.0,0.0,911400000.0,0.0,770.0,12790000.0,2000.0,33000000.0,73.0,171180.0,47.0,109950.0,3.8625570323581395,3925728.0,,,,1000.0
2010-08-16T00:00:00,TSC,17.6,16.8,16.8,17.4,17.4,16.8,34860.0,34860.0,0.0,606564000.0,0.0,0.0,0.0,0.0,0.0,98.0,147980.0,46.0,105320.0,3.8625570323581395,3925728.0,,,,1000.0
2010-08-17T00:00:00,TSC,17.0,16.6,17.0,16.6,16.6,17.4,36750.0,36750.0,0.0,610050000.0,0.0,0.0,0.0,0.0,0.0,59.0,92170.0,50.0,102130.0,3.8625570323581395,3925728.0,,,,1000.0
2010-08-18T00:00:00,TSC,16.4,15.8,16.4,15.8,15.8,16.6,71850.0,71850.0,0.0,1135230000.0,0.0,0.0,0.0,0.0,0.0,81.0,91870.0,45.0,106170.0,3.8625570323581395,3925728.0,,,,1000.0
2010-08-19T00:00:00,TSC,15.8,15.2,15.8,15.5,15.5,15.8,17710.0,17710.0,0.0,274505000.0,0.0,0.0,0.0,0.0,0.0,69.0,62630.0,38.0,61720.0,3.8625570323581395,3925728.0,,,,1000.0
2010-08-20T00:00:00,TSC,15.6,15.1,15.5,15.6,15.6,15.5,20280.0,20280.0,0.0,316368000.0,0.0,2510.0,38655000.0,0.0,0.0,56.0,60650.0,36.0,43820.0,3.8625570323581395,3923218.0,,,,1000.0
2010-08-23T00:00:00,TSC,16.1,15.6,15.8,15.9,15.9,15.6,48680.0,48680.0,0.0,774012000.0,0.0,0.0,0.0,0.0,0.0,78.0,116860.0,65.0,103230.0,3.8625570323581395,3923218.0,,,,1000.0
2010-08-24T00:00:00,TSC,15.9,15.2,15.4,15.2,15.2,15.9,61430.0,61430.0,0.0,933736000.0,0.0,3650.0,58035000.0,0.0,0.0,37.0,102490.0,56.0,103430.0,3.8625570323581395,3919568.0,,,,1000.0
2010-08-25T00:00:00,TSC,15.4,14.5,15.4,14.5,14.5,15.2,56270.0,56270.0,0.0,815915000.0,0.0,0.0,0.0,0.0,0.0,41.0,61270.0,52.0,102110.0,3.8625570323581395,3919568.0,,,,1000.0
2010-08-26T00:00:00,TSC,14.7,14.0,14.5,14.2,14.2,14.5,43080.0,43080.0,0.0,611736000.0,0.0,4000.0,58000000.0,0.0,0.0,60.0,86260.0,75.0,101840.0,3.8625570323581395,3915568.0,,,,1000.0
2010-08-27T00:00:00,TSC,14.2,13.6,14.2,14.0,14.0,14.2,44140.0,44140.0,0.0,617960000.0,0.0,0.0,0.0,0.0,0.0,63.0,68040.0,58.0,98830.0,3.8625570323581395,3915568.0,,,,1000.0
2010-08-30T00:00:00,TSC,14.7,14.3,14.3,14.7,14.7,14.0,100700.0,100700.0,0.0,1480290000.0,0.0,0.0,0.0,500.0,7150000.0,83.0,188450.0,37.0,100710.0,3.8625570323581395,3916068.0,,,,1000.0
2010-08-31T00:00:00,TSC,15.4,14.5,14.7,15.4,15.4,14.7,78650.0,78650.0,0.0,1211210000.0,0.0,0.0,0.0,0.0,0.0,86.0,123790.0,59.0,86830.0,3.8625570323581395,3916068.0,,,,1000.0
2010-09-01T00:00:00,TSC,15.6,14.8,15.6,15.1,15.1,15.4,75270.0,75270.0,0.0,1136577000.0,0.0,0.0,0.0,0.0,0.0,87.0,167400.0,66.0,149960.0,3.8625570323581395,3916068.0,,,,1000.0
2010-09-06T00:00:00,TSC,15.8,15.6,15.7,15.8,15.8,15.1,44940.0,44940.0,0.0,710052000.0,0.0,0.0,0.0,0.0,0.0,115.0,702050.0,35.0,45240.0,3.8625570323581395,3916068.0,,,,1000.0
2010-09-07T00:00:00,TSC,16.5,16.5,16.5,16.5,16.5,15.8,32360.0,32360.0,0.0,533940000.0,0.0,0.0,0.0,0.0,0.0,81.0,449070.0,32.0,32360.0,3.8625570323581395,3911268.0,,,,1000.0
2010-09-08T00:00:00,TSC,17.3,16.7,17.3,17.3,17.3,16.5,356740.0,356740.0,0.0,6171602000.0,0.0,0.0,0.0,0.0,0.0,179.0,740390.0,176.0,366300.0,3.8625570323581395,3916068.0,,,,1000.0
2010-09-09T00:00:00,TSC,18.1,17.7,18.1,18.1,18.1,17.3,149430.0,149430.0,0.0,2704683000.0,0.0,0.0,0.0,0.0,0.0,111.0,279320.0,90.0,164890.0,3.8625570323581395,3916068.0,,,,1000.0
2010-09-10T00:00:00,TSC,19.0,18.1,18.4,18.4,18.4,18.1,203920.0,203920.0,0.0,3752128000.0,0.0,0.0,0.0,0.0,0.0,84.0,282010.0,165.0,268810.0,3.8625570323581395,3916068.0,,,,1000.0
2010-09-13T00:00:00,TSC,18.8,17.5,17.5,17.5,17.5,18.4,65380.0,65380.0,0.0,1144150000.0,0.0,0.0,0.0,0.0,0.0,53.0,86280.0,65.0,130520.0,3.8625570323581395,3916068.0,,,,1000.0
2010-09-14T00:00:00,TSC,18.1,16.8,17.5,18.1,18.1,17.5,128860.0,128860.0,0.0,2332366000.0,0.0,0.0,0.0,0.0,0.0,95.0,201360.0,102.0,278960.0,3.8625570323581395,3916068.0,,,,1000.0
2010-09-15T00:00:00,TSC,18.1,17.2,17.4,17.2,17.2,18.1,130150.0,130150.0,0.0,2238580000.0,0.0,0.0,0.0,0.0,0.0,77.0,184090.0,111.0,231210.0,3.8625570323581395,3916068.0,,,,1000.0
2010-09-16T00:00:00,TSC,17.5,16.5,17.2,17.5,17.5,17.2,31490.0,31490.0,0.0,551075000.0,0.0,0.0,0.0,0.0,0.0,71.0,77600.0,49.0,66750.0,3.8625570323581395,3916068.0,,,,1000.0
2010-09-17T00:00:00,TSC,17.9,17.4,17.5,17.7,17.7,17.5,59270.0,59270.0,0.0,1049079000.0,0.0,0.0,0.0,0.0,0.0,77.0,167290.0,81.0,119090.0,3.8625570323581395,3916068.0,,,,1000.0
2010-09-20T00:00:00,TSC,18.5,18.3,18.4,18.5,18.5,17.7,115360.0,115360.0,0.0,2134160000.0,0.0,0.0,0.0,0.0,0.0,82.0,337840.0,84.0,116990.0,3.8625570323581395,3916068.0,,,,1000.0
2010-09-21T00:00:00,TSC,19.2,18.5,18.5,19.2,19.2,18.5,160790.0,160790.0,0.0,3087168000.0,0.0,0.0,0.0,0.0,0.0,129.0,259070.0,172.0,277900.0,3.8625570323581395,3916068.0,,,,1000.0
2010-09-22T00:00:00,TSC,19.3,18.5,18.5,19.0,19.0,19.2,37770.0,37770.0,0.0,717630000.0,0.0,0.0,0.0,0.0,0.0,57.0,126390.0,102.0,140680.0,3.8625570323581395,3916068.0,,,,1000.0
2010-09-23T00:00:00,TSC,19.0,18.2,18.5,18.2,18.2,19.0,57380.0,57380.0,0.0,1044316000.0,0.0,0.0,0.0,0.0,0.0,53.0,102950.0,84.0,109840.0,3.8625570323581395,3916068.0,,,,1000.0
2010-09-24T00:00:00,TSC,18.8,18.0,18.8,18.5,18.5,18.2,29080.0,29080.0,0.0,537980000.0,0.0,0.0,0.0,0.0,0.0,77.0,119640.0,59.0,104060.0,3.8625570323581395,3916068.0,,,,1000.0
2010-09-27T00:00:00,TSC,18.5,18.0,18.5,18.0,18.0,18.5,38610.0,38610.0,0.0,694980000.0,0.0,20000.0,361900000.0,0.0,0.0,61.0,85220.0,55.0,107430.0,3.8625570323581395,3896068.0,,,,1000.0
2010-09-28T00:00:00,TSC,18.8,18.0,18.8,18.1,18.1,18.0,37730.0,37730.0,0.0,682913000.0,0.0,0.0,0.0,0.0,0.0,55.0,87580.0,63.0,76990.0,3.8625570323581395,3896068.0,,,,1000.0
2010-09-29T00:00:00,TSC,18.5,17.8,18.5,17.8,17.8,18.1,50950.0,50950.0,0.0,906910000.0,0.0,0.0,0.0,0.0,0.0,40.0,77760.0,73.0,100350.0,3.8625570323581395,3896068.0,,,,1000.0
2010-09-30T00:00:00,TSC,18.0,17.4,18.0,17.5,17.5,17.8,18250.0,18250.0,0.0,319375000.0,0.0,0.0,0.0,0.0,0.0,43.0,43080.0,67.0,109500.0,3.8625570323581395,3896068.0,,,,1000.0
2010-10-01T00:00:00,TSC,17.9,17.5,17.8,17.5,17.5,17.5,19810.0,19810.0,0.0,346675000.0,0.0,0.0,0.0,0.0,0.0,41.0,64360.0,42.0,47100.0,3.8625570323581395,3896068.0,,,,1000.0
2010-10-04T00:00:00,TSC,17.5,16.7,17.5,16.7,16.7,17.5,44040.0,44040.0,0.0,735468000.0,0.0,0.0,0.0,0.0,0.0,43.0,56420.0,66.0,100530.0,3.8625570323581395,3896068.0,,,,1000.0
2010-10-05T00:00:00,TSC,17.3,16.1,16.1,16.9,16.9,16.7,37220.0,37220.0,0.0,629018000.0,0.0,0.0,0.0,0.0,0.0,60.0,96070.0,48.0,71500.0,3.8625570323581395,3896068.0,,,,1000.0
2010-10-06T00:00:00,TSC,17.7,16.8,16.9,17.7,17.7,16.9,40070.0,40070.0,0.0,709239000.0,0.0,0.0,0.0,0.0,0.0,51.0,77890.0,38.0,47940.0,3.8625570323581395,3896068.0,,,,1000.0
2010-10-07T00:00:00,TSC,18.2,17.5,17.5,18.1,18.1,17.7,15100.0,15100.0,0.0,273310000.0,0.0,0.0,0.0,0.0,0.0,31.0,47440.0,61.0,87450.0,3.8625570323581395,3896068.0,,,,1000.0
2010-10-08T00:00:00,TSC,18.1,17.2,17.4,17.2,17.2,18.1,26120.0,26120.0,0.0,449264000.0,0.0,0.0,0.0,0.0,0.0,43.0,49.5,75.0,103.95,3.8625570323581395,3896068.0,,,,1000.0
2010-10-11T00:00:00,TSC,17.4,16.8,17.2,17.2,17.2,17.2,30790.0,30790.0,0.0,529588000.0,0.0,0.0,0.0,0.0,0.0,45.0,55450.0,54.0,106190.0,3.8625570323581395,3896068.0,,,,1000.0
2010-10-12T00:00:00,TSC,17.2,16.9,17.2,17.0,17.0,17.2,17400.0,17400.0,0.0,295800000.0,0.0,0.0,0.0,0.0,0.0,45.0,50630.0,41.0,114490.0,3.8625570323581395,3896068.0,,,,1000.0
2010-10-13T00:00:00,TSC,17.0,16.3,16.3,17.0,17.0,17.0,15500.0,15500.0,0.0,263500000.0,0.0,0.0,0.0,0.0,0.0,46.0,59070.0,25.0,35720.0,3.8625570323581395,3896068.0,,,,1000.0
2010-10-14T00:00:00,TSC,17.0,16.9,17.0,16.9,16.9,17.0,10610.0,10610.0,0.0,179309000.0,0.0,0.0,0.0,0.0,0.0,23.0,31160.0,18.0,55520.0,3.8625570323581395,3896068.0,,,,1000.0
2010-10-15T00:00:00,TSC,16.8,16.8,16.8,16.8,16.8,16.9,3050.0,3050.0,0.0,51240000.0,0.0,0.0,0.0,0.0,0.0,29.0,29300.0,23.0,70300.0,3.8625570323581395,3896068.0,,,,1000.0
2010-10-18T00:00:00,TSC,17.0,16.4,17.0,16.8,16.8,16.8,35320.0,35320.0,0.0,593376000.0,0.0,0.0,0.0,0.0,0.0,39.0,72130.0,37.0,120150.0,3.8625570323581395,3896068.0,,,,1000.0
2010-10-19T00:00:00,TSC,16.8,16.3,16.8,16.7,16.7,16.8,1980.0,1980.0,0.0,33066000.0,0.0,0.0,0.0,0.0,0.0,28.0,18440.0,22.0,39210.0,3.8625570323581395,3896068.0,,,,1000.0
2010-10-20T00:00:00,TSC,16.7,15.9,16.7,15.9,15.9,16.7,43990.0,43990.0,0.0,699441000.0,0.0,0.0,0.0,0.0,0.0,31.0,44990.0,31.0,79770.0,3.8625570323581395,3896068.0,,,,1000.0
2010-10-21T00:00:00,TSC,16.5,15.3,16.5,15.3,15.3,15.9,21850.0,21850.0,0.0,334305000.0,0.0,0.0,0.0,0.0,0.0,41.0,70120.0,31.0,67400.0,3.8625570323581395,3896068.0,,,,1000.0
2010-10-22T00:00:00,TSC,15.6,15.4,15.4,15.5,15.5,15.3,14390.0,14390.0,0.0,223045000.0,0.0,0.0,0.0,0.0,0.0,32.0,72070.0,14.0,24060.0,3.8625570323581395,3896068.0,,,,1000.0
2010-10-25T00:00:00,TSC,15.5,15.2,15.5,15.3,15.3,15.5,9690.0,9690.0,0.0,148257000.0,0.0,0.0,0.0,0.0,0.0,28.0,31220.0,22.0,24220.0,3.8625570323581395,3896068.0,,,,1000.0
2010-10-26T00:00:00,TSC,16.0,15.7,16.0,15.9,15.9,15.3,22610.0,22610.0,0.0,359499000.0,0.0,0.0,0.0,2000.0,31600000.0,47.0,66430.0,20.0,69740.0,3.8625570323581395,3898068.0,,,,1000.0
2010-10-27T00:00:00,TSC,16.0,15.3,15.6,15.3,15.3,15.9,34110.0,34110.0,0.0,521883000.0,0.0,0.0,0.0,0.0,0.0,28.0,56020.0,29.0,74470.0,3.8625570323581395,3898068.0,,,,1000.0
2010-10-28T00:00:00,TSC,15.8,15.3,15.5,15.3,15.3,15.3,12130.0,12130.0,0.0,185589000.0,0.0,0.0,0.0,0.0,0.0,41.0,38400.0,21.0,43940.0,3.8625570323581395,3898068.0,,,,1000.0
2010-10-29T00:00:00,TSC,15.8,15.5,15.5,15.6,15.6,15.3,5940.0,5940.0,0.0,92664000.0,0.0,0.0,0.0,0.0,0.0,27.0,32710.0,24.0,24270.0,3.8625570323581395,3898068.0,,,,1000.0
2010-11-01T00:00:00,TSC,16.3,15.1,15.2,16.3,16.3,15.6,61250.0,61250.0,0.0,998375000.0,0.0,0.0,0.0,0.0,0.0,64.0,245220.0,33.0,82780.0,3.8625570323581395,3898068.0,,,,1000.0
2010-11-02T00:00:00,TSC,17.1,16.5,16.7,17.1,17.1,16.3,149880.0,149880.0,0.0,2562948000.0,0.0,0.0,0.0,0.0,0.0,120.0,281250.0,105.0,171080.0,3.8625570323581395,3893268.0,,,,1000.0
2010-11-03T00:00:00,TSC,17.2,16.6,17.2,17.0,17.0,17.1,74090.0,74090.0,0.0,1259530000.0,0.0,0.0,0.0,0.0,0.0,44.0,85450.0,91.0,153920.0,3.8625570323581395,3893268.0,,,,1000.0
2010-11-04T00:00:00,TSC,17.4,17.0,17.4,17.3,17.3,17.0,20480.0,20480.0,0.0,354304000.0,0.0,0.0,0.0,0.0,0.0,32.0,61070.0,69.0,69560.0,3.8625570323581395,3893268.0,,,,1000.0
2010-11-05T00:00:00,TSC,17.5,17.2,17.5,17.3,17.3,17.3,40810.0,40810.0,0.0,706013000.0,0.0,0.0,0.0,100.0,1730000.0,41.0,104500.0,70.0,133490.0,3.8625570323581395,3893268.0,,,,1000.0
2010-11-08T00:00:00,TSC,16.9,16.6,16.9,16.8,16.8,17.3,28550.0,28550.0,0.0,479640000.0,0.0,0.0,0.0,0.0,0.0,32.0,67910.0,54.0,74490.0,3.8625570323581395,3893268.0,,,,1000.0
2010-11-09T00:00:00,TSC,16.5,16.0,16.4,16.0,16.0,16.8,88280.0,88280.0,0.0,1412480000.0,0.0,0.0,0.0,640.0,10368000.0,43.0,100820.0,76.0,133870.0,3.8625570323581395,3893268.0,,,,1000.0
2010-11-10T00:00:00,TSC,16.8,16.1,16.8,16.1,16.1,16.0,8510.0,8510.0,0.0,137011000.0,0.0,0.0,0.0,0.0,0.0,31.0,41900.0,40.0,92650.0,3.8625570323581395,3893268.0,,,,1000.0
2010-11-11T00:00:00,TSC,16.7,16.2,16.2,16.7,16.7,16.1,38340.0,38340.0,0.0,640278000.0,0.0,0.0,0.0,0.0,0.0,46.0,80810.0,49.0,86650.0,3.8625570323581395,3893368.0,,,,1000.0
2010-11-12T00:00:00,TSC,16.8,16.0,16.2,16.5,16.5,16.7,36520.0,36520.0,0.0,602580000.0,0.0,0.0,0.0,0.0,0.0,47.0,63890.0,64.0,134700.0,3.8625570323581395,3893368.0,,,,1000.0
2010-11-15T00:00:00,TSC,16.1,16.0,16.0,16.1,16.1,16.5,4540.0,4540.0,0.0,73094000.0,0.0,0.0,0.0,0.0,0.0,18.0,13540.0,35.0,52700.0,3.8625570323581395,3894008.0,,,,1000.0
2010-11-16T00:00:00,TSC,16.0,15.3,15.6,16.0,16.0,16.1,38370.0,38370.0,0.0,613920000.0,0.0,0.0,0.0,0.0,0.0,37.0,43870.0,32.0,64170.0,3.8625570323581395,3894008.0,,,,1000.0
2010-11-17T00:00:00,TSC,16.6,16.0,16.0,16.2,16.2,16.0,16890.0,16890.0,0.0,273618000.0,0.0,0.0,0.0,0.0,0.0,26.0,37910.0,36.0,73920.0,3.8625570323581395,3894008.0,,,,1000.0
2010-11-18T00:00:00,TSC,16.5,16.0,16.5,16.4,16.4,16.2,29270.0,29270.0,0.0,480028000.0,0.0,0.0,0.0,0.0,0.0,25.0,61350.0,40.0,85170.0,3.8625570323581395,3894008.0,,,,1000.0
2010-11-19T00:00:00,TSC,16.5,16.2,16.5,16.2,16.2,16.4,40010.0,40010.0,0.0,648162000.0,0.0,0.0,0.0,0.0,0.0,17.0,51510.0,53.0,136250.0,3.8625570323581395,3894008.0,,,,1000.0
2010-11-22T00:00:00,TSC,16.2,15.9,16.2,16.2,16.2,16.2,530.0,530.0,0.0,8586000.0,0.0,0.0,0.0,0.0,0.0,16.0,16370.0,29.0,70130.0,3.8625570323581395,3894008.0,,,,1000.0
2010-11-23T00:00:00,TSC,16.4,16.2,16.2,16.4,16.4,16.2,22920.0,22920.0,0.0,375888000.0,0.0,100.0,1620000.0,0.0,0.0,27.0,48810.0,33.0,113600.0,3.8625570323581395,3893908.0,,,,1000.0
2010-11-24T00:00:00,TSC,16.4,16.0,16.0,16.4,16.4,16.4,11550.0,11550.0,0.0,189420000.0,0.0,0.0,0.0,0.0,0.0,22.0,27340.0,38.0,73390.0,3.8625570323581395,3893908.0,,,,1000.0
2010-11-25T00:00:00,TSC,16.7,16.4,16.4,16.6,16.6,16.4,22410.0,22410.0,0.0,372006000.0,0.0,0.0,0.0,0.0,0.0,27.0,39010.0,43.0,79880.0,3.8625570323581395,3893908.0,,,,1000.0
2010-11-26T00:00:00,TSC,16.9,16.8,16.9,16.8,16.8,16.6,9910.0,9910.0,0.0,166488000.0,0.0,0.0,0.0,0.0,0.0,18.0,40850.0,63.0,56970.0,3.8625570323581395,3893908.0,,,,1000.0
2010-11-29T00:00:00,TSC,16.9,16.3,16.7,16.9,16.9,16.8,12840.0,12840.0,0.0,216996000.0,0.0,0.0,0.0,0.0,0.0,29.0,84360.0,36.0,46810.0,3.8625570323581395,3893908.0,,,,1000.0
2010-11-30T00:00:00,TSC,17.7,16.6,17.0,16.6,16.6,16.9,34630.0,34630.0,0.0,574858000.0,0.0,0.0,0.0,0.0,0.0,51.0,70030.0,66.0,136040.0,3.8625570323581395,3893908.0,,,,1000.0
2010-12-01T00:00:00,TSC,17.4,16.8,16.9,17.4,17.4,16.6,94610.0,94610.0,0.0,1646214000.0,0.0,0.0,0.0,0.0,0.0,66.0,205940.0,92.0,130810.0,3.8625570323581395,3893908.0,,,,1000.0
2010-12-02T00:00:00,TSC,18.2,18.2,18.2,18.2,18.2,17.4,16580.0,16580.0,0.0,301756000.0,0.0,0.0,0.0,0.0,0.0,83.0,297580.0,21.0,16580.0,3.8625570323581395,3893908.0,,,,1000.0
2010-12-03T00:00:00,TSC,19.1,19.1,19.1,19.1,19.1,18.2,19290.0,19290.0,0.0,368439000.0,0.0,0.0,0.0,0.0,0.0,74.0,235730.0,14.0,19290.0,3.8625570323581395,3893908.0,,,,1000.0
2010-12-06T00:00:00,TSC,20.0,19.1,20.0,20.0,20.0,19.1,229210.0,229210.0,0.0,4584200000.0,0.0,0.0,0.0,0.0,0.0,136.0,311580.0,90.0,244520.0,3.8625570323581395,3893908.0,,,,1000.0
2010-12-07T00:00:00,TSC,20.5,19.0,19.3,19.0,19.0,20.0,87330.0,87330.0,0.0,1659270000.0,0.0,0.0,0.0,0.0,0.0,51.0,109530.0,117.0,235440.0,3.8625570323581395,3893908.0,,,,1000.0
2010-12-08T00:00:00,TSC,18.3,18.1,18.1,18.1,18.1,19.0,58130.0,58130.0,0.0,1052153000.0,0.0,0.0,0.0,0.0,0.0,36.0,63130.0,57.0,129000.0,3.8625570323581395,3893908.0,,,,1000.0
2010-12-09T00:00:00,TSC,18.9,17.5,17.5,18.1,18.1,18.1,23030.0,23030.0,0.0,416843000.0,0.0,0.0,0.0,0.0,0.0,51.0,77820.0,28.0,39940.0,3.8625570323581395,3893908.0,,,,1000.0
2010-12-10T00:00:00,TSC,19.0,17.8,18.6,19.0,19.0,18.1,76700.0,76700.0,0.0,1457300000.0,0.0,0.0,0.0,0.0,0.0,66.0,149160.0,64.0,100920.0,3.8625570323581395,3893908.0,,,,1000.0
2010-12-13T00:00:00,TSC,19.9,19.5,19.5,19.9,19.9,19.0,112390.0,112390.0,0.0,2236561000.0,0.0,0.0,0.0,0.0,0.0,54.0,154610.0,56.0,134110.0,3.8625570323581395,3893908.0,,,,1000.0
2010-12-14T00:00:00,TSC,20.0,19.0,19.6,19.0,19.0,19.9,49180.0,49180.0,0.0,934420000.0,0.0,0.0,0.0,0.0,0.0,43.0,85640.0,93.0,176220.0,3.8625570323581395,3893908.0,,,,1000.0
2010-12-15T00:00:00,TSC,19.0,18.6,19.0,19.0,19.0,19.0,7750.0,7750.0,0.0,147250000.0,0.0,0.0,0.0,0.0,0.0,30.0,43930.0,38.0,46830.0,3.8625570323581395,3893908.0,,,,1000.0
2010-12-16T00:00:00,TSC,18.4,18.1,18.4,18.1,18.1,19.0,37670.0,37670.0,0.0,681827000.0,0.0,0.0,0.0,0.0,0.0,29.0,57540.0,34.0,63760.0,3.8625570323581395,3893908.0,,,,1000.0
2010-12-17T00:00:00,TSC,18.9,18.1,18.1,18.5,18.5,18.1,9300.0,9300.0,0.0,172050000.0,0.0,0.0,0.0,0.0,0.0,42.0,63250.0,27.0,29180.0,3.8625570323581395,3893908.0,,,,1000.0
2010-12-20T00:00:00,TSC,19.0,18.2,18.5,19.0,19.0,18.5,18720.0,18720.0,0.0,355680000.0,0.0,0.0,0.0,0.0,0.0,26.0,82400.0,39.0,66110.0,3.8625570323581395,3893908.0,,,,1000.0
2010-12-21T00:00:00,TSC,19.0,18.2,19.0,18.9,18.9,19.0,48350.0,48350.0,0.0,913815000.0,0.0,11180.0,204304000.0,0.0,0.0,38.0,86980.0,37.0,96760.0,3.8625570323581395,3882728.0,,,,1000.0
2010-12-22T00:00:00,TSC,18.2,18.0,18.2,18.0,18.0,18.9,34910.0,34910.0,0.0,628380000.0,0.0,0.0,0.0,0.0,0.0,28.0,43310.0,39.0,99380.0,3.8625570323581395,3882728.0,,,,1000.0
2010-12-23T00:00:00,TSC,17.5,17.1,17.3,17.1,17.1,18.0,38420.0,38420.0,0.0,656982000.0,0.0,0.0,0.0,0.0,0.0,53.0,48910.0,41.0,73330.0,3.8625570323581395,3882728.0,,,,1000.0
2010-12-24T00:00:00,TSC,17.2,16.5,16.6,17.2,17.2,17.1,34430.0,34430.0,0.0,592196000.0,0.0,0.0,0.0,0.0,0.0,57.0,102920.0,23.0,44700.0,3.8625570323581395,3882728.0,,,,1000.0
2010-12-27T00:00:00,TSC,17.8,16.7,17.8,16.7,16.7,17.2,60.0,60.0,0.0,1002000.0,0.0,0.0,0.0,0.0,0.0,17.0,21050.0,14.0,18720.0,3.8625570323581395,3882728.0,,,,1000.0
2010-12-28T00:00:00,TSC,17.5,16.9,17.4,17.5,17.5,16.7,7680.0,7680.0,0.0,134400000.0,0.0,0.0,0.0,0.0,0.0,50.0,83640.0,11.0,7680.0,3.8625570323581395,3882728.0,,,,1000.0
2010-12-29T00:00:00,TSC,18.3,17.9,18.3,18.2,18.2,17.5,24900.0,24900.0,0.0,453180000.0,0.0,0.0,0.0,0.0,0.0,34.0,65610.0,33.0,42210.0,3.8625570323581395,3882728.0,,,,1000.0
2010-12-30T00:00:00,TSC,18.6,17.4,17.4,17.4,17.4,18.2,9270.0,9270.0,0.0,161298000.0,0.0,0.0,0.0,0.0,0.0,42.0,44710.0,43.0,53600.0,3.8625570323581395,3882728.0,,,,1000.0
2010-12-31T00:00:00,TSC,18.2,17.1,17.1,18.2,18.2,17.4,45940.0,45940.0,0.0,836108000.0,0.0,0.0,0.0,0.0,0.0,48.0,118470.0,46.0,47010.0,3.8625570323581395,3882728.0,,,,1000.0
2011-01-04T00:00:00,TSC,18.5,18.0,18.0,18.2,18.2,18.2,6810.0,6810.0,0.0,123942000.0,0.0,0.0,0.0,0.0,0.0,26.0,38100.0,25.0,31510.0,3.8625570323581395,3882728.0,,,,1000.0
2011-01-05T00:00:00,TSC,18.2,17.9,18.2,18.0,18.0,18.2,5880.0,5880.0,0.0,105840000.0,0.0,0.0,0.0,0.0,0.0,23.0,41250.0,24.0,17920.0,3.8625570323581395,3882728.0,,,,1000.0
2011-01-06T00:00:00,TSC,18.5,17.8,18.5,18.4,18.4,18.0,6530.0,6530.0,0.0,120152000.0,0.0,0.0,0.0,0.0,0.0,34.0,40770.0,21.0,38380.0,3.8625570323581395,3882728.0,,,,1000.0
2011-01-07T00:00:00,TSC,18.6,17.8,18.0,17.8,17.8,18.4,16320.0,16320.0,0.0,290496000.0,0.0,0.0,0.0,0.0,0.0,24.0,25620.0,29.0,59530.0,3.8625570323581395,3882728.0,,,,1000.0
2011-01-10T00:00:00,TSC,18.4,17.5,17.5,17.9,17.9,17.8,2520.0,2520.0,0.0,45108000.0,0.0,0.0,0.0,500.0,8750000.0,45.0,26240.0,14.0,14300.0,3.8625570323581395,3882728.0,,,,1000.0
2011-01-11T00:00:00,TSC,17.9,17.7,17.9,17.9,17.9,17.9,8620.0,8620.0,0.0,154298000.0,0.0,0.0,0.0,0.0,0.0,35.0,33870.0,33.0,22190.0,3.8625570323581395,3882728.0,,,,1000.0
2011-01-12T00:00:00,TSC,17.1,17.0,17.0,17.0,17.0,17.9,3370.0,3370.0,0.0,57290000.0,0.0,0.0,0.0,0.0,0.0,19.0,22210.0,18.0,12250.0,3.646771723287839,3882728.0,,,,1000.0
2011-01-13T00:00:00,TSC,17.5,17.2,17.2,17.5,17.5,17.0,2020.0,2020.0,0.0,35350000.0,0.0,0.0,0.0,0.0,0.0,12.0,13710.0,20.0,22630.0,3.646771723287839,3882728.0,,,,1000.0
2011-01-14T00:00:00,TSC,17.9,17.0,17.9,17.5,17.5,17.5,520.0,520.0,0.0,9100000.0,0.0,0.0,0.0,0.0,0.0,12.0,6180.0,21.0,14580.0,3.646771723287839,3888028.0,,,,1000.0
2011-01-17T00:00:00,TSC,17.5,17.0,17.5,17.0,17.0,17.5,1380.0,1380.0,0.0,23460000.0,0.0,0.0,0.0,0.0,0.0,13.0,8810.0,23.0,21820.0,3.646771723287839,3883228.0,,,,1000.0
2011-01-18T00:00:00,TSC,17.0,16.5,17.0,16.5,16.5,17.0,1620.0,1620.0,0.0,26730000.0,0.0,0.0,0.0,0.0,0.0,8.0,9750.0,18.0,32290.0,3.646771723287839,3883228.0,,,,1000.0
2011-01-19T00:00:00,TSC,16.9,16.0,16.1,16.9,16.9,16.5,3310.0,3310.0,0.0,55939000.0,0.0,0.0,0.0,0.0,0.0,34.0,43870.0,20.0,16680.0,3.646771723287839,3883228.0,,,,1000.0
2011-01-20T00:00:00,TSC,16.9,16.9,16.9,16.9,16.9,16.9,2230.0,2230.0,0.0,37687000.0,0.0,0.0,0.0,0.0,0.0,15.0,10200.0,23.0,33840.0,3.646771723287839,3883228.0,,,,1000.0
2011-01-21T00:00:00,TSC,16.6,16.1,16.5,16.1,16.1,16.9,43010.0,43010.0,0.0,692461000.0,0.0,0.0,0.0,0.0,0.0,37.0,49320.0,27.0,99310.0,3.646771723287839,3883228.0,,,,1000.0
2011-01-24T00:00:00,TSC,16.2,15.5,16.2,15.5,15.5,16.1,11330.0,11330.0,0.0,175615000.0,0.0,0.0,0.0,0.0,0.0,24.0,16290.0,21.0,24700.0,3.646771723287839,3883228.0,,,,1000.0
2011-01-25T00:00:00,TSC,16.0,15.0,15.6,16.0,16.0,15.5,22700.0,22700.0,0.0,363200000.0,0.0,1000.0,15600000.0,0.0,0.0,28.0,35690.0,24.0,46920.0,3.646771723287839,3882228.0,,,,1000.0
2011-01-26T00:00:00,TSC,16.8,16.8,16.8,16.8,16.8,16.0,44580.0,44580.0,0.0,748944000.0,0.0,0.0,0.0,0.0,0.0,64.0,94920.0,24.0,53960.0,3.646771723287839,3882228.0,,,,1000.0
2011-01-27T00:00:00,TSC,17.6,17.2,17.4,17.6,17.6,16.8,79330.0,79330.0,0.0,1396208000.0,0.0,0.0,0.0,0.0,0.0,67.0,162990.0,58.0,104930.0,3.646771723287839,3882228.0,,,,1000.0
2011-01-28T00:00:00,TSC,18.0,17.1,17.6,17.1,17.1,17.6,5870.0,5870.0,0.0,100377000.0,0.0,200.0,3600000.0,0.0,0.0,27.0,25320.0,40.0,66330.0,3.646771723287839,3882028.0,,,,1000.0
2011-02-08T00:00:00,TSC,17.8,17.0,17.8,17.4,17.4,17.1,2160.0,2160.0,0.0,37584000.0,0.0,400.0,6840000.0,0.0,0.0,13.0,3260.0,16.0,16080.0,3.646771723287839,3881628.0,,,,1000.0
2011-02-09T00:00:00,TSC,17.7,16.7,17.4,17.7,17.7,17.4,33530.0,33530.0,0.0,593481000.0,0.0,3160.0,53134000.0,0.0,0.0,69.0,53100.0,43.0,55870.0,3.646771723287839,3878468.0,,,,1000.0
2011-02-10T00:00:00,TSC,17.8,17.1,17.7,17.1,17.1,17.7,17450.0,17450.0,0.0,298395000.0,0.0,0.0,0.0,0.0,0.0,40.0,33140.0,41.0,47430.0,3.646771723287839,3878468.0,,,,1000.0
2011-02-11T00:00:00,TSC,17.7,16.8,17.7,17.4,17.4,17.1,19520.0,19520.0,0.0,339648000.0,0.0,3100.0,52090000.0,0.0,0.0,40.0,32320.0,40.0,42260.0,3.646771723287839,3875368.0,,,,1000.0
2011-02-14T00:00:00,TSC,17.8,17.0,17.1,17.0,17.0,17.4,4160.0,4160.0,0.0,70720000.0,0.0,1740.0,29580000.0,0.0,0.0,24.0,13080.0,29.0,25460.0,3.646771723287839,3873628.0,,,,1000.0
2011-02-15T00:00:00,TSC,17.5,17.0,17.5,17.2,17.2,17.0,4600.0,4600.0,0.0,79120000.0,0.0,20.0,344000.0,0.0,0.0,33.0,12590.0,37.0,35240.0,3.646771723287839,3873608.0,,,,1000.0
2011-02-16T00:00:00,TSC,17.5,16.9,17.5,16.9,16.9,17.2,14740.0,14740.0,0.0,249106000.0,0.0,5060.0,86438000.0,0.0,0.0,30.0,20760.0,36.0,57890.0,3.646771723287839,3868548.0,,,,1000.0
2011-02-17T00:00:00,TSC,17.0,16.6,17.0,17.0,17.0,16.9,3300.0,3300.0,0.0,56100000.0,0.0,0.0,0.0,0.0,0.0,26.0,36530.0,25.0,23150.0,3.646771723287839,3868548.0,,,,1000.0
2011-02-18T00:00:00,TSC,17.2,16.2,17.2,17.0,17.0,17.0,55970.0,55970.0,0.0,951490000.0,0.0,0.0,0.0,0.0,0.0,59.0,77980.0,38.0,75540.0,3.646771723287839,3868548.0,,,,1000.0
2011-02-21T00:00:00,TSC,16.3,16.2,16.2,16.2,16.2,17.0,14590.0,14590.0,0.0,236358000.0,0.0,0.0,0.0,0.0,0.0,11.0,14590.0,40.0,64840.0,3.646771723287839,3868548.0,,,,1000.0
2011-02-22T00:00:00,TSC,16.2,15.4,16.2,15.4,15.4,16.2,24370.0,24370.0,0.0,375298000.0,0.0,0.0,0.0,0.0,0.0,23.0,24370.0,17.0,61880.0,3.646771723287839,3868548.0,,,,1000.0
2011-02-23T00:00:00,TSC,15.9,14.7,14.7,15.4,15.4,15.4,17310.0,17310.0,0.0,266574000.0,0.0,0.0,0.0,0.0,0.0,35.0,35530.0,29.0,48380.0,3.646771723287839,3868548.0,,,,1000.0
2011-02-24T00:00:00,TSC,16.1,15.0,15.8,16.1,16.1,15.4,10510.0,10510.0,0.0,169211000.0,0.0,0.0,0.0,0.0,0.0,20.0,21820.0,22.0,20850.0,3.646771723287839,3868548.0,,,,1000.0
2011-02-25T00:00:00,TSC,16.2,15.4,15.4,15.4,15.4,16.1,18980.0,18980.0,0.0,292292000.0,0.0,0.0,0.0,0.0,0.0,27.0,26150.0,37.0,58050.0,3.646771723287839,3868548.0,,,,1000.0
2011-02-28T00:00:00,TSC,15.9,15.1,15.9,15.1,15.1,15.4,10950.0,10950.0,0.0,165345000.0,0.0,0.0,0.0,0.0,0.0,25.0,19670.0,25.0,26510.0,3.646771723287839,3868548.0,,,,1000.0
2011-03-01T00:00:00,TSC,15.7,14.6,14.6,14.7,14.7,15.1,4040.0,4040.0,0.0,59388000.0,0.0,0.0,0.0,0.0,0.0,27.0,21320.0,23.0,28910.0,3.646771723287839,3868548.0,,,,1000.0
2011-03-02T00:00:00,TSC,15.2,14.0,15.2,14.0,14.0,14.7,27230.0,27230.0,0.0,381220000.0,0.0,0.0,0.0,0.0,0.0,31.0,33640.0,24.0,62140.0,3.646771723287839,3868548.0,,,,1000.0
2011-03-03T00:00:00,TSC,14.7,13.4,14.4,13.4,13.4,14.0,3510.0,3510.0,0.0,47034000.0,0.0,0.0,0.0,0.0,0.0,13.0,13510.0,9.0,10200.0,3.646771723287839,3868548.0,,,,1000.0
2011-03-04T00:00:00,TSC,13.9,13.4,13.9,13.9,13.9,13.4,12870.0,12870.0,0.0,178893000.0,0.0,2500.0,34750000.0,0.0,0.0,22.0,24800.0,23.0,28030.0,3.646771723287839,3866048.0,,,,1000.0
2011-03-07T00:00:00,TSC,14.0,13.5,13.9,14.0,14.0,13.9,5110.0,5110.0,0.0,71540000.0,0.0,0.0,0.0,0.0,0.0,13.0,8810.0,13.0,16780.0,3.646771723287839,3866048.0,,,,1000.0
2011-03-08T00:00:00,TSC,14.5,13.9,14.4,14.3,14.3,14.0,11630.0,11630.0,0.0,166309000.0,0.0,0.0,0.0,0.0,0.0,20.0,21990.0,21.0,18130.0,3.646771723287839,3866048.0,,,,1000.0
2011-03-09T00:00:00,TSC,14.7,13.7,13.7,14.1,14.1,14.3,12880.0,12880.0,0.0,181608000.0,0.0,0.0,0.0,0.0,0.0,22.0,33690.0,18.0,22060.0,3.646771723287839,3866048.0,,,,1000.0
2011-03-10T00:00:00,TSC,14.5,14.2,14.5,14.5,14.5,14.1,8930.0,8930.0,0.0,129485000.0,0.0,0.0,0.0,0.0,0.0,23.0,29900.0,14.0,14050.0,3.646771723287839,3866048.0,,,,1000.0
2011-03-11T00:00:00,TSC,15.1,14.9,14.9,15.1,15.1,14.5,8040.0,8040.0,0.0,121404000.0,0.0,4000.0,60000000.0,0.0,0.0,25.0,30810.0,18.0,16340.0,3.646771723287839,3862048.0,,,,1000.0
2011-03-14T00:00:00,TSC,15.5,14.5,14.6,14.5,14.5,15.1,12080.0,12080.0,0.0,175160000.0,0.0,2000.0,29200000.0,0.0,0.0,17.0,49480.0,25.0,32280.0,3.646771723287839,3860048.0,,,,1000.0
2011-03-15T00:00:00,TSC,15.1,14.5,15.1,14.5,14.5,14.5,5610.0,5610.0,0.0,81345000.0,0.0,600.0,8700000.0,0.0,0.0,12.0,24360.0,26.0,19840.0,3.646771723287839,3859448.0,,,,1000.0
2011-03-16T00:00:00,TSC,15.0,14.5,15.0,14.5,14.5,14.5,33590.0,33590.0,0.0,487055000.0,0.0,500.0,7250000.0,0.0,0.0,25.0,43790.0,25.0,54770.0,3.646771723287839,3858948.0,,,,1000.0
2011-03-17T00:00:00,TSC,15.0,14.3,14.5,14.5,14.5,14.5,12070.0,12070.0,0.0,175015000.0,0.0,0.0,0.0,0.0,0.0,23.0,45670.0,34.0,50820.0,3.646771723287839,3858948.0,,,,1000.0
2011-03-18T00:00:00,TSC,14.8,14.4,14.5,14.8,14.8,14.5,39710.0,39710.0,0.0,587708000.0,0.0,0.0,0.0,0.0,0.0,25.0,58310.0,18.0,47970.0,3.646771723287839,3858948.0,,,,1000.0
2011-03-21T00:00:00,TSC,15.2,14.5,15.2,14.8,14.8,14.8,4080.0,4080.0,0.0,60384000.0,0.0,0.0,0.0,0.0,0.0,20.0,27740.0,20.0,27560.0,3.646771723287839,3858948.0,,,,1000.0
2011-03-22T00:00:00,TSC,15.5,15.4,15.5,15.5,15.5,14.8,49190.0,49190.0,0.0,762445000.0,0.0,0.0,0.0,0.0,0.0,54.0,145040.0,45.0,49920.0,3.646771723287839,3858948.0,,,,1000.0
2011-03-23T00:00:00,TSC,16.2,15.7,16.1,15.7,15.7,15.5,70230.0,70230.0,0.0,1102611000.0,0.0,0.0,0.0,0.0,0.0,37.0,95810.0,55.0,96840.0,3.646771723287839,3858948.0,,,,1000.0
2011-03-24T00:00:00,TSC,15.9,15.4,15.4,15.9,15.9,15.7,2790.0,2790.0,0.0,44361000.0,0.0,0.0,0.0,0.0,0.0,21.0,17280.0,21.0,22240.0,3.646771723287839,3858948.0,,,,1000.0
2011-03-25T00:00:00,TSC,15.9,15.4,15.4,15.4,15.4,15.9,15500.0,15500.0,0.0,238700000.0,0.0,10.0,154000.0,0.0,0.0,14.0,25930.0,30.0,46300.0,3.646771723287839,3858938.0,,,,1000.0
2011-03-28T00:00:00,TSC,15.4,15.0,15.4,15.0,15.0,15.4,4190.0,4190.0,0.0,62850000.0,0.0,450.0,6840000.0,0.0,0.0,18.0,11550.0,14.0,13580.0,3.646771723287839,3858488.0,,,,1000.0
2011-03-29T00:00:00,TSC,14.8,14.6,14.7,14.6,14.6,15.0,5050.0,5050.0,0.0,73730000.0,0.0,0.0,0.0,0.0,0.0,18.0,25000.0,21.0,13690.0,3.646771723287839,3858488.0,,,,1000.0
2011-03-30T00:00:00,TSC,15.3,14.6,14.6,15.3,15.3,14.6,2550.0,2550.0,0.0,39015000.0,0.0,0.0,0.0,0.0,0.0,16.0,30760.0,9.0,6770.0,3.646771723287839,3858488.0,,,,1000.0
2011-03-31T00:00:00,TSC,15.2,14.7,14.7,15.2,15.2,15.3,4300.0,4300.0,0.0,65360000.0,0.0,3000.0,44100000.0,0.0,0.0,8.0,27800.0,19.0,15580.0,3.646771723287839,3855488.0,,,,1000.0
2011-04-01T00:00:00,TSC,14.6,14.6,14.6,14.6,14.6,15.2,7420.0,7420.0,0.0,108332000.0,0.0,0.0,0.0,0.0,0.0,14.0,25070.0,22.0,22670.0,3.646771723287839,3855488.0,,,,1000.0
2011-04-04T00:00:00,TSC,15.0,14.1,15.0,14.5,14.5,14.6,390.0,390.0,0.0,5655000.0,0.0,0.0,0.0,0.0,0.0,16.0,30660.0,14.0,12700.0,3.646771723287839,3855488.0,,,,1000.0
2011-04-05T00:00:00,TSC,14.7,14.0,14.4,14.7,14.7,14.5,4540.0,4540.0,0.0,66738000.0,0.0,0.0,0.0,0.0,0.0,21.0,26240.0,12.0,11670.0,3.646771723287839,3855488.0,,,,1000.0
2011-04-06T00:00:00,TSC,15.0,14.5,14.5,15.0,15.0,14.7,2420.0,2420.0,0.0,36300000.0,0.0,0.0,0.0,0.0,0.0,16.0,22420.0,17.0,14080.0,3.646771723287839,3855488.0,,,,1000.0
2011-04-07T00:00:00,TSC,15.0,14.4,14.4,15.0,15.0,15.0,3250.0,3250.0,0.0,48750000.0,0.0,0.0,0.0,0.0,0.0,11.0,7660.0,12.0,22980.0,3.646771723287839,3855488.0,,,,1000.0
2011-04-08T00:00:00,TSC,14.4,14.4,14.4,14.4,14.4,15.0,1100.0,1100.0,0.0,15840000.0,0.0,0.0,0.0,0.0,0.0,7.0,4610.0,12.0,10460.0,3.646771723287839,3855488.0,,,,1000.0
2011-04-13T00:00:00,TSC,14.5,14.4,14.4,14.5,14.5,14.4,480.0,480.0,0.0,6960000.0,0.0,0.0,0.0,0.0,0.0,5.0,14290.0,8.0,3060.0,3.646771723287839,3855488.0,,,,1000.0
2011-04-14T00:00:00,TSC,15.0,15.0,15.0,15.0,15.0,14.5,30.0,30.0,0.0,450000.0,0.0,0.0,0.0,0.0,0.0,10.0,14440.0,6.0,8010.0,3.646771723287839,3855488.0,,,,1000.0
2011-04-15T00:00:00,TSC,14.5,14.3,14.3,14.3,14.3,15.0,9890.0,9890.0,0.0,141427000.0,0.0,0.0,0.0,0.0,0.0,15.0,15780.0,24.0,27330.0,3.646771723287839,3855488.0,,,,1000.0
2011-04-18T00:00:00,TSC,14.3,13.9,13.9,14.3,14.3,14.3,2020.0,2020.0,0.0,28886000.0,0.0,0.0,0.0,0.0,0.0,15.0,12130.0,12.0,7880.0,3.646771723287839,3855488.0,,,,1000.0
2011-04-19T00:00:00,TSC,14.3,13.9,14.3,13.9,13.9,14.3,11500.0,11500.0,0.0,159850000.0,0.0,0.0,0.0,0.0,0.0,18.0,22810.0,27.0,30620.0,3.646771723287839,3855488.0,,,,1000.0
2011-04-20T00:00:00,TSC,14.4,13.9,13.9,14.4,14.4,13.9,2210.0,2210.0,0.0,31824000.0,0.0,0.0,0.0,0.0,0.0,14.0,12810.0,12.0,7930.0,3.646771723287839,3855488.0,,,,1000.0
2011-04-21T00:00:00,TSC,14.9,13.9,14.0,14.4,14.4,14.4,111110.0,111110.0,0.0,1599984000.0,0.0,0.0,0.0,0.0,0.0,26.0,128480.0,27.0,141070.0,3.646771723287839,3855488.0,,,,1000.0
2011-04-22T00:00:00,TSC,14.4,14.3,14.4,14.3,14.3,14.4,1040.0,1040.0,0.0,14872000.0,0.0,10.0,144000.0,0.0,0.0,10.0,1780.0,16.0,11840.0,3.646771723287839,3855478.0,,,,1000.0
2011-04-25T00:00:00,TSC,14.9,14.1,14.3,14.1,14.1,14.3,610.0,610.0,0.0,8601000.0,0.0,360.0,5100000.0,0.0,0.0,13.0,2790.0,16.0,4170.0,3.646771723287839,3855118.0,,,,1000.0
2011-04-26T00:00:00,TSC,14.8,14.0,14.0,14.8,14.8,14.1,5650.0,5650.0,0.0,83620000.0,0.0,0.0,0.0,0.0,0.0,13.0,51860.0,18.0,7680.0,3.646771723287839,3855118.0,,,,1000.0
2011-04-27T00:00:00,TSC,14.8,14.1,14.8,14.1,14.1,14.8,2270.0,2270.0,0.0,32007000.0,0.0,0.0,0.0,0.0,0.0,7.0,2370.0,33.0,80940.0,3.646771723287839,3855118.0,,,,1000.0
2011-04-28T00:00:00,TSC,13.8,13.5,13.5,13.5,13.5,14.1,55370.0,55370.0,0.0,747495000.0,0.0,200.0,2760000.0,0.0,0.0,29.0,89880.0,32.0,79800.0,3.646771723287839,3854918.0,,,,1000.0
2011-04-29T00:00:00,TSC,13.8,13.8,13.8,13.8,13.8,13.5,170.0,170.0,0.0,2346000.0,0.0,0.0,0.0,0.0,0.0,14.0,7090.0,7.0,1560.0,3.646771723287839,3854918.0,,,,1000.0
2011-05-04T00:00:00,TSC,13.8,13.8,13.8,13.8,13.8,13.8,10.0,10.0,0.0,138000.0,0.0,0.0,0.0,0.0,0.0,9.0,4210.0,6.0,1560.0,3.646771723287839,3854918.0,,,,1000.0
2011-05-05T00:00:00,TSC,14.3,13.4,13.8,14.3,14.3,13.8,690.0,690.0,0.0,9867000.0,0.0,0.0,0.0,0.0,0.0,11.0,3990.0,9.0,4080.0,3.646771723287839,3854918.0,,,,1000.0
2011-05-06T00:00:00,TSC,13.7,13.6,13.7,13.6,13.6,14.3,22210.0,22210.0,0.0,302056000.0,0.0,0.0,0.0,0.0,0.0,11.0,22210.0,16.0,46500.0,3.646771723287839,3854918.0,,,,1000.0
2011-05-09T00:00:00,TSC,13.0,13.0,13.0,13.0,13.0,13.6,2940.0,2940.0,0.0,38220000.0,0.0,0.0,0.0,0.0,0.0,9.0,2940.0,10.0,12790.0,3.646771723287839,3854918.0,,,,1000.0
2011-05-10T00:00:00,TSC,13.3,12.7,12.7,13.0,13.0,13.0,20640.0,20640.0,0.0,268320000.0,0.0,0.0,0.0,0.0,0.0,34.0,71150.0,14.0,32890.0,3.646771723287839,3854918.0,,,,1000.0
2011-05-11T00:00:00,TSC,12.9,12.9,12.9,12.9,12.9,13.0,80.0,80.0,0.0,1032000.0,0.0,0.0,0.0,0.0,0.0,13.0,29420.0,9.0,14940.0,3.646771723287839,3854918.0,,,,1000.0
2011-05-12T00:00:00,TSC,12.7,12.7,12.7,12.7,12.7,12.9,500.0,500.0,0.0,6350000.0,0.0,0.0,0.0,0.0,0.0,9.0,8080.0,4.0,9190.0,3.646771723287839,3854918.0,,,,1000.0
2011-05-13T00:00:00,TSC,13.3,12.6,12.6,13.3,13.3,12.7,10680.0,10680.0,0.0,142044000.0,0.0,0.0,0.0,0.0,0.0,29.0,43150.0,16.0,14710.0,3.646771723287839,3854918.0,,,,1000.0
2011-05-16T00:00:00,TSC,13.6,13.2,13.5,13.2,13.2,13.3,8220.0,8220.0,0.0,108504000.0,0.0,0.0,0.0,0.0,0.0,17.0,15760.0,24.0,26660.0,3.646771723287839,3854918.0,,,,1000.0
2011-05-17T00:00:00,TSC,12.8,12.8,12.8,12.8,12.8,13.2,1500.0,1500.0,0.0,19200000.0,0.0,0.0,0.0,0.0,0.0,10.0,12300.0,11.0,7610.0,3.646771723287839,3854918.0,,,,1000.0
2011-05-18T00:00:00,TSC,12.8,12.2,12.8,12.4,12.4,12.8,9930.0,9930.0,0.0,123132000.0,0.0,0.0,0.0,0.0,0.0,31.0,28050.0,14.0,13320.0,3.646771723287839,3854918.0,,,,1000.0
2011-05-19T00:00:00,TSC,12.6,12.0,12.2,12.6,12.6,12.4,60.0,60.0,0.0,756000.0,0.0,0.0,0.0,0.0,0.0,11.0,13520.0,8.0,4100.0,3.646771723287839,3854918.0,,,,1000.0
2011-05-20T00:00:00,TSC,13.0,12.0,12.6,13.0,13.0,12.6,9530.0,9530.0,0.0,123890000.0,0.0,200.0,2520000.0,0.0,0.0,18.0,9760.0,13.0,21920.0,3.646771723287839,3854718.0,,,,1000.0
2011-05-23T00:00:00,TSC,13.0,12.4,13.0,12.4,12.4,13.0,23060.0,23060.0,0.0,285944000.0,0.0,200.0,2480000.0,0.0,0.0,14.0,24260.0,27.0,46640.0,3.646771723287839,3854518.0,,,,1000.0
2011-05-24T00:00:00,TSC,11.8,11.8,11.8,11.8,11.8,12.4,20350.0,20350.0,0.0,240130000.0,0.0,0.0,0.0,0.0,0.0,5.0,20350.0,31.0,64040.0,3.646771723287839,3854518.0,,,,1000.0
2011-05-25T00:00:00,TSC,11.3,11.3,11.3,11.3,11.3,11.8,7570.0,7570.0,0.0,85541000.0,0.0,0.0,0.0,0.0,0.0,8.0,7570.0,18.0,40540.0,3.646771723287839,3854518.0,,,,1000.0
2011-05-26T00:00:00,TSC,11.8,10.8,10.8,11.6,11.6,11.3,4070.0,4070.0,0.0,47212000.0,0.0,0.0,0.0,0.0,0.0,13.0,18480.0,11.0,7140.0,3.646771723287839,3854518.0,,,,1000.0
2011-05-27T00:00:00,TSC,12.1,11.9,12.1,11.9,11.9,11.6,5140.0,5140.0,0.0,61166000.0,0.0,10.0,119000.0,0.0,0.0,10.0,7590.0,8.0,28720.0,3.646771723287839,3854508.0,,,,1000.0
2011-05-30T00:00:00,TSC,11.9,11.5,11.9,11.5,11.5,11.9,17710.0,17710.0,0.0,203665000.0,0.0,1000.0,11500000.0,0.0,0.0,10.0,21570.0,19.0,31450.0,3.646771723287839,3853508.0,,,,1000.0
2011-05-31T00:00:00,TSC,11.9,11.0,11.2,11.9,11.9,11.5,3350.0,3350.0,0.0,39865000.0,0.0,10.0,119000.0,0.0,0.0,7.0,10420.0,11.0,6720.0,3.646771723287839,3853498.0,,,,1000.0
2011-06-01T00:00:00,TSC,12.1,11.4,11.9,12.0,12.0,11.9,21530.0,21530.0,0.0,258360000.0,0.0,0.0,0.0,0.0,0.0,18.0,32100.0,19.0,28310.0,3.646771723287839,3853498.0,,,,1000.0
2011-06-02T00:00:00,TSC,12.6,12.0,12.4,12.6,12.6,12.0,41930.0,41930.0,0.0,528318000.0,0.0,0.0,0.0,0.0,0.0,34.0,74300.0,27.0,44710.0,3.646771723287839,3853498.0,,,,1000.0
2011-06-03T00:00:00,TSC,13.2,12.0,13.2,12.0,12.0,12.6,46380.0,46380.0,0.0,556560000.0,0.0,0.0,0.0,0.0,0.0,15.0,63470.0,30.0,60200.0,3.646771723287839,3858298.0,,,,1000.0
2011-06-06T00:00:00,TSC,12.3,12.0,12.3,12.0,12.0,12.0,9340.0,9340.0,0.0,112080000.0,0.0,0.0,0.0,0.0,0.0,18.0,74570.0,15.0,17080.0,3.646771723287839,3858298.0,,,,1000.0
2011-06-07T00:00:00,TSC,12.4,12.0,12.1,12.4,12.4,12.0,29580.0,29580.0,0.0,366792000.0,0.0,0.0,0.0,0.0,0.0,33.0,107180.0,22.0,41350.0,3.646771723287839,3858298.0,,,,1000.0
2011-06-08T00:00:00,TSC,12.4,12.1,12.4,12.4,12.4,12.4,20220.0,20220.0,0.0,250728000.0,0.0,0.0,0.0,0.0,0.0,16.0,43700.0,29.0,25590.0,3.646771723287839,3858298.0,,,,1000.0
2011-06-09T00:00:00,TSC,12.3,12.0,12.3,12.3,12.3,12.4,10810.0,10810.0,0.0,132963000.0,0.0,0.0,0.0,0.0,0.0,17.0,21300.0,19.0,28050.0,3.646771723287839,3858298.0,,,,1000.0
2011-06-10T00:00:00,TSC,12.9,12.1,12.3,12.1,12.1,12.3,11320.0,11320.0,0.0,136972000.0,0.0,0.0,0.0,0.0,0.0,21.0,22530.0,22.0,25730.0,3.646771723287839,3858298.0,,,,1000.0
2011-06-13T00:00:00,TSC,12.7,12.6,12.6,12.7,12.7,12.1,11650.0,11650.0,0.0,147955000.0,0.0,0.0,0.0,250.0,3175000.0,25.0,84110.0,22.0,11740.0,3.646771723287839,3858548.0,,,,1000.0
2011-06-14T00:00:00,TSC,13.3,12.7,13.3,12.7,12.7,12.7,51130.0,51130.0,0.0,649351000.0,0.0,0.0,0.0,200.0,2660000.0,36.0,114790.0,29.0,69380.0,3.646771723287839,3858748.0,,,,1000.0
2011-06-15T00:00:00,TSC,13.3,12.7,13.3,12.9,12.9,12.7,46790.0,46790.0,0.0,603591000.0,0.0,1000.0,13000000.0,100.0,1330000.0,39.0,60090.0,28.0,67650.0,3.646771723287839,3857848.0,,,,1000.0
2011-06-16T00:00:00,TSC,13.3,12.5,13.3,13.3,13.3,12.9,1660.0,1660.0,0.0,22078000.0,0.0,0.0,0.0,0.0,0.0,20.0,32830.0,21.0,8230.0,3.646771723287839,3857848.0,,,,1000.0
2011-06-17T00:00:00,TSC,13.4,13.0,13.3,13.3,13.3,13.3,12670.0,12670.0,0.0,168511000.0,0.0,0.0,0.0,0.0,0.0,15.0,41470.0,26.0,17360.0,3.646771723287839,3857848.0,,,,1000.0
2011-06-20T00:00:00,TSC,13.3,12.7,12.7,13.0,13.0,13.3,25050.0,25050.0,0.0,325650000.0,0.0,0.0,0.0,0.0,0.0,19.0,41650.0,22.0,30770.0,3.646771723287839,3857848.0,,,,1000.0
2011-06-21T00:00:00,TSC,13.6,13.0,13.6,13.3,13.3,13.0,37030.0,37030.0,0.0,492499000.0,0.0,1950.0,25350000.0,0.0,0.0,30.0,67270.0,23.0,51590.0,3.646771723287839,3855898.0,,,,1000.0
2011-06-22T00:00:00,TSC,13.3,12.7,12.7,13.2,13.2,13.3,6970.0,6970.0,0.0,92004000.0,0.0,0.0,0.0,0.0,0.0,13.0,24830.0,32.0,39020.0,3.646771723287839,3855898.0,,,,1000.0
2011-06-23T00:00:00,TSC,13.4,13.0,13.4,13.2,13.2,13.2,2880.0,2880.0,0.0,38016000.0,0.0,0.0,0.0,0.0,0.0,9.0,33870.0,28.0,20730.0,3.646771723287839,3855898.0,,,,1000.0
2011-06-24T00:00:00,TSC,13.2,13.2,13.2,13.2,13.2,13.2,11000.0,11000.0,0.0,145200000.0,0.0,0.0,0.0,0.0,0.0,10.0,31290.0,22.0,43000.0,3.646771723287839,3855898.0,,,,1000.0
2011-06-27T00:00:00,TSC,13.2,12.7,13.2,13.1,13.1,13.2,18320.0,18320.0,0.0,239992000.0,0.0,0.0,0.0,0.0,0.0,13.0,43310.0,26.0,48350.0,3.646771723287839,3855898.0,,,,1000.0
2011-06-28T00:00:00,TSC,13.5,12.8,13.5,12.8,12.8,13.1,14340.0,14340.0,0.0,183552000.0,0.0,0.0,0.0,0.0,0.0,14.0,34940.0,25.0,54640.0,3.646771723287839,3855898.0,,,,1000.0
2011-06-29T00:00:00,TSC,13.2,12.6,13.2,12.6,12.6,12.8,150.0,150.0,0.0,1890000.0,0.0,0.0,0.0,0.0,0.0,20.0,27660.0,13.0,13400.0,3.646771723287839,3855898.0,,,,1000.0
2011-06-30T00:00:00,TSC,13.0,12.9,13.0,12.9,12.9,12.6,5110.0,5110.0,0.0,65919000.0,0.0,0.0,0.0,0.0,0.0,17.0,16020.0,14.0,9410.0,3.646771723287839,3855898.0,,,,1000.0
2011-07-01T00:00:00,TSC,13.0,12.9,12.9,13.0,13.0,12.9,520.0,520.0,0.0,6760000.0,0.0,0.0,0.0,0.0,0.0,10.0,13350.0,10.0,10120.0,3.646771723287839,3855898.0,,,,1000.0
2011-07-04T00:00:00,TSC,13.3,13.3,13.3,13.3,13.3,13.0,13000.0,13000.0,0.0,172900000.0,0.0,0.0,0.0,0.0,0.0,13.0,27620.0,11.0,26640.0,3.646771723287839,3851098.0,,,,1000.0
2011-07-05T00:00:00,TSC,13.6,13.4,13.5,13.5,13.5,13.3,13160.0,13160.0,0.0,177660000.0,0.0,0.0,0.0,0.0,0.0,12.0,35670.0,26.0,72580.0,3.646771723287839,3855898.0,,,,1000.0
2011-07-06T00:00:00,TSC,13.8,13.5,13.8,13.5,13.5,13.5,11110.0,11110.0,0.0,149985000.0,0.0,0.0,0.0,0.0,0.0,9.0,13650.0,26.0,29640.0,3.646771723287839,3855898.0,,,,1000.0
2011-07-07T00:00:00,TSC,13.3,12.9,12.9,13.3,13.3,13.5,12560.0,12560.0,0.0,167048000.0,0.0,0.0,0.0,0.0,0.0,17.0,12960.0,25.0,73960.0,3.646771723287839,3855898.0,,,,1000.0
2011-07-08T00:00:00,TSC,13.3,13.3,13.3,13.3,13.3,13.3,0.0,0.0,0.0,0.0,0.0,0.0,0.0,0.0,0.0,6.0,9330.0,9.0,13030.0,3.646771723287839,3855898.0,,,,1000.0
2011-07-11T00:00:00,TSC,13.6,12.9,13.6,12.9,12.9,13.3,5530.0,5530.0,0.0,71337000.0,0.0,0.0,0.0,0.0,0.0,13.0,19200.0,21.0,51390.0,3.646771723287839,3855898.0,,,,1000.0
2011-07-12T00:00:00,TSC,13.3,12.9,13.0,13.0,13.0,12.9,2350.0,2350.0,0.0,30550000.0,0.0,0.0,0.0,0.0,0.0,14.0,28840.0,10.0,7790.0,3.646771723287839,3855898.0,,,,1000.0
2011-07-13T00:00:00,TSC,13.4,12.7,12.9,13.4,13.4,13.0,9020.0,9020.0,0.0,120868000.0,0.0,0.0,0.0,0.0,0.0,22.0,36160.0,16.0,29580.0,3.646771723287839,3855898.0,,,,1000.0
2011-07-14T00:00:00,TSC,12.8,12.8,12.8,12.8,12.8,13.4,17720.0,17720.0,0.0,226816000.0,0.0,0.0,0.0,0.0,0.0,21.0,17720.0,16.0,74130.0,3.646771723287839,3855898.0,,,,1000.0
2011-07-15T00:00:00,TSC,13.2,12.4,13.0,12.4,12.4,12.8,23050.0,23050.0,0.0,285820000.0,0.0,0.0,0.0,0.0,0.0,16.0,53650.0,19.0,46320.0,3.646771723287839,3855898.0,,,,1000.0
2011-07-18T00:00:00,TSC,13.0,12.9,13.0,12.9,12.9,12.4,1020.0,1020.0,0.0,13158000.0,0.0,0.0,0.0,0.0,0.0,16.0,35480.0,6.0,4010.0,3.646771723287839,3855898.0,,,,1000.0
2011-07-19T00:00:00,TSC,13.2,12.3,12.3,12.7,12.7,12.9,24050.0,24050.0,0.0,305435000.0,0.0,0.0,0.0,0.0,0.0,29.0,24250.0,18.0,42280.0,3.646771723287839,3855898.0,,,,1000.0
2011-07-20T00:00:00,TSC,13.2,12.7,13.2,13.1,13.1,12.7,8730.0,8730.0,0.0,114363000.0,0.0,0.0,0.0,0.0,0.0,10.0,16340.0,15.0,17030.0,3.646771723287839,3855898.0,,,,1000.0
2011-07-21T00:00:00,TSC,13.1,12.5,12.5,12.8,12.8,13.1,6110.0,6110.0,0.0,78208000.0,0.0,0.0,0.0,0.0,0.0,22.0,28480.0,25.0,25830.0,3.646771723287839,3855898.0,,,,1000.0
2011-07-22T00:00:00,TSC,12.5,12.4,12.4,12.5,12.5,12.8,6130.0,6130.0,0.0,76625000.0,0.0,0.0,0.0,0.0,0.0,18.0,30250.0,16.0,32160.0,3.646771723287839,3855898.0,,,,1000.0
2011-07-25T00:00:00,TSC,13.0,12.1,12.7,12.1,12.1,12.5,18000.0,18000.0,0.0,217800000.0,0.0,0.0,0.0,0.0,0.0,26.0,29120.0,16.0,39870.0,3.646771723287839,3855898.0,,,,1000.0
2011-07-26T00:00:00,TSC,11.9,11.9,11.9,11.9,11.9,12.1,3450.0,3450.0,0.0,41055000.0,0.0,0.0,0.0,0.0,0.0,16.0,17240.0,12.0,24610.0,3.646771723287839,3855898.0,,,,1000.0
2011-07-27T00:00:00,TSC,12.3,11.5,12.3,11.5,11.5,11.9,8740.0,8740.0,0.0,100510000.0,0.0,0.0,0.0,3000.0,35000000.0,24.0,15860.0,16.0,29010.0,3.646771723287839,3858898.0,,,,1000.0
2011-07-28T00:00:00,TSC,11.8,11.6,11.8,11.6,11.6,11.5,23470.0,23470.0,0.0,272252000.0,0.0,0.0,0.0,0.0,0.0,27.0,148640.0,10.0,65070.0,3.646771723287839,3858898.0,,,,1000.0
2011-07-29T00:00:00,TSC,11.8,11.3,11.4,11.7,11.7,11.6,30250.0,30250.0,0.0,353925000.0,0.0,0.0,0.0,0.0,0.0,31.0,164150.0,12.0,38400.0,3.646771723287839,3851098.0,,,,1000.0
2011-08-01T00:00:00,TSC,12.1,11.4,12.0,11.7,11.7,11.7,17330.0,17330.0,0.0,202761000.0,0.0,0.0,0.0,0.0,0.0,31.0,41710.0,16.0,32930.0,3.646771723287839,3858898.0,,,,1000.0
2011-08-02T00:00:00,TSC,11.5,11.2,11.5,11.4,11.4,11.7,31360.0,31360.0,0.0,357504000.0,0.0,0.0,0.0,260.0,2964000.0,33.0,43910.0,27.0,75900.0,3.646771723287839,3859158.0,,,,1000.0
2011-08-03T00:00:00,TSC,11.3,10.9,10.9,11.3,11.3,11.4,28150.0,28150.0,0.0,318095000.0,0.0,0.0,0.0,0.0,0.0,26.0,37250.0,23.0,47830.0,3.646771723287839,3859158.0,,,,1000.0
2011-08-04T00:00:00,TSC,11.7,11.1,11.3,11.7,11.7,11.3,37390.0,37390.0,0.0,437463000.0,0.0,0.0,0.0,0.0,0.0,36.0,92320.0,37.0,46790.0,3.646771723287839,3859158.0,,,,1000.0
2011-08-05T00:00:00,TSC,11.7,11.3,11.3,11.6,11.6,11.7,18300.0,18300.0,0.0,212280000.0,0.0,0.0,0.0,0.0,0.0,28.0,68250.0,26.0,31640.0,3.646771723287839,3859158.0,,,,1000.0
2011-08-08T00:00:00,TSC,11.8,11.2,11.6,11.2,11.2,11.6,43660.0,43660.0,0.0,488992000.0,0.0,8000.0,92487000.0,0.0,0.0,39.0,94750.0,31.0,77110.0,3.646771723287839,3851158.0,,,,1000.0
2011-08-09T00:00:00,TSC,11.6,10.7,10.7,11.0,11.0,11.2,22150.0,22150.0,0.0,243650000.0,0.0,0.0,0.0,0.0,0.0,25.0,29150.0,32.0,58510.0,3.646771723287839,3851158.0,,,,1000.0
2011-08-10T00:00:00,TSC,11.5,10.7,11.5,10.7,10.7,11.0,15630.0,15630.0,0.0,167241000.0,0.0,10.0,115000.0,0.0,0.0,23.0,50830.0,21.0,30870.0,3.646771723287839,3851148.0,,,,1000.0
2011-08-11T00:00:00,TSC,10.9,10.3,10.5,10.4,10.4,10.7,30600.0,30600.0,0.0,318240000.0,0.0,6200.0,64480000.0,0.0,0.0,47.0,131170.0,24.0,68740.0,3.646771723287839,3844948.0,,,,1000.0
2011-08-12T00:00:00,TSC,10.9,9.9,10.4,9.9,9.9,10.4,91160.0,91160.0,0.0,902484000.0,0.0,5550.0,58315000.0,0.0,0.0,80.0,272010.0,32.0,162980.0,3.646771723287839,3839398.0,,,,1000.0
2011-08-15T00:00:00,TSC,10.3,9.9,9.9,10.2,10.2,9.9,5480.0,5480.0,0.0,55896000.0,0.0,60.0,610000.0,0.0,0.0,49.0,143000.0,15.0,14300.0,3.646771723287839,3839338.0,,,,1000.0
2011-08-16T00:00:00,TSC,10.2,9.8,10.2,9.8,9.8,10.2,19730.0,19730.0,0.0,193354000.0,0.0,2030.0,20306000.0,0.0,0.0,44.0,79970.0,28.0,90180.0,3.646771723287839,3837308.0,,,,1000.0
2011-08-17T00:00:00,TSC,10.2,10.1,10.1,10.2,10.2,9.8,20800.0,20800.0,0.0,212160000.0,0.0,40.0,404000.0,0.0,0.0,43.0,239280.0,20.0,21800.0,3.646771723287839,3837268.0,,,,1000.0
2011-08-18T00:00:00,TSC,10.6,10.4,10.5,10.5,10.5,10.2,41050.0,41050.0,0.0,431025000.0,0.0,5000.0,52500000.0,0.0,0.0,51.0,224240.0,40.0,111140.0,3.646771723287839,3832268.0,,,,1000.0
2011-08-19T00:00:00,TSC,10.4,10.0,10.2,10.1,10.1,10.5,82640.0,82640.0,0.0,834664000.0,0.0,5050.0,51005000.0,2300.0,23460000.0,66.0,175490.0,36.0,162550.0,3.646771723287839,3829518.0,,,,1000.0
2011-08-22T00:00:00,TSC,10.6,10.4,10.4,10.5,10.5,10.1,44380.0,44380.0,0.0,465990000.0,0.0,3430.0,35675000.0,0.0,0.0,65.0,147000.0,32.0,61360.0,3.646771723287839,3826088.0,,,,1000.0
2011-08-23T00:00:00,TSC,10.7,10.7,10.7,10.7,10.7,10.5,240.0,240.0,0.0,2568000.0,0.0,0.0,0.0,0.0,0.0,12.0,29890.0,23.0,12940.0,3.646771723287839,3826088.0,,,,1000.0
2011-08-24T00:00:00,TSC,10.8,10.3,10.7,10.3,10.3,10.7,57670.0,57670.0,0.0,594001000.0,0.0,5380.0,57266000.0,0.0,0.0,59.0,131290.0,44.0,98710.0,3.646771723287839,3820708.0,,,,1000.0
2011-08-25T00:00:00,TSC,10.3,10.1,10.3,10.3,10.3,10.3,29820.0,29820.0,0.0,307146000.0,0.0,0.0,0.0,0.0,0.0,79.0,170330.0,34.0,140800.0,3.646771723287839,3820708.0,,,,1000.0
2011-08-26T00:00:00,TSC,10.4,10.2,10.2,10.3,10.3,10.3,26270.0,26270.0,0.0,270581000.0,0.0,0.0,0.0,0.0,0.0,52.0,107890.0,34.0,85110.0,3.646771723287839,3820708.0,,,,1000.0
2011-08-29T00:00:00,TSC,10.8,10.6,10.7,10.8,10.8,10.3,196860.0,196860.0,0.0,2126088000.0,0.0,1500.0,16069000.0,150.0,1620000.0,148.0,338980.0,44.0,206370.0,3.646771723287839,3819358.0,,,,1000.0
2011-08-30T00:00:00,TSC,11.3,11.3,11.3,11.3,11.3,10.8,20120.0,20120.0,0.0,227356000.0,0.0,0.0,0.0,0.0,0.0,70.0,357050.0,18.0,20120.0,3.646771723287839,3819358.0,,,,1000.0
2011-08-31T00:00:00,TSC,11.8,11.8,11.8,11.8,11.8,11.3,11570.0,11570.0,0.0,136526000.0,0.0,0.0,0.0,0.0,0.0,72.0,380210.0,20.0,11570.0,3.646771723287839,3819358.0,,,,1000.0
2011-09-01T00:00:00,TSC,12.3,12.3,12.3,12.3,12.3,11.8,20470.0,20470.0,0.0,251781000.0,0.0,0.0,0.0,0.0,0.0,72.0,546810.0,17.0,20470.0,3.646771723287839,3819358.0,,,,1000.0
2011-09-05T00:00:00,TSC,12.9,12.6,12.9,12.9,12.9,12.3,249980.0,249980.0,0.0,3224742000.0,0.0,0.0,0.0,6000.0,77400000.0,145.0,412510.0,109.0,301620.0,3.646771723287839,3825358.0,,,,1000.0
2011-09-06T00:00:00,TSC,13.0,12.4,12.6,12.4,12.4,12.9,79850.0,79850.0,0.0,990140000.0,0.0,0.0,0.0,0.0,0.0,79.0,183830.0,83.0,193930.0,3.646771723287839,3825358.0,,,,1000.0
2011-09-07T00:00:00,TSC,13.0,12.9,13.0,13.0,13.0,12.4,88950.0,88950.0,0.0,1156350000.0,0.0,1000.0,13000000.0,0.0,0.0,101.0,292040.0,43.0,113970.0,3.646771723287839,3824358.0,,,,1000.0
2011-09-08T00:00:00,TSC,13.6,13.6,13.6,13.6,13.6,13.0,88840.0,88840.0,0.0,1208224000.0,0.0,0.0,0.0,0.0,0.0,58.0,201830.0,33.0,89840.0,3.646771723287839,3824358.0,,,,1000.0
2011-09-09T00:00:00,TSC,13.9,13.2,13.2,13.6,13.6,13.6,35380.0,35380.0,0.0,481168000.0,0.0,0.0,0.0,0.0,0.0,59.0,82300.0,97.0,158860.0,3.646771723287839,3824358.0,,,,1000.0
2011-09-12T00:00:00,TSC,13.8,13.1,13.3,13.3,13.3,13.6,71650.0,71650.0,0.0,952945000.0,0.0,4260.0,55906000.0,0.0,0.0,79.0,160260.0,85.0,178130.0,3.646771723287839,3820098.0,,,,1000.0
2011-09-13T00:00:00,TSC,13.9,13.3,13.3,13.9,13.9,13.3,159620.0,159620.0,0.0,2218718000.0,0.0,17400.0,231420000.0,100.0,1330000.0,107.0,270710.0,75.0,218540.0,3.646771723287839,3802798.0,,,,1000.0
2011-09-14T00:00:00,TSC,14.1,13.5,13.7,13.5,13.5,13.9,70650.0,70650.0,0.0,953775000.0,0.0,20.0,281000.0,0.0,0.0,52.0,128110.0,78.0,166080.0,3.646771723287839,3802778.0,,,,1000.0
2011-09-15T00:00:00,TSC,13.5,13.0,13.4,13.5,13.5,13.5,39080.0,39080.0,0.0,527580000.0,0.0,0.0,0.0,0.0,0.0,44.0,108580.0,37.0,62230.0,3.646771723287839,3802778.0,,,,1000.0
2011-09-16T00:00:00,TSC,13.2,12.9,13.0,12.9,12.9,13.5,26760.0,26760.0,0.0,345204000.0,0.0,0.0,0.0,0.0,0.0,32.0,41830.0,41.0,108390.0,3.646771723287839,3802778.0,,,,1000.0
2011-09-19T00:00:00,TSC,13.3,12.4,12.5,13.3,13.3,12.9,28630.0,28630.0,0.0,380779000.0,0.0,0.0,0.0,0.0,0.0,46.0,42530.0,46.0,71150.0,3.646771723287839,3802778.0,,,,1000.0
2011-09-20T00:00:00,TSC,13.1,12.7,12.8,12.7,12.7,13.3,37030.0,37030.0,0.0,470281000.0,0.0,1950.0,24765000.0,0.0,0.0,39.0,48630.0,39.0,70350.0,3.646771723287839,3800828.0,,,,1000.0
2011-09-21T00:00:00,TSC,13.3,12.5,13.1,12.9,12.9,12.7,1260.0,1260.0,0.0,16254000.0,0.0,0.0,0.0,0.0,0.0,25.0,32200.0,23.0,22830.0,3.646771723287839,3800828.0,,,,1000.0
2011-09-22T00:00:00,TSC,13.1,12.9,12.9,13.1,13.1,12.9,27210.0,27210.0,0.0,356451000.0,0.0,0.0,0.0,0.0,0.0,42.0,51530.0,25.0,42170.0,3.646771723287839,3800828.0,,,,1000.0
2011-09-23T00:00:00,TSC,13.2,12.5,12.5,13.0,13.0,13.1,6860.0,6860.0,0.0,89180000.0,0.0,0.0,0.0,0.0,0.0,29.0,42250.0,35.0,29530.0,3.646771723287839,3800828.0,,,,1000.0
2011-09-26T00:00:00,TSC,13.0,12.6,12.6,12.9,12.9,13.0,8480.0,8480.0,0.0,109392000.0,0.0,2010.0,25930000.0,0.0,0.0,26.0,37550.0,31.0,27900.0,3.646771723287839,3798818.0,,,,1000.0
2011-09-27T00:00:00,TSC,13.1,12.7,13.1,13.1,13.1,12.9,3180.0,3180.0,0.0,41658000.0,0.0,0.0,0.0,0.0,0.0,20.0,22240.0,23.0,7790.0,3.646771723287839,3798818.0,,,,1000.0
2011-09-28T00:00:00,TSC,13.0,12.8,12.8,12.8,12.8,13.1,17770.0,17770.0,0.0,227456000.0,0.0,0.0,0.0,0.0,0.0,32.0,49720.0,31.0,47650.0,3.646771723287839,3798818.0,,,,1000.0
2011-09-29T00:00:00,TSC,12.7,12.3,12.5,12.7,12.7,12.8,17970.0,17970.0,0.0,228219000.0,0.0,0.0,0.0,0.0,0.0,26.0,46610.0,34.0,42450.0,3.646771723287839,3798818.0,,,,1000.0
2011-09-30T00:00:00,TSC,12.7,12.4,12.4,12.5,12.5,12.7,22930.0,22930.0,0.0,286625000.0,0.0,8990.0,111875000.0,0.0,0.0,44.0,99500.0,36.0,57380.0,3.646771723287839,3789828.0,,,,1000.0
2011-10-03T00:00:00,TSC,12.7,12.3,12.5,12.3,12.3,12.5,15150.0,15150.0,0.0,186345000.0,0.0,2000.0,24802000.0,0.0,0.0,22.0,34710.0,28.0,34140.0,3.646771723287839,3787828.0,,,,1000.0
2011-10-04T00:00:00,TSC,12.4,12.1,12.1,12.3,12.3,12.3,5140.0,5140.0,0.0,63222000.0,0.0,300.0,3630000.0,0.0,0.0,25.0,23560.0,23.0,23580.0,3.646771723287839,3787528.0,,,,1000.0
2011-10-05T00:00:00,TSC,12.6,12.3,12.6,12.3,12.3,12.3,2440.0,2440.0,0.0,30012000.0,0.0,0.0,0.0,0.0,0.0,14.0,26700.0,9.0,6350.0,3.646771723287839,3787528.0,,,,1000.0
2011-10-06T00:00:00,TSC,12.9,12.2,12.2,12.9,12.9,12.3,12010.0,12010.0,0.0,154929000.0,0.0,0.0,0.0,0.0,0.0,24.0,53700.0,17.0,16140.0,3.646771723287839,3787528.0,,,,1000.0
2011-10-07T00:00:00,TSC,13.3,12.6,13.3,12.6,12.6,12.9,1600.0,1600.0,0.0,20160000.0,0.0,0.0,0.0,0.0,0.0,16.0,21200.0,27.0,25780.0,3.646771723287839,3787528.0,,,,1000.0
2011-10-10T00:00:00,TSC,13.0,12.5,12.6,12.7,12.7,12.6,15790.0,15790.0,0.0,200533000.0,0.0,0.0,0.0,0.0,0.0,32.0,55280.0,30.0,32020.0,3.646771723287839,3787528.0,,,,1000.0
2011-10-11T00:00:00,TSC,13.0,12.8,12.8,13.0,13.0,12.7,4850.0,4850.0,0.0,63050000.0,0.0,0.0,0.0,0.0,0.0,31.0,26800.0,25.0,19360.0,3.646771723287839,3787528.0,,,,1000.0
2011-10-12T00:00:00,TSC,13.6,12.8,13.0,13.6,13.6,13.0,64010.0,64010.0,0.0,870536000.0,0.0,0.0,0.0,0.0,0.0,81.0,150450.0,68.0,70700.0,3.646771723287839,3787528.0,,,,1000.0
2011-10-13T00:00:00,TSC,14.2,13.6,14.1,14.2,14.2,13.6,54340.0,54340.0,0.0,771628000.0,0.0,0.0,0.0,0.0,0.0,65.0,215780.0,44.0,54840.0,3.646771723287839,3787528.0,,,,1000.0
2011-10-14T00:00:00,TSC,14.9,14.0,14.9,14.5,14.5,14.2,82100.0,82100.0,0.0,1190450000.0,0.0,0.0,0.0,0.0,0.0,87.0,134020.0,100.0,211370.0,3.646771723287839,3787528.0,,,,1000.0
2011-10-17T00:00:00,TSC,14.5,13.9,14.5,13.9,13.9,14.5,37630.0,37630.0,0.0,523057000.0,0.0,0.0,0.0,0.0,0.0,37.0,49920.0,56.0,113370.0,3.646771723287839,3787528.0,,,,1000.0
2011-10-18T00:00:00,TSC,14.4,13.4,13.6,14.4,14.4,13.9,46110.0,46110.0,0.0,663984000.0,0.0,1000.0,13500000.0,0.0,0.0,58.0,86360.0,49.0,77780.0,3.646771723287839,3786528.0,,,,1000.0
2011-10-19T00:00:00,TSC,14.9,14.0,14.0,14.8,14.8,14.4,68460.0,68460.0,0.0,1013208000.0,0.0,0.0,0.0,0.0,0.0,64.0,163610.0,80.0,159160.0,3.646771723287839,3786528.0,,,,1000.0
2011-10-20T00:00:00,TSC,15.4,14.5,14.6,15.4,15.4,14.8,92930.0,92930.0,0.0,1431122000.0,0.0,0.0,0.0,0.0,0.0,104.0,267090.0,112.0,165400.0,3.646771723287839,3786528.0,,,,1000.0
2011-10-21T00:00:00,TSC,16.1,15.4,15.7,16.1,16.1,15.4,58640.0,58640.0,0.0,944104000.0,0.0,800.0,12325000.0,860.0,13502000.0,69.0,173380.0,85.0,71990.0,3.646771723287839,3786588.0,,,,1000.0
2011-10-24T00:00:00,TSC,16.5,15.8,16.4,16.0,16.0,16.1,115010.0,115010.0,0.0,1840160000.0,0.0,1500.0,24200000.0,1500.0,24600000.0,70.0,203860.0,108.0,224620.0,3.646771723287839,3786588.0,,,,1000.0
2011-10-25T00:00:00,TSC,15.9,15.3,15.4,15.3,15.3,16.0,73400.0,73400.0,0.0,1123020000.0,0.0,0.0,0.0,0.0,0.0,52.0,140350.0,92.0,213780.0,3.646771723287839,3786588.0,,,,1000.0
2011-10-26T00:00:00,TSC,15.5,14.9,14.9,15.4,15.4,15.3,76890.0,76890.0,0.0,1184106000.0,0.0,420.0,6258000.0,0.0,0.0,65.0,192490.0,83.0,168300.0,3.646771723287839,3786168.0,,,,1000.0
2011-10-27T00:00:00,TSC,15.9,15.2,15.4,15.6,15.6,15.4,77630.0,77630.0,0.0,1211028000.0,0.0,0.0,0.0,420.0,6552000.0,51.0,205850.0,52.0,127150.0,3.646771723287839,3786588.0,,,,1000.0
2011-10-28T00:00:00,TSC,16.3,15.6,15.6,16.2,16.2,15.6,151130.0,151130.0,0.0,2448306000.0,0.0,0.0,0.0,1000.0,16200000.0,86.0,338510.0,66.0,181490.0,3.646771723287839,3787008.0,,,,1000.0
2011-10-31T00:00:00,TSC,16.3,16.0,16.2,16.0,16.0,16.2,76030.0,76030.0,0.0,1216480000.0,0.0,0.0,0.0,0.0,0.0,67.0,179390.0,70.0,195990.0,3.646771723287839,3787008.0,,,,1000.0
2011-11-01T00:00:00,TSC,16.1,15.4,15.6,15.4,15.4,16.0,103620.0,103620.0,0.0,1595748000.0,0.0,0.0,0.0,0.0,0.0,52.0,187340.0,56.0,186940.0,3.646771723287839,3788588.0,,,,1000.0
2011-11-02T00:00:00,TSC,16.0,14.8,16.0,14.8,14.8,15.4,33580.0,33580.0,0.0,496984000.0,0.0,0.0,0.0,0.0,0.0,41.0,65200.0,33.0,102330.0,3.646771723287839,3788588.0,,,,1000.0
2011-11-03T00:00:00,TSC,15.1,14.9,14.9,14.9,14.9,14.8,5740.0,5740.0,0.0,85526000.0,0.0,0.0,0.0,0.0,0.0,29.0,55400.0,19.0,41610.0,3.646771723287839,3788588.0,,,,1000.0
2011-11-04T00:00:00,TSC,15.0,14.5,15.0,14.7,14.7,14.9,18310.0,18310.0,0.0,269157000.0,0.0,0.0,0.0,0.0,0.0,37.0,50690.0,21.0,44120.0,3.646771723287839,3788588.0,,,,1000.0
2011-11-07T00:00:00,TSC,15.0,14.1,15.0,14.2,14.2,14.7,35550.0,35550.0,0.0,504810000.0,0.0,430.0,6106000.0,0.0,0.0,50.0,82960.0,32.0,59790.0,3.646771723287839,3782358.0,,,,1000.0
2011-11-08T00:00:00,TSC,14.6,14.2,14.5,14.6,14.6,14.2,19090.0,19090.0,0.0,278714000.0,0.0,0.0,0.0,0.0,0.0,44.0,101060.0,16.0,44440.0,3.646771723287839,3788158.0,,,,1000.0
2011-11-09T00:00:00,TSC,15.1,14.6,14.6,15.1,15.1,14.6,16890.0,16890.0,0.0,255039000.0,0.0,0.0,0.0,0.0,0.0,39.0,101780.0,24.0,29960.0,3.646771723287839,3788158.0,,,,1000.0
2011-11-10T00:00:00,TSC,15.1,14.6,15.1,14.6,14.6,15.1,22750.0,22750.0,0.0,332150000.0,0.0,0.0,0.0,0.0,0.0,27.0,81440.0,44.0,68450.0,3.646771723287839,3788158.0,,,,1000.0
2011-11-11T00:00:00,TSC,14.8,14.0,14.6,14.0,14.0,14.6,54790.0,54790.0,0.0,767060000.0,0.0,0.0,0.0,7590.0,106420000.0,34.0,63840.0,42.0,81610.0,3.646771723287839,3795748.0,,,,1000.0
2011-11-14T00:00:00,TSC,14.0,13.5,14.0,13.5,13.5,14.0,8140.0,8140.0,0.0,109890000.0,0.0,30.0,405000.0,1000.0,13500000.0,33.0,36560.0,19.0,17210.0,3.646771723287839,3796718.0,,,,1000.0
2011-11-15T00:00:00,TSC,14.0,13.1,14.0,13.7,13.7,13.5,11850.0,11850.0,0.0,162345000.0,0.0,0.0,0.0,3000.0,39960000.0,42.0,76490.0,19.0,33570.0,3.646771723287839,3799718.0,,,,1000.0
2011-11-16T00:00:00,TSC,14.0,13.5,13.7,13.9,13.9,13.7,19280.0,19280.0,0.0,267992000.0,0.0,0.0,0.0,500.0,6850000.0,36.0,51070.0,23.0,36850.0,3.646771723287839,3800218.0,,,,1000.0
2011-11-17T00:00:00,TSC,13.9,13.7,13.7,13.7,13.7,13.9,4000.0,4000.0,0.0,54800000.0,0.0,0.0,0.0,0.0,0.0,18.0,20800.0,25.0,31190.0,3.646771723287839,3800218.0,,,,1000.0
2011-11-18T00:00:00,TSC,13.8,13.2,13.3,13.5,13.5,13.7,9590.0,9590.0,0.0,129465000.0,0.0,0.0,0.0,0.0,0.0,33.0,30470.0,23.0,36520.0,3.646771723287839,3800218.0,,,,1000.0
2011-11-21T00:00:00,TSC,13.3,13.1,13.1,13.3,13.3,13.5,27150.0,27150.0,0.0,361095000.0,0.0,0.0,0.0,14530.0,191906000.0,33.0,51870.0,24.0,41610.0,3.646771723287839,3814748.0,,,,1000.0
2011-11-22T00:00:00,TSC,13.7,13.4,13.4,13.6,13.6,13.3,16920.0,16920.0,0.0,230112000.0,0.0,0.0,0.0,0.0,0.0,46.0,46110.0,36.0,32070.0,3.646771723287839,3814748.0,,,,1000.0
2011-11-23T00:00:00,TSC,14.1,14.0,14.0,14.1,14.1,13.6,18520.0,18520.0,0.0,261132000.0,0.0,0.0,0.0,0.0,0.0,28.0,39950.0,21.0,41740.0,3.646771723287839,3814748.0,,,,1000.0
2011-11-24T00:00:00,TSC,14.2,13.7,14.2,13.7,13.7,14.1,3640.0,3640.0,0.0,49868000.0,0.0,1000.0,13800000.0,0.0,0.0,14.0,7360.0,40.0,58650.0,3.646771723287839,3813748.0,,,,1000.0
2011-11-25T00:00:00,TSC,13.8,13.5,13.8,13.5,13.5,13.7,5040.0,5040.0,0.0,68040000.0,0.0,0.0,0.0,0.0,0.0,16.0,18530.0,22.0,37570.0,3.646771723287839,3813748.0,,,,1000.0
2011-11-28T00:00:00,TSC,13.9,13.5,13.5,13.7,13.7,13.5,3550.0,3550.0,0.0,48635000.0,0.0,0.0,0.0,0.0,0.0,25.0,19700.0,32.0,39210.0,3.646771723287839,3813748.0,,,,1000.0
2011-11-29T00:00:00,TSC,13.9,13.7,13.9,13.7,13.7,13.7,4940.0,4940.0,0.0,67678000.0,0.0,0.0,0.0,0.0,0.0,17.0,13060.0,38.0,58100.0,3.646771723287839,3813748.0,,,,1000.0
2011-11-30T00:00:00,TSC,13.9,13.5,13.5,13.9,13.9,13.7,3000.0,3000.0,0.0,41700000.0,0.0,0.0,0.0,0.0,0.0,19.0,29060.0,25.0,47970.0,3.646771723287839,3813748.0,,,,1000.0
2011-12-01T00:00:00,TSC,13.9,13.9,13.9,13.9,13.9,13.9,540.0,540.0,0.0,7506000.0,0.0,0.0,0.0,0.0,0.0,15.0,9260.0,25.0,75040.0,3.646771723287839,3813748.0,,,,1000.0
2011-12-02T00:00:00,TSC,13.9,13.8,13.9,13.8,13.8,13.9,3980.0,3980.0,0.0,54924000.0,0.0,0.0,0.0,0.0,0.0,31.0,10090.0,19.0,39860.0,3.646771723287839,3813748.0,,,,1000.0
2011-12-05T00:00:00,TSC,14.4,13.8,14.0,14.2,14.2,13.8,21850.0,21850.0,0.0,310270000.0,0.0,0.0,0.0,0.0,0.0,30.0,52020.0,33.0,106800.0,3.646771723287839,3813748.0,,,,1000.0
2011-12-06T00:00:00,TSC,14.2,13.8,14.2,14.0,14.0,14.2,8430.0,8430.0,0.0,118020000.0,0.0,0.0,0.0,0.0,0.0,27.0,22520.0,48.0,91670.0,3.646771723287839,3813748.0,,,,1000.0
2011-12-07T00:00:00,TSC,14.0,13.8,13.9,13.8,13.8,14.0,2670.0,2670.0,0.0,36846000.0,0.0,0.0,0.0,0.0,0.0,17.0,16110.0,20.0,49450.0,3.646771723287839,3813748.0,,,,1000.0
2011-12-08T00:00:00,TSC,13.8,13.4,13.8,13.4,13.4,13.8,6410.0,6410.0,0.0,85894000.0,0.0,600.0,8280000.0,0.0,0.0,25.0,34370.0,21.0,51080.0,3.646771723287839,3813148.0,,,,1000.0
2011-12-09T00:00:00,TSC,14.0,13.2,14.0,13.9,13.9,13.4,3900.0,3900.0,0.0,54210000.0,0.0,0.0,0.0,20.0,280000.0,22.0,34330.0,19.0,16700.0,3.646771723287839,3813168.0,,,,1000.0
2011-12-12T00:00:00,TSC,13.6,13.3,13.5,13.3,13.3,13.9,11880.0,11880.0,0.0,158004000.0,0.0,0.0,0.0,2980.0,40320000.0,12.0,13880.0,35.0,70930.0,3.646771723287839,3816148.0,,,,1000.0
2011-12-13T00:00:00,TSC,13.2,12.9,13.0,12.9,12.9,13.3,5620.0,5620.0,0.0,72498000.0,0.0,0.0,0.0,0.0,0.0,24.0,18930.0,18.0,44670.0,3.646771723287839,3816148.0,,,,1000.0
2011-12-14T00:00:00,TSC,12.7,12.3,12.5,12.3,12.3,12.9,55550.0,55550.0,0.0,683265000.0,0.0,200.0,2540000.0,0.0,0.0,47.0,77950.0,37.0,87250.0,3.646771723287839,3815948.0,,,,1000.0
2011-12-15T00:00:00,TSC,12.8,12.1,12.3,12.8,12.8,12.3,4040.0,4040.0,0.0,51712000.0,0.0,0.0,0.0,0.0,0.0,29.0,20040.0,8.0,4370.0,3.646771723287839,3815948.0,,,,1000.0
2011-12-16T00:00:00,TSC,13.2,12.9,13.0,13.1,13.1,12.8,5770.0,5770.0,0.0,75587000.0,0.0,0.0,0.0,0.0,0.0,29.0,42030.0,17.0,17570.0,3.646771723287839,3815948.0,,,,1000.0
2011-12-19T00:00:00,TSC,13.1,13.0,13.0,13.1,13.1,13.1,3160.0,3160.0,0.0,41396000.0,0.0,0.0,0.0,0.0,0.0,18.0,8250.0,22.0,36970.0,3.646771723287839,3815948.0,,,,1000.0
2011-12-20T00:00:00,TSC,12.8,12.6,12.8,12.7,12.7,13.1,2310.0,2310.0,0.0,29337000.0,0.0,0.0,0.0,0.0,0.0,10.0,9910.0,14.0,11860.0,3.646771723287839,3815948.0,,,,1000.0
2011-12-21T00:00:00,TSC,12.8,12.7,12.8,12.7,12.7,12.7,5570.0,5570.0,0.0,70739000.0,0.0,1200.0,15360000.0,0.0,0.0,18.0,10800.0,13.0,13440.0,3.646771723287839,3814748.0,,,,1000.0
2011-12-22T00:00:00,TSC,12.6,12.1,12.6,12.1,12.1,12.7,5000.0,5000.0,0.0,60500000.0,0.0,100.0,1240000.0,0.0,0.0,17.0,13810.0,16.0,13190.0,3.646771723287839,3814648.0,,,,1000.0
2011-12-23T00:00:00,TSC,12.5,11.9,12.1,12.4,12.4,12.1,19700.0,19700.0,0.0,244280000.0,0.0,0.0,0.0,100.0,1240000.0,28.0,56170.0,19.0,27690.0,3.646771723287839,3814748.0,,,,1000.0
2011-12-26T00:00:00,TSC,12.4,12.0,12.0,12.4,12.4,12.4,3190.0,3190.0,0.0,39556000.0,0.0,0.0,0.0,0.0,0.0,24.0,22750.0,12.0,17090.0,3.646771723287839,3814748.0,,,,1000.0
2011-12-27T00:00:00,TSC,12.4,11.9,11.9,12.4,12.4,12.4,3000.0,3000.0,0.0,37200000.0,0.0,0.0,0.0,0.0,0.0,13.0,14180.0,12.0,13010.0,3.646771723287839,3814748.0,,,,1000.0
2011-12-28T00:00:00,TSC,12.8,12.4,12.4,12.8,12.8,12.4,1400.0,1400.0,0.0,17920000.0,0.0,0.0,0.0,0.0,0.0,12.0,5310.0,11.0,9310.0,3.646771723287839,3814748.0,,,,1000.0
2011-12-29T00:00:00,TSC,13.0,12.4,12.4,13.0,13.0,12.8,630.0,630.0,0.0,8190000.0,0.0,0.0,0.0,0.0,0.0,10.0,2100.0,13.0,5370.0,3.646771723287839,3814748.0,,,,1000.0
2011-12-30T00:00:00,TSC,13.0,13.0,13.0,13.0,13.0,13.0,1300.0,1300.0,0.0,16900000.0,0.0,0.0,0.0,0.0,0.0,10.0,5880.0,13.0,8840.0,3.646771723287839,3808948.0,,,,1000.0
2012-01-03T00:00:00,TSC,13.0,12.6,13.0,13.0,13.0,13.0,1940.0,1940.0,0.0,25220000.0,0.0,0.0,0.0,0.0,0.0,22.0,7870.0,10.0,5360.0,3.646771723287839,3814748.0,,,,1000.0
2012-01-04T00:00:00,TSC,13.0,12.8,13.0,12.8,12.8,13.0,890.0,890.0,0.0,11392000.0,0.0,0.0,0.0,0.0,0.0,16.0,4250.0,11.0,13130.0,3.646771723287839,3814748.0,,,,1000.0
2012-01-05T00:00:00,TSC,12.8,12.2,12.7,12.2,12.2,12.8,6920.0,6920.0,0.0,84424000.0,0.0,0.0,0.0,0.0,0.0,26.0,11320.0,14.0,18810.0,3.646771723287839,3814748.0,,,,1000.0
2012-01-06T00:00:00,TSC,12.5,12.0,12.0,12.5,12.5,12.2,3080.0,3080.0,0.0,38500000.0,0.0,0.0,0.0,0.0,0.0,28.0,15180.0,11.0,4800.0,3.646771723287839,3814748.0,,,,1000.0
2012-01-09T00:00:00,TSC,12.7,12.2,12.2,12.7,12.7,12.5,9790.0,9790.0,0.0,124333000.0,0.0,0.0,0.0,0.0,0.0,18.0,24760.0,20.0,15810.0,3.646771723287839,3814748.0,,,,1000.0
2012-01-10T00:00:00,TSC,13.1,12.5,12.5,13.0,13.0,12.7,10420.0,10420.0,0.0,135460000.0,0.0,0.0,0.0,0.0,0.0,23.0,39890.0,23.0,22720.0,3.646771723287839,3814748.0,,,,1000.0
2012-01-11T00:00:00,TSC,13.1,12.8,13.0,12.8,12.8,13.0,4010.0,4010.0,0.0,51328000.0,0.0,0.0,0.0,0.0,0.0,18.0,12400.0,26.0,31080.0,3.646771723287839,3814748.0,,,,1000.0
2012-01-12T00:00:00,TSC,12.7,12.7,12.7,12.7,12.7,12.8,300.0,300.0,0.0,3810000.0,0.0,0.0,0.0,0.0,0.0,12.0,4160.0,10.0,7870.0,3.646771723287839,3814748.0,,,,1000.0
2012-01-13T00:00:00,TSC,13.0,12.5,13.0,12.8,12.8,12.7,13240.0,13240.0,0.0,169472000.0,0.0,2000.0,25000000.0,0.0,0.0,37.0,26030.0,20.0,24920.0,3.646771723287839,3812748.0,,,,1000.0
2012-01-16T00:00:00,TSC,12.9,12.8,12.9,12.8,12.8,12.8,4610.0,4610.0,0.0,59008000.0,0.0,500.0,6450000.0,0.0,0.0,29.0,24450.0,17.0,13930.0,3.646771723287839,3808448.0,,,,1000.0
2012-01-17T00:00:00,TSC,12.9,12.5,12.9,12.5,12.5,12.8,870.0,870.0,0.0,10875000.0,0.0,0.0,0.0,0.0,0.0,17.0,7430.0,10.0,14320.0,3.646771723287839,3808448.0,,,,1000.0
2012-01-18T00:00:00,TSC,12.8,12.8,12.8,12.8,12.8,12.5,30.0,30.0,0.0,384000.0,0.0,0.0,0.0,0.0,0.0,12.0,17360.0,7.0,4790.0,3.646771723287839,3808448.0,,,,1000.0
2012-01-19T00:00:00,TSC,13.0,12.8,12.9,13.0,13.0,12.8,6380.0,6380.0,0.0,82940000.0,0.0,0.0,0.0,0.0,0.0,22.0,15210.0,19.0,21150.0,3.646771723287839,3808448.0,,,,1000.0
2012-01-20T00:00:00,TSC,13.1,13.0,13.0,13.1,13.1,13.0,6410.0,6410.0,0.0,83971000.0,0.0,0.0,0.0,0.0,0.0,9.0,8700.0,17.0,25370.0,3.646771723287839,3808448.0,,,,1000.0
2012-01-30T00:00:00,TSC,13.2,12.8,12.8,13.2,13.2,13.1,2940.0,2940.0,0.0,38808000.0,0.0,0.0,0.0,0.0,0.0,28.0,13820.0,19.0,16810.0,3.646771723287839,3808448.0,,,,1000.0
2012-01-31T00:00:00,TSC,13.5,13.2,13.5,13.2,13.2,13.2,14590.0,14590.0,0.0,192588000.0,0.0,0.0,0.0,0.0,0.0,39.0,32240.0,31.0,28340.0,3.646771723287839,3808448.0,,,,1000.0
2012-02-01T00:00:00,TSC,13.3,13.0,13.0,13.2,13.2,13.2,11960.0,11960.0,0.0,157872000.0,0.0,0.0,0.0,0.0,0.0,21.0,15670.0,28.0,44780.0,3.646771723287839,3808448.0,,,,1000.0
2012-02-02T00:00:00,TSC,13.3,12.9,12.9,13.2,13.2,13.2,38380.0,38380.0,0.0,506616000.0,0.0,0.0,0.0,0.0,0.0,40.0,63970.0,35.0,82880.0,3.646771723287839,3808448.0,,,,1000.0
2012-02-03T00:00:00,TSC,13.2,12.8,13.2,12.8,12.8,13.2,6090.0,6090.0,0.0,77952000.0,0.0,0.0,0.0,0.0,0.0,21.0,15450.0,35.0,42420.0,3.646771723287839,3806448.0,,,,1000.0
2012-02-06T00:00:00,TSC,13.0,12.6,13.0,13.0,13.0,12.8,88450.0,88450.0,0.0,1149850000.0,0.0,0.0,0.0,0.0,0.0,51.0,123990.0,50.0,124720.0,3.646771723287839,3806448.0,,,,1000.0
2012-02-07T00:00:00,TSC,12.9,12.9,12.9,12.9,12.9,13.0,6310.0,6310.0,0.0,81399000.0,0.0,0.0,0.0,0.0,0.0,15.0,10800.0,32.0,40930.0,3.646771723287839,3806448.0,,,,1000.0
2012-02-08T00:00:00,TSC,13.2,12.9,13.0,13.2,13.2,12.9,23400.0,23400.0,0.0,308880000.0,0.0,0.0,0.0,0.0,0.0,27.0,42120.0,42.0,50000.0,3.646771723287839,3806448.0,,,,1000.0
2012-02-09T00:00:00,TSC,13.8,13.2,13.2,13.8,13.8,13.2,70380.0,70380.0,0.0,971244000.0,0.0,0.0,0.0,0.0,0.0,82.0,137730.0,66.0,104430.0,3.646771723287839,3806448.0,,,,1000.0
2012-02-10T00:00:00,TSC,14.1,13.5,14.0,13.5,13.5,13.8,20520.0,20520.0,0.0,277020000.0,0.0,0.0,0.0,0.0,0.0,42.0,35820.0,40.0,65630.0,3.646771723287839,3806448.0,,,,1000.0
2012-02-13T00:00:00,TSC,13.4,13.0,13.2,13.4,13.4,13.5,11760.0,11760.0,0.0,157584000.0,0.0,0.0,0.0,0.0,0.0,25.0,26170.0,29.0,50020.0,3.646771723287839,3806448.0,,,,1000.0
2012-02-14T00:00:00,TSC,13.4,13.0,13.0,13.2,13.2,13.4,30680.0,30680.0,0.0,404976000.0,0.0,0.0,0.0,9000.0,119700000.0,46.0,74300.0,31.0,68580.0,3.646771723287839,3806448.0,,,,1000.0
2012-02-15T00:00:00,TSC,13.1,13.0,13.1,13.0,13.0,13.2,11300.0,11300.0,0.0,146900000.0,0.0,1100.0,14410000.0,0.0,0.0,28.0,21040.0,16.0,24520.0,3.646771723287839,3805348.0,,,,1000.0
2012-02-16T00:00:00,TSC,13.1,12.9,13.0,13.0,13.0,13.0,6210.0,6210.0,0.0,80730000.0,0.0,0.0,0.0,0.0,0.0,29.0,29710.0,15.0,12640.0,3.646771723287839,3805348.0,,,,1000.0
2012-02-17T00:00:00,TSC,13.2,13.0,13.0,13.1,13.1,13.0,9550.0,9550.0,0.0,125105000.0,0.0,0.0,0.0,1000.0,13100000.0,30.0,24720.0,28.0,47770.0,3.646771723287839,3805348.0,,,,1000.0
2012-02-20T00:00:00,TSC,13.4,13.1,13.1,13.3,13.3,13.1,52960.0,52960.0,0.0,704368000.0,0.0,0.0,0.0,2000.0,26600000.0,56.0,78460.0,45.0,82030.0,3.646771723287839,3814348.0,,,,1000.0
2012-02-21T00:00:00,TSC,13.4,13.0,13.4,13.1,13.1,13.3,22520.0,22520.0,0.0,295012000.0,0.0,0.0,0.0,0.0,0.0,30.0,32720.0,38.0,74500.0,3.646771723287839,3814348.0,,,,1000.0
2012-02-22T00:00:00,TSC,13.3,12.8,13.0,13.2,13.2,13.1,32270.0,32270.0,0.0,425964000.0,0.0,0.0,0.0,8000.0,105000000.0,52.0,67390.0,33.0,43800.0,3.646771723287839,3814348.0,,,,1000.0
2012-02-23T00:00:00,TSC,13.7,13.2,13.4,13.4,13.4,13.2,19880.0,19880.0,0.0,266392000.0,0.0,0.0,0.0,0.0,0.0,61.0,58690.0,54.0,49730.0,3.646771723287839,3815348.0,,,,1000.0
2012-02-24T00:00:00,TSC,13.7,13.2,13.7,13.3,13.3,13.4,135340.0,135340.0,0.0,1800022000.0,0.0,0.0,0.0,0.0,0.0,108.0,173940.0,52.0,194360.0,3.646771723287839,3817348.0,,,,1000.0
2012-02-27T00:00:00,TSC,13.8,13.3,13.4,13.7,13.7,13.3,49650.0,49650.0,0.0,680205000.0,0.0,0.0,0.0,0.0,0.0,75.0,110730.0,52.0,71790.0,3.646771723287839,3817348.0,,,,1000.0
2012-02-28T00:00:00,TSC,13.8,13.2,13.8,13.3,13.3,13.7,38730.0,38730.0,0.0,515109000.0,0.0,2000.0,26900000.0,0.0,0.0,73.0,80490.0,63.0,109270.0,3.646771723287839,3823348.0,,,,1000.0
2012-02-29T00:00:00,TSC,13.4,13.0,13.3,13.3,13.3,13.3,76920.0,76920.0,0.0,1023036000.0,0.0,1000.0,13200000.0,0.0,0.0,111.0,134830.0,40.0,110400.0,3.646771723287839,3822348.0,,,,1000.0
2012-03-01T00:00:00,TSC,13.5,13.0,13.5,13.0,13.0,13.3,74950.0,74950.0,0.0,974350000.0,0.0,0.0,0.0,0.0,0.0,99.0,100050.0,50.0,143350.0,3.646771723287839,3822348.0,,,,1000.0
2012-03-02T00:00:00,TSC,13.3,13.0,13.3,13.2,13.2,13.0,61490.0,61490.0,0.0,811668000.0,0.0,0.0,0.0,660.0,8646000.0,107.0,126740.0,63.0,111390.0,3.646771723287839,3822348.0,,,,1000.0
2012-03-05T00:00:00,TSC,13.8,13.8,13.8,13.8,13.8,13.2,56800.0,56800.0,0.0,783840000.0,0.0,0.0,0.0,1000.0,13800000.0,121.0,257180.0,39.0,57800.0,3.646771723287839,3822348.0,,,,1000.0
2012-03-06T00:00:00,TSC,14.0,13.3,14.0,13.4,13.4,13.8,94380.0,94380.0,0.0,1264692000.0,0.0,0.0,0.0,12340.0,165092000.0,102.0,182970.0,121.0,235400.0,3.646771723287839,3822348.0,,,,1000.0
2012-03-07T00:00:00,TSC,13.5,13.2,13.5,13.3,13.3,13.4,55330.0,55330.0,0.0,735889000.0,0.0,0.0,0.0,12200.0,163180000.0,115.0,144610.0,82.0,138160.0,3.646771723287839,3822348.0,,,,1000.0
2012-03-08T00:00:00,TSC,13.4,12.9,13.2,13.0,13.0,13.3,55770.0,55770.0,0.0,725010000.0,0.0,0.0,0.0,600.0,7920000.0,98.0,106880.0,78.0,131250.0,3.646771723287839,3823008.0,,,,1000.0
2012-03-09T00:00:00,TSC,13.5,12.9,13.0,13.2,13.2,13.0,50250.0,50250.0,0.0,663300000.0,0.0,0.0,0.0,0.0,0.0,96.0,175090.0,85.0,105460.0,3.646771723287839,3824008.0,,,,1000.0
2012-03-12T00:00:00,TSC,13.2,13.0,13.2,13.0,13.0,13.2,48180.0,48180.0,0.0,626340000.0,0.0,0.0,0.0,0.0,0.0,60.0,112930.0,67.0,118690.0,3.646771723287839,3836348.0,,,,1000.0
2012-03-13T00:00:00,TSC,13.2,12.8,13.1,13.2,13.2,13.0,20890.0,20890.0,0.0,275748000.0,0.0,0.0,0.0,0.0,0.0,50.0,68210.0,51.0,68420.0,3.646771723287839,3848548.0,,,,1000.0
2012-03-14T00:00:00,TSC,13.3,12.9,13.3,12.9,12.9,13.2,27240.0,27240.0,0.0,351396000.0,0.0,0.0,0.0,0.0,0.0,41.0,63150.0,69.0,116770.0,3.646771723287839,3849148.0,,,,1000.0
2012-03-15T00:00:00,TSC,13.3,12.7,12.7,13.1,13.1,12.9,27710.0,27710.0,0.0,363001000.0,0.0,0.0,0.0,0.0,0.0,59.0,76470.0,58.0,110500.0,3.646771723287839,3849148.0,,,,1000.0
2012-03-16T00:00:00,TSC,13.4,13.0,13.4,13.0,13.0,13.1,48490.0,48490.0,0.0,630370000.0,0.0,0.0,0.0,0.0,0.0,66.0,89490.0,73.0,187550.0,3.646771723287839,3849148.0,,,,1000.0
2012-03-19T00:00:00,TSC,13.1,12.7,13.0,12.7,12.7,13.0,29620.0,29620.0,0.0,376174000.0,0.0,0.0,0.0,0.0,0.0,57.0,66430.0,51.0,95660.0,3.646771723287839,3849148.0,,,,1000.0
2012-03-20T00:00:00,TSC,13.1,12.8,13.0,13.0,13.0,12.7,32110.0,32110.0,0.0,417430000.0,0.0,0.0,0.0,0.0,0.0,71.0,86060.0,41.0,61520.0,3.646771723287839,3849148.0,,,,1000.0
2012-03-21T00:00:00,TSC,13.3,13.0,13.2,13.1,13.1,13.0,45260.0,45260.0,0.0,592906000.0,0.0,0.0,0.0,0.0,0.0,64.0,101240.0,53.0,82530.0,3.646771723287839,3849148.0,,,,1000.0
2012-03-22T00:00:00,TSC,13.1,12.7,12.8,13.0,13.0,13.1,89730.0,89730.0,0.0,1166490000.0,0.0,0.0,0.0,0.0,0.0,125.0,236100.0,109.0,201390.0,3.646771723287839,3849148.0,,,,1000.0
2012-03-23T00:00:00,TSC,13.1,12.8,13.0,13.0,13.0,13.0,56370.0,56370.0,0.0,732810000.0,0.0,0.0,0.0,0.0,0.0,77.0,150960.0,71.0,134810.0,3.646771723287839,3849148.0,,,,1000.0
2012-03-26T00:00:00,TSC,13.6,12.8,13.0,13.6,13.6,13.0,311380.0,311380.0,0.0,4234768000.0,0.0,700.0,8960000.0,1000.0,13600000.0,220.0,743050.0,104.0,357180.0,3.646771723287839,3848448.0,,,,1000.0
2012-03-27T00:00:00,TSC,14.2,13.2,13.8,13.2,13.2,13.6,110540.0,110540.0,0.0,1459128000.0,0.0,0.0,0.0,0.0,0.0,115.0,216420.0,124.0,223260.0,3.646771723287839,3848448.0,,,,1000.0
2012-03-28T00:00:00,TSC,13.4,13.0,13.1,13.4,13.4,13.2,55380.0,55380.0,0.0,742092000.0,0.0,0.0,0.0,0.0,0.0,98.0,149130.0,63.0,116450.0,3.646771723287839,3848448.0,,,,1000.0
2012-03-29T00:00:00,TSC,13.4,13.1,13.2,13.1,13.1,13.4,25000.0,25000.0,0.0,327500000.0,0.0,0.0,0.0,0.0,0.0,65.0,100390.0,65.0,101220.0,3.646771723287839,0.0,,,,1000.0
2012-03-30T00:00:00,TSC,13.1,12.7,13.1,12.7,12.7,13.1,39200.0,39200.0,0.0,497840000.0,0.0,0.0,0.0,0.0,0.0,61.0,99890.0,84.0,141100.0,3.646771723287839,3849448.0,,,,1000.0
2012-04-03T00:00:00,TSC,13.0,12.7,12.8,12.8,12.8,12.7,44390.0,44390.0,0.0,568192000.0,0.0,0.0,0.0,2230.0,28688000.0,71.0,105370.0,78.0,172440.0,3.646771723287839,3849448.0,,,,1000.0
2012-04-04T00:00:00,TSC,12.8,12.5,12.8,12.5,12.5,12.8,82950.0,82950.0,0.0,1036875000.0,0.0,0.0,0.0,2770.0,34625000.0,89.0,138240.0,70.0,197560.0,3.646771723287839,3849448.0,,,,1000.0
2012-04-05T00:00:00,TSC,12.8,12.1,12.5,12.8,12.8,12.5,28910.0,28910.0,0.0,370048000.0,0.0,0.0,0.0,0.0,0.0,79.0,97710.0,38.0,71870.0,3.646771723287839,3849448.0,,,,1000.0
2012-04-06T00:00:00,TSC,13.0,12.6,12.7,12.8,12.8,12.8,68540.0,68540.0,0.0,877312000.0,0.0,10.0,128000.0,0.0,0.0,69.0,109500.0,79.0,153670.0,3.646771723287839,3849438.0,,,,1000.0
2012-04-09T00:00:00,TSC,13.0,12.7,12.8,12.8,12.8,12.8,33090.0,33090.0,0.0,423552000.0,0.0,0.0,0.0,0.0,0.0,52.0,61730.0,48.0,125060.0,3.646771723287839,3851668.0,,,,1000.0
2012-04-10T00:00:00,TSC,12.9,12.5,12.8,12.8,12.8,12.8,67250.0,67250.0,0.0,860800000.0,0.0,0.0,0.0,0.0,0.0,63.0,100480.0,83.0,185850.0,3.646771723287839,0.0,,,,1000.0
2012-04-11T00:00:00,TSC,13.1,12.9,13.0,12.9,12.9,12.8,48490.0,48490.0,0.0,625521000.0,0.0,0.0,0.0,0.0,0.0,47.0,91050.0,92.0,128910.0,3.646771723287839,0.0,,,,1000.0
2012-04-12T00:00:00,TSC,13.3,12.9,13.2,13.0,13.0,12.9,98700.0,98700.0,0.0,1283100000.0,0.0,1000.0,13000000.0,0.0,0.0,113.0,157590.0,127.0,230310.0,3.646771723287839,3853438.0,,,,1000.0
2012-04-13T00:00:00,TSC,13.0,12.8,13.0,12.8,12.8,13.0,26550.0,26550.0,0.0,339840000.0,0.0,0.0,0.0,0.0,0.0,59.0,81970.0,62.0,107060.0,3.646771723287839,3853438.0,,,,1000.0
2012-04-16T00:00:00,TSC,13.4,12.8,12.8,13.4,13.4,12.8,86810.0,86810.0,0.0,1163254000.0,0.0,0.0,0.0,1000.0,13400000.0,140.0,272900.0,79.0,133550.0,3.646771723287839,3853438.0,,,,1000.0
2012-04-17T00:00:00,TSC,13.5,13.1,13.3,13.2,13.2,13.4,61330.0,61330.0,0.0,809556000.0,0.0,0.0,0.0,0.0,0.0,95.0,194700.0,108.0,194400.0,3.646771723287839,3853438.0,,,,1000.0
2012-04-18T00:00:00,TSC,13.5,12.9,13.2,13.3,13.3,13.2,126880.0,126880.0,0.0,1687504000.0,0.0,0.0,0.0,0.0,0.0,118.0,268440.0,90.0,209640.0,3.646771723287839,3853438.0,,,,1000.0
2012-04-19T00:00:00,TSC,13.2,12.8,13.2,12.8,12.8,13.3,96230.0,96230.0,0.0,1231744000.0,0.0,0.0,0.0,2240.0,28740000.0,69.0,153960.0,85.0,191480.0,3.646771723287839,3853438.0,,,,1000.0
2012-04-20T00:00:00,TSC,13.0,12.6,12.8,12.8,12.8,12.8,66350.0,66350.0,0.0,849280000.0,0.0,0.0,0.0,0.0,0.0,101.0,123240.0,52.0,110580.0,3.646771723287839,3854438.0,,,,1000.0
2012-04-23T00:00:00,TSC,13.0,12.7,12.9,12.8,12.8,12.8,44290.0,44290.0,0.0,566912000.0,0.0,0.0,0.0,0.0,0.0,86.0,90800.0,57.0,105280.0,3.646771723287839,3854438.0,,,,1000.0
2012-04-24T00:00:00,TSC,12.9,12.6,12.7,12.8,12.8,12.8,52250.0,52250.0,0.0,668800000.0,0.0,20.0,257000.0,300.0,3870000.0,92.0,110380.0,47.0,108220.0,3.646771723287839,3854418.0,,,,1000.0
2012-04-25T00:00:00,TSC,13.4,12.9,12.9,13.4,13.4,12.8,277590.0,277590.0,0.0,3719706000.0,0.0,0.0,0.0,3170.0,41623000.0,234.0,862760.0,87.0,281490.0,3.646771723287839,3856658.0,,,,1000.0
2012-04-26T00:00:00,TSC,14.0,13.8,14.0,14.0,14.0,13.4,309960.0,309960.0,0.0,4339440000.0,0.0,0.0,0.0,0.0,0.0,148.0,537070.0,123.0,310960.0,3.646771723287839,3856658.0,,,,1000.0
2012-04-27T00:00:00,TSC,14.1,13.3,13.4,13.9,13.9,14.0,248380.0,248380.0,0.0,3452482000.0,0.0,0.0,0.0,0.0,0.0,319.0,626369.0,278.0,519840.0,3.646771723287839,3856658.0,,,,1000.0
2012-05-02T00:00:00,TSC,13.9,13.3,13.7,13.8,13.8,13.9,86060.0,86060.0,0.0,1187628000.0,0.0,0.0,0.0,5020.0,68474000.0,88.0,133810.0,113.0,171960.0,3.646771723287839,3856958.0,,,,1000.0
2012-05-03T00:00:00,TSC,13.6,13.2,13.2,13.2,13.2,13.8,151940.0,151940.0,0.0,2005608000.0,0.0,0.0,0.0,0.0,0.0,115.0,173430.0,109.0,336620.0,3.646771723287839,3860128.0,,,,1000.0
2012-05-04T00:00:00,TSC,13.3,12.8,13.1,13.2,13.2,13.2,174940.0,174940.0,0.0,2309208000.0,0.0,0.0,0.0,3000.0,39044000.0,168.0,347480.0,115.0,296360.0,3.646771723287839,3860128.0,,,,1000.0
2012-05-07T00:00:00,TSC,13.8,13.4,13.4,13.8,13.8,13.2,141860.0,141860.0,0.0,1957668000.0,0.0,0.0,0.0,0.0,0.0,124.0,423830.0,74.0,151860.0,3.646771723287839,3860128.0,,,,1000.0
2012-05-08T00:00:00,TSC,14.4,14.1,14.4,14.4,14.4,13.8,287400.0,287400.0,0.0,4138560000.0,0.0,0.0,0.0,8000.0,115200000.0,113.0,474690.0,107.0,300600.0,3.646771723287839,3865148.0,,,,1000.0
2012-05-09T00:00:00,TSC,14.6,14.0,14.5,14.4,14.4,14.4,216020.0,216020.0,0.0,3110688000.0,0.0,0.0,0.0,0.0,0.0,106.0,327700.0,162.0,398900.0,3.646771723287839,3865148.0,,,,1000.0
2012-05-10T00:00:00,TSC,15.1,14.3,14.4,15.1,15.1,14.4,435460.0,435460.0,0.0,6575446000.0,0.0,0.0,0.0,0.0,0.0,189.0,819470.0,178.0,468820.0,3.646771723287839,3868148.0,,,,1000.0
2012-05-11T00:00:00,TSC,15.8,15.6,15.8,15.8,15.8,15.1,364760.0,364760.0,0.0,5763208000.0,0.0,0.0,0.0,1000.0,15800000.0,118.0,813220.0,123.0,399440.0,3.646771723287839,3868148.0,,,,1000.0
2012-05-14T00:00:00,TSC,15.8,15.1,15.1,15.1,15.1,15.8,57200.0,57200.0,0.0,863720000.0,0.0,0.0,0.0,0.0,0.0,39.0,75960.0,93.0,289700.0,3.646771723287839,3876148.0,,,,1000.0
2012-05-15T00:00:00,TSC,14.6,14.4,14.4,14.4,14.4,15.1,106830.0,37920.0,68910.0,1579698000.0,1033650000.0,0.0,0.0,0.0,0.0,25.0,37920.0,101.0,346510.0,3.646771723287839,3876148.0,,,,1000.0
2012-05-16T00:00:00,TSC,14.0,13.7,13.8,13.7,13.7,14.4,94900.0,94900.0,0.0,1300130000.0,0.0,0.0,0.0,0.0,0.0,55.0,104510.0,88.0,466120.0,3.646771723287839,3876148.0,,,,1000.0
2012-05-17T00:00:00,TSC,13.7,13.1,13.3,13.1,13.1,13.7,218510.0,218510.0,0.0,2862481000.0,0.0,0.0,0.0,0.0,0.0,104.0,251530.0,102.0,362410.0,3.646771723287839,3877148.0,,,,1000.0
2012-05-18T00:00:00,TSC,12.8,12.5,12.7,12.5,12.5,13.1,208470.0,208470.0,0.0,2605875000.0,0.0,0.0,0.0,0.0,0.0,105.0,254100.0,84.0,340170.0,3.646771723287839,3877148.0,,,,1000.0
2012-05-21T00:00:00,TSC,13.1,12.1,12.1,13.1,13.1,12.5,42310.0,42310.0,0.0,554261000.0,0.0,0.0,0.0,0.0,0.0,56.0,158590.0,37.0,49780.0,3.646771723287839,3877148.0,,,,1000.0
2012-05-22T00:00:00,TSC,13.4,12.8,12.9,13.1,13.1,13.1,21870.0,21870.0,0.0,286497000.0,0.0,0.0,0.0,0.0,0.0,43.0,43900.0,48.0,74460.0,3.646771723287839,3877148.0,,,,1000.0
2012-05-23T00:00:00,TSC,12.7,12.5,12.6,12.5,12.5,13.1,78760.0,78760.0,0.0,984500000.0,0.0,0.0,0.0,0.0,0.0,55.0,84860.0,65.0,206200.0,3.646771723287839,3877148.0,,,,1000.0
2012-05-24T00:00:00,TSC,12.4,11.9,12.4,11.9,11.9,12.5,110520.0,110520.0,0.0,1315188000.0,0.0,0.0,0.0,0.0,0.0,65.0,111070.0,60.0,221950.0,3.646771723287839,3877148.0,,,,1000.0
2012-05-25T00:00:00,TSC,12.4,12.0,12.4,12.0,12.0,11.9,69930.0,69930.0,0.0,839160000.0,0.0,0.0,0.0,0.0,0.0,109.0,161150.0,36.0,104450.0,3.646771723287839,3877148.0,,,,1000.0
2012-05-28T00:00:00,TSC,12.5,11.8,12.3,11.8,11.8,12.0,44010.0,44010.0,0.0,519318000.0,0.0,0.0,0.0,0.0,0.0,66.0,78000.0,42.0,113130.0,3.646771723287839,3877148.0,,,,1000.0
2012-05-29T00:00:00,TSC,12.0,11.6,11.7,12.0,12.0,11.8,10380.0,10380.0,0.0,124560000.0,0.0,0.0,0.0,0.0,0.0,47.0,43320.0,21.0,48650.0,3.646771723287839,3877148.0,,,,1000.0
2012-05-30T00:00:00,TSC,12.2,11.9,12.2,11.9,11.9,12.0,5070.0,5070.0,0.0,60333000.0,0.0,0.0,0.0,0.0,0.0,32.0,33160.0,36.0,60770.0,3.646771723287839,3877148.0,,,,1000.0
2012-05-31T00:00:00,TSC,11.8,11.4,11.7,11.4,11.4,11.9,85170.0,85170.0,0.0,970938000.0,0.0,0.0,0.0,0.0,0.0,115.0,90740.0,84.0,212560.0,3.646771723287839,3877148.0,,,,1000.0
2012-06-01T00:00:00,TSC,11.4,11.0,11.2,11.0,11.0,11.4,54700.0,54700.0,0.0,601700000.0,0.0,0.0,0.0,3820.0,42384000.0,49.0,96490.0,68.0,127820.0,3.646771723287839,3877148.0,,,,1000.0
2012-06-04T00:00:00,TSC,10.7,10.5,10.7,10.5,10.5,11.0,49220.0,49220.0,0.0,516810000.0,0.0,0.0,0.0,0.0,0.0,42.0,50460.0,52.0,127920.0,3.646771723287839,3877148.0,,,,1000.0
2012-06-05T00:00:00,TSC,10.8,10.0,10.3,10.8,10.8,10.5,59730.0,59730.0,0.0,645084000.0,0.0,0.0,0.0,0.0,0.0,90.0,113580.0,59.0,121310.0,3.646771723287839,3877148.0,,,,1000.0
2012-06-06T00:00:00,TSC,10.8,10.5,10.5,10.8,10.8,10.8,23160.0,23160.0,0.0,250128000.0,0.0,0.0,0.0,0.0,0.0,63.0,55620.0,53.0,56680.0,3.646771723287839,3877148.0,,,,1000.0
2012-06-07T00:00:00,TSC,11.3,10.8,10.8,11.0,11.0,10.8,37390.0,37390.0,0.0,411290000.0,0.0,0.0,0.0,0.0,0.0,75.0,70880.0,60.0,65530.0,3.646771723287839,3880968.0,,,,1000.0
2012-06-08T00:00:00,TSC,11.2,10.8,11.2,10.8,10.8,11.0,44750.0,44750.0,0.0,483300000.0,0.0,0.0,0.0,0.0,0.0,71.0,87100.0,67.0,85180.0,3.646771723287839,3880968.0,,,,1000.0
2012-06-11T00:00:00,TSC,11.0,10.4,10.6,10.8,10.8,10.8,84280.0,84280.0,0.0,910224000.0,0.0,0.0,0.0,0.0,0.0,122.0,122240.0,54.0,135550.0,3.646771723287839,3880968.0,,,,1000.0
2012-06-12T00:00:00,TSC,10.8,10.5,10.8,10.5,10.5,10.8,49050.0,49050.0,0.0,515025000.0,0.0,0.0,0.0,0.0,0.0,47.0,99820.0,42.0,69170.0,3.646771723287839,3880968.0,,,,1000.0
2012-06-13T00:00:00,TSC,10.6,10.3,10.3,10.4,10.4,10.5,40500.0,40500.0,0.0,421200000.0,0.0,0.0,0.0,0.0,0.0,56.0,126130.0,35.0,56910.0,3.646771723287839,3880968.0,,,,1000.0
2012-06-14T00:00:00,TSC,10.9,10.3,10.4,10.9,10.9,10.4,55920.0,55920.0,0.0,609528000.0,0.0,0.0,0.0,1100.0,11440000.0,75.0,202030.0,48.0,58470.0,3.646771723287839,3880968.0,,,,1000.0
2012-06-15T00:00:00,TSC,11.3,10.9,11.0,11.2,11.2,10.9,31490.0,31490.0,0.0,352688000.0,0.0,0.0,0.0,0.0,0.0,53.0,81130.0,64.0,80280.0,3.646771723287839,3880968.0,,,,1000.0
2012-06-18T00:00:00,TSC,11.5,10.9,11.5,11.1,11.1,11.2,21200.0,21200.0,0.0,235320000.0,0.0,0.0,0.0,0.0,0.0,31.0,39140.0,55.0,68610.0,3.646771723287839,3880968.0,,,,1000.0
2012-06-19T00:00:00,TSC,11.1,10.6,11.1,10.9,10.9,11.1,13260.0,13260.0,0.0,144534000.0,0.0,0.0,0.0,0.0,0.0,20.0,22980.0,38.0,52800.0,3.646771723287839,3880968.0,,,,1000.0
2012-06-20T00:00:00,TSC,10.8,10.5,10.8,10.6,10.6,10.9,14010.0,14010.0,0.0,148506000.0,0.0,0.0,0.0,0.0,0.0,57.0,44900.0,29.0,46390.0,3.646771723287839,3882068.0,,,,1000.0
2012-06-21T00:00:00,TSC,10.5,10.3,10.5,10.3,10.3,10.6,29580.0,29580.0,0.0,304674000.0,0.0,0.0,0.0,0.0,0.0,73.0,66660.0,32.0,53420.0,3.646771723287839,3882068.0,,,,1000.0
2012-06-22T00:00:00,TSC,10.3,10.2,10.3,10.3,10.3,10.3,44350.0,44350.0,0.0,456805000.0,0.0,0.0,0.0,0.0,0.0,48.0,98500.0,31.0,74910.0,3.646771723287839,3882068.0,,,,1000.0
2012-06-25T00:00:00,TSC,10.3,10.1,10.3,10.3,10.3,10.3,25390.0,25390.0,0.0,261517000.0,0.0,0.0,0.0,0.0,0.0,39.0,55170.0,28.0,40800.0,3.646771723287839,3882068.0,,,,1000.0
2012-06-26T00:00:00,TSC,10.3,9.8,10.2,9.8,9.8,10.3,111310.0,111310.0,0.0,1090838000.0,0.0,0.0,0.0,0.0,0.0,69.0,182150.0,49.0,148370.0,3.646771723287839,3882068.0,,,,1000.0
2012-06-27T00:00:00,TSC,10.2,9.4,10.2,9.4,9.4,9.8,95410.0,95410.0,0.0,896854000.0,0.0,0.0,0.0,0.0,0.0,98.0,128900.0,55.0,159090.0,3.646771723287839,3882068.0,,,,1000.0
2012-06-28T00:00:00,TSC,9.8,9.4,9.7,9.7,9.7,9.4,8930.0,8930.0,0.0,86621000.0,0.0,0.0,0.0,0.0,0.0,32.0,58800.0,33.0,36240.0,3.646771723287839,3882068.0,,,,1000.0
2012-06-29T00:00:00,TSC,9.8,9.5,9.8,9.5,9.5,9.7,4510.0,4510.0,0.0,42845000.0,0.0,0.0,0.0,0.0,0.0,33.0,36950.0,21.0,26470.0,3.646771723287839,3882068.0,,,,1000.0
2012-07-02T00:00:00,TSC,9.5,9.1,9.5,9.1,9.1,9.5,15670.0,15670.0,0.0,142597000.0,0.0,0.0,0.0,0.0,0.0,34.0,21860.0,28.0,30220.0,3.646771723287839,3882068.0,,,,1000.0
2012-07-03T00:00:00,TSC,9.0,8.7,8.9,8.7,8.7,9.1,54630.0,54630.0,0.0,475281000.0,0.0,0.0,0.0,2500.0,22250000.0,41.0,58040.0,42.0,139840.0,3.646771723287839,3882068.0,,,,1000.0
2012-07-04T00:00:00,TSC,8.7,8.3,8.7,8.3,8.3,8.7,55740.0,55740.0,0.0,462642000.0,0.0,0.0,0.0,0.0,0.0,34.0,62210.0,28.0,84530.0,3.646771723287839,3882068.0,,,,1000.0
2012-07-05T00:00:00,TSC,8.3,8.0,8.0,8.3,8.3,8.3,33800.0,33800.0,0.0,280540000.0,0.0,0.0,0.0,0.0,0.0,39.0,87260.0,23.0,63440.0,3.646771723287839,3882068.0,,,,1000.0
2012-07-06T00:00:00,TSC,8.7,8.6,8.7,8.6,8.6,8.3,15680.0,15680.0,0.0,134848000.0,0.0,0.0,0.0,0.0,0.0,46.0,92170.0,32.0,26470.0,3.646771723287839,3882068.0,,,,1000.0
2012-07-09T00:00:00,TSC,8.9,8.3,8.9,8.5,8.5,8.6,45010.0,45010.0,0.0,382585000.0,0.0,0.0,0.0,0.0,0.0,31.0,75220.0,38.0,98200.0,3.646771723287839,3884568.0,,,,1000.0
2012-07-10T00:00:00,TSC,8.6,8.4,8.6,8.4,8.4,8.5,3020.0,3020.0,0.0,25368000.0,0.0,0.0,0.0,0.0,0.0,16.0,47670.0,17.0,16590.0,3.646771723287839,3884568.0,,,,1000.0
2012-07-11T00:00:00,TSC,8.5,8.3,8.4,8.5,8.5,8.4,11730.0,11730.0,0.0,99705000.0,0.0,0.0,0.0,2000.0,16800000.0,24.0,65980.0,22.0,40860.0,3.646771723287839,3884568.0,,,,1000.0
2012-07-12T00:00:00,TSC,8.7,8.5,8.5,8.7,8.7,8.5,12480.0,12480.0,0.0,108576000.0,0.0,0.0,0.0,0.0,0.0,26.0,29280.0,17.0,36220.0,3.646771723287839,3884568.0,,,,1000.0
2012-07-13T00:00:00,TSC,9.1,8.7,8.7,9.1,9.1,8.7,62680.0,62680.0,0.0,570388000.0,0.0,0.0,0.0,0.0,0.0,57.0,109270.0,53.0,67920.0,3.646771723287839,3884568.0,,,,1000.0
2012-07-16T00:00:00,TSC,9.2,8.8,9.1,8.8,8.8,9.1,19140.0,19140.0,0.0,168432000.0,0.0,0.0,0.0,0.0,0.0,33.0,30330.0,43.0,45350.0,3.646771723287839,3884568.0,,,,1000.0
2012-07-17T00:00:00,TSC,9.2,8.8,8.8,9.2,9.2,8.8,12530.0,12530.0,0.0,115276000.0,0.0,0.0,0.0,0.0,0.0,30.0,38180.0,25.0,17280.0,3.646771723287839,3886568.0,,,,1000.0
2012-07-18T00:00:00,TSC,9.4,8.9,9.4,9.3,9.3,9.2,5660.0,5660.0,0.0,52638000.0,0.0,0.0,0.0,0.0,0.0,24.0,28100.0,27.0,17810.0,3.646771723287839,3886568.0,,,,1000.0
2012-07-19T00:00:00,TSC,9.5,9.3,9.3,9.5,9.5,9.3,17620.0,17620.0,0.0,167390000.0,0.0,0.0,0.0,0.0,0.0,29.0,37940.0,38.0,33100.0,3.646771723287839,3886568.0,,,,1000.0
2012-07-20T00:00:00,TSC,9.7,9.2,9.4,9.3,9.3,9.5,24090.0,24090.0,0.0,224037000.0,0.0,0.0,0.0,0.0,0.0,40.0,48500.0,42.0,61950.0,3.646771723287839,3886568.0,,,,1000.0
2012-07-23T00:00:00,TSC,9.1,8.9,9.1,8.9,8.9,9.3,30260.0,30260.0,0.0,269314000.0,0.0,0.0,0.0,0.0,0.0,23.0,30260.0,40.0,143990.0,3.646771723287839,3886568.0,,,,1000.0
2012-07-24T00:00:00,TSC,8.5,8.5,8.5,8.5,8.5,8.9,6350.0,6350.0,0.0,53975000.0,0.0,500.0,4250000.0,0.0,0.0,11.0,6350.0,41.0,191780.0,3.646771723287839,3886568.0,,,,1000.0
2012-07-25T00:00:00,TSC,8.1,8.1,8.1,8.1,8.1,8.5,9760.0,9760.0,0.0,79056000.0,0.0,0.0,0.0,0.0,0.0,15.0,9760.0,38.0,147650.0,3.646771723287839,3886068.0,,,,1000.0
2012-07-26T00:00:00,TSC,8.2,7.7,7.7,7.8,7.8,8.1,100100.0,100100.0,0.0,780780000.0,0.0,0.0,0.0,0.0,0.0,97.0,161660.0,61.0,143770.0,3.646771723287839,3886068.0,,,,1000.0
2012-07-27T00:00:00,TSC,8.0,7.7,8.0,7.8,7.8,7.8,15510.0,15510.0,0.0,120978000.0,0.0,0.0,0.0,0.0,0.0,46.0,55240.0,30.0,46870.0,3.646771723287839,3886068.0,,,,1000.0
2012-07-30T00:00:00,TSC,8.0,7.8,7.8,7.8,7.8,7.8,5540.0,5540.0,0.0,43212000.0,0.0,0.0,0.0,0.0,0.0,19.0,26580.0,16.0,27860.0,3.646771723287839,3886068.0,,,,1000.0
2012-07-31T00:00:00,TSC,8.0,7.9,7.9,8.0,8.0,7.8,30.0,30.0,0.0,240000.0,0.0,0.0,0.0,0.0,0.0,21.0,25800.0,11.0,11470.0,3.646771723287839,3886068.0,,,,1000.0
2012-08-01T00:00:00,TSC,7.8,7.7,7.8,7.7,7.7,8.0,19100.0,19100.0,0.0,147070000.0,0.0,0.0,0.0,0.0,0.0,20.0,33200.0,27.0,63240.0,3.646771723287839,3886068.0,,,,1000.0
2012-08-02T00:00:00,TSC,7.7,7.7,7.7,7.7,7.7,7.7,460.0,460.0,0.0,3542000.0,0.0,0.0,0.0,0.0,0.0,20.0,13230.0,9.0,7140.0,3.646771723287839,3886068.0,,,,1000.0
2012-08-03T00:00:00,TSC,7.8,7.5,7.5,7.7,7.7,7.7,760.0,760.0,0.0,5852000.0,0.0,0.0,0.0,0.0,0.0,21.0,14760.0,15.0,18520.0,3.646771723287839,3886068.0,,,,1000.0
2012-08-06T00:00:00,TSC,7.9,7.6,7.6,7.8,7.8,7.7,23850.0,23850.0,0.0,186030000.0,0.0,0.0,0.0,0.0,0.0,49.0,42890.0,33.0,34240.0,3.646771723287839,3886068.0,,,,1000.0
2012-08-07T00:00:00,TSC,7.9,7.8,7.9,7.8,7.8,7.8,1500.0,1500.0,0.0,11700000.0,0.0,0.0,0.0,0.0,0.0,18.0,7960.0,24.0,21280.0,3.646771723287839,3886068.0,,,,1000.0
2012-08-08T00:00:00,TSC,7.9,7.9,7.9,7.9,7.9,7.8,100.0,100.0,0.0,790000.0,0.0,0.0,0.0,0.0,0.0,12.0,6900.0,13.0,10360.0,3.646771723287839,3886068.0,,,,1000.0
2012-08-09T00:00:00,TSC,8.0,7.9,8.0,8.0,8.0,7.9,5900.0,5900.0,0.0,47200000.0,0.0,0.0,0.0,0.0,0.0,28.0,20300.0,29.0,31050.0,3.646771723287839,3886068.0,,,,1000.0
2012-08-10T00:00:00,TSC,8.0,7.8,8.0,7.8,7.8,8.0,3100.0,3100.0,0.0,24180000.0,0.0,0.0,0.0,0.0,0.0,5.0,6554.0,4.0,8551.0,3.646771723287839,3886068.0,,,,1000.0
2012-08-13T00:00:00,TSC,8.0,7.7,8.0,7.7,7.7,7.8,1650.0,1650.0,0.0,12705000.0,0.0,0.0,0.0,0.0,0.0,24.0,15360.0,17.0,19640.0,3.646771723287839,3886068.0,,,,1000.0
2012-08-14T00:00:00,TSC,8.0,7.5,7.5,8.0,8.0,7.7,2500.0,2500.0,0.0,20000000.0,0.0,0.0,0.0,0.0,0.0,21.0,12140.0,21.0,16010.0,3.646771723287839,3886068.0,,,,1000.0
2012-08-15T00:00:00,TSC,8.1,7.6,8.1,7.8,7.8,8.0,8380.0,8380.0,0.0,65364000.0,0.0,0.0,0.0,0.0,0.0,25.0,12400.0,31.0,36750.0,3.646771723287839,3886068.0,,,,1000.0
2012-08-16T00:00:00,TSC,7.9,7.5,7.9,7.6,7.6,7.8,29050.0,29050.0,0.0,220780000.0,0.0,0.0,0.0,0.0,0.0,29.0,31780.0,25.0,56170.0,3.646771723287839,3886068.0,,,,1000.0
2012-08-17T00:00:00,TSC,7.7,7.4,7.6,7.7,7.7,7.6,13360.0,13360.0,0.0,102872000.0,0.0,0.0,0.0,0.0,0.0,28.0,40430.0,18.0,25090.0,3.646771723287839,3886068.0,,,,1000.0
2012-08-20T00:00:00,TSC,7.8,7.5,7.5,7.7,7.7,7.7,3550.0,3550.0,0.0,27335000.0,0.0,0.0,0.0,0.0,0.0,16.0,21290.0,24.0,24120.0,3.646771723287839,3886068.0,,,,1000.0
2012-08-21T00:00:00,TSC,7.5,7.4,7.5,7.4,7.4,7.7,99590.0,99590.0,0.0,736966000.0,0.0,0.0,0.0,0.0,0.0,27.0,99590.0,47.0,136720.0,3.646771723287839,3886068.0,,,,1000.0
2012-08-22T00:00:00,TSC,7.2,7.1,7.2,7.1,7.1,7.4,49280.0,49280.0,0.0,349888000.0,0.0,0.0,0.0,0.0,0.0,25.0,51580.0,31.0,70680.0,3.646771723287839,3886068.0,,,,1000.0
2012-08-23T00:00:00,TSC,6.8,6.8,6.8,6.8,6.8,7.1,32460.0,32460.0,0.0,220728000.0,0.0,0.0,0.0,0.0,0.0,18.0,34550.0,25.0,98940.0,3.646771723287839,3886068.0,,,,1000.0
2012-08-24T00:00:00,TSC,7.1,6.5,6.5,7.1,7.1,6.8,29850.0,29850.0,0.0,211935000.0,0.0,0.0,0.0,0.0,0.0,37.0,64630.0,27.0,49310.0,3.646771723287839,3886068.0,,,,1000.0
2012-08-27T00:00:00,TSC,6.8,6.8,6.8,6.8,6.8,7.1,16930.0,16930.0,0.0,115124000.0,0.0,0.0,0.0,0.0,0.0,12.0,20030.0,25.0,40090.0,3.646771723287839,3886068.0,,,,1000.0
2012-08-28T00:00:00,TSC,6.8,6.5,6.6000000000000005,6.8,6.8,6.8,20020.0,20020.0,0.0,136136000.0,0.0,0.0,0.0,0.0,0.0,14.0,27140.0,22.0,37410.0,3.646771723287839,3886068.0,,,,1000.0
2012-08-29T00:00:00,TSC,6.9,6.8,6.8,6.9,6.9,6.8,7960.0,7960.0,0.0,54924000.0,0.0,0.0,0.0,0.0,0.0,25.0,21160.0,15.0,20770.0,3.646771723287839,3886068.0,,,,1000.0
2012-08-30T00:00:00,TSC,6.8,6.6,6.6,6.6,6.6,6.9,18800.0,18800.0,0.0,124080000.0,0.0,0.0,0.0,0.0,0.0,27.0,30570.0,34.0,45100.0,3.646771723287839,3886068.0,,,,1000.0
2012-08-31T00:00:00,TSC,6.9,6.4,6.9,6.6,6.6,6.6,2070.0,2070.0,0.0,13662000.0,0.0,0.0,0.0,0.0,0.0,30.0,31560.0,16.0,12910.0,3.646771723287839,3886068.0,,,,1000.0
2012-09-04T00:00:00,TSC,6.6,6.4,6.5,6.6,6.6,6.6,30870.0,30870.0,0.0,203742000.0,0.0,1100.0,7090000.0,30000.0,194800000.0,48.0,62240.0,27.0,55610.0,3.646771723287839,3884968.0,,,,1000.0
2012-09-05T00:00:00,TSC,6.7,6.4,6.7,6.7,6.7,6.6,6620.0,6620.0,0.0,44354000.0,0.0,0.0,0.0,0.0,0.0,27.0,19410.0,17.0,26040.0,3.646771723287839,3884968.0,,,,1000.0
2012-09-06T00:00:00,TSC,6.7,6.6,6.6,6.7,6.7,6.7,220.0,220.0,0.0,1474000.0,0.0,0.0,0.0,0.0,0.0,11.0,10140.0,19.0,20190.0,3.646771723287839,3884968.0,,,,1000.0
2012-09-07T00:00:00,TSC,6.7,6.5,6.6,6.6,6.6,6.7,9080.0,9080.0,0.0,59928000.0,0.0,0.0,0.0,0.0,0.0,16.0,21700.0,30.0,42380.0,3.646771723287839,3884968.0,,,,1000.0
2012-09-10T00:00:00,TSC,6.4,6.3,6.4,6.3,6.3,6.6,35050.0,35050.0,0.0,220815000.0,0.0,0.0,0.0,0.0,0.0,19.0,36150.0,29.0,70440.0,3.646771723287839,3914968.0,,,,1000.0
2012-09-11T00:00:00,TSC,6.3,6.0,6.0,6.0,6.0,6.3,6000.0,6000.0,0.0,36000000.0,0.0,0.0,0.0,0.0,0.0,13.0,16600.0,22.0,26830.0,3.646771723287839,3914968.0,,,,1000.0
2012-09-12T00:00:00,TSC,6.1,6.0,6.1,6.1,6.1,6.0,2300.0,2300.0,0.0,14030000.0,0.0,0.0,0.0,0.0,0.0,13.0,15800.0,16.0,22990.0,3.646771723287839,3914968.0,,,,1000.0
2012-09-13T00:00:00,TSC,6.1,5.9,6.0,5.9,5.9,6.1,7460.0,7460.0,0.0,44014000.0,0.0,0.0,0.0,0.0,0.0,11.0,15510.0,19.0,17150.0,3.646771723287839,3914968.0,,,,1000.0
2012-09-14T00:00:00,TSC,6.1,6.0,6.0,6.1,6.1,5.9,12050.0,12050.0,0.0,73505000.0,0.0,0.0,0.0,0.0,0.0,22.0,33560.0,8.0,14050.0,3.646771723287839,3914968.0,,,,1000.0
2012-09-17T00:00:00,TSC,6.3,6.2,6.2,6.2,6.2,6.1,5040.0,5040.0,0.0,31248000.0,0.0,0.0,0.0,0.0,0.0,23.0,23090.0,18.0,19080.0,3.646771723287839,3914968.0,,,,1000.0
2012-09-18T00:00:00,TSC,6.2,5.9,6.2,5.9,5.9,6.2,17630.0,17630.0,0.0,104017000.0,0.0,2000.0,12200000.0,0.0,0.0,21.0,28460.0,29.0,46270.0,3.646771723287839,3912968.0,,,,1000.0
2012-09-19T00:00:00,TSC,6.0,5.8,6.0,5.8,5.8,5.9,30750.0,30750.0,0.0,178350000.0,0.0,0.0,0.0,0.0,0.0,23.0,44630.0,21.0,52050.0,3.646771723287839,3912968.0,,,,1000.0
2012-09-20T00:00:00,TSC,5.7,5.6,5.7,5.6,5.6,5.8,28150.0,28150.0,0.0,157640000.0,0.0,0.0,0.0,0.0,0.0,27.0,29080.0,27.0,58530.0,3.646771723287839,3912968.0,,,,1000.0
2012-09-21T00:00:00,TSC,5.7,5.6,5.7,5.7,5.7,5.6,7600.0,7600.0,0.0,43320000.0,0.0,0.0,0.0,0.0,0.0,13.0,31780.0,16.0,14600.0,3.646771723287839,3912968.0,,,,1000.0
2012-09-24T00:00:00,TSC,5.6,5.6,5.6,5.6,5.6,5.7,6500.0,6500.0,0.0,36400000.0,0.0,0.0,0.0,0.0,0.0,7.0,12700.0,13.0,18270.0,3.646771723287839,3912968.0,,,,1000.0
2012-09-25T00:00:00,TSC,5.6,5.4,5.6,5.4,5.4,5.6,550.0,550.0,0.0,2970000.0,0.0,0.0,0.0,180.0,972000.0,11.0,6900.0,14.0,21080.0,3.646771723287839,3912968.0,,,,1000.0
2012-09-26T00:00:00,TSC,5.5,5.5,5.5,5.5,5.5,5.4,10830.0,10830.0,0.0,59565000.0,0.0,0.0,0.0,0.0,0.0,23.0,28500.0,16.0,23430.0,3.646771723287839,3912968.0,,,,1000.0
2012-09-27T00:00:00,TSC,5.5,5.3,5.4,5.5,5.5,5.5,6880.0,6880.0,0.0,37840000.0,0.0,0.0,0.0,2000.0,10800000.0,15.0,22590.0,18.0,16700.0,3.646771723287839,3912968.0,,,,1000.0
2012-09-28T00:00:00,TSC,5.7,5.5,5.6,5.7,5.7,5.5,52410.0,52410.0,0.0,298737000.0,0.0,0.0,0.0,0.0,0.0,44.0,114980.0,26.0,59730.0,3.646771723287839,3912968.0,,,,1000.0
2012-10-01T00:00:00,TSC,5.6,5.5,5.5,5.6,5.6,5.7,24110.0,24110.0,0.0,135016000.0,0.0,0.0,0.0,0.0,0.0,16.0,37890.0,33.0,59150.0,3.646771723287839,3913148.0,,,,1000.0
2012-10-02T00:00:00,TSC,5.7,5.5,5.5,5.7,5.7,5.6,6600.0,6600.0,0.0,37620000.0,0.0,0.0,0.0,0.0,0.0,16.0,16540.0,9.0,8100.0,3.646771723287839,3913148.0,,,,1000.0
2012-10-03T00:00:00,TSC,5.9,5.7,5.7,5.9,5.9,5.7,26130.0,26130.0,0.0,154167000.0,0.0,0.0,0.0,0.0,0.0,20.0,69180.0,17.0,40130.0,3.646771723287839,3915148.0,,,,1000.0
2012-10-04T00:00:00,TSC,5.9,5.7,5.9,5.7,5.7,5.9,2810.0,2810.0,0.0,16017000.0,0.0,0.0,0.0,0.0,0.0,11.0,8430.0,16.0,36000.0,3.646771723287839,3915148.0,,,,1000.0
2012-10-05T00:00:00,TSC,5.9,5.5,5.9,5.7,5.7,5.7,860.0,860.0,0.0,4902000.0,0.0,0.0,0.0,0.0,0.0,12.0,10590.0,10.0,25170.0,3.646771723287839,3915148.0,,,,1000.0
2012-10-08T00:00:00,TSC,5.7,5.7,5.7,5.7,5.7,5.7,15320.0,15320.0,0.0,87324000.0,0.0,0.0,0.0,0.0,0.0,27.0,35900.0,18.0,65600.0,3.646771723287839,3915148.0,,,,1000.0
2012-10-09T00:00:00,TSC,5.8,5.7,5.7,5.8,5.8,5.7,11140.0,11140.0,0.0,64612000.0,0.0,0.0,0.0,0.0,0.0,20.0,38220.0,18.0,29400.0,3.646771723287839,3915148.0,,,,1000.0
2012-10-10T00:00:00,TSC,5.9,5.8,5.8,5.8,5.8,5.8,15700.0,15700.0,0.0,91060000.0,0.0,0.0,0.0,0.0,0.0,22.0,48430.0,23.0,33670.0,3.646771723287839,3915148.0,,,,1000.0
2012-10-11T00:00:00,TSC,6.0,5.9,5.9,5.9,5.9,5.8,17220.0,17220.0,0.0,101598000.0,0.0,0.0,0.0,0.0,0.0,23.0,60480.0,21.0,27640.0,3.646771723287839,3915148.0,,,,1000.0
2012-10-12T00:00:00,TSC,6.1,5.9,6.0,5.9,5.9,5.9,21490.0,21490.0,0.0,126791000.0,0.0,0.0,0.0,0.0,0.0,32.0,86720.0,23.0,34740.0,3.646771723287839,3915148.0,,,,1000.0
2012-10-15T00:00:00,TSC,6.0,5.9,6.0,5.9,5.9,5.9,8010.0,8010.0,0.0,47259000.0,0.0,0.0,0.0,0.0,0.0,19.0,48430.0,24.0,28430.0,3.646771723287839,3915148.0,,,,1000.0
2012-10-16T00:00:00,TSC,6.1,5.8,6.1,6.1,6.1,5.9,3570.0,3570.0,0.0,21777000.0,0.0,0.0,0.0,0.0,0.0,24.0,43400.0,13.0,15700.0,3.646771723287839,3915148.0,,,,1000.0
2012-10-17T00:00:00,TSC,6.2,6.0,6.1,6.1,6.1,6.1,11500.0,11500.0,0.0,70150000.0,0.0,0.0,0.0,0.0,0.0,23.0,33610.0,20.0,30520.0,3.646771723287839,3915148.0,,,,1000.0
2012-10-18T00:00:00,TSC,6.1,6.1,6.1,6.1,6.1,6.1,90.0,90.0,0.0,549000.0,0.0,0.0,0.0,0.0,0.0,12.0,13230.0,18.0,100490.0,3.646771723287839,3915148.0,,,,1000.0
2012-10-19T00:00:00,TSC,6.0,5.8,6.0,5.8,5.8,6.1,14600.0,14600.0,0.0,84680000.0,0.0,0.0,0.0,0.0,0.0,19.0,20230.0,28.0,94630.0,3.646771723287839,3915148.0,,,,1000.0
2012-10-22T00:00:00,TSC,5.8,5.7,5.7,5.8,5.8,5.8,1240.0,1240.0,0.0,7192000.0,0.0,0.0,0.0,0.0,0.0,15.0,20060.0,12.0,32980.0,3.646771723287839,3915148.0,,,,1000.0
2012-10-23T00:00:00,TSC,5.8,5.7,5.7,5.8,5.8,5.8,6390.0,6390.0,0.0,37062000.0,0.0,0.0,0.0,0.0,0.0,8.0,13500.0,13.0,33250.0,3.646771723287839,3915148.0,,,,1000.0
2012-10-24T00:00:00,TSC,5.8,5.7,5.8,5.7,5.7,5.8,9860.0,9860.0,0.0,56202000.0,0.0,0.0,0.0,0.0,0.0,14.0,26660.0,17.0,35230.0,3.646771723287839,3915148.0,,,,1000.0
2012-10-25T00:00:00,TSC,5.7,5.6,5.7,5.7,5.7,5.7,20070.0,20070.0,0.0,114399000.0,0.0,0.0,0.0,0.0,0.0,30.0,37260.0,29.0,36270.0,3.646771723287839,3915148.0,,,,1000.0
2012-10-26T00:00:00,TSC,5.6,5.5,5.6,5.5,5.5,5.7,32800.0,32800.0,0.0,180400000.0,0.0,10000.0,55000000.0,0.0,0.0,25.0,34410.0,22.0,70310.0,3.646771723287839,3905148.0,,,,1000.0
2012-10-29T00:00:00,TSC,5.6,5.6,5.6,5.6,5.6,5.5,20.0,20.0,0.0,112000.0,0.0,0.0,0.0,0.0,0.0,9.0,7720.0,5.0,5820.0,3.646771723287839,3905148.0,,,,1000.0
2012-10-30T00:00:00,TSC,5.7,5.4,5.7,5.4,5.4,5.6,1030.0,1030.0,0.0,5562000.0,0.0,0.0,0.0,0.0,0.0,13.0,10060.0,10.0,7120.0,3.646771723287839,3905148.0,,,,1000.0
2012-10-31T00:00:00,TSC,5.5,5.3,5.3,5.5,5.5,5.4,3390.0,3390.0,0.0,18645000.0,0.0,0.0,0.0,0.0,0.0,12.0,14770.0,6.0,10820.0,3.646771723287839,3905148.0,,,,1000.0
2012-11-01T00:00:00,TSC,5.5,5.4,5.4,5.5,5.5,5.5,4460.0,4460.0,0.0,24530000.0,0.0,0.0,0.0,0.0,0.0,17.0,19080.0,14.0,13920.0,3.646771723287839,3905148.0,,,,1000.0
2012-11-02T00:00:00,TSC,5.4,5.3,5.3,5.3,5.3,5.5,26820.0,26820.0,0.0,142146000.0,0.0,0.0,0.0,0.0,0.0,15.0,30920.0,23.0,43700.0,3.646771723287839,3905148.0,,,,1000.0
2012-11-05T00:00:00,TSC,5.4,5.4,5.4,5.4,5.4,5.3,10.0,10.0,0.0,54000.0,0.0,0.0,0.0,0.0,0.0,4.0,6110.0,6.0,8600.0,3.646771723287839,3905148.0,,,,1000.0
2012-11-06T00:00:00,TSC,5.5,5.5,5.5,5.5,5.5,5.4,10.0,10.0,0.0,55000.0,0.0,0.0,0.0,0.0,0.0,3.0,3110.0,7.0,6840.0,3.646771723287839,3905148.0,,,,1000.0
2012-11-07T00:00:00,TSC,5.6,5.3,5.6,5.6,5.6,5.5,8110.0,8110.0,0.0,45416000.0,0.0,0.0,0.0,0.0,0.0,15.0,30230.0,23.0,28870.0,3.646771723287839,3905148.0,,,,1000.0
2012-11-08T00:00:00,TSC,5.4,5.4,5.4,5.4,5.4,5.6,11010.0,11010.0,0.0,59454000.0,0.0,0.0,0.0,0.0,0.0,6.0,11010.0,32.0,34270.0,3.646771723287839,3905148.0,,,,1000.0
2012-11-09T00:00:00,TSC,5.4,5.2,5.2,5.2,5.2,5.4,3260.0,3260.0,0.0,16952000.0,0.0,0.0,0.0,0.0,0.0,11.0,8210.0,16.0,15140.0,3.646771723287839,3905148.0,,,,1000.0
2012-11-12T00:00:00,TSC,5.4,5.3,5.4,5.3,5.3,5.2,720.0,720.0,0.0,3816000.0,0.0,0.0,0.0,0.0,0.0,9.0,12080.0,5.0,3600.0,3.646771723287839,3905148.0,,,,1000.0
2012-11-13T00:00:00,TSC,5.5,5.2,5.4,5.2,5.2,5.3,8060.0,8060.0,0.0,41912000.0,0.0,0.0,0.0,0.0,0.0,21.0,20220.0,14.0,14500.0,3.646771723287839,3905148.0,,,,1000.0
2012-11-14T00:00:00,TSC,5.4,5.3,5.4,5.4,5.4,5.2,7010.0,7010.0,0.0,37854000.0,0.0,0.0,0.0,0.0,0.0,23.0,24010.0,8.0,15390.0,3.646771723287839,3905148.0,,,,1000.0
2012-11-15T00:00:00,TSC,5.4,5.3,5.4,5.4,5.4,5.4,5500.0,5500.0,0.0,29700000.0,0.0,0.0,0.0,0.0,0.0,12.0,15150.0,15.0,12080.0,3.646771723287839,3905148.0,,,,1000.0
2012-11-16T00:00:00,TSC,5.4,5.2,5.4,5.4,5.4,5.4,9000.0,9000.0,0.0,48600000.0,0.0,0.0,0.0,0.0,0.0,17.0,19120.0,11.0,12570.0,3.646771723287839,3905148.0,,,,1000.0
2012-11-19T00:00:00,TSC,5.4,5.3,5.4,5.4,5.4,5.4,8760.0,8760.0,0.0,47304000.0,0.0,0.0,0.0,0.0,0.0,10.0,17260.0,12.0,18860.0,3.646771723287839,3905148.0,,,,1000.0
2012-11-20T00:00:00,TSC,5.4,5.3,5.3,5.4,5.4,5.4,3110.0,3110.0,0.0,16794000.0,0.0,0.0,0.0,0.0,0.0,14.0,14910.0,8.0,8700.0,3.646771723287839,3905148.0,,,,1000.0
2012-11-21T00:00:00,TSC,5.4,5.3,5.3,5.3,5.3,5.4,6810.0,6810.0,0.0,36093000.0,0.0,0.0,0.0,0.0,0.0,21.0,22310.0,13.0,15400.0,3.646771723287839,3905148.0,,,,1000.0
2012-11-22T00:00:00,TSC,5.4,5.4,5.4,5.4,5.4,5.3,5350.0,5350.0,0.0,28890000.0,0.0,0.0,0.0,0.0,0.0,14.0,24060.0,10.0,14020.0,3.646771723287839,3905148.0,,,,1000.0
2012-11-23T00:00:00,TSC,5.5,5.4,5.5,5.4,5.4,5.4,4120.0,4120.0,0.0,22248000.0,0.0,0.0,0.0,0.0,0.0,13.0,16230.0,15.0,16210.0,3.646771723287839,3905148.0,,,,1000.0
2012-11-26T00:00:00,TSC,5.5,5.4,5.4,5.5,5.5,5.4,1410.0,1410.0,0.0,7755000.0,0.0,0.0,0.0,0.0,0.0,12.0,16710.0,14.0,7950.0,3.646771723287839,3905148.0,,,,1000.0
2012-11-27T00:00:00,TSC,5.6,5.4,5.4,5.6,5.6,5.5,3070.0,3070.0,0.0,17192000.0,0.0,0.0,0.0,0.0,0.0,9.0,13500.0,17.0,15460.0,3.646771723287839,3905148.0,,,,1000.0
2012-11-28T00:00:00,TSC,5.6,5.6,5.6,5.6,5.6,5.6,30.0,30.0,0.0,168000.0,0.0,0.0,0.0,0.0,0.0,3.0,1880.0,11.0,7060.0,3.646771723287839,3905148.0,,,,1000.0
2012-11-29T00:00:00,TSC,5.6,5.5,5.6,5.5,5.5,5.6,90.0,90.0,0.0,495000.0,0.0,0.0,0.0,0.0,0.0,6.0,2130.0,9.0,9970.0,3.646771723287839,3905148.0,,,,1000.0
2012-11-30T00:00:00,TSC,5.6,5.4,5.6,5.5,5.5,5.5,1710.0,1710.0,0.0,9405000.0,0.0,0.0,0.0,0.0,0.0,12.0,7930.0,12.0,7780.0,3.646771723287839,3905148.0,,,,1000.0
2012-12-03T00:00:00,TSC,5.5,5.4,5.4,5.4,5.4,5.5,4400.0,4400.0,0.0,23760000.0,0.0,0.0,0.0,0.0,0.0,10.0,7100.0,14.0,21570.0,3.646771723287839,3905148.0,,,,1000.0
2012-12-04T00:00:00,TSC,5.4,5.4,5.4,5.4,5.4,5.4,3470.0,3470.0,0.0,18738000.0,0.0,0.0,0.0,0.0,0.0,12.0,18590.0,14.0,17030.0,3.646771723287839,3905148.0,,,,1000.0
2012-12-05T00:00:00,TSC,5.5,5.5,5.5,5.5,5.5,5.4,7590.0,7590.0,0.0,41745000.0,0.0,0.0,0.0,0.0,0.0,20.0,20450.0,19.0,22040.0,3.646771723287839,3905148.0,,,,1000.0
2012-12-06T00:00:00,TSC,5.7,5.5,5.6,5.7,5.7,5.5,9820.0,9820.0,0.0,55974000.0,0.0,0.0,0.0,0.0,0.0,15.0,18140.0,17.0,29800.0,3.646771723287839,3905148.0,,,,1000.0
2012-12-07T00:00:00,TSC,5.8,5.6,5.6,5.8,5.8,5.7,7050.0,7050.0,0.0,40890000.0,0.0,0.0,0.0,0.0,0.0,15.0,27690.0,28.0,27120.0,3.646771723287839,3905148.0,,,,1000.0
2012-12-10T00:00:00,TSC,5.9,5.7,5.7,5.9,5.9,5.8,3060.0,3060.0,0.0,18054000.0,0.0,0.0,0.0,0.0,0.0,15.0,21120.0,16.0,18230.0,3.646771723287839,3905148.0,,,,1000.0
2012-12-11T00:00:00,TSC,6.0,5.7,5.9,6.0,6.0,5.9,1920.0,1920.0,0.0,11520000.0,0.0,0.0,0.0,0.0,0.0,11.0,11900.0,17.0,12790.0,3.646771723287839,3905148.0,,,,1000.0
2012-12-12T00:00:00,TSC,6.2,5.8,5.9,6.2,6.2,6.0,19520.0,19520.0,0.0,121024000.0,0.0,0.0,0.0,0.0,0.0,27.0,47770.0,31.0,31580.0,3.646771723287839,3905148.0,,,,1000.0
2012-12-13T00:00:00,TSC,6.3,6.1,6.3,6.2,6.2,6.2,27470.0,27470.0,0.0,170314000.0,0.0,0.0,0.0,0.0,0.0,22.0,47370.0,32.0,47750.0,3.646771723287839,3905148.0,,,,1000.0
2012-12-14T00:00:00,TSC,6.3,6.0,6.0,6.2,6.2,6.2,30020.0,30020.0,0.0,186124000.0,0.0,0.0,0.0,0.0,0.0,18.0,51220.0,20.0,54260.0,3.646771723287839,3905148.0,,,,1000.0
2012-12-17T00:00:00,TSC,6.2,6.0,6.2,6.0,6.0,6.2,7030.0,7030.0,0.0,42180000.0,0.0,0.0,0.0,0.0,0.0,10.0,18930.0,16.0,16080.0,3.646771723287839,3905148.0,,,,1000.0
2012-12-18T00:00:00,TSC,6.2,6.0,6.1,6.1,6.1,6.0,14060.0,14060.0,0.0,85766000.0,0.0,0.0,0.0,0.0,0.0,18.0,37060.0,17.0,21090.0,3.646771723287839,3905148.0,,,,1000.0
2012-12-19T00:00:00,TSC,6.4,5.8,5.8,6.4,6.4,6.1,9310.0,9310.0,0.0,59584000.0,0.0,0.0,0.0,0.0,0.0,17.0,23120.0,19.0,9510.0,3.646771723287839,3905148.0,,,,1000.0
2012-12-20T00:00:00,TSC,6.3,6.1,6.3,6.3,6.3,6.4,4720.0,4720.0,0.0,29736000.0,0.0,0.0,0.0,0.0,0.0,10.0,6730.0,15.0,33560.0,3.646771723287839,3905148.0,,,,1000.0
2012-12-21T00:00:00,TSC,6.3,6.0,6.0,6.3,6.3,6.3,1220.0,1220.0,0.0,7686000.0,0.0,0.0,0.0,0.0,0.0,7.0,8310.0,10.0,7610.0,3.646771723287839,3905148.0,,,,1000.0
2012-12-24T00:00:00,TSC,6.3,6.2,6.2,6.3,6.3,6.3,1100.0,1100.0,0.0,6930000.0,0.0,0.0,0.0,0.0,0.0,9.0,13140.0,15.0,9910.0,3.646771723287839,3905148.0,,,,1000.0
2012-12-25T00:00:00,TSC,6.3,6.1,6.2,6.1,6.1,6.3,7090.0,7090.0,0.0,43249000.0,0.0,0.0,0.0,0.0,0.0,9.0,22710.0,16.0,20650.0,3.646771723287839,3905148.0,,,,1000.0
2012-12-26T00:00:00,TSC,6.2,6.1,6.1,6.1,6.1,6.1,11800.0,11800.0,0.0,71980000.0,0.0,0.0,0.0,0.0,0.0,16.0,57440.0,11.0,22450.0,3.646771723287839,3905148.0,,,,1000.0
2012-12-27T00:00:00,TSC,6.4,6.2,6.2,6.4,6.4,6.1,21880.0,21880.0,0.0,140032000.0,0.0,0.0,0.0,0.0,0.0,26.0,63010.0,21.0,21880.0,3.646771723287839,3905148.0,,,,1000.0
2012-12-28T00:00:00,TSC,6.6,6.3,6.3,6.5,6.5,6.4,18760.0,18760.0,0.0,121940000.0,0.0,0.0,0.0,0.0,0.0,18.0,34380.0,21.0,34680.0,3.646771723287839,3905148.0,,,,1000.0
2013-01-02T00:00:00,TSC,6.8,6.2,6.2,6.8,6.8,6.5,4190.0,4190.0,0.0,28492000.0,0.0,0.0,0.0,0.0,0.0,22.0,19570.0,17.0,14450.0,3.646771723287839,3905148.0,,,,1000.0
2013-01-03T00:00:00,TSC,6.9,6.6,6.9,6.7,6.7,6.8,30370.0,30370.0,0.0,203479000.0,0.0,0.0,0.0,0.0,0.0,18.0,43780.0,37.0,62240.0,3.646771723287839,3905148.0,,,,1000.0
2013-01-04T00:00:00,TSC,6.7,6.6,6.6,6.7,6.7,6.7,11990.0,11990.0,0.0,80333000.0,0.0,0.0,0.0,0.0,0.0,15.0,25610.0,7.0,21180.0,3.646771723287839,3905148.0,,,,1000.0
2013-01-07T00:00:00,TSC,6.8,6.6,6.6,6.8,6.8,6.7,15860.0,15860.0,0.0,107848000.0,0.0,0.0,0.0,0.0,0.0,22.0,29920.0,19.0,36320.0,3.646771723287839,3905148.0,,,,1000.0
2013-01-08T00:00:00,TSC,6.7,6.5,6.6,6.7,6.7,6.8,9990.0,9990.0,0.0,66933000.0,0.0,0.0,0.0,0.0,0.0,16.0,14090.0,19.0,65630.0,3.646771723287839,3905148.0,,,,1000.0
2013-01-09T00:00:00,TSC,6.7,6.4,6.7,6.6,6.6,6.7,16130.0,16130.0,0.0,106458000.0,0.0,0.0,0.0,10.0,66000.0,24.0,32060.0,25.0,65460.0,3.646771723287839,3905148.0,,,,1000.0
2013-01-10T00:00:00,TSC,6.6,6.4,6.4,6.4,6.4,6.6,15780.0,15780.0,0.0,100992000.0,0.0,0.0,0.0,1270.0,8255000.0,15.0,23390.0,13.0,34100.0,3.646771723287839,3905148.0,,,,1000.0
2013-01-11T00:00:00,TSC,6.4,6.2,6.4,6.2,6.2,6.4,28520.0,28520.0,0.0,176824000.0,0.0,0.0,0.0,0.0,0.0,28.0,38340.0,15.0,62620.0,3.646771723287839,3905148.0,,,,1000.0
2013-01-14T00:00:00,TSC,6.3,6.0,6.3,6.1,6.1,6.2,10570.0,10570.0,0.0,64477000.0,0.0,0.0,0.0,0.0,0.0,26.0,33180.0,13.0,40220.0,3.646771723287839,3905148.0,,,,1000.0
2013-01-15T00:00:00,TSC,6.4,6.1,6.4,6.3,6.3,6.1,10230.0,10230.0,0.0,64449000.0,0.0,0.0,0.0,10000.0,61200000.0,27.0,44480.0,9.0,27740.0,3.646771723287839,3905158.0,,,,1000.0
2013-01-16T00:00:00,TSC,6.6,6.3,6.3,6.5,6.5,6.3,12630.0,12630.0,0.0,82095000.0,0.0,0.0,0.0,0.0,0.0,35.0,32750.0,21.0,45120.0,3.646771723287839,3906428.0,,,,1000.0
2013-01-17T00:00:00,TSC,6.9,6.4,6.9,6.6,6.6,6.5,3540.0,3540.0,0.0,23364000.0,0.0,0.0,0.0,0.0,0.0,18.0,18770.0,14.0,19650.0,3.646771723287839,3906428.0,,,,1000.0
2013-01-18T00:00:00,TSC,6.6,6.4,6.5,6.5,6.5,6.6,2720.0,2720.0,0.0,17680000.0,0.0,0.0,0.0,0.0,0.0,10.0,11910.0,19.0,27880.0,3.646771723287839,3906428.0,,,,1000.0
2013-01-21T00:00:00,TSC,6.4,6.1,6.3,6.1,6.1,6.5,47380.0,47380.0,0.0,289018000.0,0.0,0.0,0.0,1290.0,8127000.0,24.0,48380.0,30.0,75250.0,3.646771723287839,3916428.0,,,,1000.0
2013-01-22T00:00:00,TSC,6.1,5.7,5.9,5.7,5.7,6.1,8360.0,8360.0,0.0,47652000.0,0.0,0.0,0.0,0.0,0.0,28.0,14720.0,29.0,34260.0,3.646771723287839,3916428.0,,,,1000.0
2013-01-23T00:00:00,TSC,5.9,5.6,5.9,5.9,5.9,5.7,2680.0,2680.0,0.0,15812000.0,0.0,0.0,0.0,0.0,0.0,25.0,21730.0,19.0,9710.0,3.646771723287839,3916428.0,,,,1000.0
2013-01-24T00:00:00,TSC,5.9,5.7,5.7,5.8,5.8,5.9,900.0,900.0,0.0,5220000.0,0.0,0.0,0.0,100.0,570000.0,18.0,18710.0,18.0,12680.0,3.646771723287839,3916428.0,,,,1000.0
2013-01-25T00:00:00,TSC,6.0,5.6,6.0,5.7,5.7,5.8,2820.0,2820.0,0.0,16074000.0,0.0,0.0,0.0,0.0,0.0,25.0,21430.0,19.0,8680.0,3.646771723287839,3917718.0,,,,1000.0
2013-01-28T00:00:00,TSC,5.9,5.8,5.8,5.8,5.8,5.7,12590.0,12590.0,0.0,73022000.0,0.0,0.0,0.0,0.0,0.0,26.0,26240.0,15.0,18300.0,3.646771723287839,3917718.0,,,,1000.0
2013-01-29T00:00:00,TSC,5.9,5.8,5.8,5.8,5.8,5.8,3120.0,3120.0,0.0,18096000.0,0.0,0.0,0.0,0.0,0.0,19.0,13690.0,18.0,17960.0,3.646771723287839,3917718.0,,,,1000.0
2013-01-30T00:00:00,TSC,6.0,5.7,5.7,5.8,5.8,5.8,16700.0,16700.0,0.0,96860000.0,0.0,0.0,0.0,0.0,0.0,36.0,46490.0,35.0,36450.0,3.646771723287839,3917818.0,,,,1000.0
2013-01-31T00:00:00,TSC,6.0,5.6,5.9,6.0,6.0,5.8,12050.0,12050.0,0.0,72300000.0,0.0,0.0,0.0,0.0,0.0,26.0,38880.0,19.0,18270.0,3.646771723287839,3917818.0,,,,1000.0
2013-02-01T00:00:00,TSC,6.0,5.9,6.0,6.0,6.0,6.0,6590.0,6590.0,0.0,39540000.0,0.0,0.0,0.0,0.0,0.0,25.0,30460.0,26.0,18360.0,3.646771723287839,3917818.0,,,,1000.0
2013-02-04T00:00:00,TSC,6.1,6.0,6.1,6.0,6.0,6.0,860.0,860.0,0.0,5160000.0,0.0,0.0,0.0,0.0,0.0,13.0,3790.0,13.0,7210.0,3.646771723287839,3917818.0,,,,1000.0
2013-02-05T00:00:00,TSC,6.0,5.9,6.0,5.9,5.9,6.0,3230.0,3230.0,0.0,19057000.0,0.0,0.0,0.0,0.0,0.0,24.0,25100.0,15.0,11380.0,3.646771723287839,3917818.0,,,,1000.0
2013-02-06T00:00:00,TSC,6.0,5.8,6.0,5.8,5.8,5.9,930.0,930.0,0.0,5394000.0,0.0,0.0,0.0,0.0,0.0,29.0,36480.0,12.0,22500.0,3.646771723287839,3917818.0,,,,1000.0
2013-02-07T00:00:00,TSC,5.9,5.8,5.9,5.8,5.8,5.8,7700.0,7700.0,0.0,44660000.0,0.0,0.0,0.0,0.0,0.0,30.0,42570.0,10.0,18070.0,3.646771723287839,3917818.0,,,,1000.0
2013-02-08T00:00:00,TSC,5.9,5.8,5.9,5.9,5.9,5.8,6600.0,6600.0,0.0,38940000.0,0.0,0.0,0.0,0.0,0.0,19.0,17320.0,12.0,51350.0,3.646771723287839,3917818.0,,,,1000.0
2013-02-18T00:00:00,TSC,5.8,5.7,5.8,5.8,5.8,5.9,22100.0,22100.0,0.0,128180000.0,0.0,0.0,0.0,0.0,0.0,40.0,52920.0,10.0,51040.0,3.646771723287839,3917818.0,,,,1000.0
2013-02-19T00:00:00,TSC,6.0,5.8,5.8,6.0,6.0,5.8,38480.0,38480.0,0.0,230880000.0,0.0,0.0,0.0,0.0,0.0,63.0,85080.0,28.0,66220.0,3.646771723287839,3917818.0,,,,1000.0
2013-02-20T00:00:00,TSC,6.0,5.9,6.0,6.0,6.0,6.0,5230.0,5230.0,0.0,31380000.0,0.0,0.0,0.0,0.0,0.0,31.0,29500.0,18.0,13540.0,3.646771723287839,3917818.0,,,,1000.0
2013-02-21T00:00:00,TSC,6.0,5.8,6.0,5.8,5.8,6.0,15680.0,15680.0,0.0,90944000.0,0.0,0.0,0.0,0.0,0.0,24.0,26800.0,20.0,34810.0,3.646771723287839,3917818.0,,,,1000.0
2013-02-22T00:00:00,TSC,6.0,5.7,5.8,5.8,5.8,5.8,1850.0,1850.0,0.0,10730000.0,0.0,0.0,0.0,0.0,0.0,24.0,9180.0,17.0,22400.0,3.646771723287839,3917818.0,,,,1000.0
2013-02-25T00:00:00,TSC,6.0,5.8,5.9,6.0,6.0,5.8,14740.0,14740.0,0.0,88440000.0,0.0,0.0,0.0,0.0,0.0,25.0,30770.0,21.0,31340.0,3.646771723287839,3917818.0,,,,1000.0
2013-02-26T00:00:00,TSC,5.8,5.6,5.7,5.6,5.6,6.0,35970.0,35970.0,0.0,201432000.0,0.0,0.0,0.0,0.0,0.0,41.0,36060.0,45.0,56070.0,3.646771723287839,3917818.0,,,,1000.0
2013-02-27T00:00:00,TSC,5.5,5.3,5.3,5.4,5.4,5.6,8600.0,8600.0,0.0,46440000.0,0.0,0.0,0.0,0.0,0.0,17.0,21480.0,19.0,13670.0,3.646771723287839,3917818.0,,,,1000.0
2013-02-28T00:00:00,TSC,5.6,5.4,5.4,5.6,5.6,5.4,1010.0,1010.0,0.0,5656000.0,0.0,0.0,0.0,0.0,0.0,14.0,21370.0,9.0,9500.0,3.646771723287839,3917818.0,,,,1000.0
2013-03-01T00:00:00,TSC,5.5,5.4,5.4,5.4,5.4,5.6,10350.0,10350.0,0.0,55890000.0,0.0,0.0,0.0,0.0,0.0,13.0,17350.0,17.0,20620.0,3.646771723287839,3917818.0,,,,1000.0
2013-03-04T00:00:00,TSC,5.3,5.1,5.3,5.1,5.1,5.4,27370.0,27370.0,0.0,139587000.0,0.0,0.0,0.0,10000.0,51000000.0,30.0,34150.0,18.0,46190.0,3.646771723287839,3917818.0,,,,1000.0
2013-03-05T00:00:00,TSC,5.2,5.1,5.1,5.2,5.2,5.1,560.0,560.0,0.0,2912000.0,0.0,0.0,0.0,0.0,0.0,16.0,12140.0,11.0,13980.0,3.646771723287839,3917818.0,,,,1000.0
2013-03-06T00:00:00,TSC,5.4,5.2,5.4,5.3,5.3,5.2,960.0,960.0,0.0,5088000.0,0.0,0.0,0.0,0.0,0.0,13.0,15550.0,14.0,6090.0,3.646771723287839,0.0,,,,1000.0
2013-03-07T00:00:00,TSC,5.4,5.2,5.4,5.2,5.2,5.3,1190.0,1190.0,0.0,6188000.0,0.0,0.0,0.0,0.0,0.0,13.0,11780.0,15.0,7980.0,3.646771723287839,3917818.0,,,,1000.0
2013-03-08T00:00:00,TSC,5.3,5.2,5.3,5.3,5.3,5.2,8170.0,8170.0,0.0,43301000.0,0.0,0.0,0.0,0.0,0.0,20.0,25670.0,25.0,13900.0,3.646771723287839,3927818.0,,,,1000.0
2013-03-11T00:00:00,TSC,5.4,5.0,5.3,5.3,5.3,5.3,8320.0,8320.0,0.0,44096000.0,0.0,0.0,0.0,0.0,0.0,29.0,63580.0,13.0,17000.0,3.646771723287839,3927818.0,,,,1000.0
2013-03-12T00:00:00,TSC,5.4,5.3,5.3,5.4,5.4,5.3,110.0,110.0,0.0,594000.0,0.0,0.0,0.0,0.0,0.0,20.0,32330.0,7.0,11320.0,3.646771723287839,3927818.0,,,,1000.0
2013-03-13T00:00:00,TSC,5.5,5.2,5.5,5.5,5.5,5.4,10350.0,10350.0,0.0,56925000.0,0.0,0.0,0.0,0.0,0.0,21.0,41150.0,10.0,25520.0,3.646771723287839,3927818.0,,,,1000.0
2013-03-14T00:00:00,TSC,5.5,5.4,5.5,5.4,5.4,5.5,19770.0,19770.0,0.0,106758000.0,0.0,0.0,0.0,0.0,0.0,20.0,66980.0,25.0,34870.0,3.646771723287839,3927818.0,,,,1000.0
2013-03-15T00:00:00,TSC,5.7,5.3,5.5,5.5,5.5,5.4,11470.0,11470.0,0.0,63085000.0,0.0,0.0,0.0,0.0,0.0,26.0,45090.0,26.0,26650.0,3.646771723287839,3927818.0,0.0,0.0,0.0,1000.0
2013-03-18T00:00:00,TSC,5.8,5.6,5.7,5.8,5.8,5.5,11900.0,11900.0,0.0,69020000.0,0.0,0.0,0.0,0.0,0.0,43.0,203270.0,18.0,11900.0,3.646771723287839,3927818.0,,,,1000.0
2013-03-19T00:00:00,TSC,6.2,5.8,5.9,6.2,6.2,5.8,46680.0,46680.0,0.0,289416000.0,0.0,0.0,0.0,0.0,0.0,55.0,120190.0,34.0,57030.0,3.646771723287839,3927818.0,,,,1000.0
2013-03-20T00:00:00,TSC,6.3,6.0,6.0,6.2,6.2,6.2,3910.0,3910.0,0.0,24242000.0,0.0,0.0,0.0,0.0,0.0,12.0,39100.0,26.0,41160.0,3.646771723287839,3927818.0,,,,1000.0
2013-03-21T00:00:00,TSC,6.3,6.0,6.3,6.1,6.1,6.2,9210.0,9210.0,0.0,56181000.0,0.0,0.0,0.0,0.0,0.0,13.0,22150.0,26.0,78500.0,3.646771723287839,3927818.0,,,,1000.0
2013-03-22T00:00:00,TSC,6.0,5.7,6.0,5.9,5.9,6.1,11660.0,11660.0,0.0,68794000.0,0.0,0.0,0.0,0.0,0.0,17.0,28310.0,21.0,44140.0,3.646771723287839,3927818.0,,,,1000.0
2013-03-25T00:00:00,TSC,5.8,5.5,5.5,5.8,5.8,5.9,310.0,310.0,0.0,1798000.0,0.0,0.0,0.0,0.0,0.0,9.0,12240.0,14.0,30680.0,3.646771723287839,3927818.0,,,,1000.0
2013-03-26T00:00:00,TSC,5.9,5.5,5.6,5.6,5.6,5.8,8050.0,8050.0,0.0,45080000.0,0.0,0.0,0.0,0.0,0.0,18.0,33100.0,14.0,36790.0,3.646771723287839,3927818.0,,,,1000.0
2013-03-27T00:00:00,TSC,5.9,5.7,5.7,5.8,5.8,5.6,6640.0,6640.0,0.0,38512000.0,0.0,0.0,0.0,0.0,0.0,27.0,47390.0,9.0,10920.0,3.646771723287839,3927818.0,,,,1000.0
2013-03-28T00:00:00,TSC,5.9,5.8,5.8,5.8,5.8,5.8,3690.0,3690.0,0.0,21402000.0,0.0,0.0,0.0,0.0,0.0,19.0,52060.0,17.0,24570.0,3.646771723287839,3927818.0,,,,1000.0
2013-03-29T00:00:00,TSC,5.9,5.7,5.8,5.8,5.8,5.8,5810.0,5810.0,0.0,33698000.0,0.0,0.0,0.0,0.0,0.0,16.0,29130.0,12.0,27580.0,3.646771723287839,3927818.0,,,,1000.0
2013-04-01T00:00:00,TSC,6.1,6.1,6.1,6.1,6.1,5.8,10.0,10.0,0.0,61000.0,0.0,0.0,0.0,0.0,0.0,15.0,30110.0,8.0,21830.0,3.646771723287839,3927818.0,,,,1000.0
2013-04-02T00:00:00,TSC,6.5,5.8,6.5,5.8,5.8,6.1,6910.0,6910.0,0.0,40078000.0,0.0,0.0,0.0,0.0,0.0,11.0,26240.0,20.0,59490.0,3.646771723287839,3927818.0,,,,1000.0
2013-04-03T00:00:00,TSC,5.8,5.6,5.6,5.6,5.6,5.8,1940.0,1940.0,0.0,10864000.0,0.0,100.0,580000.0,0.0,0.0,13.0,48710.0,13.0,14250.0,3.646771723287839,3927718.0,,,,1000.0
2013-04-04T00:00:00,TSC,5.9,5.3,5.9,5.6,5.6,5.6,44340.0,44340.0,0.0,248304000.0,0.0,0.0,0.0,0.0,0.0,34.0,94970.0,15.0,80600.0,3.646771723287839,3927718.0,,,,1000.0
2013-04-05T00:00:00,TSC,5.9,5.6,5.7,5.9,5.9,5.6,13000.0,13000.0,0.0,76700000.0,0.0,0.0,0.0,0.0,0.0,19.0,39760.0,23.0,61490.0,3.646771723287839,3927718.0,,,,1000.0
2013-04-08T00:00:00,TSC,5.9,5.9,5.9,5.9,5.9,5.9,900.0,900.0,0.0,5310000.0,0.0,0.0,0.0,0.0,0.0,14.0,36830.0,13.0,18930.0,3.646771723287839,3927718.0,,,,1000.0
2013-04-09T00:00:00,TSC,5.9,5.8,5.9,5.8,5.8,5.9,11110.0,11110.0,0.0,64438000.0,0.0,10.0,59000.0,0.0,0.0,19.0,40600.0,20.0,29400.0,3.646771723287839,3927708.0,,,,1000.0
2013-04-10T00:00:00,TSC,5.9,5.7,5.8,5.7,5.7,5.8,22520.0,22520.0,0.0,128364000.0,0.0,0.0,0.0,100.0,590000.0,28.0,102630.0,22.0,50120.0,3.646771723287839,3927808.0,,,,1000.0
2013-04-11T00:00:00,TSC,5.9,5.8,5.9,5.8,5.8,5.7,80.0,80.0,0.0,464000.0,0.0,0.0,0.0,0.0,0.0,20.0,38810.0,6.0,18190.0,3.646771723287839,3927708.0,,,,1000.0
2013-04-12T00:00:00,TSC,5.6,5.4,5.6,5.4,5.4,5.8,77610.0,77610.0,0.0,419094000.0,0.0,0.0,0.0,0.0,0.0,32.0,83210.0,18.0,116070.0,3.646771723287839,3927708.0,,,,1000.0
2013-04-15T00:00:00,TSC,5.2,5.2,5.2,5.2,5.2,5.4,12490.0,12490.0,0.0,64948000.0,0.0,0.0,0.0,0.0,0.0,24.0,30400.0,8.0,42130.0,3.646771723287839,3927808.0,,,,1000.0
2013-04-16T00:00:00,TSC,5.5,5.5,5.5,5.5,5.5,5.2,10.0,10.0,0.0,55000.0,0.0,0.0,0.0,0.0,0.0,16.0,16220.0,4.0,11050.0,3.646771723287839,3927808.0,,,,1000.0
2013-04-17T00:00:00,TSC,5.6,5.3,5.5,5.3,5.3,5.5,11050.0,11050.0,0.0,58565000.0,0.0,0.0,0.0,0.0,0.0,21.0,26850.0,13.0,43360.0,3.646771723287839,3927808.0,,,,1000.0
2013-04-18T00:00:00,TSC,5.4,5.0,5.1,5.4,5.4,5.3,5630.0,5630.0,0.0,30402000.0,0.0,0.0,0.0,0.0,0.0,22.0,28110.0,11.0,12750.0,3.646771723287839,3927808.0,,,,1000.0
2013-04-22T00:00:00,TSC,5.4,5.2,5.3,5.2,5.2,5.4,640.0,640.0,0.0,3328000.0,0.0,0.0,0.0,0.0,0.0,12.0,10700.0,14.0,8760.0,3.646771723287839,3927808.0,,,,1000.0
2013-04-23T00:00:00,TSC,5.3,5.3,5.3,5.3,5.3,5.2,110.0,110.0,0.0,583000.0,0.0,0.0,0.0,0.0,0.0,10.0,11340.0,7.0,3790.0,3.646771723287839,3927808.0,,,,1000.0
2013-04-24T00:00:00,TSC,5.3,5.2,5.3,5.2,5.2,5.3,6130.0,6130.0,0.0,31876000.0,0.0,0.0,0.0,0.0,0.0,29.0,23880.0,14.0,16520.0,3.646771723287839,3927808.0,,,,1000.0
2013-04-25T00:00:00,TSC,5.3,5.0,5.3,5.0,5.0,5.2,1510.0,1510.0,0.0,7550000.0,0.0,0.0,0.0,0.0,0.0,17.0,14070.0,8.0,4490.0,3.646771723287839,3927808.0,,,,1000.0
2013-04-26T00:00:00,TSC,5.2,5.2,5.2,5.2,5.2,5.0,40.0,40.0,0.0,208000.0,0.0,0.0,0.0,0.0,0.0,18.0,18150.0,3.0,510.0,3.646771723287839,3927808.0,,,,1000.0
2013-05-02T00:00:00,TSC,5.2,5.1,5.1,5.2,5.2,5.2,30.0,30.0,0.0,156000.0,0.0,0.0,0.0,0.0,0.0,8.0,3930.0,12.0,13460.0,3.646771723287839,3927808.0,,,,1000.0
2013-05-03T00:00:00,TSC,5.2,5.2,5.2,5.2,5.2,5.2,2230.0,2230.0,0.0,11596000.0,0.0,0.0,0.0,500.0,2600000.0,17.0,13520.0,13.0,11130.0,3.646771723287839,3927808.0,,,,1000.0
2013-05-06T00:00:00,TSC,5.5,5.3,5.3,5.4,5.4,5.2,1140.0,1140.0,0.0,6156000.0,0.0,0.0,0.0,0.0,0.0,32.0,19030.0,18.0,23850.0,3.646771723287839,3927808.0,,,,1000.0
2013-05-07T00:00:00,TSC,5.5,5.3,5.5,5.4,5.4,5.4,130.0,130.0,0.0,702000.0,0.0,0.0,0.0,0.0,0.0,15.0,22910.0,11.0,23050.0,3.646771723287839,3927808.0,,,,1000.0
2013-05-08T00:00:00,TSC,5.4,5.3,5.3,5.4,5.4,5.4,11820.0,11820.0,0.0,63828000.0,0.0,0.0,0.0,0.0,0.0,13.0,20130.0,13.0,22430.0,3.646771723287839,3927808.0,,,,1000.0
2013-05-09T00:00:00,TSC,5.4,5.4,5.4,5.4,5.4,5.4,1320.0,1320.0,0.0,7128000.0,0.0,0.0,0.0,0.0,0.0,14.0,14380.0,26.0,48250.0,3.646771723287839,3928308.0,,,,1000.0
2013-05-10T00:00:00,TSC,5.4,5.2,5.4,5.2,5.2,5.4,4600.0,4600.0,0.0,23920000.0,0.0,0.0,0.0,0.0,0.0,16.0,24700.0,13.0,24780.0,3.646771723287839,3928308.0,,,,1000.0
2013-05-13T00:00:00,TSC,5.2,5.1,5.1,5.2,5.2,5.2,8030.0,8030.0,0.0,41756000.0,0.0,0.0,0.0,4700.0,23970000.0,33.0,39450.0,16.0,55180.0,3.646771723287839,3928308.0,,,,1000.0
2013-05-14T00:00:00,TSC,5.2,5.2,5.2,5.2,5.2,5.2,30.0,30.0,0.0,156000.0,0.0,0.0,0.0,0.0,0.0,20.0,30680.0,11.0,32150.0,3.646771723287839,3928308.0,,,,1000.0
2013-05-15T00:00:00,TSC,5.1,4.9,5.0,5.1,5.1,5.2,21940.0,21940.0,0.0,111894000.0,0.0,0.0,0.0,0.0,0.0,35.0,44090.0,12.0,65310.0,3.646771723287839,3928308.0,,,,1000.0
2013-05-16T00:00:00,TSC,5.2,5.2,5.2,5.2,5.2,5.1,4120.0,4120.0,0.0,21424000.0,0.0,0.0,0.0,0.0,0.0,37.0,38120.0,19.0,37380.0,3.646771723287839,3928308.0,,,,1000.0
2013-05-17T00:00:00,TSC,5.2,4.9,5.1,5.2,5.2,5.2,22030.0,22030.0,0.0,114556000.0,0.0,0.0,0.0,0.0,0.0,32.0,47140.0,12.0,31730.0,3.646771723287839,3933008.0,,,,1000.0
2013-05-20T00:00:00,TSC,5.2,5.0,5.2,5.0,5.0,5.2,2010.0,2010.0,0.0,10050000.0,0.0,0.0,0.0,0.0,0.0,18.0,26660.0,12.0,18140.0,3.646771723287839,3933008.0,,,,1000.0
2013-05-21T00:00:00,TSC,5.2,5.0,5.0,5.2,5.2,5.0,7900.0,7900.0,0.0,41080000.0,0.0,0.0,0.0,0.0,0.0,38.0,80500.0,16.0,27900.0,3.646771723287839,3933008.0,,,,1000.0
2013-05-22T00:00:00,TSC,5.2,5.2,5.2,5.2,5.2,5.2,15330.0,15330.0,0.0,79716000.0,0.0,0.0,0.0,0.0,0.0,21.0,42530.0,18.0,36850.0,3.646771723287839,3933008.0,,,,1000.0
2013-05-23T00:00:00,TSC,5.4,5.2,5.2,5.2,5.2,5.2,4450.0,4450.0,0.0,23140000.0,0.0,0.0,0.0,0.0,0.0,21.0,36300.0,15.0,13560.0,3.646771723287839,3933008.0,,,,1000.0
2013-05-24T00:00:00,TSC,5.4,5.4,5.4,5.4,5.4,5.2,10.0,10.0,0.0,54000.0,0.0,0.0,0.0,0.0,0.0,11.0,30210.0,9.0,10730.0,3.646771723287839,3933008.0,,,,1000.0
2013-05-27T00:00:00,TSC,5.5,5.2,5.4,5.2,5.2,5.4,22310.0,22310.0,0.0,116012000.0,0.0,0.0,0.0,0.0,0.0,35.0,54650.0,30.0,98240.0,3.646771723287839,3933008.0,,,,1000.0
2013-05-28T00:00:00,TSC,5.5,5.3,5.4,5.5,5.5,5.2,74860.0,74860.0,0.0,411730000.0,0.0,53690.0,293535000.0,0.0,0.0,72.0,276350.0,25.0,74860.0,3.646771723287839,3879318.0,,,,1000.0
2013-05-29T00:00:00,TSC,5.8,5.6,5.8,5.8,5.8,5.5,29880.0,29880.0,0.0,173304000.0,0.0,0.0,0.0,0.0,0.0,46.0,68910.0,34.0,30980.0,3.646771723287839,3879318.0,,,,1000.0
2013-05-30T00:00:00,TSC,6.1,5.8,5.8,6.1,6.1,5.8,120.0,120.0,0.0,732000.0,0.0,0.0,0.0,0.0,0.0,20.0,11880.0,32.0,46420.0,3.646771723287839,3879318.0,,,,1000.0
2013-05-31T00:00:00,TSC,5.8,5.7,5.8,5.7,5.7,6.1,14340.0,14340.0,0.0,81738000.0,0.0,0.0,0.0,0.0,0.0,20.0,14340.0,51.0,109140.0,3.646771723287839,3879318.0,,,,1000.0
2013-06-03T00:00:00,TSC,5.5,5.4,5.4,5.4,5.4,5.7,14340.0,14340.0,0.0,77436000.0,0.0,0.0,0.0,0.0,0.0,22.0,16940.0,32.0,86880.0,3.646771723287839,3879318.0,,,,1000.0
2013-06-04T00:00:00,TSC,5.5,5.2,5.2,5.2,5.2,5.4,42600.0,42600.0,0.0,221520000.0,0.0,21000.0,109200000.0,0.0,0.0,47.0,61020.0,27.0,103920.0,3.646771723287839,3858318.0,,,,1000.0
2013-06-05T00:00:00,TSC,5.5,5.1,5.1,5.1,5.1,5.2,20890.0,20890.0,0.0,106539000.0,0.0,13080.0,66708000.0,0.0,0.0,63.0,119220.0,21.0,41810.0,3.646771723287839,3845238.0,,,,1000.0
2013-06-06T00:00:00,TSC,5.4,5.1,5.4,5.2,5.2,5.1,170.0,170.0,0.0,884000.0,0.0,0.0,0.0,0.0,0.0,46.0,112350.0,15.0,10970.0,3.646771723287839,3845238.0,,,,1000.0
2013-06-07T00:00:00,TSC,5.4,5.2,5.2,5.2,5.2,5.2,23520.0,23520.0,0.0,122304000.0,0.0,0.0,0.0,0.0,0.0,30.0,87100.0,28.0,71720.0,3.646771723287839,3845238.0,,,,1000.0
2013-06-10T00:00:00,TSC,5.5,5.1,5.2,5.2,5.2,5.2,26450.0,26450.0,0.0,137540000.0,0.0,140.0,0.0,0.0,0.0,40.0,67900.0,33.0,61470.0,3.646771723287839,3845098.0,,,,1000.0
2013-06-11T00:00:00,TSC,5.5,5.2,5.2,5.5,5.5,5.2,43130.0,43130.0,0.0,237215000.0,0.0,21339.0,117363000.0,0.0,0.0,63.0,263040.0,19.0,46140.0,3.646771723287839,0.0,,,,1000.0
2013-06-12T00:00:00,TSC,5.7,5.4,5.7,5.5,5.5,5.5,16150.0,16150.0,0.0,88825000.0,0.0,0.0,0.0,0.0,0.0,36.0,65250.0,23.0,47260.0,3.646771723287839,3823458.0,,,,1000.0
2013-06-13T00:00:00,TSC,5.7,5.4,5.7,5.4,5.4,5.5,3070.0,3070.0,0.0,16578000.0,0.0,0.0,0.0,0.0,0.0,18.0,25620.0,23.0,26340.0,3.646771723287839,3823958.0,,,,1000.0
2013-06-14T00:00:00,TSC,5.5,5.2,5.4,5.5,5.5,5.4,8150.0,8150.0,0.0,44825000.0,0.0,0.0,0.0,0.0,0.0,34.0,37580.0,18.0,27400.0,3.646771723287839,3823958.0,,,,1000.0
2013-06-17T00:00:00,TSC,5.5,5.3,5.4,5.3,5.3,5.5,8670.0,8670.0,0.0,45951000.0,0.0,0.0,0.0,0.0,0.0,17.0,24900.0,21.0,30760.0,3.646771723287839,3780158.0,,,,1000.0
2013-06-18T00:00:00,TSC,5.6,5.4,5.4,5.6,5.6,5.3,52450.0,52450.0,0.0,293720000.0,0.0,43800.0,243874000.0,0.0,0.0,42.0,117310.0,31.0,52750.0,3.646771723287839,3780158.0,,,,1000.0
2013-06-19T00:00:00,TSC,5.9,5.5,5.5,5.7,5.7,5.6,19030.0,19030.0,0.0,108471000.0,0.0,0.0,0.0,0.0,0.0,36.0,57800.0,39.0,24970.0,3.646771723287839,3780158.0,,,,1000.0
2013-06-20T00:00:00,TSC,5.8,5.5,5.8,5.6,5.6,5.7,150.0,150.0,0.0,840000.0,0.0,0.0,0.0,0.0,0.0,23.0,14630.0,28.0,27490.0,3.646771723287839,3780158.0,,,,1000.0
2013-06-21T00:00:00,TSC,5.8,5.6,5.7,5.6,5.6,5.6,1300.0,1300.0,0.0,7280000.0,0.0,0.0,0.0,1000.0,5600000.0,23.0,32960.0,14.0,9330.0,3.646771723287839,3780158.0,,,,1000.0
2013-06-24T00:00:00,TSC,5.8,5.5,5.8,5.5,5.5,5.6,4850.0,4850.0,0.0,26675000.0,0.0,0.0,0.0,0.0,0.0,17.0,57280.0,18.0,29170.0,3.646771723287839,3780158.0,,,,1000.0
2013-06-25T00:00:00,TSC,5.6,5.2,5.6,5.2,5.2,5.5,7890.0,7890.0,0.0,41028000.0,0.0,0.0,0.0,0.0,0.0,23.0,41770.0,15.0,17450.0,3.646771723287839,3780158.0,,,,1000.0
2013-06-26T00:00:00,TSC,5.5,5.3,5.4,5.5,5.5,5.2,2140.0,2140.0,0.0,11770000.0,0.0,0.0,0.0,0.0,0.0,26.0,53340.0,11.0,5260.0,3.646771723287839,3780158.0,,,,1000.0
2013-06-27T00:00:00,TSC,5.7,5.5,5.7,5.5,5.5,5.5,810.0,810.0,0.0,4455000.0,0.0,0.0,0.0,0.0,0.0,16.0,49020.0,6.0,3710.0,3.646771723287839,3781158.0,,,,1000.0
2013-06-28T00:00:00,TSC,5.6,5.5,5.6,5.5,5.5,5.5,1030.0,1030.0,0.0,5665000.0,0.0,0.0,0.0,0.0,0.0,15.0,34960.0,13.0,6750.0,3.646771723287839,3781158.0,,,,1000.0
2013-07-01T00:00:00,TSC,5.6,5.3,5.5,5.5,5.5,5.5,1570.0,1570.0,0.0,8635000.0,0.0,0.0,0.0,0.0,0.0,16.0,14070.0,10.0,6990.0,3.646771723287839,3781158.0,,,,1000.0
2013-07-02T00:00:00,TSC,5.7,5.4,5.4,5.6,5.6,5.5,5620.0,5620.0,0.0,31472000.0,0.0,0.0,0.0,0.0,0.0,17.0,25850.0,25.0,17410.0,3.646771723287839,3781158.0,,,,1000.0
2013-07-03T00:00:00,TSC,5.6,5.5,5.6,5.6,5.6,5.6,1130.0,1130.0,0.0,6328000.0,0.0,0.0,0.0,0.0,0.0,11.0,13230.0,13.0,15450.0,3.646771723287839,3781158.0,,,,1000.0
2013-07-04T00:00:00,TSC,5.6,5.4,5.4,5.6,5.6,5.6,4030.0,4030.0,0.0,22568000.0,0.0,0.0,0.0,0.0,0.0,10.0,14650.0,15.0,17360.0,3.646771723287839,3781158.0,,,,1000.0
2013-07-05T00:00:00,TSC,5.6,5.4,5.6,5.5,5.5,5.6,2140.0,2140.0,0.0,11770000.0,0.0,0.0,0.0,0.0,0.0,9.0,16480.0,14.0,12840.0,3.646771723287839,3781158.0,,,,1000.0
2013-07-08T00:00:00,TSC,5.6,5.3,5.3,5.6,5.6,5.5,14020.0,14020.0,0.0,78512000.0,0.0,5600.0,29680000.0,0.0,0.0,17.0,57100.0,9.0,18360.0,3.646771723287839,3775558.0,,,,1000.0
2013-07-09T00:00:00,TSC,5.7,5.7,5.7,5.7,5.7,5.6,10.0,10.0,0.0,57000.0,0.0,0.0,0.0,0.0,0.0,10.0,19090.0,10.0,12050.0,3.646771723287839,3775558.0,,,,1000.0
2013-07-10T00:00:00,TSC,6.0,5.6,5.6,5.7,5.7,5.7,64710.0,64710.0,0.0,368847000.0,0.0,0.0,0.0,0.0,0.0,32.0,82150.0,45.0,73700.0,3.646771723287839,3775558.0,,,,1000.0
2013-07-11T00:00:00,TSC,5.8,5.7,5.7,5.8,5.8,5.7,20.0,20.0,0.0,116000.0,0.0,0.0,0.0,0.0,0.0,12.0,13220.0,7.0,5240.0,3.646771723287839,3775558.0,,,,1000.0
2013-07-12T00:00:00,TSC,5.9,5.8,5.8,5.9,5.9,5.8,2080.0,2080.0,0.0,12272000.0,0.0,0.0,0.0,0.0,0.0,15.0,10510.0,18.0,22720.0,3.646771723287839,3775558.0,,,,1000.0
2013-07-15T00:00:00,TSC,6.0,5.7,5.9,5.7,5.7,5.9,5710.0,5710.0,0.0,32547000.0,0.0,0.0,0.0,0.0,0.0,17.0,12260.0,28.0,18070.0,3.646771723287839,3775558.0,,,,1000.0
2013-07-16T00:00:00,TSC,6.0,5.7,5.7,6.0,6.0,5.7,33040.0,33040.0,0.0,198240000.0,0.0,0.0,0.0,0.0,0.0,23.0,45920.0,23.0,37850.0,3.646771723287839,3775558.0,,,,1000.0
2013-07-17T00:00:00,TSC,6.2,5.8,6.2,5.8,5.8,6.0,20.0,20.0,0.0,116000.0,0.0,0.0,0.0,0.0,0.0,11.0,6220.0,15.0,24840.0,3.646771723287839,3775558.0,,,,1000.0
2013-07-18T00:00:00,TSC,6.1,6.1,6.1,6.1,6.1,5.8,30.0,30.0,0.0,183000.0,0.0,0.0,0.0,0.0,0.0,11.0,14620.0,8.0,16730.0,3.646771723287839,3775558.0,,,,1000.0
2013-07-19T00:00:00,TSC,6.0,5.8,5.8,6.0,6.0,6.1,610.0,610.0,0.0,3660000.0,0.0,0.0,0.0,0.0,0.0,11.0,3450.0,19.0,16940.0,3.646771723287839,3775558.0,,,,1000.0
2013-07-22T00:00:00,TSC,6.1,5.6,5.9,6.1,6.1,6.0,1520.0,1520.0,0.0,9272000.0,0.0,0.0,0.0,0.0,0.0,17.0,7260.0,14.0,8470.0,3.646771723287839,3775558.0,,,,1000.0
2013-07-23T00:00:00,TSC,6.2,6.0,6.0,6.1,6.1,6.1,14330.0,14330.0,0.0,87413000.0,0.0,0.0,0.0,0.0,0.0,14.0,28560.0,24.0,27750.0,3.646771723287839,3775558.0,,,,1000.0
2013-07-24T00:00:00,TSC,5.9,5.7,5.8,5.9,5.9,6.1,16750.0,16750.0,0.0,98825000.0,0.0,0.0,0.0,0.0,0.0,12.0,17330.0,20.0,56190.0,3.646771723287839,3775558.0,,,,1000.0
2013-07-25T00:00:00,TSC,5.7,5.5,5.6,5.7,5.7,5.9,8500.0,8500.0,0.0,48450000.0,0.0,0.0,0.0,0.0,0.0,13.0,10510.0,27.0,39000.0,3.646771723287839,3775558.0,,,,1000.0
2013-07-26T00:00:00,TSC,5.8,5.6,5.7,5.8,5.8,5.7,250.0,250.0,0.0,1450000.0,0.0,0.0,0.0,0.0,0.0,11.0,1470.0,11.0,16330.0,3.646771723287839,3775558.0,,,,1000.0
2013-07-29T00:00:00,TSC,5.8,5.5,5.5,5.8,5.8,5.8,9690.0,9690.0,0.0,56202000.0,0.0,4950.0,27225000.0,0.0,0.0,14.0,54730.0,24.0,41980.0,3.646771723287839,3770608.0,,,,1000.0
2013-07-30T00:00:00,TSC,5.8,5.8,5.8,5.8,5.8,5.8,0.0,0.0,0.0,0.0,0.0,0.0,0.0,0.0,0.0,3.0,580.0,12.0,12040.0,3.646771723287839,3770608.0,,,,1000.0
2013-07-31T00:00:00,TSC,5.8,5.5,5.8,5.5,5.5,5.8,1120.0,1120.0,0.0,6160000.0,0.0,1110.0,6105000.0,0.0,0.0,8.0,28890.0,15.0,19410.0,3.646771723287839,3769498.0,,,,1000.0
2013-08-01T00:00:00,TSC,5.8,5.7,5.7,5.8,5.8,5.5,11780.0,11780.0,0.0,68324000.0,0.0,5190.0,30022000.0,0.0,0.0,23.0,52510.0,7.0,15490.0,3.646771723287839,3764308.0,,,,1000.0
2013-08-02T00:00:00,TSC,6.0,5.8,6.0,5.8,5.8,5.8,6040.0,6040.0,0.0,35032000.0,0.0,3890.0,22562000.0,0.0,0.0,11.0,27790.0,20.0,26510.0,3.646771723287839,3760418.0,,,,1000.0
2013-08-05T00:00:00,TSC,6.2,5.9,5.9,5.9,5.9,5.8,34580.0,34580.0,0.0,204022000.0,0.0,27980.0,0.0,0.0,0.0,28.0,61600.0,29.0,42650.0,3.646771723287839,3732438.0,,,,1000.0
2013-08-06T00:00:00,TSC,6.3,6.2,6.2,6.3,6.3,5.9,46000.0,46000.0,0.0,289800000.0,0.0,9940.0,62622000.0,0.0,0.0,34.0,125110.0,16.0,46000.0,3.646771723287839,3722498.0,,,,1000.0
2013-08-07T00:00:00,TSC,6.7,6.7,6.7,6.7,6.7,6.3,13670.0,13670.0,0.0,91589000.0,0.0,0.0,0.0,0.0,0.0,22.0,131350.0,12.0,13670.0,3.646771723287839,3722498.0,,,,1000.0
2013-08-08T00:00:00,TSC,7.1,7.1,7.1,7.1,7.1,6.7,76340.0,76340.0,0.0,542014000.0,0.0,0.0,0.0,0.0,0.0,44.0,143870.0,34.0,76340.0,3.646771723287839,3722498.0,,,,1000.0
2013-08-09T00:00:00,TSC,7.3,7.1,7.1,7.2,7.2,7.1,20640.0,20640.0,0.0,148608000.0,0.0,0.0,0.0,0.0,0.0,16.0,32910.0,37.0,57900.0,3.646771723287839,3722498.0,,,,1000.0
2013-08-12T00:00:00,TSC,7.0,6.9,7.0,6.9,6.9,7.2,8760.0,8760.0,0.0,60444000.0,0.0,0.0,0.0,0.0,0.0,18.0,18280.0,43.0,54050.0,3.646771723287839,3722498.0,,,,1000.0
2013-08-13T00:00:00,TSC,7.0,6.7,6.8,6.7,6.7,6.9,29270.0,29270.0,0.0,196109000.0,0.0,6450.0,0.0,0.0,0.0,31.0,46630.0,40.0,75880.0,3.646771723287839,3716048.0,,,,1000.0
2013-08-14T00:00:00,TSC,6.7,6.5,6.5,6.7,6.7,6.7,14520.0,14520.0,0.0,97284000.0,0.0,560.0,3696000.0,0.0,0.0,21.0,27580.0,24.0,59460.0,3.646771723287839,3715488.0,,,,1000.0
2013-08-15T00:00:00,TSC,6.7,6.6,6.7,6.7,6.7,6.7,5470.0,5470.0,0.0,36649000.0,0.0,0.0,0.0,0.0,0.0,27.0,28180.0,23.0,28270.0,3.646771723287839,3715488.0,,,,1000.0
2013-08-16T00:00:00,TSC,6.7,6.7,6.7,6.7,6.7,6.7,60.0,60.0,0.0,402000.0,0.0,0.0,0.0,0.0,0.0,7.0,5650.0,16.0,44420.0,3.646771723287839,3715488.0,,,,1000.0
2013-08-19T00:00:00,TSC,6.7,6.5,6.7,6.5,6.5,6.7,20760.0,20760.0,0.0,134940000.0,0.0,0.0,0.0,0.0,0.0,25.0,29730.0,35.0,66060.0,3.646771723287839,3715488.0,,,,1000.0
2013-08-20T00:00:00,TSC,6.5,6.2,6.4,6.3,6.3,6.5,5610.0,5610.0,0.0,35343000.0,0.0,0.0,0.0,0.0,0.0,24.0,11450.0,21.0,26800.0,3.646771723287839,3715488.0,,,,1000.0
2013-08-21T00:00:00,TSC,6.5,6.3,6.5,6.4,6.4,6.3,1020.0,1020.0,0.0,6528000.0,0.0,0.0,0.0,0.0,0.0,14.0,9050.0,11.0,28900.0,3.646771723287839,3715488.0,,,,1000.0
2013-08-22T00:00:00,TSC,6.5,6.2,6.4,6.3,6.3,6.4,3390.0,3390.0,0.0,21357000.0,0.0,0.0,0.0,0.0,0.0,11.0,6460.0,17.0,27140.0,3.646771723287839,3715488.0,,,,1000.0
2013-08-23T00:00:00,TSC,6.3,6.3,6.3,6.3,6.3,6.3,1000.0,1000.0,0.0,6300000.0,0.0,0.0,0.0,0.0,0.0,8.0,10160.0,9.0,14710.0,3.646771723287839,3715488.0,,,,1000.0
2013-08-26T00:00:00,TSC,6.3,6.2,6.3,6.2,6.2,6.3,2120.0,2120.0,0.0,13144000.0,0.0,0.0,0.0,0.0,0.0,8.0,9220.0,19.0,36080.0,3.646771723287839,3715488.0,,,,1000.0
2013-08-27T00:00:00,TSC,6.2,6.1,6.1,6.2,6.2,6.2,2190.0,2190.0,0.0,13578000.0,0.0,0.0,0.0,0.0,0.0,10.0,5390.0,12.0,26440.0,3.646771723287839,3715488.0,,,,1000.0
2013-08-28T00:00:00,TSC,6.0,5.8,5.9,5.8,5.8,6.2,18590.0,18590.0,0.0,107822000.0,0.0,0.0,0.0,0.0,0.0,24.0,19390.0,23.0,37440.0,3.646771723287839,3715488.0,,,,1000.0
2013-08-29T00:00:00,TSC,6.0,5.6,5.6,6.0,6.0,5.8,180.0,180.0,0.0,1080000.0,0.0,0.0,0.0,0.0,0.0,13.0,8510.0,4.0,6300.0,3.646771723287839,3715488.0,,,,1000.0
2013-08-30T00:00:00,TSC,6.2,6.0,6.0,6.2,6.2,6.0,120.0,120.0,0.0,744000.0,0.0,0.0,0.0,0.0,0.0,7.0,1730.0,9.0,10800.0,3.646771723287839,3715488.0,,,,1000.0
2013-09-03T00:00:00,TSC,6.2,6.0,6.0,6.2,6.2,6.2,1140.0,1140.0,0.0,7068000.0,0.0,0.0,0.0,0.0,0.0,6.0,1740.0,15.0,19670.0,3.646771723287839,3715488.0,,,,1000.0
2013-09-04T00:00:00,TSC,6.2,5.9,6.2,5.9,5.9,6.2,1000.0,1000.0,0.0,5900000.0,0.0,0.0,0.0,0.0,0.0,10.0,3900.0,12.0,18210.0,3.646771723287839,3715488.0,,,,1000.0
2013-09-05T00:00:00,TSC,6.1,5.9,5.9,6.1,6.1,5.9,2510.0,2510.0,0.0,15311000.0,0.0,0.0,0.0,0.0,0.0,11.0,6090.0,9.0,11770.0,3.646771723287839,3715488.0,,,,1000.0
2013-09-06T00:00:00,TSC,6.1,5.9,6.0,6.1,6.1,6.1,180.0,180.0,0.0,1098000.0,0.0,0.0,0.0,0.0,0.0,11.0,5850.0,16.0,45580.0,3.646771723287839,3715488.0,,,,1000.0
2013-09-09T00:00:00,TSC,6.1,5.8,6.1,5.8,5.8,6.1,1000.0,1000.0,0.0,5800000.0,0.0,0.0,0.0,0.0,0.0,7.0,2290.0,12.0,13300.0,3.646771723287839,3715488.0,,,,1000.0
2013-09-10T00:00:00,TSC,5.9,5.7,5.9,5.9,5.9,5.8,6870.0,6870.0,0.0,40533000.0,0.0,0.0,0.0,0.0,0.0,15.0,17160.0,10.0,14400.0,3.646771723287839,3715488.0,,,,1000.0
2013-09-11T00:00:00,TSC,5.9,5.6,5.9,5.6,5.6,5.9,3140.0,3140.0,0.0,17584000.0,0.0,0.0,0.0,0.0,0.0,4.0,10070.0,12.0,22200.0,3.646771723287839,3715488.0,,,,1000.0
2013-09-12T00:00:00,TSC,5.9,5.6,5.9,5.9,5.9,5.6,2450.0,2450.0,0.0,14455000.0,0.0,2400.0,13440000.0,0.0,0.0,8.0,4640.0,5.0,4480.0,3.646771723287839,3713088.0,,,,1000.0
2013-09-13T00:00:00,TSC,6.0,5.9,6.0,5.9,5.9,5.9,20.0,20.0,0.0,118000.0,0.0,0.0,0.0,0.0,0.0,5.0,230.0,9.0,4960.0,3.646771723287839,3713088.0,,,,1000.0
2013-09-16T00:00:00,TSC,6.2,5.7,6.2,6.0,6.0,5.9,790.0,790.0,0.0,4740000.0,0.0,0.0,0.0,0.0,0.0,8.0,9020.0,10.0,22550.0,3.646771723287839,3713088.0,,,,1000.0
2013-09-17T00:00:00,TSC,6.0,6.0,6.0,6.0,6.0,6.0,0.0,0.0,0.0,0.0,0.0,0.0,0.0,0.0,0.0,3.0,70.0,9.0,20230.0,3.646771723287839,3713088.0,,,,1000.0
2013-09-18T00:00:00,TSC,5.8,5.7,5.7,5.8,5.8,6.0,190.0,190.0,0.0,1102000.0,0.0,0.0,0.0,0.0,0.0,5.0,490.0,14.0,15100.0,3.646771723287839,3713088.0,,,,1000.0
2013-09-19T00:00:00,TSC,5.8,5.4,5.6,5.8,5.8,5.8,6120.0,6120.0,0.0,35496000.0,0.0,0.0,0.0,0.0,0.0,18.0,14270.0,18.0,20630.0,3.646771723287839,3713088.0,,,,1000.0
2013-09-20T00:00:00,TSC,6.0,5.4,5.7,6.0,6.0,5.8,980.0,980.0,0.0,5880000.0,0.0,0.0,0.0,0.0,0.0,14.0,4940.0,12.0,4790.0,3.646771723287839,3713088.0,,,,1000.0
2013-09-23T00:00:00,TSC,6.1,6.1,6.1,6.1,6.1,6.0,10.0,10.0,0.0,61000.0,0.0,0.0,0.0,0.0,0.0,2.0,110.0,13.0,31630.0,3.646771723287839,3713088.0,,,,1000.0
2013-09-24T00:00:00,TSC,6.1,5.8,6.0,6.1,6.1,6.1,710.0,710.0,0.0,4331000.0,0.0,0.0,0.0,0.0,0.0,9.0,2180.0,26.0,25550.0,3.646771723287839,3713088.0,,,,1000.0
2013-09-25T00:00:00,TSC,6.1,5.7,5.7,6.1,6.1,6.1,3310.0,3310.0,0.0,20191000.0,0.0,0.0,0.0,0.0,0.0,9.0,2180.0,26.0,25550.0,3.646771723287839,3713088.0,,,,1000.0
2013-09-26T00:00:00,TSC,6.0,5.7,5.7,5.7,5.7,6.1,9320.0,9320.0,0.0,53124000.0,0.0,0.0,0.0,0.0,0.0,14.0,9550.0,24.0,34790.0,3.646771723287839,3713088.0,,,,1000.0
2013-09-27T00:00:00,TSC,5.9,5.9,5.9,5.9,5.9,5.7,10.0,10.0,0.0,59000.0,0.0,0.0,0.0,0.0,0.0,12.0,7150.0,4.0,1610.0,3.646771723287839,3713088.0,,,,1000.0
2013-09-30T00:00:00,TSC,5.9,5.8,5.8,5.9,5.9,5.9,110.0,110.0,0.0,649000.0,0.0,0.0,0.0,0.0,0.0,5.0,2410.0,13.0,17180.0,3.646771723287839,3713088.0,,,,1000.0
2013-10-01T00:00:00,TSC,5.9,5.5,5.9,5.5,5.5,5.9,9640.0,9640.0,0.0,53020000.0,0.0,0.0,0.0,0.0,0.0,20.0,10640.0,25.0,36060.0,3.646771723287839,3713088.0,,,,1000.0
2013-10-02T00:00:00,TSC,5.8,5.5,5.7,5.5,5.5,5.5,1310.0,1310.0,0.0,7205000.0,0.0,0.0,0.0,0.0,0.0,21.0,19100.0,7.0,4390.0,3.646771723287839,3713088.0,,,,1000.0
2013-10-03T00:00:00,TSC,5.8,5.5,5.6,5.5,5.5,5.5,5210.0,5210.0,0.0,28655000.0,0.0,0.0,0.0,0.0,0.0,21.0,44680.0,9.0,6940.0,3.646771723287839,3713088.0,,,,1000.0
2013-10-04T00:00:00,TSC,5.8,5.7,5.7,5.8,5.8,5.5,5010.0,5010.0,0.0,29058000.0,0.0,0.0,0.0,0.0,0.0,21.0,20790.0,7.0,11080.0,3.646771723287839,3713088.0,,,,1000.0
2013-10-07T00:00:00,TSC,5.8,5.6,5.8,5.6,5.6,5.8,670.0,670.0,0.0,3752000.0,0.0,0.0,0.0,0.0,0.0,12.0,15860.0,21.0,28870.0,3.646771723287839,3713088.0,,,,1000.0
2013-10-08T00:00:00,TSC,5.6,5.6,5.6,5.6,5.6,5.6,6800.0,6800.0,0.0,38080000.0,0.0,0.0,0.0,0.0,0.0,14.0,16800.0,9.0,22690.0,3.646771723287839,3713088.0,,,,1000.0
2013-10-09T00:00:00,TSC,5.8,5.6,5.8,5.7,5.7,5.6,2610.0,2610.0,0.0,14877000.0,0.0,0.0,0.0,0.0,0.0,17.0,21950.0,19.0,21590.0,3.646771723287839,3713088.0,,,,1000.0
2013-10-10T00:00:00,TSC,5.6,5.6,5.6,5.6,5.6,5.7,1500.0,1500.0,0.0,8400000.0,0.0,0.0,0.0,0.0,0.0,10.0,27810.0,10.0,18780.0,3.646771723287839,3713088.0,,,,1000.0
2013-10-11T00:00:00,TSC,5.8,5.7,5.7,5.8,5.8,5.6,5010.0,5010.0,0.0,29058000.0,0.0,5000.0,28500000.0,0.0,0.0,13.0,13720.0,5.0,15580.0,3.646771723287839,3708088.0,,,,1000.0
2013-10-14T00:00:00,TSC,5.6,5.6,5.6,5.6,5.6,5.8,200.0,200.0,0.0,1120000.0,0.0,0.0,0.0,0.0,0.0,5.0,6600.0,10.0,11470.0,3.646771723287839,3708088.0,,,,1000.0
2013-10-15T00:00:00,TSC,5.9,5.8,5.8,5.8,5.8,5.6,16450.0,16450.0,0.0,95410000.0,0.0,0.0,0.0,200.0,1160000.0,25.0,61930.0,9.0,16470.0,3.646771723287839,3708088.0,,,,1000.0
2013-10-16T00:00:00,TSC,6.2,6.1,6.1,6.1,6.1,5.8,18340.0,18340.0,0.0,111874000.0,0.0,0.0,0.0,0.0,0.0,25.0,39310.0,25.0,27220.0,3.646771723287839,3708088.0,,,,1000.0
2013-10-17T00:00:00,TSC,6.1,5.9,6.0,6.1,6.1,6.1,2540.0,2540.0,0.0,15494000.0,0.0,0.0,0.0,0.0,0.0,12.0,19700.0,16.0,14500.0,3.646771723287839,3708088.0,,,,1000.0
2013-10-18T00:00:00,TSC,6.1,6.0,6.1,6.1,6.1,6.1,5140.0,5140.0,0.0,31354000.0,0.0,0.0,0.0,0.0,0.0,13.0,15500.0,23.0,13500.0,3.646771723287839,3708088.0,,,,1000.0
2013-10-21T00:00:00,TSC,6.5,6.5,6.5,6.5,6.5,6.1,11370.0,11370.0,0.0,73905000.0,0.0,0.0,0.0,0.0,0.0,48.0,319890.0,12.0,11370.0,3.646771723287839,3708288.0,,,,1000.0
2013-10-22T00:00:00,TSC,6.9,6.9,6.9,6.9,6.9,6.5,24450.0,24450.0,0.0,168705000.0,0.0,0.0,0.0,7400.0,51060000.0,45.0,256100.0,10.0,24450.0,3.646771723287839,3708288.0,,,,1000.0
2013-10-23T00:00:00,TSC,7.3,7.3,7.3,7.3,7.3,6.9,94110.0,94110.0,0.0,687003000.0,0.0,0.0,0.0,0.0,0.0,51.0,473910.0,31.0,94110.0,3.646771723287839,3708288.0,,,,1000.0
2013-10-24T00:00:00,TSC,7.6,6.9,6.9,7.4,7.4,7.3,179830.0,179830.0,0.0,1330742000.0,0.0,0.0,0.0,0.0,0.0,79.0,356100.0,100.0,391540.0,3.646771723287839,3708288.0,,,,1000.0
2013-10-25T00:00:00,TSC,7.7,7.2,7.3,7.6,7.6,7.4,91480.0,91480.0,0.0,695248000.0,0.0,0.0,0.0,0.0,0.0,52.0,369920.0,35.0,124000.0,3.646771723287839,3708288.0,,,,1000.0
2013-10-28T00:00:00,TSC,7.6,7.3,7.5,7.3,7.3,7.6,28400.0,28400.0,0.0,207320000.0,0.0,0.0,0.0,0.0,0.0,45.0,287260.0,36.0,72290.0,3.646771723287839,3715688.0,,,,1000.0
2013-10-29T00:00:00,TSC,7.8,7.1,7.3,7.8,7.8,7.3,94480.0,94480.0,0.0,736944000.0,0.0,0.0,0.0,2000.0,15400000.0,86.0,596760.0,58.0,167350.0,3.646771723287839,3715688.0,,,,1000.0
2013-10-30T00:00:00,TSC,8.3,7.3,8.3,7.3,7.3,7.8,185580.0,185580.0,0.0,1354734000.0,0.0,0.0,0.0,0.0,0.0,92.0,617490.0,60.0,238000.0,3.646771723287839,3715688.0,,,,1000.0
2013-10-31T00:00:00,TSC,7.6,7.3,7.6,7.5,7.5,7.3,28000.0,28000.0,0.0,210000000.0,0.0,0.0,0.0,0.0,0.0,51.0,130980.0,31.0,54070.0,3.646771723287839,3715688.0,,,,1000.0
2013-11-01T00:00:00,TSC,7.7,7.5,7.7,7.5,7.5,7.5,28880.0,28880.0,0.0,216600000.0,0.0,0.0,0.0,0.0,0.0,38.0,70310.0,37.0,52690.0,3.646771723287839,3715688.0,,,,1000.0
2013-11-04T00:00:00,TSC,7.6,7.5,7.5,7.5,7.5,7.5,80650.0,80650.0,0.0,604875000.0,0.0,0.0,0.0,0.0,0.0,50.0,132070.0,51.0,127940.0,3.646771723287839,3717688.0,,,,1000.0
2013-11-05T00:00:00,TSC,7.8,7.5,7.8,7.8,7.8,7.5,118450.0,90450.0,28000.0,915510000.0,210000000.0,0.0,0.0,0.0,0.0,37.0,198670.0,51.0,129020.0,3.646771723287839,3717688.0,,,,1000.0
2013-11-06T00:00:00,TSC,7.8,7.5,7.6,7.6,7.6,7.8,36690.0,36690.0,0.0,278844000.0,0.0,0.0,0.0,0.0,0.0,34.0,53600.0,47.0,79290.0,3.646771723287839,3715688.0,,,,1000.0
2013-11-07T00:00:00,TSC,7.7,7.5,7.6,7.7,7.7,7.6,19700.0,19700.0,0.0,151690000.0,0.0,0.0,0.0,0.0,0.0,24.0,50040.0,31.0,40160.0,3.646771723287839,3717688.0,,,,1000.0
2013-11-08T00:00:00,TSC,7.8,7.5,7.7,7.8,7.8,7.7,39070.0,39070.0,0.0,304746000.0,0.0,0.0,0.0,0.0,0.0,31.0,74750.0,30.0,69750.0,3.646771723287839,3717688.0,,,,1000.0
2013-11-11T00:00:00,TSC,7.8,7.4,7.4,7.7,7.7,7.8,17610.0,17610.0,0.0,135597000.0,0.0,0.0,0.0,0.0,0.0,36.0,29270.0,41.0,48160.0,3.646771723287839,3717688.0,,,,1000.0
2013-11-12T00:00:00,TSC,7.8,7.6,7.6,7.8,7.8,7.7,50920.0,50920.0,0.0,397176000.0,0.0,0.0,0.0,0.0,0.0,28.0,112670.0,36.0,68340.0,3.646771723287839,3717688.0,,,,1000.0
2013-11-13T00:00:00,TSC,7.8,7.7,7.7,7.7,7.7,7.8,7320.0,7320.0,0.0,56364000.0,0.0,0.0,0.0,0.0,0.0,17.0,29730.0,35.0,55840.0,3.646771723287839,3717688.0,,,,1000.0
2013-11-14T00:00:00,TSC,7.9,7.7,7.8,7.9,7.9,7.7,47190.0,47190.0,0.0,372801000.0,0.0,0.0,0.0,0.0,0.0,26.0,70780.0,25.0,59100.0,3.646771723287839,3717688.0,,,,1000.0
2013-11-15T00:00:00,TSC,8.0,7.7,7.7,8.0,8.0,7.9,10800.0,10800.0,0.0,86400000.0,0.0,0.0,0.0,0.0,0.0,24.0,36280.0,21.0,24160.0,3.646771723287839,3717688.0,,,,1000.0
2013-11-18T00:00:00,TSC,8.1,7.7,7.7,8.0,8.0,8.0,11940.0,11940.0,0.0,95520000.0,0.0,0.0,0.0,0.0,0.0,14.0,32830.0,26.0,27060.0,3.646771723287839,3717688.0,,,,1000.0
2013-11-19T00:00:00,TSC,8.1,7.5,8.0,8.0,8.0,8.0,21770.0,21770.0,0.0,174160000.0,0.0,0.0,0.0,0.0,0.0,24.0,69780.0,27.0,51650.0,3.646771723287839,3717688.0,,,,1000.0
2013-11-20T00:00:00,TSC,8.1,8.0,8.1,8.1,8.1,8.0,28060.0,28060.0,0.0,227286000.0,0.0,0.0,0.0,0.0,0.0,31.0,53950.0,20.0,37710.0,3.646771723287839,3717688.0,,,,1000.0
2013-11-21T00:00:00,TSC,8.3,7.8,7.8,8.0,8.0,8.1,25620.0,25620.0,0.0,204960000.0,0.0,0.0,0.0,0.0,0.0,33.0,51810.0,33.0,50270.0,3.646771723287839,3717688.0,,,,1000.0
2013-11-22T00:00:00,TSC,8.1,8.0,8.0,8.1,8.1,8.0,20170.0,20170.0,0.0,163377000.0,0.0,0.0,0.0,0.0,0.0,21.0,37390.0,19.0,38650.0,3.646771723287839,3717688.0,,,,1000.0
2013-11-25T00:00:00,TSC,8.4,8.1,8.1,8.1,8.1,8.1,6850.0,6850.0,0.0,55485000.0,0.0,0.0,0.0,0.0,0.0,15.0,24210.0,18.0,25090.0,3.646771723287839,3717688.0,,,,1000.0
2013-11-26T00:00:00,TSC,8.6,8.1,8.1,8.6,8.6,8.1,14550.0,14550.0,0.0,125130000.0,0.0,0.0,0.0,0.0,0.0,22.0,46940.0,24.0,21640.0,3.646771723287839,3717688.0,,,,1000.0
2013-11-27T00:00:00,TSC,8.9,8.7,8.9,8.8,8.8,8.6,580.0,580.0,0.0,5104000.0,0.0,0.0,0.0,0.0,0.0,14.0,14220.0,24.0,52840.0,3.646771723287839,3717688.0,,,,1000.0
2013-11-28T00:00:00,TSC,9.0,8.4,9.0,8.4,8.4,8.8,13860.0,13860.0,0.0,116424000.0,0.0,0.0,0.0,0.0,0.0,23.0,25590.0,26.0,42730.0,3.646771723287839,3717688.0,,,,1000.0
2013-11-29T00:00:00,TSC,8.7,8.4,8.7,8.6,8.6,8.4,6580.0,6580.0,0.0,56588000.0,0.0,0.0,0.0,0.0,0.0,21.0,13010.0,19.0,27350.0,3.646771723287839,3717688.0,,,,1000.0
2013-12-02T00:00:00,TSC,8.5,8.3,8.3,8.4,8.4,8.6,8530.0,8530.0,0.0,71652000.0,0.0,0.0,0.0,0.0,0.0,17.0,18120.0,24.0,42640.0,3.646771723287839,3717688.0,,,,1000.0
2013-12-03T00:00:00,TSC,8.8,8.3,8.8,8.5,8.5,8.4,122440.0,2440.0,120000.0,1088740000.0,1068000000.0,0.0,0.0,0.0,0.0,19.0,30410.0,23.0,24940.0,3.646771723287839,3717688.0,,,,1000.0
2013-12-04T00:00:00,TSC,8.8,8.3,8.3,8.7,8.7,8.5,4770.0,4770.0,0.0,41499000.0,0.0,0.0,0.0,0.0,0.0,20.0,14250.0,20.0,27730.0,3.646771723287839,3717688.0,,,,1000.0
2013-12-05T00:00:00,TSC,8.8,8.2,8.2,8.8,8.8,8.7,5710.0,5710.0,0.0,50248000.0,0.0,0.0,0.0,0.0,0.0,14.0,10190.0,20.0,37060.0,3.646771723287839,3717688.0,,,,1000.0
2013-12-06T00:00:00,TSC,8.7,8.3,8.5,8.7,8.7,8.8,220.0,220.0,0.0,1914000.0,0.0,0.0,0.0,0.0,0.0,3.0,310.0,20.0,35850.0,3.646771723287839,3717688.0,,,,1000.0
2013-12-09T00:00:00,TSC,8.7,8.7,8.7,8.7,8.7,8.7,120010.0,10.0,120000.0,972087000.0,972000000.0,0.0,0.0,0.0,0.0,3.0,1110.0,18.0,29630.0,3.646771723287839,3717688.0,,,,1000.0
2013-12-10T00:00:00,TSC,8.5,8.2,8.2,8.5,8.5,8.7,1110.0,1110.0,0.0,9435000.0,0.0,0.0,0.0,0.0,0.0,9.0,3290.0,16.0,15570.0,3.646771723287839,3717688.0,,,,1000.0
2013-12-11T00:00:00,TSC,8.6,8.6,8.6,8.6,8.6,8.5,10.0,10.0,0.0,86000.0,0.0,0.0,0.0,0.0,0.0,3.0,130.0,10.0,20530.0,3.646771723287839,3717688.0,,,,1000.0
2013-12-12T00:00:00,TSC,8.6,8.0,8.0,8.0,8.0,8.6,10590.0,10590.0,0.0,84720000.0,0.0,0.0,0.0,0.0,0.0,22.0,12630.0,26.0,31760.0,3.646771723287839,3717688.0,,,,1000.0
2013-12-13T00:00:00,TSC,8.4,8.0,8.0,8.4,8.4,8.0,100.0,100.0,0.0,840000.0,0.0,0.0,0.0,0.0,0.0,7.0,4130.0,10.0,15060.0,3.646771723287839,3717688.0,0.0,0.0,0.0,1000.0
2013-12-16T00:00:00,TSC,8.6,8.1,8.5,8.4,8.4,8.4,10190.0,10190.0,0.0,85596000.0,0.0,0.0,0.0,0.0,0.0,27.0,14660.0,24.0,23850.0,3.646771723287839,3717688.0,,,,1000.0
2013-12-17T00:00:00,TSC,8.4,8.0,8.4,8.0,8.0,8.4,33640.0,33640.0,0.0,269120000.0,0.0,0.0,0.0,0.0,0.0,76.0,53710.0,33.0,55770.0,3.646771723287839,3717688.0,,,,1000.0
2013-12-18T00:00:00,TSC,8.4,8.1,8.4,8.4,8.4,8.0,29200.0,29200.0,0.0,245280000.0,0.0,0.0,0.0,0.0,0.0,24.0,47390.0,17.0,38890.0,3.646771723287839,3717688.0,,,,1000.0
2013-12-19T00:00:00,TSC,8.9,8.6,8.7,8.9,8.9,8.4,21700.0,21700.0,0.0,193130000.0,0.0,0.0,0.0,0.0,0.0,18.0,58070.0,25.0,31310.0,3.646771723287839,3717688.0,,,,1000.0
2013-12-20T00:00:00,TSC,9.4,8.4,8.7,9.4,9.4,8.9,17240.0,17240.0,0.0,162056000.0,0.0,0.0,0.0,1200.0,10440000.0,15.0,34290.0,21.0,26320.0,3.646771723287839,3717688.0,,,,1000.0
2013-12-23T00:00:00,TSC,9.9,8.8,9.9,9.6,9.6,9.4,10220.0,10220.0,0.0,98112000.0,0.0,0.0,0.0,0.0,0.0,12.0,15270.0,14.0,44490.0,3.646771723287839,3717688.0,,,,1000.0
2013-12-24T00:00:00,TSC,9.7,9.0,9.7,9.0,9.0,9.6,22050.0,22050.0,0.0,198450000.0,0.0,0.0,0.0,0.0,0.0,9.0,22260.0,25.0,65850.0,3.646771723287839,3717688.0,,,,1000.0
2013-12-25T00:00:00,TSC,9.4,9.2,9.4,9.4,9.4,9.0,60.0,60.0,0.0,564000.0,0.0,0.0,0.0,0.0,0.0,7.0,9310.0,11.0,28290.0,3.646771723287839,3717688.0,,,,1000.0
2013-12-26T00:00:00,TSC,9.4,9.4,9.4,9.4,9.4,9.4,10.0,10.0,0.0,94000.0,0.0,0.0,0.0,0.0,0.0,2.0,1010.0,14.0,31630.0,3.646771723287839,3718888.0,,,,1000.0
2013-12-27T00:00:00,TSC,9.8,8.8,9.8,8.8,8.8,9.4,1170.0,1170.0,0.0,10296000.0,0.0,0.0,0.0,0.0,0.0,10.0,1170.0,24.0,29370.0,3.646771723287839,3718888.0,,,,1000.0
2013-12-30T00:00:00,TSC,9.3,8.3,9.2,9.1,9.1,8.8,6960.0,6960.0,0.0,63336000.0,0.0,0.0,0.0,0.0,0.0,10.0,9790.0,14.0,13070.0,3.646771723287839,3718888.0,,,,1000.0
2013-12-31T00:00:00,TSC,9.0,8.5,8.5,9.0,9.0,9.1,260.0,260.0,0.0,2340000.0,0.0,0.0,0.0,0.0,0.0,10.0,3610.0,12.0,14840.0,3.646771723287839,3718888.0,,,,1000.0
2014-01-02T00:00:00,TSC,9.1,8.4,9.1,9.1,9.1,9.0,7160.0,7160.0,0.0,65156000.0,0.0,0.0,0.0,0.0,0.0,8.0,7480.0,16.0,29010.0,3.646771723287839,3718888.0,,,,1000.0
2014-01-03T00:00:00,TSC,9.0,8.5,8.5,8.6,8.6,9.1,2810.0,2810.0,0.0,24166000.0,0.0,0.0,0.0,0.0,0.0,12.0,5980.0,17.0,8710.0,3.646771723287839,3718888.0,,,,1000.0
2014-01-06T00:00:00,TSC,9.2,8.5,9.2,8.7,8.7,8.6,2490.0,2490.0,0.0,21663000.0,0.0,0.0,0.0,0.0,0.0,18.0,8820.0,17.0,14600.0,3.646771723287839,3718888.0,,,,1000.0
2014-01-07T00:00:00,TSC,9.2,8.1,8.8,8.6,8.6,8.7,3670.0,3670.0,0.0,31562000.0,0.0,0.0,0.0,0.0,0.0,22.0,15720.0,23.0,12570.0,3.646771723287839,3718888.0,,,,1000.0
2014-01-08T00:00:00,TSC,9.0,9.0,9.0,9.0,9.0,8.6,160.0,160.0,0.0,1440000.0,0.0,0.0,0.0,0.0,0.0,11.0,6020.0,14.0,7930.0,3.646771723287839,3718888.0,,,,1000.0
2014-01-09T00:00:00,TSC,9.2,8.4,8.5,9.2,9.2,9.0,11270.0,11270.0,0.0,103684000.0,0.0,0.0,0.0,0.0,0.0,13.0,21370.0,16.0,15660.0,3.646771723287839,3718888.0,,,,1000.0
2014-01-10T00:00:00,TSC,9.4,8.7,9.3,8.9,8.9,9.2,2390.0,2390.0,0.0,21271000.0,0.0,0.0,0.0,0.0,0.0,16.0,11800.0,25.0,31850.0,3.646771723287839,3718888.0,,,,1000.0
2014-01-13T00:00:00,TSC,9.1,8.7,9.0,8.7,8.7,8.9,136550.0,136550.0,0.0,1187985000.0,0.0,0.0,0.0,0.0,0.0,25.0,147200.0,32.0,164650.0,3.646771723287839,3718888.0,,,,1000.0
2014-01-14T00:00:00,TSC,9.2,9.2,9.2,9.2,9.2,8.7,160.0,160.0,0.0,1472000.0,0.0,0.0,0.0,0.0,0.0,17.0,20450.0,10.0,16610.0,3.646771723287839,3718888.0,,,,1000.0
2014-01-15T00:00:00,TSC,9.2,9.1,9.1,9.2,9.2,9.2,530.0,530.0,0.0,4876000.0,0.0,0.0,0.0,0.0,0.0,12.0,23540.0,16.0,25800.0,3.646771723287839,3718888.0,,,,1000.0
2014-01-16T00:00:00,TSC,9.2,8.7,8.7,9.2,9.2,9.2,7100.0,7100.0,0.0,65320000.0,0.0,0.0,0.0,0.0,0.0,12.0,20500.0,17.0,32670.0,3.646771723287839,3718888.0,,,,1000.0
2014-01-17T00:00:00,TSC,9.3,8.7,9.3,8.7,8.7,9.2,910.0,910.0,0.0,7917000.0,0.0,0.0,0.0,0.0,0.0,17.0,31770.0,16.0,28740.0,3.646771723287839,3718888.0,,,,1000.0
2014-01-20T00:00:00,TSC,9.2,8.1,9.2,8.1,8.1,8.7,197730.0,197730.0,0.0,1601613000.0,0.0,0.0,0.0,0.0,0.0,46.0,249750.0,36.0,256920.0,3.646771723287839,3718888.0,,,,1000.0
2014-01-21T00:00:00,TSC,8.5,8.1,8.5,8.5,8.5,8.1,310.0,310.0,0.0,2635000.0,0.0,0.0,0.0,0.0,0.0,16.0,22970.0,4.0,1630.0,3.646771723287839,3718888.0,,,,1000.0
2014-01-22T00:00:00,TSC,8.4,8.0,8.4,8.0,8.0,8.5,2060.0,2060.0,0.0,16480000.0,0.0,0.0,0.0,0.0,0.0,21.0,35570.0,13.0,8360.0,3.646771723287839,3718888.0,,,,1000.0
2014-01-23T00:00:00,TSC,8.5,8.0,8.5,8.5,8.5,8.0,500.0,500.0,0.0,4250000.0,0.0,0.0,0.0,0.0,0.0,15.0,11110.0,5.0,3270.0,3.646771723287839,3718888.0,,,,1000.0
2014-01-24T00:00:00,TSC,8.7,8.7,8.7,8.7,8.7,8.5,60.0,60.0,0.0,522000.0,0.0,0.0,0.0,0.0,0.0,9.0,3270.0,9.0,6700.0,3.646771723287839,3718888.0,,,,1000.0
2014-01-27T00:00:00,TSC,9.2,9.2,9.2,9.2,9.2,8.7,90.0,90.0,0.0,828000.0,0.0,0.0,0.0,0.0,0.0,9.0,30970.0,9.0,4620.0,3.646771723287839,3718888.0,,,,1000.0
2014-02-06T00:00:00,TSC,9.6,8.6,8.6,8.6,8.6,9.2,53460.0,53460.0,0.0,459756000.0,0.0,0.0,0.0,0.0,0.0,26.0,72220.0,26.0,64390.0,3.646771723287839,3718888.0,,,,1000.0
2014-02-07T00:00:00,TSC,8.8,8.8,8.8,8.8,8.8,8.6,10620.0,10620.0,0.0,93456000.0,0.0,0.0,0.0,0.0,0.0,10.0,28520.0,9.0,28140.0,3.646771723287839,3718888.0,,,,1000.0
2014-02-10T00:00:00,TSC,9.4,8.8,8.9,9.2,9.2,8.8,56700.0,56700.0,0.0,521640000.0,0.0,0.0,0.0,0.0,0.0,41.0,134450.0,28.0,70790.0,3.646771723287839,3718888.0,,,,1000.0
2014-02-11T00:00:00,TSC,9.4,8.9,9.0,8.9,8.9,9.2,59240.0,59240.0,0.0,527236000.0,0.0,0.0,0.0,0.0,0.0,40.0,92120.0,40.0,157490.0,3.646771723287839,3718888.0,,,,1000.0
2014-02-12T00:00:00,TSC,9.5,8.6,9.1,9.2,9.2,8.9,29210.0,29210.0,0.0,268732000.0,0.0,0.0,0.0,0.0,0.0,27.0,68550.0,30.0,57890.0,3.646771723287839,3718888.0,,,,1000.0
2014-02-13T00:00:00,TSC,9.4,8.8,9.3,9.0,9.0,9.2,52040.0,52040.0,0.0,468360000.0,0.0,0.0,0.0,0.0,0.0,33.0,119820.0,43.0,148590.0,3.646771723287839,3718888.0,,,,1000.0
2014-02-14T00:00:00,TSC,9.5,8.9,8.9,8.9,8.9,9.0,32370.0,32370.0,0.0,288093000.0,0.0,0.0,0.0,0.0,0.0,30.0,75030.0,35.0,61390.0,3.646771723287839,3718888.0,,,,1000.0
2014-02-17T00:00:00,TSC,9.5,8.7,8.8,9.5,9.5,8.9,111480.0,111480.0,0.0,1059060000.0,0.0,0.0,0.0,0.0,0.0,43.0,280410.0,24.0,152100.0,3.646771723287839,3718888.0,,,,1000.0
2014-02-18T00:00:00,TSC,10.1,9.7,9.9,10.1,10.1,9.5,47510.0,47510.0,0.0,479851000.0,0.0,0.0,0.0,0.0,0.0,27.0,138590.0,27.0,58410.0,3.646771723287839,3718888.0,,,,1000.0
2014-02-19T00:00:00,TSC,10.8,10.8,10.8,10.8,10.8,10.1,185080.0,185080.0,0.0,1998864000.0,0.0,0.0,0.0,0.0,0.0,68.0,342720.0,36.0,185080.0,3.646771723287839,3718888.0,,,,1000.0
2014-02-20T00:00:00,TSC,11.5,10.8,11.5,11.0,11.0,10.8,72280.0,72280.0,0.0,795080000.0,0.0,0.0,0.0,1100.0,12334000.0,48.0,94760.0,63.0,95950.0,3.646771723287839,3718888.0,,,,1000.0
2014-02-21T00:00:00,TSC,11.7,11.4,11.7,11.7,11.7,11.0,123730.0,123730.0,0.0,1447641000.0,0.0,0.0,0.0,0.0,0.0,55.0,227260.0,43.0,148680.0,3.646771723287839,3718888.0,,,,1000.0
2014-02-24T00:00:00,TSC,12.5,11.1,12.4,12.5,12.5,11.7,185930.0,185930.0,0.0,2324125000.0,0.0,0.0,0.0,0.0,0.0,80.0,457310.0,61.0,202080.0,3.646771723287839,3718888.0,,,,1000.0
2014-02-25T00:00:00,TSC,13.3,12.5,13.0,12.7,12.7,12.5,77420.0,77420.0,0.0,983234000.0,0.0,0.0,0.0,0.0,0.0,53.0,111810.0,38.0,113270.0,3.646771723287839,3718888.0,,,,1000.0
2014-02-26T00:00:00,TSC,13.3,12.3,13.0,12.8,12.8,12.7,6580.0,6580.0,0.0,84224000.0,0.0,0.0,0.0,0.0,0.0,24.0,37930.0,32.0,52140.0,3.646771723287839,3719988.0,,,,1000.0
2014-02-27T00:00:00,TSC,13.3,12.2,13.3,12.8,12.8,12.8,70870.0,70870.0,0.0,907136000.0,0.0,0.0,0.0,0.0,0.0,39.0,123350.0,54.0,143020.0,3.646771723287839,3719988.0,,,,1000.0
2014-02-28T00:00:00,TSC,13.3,12.1,13.0,13.3,13.3,12.8,122640.0,122640.0,0.0,1631112000.0,0.0,0.0,0.0,0.0,0.0,73.0,239420.0,50.0,173270.0,3.646771723287839,3719988.0,,,,1000.0
2014-03-03T00:00:00,TSC,14.0,12.9,14.0,13.2,13.2,13.3,70090.0,70090.0,0.0,925188000.0,0.0,0.0,0.0,0.0,0.0,37.0,121430.0,52.0,134300.0,3.646771723287839,3719988.0,,,,1000.0
2014-03-04T00:00:00,TSC,13.8,12.8,13.7,13.5,13.5,13.2,60210.0,60210.0,0.0,812835000.0,0.0,0.0,0.0,0.0,0.0,27.0,83310.0,28.0,85310.0,3.646771723287839,3719988.0,,,,1000.0
2014-03-05T00:00:00,TSC,14.2,13.5,13.5,13.5,13.5,13.5,36410.0,36410.0,0.0,491535000.0,0.0,0.0,0.0,0.0,0.0,29.0,75610.0,34.0,88180.0,3.646771723287839,3719988.0,,,,1000.0
2014-03-06T00:00:00,TSC,14.2,13.3,13.3,13.5,13.5,13.5,24860.0,24860.0,0.0,335610000.0,0.0,0.0,0.0,0.0,0.0,31.0,66710.0,37.0,64290.0,3.646771723287839,3719988.0,,,,1000.0
2014-03-07T00:00:00,TSC,14.0,13.1,13.1,14.0,14.0,13.5,69060.0,69060.0,0.0,966840000.0,0.0,0.0,0.0,0.0,0.0,32.0,102200.0,37.0,83140.0,3.646771723287839,3719988.0,,,,1000.0
2014-03-10T00:00:00,TSC,14.9,14.3,14.3,14.9,14.9,14.0,54160.0,54160.0,0.0,806984000.0,0.0,0.0,0.0,0.0,0.0,31.0,177130.0,45.0,67350.0,3.646771723287839,3719988.0,,,,1000.0
2014-03-11T00:00:00,TSC,15.9,15.8,15.9,15.9,15.9,14.9,239920.0,239920.0,0.0,3814728000.0,0.0,0.0,0.0,0.0,0.0,43.0,468050.0,74.0,274920.0,3.646771723287839,3719988.0,,,,1000.0
2014-03-12T00:00:00,TSC,15.9,14.8,15.6,14.8,14.8,15.9,87550.0,87550.0,0.0,1295740000.0,0.0,0.0,0.0,0.0,0.0,49.0,123880.0,55.0,298420.0,3.646771723287839,3719988.0,,,,1000.0
2014-03-13T00:00:00,TSC,15.5,14.0,14.8,15.4,15.4,14.8,2370.0,2370.0,0.0,36498000.0,0.0,0.0,0.0,0.0,0.0,23.0,21060.0,18.0,33050.0,3.646771723287839,3719988.0,,,,1000.0
2014-03-14T00:00:00,TSC,16.0,14.4,14.4,14.4,14.4,15.4,34580.0,34580.0,0.0,497952000.0,0.0,0.0,0.0,0.0,0.0,15.0,49290.0,21.0,85590.0,3.646771723287839,3719988.0,,,,1000.0
2014-03-17T00:00:00,TSC,15.4,13.7,15.3,13.7,13.7,14.4,450.0,450.0,0.0,6165000.0,0.0,0.0,0.0,0.0,0.0,18.0,27590.0,19.0,25560.0,3.646771723287839,3719988.0,,,,1000.0
2014-03-18T00:00:00,TSC,14.0,13.8,13.8,14.0,14.0,13.7,1160.0,1160.0,0.0,16240000.0,0.0,0.0,0.0,0.0,0.0,10.0,5280.0,9.0,6410.0,3.646771723287839,3719988.0,,,,1000.0
2014-03-19T00:00:00,TSC,14.9,13.5,14.8,14.8,14.8,14.0,17000.0,17000.0,0.0,251600000.0,0.0,0.0,0.0,0.0,0.0,27.0,38530.0,23.0,41080.0,3.646771723287839,3719988.0,,,,1000.0
2014-03-20T00:00:00,TSC,15.0,14.8,14.8,15.0,15.0,14.8,5080.0,5080.0,0.0,76200000.0,0.0,0.0,0.0,0.0,0.0,9.0,7290.0,22.0,18000.0,3.646771723287839,3719988.0,,,,1000.0
2014-03-21T00:00:00,TSC,14.5,14.0,14.5,14.0,14.0,15.0,21500.0,21500.0,0.0,301000000.0,0.0,0.0,0.0,0.0,0.0,24.0,33500.0,29.0,62580.0,3.646771723287839,3719988.0,,,,1000.0
2014-03-24T00:00:00,TSC,14.4,14.4,14.4,14.4,14.4,14.0,10.0,10.0,0.0,144000.0,0.0,0.0,0.0,0.0,0.0,13.0,13010.0,13.0,24300.0,3.646771723287839,3719988.0,,,,1000.0
2014-03-25T00:00:00,TSC,14.4,13.6,14.4,14.3,14.3,14.4,4110.0,4110.0,0.0,58773000.0,0.0,0.0,0.0,0.0,0.0,11.0,14750.0,24.0,36870.0,3.646771723287839,3719988.0,,,,1000.0
2014-03-26T00:00:00,TSC,14.3,13.4,14.2,14.3,14.3,14.3,5540.0,5540.0,0.0,79222000.0,0.0,0.0,0.0,0.0,0.0,12.0,16190.0,17.0,34190.0,3.646771723287839,3719988.0,,,,1000.0
2014-03-27T00:00:00,TSC,14.5,13.4,13.4,14.5,14.5,14.3,20.0,20.0,0.0,290000.0,0.0,0.0,0.0,0.0,0.0,11.0,13180.0,10.0,22630.0,3.646771723287839,3719988.0,,,,1000.0
2014-03-28T00:00:00,TSC,14.9,13.5,13.7,14.9,14.9,14.5,10010.0,10010.0,0.0,149149000.0,0.0,0.0,0.0,0.0,0.0,20.0,43730.0,12.0,19810.0,3.646771723287839,3719988.0,,,,1000.0
2014-03-31T00:00:00,TSC,14.8,13.9,14.1,14.5,14.5,14.9,28130.0,28130.0,0.0,407885000.0,0.0,0.0,0.0,0.0,0.0,11.0,51140.0,16.0,41840.0,3.646771723287839,3719988.0,,,,1000.0
2014-04-01T00:00:00,TSC,14.0,13.5,14.0,13.6,13.6,14.5,78820.0,78820.0,0.0,1071952000.0,0.0,0.0,0.0,0.0,0.0,27.0,83830.0,26.0,143220.0,3.646771723287839,3719988.0,,,,1000.0
2014-04-02T00:00:00,TSC,13.6,13.6,13.6,13.6,13.6,13.6,25920.0,25920.0,0.0,352512000.0,0.0,0.0,0.0,0.0,0.0,7.0,54500.0,10.0,42720.0,3.646771723287839,3719988.0,,,,1000.0
2014-04-03T00:00:00,TSC,14.4,13.6,14.4,14.0,14.0,13.6,6350.0,6350.0,0.0,88900000.0,0.0,0.0,0.0,0.0,0.0,15.0,26950.0,15.0,37960.0,3.646771723287839,3719988.0,,,,1000.0
2014-04-04T00:00:00,TSC,14.9,14.0,14.4,14.9,14.9,14.0,76620.0,76620.0,0.0,1141638000.0,0.0,0.0,0.0,0.0,0.0,26.0,111490.0,30.0,76620.0,3.646771723287839,3719988.0,,,,1000.0
2014-04-07T00:00:00,TSC,15.5,14.8,14.9,15.0,15.0,14.9,12290.0,12290.0,0.0,184350000.0,0.0,0.0,0.0,0.0,0.0,19.0,56710.0,29.0,66370.0,3.646771723287839,3719988.0,,,,1000.0
2014-04-08T00:00:00,TSC,15.0,14.3,15.0,14.3,14.3,15.0,5190.0,5190.0,0.0,74217000.0,0.0,0.0,0.0,3000.0,45000000.0,10.0,22460.0,24.0,38020.0,3.646771723287839,3719988.0,,,,1000.0
2014-04-10T00:00:00,TSC,15.0,14.2,14.2,14.2,14.2,14.3,580.0,580.0,0.0,8236000.0,0.0,0.0,0.0,0.0,0.0,13.0,22010.0,23.0,9240.0,3.646771723287839,3719988.0,,,,1000.0
2014-04-11T00:00:00,TSC,15.1,14.5,14.5,15.1,15.1,14.2,43480.0,43480.0,0.0,656548000.0,0.0,0.0,0.0,0.0,0.0,17.0,69000.0,25.0,44550.0,3.646771723287839,3719988.0,,,,1000.0
2014-04-14T00:00:00,TSC,16.1,16.0,16.0,16.1,16.1,15.1,111310.0,111310.0,0.0,1792091000.0,0.0,0.0,0.0,0.0,0.0,49.0,189390.0,33.0,111310.0,3.646771723287839,3719988.0,,,,1000.0
2014-04-15T00:00:00,TSC,16.5,16.0,16.5,16.5,16.5,16.1,7500.0,7500.0,0.0,123750000.0,0.0,0.0,0.0,0.0,0.0,11.0,24700.0,22.0,30700.0,3.646771723287839,3722988.0,,,,1000.0
2014-04-16T00:00:00,TSC,16.0,15.5,15.7,15.5,15.5,16.5,29000.0,29000.0,0.0,449500000.0,0.0,0.0,0.0,0.0,0.0,20.0,44400.0,35.0,132670.0,3.646771723287839,3722988.0,,,,1000.0
2014-04-17T00:00:00,TSC,15.5,15.0,15.5,15.5,15.5,15.5,6440.0,6440.0,0.0,99820000.0,0.0,0.0,0.0,0.0,0.0,17.0,30190.0,22.0,78870.0,3.646771723287839,3722988.0,,,,1000.0
2014-04-18T00:00:00,TSC,16.3,14.5,15.5,15.3,15.3,15.5,131940.0,131940.0,0.0,2018682000.0,0.0,0.0,0.0,0.0,0.0,73.0,336800.0,63.0,263970.0,3.646771723287839,3722988.0,,,,1000.0
2014-04-21T00:00:00,TSC,16.0,15.2,15.2,15.2,15.2,15.3,7030.0,7030.0,0.0,106856000.0,0.0,0.0,0.0,0.0,0.0,13.0,40320.0,27.0,145840.0,3.646771723287839,3722988.0,,,,1000.0
2014-04-22T00:00:00,TSC,15.8,15.4,15.5,15.7,15.7,15.2,92830.0,92830.0,0.0,1457431000.0,0.0,0.0,0.0,0.0,0.0,49.0,150780.0,38.0,137880.0,3.646771723287839,3722988.0,,,,1000.0
2014-04-23T00:00:00,TSC,16.0,15.6,16.0,15.6,15.6,15.7,79400.0,79400.0,0.0,1238640000.0,0.0,0.0,0.0,0.0,0.0,63.0,97100.0,76.0,127120.0,3.646771723287839,3722988.0,,,,1000.0
2014-04-24T00:00:00,TSC,16.5,15.5,16.5,15.5,15.5,15.6,19570.0,19570.0,0.0,303335000.0,0.0,0.0,0.0,0.0,0.0,24.0,55520.0,34.0,47390.0,3.646771723287839,3722988.0,,,,1000.0
2014-04-25T00:00:00,TSC,15.7,15.3,15.5,15.3,15.3,15.5,47120.0,47120.0,0.0,720936000.0,0.0,0.0,0.0,0.0,0.0,16.0,79480.0,32.0,69530.0,3.646771723287839,3722988.0,,,,1000.0
2014-04-28T00:00:00,TSC,16.2,15.7,15.7,16.1,16.1,15.3,49970.0,49970.0,0.0,804517000.0,0.0,0.0,0.0,0.0,0.0,36.0,131440.0,24.0,64340.0,3.646771723287839,3722988.0,,,,1000.0
2014-04-29T00:00:00,TSC,16.3,16.0,16.1,16.3,16.3,16.1,30320.0,30320.0,0.0,494216000.0,0.0,0.0,0.0,0.0,0.0,27.0,78180.0,25.0,52480.0,3.646771723287839,3722988.0,,,,1000.0
2014-05-05T00:00:00,TSC,16.3,15.9,16.3,16.2,16.2,16.3,38000.0,38000.0,0.0,615600000.0,0.0,0.0,0.0,0.0,0.0,32.0,89850.0,20.0,53960.0,3.646771723287839,3722988.0,,,,1000.0
2014-05-06T00:00:00,TSC,16.2,16.0,16.1,16.2,16.2,16.2,91760.0,91760.0,0.0,1486512000.0,0.0,0.0,0.0,0.0,0.0,50.0,138830.0,44.0,122310.0,3.646771723287839,3722988.0,,,,1000.0
2014-05-07T00:00:00,TSC,17.3,16.4,16.4,17.3,17.3,16.2,85900.0,85900.0,0.0,1486070000.0,0.0,0.0,0.0,0.0,0.0,47.0,214330.0,22.0,89920.0,3.646771723287839,3722988.0,,,,1000.0
2014-05-08T00:00:00,TSC,16.9,16.2,16.9,16.5,16.5,17.3,85160.0,85160.0,0.0,1405140000.0,0.0,0.0,0.0,0.0,0.0,41.0,248720.0,27.0,92350.0,3.646771723287839,3722988.0,,,,1000.0
2014-05-09T00:00:00,TSC,17.5,17.5,17.5,17.5,17.5,16.5,10.0,10.0,0.0,175000.0,0.0,0.0,0.0,0.0,0.0,20.0,82310.0,6.0,1170.0,3.646771723287839,3722988.0,,,,1000.0
2014-05-12T00:00:00,TSC,17.5,16.7,17.5,16.7,16.7,17.5,28350.0,28350.0,0.0,473445000.0,0.0,0.0,0.0,0.0,0.0,20.0,47460.0,28.0,90870.0,3.646771723287839,3722988.0,,,,1000.0
2014-05-13T00:00:00,TSC,16.7,16.7,16.7,16.7,16.7,16.7,730.0,730.0,0.0,12191000.0,0.0,0.0,0.0,0.0,0.0,7.0,8630.0,15.0,7790.0,3.646771723287839,3722988.0,,,,1000.0
2014-05-14T00:00:00,TSC,17.2,17.1,17.1,17.2,17.2,16.7,5000.0,5000.0,0.0,86000000.0,0.0,0.0,0.0,0.0,0.0,10.0,21250.0,14.0,16830.0,3.646771723287839,3722988.0,,,,1000.0
2014-05-15T00:00:00,TSC,17.8,16.3,17.2,17.8,17.8,17.2,18710.0,18710.0,0.0,333038000.0,0.0,0.0,0.0,700.0,11900000.0,17.0,35620.0,18.0,21150.0,3.646771723287839,3722988.0,,,,1000.0
2014-05-16T00:00:00,TSC,17.0,16.6,16.6,17.0,17.0,17.8,2320.0,2320.0,0.0,39440000.0,0.0,0.0,0.0,0.0,0.0,9.0,14500.0,22.0,7180.0,3.646771723287839,3722988.0,,,,1000.0
2014-05-19T00:00:00,TSC,18.0,16.2,18.0,18.0,18.0,17.0,120.0,120.0,0.0,2160000.0,0.0,0.0,0.0,0.0,0.0,6.0,8020.0,7.0,2500.0,3.646771723287839,3722988.0,,,,1000.0
2014-05-20T00:00:00,TSC,17.2,17.0,17.1,17.0,17.0,18.0,6510.0,6510.0,0.0,110670000.0,0.0,0.0,0.0,0.0,0.0,12.0,16210.0,25.0,14590.0,3.646771723287839,3722988.0,,,,1000.0
2014-05-21T00:00:00,TSC,18.0,17.1,18.0,17.1,17.1,17.0,770.0,770.0,0.0,13167000.0,0.0,0.0,0.0,0.0,0.0,14.0,19270.0,11.0,4140.0,3.646771723287839,3723688.0,,,,1000.0
2014-05-22T00:00:00,TSC,18.0,16.6,18.0,17.5,17.5,17.1,310.0,310.0,0.0,5425000.0,0.0,0.0,0.0,0.0,0.0,9.0,16220.0,9.0,5170.0,3.646771723287839,3723688.0,,,,1000.0
2014-05-23T00:00:00,TSC,18.0,17.0,18.0,17.0,17.0,17.5,1130.0,1130.0,0.0,19210000.0,0.0,0.0,0.0,0.0,0.0,7.0,13130.0,7.0,2680.0,3.646771723287839,3723688.0,,,,1000.0
2014-05-26T00:00:00,TSC,18.0,16.7,16.8,17.3,17.3,17.0,13430.0,13430.0,0.0,232339000.0,0.0,0.0,0.0,0.0,0.0,12.0,34210.0,15.0,16480.0,3.646771723287839,3723688.0,,,,1000.0
2014-05-27T00:00:00,TSC,18.4,17.2,18.0,17.9,17.9,17.3,14020.0,14020.0,0.0,250958000.0,0.0,0.0,0.0,10000.0,173000000.0,12.0,28770.0,15.0,43360.0,3.646771723287839,3723688.0,,,,1000.0
2014-05-28T00:00:00,TSC,19.1,17.8,17.8,19.1,19.1,17.9,262990.0,262990.0,0.0,5023109000.0,0.0,0.0,0.0,209020.0,3786458000.0,67.0,428350.0,45.0,364990.0,3.646771723287839,3723688.0,,,,1000.0
2014-05-29T00:00:00,TSC,20.0,18.1,18.1,18.2,18.2,19.1,2060.0,2060.0,0.0,37492000.0,0.0,0.0,0.0,0.0,0.0,17.0,14490.0,9.0,6350.0,3.646771723287839,3723688.0,,,,1000.0
2014-05-30T00:00:00,TSC,19.4,17.6,17.7,17.6,17.6,18.2,1280.0,1280.0,0.0,22528000.0,0.0,0.0,0.0,0.0,0.0,19.0,16430.0,6.0,1330.0,3.646771723287839,3723688.0,,,,1000.0
2014-06-02T00:00:00,TSC,18.8,17.6,17.7,18.8,18.8,17.6,24080.0,24080.0,0.0,452704000.0,0.0,0.0,0.0,0.0,0.0,20.0,63590.0,11.0,24080.0,3.646771723287839,3733688.0,,,,1000.0
2014-06-03T00:00:00,TSC,20.1,18.5,18.6,20.1,20.1,18.8,19750.0,19750.0,0.0,396975000.0,0.0,0.0,0.0,0.0,0.0,39.0,45040.0,23.0,23870.0,3.646771723287839,3942708.0,,,,1000.0
2014-06-04T00:00:00,TSC,21.5,19.3,20.1,21.5,21.5,20.1,5540.0,5540.0,0.0,119110000.0,0.0,0.0,0.0,0.0,0.0,29.0,16360.0,15.0,11550.0,3.646771723287839,3942708.0,,,,1000.0
2014-06-05T00:00:00,TSC,22.9,21.5,21.5,22.9,22.9,21.5,8050.0,8050.0,0.0,184345000.0,0.0,0.0,0.0,0.0,0.0,24.0,22830.0,9.0,16940.0,3.646771723287839,3942708.0,,,,1000.0
2014-06-06T00:00:00,TSC,24.4,21.8,24.4,21.8,21.8,22.9,250.0,250.0,0.0,5450000.0,0.0,0.0,0.0,0.0,0.0,11.0,31020.0,14.0,6460.0,3.646771723287839,3942708.0,,,,1000.0
2014-06-09T00:00:00,TSC,23.3,23.3,23.3,23.3,23.3,21.8,1960.0,1960.0,0.0,45668000.0,0.0,0.0,0.0,0.0,0.0,85.0,1300810.0,5.0,1960.0,3.646771723287839,3942708.0,,,,1000.0
2014-06-10T00:00:00,TSC,24.9,24.9,24.9,24.9,24.9,23.3,81200.0,81200.0,0.0,2021880000.0,0.0,0.0,0.0,0.0,0.0,79.0,851740.0,15.0,81200.0,3.646771723287839,3942708.0,,,,1000.0
2014-06-11T00:00:00,TSC,26.6,25.0,26.6,26.6,26.6,24.9,336590.0,306590.0,30000.0,8881294000.0,726000000.0,0.0,0.0,0.0,0.0,123.0,1044980.0,35.0,306590.0,3.646771723287839,3942708.0,,,,1000.0
2014-06-12T00:00:00,TSC,28.4,28.3,28.4,28.4,28.4,26.6,107270.0,107270.0,0.0,3046468000.0,0.0,0.0,0.0,0.0,0.0,87.0,416990.0,25.0,107270.0,3.646771723287839,3942708.0,,,,1000.0
2014-06-13T00:00:00,TSC,30.3,28.5,30.1,30.1,30.1,28.4,496890.0,496890.0,0.0,14956389000.0,0.0,0.0,0.0,200.0,6040000.0,145.0,853690.0,111.0,617670.0,3.646771723287839,3942708.0,,,,1000.0
2014-06-16T00:00:00,TSC,30.2,29.4,30.1,29.4,29.4,30.1,726120.0,696120.0,30000.0,21341928000.0,876000000.0,0.0,0.0,0.0,0.0,87.0,857230.0,176.0,1046110.0,3.646771723287839,3942708.0,,,,1000.0
2014-06-17T00:00:00,TSC,29.2,27.7,29.2,27.7,27.7,29.4,303130.0,273130.0,30000.0,8420701000.0,855000000.0,0.0,0.0,0.0,0.0,77.0,935820.0,87.0,513660.0,3.646771723287839,3942708.0,,,,1000.0
2014-06-18T00:00:00,TSC,26.7,26.2,26.7,26.2,26.2,27.7,210230.0,180230.0,30000.0,5526026000.0,804000000.0,0.0,0.0,0.0,0.0,45.0,370150.0,63.0,248190.0,3.646771723287839,3942708.0,,,,1000.0
2014-06-19T00:00:00,TSC,24.9,24.4,24.9,24.4,24.4,26.2,205400.0,205400.0,0.0,5011760000.0,0.0,0.0,0.0,0.0,0.0,85.0,616300.0,58.0,546690.0,3.646771723287839,3942908.0,,,,1000.0
2014-06-20T00:00:00,TSC,25.9,22.7,23.5,23.5,23.5,24.4,322390.0,292390.0,30000.0,7582165000.0,711000000.0,0.0,0.0,0.0,0.0,105.0,598490.0,59.0,524490.0,3.646771723287839,3942908.0,,,,1000.0
2014-06-23T00:00:00,TSC,25.1,23.4,23.4,23.8,23.8,23.5,180590.0,150590.0,30000.0,4268042000.0,684000000.0,0.0,0.0,0.0,0.0,90.0,455900.0,45.0,299430.0,3.646771723287839,3942908.0,,,,1000.0
2014-06-24T00:00:00,TSC,25.3,23.8,23.8,24.5,24.5,23.8,66820.0,66820.0,0.0,1637090000.0,0.0,0.0,0.0,0.0,0.0,63.0,256860.0,31.0,80550.0,3.646771723287839,3942908.0,,,,1000.0
2014-06-25T00:00:00,TSC,26.2,24.5,24.5,26.2,26.2,24.5,59440.0,59440.0,0.0,1557328000.0,0.0,0.0,0.0,0.0,0.0,53.0,431830.0,23.0,59440.0,3.646771723287839,3942908.0,,,,1000.0
2014-06-26T00:00:00,TSC,28.0,26.7,26.7,27.5,27.5,26.2,141000.0,141000.0,0.0,3877500000.0,0.0,0.0,0.0,0.0,0.0,75.0,426390.0,75.0,184040.0,3.646771723287839,3942908.0,,,,1000.0
2014-06-27T00:00:00,TSC,28.0,27.1,27.5,27.1,27.1,27.5,218240.0,218240.0,0.0,5914304000.0,0.0,0.0,0.0,0.0,0.0,47.0,311860.0,92.0,376650.0,3.646771723287839,3942908.0,,,,1000.0
2014-06-30T00:00:00,TSC,27.2,25.6,27.2,25.6,25.6,27.1,73480.0,73480.0,0.0,1881088000.0,0.0,0.0,0.0,0.0,0.0,37.0,245140.0,67.0,344400.0,3.646771723287839,3942908.0,,,,1000.0
2014-07-01T00:00:00,TSC,25.5,24.7,25.5,24.7,24.7,25.6,75280.0,75280.0,0.0,1859416000.0,0.0,0.0,0.0,0.0,0.0,52.0,209380.0,42.0,143700.0,3.646771723287839,3942908.0,,,,1000.0
2014-07-02T00:00:00,TSC,26.4,24.5,24.5,25.7,25.7,24.7,94680.0,94680.0,0.0,2433276000.0,0.0,0.0,0.0,0.0,0.0,92.0,362230.0,35.0,131480.0,3.646771723287839,3942908.0,,,,1000.0
2014-07-03T00:00:00,TSC,25.8,25.3,25.7,25.8,25.8,25.7,54630.0,54630.0,0.0,1409454000.0,0.0,0.0,0.0,0.0,0.0,34.0,187660.0,38.0,134380.0,3.646771723287839,3942908.0,,,,1000.0
2014-07-04T00:00:00,TSC,25.9,25.1,25.8,25.1,25.1,25.8,62540.0,62540.0,0.0,1569754000.0,0.0,0.0,0.0,0.0,0.0,45.0,258460.0,59.0,174550.0,3.646771723287839,3942908.0,,,,1000.0
2014-07-07T00:00:00,TSC,25.1,24.2,25.1,24.3,24.3,25.1,77380.0,77380.0,0.0,1880334000.0,0.0,0.0,0.0,0.0,0.0,74.0,178450.0,55.0,226650.0,3.646771723287839,3942908.0,,,,1000.0
2014-07-08T00:00:00,TSC,24.3,23.7,24.2,24.0,24.0,24.3,96340.0,96340.0,0.0,2312160000.0,0.0,0.0,0.0,0.0,0.0,98.0,242060.0,46.0,189110.0,3.646771723287839,3942908.0,,,,1000.0
2014-07-09T00:00:00,TSC,24.1,23.9,24.0,24.1,24.1,24.0,44990.0,44990.0,0.0,1084259000.0,0.0,0.0,0.0,0.0,0.0,59.0,179920.0,26.0,82500.0,3.646771723287839,3942908.0,,,,1000.0
2014-07-10T00:00:00,TSC,24.1,23.5,24.1,23.8,23.8,24.1,123890.0,123890.0,0.0,2948582000.0,0.0,0.0,0.0,0.0,0.0,69.0,251010.0,61.0,233770.0,3.646771723287839,3942908.0,,,,1000.0
2014-07-11T00:00:00,TSC,23.9,23.7,23.7,23.7,23.7,23.8,42220.0,42220.0,0.0,1000614000.0,0.0,0.0,0.0,0.0,0.0,42.0,151270.0,20.0,80400.0,3.646771723287839,3942908.0,,,,1000.0
2014-07-14T00:00:00,TSC,23.8,23.6,23.7,23.6,23.6,23.7,92220.0,92220.0,0.0,2176392000.0,0.0,0.0,0.0,0.0,0.0,56.0,308220.0,42.0,224140.0,3.646771723287839,3942908.0,,,,1000.0
2014-07-15T00:00:00,TSC,23.6,23.5,23.6,23.6,23.6,23.6,132100.0,132100.0,0.0,3117560000.0,0.0,0.0,0.0,0.0,0.0,64.0,304240.0,29.0,187850.0,3.646771723287839,3942908.0,,,,1000.0
2014-07-16T00:00:00,TSC,24.1,23.7,23.7,24.1,24.1,23.6,155680.0,155680.0,0.0,3751888000.0,0.0,0.0,0.0,0.0,0.0,86.0,576780.0,59.0,296560.0,3.646771723287839,3942908.0,,,,1000.0
2014-07-17T00:00:00,TSC,24.3,24.1,24.2,24.3,24.3,24.1,77940.0,77940.0,0.0,1893942000.0,0.0,0.0,0.0,0.0,0.0,50.0,258880.0,38.0,145310.0,3.646771723287839,3942908.0,,,,1000.0
2014-07-18T00:00:00,TSC,24.7,24.2,24.3,24.6,24.6,24.3,80860.0,80860.0,0.0,1989156000.0,0.0,0.0,0.0,0.0,0.0,47.0,240170.0,51.0,148940.0,3.646771723287839,3942908.0,,,,1000.0
2014-07-21T00:00:00,TSC,24.2,23.2,24.1,23.2,23.2,24.6,127110.0,127110.0,0.0,2948952000.0,0.0,0.0,0.0,0.0,0.0,38.0,163510.0,58.0,202520.0,3.646771723287839,3942908.0,,,,1000.0
2014-07-22T00:00:00,TSC,23.2,22.6,23.2,22.6,22.6,23.2,91740.0,91740.0,0.0,2073324000.0,0.0,0.0,0.0,0.0,0.0,36.0,203820.0,49.0,181260.0,3.646771723287839,3942908.0,,,,1000.0
2014-07-23T00:00:00,TSC,24.1,22.7,22.7,24.1,24.1,22.6,116430.0,116430.0,0.0,2805963000.0,0.0,0.0,0.0,0.0,0.0,80.0,606600.0,44.0,116760.0,3.646771723287839,3942908.0,,,,1000.0
2014-07-24T00:00:00,TSC,25.7,24.1,24.1,25.7,25.7,24.1,379540.0,379540.0,0.0,9754178000.0,0.0,0.0,0.0,600.0,14460000.0,178.0,1211030.0,73.0,386130.0,3.646771723287839,3942908.0,,,,1000.0
2014-07-25T00:00:00,TSC,26.2,25.6,25.8,25.6,25.6,25.7,111440.0,111440.0,0.0,2852864000.0,0.0,0.0,0.0,0.0,0.0,32.0,175790.0,84.0,273510.0,3.646771723287839,3942908.0,,,,1000.0
2014-07-28T00:00:00,TSC,25.6,24.5,25.5,24.5,24.5,25.6,231010.0,231010.0,0.0,5659745000.0,0.0,0.0,0.0,0.0,0.0,66.0,359600.0,98.0,336480.0,3.646771723287839,3942908.0,,,,1000.0
2014-07-29T00:00:00,TSC,24.9,23.9,24.5,24.2,24.2,24.5,154530.0,154530.0,0.0,3739626000.0,0.0,0.0,0.0,0.0,0.0,59.0,292050.0,48.0,228700.0,3.646771723287839,3942908.0,,,,1000.0
2014-07-30T00:00:00,TSC,24.2,23.9,24.2,24.1,24.1,24.2,90450.0,90450.0,0.0,2179845000.0,0.0,0.0,0.0,0.0,0.0,45.0,240850.0,32.0,152210.0,3.646771723287839,3943508.0,,,,1000.0
2014-07-31T00:00:00,TSC,24.3,24.0,24.1,24.1,24.1,24.1,96700.0,96700.0,0.0,2330470000.0,0.0,0.0,0.0,0.0,0.0,54.0,321800.0,32.0,161100.0,3.646771723287839,3943508.0,,,,1000.0
2014-08-01T00:00:00,TSC,24.1,23.7,24.1,23.8,23.8,24.1,42350.0,42350.0,0.0,1007930000.0,0.0,0.0,0.0,0.0,0.0,21.0,119550.0,24.0,122550.0,3.646771723287839,3943508.0,,,,1000.0
2014-08-04T00:00:00,TSC,23.9,23.6,23.8,23.8,23.8,23.8,76260.0,76260.0,0.0,1814988000.0,0.0,0.0,0.0,0.0,0.0,40.0,234900.0,23.0,122110.0,3.646771723287839,3943508.0,,,,1000.0
2014-08-05T00:00:00,TSC,23.9,23.8,23.8,23.9,23.9,23.8,57900.0,57900.0,0.0,1383810000.0,0.0,0.0,0.0,0.0,0.0,31.0,214800.0,26.0,124310.0,3.646771723287839,3943508.0,,,,1000.0
2014-08-06T00:00:00,TSC,24.8,24.0,24.0,24.2,24.2,23.9,176620.0,176620.0,0.0,4274204000.0,0.0,14000.0,343000000.0,0.0,0.0,82.0,548030.0,51.0,228270.0,3.646771723287839,3929508.0,,,,1000.0
2014-08-07T00:00:00,TSC,24.3,23.9,24.2,24.3,24.3,24.2,89100.0,89100.0,0.0,2165130000.0,0.0,0.0,0.0,0.0,0.0,33.0,183000.0,27.0,134600.0,3.646771723287839,3929508.0,,,,1000.0
2014-08-08T00:00:00,TSC,24.5,23.9,24.3,24.2,24.2,24.3,182300.0,182300.0,0.0,4411660000.0,0.0,0.0,0.0,0.0,0.0,49.0,329500.0,48.0,277110.0,3.646771723287839,3929508.0,,,,1000.0
2014-08-11T00:00:00,TSC,24.9,24.2,24.2,24.9,24.9,24.2,193920.0,193920.0,0.0,4828608000.0,0.0,41540.0,1023367000.0,2000.0,49550000.0,111.0,410900.0,67.0,259670.0,3.646771723287839,3887968.0,,,,1000.0
2014-08-12T00:00:00,TSC,26.0,25.1,25.1,26.0,26.0,24.9,162780.0,162780.0,0.0,4232280000.0,0.0,3000.0,77100000.0,0.0,0.0,93.0,494800.0,72.0,257890.0,3.646771723287839,3884968.0,,,,1000.0
2014-08-13T00:00:00,TSC,26.2,25.8,26.0,26.0,26.0,26.0,112460.0,112460.0,0.0,2923960000.0,0.0,0.0,0.0,0.0,0.0,56.0,230360.0,56.0,245620.0,3.646771723287839,3884968.0,,,,1000.0
2014-08-14T00:00:00,TSC,26.3,26.0,26.0,26.1,26.1,26.0,95500.0,95500.0,0.0,2492550000.0,0.0,0.0,0.0,0.0,0.0,46.0,238400.0,43.0,213860.0,3.646771723287839,3884968.0,,,,1000.0
2014-08-15T00:00:00,TSC,26.0,25.6,26.0,25.6,25.6,26.1,159950.0,159950.0,0.0,4094720000.0,0.0,5000.0,129500000.0,0.0,0.0,50.0,286350.0,52.0,274500.0,3.646771723287839,3881968.0,,,,1000.0
2014-08-18T00:00:00,TSC,25.8,25.4,25.5,25.6,25.6,25.6,91430.0,91430.0,0.0,2340608000.0,0.0,0.0,0.0,0.0,0.0,45.0,262500.0,32.0,124130.0,3.646771723287839,3881968.0,,,,1000.0
2014-08-19T00:00:00,TSC,26.5,25.7,25.7,26.4,26.4,25.6,239440.0,239440.0,0.0,6321216000.0,0.0,48490.0,1265353000.0,0.0,0.0,105.0,577350.0,55.0,321150.0,3.646771723287839,3833478.0,,,,1000.0
2014-08-20T00:00:00,TSC,27.2,26.4,26.5,27.2,27.2,26.4,303720.0,303720.0,0.0,8261184000.0,0.0,0.0,0.0,0.0,0.0,116.0,656630.0,55.0,360650.0,3.646771723287839,3833478.0,,,,1000.0
2014-08-21T00:00:00,TSC,28.0,27.2,27.2,28.0,28.0,27.2,243940.0,243940.0,0.0,6830320000.0,0.0,0.0,0.0,0.0,0.0,97.0,711250.0,57.0,332040.0,3.646771723287839,3833478.0,,,,1000.0
2014-08-22T00:00:00,TSC,28.6,27.7,27.7,28.6,28.6,28.0,163890.0,163890.0,0.0,4687254000.0,0.0,0.0,0.0,0.0,0.0,61.0,493750.0,38.0,213090.0,3.646771723287839,3833478.0,,,,1000.0
2014-08-25T00:00:00,TSC,30.1,28.3,28.5,30.1,30.1,28.6,309000.0,309000.0,0.0,9300900000.0,0.0,0.0,0.0,0.0,0.0,98.0,815250.0,96.0,439840.0,3.646771723287839,3833478.0,,,,1000.0
2014-08-26T00:00:00,TSC,30.1,29.5,30.1,29.9,29.9,30.1,184170.0,184170.0,0.0,5506683000.0,0.0,0.0,0.0,10000.0,295309000.0,51.0,357400.0,75.0,397060.0,3.646771723287839,3833478.0,,,,1000.0
2014-08-27T00:00:00,TSC,30.1,29.8,29.9,29.9,29.9,29.9,172070.0,172070.0,0.0,5144893000.0,0.0,0.0,0.0,0.0,0.0,45.0,302770.0,53.0,300470.0,3.646771723287839,3833478.0,,,,1000.0
2014-08-28T00:00:00,TSC,30.1,29.8,29.9,29.8,29.8,29.9,146120.0,146120.0,0.0,4354376000.0,0.0,0.0,0.0,0.0,0.0,53.0,328760.0,50.0,325040.0,3.646771723287839,3833478.0,,,,1000.0
2014-08-29T00:00:00,TSC,29.9,29.7,29.8,29.7,29.7,29.8,92100.0,92100.0,0.0,2735370000.0,0.0,0.0,0.0,0.0,0.0,30.0,189800.0,45.0,245800.0,3.646771723287839,7508478.0,,,,1000.0
2014-09-03T00:00:00,TSC,30.0,29.7,29.7,30.0,30.0,29.7,151500.0,151500.0,0.0,4545000000.0,0.0,0.0,0.0,10000.0,297174000.0,50.0,337360.0,70.0,267710.0,3.646771723287839,7518478.0,,,,1000.0
2014-09-04T00:00:00,TSC,30.1,29.8,30.0,30.0,30.0,30.0,91300.0,91300.0,0.0,2739000000.0,0.0,0.0,0.0,0.0,0.0,27.0,234100.0,35.0,198660.0,3.646771723287839,7518478.0,,,,1000.0
2014-09-05T00:00:00,TSC,30.1,29.8,30.0,30.1,30.1,30.0,116090.0,116090.0,0.0,3494309000.0,0.0,0.0,0.0,0.0,0.0,39.0,276590.0,42.0,220690.0,3.646771723287839,7518478.0,,,,1000.0
2014-09-08T00:00:00,TSC,31.8,30.2,30.2,31.8,31.8,30.1,194650.0,194650.0,0.0,6189870000.0,0.0,0.0,0.0,0.0,0.0,116.0,673170.0,54.0,342980.0,3.646771723287839,7518478.0,,,,1000.0
2014-09-09T00:00:00,TSC,32.2,31.4,31.9,31.4,31.4,31.8,290500.0,290500.0,0.0,9121700000.0,0.0,0.0,0.0,0.0,0.0,69.0,451790.0,98.0,422620.0,3.646771723287839,7528478.0,,,,1000.0
2014-09-10T00:00:00,TSC,31.6,31.1,31.4,31.6,31.6,31.4,90730.0,90730.0,0.0,2867068000.0,0.0,0.0,0.0,0.0,0.0,47.0,274400.0,41.0,213640.0,3.646771723287839,7528478.0,,,,1000.0
2014-09-11T00:00:00,TSC,31.8,31.5,31.6,31.7,31.7,31.6,107130.0,107130.0,0.0,3396021000.0,0.0,0.0,0.0,0.0,0.0,42.0,249180.0,41.0,191110.0,3.646771723287839,7528478.0,,,,1000.0
2014-09-12T00:00:00,TSC,33.1,31.7,31.7,33.1,33.1,31.7,301120.0,301120.0,0.0,9967072000.0,0.0,0.0,0.0,0.0,0.0,86.0,693130.0,66.0,384980.0,3.646771723287839,7528478.0,,,,1000.0
2014-09-15T00:00:00,TSC,34.7,33.2,33.2,34.7,34.7,33.1,184600.0,184600.0,0.0,6405620000.0,0.0,0.0,0.0,0.0,0.0,86.0,381840.0,40.0,314570.0,3.646771723287839,7528478.0,,,,1000.0
2014-09-16T00:00:00,TSC,35.1,34.5,34.8,35.1,35.1,34.7,144010.0,144010.0,0.0,5054751000.0,0.0,0.0,0.0,0.0,0.0,57.0,256600.0,37.0,241710.0,3.646771723287839,7528478.0,,,,1000.0
2014-09-17T00:00:00,TSC,37.5,35.1,35.3,37.5,37.5,35.1,605790.0,605790.0,0.0,22717125000.0,0.0,0.0,0.0,0.0,0.0,263.0,1519080.0,80.0,645650.0,3.646771723287839,7528478.0,,,,1000.0
2014-09-18T00:00:00,TSC,38.0,37.5,37.6,38.0,38.0,37.5,2094650.0,219650.0,1875000.0,79596700000.0,71250000000.0,0.0,0.0,0.0,0.0,105.0,620100.0,88.0,674470.0,3.646771723287839,7528478.0,,,,1000.0
2014-09-19T00:00:00,TSC,40.6,38.1,38.1,40.6,40.6,38.0,1156870.0,251370.0,905500.0,45520122000.0,35314500000.0,0.0,0.0,0.0,0.0,150.0,899470.0,66.0,526030.0,3.646771723287839,7528478.0,,,,1000.0
2014-09-22T00:00:00,TSC,40.5,38.8,40.5,39.4,39.4,40.6,245340.0,245340.0,0.0,9666396000.0,0.0,0.0,0.0,0.0,0.0,152.0,669390.0,133.0,507190.0,3.646771723287839,7528478.0,,,,1000.0
2014-09-23T00:00:00,TSC,39.0,36.8,39.0,36.8,36.8,39.4,114300.0,114300.0,0.0,4206240000.0,0.0,0.0,0.0,0.0,0.0,58.0,192840.0,80.0,266160.0,3.646771723287839,7528478.0,,,,1000.0
2014-09-24T00:00:00,TSC,37.0,35.4,37.0,36.7,36.7,36.8,114300.0,114300.0,0.0,4194810000.0,0.0,0.0,0.0,0.0,0.0,87.0,380940.0,79.0,193210.0,3.646771723287839,7528478.0,,,,1000.0
2014-09-25T00:00:00,TSC,39.2,36.7,36.7,39.2,39.2,36.7,196540.0,196540.0,0.0,7704368000.0,0.0,0.0,0.0,0.0,0.0,126.0,584040.0,61.0,263450.0,3.646771723287839,7528478.0,,,,1000.0
2014-09-26T00:00:00,TSC,39.3,38.5,39.2,38.5,38.5,39.2,81030.0,81030.0,0.0,3119655000.0,0.0,0.0,0.0,0.0,0.0,36.0,118130.0,69.0,208270.0,3.646771723287839,7528478.0,,,,1000.0
2014-09-29T00:00:00,TSC,38.5,37.9,38.5,38.4,38.4,38.5,149340.0,149340.0,0.0,5734656000.0,0.0,0.0,0.0,0.0,0.0,66.0,302800.0,64.0,324310.0,3.646771723287839,7528478.0,,,,1000.0
2014-09-30T00:00:00,TSC,39.0,38.1,38.4,38.2,38.2,38.4,162950.0,162950.0,0.0,6224690000.0,0.0,0.0,0.0,0.0,0.0,101.0,250310.0,84.0,349630.0,3.646771723287839,7528478.0,,,,1000.0
2014-10-01T00:00:00,TSC,38.5,37.9,38.3,37.9,37.9,38.2,166590.0,166590.0,0.0,6313761000.0,0.0,0.0,0.0,5000.0,189500000.0,101.0,235700.0,90.0,318480.0,3.646771723287839,7528478.0,,,,1000.0
2014-10-02T00:00:00,TSC,40.5,37.4,37.9,39.8,39.8,37.9,539350.0,539350.0,0.0,21466130000.0,0.0,0.0,0.0,0.0,0.0,189.0,859770.0,126.0,680450.0,3.646771723287839,7528478.0,,,,1000.0
2014-10-03T00:00:00,TSC,41.0,39.4,39.8,41.0,41.0,39.8,122230.0,122230.0,0.0,5011430000.0,0.0,0.0,0.0,0.0,0.0,68.0,282470.0,63.0,145330.0,3.646771723287839,7528478.0,,,,1000.0
2014-10-06T00:00:00,TSC,43.8,40.9,41.0,43.8,43.8,41.0,272910.0,272910.0,0.0,11953458000.0,0.0,0.0,0.0,0.0,0.0,223.0,516660.0,107.0,361980.0,3.646771723287839,7528478.0,,,,1000.0
2014-10-07T00:00:00,TSC,44.0,41.5,43.8,44.0,44.0,43.8,318070.0,318070.0,0.0,13995080000.0,0.0,0.0,0.0,0.0,0.0,222.0,447600.0,117.0,452620.0,3.646771723287839,7533478.0,,,,1000.0
2014-10-08T00:00:00,TSC,47.0,44.1,44.1,45.5,45.5,44.0,208390.0,208390.0,0.0,9481745000.0,0.0,10.0,455000.0,0.0,0.0,124.0,276150.0,94.0,337300.0,3.646771723287839,7533468.0,,,,1000.0
2014-10-09T00:00:00,TSC,48.5,45.0,45.5,47.2,47.2,45.5,266690.0,266690.0,0.0,12587768000.0,0.0,0.0,0.0,0.0,0.0,148.0,355960.0,154.0,428840.0,3.646771723287839,7533468.0,,,,1000.0
2014-10-10T00:00:00,TSC,47.6,44.5,47.0,44.5,44.5,47.2,91470.0,91470.0,0.0,4070415000.0,0.0,0.0,0.0,0.0,0.0,76.0,124880.0,126.0,352920.0,3.646771723287839,7533468.0,,,,1000.0
2014-10-13T00:00:00,TSC,46.5,44.5,44.5,46.5,46.5,44.5,256300.0,256300.0,0.0,11917950000.0,0.0,0.0,0.0,0.0,0.0,152.0,395730.0,109.0,322830.0,3.646771723287839,7533468.0,,,,1000.0
2014-10-14T00:00:00,TSC,46.9,45.0,46.5,45.1,45.1,46.5,133830.0,133830.0,0.0,6035733000.0,0.0,0.0,0.0,0.0,0.0,75.0,180950.0,121.0,513790.0,3.646771723287839,7533468.0,,,,1000.0
2014-10-15T00:00:00,TSC,46.0,44.5,45.5,45.5,45.5,45.1,181890.0,181890.0,0.0,8275995000.0,0.0,0.0,0.0,0.0,0.0,91.0,259670.0,116.0,490130.0,3.646771723287839,7533468.0,,,,1000.0
2014-10-16T00:00:00,TSC,45.8,43.8,45.3,43.8,43.8,45.5,89160.0,89160.0,0.0,3905208000.0,0.0,0.0,0.0,0.0,0.0,52.0,131650.0,115.0,399540.0,3.646771723287839,7533468.0,,,,1000.0
2014-10-17T00:00:00,TSC,44.5,43.6,43.8,44.2,44.2,43.8,73250.0,73250.0,0.0,3237650000.0,0.0,0.0,0.0,0.0,0.0,46.0,120220.0,65.0,129920.0,3.646771723287839,7533468.0,,,,1000.0
2014-10-20T00:00:00,TSC,44.5,43.9,44.2,44.1,44.1,44.2,92740.0,92740.0,0.0,4089834000.0,0.0,0.0,0.0,0.0,0.0,58.0,113710.0,50.0,147390.0,3.646771723287839,7533468.0,,,,1000.0
2014-10-21T00:00:00,TSC,44.3,43.5,44.0,44.1,44.1,44.1,91500.0,91500.0,0.0,4035150000.0,0.0,0.0,0.0,0.0,0.0,84.0,144040.0,67.0,156530.0,3.646771723287839,7533468.0,,,,1000.0
2014-10-22T00:00:00,TSC,45.8,44.1,44.2,45.8,45.8,44.1,154350.0,154350.0,0.0,7069230000.0,0.0,0.0,0.0,0.0,0.0,97.0,249630.0,67.0,184260.0,3.646771723287839,7533468.0,,,,1000.0
2014-10-23T00:00:00,TSC,49.0,45.1,45.6,48.8,48.8,45.8,543360.0,543360.0,0.0,26515968000.0,0.0,0.0,0.0,0.0,0.0,323.0,1169240.0,166.0,728750.0,3.646771723287839,7533468.0,,,,1000.0
2014-10-24T00:00:00,TSC,48.9,46.1,48.8,47.3,47.3,48.8,140310.0,140310.0,0.0,6636663000.0,0.0,0.0,0.0,0.0,0.0,100.0,198980.0,109.0,406550.0,3.646771723287839,7533468.0,,,,1000.0
2014-10-27T00:00:00,TSC,47.3,44.2,46.8,44.2,44.2,47.3,121560.0,121560.0,0.0,5372952000.0,0.0,0.0,0.0,200.0,9460000.0,71.0,197340.0,92.0,278110.0,3.646771723287839,7533468.0,,,,1000.0
2014-10-28T00:00:00,TSC,45.2,42.0,44.2,44.2,44.2,44.2,104010.0,104010.0,0.0,4597242000.0,0.0,0.0,0.0,0.0,0.0,107.0,276260.0,113.0,183390.0,3.646771723287839,7533468.0,,,,1000.0
2014-10-29T00:00:00,TSC,45.1,44.4,44.4,45.1,45.1,44.2,75230.0,75230.0,0.0,3392873000.0,0.0,0.0,0.0,0.0,0.0,48.0,192430.0,48.0,141510.0,3.646771723287839,7533468.0,,,,1000.0
2014-10-30T00:00:00,TSC,45.6,43.0,45.3,45.0,45.0,45.1,92030.0,92030.0,0.0,4141350000.0,0.0,0.0,0.0,0.0,0.0,71.0,228520.0,71.0,183820.0,3.646771723287839,7533468.0,,,,1000.0
2014-10-31T00:00:00,TSC,45.0,43.2,45.0,45.0,45.0,45.0,147420.0,147420.0,0.0,6633900000.0,0.0,0.0,0.0,0.0,0.0,116.0,373340.0,95.0,264440.0,3.646771723287839,7533668.0,,,,1000.0
2014-11-03T00:00:00,TSC,45.7,44.0,45.5,44.8,44.8,45.0,125720.0,125720.0,0.0,5632256000.0,0.0,0.0,0.0,5500.0,248150000.0,116.0,373340.0,95.0,264440.0,3.646771723287839,7533668.0,,,,1000.0
2014-11-04T00:00:00,TSC,44.8,43.3,44.8,44.6,44.6,44.8,153350.0,153350.0,0.0,6839410000.0,0.0,0.0,0.0,0.0,0.0,91.0,332420.0,79.0,228100.0,3.646771723287839,7533668.0,,,,1000.0
2014-11-05T00:00:00,TSC,44.8,44.0,44.7,44.5,44.5,44.6,102790.0,102790.0,0.0,4574155000.0,0.0,0.0,0.0,0.0,0.0,80.0,294830.0,78.0,205370.0,3.646771723287839,7533668.0,,,,1000.0
2014-11-06T00:00:00,TSC,45.3,44.3,45.0,45.3,45.3,44.5,147170.0,147170.0,0.0,6666801000.0,0.0,0.0,0.0,0.0,0.0,112.0,381660.0,80.0,241420.0,3.646771723287839,7533668.0,,,,1000.0
2014-11-07T00:00:00,TSC,47.0,45.2,45.4,46.0,46.0,45.3,175940.0,175940.0,0.0,8093240000.0,0.0,0.0,0.0,0.0,0.0,131.0,504790.0,138.0,313510.0,3.646771723287839,7539168.0,,,,1000.0
2014-11-10T00:00:00,TSC,46.5,45.7,46.5,46.0,46.0,46.0,126610.0,126610.0,0.0,5824060000.0,0.0,0.0,0.0,0.0,0.0,102.0,279120.0,105.0,397360.0,3.646771723287839,7539168.0,,,,1000.0
2014-11-11T00:00:00,TSC,46.6,45.5,46.5,45.6,45.6,46.0,126180.0,126180.0,0.0,5753808000.0,0.0,0.0,0.0,0.0,0.0,68.0,239240.0,81.0,251510.0,3.646771723287839,7539168.0,,,,1000.0
2014-11-12T00:00:00,TSC,48.0,45.3,45.7,46.8,46.8,45.6,233620.0,233620.0,0.0,10933416000.0,0.0,0.0,0.0,0.0,0.0,190.0,429530.0,146.0,451700.0,3.646771723287839,7539168.0,,,,1000.0
2014-11-13T00:00:00,TSC,47.2,45.5,47.0,45.5,45.5,46.8,110180.0,110180.0,0.0,5013190000.0,0.0,0.0,0.0,0.0,0.0,62.0,190710.0,88.0,246620.0,3.646771723287839,7539168.0,,,,1000.0
2014-11-14T00:00:00,TSC,46.0,45.2,45.6,46.0,46.0,45.5,85470.0,85470.0,0.0,3931620000.0,0.0,0.0,0.0,0.0,0.0,73.0,177530.0,65.0,159240.0,3.646771723287839,7539168.0,,,,1000.0
2014-11-17T00:00:00,TSC,49.2,49.2,49.2,49.2,49.2,46.0,80130.0,80130.0,0.0,3942396000.0,0.0,0.0,0.0,0.0,0.0,112.0,983950.0,39.0,80130.0,3.646771723287839,7539168.0,,,,1000.0
2014-11-18T00:00:00,TSC,52.5,49.0,51.0,52.5,52.5,49.2,626470.0,626470.0,0.0,32889675000.0,0.0,0.0,0.0,0.0,0.0,464.0,2253380.0,239.0,802030.0,3.646771723287839,7539168.0,,,,1000.0
2014-11-19T00:00:00,TSC,54.5,48.9,52.5,53.5,53.5,52.5,529470.0,529470.0,0.0,28326645000.0,0.0,400.0,21400000.0,0.0,0.0,363.0,915120.0,222.0,818290.0,3.646771723287839,7538768.0,,,,1000.0
2014-11-20T00:00:00,TSC,53.5,50.5,53.0,53.5,53.5,53.5,317370.0,317370.0,0.0,16979295000.0,0.0,0.0,0.0,0.0,0.0,149.0,478790.0,109.0,480940.0,3.646771723287839,7538768.0,,,,1000.0
2014-11-21T00:00:00,TSC,53.0,49.8,53.0,52.0,52.0,53.5,672300.0,672300.0,0.0,34959600000.0,0.0,0.0,0.0,0.0,0.0,281.0,825990.0,252.0,1086970.0,3.646771723287839,7538768.0,,,,1000.0
2014-11-24T00:00:00,TSC,51.5,48.8,51.5,48.8,48.8,52.0,135280.0,135280.0,0.0,6601664000.0,0.0,0.0,0.0,400.0,20200000.0,109.0,237000.0,164.0,376870.0,3.646771723287839,7538768.0,,,,1000.0
2014-11-25T00:00:00,TSC,48.9,46.0,48.9,47.2,47.2,48.8,203910.0,203910.0,0.0,9624552000.0,0.0,0.0,0.0,100.0,4630000.0,194.0,484680.0,142.0,417930.0,3.646771723287839,7538768.0,,,,1000.0
2014-11-26T00:00:00,TSC,47.4,43.9,47.2,43.9,43.9,47.2,265150.0,265150.0,0.0,11640085000.0,0.0,0.0,0.0,0.0,0.0,161.0,384070.0,150.0,524560.0,3.646771723287839,7538768.0,,,,1000.0
2014-11-27T00:00:00,TSC,45.9,40.9,43.8,45.9,45.9,43.9,237100.0,237100.0,0.0,10882890000.0,0.0,0.0,0.0,0.0,0.0,129.0,395740.0,131.0,367320.0,3.646771723287839,7538768.0,,,,1000.0
2014-11-28T00:00:00,TSC,45.7,44.0,45.7,44.0,44.0,45.9,90520.0,90520.0,0.0,3982880000.0,0.0,0.0,0.0,0.0,0.0,89.0,175970.0,71.0,185070.0,3.646771723287839,7539168.0,,,,1000.0
2014-12-01T00:00:00,TSC,44.0,41.4,44.0,41.4,41.4,44.0,94220.0,94220.0,0.0,3900708000.0,0.0,0.0,0.0,0.0,0.0,66.0,156400.0,66.0,201080.0,3.646771723287839,7539268.0,,,,1000.0
2014-12-02T00:00:00,TSC,42.0,41.4,41.4,42.0,42.0,41.4,48740.0,48740.0,0.0,2047080000.0,0.0,0.0,0.0,0.0,0.0,105.0,697310.0,52.0,127460.0,3.646771723287839,7539268.0,,,,1000.0
2014-12-03T00:00:00,TSC,42.9,42.1,42.4,42.6,42.6,42.0,179630.0,179630.0,0.0,7652238000.0,0.0,0.0,0.0,0.0,0.0,149.0,716420.0,59.0,240190.0,3.646771723287839,7539268.0,,,,1000.0
2014-12-04T00:00:00,TSC,43.0,42.7,42.7,42.7,42.7,42.6,121510.0,121510.0,0.0,5188477000.0,0.0,0.0,0.0,0.0,0.0,53.0,365960.0,52.0,172910.0,3.646771723287839,7539268.0,,,,1000.0
2014-12-05T00:00:00,TSC,42.8,42.6,42.7,42.8,42.8,42.7,77910.0,77910.0,0.0,3334548000.0,0.0,0.0,0.0,0.0,0.0,76.0,672210.0,45.0,138030.0,3.646771723287839,7539268.0,,,,1000.0
2014-12-08T00:00:00,TSC,43.1,42.9,42.9,42.9,42.9,42.8,86030.0,86030.0,0.0,3690687000.0,0.0,0.0,0.0,0.0,0.0,93.0,544820.0,60.0,174480.0,3.646771723287839,7539268.0,,,,1000.0
2014-12-09T00:00:00,TSC,43.0,42.7,42.9,42.9,42.9,42.9,454200.0,454200.0,0.0,19485180000.0,0.0,0.0,0.0,0.0,0.0,86.0,689610.0,104.0,517310.0,3.646771723287839,7539268.0,,,,1000.0
2014-12-10T00:00:00,TSC,43.4,42.8,43.3,42.9,42.9,42.9,44870.0,44870.0,0.0,1924923000.0,0.0,0.0,0.0,0.0,0.0,48.0,141260.0,43.0,120410.0,3.646771723287839,7539268.0,,,,1000.0
2014-12-11T00:00:00,TSC,42.9,41.7,42.5,42.1,42.1,42.9,55680.0,55680.0,0.0,2344128000.0,0.0,0.0,0.0,0.0,0.0,58.0,133140.0,44.0,118570.0,3.646771723287839,7539268.0,,,,1000.0
2014-12-12T00:00:00,TSC,42.7,42.0,42.1,42.2,42.2,42.1,44300.0,44300.0,0.0,1869460000.0,0.0,0.0,0.0,0.0,0.0,35.0,59810.0,36.0,89610.0,3.646771723287839,7539268.0,,,,1000.0
2014-12-15T00:00:00,TSC,42.4,42.2,42.2,42.3,42.3,42.2,47910.0,47910.0,0.0,2026593000.0,0.0,0.0,0.0,0.0,0.0,54.0,139100.0,32.0,104060.0,3.646771723287839,7539268.0,,,,1000.0
2014-12-16T00:00:00,TSC,42.4,41.4,42.3,41.5,41.5,42.3,86420.0,86420.0,0.0,3586430000.0,0.0,0.0,0.0,0.0,0.0,39.0,140270.0,54.0,177610.0,3.646771723287839,7539268.0,,,,1000.0
2014-12-17T00:00:00,TSC,41.8,40.3,41.6,41.5,41.5,41.5,84860.0,84860.0,0.0,3521690000.0,0.0,0.0,0.0,0.0,0.0,52.0,148670.0,57.0,131350.0,3.646771723287839,7539268.0,,,,1000.0
2014-12-18T00:00:00,TSC,41.8,41.5,41.6,41.6,41.6,41.5,42800.0,42800.0,0.0,1780480000.0,0.0,0.0,0.0,0.0,0.0,33.0,100510.0,28.0,80560.0,3.646771723287839,7539268.0,,,,1000.0
2014-12-19T00:00:00,TSC,41.9,41.2,41.7,41.2,41.2,41.6,85690.0,85690.0,0.0,3530428000.0,0.0,0.0,0.0,0.0,0.0,57.0,202920.0,45.0,161070.0,3.646771723287839,7539268.0,,,,1000.0
2014-12-22T00:00:00,TSC,41.7,41.1,41.1,41.7,41.7,41.2,87570.0,87570.0,0.0,3651669000.0,0.0,0.0,0.0,0.0,0.0,71.0,198000.0,35.0,123610.0,3.646771723287839,7539268.0,,,,1000.0
2014-12-23T00:00:00,TSC,41.7,41.4,41.7,41.5,41.5,41.7,90970.0,90970.0,0.0,3775255000.0,0.0,0.0,0.0,0.0,0.0,59.0,160170.0,51.0,155220.0,3.646771723287839,7539268.0,,,,1000.0
2014-12-24T00:00:00,TSC,41.8,41.5,41.6,41.5,41.5,41.5,75890.0,75890.0,0.0,3149435000.0,0.0,0.0,0.0,0.0,0.0,59.0,157520.0,32.0,141040.0,3.646771723287839,7539268.0,,,,1000.0
2014-12-25T00:00:00,TSC,41.5,40.8,41.5,41.3,41.3,41.5,54420.0,54420.0,0.0,2247546000.0,0.0,0.0,0.0,0.0,0.0,39.0,163520.0,43.0,148080.0,3.646771723287839,7539268.0,,,,1000.0
2014-12-26T00:00:00,TSC,41.3,40.8,41.0,40.8,40.8,41.3,49650.0,49650.0,0.0,2025720000.0,0.0,0.0,0.0,0.0,0.0,27.0,106330.0,33.0,99700.0,3.646771723287839,7539268.0,,,,1000.0
2014-12-29T00:00:00,TSC,41.2,39.9,40.8,40.0,40.0,40.8,74120.0,74120.0,0.0,2964800000.0,0.0,0.0,0.0,0.0,0.0,53.0,202820.0,40.0,127850.0,3.646771723287839,7539268.0,,,,1000.0
2014-12-30T00:00:00,TSC,40.1,38.7,40.0,40.1,40.1,40.0,85000.0,85000.0,0.0,3408500000.0,0.0,0.0,0.0,0.0,0.0,61.0,212020.0,46.0,134660.0,3.646771723287839,7539268.0,,,,1000.0
2014-12-31T00:00:00,TSC,42.9,40.2,40.2,42.9,42.9,40.1,149610.0,149610.0,0.0,6418269000.0,0.0,0.0,0.0,0.0,0.0,135.0,435380.0,44.0,158170.0,3.646771723287839,7539268.0,,,,1000.0
2015-01-05T00:00:00,TSC,43.0,41.9,43.0,42.0,42.0,42.9,101830.0,101830.0,0.0,4276860000.0,0.0,0.0,0.0,0.0,0.0,63.0,180430.0,54.0,212570.0,3.646771723287839,7539268.0,,,,1000.0
2015-01-06T00:00:00,TSC,42.3,41.9,42.0,42.3,42.3,42.0,84990.0,84990.0,0.0,3595077000.0,0.0,0.0,0.0,0.0,0.0,50.0,162860.0,34.0,124640.0,3.646771723287839,7539268.0,,,,1000.0
2015-01-07T00:00:00,TSC,45.2,42.4,42.4,45.2,45.2,42.3,339810.0,339810.0,0.0,15359412000.0,0.0,0.0,0.0,0.0,0.0,278.0,1216940.0,82.0,396900.0,3.646771723287839,7539268.0,,,,1000.0
2015-01-08T00:00:00,TSC,48.3,45.4,45.4,48.3,48.3,45.2,336440.0,336440.0,0.0,16250052000.0,0.0,0.0,0.0,0.0,0.0,175.0,811940.0,153.0,955550.0,3.646771723287839,7539268.0,,,,1000.0
2015-01-09T00:00:00,TSC,51.0,48.4,48.4,50.0,50.0,48.3,242480.0,242480.0,0.0,12124000000.0,0.0,500.0,25250000.0,0.0,0.0,162.0,527040.0,117.0,444370.0,3.646771723287839,7538768.0,,,,1000.0
2015-01-12T00:00:00,TSC,50.0,46.5,49.6,48.7,48.7,50.0,303500.0,303500.0,0.0,14780450000.0,0.0,0.0,0.0,0.0,0.0,126.0,470400.0,217.0,541080.0,3.646771723287839,7538768.0,,,,1000.0
2015-01-13T00:00:00,TSC,48.9,48.0,48.6,48.1,48.1,48.7,127420.0,127420.0,0.0,6128902000.0,0.0,0.0,0.0,0.0,0.0,69.0,243980.0,94.0,257100.0,3.646771723287839,7538768.0,,,,1000.0
2015-01-14T00:00:00,TSC,48.4,47.6,48.2,48.1,48.1,48.1,79750.0,79750.0,0.0,3835975000.0,0.0,0.0,0.0,0.0,0.0,61.0,230700.0,44.0,146710.0,3.646771723287839,7538768.0,,,,1000.0
2015-01-15T00:00:00,TSC,48.5,48.1,48.2,48.1,48.1,48.1,107650.0,107650.0,0.0,5177965000.0,0.0,0.0,0.0,0.0,0.0,63.0,155110.0,66.0,190230.0,3.646771723287839,7538768.0,,,,1000.0
2015-01-16T00:00:00,TSC,51.0,48.0,48.2,51.0,51.0,48.1,452840.0,452840.0,0.0,23094840000.0,0.0,0.0,0.0,0.0,0.0,287.0,1726800.0,121.0,493070.0,3.646771723287839,7538768.0,,,,1000.0
2015-01-19T00:00:00,TSC,54.5,54.5,54.5,54.5,54.5,51.0,1088800.0,316300.0,772500.0,59339600000.0,42101250000.0,0.0,0.0,0.0,0.0,175.0,828480.0,96.0,316400.0,3.646771723287839,7538768.0,,,,1000.0
2015-01-20T00:00:00,TSC,55.5,51.0,55.0,54.5,54.5,54.5,1064910.0,286950.0,777960.0,58037595000.0,42398820000.0,1400.0,71400000.0,0.0,0.0,153.0,522100.0,105.0,433800.0,3.646771723287839,7537368.0,,,,1000.0
2015-01-21T00:00:00,TSC,55.0,51.0,54.5,53.0,53.0,54.5,163190.0,163190.0,0.0,8649070000.0,0.0,2040.0,104040000.0,500.0,26500000.0,131.0,264410.0,97.0,269740.0,3.646771723287839,7535328.0,,,,1000.0
2015-01-22T00:00:00,TSC,53.5,49.7,53.5,53.0,53.0,53.0,240800.0,240800.0,0.0,12762400000.0,0.0,1750.0,87050000.0,0.0,0.0,97.0,351440.0,80.0,372470.0,3.646771723287839,7533578.0,,,,1000.0
2015-01-23T00:00:00,TSC,53.5,49.3,53.5,51.0,51.0,53.0,581560.0,581560.0,0.0,29659560000.0,0.0,2400.0,118810000.0,1400.0,74900000.0,237.0,752380.0,121.0,705730.0,3.646771723287839,7531178.0,,,,1000.0
2015-01-26T00:00:00,TSC,52.0,47.5,50.5,48.5,48.5,51.0,424090.0,424090.0,0.0,20568365000.0,0.0,0.0,0.0,2040.0,103020000.0,157.0,478670.0,120.0,577350.0,3.646771723287839,7531178.0,,,,1000.0
2015-01-27T00:00:00,TSC,48.5,45.2,48.5,48.0,48.0,48.5,529250.0,529250.0,0.0,25404000000.0,0.0,1500.0,67800000.0,1750.0,84875000.0,245.0,799150.0,107.0,645460.0,3.646771723287839,7530178.0,,,,1000.0
2015-01-28T00:00:00,TSC,47.6,44.7,47.6,47.5,47.5,48.0,491810.0,491810.0,0.0,23360975000.0,0.0,1800.0,80460000.0,2400.0,114240000.0,239.0,672230.0,198.0,693960.0,3.646771723287839,7528378.0,,,,1000.0
2015-01-29T00:00:00,TSC,50.0,44.6,47.2,50.0,50.0,47.5,333890.0,333890.0,0.0,16694500000.0,0.0,1800.0,80460000.0,2400.0,114240000.0,156.0,479960.0,144.0,480800.0,3.646771723287839,7529278.0,,,,1000.0
2015-01-30T00:00:00,TSC,48.6,46.7,48.5,46.7,46.7,50.0,181570.0,181570.0,0.0,8479319000.0,0.0,0.0,0.0,1500.0,71310000.0,96.0,222500.0,138.0,343860.0,3.646771723287839,7531318.0,,,,1000.0
2015-02-02T00:00:00,TSC,46.7,43.5,46.7,45.0,45.0,46.7,444030.0,444030.0,0.0,19981350000.0,0.0,2800.0,123800000.0,1800.0,82960000.0,286.0,526210.0,164.0,665670.0,3.646771723287839,7530268.0,,,,1000.0
2015-02-03T00:00:00,TSC,45.1,41.9,45.0,44.0,44.0,45.0,433130.0,433130.0,0.0,19057720000.0,0.0,5000.0,209650000.0,500.0,22500000.0,230.0,590800.0,156.0,582780.0,3.646771723287839,7527668.0,,,,1000.0
2015-02-04T00:00:00,TSC,43.0,41.0,41.0,43.0,43.0,44.0,368060.0,368060.0,0.0,15826580000.0,0.0,1500.0,61500000.0,0.0,0.0,161.0,432020.0,112.0,423570.0,3.646771723287839,7526168.0,,,,1000.0
2015-02-05T00:00:00,TSC,43.6,42.1,42.8,43.4,43.4,43.0,266760.0,266760.0,0.0,11577384000.0,0.0,0.0,0.0,2800.0,119840000.0,128.0,472600.0,148.0,348530.0,3.646771723287839,7527668.0,,,,1000.0
2015-02-06T00:00:00,TSC,43.7,43.2,43.4,43.2,43.2,43.4,272730.0,272730.0,0.0,11781936000.0,0.0,0.0,0.0,1500.0,65200000.0,96.0,450220.0,141.0,421450.0,3.646771723287839,7529468.0,,,,1000.0
2015-02-09T00:00:00,TSC,43.3,42.8,43.1,42.8,42.8,43.2,241420.0,241420.0,0.0,10332776000.0,0.0,1000.0,43200000.0,3000.0,128800000.0,89.0,384500.0,112.0,376970.0,3.646771723287839,7528968.0,,,,1000.0
2015-02-10T00:00:00,TSC,43.2,42.7,42.9,43.0,43.0,42.8,145900.0,145900.0,0.0,6273700000.0,0.0,0.0,0.0,0.0,0.0,65.0,290710.0,55.0,203740.0,3.646771723287839,7528968.0,,,,1000.0
2015-02-11T00:00:00,TSC,44.9,43.1,43.1,44.8,44.8,43.0,356530.0,356530.0,0.0,15972544000.0,0.0,1600.0,70662000.0,0.0,0.0,242.0,753720.0,114.0,408420.0,3.646771723287839,7531668.0,,,,1000.0
2015-02-12T00:00:00,TSC,45.5,44.9,45.0,45.0,45.0,44.8,263330.0,263330.0,0.0,11849850000.0,0.0,0.0,0.0,1000.0,45200000.0,113.0,506570.0,102.0,326170.0,3.646771723287839,7531668.0,,,,1000.0
2015-02-13T00:00:00,TSC,45.5,44.6,45.1,45.0,45.0,45.0,231130.0,231130.0,0.0,10400850000.0,0.0,0.0,0.0,1000.0,45200000.0,104.0,540730.0,92.0,338510.0,3.646771723287839,7534668.0,,,,1000.0
2015-02-24T00:00:00,TSC,45.1,43.2,45.1,44.0,44.0,45.0,183380.0,183380.0,0.0,8068720000.0,0.0,100.0,4320000.0,1500.0,66500000.0,120.0,312940.0,106.0,300150.0,3.646771723287839,7534568.0,,,,1000.0
2015-02-25T00:00:00,TSC,44.2,43.1,44.0,43.5,43.5,44.0,216400.0,216400.0,0.0,9413400000.0,0.0,0.0,0.0,0.0,0.0,92.0,365760.0,95.0,325090.0,3.646771723287839,7534568.0,,,,1000.0
2015-02-26T00:00:00,TSC,43.9,42.9,43.5,43.0,43.0,43.5,222220.0,222220.0,0.0,9555460000.0,0.0,0.0,0.0,0.0,0.0,109.0,447150.0,81.0,308210.0,3.646771723287839,7535568.0,,,,1000.0
2015-02-27T00:00:00,TSC,43.4,42.7,43.1,43.0,43.0,43.0,190950.0,190950.0,0.0,8210850000.0,0.0,0.0,0.0,200.0,8640000.0,116.0,321110.0,79.0,286410.0,3.646771723287839,7535568.0,,,,1000.0
2015-03-02T00:00:00,TSC,43.5,41.7,43.1,42.5,42.5,43.0,477400.0,477400.0,0.0,20289500000.0,0.0,0.0,0.0,0.0,0.0,267.0,886380.0,122.0,567240.0,3.646771723287839,7537068.0,,,,1000.0
2015-03-03T00:00:00,TSC,42.6,41.0,42.6,41.7,41.7,42.5,633470.0,633470.0,0.0,26415699000.0,0.0,0.0,0.0,0.0,0.0,408.0,1745950.0,156.0,802480.0,3.646771723287839,7537068.0,,,,1000.0
2015-03-04T00:00:00,TSC,42.0,40.8,41.8,41.9,41.9,41.7,887570.0,887570.0,0.0,37189183000.0,0.0,0.0,0.0,0.0,0.0,487.0,2532650.0,177.0,1153100.0,3.646771723287839,7537068.0,,,,1000.0
2015-03-05T00:00:00,TSC,42.2,40.9,42.0,41.5,41.5,41.9,501850.0,501850.0,0.0,20826775000.0,0.0,0.0,0.0,0.0,0.0,323.0,1151620.0,136.0,645290.0,3.646771723287839,7537268.0,,,,1000.0
2015-03-06T00:00:00,TSC,41.6,40.7,41.5,41.2,41.2,41.5,366410.0,366410.0,0.0,15096092000.0,0.0,0.0,0.0,0.0,0.0,299.0,1234700.0,141.0,534520.0,3.646771723287839,7537268.0,,,,1000.0
2015-03-09T00:00:00,TSC,41.3,40.5,41.0,41.0,41.0,41.2,423770.0,423770.0,0.0,17374570000.0,0.0,0.0,0.0,0.0,0.0,256.0,880980.0,192.0,655100.0,3.646771723287839,7537268.0,,,,1000.0
2015-03-10T00:00:00,TSC,41.0,40.5,41.0,40.9,40.9,41.0,466780.0,466780.0,0.0,19091302000.0,0.0,0.0,0.0,0.0,0.0,255.0,891460.0,188.0,621130.0,3.646771723287839,7537268.0,,,,1000.0
2015-03-11T00:00:00,TSC,40.9,40.3,40.8,40.9,40.9,40.9,382280.0,382280.0,0.0,15635252000.0,0.0,0.0,0.0,0.0,0.0,269.0,1026580.0,167.0,543740.0,3.646771723287839,7537268.0,,,,1000.0
2015-03-12T00:00:00,TSC,41.4,40.3,40.6,41.2,41.2,40.9,448470.0,448470.0,0.0,18476964000.0,0.0,3500.0,143850000.0,0.0,0.0,359.0,1692550.0,215.0,573070.0,3.646771723287839,7533768.0,,,,1000.0
2015-03-13T00:00:00,TSC,41.3,40.8,41.3,40.9,40.9,41.2,261940.0,261940.0,0.0,10713346000.0,0.0,0.0,0.0,0.0,0.0,237.0,708330.0,137.0,472380.0,3.646771723287839,7533768.0,,,,1000.0
2015-03-16T00:00:00,TSC,43.2,40.3,40.9,42.1,42.1,40.9,515950.0,515950.0,0.0,21721495000.0,0.0,200.0,8120000.0,0.0,0.0,522.0,2078740.0,405.0,1017600.0,3.646771723287839,7533568.0,,,,1000.0
2015-03-17T00:00:00,TSC,18.1,18.1,18.1,18.1,18.1,42.1,6340.0,6340.0,0.0,114754000.0,0.0,0.0,0.0,0.0,0.0,619.0,7850410.0,7.0,6340.0,1.4657233912779015,7533568.0,,,,1000.0
2015-03-18T00:00:00,TSC,19.3,19.3,19.3,19.3,19.3,18.1,10540.0,10540.0,0.0,203422000.0,0.0,0.0,0.0,0.0,0.0,565.0,6892020.0,4.0,10540.0,1.4657233912779015,7533568.0,,,,1000.0
2015-03-19T00:00:00,TSC,20.6,20.6,20.6,20.6,20.6,19.3,191030.0,191030.0,0.0,3935218000.0,0.0,0.0,0.0,200.0,4120000.0,440.0,5257530.0,51.0,191030.0,1.4657233912779015,7533568.0,,,,1000.0
2015-03-20T00:00:00,TSC,22.0,21.2,21.8,21.67,22.0,20.6,762070.0,762070.0,0.0,16514056900.0,0.0,8200.0,178760000.0,0.0,0.0,648.0,5357310.0,430.0,1092410.0,1.4657233912779015,7525368.0,,,,1000.0
2015-03-23T00:00:00,TSC,23.5,22.8,23.3,23.40562248995984,23.5,22.0,435750.0,435750.0,0.0,10199000000.0,0.0,1000.0,23500000.0,0.0,0.0,524.0,3563330.0,151.0,536010.0,1.4657233912779015,7524368.0,,,,1000.0
2015-03-24T00:00:00,TSC,24.5,23.6,23.9,23.982443115531154,24.0,23.5,1225730.0,1225730.0,0.0,29396000000.0,0.0,0.0,0.0,3000.0,71000000.0,484.0,3524810.0,343.0,2050110.0,1.4657233912779015,7524368.0,,,,1000.0
2015-03-25T00:00:00,TSC,24.2,22.9,23.0,23.1374370886566,22.9,24.0,645750.0,645750.0,0.0,14940999999.999998,0.0,0.0,0.0,1000.0,23300000.0,227.0,1050110.0,311.0,1179070.0,1.4657233912779015,7524568.0,,,,1000.0
2015-03-26T00:00:00,TSC,23.0,22.0,22.0,22.411357061158583,22.5,22.9,297260.0,297260.0,0.0,6662000000.0,0.0,0.0,0.0,0.0,0.0,161.0,844340.0,183.0,460950.0,1.4657233912779015,7524568.0,,,,1000.0
2015-03-27T00:00:00,TSC,24.0,22.1,22.1,22.836064594492345,24.0,22.5,1004420.0,1004420.0,0.0,22937000000.0,0.0,0.0,0.0,0.0,0.0,528.0,3802240.0,211.0,1415270.0,1.4657233912779015,7524568.0,,,,1000.0
2015-03-30T00:00:00,TSC,25.6,24.3,24.5,25.311370732905306,25.6,24.0,1140120.0,1140120.0,0.0,28858000000.0,0.0,800.0,20160000.0,0.0,0.0,625.0,4678600.0,228.0,1213580.0,1.4657233912779015,7526768.0,,,,1000.0
2015-03-31T00:00:00,TSC,26.0,25.0,26.0,25.6217844146066,26.0,25.6,398450.0,398450.0,0.0,10209000000.0,0.0,0.0,0.0,0.0,0.0,203.0,1016160.0,225.0,677700.0,1.4657233912779015,7527768.0,,,,1000.0
2015-04-01T00:00:00,TSC,24.7,24.2,24.2,24.305058885233397,24.3,26.0,838920.0,838920.0,0.0,20390000000.0,0.0,0.0,0.0,0.0,0.0,272.0,1593180.0,302.0,1200810.0,1.4657233912779015,7527768.0,,,,1000.0
2015-04-02T00:00:00,TSC,23.5,22.8,23.1,23.04703095472572,23.5,24.3,375710.0,375710.0,0.0,8659000000.0,0.0,0.0,0.0,0.0,0.0,266.0,1414870.0,152.0,560410.0,1.4657233912779015,7527768.0,,,,1000.0
2015-04-03T00:00:00,TSC,25.1,22.6,23.6,23.483369330453563,25.1,23.5,1157500.0,1157500.0,0.0,27182000000.0,0.0,0.0,0.0,0.0,0.0,708.0,4085350.0,236.0,1341790.0,1.4657233912779015,7527768.0,,,,1000.0
2015-04-06T00:00:00,TSC,26.0,24.9,26.0,25.267681036911807,25.5,25.1,425880.0,425880.0,0.0,10761000000.0,0.0,0.0,0.0,0.0,0.0,289.0,1730960.0,260.0,983280.0,1.4657233912779015,7527768.0,,,,1000.0
2015-04-07T00:00:00,TSC,26.8,24.5,25.2,25.762354235176602,26.8,25.5,890990.0,890990.0,0.0,22954000000.0,0.0,0.0,0.0,0.0,0.0,344.0,2142770.0,386.0,1380450.0,1.4657233912779015,7527768.0,,,,1000.0
2015-04-08T00:00:00,TSC,26.0,25.0,25.4,25.139843210779517,25.0,26.8,970730.0,970730.0,0.0,24404000000.0,0.0,0.0,0.0,0.0,0.0,469.0,1126760.0,420.0,1656990.0,1.4657233912779015,7527768.0,,,,1000.0
2015-04-09T00:00:00,TSC,25.2,24.1,25.2,24.659972372755284,25.1,25.0,376440.0,376440.0,0.0,9283000000.0,0.0,0.0,0.0,4200.0,103960000.0,354.0,792440.0,218.0,550290.0,1.4657233912779015,7527768.0,,,,1000.0
2015-04-10T00:00:00,TSC,25.4,24.3,25.4,24.509322865554466,24.3,25.1,244560.0,244560.0,0.0,5994000000.0,0.0,0.0,0.0,2800.0,68200000.0,239.0,511110.0,193.0,481490.0,1.4657233912779015,7527768.0,,,,1000.0
2015-04-13T00:00:00,TSC,24.5,23.0,23.4,23.437012541336493,23.0,24.3,641080.0,641080.0,0.0,15025000000.0,0.0,0.0,0.0,3000.0,70200000.0,406.0,1475460.0,202.0,805720.0,1.4657233912779015,7527768.0,,,,1000.0
2015-04-14T00:00:00,TSC,23.5,22.4,23.0,22.783040844851687,22.8,23.0,386340.0,386340.0,0.0,8802000000.0,0.0,2000.0,46600000.0,0.0,0.0,348.0,1456700.0,162.0,620920.0,1.4657233912779015,7525768.0,,,,1000.0
2015-04-15T00:00:00,TSC,23.0,22.5,22.9,22.75006686279754,22.9,22.8,299120.0,299120.0,0.0,6805000000.0,0.0,0.0,0.0,0.0,0.0,188.0,545940.0,156.0,404430.0,1.4657233912779015,7529968.0,,,,1000.0
2015-04-16T00:00:00,TSC,23.0,21.8,22.9,22.456512822987285,21.8,22.9,414490.0,414490.0,0.0,9308000000.0,0.0,0.0,0.0,13000.0,292500000.0,234.0,635930.0,196.0,743250.0,1.4657233912779015,7532768.0,,,,1000.0
2015-04-17T00:00:00,TSC,23.3,22.0,22.0,22.80786686838124,23.3,21.8,495750.0,495750.0,0.0,11307000000.0,0.0,0.0,0.0,5500.0,126250000.0,344.0,2170370.0,187.0,555050.0,1.4657233912779015,7535768.0,,,,1000.0
2015-04-20T00:00:00,TSC,24.0,23.2,23.5,23.520795312650083,23.9,23.3,416440.0,416440.0,0.0,9795000000.0,0.0,0.0,0.0,0.0,0.0,228.0,892010.0,264.0,642420.0,1.4657233912779015,7535768.0,,,,1000.0
2015-04-21T00:00:00,TSC,23.9,23.2,23.9,23.55621768469021,23.5,23.9,342330.0,342330.0,0.0,8064000000.0,0.0,0.0,0.0,0.0,0.0,216.0,876250.0,289.0,752480.0,1.4657233912779015,7535768.0,,,,1000.0
2015-04-22T00:00:00,TSC,23.5,22.7,23.4,23.172618068125722,22.7,23.5,303850.0,303850.0,0.0,7041000000.0,0.0,0.0,0.0,0.0,0.0,152.0,796510.0,209.0,594390.0,1.4657233912779015,7548768.0,,,,1000.0
2015-04-23T00:00:00,TSC,23.0,22.2,22.8,22.598491198658845,22.2,22.7,298250.0,298250.0,0.0,6740000000.000001,0.0,0.0,0.0,0.0,0.0,145.0,568710.0,160.0,567260.0,1.4657233912779015,7554268.0,,,,1000.0
2015-04-24T00:00:00,TSC,22.9,22.2,22.3,22.518106341635754,22.4,22.2,226440.0,226440.0,0.0,5099000000.0,0.0,0.0,0.0,5500.0,122800000.0,141.0,497300.0,129.0,397150.0,1.4657233912779015,7554268.0,,,,1000.0
2015-04-27T00:00:00,TSC,22.7,22.2,22.5,22.446496313792856,22.4,22.4,139710.0,139710.0,0.0,3136000000.0,0.0,0.0,0.0,0.0,0.0,64.0,313090.0,93.0,342930.0,1.4657233912779015,7554268.0,,,,1000.0
2015-05-04T00:00:00,TSC,22.8,20.9,22.6,21.65534142809402,20.9,22.4,448850.0,448850.0,0.0,9720000000.0,0.0,0.0,0.0,0.0,0.0,141.0,647180.0,194.0,786310.0,1.4657233912779015,7554268.0,,,,1000.0
2015-05-05T00:00:00,TSC,21.2,20.0,21.0,20.63566724902567,21.0,20.9,297640.0,297640.0,0.0,6142000000.0,0.0,0.0,0.0,0.0,0.0,154.0,795960.0,131.0,470610.0,1.4657233912779015,7554268.0,,,,1000.0
2015-05-06T00:00:00,TSC,21.0,20.4,21.0,20.698935693022875,20.8,21.0,245230.0,245230.0,0.0,5076000000.0,0.0,0.0,0.0,0.0,0.0,107.0,501010.0,141.0,398150.0,1.4657233912779015,7559768.0,,,,1000.0
2015-05-07T00:00:00,TSC,21.3,20.5,20.8,20.91,21.3,20.8,219180.0,219180.0,0.0,4583053800.0,0.0,0.0,0.0,0.0,0.0,106.0,491240.0,106.0,292830.0,1.4657233912779015,7559768.0,,,,1000.0
2015-05-08T00:00:00,TSC,21.5,20.9,20.9,21.183071213995404,21.4,21.3,226360.0,226360.0,0.0,4795000000.0,0.0,0.0,0.0,0.0,0.0,106.0,405030.0,104.0,319100.0,1.4657233912779015,7559768.0,,,,1000.0
2015-05-11T00:00:00,TSC,21.8,21.4,21.4,21.587985700444356,21.7,21.4,598620.0,598620.0,0.0,12923000000.0,0.0,200000.0,4308000000.0,0.0,0.0,225.0,1278120.0,177.0,753480.0,1.4657233912779015,7359768.0,,,,1000.0
2015-05-12T00:00:00,TSC,21.9,21.2,21.7,21.532583621683965,21.5,21.7,277440.0,277440.0,0.0,5974000000.0,0.0,0.0,0.0,0.0,0.0,100.0,489040.0,98.0,408010.0,1.4657233912779015,12794682.0,,,,1000.0
2015-05-13T00:00:00,TSC,21.7,21.2,21.6,21.410542665760605,21.2,21.5,206020.0,206020.0,0.0,4411000000.0,0.0,0.0,0.0,0.0,0.0,81.0,361890.0,94.0,382870.0,1.4657233912779015,12794682.0,,,,1000.0
2015-05-14T00:00:00,TSC,22.6,21.5,21.5,22.203964260039026,22.6,21.2,584220.0,584220.0,0.0,12972000000.0,0.0,0.0,0.0,0.0,0.0,59.0,488310.0,61.0,309040.0,1.4657233912779015,12794682.0,,,,1000.0
2015-05-15T00:00:00,TSC,23.2,22.2,22.8,22.781307645009225,22.2,22.6,390320.0,390320.0,0.0,8892000000.0,0.0,0.0,0.0,0.0,0.0,151.0,632940.0,213.0,755650.0,1.4657233912779015,12794682.0,,,,1000.0
2015-05-18T00:00:00,TSC,22.4,21.6,22.3,21.88838395396737,21.9,22.2,611740.0,611740.0,0.0,13390000000.0,0.0,150000.0,3259000000.0,90030.0,1967999000.0,227.0,959510.0,176.0,809880.0,1.4657233912779015,12644682.0,,,,1000.0
2015-05-19T00:00:00,TSC,22.4,21.5,21.8,21.75565832807792,22.3,21.9,570840.0,570840.0,0.0,12419000000.0,0.0,153800.0,3327320000.0,0.0,0.0,222.0,1182350.0,155.0,729030.0,1.4657233912779015,12490882.0,,,,1000.0
2015-05-20T00:00:00,TSC,22.7,21.1,22.3,21.822029668377024,22.5,22.3,500870.0,500870.0,0.0,10930000000.0,0.0,0.0,0.0,0.0,0.0,337.0,1570760.0,194.0,792860.0,1.4657233912779015,12490882.0,,,,1000.0
2015-05-21T00:00:00,TSC,22.5,21.0,22.5,21.33586083853702,22.0,22.5,896800.0,896800.0,0.0,19134000000.0,0.0,0.0,0.0,0.0,0.0,455.0,1643530.0,262.0,1243560.0,1.4657233912779015,12490882.0,,,,1000.0
2015-05-22T00:00:00,TSC,21.8,21.4,21.8,21.60301008093142,21.7,22.0,457580.0,422580.0,35000.0,9892000000.0,763000000.0,200000.0,4322800000.0,0.0,0.0,235.0,1004930.0,150.0,653040.0,1.4657233912779015,12380912.0,,,,1000.0
2015-05-25T00:00:00,TSC,21.7,20.8,21.7,21.13550060201908,21.3,21.7,323910.0,323910.0,0.0,6845999999.999999,0.0,0.0,0.0,0.0,0.0,214.0,753900.0,173.0,544030.0,1.4657233912779015,12380912.0,,,,1000.0
2015-05-26T00:00:00,TSC,21.0,20.1,20.3,20.47686207722398,20.5,21.3,375790.0,375790.0,0.0,7695000000.0,0.0,0.0,0.0,0.0,0.0,291.0,988060.0,356.0,805960.0,1.4657233912779015,12380912.0,,,,1000.0
2015-05-27T00:00:00,TSC,21.9,20.4,20.5,21.06,21.9,20.5,1102160.0,1102160.0,0.0,23211489600.0,0.0,300030.0,6260486000.0,130.0,2717000.0,668.0,3199230.0,408.0,1252060.0,1.4657233912779015,12080882.0,,,,1000.0
2015-05-28T00:00:00,TSC,22.2,21.6,21.9,21.89,21.9,21.9,546860.0,546860.0,0.0,11970765400.0,0.0,10500.0,226800000.0,2340.0,50544000.0,313.0,1314780.0,301.0,880800.0,1.4657233912779015,12070382.0,,,,1000.0
2015-05-29T00:00:00,TSC,21.8,21.3,21.8,21.493418066273264,21.4,21.9,220300.0,220300.0,0.0,4735000000.0,0.0,0.0,0.0,0.0,0.0,152.0,656160.0,193.0,528760.0,1.4657233912779015,12070382.0,,,,1000.0
2015-06-01T00:00:00,TSC,21.5,20.8,21.4,20.997047467635703,20.9,21.4,352240.0,352240.0,0.0,7396000000.000001,0.0,0.0,0.0,0.0,0.0,245.0,908210.0,232.0,654280.0,1.4657233912779015,12070382.0,,,,1000.0
2015-06-02T00:00:00,TSC,21.8,20.8,20.9,21.267590348370295,21.2,20.9,1105720.0,1105720.0,0.0,23516000000.0,0.0,339430.0,7177196000.0,0.0,0.0,441.0,2219430.0,429.0,1670110.0,1.4657233912779015,11731082.0,,,,1000.0
2015-06-03T00:00:00,TSC,21.9,21.0,21.3,21.358165877035344,21.9,21.2,367260.0,367260.0,0.0,7844000000.0,0.0,2000.0,43800000.0,0.0,0.0,205.0,845240.0,290.0,627940.0,1.4657233912779015,11731422.0,,,,1000.0
2015-06-04T00:00:00,TSC,22.4,21.8,22.0,22.168002788428023,22.2,21.9,459040.0,459040.0,0.0,10176000000.0,0.0,0.0,0.0,0.0,0.0,215.0,954890.0,361.0,899730.0,1.4657233912779015,11731422.0,,,,1000.0
2015-06-05T00:00:00,TSC,22.3,21.6,22.1,21.95,22.2,22.2,462160.0,462160.0,0.0,10144412000.0,0.0,0.0,0.0,3600.0,78840000.0,274.0,1261920.0,280.0,826390.0,1.4657233912779015,11731422.0,,,,1000.0
2015-06-08T00:00:00,TSC,23.0,22.2,22.3,22.56757159460023,22.6,22.2,671140.0,671140.0,0.0,15146000000.0,0.0,0.0,0.0,900.0,19980000.0,310.0,1334420.0,326.0,1017710.0,1.4657233912779015,34301149.0,,,,1000.0
2015-06-09T00:00:00,TSC,22.5,21.7,22.5,22.0675569520817,21.9,22.6,318250.0,318250.0,0.0,7023000000.0,0.0,0.0,0.0,3000.0,66300000.0,211.0,846500.0,194.0,616640.0,1.4657233912779015,34301149.0,,,,1000.0
2015-06-10T00:00:00,TSC,22.0,21.4,21.9,21.689299088398833,21.9,21.9,264370.0,264370.0,0.0,5734000000.0,0.0,0.0,0.0,2000.0,43600000.0,186.0,724920.0,155.0,456280.0,1.4657233912779015,34301149.0,,,,1000.0
2015-06-11T00:00:00,TSC,23.4,21.8,21.9,22.68822730443082,22.9,21.9,544820.0,544820.0,0.0,12361000000.0,0.0,5000.0,113000000.0,0.0,0.0,284.0,1229060.0,396.0,804840.0,1.4657233912779015,34299749.0,,,,1000.0
2015-06-12T00:00:00,TSC,23.9,23.0,23.0,23.32,23.4,22.9,1020790.0,1020790.0,0.0,23804822800.0,0.0,303090.0,7031368000.0,0.0,0.0,352.0,1963960.0,464.0,1529300.0,1.4657233912779015,33997559.0,,,,1000.0
2015-06-15T00:00:00,TSC,23.6,22.9,23.4,23.226583107617685,23.0,23.4,564870.0,564870.0,0.0,13120000000.000002,0.0,0.0,0.0,8300.0,190900000.0,218.0,1015100.0,315.0,950160.0,1.4657233912779015,34000559.0,,,,1000.0
2015-06-16T00:00:00,TSC,23.1,22.1,22.5,22.596972646067222,22.1,23.0,2301680.0,2301680.0,0.0,52011000000.0,0.0,0.0,0.0,41400.0,925800000.0,690.0,3970090.0,658.0,3135510.0,1.4657233912779015,34002559.0,,,,1000.0
2015-06-17T00:00:00,TSC,22.3,21.6,22.0,21.762435106713404,21.9,22.1,1126850.0,1126850.0,0.0,24523000000.0,0.0,0.0,0.0,0.0,0.0,421.0,2287840.0,325.0,1712950.0,1.4657233912779015,34002559.0,,,,1000.0
2015-06-18T00:00:00,TSC,23.4,21.7,22.0,22.740744865821437,23.4,21.9,1616130.0,1616130.0,0.0,36752000000.0,0.0,0.0,0.0,0.0,0.0,665.0,4944460.0,505.0,1921060.0,1.4657233912779015,34002559.0,,,,1000.0
2015-06-19T00:00:00,TSC,24.3,22.9,23.7,23.541512648259456,23.0,23.4,1244440.0,1244440.0,0.0,29296000000.0,0.0,600.0,14580000.0,0.0,0.0,467.0,2800230.0,549.0,2131070.0,1.4657233912779015,34010259.0,,,,1000.0
2015-06-22T00:00:00,TSC,22.8,22.3,22.7,22.501747934847348,22.3,23.0,772340.0,772340.0,0.0,17379000000.0,0.0,0.0,0.0,0.0,0.0,378.0,1453830.0,236.0,1175590.0,1.4657233912779015,34051659.0,,,,1000.0
2015-06-23T00:00:00,TSC,22.3,21.4,22.3,21.651071378878534,21.7,22.3,1149920.0,1149920.0,0.0,24897000000.000004,0.0,0.0,0.0,0.0,0.0,581.0,1607810.0,262.0,1651580.0,1.4657233912779015,34051659.0,,,,1000.0
2015-06-24T00:00:00,TSC,21.6,20.6,21.5,21.057393685960925,21.0,21.7,817860.0,817860.0,0.0,17222000000.0,0.0,0.0,0.0,0.0,0.0,574.0,1457560.0,249.0,1223640.0,1.4657233912779015,34051659.0,,,,1000.0
2015-06-25T00:00:00,TSC,21.0,20.4,21.0,20.634392502634057,20.8,21.0,540990.0,540990.0,0.0,11163000000.0,0.0,0.0,0.0,0.0,0.0,431.0,1359230.0,176.0,789840.0,1.4657233912779015,34051659.0,,,,1000.0
2015-06-26T00:00:00,TSC,21.5,20.7,21.0,21.0296501594938,21.0,20.8,382460.0,382460.0,0.0,8042999999.999999,0.0,0.0,0.0,4000.0,84159000.0,270.0,1132240.0,263.0,813750.0,1.4657233912779015,34051659.0,,,,1000.0
2015-06-29T00:00:00,TSC,21.0,20.4,21.0,20.653127742258995,20.8,21.0,319080.0,319080.0,0.0,6590000000.0,0.0,0.0,0.0,0.0,0.0,232.0,887450.0,193.0,773810.0,1.4657233912779015,34051659.0,,,,1000.0
2015-06-30T00:00:00,TSC,20.8,19.9,20.8,20.24905834422323,20.0,20.8,650450.0,650450.0,0.0,13171000000.0,0.0,0.0,0.0,0.0,0.0,312.0,1247400.0,218.0,1023420.0,1.4657233912779015,34051659.0,,,,1000.0
2015-07-01T00:00:00,TSC,20.5,19.7,20.4,20.118203927926984,20.1,20.0,764780.0,764780.0,0.0,15386000000.0,0.0,0.0,0.0,8000.0,162400000.0,368.0,1566780.0,336.0,1336310.0,1.4657233912779015,34051659.0,,,,1000.0
2015-07-02T00:00:00,TSC,20.1,19.5,20.1,19.785181532392283,20.0,20.1,648920.0,648920.0,0.0,12839000000.0,0.0,0.0,0.0,0.0,0.0,322.0,1144390.0,262.0,1056160.0,1.4657233912779015,34055659.0,,,,1000.0
2015-07-03T00:00:00,TSC,20.8,19.7,19.8,20.115681233933163,20.6,20.0,606840.0,606840.0,0.0,12207000000.0,0.0,0.0,0.0,0.0,0.0,395.0,2577090.0,306.0,1099040.0,1.4657233912779015,34055659.0,,,,1000.0
2015-07-06T00:00:00,TSC,20.6,20.1,20.6,20.18,20.2,20.6,544340.0,544340.0,0.0,10984781200.0,0.0,0.0,0.0,0.0,0.0,303.0,1941950.0,222.0,1146380.0,1.4657233912779015,34055659.0,,,,1000.0
2015-07-07T00:00:00,TSC,20.2,20.0,20.2,20.050992173294333,20.2,20.2,505960.0,505960.0,0.0,10145000000.0,0.0,0.0,0.0,0.0,0.0,254.0,1165090.0,193.0,902580.0,1.4657233912779015,34063659.0,,,,1000.0
2015-07-08T00:00:00,TSC,20.2,19.5,20.2,19.804464216434315,19.5,20.2,773260.0,773260.0,0.0,15314000000.0,0.0,0.0,0.0,0.0,0.0,309.0,1892830.0,262.0,1340280.0,1.4657233912779015,34063659.0,,,,1000.0
2015-07-09T00:00:00,TSC,20.0,19.5,19.5,19.68357436926,19.6,19.5,757840.0,757840.0,0.0,14916999999.999998,0.0,200.0,3900000.0,0.0,0.0,403.0,2424080.0,304.0,1357500.0,1.4657233912779015,34063459.0,,,,1000.0
2015-07-10T00:00:00,TSC,19.9,19.1,19.9,19.41,19.3,19.6,1053780.0,1053780.0,0.0,20453869800.0,0.0,0.0,0.0,0.0,0.0,445.0,3051280.0,403.0,2011920.0,1.4657233912779015,34063459.0,,,,1000.0
2015-07-13T00:00:00,TSC,15.6,15.6,15.6,15.6,15.6,19.3,293510.0,293510.0,0.0,4578756000.0,0.0,0.0,0.0,0.0,0.0,367.0,4746460.0,85.0,293510.0,1.1125827815,34063459.0,,,,1000.0
2015-07-14T00:00:00,TSC,16.6,15.7,16.6,16.52288638338002,15.8,15.6,2152590.0,2152590.0,0.0,35567000000.0,0.0,0.0,0.0,180.0,2988000.0,441.0,3829700.0,513.0,2980080.0,1.1125827815,34063459.0,,,,1000.0
2015-07-15T00:00:00,TSC,16.1,15.9,16.0,15.92803194721764,15.9,15.8,460760.0,460760.0,0.0,7339000000.0,0.0,0.0,0.0,0.0,0.0,148.0,1359250.0,308.0,1085780.0,1.1125827815,34063459.0,,,,1000.0
2015-07-16T00:00:00,TSC,16.2,16.0,16.0,16.08,16.2,15.9,321470.0,321470.0,0.0,5169237600.0,0.0,0.0,0.0,0.0,0.0,129.0,1234080.0,183.0,616850.0,1.1125827815,34063459.0,,,,1000.0
2015-07-17T00:00:00,TSC,16.4,16.1,16.4,16.22808099242854,16.2,16.2,405470.0,405470.0,0.0,6580000000.0,0.0,0.0,0.0,0.0,0.0,107.0,1171910.0,200.0,811050.0,1.1125827815,34063459.0,,,,1000.0
2015-07-20T00:00:00,TSC,16.0,15.5,16.0,15.846190687968253,16.0,16.2,292310.0,292310.0,0.0,4632000000.0,0.0,0.0,0.0,5000.0,77500000.0,121.0,574340.0,191.0,685320.0,1.1125827815,34063639.0,,,,1000.0
2015-07-21T00:00:00,TSC,16.1,15.5,16.1,15.671159726109988,15.5,16.0,464420.0,464420.0,0.0,7278000000.0,0.0,0.0,0.0,251440.0,3932445000.0,108.0,940220.0,189.0,1070540.0,1.1125827815,34063639.0,,,,1000.0
2015-07-22T00:00:00,TSC,15.6,15.1,15.6,15.298077366406934,15.5,15.5,216890.0,216890.0,0.0,3318000000.0,0.0,0.0,0.0,7340.0,111568000.0,115.0,777530.0,126.0,445260.0,1.1125827815,34063639.0,,,,1000.0
2015-07-23T00:00:00,TSC,15.6,15.2,15.6,15.317380713569278,15.3,15.5,418740.0,418740.0,0.0,6414000000.0,0.0,0.0,0.0,0.0,0.0,109.0,1039370.0,127.0,654070.0,1.1125827815,34063639.0,,,,1000.0
2015-07-24T00:00:00,TSC,15.4,15.1,15.2,15.203700059043495,15.3,15.3,203240.0,203240.0,0.0,3090000000.0,0.0,0.0,0.0,0.0,0.0,78.0,469870.0,129.0,412490.0,1.1125827815,34068639.0,,,,1000.0
2015-07-27T00:00:00,TSC,15.4,14.8,15.4,15.001238236750867,14.9,15.3,161520.0,161520.0,0.0,2423000000.0,0.0,0.0,0.0,0.0,0.0,138.0,537120.0,129.0,423470.0,1.1125827815,34320079.0,,,,1000.0
2015-07-28T00:00:00,TSC,14.9,14.5,14.8,14.677913570246188,14.5,14.9,567860.0,567860.0,0.0,8335000000.0,0.0,0.0,0.0,0.0,0.0,138.0,743250.0,206.0,902170.0,1.1125827815,34327419.0,,,,1000.0
2015-07-29T00:00:00,TSC,14.8,14.5,14.5,14.691861466888748,14.7,14.5,174110.0,174110.0,0.0,2558000000.0,0.0,0.0,0.0,0.0,0.0,119.0,809370.0,102.0,359730.0,1.1125827815,34327419.0,,,,1000.0
2015-07-30T00:00:00,TSC,14.9,14.6,14.6,14.757053450266339,14.9,14.7,493730.0,493730.0,0.0,7286000000.0,0.0,0.0,0.0,0.0,0.0,144.0,973880.0,159.0,645530.0,1.1125827815,34327419.0,,,,1000.0
2015-07-31T00:00:00,TSC,15.2,14.9,15.0,14.999878661392483,15.0,14.9,412070.0,412070.0,0.0,6181000000.0,0.0,0.0,0.0,0.0,0.0,134.0,683090.0,195.0,702480.0,1.1125827815,34327419.0,,,,1000.0
2015-08-03T00:00:00,TSC,14.9,14.6,14.9,14.758523183702325,14.7,15.0,311210.0,311210.0,0.0,4593000000.0,0.0,0.0,0.0,0.0,0.0,113.0,675940.0,143.0,538240.0,1.1125827815,34327419.0,,,,1000.0
2015-08-04T00:00:00,TSC,14.8,14.5,14.7,14.68410272569718,14.7,14.7,507760.0,507760.0,0.0,7456000000.0,0.0,0.0,0.0,0.0,0.0,159.0,1107380.0,170.0,879370.0,1.1125827815,34327419.0,,,,1000.0
2015-08-05T00:00:00,TSC,14.9,14.6,14.7,14.731016161168919,14.8,14.7,225850.0,225850.0,0.0,3327000000.0,0.0,0.0,0.0,0.0,0.0,115.0,643370.0,116.0,427590.0,1.1125827815,34327419.0,,,,1000.0
2015-08-06T00:00:00,TSC,14.8,14.5,14.8,14.64485771902308,14.7,14.8,223150.0,223150.0,0.0,3268000000.0,0.0,0.0,0.0,0.0,0.0,105.0,541890.0,121.0,502820.0,1.1125827815,34327419.0,,,,1000.0
2015-08-07T00:00:00,TSC,14.8,14.5,14.7,14.679227894117044,14.7,14.7,385310.0,195310.0,190000.0,5660000000.0,2793000000.0,0.0,0.0,0.0,0.0,115.0,761300.0,117.0,474820.0,1.1125827815,34327419.0,,,,1000.0
2015-08-10T00:00:00,TSC,14.8,14.5,14.8,14.597202711781593,14.7,14.7,163730.0,163730.0,0.0,2390000000.0,0.0,0.0,0.0,0.0,0.0,74.0,496170.0,98.0,436390.0,1.1125827815,34327419.0,,,,1000.0
2015-08-11T00:00:00,TSC,14.7,14.3,14.7,14.48662103298071,14.5,14.7,321400.0,321400.0,0.0,4656000000.0,0.0,0.0,0.0,0.0,0.0,97.0,572320.0,111.0,525720.0,1.1125827815,34327419.0,,,,1000.0
2015-08-12T00:00:00,TSC,14.6,14.4,14.5,14.476703276531955,14.5,14.5,326870.0,326870.0,0.0,4732000000.0,0.0,0.0,0.0,0.0,0.0,113.0,897200.0,138.0,538620.0,1.1125827815,34327419.0,,,,1000.0
2015-08-13T00:00:00,TSC,14.8,14.4,14.5,14.585709120240313,14.6,14.5,359530.0,359530.0,0.0,5244000000.0,0.0,0.0,0.0,0.0,0.0,196.0,1864190.0,204.0,761790.0,1.1125827815,34327419.0,,,,1000.0
2015-08-14T00:00:00,TSC,15.2,14.7,14.7,14.992964382995753,15.2,14.6,774630.0,774630.0,0.0,11614000000.0,0.0,8000.0,120000000.0,0.0,0.0,351.0,2764760.0,345.0,1345350.0,1.1125827815,34319419.0,,,,1000.0
2015-08-17T00:00:00,TSC,15.4,14.8,15.3,15.04,14.8,15.2,653800.0,653800.0,0.0,9833152000.0,0.0,0.0,0.0,0.0,0.0,152.0,1135370.0,246.0,1530380.0,1.1125827815,34319419.0,,,,1000.0
2015-08-18T00:00:00,TSC,14.9,14.6,14.8,14.670799094672022,14.6,14.8,490430.0,490430.0,0.0,7195000000.0,0.0,0.0,0.0,10130.0,149924000.0,141.0,1027990.0,148.0,833420.0,1.1125827815,34319419.0,,,,1000.0
2015-08-19T00:00:00,TSC,14.7,14.2,14.5,14.400313050283701,14.4,14.6,562210.0,562210.0,0.0,8096000000.0,0.0,780.0,11310000.0,0.0,0.0,150.0,1165190.0,182.0,880970.0,1.1125827815,34318639.0,,,,1000.0
2015-08-20T00:00:00,TSC,14.6,14.1,14.4,14.29256211552289,14.1,14.4,250340.0,250340.0,0.0,3578000000.0,0.0,0.0,0.0,0.0,0.0,87.0,829730.0,138.0,573300.0,1.1125827815,34318639.0,,,,1000.0
2015-08-21T00:00:00,TSC,14.2,13.7,14.1,14.083480054776006,14.1,14.1,1124580.0,1124580.0,0.0,15838000000.0,0.0,0.0,0.0,8000.0,109600000.0,218.0,2732430.0,270.0,1562730.0,1.1125827815,34318639.0,,,,1000.0
2015-08-24T00:00:00,TSC,14.0,13.2,13.9,13.662270666056497,13.9,14.1,721110.0,721110.0,0.0,9852000000.0,0.0,0.0,0.0,0.0,0.0,155.0,1433270.0,271.0,1127320.0,1.1125827815,34328769.0,,,,1000.0
2015-08-25T00:00:00,TSC,13.5,13.1,13.4,13.307984790874524,13.5,13.9,339910.0,149910.0,190000.0,4522000000.0,2527000000.0,0.0,0.0,0.0,0.0,68.0,249820.0,81.0,323380.0,1.1125827815,34328769.0,,,,1000.0
2015-08-26T00:00:00,TSC,14.4,13.6,13.6,14.256038647342995,14.4,13.5,414000.0,414000.0,0.0,5902000000.0,0.0,0.0,0.0,0.0,0.0,273.0,2507230.0,101.0,437310.0,1.1125827815,34328769.0,,,,1000.0
2015-08-27T00:00:00,TSC,15.0,14.6,14.6,14.757725141276902,14.6,14.4,415850.0,415850.0,0.0,6137000000.0,0.0,0.0,0.0,80.0,1184000.0,149.0,941190.0,150.0,939000.0,1.1125827815,34336769.0,,,,1000.0
2015-08-28T00:00:00,TSC,14.8,14.4,14.7,14.562331989247312,14.6,14.6,238080.0,238080.0,0.0,3467000000.0,0.0,0.0,0.0,0.0,0.0,101.0,624970.0,123.0,468510.0,1.1125827815,34336769.0,,,,1000.0
2015-08-31T00:00:00,TSC,14.6,13.9,14.5,14.178978709061289,13.9,14.6,178010.0,178010.0,0.0,2524000000.0,0.0,0.0,0.0,0.0,0.0,101.0,554920.0,76.0,366860.0,1.1125827815,34336769.0,,,,1000.0
2015-09-01T00:00:00,TSC,14.1,13.7,14.0,13.901442962156276,13.9,13.9,183650.0,183650.0,0.0,2553000000.0,0.0,0.0,0.0,0.0,0.0,90.0,432080.0,60.0,289400.0,1.1125827815,34336769.0,,,,1000.0
2015-09-03T00:00:00,TSC,13.9,13.5,13.9,13.69928400954654,13.5,13.9,146650.0,146650.0,0.0,2009000000.0,0.0,0.0,0.0,0.0,0.0,72.0,311980.0,71.0,264560.0,1.1125827815,34336849.0,,,,1000.0
2015-09-04T00:00:00,TSC,13.9,13.3,13.9,13.437145508920285,13.5,13.5,96970.0,96970.0,0.0,1303000000.0,0.0,0.0,0.0,0.0,0.0,74.0,281070.0,52.0,136070.0,1.1125827815,34336849.0,,,,1000.0
2015-09-07T00:00:00,TSC,13.5,13.3,13.4,13.449965010496852,13.4,13.5,142900.0,142900.0,0.0,1922000000.0,0.0,0.0,0.0,0.0,0.0,67.0,259790.0,65.0,183700.0,1.1125827815,34336849.0,,,,1000.0
2015-09-08T00:00:00,TSC,13.9,13.3,13.3,13.45132743362832,13.6,13.4,169500.0,169500.0,0.0,2280000000.0,0.0,0.0,0.0,0.0,0.0,99.0,378910.0,79.0,229780.0,1.1125827815,34336849.0,,,,1000.0
2015-09-09T00:00:00,TSC,13.8,13.5,13.8,13.6,13.7,13.6,148750.0,148750.0,0.0,2023000000.0,0.0,0.0,0.0,0.0,0.0,89.0,309250.0,78.0,250200.0,1.1125827815,34336849.0,,,,1000.0
2015-09-10T00:00:00,TSC,13.7,13.4,13.5,13.558988487651284,13.6,13.7,101630.0,101630.0,0.0,1378000000.0,0.0,0.0,0.0,0.0,0.0,54.0,229240.0,72.0,203330.0,1.1125827815,34336849.0,,,,1000.0
2015-09-11T00:00:00,TSC,13.6,13.4,13.6,13.459628752578107,13.5,13.6,130910.0,130910.0,0.0,1762000000.0,0.0,0.0,0.0,0.0,0.0,80.0,250680.0,71.0,236590.0,1.1125827815,34336849.0,,,,1000.0
2015-09-14T00:00:00,TSC,13.6,13.3,13.4,13.388282468255737,13.4,13.5,134670.0,134670.0,0.0,1803000000.0,0.0,0.0,0.0,0.0,0.0,78.0,405280.0,76.0,328470.0,1.1125827815,34336849.0,,,,1000.0
2015-09-15T00:00:00,TSC,13.4,13.1,13.4,13.20228839665542,13.1,13.4,136340.0,136340.0,0.0,1800000000.0,0.0,0.0,0.0,0.0,0.0,56.0,303040.0,55.0,267730.0,1.1125827815,34336849.0,,,,1000.0
2015-09-16T00:00:00,TSC,13.2,13.0,13.0,13.127217435377597,13.2,13.1,78920.0,78920.0,0.0,1036000000.0,0.0,0.0,0.0,0.0,0.0,100.0,669230.0,49.0,145710.0,1.1125827815,34336849.0,,,,1000.0
2015-09-17T00:00:00,TSC,13.4,13.2,13.3,13.276633840644584,13.4,13.2,111700.0,111700.0,0.0,1483000000.0,0.0,0.0,0.0,0.0,0.0,105.0,512060.0,46.0,143040.0,1.1125827815,34336849.0,,,,1000.0
2015-09-18T00:00:00,TSC,14.3,13.4,13.5,13.856964602351086,14.1,13.4,304540.0,304540.0,0.0,4220000000.0,0.0,0.0,0.0,0.0,0.0,149.0,1060170.0,155.0,532460.0,1.1125827815,34336849.0,,,,1000.0
2015-09-21T00:00:00,TSC,14.1,13.5,14.0,13.7500339406446,13.8,14.1,368290.0,368290.0,0.0,5064000000.0,0.0,0.0,0.0,0.0,0.0,152.0,704540.0,124.0,685480.0,1.1125827815,34336849.0,,,,1000.0
2015-09-22T00:00:00,TSC,13.8,13.5,13.8,13.602638087386646,13.6,13.8,109170.0,109170.0,0.0,1485000000.0,0.0,0.0,0.0,0.0,0.0,72.0,262920.0,61.0,207470.0,1.1125827815,34336849.0,,,,1000.0
2015-09-23T00:00:00,TSC,13.8,13.5,13.6,13.605487927903692,13.6,13.6,148690.0,148690.0,0.0,2023000000.0,0.0,0.0,0.0,0.0,0.0,86.0,404480.0,74.0,302850.0,1.1125827815,34336849.0,,,,1000.0
2015-09-24T00:00:00,TSC,13.6,13.4,13.5,13.514473450541644,13.5,13.6,112620.0,112620.0,0.0,1522000000.0,0.0,0.0,0.0,0.0,0.0,95.0,342760.0,88.0,332830.0,1.1125827815,68493528.0,,,,1000.0
2015-09-25T00:00:00,TSC,13.5,13.1,13.4,13.20671809393614,13.1,13.5,204820.0,204820.0,0.0,2705000000.0,0.0,0.0,0.0,0.0,0.0,134.0,365580.0,90.0,378920.0,1.1125827815,34336769.0,,,,1000.0
2015-09-28T00:00:00,TSC,13.2,12.6,12.9,12.753426209083703,12.6,13.1,176580.0,176580.0,0.0,2252000000.0,0.0,0.0,0.0,300.0,3810000.0,140.0,282860.0,89.0,291550.0,1.1125827815,68493528.0,,,,1000.0
2015-09-29T00:00:00,TSC,12.8,12.4,12.4,12.607449856733526,12.7,12.6,17450.0,17450.0,0.0,220000000.0,0.0,0.0,0.0,0.0,0.0,51.0,102000.0,39.0,87130.0,1.1125827815,68493528.0,,,,1000.0
2015-09-30T00:00:00,TSC,13.1,12.6,13.0,12.917316692667706,12.7,12.7,32050.0,32050.0,0.0,414000000.0,0.0,0.0,0.0,0.0,0.0,58.0,63480.0,53.0,144700.0,1.1125827815,68493528.0,,,,1000.0
2015-10-01T00:00:00,TSC,12.8,12.6,12.6,12.67052887310783,12.8,12.7,53510.0,53510.0,0.0,678000000.0,0.0,0.0,0.0,800.0,10080000.0,57.0,98930.0,55.0,114900.0,1.1125827815,68493528.0,,,,1000.0
2015-10-02T00:00:00,TSC,12.0,12.0,12.0,12.0,12.0,12.8,217370.0,117370.0,100000.0,2688440000.0,1280000000.0,0.0,0.0,0.0,0.0,43.0,117370.0,420.0,3806880.0,1.1125827815,68493828.0,,,,1000.0
2015-10-05T00:00:00,TSC,11.3,11.2,11.2,11.20989178210127,11.3,12.0,6124680.0,6124680.0,0.0,68657000000.0,0.0,0.0,0.0,0.0,0.0,793.0,6686620.0,731.0,8502520.0,1.1125827815,68493828.0,,,,1000.0
2015-10-06T00:00:00,TSC,11.5,10.9,11.4,11.231705311626378,11.4,11.3,728910.0,668910.0,60000.0,8173000000.0,660000000.0,0.0,0.0,0.0,0.0,373.0,1920170.0,252.0,1275060.0,1.1125827815,68493828.0,,,,1000.0
2015-10-07T00:00:00,TSC,11.4,11.2,11.4,11.346978733270646,11.4,11.4,776330.0,776330.0,0.0,8809000000.0,0.0,0.0,0.0,0.0,0.0,207.0,1521540.0,234.0,1337830.0,1.1125827815,68494628.0,,,,1000.0
2015-10-08T00:00:00,TSC,12.0,11.2,11.2,11.588063587636416,11.9,11.4,1966420.0,1966420.0,0.0,22787000000.0,0.0,0.0,0.0,1100.0,13090000.0,578.0,3819310.0,438.0,2579000.0,1.1125827815,68494628.0,,,,1000.0
2015-10-09T00:00:00,TSC,12.1,11.7,11.9,11.961895239682276,12.0,11.9,1080180.0,1080180.0,0.0,12921000000.0,0.0,0.0,0.0,0.0,0.0,280.0,1854640.0,325.0,2136790.0,1.1125827815,68494628.0,,,,1000.0
2015-10-12T00:00:00,TSC,12.1,11.3,12.0,11.772640802444226,11.3,12.0,867350.0,867350.0,0.0,10211000000.0,0.0,0.0,0.0,0.0,0.0,204.0,1117760.0,217.0,1697050.0,1.1125827815,68494631.0,,,,1000.0
2015-10-13T00:00:00,TSC,11.8,11.4,11.4,11.6268863306438,11.7,11.3,1184840.0,1184840.0,0.0,13776000000.0,0.0,0.0,0.0,0.0,0.0,327.0,2119350.0,289.0,1752320.0,1.1125827815,68494631.0,,,,1000.0
2015-10-14T00:00:00,TSC,11.7,11.5,11.7,11.609373438592986,11.6,11.7,400280.0,400280.0,0.0,4647000000.0,0.0,0.0,0.0,0.0,0.0,151.0,966580.0,167.0,924000.0,1.1125827815,68495731.0,,,,1000.0
2015-10-15T00:00:00,TSC,11.7,11.6,11.6,11.61926412178644,11.6,11.6,783010.0,783010.0,0.0,9098000000.0,0.0,0.0,0.0,0.0,0.0,245.0,1880330.0,215.0,1213320.0,1.1125827815,68495731.0,,,,1000.0
2015-10-16T00:00:00,TSC,11.7,11.5,11.6,11.588122990353696,11.5,11.6,1194240.0,1194240.0,0.0,13838999999.999998,0.0,0.0,0.0,240380.0,2783700000.0,270.0,1757810.0,197.0,1672850.0,1.1125827815,68495731.0,,,,1000.0
2015-10-19T00:00:00,TSC,11.6,11.5,11.5,11.512617589965656,11.5,11.5,602730.0,602730.0,0.0,6939000000.0,0.0,0.0,0.0,0.0,0.0,168.0,947180.0,145.0,960440.0,1.1125827815,68495731.0,,,,1000.0
2015-10-20T00:00:00,TSC,11.5,11.4,11.5,11.438188039274026,11.4,11.5,537760.0,537760.0,0.0,6151000000.0,0.0,0.0,0.0,0.0,0.0,172.0,944050.0,150.0,870360.0,1.1125827815,68495731.0,,,,1000.0
2015-10-21T00:00:00,TSC,11.6,11.4,11.5,11.521496446755792,11.5,11.4,734540.0,734540.0,0.0,8463000000.0,0.0,0.0,0.0,0.0,0.0,173.0,1140170.0,209.0,1475900.0,1.1125827815,68495731.0,,,,1000.0
2015-10-22T00:00:00,TSC,11.6,11.4,11.5,11.484790919111612,11.4,11.5,426390.0,426390.0,0.0,4897000000.0,0.0,0.0,0.0,0.0,0.0,136.0,783500.0,141.0,988240.0,1.1125827815,68736111.0,,,,1000.0
2015-10-23T00:00:00,TSC,11.6,11.4,11.4,11.4734485105262,11.4,11.4,911060.0,911060.0,0.0,10453000000.0,0.0,0.0,0.0,0.0,0.0,206.0,1203670.0,235.0,2065990.0,1.1125827815,68736111.0,,,,1000.0
2015-10-26T00:00:00,TSC,11.9,11.4,11.4,11.761057830738222,11.9,11.4,2708940.0,2708940.0,0.0,31860000000.0,0.0,518.0,6090000.0,0.0,0.0,662.0,4739270.0,520.0,3772240.0,1.1125827815,68735593.0,,,,1000.0
2015-10-27T00:00:00,TSC,12.3,11.9,11.9,12.052647388110646,12.1,11.9,1831050.0,1831050.0,0.0,22069000000.0,0.0,0.0,0.0,0.0,0.0,652.0,4024060.0,461.0,2923020.0,1.1125827815,68735593.0,,,,1000.0
2015-10-28T00:00:00,TSC,12.3,11.9,12.2,12.045014946368912,12.0,12.1,682440.0,682440.0,0.0,8220000000.0,0.0,200.0,2400000.0,0.0,0.0,270.0,1720820.0,303.0,1464390.0,1.1125827815,68735393.0,,,,1000.0
2015-10-29T00:00:00,TSC,12.5,12.0,12.0,12.197360460227449,12.3,12.0,1950340.0,1950340.0,0.0,23789000000.0,0.0,200.0,2420000.0,120.0,1460000.0,577.0,3435910.0,410.0,3379140.0,1.1125827815,68735193.0,,,,1000.0
2015-10-30T00:00:00,TSC,12.4,12.2,12.3,12.293216981637134,12.3,12.3,747160.0,747160.0,0.0,9185000000.0,0.0,200.0,2460000.0,0.0,0.0,270.0,1816980.0,260.0,1418940.0,1.1125827815,68734993.0,,,,1000.0
2015-11-02T00:00:00,TSC,12.5,12.2,12.3,12.325004824893481,12.2,12.3,673590.0,673590.0,0.0,8302000000.0,0.0,0.0,0.0,0.0,0.0,208.0,1000590.0,270.0,1258990.0,1.1125827815,68734993.0,,,,1000.0
2015-11-03T00:00:00,TSC,12.3,12.0,12.2,12.144924551829861,12.2,12.2,874110.0,874110.0,0.0,10616000000.0,0.0,200.0,2420000.0,0.0,0.0,241.0,1753560.0,233.0,1421230.0,1.1125827815,68734793.0,,,,1000.0
2015-11-04T00:00:00,TSC,12.4,12.2,12.3,12.32406453827669,12.2,12.2,844770.0,844770.0,0.0,10411000000.0,0.0,0.0,0.0,0.0,0.0,282.0,1877280.0,294.0,1950160.0,1.1125827815,68734913.0,,,,1000.0
2015-11-05T00:00:00,TSC,12.3,12.0,12.2,12.100430869182702,12.0,12.2,443290.0,443290.0,0.0,5364000000.0,0.0,0.0,0.0,0.0,0.0,183.0,1149750.0,171.0,1094720.0,1.1125827815,68734913.0,,,,1000.0
2015-11-06T00:00:00,TSC,12.1,11.6,12.0,11.810125655217151,11.6,12.0,955790.0,955790.0,0.0,11288000000.0,0.0,200.0,2320000.0,0.0,0.0,291.0,1740620.0,232.0,1908100.0,1.1125827815,68734713.0,,,,1000.0
2015-11-09T00:00:00,TSC,11.8,11.6,11.7,11.711087715409763,11.8,11.6,360940.0,360940.0,0.0,4227000000.0,0.0,0.0,0.0,0.0,0.0,175.0,706900.0,128.0,747760.0,1.1125827815,68734713.0,,,,1000.0
2015-11-10T00:00:00,TSC,11.8,11.6,11.8,11.68857742083994,11.6,11.8,195490.0,195490.0,0.0,2285000000.0,0.0,0.0,0.0,0.0,0.0,75.0,430610.0,142.0,879420.0,1.1125827815,68734713.0,,,,1000.0
2015-11-11T00:00:00,TSC,11.6,11.4,11.6,11.543138760880696,11.6,11.6,312480.0,312480.0,0.0,3607000000.0,0.0,0.0,0.0,0.0,0.0,132.0,662920.0,141.0,1108450.0,1.1125827815,68734713.0,,,,1000.0
2015-11-12T00:00:00,TSC,11.7,11.3,11.6,11.52994166728199,11.7,11.6,541720.0,541720.0,0.0,6245999999.999999,0.0,0.0,0.0,0.0,0.0,175.0,1105240.0,127.0,966220.0,1.1125827815,68734713.0,,,,1000.0
2015-11-13T00:00:00,TSC,12.1,11.6,11.7,11.896600029665276,12.0,11.7,1213540.0,1213540.0,0.0,14437000000.0,0.0,0.0,0.0,0.0,0.0,345.0,1986380.0,319.0,1717040.0,1.1125827815,68734713.0,,,,1000.0
2015-11-16T00:00:00,TSC,12.4,11.9,11.9,12.135540853679014,12.1,12.0,1488850.0,1488850.0,0.0,18068000000.0,0.0,0.0,0.0,0.0,0.0,413.0,2417560.0,380.0,2541950.0,1.1125827815,68734713.0,,,,1000.0
2015-11-17T00:00:00,TSC,12.3,12.1,12.1,12.203148787981002,12.2,12.1,1096930.0,1096930.0,0.0,13386000000.0,0.0,0.0,0.0,0.0,0.0,290.0,1850720.0,309.0,2460280.0,1.1125827815,68734713.0,,,,1000.0
2015-11-18T00:00:00,TSC,12.2,12.0,12.2,12.117324280046583,12.1,12.2,506630.0,506630.0,0.0,6139000000.0,0.0,0.0,0.0,0.0,0.0,221.0,1325400.0,216.0,1682880.0,1.1125827815,68734713.0,,,,1000.0
2015-11-19T00:00:00,TSC,12.1,11.9,12.0,11.9860437365431,12.1,12.1,770980.0,770980.0,0.0,9241000000.0,0.0,0.0,0.0,0.0,0.0,210.0,1525790.0,250.0,1571520.0,1.1125827815,68734713.0,,,,1000.0
2015-11-20T00:00:00,TSC,12.9,12.0,12.1,12.669285719766433,12.9,12.1,2606540.0,2606540.0,0.0,33023000000.0,0.0,1500.0,19350000.0,0.0,0.0,613.0,6240900.0,341.0,2922000.0,1.1125827815,68733213.0,,,,1000.0
2015-11-23T00:00:00,TSC,13.8,13.2,13.2,13.60053471005808,13.8,12.9,2603280.0,2603280.0,0.0,35406000000.0,0.0,30000.0,397000000.0,0.0,0.0,950.0,7945510.0,414.0,2980420.0,1.1125827815,68703213.0,,,,1000.0
2015-11-24T00:00:00,TSC,14.1,13.5,13.9,13.712533873484245,13.6,13.8,1826650.0,1826650.0,0.0,25048000000.0,0.0,0.0,0.0,0.0,0.0,608.0,3240010.0,529.0,3586430.0,1.1125827815,68703213.0,,,,1000.0
2015-11-25T00:00:00,TSC,14.2,13.6,13.6,13.897707034418174,14.1,13.6,3587930.0,3587930.0,0.0,49864000000.0,0.0,1500.0,21300000.0,4000.0,56400000.0,1009.0,8258530.0,636.0,4934710.0,1.1125827815,68701713.0,,,,1000.0
2015-11-26T00:00:00,TSC,14.3,13.8,14.2,14.007343894914163,13.9,14.1,2113320.0,2113320.0,0.0,29602000000.0,0.0,10000.0,143000000.0,0.0,0.0,471.0,3501130.0,525.0,3311180.0,1.1125827815,68691713.0,,,,1000.0
2015-11-27T00:00:00,TSC,14.8,13.8,13.9,14.321226023777681,14.3,13.9,3387210.0,3387210.0,0.0,48509000000.0,0.0,30000.0,432000000.0,31500.0,453400000.0,743.0,7488840.0,715.0,4610760.0,1.1125827815,68661713.0,,,,1000.0
2015-11-30T00:00:00,TSC,14.3,13.8,14.2,14.001420747958305,14.0,14.3,1984870.0,1984870.0,0.0,27791000000.0,0.0,0.0,0.0,1500.0,21050000.0,489.0,3887190.0,422.0,3107280.0,1.1125827815,68661713.0,,,,1000.0
2015-12-01T00:00:00,TSC,14.2,13.8,14.0,13.997528621834478,14.2,14.0,1343380.0,1343380.0,0.0,18804000000.0,0.0,690.0,9660000.0,0.0,0.0,478.0,3818850.0,372.0,2346270.0,1.1125827815,68665023.0,,,,1000.0
2015-12-02T00:00:00,TSC,14.8,14.2,14.2,14.469157930947079,14.6,14.2,2209320.0,2209320.0,0.0,31967000000.0,0.0,10000.0,143000000.0,0.0,0.0,766.0,5628130.0,754.0,3582450.0,1.1125827815,68655023.0,,,,1000.0
2015-12-03T00:00:00,TSC,14.7,14.3,14.5,14.473794024369889,14.4,14.6,978560.0,958560.0,20000.0,14166000000.0,292000000.0,27000.0,389700000.0,0.0,0.0,370.0,2957670.0,335.0,2180700.0,1.1125827815,68659523.0,,,,1000.0
2015-12-04T00:00:00,TSC,14.4,14.1,14.4,14.258283595501368,14.1,14.4,1057210.0,1057210.0,0.0,15074000000.0,0.0,3000.0,43200000.0,30000.0,426000000.0,378.0,3144300.0,364.0,2262040.0,1.1125827815,68658023.0,,,,1000.0
2015-12-07T00:00:00,TSC,14.5,13.8,14.1,14.096965259345458,13.9,14.1,1529620.0,1529620.0,0.0,21563000000.0,0.0,0.0,0.0,0.0,0.0,551.0,4305100.0,385.0,2709440.0,1.1125827815,68658023.0,,,,1000.0
2015-12-08T00:00:00,TSC,14.3,13.7,13.9,13.997573382904593,14.3,13.9,898370.0,898370.0,0.0,12575000000.0,0.0,0.0,0.0,20000.0,286000000.0,566.0,4347840.0,415.0,1573510.0,1.1125827815,68658023.0,,,,1000.0
2015-12-09T00:00:00,TSC,14.4,13.8,14.3,14.061363134702953,13.8,14.3,1223210.0,1223210.0,0.0,17200000000.0,0.0,0.0,0.0,5000.0,71000000.0,302.0,1987740.0,275.0,2045060.0,1.1125827815,68658023.0,,,,1000.0
2015-12-10T00:00:00,TSC,13.9,12.9,13.7,13.371575462356343,12.9,13.8,1999540.0,1999540.0,0.0,26737000000.0,0.0,0.0,0.0,0.0,0.0,436.0,2187020.0,557.0,4447470.0,1.1125827815,68688023.0,,,,1000.0
2015-12-11T00:00:00,TSC,12.8,12.1,12.7,12.407769121035882,12.3,12.9,2278250.0,2278250.0,0.0,28268000000.0,0.0,0.0,0.0,5000.0,63500000.0,634.0,4357880.0,446.0,3766830.0,1.1125827815,68688023.0,,,,1000.0
2015-12-14T00:00:00,TSC,12.5,12.1,12.2,12.288494741798775,12.5,12.3,637100.0,637100.0,0.0,7829000000.0,0.0,0.0,0.0,0.0,0.0,317.0,1665830.0,183.0,1242810.0,1.1125827815,68708023.0,,,,1000.0
2015-12-15T00:00:00,TSC,13.2,12.5,12.5,12.841544837735768,12.9,12.5,924110.0,924110.0,0.0,11867000000.0,0.0,0.0,0.0,0.0,0.0,402.0,3015090.0,214.0,1273480.0,1.1125827815,68713023.0,,,,1000.0
2015-12-16T00:00:00,TSC,13.2,12.8,13.0,12.994968770385478,12.9,12.9,1333670.0,1333670.0,0.0,17331000000.0,0.0,3000.0,38700000.0,0.0,0.0,415.0,3682310.0,329.0,2538510.0,1.1125827815,68710023.0,,,,1000.0
2015-12-17T00:00:00,TSC,13.0,12.8,12.9,12.823924224071169,12.9,12.9,1007180.0,1007180.0,0.0,12916000000.0,0.0,0.0,0.0,0.0,0.0,321.0,2370700.0,302.0,2663860.0,1.1125827815,68715023.0,,,,1000.0
2015-12-18T00:00:00,TSC,12.8,12.5,12.8,12.73,12.8,12.9,1546350.0,1546350.0,0.0,19685035500.0,0.0,0.0,0.0,0.0,0.0,398.0,3599670.0,279.0,1984300.0,1.1125827815,68715023.0,,,,1000.0
2015-12-21T00:00:00,TSC,12.9,12.6,12.8,12.707383279044517,12.6,12.8,1842000.0,1842000.0,0.0,23407000000.0,0.0,0.0,0.0,0.0,0.0,368.0,3651700.0,320.0,3058790.0,1.1125827815,68715023.0,,,,1000.0
2015-12-22T00:00:00,TSC,12.8,12.5,12.6,12.65,12.7,12.6,531060.0,531060.0,0.0,6717909000.0,0.0,0.0,0.0,0.0,0.0,164.0,1355950.0,176.0,851650.0,1.1125827815,68715028.0,,,,1000.0
2015-12-23T00:00:00,TSC,13.0,12.7,12.8,12.82292342527244,13.0,12.7,755210.0,755210.0,0.0,9684000000.0,0.0,2000.0,25600000.0,0.0,0.0,303.0,2117750.0,254.0,1255700.0,1.1125827815,68713028.0,,,,1000.0
2015-12-24T00:00:00,TSC,13.2,12.9,13.0,13.081558858979509,13.0,13.0,746700.0,746700.0,0.0,9768000000.0,0.0,0.0,0.0,0.0,0.0,219.0,1372140.0,223.0,1151820.0,1.1125827815,68713028.0,,,,1000.0
2015-12-25T00:00:00,TSC,13.2,12.9,13.0,13.070565797838524,12.9,13.0,747850.0,707850.0,40000.0,9796000000.0,544000000.0,0.0,0.0,0.0,0.0,179.0,1396460.0,204.0,1190090.0,1.1125827815,68713028.0,,,,1000.0
2015-12-28T00:00:00,TSC,13.3,13.0,13.1,13.018349524089883,13.0,12.9,1019100.0,1019100.0,0.0,13267000000.0,0.0,0.0,0.0,0.0,0.0,231.0,1540170.0,218.0,1617350.0,1.1125827815,68713028.0,,,,1000.0
2015-12-29T00:00:00,TSC,13.3,13.0,13.1,13.166777539606278,13.2,13.0,405870.0,405870.0,0.0,5344000000.0,0.0,0.0,0.0,0.0,0.0,160.0,840230.0,180.0,688750.0,1.1125827815,68713028.0,,,,1000.0
2015-12-30T00:00:00,TSC,13.8,13.4,13.4,13.516771756522756,13.5,13.2,1368670.0,1368670.0,0.0,18500000000.0,0.0,0.0,0.0,0.0,0.0,350.0,2224050.0,365.0,2605900.0,1.1125827815,68713028.0,,,,1000.0
2015-12-31T00:00:00,TSC,13.9,13.5,13.6,13.807829181494663,13.9,13.5,1352100.0,1152100.0,200000.0,18648000000.0,2740000000.0,0.0,0.0,0.0,0.0,269.0,2154060.0,307.0,1953090.0,1.1125827815,68713028.0,,,,1000.0
2016-01-04T00:00:00,TSC,14.3,13.7,13.9,14.03,13.7,13.9,1126510.0,1126510.0,0.0,15804935300.0,0.0,122500.0,1731550000.0,2000.0,27400000.0,450.0,2979640.0,353.0,2113110.0,1.1125827815,68590528.0,,,,1000.0
2016-01-05T00:00:00,TSC,13.7,13.2,13.5,13.369897009554535,13.3,13.7,2014750.0,2014750.0,0.0,26937000000.0,0.0,0.0,0.0,2400.0,31920000.0,445.0,3235240.0,370.0,3009020.0,1.1125827815,68590528.0,,,,1000.0
2016-01-06T00:00:00,TSC,13.7,13.2,13.2,13.451769196887387,13.5,13.3,681100.0,681100.0,0.0,9162000000.0,0.0,0.0,0.0,0.0,0.0,262.0,1882910.0,183.0,1026050.0,1.1125827815,68590528.0,,,,1000.0
2016-01-07T00:00:00,TSC,13.9,13.3,13.4,13.506582731514028,13.7,13.5,1251760.0,1251760.0,0.0,16907000000.0,0.0,0.0,0.0,0.0,0.0,311.0,2570710.0,367.0,2206220.0,1.1125827815,68592528.0,,,,1000.0
2016-01-08T00:00:00,TSC,14.0,13.5,13.7,13.711796417574746,13.7,13.7,4783910.0,4783910.0,0.0,65596000000.0,0.0,0.0,0.0,0.0,0.0,674.0,6100710.0,727.0,7509310.0,1.1125827815,68594928.0,,,,1000.0
2016-01-11T00:00:00,TSC,14.0,13.5,13.6,13.71617589522481,14.0,13.7,5060740.0,5060740.0,0.0,69414000000.0,0.0,0.0,0.0,0.0,0.0,705.0,7839770.0,622.0,5996860.0,1.1125827815,68594930.0,,,,1000.0
2016-01-12T00:00:00,TSC,14.9,13.9,13.9,14.403105735432739,14.9,14.0,5764893.0,4657190.0,1107703.0,82607382600.0,15529382600.0,0.0,0.0,0.0,0.0,1094.0,10446870.0,654.0,5247490.0,1.1125827815,68594930.0,,,,1000.0
2016-01-13T00:00:00,TSC,15.5,14.6,15.1,15.081762553707222,15.2,14.9,2194770.0,2194770.0,0.0,33101000000.0,0.0,0.0,0.0,0.0,0.0,697.0,5113530.0,687.0,5017660.0,1.1125827815,68594930.0,,,,1000.0
2016-01-14T00:00:00,TSC,15.4,14.6,14.8,14.95,15.4,15.2,3355520.0,2755520.0,600000.0,49715024000.0,8520000000.0,0.0,0.0,0.0,0.0,990.0,7971400.0,636.0,4331170.0,1.1125827815,68594930.0,,,,1000.0
2016-01-15T00:00:00,TSC,15.5,15.0,15.3,15.26,15.2,15.4,1656240.0,1656240.0,0.0,25274222400.0,0.0,0.0,0.0,7680.0,117500000.0,619.0,5307010.0,495.0,3433670.0,1.1125827815,68594930.0,,,,1000.0
2016-01-18T00:00:00,TSC,15.1,14.2,14.7,14.37,14.4,15.2,1513860.0,1513860.0,0.0,21754168200.0,0.0,10000.0,143000000.0,0.0,0.0,417.0,2451290.0,475.0,2808820.0,1.1125827815,68584930.0,,,,1000.0
2016-01-19T00:00:00,TSC,15.0,14.2,14.4,14.52,15.0,14.4,3215350.0,2715350.0,500000.0,46626882000.0,7200000000.0,0.0,0.0,0.0,0.0,814.0,7566610.0,467.0,3900680.0,1.1125827815,68584930.0,,,,1000.0
2016-01-20T00:00:00,TSC,15.1,14.6,14.7,14.85,15.0,15.0,2301740.0,2301740.0,0.0,34180839000.0,0.0,0.0,0.0,0.0,0.0,578.0,4371070.0,555.0,3863500.0,1.1125827815,68592610.0,,,,1000.0
2016-01-21T00:00:00,TSC,14.9,14.1,14.6,14.59,14.5,15.0,2845290.0,2140090.0,705200.0,41449313100.0,10225400000.0,0.0,0.0,0.0,0.0,590.0,4309630.0,530.0,4286080.0,1.1125827815,68592610.0,,,,1000.0
2016-01-22T00:00:00,TSC,14.8,13.8,14.4,14.42,14.6,14.5,2443300.0,2443300.0,0.0,35232386000.0,0.0,119000.0,1696500000.0,10000.0,142000000.0,804.0,7747990.0,573.0,4316370.0,1.1125827815,68473610.0,,,,1000.0
2016-01-25T00:00:00,TSC,15.6,14.7,14.7,15.236180195435143,15.6,14.6,2834700.0,2834700.0,0.0,43190000000.0,0.0,2000.0,31200000.0,0.0,0.0,1041.0,10826530.0,479.0,3605600.0,1.1125827815,68471610.0,,,,1000.0
2016-01-26T00:00:00,TSC,15.6,14.8,15.3,15.24,15.3,15.6,1032890.0,1032890.0,0.0,15741243600.0,0.0,1000.0,15300000.0,0.0,0.0,498.0,3130150.0,457.0,2903400.0,1.1125827815,68470610.0,,,,1000.0
2016-01-27T00:00:00,TSC,16.0,15.2,15.2,15.68,15.9,15.3,3017690.0,3017690.0,0.0,47317379200.0,0.0,0.0,0.0,2000.0,31000000.0,960.0,6957970.0,667.0,5247250.0,1.1125827815,68480610.0,,,,1000.0
2016-01-28T00:00:00,TSC,16.2,15.7,15.9,15.97,16.0,15.9,2028470.0,2028470.0,0.0,32394665900.0,0.0,170.0,2720000.0,0.0,0.0,656.0,4602850.0,508.0,3922010.0,1.1125827815,68480440.0,,,,1000.0
2016-01-29T00:00:00,TSC,16.2,15.8,16.0,16.02,16.1,16.0,1710390.0,1710390.0,0.0,27400447800.0,0.0,0.0,0.0,0.0,0.0,519.0,4483660.0,394.0,3510240.0,1.1125827815,68480440.0,,,,1000.0
2016-02-01T00:00:00,TSC,16.5,16.0,16.0,16.304489628566635,16.4,16.1,2146280.0,2146280.0,0.0,34994000000.0,0.0,10.0,160000.0,3000.0,49200000.0,580.0,5194020.0,558.0,3809050.0,1.1125827815,68482430.0,,,,1000.0
2016-02-02T00:00:00,TSC,16.5,16.1,16.3,16.307325625993098,16.3,16.4,1460080.0,1460080.0,0.0,23810000000.0,0.0,0.0,0.0,0.0,0.0,452.0,3526970.0,402.0,2972020.0,1.1125827815,68482430.0,,,,1000.0
2016-02-03T00:00:00,TSC,16.8,15.9,16.1,16.341167095585835,16.8,16.3,1530980.0,1530980.0,0.0,25018000000.0,0.0,0.0,0.0,0.0,0.0,550.0,5440230.0,438.0,2641860.0,1.1125827815,68482430.0,,,,1000.0
2016-02-04T00:00:00,TSC,17.1,16.8,16.8,16.927499730744056,16.9,16.8,1207030.0,1207030.0,0.0,20432000000.0,0.0,0.0,0.0,0.0,0.0,422.0,2809890.0,288.0,2236860.0,1.1125827815,68485430.0,,,,1000.0
2016-02-05T00:00:00,TSC,17.5,16.9,16.9,17.159352142110762,17.5,16.9,1914000.0,1914000.0,0.0,32842999999.999996,0.0,0.0,0.0,0.0,0.0,667.0,5518390.0,369.0,2822880.0,1.1125827815,68485430.0,,,,1000.0
2016-02-15T00:00:00,TSC,17.6,17.1,17.4,17.346641784656473,17.6,17.5,1168180.0,1168180.0,0.0,20264000000.0,0.0,0.0,0.0,10.0,170000.0,460.0,3195230.0,290.0,1901660.0,1.1125827815,68485430.0,,,,1000.0
2016-02-16T00:00:00,TSC,17.8,17.4,17.6,17.579103597818992,17.4,17.6,1900040.0,1900040.0,0.0,33401000000.0,0.0,0.0,0.0,0.0,0.0,504.0,3179400.0,357.0,2949040.0,1.1125827815,68485430.0,,,,1000.0
2016-02-17T00:00:00,TSC,17.6,16.9,17.3,17.25427687645982,17.6,17.4,3168200.0,3168200.0,0.0,54665000000.0,0.0,0.0,0.0,0.0,0.0,916.0,8880230.0,660.0,5100050.0,1.1125827815,68485430.0,,,,1000.0
2016-02-18T00:00:00,TSC,18.0,17.2,17.5,17.597601608821805,18.0,17.6,2695140.0,2695140.0,0.0,47428000000.0,0.0,0.0,0.0,4000.0,69380000.0,917.0,8117310.0,471.0,3497510.0,1.1125827815,68485440.0,,,,1000.0
2016-02-19T00:00:00,TSC,18.3,17.7,17.7,17.922384936225047,18.1,18.0,2064290.0,2064290.0,0.0,36997000000.0,0.0,0.0,0.0,0.0,0.0,733.0,5088390.0,417.0,3062050.0,1.1125827815,68485440.0,,,,1000.0
2016-02-22T00:00:00,TSC,18.2,17.9,18.1,18.06883685130805,18.1,18.1,2390580.0,2390580.0,0.0,43195000000.0,0.0,0.0,0.0,0.0,0.0,843.0,5957940.0,552.0,4104010.0,1.1125827815,68485440.0,,,,1000.0
2016-02-23T00:00:00,TSC,18.6,17.8,18.2,18.163642103450584,18.6,18.1,3311580.0,3311580.0,0.0,60150353916.944885,0.0,16000.0,292800000.0,0.0,0.0,1358.0,10421840.0,641.0,4385080.0,1.1125827815,68473440.0,,,,1000.0
2016-02-24T00:00:00,TSC,18.8,18.4,18.6,18.584315654480616,18.7,18.6,2276920.0,2276920.0,0.0,42315000000.0,0.0,0.0,0.0,0.0,0.0,1047.0,5935430.0,485.0,3564000.0,1.1125827815,68473440.0,,,,1000.0
2016-02-25T00:00:00,TSC,18.8,18.4,18.7,18.610919523207055,18.8,18.7,2363290.0,2363290.0,0.0,43983000000.0,0.0,4000.0,74400000.0,0.0,0.0,1078.0,5717170.0,545.0,3554910.0,1.1125827815,68469440.0,,,,1000.0
2016-02-26T00:00:00,TSC,19.2,18.4,18.8,18.789808917197455,18.8,18.8,4527880.0,4527880.0,0.0,85078000000.0,0.0,0.0,0.0,0.0,0.0,1531.0,9874920.0,779.0,6257440.0,1.1125827815,68469440.0,,,,1000.0
2016-02-29T00:00:00,TSC,18.7,18.4,18.6,18.523267578074332,18.6,18.8,2698390.0,2698390.0,0.0,49983000000.0,0.0,0.0,0.0,20330.0,377260000.0,856.0,4897390.0,732.0,4895970.0,1.1125827815,68469440.0,,,,1000.0
2016-03-01T00:00:00,TSC,18.5,17.3,18.5,17.83881712521901,17.3,18.6,3521590.0,3521590.0,0.0,62821000000.00001,0.0,0.0,0.0,0.0,0.0,852.0,4578860.0,1138.0,9140140.0,1.1125827815,68469440.0,,,,1000.0
2016-03-02T00:00:00,TSC,16.8,16.1,16.1,16.20953648829909,16.5,17.3,4972690.0,4972690.0,0.0,80605000000.0,0.0,0.0,0.0,16530.0,266190000.0,1378.0,11239490.0,1181.0,8491980.0,1.1125827815,68469440.0,,,,1000.0
2016-03-03T00:00:00,TSC,16.6,15.6,16.5,16.13,16.0,16.5,1873830.0,1873830.0,0.0,30224877900.0,0.0,0.0,0.0,0.0,0.0,649.0,4220830.0,536.0,3519300.0,1.1125827815,68489770.0,,,,1000.0
2016-03-04T00:00:00,TSC,16.4,15.6,16.0,15.996032646256602,16.1,16.0,1895470.0,1895470.0,0.0,30320000000.0,0.0,0.0,0.0,0.0,0.0,775.0,5681800.0,422.0,2705280.0,1.1125827815,68489770.0,,,,1000.0
2016-03-07T00:00:00,TSC,15.0,15.0,15.0,15.0,15.0,16.1,3972600.0,3972600.0,0.0,59589000000.0,0.0,0.0,0.0,0.0,0.0,765.0,4002600.0,947.0,9573610.0,1.1125827815,68506300.0,,,,1000.0
2016-03-08T00:00:00,TSC,14.0,14.0,14.0,14.0,14.0,15.0,3200780.0,3200780.0,0.0,44810920000.0,0.0,0.0,0.0,0.0,0.0,438.0,3200780.0,720.0,7795520.0,1.1125827815,68506300.0,,,,1000.0
2016-03-09T00:00:00,TSC,14.3,13.3,13.4,13.614178280688844,13.4,14.0,3288410.0,3288410.0,0.0,44769000000.0,0.0,42900.0,600600000.0,0.0,0.0,1451.0,9699020.0,754.0,5663380.0,1.1125827815,68463400.0,,,,1000.0
2016-03-10T00:00:00,TSC,13.8,13.2,13.5,13.42,13.8,13.4,1927720.0,1927720.0,0.0,25870002400.0,0.0,2300.0,30590000.0,0.0,0.0,904.0,6027190.0,524.0,3883210.0,1.1125827815,68461100.0,,,,1000.0
2016-03-11T00:00:00,TSC,13.9,13.5,13.8,13.63019392931675,13.8,13.8,2357560.0,2357560.0,0.0,32134000000.0,0.0,0.0,0.0,0.0,0.0,896.0,6221040.0,511.0,3947750.0,1.1125827815,68461100.0,,,,1000.0
2016-03-14T00:00:00,TSC,13.8,13.4,13.6,13.530245024552014,13.6,13.8,2581390.0,2421390.0,160000.0,35114000000.0,2352000000.0,0.0,0.0,0.0,0.0,929.0,5527370.0,594.0,4746730.0,1.1125827815,68461100.0,,,,1000.0
2016-03-15T00:00:00,TSC,13.4,13.0,13.4,13.192048415929014,13.3,13.6,2321550.0,2321550.0,0.0,30626000000.0,0.0,0.0,0.0,0.0,0.0,880.0,4941930.0,612.0,3975450.0,1.1125827815,68461100.0,,,,1000.0
2016-03-16T00:00:00,TSC,14.0,13.0,13.2,13.601972797298812,13.9,13.3,4821580.0,4821580.0,0.0,65583000000.0,0.0,0.0,0.0,0.0,0.0,1700.0,10090040.0,947.0,7267100.0,1.1125827815,68461100.0,,,,1000.0
2016-03-17T00:00:00,TSC,14.1,13.6,14.0,13.849150808817592,13.6,13.9,2972240.0,2972240.0,0.0,41163000000.0,0.0,30000.0,412700000.0,0.0,0.0,938.0,5888960.0,798.0,6219820.0,1.1125827815,68431100.0,,,,1000.0
2016-03-18T00:00:00,TSC,13.6,13.3,13.5,13.46059501350128,13.6,13.6,2507170.0,2507170.0,0.0,33748000000.0,0.0,0.0,0.0,0.0,0.0,839.0,5442980.0,597.0,5267190.0,1.1125827815,68431100.0,,,,1000.0
2016-03-21T00:00:00,TSC,13.5,13.0,13.3,13.209571961189967,13.0,13.6,2711670.0,2711670.0,0.0,35820000000.0,0.0,0.0,0.0,0.0,0.0,872.0,5643600.0,730.0,5813200.0,1.1125827815,68431100.0,,,,1000.0
2016-03-22T00:00:00,TSC,13.0,12.1,13.0,12.366128631260878,12.4,13.0,4233120.0,4183120.0,50000.0,52399000000.0,670000000.0,21000.0,256200000.0,0.0,0.0,1524.0,7953800.0,1207.0,8318890.0,1.1125827815,68410100.0,,,,1000.0
2016-03-23T00:00:00,TSC,12.5,12.1,12.2,12.26959448629588,12.4,12.4,2994720.0,2994720.0,0.0,36744000000.0,0.0,98000.0,1203960000.0,0.0,0.0,1267.0,10077140.0,699.0,5030030.0,1.1125827815,68312100.0,,,,1000.0
2016-03-24T00:00:00,TSC,12.6,12.2,12.3,12.321000985961781,12.6,12.4,2555880.0,2555880.0,0.0,31491000000.0,0.0,0.0,0.0,0.0,0.0,1153.0,12556700.0,650.0,4824000.0,1.1125827815,68312100.0,,,,1000.0
2016-03-25T00:00:00,TSC,12.5,12.2,12.4,12.360885736031133,12.4,12.6,2785480.0,2785480.0,0.0,34431000000.0,0.0,0.0,0.0,0.0,0.0,1064.0,10948470.0,749.0,6554620.0,1.1125827815,68312100.0,,,,1000.0
2016-03-28T00:00:00,TSC,12.4,12.1,12.4,12.209053817757917,12.1,12.4,2527540.0,2527540.0,0.0,30858871886.535843,0.0,0.0,0.0,0.0,0.0,816.0,7548250.0,652.0,5550900.0,1.1125827815,68312100.0,,,,1000.0
2016-03-29T00:00:00,TSC,12.0,11.3,11.8,11.474958483916684,11.3,12.1,3450470.0,3450470.0,0.0,39594000000.0,0.0,176000.0,2024400000.0,0.0,0.0,1163.0,6321710.0,1361.0,14364690.0,1.1125827815,68136100.0,,,,1000.0
2016-03-30T00:00:00,TSC,11.3,10.6,10.6,10.709432279224147,11.0,11.3,8116490.0,8116490.0,0.0,86923000000.0,0.0,2200.0,23340000.0,0.0,0.0,2003.0,18657850.0,1831.0,16041180.0,1.1125827815,68133900.0,,,,1000.0
2016-03-31T00:00:00,TSC,11.1,10.3,11.1,10.610511526917428,10.3,11.0,2505440.0,2505440.0,0.0,26584000000.0,0.0,165850.0,1799350000.0,0.0,0.0,810.0,4052110.0,825.0,6043780.0,1.1125827815,67968050.0,,,,1000.0
2016-04-01T00:00:00,TSC,10.1,9.6,10.1,9.694696894933744,9.6,10.3,3279260.0,2229260.0,1050000.0,32427000000.0,10815000000.0,18000.0,174200000.0,0.0,0.0,866.0,3285590.0,1015.0,6215410.0,1.1125827815,67950050.0,,,,1000.0
2016-04-04T00:00:00,TSC,9.3,9.0,9.2,9.072284419427602,9.0,9.6,1932920.0,1932920.0,0.0,17536000000.0,0.0,0.0,0.0,0.0,0.0,614.0,2137740.0,992.0,7166840.0,1.1125827815,67950050.0,,,,1000.0
2016-04-05T00:00:00,TSC,8.8,8.4,8.4,8.486460417984238,8.6,9.0,3462810.0,3462810.0,0.0,29387000000.000004,0.0,0.0,0.0,0.0,0.0,1064.0,5887210.0,1135.0,7232030.0,1.1125827815,67950050.0,,,,1000.0
2016-04-06T00:00:00,TSC,9.2,8.7,9.2,9.060332679101332,9.2,8.6,2348810.0,2348810.0,0.0,21281000000.0,0.0,0.0,0.0,0.0,0.0,1320.0,7301930.0,568.0,2852830.0,1.1125827815,67950050.0,,,,1000.0
2016-04-07T00:00:00,TSC,9.6,9.3,9.5,9.486353477747802,9.3,9.2,2635470.0,2635470.0,0.0,25001000000.0,0.0,201000.0,1909500000.0,2000.0,19200000.0,1074.0,5883250.0,800.0,5294300.0,1.1125827815,67749050.0,,,,1000.0
2016-04-08T00:00:00,TSC,9.4,9.0,9.1,9.162975442667946,9.2,9.3,1792540.0,1792540.0,0.0,16425000000.0,0.0,0.0,0.0,0.0,0.0,843.0,5445480.0,815.0,5435850.0,1.1125827815,67749050.0,,,,1000.0
2016-04-11T00:00:00,TSC,9.2,8.9,9.1,9.041582121439916,8.9,9.2,1874270.0,1769270.0,105000.0,16900000000.000002,903000000.0,100.0,900000.0,0.0,0.0,698.0,3627770.0,708.0,4484430.0,1.1125827815,67748950.0,,,,1000.0
2016-04-12T00:00:00,TSC,8.9,8.3,8.8,8.4558809852422,8.3,8.9,2688070.0,2688070.0,0.0,22730000000.0,0.0,100.0,870000.0,0.0,0.0,940.0,4103760.0,923.0,5529460.0,1.1125827815,67750850.0,,,,1000.0
2016-04-13T00:00:00,TSC,8.8,8.0,8.1,8.281558547633217,8.8,8.3,4015790.0,4015790.0,0.0,33257000000.0,0.0,0.0,0.0,850.0,7000000.0,2725.0,33108020.0,741.0,5164640.0,1.1125827815,67750850.0,,,,1000.0
2016-04-14T00:00:00,TSC,9.2,8.8,8.8,9.062369875652154,9.1,8.8,4899160.0,4899160.0,0.0,44398000000.00001,0.0,161000.0,1453000000.0,100.0,880000.0,1990.0,20427970.0,1145.0,8262170.0,1.1125827815,67589850.0,,,,1000.0
2016-04-15T00:00:00,TSC,9.1,8.9,9.1,8.982973403626126,8.9,9.1,4311490.0,4311490.0,0.0,38730000000.0,0.0,162100.0,1458900000.0,0.0,0.0,1541.0,15136940.0,1047.0,7757910.0,1.1125827815,67427750.0,,,,1000.0
2016-04-19T00:00:00,TSC,8.8,8.4,8.7,8.557269262851442,8.4,8.9,2250000.0,2250000.0,0.0,19253855841.415745,0.0,77090.0,664370000.0,100.0,870000.0,1071.0,9889140.0,864.0,5469020.0,1.1125827815,67351510.0,,,,1000.0
2016-04-20T00:00:00,TSC,8.7,8.3,8.4,8.489862963695264,8.7,8.4,2629960.0,2629960.0,0.0,22328000000.0,0.0,176000.0,1480100000.0,0.0,0.0,1393.0,16659850.0,724.0,4784480.0,1.1125827815,67175610.0,,,,1000.0
2016-04-21T00:00:00,TSC,8.7,8.5,8.7,8.610008042625918,8.5,8.7,1591520.0,1591520.0,0.0,13703000000.0,0.0,6000.0,51600000.0,0.0,0.0,971.0,10326330.0,652.0,4617720.0,1.1125827815,67169610.0,,,,1000.0
2016-04-22T00:00:00,TSC,8.6,8.3,8.5,8.425535150754724,8.4,8.5,2104080.0,2104080.0,0.0,17728000000.0,0.0,0.0,0.0,0.0,0.0,956.0,8646450.0,559.0,3975590.0,1.1125827815,67169710.0,,,,1000.0
2016-04-25T00:00:00,TSC,8.6,8.2,8.4,8.33728286179398,8.2,8.4,2426450.0,2426450.0,0.0,20230000000.0,0.0,100.0,820000.0,0.0,0.0,931.0,8019370.0,651.0,5318390.0,1.1125827815,67169610.0,,,,1000.0
2016-04-26T00:00:00,TSC,8.5,8.0,8.1,8.220410313742876,8.3,8.2,3112740.0,3112740.0,0.0,25588000000.0,0.0,21100.0,168810000.0,8000.0,64000000.0,1646.0,16436010.0,900.0,6127910.0,1.1125827815,67148510.0,,,,1000.0
2016-04-27T00:00:00,TSC,8.3,8.0,8.3,8.175564440263406,8.3,8.3,2040960.0,2040960.0,0.0,16686000000.0,0.0,13000.0,106600000.0,0.0,0.0,1084.0,10167710.0,603.0,4700390.0,1.1125827815,67135510.0,,,,1000.0
2016-04-28T00:00:00,TSC,8.4,8.0,8.2,8.12674714271425,8.1,8.3,1899530.0,1899530.0,0.0,15437000000.0,0.0,9900.0,80190000.0,9070.0,73470000.0,917.0,9402290.0,658.0,4702470.0,1.1125827815,67125610.0,,,,1000.0
2016-04-29T00:00:00,TSC,8.2,7.9,8.1,8.027847702957835,8.1,8.1,2288160.0,2288160.0,0.0,18369000000.0,0.0,100.0,800000.0,0.0,0.0,1210.0,11525160.0,768.0,4890250.0,1.1125827815,67133510.0,,,,1000.0
2016-05-04T00:00:00,TSC,8.1,7.9,8.0,7.934296171804954,7.9,8.1,2701880.0,2576410.0,125470.0,21521042000.0,1079042000.0,24870.0,198950000.0,0.0,0.0,1474.0,17306570.0,794.0,5700630.0,1.1125827815,67108640.0,,,,1000.0
2016-05-05T00:00:00,TSC,7.9,7.5,7.9,7.619691044446466,7.5,7.9,3848450.0,3848450.0,0.0,29324000000.0,0.0,26200.0,202740000.0,0.0,0.0,1312.0,12799420.0,1009.0,7188620.0,1.1125827815,67091510.0,,,,1000.0
2016-05-06T00:00:00,TSC,7.7,7.4,7.4,7.511171797418074,7.5,7.5,3222400.0,3222400.0,0.0,24204000000.0,0.0,54900.0,413040000.0,0.0,0.0,1558.0,15204100.0,723.0,5182860.0,1.1125827815,67036610.0,,,,1000.0
2016-05-09T00:00:00,TSC,7.5,7.1,7.5,7.242170030337126,7.2,7.5,3540550.0,3510550.0,30000.0,25664000000.0,240000000.0,200.0,1460000.0,0.0,0.0,1214.0,11015350.0,896.0,6200710.0,1.1125827815,67036410.0,,,,1000.0
2016-05-10T00:00:00,TSC,7.3,6.9,7.1,7.108549943183631,7.2,7.2,4118530.0,4074530.0,44000.0,29302800000.0,338800000.0,5000.0,35000000.0,10100.0,69750000.0,1434.0,14357860.0,885.0,6542830.0,1.1125827815,67031410.0,,,,1000.0
2016-05-11T00:00:00,TSC,7.7,7.4,7.4,7.639702602943597,7.7,7.2,6255610.0,6255610.0,0.0,47791000000.0,0.0,0.0,0.0,0.0,0.0,2023.0,18800060.0,639.0,6466690.0,1.1125827815,67031410.0,,,,1000.0
2016-05-12T00:00:00,TSC,8.2,8.0,8.0,8.137025944745432,8.2,7.7,7429250.0,7429250.0,0.0,60452000000.0,0.0,48000.0,388600000.0,0.0,0.0,3277.0,27317380.0,960.0,8267250.0,1.1125827815,66983410.0,,,,1000.0
2016-05-13T00:00:00,TSC,8.3,7.9,8.2,8.128813578455999,8.0,8.2,7086520.0,7086520.0,0.0,57605000000.0,0.0,20000.0,160500000.0,5000.0,41000000.0,2304.0,24199010.0,1985.0,16180570.0,1.1125827815,66973510.0,,,,1000.0
2016-05-16T00:00:00,TSC,8.0,7.7,7.8,7.783473028684003,7.7,8.0,6081090.0,6081090.0,0.0,47332000000.0,0.0,10000.0,78000000.0,0.0,0.0,1671.0,14374840.0,1253.0,10534140.0,1.1125827815,66963510.0,,,,1000.0
2016-05-17T00:00:00,TSC,8.0,7.6,7.7,7.773716422985379,7.9,7.7,6146720.0,5646720.0,500000.0,47896000000.0,4000000000.0,4530.0,35770000.0,20000.0,154000000.0,1657.0,15020230.0,1091.0,9022990.0,1.1125827815,66958980.0,,,,1000.0
2016-05-18T00:00:00,TSC,8.4,8.4,8.4,8.4,8.4,7.9,2541120.0,2541120.0,0.0,21345408000.0,0.0,0.0,0.0,100.0,840000.0,1061.0,15565450.0,357.0,2541120.0,1.1125827815,66963980.0,,,,1000.0
2016-05-19T00:00:00,TSC,8.6,8.1,8.5,8.33747798778575,8.3,8.4,9148330.0,9148330.0,0.0,76274000000.0,0.0,48000.0,399600000.0,100.0,850000.0,1914.0,17203650.0,2414.0,20561770.0,1.1125827815,66915980.0,,,,1000.0
2016-05-20T00:00:00,TSC,8.3,7.9,8.2,8.040188600064184,8.0,8.3,4180900.0,4050900.0,130000.0,33584000000.0,1014000000.0,5000.0,40000000.0,8000.0,64000000.0,1253.0,8827660.0,1174.0,8360870.0,1.1125827815,66930980.0,,,,1000.0
2016-05-23T00:00:00,TSC,8.0,7.7,8.0,7.812127672916535,7.7,8.0,3189400.0,3189400.0,0.0,24916000000.0,0.0,250.0,1960000.0,0.0,0.0,1043.0,8798050.0,756.0,6046960.0,1.1125827815,66930830.0,,,,1000.0
2016-05-24T00:00:00,TSC,7.8,7.6,7.7,7.668753451082474,7.8,7.7,2808980.0,2788980.0,20000.0,21552000000.0,164000000.0,5300.0,40810000.0,0.0,0.0,1297.0,9211260.0,734.0,4997050.0,1.1125827815,66925630.0,,,,1000.0
2016-05-25T00:00:00,TSC,7.9,7.6,7.8,7.694618699358333,7.7,7.8,2230130.0,2230130.0,0.0,17160000000.0,0.0,6300.0,48480000.0,0.0,0.0,945.0,7123030.0,752.0,4992100.0,1.1125827815,66927330.0,,,,1000.0
2016-05-26T00:00:00,TSC,7.7,7.3,7.7,7.43,7.3,7.7,3774930.0,3605460.0,169470.0,28178221800.0,1389654000.0,300.0,2280000.0,6000.0,44400000.0,1256.0,7965890.0,1044.0,7868780.0,1.1125827815,66927030.0,,,,1000.0
2016-05-27T00:00:00,TSC,7.5,7.3,7.3,7.384806390405022,7.4,7.3,2561340.0,2561340.0,0.0,18915000000.0,0.0,0.0,0.0,35000.0,257000000.0,943.0,6124520.0,641.0,4197750.0,1.1125827815,66927030.0,,,,1000.0
2016-05-30T00:00:00,TSC,7.5,7.3,7.5,7.413683307029931,7.4,7.4,1805850.0,1805850.0,0.0,13388000000.0,0.0,0.0,0.0,3000.0,22200000.0,624.0,3937650.0,586.0,4037120.0,1.1125827815,66927030.0,,,,1000.0
2016-05-31T00:00:00,TSC,7.5,7.2,7.4,7.287622764958195,7.2,7.4,1593940.0,1424470.0,169470.0,11719813000.0,1338813000.0,300.0,2160000.0,0.0,0.0,602.0,3825920.0,638.0,4242880.0,1.1125827815,66932730.0,,,,1000.0
2016-06-01T00:00:00,TSC,7.2,7.0,7.2,7.119421040344659,7.1,7.2,2375950.0,2355950.0,20000.0,16927000000.0,154000000.0,0.0,0.0,20000.0,143000000.0,920.0,4903310.0,699.0,5167100.0,1.1125827815,66967730.0,,,,1000.0
2016-06-02T00:00:00,TSC,7.5,7.2,7.2,7.33980203575066,7.3,7.1,1639690.0,1639690.0,0.0,12035000000.0,0.0,0.0,0.0,1000.0,7400000.0,935.0,6565900.0,624.0,3271450.0,1.1125827815,66970730.0,,,,1000.0
2016-06-03T00:00:00,TSC,7.4,7.3,7.4,7.344037053328849,7.3,7.3,1585880.0,1545880.0,40000.0,11633000000.0,280000000.0,500.0,3660000.0,0.0,0.0,719.0,5555390.0,685.0,4013920.0,1.1125827815,66970230.0,,,,1000.0
2016-06-06T00:00:00,TSC,7.3,7.1,7.2,7.189974861549512,7.1,7.3,1587210.0,1587210.0,0.0,11412000000.0,0.0,200.0,1420000.0,0.0,0.0,830.0,4617490.0,647.0,4259400.0,1.1125827815,66990030.0,,,,1000.0
2016-06-07T00:00:00,TSC,7.3,7.2,7.2,7.235705929323504,7.2,7.1,1077020.0,1077020.0,0.0,7793000000.0,0.0,230.0,1680000.0,0.0,0.0,610.0,3318540.0,557.0,3081760.0,1.1125827815,66990800.0,,,,1000.0
2016-06-08T00:00:00,TSC,7.4,7.2,7.2,7.276105481516856,7.3,7.2,1340140.0,1340140.0,0.0,9751000000.0,0.0,11000.0,79700000.0,0.0,0.0,625.0,3576680.0,606.0,3265830.0,1.1125827815,66979800.0,,,,1000.0
2016-06-09T00:00:00,TSC,7.3,7.2,7.3,7.204233525346849,7.2,7.3,939170.0,939170.0,0.0,6766000000.0,0.0,50.0,370000.0,0.0,0.0,553.0,2376980.0,645.0,3861960.0,1.1125827815,66979750.0,,,,1000.0
2016-06-10T00:00:00,TSC,7.6,7.2,7.2,7.430796714304796,7.4,7.2,2395840.0,2395840.0,0.0,17803000000.0,0.0,154030.0,1155230000.0,3000.0,22500000.0,1019.0,6719890.0,1081.0,5657370.0,1.1125827815,66825720.0,,,,1000.0
2016-06-13T00:00:00,TSC,7.5,7.3,7.4,7.38699521940223,7.3,7.4,1286450.0,1286450.0,0.0,9503000000.0,0.0,5000.0,37000000.0,0.0,0.0,552.0,3770550.0,759.0,5115580.0,1.1125827815,66820720.0,,,,1000.0
2016-06-14T00:00:00,TSC,7.4,7.3,7.3,7.3068203996456935,7.3,7.3,666090.0,666090.0,0.0,4867000000.0,0.0,0.0,0.0,0.0,0.0,426.0,2707670.0,477.0,2855400.0,1.1125827815,66820720.0,,,,1000.0
2016-06-15T00:00:00,TSC,7.4,7.2,7.3,7.298190853646015,7.3,7.3,973940.0,973940.0,0.0,7108000000.0,0.0,0.0,0.0,3000.0,21900000.0,469.0,2445400.0,510.0,3015870.0,1.1125827815,66823720.0,,,,1000.0
2016-06-16T00:00:00,TSC,7.3,7.2,7.3,7.22968800541065,7.2,7.3,1700350.0,1700350.0,0.0,12293000000.0,0.0,1200.0,8740000.0,11000.0,79200000.0,590.0,3099570.0,566.0,3963750.0,1.1125827815,66822520.0,,,,1000.0
2016-06-17T00:00:00,TSC,7.3,7.0,7.2,7.107212732748577,7.1,7.2,1412670.0,1364670.0,48000.0,10068600000.0,369600000.0,6100.0,43830000.0,0.0,0.0,561.0,2495870.0,492.0,3899230.0,1.1125827815,66816420.0,,,,1000.0
2016-06-20T00:00:00,TSC,7.2,6.9,7.1,7.0030388258494165,6.9,7.1,1237320.0,1237320.0,0.0,8665000000.0,0.0,30.0,210000.0,0.0,0.0,620.0,2820530.0,536.0,3774200.0,1.1125827815,66819390.0,,,,1000.0
2016-06-21T00:00:00,TSC,7.2,6.9,7.1,6.995651681378914,6.9,6.9,1147570.0,1147570.0,0.0,8028000000.0,0.0,3200.0,22380000.0,0.0,0.0,560.0,2603300.0,560.0,3499920.0,1.1125827815,66827190.0,,,,1000.0
2016-06-22T00:00:00,TSC,7.0,6.7,6.9,6.802738981386499,6.7,6.9,1511960.0,1411960.0,100000.0,10335195332.158482,730000000.0,5210.0,34930000.0,120.0,800000.0,590.0,2519690.0,615.0,3744640.0,1.1125827815,66821980.0,,,,1000.0
2016-06-23T00:00:00,TSC,6.8,6.5,6.7,6.60575186351207,6.6,6.7,1788290.0,1788290.0,0.0,11813000000.0,0.0,100.0,660000.0,0.0,0.0,886.0,3392640.0,745.0,4364230.0,1.1125827815,66821880.0,,,,1000.0
2016-06-24T00:00:00,TSC,6.7,6.2,6.6,6.27,6.2,6.6,3578920.0,3578920.0,0.0,22439828400.0,0.0,5100.0,31620000.0,0.0,0.0,966.0,4335670.0,939.0,7367580.0,1.1125827815,66816780.0,,,,1000.0
2016-06-27T00:00:00,TSC,6.1,5.8,6.1,5.835935110719771,5.9,6.2,2975530.0,2975530.0,0.0,17365000000.0,0.0,6200.0,36120000.0,5000.0,29000000.0,838.0,3492490.0,869.0,6571440.0,1.1125827815,66810700.0,,,,1000.0
2016-06-28T00:00:00,TSC,6.2,5.9,5.9,6.033949556731496,6.0,5.9,1760610.0,1600610.0,160000.0,10608000000.0,950000000.0,0.0,0.0,230.0,1400000.0,683.0,4001600.0,613.0,3561910.0,1.1125827815,66810700.0,,,,1000.0
2016-06-29T00:00:00,TSC,6.2,6.0,6.1,6.098238755054716,6.1,6.0,1043580.0,1043580.0,0.0,6364000000.0,0.0,500.0,3000000.0,0.0,0.0,438.0,2470710.0,502.0,2899670.0,1.1125827815,66810200.0,,,,1000.0
2016-06-30T00:00:00,TSC,6.1,5.8,6.1,5.907109574627987,5.8,6.1,1729780.0,1729780.0,0.0,10218000000.0,0.0,8200.0,49680000.0,0.0,0.0,531.0,2390650.0,702.0,5131450.0,1.1125827815,66807000.0,,,,1000.0
2016-07-01T00:00:00,TSC,5.9,5.7,5.8,5.826178099160429,5.8,5.8,944530.0,944530.0,0.0,5503000000.0,0.0,92660.0,537430000.0,30.0,180000.0,526.0,2587950.0,491.0,3063320.0,1.1125827815,66714570.0,,,,1000.0
2016-07-04T00:00:00,TSC,6.0,5.8,5.8,5.9010445690707956,5.9,5.8,908620.0,908620.0,0.0,5361807116.349107,0.0,0.0,0.0,90.0,520000.0,455.0,2114440.0,519.0,3113480.0,1.1125827815,66714570.0,,,,1000.0
2016-07-05T00:00:00,TSC,6.3,5.8,5.9,6.058064637993238,6.0,5.9,2647050.0,2647050.0,0.0,16036000000.0,0.0,2000.0,12200000.0,200.0,1220000.0,837.0,5391630.0,919.0,5903430.0,1.1125827815,66712570.0,,,,1000.0
2016-07-06T00:00:00,TSC,6.3,5.9,6.0,6.120640944255708,6.1,6.0,1433510.0,1433510.0,0.0,8774000000.0,0.0,6200.0,37800000.0,1910.0,11460000.0,522.0,3221880.0,701.0,4674120.0,1.1125827815,66706400.0,,,,1000.0
2016-07-07T00:00:00,TSC,6.2,6.0,6.2,6.079778830963665,6.0,6.1,1266000.0,1266000.0,0.0,7697000000.0,0.0,0.0,0.0,0.0,0.0,473.0,2012750.0,665.0,4707260.0,1.1125827815,66706490.0,,,,1000.0
2016-07-08T00:00:00,TSC,6.1,5.9,6.0,5.968061095136505,5.9,6.0,1293720.0,1293720.0,0.0,7720999999.999999,0.0,0.0,0.0,730.0,4380000.0,495.0,2741690.0,654.0,4423420.0,1.1125827815,66706690.0,,,,1000.0
2016-07-11T00:00:00,TSC,6.0,5.7,5.9,5.824978663940653,5.7,5.9,1066270.0,1066270.0,0.0,6211000000.0,0.0,0.0,0.0,106000.0,614800000.0,358.0,1701960.0,582.0,3786910.0,1.1125827815,66708600.0,,,,1000.0
2016-07-12T00:00:00,TSC,5.8,5.4,5.6,5.560425798371947,5.6,5.7,1517150.0,1517150.0,0.0,8436000000.0,0.0,0.0,0.0,5200.0,28600000.0,689.0,3086400.0,573.0,4178910.0,1.1125827815,66708600.0,,,,1000.0
2016-07-13T00:00:00,TSC,5.8,5.5,5.5,5.6346646230982635,5.7,5.6,1683330.0,1683330.0,0.0,9485000000.0,0.0,15880.0,90400000.0,0.0,0.0,716.0,3650130.0,502.0,3566680.0,1.1125827815,66693450.0,,,,1000.0
2016-07-14T00:00:00,TSC,5.8,5.6,5.7,5.693327023189778,5.6,5.7,845200.0,845200.0,0.0,4812000000.0,0.0,135860.0,774480000.0,1000.0,5700000.0,387.0,1970810.0,436.0,2781110.0,1.1125827815,66663590.0,,,,1000.0
2016-07-15T00:00:00,TSC,5.9,5.6,5.6,5.744717013200384,5.9,5.6,1588590.0,1588590.0,0.0,9126000000.0,0.0,0.0,0.0,6200.0,34760000.0,681.0,4776680.0,577.0,3512990.0,1.1125827815,66668790.0,,,,1000.0
2016-07-18T00:00:00,TSC,6.3,6.1,6.1,6.247996769856433,6.3,5.9,2402370.0,2402370.0,0.0,15010000000.0,0.0,0.0,0.0,0.0,0.0,793.0,5635280.0,417.0,2786310.0,1.1125827815,66668790.0,,,,1000.0
2016-07-19T00:00:00,TSC,6.6,6.2,6.6,6.4146019441463284,6.2,6.3,2590340.0,2590340.0,0.0,16616000000.0,0.0,10000.0,65000000.0,150000.0,969560000.0,768.0,4070100.0,1086.0,6817210.0,1.1125827815,66659790.0,,,,1000.0
2016-07-20T00:00:00,TSC,6.3,6.0,6.2,6.096809155902912,6.2,6.2,2011380.0,2011380.0,0.0,12263000000.0,0.0,0.0,0.0,16000.0,98900000.0,582.0,3585450.0,623.0,4988960.0,1.1125827815,66665990.0,,,,1000.0
2016-07-21T00:00:00,TSC,6.2,5.9,6.1,6.017550240974812,5.9,6.2,1319640.0,1319640.0,0.0,7941000000.0,0.0,1000.0,5900000.0,0.0,0.0,541.0,3050290.0,596.0,4472980.0,1.1125827815,66664990.0,,,,1000.0
2016-07-22T00:00:00,TSC,5.9,5.6,5.8,5.72247875682628,5.8,5.9,1897080.0,1897080.0,0.0,10856000000.0,0.0,1500.0,8650000.0,0.0,0.0,740.0,3754320.0,465.0,4091580.0,1.1125827815,66813490.0,,,,1000.0
2016-07-25T00:00:00,TSC,5.9,5.7,5.7,5.752058770431474,5.7,5.8,720090.0,720090.0,0.0,4142000000.0,0.0,0.0,0.0,0.0,0.0,296.0,1418170.0,291.0,1907020.0,1.1125827815,66829490.0,,,,1000.0
2016-07-26T00:00:00,TSC,5.9,5.6,5.6,5.773349937733499,5.8,5.7,401500.0,401500.0,0.0,2318000000.0,0.0,0.0,0.0,1000.0,5600000.0,302.0,1349160.0,281.0,1362450.0,1.1125827815,66829490.0,,,,1000.0
2016-07-27T00:00:00,TSC,5.8,5.5,5.8,5.6045307775101225,5.5,5.8,1560880.0,1560880.0,0.0,8748000000.0,0.0,0.0,0.0,0.0,0.0,564.0,2567400.0,485.0,4393870.0,1.1125827815,66829490.0,,,,1000.0
2016-07-28T00:00:00,TSC,5.5,5.2,5.5,5.264423886427379,5.2,5.5,2078670.0,2078670.0,0.0,10943000000.0,0.0,200.0,1080000.0,0.0,0.0,644.0,2812540.0,522.0,4337850.0,1.1125827815,66829290.0,,,,1000.0
2016-07-29T00:00:00,TSC,5.4,5.2,5.2,5.253475537340195,5.2,5.2,858860.0,858860.0,0.0,4512000000.0,0.0,1000.0,5250000.0,0.0,0.0,495.0,2548910.0,365.0,2500700.0,1.1125827815,66829290.0,,,,1000.0
2016-08-01T00:00:00,TSC,5.3,5.2,5.3,5.205272255834053,5.2,5.2,462800.0,462800.0,0.0,2409000000.0,0.0,200.0,1040000.0,0.0,0.0,235.0,1246380.0,266.0,1539520.0,1.1125827815,66829090.0,,,,1000.0
2016-08-02T00:00:00,TSC,5.2,4.9,5.2,4.939882032667877,4.9,5.2,1763200.0,1763200.0,0.0,8710000000.0,0.0,20.0,100000.0,0.0,0.0,548.0,2143900.0,588.0,4027000.0,1.1125827815,66829070.0,,,,1000.0
2016-08-03T00:00:00,TSC,4.8,4.7,4.8,4.730123530498813,4.7,4.9,1406940.0,1406940.0,0.0,6655000000.0,0.0,0.0,0.0,0.0,0.0,431.0,2260180.0,415.0,3014850.0,1.1125827815,66829070.0,,,,1000.0
2016-08-04T00:00:00,TSC,4.9,4.4,4.8,4.540349857308953,4.4,4.7,1513760.0,1513760.0,0.0,6873000000.0,0.0,20.0,90000.0,110.0,480000.0,481.0,2195980.0,544.0,3969730.0,1.1125827815,66829050.0,,,,1000.0
2016-08-05T00:00:00,TSC,4.4,4.1,4.2,4.135812552179753,4.1,4.4,2483920.0,2203920.0,280000.0,10332000000.0,1217000000.0,200.0,820000.0,0.0,0.0,482.0,2318290.0,636.0,4937670.0,1.1125827815,66828850.0,,,,1000.0
2016-08-08T00:00:00,TSC,4.1,3.9,3.9,3.9277989795321884,3.9,4.1,2511400.0,2511400.0,0.0,9864274357.197138,0.0,0.0,0.0,15000.0,58500000.0,553.0,3468360.0,614.0,4737250.0,1.1125827815,66828850.0,,,,1000.0
2016-08-09T00:00:00,TSC,4.1,3.8,3.8,3.982190204612537,4.0,3.9,799560.0,799560.0,0.0,3184000000.0,0.0,0.0,0.0,20000.0,79000000.0,568.0,3227930.0,360.0,1879380.0,1.1125827815,66828960.0,,,,1000.0
2016-08-10T00:00:00,TSC,4.2,4.0,4.0,4.161016708745851,4.2,4.0,1762550.0,1762550.0,0.0,7334000000.0,0.0,0.0,0.0,28000.0,115600000.0,661.0,3878210.0,373.0,2580140.0,1.1125827815,66828960.0,,,,1000.0
2016-08-11T00:00:00,TSC,4.4,4.2,4.3,4.370540265035678,4.4,4.2,1412640.0,1412640.0,0.0,6174000000.0,0.0,0.0,0.0,0.0,0.0,559.0,3607040.0,339.0,2270370.0,1.1125827815,66843960.0,,,,1000.0
2016-08-12T00:00:00,TSC,4.6,4.3,4.5,4.42739534429298,4.5,4.4,1944710.0,1944710.0,0.0,8610000000.0,0.0,115000.0,506000000.0,110.0,480000.0,633.0,4171510.0,780.0,5317740.0,1.1125827815,66748960.0,,,,1000.0
2016-08-15T00:00:00,TSC,4.5,4.3,4.4,4.351159877316515,4.3,4.5,925960.0,925960.0,0.0,4029000000.0000005,0.0,10.0,40000.0,20.0,90000.0,343.0,1651480.0,480.0,3282780.0,1.1125827815,66776950.0,,,,1000.0
2016-08-16T00:00:00,TSC,4.4,4.1,4.4,4.24040153161544,4.2,4.3,773040.0,773040.0,0.0,3278000000.0,0.0,800.0,3360000.0,0.0,0.0,472.0,2587280.0,397.0,2906030.0,1.1125827815,66776150.0,,,,1000.0
2016-08-17T00:00:00,TSC,4.3,4.1,4.2,4.164156122380666,4.1,4.2,847480.0,597480.0,250000.0,3488000000.0,1000000000.0,18000.0,77400000.0,0.0,0.0,334.0,1903310.0,330.0,2477620.0,1.1125827815,66758260.0,,,,1000.0
2016-08-18T00:00:00,TSC,4.2,4.0,4.2,4.018761598311116,4.0,4.1,1174740.0,1174740.0,0.0,4721000000.0,0.0,0.0,0.0,0.0,0.0,438.0,2019390.0,335.0,2730700.0,1.1125827815,66758280.0,,,,1000.0
2016-08-19T00:00:00,TSC,4.1,4.0,4.0,4.010394836113672,4.1,4.0,596450.0,596450.0,0.0,2392000000.0,0.0,10.0,40000.0,20.0,80000.0,326.0,1958390.0,246.0,1856920.0,1.1125827815,66758270.0,,,,1000.0
2016-08-22T00:00:00,TSC,4.2,4.0,4.0,4.044350819969194,4.0,4.1,983160.0,983160.0,0.0,3976243952.1609135,0.0,200.0,800000.0,20.0,80000.0,343.0,2220740.0,329.0,2445020.0,1.1125827815,66758070.0,,,,1000.0
2016-08-23T00:00:00,TSC,4.1,4.0,4.0,4.038772213247173,4.1,4.0,451870.0,451870.0,0.0,1825000000.0,0.0,20.0,80000.0,2950.0,11830000.0,358.0,2164810.0,247.0,1500960.0,1.1125827815,66758050.0,,,,1000.0
2016-08-24T00:00:00,TSC,4.2,4.0,4.1,4.096999074124503,4.1,4.1,734440.0,734440.0,0.0,3009000000.0,0.0,0.0,0.0,3020.0,12380000.0,403.0,2992330.0,387.0,2266560.0,1.1125827815,66758070.0,,,,1000.0
2016-08-25T00:00:00,TSC,4.3,4.1,4.2,4.22894618433299,4.3,4.1,1622390.0,1622390.0,0.0,6861000000.0,0.0,0.0,0.0,0.0,0.0,657.0,3956240.0,333.0,2003100.0,1.1125827815,66758090.0,,,,1000.0
2016-08-26T00:00:00,TSC,4.4,4.2,4.4,4.308393292287284,4.3,4.3,693530.0,693530.0,0.0,2988000000.0,0.0,20500.0,88400000.0,0.0,0.0,416.0,1611690.0,502.0,3529810.0,1.1125827815,66740540.0,,,,1000.0
2016-08-29T00:00:00,TSC,4.3,4.1,4.3,4.149241042657927,4.1,4.3,729290.0,729290.0,0.0,3025999999.9999995,0.0,0.0,0.0,0.0,0.0,351.0,2288710.0,357.0,2723900.0,1.1125827815,66743560.0,,,,1000.0
2016-08-30T00:00:00,TSC,4.2,4.0,4.0,4.042320653328881,4.1,4.1,658780.0,658780.0,0.0,2663000000.0,0.0,0.0,0.0,0.0,0.0,487.0,3090200.0,352.0,2892560.0,1.1125827815,66743560.0,,,,1000.0
2016-08-31T00:00:00,TSC,4.2,4.0,4.1,4.054634000709048,4.0,4.1,535930.0,535930.0,0.0,2173000000.0,0.0,50.0,210000.0,50.0,200000.0,310.0,1492490.0,311.0,2156760.0,1.1125827815,66743510.0,,,,1000.0
2016-09-01T00:00:00,TSC,4.1,3.9,4.1,3.97178346879313,3.9,4.0,1043360.0,1043360.0,0.0,4144000000.0,0.0,400.0,1580000.0,0.0,0.0,454.0,1980160.0,344.0,2618870.0,1.1125827815,66743110.0,,,,1000.0
2016-09-05T00:00:00,TSC,4.0,3.9,4.0,3.9208739297313255,3.9,3.9,338700.0,338700.0,0.0,1328000000.0,0.0,0.0,0.0,18200.0,71000000.0,308.0,1758110.0,216.0,1160490.0,1.1125827815,66743110.0,,,,1000.0
2016-09-06T00:00:00,TSC,4.1,3.9,4.0,4.018674629229424,4.1,3.9,606170.0,606170.0,0.0,2436000000.0,0.0,0.0,0.0,200.0,800000.0,547.0,2368410.0,239.0,1428360.0,1.1125827815,66743160.0,,,,1000.0
2016-09-07T00:00:00,TSC,4.1,3.9,4.0,3.997850880406379,4.0,4.1,409470.0,409470.0,0.0,1637000000.0,0.0,0.0,0.0,0.0,0.0,323.0,1672630.0,368.0,2000760.0,1.1125827815,66743160.0,,,,1000.0
2016-09-08T00:00:00,TSC,4.1,3.9,4.0,3.9899528763225747,4.0,4.0,449880.0,449880.0,0.0,1795000000.0,0.0,0.0,0.0,0.0,0.0,274.0,1252080.0,308.0,1452700.0,1.1125827815,66761360.0,,,,1000.0
2016-09-09T00:00:00,TSC,4.1,3.9,4.0,4.023847758273806,4.0,4.0,541770.0,541770.0,0.0,2180000000.0,0.0,0.0,0.0,0.0,0.0,277.0,1416730.0,346.0,2034650.0,1.1125827815,66761560.0,,,,1000.0
2016-09-12T00:00:00,TSC,3.99,3.86,3.91,3.9061793859781266,3.86,4.0,663820.0,663820.0,0.0,2593000000.0,0.0,200.0,780000.0,0.0,0.0,235.0,1262010.0,285.0,2291250.0,1.1125827815,66761360.0,,,,1000.0
2016-09-13T00:00:00,TSC,3.93,3.7,3.9,3.769554009675483,3.7,3.86,566380.0,566380.0,0.0,2135000000.0,0.0,0.0,0.0,0.0,0.0,260.0,979440.0,227.0,1673930.0,1.1125827815,66761360.0,,,,1000.0
2016-09-14T00:00:00,TSC,3.7,3.45,3.65,3.4990934847333954,3.45,3.7,1803610.0,1803610.0,0.0,6311000000.0,0.0,0.0,0.0,0.0,0.0,537.0,3049840.0,384.0,4472280.0,1.1125827815,66761360.0,,,,1000.0
2016-09-15T00:00:00,TSC,3.43,3.21,3.22,3.2175770429689563,3.21,3.45,2733820.0,2649820.0,84000.0,8835960000.0,309960000.0,0.0,0.0,0.0,0.0,499.0,3748610.0,454.0,4625250.0,1.1125827815,66761360.0,,,,1000.0
2016-09-16T00:00:00,TSC,3.22,3.06,3.1,3.1300808112437224,3.17,3.21,830330.0,830330.0,0.0,2599000000.0,0.0,2000.0,6360000.0,0.0,0.0,399.0,2400670.0,240.0,1677600.0,1.1125827815,66759360.0,,,,1000.0
2016-09-19T00:00:00,TSC,3.39,3.19,3.2,3.3486596686041468,3.39,3.17,1383240.0,1383240.0,0.0,4632000000.0,0.0,500.0,1700000.0,0.0,0.0,335.0,2556420.0,229.0,1587360.0,1.1125827815,66758860.0,,,,1000.0
2016-09-20T00:00:00,TSC,3.51,3.39,3.5,3.447376753021809,3.44,3.39,1073860.0,1073860.0,0.0,3702000000.0,0.0,2500.0,8630000.0,0.0,0.0,364.0,1704100.0,411.0,2861730.0,1.1125827815,66756360.0,,,,1000.0
2016-09-21T00:00:00,TSC,3.49,3.4,3.41,3.4247209029790913,3.41,3.44,648520.0,648520.0,0.0,2221000000.0,0.0,0.0,0.0,0.0,0.0,297.0,1763060.0,287.0,1792870.0,1.1125827815,66756360.0,,,,1000.0
2016-09-22T00:00:00,TSC,3.54,3.4,3.45,3.4878273830648023,3.45,3.41,704450.0,704450.0,0.0,2457000000.0,0.0,0.0,0.0,0.0,0.0,295.0,2366130.0,328.0,1717210.0,1.1125827815,66756360.0,,,,1000.0
2016-09-23T00:00:00,TSC,3.54,3.45,3.45,3.478677634365456,3.49,3.45,897180.0,897180.0,0.0,3121000000.0,0.0,0.0,0.0,0.0,0.0,400.0,5791650.0,381.0,2410260.0,1.1125827815,66756360.0,,,,1000.0
2016-09-26T00:00:00,TSC,3.49,3.42,3.48,3.4475275992079637,3.43,3.49,368670.0,368670.0,0.0,1271000000.0,0.0,0.0,0.0,0.0,0.0,256.0,1799580.0,257.0,1659150.0,1.1125827815,66756360.0,,,,1000.0
2016-09-27T00:00:00,TSC,3.43,3.3,3.42,3.356490831246466,3.36,3.43,495160.0,495160.0,0.0,1662000000.0,0.0,0.0,0.0,0.0,0.0,355.0,1731080.0,244.0,1627000.0,1.1125827815,66756360.0,,,,1000.0
2016-09-28T00:00:00,TSC,3.35,3.25,3.31,3.2625759333833866,3.27,3.36,439530.0,439530.0,0.0,1434000000.0,0.0,0.0,0.0,0.0,0.0,318.0,1852060.0,176.0,1147510.0,1.1125827815,66756360.0,,,,1000.0
2016-09-29T00:00:00,TSC,3.31,3.12,3.23,3.211143854460043,3.14,3.27,919610.0,919610.0,0.0,2953000000.0,0.0,1000.0,3180000.0,0.0,0.0,448.0,1931700.0,294.0,2256110.0,1.1125827815,66755360.0,,,,1000.0
2016-09-30T00:00:00,TSC,3.18,3.02,3.18,3.090222645637063,3.17,3.14,1417050.0,1417050.0,0.0,4379000000.0,0.0,1200.0,3650000.0,0.0,0.0,673.0,3489740.0,443.0,2517900.0,1.1125827815,66754160.0,,,,1000.0
2016-10-03T00:00:00,TSC,3.39,3.24,3.3,3.343539012671266,3.39,3.17,1766990.0,1766990.0,0.0,5908000000.0,0.0,0.0,0.0,200.0,660000.0,358.0,3011970.0,441.0,2096460.0,1.1125827815,66754160.0,,,,1000.0
2016-10-04T00:00:00,TSC,3.39,3.29,3.33,3.329934907066112,3.29,3.39,637550.0,637550.0,0.0,2123000000.0,0.0,0.0,0.0,1010.0,3400000.0,260.0,1564050.0,369.0,2093560.0,1.1125827815,66754160.0,,,,1000.0
2016-10-05T00:00:00,TSC,3.31,3.25,3.27,3.275848645281844,3.29,3.29,513760.0,513760.0,0.0,1683000000.0,0.0,0.0,0.0,0.0,0.0,340.0,1832990.0,298.0,1610220.0,1.1125827815,66754160.0,,,,1000.0
2016-10-06T00:00:00,TSC,3.49,3.29,3.29,3.426632393542508,3.43,3.29,1470540.0,1470540.0,0.0,5039000000.0,0.0,0.0,0.0,0.0,0.0,403.0,2918760.0,518.0,2778900.0,1.1125827815,66754360.0,,,,1000.0
2016-10-07T00:00:00,TSC,3.44,3.38,3.42,3.4099706744868037,3.38,3.43,852500.0,852500.0,0.0,2907000000.0,0.0,0.0,0.0,0.0,0.0,364.0,2165300.0,273.0,1975060.0,1.1125827815,66755370.0,,,,1000.0
2016-10-10T00:00:00,TSC,3.45,3.36,3.37,3.4099320910173474,3.44,3.38,621420.0,621420.0,0.0,2119000000.0,0.0,0.0,0.0,0.0,0.0,292.0,1999520.0,280.0,1727170.0,1.1125827815,66755370.0,,,,1000.0
2016-10-11T00:00:00,TSC,3.48,3.32,3.48,3.3889007064408148,3.38,3.44,893210.0,893210.0,0.0,3027000000.0,0.0,0.0,0.0,0.0,0.0,345.0,2194150.0,284.0,2449930.0,1.1125827815,66755370.0,,,,1000.0
2016-10-12T00:00:00,TSC,3.48,3.38,3.38,3.444042305577226,3.46,3.38,781930.0,781930.0,0.0,2693000000.0,0.0,0.0,0.0,0.0,0.0,305.0,2170640.0,321.0,1795500.0,1.1125827815,66755370.0,,,,1000.0
2016-10-13T00:00:00,TSC,3.7,3.41,3.41,3.653265518852665,3.7,3.46,2225680.0,2225680.0,0.0,8131000000.0,0.0,0.0,0.0,0.0,0.0,560.0,6232700.0,335.0,2331750.0,1.1125827815,66755370.0,,,,1000.0
2016-10-14T00:00:00,TSC,3.95,3.87,3.91,3.933038914194548,3.95,3.7,3072690.0,3072690.0,0.0,12085009341.256445,0.0,1770.0,6960000.0,200.0,780000.0,628.0,6896290.0,319.0,3367890.0,1.1125827815,66753600.0,,,,1000.0
2016-10-17T00:00:00,TSC,4.2,3.95,3.96,4.079952734683581,4.01,3.95,3012780.0,3012780.0,0.0,12292000000.0,0.0,0.0,0.0,200.0,840000.0,776.0,4597000.0,635.0,5568930.0,1.1125827815,66753600.0,,,,1000.0
2016-10-18T00:00:00,TSC,4.0,3.91,4.0,3.941269308677876,3.92,4.01,1609380.0,1609380.0,0.0,6343000000.0,0.0,0.0,0.0,0.0,0.0,506.0,2777350.0,415.0,3674580.0,1.1125827815,66753600.0,,,,1000.0
2016-10-19T00:00:00,TSC,3.98,3.74,3.92,3.8447891491655004,3.75,3.92,1493710.0,1493710.0,0.0,5743000000.0,0.0,0.0,0.0,0.0,0.0,499.0,2495480.0,418.0,3198670.0,1.1125827815,66753800.0,,,,1000.0
2016-10-20T00:00:00,TSC,3.89,3.73,3.76,3.8175770713706543,3.86,3.75,1208620.0,1208620.0,0.0,4614000000.0,0.0,1000.0,3800000.0,0.0,0.0,376.0,2635740.0,332.0,2436580.0,1.1125827815,66753000.0,,,,1000.0
2016-10-21T00:00:00,TSC,3.65,3.59,3.59,3.591846237421424,3.59,3.86,3092790.0,3092790.0,0.0,11108826124.634605,0.0,1000.0,3600000.0,0.0,0.0,555.0,3260710.0,555.0,7894150.0,1.1125827815,66752000.0,,,,1000.0
2016-10-24T00:00:00,TSC,3.34,3.34,3.34,3.34,3.34,3.59,1274010.0,1274010.0,0.0,4255193400.0,0.0,1000.0,3340000.0,5800.0,19370000.0,193.0,1274010.0,374.0,5451030.0,1.1125827815,66751000.0,,,,1000.0
2016-10-25T00:00:00,TSC,3.24,3.11,3.11,3.124674043272958,3.12,3.34,3595920.0,3595920.0,0.0,11236077885.686094,0.0,1500.0,4670000.0,0.0,0.0,845.0,4800590.0,559.0,6248300.0,1.1125827815,66749500.0,,,,1000.0
2016-10-26T00:00:00,TSC,3.18,3.01,3.12,3.083942786874636,3.02,3.12,927060.0,927060.0,0.0,2859000000.0,0.0,3000.0,9110000.0,660.0,2000000.0,577.0,1945790.0,358.0,2063870.0,1.1125827815,66746500.0,,,,1000.0
2016-10-27T00:00:00,TSC,3.1,2.97,3.02,3.052859391395593,3.1,3.02,914880.0,914880.0,0.0,2793000000.0,0.0,2950.0,9010000.0,0.0,0.0,490.0,2455160.0,261.0,1444660.0,1.1125827815,66749350.0,,,,1000.0
2016-10-28T00:00:00,TSC,3.14,3.04,3.09,3.0737935079684013,3.09,3.1,801290.0,801290.0,0.0,2463000000.0,0.0,0.0,0.0,0.0,0.0,410.0,1810180.0,292.0,2213110.0,1.1125827815,66749350.0,,,,1000.0
2016-10-31T00:00:00,TSC,3.1,2.92,3.1,2.9973905613756897,2.95,3.09,1299130.0,1299130.0,0.0,3893999999.9999995,0.0,200.0,600000.0,119000.0,357260000.0,483.0,1827390.0,311.0,2284030.0,1.1125827815,66749810.0,,,,1000.0
2016-11-01T00:00:00,TSC,2.95,2.86,2.95,2.906993594759876,2.91,2.95,1040060.0,690060.0,350000.0,3038500000.0,1032500000.0,0.0,0.0,0.0,0.0,491.0,1333400.0,255.0,1185990.0,1.1125827815,66749810.0,,,,1000.0
2016-11-02T00:00:00,TSC,2.93,2.8,2.89,2.866948623725993,2.8,2.91,865380.0,865380.0,0.0,2481000000.0,0.0,0.0,0.0,0.0,0.0,469.0,1225620.0,277.0,1507710.0,1.1125827815,66749810.0,,,,1000.0
2016-11-03T00:00:00,TSC,2.93,2.82,2.89,2.882994081927286,2.85,2.8,907390.0,907390.0,0.0,2616000000.0,0.0,0.0,0.0,0.0,0.0,318.0,2004170.0,358.0,2179500.0,1.1125827815,66868810.0,,,,1000.0
2016-11-04T00:00:00,TSC,3.03,2.85,2.88,2.9527989372614303,2.95,2.85,1189380.0,1189380.0,0.0,3512000000.0,0.0,0.0,0.0,10.0,30000.0,410.0,4246030.0,412.0,1825510.0,1.1125827815,66868810.0,,,,1000.0
2016-11-07T00:00:00,TSC,3.02,2.92,2.95,2.979507460003595,2.97,2.95,445040.0,445040.0,0.0,1326000000.0,0.0,0.0,0.0,0.0,0.0,244.0,2469660.0,317.0,1273470.0,1.1125827815,66868810.0,,,,1000.0
2016-11-08T00:00:00,TSC,2.98,2.92,2.97,2.9488444193912065,2.92,2.97,283840.0,283840.0,0.0,837000000.0,0.0,0.0,0.0,0.0,0.0,200.0,517490.0,188.0,969900.0,1.1125827815,66868810.0,,,,1000.0
2016-11-09T00:00:00,TSC,2.91,2.73,2.89,2.832173321471558,2.85,2.92,1025670.0,1025670.0,0.0,2904875210.633733,0.0,0.0,0.0,0.0,0.0,375.0,1920150.0,224.0,1648740.0,1.1125827815,66868820.0,,,,1000.0
2016-11-10T00:00:00,TSC,2.94,2.88,2.9,2.9200741163850155,2.94,2.85,717790.0,717790.0,0.0,2096000000.0,0.0,0.0,0.0,0.0,0.0,241.0,1576030.0,291.0,1296490.0,1.1125827815,66868820.0,,,,1000.0
2016-11-11T00:00:00,TSC,2.95,2.9,2.94,2.916418224544912,2.91,2.94,570220.0,570220.0,0.0,1663000000.0,0.0,0.0,0.0,0.0,0.0,190.0,1123730.0,239.0,1322960.0,1.1125827815,66868820.0,,,,1000.0
2016-11-14T00:00:00,TSC,2.98,2.91,2.91,2.9461710990067287,2.95,2.91,624200.0,624200.0,0.0,1839000000.0,0.0,0.0,0.0,0.0,0.0,232.0,1147500.0,320.0,1457720.0,1.1125827815,66868820.0,,,,1000.0
2016-11-15T00:00:00,TSC,2.97,2.85,2.93,2.9070628822994053,2.9,2.95,944940.0,944940.0,0.0,2747000000.0,0.0,0.0,0.0,0.0,0.0,367.0,1681110.0,279.0,2275130.0,1.1125827815,66868820.0,,,,1000.0
2016-11-16T00:00:00,TSC,2.91,2.86,2.89,2.8868217819339237,2.9,2.9,405290.0,405290.0,0.0,1170000000.0,0.0,0.0,0.0,0.0,0.0,298.0,1319580.0,206.0,1193650.0,1.1125827815,66868820.0,,,,1000.0
2016-11-17T00:00:00,TSC,2.91,2.87,2.91,2.881873385446372,2.87,2.9,298070.0,298070.0,0.0,859000000.0,0.0,500.0,1450000.0,0.0,0.0,196.0,713570.0,216.0,1210230.0,1.1125827815,66868320.0,,,,1000.0
2016-11-18T00:00:00,TSC,2.89,2.85,2.85,2.8667163067758747,2.86,2.87,295460.0,295460.0,0.0,847000000.0,0.0,0.0,0.0,0.0,0.0,213.0,777520.0,189.0,1025850.0,1.1125827815,66868320.0,,,,1000.0
2016-11-21T00:00:00,TSC,2.88,2.85,2.87,2.8670039612503433,2.88,2.86,254970.0,254970.0,0.0,731000000.0,0.0,0.0,0.0,20.0,60000.0,169.0,881240.0,132.0,611650.0,1.1125827815,66868320.0,,,,1000.0
2016-11-22T00:00:00,TSC,2.99,2.88,2.88,2.936015908293368,2.99,2.88,1111370.0,1111370.0,0.0,3263000000.0,0.0,0.0,0.0,0.0,0.0,268.0,1760380.0,333.0,1642680.0,1.1125827815,66868320.0,,,,1000.0
2016-11-23T00:00:00,TSC,3.15,2.99,3.02,3.0571011830803303,3.13,2.99,1851100.0,1851100.0,0.0,5659000000.0,0.0,160020.0,494390000.0,190.0,600000.0,418.0,3240430.0,556.0,2741490.0,1.1125827815,66708300.0,,,,1000.0
2016-11-24T00:00:00,TSC,3.23,3.08,3.13,3.14592489069244,3.13,3.13,1781670.0,1781670.0,0.0,5605000000.0,0.0,45020.0,139970000.0,250190.0,788780000.0,367.0,3099270.0,507.0,3167170.0,1.1125827815,66663300.0,,,,1000.0
2016-11-25T00:00:00,TSC,3.18,3.07,3.12,3.1172692157458446,3.18,3.13,1201640.0,921640.0,280000.0,3690600000.0,817600000.0,0.0,0.0,190.0,600000.0,252.0,3025540.0,259.0,1725290.0,1.1125827815,66663300.0,,,,1000.0
2016-11-28T00:00:00,TSC,3.18,3.06,3.17,3.1008607371441186,3.09,3.18,634340.0,634340.0,0.0,1967000000.0000002,0.0,0.0,0.0,0.0,0.0,290.0,1142600.0,243.0,1629750.0,1.1125827815,66663490.0,,,,1000.0
2016-11-29T00:00:00,TSC,3.12,2.9,3.12,2.9747419652597133,2.9,3.09,953360.0,953360.0,0.0,2836000000.0,0.0,0.0,0.0,0.0,0.0,382.0,1222350.0,259.0,1991320.0,1.1125827815,66913680.0,,,,1000.0
2016-11-30T00:00:00,TSC,2.98,2.9,2.95,2.9415403997795253,2.94,2.9,928990.0,888990.0,40000.0,2723000000.0,108000000.0,0.0,0.0,0.0,0.0,305.0,2596530.0,269.0,1367260.0,1.1125827815,66913870.0,,,,1000.0
2016-12-01T00:00:00,TSC,2.98,2.91,2.94,2.9491876777708144,2.92,2.94,829720.0,829720.0,0.0,2447000000.0,0.0,0.0,0.0,0.0,0.0,259.0,1479470.0,233.0,1459600.0,1.1125827815,66913870.0,,,,1000.0
2016-12-02T00:00:00,TSC,2.97,2.91,2.92,2.9372268754552073,2.97,2.92,878720.0,878720.0,0.0,2581000000.0,0.0,0.0,0.0,55040.0,160720000.0,234.0,2429080.0,211.0,1548780.0,1.1125827815,66913870.0,,,,1000.0
2016-12-05T00:00:00,TSC,2.97,2.93,2.97,2.952879057080654,2.94,2.97,399610.0,399610.0,0.0,1180000000.0,0.0,0.0,0.0,0.0,0.0,200.0,841810.0,194.0,900080.0,1.1125827815,66913870.0,,,,1000.0
2016-12-06T00:00:00,TSC,2.94,2.85,2.93,2.885491216655823,2.85,2.94,922200.0,922200.0,0.0,2661000000.0,0.0,20690.0,60000000.0,0.0,0.0,319.0,1384850.0,237.0,1945810.0,1.1125827815,66893180.0,,,,1000.0
2016-12-07T00:00:00,TSC,2.85,2.82,2.85,2.8299627751050354,2.82,2.85,459370.0,459370.0,0.0,1300000000.0,0.0,0.0,0.0,0.0,0.0,299.0,802180.0,166.0,1203910.0,1.1125827815,66948220.0,,,,1000.0
2016-12-08T00:00:00,TSC,3.01,2.9,2.9,2.997748917748918,2.98,2.82,1443750.0,1443750.0,0.0,4328000000.0,0.0,2500.0,7480000.0,0.0,0.0,409.0,2429160.0,332.0,1908100.0,1.1125827815,66945720.0,,,,1000.0
2016-12-09T00:00:00,TSC,2.99,2.9,2.96,2.9294862358310025,2.9,2.98,203790.0,203790.0,0.0,597000000.0,0.0,200.0,580000.0,0.0,0.0,174.0,829350.0,210.0,1545520.0,1.1125827815,66945520.0,,,,1000.0
2016-12-12T00:00:00,TSC,2.92,2.81,2.9,2.872747132714364,2.81,2.9,274650.0,274650.0,0.0,789000000.0,0.0,0.0,0.0,0.0,0.0,198.0,508410.0,192.0,1041740.0,1.1125827815,66945520.0,,,,1000.0
2016-12-13T00:00:00,TSC,2.71,2.62,2.65,2.626642898951737,2.62,2.81,1503440.0,1503440.0,0.0,3948999999.9999995,0.0,0.0,0.0,0.0,0.0,423.0,1799330.0,345.0,3151280.0,1.1125827815,66945520.0,,,,1000.0
2016-12-14T00:00:00,TSC,2.69,2.48,2.62,2.6100619780603487,2.66,2.62,352190.0,352190.0,0.0,919237728.0530742,0.0,0.0,0.0,0.0,0.0,308.0,955050.0,230.0,968340.0,1.1125827815,66945520.0,,,,1000.0
2016-12-15T00:00:00,TSC,2.69,2.56,2.66,2.6537062436639034,2.64,2.66,335380.0,335380.0,0.0,890000000.0,0.0,0.0,0.0,0.0,0.0,220.0,784750.0,235.0,1067880.0,1.1125827815,66945520.0,,,,1000.0
2016-12-16T00:00:00,TSC,2.66,2.51,2.51,2.6169474520295974,2.61,2.64,239210.0,239210.0,0.0,626000000.0,0.0,0.0,0.0,0.0,0.0,146.0,494560.0,180.0,754820.0,1.1125827815,66945520.0,,,,1000.0
2016-12-19T00:00:00,TSC,2.66,2.6,2.6,2.6195953241631846,2.63,2.61,228810.0,228810.0,0.0,599389606.1217782,0.0,0.0,0.0,11740.0,30880000.0,236.0,732010.0,108.0,504830.0,1.1125827815,66945520.0,,,,1000.0
2016-12-20T00:00:00,TSC,2.64,2.6,2.64,2.6060580168325713,2.61,2.63,234070.0,234070.0,0.0,610000000.0,0.0,250.0,650000.0,0.0,0.0,212.0,578220.0,112.0,622110.0,1.1125827815,66945270.0,,,,1000.0
2016-12-21T00:00:00,TSC,2.65,2.61,2.62,2.6350796197034314,2.63,2.61,511180.0,511180.0,0.0,1347000000.0,0.0,0.0,0.0,0.0,0.0,185.0,964430.0,240.0,1253260.0,1.1125827815,66945270.0,,,,1000.0
2016-12-22T00:00:00,TSC,2.64,2.6,2.63,2.622152828802351,2.61,2.63,217760.0,217760.0,0.0,571000000.0,0.0,600.0,1570000.0,0.0,0.0,129.0,348390.0,133.0,717190.0,1.1125827815,66956410.0,,,,1000.0
2016-12-23T00:00:00,TSC,2.63,2.58,2.6,2.602508893465643,2.61,2.61,160230.0,160230.0,0.0,417000000.0,0.0,18100.0,47170000.0,2930.0,7650000.0,146.0,506400.0,117.0,671250.0,1.1125827815,66938310.0,,,,1000.0
2016-12-26T00:00:00,TSC,2.62,2.59,2.62,2.6026060901679324,2.6,2.61,287020.0,287020.0,0.0,747000000.0,0.0,20000.0,51900000.0,0.0,0.0,120.0,402680.0,120.0,547650.0,1.1125827815,66918310.0,,,,1000.0
2016-12-27T00:00:00,TSC,2.64,2.57,2.6,2.6048298336102897,2.63,2.6,463370.0,463370.0,0.0,1207000000.0,0.0,10000.0,25800000.0,0.0,0.0,215.0,1002850.0,181.0,769240.0,1.1125827815,66908310.0,,,,1000.0
2016-12-28T00:00:00,TSC,2.67,2.62,2.62,2.64,2.66,2.63,289710.0,289710.0,0.0,764834400.0,0.0,0.0,0.0,0.0,0.0,196.0,814560.0,154.0,566900.0,1.1125827815,66911240.0,,,,1000.0
2016-12-29T00:00:00,TSC,2.67,2.61,2.66,2.6233207573780897,2.65,2.66,283610.0,283610.0,0.0,744000000.0,0.0,0.0,0.0,0.0,0.0,166.0,681090.0,138.0,713070.0,1.1125827815,66911240.0,,,,1000.0
2016-12-30T00:00:00,TSC,2.65,2.6,2.65,2.6132027931754376,2.63,2.65,277820.0,277820.0,0.0,726000000.0,0.0,0.0,0.0,0.0,0.0,143.0,583610.0,131.0,738370.0,1.1125827815,66911240.0,,,,1000.0
2017-01-03T00:00:00,TSC,2.68,2.61,2.63,2.6359025644688905,2.63,2.63,139990.0,139990.0,0.0,369000000.0,0.0,400.0,1040000.0,0.0,0.0,147.0,377510.0,125.0,514890.0,1.1125827815,66910840.0,,,,1000.0
2017-01-04T00:00:00,TSC,2.65,2.6,2.65,2.6337398497612603,2.64,2.63,328810.0,328810.0,0.0,866000000.0,0.0,0.0,0.0,0.0,0.0,132.0,723660.0,178.0,853260.0,1.1125827815,66910840.0,,,,1000.0
2017-01-05T00:00:00,TSC,2.65,2.63,2.64,2.6415731285340533,2.64,2.64,118490.0,118490.0,0.0,313000000.0,0.0,0.0,0.0,0.0,0.0,66.0,529650.0,134.0,671800.0,1.1125827815,66910840.0,,,,1000.0
2017-01-06T00:00:00,TSC,2.65,2.6,2.64,2.632395302459561,2.61,2.64,225650.0,225650.0,0.0,594000000.0,0.0,0.0,0.0,0.0,0.0,84.0,817320.0,172.0,1219510.0,1.1125827815,66910840.0,,,,1000.0
2017-01-09T00:00:00,TSC,2.64,2.6,2.62,2.614339439524445,2.63,2.61,329720.0,329720.0,0.0,862000000.0,0.0,0.0,0.0,0.0,0.0,77.0,933990.0,130.0,891440.0,1.1125827815,66910840.0,,,,1000.0
2017-01-10T00:00:00,TSC,2.64,2.6,2.62,2.6170678336980306,2.62,2.63,114250.0,114250.0,0.0,299000000.0,0.0,0.0,0.0,0.0,0.0,68.0,373900.0,141.0,725930.0,1.1125827815,66910840.0,,,,1000.0
2017-01-11T00:00:00,TSC,2.63,2.6,2.63,2.617271462890378,2.63,2.62,79090.0,79090.0,0.0,207000000.0,0.0,0.0,0.0,0.0,0.0,66.0,416610.0,143.0,489780.0,1.1125827815,66910840.0,,,,1000.0
2017-01-12T00:00:00,TSC,2.67,2.61,2.62,2.639379774256071,2.64,2.63,546260.0,546260.0,0.0,1441787595.4851213,0.0,0.0,0.0,0.0,0.0,125.0,1307450.0,217.0,1108350.0,1.1125827815,66910840.0,,,,1000.0
2017-01-13T00:00:00,TSC,2.64,2.6,2.64,2.6167176790102165,2.62,2.64,231970.0,231970.0,0.0,607000000.0,0.0,0.0,0.0,0.0,0.0,178.0,579300.0,127.0,749650.0,1.1125827815,66910840.0,,,,1000.0
2017-01-16T00:00:00,TSC,2.64,2.6,2.6,2.6049920760697307,2.6,2.62,100960.0,100960.0,0.0,263000000.0,0.0,0.0,0.0,0.0,0.0,97.0,232510.0,108.0,517560.0,1.1125827815,66910840.0,,,,1000.0
2017-01-17T00:00:00,TSC,2.62,2.55,2.62,2.5679263812606847,2.55,2.6,274930.0,274930.0,0.0,706000000.0,0.0,0.0,0.0,10.0,30000.0,130.0,395950.0,138.0,895630.0,1.1125827815,66910840.0,,,,1000.0
2017-01-18T00:00:00,TSC,2.58,2.47,2.53,2.5047201676742135,2.5,2.55,577310.0,577310.0,0.0,1446000000.0000002,0.0,0.0,0.0,10.0,30000.0,217.0,838800.0,189.0,1705590.0,1.1125827815,66910840.0,,,,1000.0
2017-01-19T00:00:00,TSC,2.54,2.45,2.5,2.4928894094027103,2.5,2.5,179310.0,179310.0,0.0,447000000.0,0.0,0.0,0.0,0.0,0.0,75.0,300350.0,116.0,711110.0,1.1125827815,66910840.0,,,,1000.0
2017-01-20T00:00:00,TSC,2.5,2.33,2.49,2.4580640476363373,2.49,2.5,557420.0,275420.0,282000.0,1382000000.0,705000000.0,4000.0,9920000.0,0.0,0.0,221.0,714860.0,151.0,629510.0,1.1125827815,66906850.0,,,,1000.0
2017-01-23T00:00:00,TSC,2.51,2.45,2.51,2.4817227831103597,2.46,2.49,201070.0,201070.0,0.0,499000000.0,0.0,0.0,0.0,0.0,0.0,119.0,509110.0,107.0,376060.0,1.1125827815,66906860.0,,,,1000.0
2017-01-24T00:00:00,TSC,2.54,2.43,2.46,2.495862653552736,2.51,2.46,743230.0,743230.0,0.0,1855000000.0,0.0,0.0,0.0,0.0,0.0,197.0,2103210.0,182.0,1688040.0,1.1125827815,66906860.0,,,,1000.0
2017-01-25T00:00:00,TSC,2.51,2.4,2.4,2.4457210441834922,2.47,2.51,473480.0,473480.0,0.0,1158000000.0,0.0,0.0,0.0,0.0,0.0,306.0,2468220.0,156.0,1021620.0,1.1125827815,66906860.0,,,,1000.0
2017-02-02T00:00:00,TSC,2.49,2.35,2.45,2.4744308808973936,2.47,2.47,30310.0,30310.0,0.0,75000000.0,0.0,0.0,0.0,0.0,0.0,90.0,180440.0,74.0,515440.0,1.1125827815,66906860.0,,,,1000.0
2017-02-03T00:00:00,TSC,2.5,2.44,2.44,2.4657791111944496,2.5,2.47,426640.0,426640.0,0.0,1052000000.0000001,0.0,0.0,0.0,0.0,0.0,221.0,1365740.0,111.0,804030.0,1.1125827815,66906860.0,,,,1000.0
2017-02-06T00:00:00,TSC,2.5,2.44,2.49,2.4702710873727702,2.5,2.5,793840.0,793840.0,0.0,1960999999.9999998,0.0,0.0,0.0,0.0,0.0,285.0,2206510.0,142.0,1202210.0,1.1125827815,66906860.0,,,,1000.0
2017-02-07T00:00:00,TSC,2.53,2.47,2.5,2.491095426436204,2.48,2.5,457630.0,457630.0,0.0,1140000000.0,0.0,0.0,0.0,560.0,1390000.0,264.0,2154190.0,140.0,822800.0,1.1125827815,66906860.0,,,,1000.0
2017-02-08T00:00:00,TSC,2.54,2.48,2.5,2.5123490345300272,2.52,2.48,423110.0,423110.0,0.0,1062999999.9999999,0.0,0.0,0.0,2000.0,4980000.0,253.0,3207010.0,189.0,993900.0,1.1125827815,66906860.0,,,,1000.0
2017-02-09T00:00:00,TSC,2.53,2.5,2.5,2.518722127170224,2.53,2.52,356530.0,356530.0,0.0,898000000.0,0.0,0.0,0.0,0.0,0.0,246.0,2163520.0,173.0,866120.0,1.1125827815,66906860.0,,,,1000.0
2017-02-10T00:00:00,TSC,2.53,2.49,2.52,2.5099933377748167,2.53,2.53,600400.0,600400.0,0.0,1507000000.0,0.0,300.0,750000.0,0.0,0.0,224.0,2035430.0,144.0,1701530.0,1.1125827815,66907120.0,,,,1000.0
2017-02-13T00:00:00,TSC,2.56,2.49,2.5,2.5246175355307225,2.54,2.53,994210.0,994210.0,0.0,2510000000.0,0.0,0.0,0.0,0.0,0.0,349.0,3032760.0,252.0,2343200.0,1.1125827815,66909120.0,,,,1000.0
2017-02-14T00:00:00,TSC,2.71,2.54,2.55,2.6935119020867977,2.71,2.54,2670120.0,2670120.0,0.0,7192000000.000001,0.0,0.0,0.0,300.0,780000.0,670.0,4042300.0,311.0,2991320.0,1.1125827815,66909120.0,,,,1000.0
2017-02-15T00:00:00,TSC,2.82,2.75,2.76,2.7840823959645506,2.78,2.71,1802030.0,1802030.0,0.0,5017000000.0,0.0,0.0,0.0,200.0,560000.0,427.0,4041320.0,514.0,3748060.0,1.1125827815,66909120.0,,,,1000.0
2017-02-16T00:00:00,TSC,2.79,2.7,2.77,2.75021614722714,2.7,2.78,728670.0,728670.0,0.0,2004000000.0000002,0.0,0.0,0.0,0.0,0.0,306.0,2286700.0,267.0,1845110.0,1.1125827815,66909120.0,,,,1000.0
2017-02-17T00:00:00,TSC,2.66,2.6,2.66,2.6314646749750312,2.65,2.7,1151450.0,1151450.0,0.0,3030000000.0,0.0,0.0,0.0,0.0,0.0,446.0,2148910.0,262.0,2210560.0,1.1125827815,66909420.0,,,,1000.0
2017-02-20T00:00:00,TSC,2.7,2.61,2.62,2.6379968126720432,2.67,2.65,828280.0,828280.0,0.0,2185000000.0,0.0,0.0,0.0,50.0,130000.0,405.0,2514160.0,249.0,1535760.0,1.1125827815,66909620.0,,,,1000.0
2017-02-21T00:00:00,TSC,2.82,2.7,2.71,2.777117502575073,2.79,2.67,1766940.0,1766940.0,0.0,4907000000.0,0.0,0.0,0.0,0.0,0.0,464.0,2752160.0,382.0,2560550.0,1.1125827815,66909620.0,,,,1000.0
2017-02-22T00:00:00,TSC,2.85,2.77,2.83,2.7991592049849268,2.78,2.79,1430430.0,1336830.0,93600.0,4003144000.0,261144000.0,0.0,0.0,0.0,0.0,440.0,2760060.0,380.0,2752220.0,1.1125827815,66909620.0,,,,1000.0
2017-02-23T00:00:00,TSC,2.93,2.72,2.78,2.8117107182241825,2.91,2.78,1405550.0,1405550.0,0.0,3951999999.9999995,0.0,11000.0,30140000.0,0.0,0.0,577.0,3080300.0,403.0,3350930.0,1.1125827815,66898670.0,,,,1000.0
2017-02-24T00:00:00,TSC,3.11,2.9,2.92,3.0241377145790023,3.02,2.91,2731710.0,2708210.0,23500.0,8263085000.0,73085000.0,0.0,0.0,0.0,0.0,581.0,4097590.0,551.0,4316810.0,1.1125827815,66898670.0,,,,1000.0
2017-02-27T00:00:00,TSC,3.09,2.92,3.05,3.0303030303030303,3.01,3.02,1523940.0,1523940.0,0.0,4618000000.0,0.0,400.0,1220000.0,0.0,0.0,552.0,2687110.0,483.0,3724750.0,1.1125827815,66898270.0,,,,1000.0
2017-02-28T00:00:00,TSC,3.06,2.98,3.02,3.011516412155649,3.01,3.01,985550.0,985550.0,0.0,2968000000.0,0.0,0.0,0.0,0.0,0.0,474.0,1474150.0,306.0,1878520.0,1.1125827815,66898270.0,,,,1000.0
2017-03-01T00:00:00,TSC,3.01,2.8,3.0,2.8687553444669955,2.8,3.01,1941260.0,1941260.0,0.0,5569000000.0,0.0,0.0,0.0,0.0,0.0,798.0,2403560.0,402.0,3763290.0,1.1125827815,66898270.0,,,,1000.0
2017-03-02T00:00:00,TSC,2.85,2.72,2.79,2.7760204707904106,2.79,2.8,1059070.0,1059070.0,0.0,2940000000.0,0.0,500.0,1400000.0,40370.0,112150000.0,491.0,2420060.0,425.0,2245000.0,1.1125827815,66897770.0,,,,1000.0
2017-03-03T00:00:00,TSC,2.83,2.76,2.79,2.785537985841764,2.8,2.79,1106070.0,1106070.0,0.0,3081000000.0,0.0,0.0,0.0,0.0,0.0,373.0,2244750.0,230.0,1587260.0,1.1125827815,66897770.0,,,,1000.0
2017-03-06T00:00:00,TSC,2.91,2.77,2.79,2.857684139155059,2.84,2.8,1002910.0,1002910.0,0.0,2866000000.0,0.0,40300.0,116390000.0,176000.0,503900000.0,361.0,2024660.0,392.0,2407710.0,1.1125827815,66857470.0,,,,1000.0
2017-03-07T00:00:00,TSC,2.95,2.85,2.85,2.9176980651209115,2.9,2.84,2048190.0,2048190.0,0.0,5976000000.0,0.0,800.0,2340000.0,190000.0,554200000.0,492.0,3160970.0,510.0,3477060.0,1.1125827815,66897040.0,,,,1000.0
2017-03-08T00:00:00,TSC,2.98,2.84,2.98,2.918535166300843,2.84,2.9,952190.0,952190.0,0.0,2779000000.0,0.0,200.0,580000.0,165370.0,479620000.0,329.0,1805750.0,384.0,2786630.0,1.1125827815,66896840.0,,,,1000.0
2017-03-09T00:00:00,TSC,2.87,2.76,2.83,2.8071537688951156,2.76,2.84,1184830.0,1184830.0,0.0,3326000000.0,0.0,200.0,560000.0,300360.0,842690000.0,626.0,2400820.0,306.0,2309700.0,1.1125827815,67072640.0,,,,1000.0
2017-03-10T00:00:00,TSC,2.81,2.73,2.76,2.7553444180522564,2.74,2.76,989350.0,989350.0,0.0,2726000000.0,0.0,1000.0,2740000.0,6470.0,17730000.0,416.0,1806750.0,304.0,2247400.0,1.1125827815,67261640.0,,,,1000.0
2017-03-13T00:00:00,TSC,2.79,2.7,2.74,2.718937299056641,2.72,2.74,755810.0,755810.0,0.0,2055000000.0,0.0,0.0,0.0,99600.0,270510000.0,305.0,1410800.0,206.0,1326610.0,1.1125827815,67427010.0,,,,1000.0
2017-03-14T00:00:00,TSC,2.78,2.72,2.72,2.74189364461738,2.76,2.72,385500.0,385500.0,0.0,1057000000.0000001,0.0,0.0,0.0,54230.0,148960000.0,251.0,940970.0,171.0,751630.0,1.1125827815,67727370.0,,,,1000.0
2017-03-15T00:00:00,TSC,2.8,2.72,2.73,2.745695086098278,2.73,2.76,190480.0,190480.0,0.0,523000000.0,0.0,0.0,0.0,25970.0,71090000.0,152.0,448350.0,223.0,1037270.0,1.1125827815,67733840.0,,,,1000.0
2017-03-16T00:00:00,TSC,2.75,2.72,2.73,2.7314636957356897,2.74,2.73,260300.0,260300.0,0.0,711000000.0,0.0,0.0,0.0,0.0,0.0,195.0,570840.0,156.0,949040.0,1.1125827815,67833440.0,,,,1000.0
2017-03-17T00:00:00,TSC,2.79,2.72,2.75,2.7442440643565402,2.74,2.74,472990.0,472990.0,0.0,1298000000.0,0.0,0.0,0.0,0.0,0.0,204.0,1135640.0,211.0,1214680.0,1.1125827815,67887670.0,,,,1000.0
2017-03-20T00:00:00,TSC,2.79,2.73,2.75,2.7524435291425586,2.73,2.74,305910.0,305910.0,0.0,842000000.0,0.0,0.0,0.0,0.0,0.0,150.0,650360.0,177.0,1308090.0,1.1125827815,67913640.0,,,,1000.0
2017-03-21T00:00:00,TSC,2.75,2.71,2.73,2.7228730381292685,2.71,2.73,763270.0,663270.0,100000.0,2079000000.0,273000000.0,0.0,0.0,63000.0,171520000.0,295.0,988050.0,189.0,1348290.0,1.1125827815,67913640.0,,,,1000.0
2017-03-22T00:00:00,TSC,2.73,2.61,2.73,2.689300274009223,2.61,2.71,748150.0,748150.0,0.0,2012000000.0,0.0,0.0,0.0,146530.0,392030000.0,312.0,1151010.0,212.0,1640990.0,1.1125827815,67913640.0,,,,1000.0
2017-03-23T00:00:00,TSC,2.75,2.61,2.61,2.6886637984574904,2.7,2.61,885570.0,885570.0,0.0,2381000000.0,0.0,161550.0,436120000.0,40.0,110000.0,397.0,4777330.0,283.0,2045410.0,1.1125827815,67752090.0,,,,1000.0
2017-03-24T00:00:00,TSC,2.73,2.67,2.71,2.6888981231387215,2.69,2.7,577560.0,577560.0,0.0,1553000000.0,0.0,0.0,0.0,97000.0,260310000.0,295.0,1846490.0,229.0,1433040.0,1.1125827815,67815090.0,,,,1000.0
2017-03-27T00:00:00,TSC,2.73,2.67,2.67,2.7051940709422087,2.71,2.69,813620.0,813620.0,0.0,2201000000.0,0.0,0.0,0.0,0.0,0.0,298.0,2342710.0,281.0,1667090.0,1.1125827815,67961620.0,,,,1000.0
2017-03-28T00:00:00,TSC,2.89,2.72,2.72,2.8544135444118854,2.89,2.71,3255660.0,3255660.0,0.0,9293000000.0,0.0,900.0,2600000.0,0.0,0.0,579.0,5005840.0,486.0,3637270.0,1.1125827815,67960760.0,,,,1000.0
2017-03-29T00:00:00,TSC,2.94,2.81,2.94,2.8807233349103716,2.85,2.89,951150.0,951150.0,0.0,2740000000.0,0.0,100.0,290000.0,85000.0,243050000.0,430.0,1733850.0,471.0,3520750.0,1.1125827815,68057660.0,,,,1000.0
2017-03-30T00:00:00,TSC,2.88,2.84,2.86,2.8546021917943567,2.86,2.85,1214530.0,1214530.0,0.0,3467000000.0,0.0,0.0,0.0,0.0,0.0,319.0,1935830.0,319.0,2802650.0,1.1125827815,68057660.0,,,,1000.0
2017-03-31T00:00:00,TSC,2.87,2.78,2.86,2.80843825688243,2.78,2.86,1081740.0,1081740.0,0.0,3038000000.0,0.0,10000.0,28140000.0,0.0,0.0,411.0,1858030.0,244.0,2935640.0,1.1125827815,68047660.0,,,,1000.0
2017-04-03T00:00:00,TSC,2.97,2.77,2.78,2.9255457078985367,2.97,2.78,3663590.0,3663590.0,0.0,10718000000.0,0.0,1000.0,2970000.0,0.0,0.0,514.0,6509080.0,572.0,5247820.0,1.1125827815,68131660.0,,,,1000.0
2017-04-04T00:00:00,TSC,3.09,2.8,3.0,2.9916897506925206,2.8,2.97,1480100.0,1480100.0,0.0,4428000000.0,0.0,2000.0,5950000.0,0.0,0.0,474.0,2006070.0,538.0,3625340.0,1.1125827815,68129660.0,,,,1000.0
2017-04-05T00:00:00,TSC,2.93,2.82,2.82,2.892624674001777,2.86,2.8,1384210.0,1384210.0,0.0,4004000000.0,0.0,0.0,0.0,0.0,0.0,387.0,2377750.0,396.0,2433400.0,1.1125827815,68129660.0,,,,1000.0
2017-04-07T00:00:00,TSC,2.95,2.84,2.86,2.892551041124185,2.95,2.86,1284910.0,1132910.0,152000.0,3681320000.0000005,404320000.0,4000.0,11440000.0,0.0,0.0,315.0,1783550.0,358.0,2325910.0,1.1125827815,68125660.0,,,,1000.0
2017-04-10T00:00:00,TSC,3.04,2.93,3.02,2.984130954366072,2.95,2.95,1439280.0,1439280.0,0.0,4295000000.0,0.0,0.0,0.0,0.0,0.0,334.0,1807510.0,531.0,3480530.0,1.1125827815,68125660.0,,,,1000.0
2017-04-11T00:00:00,TSC,3.0,2.9,2.93,2.949979440986068,2.93,2.95,1045770.0,1045770.0,0.0,3085000000.0,0.0,0.0,0.0,0.0,0.0,277.0,1701060.0,445.0,3126390.0,1.1125827815,68125660.0,,,,1000.0
2017-04-12T00:00:00,TSC,2.93,2.83,2.92,2.8777487096089938,2.84,2.93,1131440.0,1131440.0,0.0,3256000000.0,0.0,0.0,0.0,0.0,0.0,342.0,1675130.0,289.0,2641870.0,1.1125827815,68125660.0,,,,1000.0
2017-04-13T00:00:00,TSC,2.85,2.79,2.84,2.8109257474439353,2.8,2.84,1006430.0,1006430.0,0.0,2829000000.0,0.0,0.0,0.0,0.0,0.0,214.0,1503640.0,298.0,3446580.0,1.1125827815,68125660.0,,,,1000.0
2017-04-14T00:00:00,TSC,2.8,2.66,2.79,2.7202643171806167,2.71,2.8,1089600.0,1089600.0,0.0,2964000000.0,0.0,0.0,0.0,0.0,0.0,441.0,2327870.0,255.0,1793540.0,1.1125827815,68125660.0,,,,1000.0
2017-04-17T00:00:00,TSC,2.81,2.7,2.78,2.7702274168705263,2.72,2.71,441480.0,441480.0,0.0,1223000000.0,0.0,0.0,0.0,0.0,0.0,198.0,622110.0,217.0,989620.0,1.1125827815,68125660.0,,,,1000.0
2017-04-18T00:00:00,TSC,2.76,2.69,2.7,2.7234291083150293,2.72,2.72,787610.0,787610.0,0.0,2145000000.0000002,0.0,0.0,0.0,0.0,0.0,207.0,1612940.0,169.0,1249200.0,1.1125827815,68125660.0,,,,1000.0
2017-04-19T00:00:00,TSC,2.82,2.7,2.72,2.783247500757346,2.8,2.72,528160.0,528160.0,0.0,1470000000.0,0.0,0.0,0.0,0.0,0.0,173.0,769770.0,220.0,1148230.0,1.1125827815,68125660.0,,,,1000.0
2017-04-20T00:00:00,TSC,2.83,2.74,2.83,2.771628138461274,2.79,2.8,582690.0,582690.0,0.0,1615000000.0,0.0,0.0,0.0,0.0,0.0,163.0,741110.0,223.0,1508580.0,1.1125827815,68125660.0,,,,1000.0
2017-04-21T00:00:00,TSC,2.84,2.76,2.77,2.805781610591522,2.8,2.79,493980.0,493980.0,0.0,1386000000.0,0.0,0.0,0.0,0.0,0.0,139.0,758350.0,235.0,1061200.0,1.1125827815,68125660.0,,,,1000.0
2017-04-24T00:00:00,TSC,2.8,2.75,2.75,2.7546369066331344,2.75,2.8,254480.0,254480.0,0.0,701000000.0,0.0,0.0,0.0,0.0,0.0,170.0,503300.0,127.0,922830.0,1.1125827815,68125660.0,,,,1000.0
2017-04-25T00:00:00,TSC,2.81,2.75,2.75,2.7898205629730417,2.81,2.75,470360.0,470360.0,0.0,1312220000.0,0.0,0.0,0.0,0.0,0.0,122.0,720140.0,189.0,862050.0,1.1125827815,68125660.0,,,,1000.0
2017-04-26T00:00:00,TSC,2.82,2.67,2.8,2.7148256214676283,2.68,2.81,870520.0,870520.0,0.0,2363310000.0,0.0,0.0,0.0,0.0,0.0,366.0,2172330.0,205.0,4866350.0,1.1125827815,68125660.0,,,,1000.0
2017-04-27T00:00:00,TSC,2.77,2.7,2.72,2.7400257075887793,2.75,2.68,396770.0,396770.0,0.0,1087160000.0,0.0,5000.0,13750000.0,0.0,0.0,231.0,764240.0,140.0,873910.0,1.1125827815,68120660.0,,,,1000.0
2017-04-28T00:00:00,TSC,2.82,2.7,2.75,2.7757167559462625,2.79,2.75,826990.0,826990.0,0.0,2295490000.0,0.0,0.0,0.0,0.0,0.0,228.0,1193860.0,269.0,2119910.0,1.1125827815,68120660.0,,,,1000.0
2017-05-03T00:00:00,TSC,2.98,2.78,2.79,2.9523323138701465,2.98,2.79,3426640.0,3426640.0,0.0,10116580000.0,0.0,0.0,0.0,0.0,0.0,373.0,4552760.0,430.0,3661950.0,1.1125827815,68120660.0,,,,1000.0
2017-05-04T00:00:00,TSC,3.18,2.99,2.99,3.111960739557179,3.18,2.98,2803840.0,2803840.0,0.0,8725440000.0,0.0,0.0,0.0,10400.0,31950000.0,408.0,6201450.0,489.0,3288740.0,1.1125827815,68120660.0,,,,1000.0
2017-05-05T00:00:00,TSC,3.4,3.18,3.29,3.358296548956661,3.4,3.18,3787840.0,3787840.0,0.0,12720690000.0,0.0,0.0,0.0,436650.0,1451870000.0,577.0,7669300.0,588.0,4669170.0,1.1125827815,68120660.0,,,,1000.0
2017-05-08T00:00:00,TSC,3.63,3.4,3.4,3.5080718095221997,3.61,3.4,2366260.0,2366260.0,0.0,8301010000.0,0.0,0.0,0.0,10000.0,36000000.0,466.0,6027650.0,511.0,4093450.0,1.1125827815,68120660.0,,,,1000.0
2017-05-09T00:00:00,TSC,3.85,3.65,3.65,3.7780958510648515,3.85,3.61,2081980.0,2081980.0,0.0,7865920000.0,0.0,0.0,0.0,11000.0,41760000.0,476.0,4748160.0,392.0,3468880.0,1.1125827815,68131060.0,,,,1000.0
2017-05-10T00:00:00,TSC,3.86,3.59,3.86,3.7482911685965608,3.76,3.85,4915640.0,4915640.0,0.0,18425250000.0,0.0,0.0,0.0,0.0,0.0,667.0,11891990.0,729.0,7940750.0,1.1125827815,68567710.0,,,,1000.0
2017-05-11T00:00:00,TSC,3.79,3.5,3.79,3.573837248816293,3.6,3.76,3531280.0,3531280.0,0.0,12620220000.0,0.0,0.0,0.0,0.0,0.0,659.0,5458610.0,638.0,5657410.0,1.1125827815,68577710.0,,,,1000.0
2017-05-12T00:00:00,TSC,3.75,3.52,3.75,3.62150390071451,3.52,3.6,670390.0,670390.0,0.0,2427820000.0,0.0,0.0,0.0,0.0,0.0,285.0,1191030.0,325.0,2367670.0,1.1125827815,68588710.0,,,,1000.0
2017-05-15T00:00:00,TSC,3.65,3.43,3.5,3.5116544288584186,3.65,3.52,1139910.0,1139910.0,0.0,4002970000.0,0.0,0.0,0.0,1000.0,3640000.0,447.0,2249410.0,292.0,2006140.0,1.1125827815,68588710.0,,,,1000.0
2017-05-16T00:00:00,TSC,3.71,3.59,3.66,3.659209775357641,3.65,3.65,1068810.0,1068810.0,0.0,3911000000.0,0.0,500.0,1810000.0,3000.0,11010000.0,306.0,2543030.0,314.0,3208110.0,1.1125827815,68588210.0,,,,1000.0
2017-05-17T00:00:00,TSC,3.66,3.51,3.66,3.592936382159837,3.6,3.65,441700.0,441700.0,0.0,1587000000.0,0.0,400.0,1420000.0,0.0,0.0,215.0,1254490.0,233.0,2427300.0,1.1125827815,68587810.0,,,,1000.0
2017-05-18T00:00:00,TSC,3.6,3.51,3.6,3.5543022829740796,3.58,3.6,627690.0,627690.0,0.0,2231000000.0,0.0,0.0,0.0,0.0,0.0,259.0,1556880.0,244.0,2591890.0,1.1125827815,68588810.0,,,,1000.0
2017-05-19T00:00:00,TSC,3.58,3.52,3.58,3.527067909585065,3.52,3.58,406570.0,406570.0,0.0,1434000000.0,0.0,300.0,1060000.0,0.0,0.0,182.0,999360.0,212.0,1823610.0,1.1125827815,68591510.0,,,,1000.0
2017-05-22T00:00:00,TSC,3.56,3.52,3.53,3.5403620008433148,3.55,3.52,640330.0,640330.0,0.0,2267000000.0,0.0,0.0,0.0,0.0,0.0,179.0,1220610.0,171.0,1657930.0,1.1125827815,68591510.0,,,,1000.0
2017-05-23T00:00:00,TSC,3.57,3.52,3.56,3.5530026828093826,3.55,3.55,290740.0,290740.0,0.0,1033000000.0,0.0,0.0,0.0,0.0,0.0,112.0,831390.0,160.0,1464210.0,1.1125827815,68591510.0,,,,1000.0
2017-05-24T00:00:00,TSC,3.56,3.51,3.56,3.537378597522944,3.51,3.55,224460.0,224460.0,0.0,794000000.0,0.0,900.0,3190000.0,0.0,0.0,115.0,393230.0,130.0,1497930.0,1.1125827815,68590610.0,,,,1000.0
2017-05-25T00:00:00,TSC,3.52,3.4,3.52,3.4525042561043846,3.47,3.51,839970.0,839970.0,0.0,2900000000.0,0.0,300.0,1040000.0,0.0,0.0,252.0,1555120.0,180.0,2080390.0,1.1125827815,68590310.0,,,,1000.0
2017-05-26T00:00:00,TSC,3.47,3.35,3.47,3.3957257139912658,3.4,3.47,776270.0,776270.0,0.0,2636000000.0,0.0,300.0,1020000.0,0.0,0.0,219.0,1570340.0,120.0,1206610.0,1.1125827815,68590010.0,,,,1000.0
2017-05-29T00:00:00,TSC,3.63,3.39,3.41,3.6064499650182684,3.63,3.4,1800940.0,1800940.0,0.0,6495000000.0,0.0,3000.0,10890000.0,200.0,700000.0,421.0,3443610.0,244.0,1884600.0,1.1125827815,68587010.0,,,,1000.0
2017-05-30T00:00:00,TSC,3.85,3.55,3.8,3.7079862672462403,3.64,3.63,2802060.0,2802060.0,0.0,10390000000.0,0.0,600.0,2170000.0,1000.0,3660000.0,412.0,5932070.0,453.0,5776710.0,1.1125827815,68586410.0,,,,1000.0
2017-05-31T00:00:00,TSC,3.66,3.59,3.64,3.632811642557675,3.64,3.64,455570.0,455570.0,0.0,1655000000.0,0.0,0.0,0.0,600.0,2180000.0,130.0,1022700.0,230.0,2287210.0,1.1125827815,68586410.0,,,,1000.0
2017-06-01T00:00:00,TSC,3.71,3.64,3.66,3.670999213895739,3.67,3.64,928630.0,928630.0,0.0,3409000000.0,0.0,22300.0,82070000.0,0.0,0.0,168.0,2011830.0,283.0,2372550.0,1.1125827815,68564310.0,,,,1000.0
2017-06-02T00:00:00,TSC,3.69,3.57,3.69,3.6156798245614037,3.61,3.67,364800.0,364800.0,0.0,1319000000.0,0.0,600.0,2160000.0,0.0,0.0,163.0,760270.0,239.0,1570220.0,1.1125827815,68564710.0,,,,1000.0
2017-06-05T00:00:00,TSC,3.62,3.53,3.62,3.576180630898037,3.56,3.61,488510.0,488510.0,0.0,1747000000.0,0.0,0.0,0.0,0.0,0.0,133.0,1212120.0,154.0,1482230.0,1.1125827815,68565310.0,,,,1000.0
2017-06-06T00:00:00,TSC,3.59,3.5,3.59,3.5396590066716085,3.51,3.56,539600.0,539600.0,0.0,1910000000.0,0.0,300.0,1060000.0,0.0,0.0,166.0,769470.0,139.0,1108700.0,1.1125827815,68565010.0,,,,1000.0
2017-06-07T00:00:00,TSC,3.55,3.49,3.5,3.5121708892200694,3.49,3.51,603900.0,603900.0,0.0,2121000000.0,0.0,0.0,0.0,0.0,0.0,196.0,1040160.0,107.0,869310.0,1.1125827815,68565010.0,,,,1000.0
2017-06-08T00:00:00,TSC,3.58,3.51,3.52,3.5503093158660843,3.54,3.49,439680.0,439680.0,0.0,1561000000.0,0.0,0.0,0.0,0.0,0.0,138.0,696100.0,154.0,1489910.0,1.1125827815,68565010.0,,,,1000.0
2017-06-09T00:00:00,TSC,3.6,3.54,3.55,3.582561420614871,3.6,3.54,676890.0,676890.0,0.0,2425000000.0,0.0,0.0,0.0,0.0,0.0,161.0,1642760.0,167.0,1308350.0,1.1125827815,68565010.0,,,,1000.0
2017-06-12T00:00:00,TSC,3.64,3.56,3.61,3.5889383792097926,3.56,3.6,312070.0,312070.0,0.0,1120000000.0,0.0,0.0,0.0,0.0,0.0,85.0,492150.0,136.0,1502350.0,1.1125827815,68565010.0,,,,1000.0
2017-06-13T00:00:00,TSC,3.56,3.51,3.56,3.533262089233235,3.54,3.56,149720.0,149720.0,0.0,529000000.0,0.0,300.0,1060000.0,16400.0,58380000.0,99.0,228920.0,93.0,833830.0,1.1125827815,68564710.0,,,,1000.0
2017-06-14T00:00:00,TSC,3.6,3.52,3.6,3.5303890350269973,3.52,3.54,144460.0,144460.0,0.0,510000000.0,0.0,300.0,1060000.0,4000.0,14120000.0,92.0,472950.0,123.0,522960.0,1.1125827815,68564410.0,,,,1000.0
2017-06-15T00:00:00,TSC,3.58,3.48,3.58,3.506257428511501,3.52,3.52,286060.0,286060.0,0.0,1003000000.0,0.0,0.0,0.0,0.0,0.0,119.0,521220.0,122.0,913560.0,1.1125827815,68564410.0,,,,1000.0
2017-06-16T00:00:00,TSC,3.56,3.48,3.52,3.502671101703457,3.49,3.52,198420.0,198420.0,0.0,695000000.0,0.0,600.0,2090000.0,0.0,0.0,83.0,361990.0,115.0,753450.0,1.1125827815,68580210.0,,,,1000.0
2017-06-19T00:00:00,TSC,3.51,3.46,3.5,3.4846424264196454,3.49,3.49,389710.0,389710.0,0.0,1358000000.0,0.0,0.0,0.0,0.0,0.0,133.0,580350.0,99.0,1075790.0,1.1125827815,68584210.0,,,,1000.0
2017-06-20T00:00:00,TSC,3.62,3.45,3.5,3.5522931302676928,3.6,3.49,983590.0,983590.0,0.0,3494000000.0,0.0,300.0,1040000.0,5900.0,20650000.0,219.0,2693630.0,196.0,2133940.0,1.1125827815,68583910.0,,,,1000.0
2017-06-21T00:00:00,TSC,3.61,3.52,3.61,3.5781628804884615,3.54,3.6,445480.0,445480.0,0.0,1594000000.0,0.0,0.0,0.0,0.0,0.0,133.0,1107830.0,223.0,2062710.0,1.1125827815,68583910.0,,,,1000.0
2017-06-22T00:00:00,TSC,3.57,3.51,3.55,3.5433070866141736,3.54,3.54,292100.0,292100.0,0.0,1035000000.0,0.0,0.0,0.0,0.0,0.0,107.0,424210.0,141.0,1401830.0,1.1125827815,68583910.0,,,,1000.0
2017-06-23T00:00:00,TSC,3.6,3.49,3.55,3.5719707142773736,3.6,3.54,856390.0,856390.0,0.0,3059000000.0,0.0,0.0,0.0,0.0,0.0,155.0,1587850.0,124.0,1526880.0,1.1125827815,68589810.0,,,,1000.0
2017-06-26T00:00:00,TSC,3.61,3.57,3.61,3.5827614198214155,3.59,3.6,271020.0,271020.0,0.0,971000000.0,0.0,300.0,1070000.0,0.0,0.0,94.0,426940.0,172.0,1718920.0,1.1125827815,68589510.0,,,,1000.0
2017-06-27T00:00:00,TSC,3.83,3.55,3.55,3.720548725681364,3.81,3.59,4071980.0,4071980.0,0.0,15150000000.0,0.0,0.0,0.0,0.0,0.0,691.0,13477920.0,591.0,6561350.0,1.1125827815,68589510.0,,,,1000.0
2017-06-28T00:00:00,TSC,4.05,3.72,3.8,3.85725800058138,4.05,3.81,3027280.0,3027280.0,0.0,11677000000.0,0.0,6100.0,23920000.0,3000.0,12150000.0,605.0,18007010.0,430.0,5257910.0,1.1125827815,68583410.0,,,,1000.0
2017-06-29T00:00:00,TSC,4.33,4.05,4.05,4.30946152052588,4.33,4.05,4674830.0,4674830.0,0.0,20146000000.0,0.0,1500.0,6500000.0,0.0,0.0,679.0,16805340.0,254.0,5944810.0,1.1125827815,68581910.0,,,,1000.0
2017-06-30T00:00:00,TSC,4.49,4.05,4.38,4.351519319058447,4.31,4.33,3461090.0,3461090.0,0.0,15061000000.0,0.0,0.0,0.0,0.0,0.0,695.0,9041310.0,637.0,7391850.0,1.1125827815,68581910.0,,,,1000.0
2017-07-03T00:00:00,TSC,4.32,4.1,4.32,4.200660778099926,4.25,4.31,1038170.0,1038170.0,0.0,4361000000.0,0.0,8200.0,34110000.0,0.0,0.0,355.0,2532590.0,289.0,3233470.0,1.1125827815,68576710.0,,,,1000.0
2017-07-04T00:00:00,TSC,4.27,4.13,4.25,4.176215254374377,4.13,4.25,741820.0,741820.0,0.0,3098000000.0,0.0,0.0,0.0,0.0,0.0,277.0,1696200.0,258.0,1737340.0,1.1125827815,68576710.0,,,,1000.0
2017-07-05T00:00:00,TSC,4.36,4.1,4.1,4.253539725625413,4.27,4.13,681550.0,681550.0,0.0,2899000000.0,0.0,500.0,2120000.0,0.0,0.0,322.0,1726240.0,262.0,2061470.0,1.1125827815,68576210.0,,,,1000.0
2017-07-06T00:00:00,TSC,4.55,4.23,4.39,4.409982080742068,4.54,4.27,2276880.0,2276880.0,0.0,10041000000.0,0.0,0.0,0.0,0.0,0.0,460.0,11815070.0,341.0,3511400.0,1.1125827815,68576210.0,,,,1000.0
2017-07-07T00:00:00,TSC,4.6,4.25,4.56,4.485586960234001,4.35,4.54,1815370.0,1815370.0,0.0,8143000000.0,0.0,0.0,0.0,0.0,0.0,366.0,2738680.0,342.0,4281170.0,1.1125827815,68576210.0,,,,1000.0
2017-07-10T00:00:00,TSC,4.43,4.26,4.4,4.34145375321846,4.35,4.35,1262250.0,1262250.0,0.0,5480000000.0,0.0,14200.0,61730000.0,0.0,0.0,348.0,2358140.0,252.0,2253240.0,1.1125827815,68562010.0,,,,1000.0
2017-07-11T00:00:00,TSC,4.55,4.3,4.34,4.413513258469378,4.54,4.35,1059700.0,1059700.0,0.0,4677000000.0,0.0,0.0,0.0,0.0,0.0,306.0,2520530.0,242.0,1779970.0,1.1125827815,68562010.0,,,,1000.0
2017-07-12T00:00:00,TSC,4.85,4.56,4.6,4.761244616112702,4.85,4.54,2091890.0,2091890.0,0.0,9960000000.0,0.0,0.0,0.0,800.0,3680000.0,533.0,4811630.0,378.0,2553450.0,1.1125827815,68562010.0,,,,1000.0
2017-07-13T00:00:00,TSC,5.18,4.95,5.0,5.083780644279608,5.13,4.85,2634260.0,2634260.0,0.0,13392000000.0,0.0,11000.0,54960000.0,0.0,0.0,694.0,5280160.0,421.0,4060700.0,1.1125827815,68551010.0,,,,1000.0
2017-07-14T00:00:00,TSC,5.24,5.0,5.05,5.081925888580791,5.09,5.13,1190100.0,1190100.0,0.0,6048000000.0,0.0,1000.0,5010000.0,0.0,0.0,433.0,2962420.0,368.0,2835960.0,1.1125827815,68550010.0,,,,1000.0
2017-07-17T00:00:00,TSC,5.36,4.95,5.02,5.133738277919863,5.08,5.09,1876800.0,1876800.0,0.0,9635000000.0,0.0,0.0,0.0,0.0,0.0,566.0,4495620.0,367.0,3368650.0,1.1125827815,68550810.0,,,,1000.0
2017-07-18T00:00:00,TSC,5.2,4.98,5.0,5.080265931571266,5.2,5.08,1233400.0,1233400.0,0.0,6266000000.0,0.0,0.0,0.0,600.0,3030000.0,391.0,2667200.0,323.0,2093560.0,1.1125827815,68550810.0,,,,1000.0
2017-07-19T00:00:00,TSC,5.56,5.3,5.3,5.48508396071881,5.54,5.2,2478540.0,2478540.0,0.0,13595000000.0,0.0,1000.0,5440000.0,0.0,0.0,554.0,4906680.0,329.0,3431770.0,1.1125827815,68549810.0,,,,1000.0
2017-07-20T00:00:00,TSC,5.54,5.3,5.46,5.413930675386297,5.4,5.54,1125430.0,1125430.0,0.0,6093000000.0,0.0,0.0,0.0,2000.0,11020000.0,353.0,2020640.0,329.0,2925070.0,1.1125827815,68549810.0,,,,1000.0
2017-07-21T00:00:00,TSC,5.41,5.03,5.4,5.182923663250153,5.03,5.4,1925940.0,1925940.0,0.0,9982000000.0,0.0,1500.0,7970000.0,0.0,0.0,499.0,2539430.0,438.0,4543410.0,1.1125827815,68548910.0,,,,1000.0
2017-07-24T00:00:00,TSC,4.79,4.68,4.68,4.691305651655561,4.71,5.03,2734420.0,2734420.0,0.0,12828000000.0,0.0,1500.0,7020000.0,3000.0,14040000.0,403.0,3372790.0,467.0,4024040.0,1.1125827815,68547410.0,,,,1000.0
2017-07-25T00:00:00,TSC,4.83,4.55,4.55,4.688551673499357,4.8,4.71,653720.0,653720.0,0.0,3065000000.0,0.0,0.0,0.0,0.0,0.0,266.0,1929400.0,203.0,1308050.0,1.1125827815,68549410.0,,,,1000.0
2017-07-26T00:00:00,TSC,4.94,4.73,4.8,4.8614068546669875,4.81,4.8,1080140.0,1080140.0,0.0,5251000000.0,0.0,0.0,0.0,0.0,0.0,312.0,2560430.0,233.0,1971730.0,1.1125827815,68549410.0,,,,1000.0
2017-07-27T00:00:00,TSC,5.1,4.8,4.8,4.942313262757486,5.0,4.81,3659420.0,3659420.0,0.0,18086000000.0,0.0,200.0,980000.0,0.0,0.0,665.0,5814170.0,411.0,4872660.0,1.1125827815,68552210.0,,,,1000.0
2017-07-28T00:00:00,TSC,5.06,4.97,5.0,5.016519074931804,5.06,5.0,1250070.0,1250070.0,0.0,6271000000.0,0.0,0.0,0.0,0.0,0.0,254.0,1860020.0,265.0,1851900.0,1.1125827815,68552210.0,,,,1000.0
2017-07-31T00:00:00,TSC,5.31,5.0,5.02,5.157693011190742,5.19,5.06,1202780.0,1113020.0,89760.0,6203570000.0,0.0,1200.0,6030000.0,0.0,0.0,407.0,2446550.0,321.0,2258000.0,1.1125827815,68551010.0,,,,1000.0
2017-08-01T00:00:00,TSC,5.19,4.85,5.19,5.074562429170189,5.07,5.19,1111820.0,1111820.0,0.0,5642000000.0,0.0,1800.0,9170000.0,0.0,0.0,337.0,2124820.0,322.0,2038870.0,1.1125827815,68549210.0,,,,1000.0
2017-08-02T00:00:00,TSC,5.08,4.85,5.07,5.023660010118747,5.0,5.07,672020.0,672020.0,0.0,3376000000.0,0.0,200.0,980000.0,0.0,0.0,295.0,1688340.0,298.0,1688390.0,1.1125827815,68549010.0,,,,1000.0
2017-08-03T00:00:00,TSC,5.35,5.0,5.0,5.287538555751334,5.35,5.0,2661730.0,2661730.0,0.0,14074000000.0,0.0,600.0,3000000.0,0.0,0.0,595.0,7304940.0,283.0,2979420.0,1.1125827815,68548410.0,,,,1000.0
2017-08-04T00:00:00,TSC,5.72,5.7,5.72,5.719935057814816,5.72,5.35,2907130.0,2827130.0,80000.0,16569400000.0,398400000.0,5700.0,32600000.0,0.0,0.0,738.0,14314180.0,180.0,2847130.0,1.1125827815,68542710.0,,,,1000.0
2017-08-07T00:00:00,TSC,6.12,6.12,6.12,6.12,6.12,5.72,558680.0,478680.0,80000.0,3327921600.0,398400000.0,0.0,0.0,0.0,0.0,964.0,11401000.0,60.0,478680.0,1.1125827815,68542710.0,,,,1000.0
2017-08-08T00:00:00,TSC,6.54,6.54,6.54,6.54,6.54,6.12,427870.0,347870.0,80000.0,2673469800.0,398400000.0,0.0,0.0,0.0,0.0,1041.0,13307390.0,59.0,347870.0,1.1125827815,68542710.0,,,,1000.0
2017-08-09T00:00:00,TSC,6.99,6.34,6.99,6.953417903203112,6.99,6.54,14933990.0,14853990.0,80000.0,103684400000.0,398400000.0,255800.0,1785140000.0,28100.0,196420000.0,2628.0,38117170.0,819.0,16613810.0,1.1125827815,68286910.0,,,,1000.0
2017-08-10T00:00:00,TSC,7.47,7.0,7.47,7.46210581836733,7.47,6.99,5862550.0,5782550.0,80000.0,43548400000.0,398400000.0,2000.0,14940000.0,0.0,0.0,1330.0,17618540.0,297.0,6102320.0,1.1125827815,68284910.0,,,,1000.0
2017-08-11T00:00:00,TSC,7.7,6.95,7.69,7.4100468548893295,6.95,7.47,7966050.0,7886050.0,80000.0,58834400000.0,398400000.0,100.0,700000.0,2060.0,15760000.0,1581.0,13923070.0,1204.0,20618430.0,1.1125827815,68284810.0,,,,1000.0
2017-08-14T00:00:00,TSC,6.55,6.47,6.47,6.470495137628768,6.47,6.95,12963320.0,12763320.0,200000.0,84071000000.0,1486000000.0,10000.0,64700000.0,121490.0,786040000.0,1980.0,12843920.0,1155.0,24337780.0,1.1125827815,68302910.0,,,,1000.0
2017-08-15T00:00:00,TSC,6.7,6.02,6.5,6.262077939734116,6.02,6.47,6378620.0,6178620.0,200000.0,40177000000.0,1486000000.0,0.0,0.0,0.0,0.0,1903.0,10833150.0,948.0,11228170.0,1.1125827815,68302910.0,,,,1000.0
2017-08-16T00:00:00,TSC,6.03,5.6,5.82,5.659179630552172,5.6,6.02,6201930.0,6001930.0,200000.0,35452000000.0,1486000000.0,300.0,1680000.0,102700.0,579510000.0,1072.0,7528110.0,810.0,12119700.0,1.1125827815,68304670.0,,,,1000.0
2017-08-17T00:00:00,TSC,5.5,5.21,5.5,5.274087950348168,5.21,5.6,4427840.0,4227840.0,200000.0,23784000000.0,1486000000.0,51450.0,270070000.0,60000.0,313200000.0,863.0,5470230.0,1002.0,14276820.0,1.1125827815,68374710.0,,,,1000.0
2017-08-18T00:00:00,TSC,5.39,4.85,4.85,4.959603322240881,5.3,5.21,6387390.0,6187390.0,200000.0,32173000000.0,1486000000.0,700.0,3400000.0,20000.0,97000000.0,1675.0,9712150.0,1384.0,15898860.0,1.1125827815,68374010.0,,,,1000.0
2017-08-21T00:00:00,TSC,5.34,4.93,5.34,5.069747257688406,4.93,5.3,4025240.0,3825240.0,200000.0,20879000000.0,1486000000.0,1000.0,5010000.0,0.0,0.0,1141.0,5045770.0,929.0,6940650.0,1.1125827815,68475710.0,,,,1000.0
2017-08-22T00:00:00,TSC,4.93,4.6,4.85,4.716445712123638,4.6,4.93,2768680.0,2748680.0,20000.0,13069400000.0,105400000.0,50200.0,240970000.0,50150.0,241230000.0,1250.0,4698630.0,688.0,4323260.0,1.1125827815,68485510.0,,,,1000.0
2017-08-23T00:00:00,TSC,4.7,4.28,4.45,4.38547381040462,4.36,4.6,5074870.0,5054870.0,20000.0,22273400000.0,105400000.0,150000.0,669500000.0,2200100.0,9672090000.0,1749.0,7340120.0,905.0,7489960.0,1.1125827815,68355510.0,,,,1000.0
2017-08-24T00:00:00,TSC,4.66,4.36,4.36,4.6156692638200765,4.66,4.36,2712150.0,2432150.0,280000.0,12506800000.0,1280800000.0,0.0,0.0,1000000.0,4603680000.0,909.0,8024600.0,342.0,2619520.0,1.1125827815,68355510.0,,,,1000.0
2017-08-25T00:00:00,TSC,4.98,4.8,4.98,4.979124994965835,4.98,4.66,2254730.0,2234730.0,20000.0,11213800000.0,86800000.0,3000.0,14940000.0,0.0,0.0,918.0,8662800.0,298.0,2239030.0,1.1125827815,68402660.0,,,,1000.0
2017-08-28T00:00:00,TSC,5.32,5.0,5.32,5.220038879258303,5.0,4.98,7242360.0,7222360.0,20000.0,37787800000.0,86800000.0,1200.0,6090000.0,0.0,0.0,1664.0,10786740.0,1367.0,11545500.0,1.1125827815,70601560.0,,,,1000.0
2017-08-29T00:00:00,TSC,4.96,4.7,4.9,4.830192893613606,4.81,5.0,2885310.0,2865310.0,20000.0,13926800000.0,86800000.0,0.0,0.0,0.0,0.0,1216.0,4944260.0,725.0,5367740.0,1.1125827815,71601560.0,,,,1000.0
2017-08-30T00:00:00,TSC,5.11,4.81,4.81,4.913390888034312,4.82,4.81,1824660.0,1804660.0,20000.0,8953800000.0,86800000.0,0.0,0.0,0.0,0.0,881.0,3306220.0,586.0,3574760.0,1.1125827815,71601560.0,,,,1000.0
2017-08-31T00:00:00,TSC,4.92,4.75,4.8,4.814681240636964,4.75,4.82,1461840.0,1441840.0,20000.0,7028800000.0,86800000.0,0.0,0.0,0.0,0.0,610.0,2316240.0,541.0,3194810.0,1.1125827815,71601560.0,,,,1000.0
2017-09-01T00:00:00,TSC,4.8,4.66,4.8,4.713201003417681,4.75,4.75,1207940.0,1187940.0,20000.0,5685800000.0,86800000.0,20000.0,94200000.0,0.0,0.0,687.0,2560410.0,408.0,2302910.0,1.1125827815,71581560.0,,,,1000.0
2017-09-05T00:00:00,TSC,4.78,4.6,4.75,4.7037208088191,4.6,4.75,1016020.0,996020.0,20000.0,4771800000.0,86800000.0,12800.0,60590000.0,0.0,0.0,538.0,1468270.0,376.0,1737800.0,1.1125827815,71568760.0,,,,1000.0
2017-09-06T00:00:00,TSC,4.7,4.45,4.6,4.544308478450883,4.7,4.6,1209840.0,1189840.0,20000.0,5493800000.0,86800000.0,0.0,0.0,0.0,0.0,677.0,2212570.0,439.0,2368100.0,1.1125827815,71568760.0,,,,1000.0
2017-09-07T00:00:00,TSC,4.86,4.65,4.7,4.759721829371776,4.74,4.7,1045270.0,1025270.0,20000.0,4966800000.0,86800000.0,0.0,0.0,12280.0,59680000.0,452.0,1843100.0,552.0,2350570.0,1.1125827815,71568760.0,,,,1000.0
2017-09-08T00:00:00,TSC,4.78,4.7,4.75,4.7333739061090006,4.72,4.74,973020.0,953020.0,20000.0,4597800000.0,86800000.0,0.0,0.0,7720.0,36590000.0,378.0,1607530.0,409.0,2055740.0,1.1125827815,71568760.0,,,,1000.0
2017-09-11T00:00:00,TSC,4.72,4.5,4.72,4.590293853886421,4.5,4.72,978980.0,958980.0,20000.0,4488800000.0,86800000.0,0.0,0.0,0.0,0.0,556.0,1529560.0,385.0,2023230.0,1.1125827815,71568760.0,,,,1000.0
2017-09-12T00:00:00,TSC,4.59,4.5,4.5,4.537051301802496,4.53,4.5,539280.0,519280.0,20000.0,2442800000.0,86800000.0,0.0,0.0,0.0,0.0,395.0,1268110.0,315.0,1330220.0,1.1125827815,71581040.0,,,,1000.0
2017-09-13T00:00:00,TSC,4.55,4.48,4.53,4.511355366040271,4.55,4.53,1091740.0,1071740.0,20000.0,4921800000.0,86800000.0,0.0,0.0,0.0,0.0,533.0,1730920.0,305.0,1854400.0,1.1125827815,71588760.0,,,,1000.0
2017-09-14T00:00:00,TSC,4.69,4.5,4.55,4.599442085182664,4.65,4.55,1063170.0,1043170.0,20000.0,4884800000.0,86800000.0,0.0,0.0,0.0,0.0,456.0,2074110.0,422.0,1811210.0,1.1125827815,71588760.0,,,,1000.0
2017-09-15T00:00:00,TSC,4.65,4.57,4.65,4.617314468077256,4.6,4.65,592090.0,542090.0,50000.0,2719500000.0,216500000.0,0.0,0.0,0.0,0.0,290.0,1406620.0,303.0,1331930.0,1.1125827815,71588760.0,,,,1000.0
2017-09-18T00:00:00,TSC,4.92,4.6,4.66,4.809541925424237,4.92,4.6,1916290.0,1866290.0,50000.0,9192500000.0,216500000.0,0.0,0.0,200.0,980000.0,571.0,4806780.0,528.0,2231740.0,1.1125827815,71588760.0,,,,1000.0
2017-09-19T00:00:00,TSC,5.26,5.04,5.18,5.1681582174446214,5.04,4.92,3882700.0,3832700.0,50000.0,20024500000.0,216500000.0,0.0,0.0,200000.0,1050000000.0,882.0,6983330.0,1216.0,8001700.0,1.1125827815,71588760.0,,,,1000.0
2017-09-20T00:00:00,TSC,5.23,5.04,5.1,5.1345535865296075,5.1,5.04,2178520.0,2128520.0,50000.0,11145500000.0,216500000.0,0.0,0.0,0.0,0.0,594.0,4809280.0,762.0,5995730.0,1.1125827815,71588760.0,,,,1000.0
2017-09-21T00:00:00,TSC,5.16,5.01,5.15,5.101565144094151,5.01,5.1,1615990.0,1565990.0,50000.0,8205500000.0,216500000.0,0.0,0.0,3000.0,15300000.0,510.0,3084830.0,556.0,3394290.0,1.1125827815,71588960.0,,,,1000.0
2017-09-22T00:00:00,TSC,5.09,4.96,5.01,5.006011740575713,4.97,5.01,1463900.0,1413900.0,50000.0,7294500000.0,216500000.0,0.0,0.0,0.0,0.0,458.0,2162640.0,439.0,2800330.0,1.1125827815,71788960.0,,,,1000.0
2017-09-25T00:00:00,TSC,4.96,4.75,4.94,4.849481703735168,4.77,4.97,1156510.0,1106510.0,50000.0,5582500000.0,216500000.0,0.0,0.0,0.0,0.0,573.0,1877160.0,344.0,2262460.0,1.1125827815,71788960.0,,,,1000.0
2017-09-26T00:00:00,TSC,4.88,4.61,4.77,4.700793640484757,4.68,4.77,1589740.0,1539740.0,50000.0,7454500000.0,216500000.0,3000.0,14340000.0,0.0,0.0,719.0,3012080.0,347.0,2178770.0,1.1125827815,71788960.0,,,,1000.0
2017-09-27T00:00:00,TSC,4.8,4.59,4.64,4.633572108400541,4.62,4.68,1048150.0,998150.0,50000.0,4841500000.0,216500000.0,0.0,0.0,0.0,0.0,491.0,1746860.0,264.0,1446370.0,1.1125827815,71788960.0,,,,1000.0
2017-09-28T00:00:00,TSC,4.69,4.43,4.62,4.5564368100673605,4.43,4.62,2392620.0,2342620.0,50000.0,10890500000.0,216500000.0,0.0,0.0,0.0,0.0,746.0,3121840.0,320.0,3347600.0,1.1125827815,71788960.0,,,,1000.0
2017-09-29T00:00:00,TSC,4.5,4.16,4.43,4.290326761293522,4.16,4.43,1824690.0,1774690.0,50000.0,7830500000.0,216500000.0,1700.0,7410000.0,3000.0,12750000.0,1007.0,2773010.0,363.0,2777730.0,1.1125827815,71787260.0,,,,1000.0
2017-10-02T00:00:00,TSC,4.28,3.98,4.21,4.119331301376189,4.1,4.16,1565780.0,1515780.0,50000.0,6460500000.0,216500000.0,10080.0,42640000.0,0.0,0.0,786.0,2692000.0,353.0,2326940.0,1.1125827815,71777180.0,,,,1000.0
2017-10-03T00:00:00,TSC,4.1,3.86,4.1,3.9458988622943285,3.94,4.1,1921310.0,1871310.0,50000.0,7600500000.0,216500000.0,0.0,0.0,0.0,0.0,658.0,2750260.0,401.0,2912040.0,1.1125827815,71777180.0,,,,1000.0
2017-10-04T00:00:00,TSC,4.21,3.94,3.94,4.099701996451518,4.21,3.94,1211060.0,1161060.0,50000.0,4976500000.0,216500000.0,0.0,0.0,0.0,0.0,596.0,3116890.0,372.0,1569650.0,1.1125827815,71780180.0,,,,1000.0
2017-10-05T00:00:00,TSC,4.5,4.28,4.3,4.388072535977137,4.28,4.21,2026950.0,1976950.0,50000.0,8891500000.0,216500000.0,0.0,0.0,11000.0,47800000.0,618.0,3273740.0,723.0,3361690.0,1.1125827815,71780180.0,,,,1000.0
2017-10-06T00:00:00,TSC,4.33,4.23,4.28,4.266251346394573,4.28,4.28,737020.0,687020.0,50000.0,3147500000.0,216500000.0,0.0,0.0,0.0,0.0,316.0,1387430.0,336.0,1524600.0,1.1125827815,71780180.0,,,,1000.0
2017-10-09T00:00:00,TSC,4.29,4.13,4.25,4.203583458633985,4.19,4.28,1240470.0,1190470.0,50000.0,5220740000.0,216500000.0,0.0,0.0,0.0,0.0,403.0,2068900.0,308.0,1885620.0,1.1125827815,71780180.0,,,,1000.0
2017-10-10T00:00:00,TSC,4.24,4.16,4.16,4.197395021082423,4.19,4.19,742520.0,692520.0,50000.0,3123280000.0,216500000.0,700.0,2940000.0,700.0,2930000.0,283.0,1439440.0,223.0,1019430.0,1.1125827815,71790480.0,,,,1000.0
2017-10-11T00:00:00,TSC,4.41,4.2,4.2,4.317310371362991,4.26,4.19,803710.0,753710.0,50000.0,3470500000.0,216500000.0,0.0,0.0,0.0,0.0,353.0,1484090.0,405.0,1526260.0,1.1125827815,71790480.0,,,,1000.0
2017-10-12T00:00:00,TSC,4.38,4.26,4.26,4.3225832107209605,4.28,4.26,552940.0,502940.0,50000.0,2390500000.0,216500000.0,0.0,0.0,0.0,0.0,296.0,1445770.0,384.0,1713900.0,1.1125827815,71790480.0,,,,1000.0
2017-10-13T00:00:00,TSC,4.35,4.27,4.33,4.307343804653796,4.3,4.28,650370.0,600370.0,50000.0,2802500000.0,216500000.0,0.0,0.0,0.0,0.0,240.0,1005660.0,347.0,1363090.0,1.1125827815,71791180.0,,,,1000.0
2017-10-16T00:00:00,TSC,4.6,4.3,4.3,4.492323510854579,4.6,4.3,2189650.0,2139650.0,50000.0,9828500000.0,216500000.0,0.0,0.0,0.0,0.0,590.0,3665030.0,558.0,2680580.0,1.1125827815,71791187.0,,,,1000.0
2017-10-17T00:00:00,TSC,4.92,4.66,4.75,4.8547370017312765,4.66,4.6,2423970.0,2373970.0,50000.0,11741500000.0,216500000.0,0.0,0.0,700.0,3400000.0,672.0,3755930.0,888.0,4819810.0,1.1125827815,71791187.0,,,,1000.0
2017-10-18T00:00:00,TSC,4.79,4.47,4.75,4.664300469054929,4.5,4.66,926230.0,876230.0,50000.0,4303500000.0,216500000.0,0.0,0.0,0.0,0.0,364.0,1437140.0,569.0,3664260.0,1.1125827815,71791187.0,,,,1000.0
2017-10-19T00:00:00,TSC,4.7,4.41,4.48,4.53335059267341,4.51,4.5,1131540.0,1081540.0,50000.0,5119500000.0,216500000.0,0.0,0.0,0.0,0.0,446.0,2950360.0,391.0,2518410.0,1.1125827815,71791187.0,,,,1000.0
2017-10-20T00:00:00,TSC,4.62,4.36,4.55,4.48759596994848,4.37,4.51,1142790.0,1092790.0,50000.0,5120500000.0,216500000.0,0.0,0.0,0.0,0.0,422.0,2121820.0,350.0,2147450.0,1.1125827815,71791887.0,,,,1000.0
2017-10-23T00:00:00,TSC,4.35,4.16,4.33,4.267450137479587,4.16,4.37,1482940.0,1432940.0,50000.0,6331500000.0,216500000.0,0.0,0.0,0.0,0.0,353.0,2181470.0,247.0,2407950.0,1.1125827815,71791887.0,,,,1000.0
2017-10-24T00:00:00,TSC,4.24,4.14,4.16,4.170458882592995,4.19,4.16,681220.0,681220.0,0.0,2841000000.0,0.0,0.0,0.0,0.0,0.0,311.0,1192320.0,197.0,1016030.0,1.1125827815,71791887.0,,,,1000.0
2017-10-25T00:00:00,TSC,4.22,4.16,4.16,4.1889785128448445,4.18,4.19,442590.0,442590.0,0.0,1854000000.0,0.0,0.0,0.0,0.0,0.0,204.0,970150.0,164.0,841590.0,1.1125827815,71791887.0,,,,1000.0
2017-10-26T00:00:00,TSC,4.21,4.02,4.19,4.110764899269522,4.08,4.18,1164990.0,1164990.0,0.0,4789000000.0,0.0,0.0,0.0,0.0,0.0,356.0,1610680.0,206.0,1616120.0,1.1125827815,71791887.0,,,,1000.0
2017-10-27T00:00:00,TSC,4.2,4.08,4.09,4.113005623072737,4.1,4.08,661560.0,661560.0,0.0,2721000000.0,0.0,0.0,0.0,0.0,0.0,273.0,1255360.0,219.0,1280790.0,1.1125827815,71791887.0,,,,1000.0
2017-10-30T00:00:00,TSC,4.19,4.0,4.19,4.099799108689126,4.01,4.1,866140.0,866140.0,0.0,3551000000.0,0.0,0.0,0.0,0.0,0.0,260.0,1229810.0,221.0,1522570.0,1.1125827815,71791887.0,,,,1000.0
2017-10-31T00:00:00,TSC,4.0,3.81,3.96,3.8839143514422227,3.81,4.01,1412750.0,1412750.0,0.0,5487000000.0,0.0,0.0,0.0,0.0,0.0,427.0,1944570.0,234.0,2041550.0,1.1125827815,71791887.0,,,,1000.0
2017-11-01T00:00:00,TSC,4.0,3.58,3.81,3.7208434740899965,3.58,3.81,1125820.0,1125820.0,0.0,4189000000.0,0.0,11490.0,41460000.0,0.0,0.0,415.0,1503020.0,266.0,2059260.0,1.1125827815,71780397.0,,,,1000.0
2017-11-02T00:00:00,TSC,3.69,3.45,3.64,3.587214492564287,3.45,3.58,918540.0,918540.0,0.0,3295000000.0,0.0,0.0,0.0,0.0,0.0,258.0,1598610.0,246.0,1424030.0,1.1125827815,71780397.0,,,,1000.0
2017-11-03T00:00:00,TSC,3.57,3.34,3.45,3.416101494283287,3.5,3.45,718070.0,718070.0,0.0,2453000000.0,0.0,0.0,0.0,0.0,0.0,277.0,1419280.0,213.0,1107840.0,1.1125827815,71780397.0,,,,1000.0
2017-11-06T00:00:00,TSC,3.72,3.5,3.51,3.659738295483191,3.68,3.5,436370.0,436370.0,0.0,1597000000.0,0.0,0.0,0.0,0.0,0.0,215.0,985430.0,212.0,766020.0,1.1125827815,71780397.0,,,,1000.0
2017-11-07T00:00:00,TSC,3.93,3.68,3.68,3.8923949955978423,3.9,3.68,1351610.0,1351610.0,0.0,5261000000.0,0.0,10000.0,39000000.0,0.0,0.0,334.0,1972250.0,279.0,1715140.0,1.1125827815,71770397.0,,,,1000.0
2017-11-08T00:00:00,TSC,3.9,3.71,3.9,3.783517025826616,3.8,3.9,364740.0,364740.0,0.0,1380000000.0,0.0,0.0,0.0,0.0,0.0,257.0,762550.0,180.0,1025890.0,1.1125827815,71770397.0,,,,1000.0
2017-11-09T00:00:00,TSC,3.78,3.66,3.71,3.694106703873497,3.68,3.8,602040.0,602040.0,0.0,2224000000.0,0.0,0.0,0.0,0.0,0.0,263.0,1015130.0,161.0,1220470.0,1.1125827815,71770397.0,,,,1000.0
2017-11-10T00:00:00,TSC,3.75,3.6,3.6,3.697358050920056,3.73,3.68,583660.0,583660.0,0.0,2158000000.0,0.0,0.0,0.0,0.0,0.0,205.0,969990.0,166.0,1161240.0,1.1125827815,71770397.0,,,,1000.0
2017-11-13T00:00:00,TSC,3.72,3.53,3.63,3.6176618163572503,3.53,3.73,398600.0,398600.0,0.0,1442000000.0,0.0,1500.0,5300000.0,0.0,0.0,209.0,657330.0,196.0,1059570.0,1.1125827815,71768897.0,,,,1000.0
2017-11-14T00:00:00,TSC,3.6,3.51,3.53,3.544593270173146,3.54,3.53,306100.0,306100.0,0.0,1085000000.0,0.0,0.0,0.0,0.0,0.0,167.0,556900.0,155.0,672310.0,1.1125827815,71768897.0,,,,1000.0
2017-11-15T00:00:00,TSC,3.65,3.54,3.54,3.5890025775208936,3.6,3.54,256060.0,256060.0,0.0,919000000.0,0.0,0.0,0.0,0.0,0.0,126.0,466700.0,141.0,700930.0,1.1125827815,71768897.0,,,,1000.0
2017-11-16T00:00:00,TSC,3.73,3.55,3.55,3.667380782353408,3.66,3.6,630150.0,630150.0,0.0,2311000000.0,0.0,0.0,0.0,0.0,0.0,245.0,1247910.0,262.0,1585240.0,1.1125827815,71768897.0,,,,1000.0
2017-11-17T00:00:00,TSC,3.91,3.66,3.71,3.8568942834104316,3.86,3.66,1178150.0,1178150.0,0.0,4544000000.0,0.0,0.0,0.0,0.0,0.0,301.0,1845420.0,428.0,2645860.0,1.1125827815,71768897.0,,,,1000.0
2017-11-20T00:00:00,TSC,4.04,3.86,3.92,3.963983022834552,3.95,3.86,756310.0,756310.0,0.0,2998000000.0,0.0,0.0,0.0,0.0,0.0,227.0,1462920.0,366.0,1988460.0,1.1125827815,71768897.0,,,,1000.0
2017-11-21T00:00:00,TSC,4.04,3.79,4.04,3.8406294885405607,3.79,3.95,640520.0,640520.0,0.0,2460000000.0,0.0,0.0,0.0,0.0,0.0,276.0,939570.0,295.0,1604950.0,1.1125827815,71768897.0,,,,1000.0
2017-11-22T00:00:00,TSC,3.8,3.73,3.79,3.759591584158416,3.75,3.79,581760.0,581760.0,0.0,2187180000.0,0.0,0.0,0.0,0.0,0.0,225.0,1246150.0,165.0,1232080.0,1.1125827815,71768897.0,,,,1000.0
2017-11-23T00:00:00,TSC,3.85,3.72,3.72,3.7764922166936437,3.78,3.75,500430.0,500430.0,0.0,1889870000.0,0.0,0.0,0.0,0.0,0.0,262.0,1288710.0,210.0,1207440.0,1.1125827815,71768897.0,,,,1000.0
2017-11-24T00:00:00,TSC,3.8,3.73,3.8,3.759531978873511,3.78,3.78,518780.0,518780.0,0.0,1950370000.0,0.0,0.0,0.0,0.0,0.0,253.0,929910.0,188.0,1620830.0,1.1125827815,71768897.0,,,,1000.0
2017-11-27T00:00:00,TSC,4.04,3.76,3.76,3.9234075511931112,4.03,3.78,2191590.0,2091590.0,100000.0,8610160000.0,404000000.0,0.0,0.0,3000.0,11700000.0,477.0,3391240.0,477.0,4940700.0,1.1125827815,71768897.0,,,,1000.0
2017-11-28T00:00:00,TSC,4.13,3.97,4.03,4.050381524695832,3.99,4.03,1383010.0,1283010.0,100000.0,5600680000.0,404000000.0,0.0,0.0,0.0,0.0,385.0,1960610.0,438.0,2908350.0,1.1125827815,71768897.0,,,,1000.0
2017-11-29T00:00:00,TSC,4.0,3.92,3.99,3.9569557240547577,3.92,3.99,879430.0,779430.0,100000.0,3488170000.0,404000000.0,0.0,0.0,0.0,0.0,261.0,1025220.0,279.0,1653170.0,1.1125827815,71768897.0,,,,1000.0
2017-11-30T00:00:00,TSC,3.97,3.85,3.94,3.893424590564654,3.97,3.92,918200.0,818200.0,100000.0,3589600000.0,404000000.0,0.0,0.0,0.0,0.0,321.0,1368940.0,261.0,1387090.0,1.1125827815,71771897.0,,,,1000.0
2017-12-01T00:00:00,TSC,3.97,3.87,3.87,3.928585551030092,3.97,3.97,1111560.0,1011560.0,100000.0,4378000000.0,404000000.0,0.0,0.0,0.0,0.0,257.0,1612830.0,245.0,1502040.0,1.1125827815,71771897.0,,,,1000.0
2017-12-04T00:00:00,TSC,4.18,3.94,3.99,4.0963292866891745,4.12,3.97,2327360.0,2227360.0,100000.0,9528000000.0,404000000.0,12720.0,52760000.0,0.0,0.0,400.0,4689010.0,488.0,3251560.0,1.1125827815,71759181.0,,,,1000.0
2017-12-05T00:00:00,TSC,4.24,4.02,4.11,4.142907250588766,4.04,4.12,1097850.0,997850.0,100000.0,4538000000.0,404000000.0,0.0,0.0,11330.0,46650000.0,329.0,1321380.0,441.0,2315790.0,1.1125827815,71759181.0,,,,1000.0
2017-12-06T00:00:00,TSC,4.06,3.87,4.02,3.972691356883765,3.89,4.04,965660.0,865660.0,100000.0,3843000000.0,404000000.0,0.0,0.0,0.0,0.0,332.0,1246930.0,244.0,1390400.0,1.1125827815,71759181.0,,,,1000.0
2017-12-07T00:00:00,TSC,4.1,3.89,3.92,3.9916886408318812,3.89,3.89,1173230.0,1073230.0,100000.0,4688000000.0,404000000.0,0.0,0.0,0.0,0.0,346.0,4410270.0,340.0,2339430.0,1.1125827815,71759181.0,,,,1000.0
2017-12-08T00:00:00,TSC,4.04,3.89,3.89,3.9128562480425932,3.9,3.89,610880.0,510880.0,100000.0,2403000000.0,404000000.0,0.0,0.0,0.0,0.0,247.0,904950.0,172.0,977180.0,1.1125827815,71770511.0,,,,1000.0
2017-12-11T00:00:00,TSC,3.94,3.8,3.89,3.874929934443009,3.86,3.9,410330.0,410330.0,0.0,1590000000.0,0.0,0.0,0.0,0.0,0.0,258.0,998200.0,185.0,1200070.0,1.1125827815,71770511.0,,,,1000.0
2017-12-12T00:00:00,TSC,3.9,3.66,3.84,3.790228102818552,3.78,3.86,870660.0,870660.0,0.0,3300000000.0,0.0,0.0,0.0,0.0,0.0,344.0,1302060.0,249.0,1568990.0,1.1125827815,71770511.0,,,,1000.0
2017-12-13T00:00:00,TSC,3.88,3.75,3.79,3.7848186484894386,3.78,3.78,475320.0,475320.0,0.0,1799000000.0,0.0,0.0,0.0,0.0,0.0,276.0,2280140.0,197.0,1004680.0,1.1125827815,71770511.0,,,,1000.0
2017-12-14T00:00:00,TSC,3.82,3.74,3.76,3.776620918125887,3.82,3.78,422600.0,422600.0,0.0,1596000000.0,0.0,0.0,0.0,0.0,0.0,243.0,950900.0,136.0,846530.0,1.1125827815,71770511.0,,,,1000.0
2017-12-15T00:00:00,TSC,3.84,3.77,3.83,3.8075,3.79,3.82,400000.0,400000.0,0.0,1523000000.0,0.0,0.0,0.0,0.0,0.0,202.0,772140.0,196.0,631620.0,1.1125827815,71770511.0,,,,1000.0
2017-12-18T00:00:00,TSC,3.87,3.8,3.8,3.8443403640021376,3.82,3.79,318130.0,318130.0,0.0,1223000000.0,0.0,0.0,0.0,0.0,0.0,168.0,699800.0,185.0,821520.0,1.1125827815,71770511.0,,,,1000.0
2017-12-19T00:00:00,TSC,3.84,3.77,3.84,3.804156393096161,3.78,3.82,397460.0,397460.0,0.0,1512000000.0,0.0,0.0,0.0,0.0,0.0,211.0,719490.0,163.0,921960.0,1.1125827815,71770511.0,,,,1000.0
2017-12-20T00:00:00,TSC,3.79,3.75,3.78,3.7674955836390813,3.75,3.78,588720.0,588720.0,0.0,2218000000.0,0.0,0.0,0.0,0.0,0.0,200.0,734850.0,163.0,983480.0,1.1125827815,0.0,,,,1000.0
2017-12-21T00:00:00,TSC,3.78,3.73,3.78,3.752551929744969,3.75,3.75,308590.0,308590.0,0.0,1158000000.0,0.0,500.0,1880000.0,0.0,0.0,132.0,561510.0,127.0,634010.0,1.1125827815,71770011.0,,,,1000.0
2017-12-22T00:00:00,TSC,3.95,3.75,3.75,3.8320559813395536,3.78,3.75,660220.0,660220.0,0.0,2530000000.0,0.0,0.0,0.0,0.0,0.0,312.0,1290480.0,285.0,1420660.0,1.1125827815,71770011.0,,,,1000.0
2017-12-25T00:00:00,TSC,3.96,3.85,3.86,3.892656375479611,3.85,3.78,448280.0,448280.0,0.0,1745000000.0,0.0,0.0,0.0,0.0,0.0,199.0,971900.0,337.0,1793040.0,1.1125827815,71770011.0,,,,1000.0
2017-12-26T00:00:00,TSC,3.89,3.79,3.85,3.823901205756515,3.8,3.85,411360.0,411360.0,0.0,1573000000.0,0.0,0.0,0.0,0.0,0.0,191.0,733600.0,156.0,1424110.0,1.1125827815,71770011.0,,,,1000.0
2017-12-27T00:00:00,TSC,3.81,3.76,3.8,3.7850128783000647,3.76,3.8,496960.0,496960.0,0.0,1881000000.0,0.0,0.0,0.0,0.0,0.0,198.0,763580.0,135.0,1037860.0,1.1125827815,71770011.0,,,,1000.0
2017-12-28T00:00:00,TSC,3.76,3.73,3.76,3.7436660196132805,3.73,3.76,396670.0,396670.0,0.0,1485000000.0,0.0,0.0,0.0,0.0,0.0,234.0,622720.0,145.0,961790.0,1.1125827815,71770011.0,,,,1000.0
2017-12-29T00:00:00,TSC,3.78,3.7,3.74,3.7325272633143505,3.7,3.73,598790.0,598790.0,0.0,2235000000.0,0.0,0.0,0.0,0.0,0.0,187.0,759740.0,158.0,2071950.0,1.1125827815,71770011.0,,,,1000.0
2018-01-02T00:00:00,TSC,3.75,3.68,3.69,3.6968035557448164,3.68,3.7,375730.0,375730.0,0.0,1389000000.0,0.0,0.0,0.0,0.0,0.0,182.0,684860.0,158.0,820440.0,1.1125827815,71770011.0,,,,1000.0
2018-01-03T00:00:00,TSC,3.7,3.62,3.66,3.6591295891077076,3.62,3.68,575820.0,575820.0,0.0,2107000000.0,0.0,900.0,3310000.0,0.0,0.0,233.0,807750.0,166.0,1189600.0,1.1125827815,71769111.0,,,,1000.0
2018-01-04T00:00:00,TSC,3.7,3.58,3.6,3.620114354700783,3.65,3.62,1192780.0,1192780.0,0.0,4318000000.0,0.0,0.0,0.0,0.0,0.0,381.0,1924440.0,210.0,1822100.0,1.1125827815,71769111.0,,,,1000.0
2018-01-05T00:00:00,TSC,3.7,3.63,3.7,3.6668738346799254,3.66,3.65,386160.0,386160.0,0.0,1416000000.0,0.0,0.0,0.0,0.0,0.0,187.0,726360.0,186.0,915240.0,1.1125827815,71769111.0,,,,1000.0
2018-01-08T00:00:00,TSC,3.7,3.62,3.69,3.65666066013273,3.62,3.66,455060.0,455060.0,0.0,1664000000.0,0.0,0.0,0.0,0.0,0.0,180.0,634360.0,163.0,944540.0,1.1125827815,71769111.0,,,,1000.0
2018-01-09T00:00:00,TSC,3.62,3.58,3.62,3.600879957803193,3.6,3.62,777310.0,777310.0,0.0,2799000000.0,0.0,0.0,0.0,0.0,0.0,223.0,1040030.0,174.0,1143080.0,1.1125827815,71769111.0,,,,1000.0
2018-01-10T00:00:00,TSC,3.64,3.6,3.64,3.6103094835307,3.62,3.6,502450.0,502450.0,0.0,1814000000.0,0.0,20.0,70000.0,0.0,0.0,220.0,972920.0,159.0,828130.0,1.1125827815,71769091.0,,,,1000.0
2018-01-11T00:00:00,TSC,3.66,3.6,3.62,3.6377866025102175,3.63,3.62,344990.0,344990.0,0.0,1255000000.0,0.0,0.0,0.0,3910.0,14150000.0,178.0,799740.0,205.0,778320.0,1.1125827815,71769091.0,,,,1000.0
2018-01-12T00:00:00,TSC,3.67,3.61,3.63,3.6354814026836872,3.63,3.63,535830.0,535830.0,0.0,1948000000.0,0.0,0.0,0.0,0.0,0.0,218.0,971950.0,203.0,1084400.0,1.1125827815,71769091.0,,,,1000.0
2018-01-15T00:00:00,TSC,3.65,3.59,3.65,3.612599905970851,3.59,3.63,531750.0,531750.0,0.0,1921000000.0,0.0,1000.0,3600000.0,70000.0,253290000.0,183.0,939460.0,171.0,1027570.0,1.1125827815,71768091.0,,,,1000.0
2018-01-16T00:00:00,TSC,3.65,3.58,3.59,3.5973631892853404,3.59,3.59,477850.0,477850.0,0.0,1719000000.0,0.0,0.0,0.0,0.0,0.0,198.0,866690.0,180.0,1059060.0,1.1125827815,71772001.0,,,,1000.0
2018-01-17T00:00:00,TSC,3.61,3.53,3.59,3.569272172097918,3.55,3.59,579670.0,579670.0,0.0,2069000000.0,0.0,0.0,0.0,0.0,0.0,0.0,0.0,0.0,0.0,1.1125827815,71772001.0,,,,1000.0
2018-01-18T00:00:00,TSC,3.55,3.43,3.55,3.480042646764843,3.46,3.55,600280.0,600280.0,0.0,2089000000.0,0.0,0.0,0.0,0.0,0.0,277.0,896070.0,138.0,1152970.0,1.1125827815,71842001.0,,,,1000.0
2018-01-19T00:00:00,TSC,3.51,3.4,3.46,3.4337838483213146,3.41,3.46,418780.0,418780.0,0.0,1438000000.0,0.0,2000.0,6900000.0,0.0,0.0,236.0,668960.0,156.0,765690.0,1.1125827815,71840001.0,,,,1000.0
2018-01-22T00:00:00,TSC,3.44,3.18,3.41,3.235851822891213,3.18,3.41,1023100.0,1023100.0,0.0,3310600000.0,0.0,0.0,0.0,0.0,0.0,416.0,1445420.0,242.0,2522940.0,1.1125827815,71840001.0,,,,1000.0
2018-01-25T00:00:00,TSC,3.14,2.96,2.96,2.9718167594224716,2.96,3.18,2019640.0,2019640.0,0.0,6002000000.0,0.0,0.0,0.0,0.0,0.0,555.0,2359880.0,306.0,3035800.0,1.1125827815,71840001.0,,,,1000.0
2018-01-26T00:00:00,TSC,3.07,2.84,2.84,2.9839311276437024,3.07,2.96,495990.0,495990.0,0.0,1480000000.0,0.0,0.0,0.0,0.0,0.0,318.0,1300360.0,236.0,874120.0,1.1125827815,71840005.0,,,,1000.0
2018-01-29T00:00:00,TSC,3.11,2.99,3.08,3.048780487804878,2.99,3.07,513320.0,513320.0,0.0,1565000000.0,0.0,2000.0,6000000.0,0.0,0.0,187.0,694940.0,203.0,971080.0,1.1125827815,71838005.0,,,,1000.0
2018-01-30T00:00:00,TSC,3.02,2.9,2.99,2.971503936693178,2.94,2.99,500420.0,500420.0,0.0,1487000000.0,0.0,0.0,0.0,0.0,0.0,185.0,801710.0,178.0,942470.0,1.1125827815,71838005.0,,,,1000.0
2018-01-31T00:00:00,TSC,2.92,2.87,2.87,2.887418345851863,2.87,2.94,469970.0,469970.0,0.0,1357000000.0,0.0,0.0,0.0,0.0,0.0,254.0,987690.0,161.0,770540.0,1.1125827815,71838005.0,,,,1000.0
2018-02-01T00:00:00,TSC,2.87,2.68,2.87,2.7480550869860774,2.71,2.87,794380.0,794380.0,0.0,2183000000.0,0.0,8000.0,21900000.0,0.0,0.0,286.0,1075610.0,191.0,1377050.0,1.1125827815,71830005.0,,,,1000.0
2018-02-02T00:00:00,TSC,2.7,2.59,2.67,2.6347289461084213,2.6,2.71,751880.0,751880.0,0.0,1981000000.0,0.0,11500.0,30420000.0,0.0,0.0,355.0,1174950.0,229.0,1248520.0,1.1125827815,71818505.0,,,,1000.0
2018-02-05T00:00:00,TSC,2.61,2.42,2.6,2.4430848628626127,2.42,2.6,961080.0,961080.0,0.0,2348000000.0,0.0,8200.0,20650000.0,0.0,0.0,259.0,1088010.0,192.0,1610340.0,1.1125827815,71810305.0,,,,1000.0
2018-02-06T00:00:00,TSC,2.35,2.26,2.26,2.263577486752701,2.3,2.42,1256860.0,1256860.0,0.0,2845000000.0,0.0,2800.0,6330000.0,440.0,1000000.0,234.0,1546890.0,195.0,1539600.0,1.1125827815,71807505.0,,,,1000.0
2018-02-07T00:00:00,TSC,2.46,2.31,2.31,2.432696099798659,2.44,2.3,481770.0,481770.0,0.0,1172000000.0,0.0,0.0,0.0,2000.0,4900000.0,232.0,1495630.0,155.0,645960.0,1.1125827815,71807505.0,,,,1000.0
2018-02-08T00:00:00,TSC,2.44,2.36,2.44,2.3860759493670884,2.36,2.44,158000.0,158000.0,0.0,377000000.0,0.0,0.0,0.0,0.0,0.0,135.0,560310.0,100.0,456910.0,1.1125827815,71807505.0,,,,1000.0
2018-02-09T00:00:00,TSC,2.3,2.22,2.3,2.258629669965434,2.24,2.36,211190.0,211190.0,0.0,477000000.0,0.0,0.0,0.0,110.0,250000.0,162.0,592100.0,90.0,355020.0,1.1125827815,71807945.0,,,,1000.0
2018-02-12T00:00:00,TSC,2.33,2.25,2.33,2.2934540295885966,2.31,2.24,296060.0,296060.0,0.0,679000000.0,0.0,0.0,0.0,0.0,0.0,157.0,783760.0,104.0,433620.0,1.1125827815,71809945.0,,,,1000.0
2018-02-13T00:00:00,TSC,2.41,2.33,2.33,2.3839587857972626,2.4,2.31,197990.0,197990.0,0.0,472000000.0,0.0,1000.0,2370000.0,0.0,0.0,156.0,511360.0,111.0,319780.0,1.1125827815,71808945.0,,,,1000.0
2018-02-21T00:00:00,TSC,2.45,2.41,2.41,2.4370913413909254,2.45,2.4,151410.0,151410.0,0.0,369000000.0,0.0,0.0,0.0,0.0,0.0,117.0,412350.0,86.0,228750.0,1.1125827815,71809055.0,,,,1000.0
2018-02-22T00:00:00,TSC,2.5,2.36,2.45,2.4009266734529113,2.39,2.45,284890.0,284890.0,0.0,684000000.0,0.0,0.0,0.0,0.0,0.0,153.0,444980.0,120.0,744570.0,1.1125827815,0.0,,,,1000.0
2018-02-23T00:00:00,TSC,2.47,2.37,2.39,2.4289008455034593,2.47,2.39,390300.0,390300.0,0.0,948000000.0,0.0,0.0,0.0,0.0,0.0,190.0,932870.0,158.0,722410.0,1.1125827815,71809055.0,,,,1000.0
2018-02-26T00:00:00,TSC,2.48,2.41,2.47,2.44532279314888,2.44,2.47,379500.0,379500.0,0.0,928000000.0,0.0,0.0,0.0,0.0,0.0,160.0,571560.0,123.0,810420.0,1.1125827815,71809055.0,,,,1000.0
2018-02-27T00:00:00,TSC,2.47,2.42,2.42,2.4423892493996218,2.46,2.44,391420.0,391420.0,0.0,956000000.0,0.0,0.0,0.0,0.0,0.0,142.0,880630.0,127.0,679080.0,1.1125827815,71809855.0,,,,1000.0
2018-02-28T00:00:00,TSC,2.47,2.42,2.45,2.447541142616961,2.42,2.46,309290.0,309290.0,0.0,757000000.0,0.0,0.0,0.0,0.0,0.0,98.0,447270.0,97.0,648250.0,1.1125827815,71809855.0,,,,1000.0
2018-03-01T00:00:00,TSC,2.45,2.39,2.42,2.426835270510733,2.41,2.42,264130.0,264130.0,0.0,641000000.0,0.0,0.0,0.0,0.0,0.0,105.0,692620.0,117.0,449380.0,1.1125827815,71809855.0,,,,1000.0
2018-03-02T00:00:00,TSC,2.45,2.39,2.39,2.4381611545872826,2.44,2.41,254290.0,254290.0,0.0,620000000.0,0.0,0.0,0.0,0.0,0.0,95.0,648610.0,114.0,391020.0,1.1125827815,71809855.0,,,,1000.0
2018-03-05T00:00:00,TSC,2.46,2.4,2.44,2.4289672911446107,2.43,2.44,754230.0,754230.0,0.0,1832000000.0,0.0,0.0,0.0,0.0,0.0,99.0,943770.0,117.0,1049290.0,1.1125827815,71809855.0,,,,1000.0
2018-03-06T00:00:00,TSC,2.45,2.41,2.43,2.4276377217553686,2.45,2.43,299880.0,299880.0,0.0,728000000.0,0.0,0.0,0.0,0.0,0.0,69.0,509060.0,78.0,403040.0,1.1125827815,71809855.0,,,,1000.0
2018-03-07T00:00:00,TSC,2.62,2.43,2.45,2.615735152100435,2.62,2.45,1325440.0,1325440.0,0.0,3467000000.0,0.0,0.0,0.0,0.0,0.0,302.0,3363060.0,115.0,1328040.0,1.1125827815,71809855.0,,,,1000.0
2018-03-08T00:00:00,TSC,2.75,2.62,2.75,2.6980097577547726,2.63,2.62,1059670.0,1059670.0,0.0,2859000000.0,0.0,0.0,0.0,0.0,0.0,274.0,1589350.0,265.0,2457090.0,1.1125827815,71809855.0,,,,1000.0
2018-03-09T00:00:00,TSC,2.67,2.56,2.62,2.6101141924959217,2.56,2.63,153250.0,153250.0,0.0,400000000.0,0.0,0.0,0.0,0.0,0.0,144.0,291880.0,110.0,481050.0,1.1125827815,71809855.0,,,,1000.0
2018-03-12T00:00:00,TSC,2.62,2.5,2.56,2.5428092145692505,2.62,2.56,602090.0,602090.0,0.0,1531000000.0,0.0,0.0,0.0,0.0,0.0,200.0,1288730.0,144.0,775060.0,1.1125827815,71809855.0,,,,1000.0
2018-03-13T00:00:00,TSC,2.62,2.5,2.61,2.5196945824748513,2.53,2.62,825100.0,825100.0,0.0,2079000000.0,0.0,0.0,0.0,0.0,0.0,232.0,1106040.0,146.0,1120700.0,1.1125827815,71809855.0,,,,1000.0
2018-03-14T00:00:00,TSC,2.62,2.5,2.53,2.5422485264985695,2.55,2.53,817780.0,817780.0,0.0,2079000000.0,0.0,500.0,1260000.0,0.0,0.0,292.0,1384720.0,195.0,1301900.0,1.1125827815,71809355.0,,,,1000.0
2018-03-15T00:00:00,TSC,2.69,2.54,2.56,2.5948200601416236,2.55,2.55,618540.0,618540.0,0.0,1605000000.0,0.0,0.0,0.0,0.0,0.0,218.0,1082000.0,237.0,1375680.0,1.1125827815,71809355.0,,,,1000.0
2018-03-16T00:00:00,TSC,2.66,2.55,2.59,2.615967118184211,2.59,2.55,493890.0,493890.0,0.0,1292000000.0,0.0,0.0,0.0,0.0,0.0,188.0,1145500.0,217.0,950020.0,1.1125827815,71809355.0,,,,1000.0
2018-03-19T00:00:00,TSC,2.63,2.56,2.62,2.587310499719259,2.58,2.59,445250.0,445250.0,0.0,1152000000.0,0.0,0.0,0.0,0.0,0.0,175.0,796620.0,122.0,872710.0,1.1125827815,71809355.0,,,,1000.0
2018-03-20T00:00:00,TSC,2.45,2.4,2.4,2.4024527208173323,2.4,2.58,2208160.0,2208160.0,0.0,5305000000.0,0.0,499.0,1200000.0,0.0,0.0,406.0,2388390.0,334.0,3978120.0,1.1125827815,71809055.0,,,,1000.0
2018-03-21T00:00:00,TSC,2.4,2.3,2.3,2.3371570403166295,2.3,2.4,745350.0,745350.0,0.0,1742000000.0,0.0,0.0,0.0,0.0,0.0,359.0,1574950.0,234.0,1319970.0,1.1125827815,71808855.0,,,,1000.0
2018-03-22T00:00:00,TSC,2.33,2.24,2.3,2.2746747682480333,2.26,2.3,1026960.0,1026960.0,0.0,2336000000.0,0.0,0.0,0.0,0.0,0.0,353.0,1687570.0,174.0,2092620.0,1.1125827815,71808855.0,,,,1000.0
2018-03-23T00:00:00,TSC,2.27,2.23,2.26,2.253184198616409,2.26,2.26,309340.0,309340.0,0.0,697000000.0,0.0,2000.0,4470000.0,0.0,0.0,185.0,793340.0,139.0,589300.0,1.1125827815,71806855.0,,,,1000.0
2018-03-26T00:00:00,TSC,2.32,2.24,2.26,2.290559352062769,2.29,2.26,474120.0,474120.0,0.0,1086000000.0,0.0,0.0,0.0,0.0,0.0,133.0,911720.0,124.0,774910.0,1.1125827815,71806855.0,,,,1000.0
2018-03-27T00:00:00,TSC,2.3,2.25,2.3,2.2849762809527356,2.27,2.29,402630.0,402630.0,0.0,920000000.0,0.0,2500.0,5740000.0,0.0,0.0,169.0,877460.0,127.0,876480.0,1.1125827815,71804355.0,,,,1000.0
2018-03-28T00:00:00,TSC,2.29,2.25,2.29,2.2665581773799834,2.28,2.27,245800.0,245800.0,0.0,557120000.0,0.0,0.0,0.0,0.0,0.0,122.0,516550.0,89.0,663800.0,1.1125827815,71804355.0,,,,1000.0
2018-03-29T00:00:00,TSC,2.28,2.25,2.28,2.262633034442303,2.25,2.28,238660.0,238660.0,0.0,540000000.0,0.0,1000.0,2250000.0,0.0,0.0,92.0,623070.0,88.0,629190.0,1.1125827815,71803355.0,,,,1000.0
2018-03-30T00:00:00,TSC,2.27,2.23,2.25,2.2474916387959865,2.24,2.25,299000.0,299000.0,0.0,672000000.0,0.0,1000.0,2240000.0,0.0,0.0,121.0,700890.0,87.0,819520.0,1.1125827815,71802355.0,,,,1000.0
2018-04-02T00:00:00,TSC,2.27,2.22,2.25,2.2532808760007703,2.26,2.24,363470.0,363470.0,0.0,819000000.0,0.0,0.0,0.0,0.0,0.0,99.0,755370.0,101.0,616040.0,1.1125827815,71802355.0,,,,1000.0
2018-04-03T00:00:00,TSC,2.26,2.23,2.25,2.2450497350562424,2.25,2.26,215140.0,215140.0,0.0,483000000.0,0.0,5000.0,11200000.0,0.0,0.0,93.0,596200.0,92.0,581160.0,1.1125827815,71797355.0,,,,1000.0
2018-04-04T00:00:00,TSC,2.25,2.2,2.2,2.220694396699897,2.24,2.25,145450.0,145450.0,0.0,323000000.0,0.0,0.0,0.0,0.0,0.0,113.0,456310.0,104.0,486000.0,1.1125827815,71797355.0,,,,1000.0
2018-04-05T00:00:00,TSC,2.27,2.23,2.24,2.2451058874899936,2.25,2.24,274820.0,274820.0,0.0,617000000.0,0.0,0.0,0.0,0.0,0.0,114.0,1116340.0,109.0,619000.0,1.1125827815,71797355.0,,,,1000.0
2018-04-06T00:00:00,TSC,2.36,2.25,2.25,2.305332491202743,2.29,2.25,664980.0,664980.0,0.0,1533000000.0,0.0,0.0,0.0,0.0,0.0,173.0,3276020.0,191.0,1357010.0,1.1125827815,71797355.0,,,,1000.0
2018-04-09T00:00:00,TSC,2.33,2.27,2.29,2.295373665480427,2.3,2.29,112400.0,112400.0,0.0,258000000.0,0.0,0.0,0.0,0.0,0.0,89.0,639640.0,97.0,335640.0,1.1125827815,71797355.0,,,,1000.0
2018-04-10T00:00:00,TSC,2.32,2.25,2.32,2.274039016506984,2.25,2.3,86630.0,86630.0,0.0,197000000.0,0.0,2580.0,5810000.0,0.0,0.0,72.0,205180.0,88.0,376170.0,1.1125827815,71794775.0,,,,1000.0
2018-04-11T00:00:00,TSC,2.27,2.2,2.24,2.2128556375131714,2.2,2.25,389090.0,389090.0,0.0,861000000.0,0.0,35000.0,77500000.0,0.0,0.0,157.0,569190.0,120.0,942630.0,1.1125827815,71759775.0,,,,1000.0
2018-04-12T00:00:00,TSC,2.21,2.16,2.21,2.1908668800432767,2.2,2.2,221830.0,221830.0,0.0,486000000.0,0.0,0.0,0.0,13000.0,28390000.0,136.0,356450.0,79.0,440440.0,1.1125827815,71759775.0,,,,1000.0
2018-04-13T00:00:00,TSC,2.25,2.2,2.25,2.2182229104758715,2.2,2.2,238930.0,238930.0,0.0,530000000.0,0.0,3600.0,8040000.0,0.0,0.0,95.0,581230.0,89.0,471240.0,1.1125827815,71756175.0,,,,1000.0
2018-04-16T00:00:00,TSC,2.31,2.08,2.2,2.2545959070412764,2.21,2.2,490110.0,490110.0,0.0,1105000000.0,0.0,0.0,0.0,0.0,0.0,165.0,776290.0,206.0,1239120.0,1.1125827815,0.0,,,,1000.0
2018-04-17T00:00:00,TSC,2.25,2.2,2.24,2.213368747233289,2.21,2.21,90360.0,90360.0,0.0,200000000.0,0.0,0.0,0.0,0.0,0.0,75.0,213360.0,62.0,329680.0,1.1125827815,71769175.0,,,,1000.0
2018-04-18T00:00:00,TSC,2.36,2.22,2.26,2.2849069472863683,2.3,2.21,410520.0,410520.0,0.0,938000000.0,0.0,0.0,0.0,0.0,0.0,152.0,663720.0,164.0,994310.0,1.1125827815,71769175.0,,,,1000.0
2018-04-19T00:00:00,TSC,2.3,2.26,2.3,2.27995347033734,2.27,2.3,128950.0,128950.0,0.0,294000000.0,0.0,0.0,0.0,0.0,0.0,84.0,280320.0,116.0,490300.0,1.1125827815,71769675.0,,,,1000.0
2018-04-20T00:00:00,TSC,2.27,2.22,2.27,2.2306183244932063,2.24,2.27,137630.0,137630.0,0.0,307000000.0,0.0,0.0,0.0,0.0,0.0,101.0,292120.0,74.0,336040.0,1.1125827815,0.0,,,,1000.0
2018-04-23T00:00:00,TSC,2.24,2.19,2.24,2.215705441511893,2.19,2.24,184140.0,184140.0,0.0,408000000.0,0.0,0.0,0.0,0.0,0.0,83.0,270260.0,67.0,523460.0,1.1125827815,71769675.0,,,,1000.0
2018-04-24T00:00:00,TSC,2.2,2.15,2.19,2.1755580779417327,2.18,2.19,105720.0,105720.0,0.0,230000000.0,0.0,0.0,0.0,0.0,0.0,84.0,184570.0,77.0,315430.0,1.1125827815,71769675.0,,,,1000.0
2018-04-26T00:00:00,TSC,2.17,2.03,2.17,2.068548165263795,2.03,2.18,181770.0,181770.0,0.0,376000000.0,0.0,0.0,0.0,0.0,0.0,127.0,221430.0,100.0,480500.0,1.1125827815,71769675.0,,,,1000.0
2018-04-27T00:00:00,TSC,2.04,1.95,2.03,1.992724549296528,1.95,2.03,373860.0,373860.0,0.0,745000000.0,0.0,0.0,0.0,0.0,0.0,182.0,574260.0,77.0,545370.0,1.1125827815,71769675.0,,,,1000.0
2018-05-02T00:00:00,TSC,2.0,1.95,1.99,1.9617364280858502,1.95,1.95,205940.0,205940.0,0.0,404000000.0,0.0,0.0,0.0,0.0,0.0,148.0,371780.0,70.0,431110.0,1.1125827815,0.0,,,,1000.0
2018-05-03T00:00:00,TSC,1.99,1.93,1.95,1.9526306273729885,1.98,1.95,110620.0,110620.0,0.0,216000000.0,0.0,0.0,0.0,0.0,0.0,100.0,244390.0,49.0,199230.0,1.1125827815,0.0,,,,1000.0
2018-05-04T00:00:00,TSC,1.99,1.95,1.99,1.9622756312747185,1.98,1.98,131480.0,131480.0,0.0,258000000.0,0.0,4000.0,7920000.0,0.0,0.0,143.0,259760.0,69.0,267350.0,1.1125827815,71765675.0,,,,1000.0
2018-05-07T00:00:00,TSC,2.0,1.98,1.98,1.9874636905671916,2.0,1.98,65410.0,65410.0,0.0,130000000.0,0.0,0.0,0.0,0.0,0.0,100.0,185530.0,52.0,115680.0,1.1125827815,71765675.0,,,,1000.0
2018-05-08T00:00:00,TSC,2.11,1.98,2.0,2.0693237900083696,2.1,2.0,346490.0,346490.0,0.0,717000000.0,0.0,0.0,0.0,0.0,0.0,160.0,604480.0,129.0,619280.0,1.1125827815,71765675.0,,,,1000.0
2018-05-09T00:00:00,TSC,2.13,2.07,2.13,2.095635058469376,2.08,2.1,86370.0,86370.0,0.0,181000000.0,0.0,0.0,0.0,0.0,0.0,104.0,325910.0,76.0,330520.0,1.1125827815,71765675.0,,,,1000.0
2018-05-10T00:00:00,TSC,2.1,2.03,2.1,2.082316577192126,2.08,2.08,61470.0,61470.0,0.0,128000000.0,0.0,0.0,0.0,0.0,0.0,62.0,143010.0,58.0,203400.0,1.1125827815,0.0,,,,1000.0
2018-05-11T00:00:00,TSC,2.08,2.05,2.08,2.0704979295020705,2.08,2.08,99010.0,99010.0,0.0,205000000.0,0.0,0.0,0.0,0.0,0.0,54.0,196240.0,70.0,282850.0,1.1125827815,0.0,,,,1000.0
2018-05-14T00:00:00,TSC,2.09,2.03,2.08,2.063106796116505,2.04,2.08,107120.0,107120.0,0.0,221000000.0,0.0,0.0,0.0,0.0,0.0,90.0,261890.0,76.0,327840.0,1.1125827815,0.0,,,,1000.0
2018-05-15T00:00:00,TSC,2.07,2.0,2.07,2.025684516598013,2.03,2.04,206350.0,206350.0,0.0,418000000.0,0.0,0.0,0.0,0.0,0.0,123.0,312990.0,60.0,347250.0,1.1125827815,71765675.0,,,,1000.0
2018-05-16T00:00:00,TSC,2.04,2.0,2.03,2.018698267135116,2.01,2.03,167930.0,167930.0,0.0,339000000.0,0.0,0.0,0.0,0.0,0.0,102.0,337430.0,60.0,279370.0,1.1125827815,71765675.0,,,,1000.0
2018-05-17T00:00:00,TSC,2.04,2.0,2.02,2.019211919231523,2.02,2.01,102020.0,102020.0,0.0,206000000.0,0.0,0.0,0.0,0.0,0.0,71.0,259830.0,53.0,213520.0,1.1125827815,71765675.0,,,,1000.0
2018-05-18T00:00:00,TSC,2.03,2.0,2.03,2.015,2.0,2.02,41590.0,41590.0,0.0,83803850.0,0.0,0.0,0.0,0.0,0.0,47.0,98050.0,48.0,142380.0,1.1125827815,0.0,,,,1000.0
2018-05-21T00:00:00,TSC,2.03,1.99,2.03,2.00213561131874,1.99,2.0,112380.0,112380.0,0.0,225000000.0,0.0,0.0,0.0,0.0,0.0,57.0,167850.0,76.0,352480.0,1.1125827815,71765675.0,,,,1000.0
2018-05-22T00:00:00,TSC,1.99,1.9,1.97,1.9455608330288636,1.95,1.99,218960.0,218960.0,0.0,426000000.0,0.0,0.0,0.0,0.0,0.0,148.0,400450.0,76.0,386830.0,1.1125827815,71765675.0,,,,1000.0
2018-05-23T00:00:00,TSC,1.96,1.9,1.96,1.91670610506389,1.94,1.95,169040.0,169040.0,0.0,324000000.0,0.0,0.0,0.0,0.0,0.0,107.0,283360.0,63.0,268830.0,1.1125827815,0.0,,,,1000.0
2018-05-24T00:00:00,TSC,1.95,1.92,1.94,1.933404940923738,1.92,1.94,83790.0,83790.0,0.0,162000000.0,0.0,0.0,0.0,0.0,0.0,78.0,279340.0,42.0,143800.0,1.1125827815,0.0,,,,1000.0
2018-05-25T00:00:00,TSC,1.94,1.88,1.94,1.9022103148024112,1.9,1.92,74650.0,74650.0,0.0,142000000.0,0.0,0.0,0.0,0.0,0.0,75.0,208680.0,39.0,176980.0,1.1125827815,71765675.0,,,,1000.0
2018-05-28T00:00:00,TSC,1.9,1.77,1.9,1.796947169313333,1.77,1.9,454660.0,454660.0,0.0,817000000.0,0.0,0.0,0.0,0.0,0.0,130.0,559100.0,82.0,640630.0,1.1125827815,71765675.0,,,,1000.0
2018-05-29T00:00:00,TSC,1.86,1.76,1.77,1.7949653411163808,1.84,1.77,137050.0,137050.0,0.0,246000000.0,0.0,0.0,0.0,0.0,0.0,83.0,357120.0,63.0,273270.0,1.1125827815,71765675.0,,,,1000.0
2018-05-30T00:00:00,TSC,1.84,1.8,1.84,1.811790156841536,1.8,1.84,36980.0,36980.0,0.0,67000000.0,0.0,0.0,0.0,0.0,0.0,39.0,97040.0,49.0,121100.0,1.1125827815,71765675.0,,,,1000.0
2018-05-31T00:00:00,TSC,1.86,1.78,1.79,1.813046048742035,1.86,1.8,152230.0,152230.0,0.0,276000000.0,0.0,0.0,0.0,0.0,0.0,102.0,313730.0,55.0,208940.0,1.1125827815,0.0,,,,1000.0
2018-06-01T00:00:00,TSC,1.99,1.85,1.85,1.9830953531817053,1.99,1.86,765470.0,765470.0,0.0,1518000000.0,0.0,0.0,0.0,0.0,0.0,175.0,1485180.0,156.0,821980.0,1.1125827815,71765675.0,,,,1000.0
2018-06-04T00:00:00,TSC,2.08,2.0,2.04,2.040892331756732,2.0,1.99,268510.0,268510.0,0.0,548000000.0,0.0,0.0,0.0,0.0,0.0,105.0,535160.0,150.0,581090.0,1.1125827815,71765675.0,,,,1000.0
2018-06-05T00:00:00,TSC,2.14,2.0,2.0,2.1149401674284833,2.14,2.0,973550.0,973550.0,0.0,2059000000.0,0.0,32000.0,68480000.0,41050.0,82100000.0,209.0,1629790.0,213.0,1163190.0,1.1125827815,71733675.0,,,,1000.0
2018-06-06T00:00:00,TSC,2.16,2.08,2.16,2.098886705959398,2.08,2.14,305400.0,305400.0,0.0,641000000.0,0.0,0.0,0.0,0.0,0.0,116.0,635360.0,137.0,498860.0,1.1125827815,0.0,,,,1000.0
2018-06-07T00:00:00,TSC,2.12,2.04,2.08,2.0622825906907405,2.08,2.08,241480.0,241480.0,0.0,498000000.0,0.0,1840.0,3790000.0,0.0,0.0,128.0,453310.0,85.0,440590.0,1.1125827815,71731835.0,,,,1000.0
2018-06-08T00:00:00,TSC,2.06,1.99,2.04,2.0111548556430447,2.01,2.08,304800.0,304800.0,0.0,613000000.0,0.0,0.0,0.0,0.0,0.0,169.0,607810.0,96.0,707120.0,1.1125827815,71772885.0,,,,1000.0
2018-06-11T00:00:00,TSC,2.01,1.96,2.0,1.9917984768599883,1.98,2.01,136560.0,136560.0,0.0,272000000.0,0.0,0.0,0.0,0.0,0.0,109.0,289920.0,66.0,362580.0,1.1125827815,0.0,,,,1000.0
2018-06-12T00:00:00,TSC,1.97,1.9,1.92,1.9328686539126996,1.95,1.98,202290.0,202290.0,0.0,391000000.0,0.0,0.0,0.0,0.0,0.0,216.0,563780.0,47.0,340320.0,1.1125827815,0.0,,,,1000.0
2018-06-13T00:00:00,TSC,2.0,1.92,1.92,1.9913707268503154,1.98,1.95,120520.0,120520.0,0.0,240000000.0,0.0,0.0,0.0,0.0,0.0,171.0,487440.0,51.0,212860.0,1.1125827815,0.0,,,,1000.0
2018-06-14T00:00:00,TSC,1.99,1.93,1.98,1.958571773998549,1.93,1.98,124070.0,124070.0,0.0,243000000.0,0.0,0.0,0.0,0.0,0.0,168.0,356930.0,53.0,307320.0,1.1125827815,71793055.0,,,,1000.0
2018-06-15T00:00:00,TSC,1.97,1.93,1.95,1.952619436160036,1.94,1.93,177710.0,177710.0,0.0,347000000.0,0.0,0.0,0.0,0.0,0.0,86.0,315710.0,52.0,248860.0,1.1125827815,71802165.0,,,,1000.0
2018-06-18T00:00:00,TSC,1.96,1.93,1.94,1.9446205876136122,1.93,1.94,47310.0,47310.0,0.0,92000000.0,0.0,0.0,0.0,0.0,0.0,83.0,150610.0,51.0,130170.0,1.1125827815,0.0,,,,1000.0
2018-06-19T00:00:00,TSC,1.94,1.8,1.91,1.8163035311795643,1.8,1.93,532400.0,532400.0,0.0,967000000.0,0.0,0.0,0.0,0.0,0.0,158.0,596810.0,102.0,656610.0,1.1125827815,71809465.0,,,,1000.0
2018-06-20T00:00:00,TSC,1.86,1.8,1.84,1.8047739181059577,1.8,1.8,463770.0,463770.0,0.0,837000000.0,0.0,0.0,0.0,0.0,0.0,207.0,656260.0,87.0,738840.0,1.1125827815,71809465.0,,,,1000.0
2018-06-21T00:00:00,TSC,1.84,1.78,1.84,1.802649110431852,1.78,1.8,127590.0,127590.0,0.0,230000000.0,0.0,0.0,0.0,0.0,0.0,125.0,265120.0,55.0,306530.0,1.1125827815,0.0,,,,1000.0
2018-06-22T00:00:00,TSC,1.82,1.79,1.82,1.7935901205527787,1.8,1.78,34010.0,34010.0,0.0,61000000.0,0.0,0.0,0.0,0.0,0.0,69.0,141570.0,44.0,177700.0,1.1125827815,71809465.0,,,,1000.0
2018-06-25T00:00:00,TSC,1.84,1.8,1.82,1.824390243902439,1.83,1.8,102500.0,102500.0,0.0,187000000.0,0.0,0.0,0.0,780.0,1400000.0,58.0,167520.0,76.0,256320.0,1.1125827815,71809465.0,,,,1000.0
2018-06-26T00:00:00,TSC,1.83,1.8,1.83,1.8148820326678765,1.83,1.83,104690.0,104690.0,0.0,190000000.0,0.0,2650.0,4820000.0,0.0,0.0,93.0,275500.0,67.0,279980.0,1.1125827815,71806815.0,,,,1000.0
2018-06-27T00:00:00,TSC,1.87,1.81,1.81,1.8394844756883422,1.83,1.83,85350.0,85350.0,0.0,157000000.0,0.0,0.0,0.0,0.0,0.0,79.0,188310.0,105.0,339420.0,1.1125827815,71806815.0,,,,1000.0
2018-06-28T00:00:00,TSC,1.84,1.79,1.83,1.8154606975533576,1.82,1.83,153680.0,153680.0,0.0,279000000.0,0.0,0.0,0.0,0.0,0.0,94.0,305420.0,68.0,461790.0,1.1125827815,71807595.0,,,,1000.0
2018-06-29T00:00:00,TSC,1.83,1.79,1.8,1.8039135752140236,1.8,1.82,98120.0,98120.0,0.0,177000000.0,0.0,0.0,0.0,0.0,0.0,66.0,209630.0,69.0,312520.0,1.1125827815,71807595.0,,,,1000.0
2018-07-02T00:00:00,TSC,1.82,1.78,1.82,1.7948509705189637,1.78,1.8,123130.0,123130.0,0.0,221000000.0,0.0,0.0,0.0,0.0,0.0,58.0,246610.0,60.0,323280.0,1.1125827815,71807595.0,,,,1000.0
2018-07-03T00:00:00,TSC,1.83,1.75,1.78,1.7720639332870047,1.75,1.78,86340.0,86340.0,0.0,153000000.0,0.0,0.0,0.0,860.0,1510000.0,78.0,212130.0,72.0,281250.0,1.1125827815,71807595.0,,,,1000.0
2018-07-04T00:00:00,TSC,1.8,1.72,1.8,1.7491254372813594,1.73,1.75,80040.0,80040.0,0.0,140000000.0,0.0,0.0,0.0,0.0,0.0,53.0,120910.0,69.0,259360.0,1.1125827815,71807595.0,,,,1000.0
2018-07-05T00:00:00,TSC,1.79,1.69,1.74,1.7167381974248925,1.7,1.73,111840.0,111840.0,0.0,192000000.0,0.0,0.0,0.0,0.0,0.0,68.0,159110.0,72.0,333720.0,1.1125827815,0.0,,,,1000.0
2018-07-06T00:00:00,TSC,1.7,1.6,1.6,1.6545770637251962,1.69,1.7,166810.0,166810.0,0.0,276000000.0,0.0,0.0,0.0,460.0,740000.0,97.0,323250.0,47.0,244420.0,1.1125827815,71808455.0,,,,1000.0
2018-07-09T00:00:00,TSC,1.7,1.65,1.7,1.6698126905764483,1.68,1.69,68870.0,68870.0,0.0,115000000.0,0.0,0.0,0.0,0.0,0.0,67.0,186760.0,42.0,175110.0,1.1125827815,0.0,,,,1000.0
2018-07-10T00:00:00,TSC,1.7,1.65,1.69,1.6752941176470588,1.65,1.68,106250.0,106250.0,0.0,178000000.0,0.0,0.0,0.0,0.0,0.0,51.0,135650.0,48.0,218030.0,1.1125827815,71808455.0,,,,1000.0
2018-07-11T00:00:00,TSC,1.66,1.6,1.65,1.6136919315403422,1.62,1.65,143150.0,143150.0,0.0,231000000.0,0.0,0.0,0.0,0.0,0.0,75.0,220290.0,48.0,238080.0,1.1125827815,71808915.0,,,,1000.0
2018-07-12T00:00:00,TSC,1.63,1.59,1.62,1.6175,1.63,1.62,7710.0,7710.0,0.0,12470925.0,0.0,0.0,0.0,0.0,0.0,41.0,58110.0,31.0,51340.0,1.1125827815,71808915.0,,,,1000.0
2018-07-13T00:00:00,TSC,1.7,1.62,1.63,1.6742026151778078,1.67,1.63,163660.0,163660.0,0.0,274000000.0,0.0,0.0,0.0,0.0,0.0,81.0,760320.0,119.0,332820.0,1.1125827815,0.0,,,,1000.0
2018-07-16T00:00:00,TSC,1.72,1.66,1.69,1.6959015712029264,1.68,1.67,120290.0,120290.0,0.0,204000000.0,0.0,0.0,0.0,0.0,0.0,85.0,212280.0,124.0,368580.0,1.1125827815,71808915.0,,,,1000.0
2018-07-17T00:00:00,TSC,1.68,1.65,1.68,1.67,1.67,1.68,48540.0,48540.0,0.0,81061800.0,0.0,0.0,0.0,0.0,0.0,52.0,116050.0,93.0,253580.0,1.1125827815,71808915.0,,,,1000.0
2018-07-18T00:00:00,TSC,1.68,1.65,1.68,1.6786570743405276,1.68,1.67,37530.0,37530.0,0.0,63000000.0,0.0,0.0,0.0,0.0,0.0,55.0,147670.0,62.0,188140.0,1.1125827815,0.0,,,,1000.0
2018-07-19T00:00:00,TSC,1.79,1.7,1.71,1.7821666471894355,1.79,1.68,171140.0,171140.0,0.0,305000000.0,0.0,0.0,0.0,0.0,0.0,96.0,1376500.0,69.0,198660.0,1.1125827815,71810585.0,,,,1000.0
2018-07-20T00:00:00,TSC,1.91,1.88,1.91,1.907892939430091,1.91,1.79,1098070.0,1098070.0,0.0,2095000000.0,0.0,0.0,0.0,0.0,0.0,217.0,1534010.0,167.0,1134910.0,1.1125827815,71810585.0,,,,1000.0
2018-07-23T00:00:00,TSC,1.92,1.85,1.86,1.8818996814106839,1.86,1.91,134970.0,134970.0,0.0,254000000.0,0.0,0.0,0.0,0.0,0.0,110.0,349910.0,138.0,594320.0,1.1125827815,0.0,,,,1000.0
2018-07-24T00:00:00,TSC,1.9,1.83,1.87,1.8562990848315701,1.83,1.86,154070.0,154070.0,0.0,286000000.0,0.0,0.0,0.0,0.0,0.0,92.0,280870.0,94.0,463500.0,1.1125827815,71810585.0,,,,1000.0
2018-07-25T00:00:00,TSC,1.94,1.71,1.82,1.855738889892826,1.93,1.83,719390.0,719390.0,0.0,1335000000.0,0.0,0.0,0.0,0.0,0.0,255.0,1301480.0,240.0,1266620.0,1.1125827815,71810585.0,,,,1000.0
2018-07-26T00:00:00,TSC,1.96,1.85,1.93,1.898115840893231,1.9,1.93,286600.0,286600.0,0.0,544000000.0,0.0,0.0,0.0,0.0,0.0,148.0,644810.0,178.0,861080.0,1.1125827815,71810585.0,,,,1000.0
2018-07-27T00:00:00,TSC,1.9,1.83,1.9,1.8832213494842434,1.89,1.9,105670.0,105670.0,0.0,199000000.0,0.0,0.0,0.0,0.0,0.0,108.0,364530.0,100.0,452340.0,1.1125827815,71810585.0,,,,1000.0
2018-07-30T00:00:00,TSC,1.89,1.79,1.82,1.8213440262814629,1.88,1.89,413980.0,413980.0,0.0,754000000.0,0.0,0.0,0.0,0.0,0.0,199.0,845270.0,159.0,817250.0,1.1125827815,0.0,,,,1000.0
2018-07-31T00:00:00,TSC,1.88,1.84,1.88,1.8549747048903877,1.84,1.88,118600.0,118600.0,0.0,220000000.0,0.0,0.0,0.0,0.0,0.0,88.0,278530.0,105.0,397890.0,1.1125827815,71810585.0,,,,1000.0
2018-08-01T00:00:00,TSC,1.95,1.83,1.84,1.8682498155229086,1.87,1.84,298140.0,298140.0,0.0,557000000.0,0.0,0.0,0.0,0.0,0.0,175.0,609180.0,160.0,678120.0,1.1125827815,71810585.0,,,,1000.0
2018-08-02T00:00:00,TSC,1.87,1.8,1.85,1.8263845675171126,1.87,1.87,321400.0,321400.0,0.0,587000000.0,0.0,25000.0,46750000.0,0.0,0.0,185.0,532600.0,111.0,738390.0,1.1125827815,71785585.0,,,,1000.0
2018-08-03T00:00:00,TSC,1.88,1.83,1.83,1.8435155412647373,1.83,1.87,46650.0,46650.0,0.0,86000000.0,0.0,2450.0,4570000.0,0.0,0.0,85.0,177670.0,126.0,455030.0,1.1125827815,71783135.0,,,,1000.0
2018-08-06T00:00:00,TSC,1.82,1.78,1.82,1.7998731366952108,1.8,1.83,126120.0,126120.0,0.0,227000000.0,0.0,0.0,0.0,0.0,0.0,117.0,235420.0,118.0,394950.0,1.1125827815,71783135.0,,,,1000.0
2018-08-07T00:00:00,TSC,1.82,1.78,1.8,1.8017106128852673,1.8,1.8,197590.0,197590.0,0.0,356000000.0,0.0,0.0,0.0,0.0,0.0,93.0,282950.0,82.0,401930.0,1.1125827815,71783135.0,,,,1000.0
2018-08-08T00:00:00,TSC,1.84,1.76,1.84,1.792904353110993,1.77,1.8,131630.0,131630.0,0.0,236000000.0,0.0,0.0,0.0,0.0,0.0,114.0,225590.0,77.0,396790.0,1.1125827815,0.0,,,,1000.0
2018-08-09T00:00:00,TSC,1.8,1.75,1.77,1.756454084639868,1.78,1.77,169660.0,169660.0,0.0,298000000.0,0.0,5000.0,8770000.0,0.0,0.0,119.0,322020.0,62.0,412440.0,1.1125827815,71778135.0,,,,1000.0
2018-08-10T00:00:00,TSC,1.79,1.73,1.79,1.7426991018854459,1.75,1.78,168130.0,168130.0,0.0,293000000.0,0.0,0.0,0.0,0.0,0.0,141.0,357700.0,68.0,423130.0,1.1125827815,0.0,,,,1000.0
2018-08-13T00:00:00,TSC,1.78,1.72,1.78,1.7361543248288738,1.75,1.75,160700.0,160700.0,0.0,279000000.0,0.0,0.0,0.0,0.0,0.0,94.0,361780.0,72.0,413450.0,1.1125827815,0.0,,,,1000.0
2018-08-14T00:00:00,TSC,1.76,1.73,1.76,1.7333049766056998,1.74,1.75,94040.0,94040.0,0.0,163000000.0,0.0,0.0,0.0,0.0,0.0,83.0,256400.0,59.0,350010.0,1.1125827815,71778135.0,,,,1000.0
2018-08-15T00:00:00,TSC,1.75,1.71,1.74,1.7195571955719555,1.72,1.74,135500.0,135500.0,0.0,233000000.0,0.0,0.0,0.0,0.0,0.0,83.0,240270.0,57.0,473980.0,1.1125827815,0.0,,,,1000.0
2018-08-16T00:00:00,TSC,1.73,1.69,1.72,1.7017087405948947,1.72,1.72,142210.0,142210.0,0.0,242000000.0,0.0,0.0,0.0,10620.0,18100000.0,106.0,323100.0,55.0,338490.0,1.1125827815,71778135.0,,,,1000.0
2018-08-17T00:00:00,TSC,1.73,1.7,1.72,1.7126389460683409,1.71,1.72,121450.0,121450.0,0.0,208000000.0,0.0,0.0,0.0,0.0,0.0,99.0,333620.0,47.0,280520.0,1.1125827815,71778135.0,,,,1000.0
2018-08-20T00:00:00,TSC,1.71,1.69,1.7,1.7072187121924989,1.71,1.71,74390.0,74390.0,0.0,127000000.0,0.0,0.0,0.0,0.0,0.0,56.0,210840.0,32.0,174130.0,1.1125827815,0.0,,,,1000.0
2018-08-21T00:00:00,TSC,1.72,1.67,1.72,1.689554081160315,1.7,1.71,129620.0,129620.0,0.0,219000000.0,0.0,0.0,0.0,0.0,0.0,79.0,340770.0,54.0,265240.0,1.1125827815,71783755.0,,,,1000.0
2018-08-22T00:00:00,TSC,1.72,1.7,1.72,1.71,1.7,1.7,57700.0,57700.0,0.0,98667000.0,0.0,0.0,0.0,1730.0,2980000.0,57.0,267940.0,40.0,117000.0,1.1125827815,71783755.0,,,,1000.0
2018-08-23T00:00:00,TSC,1.71,1.67,1.69,1.6890363444427687,1.7,1.7,66310.0,66310.0,0.0,112000000.0,0.0,800.0,1360000.0,0.0,0.0,53.0,252450.0,38.0,192620.0,1.1125827815,71782955.0,,,,1000.0
2018-08-24T00:00:00,TSC,1.72,1.7,1.71,1.7114270668773037,1.7,1.7,37980.0,37980.0,0.0,65000000.0,0.0,0.0,0.0,840.0,1440000.0,32.0,187570.0,48.0,164710.0,1.1125827815,71782955.0,,,,1000.0
2018-08-27T00:00:00,TSC,1.7,1.68,1.69,1.6857547291210913,1.69,1.7,77710.0,77710.0,0.0,131000000.0,0.0,0.0,0.0,0.0,0.0,62.0,323380.0,48.0,170960.0,1.1125827815,71784685.0,,,,1000.0
2018-08-28T00:00:00,TSC,1.72,1.67,1.69,1.700194678780013,1.7,1.69,231150.0,231150.0,0.0,393000000.0,0.0,0.0,0.0,0.0,0.0,98.0,521300.0,114.0,432940.0,1.1125827815,71784685.0,,,,1000.0
2018-08-29T00:00:00,TSC,1.75,1.68,1.7,1.714913887871015,1.73,1.7,136450.0,136450.0,0.0,234000000.0,0.0,0.0,0.0,0.0,0.0,89.0,528580.0,109.0,326640.0,1.1125827815,71785525.0,,,,1000.0
2018-08-30T00:00:00,TSC,1.74,1.7,1.74,1.7083734359961502,1.72,1.73,83120.0,83120.0,0.0,142000000.0,0.0,0.0,0.0,0.0,0.0,101.0,306440.0,55.0,324050.0,1.1125827815,0.0,,,,1000.0
2018-08-31T00:00:00,TSC,1.73,1.7,1.73,1.71473109898675,1.72,1.72,102640.0,102640.0,0.0,176000000.0,0.0,0.0,0.0,0.0,0.0,64.0,242020.0,47.0,308820.0,1.1125827815,71785525.0,,,,1000.0
2018-09-04T00:00:00,TSC,1.84,1.7,1.7,1.767279688247761,1.76,1.72,292540.0,292540.0,0.0,517000000.0,0.0,0.0,0.0,0.0,0.0,140.0,592390.0,159.0,581050.0,1.1125827815,71785525.0,,,,1000.0
2018-09-05T00:00:00,TSC,1.79,1.73,1.79,1.7376913529168392,1.75,1.76,72510.0,72510.0,0.0,126000000.0,0.0,0.0,0.0,0.0,0.0,58.0,193290.0,97.0,335730.0,1.1125827815,0.0,,,,1000.0
2018-09-06T00:00:00,TSC,1.77,1.72,1.73,1.7342095655348666,1.72,1.75,109560.0,109560.0,0.0,190000000.0,0.0,0.0,0.0,0.0,0.0,103.0,301390.0,71.0,593660.0,1.1125827815,71785525.0,,,,1000.0
2018-09-07T00:00:00,TSC,1.76,1.7,1.72,1.7276242505942034,1.75,1.72,281890.0,281890.0,0.0,487000000.0,0.0,0.0,0.0,0.0,0.0,140.0,727970.0,83.0,547160.0,1.1125827815,0.0,,,,1000.0
2018-09-10T00:00:00,TSC,1.77,1.74,1.77,1.7473388230568387,1.75,1.75,49790.0,49790.0,0.0,87000000.0,0.0,0.0,0.0,0.0,0.0,80.0,251610.0,71.0,296370.0,1.1125827815,71795425.0,,,,1000.0
2018-09-11T00:00:00,TSC,1.77,1.72,1.75,1.7474073021736043,1.74,1.75,140780.0,140780.0,0.0,246000000.0,0.0,0.0,0.0,0.0,0.0,74.0,286340.0,92.0,411150.0,1.1125827815,71795425.0,,,,1000.0
2018-09-12T00:00:00,TSC,1.81,1.74,1.74,1.7910522120366679,1.79,1.74,401440.0,401440.0,0.0,719000000.0,0.0,0.0,0.0,0.0,0.0,170.0,2161900.0,253.0,1183430.0,1.1125827815,0.0,,,,1000.0
2018-09-13T00:00:00,TSC,1.91,1.8,1.8,1.8985274009897994,1.88,1.79,826430.0,826430.0,0.0,1569000000.0,0.0,0.0,0.0,0.0,0.0,254.0,3157670.0,251.0,1180210.0,1.1125827815,71795425.0,,,,1000.0
2018-09-14T00:00:00,TSC,1.89,1.84,1.88,1.880469186371253,1.84,1.88,53710.0,53710.0,0.0,101000000.0,0.0,0.0,0.0,0.0,0.0,81.0,173570.0,113.0,543040.0,1.1125827815,0.0,,,,1000.0
2018-09-17T00:00:00,TSC,1.84,1.79,1.83,1.8079017171576157,1.83,1.84,143260.0,143260.0,0.0,259000000.0,0.0,0.0,0.0,0.0,0.0,133.0,336470.0,88.0,331080.0,1.1125827815,0.0,,,,1000.0
2018-09-18T00:00:00,TSC,1.83,1.77,1.8,1.794344758624521,1.81,1.83,180010.0,180010.0,0.0,323000000.0,0.0,0.0,0.0,0.0,0.0,135.0,519250.0,83.0,398890.0,1.1125827815,71800525.0,,,,1000.0
2018-09-19T00:00:00,TSC,1.81,1.77,1.81,1.7812773403324584,1.77,1.81,285750.0,285750.0,0.0,509000000.0,0.0,0.0,0.0,0.0,0.0,201.0,657230.0,76.0,786460.0,1.1125827815,0.0,,,,1000.0
2018-09-20T00:00:00,TSC,1.85,1.79,1.85,1.8015794669299112,1.79,1.77,81040.0,81040.0,0.0,146000000.0,0.0,0.0,0.0,0.0,0.0,131.0,327840.0,89.0,474640.0,1.1125827815,0.0,,,,1000.0
2018-09-21T00:00:00,TSC,1.82,1.76,1.82,1.785060417429513,1.76,1.79,327720.0,327720.0,0.0,585000000.0,0.0,0.0,0.0,0.0,0.0,132.0,523220.0,106.0,811190.0,1.1125827815,71800525.0,,,,1000.0
2018-09-24T00:00:00,TSC,1.79,1.73,1.79,1.7586912065439675,1.77,1.76,146700.0,146700.0,0.0,258000000.0,0.0,0.0,0.0,0.0,0.0,116.0,373190.0,76.0,473850.0,1.1125827815,0.0,,,,1000.0
2018-09-25T00:00:00,TSC,1.85,1.76,1.76,1.8078946205189408,1.81,1.77,452460.0,452460.0,0.0,818000000.0,0.0,0.0,0.0,100.0,180000.0,159.0,1012960.0,168.0,848190.0,1.1125827815,71800525.0,,,,1000.0
2018-09-26T00:00:00,TSC,1.85,1.8,1.84,1.82382092168695,1.8,1.81,296630.0,296630.0,0.0,541000000.0,0.0,0.0,0.0,0.0,0.0,137.0,401350.0,150.0,763050.0,1.1125827815,71800525.0,,,,1000.0
2018-09-27T00:00:00,TSC,1.84,1.79,1.8,1.8163343071256193,1.82,1.8,157460.0,157460.0,0.0,286000000.0,0.0,0.0,0.0,0.0,0.0,115.0,554520.0,85.0,398320.0,1.1125827815,71800525.0,,,,1000.0
2018-09-28T00:00:00,TSC,1.85,1.8,1.84,1.822594880847308,1.82,1.82,226600.0,226600.0,0.0,413000000.0,0.0,0.0,0.0,0.0,0.0,115.0,439110.0,112.0,734900.0,1.1125827815,71800625.0,,,,1000.0
2018-10-01T00:00:00,TSC,1.85,1.8,1.82,1.8265007320644218,1.84,1.82,273200.0,273200.0,0.0,499000000.0,0.0,0.0,0.0,0.0,0.0,110.0,548340.0,97.0,489650.0,1.1125827815,71800620.0,,,,1000.0
2018-10-02T00:00:00,TSC,1.83,1.8,1.8,1.808280678417027,1.8,1.84,240560.0,240560.0,0.0,435000000.0,0.0,46570.0,84290000.0,0.0,0.0,103.0,493230.0,79.0,510010.0,1.1125827815,71754050.0,,,,1000.0
2018-10-03T00:00:00,TSC,1.85,1.81,1.82,1.8365834452730558,1.85,1.8,431780.0,431780.0,0.0,793000000.0,0.0,100000.0,185000000.0,0.0,0.0,94.0,700210.0,103.0,613400.0,1.1125827815,71654050.0,,,,1000.0
2018-10-04T00:00:00,TSC,1.9,1.85,1.89,1.8795916420188914,1.88,1.85,209620.0,209620.0,0.0,394000000.0,0.0,0.0,0.0,0.0,0.0,146.0,430490.0,163.0,672330.0,1.1125827815,71654050.0,,,,1000.0
2018-10-05T00:00:00,TSC,1.88,1.83,1.88,1.8534329420135185,1.84,1.88,281100.0,281100.0,0.0,521000000.0,0.0,98150.0,181800000.0,18820.0,35190000.0,125.0,443130.0,142.0,909480.0,1.1125827815,71555900.0,,,,1000.0
2018-10-08T00:00:00,TSC,1.86,1.82,1.86,1.8271692117574367,1.83,1.84,113290.0,113290.0,0.0,207000000.0,0.0,21850.0,39770000.0,0.0,0.0,126.0,287050.0,77.0,393870.0,1.1125827815,71534050.0,,,,1000.0
2018-10-09T00:00:00,TSC,1.84,1.81,1.83,1.8127237039602817,1.81,1.83,86610.0,86610.0,0.0,157000000.0,0.0,0.0,0.0,0.0,0.0,87.0,362980.0,56.0,253370.0,1.1125827815,71534050.0,,,,1000.0
2018-10-10T00:00:00,TSC,1.83,1.8,1.81,1.8062267289867702,1.8,1.81,126230.0,126230.0,0.0,228000000.0,0.0,39560.0,71210000.0,0.0,0.0,78.0,380100.0,64.0,360460.0,1.1125827815,71513310.0,,,,1000.0
2018-10-11T00:00:00,TSC,1.79,1.68,1.79,1.6969788065534346,1.68,1.8,665300.0,665300.0,0.0,1129000000.0,0.0,0.0,0.0,2240.0,3800000.0,194.0,677680.0,122.0,1102300.0,1.1125827815,71513310.0,,,,1000.0
2018-10-12T00:00:00,TSC,1.71,1.63,1.66,1.676101676101676,1.71,1.68,90090.0,90090.0,0.0,151000000.0,0.0,0.0,0.0,0.0,0.0,144.0,480290.0,60.0,247460.0,1.1125827815,71513310.0,,,,1000.0
2018-10-15T00:00:00,TSC,1.7,1.65,1.7,1.6786069131412436,1.66,1.71,191230.0,191230.0,0.0,321000000.0,0.0,0.0,0.0,0.0,0.0,82.0,247360.0,60.0,346290.0,1.1125827815,71513310.0,,,,1000.0
2018-10-16T00:00:00,TSC,1.69,1.66,1.68,1.6711229946524062,1.67,1.66,89760.0,89760.0,0.0,150000000.0,0.0,0.0,0.0,0.0,0.0,82.0,244260.0,49.0,245920.0,1.1125827815,71515550.0,,,,1000.0
2018-10-17T00:00:00,TSC,1.73,1.68,1.68,1.696005614363413,1.71,1.67,170990.0,170990.0,0.0,290000000.0,0.0,0.0,0.0,0.0,0.0,99.0,408150.0,86.0,416280.0,1.1125827815,71515550.0,,,,1000.0
2018-10-18T00:00:00,TSC,1.74,1.68,1.72,1.7115839243498818,1.7,1.71,105750.0,105750.0,0.0,181000000.0,0.0,0.0,0.0,0.0,0.0,97.0,226920.0,72.0,325510.0,1.1125827815,71515550.0,,,,1000.0
2018-10-19T00:00:00,TSC,1.71,1.69,1.7,1.7,1.7,1.7,51520.0,51520.0,0.0,87584000.0,0.0,0.0,0.0,0.0,0.0,52.0,131650.0,38.0,137140.0,1.1125827815,71515550.0,,,,1000.0
2018-10-22T00:00:00,TSC,1.7,1.67,1.7,1.6917293233082709,1.68,1.7,74480.0,74480.0,0.0,126000000.0,0.0,0.0,0.0,0.0,0.0,57.0,156560.0,57.0,381300.0,1.1125827815,71515550.0,,,,1000.0
2018-10-23T00:00:00,TSC,1.72,1.65,1.68,1.6858274562844169,1.65,1.68,207020.0,207020.0,0.0,349000000.0,0.0,0.0,0.0,25500.0,42870000.0,106.0,309640.0,96.0,439380.0,1.1125827815,71515550.0,,,,1000.0
2018-10-24T00:00:00,TSC,1.68,1.62,1.65,1.6402405686167303,1.65,1.65,73160.0,73160.0,0.0,120000000.0,0.0,0.0,0.0,0.0,0.0,71.0,211800.0,52.0,189400.0,1.1125827815,71515550.0,,,,1000.0
2018-10-25T00:00:00,TSC,1.65,1.54,1.65,1.5667163397639856,1.57,1.65,248290.0,248290.0,0.0,389000000.0,0.0,0.0,0.0,0.0,0.0,135.0,435610.0,82.0,433680.0,1.1125827815,71515550.0,,,,1000.0
2018-10-26T00:00:00,TSC,1.6,1.57,1.6,1.5835651615664457,1.58,1.57,46730.0,46730.0,0.0,74000000.0,0.0,500.0,790000.0,0.0,0.0,65.0,167520.0,44.0,144540.0,1.1125827815,71540550.0,,,,1000.0
2018-10-29T00:00:00,TSC,1.58,1.55,1.58,1.5572105619498984,1.57,1.58,29540.0,29540.0,0.0,46000000.0,0.0,0.0,0.0,0.0,0.0,66.0,144220.0,50.0,149130.0,1.1125827815,71540550.0,,,,1000.0
2018-10-30T00:00:00,TSC,1.56,1.5,1.53,1.518362353352413,1.51,1.57,457730.0,457730.0,0.0,695000000.0,0.0,0.0,0.0,0.0,0.0,122.0,565250.0,112.0,791920.0,1.1125827815,71540550.0,,,,1000.0
2018-10-31T00:00:00,TSC,1.52,1.49,1.5,1.4973330762804447,1.5,1.51,155610.0,155610.0,0.0,233000000.0,0.0,0.0,0.0,0.0,0.0,100.0,274960.0,66.0,581120.0,1.1125827815,71540550.0,,,,1000.0
2018-11-01T00:00:00,TSC,1.52,1.44,1.52,1.4652704535181558,1.48,1.5,265480.0,265480.0,0.0,389000000.0,0.0,1000.0,1500000.0,0.0,0.0,99.0,413560.0,60.0,454110.0,1.1125827815,71539550.0,,,,1000.0
2018-11-02T00:00:00,TSC,1.58,1.43,1.48,1.516732989757975,1.57,1.48,613160.0,613160.0,0.0,930000000.0,0.0,29100.0,45690000.0,0.0,0.0,175.0,1211630.0,161.0,1107110.0,1.1125827815,71510450.0,,,,1000.0
2018-11-05T00:00:00,TSC,1.65,1.57,1.57,1.6183067401056157,1.6,1.57,176110.0,176110.0,0.0,285000000.0,0.0,0.0,0.0,0.0,0.0,126.0,413920.0,153.0,707640.0,1.1125827815,71510450.0,,,,1000.0
2018-11-06T00:00:00,TSC,1.62,1.55,1.56,1.5775489870474926,1.56,1.6,60220.0,60220.0,0.0,95000000.0,0.0,0.0,0.0,0.0,0.0,98.0,147450.0,99.0,385210.0,1.1125827815,71510450.0,,,,1000.0
2018-11-07T00:00:00,TSC,1.54,1.48,1.54,1.5049078525641026,1.52,1.56,399360.0,399360.0,0.0,601000000.0,0.0,0.0,0.0,0.0,0.0,148.0,551800.0,85.0,595230.0,1.1125827815,71510450.0,,,,1000.0
2018-11-08T00:00:00,TSC,1.55,1.49,1.49,1.520051746442432,1.51,1.52,61840.0,61840.0,0.0,94000000.0,0.0,0.0,0.0,0.0,0.0,88.0,190050.0,79.0,266420.0,1.1125827815,71510450.0,,,,1000.0
2018-11-09T00:00:00,TSC,1.56,1.49,1.5,1.5070921985815604,1.49,1.51,90240.0,90240.0,0.0,136000000.0,0.0,0.0,0.0,0.0,0.0,71.0,263160.0,53.0,227090.0,1.1125827815,71510450.0,,,,1000.0
2018-11-12T00:00:00,TSC,1.53,1.47,1.53,1.4783526927138333,1.48,1.49,56820.0,56820.0,0.0,84000000.0,0.0,0.0,0.0,0.0,0.0,69.0,147230.0,50.0,236070.0,1.1125827815,71510450.0,,,,1000.0
2018-11-13T00:00:00,TSC,1.48,1.45,1.46,1.4609765474817378,1.46,1.48,26010.0,26010.0,0.0,38000000.0,0.0,0.0,0.0,0.0,0.0,57.0,299840.0,43.0,174650.0,1.1125827815,71510450.0,,,,1000.0
2018-11-14T00:00:00,TSC,1.5,1.45,1.49,1.4727540500736378,1.45,1.46,67900.0,67900.0,0.0,100000000.0,0.0,0.0,0.0,0.0,0.0,63.0,120750.0,52.0,213870.0,1.1125827815,71510450.0,,,,1000.0
2018-11-15T00:00:00,TSC,1.48,1.41,1.48,1.4344262295081966,1.41,1.45,156160.0,156160.0,0.0,224000000.0,0.0,0.0,0.0,5000.0,7250000.0,76.0,192800.0,50.0,281770.0,1.1125827815,71510450.0,,,,1000.0
2018-11-16T00:00:00,TSC,1.43,1.4,1.41,1.4100268576544315,1.41,1.41,89360.0,89360.0,0.0,126000000.0,0.0,0.0,0.0,0.0,0.0,67.0,166290.0,38.0,220790.0,1.1125827815,71510450.0,,,,1000.0
2018-11-19T00:00:00,TSC,1.46,1.39,1.41,1.4018043025676614,1.4,1.41,72050.0,72050.0,0.0,101000000.0,0.0,0.0,0.0,0.0,0.0,82.0,125910.0,43.0,167790.0,1.1125827815,71510450.0,,,,1000.0
2018-11-20T00:00:00,TSC,1.42,1.39,1.42,1.39986667936387,1.42,1.4,105010.0,105010.0,0.0,147000000.0,0.0,0.0,0.0,0.0,0.0,71.0,189680.0,38.0,143120.0,1.1125827815,71515450.0,,,,1000.0
2018-11-21T00:00:00,TSC,1.43,1.39,1.42,1.410488245931284,1.43,1.42,27650.0,27650.0,0.0,39000000.0,0.0,0.0,0.0,0.0,0.0,55.0,90640.0,51.0,176520.0,1.1125827815,71515450.0,,,,1000.0
2018-11-22T00:00:00,TSC,1.43,1.41,1.43,1.4296463506395787,1.43,1.43,26580.0,26580.0,0.0,38000000.0,0.0,0.0,0.0,0.0,0.0,65.0,90040.0,37.0,195640.0,1.1125827815,71515450.0,,,,1000.0
2018-11-23T00:00:00,TSC,1.44,1.4,1.42,1.4021312394840155,1.4,1.43,17830.0,17830.0,0.0,25000000.0,0.0,0.0,0.0,0.0,0.0,60.0,151910.0,44.0,233680.0,1.1125827815,71515450.0,,,,1000.0
2018-11-26T00:00:00,TSC,1.42,1.39,1.4,1.409437100586536,1.41,1.4,114230.0,114230.0,0.0,161000000.0,0.0,0.0,0.0,0.0,0.0,87.0,278520.0,54.0,250330.0,1.1125827815,71515450.0,,,,1000.0
2018-11-27T00:00:00,TSC,1.42,1.39,1.42,1.391968465139197,1.4,1.41,81180.0,81180.0,0.0,113000000.0,0.0,0.0,0.0,6550.0,9170000.0,80.0,185030.0,52.0,273450.0,1.1125827815,71515450.0,,,,1000.0
2018-11-28T00:00:00,TSC,1.4,1.38,1.4,1.395,1.4,1.4,47730.0,47730.0,0.0,66583350.0,0.0,0.0,0.0,0.0,0.0,61.0,175340.0,38.0,209550.0,1.1125827815,0.0,,,,1000.0
2018-11-29T00:00:00,TSC,1.41,1.39,1.41,1.3920584208124145,1.4,1.4,43820.0,43820.0,0.0,61000000.0,0.0,0.0,0.0,0.0,0.0,57.0,118160.0,49.0,254990.0,1.1125827815,71515450.0,,,,1000.0
2018-11-30T00:00:00,TSC,1.4,1.38,1.38,1.3823437009110902,1.39,1.4,31830.0,31830.0,0.0,44000000.0,0.0,0.0,0.0,0.0,0.0,68.0,208520.0,55.0,240650.0,1.1125827815,71522000.0,,,,1000.0
2018-12-03T00:00:00,TSC,1.45,1.39,1.4,1.4192575508936887,1.42,1.39,225470.0,225470.0,0.0,320000000.0,0.0,0.0,0.0,0.0,0.0,129.0,353600.0,101.0,442530.0,1.1125827815,71522000.0,,,,1000.0
2018-12-04T00:00:00,TSC,1.43,1.41,1.43,1.42,1.41,1.42,17880.0,17880.0,0.0,25389600.0,0.0,0.0,0.0,1500.0,2130000.0,46.0,63540.0,66.0,251440.0,1.1125827815,71522000.0,,,,1000.0
2018-12-05T00:00:00,TSC,1.42,1.39,1.42,1.4075,1.4,1.41,14540.0,14540.0,0.0,20465050.0,0.0,20.0,28400.0,0.0,0.0,47.0,73550.0,40.0,135190.0,1.1125827815,71521980.0,,,,1000.0
2018-12-06T00:00:00,TSC,1.42,1.39,1.39,1.4068965517241379,1.41,1.4,72500.0,72500.0,0.0,102000000.0,0.0,0.0,0.0,0.0,0.0,66.0,194610.0,52.0,241610.0,1.1125827815,71521980.0,,,,1000.0
2018-12-07T00:00:00,TSC,1.42,1.39,1.42,1.3977635782747604,1.41,1.41,50080.0,50080.0,0.0,70000000.0,0.0,0.0,0.0,0.0,0.0,65.0,232930.0,44.0,260480.0,1.1125827815,71523480.0,,,,1000.0
2018-12-10T00:00:00,TSC,1.41,1.4,1.4,1.4081455805892547,1.41,1.41,46160.0,46160.0,0.0,65000000.0,0.0,0.0,0.0,0.0,0.0,49.0,129670.0,32.0,129710.0,1.1125827815,71523480.0,,,,1000.0
2018-12-11T00:00:00,TSC,1.41,1.39,1.4,1.4025,1.41,1.41,10430.0,10430.0,0.0,14628075.0,0.0,0.0,0.0,1500.0,2100000.0,44.0,67110.0,32.0,113540.0,1.1125827815,71523480.0,,,,1000.0
2018-12-12T00:00:00,TSC,1.41,1.4,1.4,1.4025,1.4,1.41,21510.0,21510.0,0.0,30167775.0,0.0,0.0,0.0,7450.0,10430000.0,44.0,79280.0,47.0,294240.0,1.1125827815,71523480.0,,,,1000.0
2018-12-13T00:00:00,TSC,1.41,1.39,1.4,1.4091768345076472,1.4,1.4,58190.0,58190.0,0.0,82000000.0,0.0,0.0,0.0,0.0,0.0,58.0,180120.0,49.0,312770.0,1.1125827815,71523480.0,,,,1000.0
2018-12-14T00:00:00,TSC,1.4,1.39,1.4,1.3975,1.4,1.4,42010.0,42010.0,0.0,58708975.0,0.0,0.0,0.0,0.0,0.0,56.0,131620.0,39.0,257130.0,1.1125827815,0.0,,,,1000.0
2018-12-17T00:00:00,TSC,1.4,1.38,1.4,1.391189135475323,1.39,1.4,30190.0,30190.0,0.0,42000000.0,0.0,0.0,0.0,0.0,0.0,50.0,87860.0,52.0,286150.0,1.1125827815,0.0,,,,1000.0
2018-12-18T00:00:00,TSC,1.39,1.37,1.39,1.3825,1.38,1.39,53340.0,53340.0,0.0,73742550.0,0.0,0.0,0.0,0.0,0.0,45.0,86860.0,40.0,280980.0,1.1125827815,71532430.0,,,,1000.0
2018-12-19T00:00:00,TSC,1.39,1.34,1.39,1.3647310677013647,1.34,1.38,74740.0,74740.0,0.0,102000000.0,0.0,0.0,0.0,10000.0,13700000.0,44.0,158750.0,39.0,258450.0,1.1125827815,71532430.0,,,,1000.0
2018-12-20T00:00:00,TSC,1.35,1.33,1.35,1.3469693190321774,1.33,1.34,40090.0,40090.0,0.0,54000000.0,0.0,0.0,0.0,0.0,0.0,59.0,139000.0,30.0,182370.0,1.1125827815,71532430.0,,,,1000.0
2018-12-21T00:00:00,TSC,1.35,1.32,1.35,1.3425,1.35,1.33,28850.0,28850.0,0.0,38731125.0,0.0,0.0,0.0,0.0,0.0,56.0,109830.0,34.0,159570.0,1.1125827815,0.0,,,,1000.0
2018-12-24T00:00:00,TSC,1.35,1.34,1.35,1.3475,1.35,1.35,19900.0,19900.0,0.0,26815250.0,0.0,0.0,0.0,1000.0,1340000.0,52.0,119430.0,32.0,184850.0,1.1125827815,71542430.0,,,,1000.0
2018-12-25T00:00:00,TSC,1.34,1.28,1.34,1.3047023647730362,1.3,1.35,147160.0,147160.0,0.0,192000000.0,0.0,0.0,0.0,5000.0,6500000.0,81.0,383630.0,71.0,385570.0,1.1125827815,71542430.0,,,,1000.0
2018-12-26T00:00:00,TSC,1.32,1.28,1.3,1.2872083668543846,1.3,1.3,12430.0,12430.0,0.0,16000000.0,0.0,0.0,0.0,0.0,0.0,58.0,113260.0,32.0,158340.0,1.1125827815,71544430.0,,,,1000.0
2018-12-27T00:00:00,TSC,1.34,1.3,1.32,1.3053665067499722,1.31,1.3,89630.0,89630.0,0.0,117000000.0,0.0,0.0,0.0,0.0,0.0,67.0,162950.0,52.0,308480.0,1.1125827815,0.0,,,,1000.0
2018-12-28T00:00:00,TSC,1.32,1.29,1.31,1.3025,1.29,1.31,38800.0,38800.0,0.0,50537000.0,0.0,0.0,0.0,0.0,0.0,59.0,94520.0,49.0,235840.0,1.1125827815,71550430.0,,,,1000.0
2019-01-02T00:00:00,TSC,1.33,1.28,1.3,1.3044724770642202,1.3,1.29,69760.0,69760.0,0.0,91000000.0,0.0,0.0,0.0,0.0,0.0,66.0,122570.0,66.0,186160.0,1.1125827815,0.0,,,,1000.0
2019-01-03T00:00:00,TSC,1.32,1.28,1.28,1.3023871842578285,1.3,1.3,317110.0,317110.0,0.0,413000000.0,0.0,0.0,0.0,27750.0,36350000.0,65.0,429600.0,93.0,696220.0,1.1125827815,71550430.0,,,,1000.0
2019-01-04T00:00:00,TSC,1.32,1.3,1.3,1.3079104947998739,1.31,1.3,63460.0,63460.0,0.0,83000000.0,0.0,0.0,0.0,1000.0,1310000.0,68.0,147870.0,46.0,342900.0,1.1125827815,71550430.0,,,,1000.0
2019-01-07T00:00:00,TSC,1.33,1.3,1.31,1.3147718484145399,1.33,1.31,51720.0,51720.0,0.0,68000000.0,0.0,0.0,0.0,1000.0,1320000.0,51.0,127160.0,35.0,200010.0,1.1125827815,71551430.0,,,,1000.0
2019-01-08T00:00:00,TSC,1.41,1.32,1.33,1.3704206241519674,1.39,1.33,294800.0,294800.0,0.0,404000000.0,0.0,0.0,0.0,0.0,0.0,114.0,801750.0,89.0,376290.0,1.1125827815,71578180.0,,,,1000.0
2019-01-09T00:00:00,TSC,1.41,1.37,1.41,1.3925,1.38,1.39,62780.0,62780.0,0.0,87421150.0,0.0,0.0,0.0,0.0,0.0,55.0,153050.0,58.0,292960.0,1.1125827815,71579180.0,,,,1000.0
2019-01-10T00:00:00,TSC,1.4,1.36,1.4,1.3922227556409026,1.37,1.38,20830.0,20830.0,0.0,29000000.0,0.0,0.0,0.0,0.0,0.0,40.0,78830.0,50.0,293040.0,1.1125827815,71580180.0,,,,1000.0
2019-01-11T00:00:00,TSC,1.36,1.28,1.36,1.3028030003947888,1.3,1.37,101320.0,101320.0,0.0,132000000.0,0.0,0.0,0.0,0.0,0.0,101.0,156230.0,81.0,411530.0,1.1125827815,71580180.0,,,,1000.0
2019-01-14T00:00:00,TSC,1.3,1.27,1.28,1.27993666292802,1.3,1.3,151570.0,151570.0,0.0,194000000.0,0.0,0.0,0.0,500.0,650000.0,83.0,344950.0,51.0,545580.0,1.1125827815,71580180.0,,,,1000.0
2019-01-15T00:00:00,TSC,1.31,1.27,1.27,1.3002721499848806,1.3,1.3,33070.0,33070.0,0.0,43000000.0,0.0,20000.0,26000000.0,0.0,0.0,50.0,173990.0,36.0,136270.0,1.1125827815,71560180.0,,,,1000.0
2019-01-16T00:00:00,TSC,1.31,1.28,1.31,1.3,1.3,1.3,12160.0,12160.0,0.0,15808000.0,0.0,2000.0,2580000.0,0.0,0.0,45.0,214180.0,35.0,205520.0,1.1125827815,71558180.0,,,,1000.0
2019-01-17T00:00:00,TSC,1.3,1.28,1.29,1.298701298701299,1.3,1.3,97020.0,97020.0,0.0,126000000.0,0.0,0.0,0.0,0.0,0.0,45.0,168070.0,42.0,303970.0,1.1125827815,71558680.0,,,,1000.0
2019-01-18T00:00:00,TSC,1.31,1.27,1.3,1.2773884502794288,1.27,1.3,112730.0,112730.0,0.0,144000000.0,0.0,35620.0,45240000.0,500.0,640000.0,85.0,182440.0,50.0,357880.0,1.1125827815,71523060.0,,,,1000.0
2019-01-21T00:00:00,TSC,1.29,1.24,1.26,1.2492736780941314,1.27,1.27,68840.0,68840.0,0.0,86000000.0,0.0,0.0,0.0,0.0,0.0,74.0,174570.0,56.0,254620.0,1.1125827815,71523060.0,,,,1000.0
2019-01-22T00:00:00,TSC,1.28,1.25,1.28,1.2620754129012153,1.25,1.27,64180.0,64180.0,0.0,81000000.0,0.0,0.0,0.0,0.0,0.0,60.0,121120.0,51.0,262220.0,1.1125827815,71523060.0,,,,1000.0
2019-01-23T00:00:00,TSC,1.26,1.24,1.25,1.2556607657472212,1.25,1.25,48580.0,48580.0,0.0,61000000.0,0.0,0.0,0.0,0.0,0.0,56.0,160800.0,44.0,217240.0,1.1125827815,71523560.0,,,,1000.0
2019-01-24T00:00:00,TSC,1.26,1.24,1.24,1.241671714112659,1.24,1.25,33020.0,33020.0,0.0,41000000.0,0.0,0.0,0.0,0.0,0.0,56.0,137110.0,38.0,170540.0,1.1125827815,71523560.0,,,,1000.0
2019-01-25T00:00:00,TSC,1.26,1.23,1.26,1.231190150478796,1.25,1.24,21930.0,21930.0,0.0,27000000.0,0.0,0.0,0.0,0.0,0.0,45.0,86970.0,35.0,253380.0,1.1125827815,0.0,,,,1000.0
2019-01-28T00:00:00,TSC,1.27,1.24,1.24,1.2569049715795373,1.24,1.25,124910.0,124910.0,0.0,157000000.0,0.0,0.0,0.0,0.0,0.0,47.0,160470.0,64.0,360310.0,1.1125827815,71523560.0,,,,1000.0
2019-01-29T00:00:00,TSC,1.26,1.25,1.25,1.255,1.26,1.24,19590.0,19590.0,0.0,24585450.0,0.0,0.0,0.0,0.0,0.0,48.0,103850.0,44.0,278690.0,1.1125827815,0.0,,,,1000.0
2019-01-30T00:00:00,TSC,1.28,1.26,1.26,1.2773722627737227,1.27,1.26,27400.0,27400.0,0.0,35000000.0,0.0,0.0,0.0,0.0,0.0,42.0,70230.0,32.0,209100.0,1.1125827815,71523560.0,,,,1000.0
2019-01-31T00:00:00,TSC,1.28,1.24,1.26,1.2628624883068287,1.26,1.27,42760.0,42760.0,0.0,54000000.0,0.0,0.0,0.0,0.0,0.0,41.0,76810.0,49.0,316070.0,1.1125827815,71523560.0,,,,1000.0
2019-02-01T00:00:00,TSC,1.26,1.24,1.26,1.2506012506012505,1.26,1.26,41580.0,41580.0,0.0,52000000.0,0.0,0.0,0.0,0.0,0.0,39.0,70400.0,34.0,234900.0,1.1125827815,0.0,,,,1000.0
2019-02-11T00:00:00,TSC,1.27,1.23,1.27,1.2504962286621677,1.23,1.26,50380.0,50380.0,0.0,63000000.0,0.0,0.0,0.0,0.0,0.0,47.0,80480.0,34.0,276210.0,1.1125827815,71523560.0,,,,1000.0
2019-02-12T00:00:00,TSC,1.26,1.23,1.23,1.2505789717461786,1.24,1.23,107950.0,107950.0,0.0,135000000.0,0.0,0.0,0.0,0.0,0.0,91.0,267530.0,36.0,180570.0,1.1125827815,71523560.0,,,,1000.0
2019-02-13T00:00:00,TSC,1.29,1.22,1.26,1.25393581174391,1.25,1.24,362060.0,362060.0,0.0,454000000.0,0.0,0.0,0.0,0.0,0.0,95.0,500810.0,74.0,911880.0,1.1125827815,71523560.0,,,,1000.0
2019-02-14T00:00:00,TSC,1.28,1.24,1.26,1.2526667031344019,1.26,1.25,182810.0,182810.0,0.0,229000000.0,0.0,0.0,0.0,0.0,0.0,93.0,337360.0,60.0,412800.0,1.1125827815,71523560.0,,,,1000.0
2019-02-15T00:00:00,TSC,1.28,1.25,1.26,1.264319049639372,1.25,1.26,117850.0,117850.0,0.0,149000000.0,0.0,0.0,0.0,0.0,0.0,82.0,539860.0,64.0,433650.0,1.1125827815,71523560.0,,,,1000.0
2019-02-18T00:00:00,TSC,1.27,1.24,1.27,1.2504437694765493,1.24,1.25,253510.0,253510.0,0.0,317000000.0,0.0,0.0,0.0,0.0,0.0,112.0,454190.0,88.0,598100.0,1.1125827815,71523560.0,,,,1000.0
2019-02-19T00:00:00,TSC,1.26,1.23,1.25,1.2400287323730672,1.24,1.24,264510.0,264510.0,0.0,328000000.0,0.0,0.0,0.0,0.0,0.0,79.0,475510.0,75.0,490320.0,1.1125827815,71523560.0,,,,1000.0
2019-02-20T00:00:00,TSC,1.25,1.23,1.25,1.2364901996702693,1.24,1.24,109180.0,109180.0,0.0,135000000.0,0.0,0.0,0.0,0.0,0.0,50.0,234470.0,44.0,274180.0,1.1125827815,71523560.0,,,,1000.0
2019-02-21T00:00:00,TSC,1.26,1.23,1.25,1.246464858070598,1.24,1.24,95470.0,95470.0,0.0,119000000.0,0.0,0.0,0.0,0.0,0.0,61.0,227100.0,73.0,495550.0,1.1125827815,71523560.0,,,,1000.0
2019-02-22T00:00:00,TSC,1.26,1.24,1.25,1.2551159618008185,1.24,1.24,73300.0,73300.0,0.0,92000000.0,0.0,0.0,0.0,0.0,0.0,45.0,156140.0,66.0,366660.0,1.1125827815,71523560.0,,,,1000.0
2019-02-25T00:00:00,TSC,1.26,1.24,1.24,1.25,1.26,1.24,203200.0,203200.0,0.0,254000000.0,0.0,0.0,0.0,0.0,0.0,59.0,256950.0,74.0,400130.0,1.1125827815,71523560.0,,,,1000.0
2019-02-26T00:00:00,TSC,1.26,1.25,1.26,1.2556679455877224,1.25,1.26,86010.0,86010.0,0.0,108000000.0,0.0,0.0,0.0,0.0,0.0,30.0,169440.0,51.0,305800.0,1.1125827815,71523560.0,,,,1000.0
2019-02-27T00:00:00,TSC,1.29,1.25,1.25,1.2739684334101482,1.27,1.25,229990.0,229990.0,0.0,293000000.0,0.0,0.0,0.0,0.0,0.0,77.0,412780.0,67.0,482560.0,1.1125827815,71523560.0,,,,1000.0
2019-02-28T00:00:00,TSC,1.31,1.27,1.28,1.2979055258467025,1.29,1.27,179520.0,179520.0,0.0,233000000.0,0.0,0.0,0.0,0.0,0.0,113.0,544820.0,96.0,407900.0,1.1125827815,71523560.0,,,,1000.0
2019-03-01T00:00:00,TSC,1.38,1.27,1.31,1.3531491124710175,1.38,1.29,263090.0,263090.0,0.0,356000000.0,0.0,0.0,0.0,0.0,0.0,122.0,572100.0,102.0,308230.0,1.1125827815,71523560.0,,,,1000.0
2019-03-04T00:00:00,TSC,1.47,1.38,1.38,1.450013583265417,1.47,1.38,294480.0,294480.0,0.0,427000000.0,0.0,0.0,0.0,0.0,0.0,122.0,1171140.0,78.0,334660.0,1.1125827815,71523560.0,,,,1000.0
2019-03-05T00:00:00,TSC,1.57,1.51,1.57,1.569472922446026,1.57,1.47,1326560.0,1326560.0,0.0,2082000000.0,0.0,3000.0,4710000.0,0.0,0.0,211.0,1942380.0,147.0,1386060.0,1.1125827815,71520560.0,,,,1000.0
2019-03-06T00:00:00,TSC,1.65,1.51,1.51,1.5844473979099887,1.59,1.57,383730.0,383730.0,0.0,608000000.0,0.0,0.0,0.0,0.0,0.0,179.0,835840.0,164.0,798560.0,1.1125827815,71520560.0,,,,1000.0
2019-03-07T00:00:00,TSC,1.67,1.49,1.59,1.567031527738797,1.62,1.59,213780.0,213780.0,0.0,335000000.0,0.0,0.0,0.0,0.0,0.0,135.0,512680.0,119.0,662200.0,1.1125827815,71520560.0,,,,1000.0
2019-03-08T00:00:00,TSC,1.63,1.57,1.59,1.589535126120492,1.58,1.62,191880.0,191880.0,0.0,305000000.0,0.0,0.0,0.0,0.0,0.0,97.0,311510.0,130.0,737070.0,1.1125827815,71520560.0,,,,1000.0
2019-03-11T00:00:00,TSC,1.57,1.5,1.51,1.509617725833942,1.5,1.58,164280.0,164280.0,0.0,248000000.0,0.0,0.0,0.0,0.0,0.0,85.0,293030.0,99.0,513570.0,1.1125827815,71520560.0,,,,1000.0
2019-03-12T00:00:00,TSC,1.56,1.46,1.5,1.4828209764918627,1.49,1.5,138250.0,138250.0,0.0,205000000.0,0.0,0.0,0.0,0.0,0.0,120.0,283450.0,87.0,365080.0,1.1125827815,71520560.0,,,,1000.0
2019-03-13T00:00:00,TSC,1.59,1.47,1.47,1.5801015350416052,1.59,1.49,332890.0,332890.0,0.0,526000000.0,0.0,0.0,0.0,0.0,0.0,139.0,1236100.0,83.0,351670.0,1.1125827815,71520560.0,,,,1000.0
2019-03-14T00:00:00,TSC,1.7,1.6,1.64,1.6801357549690015,1.69,1.59,595190.0,595190.0,0.0,1000000000.0,0.0,0.0,0.0,100.0,170000.0,155.0,1186560.0,167.0,710790.0,1.1125827815,71520560.0,,,,1000.0
2019-03-15T00:00:00,TSC,1.72,1.58,1.72,1.6365842184753274,1.69,1.69,403890.0,403890.0,0.0,661000000.0,0.0,0.0,0.0,0.0,0.0,162.0,568820.0,151.0,747960.0,1.1125827815,71520560.0,,,,1000.0
2019-03-18T00:00:00,TSC,1.7,1.59,1.69,1.6290964197764728,1.67,1.69,105580.0,105580.0,0.0,172000000.0,0.0,0.0,0.0,0.0,0.0,143.0,349280.0,112.0,493200.0,1.1125827815,71520560.0,,,,1000.0
2019-03-19T00:00:00,TSC,1.67,1.59,1.67,1.6138262561519974,1.59,1.67,87370.0,87370.0,0.0,141000000.0,0.0,0.0,0.0,0.0,0.0,101.0,233580.0,100.0,360160.0,1.1125827815,71520660.0,,,,1000.0
2019-03-20T00:00:00,TSC,1.65,1.55,1.64,1.5839146491588016,1.64,1.59,121850.0,121850.0,0.0,193000000.0,0.0,0.0,0.0,0.0,0.0,68.0,267560.0,74.0,300220.0,1.1125827815,71520660.0,,,,1000.0
2019-03-21T00:00:00,TSC,1.66,1.56,1.57,1.5956151035322779,1.62,1.64,82100.0,82100.0,0.0,131000000.0,0.0,0.0,0.0,0.0,0.0,76.0,304780.0,75.0,310880.0,1.1125827815,71520660.0,,,,1000.0
2019-03-22T00:00:00,TSC,1.64,1.57,1.62,1.5980331899200984,1.57,1.62,61540.0,32540.0,29000.0,102170000.0,50170000.0,0.0,0.0,0.0,0.0,58.0,136760.0,68.0,313850.0,1.1125827815,71520660.0,,,,1000.0
2019-03-25T00:00:00,TSC,1.59,1.5,1.59,1.5373148234417218,1.54,1.57,107330.0,107330.0,0.0,165000000.0,0.0,0.0,0.0,0.0,0.0,82.0,215320.0,86.0,445030.0,1.1125827815,71520660.0,,,,1000.0
2019-03-26T00:00:00,TSC,1.57,1.51,1.57,1.529961750956226,1.55,1.54,23530.0,23530.0,0.0,36000000.0,0.0,0.0,0.0,0.0,0.0,56.0,142110.0,46.0,188900.0,1.1125827815,71520660.0,,,,1000.0
2019-03-27T00:00:00,TSC,1.65,1.53,1.55,1.6217767784528536,1.64,1.55,209030.0,209030.0,0.0,339000000.0,0.0,0.0,0.0,0.0,0.0,86.0,409240.0,86.0,321990.0,1.1125827815,71520660.0,,,,1000.0
2019-03-28T00:00:00,TSC,1.66,1.6,1.64,1.6373185047883845,1.6,1.64,64740.0,64740.0,0.0,106000000.0,0.0,0.0,0.0,0.0,0.0,42.0,167820.0,98.0,397400.0,1.1125827815,71520660.0,,,,1000.0
2019-03-29T00:00:00,TSC,1.65,1.59,1.6,1.595831297834229,1.59,1.6,61410.0,61410.0,0.0,98000000.0,0.0,0.0,0.0,0.0,0.0,72.0,197320.0,57.0,235790.0,1.1125827815,71520660.0,,,,1000.0
2019-04-01T00:00:00,TSC,1.63,1.52,1.54,1.5312836463691828,1.6,1.59,167180.0,167180.0,0.0,256000000.0,0.0,0.0,0.0,0.0,0.0,98.0,368980.0,77.0,631880.0,1.1125827815,71520660.0,,,,1000.0
2019-04-02T00:00:00,TSC,1.63,1.54,1.63,1.5478761699064076,1.54,1.6,27780.0,27780.0,0.0,43000000.0,0.0,0.0,0.0,0.0,0.0,67.0,292940.0,64.0,267220.0,1.1125827815,71520660.0,,,,1000.0
2019-04-03T00:00:00,TSC,1.58,1.5,1.58,1.5197940924132858,1.57,1.54,407950.0,407950.0,0.0,620000000.0,0.0,0.0,0.0,0.0,0.0,92.0,585300.0,47.0,598480.0,1.1125827815,71520660.0,,,,1000.0
2019-04-04T00:00:00,TSC,1.5,1.47,1.48,1.4808034911658468,1.47,1.57,611830.0,611830.0,0.0,906000000.0,0.0,0.0,0.0,0.0,0.0,166.0,746720.0,136.0,1084270.0,1.1125827815,71520660.0,,,,1000.0
2019-04-05T00:00:00,TSC,1.41,1.37,1.37,1.3779232350320663,1.4,1.47,1133590.0,1133590.0,0.0,1562000000.0,0.0,0.0,0.0,0.0,0.0,242.0,1414490.0,102.0,1624310.0,1.1125827815,71520660.0,,,,1000.0
2019-04-08T00:00:00,TSC,1.49,1.39,1.39,1.4755299527527224,1.49,1.4,395790.0,395790.0,0.0,584000000.0,0.0,0.0,0.0,0.0,0.0,184.0,920090.0,80.0,404790.0,1.1125827815,71520660.0,,,,1000.0
2019-04-09T00:00:00,TSC,1.48,1.4,1.48,1.411088911088911,1.4,1.49,160160.0,160160.0,0.0,226000000.0,0.0,0.0,0.0,0.0,0.0,57.0,336530.0,68.0,373910.0,1.1125827815,71520660.0,,,,1000.0
2019-04-10T00:00:00,TSC,1.42,1.38,1.38,1.3999732489188104,1.39,1.4,224290.0,224290.0,0.0,314000000.0,0.0,0.0,0.0,0.0,0.0,77.0,439560.0,71.0,468330.0,1.1125827815,71520660.0,,,,1000.0
2019-04-11T00:00:00,TSC,1.39,1.36,1.39,1.3765353663701823,1.37,1.39,47220.0,47220.0,0.0,65000000.0,0.0,0.0,0.0,0.0,0.0,68.0,201910.0,49.0,210210.0,1.1125827815,71520660.0,,,,1000.0
2019-04-12T00:00:00,TSC,1.39,1.31,1.32,1.3678905687544995,1.38,1.37,41670.0,41670.0,0.0,57000000.0,0.0,0.0,0.0,2000.0,2740000.0,48.0,166900.0,47.0,245550.0,1.1125827815,71520660.0,,,,1000.0
2019-04-16T00:00:00,TSC,1.4,1.36,1.38,1.3824884792626728,1.37,1.38,225680.0,225680.0,0.0,312000000.0,0.0,0.0,0.0,0.0,0.0,62.0,290810.0,70.0,454630.0,1.1125827815,71520660.0,,,,1000.0
2019-04-17T00:00:00,TSC,1.46,1.4,1.41,1.4463168030813673,1.45,1.37,519250.0,519250.0,0.0,751000000.0,0.0,1140.0,1660000.0,0.0,0.0,147.0,725650.0,102.0,576750.0,1.1125827815,71519520.0,,,,1000.0
2019-04-18T00:00:00,TSC,1.5,1.4,1.49,1.4841688654353562,1.5,1.45,151600.0,151600.0,0.0,225000000.0,0.0,4360.0,6370000.0,0.0,0.0,98.0,382050.0,106.0,365290.0,1.1125827815,71517160.0,,,,1000.0
2019-04-19T00:00:00,TSC,1.52,1.44,1.5,1.4978700013741928,1.49,1.5,72770.0,72770.0,0.0,109000000.0,0.0,0.0,0.0,0.0,0.0,56.0,129500.0,73.0,424020.0,1.1125827815,71517160.0,,,,1000.0
2019-04-22T00:00:00,TSC,1.5,1.42,1.43,1.464407670081429,1.44,1.49,152280.0,152280.0,0.0,223000000.0,0.0,0.0,0.0,0.0,0.0,72.0,359570.0,71.0,440660.0,1.1125827815,71517160.0,,,,1000.0
2019-04-23T00:00:00,TSC,1.49,1.38,1.38,1.446019935420469,1.46,1.44,71230.0,71230.0,0.0,103000000.0,0.0,0.0,0.0,0.0,0.0,77.0,523690.0,62.0,388750.0,1.1125827815,71517160.0,,,,1000.0
2019-04-24T00:00:00,TSC,1.52,1.43,1.51,1.501316944688323,1.52,1.46,113900.0,113900.0,0.0,171000000.0,0.0,1000.0,1520000.0,0.0,0.0,87.0,330240.0,85.0,316010.0,1.1125827815,71516160.0,,,,1000.0
2019-04-25T00:00:00,TSC,1.55,1.48,1.52,1.5102230483271375,1.48,1.52,129120.0,129120.0,0.0,195000000.0,0.0,5000.0,7600000.0,0.0,0.0,55.0,471580.0,89.0,547240.0,1.1125827815,71511160.0,,,,1000.0
2019-04-26T00:00:00,TSC,1.51,1.48,1.5,1.494701617401004,1.5,1.48,179300.0,179300.0,0.0,268000000.0,0.0,0.0,0.0,0.0,0.0,55.0,337800.0,52.0,308240.0,1.1125827815,71511160.0,,,,1000.0
2019-05-02T00:00:00,TSC,1.58,1.46,1.5,1.507335160406255,1.48,1.5,248120.0,248120.0,0.0,374000000.0,0.0,0.0,0.0,10.0,20000.0,59.0,371620.0,100.0,621340.0,1.1125827815,71511160.0,,,,1000.0
2019-05-03T00:00:00,TSC,1.53,1.45,1.49,1.4806838067034593,1.48,1.48,74290.0,74290.0,0.0,110000000.0,0.0,0.0,0.0,0.0,0.0,47.0,131100.0,72.0,352910.0,1.1125827815,71511160.0,,,,1000.0
2019-05-06T00:00:00,TSC,1.49,1.38,1.46,1.4050091631032375,1.4,1.48,98220.0,98220.0,0.0,138000000.0,0.0,0.0,0.0,0.0,0.0,66.0,223290.0,74.0,406330.0,1.1125827815,71511160.0,,,,1000.0
2019-05-07T00:00:00,TSC,1.46,1.39,1.46,1.425,1.39,1.4,44690.0,44690.0,0.0,63683250.0,0.0,0.0,0.0,0.0,0.0,48.0,133040.0,48.0,250640.0,1.1125827815,71511170.0,,,,1000.0
2019-05-08T00:00:00,TSC,1.44,1.37,1.39,1.3720742534301855,1.4,1.39,12390.0,12390.0,0.0,17000000.0,0.0,0.0,0.0,10.0,10000.0,50.0,88310.0,37.0,111420.0,1.1125827815,71511170.0,,,,1000.0
2019-05-09T00:00:00,TSC,1.44,1.39,1.41,1.4125,1.41,1.4,6020.0,6020.0,0.0,8503250.0,0.0,0.0,0.0,1000.0,1410000.0,47.0,95980.0,29.0,83390.0,1.1125827815,71511170.0,,,,1000.0
2019-05-10T00:00:00,TSC,1.43,1.33,1.41,1.3753853450320133,1.4,1.41,42170.0,42170.0,0.0,58000000.0,0.0,0.0,0.0,0.0,0.0,53.0,186240.0,40.0,172860.0,1.1125827815,71511170.0,,,,1000.0
2019-05-13T00:00:00,TSC,1.41,1.4,1.4,1.405,1.41,1.4,4620.0,4620.0,0.0,6491100.0,0.0,0.0,0.0,0.0,0.0,34.0,91790.0,27.0,118390.0,1.1125827815,71511180.0,,,,1000.0
2019-05-14T00:00:00,TSC,1.42,1.36,1.4,1.4033680834001605,1.4,1.41,24940.0,24940.0,0.0,35000000.0,0.0,0.0,0.0,0.0,0.0,37.0,114740.0,41.0,173130.0,1.1125827815,71512180.0,,,,1000.0
2019-05-15T00:00:00,TSC,1.41,1.35,1.4,1.3928038467915769,1.4,1.4,60310.0,60310.0,0.0,84000000.0,0.0,0.0,0.0,0.0,0.0,40.0,148530.0,44.0,179860.0,1.1125827815,71512180.0,,,,1000.0
2019-05-16T00:00:00,TSC,1.4,1.37,1.4,1.3774104683195592,1.4,1.4,43560.0,43560.0,0.0,60000000.0,0.0,0.0,0.0,0.0,0.0,55.0,153760.0,38.0,363170.0,1.1125827815,71512180.0,,,,1000.0
2019-05-17T00:00:00,TSC,1.45,1.39,1.41,1.4130855594270229,1.4,1.4,51660.0,51660.0,0.0,73000000.0,0.0,0.0,0.0,0.0,0.0,52.0,133090.0,55.0,196650.0,1.1125827815,71512180.0,,,,1000.0
2019-05-20T00:00:00,TSC,1.43,1.38,1.4,1.4029296472044563,1.4,1.4,48470.0,48470.0,0.0,68000000.0,0.0,0.0,0.0,0.0,0.0,61.0,145970.0,36.0,155750.0,1.1125827815,71512180.0,,,,1000.0
2019-05-21T00:00:00,TSC,1.4,1.38,1.4,1.395,1.4,1.4,7420.0,7420.0,0.0,10350900.0,0.0,0.0,0.0,0.0,0.0,30.0,173600.0,26.0,84670.0,1.1125827815,71512180.0,,,,1000.0
2019-05-22T00:00:00,TSC,1.4,1.37,1.38,1.392459297343616,1.4,1.4,46680.0,46680.0,0.0,65000000.0,0.0,0.0,0.0,0.0,0.0,44.0,135900.0,40.0,120290.0,1.1125827815,71512180.0,,,,1000.0
2019-05-23T00:00:00,TSC,1.4,1.36,1.38,1.3800301519192855,1.4,1.4,86230.0,86230.0,0.0,119000000.0,0.0,0.0,0.0,0.0,0.0,52.0,198220.0,40.0,166890.0,1.1125827815,71512180.0,,,,1000.0
2019-05-24T00:00:00,TSC,1.43,1.37,1.37,1.4174485925334397,1.42,1.4,50090.0,50090.0,0.0,71000000.0,0.0,0.0,0.0,360.0,500000.0,46.0,119880.0,46.0,116800.0,1.1125827815,71512180.0,,,,1000.0
2019-05-27T00:00:00,TSC,1.51,1.4,1.4,1.488339895297019,1.51,1.42,231130.0,231130.0,0.0,344000000.0,0.0,0.0,0.0,0.0,0.0,115.0,443690.0,91.0,280640.0,1.1125827815,71512180.0,,,,1000.0
2019-05-28T00:00:00,TSC,1.53,1.44,1.53,1.461495222034851,1.45,1.51,88950.0,88950.0,0.0,130000000.0,0.0,0.0,0.0,0.0,0.0,58.0,135690.0,72.0,723450.0,1.1125827815,71512180.0,,,,1000.0
2019-05-29T00:00:00,TSC,1.5,1.45,1.49,1.484744656550824,1.49,1.45,122580.0,122580.0,0.0,182000000.0,0.0,0.0,0.0,0.0,0.0,53.0,251380.0,55.0,335040.0,1.1125827815,71512540.0,,,,1000.0
2019-05-30T00:00:00,TSC,1.5,1.44,1.5,1.457852193995381,1.46,1.49,69280.0,69280.0,0.0,101000000.0,0.0,0.0,0.0,0.0,0.0,112.0,122660.0,52.0,245900.0,1.1125827815,71512540.0,,,,1000.0
2019-05-31T00:00:00,TSC,1.48,1.41,1.46,1.4648182055976982,1.47,1.46,38230.0,38230.0,0.0,56000000.0,0.0,0.0,0.0,0.0,0.0,44.0,105070.0,37.0,155810.0,1.1125827815,71512540.0,,,,1000.0
2019-06-03T00:00:00,TSC,1.56,1.38,1.47,1.4282956958116195,1.45,1.47,51810.0,51810.0,0.0,74000000.0,0.0,0.0,0.0,0.0,0.0,43.0,88160.0,59.0,586840.0,1.1125827815,71512540.0,,,,1000.0
2019-06-04T00:00:00,TSC,1.45,1.43,1.44,1.44,1.43,1.45,43750.0,43750.0,0.0,63000000.0,0.0,0.0,0.0,0.0,0.0,38.0,145980.0,35.0,119520.0,1.1125827815,71512540.0,,,,1000.0
2019-06-05T00:00:00,TSC,1.45,1.43,1.45,1.446280991735537,1.43,1.43,24200.0,24200.0,0.0,35000000.0,0.0,0.0,0.0,0.0,0.0,45.0,72280.0,33.0,354580.0,1.1125827815,71512540.0,,,,1000.0
2019-06-06T00:00:00,TSC,1.45,1.42,1.45,1.4320277251029885,1.44,1.43,152930.0,152930.0,0.0,219000000.0,0.0,0.0,0.0,0.0,0.0,42.0,215950.0,33.0,313430.0,1.1125827815,71512540.0,,,,1000.0
2019-06-07T00:00:00,TSC,1.45,1.43,1.43,1.4392803598200898,1.44,1.44,166750.0,166750.0,0.0,240000000.0,0.0,0.0,0.0,0.0,0.0,41.0,229100.0,34.0,243280.0,1.1125827815,71512540.0,,,,1000.0
2019-06-10T00:00:00,TSC,1.47,1.43,1.47,1.4501842125891666,1.46,1.44,127570.0,127570.0,0.0,185000000.0,0.0,0.0,0.0,0.0,0.0,31.0,169690.0,39.0,193840.0,1.1125827815,71512540.0,,,,1000.0
2019-06-11T00:00:00,TSC,1.49,1.45,1.46,1.4690560533444468,1.49,1.46,95980.0,95980.0,0.0,141000000.0,0.0,0.0,0.0,0.0,0.0,29.0,144410.0,42.0,182120.0,1.1125827815,71512540.0,,,,1000.0
2019-06-12T00:00:00,TSC,1.52,1.47,1.49,1.5121339529394409,1.51,1.49,135570.0,135570.0,0.0,205000000.0,0.0,0.0,0.0,0.0,0.0,44.0,204530.0,52.0,245020.0,1.1125827815,71512540.0,,,,1000.0
2019-06-13T00:00:00,TSC,1.61,1.5,1.5,1.5945284608287535,1.59,1.51,498580.0,498580.0,0.0,795000000.0,0.0,3000.0,4800000.0,0.0,0.0,111.0,836870.0,103.0,597680.0,1.1125827815,71509540.0,,,,1000.0
2019-06-14T00:00:00,TSC,1.61,1.54,1.59,1.5887706308807652,1.58,1.59,64830.0,64830.0,0.0,103000000.0,0.0,0.0,0.0,4000.0,6320000.0,40.0,94530.0,75.0,279200.0,1.1125827815,71509540.0,,,,1000.0
2019-06-17T00:00:00,TSC,1.62,1.59,1.61,1.6129032258064517,1.6,1.58,33480.0,33480.0,0.0,54000000.0,0.0,0.0,0.0,0.0,0.0,46.0,166140.0,61.0,157110.0,1.1125827815,71509540.0,,,,1000.0
2019-06-18T00:00:00,TSC,1.6,1.49,1.56,1.5387433595896685,1.49,1.6,163770.0,163770.0,0.0,252000000.0,0.0,0.0,0.0,0.0,0.0,66.0,250340.0,75.0,402940.0,1.1125827815,71509540.0,,,,1000.0
2019-06-19T00:00:00,TSC,1.58,1.5,1.5,1.5403726708074534,1.53,1.49,80500.0,80500.0,0.0,124000000.0,0.0,10.0,20000.0,0.0,0.0,56.0,400420.0,51.0,222640.0,1.1125827815,71513530.0,,,,1000.0
2019-06-20T00:00:00,TSC,1.58,1.52,1.58,1.5397082658022692,1.53,1.53,37020.0,37020.0,0.0,57000000.0,0.0,10.0,20000.0,0.0,0.0,32.0,259560.0,51.0,305880.0,1.1125827815,71513520.0,,,,1000.0
2019-06-21T00:00:00,TSC,1.61,1.51,1.51,1.5740926408662521,1.6,1.53,199480.0,199480.0,0.0,314000000.0,0.0,0.0,0.0,0.0,0.0,61.0,334280.0,71.0,331560.0,1.1125827815,71513520.0,,,,1000.0
2019-06-24T00:00:00,TSC,1.62,1.59,1.6,1.606005062407262,1.6,1.6,229140.0,229140.0,0.0,368000000.0,0.0,0.0,0.0,0.0,0.0,70.0,343200.0,69.0,392040.0,1.1125827815,71513520.0,,,,1000.0
2019-06-25T00:00:00,TSC,1.62,1.59,1.59,1.6027372591392042,1.59,1.6,111060.0,111060.0,0.0,178000000.0,0.0,0.0,0.0,0.0,0.0,40.0,220900.0,55.0,293660.0,1.1125827815,71513520.0,,,,1000.0
2019-06-26T00:00:00,TSC,1.61,1.57,1.59,1.5863803443606115,1.6,1.59,51690.0,51690.0,0.0,82000000.0,0.0,0.0,0.0,0.0,0.0,45.0,136880.0,54.0,243780.0,1.1125827815,71513520.0,,,,1000.0
2019-06-27T00:00:00,TSC,1.68,1.56,1.56,1.6260665265240508,1.64,1.6,161740.0,161740.0,0.0,263000000.0,0.0,0.0,0.0,0.0,0.0,55.0,326180.0,82.0,366760.0,1.1125827815,71513520.0,,,,1000.0
2019-06-28T00:00:00,TSC,1.66,1.6,1.64,1.6300940438871474,1.64,1.64,63800.0,63800.0,0.0,104000000.0,0.0,0.0,0.0,0.0,0.0,36.0,127170.0,70.0,207830.0,1.1125827815,71513520.0,,,,1000.0
2019-07-01T00:00:00,TSC,1.68,1.58,1.65,1.6578749058025621,1.66,1.64,26540.0,26540.0,0.0,44000000.0,0.0,0.0,0.0,0.0,0.0,35.0,85920.0,62.0,278840.0,1.1125827815,71513520.0,,,,1000.0
2019-07-02T00:00:00,TSC,1.69,1.59,1.66,1.6758278589623274,1.67,1.66,74590.0,74590.0,0.0,125000000.0,0.0,0.0,0.0,4000.0,6720000.0,37.0,144310.0,66.0,240410.0,1.1125827815,71513520.0,,,,1000.0
2019-07-03T00:00:00,TSC,1.75,1.65,1.66,1.695568400770713,1.75,1.67,155700.0,155700.0,0.0,264000000.0,0.0,0.0,0.0,0.0,0.0,69.0,285710.0,85.0,287850.0,1.1125827815,71513520.0,,,,1000.0
2019-07-04T00:00:00,TSC,1.78,1.74,1.77,1.7623497997329773,1.77,1.75,112350.0,112350.0,0.0,198000000.0,0.0,0.0,0.0,0.0,0.0,48.0,236030.0,68.0,274120.0,1.1125827815,71513520.0,,,,1000.0
2019-07-05T00:00:00,TSC,1.78,1.65,1.78,1.6641713693423932,1.65,1.77,173660.0,173660.0,0.0,289000000.0,0.0,0.0,0.0,0.0,0.0,38.0,215290.0,66.0,466130.0,1.1125827815,71517520.0,,,,1000.0
2019-07-08T00:00:00,TSC,1.66,1.61,1.65,1.6190978236312976,1.64,1.65,132790.0,132790.0,0.0,215000000.0,0.0,1000.0,1610000.0,0.0,0.0,43.0,186580.0,39.0,312060.0,1.1125827815,71516520.0,,,,1000.0
2019-07-09T00:00:00,TSC,1.66,1.6,1.61,1.608125264494287,1.66,1.64,23630.0,23630.0,0.0,38000000.0,0.0,0.0,0.0,0.0,0.0,36.0,68630.0,31.0,204560.0,1.1125827815,71516520.0,,,,1000.0
2019-07-10T00:00:00,TSC,1.67,1.58,1.67,1.6065388951521984,1.59,1.66,35480.0,35480.0,0.0,57000000.0,0.0,0.0,0.0,0.0,0.0,35.0,74850.0,42.0,292580.0,1.1125827815,71516520.0,,,,1000.0
2019-07-11T00:00:00,TSC,1.61,1.6,1.61,1.6,1.6,1.59,5000.0,5000.0,0.0,8000000.0,0.0,0.0,0.0,0.0,0.0,31.0,120360.0,29.0,126920.0,1.1125827815,71516520.0,,,,1000.0
2019-07-12T00:00:00,TSC,1.65,1.59,1.59,1.605,1.59,1.6,25210.0,25210.0,0.0,40462050.0,0.0,0.0,0.0,0.0,0.0,34.0,61680.0,33.0,175250.0,1.1125827815,71516520.0,,,,1000.0
2019-07-15T00:00:00,TSC,1.65,1.59,1.65,1.6124624214266194,1.64,1.59,36590.0,36590.0,0.0,59000000.0,0.0,0.0,0.0,0.0,0.0,25.0,109850.0,32.0,151010.0,1.1125827815,71516520.0,,,,1000.0
2019-07-16T00:00:00,TSC,1.64,1.6,1.64,1.6371875456804559,1.64,1.64,68410.0,68410.0,0.0,112000000.0,0.0,0.0,0.0,0.0,0.0,17.0,147690.0,43.0,239490.0,1.1125827815,71516520.0,,,,1000.0
2019-07-17T00:00:00,TSC,1.65,1.6,1.6,1.6274139017821327,1.61,1.64,174510.0,174510.0,0.0,284000000.0,0.0,0.0,0.0,0.0,0.0,43.0,268500.0,39.0,290100.0,1.1125827815,71516520.0,,,,1000.0
2019-07-18T00:00:00,TSC,1.65,1.63,1.63,1.635,1.63,1.61,41260.0,41260.0,0.0,67460100.0,0.0,0.0,0.0,10.0,20000.0,31.0,125270.0,41.0,125990.0,1.1125827815,71516520.0,,,,1000.0
2019-07-19T00:00:00,TSC,1.74,1.65,1.69,1.7196702002355713,1.73,1.63,127350.0,127350.0,0.0,219000000.0,0.0,0.0,0.0,0.0,0.0,56.0,317700.0,85.0,191600.0,1.1125827815,71516520.0,,,,1000.0
2019-07-22T00:00:00,TSC,1.78,1.72,1.73,1.7609015816097842,1.77,1.73,156170.0,156170.0,0.0,275000000.0,0.0,0.0,0.0,100.0,180000.0,49.0,292460.0,88.0,303570.0,1.1125827815,71516520.0,,,,1000.0
2019-07-23T00:00:00,TSC,1.82,1.77,1.77,1.8047955997364424,1.82,1.77,349070.0,349070.0,0.0,630000000.0,0.0,0.0,0.0,100.0,180000.0,68.0,441710.0,102.0,497780.0,1.1125827815,71516530.0,,,,1000.0
2019-07-24T00:00:00,TSC,1.83,1.71,1.83,1.7743346245158065,1.71,1.82,80030.0,80030.0,0.0,142000000.0,0.0,1000.0,1830000.0,0.0,0.0,40.0,150090.0,75.0,439920.0,1.1125827815,71515530.0,,,,1000.0
2019-07-25T00:00:00,TSC,1.82,1.71,1.77,1.7984090996426239,1.75,1.71,260230.0,260230.0,0.0,468000000.0,0.0,0.0,0.0,0.0,0.0,64.0,529740.0,68.0,289890.0,1.1125827815,71515630.0,,,,1000.0
2019-07-26T00:00:00,TSC,1.87,1.76,1.84,1.8435475834578974,1.85,1.75,260910.0,260910.0,0.0,481000000.0,0.0,0.0,0.0,100.0,190000.0,93.0,454060.0,99.0,438270.0,1.1125827815,71515730.0,,,,1000.0
2019-07-29T00:00:00,TSC,1.85,1.74,1.85,1.7860239292526443,1.75,1.85,57670.0,57670.0,0.0,103000000.0,0.0,0.0,0.0,0.0,0.0,49.0,90340.0,56.0,334390.0,1.1125827815,71515730.0,,,,1000.0
2019-07-30T00:00:00,TSC,1.87,1.75,1.75,1.8440515256893766,1.84,1.75,408340.0,408340.0,0.0,753000000.0,0.0,0.0,0.0,0.0,0.0,94.0,529210.0,81.0,627140.0,1.1125827815,71515730.0,,,,1000.0
2019-07-31T00:00:00,TSC,1.93,1.81,1.92,1.8976573746891767,1.89,1.84,229230.0,229230.0,0.0,435000000.0,0.0,0.0,0.0,0.0,0.0,80.0,426390.0,115.0,657560.0,1.1125827815,71515830.0,,,,1000.0
2019-08-01T00:00:00,TSC,1.95,1.8,1.93,1.877371679648492,1.8,1.89,150210.0,150210.0,0.0,282000000.0,0.0,1000.0,1850000.0,0.0,0.0,68.0,229250.0,93.0,458870.0,1.1125827815,71514830.0,,,,1000.0
2019-08-02T00:00:00,TSC,1.85,1.79,1.8,1.8070911170415553,1.8,1.8,131150.0,131150.0,0.0,237000000.0,0.0,0.0,0.0,10.0,20000.0,73.0,339940.0,59.0,315710.0,1.1125827815,71514830.0,,,,1000.0
2019-08-05T00:00:00,TSC,1.8,1.68,1.76,1.715090587715422,1.69,1.8,362080.0,362080.0,0.0,621000000.0,0.0,0.0,0.0,0.0,0.0,109.0,491470.0,58.0,528020.0,1.1125827815,71514830.0,,,,1000.0
2019-08-06T00:00:00,TSC,1.7,1.62,1.69,1.6758494031221303,1.65,1.69,304920.0,304920.0,0.0,511000000.0,0.0,0.0,0.0,0.0,0.0,90.0,523560.0,57.0,504870.0,1.1125827815,71514830.0,,,,1000.0
2019-08-07T00:00:00,TSC,1.74,1.65,1.65,1.6880486158001349,1.73,1.65,44430.0,44430.0,0.0,75000000.0,0.0,0.0,0.0,0.0,0.0,62.0,240400.0,29.0,133600.0,1.1125827815,71514840.0,,,,1000.0
2019-08-08T00:00:00,TSC,1.79,1.73,1.79,1.7601968392164284,1.75,1.73,105670.0,105670.0,0.0,186000000.0,0.0,0.0,0.0,0.0,0.0,76.0,221560.0,62.0,223850.0,1.1125827815,71514840.0,,,,1000.0
2019-08-09T00:00:00,TSC,1.8,1.73,1.73,1.7770255976306326,1.77,1.75,94540.0,94540.0,0.0,168000000.0,0.0,0.0,0.0,0.0,0.0,51.0,144130.0,73.0,250550.0,1.1125827815,71514840.0,,,,1000.0
2019-08-12T00:00:00,TSC,1.83,1.78,1.79,1.80701599363789,1.82,1.77,226340.0,226340.0,0.0,409000000.0,0.0,0.0,0.0,0.0,0.0,82.0,345770.0,61.0,472140.0,1.1125827815,71514840.0,,,,1000.0
2019-08-13T00:00:00,TSC,1.84,1.77,1.84,1.8293078469954807,1.8,1.82,462470.0,462470.0,0.0,846000000.0,0.0,0.0,0.0,100.0,180000.0,96.0,558920.0,94.0,721700.0,1.1125827815,71514840.0,,,,1000.0
2019-08-14T00:00:00,TSC,1.85,1.79,1.85,1.8086024155780134,1.79,1.8,324560.0,324560.0,0.0,587000000.0,0.0,0.0,0.0,100.0,190000.0,55.0,450610.0,81.0,891970.0,1.1125827815,71514840.0,,,,1000.0
2019-08-15T00:00:00,TSC,1.83,1.7,1.79,1.7844886753603293,1.76,1.79,276830.0,276830.0,0.0,494000000.0,0.0,10.0,20000.0,0.0,0.0,58.0,428210.0,66.0,523980.0,1.1125827815,71514830.0,,,,1000.0
2019-08-16T00:00:00,TSC,1.84,1.76,1.8,1.8106617647058825,1.76,1.76,108800.0,108800.0,0.0,197000000.0,0.0,22000.0,39600000.0,100.0,180000.0,49.0,200510.0,49.0,213890.0,1.1125827815,71492930.0,,,,1000.0
2019-08-19T00:00:00,TSC,1.82,1.79,1.82,1.819363222871995,1.8,1.76,46170.0,46170.0,0.0,84000000.0,0.0,0.0,0.0,0.0,0.0,37.0,159030.0,36.0,129300.0,1.1125827815,71493030.0,,,,1000.0
2019-08-20T00:00:00,TSC,1.85,1.72,1.8,1.7424242424242424,1.72,1.8,52800.0,52800.0,0.0,92000000.0,0.0,0.0,0.0,0.0,0.0,43.0,139080.0,43.0,310170.0,1.1125827815,71493030.0,,,,1000.0
2019-08-21T00:00:00,TSC,1.82,1.74,1.74,1.8039819601803981,1.8,1.72,90910.0,90910.0,0.0,164000000.0,0.0,0.0,0.0,0.0,0.0,65.0,212200.0,57.0,260490.0,1.1125827815,71493130.0,,,,1000.0
2019-08-22T00:00:00,TSC,1.85,1.8,1.85,1.803917077081663,1.8,1.8,174620.0,174620.0,0.0,315000000.0,0.0,190.0,350000.0,20.0,40000.0,52.0,247700.0,68.0,473710.0,1.1125827815,71492940.0,,,,1000.0
2019-08-23T00:00:00,TSC,1.81,1.79,1.8,1.8023370964547434,1.81,1.8,50490.0,50490.0,0.0,91000000.0,0.0,0.0,0.0,0.0,0.0,28.0,134860.0,41.0,178580.0,1.1125827815,71492940.0,,,,1000.0
2019-08-26T00:00:00,TSC,1.83,1.8,1.8,1.8210880858594507,1.82,1.81,175170.0,175170.0,0.0,319000000.0,0.0,0.0,0.0,0.0,0.0,61.0,286460.0,66.0,391660.0,1.1125827815,71492940.0,,,,1000.0
2019-08-27T00:00:00,TSC,1.88,1.78,1.82,1.8460486581961142,1.88,1.82,175510.0,175510.0,0.0,324000000.0,0.0,0.0,0.0,100.0,190000.0,71.0,261390.0,64.0,253340.0,1.1125827815,71492960.0,,,,1000.0
2019-08-28T00:00:00,TSC,1.94,1.82,1.94,1.840909090909091,1.85,1.88,132000.0,132000.0,0.0,243000000.0,0.0,0.0,0.0,10.0,20000.0,46.0,241700.0,55.0,329150.0,1.1125827815,71492960.0,,,,1000.0
2019-08-29T00:00:00,TSC,1.9,1.84,1.85,1.8510384639518103,1.87,1.85,159370.0,159370.0,0.0,295000000.0,0.0,0.0,0.0,0.0,0.0,89.0,344550.0,56.0,311780.0,1.1125827815,71492960.0,,,,1000.0
2019-08-30T00:00:00,TSC,1.89,1.85,1.89,1.85519931500333,1.87,1.87,105110.0,105110.0,0.0,195000000.0,0.0,0.0,0.0,0.0,0.0,40.0,159840.0,60.0,347400.0,1.1125827815,71493060.0,,,,1000.0
2019-09-03T00:00:00,TSC,1.88,1.74,1.87,1.8241042345276874,1.77,1.87,107450.0,107450.0,0.0,196000000.0,0.0,0.0,0.0,0.0,0.0,74.0,215760.0,47.0,189270.0,1.1125827815,71493070.0,,,,1000.0
2019-09-04T00:00:00,TSC,1.88,1.7,1.88,1.856702619414484,1.88,1.77,129800.0,129800.0,0.0,241000000.0,0.0,0.0,0.0,100.0,190000.0,97.0,241550.0,69.0,302750.0,1.1125827815,71493070.0,,,,1000.0
2019-09-05T00:00:00,TSC,1.9,1.85,1.87,1.8780889621087316,1.9,1.88,121400.0,121400.0,0.0,228000000.0,0.0,0.0,0.0,0.0,0.0,38.0,243310.0,58.0,379440.0,1.1125827815,71493070.0,,,,1000.0
2019-09-06T00:00:00,TSC,1.9,1.77,1.9,1.7950786607503026,1.78,1.9,628740.0,148740.0,480000.0,1131000000.0,864000000.0,0.0,0.0,0.0,0.0,76.0,229150.0,71.0,295640.0,1.1125827815,71493070.0,,,,1000.0
2019-09-09T00:00:00,TSC,1.9,1.75,1.8,1.886101962109056,1.9,1.78,1948330.0,355230.0,1593100.0,3505718000.0,2835718000.0,0.0,0.0,0.0,0.0,93.0,507780.0,60.0,409040.0,1.1125827815,71493170.0,,,,1000.0
2019-09-10T00:00:00,TSC,1.93,1.83,1.93,1.8967945001242443,1.9,1.9,640730.0,120730.0,520000.0,1211800000.0,982800000.0,1000.0,1850000.0,0.0,0.0,97.0,471960.0,55.0,296280.0,1.1125827815,71492170.0,,,,1000.0
2019-09-11T00:00:00,TSC,1.95,1.82,1.82,1.9261473655603494,1.95,1.9,734370.0,294370.0,440000.0,1385400000.0,818400000.0,990.0,1810000.0,100.0,190000.0,131.0,483730.0,96.0,498830.0,1.1125827815,71491180.0,,,,1000.0
2019-09-12T00:00:00,TSC,2.08,1.96,1.98,2.0159210673842356,2.08,1.95,1005950.0,445950.0,560000.0,1963000000.0,1064000000.0,0.0,0.0,100.0,200000.0,144.0,848980.0,100.0,576430.0,1.1125827815,71491180.0,,,,1000.0
2019-09-13T00:00:00,TSC,2.17,2.06,2.14,2.1236012207527972,2.14,2.08,235920.0,235920.0,0.0,501000000.0,0.0,0.0,0.0,0.0,0.0,108.0,542870.0,103.0,461810.0,1.1125827815,71491180.0,,,,1000.0
2019-09-16T00:00:00,TSC,2.28,2.13,2.18,2.228604464668693,2.28,2.14,1116210.0,536210.0,580000.0,2413000000.0,1218000000.0,0.0,0.0,100.0,220000.0,267.0,1213850.0,139.0,631820.0,1.1125827815,71491280.0,,,,1000.0
2019-09-17T00:00:00,TSC,2.4,2.3,2.4,2.366942441268858,2.34,2.28,1082060.0,452060.0,630000.0,2443400000.0,1373400000.0,300.0,720000.0,0.0,0.0,208.0,686900.0,158.0,790810.0,1.1125827815,71491080.0,,,,1000.0
2019-09-18T00:00:00,TSC,2.38,2.22,2.34,2.304513668150032,2.35,2.34,215840.0,125840.0,90000.0,491600000.0,201600000.0,0.0,0.0,2980.0,6970000.0,105.0,226800.0,117.0,338210.0,1.1125827815,71491080.0,,,,1000.0
2019-09-19T00:00:00,TSC,2.33,2.19,2.33,2.229608956066355,2.19,2.35,318890.0,318890.0,0.0,711000000.0,0.0,0.0,0.0,0.0,0.0,148.0,397320.0,100.0,618310.0,1.1125827815,71491180.0,,,,1000.0
2019-09-20T00:00:00,TSC,2.25,2.05,2.05,2.0978016188514776,2.16,2.19,208790.0,208790.0,0.0,438000000.0,0.0,0.0,0.0,2310.0,5010000.0,145.0,801350.0,93.0,422820.0,1.1125827815,71491180.0,,,,1000.0
2019-09-23T00:00:00,TSC,2.29,2.16,2.24,2.2417285617825793,2.25,2.16,148100.0,148100.0,0.0,332000000.0,0.0,0.0,0.0,100.0,230000.0,94.0,334500.0,98.0,332570.0,1.1125827815,71494160.0,,,,1000.0
2019-09-24T00:00:00,TSC,2.3,2.21,2.3,2.2800844475721322,2.29,2.25,142100.0,142100.0,0.0,324000000.0,0.0,0.0,0.0,2000.0,4560000.0,111.0,210670.0,103.0,709440.0,1.1125827815,71494160.0,,,,1000.0
2019-09-25T00:00:00,TSC,2.31,2.2,2.25,2.2601645989436188,2.3,2.29,162820.0,162820.0,0.0,368000000.0,0.0,0.0,0.0,0.0,0.0,140.0,369170.0,131.0,456870.0,1.1125827815,71496470.0,,,,1000.0
2019-09-26T00:00:00,TSC,2.3,2.22,2.3,2.2641142746088816,2.22,2.3,205820.0,205820.0,0.0,466000000.0,0.0,0.0,0.0,0.0,0.0,77.0,304020.0,98.0,611210.0,1.1125827815,71496570.0,,,,1000.0
2019-09-27T00:00:00,TSC,2.3,2.08,2.17,2.161373732016177,2.29,2.22,301660.0,301660.0,0.0,652000000.0,0.0,10.0,20000.0,1100.0,2420000.0,130.0,521860.0,113.0,912860.0,1.1125827815,71498560.0,,,,1000.0
2019-09-30T00:00:00,TSC,2.38,2.18,2.31,2.333069875003659,2.31,2.29,341610.0,341610.0,0.0,797000000.0,0.0,0.0,0.0,100.0,240000.0,143.0,630140.0,137.0,732580.0,1.1125827815,71498560.0,,,,1000.0
2019-10-01T00:00:00,TSC,2.47,2.27,2.33,2.4197018895974334,2.47,2.31,1533660.0,1533660.0,0.0,3711000000.0,0.0,0.0,0.0,101000.0,249450000.0,242.0,3432590.0,183.0,1728700.0,1.1125827815,71498560.0,,,,1000.0
2019-10-02T00:00:00,TSC,2.58,2.42,2.58,2.4954778692458195,2.43,2.47,270890.0,270890.0,0.0,676000000.0,0.0,0.0,0.0,0.0,0.0,171.0,643330.0,134.0,590560.0,1.1125827815,71499660.0,,,,1000.0
2019-10-03T00:00:00,TSC,2.45,2.35,2.43,2.4199982271075258,2.4,2.43,112810.0,112810.0,0.0,273000000.0,0.0,0.0,0.0,0.0,0.0,89.0,263830.0,93.0,672220.0,1.1125827815,71499760.0,,,,1000.0
2019-10-04T00:00:00,TSC,2.56,2.39,2.39,2.540155332238399,2.49,2.4,718460.0,718460.0,0.0,1825000000.0,0.0,0.0,0.0,0.0,0.0,192.0,968670.0,135.0,919460.0,1.1125827815,71600760.0,,,,1000.0
2019-10-07T00:00:00,TSC,2.59,2.54,2.54,2.560919274743042,2.59,2.49,346360.0,346360.0,0.0,887000000.0,0.0,700.0,1790000.0,0.0,0.0,191.0,605650.0,126.0,740330.0,1.1125827815,71600060.0,,,,1000.0
2019-10-08T00:00:00,TSC,2.77,2.6,2.6,2.750485262041502,2.77,2.59,2998380.0,2998380.0,0.0,8247000000.0,0.0,0.0,0.0,100.0,260000.0,480.0,4448620.0,401.0,3269410.0,1.1125827815,71600060.0,,,,1000.0
2019-10-09T00:00:00,TSC,2.84,2.69,2.84,2.7426542862323338,2.7,2.77,1047890.0,1047890.0,0.0,2874000000.0,0.0,51100.0,143040000.0,0.0,0.0,344.0,1639990.0,266.0,1575730.0,1.1125827815,71548960.0,,,,1000.0
2019-10-10T00:00:00,TSC,2.85,2.7,2.7,2.7656261585230224,2.8,2.7,674350.0,674350.0,0.0,1865000000.0,0.0,8500.0,23360000.0,100.0,280000.0,261.0,1294940.0,236.0,1098470.0,1.1125827815,71540460.0,,,,1000.0
2019-10-11T00:00:00,TSC,2.8,2.7,2.78,2.750966768321439,2.75,2.8,954210.0,954210.0,0.0,2625000000.0,0.0,3000.0,8340000.0,0.0,0.0,275.0,1487910.0,225.0,1453500.0,1.1125827815,71537560.0,,,,1000.0
2019-10-14T00:00:00,TSC,2.8,2.71,2.75,2.741990718325992,2.75,2.75,846830.0,846830.0,0.0,2322000000.0,0.0,2000.0,5490000.0,100.0,280000.0,206.0,1185630.0,199.0,1187050.0,1.1125827815,71535560.0,,,,1000.0
2019-10-15T00:00:00,TSC,2.94,2.71,2.75,2.794220413532289,2.75,2.75,973080.0,973080.0,0.0,2719000000.0,0.0,2000.0,5690000.0,100.0,280000.0,325.0,1691790.0,294.0,1544540.0,1.1125827815,71533660.0,,,,1000.0
2019-10-16T00:00:00,TSC,2.79,2.74,2.75,2.7583130425085036,2.78,2.75,538010.0,538010.0,0.0,1484000000.0,0.0,0.0,0.0,0.0,0.0,139.0,1140620.0,185.0,1155480.0,1.1125827815,71533660.0,,,,1000.0
2019-10-17T00:00:00,TSC,2.8,2.63,2.8,2.6895167940190206,2.63,2.78,727640.0,727640.0,0.0,1957000000.0,0.0,12000.0,32740000.0,0.0,0.0,171.0,936300.0,154.0,1283580.0,1.1125827815,71521760.0,,,,1000.0
2019-10-18T00:00:00,TSC,2.8,2.59,2.65,2.6747406333854697,2.67,2.63,696890.0,696890.0,0.0,1864000000.0,0.0,2000.0,5380000.0,8000.0,20960000.0,262.0,1497140.0,244.0,1424670.0,1.1125827815,71519860.0,,,,1000.0
2019-10-21T00:00:00,TSC,2.75,2.62,2.7,2.6435440389490203,2.62,2.67,497060.0,497060.0,0.0,1314000000.0,0.0,10000.0,26500000.0,1000.0,2650000.0,190.0,981640.0,181.0,935020.0,1.1125827815,71509860.0,,,,1000.0
2019-10-22T00:00:00,TSC,2.8,2.62,2.63,2.7094852553975777,2.8,2.62,1215360.0,1215360.0,0.0,3293000000.0,0.0,0.0,0.0,100.0,280000.0,194.0,2997550.0,178.0,1568730.0,1.1125827815,71509860.0,,,,1000.0
2019-10-23T00:00:00,TSC,2.97,2.8,2.8,2.9241730459841238,2.95,2.8,1131260.0,1131260.0,0.0,3308000000.0,0.0,0.0,0.0,0.0,0.0,356.0,1761880.0,275.0,1924970.0,1.1125827815,71517860.0,,,,1000.0
2019-10-24T00:00:00,TSC,3.03,2.88,2.97,2.9649735486324817,2.92,2.95,1156840.0,1156840.0,0.0,3430000000.0,0.0,10900.0,32480000.0,10000.0,28900000.0,311.0,1491090.0,296.0,2714470.0,1.1125827815,71507960.0,,,,1000.0
2019-10-25T00:00:00,TSC,2.93,2.85,2.93,2.867438981252211,2.87,2.92,452320.0,452320.0,0.0,1297000000.0,0.0,10000.0,28920000.0,0.0,0.0,187.0,868730.0,124.0,914830.0,1.1125827815,71498060.0,,,,1000.0
2019-10-28T00:00:00,TSC,3.04,2.85,2.85,2.9573474508109148,2.89,2.87,1666020.0,1666020.0,0.0,4927000000.0,0.0,0.0,0.0,1100.0,3190000.0,298.0,2613460.0,261.0,2804180.0,1.1125827815,71498060.0,,,,1000.0
2019-10-29T00:00:00,TSC,3.09,2.89,2.89,3.0380581755820857,3.09,2.89,1516100.0,1516100.0,0.0,4606000000.0,0.0,124870.0,384280000.0,11600.0,35070000.0,433.0,3714670.0,238.0,1689350.0,1.1125827815,71383190.0,,,,1000.0
2019-10-30T00:00:00,TSC,3.29,3.09,3.1,3.2056227626218985,3.13,3.09,1296160.0,1296160.0,0.0,4155000000.0,0.0,1220.0,3890000.0,1000.0,3250000.0,552.0,2331410.0,307.0,2183030.0,1.1125827815,71381970.0,,,,1000.0
2019-10-31T00:00:00,TSC,3.27,3.13,3.13,3.1862455634358744,3.14,3.13,1608790.0,1608790.0,0.0,5126000000.0,0.0,10440.0,33000000.0,24640.0,79600000.0,311.0,2338710.0,272.0,2277550.0,1.1125827815,71372630.0,,,,1000.0
2019-11-01T00:00:00,TSC,3.35,2.93,3.14,3.148573001743599,3.34,3.14,3269100.0,3269100.0,0.0,10293000000.0,0.0,0.0,0.0,162800.0,491470000.0,683.0,5423550.0,438.0,4494120.0,1.1125827815,71384230.0,,,,1000.0
2019-11-04T00:00:00,TSC,3.46,3.28,3.38,3.3502315684065587,3.3,3.34,1597800.0,1597800.0,0.0,5353000000.0,0.0,36630.0,123810000.0,12870.0,43510000.0,423.0,1842330.0,325.0,2777600.0,1.1125827815,71348600.0,,,,1000.0
2019-11-05T00:00:00,TSC,3.35,3.15,3.29,3.2527321228809916,3.18,3.3,1045890.0,1045890.0,0.0,3402000000.0,0.0,720.0,2370000.0,500.0,1640000.0,452.0,1475040.0,248.0,1889400.0,1.1125827815,71372520.0,,,,1000.0
2019-11-06T00:00:00,TSC,3.34,3.15,3.15,3.2446133118802765,3.34,3.18,2063420.0,2063420.0,0.0,6695000000.0,0.0,0.0,0.0,2500.0,8200000.0,605.0,3961690.0,271.0,2607120.0,1.1125827815,71535320.0,,,,1000.0
2019-11-07T00:00:00,TSC,3.48,3.4,3.44,3.4347482135678065,3.4,3.34,1542180.0,1542180.0,0.0,5297000000.0,0.0,5000.0,17000000.0,20100.0,68940000.0,434.0,2429650.0,358.0,2626350.0,1.1125827815,71543190.0,,,,1000.0
2019-11-08T00:00:00,TSC,3.54,3.4,3.4,3.4904114803912902,3.53,3.4,2942060.0,2942060.0,0.0,10269000000.0,0.0,2000.0,6860000.0,0.0,0.0,630.0,4688230.0,426.0,4307500.0,1.1125827815,71541690.0,,,,1000.0
2019-11-11T00:00:00,TSC,3.55,3.43,3.54,3.515050601159069,3.54,3.53,1849760.0,1849760.0,0.0,6502000000.0,0.0,500.0,1760000.0,20000.0,70800000.0,609.0,3117360.0,334.0,2860520.0,1.1125827815,71543690.0,,,,1000.0
2019-11-12T00:00:00,TSC,3.78,3.5,3.54,3.7338174126165704,3.78,3.54,3933240.0,3933240.0,0.0,14686000000.0,0.0,5000.0,17610000.0,500.0,1870000.0,972.0,5821320.0,366.0,4459950.0,1.1125827815,71558790.0,,,,1000.0
2019-11-13T00:00:00,TSC,4.04,3.8,3.89,4.000793568063592,4.04,3.78,5947820.0,5947820.0,0.0,23796000000.0,0.0,4000.0,15750000.0,10000.0,40400000.0,1563.0,10599450.0,501.0,6479830.0,1.1125827815,71554790.0,,,,1000.0
2019-11-14T00:00:00,TSC,4.32,4.04,4.04,4.251551690884121,4.27,4.04,4303370.0,4303370.0,0.0,18296000000.0,0.0,20000.0,85800000.0,42100.0,180380000.0,1602.0,7221500.0,495.0,5365690.0,1.1125827815,71554790.0,,,,1000.0
2019-11-15T00:00:00,TSC,4.27,3.98,4.15,4.017009299123052,3.98,4.27,2643260.0,2643260.0,0.0,10618000000.0,0.0,0.0,0.0,0.0,0.0,778.0,3715480.0,636.0,6052710.0,1.1125827815,71555290.0,,,,1000.0
2019-11-18T00:00:00,TSC,3.71,3.71,3.71,3.71,3.71,3.98,341120.0,341120.0,0.0,1265555200.0,0.0,3000.0,11130000.0,0.0,0.0,186.0,341120.0,547.0,6052530.0,1.1125827815,71562290.0,,,,1000.0
2019-11-19T00:00:00,TSC,3.71,3.46,3.46,3.476809426879936,3.5,3.71,6332530.0,6332530.0,0.0,22017000000.0,0.0,82560.0,290020000.0,0.0,0.0,1462.0,7993510.0,957.0,13358550.0,1.1125827815,71521830.0,,,,1000.0
2019-11-20T00:00:00,TSC,3.55,3.26,3.5,3.285018747551626,3.26,3.5,1608210.0,1608210.0,0.0,5283000000.0,0.0,113760.0,374230000.0,20000.0,66650000.0,654.0,1957690.0,456.0,5001700.0,1.1125827815,71408070.0,,,,1000.0
2019-11-21T00:00:00,TSC,3.04,3.04,3.04,3.04,3.04,3.26,554540.0,554540.0,0.0,1685801600.0,0.0,0.0,0.0,0.0,0.0,240.0,554540.0,339.0,4865290.0,1.1125827815,71408070.0,,,,1000.0
2019-11-22T00:00:00,TSC,2.83,2.83,2.83,2.83,2.83,3.04,571070.0,571070.0,0.0,1616128100.0,0.0,0.0,0.0,0.0,0.0,171.0,571070.0,679.0,26017730.0,1.1125827815,71408070.0,,,,1000.0
2019-11-25T00:00:00,TSC,2.64,2.64,2.64,2.64,2.64,2.83,357180.0,357180.0,0.0,942955200.0,0.0,0.0,0.0,20000.0,52800000.0,134.0,357180.0,508.0,8830720.0,1.1125827815,71428070.0,,,,1000.0
2019-11-26T00:00:00,TSC,2.46,2.46,2.46,2.46,2.46,2.64,347320.0,347320.0,0.0,854407200.0,0.0,0.0,0.0,0.0,0.0,131.0,347320.0,428.0,7119050.0,1.1125827815,71428070.0,,,,1000.0
2019-11-27T00:00:00,TSC,2.63,2.29,2.29,2.4536677141388488,2.63,2.46,3949190.0,3949190.0,0.0,9690000000.0,0.0,39730.0,101460000.0,25000.0,63770000.0,1311.0,8807990.0,576.0,5087630.0,1.1125827815,71388340.0,,,,1000.0
2019-11-28T00:00:00,TSC,2.81,2.69,2.75,2.780537812475357,2.81,2.63,634050.0,634050.0,0.0,1763000000.0,0.0,0.0,0.0,5000.0,13890000.0,486.0,3306060.0,148.0,799220.0,1.1125827815,71408340.0,,,,1000.0
2019-11-29T00:00:00,TSC,3.0,2.69,2.95,2.9030251539885303,2.74,2.81,2636560.0,2636560.0,0.0,7654000000.0,0.0,80000.0,240000000.0,6100.0,18060000.0,904.0,4739810.0,722.0,5003100.0,1.1125827815,71328340.0,,,,1000.0
2019-12-02T00:00:00,TSC,2.68,2.55,2.56,2.566043341550803,2.55,2.74,2827310.0,2827310.0,0.0,7255000000.0,0.0,35840.0,93080000.0,43000.0,110830000.0,711.0,3436460.0,584.0,4359540.0,1.1125827815,71317500.0,,,,1000.0
2019-12-03T00:00:00,TSC,2.72,2.39,2.52,2.57962390256057,2.65,2.55,1364540.0,1364540.0,0.0,3520000000.0,0.0,21170.0,51830000.0,38880.0,101030000.0,703.0,2710300.0,461.0,2903160.0,1.1125827815,71301330.0,,,,1000.0
2019-12-04T00:00:00,TSC,2.65,2.49,2.56,2.5441579360381072,2.58,2.65,726370.0,726370.0,0.0,1848000000.0,0.0,31260.0,80650000.0,5450.0,13910000.0,553.0,1814440.0,375.0,2566300.0,1.1125827815,71276170.0,,,,1000.0
2019-12-05T00:00:00,TSC,2.75,2.41,2.58,2.635016345291638,2.58,2.58,1416310.0,1416310.0,0.0,3732000000.0,0.0,5690.0,14870000.0,34200.0,90590000.0,619.0,3172170.0,559.0,3707370.0,1.1125827815,71313480.0,,,,1000.0
2019-12-06T00:00:00,TSC,2.76,2.58,2.58,2.7151503565019794,2.76,2.58,2301530.0,2301530.0,0.0,6249000000.0,0.0,17570.0,48190000.0,22210.0,59410000.0,714.0,6158390.0,501.0,3370670.0,1.1125827815,71334790.0,,,,1000.0
2019-12-09T00:00:00,TSC,2.95,2.79,2.85,2.9314149369404925,2.95,2.76,2229640.0,2229640.0,0.0,6536000000.0,0.0,31040.0,90960000.0,0.0,0.0,647.0,5083320.0,345.0,2930990.0,1.1125827815,71309200.0,,,,1000.0
2019-12-10T00:00:00,TSC,3.15,2.95,2.95,3.094659852254222,3.15,2.95,1774670.0,1774670.0,0.0,5492000000.0,0.0,63620.0,197900000.0,37050.0,114550000.0,673.0,3555150.0,565.0,2559930.0,1.1125827815,71279780.0,,,,1000.0
2019-12-11T00:00:00,TSC,3.33,3.03,3.19,3.1751153339191562,3.2,3.15,1456640.0,1456640.0,0.0,4625000000.0,0.0,0.0,0.0,18070.0,56740000.0,735.0,2658860.0,574.0,3089780.0,1.1125827815,71301990.0,,,,1000.0
2019-12-12T00:00:00,TSC,3.23,3.08,3.14,3.1294842025620286,3.09,3.2,1533160.0,1533160.0,0.0,4798000000.0,0.0,0.0,0.0,31040.0,96520000.0,845.0,2364140.0,507.0,2941500.0,1.1125827815,71301990.0,,,,1000.0
2019-12-13T00:00:00,TSC,3.25,3.1,3.1,3.1700445085682394,3.13,3.09,1469380.0,1469380.0,0.0,4658000000.0,0.0,0.0,0.0,31620.0,99560000.0,627.0,2335540.0,491.0,3149490.0,1.1125827815,71339040.0,,,,1000.0
2019-12-16T00:00:00,TSC,3.34,3.1,3.1,3.2347534778494436,3.26,3.13,1838780.0,1838780.0,0.0,5948000000.0,0.0,13390.0,43850000.0,100.0,330000.0,744.0,3427530.0,484.0,3383780.0,1.1125827815,71343720.0,,,,1000.0
2019-12-17T00:00:00,TSC,3.42,3.05,3.3,3.2714059282102155,3.18,3.26,2782290.0,2782290.0,0.0,9102000000.0,0.0,0.0,0.0,100.0,340000.0,739.0,3556020.0,551.0,5298820.0,1.1125827815,71374760.0,,,,1000.0
2019-12-18T00:00:00,TSC,3.2,2.96,3.11,3.0116571552213776,2.96,3.18,2218380.0,2218380.0,0.0,6681000000.0,0.0,20.0,60000.0,1970.0,5920000.0,652.0,2770660.0,629.0,4189300.0,1.1125827815,71406360.0,,,,1000.0
2019-12-19T00:00:00,TSC,2.9,2.76,2.83,2.795391741980269,2.79,2.96,1498180.0,1498180.0,0.0,4188000000.0,0.0,1970.0,5540000.0,13390.0,37670000.0,529.0,2293740.0,422.0,2446050.0,1.1125827815,71404490.0,,,,1000.0
2019-12-20T00:00:00,TSC,2.98,2.74,2.74,2.9103963331570424,2.98,2.79,1247940.0,1247940.0,0.0,3632000000.0,0.0,1590.0,4650000.0,0.0,0.0,707.0,3043840.0,389.0,1645540.0,1.1125827815,71403000.0,,,,1000.0
2019-12-23T00:00:00,TSC,3.18,2.98,2.98,3.1684163686405062,3.18,2.98,1213540.0,1213540.0,0.0,3845000000.0,0.0,8150.0,25230000.0,100.0,320000.0,404.0,3148560.0,228.0,1278790.0,1.1125827815,71396820.0,,,,1000.0
2019-12-24T00:00:00,TSC,3.25,3.14,3.2,3.1940014085090516,3.16,3.18,1448340.0,1448340.0,0.0,4626000000.0,0.0,9800.0,31420000.0,1970.0,6260000.0,443.0,2133240.0,555.0,3163060.0,1.1125827815,71400410.0,,,,1000.0
2019-12-25T00:00:00,TSC,3.23,3.05,3.1,3.1661650052624166,3.16,3.16,1491710.0,1491710.0,0.0,4723000000.0,0.0,2950.0,9260000.0,100.0,310000.0,871.0,2349350.0,487.0,2280990.0,1.1125827815,71397460.0,,,,1000.0
2019-12-26T00:00:00,TSC,3.16,2.96,3.16,3.045666262908805,3.05,3.16,800810.0,800810.0,0.0,2439000000.0,0.0,4110.0,12470000.0,9740.0,30140000.0,449.0,1468010.0,345.0,1346250.0,1.1125827815,71393450.0,,,,1000.0
2019-12-27T00:00:00,TSC,3.05,2.84,2.99,2.857935941447719,2.88,3.05,1765260.0,1765260.0,0.0,5045000000.0,0.0,11290.0,33160000.0,0.0,0.0,600.0,2137560.0,297.0,2694480.0,1.1125827815,71384130.0,,,,1000.0
2019-12-30T00:00:00,TSC,2.89,2.68,2.88,2.7758517080386444,2.88,2.88,865320.0,865320.0,0.0,2402000000.0,0.0,35640.0,98400000.0,4310.0,12070000.0,499.0,1655700.0,298.0,1558610.0,1.1125827815,71348590.0,,,,1000.0
2019-12-31T00:00:00,TSC,3.08,2.8,2.86,2.9352481733434117,3.08,2.88,238140.0,238140.0,0.0,699000000.0,0.0,3330.0,9520000.0,10550.0,30030000.0,217.0,598170.0,168.0,492180.0,1.1125827815,71355000.0,,,,1000.0
2020-01-02T00:00:00,TSC,3.07,2.94,3.01,2.987152344769583,2.97,3.08,344810.0,344810.0,0.0,1030000000.0,0.0,9230.0,27860000.0,4290.0,12830000.0,257.0,776090.0,333.0,1464340.0,1.1125827815,71345770.0,,,,1000.0
2020-01-03T00:00:00,TSC,3.0,2.83,2.97,2.935548312480286,3.0,2.97,951100.0,951100.0,0.0,2792000000.0,0.0,9450.0,27590000.0,173400.0,507590000.0,423.0,1525910.0,408.0,1953920.0,1.1125827815,71340630.0,,,,1000.0
2020-01-06T00:00:00,TSC,3.0,2.84,3.0,2.8846745890031404,2.84,3.0,324820.0,324820.0,0.0,937000000.0,0.0,26470.0,76940000.0,14640.0,41910000.0,243.0,651450.0,239.0,986100.0,1.1125827815,71324710.0,,,,1000.0
2020-01-07T00:00:00,TSC,2.94,2.72,2.81,2.844859436402109,2.84,2.84,297730.0,297730.0,0.0,847000000.0,0.0,31170.0,88830000.0,10860.0,30490000.0,304.0,827390.0,162.0,743280.0,1.1125827815,71297830.0,,,,1000.0
2020-01-08T00:00:00,TSC,2.83,2.65,2.77,2.694624833737579,2.65,2.84,639050.0,639050.0,0.0,1722000000.0,0.0,8640.0,23810000.0,17460.0,48220000.0,356.0,889660.0,214.0,1268600.0,1.1125827815,71462590.0,,,,1000.0
2020-01-09T00:00:00,TSC,2.8,2.6,2.7,2.699769366436033,2.8,2.65,294840.0,294840.0,0.0,796000000.0,0.0,14720.0,39050000.0,15280.0,40900000.0,291.0,706820.0,166.0,572440.0,1.1125827815,71462510.0,,,,1000.0
2020-01-10T00:00:00,TSC,2.88,2.69,2.69,2.754755232246139,2.78,2.8,335420.0,335420.0,0.0,924000000.0,0.0,0.0,0.0,19340.0,53250000.0,270.0,654370.0,257.0,1114230.0,1.1125827815,71473370.0,,,,1000.0
2020-01-13T00:00:00,TSC,2.79,2.66,2.79,2.717416167253763,2.75,2.78,218590.0,218590.0,0.0,594000000.0,0.0,500.0,1340000.0,27840.0,74960000.0,154.0,376330.0,173.0,679750.0,1.1125827815,71490330.0,,,,1000.0
2020-01-14T00:00:00,TSC,2.75,2.62,2.65,2.685802763220581,2.69,2.75,335840.0,335840.0,0.0,902000000.0,0.0,0.0,0.0,15930.0,42530000.0,172.0,626950.0,201.0,845820.0,1.1125827815,71505610.0,,,,1000.0
2020-01-15T00:00:00,TSC,2.72,2.55,2.69,2.5925816810535305,2.57,2.69,339430.0,339430.0,0.0,880000000.0,0.0,6290.0,16630000.0,27720.0,72120000.0,206.0,578960.0,179.0,826830.0,1.1125827815,71518660.0,,,,1000.0
2020-01-16T00:00:00,TSC,2.67,2.5,2.67,2.5256598240469206,2.5,2.57,272800.0,272800.0,0.0,689000000.0,0.0,0.0,0.0,9840.0,25350000.0,157.0,381280.0,141.0,562910.0,1.1125827815,71546500.0,,,,1000.0
2020-01-17T00:00:00,TSC,2.53,2.33,2.53,2.389301347004909,2.33,2.5,413510.0,413510.0,0.0,988000000.0,0.0,0.0,0.0,2410.0,5910000.0,207.0,532080.0,147.0,875980.0,1.1125827815,71562436.0,,,,1000.0
2020-01-20T00:00:00,TSC,2.35,2.17,2.3,2.196015282119289,2.2,2.33,633420.0,633420.0,0.0,1391000000.0,0.0,30170.0,67360000.0,0.0,0.0,262.0,746040.0,160.0,1150280.0,1.1125827815,71559986.0,,,,1000.0
2020-01-21T00:00:00,TSC,2.35,2.18,2.21,2.289137294753169,2.35,2.2,373940.0,373940.0,0.0,856000000.0,0.0,10450.0,23540000.0,2450.0,5440000.0,301.0,1133600.0,115.0,505660.0,1.1125827815,71559376.0,,,,1000.0
2020-01-22T00:00:00,TSC,2.51,2.44,2.48,2.4942768305600165,2.51,2.35,292670.0,292670.0,0.0,730000000.0,0.0,0.0,0.0,6030.0,14810000.0,255.0,655140.0,108.0,393320.0,1.1125827815,71561786.0,,,,1000.0
2020-01-30T00:00:00,TSC,2.5,2.34,2.5,2.357477547832878,2.34,2.51,204880.0,204880.0,0.0,483000000.0,0.0,1800.0,4340000.0,16610.0,39400000.0,166.0,234770.0,158.0,456880.0,1.1125827815,71559986.0,,,,1000.0
2020-01-31T00:00:00,TSC,2.31,2.18,2.19,2.194512207415173,2.18,2.34,992020.0,992020.0,0.0,2177000000.0,0.0,8500.0,19010000.0,1630.0,3670000.0,314.0,1210710.0,193.0,1542810.0,1.1125827815,71553936.0,,,,1000.0
2020-02-03T00:00:00,TSC,2.12,2.03,2.03,2.0326389962163494,2.03,2.18,1746990.0,1746990.0,0.0,3551000000.0,0.0,41670.0,85780000.0,0.0,0.0,269.0,1853670.0,229.0,2404230.0,1.1125827815,71518296.0,,,,1000.0
2020-02-04T00:00:00,TSC,2.11,1.93,2.03,1.9828441978262528,1.93,2.03,392870.0,392870.0,0.0,779000000.0,0.0,3290.0,6740000.0,12230.0,25260000.0,266.0,1112470.0,119.0,630980.0,1.1125827815,71531616.0,,,,1000.0
2020-02-05T00:00:00,TSC,2.06,1.93,2.0,2.0297699594046006,2.06,1.93,458180.0,458180.0,0.0,930000000.0,0.0,18690.0,37240000.0,0.0,0.0,284.0,980900.0,136.0,588210.0,1.1125827815,71514556.0,,,,1000.0
2020-02-06T00:00:00,TSC,2.2,2.08,2.16,2.1932509813807757,2.2,2.06,833010.0,833010.0,0.0,1827000000.0,0.0,10170.0,22350000.0,6030.0,13040000.0,273.0,1221610.0,179.0,927370.0,1.1125827815,71504386.0,,,,1000.0
2020-02-07T00:00:00,TSC,2.26,2.15,2.25,2.2094874243871376,2.17,2.2,314100.0,314100.0,0.0,694000000.0,0.0,7780.0,17320000.0,12110.0,26560000.0,181.0,636320.0,197.0,745460.0,1.1125827815,71508836.0,,,,1000.0
2020-02-10T00:00:00,TSC,2.16,2.02,2.1,2.0666245132949514,2.12,2.17,300490.0,300490.0,0.0,621000000.0,0.0,14160.0,29730000.0,120660.0,247960000.0,206.0,677950.0,129.0,519400.0,1.1125827815,71494676.0,,,,1000.0
2020-02-11T00:00:00,TSC,2.17,2.0,2.06,2.0464565374745014,2.13,2.12,151970.0,151970.0,0.0,311000000.0,0.0,16680.0,34580000.0,1510.0,3260000.0,272.0,617580.0,127.0,342590.0,1.1125827815,71484026.0,,,,1000.0
2020-02-12T00:00:00,TSC,2.23,2.1,2.16,2.1844660194174756,2.2,2.13,506760.0,506760.0,0.0,1107000000.0,0.0,21070.0,45620000.0,24000.0,52570000.0,270.0,1236730.0,209.0,1204480.0,1.1125827815,71475066.0,,,,1000.0
2020-02-13T00:00:00,TSC,2.35,2.18,2.23,2.2763166929890817,2.34,2.2,873780.0,873780.0,0.0,1989000000.0,0.0,12120.0,27560000.0,49770.0,115560000.0,321.0,2338130.0,235.0,1130260.0,1.1125827815,71583606.0,,,,1000.0
2020-02-14T00:00:00,TSC,2.47,2.26,2.26,2.371037911746426,2.4,2.34,321800.0,321800.0,0.0,763000000.0,0.0,0.0,0.0,11770.0,28370000.0,297.0,910660.0,276.0,960390.0,1.1125827815,71585116.0,,,,1000.0
2020-02-17T00:00:00,TSC,2.45,2.28,2.34,2.3663553543803357,2.45,2.4,174530.0,174530.0,0.0,413000000.0,0.0,590.0,1360000.0,2010.0,4690000.0,143.0,408180.0,128.0,414470.0,1.1125827815,71608526.0,,,,1000.0
2020-02-18T00:00:00,TSC,2.5,2.32,2.4,2.410263572696981,2.32,2.45,501190.0,501190.0,0.0,1208000000.0,0.0,2400.0,5790000.0,1500.0,3590000.0,213.0,961380.0,211.0,1067650.0,1.1125827815,71655896.0,,,,1000.0
2020-02-19T00:00:00,TSC,2.45,2.29,2.32,2.317930312546732,2.38,2.32,401220.0,401220.0,0.0,930000000.0,0.0,2470.0,5750000.0,5000.0,11850000.0,220.0,770740.0,169.0,926660.0,1.1125827815,71665196.0,,,,1000.0
2020-02-20T00:00:00,TSC,2.43,2.3,2.38,2.364935883960479,2.3,2.38,285420.0,285420.0,0.0,675000000.0,0.0,8220.0,19210000.0,0.0,0.0,181.0,552120.0,173.0,688190.0,1.1125827815,71658986.0,,,,1000.0
2020-02-21T00:00:00,TSC,2.39,2.25,2.39,2.304818283274298,2.25,2.3,206090.0,206090.0,0.0,475000000.0,0.0,0.0,0.0,9560.0,22060000.0,177.0,404420.0,145.0,688320.0,1.1125827815,71660486.0,,,,1000.0
2020-02-24T00:00:00,TSC,2.2,2.1,2.2,2.1047441656623205,2.1,2.25,912700.0,912700.0,0.0,1921000000.0,0.0,0.0,0.0,2310.0,4970000.0,220.0,942970.0,130.0,1245060.0,1.1125827815,71665486.0,,,,1000.0
2020-02-25T00:00:00,TSC,2.19,1.99,2.1,2.056217871595756,2.16,2.1,274290.0,274290.0,0.0,564000000.0,0.0,0.0,0.0,17590.0,36680000.0,249.0,828420.0,111.0,393430.0,1.1125827815,71665486.0,,,,1000.0
2020-02-26T00:00:00,TSC,2.18,2.03,2.16,2.110726643598616,2.07,2.16,86700.0,86700.0,0.0,183000000.0,0.0,20000.0,43200000.0,11520.0,24220000.0,191.0,501310.0,136.0,338240.0,1.1125827815,71655046.0,,,,1000.0
2020-02-27T00:00:00,TSC,2.15,2.06,2.08,2.105046978487447,2.1,2.07,194770.0,194770.0,0.0,410000000.0,0.0,0.0,0.0,11340.0,23900000.0,124.0,735730.0,140.0,361610.0,1.1125827815,71657356.0,,,,1000.0
2020-02-28T00:00:00,TSC,2.12,1.98,2.12,2.0153730783652044,2.07,2.1,320040.0,320040.0,0.0,645000000.0,0.0,0.0,0.0,11350.0,23330000.0,261.0,671220.0,162.0,576540.0,1.1125827815,71674946.0,,,,1000.0
2020-03-02T00:00:00,TSC,2.1,2.01,2.1,2.0627401245850274,2.07,2.07,268090.0,268090.0,0.0,553000000.0,0.0,0.0,0.0,9110.0,18740000.0,177.0,683220.0,148.0,554590.0,1.1125827815,71686466.0,,,,1000.0
2020-03-03T00:00:00,TSC,2.18,2.06,2.1,2.0906865535693955,2.14,2.07,702640.0,702640.0,0.0,1469000000.0,0.0,0.0,0.0,10680.0,22470000.0,325.0,1173070.0,205.0,965000.0,1.1125827815,71697806.0,,,,1000.0
2020-03-04T00:00:00,TSC,2.28,2.0,2.14,2.1496832157311463,2.28,2.14,943860.0,943860.0,0.0,2029000000.0,0.0,0.0,0.0,9640.0,20010000.0,478.0,3697870.0,282.0,1054560.0,1.1125827815,71709156.0,,,,1000.0
2020-03-05T00:00:00,TSC,2.42,2.15,2.42,2.2509610845079924,2.2,2.28,593080.0,593080.0,0.0,1335000000.0,0.0,0.0,0.0,10680.0,24090000.0,320.0,1373840.0,309.0,1399680.0,1.1125827815,71718266.0,,,,1000.0
2020-03-06T00:00:00,TSC,2.22,2.09,2.15,2.135889195415375,2.22,2.2,351610.0,351610.0,0.0,751000000.0,0.0,0.0,0.0,11810.0,25190000.0,215.0,883490.0,182.0,513250.0,1.1125827815,71728946.0,,,,1000.0
2020-03-09T00:00:00,TSC,2.08,2.07,2.07,2.070922679844895,2.07,2.22,817510.0,817510.0,0.0,1693000000.0,0.0,0.0,0.0,7920.0,16390000.0,128.0,833200.0,209.0,1338660.0,1.1125827815,71738586.0,,,,1000.0
2020-03-10T00:00:00,TSC,2.17,1.94,1.94,2.007588130355034,2.08,2.07,397990.0,397990.0,0.0,799000000.0,0.0,0.0,0.0,3680.0,7190000.0,219.0,1048220.0,171.0,717690.0,1.1125827815,71749266.0,,,,1000.0
2020-03-11T00:00:00,TSC,2.16,2.0,2.14,2.055628622923669,2.02,2.08,410580.0,410580.0,0.0,844000000.0,0.0,0.0,0.0,0.0,0.0,202.0,786470.0,212.0,954560.0,1.1125827815,71761076.0,,,,1000.0
2020-03-12T00:00:00,TSC,2.0,1.88,1.88,1.8934827317211544,1.89,2.02,1551110.0,1551110.0,0.0,2937000000.0,0.0,61000.0,114680000.0,480.0,930000.0,268.0,1769470.0,149.0,2036480.0,1.1125827815,71707996.0,,,,1000.0
2020-03-13T00:00:00,TSC,2.02,1.76,1.76,1.8909580435270361,2.02,1.89,1114250.0,1114250.0,0.0,2107000000.0,0.0,2000.0,3700000.0,260.0,490000.0,249.0,2402850.0,192.0,1349440.0,1.1125827815,71709676.0,,,,1000.0
2020-03-16T00:00:00,TSC,2.16,2.15,2.16,2.1595463746162817,2.16,2.02,745990.0,745990.0,0.0,1611000000.0,0.0,0.0,0.0,0.0,0.0,196.0,2096430.0,120.0,745990.0,1.1125827815,71709676.0,,,,1000.0
2020-03-17T00:00:00,TSC,2.31,2.25,2.3,2.3059231416164634,2.31,2.16,1165260.0,1165260.0,0.0,2687000000.0,0.0,0.0,0.0,0.0,0.0,367.0,3833030.0,135.0,1243460.0,1.1125827815,71710156.0,,,,1000.0
2020-03-18T00:00:00,TSC,2.47,2.47,2.47,2.47,2.47,2.31,479650.0,479650.0,0.0,1184735500.0,0.0,0.0,0.0,0.0,0.0,272.0,2717750.0,92.0,479650.0,1.1125827815,71710416.0,,,,1000.0
2020-03-19T00:00:00,TSC,2.64,2.3,2.64,2.5373250609099665,2.3,2.47,2823840.0,2823840.0,0.0,7165000000.0,0.0,0.0,0.0,60170.0,158840000.0,620.0,4473440.0,533.0,6234820.0,1.1125827815,71710416.0,,,,1000.0
2020-03-20T00:00:00,TSC,2.26,2.14,2.14,2.1477812034503065,2.14,2.3,866010.0,866010.0,0.0,1860000000.0,0.0,0.0,0.0,0.0,0.0,216.0,1128540.0,180.0,2018410.0,1.1125827815,71710416.0,,,,1000.0
2020-03-23T00:00:00,TSC,2.14,2.0,2.02,2.0451522140662832,2.02,2.14,1044910.0,1044910.0,0.0,2137000000.0,0.0,0.0,0.0,0.0,0.0,229.0,1464000.0,160.0,1581140.0,1.1125827815,71710416.0,,,,1000.0
2020-03-24T00:00:00,TSC,2.16,1.93,1.93,2.0522665082833083,2.16,2.02,942860.0,942860.0,0.0,1935000000.0,0.0,0.0,0.0,0.0,0.0,369.0,2450280.0,203.0,1173260.0,1.1125827815,71770586.0,,,,1000.0
2020-03-25T00:00:00,TSC,2.26,2.04,2.16,2.0947246823257606,2.12,2.16,259700.0,259700.0,0.0,544000000.0,0.0,0.0,0.0,0.0,0.0,262.0,804800.0,146.0,1013530.0,1.1125827815,71770586.0,,,,1000.0
2020-03-26T00:00:00,TSC,2.11,2.03,2.06,2.0544306039317553,2.05,2.12,169390.0,169390.0,0.0,348000000.0,0.0,0.0,0.0,0.0,0.0,179.0,1782240.0,104.0,539150.0,1.1125827815,71770586.0,,,,1000.0
2020-03-27T00:00:00,TSC,2.06,2.0,2.03,2.0262420556276908,2.06,2.05,292660.0,292660.0,0.0,593000000.0,0.0,0.0,0.0,0.0,0.0,162.0,944370.0,156.0,599860.0,1.1125827815,71770586.0,,,,1000.0
2020-03-30T00:00:00,TSC,2.0,1.92,2.0,1.9215174350758522,1.92,2.06,1011180.0,1011180.0,0.0,1943000000.0,0.0,0.0,0.0,0.0,0.0,155.0,1031920.0,173.0,1544310.0,1.1125827815,71770586.0,,,,1000.0
2020-03-31T00:00:00,TSC,2.04,1.86,1.9,1.9409361069836553,1.86,1.92,646080.0,646080.0,0.0,1254000000.0,0.0,0.0,0.0,0.0,0.0,195.0,1259210.0,168.0,1016990.0,1.1125827815,71770586.0,,,,1000.0
2020-04-01T00:00:00,TSC,1.99,1.87,1.89,1.9183831747986952,1.99,1.86,438390.0,438390.0,0.0,841000000.0,0.0,0.0,0.0,0.0,0.0,235.0,1307510.0,123.0,528260.0,1.1125827815,71770586.0,,,,1000.0
2020-04-03T00:00:00,TSC,2.12,2.0,2.0,2.0960197687759248,2.08,1.99,226620.0,226620.0,0.0,475000000.0,0.0,0.0,0.0,0.0,0.0,192.0,734300.0,154.0,752260.0,1.1125827815,71770586.0,,,,1000.0
2020-04-06T00:00:00,TSC,2.2,2.0,2.11,2.0814716331379004,2.2,2.08,458810.0,458810.0,0.0,955000000.0,0.0,24380.0,50950000.0,0.0,0.0,262.0,947570.0,181.0,1505580.0,1.1125827815,71746206.0,,,,1000.0
2020-04-07T00:00:00,TSC,2.16,2.05,2.1,2.0652383709708553,2.05,2.2,414480.0,414480.0,0.0,856000000.0,0.0,0.0,0.0,0.0,0.0,209.0,533730.0,206.0,1404890.0,1.1125827815,71746206.0,,,,1000.0
2020-04-08T00:00:00,TSC,2.09,1.97,1.97,2.0462838930204628,2.04,2.05,216490.0,216490.0,0.0,443000000.0,0.0,0.0,0.0,0.0,0.0,226.0,725120.0,133.0,486980.0,1.1125827815,71746206.0,,,,1000.0
2020-04-09T00:00:00,TSC,2.08,2.02,2.07,2.0402084884586746,2.02,2.04,402900.0,402900.0,0.0,822000000.0,0.0,0.0,0.0,0.0,0.0,292.0,1141900.0,169.0,964070.0,1.1125827815,71746206.0,,,,1000.0
2020-04-10T00:00:00,TSC,2.16,2.0,2.02,2.1357492754738274,2.16,2.02,1559640.0,1559640.0,0.0,3331000000.0,0.0,0.0,0.0,500.0,1080000.0,468.0,2983630.0,305.0,2124270.0,1.1125827815,71746206.0,,,,1000.0
2020-04-13T00:00:00,TSC,2.31,2.16,2.16,2.270883040439885,2.19,2.16,825670.0,825670.0,0.0,1875000000.0,0.0,0.0,0.0,0.0,0.0,350.0,1486790.0,341.0,2614740.0,1.1125827815,71746206.0,,,,1000.0
2020-04-14T00:00:00,TSC,2.18,2.07,2.16,2.1137026239067054,2.09,2.19,411600.0,411600.0,0.0,870000000.0,0.0,0.0,0.0,0.0,0.0,303.0,1119860.0,199.0,1461680.0,1.1125827815,71746206.0,,,,1000.0
2020-04-15T00:00:00,TSC,2.15,2.05,2.09,2.0925410024926165,2.14,2.09,477410.0,477410.0,0.0,999000000.0,0.0,0.0,0.0,0.0,0.0,421.0,1271920.0,169.0,933140.0,1.1125827815,71746706.0,,,,1000.0
2020-04-16T00:00:00,TSC,2.15,2.07,2.1,2.12570405109231,2.15,2.14,424330.0,424330.0,0.0,902000000.0,0.0,50000.0,107000000.0,0.0,0.0,265.0,1101570.0,179.0,1042860.0,1.1125827815,71696706.0,,,,1000.0
2020-04-17T00:00:00,TSC,2.3,2.15,2.15,2.278746174050839,2.3,2.15,1842680.0,1842680.0,0.0,4199000000.0,0.0,0.0,0.0,24380.0,55830000.0,554.0,3293350.0,398.0,2533190.0,1.1125827815,71696706.0,,,,1000.0
2020-04-20T00:00:00,TSC,2.4,2.26,2.34,2.3110641462173693,2.26,2.3,511020.0,511020.0,0.0,1181000000.0,0.0,0.0,0.0,0.0,0.0,314.0,919850.0,316.0,1586120.0,1.1125827815,71696706.0,,,,1000.0
2020-04-21T00:00:00,TSC,2.25,2.11,2.2,2.1378024230897483,2.12,2.26,809710.0,809710.0,0.0,1731000000.0,0.0,0.0,0.0,0.0,0.0,346.0,1099900.0,223.0,1198520.0,1.1125827815,71696706.0,,,,1000.0
2020-04-22T00:00:00,TSC,2.19,2.03,2.07,2.093905332617468,2.12,2.12,577390.0,577390.0,0.0,1209000000.0,0.0,26150.0,55440000.0,20.0,40000.0,475.0,1964380.0,182.0,946410.0,1.1125827815,71694936.0,,,,1000.0
2020-04-23T00:00:00,TSC,2.19,2.13,2.19,2.1619746806173765,2.13,2.12,172990.0,172990.0,0.0,374000000.0,0.0,0.0,0.0,0.0,0.0,179.0,1005950.0,124.0,547320.0,1.1125827815,71694936.0,,,,1000.0
2020-04-24T00:00:00,TSC,2.27,2.11,2.12,2.230138938368365,2.27,2.13,842100.0,842100.0,0.0,1878000000.0,0.0,0.0,0.0,0.0,0.0,291.0,2571800.0,233.0,1225610.0,1.1125827815,71694936.0,,,,1000.0
2020-04-27T00:00:00,TSC,2.42,2.3,2.31,2.3803494555583695,2.37,2.27,1816540.0,1816540.0,0.0,4324000000.0,0.0,0.0,0.0,66320.0,156740000.0,512.0,5485890.0,498.0,3156240.0,1.1125827815,71694956.0,-58972000.0,0.0,-58972000.0,1000.0
2020-04-28T00:00:00,TSC,2.39,2.3,2.35,2.347076749207887,2.36,2.37,495510.0,495510.0,0.0,1163000000.0,0.0,0.0,0.0,0.0,0.0,254.0,1419220.0,282.0,2453030.0,1.1125827815,71694956.0,,,,1000.0
2020-04-29T00:00:00,TSC,2.52,2.4,2.46,2.5000309716423645,2.49,2.36,2421570.0,2421570.0,0.0,6054000000.0,0.0,0.0,0.0,200.0,500000.0,592.0,5387200.0,403.0,3122650.0,1.1125827815,71694956.0,,,,1000.0
2020-05-04T00:00:00,TSC,2.48,2.32,2.4,2.334563956193963,2.32,2.49,1289320.0,1289320.0,0.0,3010000000.0,0.0,0.0,0.0,0.0,0.0,310.0,1594360.0,279.0,3418530.0,1.1125827815,71761276.0,,,,1000.0
2020-05-05T00:00:00,TSC,2.35,2.29,2.32,2.3206271070756377,2.35,2.32,483490.0,483490.0,0.0,1122000000.0,0.0,0.0,0.0,0.0,0.0,214.0,1274960.0,155.0,1532970.0,1.1125827815,71761276.0,,,,1000.0
2020-05-06T00:00:00,TSC,2.39,2.28,2.32,2.3265927375516418,2.35,2.35,413910.0,413910.0,0.0,963000000.0,0.0,0.0,0.0,0.0,0.0,301.0,1689620.0,205.0,1582790.0,1.1125827815,71761476.0,,,,1000.0
2020-05-07T00:00:00,TSC,2.36,2.29,2.36,2.315295145525037,2.33,2.35,183130.0,183130.0,0.0,424000000.0,0.0,0.0,0.0,0.0,0.0,224.0,566820.0,168.0,852090.0,1.1125827815,71761476.0,,,,1000.0
2020-05-08T00:00:00,TSC,2.37,2.17,2.32,2.288321822584985,2.18,2.33,891920.0,891920.0,0.0,2041000000.0,0.0,0.0,0.0,0.0,0.0,358.0,1931900.0,206.0,1813360.0,1.1125827815,71761476.0,,,,1000.0
2020-05-11T00:00:00,TSC,2.3,2.18,2.18,2.2614919206079835,2.29,2.18,271060.0,271060.0,0.0,613000000.0,0.0,0.0,0.0,0.0,0.0,280.0,1326120.0,157.0,514690.0,1.1125827815,71761476.0,,,,1000.0
2020-05-12T00:00:00,TSC,2.32,2.25,2.32,2.287546766435061,2.28,2.29,280650.0,280650.0,0.0,642000000.0,0.0,0.0,0.0,0.0,0.0,212.0,736560.0,161.0,1142610.0,1.1125827815,71761476.0,,,,1000.0
2020-05-13T00:00:00,TSC,2.39,2.23,2.26,2.287323387017093,2.35,2.28,404840.0,404840.0,0.0,926000000.0,0.0,15030.0,34420000.0,11630.0,26500000.0,366.0,1617370.0,226.0,809250.0,1.1125827815,71746446.0,,,,1000.0
2020-05-14T00:00:00,TSC,2.44,2.33,2.35,2.3901013308012997,2.4,2.35,1348060.0,1348060.0,0.0,3222000000.0,0.0,0.0,0.0,0.0,0.0,635.0,2505830.0,408.0,2413040.0,1.1125827815,71746446.0,,,,1000.0
2020-05-15T00:00:00,TSC,2.5,2.34,2.45,2.4179690142750827,2.39,2.4,739050.0,739050.0,0.0,1787000000.0,0.0,4000.0,9800000.0,0.0,0.0,324.0,1422290.0,370.0,2159880.0,1.1125827815,71742446.0,,,,1000.0
2020-05-18T00:00:00,TSC,2.44,2.32,2.32,2.38221428770677,2.4,2.39,358490.0,358490.0,0.0,854000000.0,0.0,2500.0,6100000.0,0.0,0.0,240.0,767070.0,251.0,1054600.0,1.1125827815,71751576.0,,,,1000.0
2020-05-19T00:00:00,TSC,2.41,2.33,2.4,2.3599244824165626,2.33,2.4,625020.0,625020.0,0.0,1475000000.0,0.0,0.0,0.0,15030.0,36070000.0,320.0,984780.0,259.0,1473470.0,1.1125827815,71751576.0,,,,1000.0
2020-05-20T00:00:00,TSC,2.37,2.32,2.33,2.341787824118292,2.34,2.33,282690.0,282690.0,0.0,662000000.0,0.0,0.0,0.0,0.0,0.0,197.0,1062570.0,199.0,866950.0,1.1125827815,71751576.0,,,,1000.0
2020-05-21T00:00:00,TSC,2.4,2.33,2.34,2.367292901273484,2.36,2.34,634480.0,634480.0,0.0,1502000000.0,0.0,0.0,0.0,0.0,0.0,214.0,1449990.0,249.0,1396910.0,1.1125827815,71751576.0,,,,1000.0
2020-05-22T00:00:00,TSC,2.38,2.32,2.36,2.3387044164655233,2.32,2.36,306580.0,306580.0,0.0,717000000.0,0.0,0.0,0.0,0.0,0.0,199.0,693120.0,190.0,1009030.0,1.1125827815,71766606.0,,,,1000.0
2020-05-25T00:00:00,TSC,2.34,2.26,2.32,2.308835826442442,2.32,2.32,430520.0,430520.0,0.0,994000000.0,0.0,0.0,0.0,0.0,0.0,242.0,844480.0,175.0,955780.0,1.1125827815,71766606.0,,,,1000.0
2020-05-26T00:00:00,TSC,2.47,2.32,2.32,2.400337735962849,2.4,2.32,829050.0,829050.0,0.0,1990000000.0,0.0,0.0,0.0,0.0,0.0,309.0,1528940.0,405.0,2702370.0,1.1125827815,71766606.0,,,,1000.0
2020-05-27T00:00:00,TSC,2.44,2.35,2.42,2.3973977993735445,2.39,2.4,498040.0,498040.0,0.0,1194000000.0,0.0,0.0,0.0,0.0,0.0,192.0,1036170.0,220.0,1621310.0,1.1125827815,71766606.0,,,,1000.0
2020-05-28T00:00:00,TSC,2.41,2.35,2.38,2.3738790779556584,2.37,2.39,363540.0,363540.0,0.0,863000000.0,0.0,0.0,0.0,0.0,0.0,206.0,720380.0,215.0,1315540.0,1.1125827815,71766606.0,,,,1000.0
2020-05-29T00:00:00,TSC,2.53,2.34,2.34,2.511846602374683,2.53,2.37,3543210.0,3543210.0,0.0,8900000000.0,0.0,0.0,0.0,590.0,1400000.0,769.0,5857910.0,350.0,3881690.0,1.1125827815,71766606.0,,,,1000.0
2020-06-01T00:00:00,TSC,2.7,2.6,2.6,2.690421260104396,2.7,2.53,2856430.0,2856430.0,0.0,7685000000.0,0.0,0.0,0.0,0.0,0.0,659.0,4405200.0,270.0,3060920.0,1.1125827815,71766606.0,,,,1000.0
2020-06-02T00:00:00,TSC,2.8,2.52,2.8,2.5829193065621343,2.52,2.7,1974510.0,1974510.0,0.0,5100000000.0,0.0,0.0,0.0,0.0,0.0,596.0,2263550.0,439.0,4888300.0,1.1125827815,71766606.0,,,,1000.0
2020-06-03T00:00:00,TSC,2.49,2.38,2.38,2.402196945941066,2.47,2.52,1052370.0,1052370.0,0.0,2528000000.0,0.0,0.0,0.0,0.0,0.0,529.0,2646760.0,308.0,2337230.0,1.1125827815,71767196.0,,,,1000.0
2020-06-04T00:00:00,TSC,2.48,2.39,2.41,2.434388774313559,2.48,2.47,1236450.0,1236450.0,0.0,3010000000.0,0.0,0.0,0.0,0.0,0.0,590.0,2821310.0,304.0,2108450.0,1.1125827815,71767196.0,,,,1000.0
2020-06-05T00:00:00,TSC,2.62,2.43,2.45,2.532355691156931,2.56,2.48,1016050.0,1016050.0,0.0,2573000000.0,0.0,0.0,0.0,100.0,250000.0,493.0,2418140.0,398.0,2251850.0,1.1125827815,71767196.0,,,,1000.0
2020-06-08T00:00:00,TSC,2.73,2.57,2.6,2.678479540013871,2.72,2.56,2234850.0,2234850.0,0.0,5986000000.0,0.0,0.0,0.0,1300.0,3500000.0,962.0,4683260.0,446.0,3720820.0,1.1125827815,71767196.0,,,,1000.0
2020-06-09T00:00:00,TSC,2.75,2.58,2.75,2.6521695675143135,2.59,2.72,1400740.0,1400740.0,0.0,3715000000.0,0.0,4000.0,10760000.0,0.0,0.0,684.0,2957560.0,535.0,3817580.0,1.1125827815,71763196.0,,,,1000.0
2020-06-10T00:00:00,TSC,2.77,2.77,2.77,2.77,2.77,2.59,654980.0,654980.0,0.0,1814294600.0,0.0,0.0,0.0,0.0,0.0,420.0,6335680.0,127.0,654980.0,1.1125827815,71763296.0,,,,1000.0
2020-06-11T00:00:00,TSC,2.96,2.6,2.96,2.935125168767395,2.6,2.77,5429070.0,5429070.0,0.0,15935000000.0,0.0,0.0,0.0,2190.0,6210000.0,1122.0,8832680.0,787.0,7326010.0,1.1125827815,71764596.0,,,,1000.0
2020-06-12T00:00:00,TSC,2.78,2.5,2.5,2.74147065421851,2.78,2.6,2897350.0,2897350.0,0.0,7943000000.0,0.0,0.0,0.0,100.0,280000.0,973.0,9126240.0,471.0,3125960.0,1.1125827815,71764596.0,,,,1000.0
2020-06-15T00:00:00,TSC,2.97,2.96,2.97,2.9698871821736605,2.97,2.78,4275920.0,4275920.0,0.0,12699000000.0,0.0,20000.0,59400000.0,100.0,300000.0,736.0,10156180.0,246.0,4294200.0,1.1125827815,71744596.0,,,,1000.0
2020-06-16T00:00:00,TSC,3.17,3.0,3.17,3.1688313547523523,3.17,2.97,2794090.0,2794090.0,0.0,8854000000.0,0.0,0.0,0.0,1100.0,3490000.0,747.0,7190990.0,269.0,3019440.0,1.1125827815,71746786.0,,,,1000.0
2020-06-17T00:00:00,TSC,3.35,2.95,3.3,3.1408187389441737,3.08,3.17,5964050.0,5964050.0,0.0,18732000000.0,0.0,0.0,0.0,0.0,0.0,1198.0,9324160.0,1171.0,11195580.0,1.1125827815,71746886.0,,,,1000.0
2020-06-18T00:00:00,TSC,3.08,2.87,3.0,2.9258129774449713,2.96,3.08,2318330.0,2318330.0,0.0,6783000000.0,0.0,0.0,0.0,0.0,0.0,592.0,3497720.0,427.0,4426760.0,1.1125827815,71746986.0,,,,1000.0
2020-06-19T00:00:00,TSC,3.16,2.92,2.94,3.081811569235481,3.13,2.96,2089680.0,2089680.0,0.0,6440000000.0,0.0,0.0,0.0,20000.0,61030000.0,763.0,4677310.0,434.0,3112990.0,1.1125827815,71748086.0,,,,1000.0
2020-06-22T00:00:00,TSC,3.29,3.0,3.19,3.133477041643616,3.0,3.13,2621050.0,2621050.0,0.0,8213000000.0,0.0,0.0,0.0,0.0,0.0,870.0,3817190.0,667.0,5845280.0,1.1125827815,71748086.0,,,,1000.0
2020-06-23T00:00:00,TSC,3.15,3.01,3.02,3.0799606256650107,3.1,3.0,1757490.0,1757490.0,0.0,5413000000.0,0.0,0.0,0.0,0.0,0.0,587.0,3627150.0,577.0,4003870.0,1.1125827815,71748086.0,,,,1000.0
2020-06-24T00:00:00,TSC,3.25,3.0,3.11,3.138323069635244,3.07,3.1,2617640.0,2617640.0,0.0,8215000000.0,0.0,0.0,0.0,100.0,320000.0,620.0,5367950.0,734.0,5364200.0,1.1125827815,71768086.0,,,,1000.0
2020-06-25T00:00:00,TSC,3.12,2.95,2.99,3.0617601734094255,3.1,3.07,1181020.0,1181020.0,0.0,3616000000.0,0.0,0.0,0.0,0.0,0.0,548.0,2824890.0,384.0,2807690.0,1.1125827815,71768086.0,,,,1000.0
2020-06-26T00:00:00,TSC,3.21,2.95,3.1,3.0470371035992616,3.01,3.1,1224140.0,1224140.0,0.0,3730000000.0,0.0,0.0,0.0,0.0,0.0,446.0,2001300.0,433.0,3446180.0,1.1125827815,71768086.0,,,,1000.0
2020-06-29T00:00:00,TSC,2.96,2.8,2.94,2.8320466362060817,2.8,3.01,2031040.0,2031040.0,0.0,5752000000.0,0.0,6660.0,19250000.0,0.0,0.0,698.0,2609940.0,446.0,3801690.0,1.1125827815,71761526.0,,,,1000.0
2020-06-30T00:00:00,TSC,2.86,2.61,2.83,2.675342047675634,2.61,2.8,1539990.0,1539990.0,0.0,4120000000.0,0.0,0.0,0.0,0.0,0.0,552.0,1913390.0,356.0,3359600.0,1.1125827815,71761526.0,,,,1000.0
2020-07-01T00:00:00,TSC,2.7,2.43,2.61,2.593513911921872,2.7,2.61,1302480.0,1302480.0,0.0,3378000000.0,0.0,91110.0,234950000.0,0.0,0.0,750.0,3199040.0,320.0,2033870.0,1.1125827815,71670416.0,,,,1000.0
2020-07-02T00:00:00,TSC,2.7,2.58,2.69,2.6292089131634757,2.6,2.7,688420.0,688420.0,0.0,1810000000.0,0.0,51430.0,136410000.0,6660.0,17720000.0,469.0,1814380.0,256.0,1402990.0,1.1125827815,71618986.0,,,,1000.0
2020-07-03T00:00:00,TSC,2.71,2.56,2.6,2.6486564437821465,2.67,2.6,416060.0,416060.0,0.0,1102000000.0,0.0,47100.0,124880000.0,0.0,0.0,372.0,1674250.0,251.0,781490.0,1.1125827815,71571886.0,,,,1000.0
2020-07-06T00:00:00,TSC,2.78,2.69,2.7,2.726642121551678,2.69,2.67,749640.0,749640.0,0.0,2044000000.0,0.0,2650.0,7300000.0,5700.0,15450000.0,310.0,1534210.0,354.0,1883350.0,1.1125827815,71569236.0,,,,1000.0
2020-07-07T00:00:00,TSC,2.72,2.59,2.7,2.6405485206983337,2.59,2.69,1009260.0,1009260.0,0.0,2665000000.0,0.0,0.0,0.0,74310.0,197820000.0,483.0,1589020.0,301.0,2144080.0,1.1125827815,71575896.0,,,,1000.0
2020-07-08T00:00:00,TSC,2.7,2.59,2.59,2.6422216230789974,2.66,2.59,370900.0,370900.0,0.0,980000000.0,0.0,37190.0,97870000.0,0.0,0.0,318.0,1658640.0,260.0,888080.0,1.1125827815,71538706.0,,,,1000.0
2020-07-09T00:00:00,TSC,2.83,2.59,2.69,2.724551632768223,2.79,2.66,815180.0,815180.0,0.0,2221000000.0,0.0,42100.0,115530000.0,0.0,0.0,487.0,3012070.0,402.0,1792010.0,1.1125827815,71502306.0,,,,1000.0
2020-07-10T00:00:00,TSC,2.81,2.7,2.8,2.7652645861601086,2.71,2.79,737000.0,737000.0,0.0,2038000000.0,0.0,10490.0,29300000.0,4500.0,12400000.0,430.0,1905690.0,391.0,1812330.0,1.1125827815,71566126.0,,,,1000.0
2020-07-13T00:00:00,TSC,2.76,2.69,2.74,2.7128599517160707,2.69,2.71,401790.0,401790.0,0.0,1090000000.0,0.0,680.0,1870000.0,32630.0,88280000.0,265.0,1020770.0,236.0,1223630.0,1.1125827815,71565446.0,,,,1000.0
2020-07-14T00:00:00,TSC,2.71,2.63,2.63,2.668347873500545,2.69,2.69,293440.0,293440.0,0.0,783000000.0,0.0,0.0,0.0,16800.0,44700000.0,311.0,891240.0,194.0,856300.0,1.1125827815,71565446.0,,,,1000.0
2020-07-15T00:00:00,TSC,2.87,2.78,2.8,2.85674275311581,2.87,2.69,999740.0,999740.0,0.0,2856000000.0,0.0,0.0,0.0,0.0,0.0,239.0,2316630.0,203.0,1032010.0,1.1125827815,71569946.0,,,,1000.0
2020-07-16T00:00:00,TSC,3.07,2.9,2.96,3.023776735453187,3.04,2.87,2897370.0,2897370.0,0.0,8761000000.0,0.0,10580.0,32150000.0,37430.0,111780000.0,607.0,5018980.0,721.0,4228410.0,1.1125827815,71591996.0,,,,1000.0
2020-07-17T00:00:00,TSC,3.08,2.97,3.0,3.021823435480192,3.01,3.04,657550.0,657550.0,0.0,1987000000.0,0.0,9470.0,28650000.0,21210.0,63810000.0,297.0,1642880.0,475.0,2550210.0,1.1125827815,71599326.0,,,,1000.0
2020-07-20T00:00:00,TSC,3.02,2.87,2.98,2.921753051831099,2.87,3.01,699580.0,699580.0,0.0,2044000000.0,0.0,5110.0,15270000.0,1350.0,3910000.0,316.0,1150440.0,294.0,1692740.0,1.1125827815,71594216.0,,,,1000.0
2020-07-21T00:00:00,TSC,2.89,2.7,2.87,2.821485536922878,2.81,2.87,463940.0,463940.0,0.0,1309000000.0,0.0,0.0,0.0,12670.0,35660000.0,323.0,925410.0,234.0,1103110.0,1.1125827815,71631646.0,,,,1000.0
2020-07-22T00:00:00,TSC,2.9,2.79,2.88,2.8326839395921617,2.79,2.81,703220.0,703220.0,0.0,1992000000.0,0.0,0.0,0.0,10910.0,31040000.0,216.0,1225050.0,211.0,1381850.0,1.1125827815,71652856.0,,,,1000.0
2020-07-23T00:00:00,TSC,2.79,2.64,2.79,2.6933906342620033,2.7,2.79,539840.0,539840.0,0.0,1454000000.0,0.0,6900.0,18780000.0,10130.0,27610000.0,411.0,1405340.0,189.0,801660.0,1.1125827815,71647306.0,,,,1000.0
2020-07-24T00:00:00,TSC,2.7,2.52,2.7,2.554881683643055,2.52,2.7,1543320.0,1543320.0,0.0,3943000000.0,0.0,1000.0,2520000.0,29250.0,74550000.0,557.0,1787310.0,295.0,2512830.0,1.1125827815,71658976.0,,,,1000.0
2020-07-27T00:00:00,TSC,2.49,2.35,2.35,2.3730889525600927,2.35,2.52,1371630.0,1371630.0,0.0,3255000000.0,0.0,66720.0,158410000.0,0.0,0.0,293.0,2011310.0,293.0,2592610.0,1.1125827815,71603166.0,,,,1000.0
2020-07-28T00:00:00,TSC,2.5,2.3,2.39,2.4033175812518084,2.5,2.35,518450.0,518450.0,0.0,1246000000.0,0.0,37520.0,89100000.0,2470.0,6030000.0,342.0,1804950.0,220.0,933030.0,1.1125827815,71575776.0,,,,1000.0
2020-07-29T00:00:00,TSC,2.44,2.33,2.36,2.339669718563001,2.33,2.5,945860.0,945860.0,0.0,2213000000.0,0.0,1000.0,2330000.0,34320.0,80390000.0,257.0,1081250.0,267.0,1687230.0,1.1125827815,71604026.0,,,,1000.0
2020-07-30T00:00:00,TSC,2.38,2.25,2.25,2.3402538331743816,2.37,2.33,136310.0,136310.0,0.0,319000000.0,0.0,0.0,0.0,25310.0,59510000.0,192.0,714150.0,152.0,544590.0,1.1125827815,71604026.0,,,,1000.0
2020-07-31T00:00:00,TSC,2.37,2.29,2.3,2.3199782380600786,2.3,2.37,257330.0,257330.0,0.0,597000000.0,0.0,0.0,0.0,1170.0,2740000.0,203.0,779540.0,123.0,598980.0,1.1125827815,71606496.0,,,,1000.0
2020-08-03T00:00:00,TSC,2.46,2.3,2.3,2.438283327003418,2.42,2.3,658250.0,658250.0,0.0,1605000000.0,0.0,50250.0,123100000.0,3880.0,9190000.0,291.0,2069900.0,188.0,1029550.0,1.1125827815,71590566.0,,,,1000.0
2020-08-04T00:00:00,TSC,2.52,2.41,2.43,2.4714640198511164,2.49,2.42,403000.0,403000.0,0.0,996000000.0,0.0,0.0,0.0,33550.0,82720000.0,266.0,1210880.0,244.0,1160610.0,1.1125827815,71615876.0,,,,1000.0
2020-08-05T00:00:00,TSC,2.51,2.45,2.45,2.4838266349344686,2.49,2.49,298330.0,298330.0,0.0,741000000.0,0.0,5350.0,13390000.0,4700.0,11660000.0,237.0,725260.0,205.0,1085130.0,1.1125827815,71611696.0,,,,1000.0
2020-08-06T00:00:00,TSC,2.5,2.42,2.43,2.4439428698290535,2.43,2.49,540520.0,540520.0,0.0,1321000000.0,0.0,0.0,0.0,9120.0,22370000.0,271.0,1032910.0,167.0,1115870.0,1.1125827815,71615576.0,,,,1000.0
2020-08-07T00:00:00,TSC,2.49,2.43,2.48,2.454083626416569,2.45,2.43,255900.0,255900.0,0.0,628000000.0,0.0,0.0,0.0,5570.0,13630000.0,168.0,691490.0,196.0,910610.0,1.1125827815,71649126.0,,,,1000.0
2020-08-10T00:00:00,TSC,2.51,2.45,2.51,2.482896909648502,2.51,2.45,508680.0,508680.0,0.0,1263000000.0,0.0,13320.0,33250000.0,3350.0,8310000.0,344.0,1327060.0,238.0,961100.0,1.1125827815,71640506.0,,,,1000.0
2020-08-11T00:00:00,TSC,2.51,2.45,2.51,2.4655749906959437,2.46,2.51,322440.0,322440.0,0.0,795000000.0,0.0,0.0,0.0,16500.0,40740000.0,288.0,1213800.0,159.0,942130.0,1.1125827815,71649626.0,,,,1000.0
2020-08-12T00:00:00,TSC,2.5,2.46,2.46,2.476951592326024,2.49,2.46,415430.0,415430.0,0.0,1029000000.0,0.0,0.0,0.0,19400.0,47910000.0,249.0,1301340.0,201.0,751280.0,1.1125827815,71655196.0,,,,1000.0
2020-08-13T00:00:00,TSC,2.66,2.48,2.5,2.583063994828701,2.66,2.49,1160250.0,1160250.0,0.0,2997000000.0,0.0,3420.0,8760000.0,5050.0,12590000.0,529.0,2741000.0,329.0,1441420.0,1.1125827815,71655126.0,,,,1000.0
2020-08-14T00:00:00,TSC,2.79,2.51,2.7,2.6133638543710487,2.55,2.66,733920.0,733920.0,0.0,1918000000.0,0.0,0.0,0.0,32560.0,86340000.0,379.0,1307090.0,367.0,2381140.0,1.1125827815,71671626.0,,,,1000.0
2020-08-17T00:00:00,TSC,2.69,2.5,2.5,2.606355637529102,2.61,2.55,661460.0,661460.0,0.0,1724000000.0,0.0,7690.0,20070000.0,0.0,0.0,481.0,2085660.0,274.0,1370640.0,1.1125827815,71683336.0,,,,1000.0
2020-08-18T00:00:00,TSC,2.69,2.59,2.61,2.6287751951468765,2.6,2.61,459910.0,459910.0,0.0,1209000000.0,0.0,0.0,0.0,5280.0,13790000.0,273.0,796600.0,249.0,1444030.0,1.1125827815,71688386.0,,,,1000.0
2020-08-19T00:00:00,TSC,2.69,2.6,2.65,2.64777868426908,2.63,2.6,404490.0,404490.0,0.0,1071000000.0,0.0,10000.0,26700000.0,2480.0,6530000.0,287.0,1081810.0,297.0,1314160.0,1.1125827815,71710946.0,,,,1000.0
2020-08-20T00:00:00,TSC,2.65,2.57,2.63,2.604847095208894,2.59,2.63,375070.0,375070.0,0.0,977000000.0,0.0,540.0,1420000.0,8000.0,20970000.0,310.0,918580.0,252.0,1350070.0,1.1125827815,71710406.0,,,,1000.0
2020-08-21T00:00:00,TSC,2.75,2.6,2.63,2.665781235176928,2.67,2.59,737870.0,737870.0,0.0,1967000000.0,0.0,9190.0,24530000.0,2520.0,6700000.0,310.0,1695120.0,365.0,1847980.0,1.1125827815,71706496.0,,,,1000.0
2020-08-24T00:00:00,TSC,2.84,2.69,2.7,2.7706235854210566,2.8,2.67,768780.0,768780.0,0.0,2130000000.0,0.0,3000.0,8160000.0,0.0,0.0,355.0,1913020.0,414.0,2280740.0,1.1125827815,71705976.0,,,,1000.0
2020-08-25T00:00:00,TSC,2.85,2.7,2.85,2.7621534752912815,2.74,2.8,497800.0,497800.0,0.0,1375000000.0,0.0,0.0,0.0,860.0,2400000.0,366.0,1151180.0,339.0,1966310.0,1.1125827815,71713976.0,,,,1000.0
2020-08-26T00:00:00,TSC,2.76,2.68,2.76,2.700428253511118,2.71,2.74,534730.0,534730.0,0.0,1444000000.0,0.0,1090.0,2950000.0,0.0,0.0,372.0,1065900.0,232.0,1812880.0,1.1125827815,71715406.0,,,,1000.0
2020-08-27T00:00:00,TSC,2.76,2.69,2.7,2.7264946815014057,2.76,2.71,490740.0,490740.0,0.0,1338000000.0,0.0,23730.0,64880000.0,0.0,0.0,318.0,1168290.0,215.0,1341370.0,1.1125827815,71691676.0,,,,1000.0
2020-08-28T00:00:00,TSC,2.9,2.76,2.79,2.857117138202015,2.87,2.76,1110910.0,1110910.0,0.0,3174000000.0,0.0,23590.0,66820000.0,0.0,0.0,496.0,2706800.0,442.0,2582300.0,1.1125827815,71668946.0,,,,1000.0
2020-08-31T00:00:00,TSC,3.0,2.87,3.0,2.9265381730478346,2.93,2.87,2413090.0,2413090.0,0.0,7062000000.0,0.0,2990.0,8640000.0,20280.0,58930000.0,521.0,4168560.0,571.0,4500070.0,1.1125827815,71665956.0,,,,1000.0
2020-09-01T00:00:00,TSC,2.97,2.85,2.93,2.887684950922602,2.88,2.93,754930.0,754930.0,0.0,2180000000.0,0.0,8250.0,23810000.0,2350.0,6860000.0,492.0,1954730.0,382.0,2984920.0,1.1125827815,71657706.0,,,,1000.0
2020-09-03T00:00:00,TSC,2.97,2.85,2.9,2.8897270648332394,2.9,2.88,1010130.0,1010130.0,0.0,2919000000.0,0.0,4390.0,12820000.0,21820.0,62670000.0,435.0,1519930.0,384.0,2780830.0,1.1125827815,71653316.0,,,,1000.0
2020-09-04T00:00:00,TSC,2.86,2.78,2.86,2.8068143163159296,2.79,2.9,1087710.0,1087710.0,0.0,3053000000.0,0.0,20400.0,57510000.0,0.0,0.0,550.0,1799140.0,288.0,2541470.0,1.1125827815,71653196.0,,,,1000.0
2020-09-07T00:00:00,TSC,2.9,2.78,2.88,2.840893480231887,2.85,2.79,727940.0,727940.0,0.0,2068000000.0,0.0,22840.0,64760000.0,11540.0,32670000.0,413.0,1661660.0,307.0,2195000.0,1.1125827815,71632706.0,,,,1000.0
2020-09-08T00:00:00,TSC,2.89,2.82,2.86,2.857142857142857,2.88,2.85,628250.0,628250.0,0.0,1795000000.0,0.0,45830.0,131020000.0,0.0,0.0,347.0,1601430.0,240.0,1930850.0,1.1125827815,71608696.0,,,,1000.0
2020-09-09T00:00:00,TSC,3.08,2.8,2.85,3.0242913194903673,3.04,2.88,2495130.0,2495130.0,0.0,7546000000.0,0.0,8700.0,26190000.0,0.0,0.0,786.0,4758620.0,679.0,5183550.0,1.1125827815,71599996.0,,,,1000.0
2020-09-10T00:00:00,TSC,3.1,3.0,3.1,3.02784873216622,3.01,3.04,642040.0,642040.0,0.0,1944000000.0,0.0,0.0,0.0,7800.0,23630000.0,395.0,1270680.0,479.0,3367680.0,1.1125827815,71611536.0,,,,1000.0
2020-09-11T00:00:00,TSC,3.03,2.97,3.01,3.0057168869073916,3.0,3.01,746910.0,746910.0,0.0,2245000000.0,0.0,42440.0,127810000.0,200.0,600000.0,372.0,1619570.0,315.0,2116160.0,1.1125827815,71569096.0,,,,1000.0
2020-09-14T00:00:00,TSC,3.02,2.95,2.96,2.9793336520182763,2.98,3.0,899530.0,899530.0,0.0,2680000000.0,0.0,75590.0,223940000.0,6390.0,18910000.0,444.0,1822440.0,350.0,2913190.0,1.1125827815,71493506.0,,,,1000.0
2020-09-15T00:00:00,TSC,3.15,2.95,2.98,3.0434029844285977,3.03,2.98,1848260.0,1848260.0,0.0,5625000000.0,0.0,38880.0,117690000.0,18000.0,54880000.0,673.0,4912870.0,511.0,4068900.0,1.1125827815,71462426.0,,,,1000.0
2020-09-16T00:00:00,TSC,3.07,2.98,3.06,3.0063142022429554,2.99,3.03,424440.0,424440.0,0.0,1276000000.0,0.0,0.0,0.0,18710.0,56320000.0,294.0,783840.0,325.0,1809530.0,1.1125827815,71462626.0,,,,1000.0
2020-09-17T00:00:00,TSC,3.04,2.9,2.99,2.9939744697909227,2.97,2.99,798270.0,798270.0,0.0,2390000000.0,0.0,25710.0,77580000.0,3940.0,11730000.0,444.0,1659070.0,348.0,2345890.0,1.1125827815,71443306.0,,,,1000.0
2020-09-18T00:00:00,TSC,2.97,2.9,2.97,2.9393783383744125,2.95,2.97,621560.0,621560.0,0.0,1827000000.0,0.0,20230.0,59800000.0,3000.0,8780000.0,512.0,1900900.0,256.0,1538330.0,1.1125827815,71441076.0,,,,1000.0
2020-09-21T00:00:00,TSC,3.0,2.9,2.95,2.950104750096199,2.98,2.95,467780.0,467780.0,0.0,1380000000.0,0.0,14830.0,43910000.0,0.0,0.0,371.0,1742450.0,261.0,1382450.0,1.1125827815,71444956.0,,,,1000.0
2020-09-22T00:00:00,TSC,2.98,2.91,2.98,2.9279514796611945,2.92,2.98,573780.0,573780.0,0.0,1680000000.0,0.0,39150.0,114490000.0,10000.0,29400000.0,500.0,1925200.0,218.0,1713050.0,1.1125827815,71409746.0,,,,1000.0
2020-09-23T00:00:00,TSC,2.98,2.91,2.92,2.9368208481584768,2.97,2.92,519950.0,519950.0,0.0,1527000000.0,0.0,16950.0,49730000.0,0.0,0.0,437.0,2071530.0,300.0,1640670.0,1.1125827815,71395796.0,,,,1000.0
2020-09-24T00:00:00,TSC,2.98,2.92,2.98,2.9473806436630348,2.94,2.97,516730.0,516730.0,0.0,1523000000.0,0.0,23890.0,70780000.0,300.0,880000.0,370.0,1826560.0,252.0,1485170.0,1.1125827815,71371906.0,,,,1000.0
2020-09-25T00:00:00,TSC,2.95,2.87,2.93,2.9113801452784505,2.9,2.94,516250.0,516250.0,0.0,1503000000.0,0.0,0.0,0.0,20760.0,60000000.0,394.0,1036830.0,339.0,1646880.0,1.1125827815,71381906.0,,,,1000.0
2020-09-28T00:00:00,TSC,2.95,2.82,2.88,2.8601988670126373,2.82,2.9,1009720.0,1009720.0,0.0,2888000000.0,0.0,500.0,1440000.0,24010.0,68960000.0,499.0,1595680.0,329.0,1918950.0,1.1125827815,71381406.0,,,,1000.0
2020-09-29T00:00:00,TSC,2.89,2.77,2.8,2.8153221776330732,2.77,2.82,1188630.0,1188630.0,0.0,3346376400.0,0.0,0.0,0.0,20050.0,56400000.0,564.0,2795590.0,355.0,2202090.0,1.1125827815,71381706.0,,,,1000.0
2020-09-30T00:00:00,TSC,2.84,2.74,2.8,2.7669576897246473,2.82,2.77,670050.0,670050.0,0.0,1854000000.0,0.0,14030.0,39010000.0,21100.0,58320000.0,448.0,1632920.0,232.0,1710000.0,1.1125827815,71388436.0,,,,1000.0
2020-10-01T00:00:00,TSC,2.9,2.82,2.83,2.8500470185421842,2.85,2.82,414730.0,414730.0,0.0,1182000000.0,0.0,0.0,0.0,12260.0,34600000.0,304.0,1441780.0,263.0,981530.0,1.1125827815,71412446.0,,,,1000.0
2020-10-02T00:00:00,TSC,2.89,2.67,2.85,2.820172528201725,2.81,2.85,512380.0,512380.0,0.0,1445000000.0,0.0,0.0,0.0,27030.0,75550000.0,409.0,1459840.0,335.0,1594420.0,1.1125827815,71432496.0,,,,1000.0
2020-10-05T00:00:00,TSC,2.88,2.78,2.84,2.8457068390048,2.87,2.81,752010.0,752010.0,0.0,2140000000.0,0.0,46560.0,132540000.0,0.0,0.0,414.0,1760500.0,298.0,1560790.0,1.1125827815,71407036.0,,,,1000.0
2020-10-06T00:00:00,TSC,2.95,2.8,2.89,2.88058577011819,2.94,2.87,849480.0,849480.0,0.0,2447000000.0,0.0,0.0,0.0,14000.0,39900000.0,506.0,2388790.0,375.0,1959120.0,1.1125827815,71419296.0,,,,1000.0
2020-10-07T00:00:00,TSC,3.08,2.85,2.94,2.9947625998111103,2.98,2.94,1747050.0,1747050.0,0.0,5232000000.0,0.0,8270.0,24760000.0,2140.0,6360000.0,649.0,4150360.0,730.0,4773680.0,1.1125827815,71438056.0,,,,1000.0
2020-10-08T00:00:00,TSC,3.05,2.85,3.03,2.93781335209781,2.89,2.98,568450.0,568450.0,0.0,1670000000.0,0.0,0.0,0.0,36090.0,105440000.0,407.0,2456990.0,403.0,2079440.0,1.1125827815,71438056.0,,,,1000.0
2020-10-09T00:00:00,TSC,2.91,2.85,2.91,2.879125780553078,2.86,2.89,448400.0,448400.0,0.0,1291000000.0,0.0,22930.0,66100000.0,0.0,0.0,371.0,2511100.0,274.0,1164150.0,1.1125827815,71429126.0,,,,1000.0
2020-10-12T00:00:00,TSC,2.9,2.77,2.85,2.8352363616305367,2.84,2.86,725160.0,725160.0,0.0,2056000000.0,0.0,9350.0,26780000.0,43500.0,123080000.0,417.0,1717760.0,292.0,1921300.0,1.1125827815,71421916.0,,,,1000.0
2020-10-13T00:00:00,TSC,2.86,2.79,2.81,2.8084995210310892,2.83,2.84,459320.0,459320.0,0.0,1290000000.0,0.0,9150.0,25850000.0,0.0,0.0,361.0,1424100.0,189.0,1007910.0,1.1125827815,71448856.0,,,,1000.0
2020-10-14T00:00:00,TSC,2.84,2.8,2.8,2.8152027841907583,2.81,2.83,290210.0,290210.0,0.0,817000000.0,0.0,20.0,60000.0,0.0,0.0,291.0,894120.0,162.0,878410.0,1.1125827815,71448836.0,,,,1000.0
2020-10-15T00:00:00,TSC,2.82,2.75,2.82,2.7760545905707197,2.78,2.81,515840.0,515840.0,0.0,1432000000.0,0.0,0.0,0.0,23100.0,64120000.0,434.0,1011610.0,213.0,1146970.0,1.1125827815,71492336.0,,,,1000.0
2020-10-16T00:00:00,TSC,2.79,2.74,2.78,2.755187885586091,2.77,2.78,427920.0,427920.0,0.0,1179000000.0,0.0,0.0,0.0,26200.0,72230000.0,336.0,1007000.0,192.0,826610.0,1.1125827815,71492336.0,,,,1000.0
2020-10-19T00:00:00,TSC,2.83,2.74,2.78,2.763645244006675,2.78,2.77,245690.0,245690.0,0.0,679000000.0,0.0,0.0,0.0,15230.0,42120000.0,265.0,609630.0,180.0,592990.0,1.1125827815,71492336.0,,,,1000.0
2020-10-20T00:00:00,TSC,2.79,2.74,2.76,2.7522634824826135,2.75,2.78,304840.0,304840.0,0.0,839000000.0,0.0,0.0,0.0,20190.0,55630000.0,269.0,892450.0,187.0,778510.0,1.1125827815,71515436.0,,,,1000.0
2020-10-21T00:00:00,TSC,2.78,2.71,2.75,2.730410486091137,2.71,2.75,486740.0,486740.0,0.0,1329000000.0,0.0,0.0,0.0,23750.0,64970000.0,337.0,1286150.0,230.0,981150.0,1.1125827815,71541636.0,,,,1000.0
2020-10-22T00:00:00,TSC,2.73,2.65,2.71,2.677816549582648,2.69,2.71,650530.0,650530.0,0.0,1742000000.0,0.0,12780.0,34360000.0,14480.0,38850000.0,502.0,1660320.0,219.0,1045650.0,1.1125827815,71544086.0,,,,1000.0
2020-10-23T00:00:00,TSC,2.82,2.69,2.69,2.7428627107083696,2.79,2.69,615780.0,615780.0,0.0,1689000000.0,0.0,5000.0,13700000.0,9980.0,27420000.0,393.0,1976830.0,301.0,1147840.0,1.1125827815,71559276.0,,,,1000.0
2020-10-26T00:00:00,TSC,2.79,2.72,2.79,2.7536019893220214,2.72,2.79,273460.0,273460.0,0.0,753000000.0,0.0,0.0,0.0,18020.0,49620000.0,209.0,682470.0,222.0,1143060.0,1.1125827815,71583026.0,,,,1000.0
2020-10-27T00:00:00,TSC,2.73,2.68,2.72,2.6904152159525796,2.68,2.72,347530.0,347530.0,0.0,935000000.0,0.0,0.0,0.0,16830.0,45270000.0,321.0,1195840.0,194.0,1021410.0,1.1125827815,71597506.0,,,,1000.0
2020-10-28T00:00:00,TSC,2.7,2.59,2.66,2.637770897832817,2.62,2.68,403750.0,403750.0,0.0,1065000000.0,0.0,1000.0,2660000.0,2210.0,5880000.0,342.0,970040.0,210.0,1038610.0,1.1125827815,71606486.0,,,,1000.0
2020-10-29T00:00:00,TSC,2.65,2.58,2.58,2.6126714565643367,2.63,2.62,244960.0,244960.0,0.0,640000000.0,0.0,3570.0,9390000.0,0.0,0.0,311.0,1051530.0,143.0,495010.0,1.1125827815,71620936.0,,,,1000.0
2020-10-30T00:00:00,TSC,2.65,2.6,2.62,2.616455263468113,2.61,2.63,169660.0,169660.0,0.0,443907800.0,0.0,800.0,2080000.0,0.0,0.0,185.0,599130.0,124.0,599020.0,1.1125827815,71636966.0,,,,1000.0
2020-11-02T00:00:00,TSC,2.79,2.64,2.64,2.7458131971826236,2.79,2.61,593460.0,593460.0,0.0,1629530300.0,0.0,10.0,30000.0,0.0,0.0,320.0,2224350.0,277.0,991810.0,1.1125827815,71639166.0,,,,1000.0
2020-11-03T00:00:00,TSC,2.95,2.82,2.95,2.895622477391814,2.88,2.79,1246230.0,1246230.0,0.0,3608611600.0,0.0,2060.0,6040000.0,6570.0,18890000.0,543.0,4150270.0,556.0,4059190.0,1.1125827815,71637106.0,,,,1000.0
2020-11-04T00:00:00,TSC,2.95,2.82,2.86,2.8799173553719006,2.85,2.88,479160.0,479160.0,0.0,1379941200.0,0.0,0.0,0.0,2800.0,8000000.0,378.0,1503610.0,403.0,2679950.0,1.1125827815,71637106.0,,,,1000.0
2020-11-05T00:00:00,TSC,2.86,2.76,2.84,2.8011678085693834,2.76,2.85,488950.0,488950.0,0.0,1369631000.0,0.0,0.0,0.0,10.0,30000.0,295.0,882750.0,257.0,1686750.0,1.1125827815,71637106.0,,,,1000.0
2020-11-06T00:00:00,TSC,2.82,2.75,2.76,2.7671407731582787,2.79,2.76,219360.0,219360.0,0.0,607000000.0,0.0,1240.0,3460000.0,430.0,1190000.0,268.0,860660.0,265.0,1178310.0,1.1125827815,71642436.0,,,,1000.0
2020-11-09T00:00:00,TSC,2.83,2.77,2.78,2.7994171084461374,2.8,2.79,388580.0,388580.0,0.0,1087797500.0,0.0,8190.0,22920000.0,0.0,0.0,260.0,768090.0,269.0,1566460.0,1.1125827815,71637046.0,,,,1000.0
2020-11-10T00:00:00,TSC,2.84,2.75,2.83,2.78,2.78,2.8,311410.0,311410.0,0.0,867200000.0,0.0,0.0,0.0,960.0,2670000.0,281.0,1384600.0,364.0,9608510.0,1.1125827815,71637056.0,,,,1000.0
2020-11-11T00:00:00,TSC,2.8,2.76,2.76,2.7775921111276185,2.78,2.78,269240.0,269240.0,0.0,747838900.0,0.0,7360.0,20460000.0,180.0,500000.0,258.0,1799610.0,231.0,915990.0,1.1125827815,71630126.0,,,,1000.0
2020-11-12T00:00:00,TSC,2.79,2.74,2.77,2.7645750502181894,2.76,2.78,288740.0,288740.0,0.0,798243400.0,0.0,3520.0,9740000.0,20.0,60000.0,246.0,1314970.0,212.0,929120.0,1.1125827815,71626606.0,,,,1000.0
2020-11-13T00:00:00,TSC,2.82,2.74,2.76,2.772869547545587,2.79,2.76,541270.0,541270.0,0.0,1500871100.0,0.0,170.0,470000.0,100.0,280000.0,307.0,2044730.0,273.0,1233680.0,1.1125827815,71627396.0,,,,1000.0
2020-11-16T00:00:00,TSC,2.8,2.75,2.79,2.7712174740850433,2.77,2.79,189080.0,189080.0,0.0,523981800.0,0.0,6890.0,19160000.0,2740.0,7540000.0,213.0,996450.0,185.0,1146290.0,1.1125827815,71620686.0,,,,1000.0
2020-11-17T00:00:00,TSC,2.82,2.75,2.77,2.792403602691167,2.8,2.77,276460.0,276460.0,0.0,771987900.0,0.0,4930.0,13760000.0,0.0,0.0,258.0,1485440.0,198.0,1169570.0,1.1125827815,71615776.0,,,,1000.0
2020-11-18T00:00:00,TSC,2.9,2.77,2.8,2.8438863956917553,2.87,2.8,857890.0,857890.0,0.0,2439741700.0,0.0,9070.0,25400000.0,2760.0,7670000.0,488.0,3894070.0,402.0,2348570.0,1.1125827815,71606806.0,,,,1000.0
2020-11-19T00:00:00,TSC,2.87,2.8,2.86,2.838954232712071,2.85,2.87,459280.0,459280.0,0.0,1303874900.0,0.0,1020.0,2890000.0,0.0,0.0,320.0,2150440.0,233.0,1762490.0,1.1125827815,71608526.0,,,,1000.0
2020-11-20T00:00:00,TSC,2.87,2.8,2.85,2.84088274974574,2.84,2.85,481790.0,481790.0,0.0,1368708900.0,0.0,2980.0,8470000.0,0.0,0.0,332.0,1971200.0,236.0,1290880.0,1.1125827815,71605546.0,,,,1000.0
2020-11-23T00:00:00,TSC,2.91,2.81,2.83,2.855226359272078,2.89,2.84,716560.0,716560.0,0.0,2045941000.0,0.0,28590.0,81590000.0,0.0,0.0,472.0,2975640.0,337.0,2327430.0,1.1125827815,71579716.0,,,,1000.0
2020-11-24T00:00:00,TSC,2.9,2.83,2.9,2.8607909682399644,2.84,2.89,362720.0,362720.0,0.0,1037666100.0,0.0,10760.0,31100000.0,1520.0,4310000.0,270.0,1535650.0,285.0,1648810.0,1.1125827815,71568956.0,,,,1000.0
2020-11-25T00:00:00,TSC,2.87,2.81,2.85,2.8266727543290044,2.81,2.84,295680.0,295680.0,0.0,835790600.0,0.0,0.0,0.0,0.0,0.0,259.0,1190340.0,194.0,1309180.0,1.1125827815,71568956.0,,,,1000.0
2020-11-26T00:00:00,TSC,2.83,2.62,2.8,2.7601881461215885,2.78,2.81,445930.0,445930.0,0.0,1230850700.0,0.0,5530.0,15140000.0,4910.0,13650000.0,460.0,1621910.0,200.0,1273640.0,1.1125827815,71563426.0,,,,1000.0
2020-11-27T00:00:00,TSC,2.8,2.71,2.71,2.7402113823898944,2.74,2.78,588980.0,588980.0,0.0,1613929700.0,0.0,14470.0,39910000.0,2040.0,5650000.0,505.0,2211030.0,236.0,1750980.0,1.1125827815,71550476.0,,,,1000.0
2020-11-30T00:00:00,TSC,2.82,2.74,2.76,2.7808689813926724,2.81,2.74,625560.0,625560.0,0.0,1739600400.0,0.0,10780.0,30050000.0,0.0,0.0,367.0,2554690.0,210.0,1236550.0,1.1125827815,71539696.0,,,,1000.0
2020-12-01T00:00:00,TSC,2.81,2.74,2.8,2.7759921209197618,2.79,2.81,373140.0,373140.0,0.0,1035833700.0,0.0,19390.0,53940000.0,0.0,0.0,300.0,1252920.0,168.0,1336340.0,1.1125827815,71525216.0,,,,1000.0
2020-12-02T00:00:00,TSC,2.82,2.76,2.82,2.778432982469794,2.77,2.79,513970.0,513970.0,0.0,1428031200.0,0.0,4330.0,12040000.0,0.0,0.0,400.0,2299610.0,230.0,1893560.0,1.1125827815,71522926.0,,,,1000.0
2020-12-03T00:00:00,TSC,2.8,2.76,2.78,2.770799235103014,2.79,2.77,486340.0,486340.0,0.0,1347550500.0,0.0,18390.0,51160000.0,0.0,0.0,338.0,3274810.0,206.0,1396740.0,1.1125827815,71504536.0,,,,1000.0
2020-12-04T00:00:00,TSC,2.88,2.78,2.8,2.8092430958063415,2.83,2.79,703920.0,703920.0,0.0,1977482400.0,0.0,13830.0,38880000.0,0.0,0.0,424.0,4889390.0,282.0,1564280.0,1.1125827815,71490698.0,,,,1000.0
2020-12-07T00:00:00,TSC,2.93,2.83,2.87,2.878800156480395,2.92,2.83,1661550.0,1661550.0,0.0,4783270400.0,0.0,12120.0,35010000.0,240.0,690000.0,565.0,6463070.0,408.0,3064520.0,1.1125827815,71478578.0,,,,1000.0
2020-12-08T00:00:00,TSC,2.98,2.89,2.94,2.9422954566461357,2.97,2.92,1190090.0,1190090.0,0.0,3501596400.0,0.0,0.0,0.0,0.0,0.0,575.0,6183070.0,464.0,3293320.0,1.1125827815,71478578.0,,,,1000.0
2020-12-09T00:00:00,TSC,3.17,2.95,2.97,3.1039238429344853,3.1,2.97,4150370.0,4150370.0,0.0,12882432400.0,0.0,0.0,0.0,7150.0,22530000.0,837.0,8266540.0,725.0,6386090.0,1.1125827815,71478578.0,,,,1000.0
2020-12-10T00:00:00,TSC,3.19,2.9,3.12,3.045242556624452,2.92,3.1,1313920.0,1313920.0,0.0,4001205100.0,0.0,3930.0,12180000.0,20450.0,62080000.0,687.0,3450010.0,563.0,3464270.0,1.1125827815,71474888.0,,,,1000.0
2020-12-11T00:00:00,TSC,3.04,2.93,2.99,2.9746118599713625,3.02,2.92,1012650.0,1012650.0,0.0,3012240700.0,0.0,31030.0,92630000.0,2400.0,7170000.0,546.0,5449780.0,342.0,2034540.0,1.1125827815,71443858.0,,,,1000.0
2020-12-14T00:00:00,TSC,3.18,3.02,3.02,3.115834172394169,3.16,3.02,1827440.0,1827440.0,0.0,5694000000.0,0.0,20940.0,65520000.0,4110.0,12880000.0,655.0,3930010.0,597.0,3538810.0,1.1125827815,71430068.0,,,,1000.0
2020-12-15T00:00:00,TSC,3.2,3.0,3.16,3.1435511004428816,3.14,3.16,1478950.0,1478950.0,0.0,4649154900.0,0.0,38820.0,123190000.0,18780.0,58610000.0,549.0,3307860.0,520.0,3010730.0,1.1125827815,71411698.0,,,,1000.0
2020-12-16T00:00:00,TSC,3.2,3.06,3.18,3.1220458321692717,3.06,3.14,1360180.0,1360180.0,0.0,4246544300.0,0.0,9720.0,31010000.0,8540.0,26590000.0,972.0,3696850.0,424.0,3298020.0,1.1125827815,71404378.0,,,,1000.0
2020-12-17T00:00:00,TSC,3.13,3.0,3.13,3.040079628942486,3.03,3.06,1347500.0,1347500.0,0.0,4096507300.0,0.0,0.0,0.0,27880.0,85080000.0,723.0,2811250.0,450.0,3747510.0,1.1125827815,71408488.0,,,,1000.0
2020-12-18T00:00:00,TSC,3.08,3.0,3.03,3.036891954355048,3.05,3.03,692300.0,692300.0,0.0,2102440300.0,0.0,0.0,0.0,5000.0,15250000.0,435.0,2239690.0,305.0,2268170.0,1.1125827815,71427276.0,,,,1000.0
2020-12-21T00:00:00,TSC,3.2,3.05,3.05,3.1385074155042143,3.15,3.05,2245970.0,2245970.0,0.0,7048993500.0,0.0,76860.0,242050000.0,6350.0,19880000.0,833.0,4501060.0,610.0,3820410.0,1.1125827815,71358956.0,,,,1000.0
2020-12-22T00:00:00,TSC,3.37,3.18,3.2,3.323984909247542,3.37,3.15,1683150.0,1683150.0,0.0,5594765200.0,0.0,0.0,0.0,0.0,0.0,691.0,5072620.0,337.0,1754190.0,1.1125827815,71386836.0,,,,1000.0
2020-12-23T00:00:00,TSC,3.6,3.35,3.6,3.5426320215758493,3.38,3.37,3103470.0,3103470.0,0.0,10994452200.0,0.0,18130.0,64720000.0,41420.0,145000000.0,949.0,5087620.0,858.0,6233170.0,1.1125827815,71373706.0,,,,1000.0
2020-12-24T00:00:00,TSC,3.39,3.15,3.38,3.2018116457728873,3.25,3.38,2192040.0,2192040.0,0.0,7018499200.0,0.0,31240.0,99970000.0,49080.0,156290000.0,571.0,2800760.0,698.0,5641930.0,1.1125827815,71348816.0,,,,1000.0
2020-12-25T00:00:00,TSC,3.35,3.14,3.2,3.2702281960137105,3.33,3.25,2205560.0,2205560.0,0.0,7212684500.0,0.0,20590.0,67210000.0,38800.0,124970000.0,929.0,3993650.0,514.0,4069020.0,1.1125827815,71328226.0,,,,1000.0
2020-12-28T00:00:00,TSC,3.46,3.33,3.37,3.397537616301308,3.4,3.33,2013090.0,2013090.0,0.0,6839549000.0,0.0,57350.0,195900000.0,4740.0,15830000.0,690.0,3581770.0,606.0,4020560.0,1.1125827815,71312296.0,,,,1000.0
2020-12-29T00:00:00,TSC,3.44,3.34,3.4,3.395060086238423,3.36,3.4,1175810.0,1175810.0,0.0,3991945600.0,0.0,24440.0,83470000.0,980.0,3320000.0,522.0,2514500.0,418.0,2966780.0,1.1125827815,71336936.0,,,,1000.0
2020-12-30T00:00:00,TSC,3.57,3.22,3.35,3.401303083666606,3.43,3.36,1822830.0,1822830.0,0.0,6199997300.0,0.0,21600.0,74050000.0,8920.0,30710000.0,978.0,3689340.0,694.0,4921210.0,1.1125827815,71354136.0,,,,1000.0
2020-12-31T00:00:00,TSC,3.46,3.37,3.43,3.434641807394874,3.44,3.43,921990.0,921990.0,0.0,3166705400.0,0.0,64960.0,223480000.0,30260.0,103920000.0,518.0,2271670.0,472.0,2867070.0,1.1125827815,71293916.0,,,,1000.0
2021-01-04T00:00:00,TSC,3.66,3.46,3.5,3.5650395268156743,3.6,3.44,1758300.0,1758300.0,0.0,6268409000.0,0.0,28800.0,102600000.0,4900.0,17590000.0,574.0,3090300.0,487.0,4247900.0,1.1125827815,71266096.0,,,,1000.0
2021-01-05T00:00:00,TSC,3.65,3.43,3.6,3.552945212097787,3.51,3.6,1034900.0,1034900.0,0.0,3676943000.0,0.0,44400.0,158520000.0,10400.0,36950000.0,544.0,2455800.0,426.0,2979900.0,1.1125827815,71230616.0,,,,1000.0
2021-01-06T00:00:00,TSC,3.57,3.41,3.55,3.4900374445972795,3.41,3.51,1308600.0,1308600.0,0.0,4567063000.0,0.0,33200.0,116350000.0,11900.0,42480000.0,510.0,2403900.0,371.0,3510900.0,1.1125827815,71227676.0,,,,1000.0
2021-01-07T00:00:00,TSC,3.57,3.41,3.41,3.484301043871816,3.55,3.41,1369900.0,1369900.0,0.0,4773144000.0,0.0,84100.0,293480000.0,0.0,0.0,592.0,3681300.0,397.0,2836600.0,1.1125827815,71148476.0,,,,1000.0
2021-01-08T00:00:00,TSC,3.68,3.5,3.6,3.6054112618657124,3.58,3.55,2012100.0,2012100.0,0.0,7254448000.0,0.0,17400.0,62640000.0,5800.0,20510000.0,529.0,3345500.0,572.0,4174800.0,1.1125827815,71141476.0,,,,1000.0
2021-01-11T00:00:00,TSC,3.75,3.58,3.62,3.73,3.73,3.58,2444200.0,2444200.0,0.0,8725117000.0,0.0,266000.0,94954632.27231814,112000.0,39980897.798870794,755.0,24442000.0,646.0,24442000.0,1.1125827815,71126780.0,,,,1000.0
2021-01-12T00:00:00,TSC,3.81,3.72,3.78,3.7638828202581927,3.78,3.73,1309100.0,1309100.0,0.0,4927299000.0,0.0,38100.0,143310000.0,81600.0,306650000.0,460.0,2481500.0,476.0,2345500.0,1.1125827815,71088676.0,,,,1000.0
2021-01-13T00:00:00,TSC,4.04,3.75,3.79,3.9456619015840677,4.0,3.78,2957100.0,2847100.0,110000.0,11678094000.0,444400000.0,55700.0,219330000.0,9500.0,36110000.0,564.0,4697900.0,621.0,3847800.0,1.1125827815,71038776.0,,,,1000.0
2021-01-14T00:00:00,TSC,4.27,4.0,4.0,4.178490395771561,4.22,4.0,1551400.0,1551400.0,0.0,6482510000.0,0.0,0.0,0.0,10900.0,45550000.0,618.0,3267400.0,635.0,3228400.0,1.1125827815,71049976.0,,,,1000.0
2021-01-15T00:00:00,TSC,4.51,4.19,4.2,4.454860664257783,4.51,4.22,2020300.0,2020300.0,0.0,9000155000.0,0.0,18100.0,77630000.0,12300.0,55100000.0,801.0,3654900.0,615.0,4188500.0,1.1125827815,71113476.0,,,,1000.0
2021-01-18T00:00:00,TSC,4.82,4.59,4.6,4.760539057799172,4.81,4.51,2825300.0,2825300.0,0.0,13449951000.0,0.0,46400.0,219670000.0,11000.0,52470000.0,811.0,4488200.0,467.0,3379600.0,1.1125827815,71076576.0,,,,1000.0
2021-01-19T00:00:00,TSC,5.02,4.48,4.99,4.727919258813298,4.48,4.81,2989800.0,2989800.0,0.0,14135533000.0,0.0,41000.0,199570000.0,33800.0,166530000.0,799.0,3590900.0,836.0,7301400.0,1.1125827815,71046476.0,,,,1000.0
2021-01-20T00:00:00,TSC,4.55,4.17,4.48,4.277745134906459,4.4,4.48,2127400.0,2127400.0,0.0,9100475000.0,0.0,51400.0,222760000.0,9800.0,41110000.0,593.0,3126400.0,584.0,5500400.0,1.1125827815,71007376.0,,,,1000.0
2021-01-21T00:00:00,TSC,4.58,4.2,4.4,4.407499480069324,4.58,4.4,1442500.0,1442500.0,0.0,6357818000.0,0.0,21800.0,96420000.0,69500.0,302200000.0,840.0,4356300.0,513.0,3539100.0,1.1125827815,70996576.0,,,,1000.0
2021-01-22T00:00:00,TSC,4.6,4.26,4.58,4.3455891179794985,4.26,4.58,2565700.0,2565700.0,0.0,11149478000.0,0.0,44400.0,196780000.0,45800.0,204150000.0,936.0,3283600.0,667.0,6171300.0,1.1125827815,70985976.0,,,,1000.0
2021-01-25T00:00:00,TSC,4.2,3.97,3.97,3.9782366481649927,3.97,4.26,5386900.0,5386900.0,0.0,21430363000.0,0.0,100600.0,403930000.0,7000.0,27930000.0,1374.0,7146700.0,742.0,8325600.0,1.1125827815,70895176.0,,,,1000.0
2021-01-26T00:00:00,TSC,4.03,3.71,3.9,3.8369327211725235,3.97,3.97,1698900.0,1698900.0,0.0,6518565000.0,0.0,119500.0,457370000.0,3800.0,14440000.0,767.0,4719900.0,479.0,3374700.0,1.1125827815,70845176.0,,,,1000.0
2021-01-27T00:00:00,TSC,3.97,3.7,3.81,3.771117693522907,3.73,3.97,1772400.0,1772400.0,0.0,6683929000.0,0.0,85400.0,326050000.0,4900.0,18900000.0,558.0,2689000.0,462.0,4107200.0,1.1125827815,70805576.0,,,,1000.0
2021-01-28T00:00:00,TSC,3.5,3.47,3.47,3.47,3.47,3.73,1029400.0,1029400.0,0.0,3543187000.0,0.0,85800.0,298570000.0,0.0,0.0,224.0,1068500.0,388.0,3697700.0,1.1125827815,70726776.0,,,,1000.0
2021-01-29T00:00:00,TSC,3.49,3.23,3.23,3.311426161919041,3.33,3.47,1600800.0,1600800.0,0.0,5300931000.0,0.0,183300.0,610600000.0,0.0,0.0,588.0,2597100.0,397.0,2545300.0,1.1125827815,70547276.0,,,,1000.0
2021-02-01T00:00:00,TSC,3.52,3.16,3.33,3.347394330901598,3.2,3.33,1795700.0,1795700.0,0.0,6010916000.0,0.0,145600.0,489920000.0,28000.0,93280000.0,546.0,3091200.0,473.0,3298400.0,1.1125827815,70406576.0,,,,1000.0
2021-02-02T00:00:00,TSC,3.39,3.15,3.21,3.2828806186563555,3.39,3.2,620700.0,620700.0,0.0,2037684000.0,0.0,95400.0,313400000.0,0.0,0.0,514.0,2369500.0,350.0,1206100.0,1.1125827815,70311176.0,,,,1000.0
2021-02-03T00:00:00,TSC,3.54,3.34,3.54,3.427005533920885,3.46,3.39,487900.0,487900.0,0.0,1672036000.0,0.0,0.0,0.0,90000.0,308430498.0528797,359.0,1321000.0,327.0,1452300.0,1.1125827815,70311180.0,,,,1000.0
2021-02-04T00:00:00,TSC,3.68,3.45,3.46,3.6117454677302394,3.63,3.46,1379000.0,1379000.0,0.0,4980597000.0,0.0,0.0,0.0,85700.0,306140000.0,430.0,3053700.0,561.0,2767700.0,1.1125827815,70339176.0,,,,1000.0
2021-02-05T00:00:00,TSC,3.75,3.52,3.61,3.6415652920962196,3.7,3.63,582000.0,582000.0,0.0,2119391000.0,0.0,400.0,1460000.0,81000.0,295420000.0,335.0,1256100.0,369.0,1440600.0,1.1125827815,70338776.0,,,,1000.0
2021-02-08T00:00:00,TSC,3.74,3.46,3.7,3.5545665685312398,3.5,3.7,917100.0,917100.0,0.0,3259893000.0,0.0,15400.0,54730000.0,37400.0,134810000.0,325.0,1509800.0,345.0,1777700.0,1.1125827815,7041337600.0,,,,1000.0
2021-02-09T00:00:00,TSC,3.7,3.4,3.5,3.543496240601504,3.7,3.5,798000.0,798000.0,0.0,2827710000.0,0.0,25200.0,89700000.0,12300.0,43040000.0,325.0,2731200.0,354.0,1297900.0,1.1125827815,70473876.0,,,,1000.0
2021-02-17T00:00:00,TSC,3.85,3.68,3.79,3.74942257481422,3.85,3.7,995800.0,995800.0,0.0,3733675000.0,0.0,32700.0,123340000.0,2000.0,7420000.0,442.0,2731700.0,304.0,1534700.0,1.1125827815,70522176.0,,,,1000.0
2021-02-18T00:00:00,TSC,3.92,3.8,3.87,3.8349589351458513,3.81,3.85,706200.0,706200.0,0.0,2708248000.0,0.0,800.0,3060000.0,27100.0,104500000.0,325.0,1343100.0,371.0,1773700.0,1.1125827815,70558776.0,,,,1000.0
2021-02-19T00:00:00,TSC,3.87,3.74,3.75,3.796148120580573,3.78,3.81,268700.0,268700.0,0.0,1020025000.0,0.0,500.0,1900000.0,13400.0,50420000.0,242.0,899300.0,208.0,1018500.0,1.1125827815,70570576.0,,,,1000.0
2021-02-22T00:00:00,TSC,3.79,3.7,3.79,3.7487845990063873,3.76,3.78,563600.0,563600.0,0.0,2112815000.0,0.0,0.0,0.0,28200.0,105450000.0,303.0,910800.0,290.0,1255400.0,1.1125827815,70572576.0,,,,1000.0
2021-02-23T00:00:00,TSC,3.76,3.6,3.76,3.6544295302013423,3.69,3.76,953600.0,953600.0,0.0,3484864000.0,0.0,0.0,0.0,29400.0,107600000.0,453.0,1451000.0,244.0,2004300.0,1.1125827815,70599676.0,,,,1000.0
2021-02-24T00:00:00,TSC,3.73,3.52,3.7,3.69,3.6,3.69,464500.0,464500.0,0.0,1701494000.0,0.0,3200.0,11560000.0,23200.0,84190000.0,316.0,822900.0,279.0,1351200.0,1.1125827815,70609876.0,,,,1000.0
2021-02-25T00:00:00,TSC,3.67,3.55,3.65,3.5985992366412214,3.56,3.6,262000.0,262000.0,0.0,942833000.0,0.0,0.0,0.0,33200.0,119330000.0,324.0,574400.0,264.0,884300.0,1.1125827815,70638076.0,,,,1000.0
2021-02-26T00:00:00,TSC,3.59,3.46,3.56,3.5112935169425965,3.57,3.56,646300.0,646300.0,0.0,2269349000.0,0.0,200.0,710000.0,23200.0,81440000.0,422.0,1105900.0,216.0,1366900.0,1.1125827815,70667276.0,,,,1000.0
2021-03-01T00:00:00,TSC,3.64,3.48,3.57,3.5860198324499915,3.48,3.57,584900.0,584900.0,0.0,2097463000.0,0.0,2200.0,7920000.0,3800.0,13600000.0,280.0,1270200.0,197.0,1090100.0,1.1125827815,70688276.0,,,,1000.0
2021-03-02T00:00:00,TSC,3.59,3.45,3.56,3.50423342048966,3.5,3.48,841400.0,841400.0,0.0,2948462000.0,0.0,7300.0,25990000.0,17600.0,61610000.0,433.0,1689700.0,215.0,2025400.0,1.1125827815,70714176.0,,,,1000.0
2021-03-03T00:00:00,TSC,3.74,3.46,3.5,3.5,3.74,3.5,1676600.0,1676600.0,0.0,6045559000.0,0.0,36300.0,131430000.0,10700.0,37160000.0,692.0,4723600.0,347.0,1993700.0,1.1125827815,70701076.0,,,,1000.0
2021-03-04T00:00:00,TSC,3.97,3.67,3.95,3.8381212033555108,3.75,3.74,691400.0,691400.0,0.0,2653677000.0,0.0,3000.0,11220000.0,30500.0,115340000.0,458.0,1117200.0,495.0,2355700.0,1.1125827815,70701876.0,,,,1000.0
2021-03-05T00:00:00,TSC,4.01,3.62,3.73,3.8995538375156564,4.01,3.75,2315300.0,2315300.0,0.0,9028637000.0,0.0,6000.0,22740000.0,44300.0,164370000.0,627.0,5142900.0,696.0,3004100.0,1.1125827815,70713476.0,,,,1000.0
2021-03-08T00:00:00,TSC,4.29,4.02,4.2,4.227492909073127,4.1,4.01,3067300.0,3067300.0,0.0,12966989000.0,0.0,7400.0,31460000.0,99800.0,422470000.0,836.0,5250100.0,754.0,4593600.0,1.1125827815,70716776.0,,,,1000.0
2021-03-09T00:00:00,TSC,4.28,4.0,4.1,4.168936400713739,4.04,4.1,1569200.0,1569200.0,0.0,6541895000.0,0.0,500.0,2060000.0,58300.0,243250000.0,666.0,2513700.0,590.0,5286700.0,1.1125827815,70746776.0,,,,1000.0
2021-03-10T00:00:00,TSC,4.14,4.04,4.04,4.081844884257641,4.1,4.04,1429900.0,1429900.0,0.0,5836630000.0,0.0,14500.0,59430000.0,13000.0,52950000.0,582.0,2761900.0,460.0,2838300.0,1.1125827815,70776576.0,,,,1000.0
2021-03-11T00:00:00,TSC,4.21,4.1,4.12,4.143492264543562,4.16,4.1,1105300.0,1105300.0,0.0,4579802000.0,0.0,14100.0,58660000.0,2000.0,8310000.0,485.0,3173700.0,482.0,2615700.0,1.1125827815,70862276.0,,,,1000.0
2021-03-12T00:00:00,TSC,4.22,4.15,4.18,4.184466417910447,4.2,4.16,1608000.0,1608000.0,0.0,6728622000.0,0.0,24600.0,103160000.0,4000.0,16810000.0,540.0,2948600.0,527.0,3146900.0,1.1125827815,70895976.0,,,,1000.0
2021-03-15T00:00:00,TSC,4.49,4.21,4.25,4.406621465968587,4.49,4.2,3820000.0,3820000.0,0.0,16833294000.0,0.0,59800.0,262120000.0,400.0,1780000.0,956.0,9661100.0,693.0,5267000.0,1.1125827815,70849176.0,,,,1000.0
2021-03-16T00:00:00,TSC,4.79,4.5,4.65,4.642660107085738,4.79,4.49,2876200.0,2876200.0,0.0,13353219000.0,0.0,23200.0,107140000.0,25400.0,117440000.0,705.0,6077000.0,770.0,4803200.0,1.1125827815,70827976.0,,,,1000.0
2021-03-17T00:00:00,TSC,5.12,4.9,4.98,5.12,5.12,4.79,6821300.0,6821300.0,0.0,34742278000.0,0.0,64600.0,330520000.0,1000.0,5120000.0,1267.0,15674000.0,940.0,7418800.0,1.1125827815,70767376.0,,,,1000.0
2021-03-18T00:00:00,TSC,5.47,5.2,5.34,5.47,5.47,5.12,4090100.0,4090100.0,0.0,22284365000.0,0.0,5500.0,28770000.0,2000.0,10940000.0,923.0,9875900.0,634.0,4729700.0,1.1125827815,70762276.0,,,,1000.0
2021-03-19T00:00:00,TSC,5.74,5.09,5.73,5.497522308605569,5.65,5.47,5222200.0,5222200.0,0.0,28709161000.0,0.0,54100.0,301480000.0,36400.0,202780000.0,1344.0,12863500.0,1572.0,9904700.0,1.1125827815,70733576.0,,,,1000.0
2021-03-22T00:00:00,TSC,5.65,5.4,5.4,5.4991843171104176,5.6,5.65,3012200.0,3012200.0,0.0,16564643000.0,0.0,140800.0,777070000.0,9800.0,54200000.0,761.0,7559100.0,826.0,5936900.0,1.1125827815,70593776.0,,,,1000.0
2021-03-23T00:00:00,TSC,5.99,5.5,5.6,5.755058108821976,5.87,5.6,2271600.0,2271600.0,0.0,13073190000.0,0.0,98200.0,557010000.0,4100.0,24160000.0,942.0,6261700.0,752.0,4925200.0,1.1125827815,70497496.0,,,,1000.0
2021-03-24T00:00:00,TSC,6.05,5.6,5.8,5.877733489802525,5.87,5.87,2471200.0,2471200.0,0.0,14525055000.0,0.0,44100.0,252950000.0,1800.0,10470000.0,825.0,7084000.0,783.0,5473100.0,1.1125827815,70489806.0,,,,1000.0
2021-03-25T00:00:00,TSC,5.87,5.57,5.87,5.654754928500907,5.86,5.87,3139900.0,3139900.0,0.0,17755365000.0,0.0,4500.0,25480000.0,150300.0,849860000.0,596.0,6278400.0,751.0,7067700.0,1.1125827815,70495106.0,,,,1000.0
2021-03-26T00:00:00,TSC,6.27,5.45,5.84,5.898787342126113,6.27,5.86,6437100.0,6437100.0,0.0,37971084000.0,0.0,91300.0,541490000.0,10600.0,59030000.0,985.0,15143400.0,1090.0,10788500.0,1.1125827815,70407906.0,,,,1000.0
2021-03-29T00:00:00,TSC,6.7,6.5,6.5,6.7,6.7,6.27,3824100.0,3824100.0,0.0,25556354000.0,0.0,159200.0,1061940000.0,4000.0,26400000.0,842.0,11283800.0,408.0,3886700.0,1.1125827815,70250506.0,,,,1000.0
2021-03-30T00:00:00,TSC,7.16,6.9,7.1,7.1136263462305545,7.16,6.7,8022400.0,8022400.0,0.0,57068356000.0,0.0,69600.0,489050000.0,29600.0,209620000.0,1422.0,18394900.0,760.0,9274800.0,1.1125827815,70331206.0,,,,1000.0
2021-03-31T00:00:00,TSC,7.41,6.85,7.2,7.018247083143548,7.2,7.16,3094100.0,2854100.0,240000.0,21629179000.0,1598400000.0,61900.0,443410000.0,71600.0,501400000.0,987.0,8619800.0,940.0,8840300.0,1.1125827815,70279912.0,,,,1000.0
2021-04-01T00:00:00,TSC,7.28,7.14,7.2,7.212550780543668,7.25,7.2,1659100.0,1659100.0,0.0,11966343000.0,0.0,88000.0,636000000.0,56800.0,409030000.0,524.0,4539500.0,599.0,4412500.0,1.1125827815,70195912.0,-2884000.0,0.0,-2884000.0,1000.0
2021-04-02T00:00:00,TSC,7.24,7.02,7.02,7.1027612881045155,7.18,7.25,1745200.0,1745200.0,0.0,12395739000.0,0.0,16400.0,116030000.0,10800.0,77180000.0,629.0,5495100.0,648.0,4376000.0,1.1125827815,70209112.0,,,,1000.0
2021-04-05T00:00:00,TSC,7.68,7.19,7.19,7.4851433942915735,7.68,7.18,2925500.0,2925500.0,0.0,21897787000.0,0.0,170000.0,1269090000.0,22600.0,166210000.0,736.0,6241100.0,692.0,4667600.0,1.1125827815,70110712.0,-2292000.0,0.0,-2292000.0,1000.0
2021-04-06T00:00:00,TSC,8.21,7.72,7.73,8.09405432232449,8.21,7.68,3324600.0,3324600.0,0.0,26909493000.0,0.0,65900.0,509590000.0,42100.0,345040000.0,1142.0,7982600.0,563.0,4698200.0,1.1125827815,70101612.0,0.0,0.0,0.0,1000.0
2021-04-07T00:00:00,TSC,8.46,7.75,8.27,8.260435255988252,8.21,8.21,3949400.0,3949400.0,0.0,32623763000.0,0.0,18000.0,150910000.0,48800.0,401750000.0,1022.0,8026100.0,700.0,8824400.0,1.1125827815,70094412.0,0.0,0.0,0.0,1000.0
2021-04-08T00:00:00,TSC,8.19,7.71,8.11,7.919008916714096,8.16,8.21,2635500.0,2635500.0,0.0,20870548000.0,0.0,1300.0,10350000.0,169900.0,1348250000.0,636.0,3870700.0,703.0,5379800.0,1.1125827815,70115712.0,0.0,0.0,0.0,1000.0
2021-04-09T00:00:00,TSC,8.52,7.91,7.91,8.234061792206283,8.48,8.16,1721900.0,1721900.0,0.0,14178231000.0,0.0,49000.0,412000000.0,10400.0,83510000.0,742.0,6910100.0,541.0,3268600.0,1.1125827815,70108812.0,0.0,0.0,0.0,1000.0
2021-04-12T00:00:00,TSC,8.75,8.5,8.53,8.620962039158508,8.64,8.48,3840800.0,3840800.0,0.0,33111391000.0,0.0,74200.0,642820000.0,40100.0,345070000.0,883.0,6390500.0,657.0,7853700.0,1.1125827815,70083412.0,0.0,0.0,0.0,1000.0
2021-04-13T00:00:00,TSC,8.5,8.04,8.5,8.203370903879321,8.15,8.64,4116700.0,4116700.0,0.0,33770817000.0,0.0,14500.0,119220000.0,157100.0,1297870000.0,1127.0,6279700.0,883.0,8429700.0,1.1125827815,70238812.0,0.0,0.0,0.0,1000.0
2021-04-14T00:00:00,TSC,8.25,7.8,7.9,7.983547410302455,8.15,8.15,2840100.0,2840100.0,0.0,22674073000.0,0.0,119700.0,970580000.0,29000.0,231880000.0,1143.0,5252000.0,594.0,5226500.0,1.1125827815,70129512.0,-2415000.0,0.0,-2415000.0,1000.0
2021-04-15T00:00:00,TSC,8.2,7.87,8.15,7.983413584958024,7.87,8.15,1441300.0,1441300.0,0.0,11506494000.0,0.0,80800.0,648040000.0,27800.0,221250000.0,755.0,2321500.0,475.0,3596800.0,1.1125827815,70088812.0,0.0,0.0,0.0,1000.0
2021-04-16T00:00:00,TSC,8.0,7.66,7.9,7.891438450899032,7.7,7.87,1735200.0,1735200.0,0.0,13693224000.0,0.0,39400.0,312450000.0,15500.0,122450000.0,520.0,3801300.0,485.0,3765300.0,1.1125827815,70206512.0,0.0,0.0,0.0,1000.0
2021-04-19T00:00:00,TSC,8.23,7.8,7.8,8.054916542072108,8.23,7.7,4079900.0,4079900.0,0.0,32863254000.0,0.0,309500.0,2480350000.0,35100.0,278600000.0,822.0,7959800.0,774.0,5427400.0,1.1125827815,69926012.0,-804000.0,0.0,-804000.0,1000.0
2021-04-20T00:00:00,TSC,8.65,8.24,8.4,8.527808972751112,8.5,8.23,3508400.0,3508400.0,0.0,29918965000.0,0.0,27500.0,237440000.0,64500.0,549730000.0,810.0,6581300.0,1140.0,7251000.0,1.1125827815,69926312.0,0.0,0.0,0.0,1000.0
2021-04-22T00:00:00,TSC,8.6,8.16,8.58,8.515365005335758,8.49,8.5,2730100.0,2530100.0,200000.0,23246725000.0,1702000000.0,40800.0,348620000.0,47100.0,400650000.0,457.0,3744100.0,1008.0,6837600.0,1.1125827815,69901012.0,0.0,0.0,0.0,1000.0
2021-04-23T00:00:00,TSC,8.58,8.06,8.46,8.451757637474541,8.5,8.49,2946000.0,2946000.0,0.0,24898878000.0,0.0,36400.0,309910000.0,64100.0,537270000.0,474.0,4743600.0,908.0,5684500.0,1.1125827815,69899712.0,0.0,0.0,0.0,1000.0
2021-04-26T00:00:00,TSC,8.93,8.52,8.6,8.73427582816518,8.9,8.5,2644400.0,2644400.0,0.0,23096919000.0,0.0,118000.0,1028210000.0,20700.0,180330000.0,1118.0,6119900.0,883.0,5361900.0,1.1125827815,69846212.0,-1742000.0,0.0,-1742000.0,1000.0
2021-04-27T00:00:00,TSC,9.52,9.0,9.0,9.405960643210861,9.52,8.9,5391700.0,5391700.0,0.0,50714118000.0,0.0,277800.0,2630060000.0,0.0,0.0,1522.0,11872500.0,734.0,6258300.0,1.1125827815,69615512.0,0.0,0.0,0.0,1000.0
2021-04-28T00:00:00,TSC,10.15,9.53,9.55,9.989104199140332,10.15,9.52,4234200.0,4234200.0,0.0,42295865000.0,0.0,85600.0,842040000.0,16700.0,166450000.0,1429.0,9370100.0,564.0,5904200.0,1.1125827815,69594012.0,0.0,0.0,0.0,1000.0
2021-04-29T00:00:00,TSC,10.75,10.05,10.25,10.304460178875638,10.7,10.15,4696000.0,4696000.0,0.0,48389745000.0,0.0,11100.0,113780000.0,55000.0,565500000.0,966.0,9423400.0,939.0,8310300.0,1.1125827815,69603612.0,0.0,0.0,0.0,1000.0
2021-05-04T00:00:00,TSC,11.1,10.0,10.0,10.561076444996893,11.1,10.7,4022500.0,4022500.0,0.0,42481930000.0,0.0,96000.0,1037590000.0,30200.0,319020000.0,1542.0,8580100.0,876.0,5688900.0,1.1125827815,69507612.0,0.0,0.0,0.0,1000.0
2021-05-05T00:00:00,TSC,11.6,10.85,11.1,11.213024070516443,11.6,11.1,4424500.0,4424500.0,0.0,49612025000.0,0.0,89000.0,1005100000.0,200.0,2180000.0,1660.0,8461600.0,698.0,6217700.0,1.1125827815,69435312.0,0.0,0.0,0.0,1000.0
2021-05-06T00:00:00,TSC,11.9,11.3,11.8,11.625646123260438,11.5,11.6,4879100.0,4879100.0,0.0,56722690000.0,0.0,13100.0,154060000.0,171500.0,1977880000.0,1470.0,8211100.0,1062.0,9342700.0,1.1125827815,69477212.0,0.0,0.0,0.0,1000.0
2021-05-07T00:00:00,TSC,11.3,10.75,11.2,11.0149679651262,11.3,11.5,6446100.0,6446100.0,0.0,71003590000.0,0.0,48500.0,536680000.0,7800.0,85410000.0,1694.0,14566400.0,1202.0,10658600.0,1.1125827815,69458912.0,0.0,0.0,0.0,1000.0
2021-05-10T00:00:00,TSC,11.85,10.95,11.3,11.346003806506827,11.8,11.3,7828700.0,7828700.0,0.0,88824460000.0,0.0,181400.0,2093640000.0,7000.0,82050000.0,2405.0,23414300.0,1074.0,12322700.0,1.1125827815,69277712.0,-1125000.0,0.0,-1125000.0,1000.0
2021-05-11T00:00:00,TSC,12.6,11.85,12.0,12.315485432207714,12.6,11.8,7252300.0,7252300.0,0.0,89315600000.0,0.0,362200.0,4425710000.0,3500.0,42730000.0,2322.0,21653500.0,831.0,8554100.0,1.1125827815,69087012.0,0.0,0.0,0.0,1000.0
2021-05-12T00:00:00,TSC,13.45,12.45,12.6,13.039941264817895,13.4,12.6,7457200.0,7457200.0,0.0,97241450000.0,0.0,35200.0,470490000.0,93400.0,1221910000.0,2835.0,14374400.0,1028.0,9450400.0,1.1125827815,69059612.0,0.0,0.0,0.0,1000.0
2021-05-13T00:00:00,TSC,14.3,13.1,13.3,13.83190775086587,14.3,13.4,8459700.0,8459700.0,0.0,117013790000.0,0.0,33700.0,467880000.0,73500.0,1015580000.0,3678.0,27092200.0,1330.0,11289900.0,1.1125827815,69032912.0,0.0,0.0,0.0,1000.0
2021-05-14T00:00:00,TSC,14.8,14.05,14.25,14.387017756810533,14.2,14.3,7991300.0,7991300.0,0.0,114970980000.0,0.0,14000.0,202350000.0,103100.0,1478390000.0,3731.0,17846700.0,1582.0,12748400.0,1.1125827815,69022412.0,0.0,0.0,0.0,1000.0
2021-05-17T00:00:00,TSC,14.2,13.25,13.8,13.25,13.95,14.2,11716400.0,11716400.0,0.0,158352110000.0,0.0,22400.0,306390000.0,147400.0,1993190000.0,3516.0,21136800.0,2307.0,19440900.0,1.1125827815,69093412.0,0.0,0.0,0.0,1000.0
2021-05-18T00:00:00,TSC,14.65,13.7,13.95,13.7,14.25,13.95,6593800.0,6593800.0,0.0,93554280000.0,0.0,553200.0,7919100000.0,9500.0,137750000.0,2755.0,21141600.0,1520.0,11739100.0,1.1125827815,68613712.0,0.0,0.0,0.0,1000.0
2021-05-19T00:00:00,TSC,14.3,13.85,14.3,14.10673884938591,14.3,14.25,4950400.0,4950400.0,0.0,69834000000.0,0.0,6300.0,88690000.0,194300.0,2721550000.0,1828.0,12449700.0,1114.0,9372100.0,1.1125827815,68710512.0,0.0,0.0,0.0,1000.0
2021-05-20T00:00:00,TSC,15.3,14.0,14.15,14.501204090417302,15.1,14.3,8595700.0,8595700.0,0.0,124648000000.0,0.0,266700.0,3891950000.0,4500.0,63700000.0,2812.0,24735000.0,2126.0,14923300.0,1.1125827815,68591212.0,0.0,0.0,0.0,1000.0
2021-05-21T00:00:00,TSC,15.25,14.7,15.1,14.917566513126433,15.1,15.1,3972900.0,3972900.0,0.0,59266000000.0,0.0,69600.0,1052970000.0,46400.0,697750000.0,2187.0,9198500.0,1164.0,7607500.0,1.1125827815,68531070.0,0.0,0.0,0.0,1000.0
2021-05-24T00:00:00,TSC,15.95,14.95,15.2,15.499300046663555,15.7,15.1,6000400.0,6000400.0,0.0,93002000000.0,0.0,187400.0,2916040000.0,3100.0,47600000.0,2830.0,19592800.0,1900.0,12014900.0,1.1125827815,68537970.0,0.0,0.0,0.0,1000.0
2021-05-25T00:00:00,TSC,16.2,15.4,15.7,15.742903388621057,15.9,15.7,5745700.0,5745700.0,0.0,90454000000.0,0.0,92800.0,1457510000.0,73300.0,1136860000.0,2676.0,17501600.0,1575.0,12003400.0,1.1125827815,68449670.0,0.0,0.0,0.0,1000.0
2021-05-26T00:00:00,TSC,15.75,15.5,15.75,15.581028098453496,15.5,15.9,3672800.0,3672800.0,0.0,57226000000.0,0.0,100.0,1570000.0,152500.0,2377890000.0,2106.0,7449300.0,1185.0,9040300.0,1.1125827815,68495970.0,0.0,0.0,0.0,1000.0
2021-05-27T00:00:00,TSC,16.15,15.45,15.7,15.84224616054617,16.1,15.5,7865000.0,7807100.0,57900.0,124640245000.0,958245000.0,63700.0,1023660000.0,112900.0,1750390000.0,2141.0,19829700.0,1949.0,17651500.0,1.1125827815,68435370.0,0.0,0.0,0.0,1000.0
2021-05-28T00:00:00,TSC,16.6,15.8,16.1,16.23001167571958,16.6,16.1,7879600.0,7879600.0,0.0,127886000000.0,0.0,109400.0,1767000000.0,10000.0,158500000.0,2139.0,21850700.0,1381.0,13356100.0,1.1125827815,68399270.0,0.0,0.0,0.0,1000.0
2021-05-31T00:00:00,TSC,17.5,16.1,16.3,16.648542417294465,17.5,16.6,9159000.0,9159000.0,0.0,152484000000.0,0.0,86100.0,1402880000.0,5700.0,92860000.0,2292.0,20724700.0,1071.0,10761600.0,1.1125827815,68465670.0,0.0,0.0,0.0,1000.0
2021-06-01T00:00:00,TSC,17.6,17.0,17.35,17.165881643860082,17.05,17.5,4479700.0,4479700.0,0.0,76898000000.0,0.0,1400.0,24130000.0,40600.0,693910000.0,2056.0,9860600.0,817.0,7091100.0,1.1125827815,68577170.0,0.0,0.0,0.0,1000.0
2021-06-02T00:00:00,TSC,17.2,16.65,17.0,16.940842903502432,17.2,17.05,5947300.0,5947300.0,0.0,100752275000.0,0.0,800.0,13590000.0,192900.0,3258420000.0,1893.0,12886300.0,1301.0,11079300.0,1.1125827815,68586370.0,-1705000.0,0.0,-1705000.0,1000.0
2021-06-03T00:00:00,TSC,17.2,16.45,16.9,16.784087800325064,16.55,17.2,6214100.0,6214100.0,0.0,104298000000.0,0.0,8300.0,139770000.0,5000.0,83110000.0,2258.0,11428300.0,1242.0,11053300.0,1.1125827815,68583770.0,0.0,0.0,0.0,1000.0
2021-06-04T00:00:00,TSC,16.3,15.4,16.2,15.735733118340487,16.3,16.55,9178600.0,9178600.0,0.0,144432000000.0,0.0,26000.0,402590000.0,217700.0,3412310000.0,3498.0,22326000.0,1845.0,15034300.0,1.1125827815,68598370.0,0.0,0.0,0.0,1000.0
2021-06-07T00:00:00,TSC,16.75,16.15,16.3,16.415736049508247,16.5,16.3,5754100.0,5704100.0,50000.0,94507000000.0,870000000.0,137500.0,2275620000.0,8600.0,141090000.0,1668.0,12225700.0,876.0,9506800.0,1.1125827815,68653770.0,0.0,0.0,0.0,1000.0
2021-06-08T00:00:00,TSC,17.0,15.8,16.5,16.51137905336977,16.1,16.5,5233300.0,5233300.0,0.0,86409000000.0,0.0,61500.0,1012090000.0,9100.0,145700000.0,1306.0,11362700.0,1166.0,9197700.0,1.1125827815,68597270.0,0.0,0.0,0.0,1000.0
2021-06-09T00:00:00,TSC,16.0,15.3,15.6,15.568372001443901,15.5,16.1,6094600.0,6094600.0,0.0,94883000000.0,0.0,10500.0,163880000.0,118200.0,1838540000.0,1767.0,11262800.0,1003.0,10249400.0,1.1125827815,68804470.0,0.0,0.0,0.0,1000.0
2021-06-10T00:00:00,TSC,15.5,14.45,15.45,14.679991924086412,14.45,15.5,8420100.0,8420100.0,0.0,123607000000.0,0.0,400.0,5940000.0,131300.0,1999950000.0,2329.0,14572900.0,1668.0,15245100.0,1.1125827815,68812670.0,0.0,0.0,0.0,1000.0
2021-06-11T00:00:00,TSC,14.6,13.45,13.45,13.934896852794287,14.6,14.45,8429700.0,8429700.0,0.0,117467000000.0,0.0,214100.0,3050140000.0,12900.0,177120000.0,2626.0,21386700.0,1615.0,11113400.0,1.1125827815,68607670.0,0.0,0.0,0.0,1000.0
2021-06-14T00:00:00,TSC,14.9,13.65,14.65,14.6,13.8,14.6,5339700.0,5339700.0,0.0,75504000000.0,0.0,16500.0,232270000.0,75300.0,1048320000.0,2335.0,12172900.0,1051.0,9168300.0,1.1125827815,68709370.0,0.0,0.0,0.0,1000.0
2021-06-15T00:00:00,TSC,13.75,12.85,13.75,12.93782722513089,12.85,13.8,6112000.0,6112000.0,0.0,79076000000.0,0.0,52300.0,678360000.0,26400.0,343510000.0,2438.0,8843900.0,1506.0,11289300.0,1.1125827815,68788370.0,0.0,0.0,0.0,1000.0
2021-06-16T00:00:00,TSC,13.7,12.0,12.0,12.469394269405536,13.7,12.85,10651600.0,10651600.0,0.0,132819000000.0,0.0,298800.0,3756380000.0,30000.0,375000000.0,2807.0,39056000.0,1685.0,13104200.0,1.1125827815,68502470.0,0.0,0.0,0.0,1000.0
2021-06-17T00:00:00,TSC,14.3,12.9,13.8,13.855598558654744,13.7,13.7,4495800.0,4495800.0,0.0,62292000000.0,0.0,8000.0,110400000.0,346700.0,4815570000.0,2103.0,15008000.0,1272.0,11260800.0,1.1125827815,68569770.0,0.0,0.0,0.0,1000.0
2021-06-18T00:00:00,TSC,13.55,12.75,12.85,12.809981596142324,12.75,13.7,7009400.0,7009400.0,0.0,89790285000.0,0.0,7200.0,92200000.0,414200.0,5321630000.0,3165.0,9629500.0,1013.0,12028700.0,1.1125827815,68588970.0,0.0,0.0,0.0,1000.0
2021-06-21T00:00:00,TSC,12.5,11.9,12.1,12.071731721432705,11.9,12.75,6220400.0,6220400.0,0.0,75091000000.0,0.0,15100.0,183360000.0,103300.0,1256120000.0,2923.0,15395700.0,1292.0,12632600.0,1.1125827815,68603870.0,0.0,0.0,0.0,1000.0
2021-06-22T00:00:00,TSC,12.35,11.2,11.9,11.765031914323005,11.9,11.9,5593100.0,5593100.0,0.0,65803000000.0,0.0,52700.0,621380000.0,0.0,0.0,3214.0,19512600.0,1931.0,11010600.0,1.1125827815,68897870.0,0.0,0.0,0.0,1000.0
2021-06-23T00:00:00,TSC,12.0,11.5,12.0,11.680982728364276,11.6,11.9,2165400.0,2165400.0,0.0,25294000000.0,0.0,1700.0,19770000.0,72900.0,853840000.0,1933.0,6768800.0,1075.0,4786800.0,1.1125827815,69310370.0,-1160000.0,0.0,-1160000.0,1000.0
2021-06-24T00:00:00,TSC,12.25,11.5,11.7,11.891711810886758,11.9,11.6,3451900.0,3451900.0,0.0,41049000000.0,0.0,178300.0,2142620000.0,49600.0,595110000.0,1977.0,7562800.0,1551.0,6022900.0,1.1125827815,69235370.0,0.0,0.0,0.0,1000.0
2021-06-25T00:00:00,TSC,12.0,11.6,11.75,11.763761586660452,11.6,11.9,1931100.0,1931100.0,0.0,22717000000.0,0.0,500.0,5910000.0,110700.0,1298770000.0,1478.0,3896500.0,918.0,3882400.0,1.1125827815,69234860.0,0.0,0.0,0.0,1000.0
2021-06-28T00:00:00,TSC,11.95,11.6,11.65,11.83115647435343,11.85,11.6,1156100.0,1156100.0,0.0,13678000000.0,0.0,165400.0,1960190000.0,0.0,0.0,1053.0,2777900.0,958.0,2410600.0,1.1125827815,69142360.0,0.0,0.0,0.0,1000.0
2021-06-29T00:00:00,TSC,11.9,11.5,11.75,11.678351783517835,11.5,11.85,1626000.0,1626000.0,0.0,18989000000.0,0.0,32400.0,382580000.0,120500.0,1407440000.0,1367.0,2315600.0,934.0,4154600.0,1.1125827815,69159560.0,0.0,0.0,0.0,1000.0
2021-06-30T00:00:00,TSC,11.5,11.1,11.5,11.297858533419857,11.2,11.5,2311500.0,2311500.0,0.0,26115000000.0,0.0,10400.0,116530000.0,92900.0,1053600000.0,1540.0,4931400.0,1000.0,4803100.0,1.1125827815,69259860.0,-3360000.0,0.0,-3360000.0,1000.0
2021-07-01T00:00:00,TSC,11.95,11.2,11.2,11.736342819757933,11.95,11.2,3057000.0,3057000.0,0.0,35878000000.0,0.0,96600.0,1142990000.0,6100.0,71930000.0,1634.0,7713300.0,1345.0,3981600.0,1.1125827815,69163260.0,0.0,0.0,0.0,1000.0
2021-07-02T00:00:00,TSC,12.5,12.1,12.5,12.199265381083563,12.1,11.95,2178000.0,2178000.0,0.0,26570000000.0,0.0,6200.0,76740000.0,105000.0,1278650000.0,986.0,4494300.0,1673.0,5796400.0,1.1125827815,69277560.0,0.0,0.0,0.0,1000.0
2021-07-05T00:00:00,TSC,11.9,11.4,11.9,11.64477710304571,11.4,12.1,2124300.0,2124300.0,0.0,24737000000.0,0.0,0.0,0.0,135500.0,1577878778.8918767,1254.0,3650400.0,883.0,4476800.0,1.1125827815,69370460.0,0.0,0.0,0.0,1000.0
2021-07-06T00:00:00,TSC,11.5,11.0,11.1,11.228642873914065,11.0,11.4,2129500.0,2129500.0,0.0,23911395000.0,0.0,11200.0,126340000.0,4400.0,48980000.0,1334.0,3699300.0,900.0,3662500.0,1.1125827815,69365360.0,0.0,0.0,0.0,1000.0
2021-07-07T00:00:00,TSC,10.9,10.25,10.3,10.415237031773424,10.35,11.0,2955300.0,2955300.0,0.0,30780150000.0,0.0,140400.0,1463540000.0,0.0,0.0,1712.0,12318300.0,852.0,4724900.0,1.1125827815,69329960.0,0.0,0.0,0.0,1000.0
2021-07-08T00:00:00,TSC,10.8,10.3,10.8,10.427508253193627,10.35,10.35,1393400.0,1393400.0,0.0,14529690000.0,0.0,27800.0,288950000.0,4300.0,45680000.0,770.0,5456100.0,750.0,3072600.0,1.1125827815,69437660.0,0.0,0.0,0.0,1000.0
2021-07-09T00:00:00,TSC,10.6,10.25,10.35,10.40492387431163,10.5,10.35,1852200.0,1852200.0,0.0,19272000000.0,0.0,99200.0,1039260000.0,200.0,2070000.0,673.0,3786800.0,820.0,2953700.0,1.1125827815,69342860.0,0.0,0.0,0.0,1000.0
2021-07-12T00:00:00,TSC,10.5,9.77,10.5,9.91426980886992,9.77,10.5,2694500.0,2694500.0,0.0,26714000000.0,0.0,6600.0,66580000.0,49600.0,487080000.0,659.0,3884700.0,1049.0,4615200.0,1.1125827815,69336260.0,0.0,0.0,0.0,1000.0
2021-07-13T00:00:00,TSC,10.1,9.69,9.9,9.859766018439606,10.0,9.77,1290700.0,1290700.0,0.0,12726000000.0,0.0,132200.0,1298460000.0,3000.0,29610000.0,780.0,3372700.0,645.0,2028600.0,1.1125827815,69208360.0,-1996000.0,0.0,-1996000.0,1000.0
2021-07-14T00:00:00,TSC,10.3,9.7,10.3,9.929269114179858,9.8,10.0,593800.0,593800.0,0.0,5896000000.0,0.0,25600.0,250410000.0,46100.0,457640000.0,586.0,1438800.0,502.0,1818300.0,1.1125827815,69182960.0,0.0,0.0,0.0,1000.0
2021-07-15T00:00:00,TSC,10.15,9.74,9.8,9.893834218048184,9.82,9.8,734700.0,734700.0,0.0,7269000000.0,0.0,43900.0,434870000.0,5400.0,52960000.0,553.0,1880500.0,486.0,1812500.0,1.1125827815,69188660.0,0.0,0.0,0.0,1000.0
2021-07-16T00:00:00,TSC,10.0,9.7,10.0,9.788581350219589,9.7,9.82,979100.0,979100.0,0.0,9584000000.0,0.0,0.0,0.0,53600.0,524870000.0,508.0,1286000.0,508.0,2059100.0,1.1125827815,69191660.0,0.0,0.0,0.0,1000.0
2021-07-19T00:00:00,TSC,9.22,9.03,9.05,9.036344360779623,9.03,9.7,3678700.0,3678700.0,0.0,33242000000.0,0.0,1000.0,9050000.0,33100.0,299730000.0,787.0,5181800.0,648.0,4900300.0,1.1125827815,69236750.0,0.0,0.0,0.0,1000.0
2021-07-20T00:00:00,TSC,9.0,8.45,8.6,8.679948914431673,9.0,9.03,1957500.0,1957500.0,0.0,16991000000.0,0.0,0.0,0.0,0.0,0.0,785.0,4780200.0,620.0,3117600.0,1.1125827815,0.0,0.0,0.0,0.0,1000.0
2021-07-21T00:00:00,TSC,9.15,8.95,9.15,9.003479346953341,9.06,9.0,1120900.0,1120900.0,0.0,10092000000.0,0.0,0.0,0.0,0.0,0.0,508.0,2446400.0,523.0,2030300.0,1.1125827815,0.0,0.0,0.0,0.0,1000.0
2021-07-22T00:00:00,TSC,9.69,9.06,9.13,9.54186006532577,9.68,9.06,2326800.0,2326800.0,0.0,22202000000.0,0.0,0.0,0.0,1000.0,9213291.678500427,1003.0,5341000.0,955.0,3586800.0,1.1125827815,0.0,0.0,0.0,0.0,1000.0
2021-07-23T00:00:00,TSC,9.75,9.4,9.74,9.557157569515963,9.5,9.68,873900.0,873900.0,0.0,8352000000.0,0.0,0.0,0.0,0.0,0.0,612.0,1775700.0,456.0,2174700.0,1.1125827815,0.0,0.0,0.0,0.0,1000.0
2021-07-26T00:00:00,TSC,9.47,9.0,9.47,9.168776835847188,9.25,9.5,908300.0,908300.0,0.0,8328000000.0,0.0,0.0,0.0,0.0,0.0,596.0,1838400.0,354.0,1845800.0,1.1125827815,0.0,0.0,0.0,0.0,1000.0
2021-07-27T00:00:00,TSC,9.49,9.22,9.48,9.3124876049448,9.4,9.25,1512700.0,1512700.0,0.0,14087000000.0,0.0,0.0,0.0,400.0,3710511.8326912494,621.0,3308400.0,543.0,2818500.0,1.1125827815,0.0,-1862000.0,0.0,-1862000.0,1000.0
2021-07-28T00:00:00,TSC,9.5,9.25,9.45,9.378041658555578,9.4,9.4,1027400.0,1027400.0,0.0,9635000000.0,0.0,0.0,0.0,0.0,0.0,428.0,1847200.0,462.0,2333500.0,1.1125827815,0.0,0.0,0.0,0.0,1000.0
2021-07-29T00:00:00,TSC,9.5,9.37,9.4,9.402372262773723,9.44,9.4,657600.0,657600.0,0.0,6183000000.0,0.0,0.0,0.0,20000.0,187954353.33896872,410.0,1519200.0,472.0,1521000.0,1.1125827815,0.0,0.0,0.0,0.0,1000.0
2021-07-30T00:00:00,TSC,9.6,9.44,9.44,9.499733901011176,9.56,9.44,1315300.0,1315300.0,0.0,12495000000.0,0.0,0.0,0.0,16000.0,151583697.644902,510.0,2526500.0,529.0,2382900.0,1.1125827815,0.0,0.0,0.0,0.0,1000.0
2021-08-02T00:00:00,TSC,10.2,9.8,10.2,10.116101435991444,10.2,9.56,6873300.0,6873300.0,0.0,69531000000.0,0.0,0.0,0.0,29400.0,297405090.80300486,2478.0,18091300.0,738.0,7403600.0,1.1125827815,0.0,0.0,0.0,0.0,1000.0
2021-08-03T00:00:00,TSC,10.9,10.7,10.9,10.892498165225437,10.9,10.2,3133900.0,3133900.0,0.0,34136000000.0,0.0,0.0,0.0,10600.0,115453067.89928952,1984.0,10012200.0,389.0,3668400.0,1.1125827815,0.0,0.0,0.0,0.0,1000.0
2021-08-04T00:00:00,TSC,11.65,11.0,11.65,11.580694684321626,11.65,10.9,5211000.0,5211000.0,0.0,60347000000.0,0.0,0.0,0.0,122300.0,1415812823.780939,2824.0,8823100.0,1395.0,6678600.0,1.1125827815,0.0,0.0,0.0,0.0,1000.0
2021-08-05T00:00:00,TSC,11.6,11.0,11.2,11.235925839249031,11.25,11.65,3845700.0,3845700.0,0.0,43210000000.0,0.0,0.0,0.0,91300.0,1025783049.3273543,2343.0,6418600.0,1466.0,7394400.0,1.1125827815,0.0,0.0,0.0,0.0,1000.0
2021-08-06T00:00:00,TSC,11.8,10.9,11.1,11.290672046023385,11.2,11.25,2676900.0,2676900.0,0.0,30224000000.0,0.0,0.0,0.0,106500.0,1203208822.581295,1652.0,5818300.0,1663.0,6050200.0,1.1125827815,0.0,0.0,0.0,0.0,1000.0
2021-08-09T00:00:00,TSC,11.45,10.9,10.9,11.095566191553146,11.15,11.2,1901300.0,1901300.0,0.0,21096000000.0,0.0,0.0,0.0,500.0,5551802.075284247,1307.0,4298900.0,959.0,4136300.0,1.1125827815,0.0,0.0,0.0,0.0,1000.0
2021-08-10T00:00:00,TSC,11.3,10.95,11.15,11.077648417203887,11.1,11.15,2078600.0,2078600.0,0.0,23026000000.0,0.0,0.0,0.0,66400.0,735504502.1510392,1293.0,4036900.0,1095.0,4479900.0,1.1125827815,0.0,-1120000.0,0.0,-1120000.0,1000.0
2021-08-11T00:00:00,TSC,11.15,10.95,11.05,11.036768768031429,10.95,11.1,1629100.0,1629100.0,0.0,17980000000.0,0.0,0.0,0.0,0.0,0.0,1179.0,2969400.0,1032.0,3174500.0,1.1125827815,0.0,0.0,0.0,0.0,1000.0
2021-08-12T00:00:00,TSC,11.15,10.6,11.0,10.824530279816145,10.6,10.95,2480200.0,2480200.0,0.0,26847000000.0,0.0,0.0,0.0,59700.0,647986456.2971237,1439.0,3611200.0,1047.0,4969300.0,1.1125827815,0.0,0.0,0.0,0.0,1000.0
2021-08-13T00:00:00,TSC,10.65,10.15,10.4,10.422342257710977,10.5,10.6,2554800.0,2554800.0,0.0,26627000000.0,0.0,0.0,0.0,63800.0,664663301.6882017,1606.0,4202400.0,1011.0,4351100.0,1.1125827815,0.0,0.0,0.0,0.0,1000.0
2021-08-16T00:00:00,TSC,11.2,10.55,10.7,11.153619827194179,11.2,10.5,1099500.0,1099500.0,0.0,12263405000.0,0.0,0.0,0.0,1100.0,12268981.809913598,1052.0,5554900.0,424.0,1172000.0,1.1125827815,0.0,0.0,0.0,0.0,1000.0
2021-08-17T00:00:00,TSC,11.95,11.3,11.95,11.776170875514516,11.5,11.2,4494500.0,4494500.0,0.0,52928000000.0,0.0,0.0,0.0,121700.0,1433163380.2425265,1992.0,6346300.0,2381.0,9830600.0,1.1125827815,0.0,0.0,0.0,0.0,1000.0
2021-08-18T00:00:00,TSC,11.7,11.15,11.5,11.436172987069487,11.5,11.5,1840600.0,1840600.0,0.0,21049420000.0001,0.0,0.0,0.0,47500.0,543218216.8858007,1114.0,4267600.0,1344.0,5209900.0,1.1125827815,0.0,0.0,0.0,0.0,1000.0
2021-08-19T00:00:00,TSC,12.3,11.3,11.35,11.921886693230315,12.3,11.5,4944100.0,4944100.0,0.0,58943000000.0,0.0,0.0,0.0,21100.0,251550806.31459594,2707.0,7915600.0,2313.0,9160800.0,1.1125827815,0.0,0.0,0.0,0.0,1000.0
2021-08-20T00:00:00,TSC,13.1,12.0,12.7,12.679456528077438,12.3,12.3,8574500.0,8574500.0,0.0,108720000000.0,0.0,0.0,0.0,163700.0,2075628274.5932708,4427.0,13708400.0,4052.0,18261900.0,1.1125827815,0.0,0.0,0.0,0.0,1000.0
2021-08-23T00:00:00,TSC,12.95,12.05,12.05,12.670108653772058,12.8,12.3,3893100.0,3893100.0,0.0,49326000000.0,0.0,0.0,0.0,5200.0,65884037.399501815,1953.0,8528700.0,2426.0,7939700.0,1.1125827815,0.0,0.0,0.0,0.0,1000.0
2021-08-24T00:00:00,TSC,13.0,11.95,13.0,12.50503524672709,11.95,12.8,3972000.0,3972000.0,0.0,49670000000.0,0.0,0.0,0.0,151300.0,1891994882.0493493,2008.0,5880700.0,2423.0,8405800.0,1.1125827815,0.0,0.0,0.0,0.0,1000.0
2021-08-25T00:00:00,TSC,11.95,11.15,11.45,11.296731003303774,11.3,11.95,4600800.0,4600800.0,0.0,51974000000.0,0.0,0.0,0.0,177100.0,1999872824.062305,2408.0,6995500.0,1824.0,8772600.0,1.1125827815,0.0,0.0,0.0,0.0,1000.0
2021-08-26T00:00:00,TSC,11.85,11.2,11.3,11.476099798457154,11.35,11.3,1438900.0,1438900.0,0.0,16512960000.0,0.0,0.0,0.0,40600.0,465929651.81736046,1621.0,3579400.0,976.0,3135900.0,1.1125827815,0.0,0.0,0.0,0.0,1000.0
2021-08-27T00:00:00,TSC,11.45,10.8,11.35,11.189591078066915,11.3,11.35,1936800.0,1936800.0,0.0,21672000000.0,0.0,0.0,0.0,11200.0,125320702.18917802,1797.0,4031200.0,868.0,3240200.0,1.1125827815,0.0,0.0,0.0,0.0,1000.0
2021-08-30T00:00:00,TSC,12.05,11.4,11.65,11.795269044740024,12.05,11.3,2669200.0,2646400.0,22800.0,31472640000.0,257640000.0,22800.0,268931617.29141474,22800.0,268931617.29141474,1736.0,5408800.0,1143.0,3872900.0,1.1125827815,0.0,0.0,0.0,0.0,1000.0
2021-08-31T00:00:00,TSC,12.4,11.6,12.4,11.987696514012303,11.75,12.05,2194500.0,2194500.0,0.0,26307000000.0,0.0,0.0,0.0,101900.0,1221553879.6481955,1912.0,4054800.0,1679.0,6152800.0,1.1125827815,0.0,0.0,0.0,0.0,1000.0
2021-09-01T00:00:00,TSC,11.95,11.6,11.6,11.73170559593536,11.7,11.75,1417100.0,1417100.0,0.0,16625000000.0,0.0,0.0,0.0,26900.0,315581172.11205983,1492.0,3825600.0,1136.0,3542200.0,1.1125827815,0.0,0.0,0.0,0.0,1000.0
2021-09-06T00:00:00,TSC,12.3,11.7,11.7,12.018903076293908,12.0,11.7,2200700.0,2200700.0,0.0,26450000000.0,0.0,0.0,0.0,0.0,0.0,1441.0,4740100.0,1678.0,5225700.0,1.1125827815,0.0,0.0,0.0,0.0,1000.0
2021-09-07T00:00:00,TSC,12.2,11.5,12.2,11.764301114730033,11.55,12.0,2179900.0,2179900.0,0.0,25645000000.0,0.0,0.0,0.0,123600.0,1454062514.7942567,1404.0,3795100.0,1398.0,4673900.0,1.1125827815,0.0,0.0,0.0,0.0,1000.0
2021-09-08T00:00:00,TSC,11.8,11.2,11.45,11.504482744504031,11.2,11.55,2442700.0,2442700.0,0.0,28102000000.0,0.0,0.0,0.0,59000.0,678758529.5205226,1699.0,5227300.0,1155.0,4638300.0,1.1125827815,0.0,0.0,0.0,0.0,1000.0
2021-09-09T00:00:00,TSC,11.5,11.05,11.2,11.240243832963026,11.35,11.2,1755300.0,1755300.0,0.0,19730000000.0,0.0,0.0,0.0,0.0,0.0,2024.0,4035900.0,842.0,3002000.0,1.1125827815,0.0,0.0,0.0,0.0,1000.0
2021-09-10T00:00:00,TSC,11.6,11.35,11.6,11.422486467299672,11.35,11.35,1126900.0,1126900.0,0.0,12872000000.0,0.0,0.0,0.0,4200.0,47975728.99103736,1854.0,2857900.0,720.0,2742600.0,1.1125827815,0.0,-1140000.0,0.0,-1140000.0,1000.0
2021-09-13T00:00:00,TSC,11.7,10.9,11.45,11.233811333088205,10.95,11.35,2447700.0,2447700.0,0.0,27497000000.0,0.0,0.0,0.0,116700.0,1310997940.3113174,2511.0,3748100.0,1126.0,4641000.0,1.1125827815,0.0,0.0,0.0,0.0,1000.0
2021-09-14T00:00:00,TSC,11.0,10.2,10.8,10.426726308617472,10.2,10.95,6751400.0,6751400.0,0.0,70395000000.0,0.0,0.0,0.0,103000.0,1073957768.018485,4783.0,10636700.0,1595.0,10843900.0,1.1125827815,0.0,0.0,0.0,0.0,1000.0
2021-09-15T00:00:00,TSC,10.9,9.7,10.2,10.070784591312124,10.9,10.2,2684200.0,2684200.0,0.0,27032000000.0,0.0,0.0,0.0,40200.0,404839954.32531106,3301.0,6687100.0,1204.0,4467800.0,1.1125827815,0.0,0.0,0.0,0.0,1000.0
2021-09-16T00:00:00,TSC,11.25,10.7,11.0,10.900246655518394,10.9,10.9,1196000.0,1196000.0,0.0,13036695000.0,0.0,0.0,0.0,62800.0,684535489.9665552,1226.0,2545900.0,1024.0,3060200.0,1.1125827815,0.0,0.0,0.0,0.0,1000.0
2021-09-17T00:00:00,TSC,10.8,10.5,10.7,10.651374984159169,10.6,10.9,1578200.0,1578200.0,0.0,16810000000.0,0.0,0.0,0.0,900.0,9586457.039665442,1562.0,3327000.0,1222.0,3474600.0,1.1125827815,0.0,0.0,0.0,0.0,1000.0
2021-09-20T00:00:00,TSC,10.65,10.3,10.6,10.4426570998727,10.3,10.6,1728200.0,1728200.0,0.0,18047000000.0,0.0,0.0,0.0,2300.0,24017811.885198474,1587.0,3630100.0,1124.0,3382300.0,1.1125827815,0.0,0.0,0.0,0.0,1000.0
2021-09-21T00:00:00,TSC,10.3,9.99,10.0,10.126600430696946,10.3,10.3,2043200.0,2043200.0,0.0,20690670000.0,0.0,0.0,0.0,31500.0,318987913.5669538,1890.0,4754300.0,923.0,3242000.0,1.1125827815,0.0,0.0,0.0,0.0,1000.0
2021-09-22T00:00:00,TSC,11.0,10.35,10.4,10.74858027878162,10.95,10.3,2518100.0,2518100.0,0.0,27066000000.0,0.0,0.0,0.0,0.0,0.0,1447.0,5766700.0,1613.0,4393800.0,1.1125827815,0.0,0.0,0.0,0.0,1000.0
2021-09-23T00:00:00,TSC,11.1,10.45,11.0,10.759982591665759,10.45,10.95,1838200.0,1838200.0,0.0,19779000000.0,0.0,0.0,0.0,120800.0,1299783224.893918,1409.0,3311600.0,1673.0,4996400.0,1.1125827815,0.0,0.0,0.0,0.0,1000.0
2021-09-24T00:00:00,TSC,10.45,10.3,10.4,10.341961269984239,10.3,10.45,888200.0,888200.0,0.0,9185730000.0,0.0,0.0,0.0,23300.0,240967697.59063274,1157.0,3194500.0,613.0,1982900.0,1.1125827815,0.0,0.0,0.0,0.0,1000.0
2021-09-27T00:00:00,TSC,10.3,9.81,10.3,10.01686632357393,9.84,10.3,2312300.0,2312300.0,0.0,23162000000.0,0.0,0.0,0.0,94400.0,945579280.1972144,2159.0,6057100.0,842.0,4420000.0,1.1125827815,0.0,0.0,0.0,0.0,1000.0
2021-09-28T00:00:00,TSC,10.0,9.33,9.8,9.626632820350098,9.85,9.84,1890900.0,1890900.0,0.0,18203000000.0,0.0,0.0,0.0,9100.0,87600688.7196573,1839.0,3881500.0,755.0,3209000.0,1.1125827815,0.0,0.0,0.0,0.0,1000.0
2021-09-29T00:00:00,TSC,9.95,9.61,9.76,9.818771977278875,9.86,9.85,739400.0,739400.0,0.0,7260000000.0,0.0,0.0,0.0,36400.0,357404038.4095212,1010.0,1988500.0,540.0,1382600.0,1.1125827815,0.0,0.0,0.0,0.0,1000.0
2021-09-30T00:00:00,TSC,10.0,9.78,10.0,9.908875523965737,9.93,9.86,548700.0,548700.0,0.0,5437000000.0,0.0,0.0,0.0,2800.0,27742432.65901221,669.0,1189900.0,491.0,1482100.0,1.1125827815,0.0,,,,1000.0
2021-10-01T00:00:00,TSC,9.92,9.76,9.92,9.819321137630414,9.76,9.93,784700.0,699700.0,85000.0,7655979000.0,785400000.0,85000.0,834642296.6985852,101200.0,993715299.1281978,782.0,1705600.0,429.0,1275300.0,1.1125827815,0.0,0.0,0.0,0.0,1000.0
2021-10-04T00:00:00,TSC,9.89,9.61,9.78,9.721677292790584,9.69,9.76,815600.0,815600.0,0.0,7929000000.0,0.0,0.0,0.0,12000.0,116656743.50171624,984.0,1885200.0,641.0,1771000.0,1.1125827815,0.0,0.0,0.0,0.0,1000.0
2021-10-05T00:00:00,TSC,10.35,9.83,9.83,10.300004285775511,10.35,9.69,2333300.0,2333300.0,0.0,24033000000.0,0.0,0.0,0.0,0.0,0.0,1338.0,3919700.0,940.0,2554600.0,1.1125827815,0.0,0.0,0.0,0.0,1000.0
2021-10-06T00:00:00,TSC,10.6,10.25,10.5,10.391784324624792,10.35,10.35,899500.0,899500.0,0.0,9347410000.0,0.0,0.0,0.0,26500.0,275382284.602557,903.0,1490100.0,1258.0,3006600.0,1.1125827815,0.0,0.0,0.0,0.0,1000.0
2021-10-07T00:00:00,TSC,10.4,10.2,10.4,10.25107324053597,10.25,10.35,768700.0,768700.0,0.0,7880000000.0,0.0,0.0,0.0,15200.0,155825211.39586315,812.0,1390900.0,845.0,2196500.0,1.1125827815,0.0,0.0,0.0,0.0,1000.0
2021-10-08T00:00:00,TSC,10.55,10.15,10.2,10.3207156133829,10.25,10.25,1076000.0,1076000.0,0.0,11105090000.0,0.0,0.0,0.0,18900.0,195061525.0929368,1190.0,2122600.0,1144.0,2890500.0,1.1125827815,0.0,0.0,0.0,0.0,1000.0
2021-10-11T00:00:00,TSC,10.3,10.15,10.2,10.219648219648219,10.2,10.25,1165500.0,1165500.0,0.0,11911000000.0,0.0,0.0,0.0,0.0,0.0,889.0,2315000.0,733.0,2105700.0,1.1125827815,0.0,0.0,0.0,0.0,1000.0
2021-10-12T00:00:00,TSC,10.7,10.15,10.15,10.472895040369089,10.6,10.2,2340900.0,2340900.0,0.0,24516000000.0,0.0,0.0,0.0,14000.0,146618646.674356,1019.0,6756500.0,1599.0,4110600.0,1.1125827815,0.0,0.0,0.0,0.0,1000.0
2021-10-13T00:00:00,TSC,11.0,10.5,10.6,10.70001458363716,10.5,10.6,1371400.0,1371400.0,0.0,14674000000.0,0.0,0.0,0.0,22700.0,242884868.74726558,1199.0,2940400.0,1838.0,4639500.0,1.1125827815,0.0,0.0,0.0,0.0,1000.0
2021-10-14T00:00:00,TSC,10.65,10.4,10.5,10.563664596273293,10.5,10.5,1288000.0,1288000.0,0.0,13606000000.0,0.0,0.0,0.0,900.0,9507465.838509317,838.0,2198600.0,1100.0,3209400.0,1.1125827815,0.0,0.0,0.0,0.0,1000.0
2021-10-15T00:00:00,TSC,10.65,10.35,10.55,10.544692056370996,10.5,10.5,2050700.0,2050700.0,0.0,21624000000.0,0.0,0.0,0.0,0.0,0.0,1152.0,3253300.0,1231.0,4215700.0,1.1125827815,0.0,0.0,0.0,0.0,1000.0
2021-10-18T00:00:00,TSC,10.95,10.5,10.6,10.80641311266709,10.85,10.5,2513600.0,2513600.0,0.0,27163000000.0,0.0,0.0,0.0,0.0,0.0,1122.0,4489200.0,2223.0,5452900.0,1.1125827815,0.0,,,,1000.0
2021-10-19T00:00:00,TSC,11.35,10.9,10.95,11.165557360725328,11.2,10.85,3816200.0,3816200.0,0.0,42610000000.0,0.0,0.0,0.0,200.0,2233097.8460248415,1915.0,6706600.0,2496.0,7443200.0,1.1125827815,0.0,0.0,0.0,0.0,1000.0
2021-10-20T00:00:00,TSC,11.35,10.5,11.3,11.051205016001568,10.95,11.2,3062200.0,3062200.0,0.0,33841000000.0,0.0,0.0,0.0,0.0,0.0,1812.0,6034800.0,1955.0,5958800.0,1.1125827815,0.0,0.0,0.0,0.0,1000.0
2021-10-21T00:00:00,TSC,11.1,10.9,10.95,10.957841483979765,11.0,10.95,1482500.0,1482500.0,0.0,16245000000.0,0.0,0.0,0.0,3000.0,32874020.23608769,1209.0,3929400.0,1237.0,3561500.0,1.1125827815,0.0,0.0,0.0,0.0,1000.0
2021-10-22T00:00:00,TSC,11.05,10.9,11.0,10.992386875402103,11.05,11.0,1865200.0,1865200.0,0.0,20503000000.0,0.0,0.0,0.0,0.0,0.0,998.0,4277300.0,1247.0,3537100.0,1.1125827815,0.0,0.0,0.0,0.0,1000.0
2021-10-25T00:00:00,TSC,11.4,11.0,11.05,11.145186999836682,11.1,11.05,3061500.0,3061500.0,0.0,34120990000.0,0.0,0.0,0.0,1700.0,18946817.89972236,1655.0,5719600.0,1726.0,5937800.0,1.1125827815,0.0,0.0,0.0,0.0,1000.0
2021-10-26T00:00:00,TSC,11.15,10.9,11.1,11.03222141898172,11.15,11.1,1936600.0,1936600.0,0.0,21365000000.0,0.0,0.0,0.0,9900.0,109216490.08162001,1049.0,3656800.0,1127.0,3767300.0,1.1125827815,0.0,0.0,0.0,0.0,1000.0
2021-10-27T00:00:00,TSC,11.9,11.2,11.2,11.710898488830486,11.9,11.15,6696800.0,6696800.0,0.0,78425545000.0,0.0,0.0,0.0,0.0,0.0,3002.0,15889700.0,2895.0,9203500.0,1.1125827815,0.0,0.0,0.0,0.0,1000.0
2021-10-28T00:00:00,TSC,12.45,11.85,11.9,12.06641692821707,11.9,11.9,2963100.0,2963100.0,0.0,35754000000.0,0.0,0.0,0.0,81000.0,977374850.6631569,1818.0,5243200.0,2735.0,8669900.0,1.1125827815,0.0,0.0,0.0,0.0,1000.0
2021-10-29T00:00:00,TSC,12.7,11.5,11.9,12.166676060042459,12.7,11.9,10645800.0,10645800.0,0.0,129524000000.0,0.0,0.0,0.0,37100.0,451382740.8931222,3065.0,22622400.0,3308.0,17459800.0,1.1125827815,0.0,0.0,0.0,0.0,1000.0
2021-11-01T00:00:00,TSC,13.55,12.65,13.0,13.124212056410471,13.4,12.7,7154700.0,7154700.0,0.0,93899800000.0,0.0,0.0,0.0,6300.0,82682535.95538597,3247.0,13319900.0,2894.0,14305000.0,1.1125827815,0.0,0.0,0.0,0.0,1000.0
2021-11-02T00:00:00,TSC,14.05,13.2,13.4,13.723343055821886,13.6,13.4,9908300.0,9908300.0,0.0,135975000000.0,0.0,0.0,0.0,1000.0,13723335.486410383,2820.0,21560300.0,2372.0,17494900.0,1.1125827815,0.0,0.0,0.0,0.0,1000.0
2021-11-03T00:00:00,TSC,14.0,13.0,13.4,13.465636041206968,13.0,13.6,14774200.0,14774200.0,0.0,198944000000.0,0.0,0.0,0.0,0.0,0.0,3175.0,23096400.0,3402.0,21203100.0,1.1125827815,0.0,-1325000.0,0.0,-1325000.0,1000.0
2021-11-04T00:00:00,TSC,13.3,12.7,13.0,13.042786640403472,13.2,13.0,4619900.0,4619900.0,0.0,60256370000.0,0.0,0.0,0.0,0.0,0.0,1686.0,11595000.0,1896.0,9420800.0,1.1125827815,0.0,0.0,0.0,0.0,1000.0
2021-11-05T00:00:00,TSC,13.7,13.25,13.3,13.490839833121711,13.5,13.2,5513000.0,5513000.0,0.0,74375000000.0,0.0,0.0,0.0,0.0,0.0,1797.0,11821500.0,2252.0,10728800.0,1.1125827815,0.0,0.0,0.0,0.0,1000.0
2021-11-08T00:00:00,TSC,13.75,13.4,13.6,13.546602578107931,13.55,13.5,4577000.0,4577000.0,0.0,62002800000.0,0.0,0.0,0.0,0.0,0.0,2196.0,10011100.0,1967.0,8459700.0,1.1125827815,0.0,0.0,0.0,0.0,1000.0
2021-11-09T00:00:00,TSC,14.45,13.5,13.6,14.234864563565345,14.45,13.55,11750900.0,11750900.0,0.0,167272470000.0,0.0,0.0,0.0,3000.0,42704593.69069603,3750.0,31939700.0,2591.0,15035800.0,1.1125827815,0.0,0.0,0.0,0.0,1000.0
2021-11-10T00:00:00,TSC,14.9,14.5,14.65,14.674997210054961,14.65,14.45,7368600.0,7168600.0,200000.0,107889185000.0,2690000000.0,0.0,0.0,0.0,0.0,2831.0,13793700.0,1849.0,12385300.0,1.1125827815,0.0,0.0,0.0,0.0,1000.0
2021-11-11T00:00:00,TSC,14.8,14.05,14.7,14.395424836601308,14.65,14.65,5385600.0,5385600.0,0.0,77528000000.0,0.0,0.0,0.0,0.0,0.0,3019.0,15112200.0,2132.0,9464400.0,1.1125827815,0.0,0.0,0.0,0.0,1000.0
2021-11-12T00:00:00,TSC,15.65,14.25,14.65,14.920096204992754,15.65,14.65,10903800.0,10903800.0,0.0,162685745000.0,0.0,0.0,0.0,5000.0,74600481.02496378,3189.0,21258200.0,2652.0,14766200.0,1.1125827815,0.0,0.0,0.0,0.0,1000.0
2021-11-15T00:00:00,TSC,15.95,15.0,15.8,15.57256867112101,15.4,15.65,5388000.0,5388000.0,0.0,83905000000.0,0.0,0.0,0.0,0.0,0.0,1826.0,11434771.0,1582.0,8782553.0,1.1125827815,0.0,0.0,0.0,0.0,1000.0
2021-11-16T00:00:00,TSC,15.4,14.85,15.05,15.108036538357132,15.1,15.4,3683800.0,3683800.0,0.0,55654985000.0,0.0,0.0,0.0,10000.0,151080365.38357133,1458.0,6909200.0,2246.0,9122900.0,1.1125827815,0.0,0.0,0.0,0.0,1000.0
2021-11-17T00:00:00,TSC,15.5,15.0,15.1,15.264868080821948,15.2,15.1,4370100.0,4370100.0,0.0,66709000000.0,0.0,0.0,0.0,0.0,0.0,1350.0,8177800.0,2249.0,8497500.0,1.1125827815,0.0,0.0,0.0,0.0,1000.0
2021-11-18T00:00:00,TSC,16.25,15.2,15.3,15.953460640184515,16.25,15.2,10318900.0,10318900.0,0.0,164622165000.0,0.0,0.0,0.0,23100.0,368524940.7882623,2288.0,17128800.0,3057.0,14214900.0,1.1125827815,0.0,0.0,0.0,0.0,1000.0
2021-11-19T00:00:00,TSC,16.75,15.15,16.3,16.264989977845765,16.45,16.25,9479000.0,9479000.0,0.0,154175840000.0,0.0,0.0,0.0,0.0,0.0,2788.0,15396500.0,2630.0,16894700.0,1.1125827815,0.0,0.0,0.0,0.0,1000.0
2021-11-22T00:00:00,TSC,16.4,15.3,16.2,15.565205418806446,15.3,16.45,5647000.0,5647000.0,0.0,87896715000.0,0.0,0.0,0.0,0.0,0.0,1901.0,7340900.0,2275.0,13894900.0,1.1125827815,0.0,0.0,0.0,0.0,1000.0
2021-11-23T00:00:00,TSC,15.75,14.3,14.3,15.005432780847146,15.6,15.3,6950400.0,6950400.0,0.0,104293760000.0,0.0,0.0,0.0,0.0,0.0,2579.0,14647500.0,2154.0,11365300.0,1.1125827815,0.0,0.0,0.0,0.0,1000.0
2021-11-24T00:00:00,TSC,16.2,15.55,15.75,15.871700276690678,15.8,15.6,8023400.0,8023400.0,0.0,127345000000.0,0.0,0.0,0.0,1000.0,15871760.10170252,3425.0,11232600.0,1963.0,15840300.0,1.1125827815,0.0,0.0,0.0,0.0,1000.0
2021-11-25T00:00:00,TSC,16.9,15.75,15.9,16.512290679438102,16.9,15.8,11859800.0,11859800.0,0.0,195832465000.0,0.0,0.0,0.0,3000.0,49536872.038314305,3914.0,30928800.0,2483.0,17956200.0,1.1125827815,0.0,0.0,0.0,0.0,1000.0
2021-11-26T00:00:00,TSC,17.55,16.6,17.3,17.250460489260323,17.25,16.9,6719100.0,6569100.0,150000.0,115720000000.0,2400000000.0,0.0,0.0,1100.0,18975443.040871434,3361.0,11086600.0,2470.0,13782900.0,1.1125827815,0.0,0.0,0.0,0.0,1000.0
2021-11-29T00:00:00,TSC,18.15,16.65,16.95,17.283245982557574,18.15,17.25,7212300.0,7212300.0,0.0,124651955000.0,0.0,0.0,0.0,0.0,0.0,3107.0,15351200.0,2203.0,10618400.0,1.1125827815,0.0,0.0,0.0,0.0,1000.0
2021-11-30T00:00:00,TSC,18.5,17.6,18.15,18.141217511909787,18.5,18.15,8291500.0,8291500.0,0.0,150417905000.0,0.0,0.0,0.0,0.0,0.0,3248.0,14716200.0,2639.0,12607000.0,1.1125827815,0.0,0.0,0.0,0.0,1000.0
2021-12-01T00:00:00,TSC,18.8,18.0,18.55,18.376977682074493,18.6,18.5,5479900.0,5479900.0,0.0,100704000000.0,0.0,0.0,0.0,18000.0,330784612.8578989,2141.0,11076300.0,2321.0,9558700.0,1.1125827815,0.0,0.0,0.0,0.0,1000.0
2021-12-02T00:00:00,TSC,19.2,18.15,18.8,18.615029999999997,18.3,18.6,5940500.0,5940500.0,0.0,110582585715.0,0.0,0.0,0.0,0.0,0.0,1659.0,8895500.0,2649.0,10610600.0,1.1125827815,0.0,0.0,0.0,0.0,1000.0
2021-12-03T00:00:00,TSC,18.35,17.05,18.3,17.387078578556864,17.05,18.3,2304700.0,2304700.0,0.0,40072000000.0,0.0,0.0,0.0,0.0,0.0,1240.0,2862300.0,3153.0,17000100.0,1.1125827815,0.0,0.0,0.0,0.0,1000.0
2021-12-06T00:00:00,TSC,15.9,15.9,15.9,15.9,15.9,17.05,4791600.0,4791600.0,0.0,76186000000.0,0.0,0.0,0.0,0.0,0.0,747.0,4791600.0,3409.0,25379500.0,1.1125827815,0.0,0.0,0.0,0.0,1000.0
2021-12-07T00:00:00,TSC,14.8,14.8,14.8,14.8,14.8,15.9,711400.0,711400.0,0.0,10528720000.0,0.0,0.0,0.0,0.0,0.0,281.0,711400.0,2928.0,11739100.0,1.1125827815,0.0,0.0,0.0,0.0,1000.0
2021-12-08T00:00:00,TSC,15.0,13.8,13.8,14.045439103812278,15.0,14.8,12068900.0,12068900.0,0.0,169513000000.0,0.0,0.0,0.0,0.0,0.0,4359.0,20284300.0,4157.0,18393600.0,1.1125827815,0.0,0.0,0.0,0.0,1000.0
2021-12-09T00:00:00,TSC,15.2,14.1,15.15,14.728857890148213,14.75,15.0,3077500.0,2867500.0,210000.0,45469000000.0,3234000000.0,0.0,0.0,0.0,0.0,1592.0,5484500.0,1166.0,5310100.0,1.1125827815,0.0,-1475000.0,0.0,-1475000.0,1000.0
2021-12-10T00:00:00,TSC,14.8,13.75,14.7,13.95489583996942,14.3,14.75,9418200.0,9418200.0,0.0,131430000000.0,0.0,0.0,0.0,0.0,0.0,3267.0,13794300.0,1420.0,12169700.0,1.1125827815,0.0,0.0,0.0,0.0,1000.0
2021-12-13T00:00:00,TSC,14.45,13.45,14.05,13.888279704761446,14.1,14.3,6218700.0,6218700.0,0.0,86367045000.0,0.0,0.0,0.0,0.0,0.0,3202.0,11770300.0,1916.0,9721700.0,1.1125827815,0.0,0.0,0.0,0.0,1000.0
2021-12-14T00:00:00,TSC,14.4,13.7,14.15,14.010596765197992,14.0,14.1,3586000.0,3586000.0,0.0,50242000000.0,0.0,0.0,0.0,0.0,0.0,2191.0,6322200.0,1283.0,6572500.0,1.1125827815,0.0,0.0,0.0,0.0,1000.0
2021-12-15T00:00:00,TSC,14.25,13.6,13.95,13.975023694040251,14.1,14.0,3587400.0,3587400.0,0.0,50134000000.0,0.0,0.0,0.0,0.0,0.0,1590.0,5909900.0,1643.0,6225600.0,1.1125827815,0.0,-5600000.0,0.0,-5600000.0,1000.0
2021-12-16T00:00:00,TSC,14.1,13.75,14.0,13.897018315372348,13.85,14.1,2069300.0,2069300.0,0.0,28757100000.0,0.0,0.0,0.0,0.0,0.0,1736.0,3405000.0,1142.0,4203600.0,1.1125827815,0.0,0.0,0.0,0.0,1000.0
2021-12-17T00:00:00,TSC,14.8,13.9,14.0,14.64933284158116,14.8,13.85,7591900.0,7591900.0,0.0,111216270000.0,0.0,0.0,0.0,0.0,0.0,2690.0,15548700.0,2152.0,8988400.0,1.1125827815,0.0,0.0,0.0,0.0,1000.0
2021-12-20T00:00:00,TSC,15.25,14.3,15.0,14.887416495258204,14.8,14.8,5493700.0,5493700.0,0.0,81787000000.0,0.0,0.0,0.0,0.0,0.0,1858.0,9879500.0,1698.0,11082500.0,1.1125827815,0.0,-1480000.0,0.0,-1480000.0,1000.0
2021-12-21T00:00:00,TSC,15.2,14.55,14.75,14.841381553271757,14.95,14.8,5380900.0,5380900.0,0.0,79859990000.0,0.0,0.0,0.0,0.0,0.0,2055.0,9753200.0,1976.0,9976300.0,1.1125827815,0.0,0.0,0.0,0.0,1000.0
2021-12-22T00:00:00,TSC,15.3,14.0,15.0,14.774589294052722,14.75,14.95,4711400.0,4711400.0,0.0,69609000000.0,0.0,0.0,0.0,0.0,0.0,2059.0,7765900.0,1835.0,9561700.0,1.1125827815,0.0,0.0,0.0,0.0,1000.0
2021-12-23T00:00:00,TSC,14.9,13.9,14.65,14.477914643080013,14.4,14.75,3685700.0,3685700.0,0.0,53361250000.0,0.0,0.0,0.0,0.0,0.0,1835.0,7316700.0,1693.0,7597300.0,1.1125827815,0.0,0.0,0.0,0.0,1000.0
2021-12-24T00:00:00,TSC,14.65,14.05,14.4,14.240306199787783,14.3,14.4,1979100.0,1979100.0,0.0,28182990000.0,0.0,0.0,0.0,0.0,0.0,1281.0,4099700.0,1209.0,4933800.0,1.1125827815,0.0,,,,1000.0
2021-12-27T00:00:00,TSC,14.75,14.1,14.6,14.419384849595444,14.5,14.3,3547100.0,3547100.0,0.0,51147000000.0,0.0,0.0,0.0,0.0,0.0,1030.0,5857500.0,1469.0,6262300.0,1.1125827815,0.0,0.0,0.0,0.0,1000.0
2021-12-28T00:00:00,TSC,15.25,14.3,14.4,14.83886,15.0,14.5,5130700.0,5130700.0,0.0,76133739002.0,0.0,0.0,0.0,0.0,0.0,2100.0,9933700.0,2505.0,10579700.0,1.1125827815,0.0,-1495000.0,0.0,-1495000.0,1000.0
2021-12-29T00:00:00,TSC,16.0,14.8,15.15,15.64384,16.0,15.0,7412500.0,7412500.0,0.0,115959964000.0,0.0,0.0,0.0,0.0,0.0,3742.0,14397000.0,2678.0,13101500.0,1.1125827815,0.0,0.0,0.0,0.0,1000.0
2021-12-30T00:00:00,TSC,16.55,15.7,16.0,16.0948,15.7,16.0,5264300.0,5264300.0,0.0,84727855640.0,0.0,0.0,0.0,0.0,0.0,1959.0,7685700.0,2552.0,10442100.0,1.1125827815,0.0,0.0,0.0,0.0,1000.0
2021-12-31T00:00:00,TSC,16.05,15.15,15.65,15.718759787034138,16.05,15.7,4789500.0,4789500.0,0.0,75285000000.0,0.0,0.0,0.0,0.0,0.0,1829.0,9398900.0,2343.0,9675300.0,1.1125827815,0.0,0.0,0.0,0.0,1000.0
2022-01-04T00:00:00,TSC,16.45,15.6,16.25,16.09248,15.6,16.05,4819200.0,4819200.0,0.0,77552879616.0,0.0,0.0,0.0,0.0,0.0,1836.0,6358000.0,2282.0,10535700.0,1.1125827815,0.0,0.0,0.0,0.0,1000.0
2022-01-05T00:00:00,TSC,16.0,15.3,15.7,15.533917750191211,15.3,15.6,3399400.0,3399400.0,0.0,52806000000.0,0.0,0.0,0.0,0.0,0.0,1555.0,5667100.0,1705.0,7839600.0,1.1125827815,0.0,0.0,0.0,0.0,1000.0
2022-01-06T00:00:00,TSC,16.35,15.2,15.3,16.095779060064775,16.35,15.3,8070700.0,7070700.0,1000000.0,130158425000.0,16350000000.0,0.0,0.0,0.0,0.0,1603.0,13944900.0,2387.0,9558600.0,1.1125827815,0.0,0.0,0.0,0.0,1000.0
2022-01-07T00:00:00,TSC,17.45,16.6,17.45,17.429735011048816,17.45,16.35,5475700.0,5475700.0,0.0,95440000000.0,0.0,0.0,0.0,1000.0,17430000.0,1127.0,14714500.0,1657.0,5870100.0,1.1125827815,0.0,0.0,0.0,0.0,1000.0
2022-01-10T00:00:00,TSC,18.65,17.5,17.9,18.264590000000002,18.65,17.45,5357800.0,5357800.0,0.0,97858020302.0,0.0,0.0,0.0,0.0,0.0,1406.0,8020200.0,2906.0,7614200.0,1.1125827815,0.0,0.0,0.0,0.0,1000.0
2022-01-11T00:00:00,TSC,19.2,17.55,18.0,18.455478676124578,18.65,18.65,5737700.0,5737700.0,0.0,105892000000.0,0.0,0.0,0.0,0.0,0.0,1304.0,8682100.0,3258.0,10654000.0,1.1125827815,0.0,0.0,0.0,0.0,1000.0
2022-01-12T00:00:00,TSC,19.0,17.35,18.65,18.192660839933108,19.0,18.65,6338600.0,6338600.0,0.0,115316000000.0,0.0,0.0,0.0,0.0,0.0,1241.0,12397100.0,2410.0,11200500.0,1.1125827815,0.0,0.0,0.0,0.0,1000.0
2022-01-13T00:00:00,TSC,19.8,18.95,19.3,19.42016716546042,19.8,19.0,8386900.0,8386900.0,0.0,162875000000.0,0.0,0.0,0.0,0.0,0.0,1645.0,14706400.0,2340.0,12689200.0,1.1125827815,0.0,0.0,0.0,0.0,1000.0
2022-01-14T00:00:00,TSC,20.95,19.85,19.9,20.35726,20.85,19.8,7539800.0,7539800.0,0.0,153489668948.0,0.0,0.0,0.0,0.0,0.0,1768.0,12270200.0,1492.0,10692000.0,1.1125827815,0.0,0.0,0.0,0.0,1000.0
2022-01-17T00:00:00,TSC,21.35,19.4,20.95,20.64714,20.85,20.85,7529700.0,7529700.0,0.0,155466770058.0,0.0,0.0,0.0,0.0,0.0,1572.0,12164400.0,2011.0,11905400.0,1.1125827815,0.0,-2085000.0,0.0,-2085000.0,1000.0
2022-01-18T00:00:00,TSC,21.05,19.4,20.8,20.44334,20.4,20.85,5334700.0,5334700.0,0.0,109059085898.0,0.0,0.0,0.0,0.0,0.0,1099.0,8682900.0,1437.0,9096000.0,1.1125827815,0.0,0.0,0.0,0.0,1000.0
2022-01-19T00:00:00,TSC,21.15,20.3,20.6,20.69071,20.75,20.4,4646000.0,4596000.0,50000.0,96044503160.0,950000000.0,0.0,0.0,0.0,0.0,798.0,6871200.0,1218.0,9056000.0,1.1125827815,0.0,0.0,0.0,0.0,1000.0
2022-01-20T00:00:00,TSC,21.4,19.3,20.9,20.148979999999998,20.75,20.75,4034600.0,4034600.0,0.0,81293074708.0,0.0,0.0,0.0,1000.0,19450000.0,1042.0,5382900.0,1148.0,8157300.0,1.1125827815,0.0,0.0,0.0,0.0,1000.0
2022-01-21T00:00:00,TSC,21.5,19.85,20.85,20.80979,20.0,20.75,3307600.0,3307600.0,0.0,68830461404.0,0.0,0.0,0.0,0.0,0.0,1229.0,7050400.0,1036.0,7414100.0,1.1125827815,0.0,0.0,0.0,0.0,1000.0
2022-01-24T00:00:00,TSC,20.1,18.6,20.05,18.855042671151807,18.6,20.0,1605300.0,1605300.0,0.0,30268000000.0,0.0,0.0,0.0,0.0,0.0,444.0,1792200.0,612.0,4636200.0,1.1125827815,0.0,0.0,0.0,0.0,1000.0
2022-01-25T00:00:00,TSC,17.3,17.3,17.3,17.3,17.3,18.6,5842200.0,5842200.0,0.0,101070060000.0,0.0,0.0,0.0,0.0,0.0,598.0,5842200.0,614.0,11295500.0,1.1125827815,0.0,0.0,0.0,0.0,1000.0
2022-01-26T00:00:00,TSC,17.9,16.1,16.1,16.529529999999998,17.0,17.3,3225900.0,3225900.0,0.0,53322610827.0,0.0,0.0,0.0,0.0,0.0,0.0,5842200.0,0.0,11295500.0,1.1125827815,0.0,0.0,0.0,0.0,1000.0
2022-01-27T00:00:00,TSC,17.3,16.65,17.2,16.95523,17.0,17.0,2933900.0,2933900.0,0.0,49744949297.0,0.0,0.0,0.0,0.0,0.0,585.0,3402300.0,504.0,4465100.0,1.1125827815,0.0,0.0,0.0,0.0,1000.0
2022-01-28T00:00:00,TSC,17.2,16.5,17.2,16.740959999999998,16.5,17.0,2025100.0,2025100.0,0.0,33902118096.0,0.0,0.0,0.0,0.0,0.0,478.0,2441200.0,372.0,4285900.0,1.1125827815,0.0,0.0,0.0,0.0,1000.0
2022-02-07T00:00:00,TSC,17.0,16.4,16.7,16.64707,16.8,16.5,2521900.0,2521900.0,0.0,41982245833.0,0.0,0.0,0.0,0.0,0.0,601.0,3226500.0,346.0,3192500.0,1.1125827815,0.0,0.0,0.0,0.0,1000.0
2022-02-08T00:00:00,TSC,17.2,16.7,16.95,16.93487,17.15,16.8,2827000.0,2827000.0,0.0,47874877490.0,0.0,0.0,0.0,0.0,0.0,697.0,3505200.0,373.0,3694100.0,1.1125827815,0.0,0.0,0.0,0.0,1000.0
2022-02-09T00:00:00,TSC,17.7,17.25,17.3,17.479680000000002,17.7,17.15,2879300.0,2879300.0,0.0,50329242624.0,0.0,0.0,0.0,0.0,0.0,1061.0,3917500.0,369.0,3479700.0,1.1125827815,0.0,-1750000.0,0.0,-1750000.0,1000.0
2022-02-10T00:00:00,TSC,18.1,17.35,17.6,17.67461,17.5,17.7,2942000.0,2942000.0,0.0,51998702620.0,0.0,0.0,0.0,0.0,0.0,903.0,4335400.0,441.0,4171300.0,1.1125827815,0.0,0.0,0.0,0.0,1000.0
2022-02-11T00:00:00,TSC,17.35,17.05,17.3,17.203689999999998,17.3,17.5,1472900.0,1472900.0,0.0,25339315001.0,0.0,0.0,0.0,0.0,0.0,735.0,2286900.0,340.0,3173100.0,1.1125827815,0.0,0.0,0.0,0.0,1000.0
2022-02-14T00:00:00,TSC,17.25,16.45,17.0,16.70965,16.95,17.3,1774700.0,1774700.0,0.0,29654615855.0,0.0,0.0,0.0,0.0,0.0,950.0,3168600.0,522.0,3190800.0,1.1125827815,0.0,0.0,0.0,0.0,1000.0
2022-02-15T00:00:00,TSC,17.5,16.5,17.1,17.17248071913785,17.2,16.95,1957900.0,1957900.0,0.0,33622000000.0,0.0,0.0,0.0,0.0,0.0,521.0,1957900.0,283.0,1957900.0,1.1125827815,0.0,-5100000.0,0.0,-5100000.0,1000.0
2022-02-16T00:00:00,TSC,17.7,17.2,17.3,17.417493117516337,17.6,17.2,3014900.0,3014900.0,0.0,52512000000.0,0.0,0.0,0.0,0.0,0.0,1627.0,6077100.0,638.0,5054100.0,1.1125827815,0.0,0.0,0.0,0.0,1000.0
2022-02-17T00:00:00,TSC,18.1,17.55,17.85,17.73759,17.65,17.6,2624500.0,2624500.0,0.0,46552304955.0,0.0,0.0,0.0,0.0,0.0,1397.0,3769800.0,764.0,5744000.0,1.1125827815,0.0,0.0,0.0,0.0,1000.0
2022-02-18T00:00:00,TSC,17.9,17.25,17.8,17.568830000000002,17.7,17.65,2406500.0,2406500.0,0.0,42279389395.0,0.0,0.0,0.0,600.0,10530000.0,1721.0,3855700.0,802.0,5555500.0,1.1125827815,0.0,0.0,0.0,0.0,1000.0
2022-02-21T00:00:00,TSC,18.0,17.5,17.7,17.70543,18.0,17.7,2861600.0,2861600.0,0.0,50665858488.0,0.0,0.0,0.0,0.0,0.0,1461.0,4200500.0,807.0,3867000.0,1.1125827815,0.0,0.0,0.0,0.0,1000.0
2022-02-22T00:00:00,TSC,18.25,17.3,17.9,17.84006,18.2,18.0,3920400.0,3920400.0,0.0,69940171224.0,0.0,0.0,0.0,0.0,0.0,2415.0,5948600.0,1256.0,7402000.0,1.1125827815,0.0,0.0,0.0,0.0,1000.0
2022-02-23T00:00:00,TSC,18.5,17.8,18.3,18.16443,18.4,18.2,4391000.0,4391000.0,0.0,79760012130.0,0.0,0.0,0.0,7600.0,139730000.0,2597.0,8067400.0,1192.0,7045400.0,1.1125827815,0.0,0.0,0.0,0.0,1000.0
2022-02-24T00:00:00,TSC,18.35,17.2,18.35,18.05625,18.3,18.4,4677300.0,4677300.0,0.0,84454498125.0,0.0,0.0,0.0,0.0,0.0,2045.0,7435900.0,1490.0,7719500.0,1.1125827815,0.0,-1830000.0,0.0,-1830000.0,1000.0
2022-02-25T00:00:00,TSC,18.55,18.0,18.55,18.25846,18.5,18.3,4354000.0,4354000.0,0.0,79497334840.0,0.0,0.0,0.0,0.0,0.0,1757.0,6670000.0,1128.0,6934700.0,1.1125827815,0.0,0.0,0.0,0.0,1000.0
2022-02-28T00:00:00,TSC,19.75,18.25,18.5,19.24006,19.75,18.5,11124600.0,11124600.0,0.0,214037971476.0,0.0,0.0,0.0,0.0,0.0,7468.0,28034400.0,1544.0,11934600.0,1.1125827815,0.0,0.0,0.0,0.0,1000.0
2022-03-01T00:00:00,TSC,21.1,20.4,20.8,20.860169999999997,21.1,19.75,11994100.0,11994100.0,0.0,250198964997.0,0.0,0.0,0.0,0.0,0.0,5224.0,35944600.0,1923.0,14122800.0,1.1125827815,0.0,0.0,0.0,0.0,1000.0
2022-03-02T00:00:00,TSC,22.0,20.45,21.5,21.03149,22.0,21.1,13810400.0,13810400.0,0.0,290453289496.0,0.0,0.0,0.0,0.0,0.0,9432.0,38767700.0,3130.0,21332400.0,1.1125827815,0.0,0.0,0.0,0.0,1000.0
2022-03-03T00:00:00,TSC,23.1,21.5,21.5,21.98371,23.1,22.0,12918700.0,12918700.0,0.0,284000954377.0,0.0,0.0,0.0,0.0,0.0,6479.0,36111300.0,3343.0,16440300.0,1.1125827815,0.0,,,,1000.0
2022-03-04T00:00:00,TSC,23.25,22.1,23.25,22.5143,22.7,23.1,10443400.0,10443400.0,0.0,235125840620.0,0.0,0.0,0.0,0.0,0.0,5610.0,26333100.0,3571.0,15579400.0,1.1125827815,0.0,0.0,0.0,0.0,1000.0
2022-03-07T00:00:00,TSC,23.2,22.0,22.25,22.59725,23.05,22.7,17837300.0,17837300.0,0.0,403073927425.0,0.0,0.0,0.0,1800.0,39960000.0,10408.0,37065200.0,4167.0,26940400.0,1.1125827815,0.0,,,,1000.0
2022-03-08T00:00:00,TSC,23.1,22.5,22.75,22.64623,22.6,23.05,6979600.0,6979600.0,0.0,158061626908.0,0.0,0.0,0.0,0.0,0.0,3456.0,12941600.0,2471.0,11268800.0,1.1125827815,0.0,,,,1000.0
2022-03-09T00:00:00,TSC,22.8,21.05,22.2,21.36083,21.05,22.6,21868300.0,21868300.0,0.0,467125038689.0,0.0,0.0,0.0,0.0,0.0,9959.0,37010800.0,4824.0,33070200.0,1.1125827815,0.0,,,,1000.0
2022-03-10T00:00:00,TSC,21.05,19.6,19.6,19.93868,21.05,21.05,9667900.0,9667900.0,0.0,192765164372.0,0.0,0.0,0.0,0.0,0.0,6899.0,17149100.0,3997.0,16771600.0,1.1125827815,0.0,,,,1000.0
2022-03-11T00:00:00,TSC,21.0,19.6,20.8,19.93159,19.6,21.05,11969000.0,11969000.0,0.0,238561200710.0,0.0,0.0,0.0,0.0,0.0,5557.0,20834400.0,2080.0,18710500.0,1.1125827815,0.0,,,,1000.0
2022-03-14T00:00:00,TSC,19.05,18.25,18.7,18.41139,18.5,19.6,6342300.0,6342300.0,0.0,116770558797.0,0.0,0.0,0.0,0.0,0.0,4452.0,26372200.0,2915.0,10279400.0,1.1125827815,0.0,,,,1000.0
2022-03-15T00:00:00,TSC,18.8,17.25,18.65,17.46291,17.25,18.5,14770600.0,14770600.0,0.0,257937658446.0,0.0,0.0,0.0,0.0,0.0,6825.0,20008800.0,3559.0,21676700.0,1.1125827815,0.0,,,,1000.0
2022-03-16T00:00:00,TSC,18.0,16.55,17.0,17.36215,17.45,17.25,5187200.0,5187200.0,0.0,90060944480.0,0.0,0.0,0.0,0.0,0.0,5542.0,14913700.0,2968.0,9506300.0,1.1125827815,0.0,,,,1000.0
2022-03-17T00:00:00,TSC,17.65,17.0,17.55,17.29183356109514,17.0,17.45,4244200.0,4244200.0,0.0,73390000000.0,0.0,0.0,0.0,0.0,0.0,3491.0,8367200.0,1954.0,8771500.0,1.1125827815,0.0,,,,1000.0
2022-03-18T00:00:00,TSC,17.3,16.85,17.0,17.025740000000003,16.85,17.0,4688300.0,4688300.0,0.0,79821776842.0,0.0,0.0,0.0,0.0,0.0,4636.0,8766200.0,2684.0,9265400.0,1.1125827815,0.0,,,,1000.0
2022-03-21T00:00:00,TSC,17.4,16.75,16.75,17.10746182656295,17.4,16.85,5553600.0,5553600.0,0.0,95008000000.0,0.0,0.0,0.0,0.0,0.0,4421.0,13570400.0,2253.0,7851700.0,1.1125827815,0.0,,,,1000.0
2022-03-22T00:00:00,TSC,17.85,17.45,17.5,17.60038,17.6,17.4,5186300.0,5186300.0,0.0,91280850794.0,0.0,0.0,0.0,0.0,0.0,3849.0,11604800.0,2442.0,11107700.0,1.1125827815,0.0,,,,1000.0
2022-03-23T00:00:00,TSC,17.6,17.0,17.55,17.280078824363457,17.1,17.6,8322300.0,8322300.0,0.0,143810000000.0,0.0,0.0,0.0,0.0,0.0,6179.0,13340700.0,2542.0,13768700.0,1.1125827815,0.0,,,,1000.0
2022-03-24T00:00:00,TSC,17.2,16.65,17.0,16.86937,16.65,17.1,8789100.0,8189100.0,600000.0,148344957867.0,10200000000.0,0.0,0.0,0.0,0.0,8389.0,12868600.0,2851.0,13125100.0,1.1125827815,0.0,,,,1000.0
2022-03-25T00:00:00,TSC,17.45,16.65,16.65,17.00337,16.8,16.65,12055300.0,11355300.0,700000.0,204978367361.0,11900000000.0,0.0,0.0,0.0,0.0,8170.0,20282500.0,4435.0,18284300.0,1.1125827815,0.0,,,,1000.0
2022-03-28T00:00:00,TSC,16.15,16.15,16.15,16.15,16.15,15.1,2145900.0,2145900.0,0.0,34656285000.0,0.0,0.0,0.0,0.0,0.0,3038.0,34041400.0,300.0,2145900.0,1.0,0.0,,,,1000.0
2022-03-29T00:00:00,TSC,17.25,17.25,17.25,17.25,17.25,16.15,3111500.0,3091500.0,20000.0,53629375000.0,301000000.0,0.0,0.0,0.0,0.0,2133.0,29460500.0,594.0,3091500.0,1.0,0.0,,,,1000.0
2022-03-30T00:00:00,TSC,17.65,16.5,17.25,17.2479904314636,17.45,17.25,17055900.0,17055900.0,0.0,294180000000.0,0.0,0.0,0.0,0.0,0.0,4995.0,27866900.0,7871.0,35066100.0,1.0,0.0,,,,1000.0
2022-03-31T00:00:00,TSC,17.5,16.6,17.25,17.048299999999998,16.7,17.45,2689300.0,2689300.0,0.0,45847993190.0,0.0,0.0,0.0,0.0,0.0,1653.0,4197700.0,2516.0,9128000.0,1.0,0.0,,,,1000.0
2022-04-01T00:00:00,TSC,17.2,16.05,16.2,16.642128039888988,17.0,16.7,4251800.0,4251800.0,0.0,70759000000.0,0.0,0.0,0.0,10000.0,162000000.0,2241.0,8550400.0,2276.0,7452600.0,1.0,0.0,,,,1000.0
2022-04-04T00:00:00,TSC,17.25,16.8,17.05,16.958599999999997,17.05,17.0,4329400.0,4329400.0,0.0,73420562840.0,0.0,0.0,0.0,0.0,0.0,1375.0,6621900.0,2358.0,10535100.0,1.0,0.0,,,,1000.0
2022-04-05T00:00:00,TSC,17.2,16.65,17.05,16.93864,17.0,17.05,4139400.0,4139400.0,0.0,70115806416.0,0.0,0.0,0.0,0.0,0.0,2063.0,8258800.0,2205.0,8721000.0,1.0,0.0,,,,1000.0
2022-04-06T00:00:00,TSC,17.0,16.5,16.7,16.68414,16.8,17.0,3419900.0,3419900.0,0.0,57058090386.0,0.0,0.0,0.0,0.0,0.0,1838.0,5894200.0,1967.0,7870800.0,1.0,0.0,,,,1000.0
2022-04-07T00:00:00,TSC,17.95,16.8,16.85,17.501540000000002,17.95,16.8,12310600.0,12310600.0,0.0,215454458324.0,0.0,0.0,0.0,0.0,0.0,3429.0,49683100.0,5550.0,18539300.0,1.0,0.0,,,,1000.0
2022-04-08T00:00:00,TSC,18.8,17.95,18.0,18.541900000000002,18.75,17.95,11416400.0,11416400.0,0.0,211681747160.0,0.0,0.0,0.0,0.0,0.0,3757.0,37617500.0,6906.0,22400600.0,1.0,0.0,,,,1000.0
2022-04-12T00:00:00,TSC,18.75,18.0,18.75,18.147692408656134,18.0,18.75,6095100.0,6095100.0,0.0,110612000000.0,0.0,0.0,0.0,700.0,12690000.0,1175.0,11333100.0,4194.0,14716500.0,1.0,0.0,,,,1000.0
2022-04-13T00:00:00,TSC,17.6,16.75,17.5,16.7695,16.75,18.0,10275500.0,10275500.0,0.0,172314997250.0,0.0,0.0,0.0,0.0,0.0,3162.0,10621200.0,2413.0,18779700.0,1.0,0.0,,,,1000.0
2022-04-14T00:00:00,TSC,17.15,15.7,16.55,16.346879238902204,16.0,16.75,5381700.0,5381700.0,0.0,87974000000.0,0.0,0.0,0.0,0.0,0.0,4493.0,12517800.0,2538.0,11180100.0,1.0,0.0,,,,1000.0
2022-04-15T00:00:00,TSC,16.5,15.8,16.1,16.1812,16.2,16.0,3227900.0,3227900.0,0.0,52231295480.0,0.0,0.0,0.0,0.0,0.0,1580.0,5948700.0,1713.0,6532100.0,1.0,0.0,,,,1000.0
2022-04-18T00:00:00,TSC,16.25,15.1,16.15,15.3645,15.1,16.2,4810300.0,4810300.0,0.0,73907854350.0,0.0,0.0,0.0,600.0,9480000.0,1761.0,5316700.0,1488.0,9947400.0,1.0,0.0,,,,1000.0
2022-04-19T00:00:00,TSC,15.0,14.05,14.7,14.1443,14.05,15.1,3605500.0,3605500.0,0.0,50997273650.0,0.0,0.0,0.0,0.0,0.0,1388.0,3773000.0,1878.0,11647900.0,1.0,0.0,,,,1000.0
2022-04-20T00:00:00,TSC,13.5,13.1,13.15,13.120379999999999,13.1,14.05,1959400.0,1959400.0,0.0,25708072572.0,0.0,0.0,0.0,0.0,0.0,303.0,1962600.0,1316.0,9333500.0,1.0,0.0,,,,1000.0
2022-04-21T00:00:00,TSC,12.2,12.2,12.2,12.2,12.2,13.1,629200.0,629200.0,0.0,7676240000.0,0.0,0.0,0.0,0.0,0.0,118.0,629200.0,1671.0,11665600.0,1.0,0.0,,,,1000.0
2022-04-22T00:00:00,TSC,13.05,11.35,11.35,12.12014,12.25,12.2,18566100.0,18566100.0,0.0,225023731254.0,0.0,0.0,0.0,1200.0,14180000.0,4907.0,26071300.0,3781.0,28585800.0,1.0,0.0,,,,1000.0
2022-04-25T00:00:00,TSC,12.5,11.4,12.3,11.709370000000002,11.4,12.25,3684400.0,3684400.0,0.0,43142002828.0,0.0,0.0,0.0,500.0,5960000.0,1427.0,4426800.0,1138.0,8191100.0,1.0,0.0,,,,1000.0
2022-04-26T00:00:00,TSC,11.4,10.65,10.65,10.82981,11.4,11.4,4211400.0,4211400.0,0.0,45608661834.0,0.0,0.0,0.0,0.0,0.0,2054.0,6104900.0,1752.0,9555300.0,1.0,0.0,,,,1000.0
2022-04-27T00:00:00,TSC,11.4,10.65,11.05,10.8919,11.0,11.4,4612300.0,4612300.0,0.0,50236710370.0,0.0,0.0,0.0,0.0,0.0,2641.0,7881900.0,1531.0,8852100.0,1.0,0.0,,,,1000.0
2022-04-28T00:00:00,TSC,11.75,11.05,11.05,11.63859,11.75,11.0,6802700.0,6802700.0,0.0,79173836193.0,0.0,0.0,0.0,0.0,0.0,2695.0,14284500.0,1411.0,7465500.0,1.0,0.0,,,,1000.0
2022-04-29T00:00:00,TSC,12.55,11.75,11.85,12.427340000000001,12.55,11.75,9458600.0,9458600.0,0.0,117545238124.0,0.0,0.0,0.0,0.0,0.0,3144.0,17641000.0,1771.0,11054100.0,1.0,0.0,,,,1000.0
2022-05-04T00:00:00,TSC,12.6,11.7,12.6,12.13558,11.7,12.55,3337400.0,3337400.0,0.0,40501284692.0,0.0,0.0,0.0,0.0,0.0,2399.0,5268100.0,1613.0,8478200.0,1.0,0.0,,,,1000.0
2022-05-05T00:00:00,TSC,11.8,11.1,11.65,11.39657,11.5,11.7,3618600.0,3618600.0,0.0,41239628202.0,0.0,0.0,0.0,0.0,0.0,2936.0,7291400.0,1425.0,9499100.0,1.0,0.0,,,,1000.0
2022-05-06T00:00:00,TSC,11.55,10.7,11.0,10.93258,10.7,11.5,3477200.0,3477200.0,0.0,38014767176.0,0.0,0.0,0.0,0.0,0.0,2952.0,5725900.0,1151.0,6931300.0,1.0,0.0,,,,1000.0
2022-05-09T00:00:00,TSC,10.5,9.96,10.3,10.01048,9.96,10.7,2763700.0,2763700.0,0.0,27665963576.0,0.0,0.0,0.0,100.0,1000000.0,1591.0,3131300.0,957.0,7592100.0,1.0,0.0,,,,1000.0
2022-05-10T00:00:00,TSC,9.99,9.27,9.27,9.49604,9.94,9.96,3490400.0,3490400.0,0.0,33144978016.0,0.0,0.0,0.0,0.0,0.0,2243.0,5138200.0,1485.0,8074600.0,1.0,0.0,,,,1000.0
2022-05-11T00:00:00,TSC,10.5,9.94,9.98,10.21204,10.3,9.94,2775100.0,2775100.0,0.0,28339432204.0,0.0,0.0,0.0,0.0,0.0,1838.0,5557000.0,1424.0,6737400.0,1.0,0.0,,,,1000.0
2022-05-12T00:00:00,TSC,10.3,9.58,10.0,9.77101,9.58,10.3,2711100.0,2711100.0,0.0,26490185211.0,0.0,0.0,0.0,0.0,0.0,1624.0,3506000.0,1255.0,8109300.0,1.0,0.0,,,,1000.0
2022-05-13T00:00:00,TSC,9.6,8.91,9.3,9.06699,8.91,9.58,2991100.0,2991100.0,0.0,27120273789.0,0.0,0.0,0.0,0.0,0.0,1631.0,4018300.0,1239.0,8807800.0,1.0,0.0,,,,1000.0
2022-05-16T00:00:00,TSC,9.53,8.8,9.0,9.34294,8.98,8.91,3846200.0,3846200.0,0.0,35934815828.0,0.0,0.0,0.0,0.0,0.0,1778.0,6077000.0,1407.0,6338500.0,1.0,0.0,,,,1000.0
2022-05-17T00:00:00,TSC,9.59,8.7,8.99,9.22496,9.51,8.98,2657900.0,2657900.0,0.0,24519021184.0,0.0,0.0,0.0,0.0,0.0,1696.0,4159700.0,1387.0,5474700.0,1.0,0.0,0.0,0.0,0.0,1000.0
2022-05-18T00:00:00,TSC,10.0,9.2,9.58,9.62144,9.5,9.51,2458900.0,2458900.0,0.0,23658158816.0,0.0,0.0,0.0,0.0,0.0,1833.0,4278100.0,1568.0,5579700.0,1.0,0.0,0.0,0.0,0.0,1000.0
2022-05-19T00:00:00,TSC,9.48,9.0,9.0,9.20909,9.32,9.5,2123700.0,2123700.0,0.0,19557344433.0,0.0,0.0,0.0,0.0,0.0,1980.0,4023600.0,1126.0,5052500.0,1.0,0.0,0.0,0.0,0.0,1000.0
2022-05-20T00:00:00,TSC,9.57,9.1,9.33,9.35449,9.4,9.32,2277100.0,2277100.0,0.0,21301109179.0,0.0,0.0,0.0,0.0,0.0,1903.0,5084900.0,1540.0,5580500.0,1.0,0.0,0.0,0.0,0.0,1000.0
2022-05-23T00:00:00,TSC,9.75,9.14,9.58,9.42158,9.38,9.4,2257000.0,2257000.0,0.0,21264506060.0,0.0,0.0,0.0,0.0,0.0,1555.0,3667400.0,1337.0,5829500.0,1.0,0.0,0.0,0.0,0.0,1000.0
2022-05-24T00:00:00,TSC,9.46,9.0,9.05,9.17656,9.35,9.38,2471900.0,2471900.0,0.0,22683538664.0,0.0,0.0,0.0,0.0,0.0,1686.0,4298700.0,1007.0,6238700.0,1.0,0.0,0.0,0.0,0.0,1000.0
2022-05-25T00:00:00,TSC,9.6,9.23,9.38,9.429,9.52,9.35,3004500.0,3004500.0,0.0,28329430500.0,0.0,0.0,0.0,0.0,0.0,1540.0,5335900.0,1773.0,6998600.0,1.0,0.0,0.0,0.0,0.0,1000.0
2022-05-26T00:00:00,TSC,10.15,9.65,9.65,10.08221,10.15,9.52,5478400.0,5478400.0,0.0,55234379264.0,0.0,0.0,0.0,0.0,0.0,2647.0,11401300.0,1431.0,6019500.0,1.0,0.0,0.0,0.0,0.0,1000.0
2022-05-27T00:00:00,TSC,10.85,10.3,10.5,10.75748,10.6,10.15,5391800.0,5391800.0,0.0,58002180664.0,0.0,0.0,0.0,0.0,0.0,2718.0,10470900.0,2476.0,8997000.0,1.0,0.0,0.0,0.0,0.0,1000.0
2022-05-30T00:00:00,TSC,10.85,10.2,10.65,10.52615,10.6,10.6,2126800.0,2126800.0,0.0,22387015820.0,0.0,0.0,0.0,0.0,0.0,2046.0,5878900.0,1480.0,6496600.0,1.0,0.0,0.0,0.0,0.0,1000.0
2022-05-31T00:00:00,TSC,10.7,10.2,10.4,10.41591,10.25,10.6,2578700.0,2578700.0,0.0,26859507117.0,0.0,0.0,0.0,0.0,0.0,2275.0,6221000.0,1413.0,6935900.0,1.0,0.0,0.0,0.0,0.0,1000.0
2022-06-01T00:00:00,TSC,10.5,10.0,10.1,10.196819999999999,10.35,10.25,2370600.0,2370600.0,0.0,24172581492.0,0.0,0.0,0.0,0.0,0.0,1905.0,5544600.0,1308.0,6348500.0,1.0,0.0,0.0,0.0,0.0,1000.0
2022-06-02T00:00:00,TSC,10.4,9.97,10.35,10.149389999999999,10.05,10.35,2648200.0,2648200.0,0.0,26877614598.0,0.0,0.0,0.0,0.0,0.0,1701.0,4448700.0,1136.0,6036600.0,1.0,0.0,0.0,0.0,0.0,1000.0
2022-06-03T00:00:00,TSC,10.3,9.65,10.1,9.917209999999999,9.88,10.05,2449400.0,2449400.0,0.0,24291214174.0,0.0,0.0,0.0,0.0,0.0,2277.0,4545400.0,1263.0,7276000.0,1.0,0.0,0.0,0.0,0.0,1000.0
2022-06-06T00:00:00,TSC,9.95,9.21,9.9,9.69027,9.3,9.88,2262300.0,2262300.0,0.0,21922297821.0,0.0,0.0,0.0,0.0,0.0,1613.0,3561100.0,985.0,5277600.0,1.0,0.0,0.0,0.0,0.0,1000.0
2022-06-07T00:00:00,TSC,9.4,8.75,9.3,9.06267,9.24,9.3,2071300.0,2071300.0,0.0,18771508371.0,0.0,0.0,0.0,0.0,0.0,2185.0,3832100.0,1053.0,3750500.0,1.0,0.0,0.0,0.0,0.0,1000.0
2022-06-08T00:00:00,TSC,9.75,9.34,9.35,9.57562,9.6,9.24,1672100.0,1672100.0,0.0,16011394202.0,0.0,0.0,0.0,0.0,0.0,1321.0,3453900.0,1089.0,3584400.0,1.0,0.0,0.0,0.0,0.0,1000.0
2022-06-09T00:00:00,TSC,9.68,9.4,9.6,9.51242,9.5,9.6,1065500.0,1065500.0,0.0,10135483510.0,0.0,0.0,0.0,0.0,0.0,1220.0,1864200.0,723.0,2852500.0,1.0,0.0,0.0,0.0,0.0,1000.0
2022-06-10T00:00:00,TSC,9.4,9.09,9.4,9.232809999999999,9.15,9.5,1438600.0,1438600.0,0.0,13282320466.0,0.0,0.0,0.0,0.0,0.0,2022.0,2883700.0,858.0,2864700.0,1.0,0.0,0.0,0.0,0.0,1000.0
2022-06-13T00:00:00,TSC,8.9,8.51,8.65,8.58379,8.51,9.15,1989600.0,1989600.0,0.0,17078308584.0,0.0,0.0,0.0,0.0,0.0,1848.0,2634600.0,1080.0,4318400.0,1.0,0.0,0.0,0.0,0.0,1000.0
2022-06-14T00:00:00,TSC,8.3,7.92,7.92,7.96803,7.92,8.51,2584700.0,2584700.0,0.0,20594967141.0,0.0,0.0,0.0,0.0,0.0,1975.0,3495700.0,1269.0,4388400.0,1.0,0.0,0.0,0.0,0.0,1000.0
2022-06-15T00:00:00,TSC,8.13,7.37,7.92,7.466600000000001,7.37,7.92,1599100.0,1599100.0,0.0,11939840060.0,0.0,0.0,0.0,0.0,0.0,1188.0,2716200.0,1103.0,3391500.0,1.0,0.0,0.0,0.0,0.0,1000.0
2022-06-16T00:00:00,TSC,7.6,7.02,7.5,7.39818,7.02,7.37,935500.0,935500.0,0.0,6920997390.0,0.0,0.0,0.0,0.0,0.0,1054.0,2833000.0,964.0,2619800.0,1.0,0.0,0.0,0.0,0.0,1000.0
2022-06-17T00:00:00,TSC,6.79,6.53,6.53,6.53172,6.53,7.02,1575300.0,1575300.0,0.0,10289418516.0,0.0,0.0,0.0,0.0,0.0,799.0,1651600.0,823.0,3282000.0,1.0,0.0,0.0,0.0,0.0,1000.0
2022-06-20T00:00:00,TSC,6.53,6.08,6.14,6.14675,6.08,6.53,1076100.0,1076100.0,0.0,6614517675.0,0.0,0.0,0.0,0.0,0.0,746.0,1716400.0,764.0,3176400.0,1.0,0.0,0.0,0.0,0.0,1000.0
2022-06-21T00:00:00,TSC,6.0,5.66,5.68,5.67656,5.66,6.08,2010200.0,2010200.0,0.0,11411020912.0,0.0,0.0,0.0,0.0,0.0,1058.0,2715800.0,984.0,4667600.0,1.0,0.0,0.0,0.0,0.0,1000.0
2022-06-22T00:00:00,TSC,5.93,5.6,5.79,5.7677,5.93,5.66,1159200.0,1159200.0,0.0,6685917840.0,0.0,0.0,0.0,0.0,0.0,1075.0,2071000.0,938.0,2442600.0,1.0,0.0,0.0,0.0,0.0,1000.0
2022-06-23T00:00:00,TSC,6.15,5.92,6.06,6.0339,6.12,5.93,530200.0,530200.0,0.0,3199173780.0,0.0,0.0,0.0,0.0,0.0,670.0,988700.0,611.0,1245400.0,1.0,0.0,0.0,0.0,0.0,1000.0
2022-06-24T00:00:00,TSC,6.36,6.1,6.33,6.25428,6.1,6.12,1240000.0,1240000.0,0.0,7755307200.0,0.0,0.0,0.0,0.0,0.0,827.0,1975400.0,875.0,2320200.0,1.0,0.0,0.0,0.0,0.0,1000.0
2022-06-27T00:00:00,TSC,6.27,6.0,6.16,6.15855,6.22,6.1,712900.0,712900.0,0.0,4390430295.0,0.0,0.0,0.0,0.0,0.0,822.0,1359400.0,671.0,1499100.0,1.0,0.0,0.0,0.0,0.0,1000.0
2022-06-28T00:00:00,TSC,6.65,6.28,6.36,6.536479999999999,6.65,6.22,876500.0,851300.0,25200.0,5732085424.0,167580000.0,0.0,0.0,0.0,0.0,884.0,3795100.0,468.0,1035500.0,1.0,0.0,0.0,0.0,0.0,1000.0
2022-06-29T00:00:00,TSC,7.11,6.75,7.11,7.06178,6.79,6.65,2719200.0,2696000.0,23200.0,19203278880.0,164720000.0,0.0,0.0,0.0,0.0,1350.0,5695400.0,1115.0,3869500.0,1.0,0.0,0.0,0.0,0.0,1000.0
2022-06-30T00:00:00,TSC,6.81,6.5,6.75,6.642189999999999,6.5,6.79,1161500.0,1161500.0,0.0,7714903685.0,0.0,0.0,0.0,0.0,0.0,965.0,2353000.0,786.0,2452500.0,1.0,0.0,0.0,0.0,0.0,1000.0
2022-07-01T00:00:00,TSC,6.5,6.05,6.3,6.23472,6.4,6.5,798600.0,798600.0,0.0,4979047392.0,0.0,0.0,0.0,0.0,0.0,1042.0,1747100.0,560.0,1883400.0,1.0,0.0,0.0,0.0,0.0,1000.0
2022-07-04T00:00:00,TSC,6.66,6.4,6.62,6.52319,6.56,6.4,986300.0,986300.0,0.0,6433822297.0,0.0,0.0,0.0,0.0,0.0,952.0,2395900.0,837.0,1966500.0,1.0,0.0,0.0,0.0,0.0,1000.0
2022-07-05T00:00:00,TSC,6.56,6.25,6.43,6.4033500000000005,6.25,6.56,1505300.0,1505300.0,0.0,9638962755.0,0.0,0.0,0.0,0.0,0.0,1511.0,4272800.0,932.0,2528300.0,1.0,0.0,-26246000.0,0.0,-26246000.0,1000.0
2022-07-06T00:00:00,TSC,6.25,6.05,6.1,6.09687,6.05,6.25,1188800.0,1188800.0,0.0,7247959056.0,0.0,0.0,0.0,0.0,0.0,1204.0,4691300.0,712.0,2016700.0,1.0,0.0,0.0,0.0,0.0,1000.0
2022-07-07T00:00:00,TSC,6.15,5.98,6.04,6.01954,6.0,6.05,983900.0,983900.0,0.0,5922625406.0,0.0,0.0,0.0,0.0,0.0,897.0,2134700.0,563.0,1834700.0,1.0,0.0,0.0,0.0,0.0,1000.0
2022-07-08T00:00:00,TSC,6.25,6.0,6.1,6.14875,6.15,6.0,877600.0,877600.0,0.0,5396143000.0,0.0,0.0,0.0,0.0,0.0,885.0,1977500.0,775.0,2137900.0,1.0,0.0,0.0,0.0,0.0,1000.0
2022-07-11T00:00:00,TSC,6.58,6.16,6.16,6.53299,6.58,6.15,1332000.0,1332000.0,0.0,8701942680.0,0.0,0.0,0.0,0.0,0.0,808.0,4366200.0,692.0,1400700.0,1.0,0.0,0.0,0.0,0.0,1000.0
2022-07-12T00:00:00,TSC,7.04,7.02,7.04,7.03944,7.04,6.58,2251900.0,2251900.0,0.0,15852114936.0,0.0,0.0,0.0,0.0,0.0,970.0,6975000.0,530.0,2302000.0,1.0,0.0,0.0,0.0,0.0,1000.0
2022-07-13T00:00:00,TSC,7.48,7.04,7.48,7.221979999999999,7.1,7.04,3543100.0,3543100.0,0.0,25588197338.0,0.0,0.0,0.0,0.0,0.0,2041.0,8291500.0,2355.0,8780900.0,1.0,0.0,0.0,0.0,0.0,1000.0
2022-07-14T00:00:00,TSC,7.25,6.81,7.0,7.0245299999999995,7.0,7.1,1710100.0,1710100.0,0.0,12012648753.0,0.0,0.0,0.0,0.0,0.0,1578.0,5019600.0,1253.0,4844800.0,1.0,0.0,-14627000.0,0.0,-14627000.0,1000.0
2022-07-15T00:00:00,TSC,7.2,6.9,7.0,7.03357,7.01,7.0,1606600.0,1606600.0,0.0,11300133562.0,0.0,0.0,0.0,0.0,0.0,1316.0,4479200.0,935.0,4158700.0,1.0,0.0,0.0,0.0,0.0,1000.0
2022-07-18T00:00:00,TSC,7.5,7.02,7.15,7.262899999999999,7.33,7.01,2834500.0,2834500.0,0.0,20586690050.0,0.0,0.0,0.0,0.0,0.0,1692.0,7270300.0,1477.0,5164100.0,1.0,0.0,-2199000.0,0.0,-2199000.0,1000.0
2022-07-19T00:00:00,TSC,7.5,7.19,7.25,7.35492,7.3,7.33,2166600.0,2166600.0,0.0,15935169672.0,0.0,0.0,0.0,0.0,0.0,1330.0,5017500.0,1366.0,6095300.0,1.0,0.0,0.0,0.0,0.0,1000.0
2022-07-20T00:00:00,TSC,7.48,7.33,7.48,7.41701,7.42,7.3,2223000.0,2223000.0,0.0,16488013230.0,0.0,0.0,0.0,0.0,0.0,1203.0,5175600.0,1325.0,5374700.0,1.0,0.0,0.0,0.0,0.0,1000.0
2022-07-21T00:00:00,TSC,7.4,7.15,7.39,7.228800000000001,7.15,7.42,1560900.0,1560900.0,0.0,11283433920.0,0.0,0.0,0.0,0.0,0.0,1598.0,3046100.0,1007.0,4843700.0,1.0,0.0,-2920000.0,0.0,-2920000.0,1000.0
2022-07-22T00:00:00,TSC,7.35,7.14,7.16,7.1882399999999995,7.2,7.15,886900.0,886900.0,0.0,6375250056.0,0.0,0.0,0.0,0.0,0.0,948.0,2141600.0,899.0,3276700.0,1.0,0.0,-2900000.0,0.0,-2900000.0,1000.0
2022-07-25T00:00:00,TSC,7.21,7.01,7.21,7.11005,7.1,7.2,996300.0,996300.0,0.0,7083742815.0,0.0,0.0,0.0,0.0,0.0,935.0,1887600.0,720.0,3021100.0,1.0,0.0,0.0,0.0,0.0,1000.0
2022-07-26T00:00:00,TSC,7.25,6.8,7.1,7.03311,6.97,7.1,1883500.0,1883500.0,0.0,13246862685.0,0.0,0.0,0.0,0.0,0.0,1325.0,3340900.0,869.0,3652700.0,1.0,0.0,0.0,0.0,0.0,1000.0
2022-07-27T00:00:00,TSC,7.02,6.8,6.87,6.91548,6.91,6.97,918700.0,918700.0,0.0,6353251476.0,0.0,0.0,0.0,0.0,0.0,899.0,2171900.0,594.0,1832500.0,1.0,0.0,-691000.0,0.0,-691000.0,1000.0
2022-07-28T00:00:00,TSC,7.21,7.0,7.16,7.08775,7.04,6.91,1638500.0,1638500.0,0.0,11613278375.0,0.0,0.0,0.0,0.0,0.0,1094.0,3117200.0,911.0,4501300.0,1.0,0.0,-4952000.0,0.0,-4952000.0,1000.0
2022-07-29T00:00:00,TSC,7.19,7.03,7.14,7.09755,7.04,7.04,1757600.0,1757600.0,0.0,12474653880.0,0.0,0.0,0.0,0.0,0.0,910.0,3111100.0,949.0,3679500.0,1.0,0.0,0.0,0.0,0.0,1000.0
2022-08-01T00:00:00,TSC,7.14,7.0,7.0,7.0757200000000005,7.11,7.04,1888300.0,1888300.0,0.0,13361082076.0,0.0,0.0,0.0,0.0,0.0,1098.0,3807600.0,998.0,3879700.0,1.0,0.0,-2130000.0,0.0,-2130000.0,1000.0
2022-08-02T00:00:00,TSC,7.6,7.1,7.1,7.4502,7.6,7.11,5494200.0,5494200.0,0.0,40932888840.0,0.0,0.0,0.0,0.0,0.0,2192.0,9522100.0,2199.0,7342700.0,1.0,0.0,0.0,0.0,0.0,1000.0
2022-08-03T00:00:00,TSC,7.9,7.46,7.6,7.68527,7.63,7.6,2592800.0,2592800.0,0.0,19926368056.0,0.0,0.0,0.0,0.0,0.0,1510.0,4861200.0,1653.0,6622900.0,1.0,0.0,0.0,0.0,0.0,1000.0
2022-08-04T00:00:00,TSC,7.75,7.44,7.65,7.5439300000000005,7.47,7.63,2195500.0,2195500.0,0.0,16562698315.0,0.0,0.0,0.0,0.0,0.0,1641.0,4304600.0,1312.0,5281000.0,1.0,0.0,-4518000.0,0.0,-4518000.0,1000.0
2022-08-05T00:00:00,TSC,7.49,7.35,7.46,7.42478,7.49,7.47,1725600.0,1725600.0,0.0,12812200368.0,0.0,0.0,0.0,0.0,0.0,1651.0,4568400.0,955.0,3137200.0,1.0,0.0,0.0,0.0,0.0,1000.0
2022-08-08T00:00:00,TSC,7.8,7.5,7.5,7.7018699999999995,7.72,7.49,2853300.0,2853300.0,0.0,21975745671.0,0.0,0.0,0.0,0.0,0.0,1525.0,5405200.0,1499.0,5601000.0,1.0,0.0,0.0,0.0,0.0,1000.0
2022-08-09T00:00:00,TSC,8.1,7.72,7.72,7.90803,7.97,7.72,3375100.0,3375100.0,0.0,26690392053.0,0.0,0.0,0.0,0.0,0.0,1723.0,5858000.0,1823.0,6212800.0,1.0,0.0,0.0,0.0,0.0,1000.0
2022-08-10T00:00:00,TSC,7.98,7.77,7.9,7.86429,7.81,7.97,1335600.0,1335600.0,0.0,10503545724.0,0.0,0.0,0.0,0.0,0.0,1325.0,2981500.0,1066.0,3833100.0,1.0,0.0,0.0,0.0,0.0,1000.0
2022-08-11T00:00:00,TSC,7.95,7.55,7.85,7.72845,7.57,7.81,2829900.0,2829900.0,0.0,21870740655.0,0.0,0.0,0.0,0.0,0.0,1808.0,4871100.0,1262.0,6631200.0,1.0,0.0,-6220000.0,0.0,-6220000.0,1000.0
2022-08-12T00:00:00,TSC,7.6,7.43,7.46,7.51067,7.55,7.57,1426500.0,1426500.0,0.0,10713970755.0,0.0,0.0,0.0,0.0,0.0,1472.0,3032900.0,773.0,2969900.0,1.0,0.0,-27536000.0,0.0,-27536000.0,1000.0
2022-08-15T00:00:00,TSC,7.75,7.56,7.65,7.64478,7.6,7.55,1711100.0,1711100.0,0.0,13080983058.0,0.0,0.0,0.0,0.0,0.0,878.0,2841300.0,953.0,3878200.0,1.0,0.0,0.0,0.0,0.0,1000.0
2022-08-16T00:00:00,TSC,7.82,7.52,7.56,7.70701,7.61,7.6,1687100.0,1687100.0,0.0,13002496571.0,0.0,0.0,0.0,0.0,0.0,1029.0,3654700.0,1213.0,5633800.0,1.0,0.0,0.0,0.0,0.0,1000.0
2022-08-17T00:00:00,TSC,7.69,7.36,7.69,7.50722,7.41,7.61,2171500.0,2171500.0,0.0,16301928230.0,0.0,0.0,0.0,0.0,0.0,1679.0,4478400.0,929.0,4743700.0,1.0,0.0,0.0,0.0,0.0,1000.0
2022-08-18T00:00:00,TSC,7.65,7.36,7.4,7.48283,7.45,7.41,1711900.0,1711900.0,0.0,12809856677.0,0.0,0.0,0.0,0.0,0.0,1042.0,3286100.0,1057.0,3931800.0,1.0,0.0,-3713000.0,0.0,-3713000.0,1000.0
2022-08-19T00:00:00,TSC,7.56,7.3,7.45,7.42132,7.34,7.45,1376600.0,1376600.0,0.0,10216189112.0,0.0,0.0,0.0,0.0,0.0,945.0,2423100.0,840.0,3378400.0,1.0,0.0,0.0,0.0,0.0,1000.0
2022-08-22T00:00:00,TSC,7.5,7.26,7.34,7.339060000000001,7.28,7.34,1537800.0,1537800.0,0.0,11286006468.0,0.0,0.0,0.0,0.0,0.0,981.0,3233800.0,829.0,3461100.0,1.0,0.0,0.0,0.0,0.0,1000.0
2022-08-23T00:00:00,TSC,7.35,7.19,7.21,7.2634099999999995,7.3,7.28,1325100.0,1325100.0,0.0,9624744591.0,0.0,0.0,0.0,0.0,0.0,1067.0,3005200.0,739.0,3202500.0,1.0,0.0,0.0,0.0,0.0,1000.0
2022-08-24T00:00:00,TSC,7.81,7.32,7.35,7.65782,7.81,7.3,5312300.0,5312300.0,0.0,40680637186.0,0.0,0.0,0.0,0.0,0.0,2337.0,12000200.0,1356.0,6373800.0,1.0,0.0,-2968000.0,0.0,-2968000.0,1000.0
2022-08-25T00:00:00,TSC,8.15,7.83,8.15,7.98226,7.83,7.81,4036700.0,4036700.0,0.0,32221988942.0,0.0,0.0,0.0,0.0,0.0,2334.0,7424300.0,2502.0,10473100.0,1.0,0.0,-1583000.0,0.0,-1583000.0,1000.0
2022-08-26T00:00:00,TSC,7.85,7.62,7.8,7.7616000000000005,7.68,7.83,2289400.0,2289400.0,0.0,17769407040.0,0.0,0.0,0.0,0.0,0.0,1524.0,4802500.0,1243.0,5103700.0,1.0,0.0,-1552000.0,0.0,-1552000.0,1000.0
2022-08-29T00:00:00,TSC,7.47,7.21,7.4,7.34712,7.4,7.68,3321700.0,3321700.0,0.0,24404928504.0,0.0,0.0,0.0,0.0,0.0,2559.0,6330900.0,1071.0,6328700.0,1.0,0.0,3640000.0,0.0,3640000.0,1000.0
2022-08-30T00:00:00,TSC,7.55,7.28,7.44,7.40052,7.4,7.4,1847900.0,1847900.0,0.0,13675420908.0,0.0,0.0,0.0,0.0,0.0,1276.0,3018300.0,879.0,4015500.0,1.0,0.0,58390000.0,0.0,58390000.0,1000.0
2022-08-31T00:00:00,TSC,7.5,7.3,7.4,7.365939999999999,7.36,7.4,1273700.0,1273700.0,0.0,9381997778.0,0.0,0.0,0.0,0.0,0.0,998.0,3033600.0,775.0,3098000.0,1.0,0.0,-23394000.0,0.0,-23394000.0,1000.0
2022-09-05T00:00:00,TSC,7.7,7.33,7.36,7.484649999999999,7.4,7.36,1538200.0,1538200.0,0.0,11512888630.0,0.0,0.0,0.0,0.0,0.0,814.0,2913700.0,1052.0,4102300.0,1.0,0.0,-7496000.0,0.0,-7496000.0,1000.0
2022-09-06T00:00:00,TSC,7.56,7.3,7.5,7.3958,7.35,7.4,883700.0,883700.0,0.0,6535668460.0,0.0,0.0,0.0,0.0,0.0,832.0,1572500.0,888.0,3158500.0,1.0,0.0,0.0,0.0,0.0,1000.0
2022-09-07T00:00:00,TSC,7.38,6.84,7.31,7.12743,6.86,7.35,2568600.0,2568600.0,0.0,18307516698.0,0.0,0.0,0.0,0.0,0.0,1592.0,4012200.0,890.0,5095700.0,1.0,0.0,72300000.0,0.0,72300000.0,1000.0
2022-09-08T00:00:00,TSC,7.0,6.61,6.87,6.78767,6.65,6.86,2041600.0,2041600.0,0.0,13857707072.0,0.0,0.0,0.0,0.0,0.0,1414.0,3656100.0,890.0,4290400.0,1.0,0.0,-687000.0,0.0,-687000.0,1000.0
2022-09-09T00:00:00,TSC,6.8,6.5,6.64,6.635560000000001,6.67,6.65,1121900.0,1121900.0,0.0,7444434764.0,0.0,0.0,0.0,0.0,0.0,1046.0,2248300.0,549.0,2686100.0,1.0,0.0,0.0,0.0,0.0,1000.0
2022-09-12T00:00:00,TSC,6.85,6.7,6.8,6.763229999999999,6.74,6.67,701500.0,701500.0,0.0,4744405845.0,0.0,0.0,0.0,0.0,0.0,708.0,1475313.0,941.0,2103303.0,1.0,0.0,-1659000.0,0.0,-1659000.0,1000.0
2022-09-13T00:00:00,TSC,6.95,6.7,6.75,6.8587,6.89,6.74,1045000.0,1045000.0,0.0,7167341500.0,0.0,0.0,0.0,42.0,270000.0,999.0,2383387.0,1093.0,2715182.0,1.0,0.0,-2160000.0,0.0,-2160000.0,1000.0
2022-09-14T00:00:00,TSC,6.84,6.65,6.65,6.73674,6.8,6.89,1539100.0,1539100.0,0.0,10368516534.0,0.0,0.0,0.0,0.0,0.0,1123.0,3620210.0,648.0,2731799.0,1.0,0.0,-2698000.0,0.0,-2698000.0,1000.0
2022-09-15T00:00:00,TSC,6.94,6.72,6.81,6.808350000000001,6.77,6.8,1086800.0,1086800.0,0.0,7399314780.0,0.0,0.0,0.0,0.0,0.0,815.0,2002217.0,744.0,2754289.0,1.0,0.0,-683000.0,0.0,-683000.0,1000.0
2022-09-16T00:00:00,TSC,6.99,6.65,6.68,6.77292,6.7,6.77,1336800.0,1336800.0,0.0,9054039456.0,0.0,0.0,0.0,0.0,0.0,1146.0,2915037.0,1040.0,3575413.0,1.0,0.0,-423000.0,0.0,-423000.0,1000.0
2022-09-19T00:00:00,TSC,6.65,6.26,6.65,6.39417,6.26,6.7,2597300.0,2597300.0,0.0,16607577741.0,0.0,0.0,0.0,0.0,0.0,1503.0,4217992.0,877.0,4996611.0,1.0,0.0,-2450000.0,0.0,-2450000.0,1000.0
2022-09-20T00:00:00,TSC,6.4,6.0,6.3,6.20499,6.27,6.26,1446900.0,1446900.0,0.0,8978000031.0,0.0,0.0,0.0,0.0,0.0,1103.0,3622945.0,693.0,4028484.0,1.0,0.0,0.0,0.0,0.0,1000.0
2022-09-21T00:00:00,TSC,6.35,6.15,6.19,6.24696,6.26,6.27,672100.0,672100.0,0.0,4198581816.0,0.0,0.0,0.0,0.0,0.0,680.0,1678594.0,507.0,2513122.0,1.0,0.0,0.0,0.0,0.0,1000.0
2022-09-22T00:00:00,TSC,6.4,6.15,6.26,6.27005,6.27,6.26,1489100.0,1489100.0,0.0,9336731455.0,0.0,0.0,0.0,0.0,0.0,996.0,3087299.0,774.0,3313917.0,1.0,0.0,-620000.0,0.0,-620000.0,1000.0
2022-09-23T00:00:00,TSC,6.55,6.27,6.3,6.44233,6.37,6.27,930900.0,930900.0,0.0,5997164997.0,0.0,0.0,0.0,0.0,0.0,749.0,1935154.0,858.0,2711564.0,1.0,0.0,-185000.0,0.0,-185000.0,1000.0
2022-09-26T00:00:00,TSC,6.34,5.93,6.28,6.09693,6.0,6.37,2141100.0,2141100.0,0.0,13054136823.0,0.0,0.0,0.0,0.0,0.0,1232.0,3189883.0,712.0,4407582.0,1.0,0.0,0.0,0.0,0.0,1000.0
2022-09-27T00:00:00,TSC,6.11,5.99,6.04,6.0488800000000005,6.0,6.0,1051300.0,1051300.0,0.0,6359187544.0,0.0,0.0,0.0,0.0,0.0,618.0,1645077.0,564.0,4204473.0,1.0,0.0,0.0,0.0,0.0,1000.0
2022-09-28T00:00:00,TSC,6.1,5.7,6.1,5.948300000000001,5.79,6.0,1534000.0,1534000.0,0.0,9124692200.0,0.0,0.0,0.0,0.0,0.0,1002.0,2518010.0,586.0,3003551.0,1.0,0.0,-1223000.0,0.0,-1223000.0,1000.0
2022-09-29T00:00:00,TSC,6.05,5.7,5.91,5.8652299999999995,5.7,5.79,1195500.0,1195500.0,0.0,7011882465.0,0.0,0.0,0.0,0.0,0.0,702.0,2043658.0,609.0,2861841.0,1.0,0.0,0.0,0.0,0.0,1000.0
2022-09-30T00:00:00,TSC,5.8,5.34,5.69,5.5656300000000005,5.7,5.7,1426900.0,1426900.0,0.0,7941597447.0,0.0,0.0,0.0,0.0,0.0,888.0,2617913.0,701.0,2802964.0,1.0,0.0,-570000.0,0.0,-570000.0,1000.0
2022-10-03T00:00:00,TSC,5.72,5.31,5.72,5.46262,5.31,5.7,801300.0,801300.0,0.0,4377197406.0,0.0,0.0,0.0,0.0,0.0,516.0,1043609.0,444.0,1865486.0,1.0,0.0,-533000.0,0.0,-533000.0,1000.0
2022-10-04T00:00:00,TSC,5.52,5.1,5.34,5.2427600000000005,5.15,5.31,707000.0,707000.0,0.0,3706631320.0,0.0,0.0,0.0,0.0,0.0,652.0,1887098.0,651.0,2002592.0,1.0,0.0,0.0,0.0,0.0,1000.0
2022-10-05T00:00:00,TSC,5.5,5.19,5.2,5.318020000000001,5.36,5.15,1153400.0,1153400.0,0.0,6133804268.0,0.0,0.0,0.0,0.0,0.0,643.0,2644356.0,504.0,1922540.0,1.0,0.0,0.0,0.0,0.0,1000.0
2022-10-06T00:00:00,TSC,5.4,4.99,5.4,5.11106,4.99,5.36,1203800.0,1203800.0,0.0,6152694028.0,0.0,0.0,0.0,0.0,0.0,752.0,1835626.0,421.0,2401225.0,1.0,0.0,0.0,0.0,0.0,1000.0
2022-10-07T00:00:00,TSC,4.98,4.65,4.71,4.671390000000001,4.65,4.99,1770600.0,1770600.0,0.0,8271163134.0,0.0,0.0,0.0,0.0,0.0,753.0,2413612.0,569.0,2963068.0,1.0,0.0,0.0,0.0,0.0,1000.0
2022-10-10T00:00:00,TSC,4.73,4.43,4.56,4.58958,4.61,4.65,894200.0,894200.0,0.0,4104002436.0,0.0,0.0,0.0,0.0,0.0,675.0,1981344.0,429.0,1328418.0,1.0,0.0,0.0,0.0,0.0,1000.0
2022-10-11T00:00:00,TSC,4.61,4.29,4.6,4.3486400000000005,4.29,4.61,1335600.0,1335600.0,0.0,5808043584.0,0.0,0.0,0.0,0.0,0.0,670.0,2058996.0,430.0,2764711.0,1.0,0.0,0.0,0.0,0.0,1000.0
2022-10-12T00:00:00,TSC,4.56,4.15,4.15,4.4236,4.39,4.29,763700.0,763700.0,0.0,3378303320.0,0.0,0.0,0.0,0.0,0.0,617.0,1936102.0,610.0,2272754.0,1.0,0.0,0.0,0.0,0.0,1000.0
2022-10-13T00:00:00,TSC,4.4,4.2,4.39,4.32445,4.38,4.39,450300.0,450300.0,0.0,1947299835.0,0.0,0.0,0.0,55.0,230000.0,497.0,1183343.0,339.0,1325248.0,1.0,0.0,0.0,0.0,0.0,1000.0
2022-10-14T00:00:00,TSC,4.52,4.44,4.5,4.48166,4.49,4.38,705600.0,705600.0,0.0,3162259296.0,0.0,0.0,0.0,0.0,0.0,663.0,1651856.0,510.0,1550237.0,1.0,0.0,0.0,0.0,0.0,1000.0
2022-10-17T00:00:00,TSC,4.5,4.35,4.45,4.42012,4.47,4.49,400700.0,400700.0,0.0,1771142084.0,0.0,0.0,0.0,0.0,0.0,509.0,969695.0,349.0,991263.0,1.0,0.0,0.0,0.0,0.0,1000.0
2022-10-18T00:00:00,TSC,4.6,4.49,4.5,4.527729999999999,4.5,4.47,818933.0,798600.0,20333.0,3700430458.0,84585280.0,0.0,0.0,0.0,0.0,616.0,1749671.0,520.0,1586567.0,1.0,0.0,0.0,0.0,0.0,1000.0
2022-10-19T00:00:00,TSC,4.64,4.45,4.64,4.495760000000001,4.48,4.5,287300.0,287300.0,0.0,1291631848.0,0.0,0.0,0.0,0.0,0.0,414.0,721521.0,328.0,873841.0,1.0,0.0,0.0,0.0,0.0,1000.0
2022-10-20T00:00:00,TSC,4.48,4.33,4.48,4.37458,4.35,4.48,326500.0,326500.0,0.0,1428300370.0,0.0,0.0,0.0,0.0,0.0,463.0,697699.0,211.0,694833.0,1.0,0.0,0.0,0.0,0.0,1000.0
2022-10-21T00:00:00,TSC,4.36,4.05,4.35,4.09274,4.05,4.35,1511300.0,1511300.0,0.0,6185357962.0,0.0,0.0,0.0,0.0,0.0,680.0,1732385.0,402.0,2601172.0,1.0,0.0,0.0,0.0,0.0,1000.0
2022-10-24T00:00:00,TSC,4.13,3.77,4.01,3.8020300000000002,3.77,4.05,1070800.0,1070800.0,0.0,4071213724.0,0.0,0.0,0.0,0.0,0.0,467.0,1337397.0,354.0,2131236.0,1.0,0.0,0.0,0.0,0.0,1000.0
2022-10-25T00:00:00,TSC,3.8,3.51,3.65,3.59253,3.6,3.77,891900.0,891900.0,0.0,3204177507.0,0.0,0.0,0.0,0.0,0.0,726.0,1429456.0,551.0,2190389.0,1.0,0.0,0.0,0.0,0.0,1000.0
2022-10-26T00:00:00,TSC,3.66,3.47,3.66,3.57694,3.54,3.6,1564800.0,1564800.0,0.0,5597195712.0,0.0,0.0,0.0,0.0,0.0,588.0,2576669.0,423.0,2378309.0,1.0,0.0,0.0,0.0,0.0,1000.0
2022-10-27T00:00:00,TSC,3.75,3.54,3.59,3.61736,3.72,3.54,1337800.0,1337800.0,0.0,4839304208.0,0.0,0.0,0.0,0.0,0.0,641.0,2750905.0,555.0,2092462.0,1.0,0.0,-117000.0,0.0,-117000.0,1000.0
2022-10-28T00:00:00,TSC,3.92,3.72,3.8,3.8240100000000004,3.75,3.72,1161000.0,1161000.0,0.0,4439675610.0,0.0,0.0,0.0,0.0,0.0,701.0,3111597.0,548.0,1864382.0,1.0,0.0,0.0,0.0,0.0,1000.0
2022-10-31T00:00:00,TSC,3.79,3.6,3.77,3.71226,3.75,3.75,1615000.0,915100.0,699900.0,5839740126.0,2442651000.0,0.0,0.0,0.0,0.0,527.0,2106892.0,392.0,2462040.0,1.0,0.0,-1116000.0,0.0,-1116000.0,1000.0
2022-11-01T00:00:00,TSC,3.89,3.68,3.75,3.7998600000000002,3.78,3.75,669300.0,669300.0,0.0,2543246298.0,0.0,0.0,0.0,0.0,0.0,597.0,1660616.0,639.0,1899231.0,1.0,0.0,0.0,0.0,0.0,1000.0
2022-11-02T00:00:00,TSC,3.87,3.68,3.84,3.75944,3.72,3.78,654000.0,654000.0,0.0,2458673760.0,0.0,0.0,0.0,0.0,0.0,604.0,1500584.0,415.0,1778905.0,1.0,0.0,-184000.0,0.0,-184000.0,1000.0
2022-11-03T00:00:00,TSC,3.74,3.67,3.7,3.70278,3.68,3.72,430900.0,430900.0,0.0,1595527902.0,0.0,0.0,0.0,0.0,0.0,490.0,1855338.0,261.0,1400036.0,1.0,0.0,0.0,0.0,0.0,1000.0
2022-11-04T00:00:00,TSC,3.67,3.45,3.66,3.5006,3.49,3.68,778400.0,778400.0,0.0,2724867040.0,0.0,0.0,0.0,0.0,0.0,621.0,1669339.0,331.0,1639115.0,1.0,0.0,0.0,0.0,0.0,1000.0
2022-11-07T00:00:00,TSC,3.65,3.25,3.42,3.3500300000000003,3.25,3.49,1007200.0,1007200.0,0.0,3374150216.0,0.0,0.0,0.0,0.0,0.0,523.0,1275042.0,326.0,2209788.0,1.0,0.0,0.0,0.0,0.0,1000.0
2022-11-08T00:00:00,TSC,3.41,3.1,3.1,3.26521,3.28,3.25,1199600.0,1199600.0,0.0,3916945916.0,0.0,0.0,0.0,0.0,0.0,456.0,1949997.0,378.0,1992144.0,1.0,0.0,0.0,0.0,0.0,1000.0
2022-11-09T00:00:00,TSC,3.43,3.28,3.4,3.3745700000000003,3.29,3.28,389700.0,389700.0,0.0,1315069929.0,0.0,0.0,0.0,0.0,0.0,377.0,1117752.0,447.0,1261744.0,1.0,0.0,-336000.0,0.0,-336000.0,1000.0
2022-11-10T00:00:00,TSC,3.32,3.06,3.32,3.0816500000000002,3.06,3.29,1333200.0,1333200.0,0.0,4108455780.0,0.0,0.0,0.0,0.0,0.0,451.0,1508232.0,472.0,2558504.0,1.0,0.0,0.0,0.0,0.0,1000.0
2022-11-11T00:00:00,TSC,3.17,2.9,3.1,3.09277,3.1,3.06,993200.0,993200.0,0.0,3071739164.0,0.0,0.0,0.0,0.0,0.0,370.0,1502575.0,496.0,2001092.0,1.0,0.0,0.0,0.0,0.0,1000.0
2022-11-14T00:00:00,TSC,3.1,2.89,3.09,2.94319,3.1,3.1,1288900.0,1288900.0,0.0,3793477591.0,0.0,0.0,0.0,0.0,0.0,424.0,1478513.0,427.0,1722124.0,1.0,0.0,-310000.0,0.0,-310000.0,1000.0
2022-11-15T00:00:00,TSC,3.1,2.89,2.89,2.89349,2.89,3.1,948700.0,948700.0,0.0,2745053963.0,0.0,0.0,0.0,0.0,0.0,275.0,995338.0,323.0,2084076.0,1.0,0.0,0.0,0.0,0.0,1000.0
2022-11-16T00:00:00,TSC,3.09,2.69,2.69,2.81551,3.06,2.89,1626000.0,1626000.0,0.0,4578019260.0,0.0,0.0,0.0,0.0,0.0,626.0,2553001.0,484.0,2347792.0,1.0,0.0,0.0,0.0,0.0,1000.0
2022-11-17T00:00:00,TSC,3.14,3.05,3.13,3.0981799999999997,3.14,3.06,720800.0,720800.0,0.0,2233168144.0,0.0,0.0,0.0,0.0,0.0,568.0,1778040.0,465.0,1489651.0,1.0,0.0,0.0,0.0,0.0,1000.0
2022-11-18T00:00:00,TSC,3.25,2.99,3.14,3.1249499999999997,3.17,3.14,815000.0,815000.0,0.0,2546834250.0,0.0,0.0,0.0,0.0,0.0,623.0,2366428.0,606.0,1823118.0,1.0,0.0,0.0,0.0,0.0,1000.0
2022-11-21T00:00:00,TSC,3.37,3.17,3.27,3.26279,3.25,3.17,1330800.0,1330800.0,0.0,4342120932.0,0.0,0.0,0.0,0.0,0.0,578.0,2667792.0,534.0,2000253.0,1.0,0.0,-107000.0,0.0,-107000.0,1000.0
2022-11-22T00:00:00,TSC,3.47,3.25,3.32,3.4350500000000004,3.47,3.25,1743600.0,1743600.0,0.0,5989353180.0,0.0,0.0,0.0,0.0,0.0,720.0,2900857.0,533.0,2327328.0,1.0,0.0,0.0,0.0,0.0,1000.0
2022-11-23T00:00:00,TSC,3.59,3.3,3.5,3.42813,3.3,3.47,851600.0,851600.0,0.0,2919395508.0,0.0,0.0,0.0,0.0,0.0,516.0,1151645.0,577.0,2155928.0,1.0,0.0,-350000.0,0.0,-350000.0,1000.0
2022-11-24T00:00:00,TSC,3.37,3.15,3.37,3.276,3.3,3.3,1107500.0,1107500.0,0.0,3628170000.0,0.0,0.0,0.0,0.0,0.0,460.0,1797528.0,304.0,1999900.0,1.0,0.0,0.0,0.0,0.0,1000.0
2022-11-25T00:00:00,TSC,3.46,3.31,3.4,3.39954,3.46,3.3,810300.0,810300.0,0.0,2754647262.0,0.0,0.0,0.0,0.0,0.0,456.0,1558826.0,443.0,1298306.0,1.0,0.0,0.0,0.0,0.0,1000.0
2022-11-28T00:00:00,TSC,3.7,3.46,3.46,3.67412,3.7,3.46,1109400.0,1109400.0,0.0,4076068728.0,0.0,0.0,0.0,0.0,0.0,538.0,2280678.0,436.0,1363890.0,1.0,0.0,0.0,0.0,0.0,1000.0
2022-11-29T00:00:00,TSC,3.94,3.6,3.89,3.82215,3.8,3.7,1297600.0,1297600.0,0.0,4959621840.0,0.0,0.0,0.0,800.0,3010000.0,949.0,2450368.0,711.0,2778675.0,1.0,0.0,0.0,0.0,0.0,1000.0
2022-11-30T00:00:00,TSC,4.0,3.75,3.8,3.8796,3.9,3.8,1249100.0,1249100.0,0.0,4846008360.0,0.0,0.0,0.0,0.0,0.0,747.0,2942971.0,692.0,2677520.0,1.0,0.0,0.0,0.0,0.0,1000.0
2022-12-01T00:00:00,TSC,4.16,3.91,4.0,4.05727,3.95,3.9,2027400.0,2027400.0,0.0,8225709198.0,0.0,0.0,0.0,0.0,0.0,1195.0,3677247.0,834.0,3497149.0,1.0,0.0,0.0,0.0,0.0,1000.0
2022-12-02T00:00:00,TSC,4.1,3.68,3.95,3.93302,4.0,3.95,1703400.0,1703400.0,0.0,6699506268.0,0.0,0.0,0.0,100.0,390000.0,1071.0,2893548.0,632.0,3311102.0,1.0,0.0,0.0,0.0,0.0,1000.0
2022-12-05T00:00:00,TSC,4.17,3.99,4.16,4.07539,4.09,4.0,2447400.0,2447400.0,0.0,9974109486.0,0.0,0.0,0.0,0.0,0.0,1306.0,4272573.0,693.0,4427418.0,1.0,0.0,0.0,0.0,0.0,1000.0
2022-12-06T00:00:00,TSC,4.37,3.95,4.02,4.27338,4.37,4.09,4579500.0,4579500.0,0.0,19569943710.0,0.0,0.0,0.0,0.0,0.0,1845.0,8173697.0,1068.0,5892265.0,1.0,0.0,0.0,0.0,0.0,1000.0
2022-12-07T00:00:00,TSC,4.6,4.08,4.37,4.30789,4.29,4.37,1961400.0,1961400.0,0.0,8449495446.0,0.0,0.0,0.0,0.0,0.0,984.0,2793815.0,979.0,4045728.0,1.0,0.0,0.0,0.0,0.0,1000.0
2022-12-08T00:00:00,TSC,4.4,3.99,4.29,4.1562600000000005,3.99,4.29,2630600.0,2630600.0,0.0,10933457556.0,0.0,0.0,0.0,0.0,0.0,1486.0,3395312.0,1105.0,5717492.0,1.0,0.0,0.0,0.0,0.0,1000.0
2022-12-09T00:00:00,TSC,4.06,3.85,4.0,3.95321,3.99,3.99,1046200.0,1046200.0,0.0,4135848302.0,0.0,0.0,0.0,0.0,0.0,918.0,2264902.0,634.0,2393122.0,1.0,0.0,0.0,0.0,0.0,1000.0
2022-12-12T00:00:00,TSC,4.15,3.9,4.06,4.02524,3.91,3.99,1044800.0,1044800.0,0.0,4205570752.0,0.0,0.0,0.0,0.0,0.0,777.0,1739583.0,599.0,2514249.0,1.0,0.0,0.0,0.0,0.0,1000.0
2022-12-13T00:00:00,TSC,4.1,3.76,3.83,3.90833,3.88,3.91,875800.0,875800.0,0.0,3422915414.0,0.0,0.0,0.0,0.0,0.0,655.0,1528303.0,544.0,2572603.0,1.0,0.0,0.0,0.0,0.0,1000.0
2022-12-14T00:00:00,TSC,4.1,3.94,3.95,3.99829,4.0,3.88,933800.0,933800.0,0.0,3733603202.0,0.0,0.0,0.0,0.0,0.0,541.0,1890605.0,665.0,2374112.0,1.0,0.0,0.0,0.0,0.0,1000.0
2022-12-15T00:00:00,TSC,4.04,3.94,4.01,3.9816,3.95,4.0,953300.0,953300.0,0.0,3795659280.0,0.0,0.0,0.0,0.0,0.0,551.0,1377361.0,525.0,2537250.0,1.0,0.0,0.0,0.0,0.0,1000.0
2022-12-16T00:00:00,TSC,4.06,3.71,3.9,3.9393200000000004,4.0,3.95,2517800.0,2517800.0,0.0,9918419896.0,0.0,0.0,0.0,0.0,0.0,1502.0,4881619.0,760.0,4261994.0,1.0,0.0,0.0,0.0,0.0,1000.0
2022-12-19T00:00:00,TSC,4.04,3.92,4.01,4.00596,3.92,4.0,942400.0,942400.0,0.0,3775216704.0,0.0,0.0,0.0,2800.0,11140000.0,666.0,1583200.0,552.0,2060997.0,1.0,0.0,0.0,0.0,0.0,1000.0
2022-12-20T00:00:00,TSC,3.99,3.65,3.99,3.6967600000000003,3.65,3.92,1947700.0,1947700.0,0.0,7200179452.0,0.0,0.0,0.0,0.0,0.0,1059.0,2337746.0,816.0,4649223.0,1.0,0.0,0.0,0.0,0.0,1000.0
2022-12-21T00:00:00,TSC,3.75,3.4,3.63,3.45753,3.4,3.65,1439300.0,1439300.0,0.0,4976422929.0,0.0,0.0,0.0,0.0,0.0,910.0,1755226.0,568.0,3007612.0,1.0,0.0,0.0,0.0,0.0,1000.0
2022-12-22T00:00:00,TSC,3.48,3.22,3.4,3.3537199999999996,3.4,3.4,961100.0,961100.0,0.0,3223260292.0,0.0,0.0,0.0,0.0,0.0,760.0,1931104.0,490.0,2121657.0,1.0,0.0,0.0,0.0,0.0,1000.0
2022-12-23T00:00:00,TSC,3.4,3.3,3.3,3.36161,3.38,3.4,651600.0,651600.0,0.0,2190425076.0,0.0,0.0,0.0,0.0,0.0,554.0,1374748.0,345.0,1434818.0,1.0,0.0,0.0,0.0,0.0,1000.0
2022-12-26T00:00:00,TSC,3.4,3.15,3.38,3.26504,3.15,3.38,663100.0,663100.0,0.0,2165048024.0,0.0,0.0,0.0,0.0,0.0,427.0,798394.0,357.0,1660281.0,1.0,0.0,0.0,0.0,0.0,1000.0
2022-12-27T00:00:00,TSC,3.3,3.1,3.18,3.19408,3.25,3.15,1035600.0,1035600.0,0.0,3307789248.0,0.0,0.0,0.0,0.0,0.0,503.0,2063002.0,427.0,1840742.0,1.0,0.0,0.0,0.0,0.0,1000.0
2022-12-28T00:00:00,TSC,3.43,3.23,3.32,3.3482600000000002,3.35,3.25,728500.0,728500.0,0.0,2439207410.0,0.0,0.0,0.0,0.0,0.0,431.0,1206466.0,424.0,1672407.0,1.0,0.0,0.0,0.0,0.0,1000.0
2022-12-29T00:00:00,TSC,3.43,3.3,3.39,3.34922,3.35,3.35,569500.0,569500.0,0.0,1907380790.0,0.0,0.0,0.0,0.0,0.0,348.0,1030603.0,354.0,1260621.0,1.0,0.0,0.0,0.0,0.0,1000.0
2022-12-30T00:00:00,TSC,3.4,3.16,3.33,3.29162,3.16,3.35,667100.0,667100.0,0.0,2195839702.0,0.0,0.0,0.0,43.0,140000.0,405.0,1245006.0,329.0,2441191.0,1.0,0.0,0.0,0.0,0.0,1000.0
2023-01-03T00:00:00,TSC,3.38,3.17,3.17,3.34763,3.38,3.16,855000.0,855000.0,0.0,2862223650.0,0.0,0.0,0.0,0.0,0.0,517.0,1690194.0,329.0,1075586.0,1.0,0.0,0.0,0.0,0.0,1000.0
2023-01-04T00:00:00,TSC,3.55,3.38,3.43,3.46839,3.42,3.38,864100.0,864100.0,0.0,2997035799.0,0.0,0.0,0.0,0.0,0.0,534.0,1629789.0,480.0,2113524.0,1.0,0.0,0.0,0.0,0.0,1000.0
2023-01-05T00:00:00,TSC,3.6,3.3,3.48,3.50229,3.51,3.42,1577300.0,1577300.0,0.0,5524162017.0,0.0,0.0,0.0,0.0,0.0,672.0,2379271.0,653.0,2773829.0,1.0,0.0,0.0,0.0,0.0,1000.0
2023-01-06T00:00:00,TSC,3.55,3.4,3.51,3.45831,3.41,3.51,1053000.0,1053000.0,0.0,3641600430.0,0.0,0.0,0.0,0.0,0.0,536.0,1660511.0,343.0,1977190.0,1.0,0.0,0.0,0.0,0.0,1000.0
2023-01-09T00:00:00,TSC,3.6,3.35,3.45,3.45073,3.38,3.41,858000.0,858000.0,0.0,2960726340.0,0.0,0.0,0.0,0.0,0.0,415.0,1481558.0,393.0,1863575.0,1.0,0.0,0.0,0.0,0.0,1000.0
2023-01-10T00:00:00,TSC,3.48,3.28,3.38,3.3384899999999997,3.38,3.38,520600.0,520600.0,0.0,1738017894.0,0.0,0.0,0.0,0.0,0.0,455.0,1075455.0,365.0,1380331.0,1.0,0.0,0.0,0.0,0.0,1000.0
2023-01-11T00:00:00,TSC,3.48,3.37,3.41,3.41223,3.38,3.38,589500.0,589500.0,0.0,2011509585.0,0.0,0.0,0.0,0.0,0.0,378.0,1086646.0,381.0,1504955.0,1.0,0.0,0.0,0.0,0.0,1000.0
2023-01-12T00:00:00,TSC,3.53,3.35,3.45,3.38929,3.37,3.38,2042100.0,2042100.0,0.0,6921269109.0,0.0,0.0,0.0,0.0,0.0,472.0,3435159.0,439.0,3116258.0,1.0,0.0,-84336000.0,0.0,-84336000.0,1000.0
2023-01-13T00:00:00,TSC,3.5,3.36,3.5,3.39907,3.37,3.37,570100.0,570100.0,0.0,1937809807.0,0.0,0.0,0.0,0.0,0.0,429.0,1374788.0,389.0,1628790.0,1.0,0.0,0.0,0.0,0.0,1000.0
2023-01-16T00:00:00,TSC,3.43,3.31,3.4,3.3605500000000004,3.32,3.37,317000.0,317000.0,0.0,1065294350.0,0.0,0.0,0.0,0.0,0.0,357.0,1085698.0,323.0,1094803.0,1.0,0.0,-1005000.0,0.0,-1005000.0,1000.0
2023-01-17T00:00:00,TSC,3.4,3.32,3.32,3.35797,3.4,3.32,879600.0,879600.0,0.0,2953670412.0,0.0,0.0,0.0,0.0,0.0,426.0,1667669.0,347.0,1502750.0,1.0,0.0,0.0,0.0,0.0,1000.0
2023-01-18T00:00:00,TSC,3.56,3.4,3.4,3.47758,3.5,3.4,863500.0,863500.0,0.0,3002890330.0,0.0,0.0,0.0,0.0,0.0,548.0,1760020.0,552.0,1710188.0,1.0,0.0,0.0,0.0,0.0,1000.0
2023-01-19T00:00:00,TSC,3.6,3.5,3.52,3.55701,3.57,3.5,580800.0,580800.0,0.0,2065911408.0,0.0,0.0,0.0,0.0,0.0,664.0,1434149.0,504.0,1279585.0,1.0,0.0,0.0,0.0,0.0,1000.0
2023-01-27T00:00:00,TSC,3.8,3.63,3.76,3.72702,3.72,3.57,1206300.0,1206300.0,0.0,4495904226.0,0.0,0.0,0.0,0.0,0.0,763.0,3123658.0,639.0,1887384.0,1.0,0.0,0.0,0.0,0.0,1000.0
2023-01-30T00:00:00,TSC,3.95,3.7,3.78,3.8269699999999998,3.88,3.72,1311300.0,1311300.0,0.0,5018305761.0,0.0,0.0,0.0,0.0,0.0,860.0,2609293.0,838.0,2846107.0,1.0,0.0,0.0,0.0,0.0,1000.0
2023-01-31T00:00:00,TSC,3.86,3.7,3.83,3.74858,3.76,3.88,1437100.0,1437100.0,0.0,5387084318.0,0.0,0.0,0.0,0.0,0.0,1041.0,2263397.0,554.0,3041747.0,1.0,0.0,0.0,0.0,0.0,1000.0
2023-02-01T00:00:00,TSC,3.9,3.6,3.82,3.76283,3.6,3.76,1101200.0,1101200.0,0.0,4143628396.0,0.0,0.0,0.0,0.0,0.0,818.0,1814110.0,604.0,2710468.0,1.0,0.0,0.0,0.0,0.0,1000.0
2023-02-02T00:00:00,TSC,3.65,3.4,3.6,3.5056700000000003,3.4,3.6,761600.0,761600.0,0.0,2669918272.0,0.0,0.0,0.0,0.0,0.0,742.0,1197973.0,359.0,1415684.0,1.0,0.0,0.0,0.0,0.0,1000.0
2023-02-03T00:00:00,TSC,3.55,3.4,3.47,3.44896,3.47,3.4,1033100.0,1033100.0,0.0,3563120576.0,0.0,0.0,0.0,0.0,0.0,649.0,2048104.0,404.0,1698228.0,1.0,0.0,0.0,0.0,0.0,1000.0
2023-02-06T00:00:00,TSC,3.58,3.4,3.48,3.49544,3.52,3.47,699100.0,699100.0,0.0,2443662104.0,0.0,0.0,0.0,0.0,0.0,571.0,1641662.0,354.0,1476087.0,1.0,0.0,0.0,0.0,0.0,1000.0
2023-02-07T00:00:00,TSC,3.61,3.47,3.6,3.53846,3.5,3.52,576700.0,576700.0,0.0,2040629882.0,0.0,0.0,0.0,0.0,0.0,456.0,1186886.0,461.0,1518025.0,1.0,0.0,0.0,0.0,0.0,1000.0
2023-02-08T00:00:00,TSC,3.74,3.48,3.51,3.73149,3.74,3.5,2708700.0,2708700.0,0.0,10107486963.0,0.0,0.0,0.0,0.0,0.0,783.0,5624771.0,635.0,2825474.0,1.0,0.0,0.0,0.0,0.0,1000.0
2023-02-09T00:00:00,TSC,4.0,3.75,3.9,3.95532,4.0,3.74,3934000.0,3934000.0,0.0,15560228880.0,0.0,0.0,0.0,0.0,0.0,1260.0,6227267.0,1292.0,4817247.0,1.0,0.0,0.0,0.0,0.0,1000.0
2023-02-10T00:00:00,TSC,4.11,3.72,4.0,3.88444,3.72,4.0,2140300.0,2140300.0,0.0,8313866932.0,0.0,0.0,0.0,0.0,0.0,1278.0,3233651.0,1164.0,5231453.0,1.0,0.0,0.0,0.0,0.0,1000.0
2023-02-13T00:00:00,TSC,3.83,3.46,3.72,3.56345,3.46,3.72,1762200.0,1762200.0,0.0,6279511590.0,0.0,0.0,0.0,0.0,0.0,1049.0,2518809.0,603.0,2971996.0,1.0,0.0,0.0,0.0,0.0,1000.0
2023-02-14T00:00:00,TSC,3.53,3.4,3.47,3.47138,3.49,3.46,614500.0,614500.0,0.0,2133163010.0,0.0,0.0,0.0,0.0,0.0,725.0,1580167.0,338.0,1371436.0,1.0,0.0,0.0,0.0,0.0,1000.0
2023-02-15T00:00:00,TSC,3.7,3.47,3.5,3.60498,3.6,3.49,794800.0,794800.0,0.0,2865238104.0,0.0,0.0,0.0,0.0,0.0,526.0,1519451.0,513.0,1953826.0,1.0,0.0,0.0,0.0,0.0,1000.0
2023-02-16T00:00:00,TSC,3.67,3.58,3.61,3.62972,3.64,3.6,868500.0,868500.0,0.0,3152411820.0,0.0,0.0,0.0,0.0,0.0,494.0,1456901.0,442.0,1529481.0,1.0,0.0,0.0,0.0,0.0,1000.0
2023-02-17T00:00:00,TSC,3.67,3.57,3.65,3.61628,3.6,3.64,549000.0,549000.0,0.0,1985337720.0,0.0,0.0,0.0,0.0,0.0,603.0,1124611.0,441.0,1576934.0,1.0,0.0,0.0,0.0,0.0,1000.0
2023-02-20T00:00:00,TSC,3.85,3.64,3.64,3.76813,3.85,3.6,2200700.0,2200700.0,0.0,8292523691.0,0.0,0.0,0.0,0.0,0.0,794.0,4265133.0,644.0,2701930.0,1.0,0.0,0.0,0.0,0.0,1000.0
2023-02-21T00:00:00,TSC,4.07,3.84,3.94,3.93915,3.85,3.85,2581600.0,2581600.0,0.0,10169309640.0,0.0,0.0,0.0,0.0,0.0,921.0,4003475.0,1258.0,5047779.0,1.0,0.0,0.0,0.0,0.0,1000.0
2023-02-22T00:00:00,TSC,3.88,3.66,3.78,3.77823,3.8,3.85,1916900.0,1916900.0,0.0,7242489087.0,0.0,0.0,0.0,0.0,0.0,1277.0,3887157.0,697.0,3178076.0,1.0,0.0,0.0,0.0,0.0,1000.0
2023-02-23T00:00:00,TSC,3.8,3.64,3.75,3.70215,3.78,3.8,744200.0,744200.0,0.0,2755140030.0,0.0,0.0,0.0,0.0,0.0,801.0,1633630.0,455.0,1657580.0,1.0,0.0,0.0,0.0,0.0,1000.0
2023-02-24T00:00:00,TSC,3.85,3.6,3.8,3.7459000000000002,3.6,3.78,727000.0,727000.0,0.0,2723269300.0,0.0,0.0,0.0,0.0,0.0,707.0,1685907.0,538.0,2272813.0,1.0,0.0,0.0,0.0,0.0,1000.0
2023-02-27T00:00:00,TSC,3.65,3.55,3.6,3.59216,3.64,3.6,831100.0,831100.0,0.0,2985444176.0,0.0,0.0,0.0,0.0,0.0,717.0,2029501.0,430.0,1531487.0,1.0,0.0,-236000.0,0.0,-236000.0,1000.0
2023-02-28T00:00:00,TSC,3.82,3.64,3.64,3.7456,3.73,3.64,1144800.0,1144800.0,0.0,4287962880.0,0.0,0.0,0.0,0.0,0.0,707.0,1965478.0,686.0,2257375.0,1.0,0.0,0.0,0.0,0.0,1000.0
2023-03-01T00:00:00,TSC,3.8,3.6,3.68,3.72214,3.78,3.73,788800.0,788800.0,0.0,2936024032.0,0.0,0.0,0.0,0.0,0.0,584.0,1581877.0,459.0,1894623.0,1.0,0.0,0.0,0.0,0.0,1000.0
2023-03-02T00:00:00,TSC,3.87,3.69,3.79,3.77796,3.69,3.78,864400.0,864400.0,0.0,3265668624.0,0.0,0.0,0.0,0.0,0.0,604.0,1626767.0,610.0,2496856.0,1.0,0.0,0.0,0.0,0.0,1000.0
2023-03-03T00:00:00,TSC,3.75,3.61,3.75,3.6831799999999997,3.63,3.69,634900.0,634900.0,0.0,2338450982.0,0.0,0.0,0.0,0.0,0.0,457.0,1066977.0,383.0,1545422.0,1.0,0.0,0.0,0.0,0.0,1000.0
2023-03-06T00:00:00,TSC,3.88,3.65,3.65,3.79348,3.75,3.63,1565400.0,1565400.0,0.0,5938313592.0,0.0,0.0,0.0,0.0,0.0,556.0,2757403.0,617.0,2975862.0,1.0,0.0,-123000.0,0.0,-123000.0,1000.0
2023-03-07T00:00:00,TSC,3.79,3.68,3.79,3.7229099999999997,3.68,3.75,578000.0,578000.0,0.0,2151841980.0,0.0,0.0,0.0,0.0,0.0,382.0,1089440.0,489.0,1981972.0,1.0,0.0,0.0,0.0,0.0,1000.0
2023-03-08T00:00:00,TSC,3.7,3.6,3.65,3.64241,3.7,3.68,1087000.0,1087000.0,0.0,3959299670.0,0.0,0.0,0.0,0.0,0.0,712.0,1851980.0,393.0,2238598.0,1.0,0.0,0.0,0.0,0.0,1000.0
2023-03-09T00:00:00,TSC,3.85,3.7,3.73,3.7915799999999997,3.8,3.7,1609300.0,1609300.0,0.0,6101789694.0,0.0,0.0,0.0,0.0,0.0,587.0,3022149.0,883.0,3856741.0,1.0,0.0,0.0,0.0,0.0,1000.0
2023-03-10T00:00:00,TSC,3.8,3.7,3.75,3.75321,3.79,3.8,678300.0,678300.0,0.0,2545802343.0,0.0,0.0,0.0,0.0,0.0,498.0,1819055.0,420.0,1541352.0,1.0,0.0,0.0,0.0,0.0,1000.0
2023-03-13T00:00:00,TSC,3.78,3.68,3.75,3.72969,3.73,3.79,1340500.0,1340500.0,0.0,4999649445.0,0.0,0.0,0.0,0.0,0.0,690.0,2005450.0,455.0,3326590.0,1.0,0.0,0.0,0.0,0.0,1000.0
2023-03-14T00:00:00,TSC,3.77,3.56,3.71,3.62976,3.58,3.73,1222800.0,1222800.0,0.0,4438470528.0,0.0,0.0,0.0,0.0,0.0,899.0,2168716.0,472.0,3026876.0,1.0,0.0,0.0,0.0,0.0,1000.0
2023-03-15T00:00:00,TSC,3.7,3.61,3.69,3.6608400000000003,3.67,3.58,487200.0,487200.0,0.0,1783561248.0,0.0,0.0,0.0,0.0,0.0,404.0,1220905.0,387.0,1286384.0,1.0,0.0,0.0,0.0,0.0,1000.0
2023-03-16T00:00:00,TSC,3.67,3.58,3.66,3.5965599999999998,3.59,3.67,640300.0,640300.0,0.0,2302877368.0,0.0,0.0,0.0,1.0,0.0,631.0,1281150.0,378.0,1493694.0,1.0,0.0,0.0,0.0,0.0,1000.0
2023-03-17T00:00:00,TSC,3.67,3.57,3.67,3.59375,3.57,3.59,434000.0,434000.0,0.0,1559687500.0,0.0,0.0,0.0,26.0,90000.0,440.0,954342.0,346.0,1354087.0,1.0,0.0,0.0,0.0,0.0,1000.0
2023-03-20T00:00:00,TSC,3.59,3.45,3.55,3.50264,3.46,3.57,1017500.0,1017500.0,0.0,3563936200.0,0.0,0.0,0.0,0.0,0.0,814.0,1634736.0,400.0,1845055.0,1.0,0.0,0.0,0.0,0.0,1000.0
2023-03-21T00:00:00,TSC,3.56,3.45,3.5,3.5001599999999997,3.52,3.46,558100.0,558100.0,0.0,1953439296.0,0.0,0.0,0.0,0.0,0.0,433.0,1332124.0,376.0,1272055.0,1.0,0.0,0.0,0.0,0.0,1000.0
2023-03-22T00:00:00,TSC,3.56,3.5,3.56,3.5147,3.52,3.52,310900.0,310900.0,0.0,1092720230.0,0.0,0.0,0.0,0.0,0.0,277.0,490871.0,298.0,1200600.0,1.0,0.0,0.0,0.0,0.0,1000.0
2023-03-23T00:00:00,TSC,3.52,3.28,3.52,3.42664,3.43,3.52,469200.0,469200.0,0.0,1607779488.0,0.0,0.0,0.0,0.0,0.0,681.0,1303321.0,306.0,1279392.0,1.0,0.0,0.0,0.0,0.0,1000.0
2023-03-24T00:00:00,TSC,3.49,3.42,3.49,3.44847,3.44,3.43,883800.0,371800.0,512000.0,2915421146.0,1633280000.0,0.0,0.0,0.0,0.0,491.0,1089628.0,291.0,1086116.0,1.0,0.0,0.0,0.0,0.0,1000.0
2023-03-27T00:00:00,TSC,3.49,3.42,3.47,3.45228,3.46,3.44,356000.0,356000.0,0.0,1229011680.0,0.0,0.0,0.0,0.0,0.0,438.0,811706.0,298.0,857267.0,1.0,0.0,0.0,0.0,0.0,1000.0
2023-03-28T00:00:00,TSC,3.54,3.46,3.5,3.49042,3.46,3.46,467500.0,467500.0,0.0,1631771350.0,0.0,0.0,0.0,0.0,0.0,380.0,851160.0,393.0,1184051.0,1.0,0.0,0.0,0.0,0.0,1000.0
2023-03-29T00:00:00,TSC,3.5,3.42,3.5,3.45005,3.48,3.46,526400.0,526400.0,0.0,1816106320.0,0.0,0.0,0.0,0.0,0.0,467.0,1107836.0,309.0,1093092.0,1.0,0.0,0.0,0.0,0.0,1000.0
2023-03-30T00:00:00,TSC,3.5,3.46,3.5,3.47647,3.47,3.48,562800.0,562800.0,0.0,1956557316.0,0.0,0.0,0.0,0.0,0.0,591.0,1381805.0,333.0,1575897.0,1.0,0.0,-2422000.0,0.0,-2422000.0,1000.0
2023-03-31T00:00:00,TSC,3.49,3.42,3.49,3.44472,3.43,3.47,487600.0,487600.0,0.0,1679645472.0,0.0,0.0,0.0,0.0,0.0,469.0,846333.0,333.0,1138191.0,1.0,0.0,0.0,0.0,0.0,1000.0
2023-04-03T00:00:00,TSC,3.49,3.43,3.48,3.45385,3.49,3.43,1350300.0,1350300.0,0.0,4663733655.0,0.0,0.0,0.0,0.0,0.0,659.0,1863430.0,424.0,2141405.0,1.0,0.0,0.0,0.0,0.0,1000.0
2023-04-04T00:00:00,TSC,3.54,3.43,3.49,3.4946599999999997,3.52,3.49,1810100.0,1810100.0,0.0,6325684066.0,0.0,0.0,0.0,0.0,0.0,1062.0,3743226.0,594.0,2624941.0,1.0,0.0,0.0,0.0,0.0,1000.0
2023-04-05T00:00:00,TSC,3.68,3.52,3.58,3.59535,3.68,3.52,1909100.0,1909100.0,0.0,6863882685.0,0.0,0.0,0.0,0.0,0.0,954.0,3423215.0,804.0,2939167.0,1.0,0.0,0.0,0.0,0.0,1000.0
2023-04-06T00:00:00,TSC,3.78,3.62,3.78,3.69401,3.62,3.68,1677800.0,1677800.0,0.0,6197809978.0,0.0,0.0,0.0,0.0,0.0,908.0,2395558.0,995.0,3373470.0,1.0,0.0,0.0,0.0,0.0,1000.0
2023-04-07T00:00:00,TSC,3.62,3.5,3.59,3.55777,3.55,3.62,825000.0,825000.0,0.0,2935160250.0,0.0,0.0,0.0,0.0,0.0,877.0,1648357.0,507.0,2064943.0,1.0,0.0,0.0,0.0,0.0,1000.0
2023-04-10T00:00:00,TSC,3.63,3.5,3.6,3.5640500000000004,3.56,3.55,867700.0,867700.0,0.0,3092526185.0,0.0,0.0,0.0,0.0,0.0,681.0,1873080.0,571.0,2115364.0,1.0,0.0,0.0,0.0,0.0,1000.0
2023-04-11T00:00:00,TSC,3.65,3.55,3.57,3.60088,3.61,3.56,780200.0,780200.0,0.0,2809406576.0,0.0,0.0,0.0,0.0,0.0,672.0,1826071.0,672.0,2115943.0,1.0,0.0,0.0,0.0,0.0,1000.0
2023-04-12T00:00:00,TSC,3.65,3.58,3.62,3.6037600000000003,3.6,3.61,613000.0,613000.0,0.0,2209104880.0,0.0,0.0,0.0,0.0,0.0,571.0,1577613.0,535.0,1999248.0,1.0,0.0,-360000.0,0.0,-360000.0,1000.0
2023-04-13T00:00:00,TSC,3.6,3.5,3.6,3.54109,3.54,3.6,724300.0,724300.0,0.0,2564811487.0,0.0,0.0,0.0,0.0,0.0,780.0,2168565.0,439.0,1914265.0,1.0,0.0,0.0,0.0,0.0,1000.0
2023-04-14T00:00:00,TSC,3.59,3.52,3.54,3.5467,3.52,3.54,447400.0,447400.0,0.0,1586793580.0,0.0,0.0,0.0,0.0,0.0,453.0,1495303.0,417.0,1581756.0,1.0,0.0,0.0,0.0,0.0,1000.0
2023-04-17T00:00:00,TSC,3.54,3.45,3.54,3.49743,3.48,3.52,506700.0,506700.0,0.0,1772147781.0,0.0,0.0,0.0,0.0,0.0,497.0,1377173.0,352.0,1133264.0,1.0,0.0,0.0,0.0,0.0,1000.0
2023-04-18T00:00:00,TSC,3.53,3.44,3.49,3.4566,3.44,3.48,646300.0,646300.0,0.0,2234000580.0,0.0,0.0,0.0,0.0,0.0,627.0,1463642.0,304.0,1413111.0,1.0,0.0,0.0,0.0,0.0,1000.0
2023-04-19T00:00:00,TSC,3.53,3.43,3.45,3.46786,3.48,3.44,408300.0,408300.0,0.0,1415927238.0,0.0,0.0,0.0,0.0,0.0,437.0,1395814.0,363.0,1101798.0,1.0,0.0,0.0,0.0,0.0,1000.0
2023-04-20T00:00:00,TSC,3.66,3.48,3.48,3.58183,3.58,3.48,1317300.0,1317300.0,0.0,4718344659.0,0.0,0.0,0.0,0.0,0.0,643.0,2504440.0,797.0,2619120.0,1.0,0.0,0.0,0.0,0.0,1000.0
2023-04-21T00:00:00,TSC,3.62,3.5,3.6,3.5522,3.52,3.58,467800.0,467800.0,0.0,1661719160.0,0.0,0.0,0.0,0.0,0.0,503.0,1244856.0,578.0,1885449.0,1.0,0.0,0.0,0.0,0.0,1000.0
2023-04-24T00:00:00,TSC,3.54,3.44,3.52,3.4757800000000003,3.44,3.52,770900.0,770900.0,0.0,2679478802.0,0.0,0.0,0.0,0.0,0.0,480.0,1492451.0,348.0,1590905.0,1.0,0.0,0.0,0.0,0.0,1000.0
2023-04-25T00:00:00,TSC,3.51,3.43,3.45,3.4563099999999998,3.45,3.44,884200.0,884200.0,0.0,3056069302.0,0.0,0.0,0.0,0.0,0.0,590.0,2081539.0,369.0,1852759.0,1.0,0.0,0.0,0.0,0.0,1000.0
2023-04-26T00:00:00,TSC,3.48,3.41,3.47,3.44607,3.46,3.45,377700.0,377700.0,0.0,1301580639.0,0.0,0.0,0.0,0.0,0.0,439.0,1038426.0,304.0,1166966.0,1.0,0.0,0.0,0.0,0.0,1000.0
2023-04-27T00:00:00,TSC,3.5,3.43,3.5,3.45554,3.46,3.46,341300.0,341300.0,0.0,1179375802.0,0.0,0.0,0.0,0.0,0.0,424.0,783601.0,360.0,1244996.0,1.0,0.0,0.0,0.0,0.0,1000.0
2023-04-28T00:00:00,TSC,3.7,3.66,3.7,3.69771,3.7,3.46,4762400.0,4762400.0,0.0,17609974104.0,0.0,0.0,0.0,0.0,0.0,1005.0,9504850.0,1013.0,5282974.0,1.0,0.0,0.0,0.0,0.0,1000.0
2023-05-04T00:00:00,TSC,3.79,3.59,3.72,3.6545799999999997,3.63,3.7,1020700.0,1020700.0,0.0,3730229806.0,0.0,0.0,0.0,0.0,0.0,705.0,2021790.0,676.0,2896272.0,1.0,0.0,0.0,0.0,0.0,1000.0
2023-05-05T00:00:00,TSC,3.67,3.55,3.63,3.60998,3.55,3.63,2829100.0,2829100.0,0.0,10212994418.0,0.0,0.0,0.0,0.0,0.0,830.0,3886578.0,563.0,4027662.0,1.0,0.0,0.0,0.0,0.0,1000.0
2023-05-08T00:00:00,TSC,3.75,3.55,3.62,3.66709,3.64,3.55,1592800.0,1592800.0,0.0,5840940952.0,0.0,0.0,0.0,0.0,0.0,776.0,3298498.0,885.0,3256287.0,1.0,0.0,0.0,0.0,0.0,1000.0
2023-05-09T00:00:00,TSC,3.89,3.65,3.76,3.77775,3.89,3.64,3907100.0,3907100.0,0.0,14760047025.0,0.0,0.0,0.0,0.0,0.0,1078.0,8312673.0,1151.0,5060205.0,1.0,0.0,0.0,0.0,0.0,1000.0
2023-05-10T00:00:00,TSC,4.16,4.0,4.12,4.150189999999999,4.16,3.89,4318600.0,4318600.0,0.0,17923010534.0,0.0,0.0,0.0,0.0,0.0,1009.0,8439784.0,959.0,4654598.0,1.0,0.0,0.0,0.0,0.0,1000.0
2023-05-11T00:00:00,TSC,4.33,4.06,4.2,4.19512,4.19,4.16,4444700.0,4444700.0,0.0,18646049864.0,0.0,0.0,0.0,0.0,0.0,1406.0,6858108.0,1679.0,8483227.0,1.0,0.0,0.0,0.0,0.0,1000.0
2023-05-12T00:00:00,TSC,4.21,4.03,4.14,4.1344899999999996,4.19,4.19,2388000.0,2388000.0,0.0,9873162120.0,0.0,0.0,0.0,0.0,0.0,1049.0,5396507.0,912.0,4204557.0,1.0,0.0,0.0,0.0,0.0,1000.0
2023-05-15T00:00:00,TSC,4.39,4.1,4.39,4.2168,4.1,4.19,4053800.0,4053800.0,0.0,17094063840.0,0.0,0.0,0.0,0.0,0.0,948.0,5937165.0,1049.0,6832838.0,1.0,0.0,0.0,0.0,0.0,1000.0
2023-05-16T00:00:00,TSC,4.18,4.02,4.18,4.06388,4.02,4.1,2045300.0,2045300.0,0.0,8311853764.0,0.0,0.0,0.0,1651.0,6710000.0,1030.0,4528508.0,714.0,4623094.0,1.0,0.0,0.0,0.0,0.0,1000.0
2023-05-17T00:00:00,TSC,4.27,4.03,4.03,4.19541,4.19,4.02,3863500.0,3863500.0,0.0,16208966535.0,0.0,0.0,0.0,0.0,0.0,909.0,7101530.0,921.0,5881159.0,1.0,0.0,0.0,0.0,0.0,1000.0
2023-05-18T00:00:00,TSC,4.35,4.2,4.21,4.27032,4.2,4.19,3560500.0,3560500.0,0.0,15204474360.0,0.0,0.0,0.0,0.0,0.0,797.0,5173750.0,995.0,6284995.0,1.0,0.0,0.0,0.0,0.0,1000.0
2023-05-19T00:00:00,TSC,4.27,4.08,4.2,4.18396,4.19,4.2,3034200.0,3034200.0,0.0,12694971432.0,0.0,0.0,0.0,0.0,0.0,828.0,4741488.0,650.0,4780594.0,1.0,0.0,0.0,0.0,0.0,1000.0
2023-05-22T00:00:00,TSC,4.32,4.19,4.2,4.24437,4.31,4.19,2763300.0,2763300.0,0.0,11728467621.0,0.0,0.0,0.0,0.0,0.0,561.0,4190679.0,633.0,4332008.0,1.0,0.0,0.0,0.0,0.0,1000.0
2023-05-23T00:00:00,TSC,4.41,4.27,4.38,4.336,4.28,4.31,2548600.0,2548600.0,0.0,11050729600.0,0.0,0.0,0.0,0.0,0.0,654.0,3656274.0,679.0,4600405.0,1.0,0.0,0.0,0.0,0.0,1000.0
2023-05-24T00:00:00,TSC,4.4,4.26,4.29,4.30196,4.28,4.28,3278700.0,3278700.0,0.0,14104836252.0,0.0,0.0,0.0,0.0,0.0,829.0,4883457.0,639.0,6084199.0,1.0,0.0,0.0,0.0,0.0,1000.0
2023-05-25T00:00:00,TSC,4.29,4.22,4.28,4.2537,4.26,4.28,2404600.0,2404600.0,0.0,10228447020.0,0.0,0.0,0.0,0.0,0.0,797.0,3857691.0,370.0,4573088.0,1.0,0.0,0.0,0.0,0.0,1000.0
2023-05-26T00:00:00,TSC,4.55,4.26,4.26,4.42083,4.55,4.26,4305300.0,4305300.0,0.0,19032999399.0,0.0,0.0,0.0,0.0,0.0,1038.0,8757496.0,836.0,5113791.0,1.0,0.0,0.0,0.0,0.0,1000.0
2023-05-29T00:00:00,TSC,4.86,4.71,4.85,4.81006,4.86,4.55,5007500.0,4907500.0,100000.0,24029369450.0,424000000.0,0.0,0.0,0.0,0.0,1321.0,8130441.0,858.0,6336750.0,1.0,0.0,0.0,0.0,0.0,1000.0
2023-05-30T00:00:00,TSC,4.99,4.74,4.86,4.82684,4.78,4.86,5164700.0,5164700.0,0.0,24929180548.0,0.0,0.0,0.0,0.0,0.0,1302.0,6501352.0,883.0,7972819.0,1.0,0.0,0.0,0.0,0.0,1000.0
2023-05-31T00:00:00,TSC,4.87,4.7,4.87,4.791600000000001,4.78,4.78,5413800.0,5413800.0,0.0,25940764080.0,0.0,0.0,0.0,0.0,0.0,1556.0,7839116.0,648.0,8223918.0,1.0,0.0,0.0,0.0,0.0,1000.0
2023-06-01T00:00:00,TSC,5.11,4.8,4.85,5.03878,5.09,4.78,4063900.0,4063900.0,0.0,20477098042.0,0.0,0.0,0.0,0.0,0.0,1315.0,6700908.0,961.0,6310216.0,1.0,0.0,0.0,0.0,0.0,1000.0
2023-06-02T00:00:00,TSC,5.2,4.89,5.09,5.01147,4.99,5.09,3430400.0,3430400.0,0.0,17191346688.0,0.0,0.0,0.0,0.0,0.0,1365.0,5316035.0,982.0,5957589.0,1.0,0.0,0.0,0.0,0.0,1000.0
2023-06-05T00:00:00,TSC,5.1,4.95,5.02,5.012479999999999,4.99,4.99,4631200.0,4631200.0,0.0,23213797376.0,0.0,0.0,0.0,0.0,0.0,1219.0,7052773.0,863.0,6451865.0,1.0,0.0,0.0,0.0,0.0,1000.0
2023-06-06T00:00:00,TSC,5.05,4.96,4.99,4.98754,5.02,4.99,2043100.0,2043100.0,0.0,10190042974.0,0.0,0.0,0.0,0.0,0.0,690.0,2757574.0,801.0,3448144.0,1.0,0.0,0.0,0.0,0.0,1000.0
2023-06-07T00:00:00,TSC,5.15,5.02,5.05,5.07239,5.06,5.02,2287300.0,2287300.0,0.0,11602077647.0,0.0,0.0,0.0,0.0,0.0,674.0,3501240.0,858.0,3788301.0,1.0,0.0,0.0,0.0,0.0,1000.0
2023-06-08T00:00:00,TSC,5.15,4.8,5.15,5.0298,4.8,5.06,3534300.0,3534300.0,0.0,17776822140.0,0.0,0.0,0.0,0.0,0.0,1276.0,5180029.0,1111.0,11272405.0,1.0,0.0,0.0,0.0,0.0,1000.0
2023-06-09T00:00:00,TSC,4.96,4.82,4.82,4.87872,4.88,4.8,2385600.0,2385600.0,0.0,11638674432.0,0.0,0.0,0.0,0.0,0.0,801.0,4166726.0,635.0,3562199.0,1.0,0.0,-34000.0,0.0,-34000.0,1000.0
2023-06-12T00:00:00,TSC,5.05,4.91,4.91,4.95395,5.05,4.88,2900800.0,2900800.0,0.0,14370418160.0,0.0,0.0,0.0,0.0,0.0,690.0,4363330.0,764.0,4109237.0,1.0,0.0,0.0,0.0,0.0,1000.0
2023-06-13T00:00:00,TSC,5.4,5.09,5.1,5.34871,5.36,5.05,4052300.0,4052300.0,0.0,21674577533.0,0.0,0.0,0.0,0.0,0.0,1009.0,7831699.0,1346.0,7252602.0,1.0,0.0,0.0,0.0,0.0,1000.0
2023-06-14T00:00:00,TSC,5.5,5.2,5.5,5.357819999999999,5.25,5.36,3482900.0,3482900.0,0.0,18660751278.0,0.0,0.0,0.0,0.0,0.0,632.0,4215293.0,1091.0,7918197.0,1.0,0.0,0.0,0.0,0.0,1000.0
2023-06-15T00:00:00,TSC,5.3,4.89,5.15,5.094189999999999,4.89,5.25,2795600.0,2795600.0,0.0,14241317564.0,0.0,0.0,0.0,0.0,0.0,862.0,3345551.0,661.0,5197969.0,1.0,0.0,0.0,0.0,0.0,1000.0
2023-06-16T00:00:00,TSC,5.03,4.8,4.92,4.9444099999999995,4.82,4.89,2880400.0,2880400.0,0.0,14241878564.0,0.0,0.0,0.0,0.0,0.0,1056.0,4832340.0,658.0,4211127.0,1.0,0.0,0.0,0.0,0.0,1000.0
2023-06-19T00:00:00,TSC,4.85,4.6,4.8,4.70631,4.63,4.82,3329000.0,3329000.0,0.0,15667305990.0,0.0,0.0,0.0,0.0,0.0,986.0,5110744.0,674.0,5365305.0,1.0,0.0,0.0,0.0,0.0,1000.0
2023-06-20T00:00:00,TSC,4.75,4.63,4.63,4.6938,4.75,4.63,1607100.0,1607100.0,0.0,7543405980.0,0.0,0.0,0.0,0.0,0.0,591.0,2574365.0,346.0,2102319.0,1.0,0.0,0.0,0.0,0.0,1000.0
2023-06-21T00:00:00,TSC,4.86,4.76,4.76,4.80443,4.84,4.75,1427800.0,1427800.0,0.0,6859765154.0,0.0,0.0,0.0,0.0,0.0,643.0,2358028.0,386.0,2243889.0,1.0,0.0,0.0,0.0,0.0,1000.0
2023-06-22T00:00:00,TSC,4.94,4.84,4.84,4.89074,4.93,4.84,2410700.0,2410700.0,0.0,11790106918.0,0.0,0.0,0.0,0.0,0.0,535.0,3286551.0,501.0,3136311.0,1.0,0.0,0.0,0.0,0.0,1000.0
2023-06-23T00:00:00,TSC,5.03,4.92,4.93,4.969930000000001,4.93,4.93,1218000.0,1218000.0,0.0,6053374740.0,0.0,0.0,0.0,0.0,0.0,499.0,2194037.0,721.0,2646800.0,1.0,0.0,0.0,0.0,0.0,1000.0
2023-06-26T00:00:00,TSC,4.92,4.68,4.9,4.7447,4.77,4.93,2439600.0,2439600.0,0.0,11575170120.0,0.0,0.0,0.0,0.0,0.0,1067.0,3438826.0,408.0,4362062.0,1.0,0.0,0.0,0.0,0.0,1000.0
2023-06-27T00:00:00,TSC,4.8,4.65,4.7,4.72745,4.76,4.77,1346200.0,1346200.0,0.0,6364093190.0,0.0,0.0,0.0,0.0,0.0,840.0,2791563.0,353.0,2685896.0,1.0,0.0,0.0,0.0,0.0,1000.0
2023-06-28T00:00:00,TSC,4.84,4.68,4.84,4.7096,4.7,4.76,2256500.0,2256500.0,0.0,10627212400.0,0.0,0.0,0.0,0.0,0.0,892.0,3352305.0,369.0,3108962.0,1.0,0.0,0.0,0.0,0.0,1000.0
2023-06-29T00:00:00,TSC,4.75,4.4,4.7,4.5373,4.4,4.7,1143300.0,1143300.0,0.0,5187495090.0,0.0,0.0,0.0,0.0,0.0,582.0,1696957.0,313.0,1949908.0,1.0,0.0,0.0,0.0,0.0,1000.0
2023-06-30T00:00:00,TSC,4.54,4.37,4.41,4.444,4.52,4.4,2064000.0,2064000.0,0.0,9172416000.0,0.0,0.0,0.0,0.0,0.0,871.0,3454167.0,395.0,2687881.0,1.0,0.0,0.0,0.0,0.0,1000.0
2023-07-03T00:00:00,TSC,4.62,4.48,4.6,4.541,4.59,4.52,1316500.0,1316500.0,0.0,5978226500.0,0.0,0.0,0.0,0.0,0.0,519.0,2782089.0,292.0,1926635.0,1.0,0.0,0.0,0.0,0.0,1000.0
2023-07-04T00:00:00,TSC,4.69,4.6,4.6,4.65544,4.68,4.59,1243100.0,1243100.0,0.0,5787177464.0,0.0,0.0,0.0,0.0,0.0,413.0,2104912.0,366.0,2035686.0,1.0,0.0,0.0,0.0,0.0,1000.0
2023-07-05T00:00:00,TSC,4.73,4.63,4.7,4.6693,4.67,4.68,1527300.0,1527300.0,0.0,7131421890.0,0.0,0.0,0.0,0.0,0.0,539.0,2247307.0,488.0,2754406.0,1.0,0.0,0.0,0.0,0.0,1000.0
2023-07-06T00:00:00,TSC,4.68,4.48,4.68,4.52566,4.49,4.67,3122000.0,3122000.0,0.0,14129110520.0,0.0,0.0,0.0,0.0,0.0,904.0,4076008.0,423.0,3855638.0,1.0,0.0,0.0,0.0,0.0,1000.0
2023-07-07T00:00:00,TSC,4.6,4.44,4.5,4.51806,4.55,4.49,655500.0,655500.0,0.0,2961588330.0,0.0,0.0,0.0,0.0,0.0,573.0,1839547.0,349.0,1155698.0,1.0,0.0,0.0,0.0,0.0,1000.0
2023-07-10T00:00:00,TSC,4.72,4.6,4.7,4.6768,4.67,4.55,1333600.0,1333600.0,0.0,6236980480.0,0.0,0.0,0.0,0.0,0.0,488.0,2387303.0,651.0,2153842.0,1.0,0.0,0.0,0.0,0.0,1000.0
2023-07-11T00:00:00,TSC,4.93,4.75,4.75,4.87971,4.92,4.67,3426900.0,3426900.0,0.0,16722278199.0,0.0,0.0,0.0,0.0,0.0,748.0,5376258.0,1215.0,5388681.0,1.0,0.0,0.0,0.0,0.0,1000.0
2023-07-12T00:00:00,TSC,5.03,4.88,4.9,4.94351,4.91,4.92,1272300.0,1272300.0,0.0,6289627773.0,0.0,0.0,0.0,0.0,0.0,640.0,2218975.0,959.0,3662426.0,1.0,0.0,0.0,0.0,0.0,1000.0
2023-07-13T00:00:00,TSC,4.97,4.88,4.97,4.9047600000000005,4.91,4.91,832900.0,832900.0,0.0,4085174604.0,0.0,0.0,0.0,0.0,0.0,595.0,1813303.0,572.0,1955577.0,1.0,0.0,0.0,0.0,0.0,1000.0
2023-07-14T00:00:00,TSC,4.97,4.88,4.95,4.919359999999999,4.92,4.91,2334000.0,2334000.0,0.0,11481786240.0,0.0,0.0,0.0,0.0,0.0,706.0,3331790.0,726.0,3642261.0,1.0,0.0,0.0,0.0,0.0,1000.0
2023-07-17T00:00:00,TSC,5.05,4.94,4.99,4.98233,5.04,4.92,2271000.0,2271000.0,0.0,11314871430.0,0.0,0.0,0.0,0.0,0.0,936.0,4008162.0,807.0,3718542.0,1.0,0.0,0.0,0.0,0.0,1000.0
2023-07-18T00:00:00,TSC,5.08,4.91,5.06,4.97804,4.92,5.04,1669900.0,1669900.0,0.0,8312828996.0,0.0,0.0,0.0,0.0,0.0,834.0,2508536.0,656.0,3494620.0,1.0,0.0,0.0,0.0,0.0,1000.0
2023-07-19T00:00:00,TSC,4.95,4.84,4.95,4.90522,4.9,4.92,1656400.0,1656400.0,0.0,8125006408.0,0.0,0.0,0.0,0.0,0.0,673.0,2054231.0,536.0,3214558.0,1.0,0.0,0.0,0.0,0.0,1000.0
2023-07-20T00:00:00,TSC,4.9,4.75,4.89,4.81786,4.89,4.9,1967700.0,1967700.0,0.0,9480103122.0,0.0,0.0,0.0,0.0,0.0,1021.0,2979397.0,472.0,3050500.0,1.0,0.0,0.0,0.0,0.0,1000.0
2023-07-21T00:00:00,TSC,4.98,4.88,4.91,4.92516,4.98,4.89,1479100.0,1479100.0,0.0,7284804156.0,0.0,0.0,0.0,0.0,0.0,568.0,2412054.0,590.0,2463105.0,1.0,0.0,0.0,0.0,0.0,1000.0
2023-07-24T00:00:00,TSC,5.3,5.0,5.06,5.10162,5.26,4.98,4330100.0,4330100.0,0.0,22090524762.0,0.0,0.0,0.0,0.0,0.0,1442.0,6680219.0,1406.0,6088447.0,1.0,0.0,0.0,0.0,0.0,1000.0
2023-07-25T00:00:00,TSC,5.48,5.0,5.48,5.2352799999999995,5.21,5.3,3210900.0,3210900.0,0.0,16809960552.0,0.0,0.0,0.0,0.0,0.0,1368.0,4247574.0,1095.0,6197210.0,1.0,0.0,0.0,0.0,0.0,1000.0
2023-07-26T00:00:00,TSC,5.25,5.07,5.21,5.12577,5.15,5.21,2789400.0,2789400.0,0.0,14297822838.0,0.0,0.0,0.0,0.0,0.0,1410.0,4828719.0,809.0,5034244.0,1.0,0.0,0.0,0.0,0.0,1000.0
2023-07-27T00:00:00,TSC,5.25,5.02,5.25,5.10775,5.1,5.15,2918700.0,2918700.0,0.0,14907989925.0,0.0,0.0,0.0,10.0,50000.0,1345.0,4714065.0,946.0,5420123.0,1.0,0.0,0.0,0.0,0.0,1000.0
2023-07-28T00:00:00,TSC,5.2,5.1,5.11,5.16257,5.19,5.1,2097600.0,2097600.0,0.0,10829006832.0,0.0,0.0,0.0,0.0,0.0,818.0,3819148.0,995.0,4601208.0,1.0,0.0,0.0,0.0,0.0,1000.0
2023-07-31T00:00:00,TSC,5.55,5.29,5.37,5.46664,5.55,5.19,10718700.0,10718700.0,0.0,58595274168.0,0.0,0.0,0.0,0.0,0.0,2025.0,15466882.0,1954.0,13738309.0,1.0,0.0,0.0,0.0,0.0,1000.0
2023-08-01T00:00:00,TSC,5.93,5.5,5.75,5.75583,5.68,5.55,8636500.0,8636500.0,0.0,49710225795.0,0.0,0.0,0.0,0.0,0.0,3046.0,11794228.0,1629.0,12488610.0,1.0,0.0,0.0,0.0,0.0,1000.0
2023-08-02T00:00:00,TSC,5.71,5.46,5.68,5.54417,5.6,5.68,3234200.0,3234200.0,0.0,17930954614.0,0.0,0.0,0.0,0.0,0.0,1862.0,6143187.0,971.0,6148935.0,1.0,0.0,0.0,0.0,0.0,1000.0
2023-08-03T00:00:00,TSC,5.8,5.59,5.61,5.67089,5.71,5.6,3023400.0,3023400.0,0.0,17145368826.0,0.0,0.0,0.0,0.0,0.0,1551.0,5948868.0,1230.0,5373667.0,1.0,0.0,0.0,0.0,0.0,1000.0
2023-08-04T00:00:00,TSC,5.79,5.65,5.74,5.7174,5.75,5.71,2508100.0,2508100.0,0.0,14339810940.0,0.0,0.0,0.0,0.0,0.0,1212.0,5204303.0,1285.0,5209261.0,1.0,0.0,0.0,0.0,0.0,1000.0
2023-08-07T00:00:00,TSC,6.15,6.0,6.15,6.12787,6.14,5.75,9312500.0,9312500.0,0.0,57065789375.0,0.0,0.0,0.0,0.0,0.0,2357.0,12836109.0,1605.0,12041070.0,1.0,0.0,0.0,0.0,0.0,1000.0
2023-08-08T00:00:00,TSC,6.3,6.15,6.15,6.19392,6.22,6.14,4020900.0,4020900.0,0.0,24905132928.0,0.0,0.0,0.0,0.0,0.0,1388.0,6320046.0,1379.0,7439573.0,1.0,0.0,0.0,0.0,0.0,1000.0
2023-08-09T00:00:00,TSC,6.49,6.04,6.22,6.21609,6.39,6.22,5660500.0,5660500.0,0.0,35186177445.0,0.0,0.0,0.0,0.0,0.0,2372.0,9553389.0,1732.0,9310946.0,1.0,0.0,0.0,0.0,0.0,1000.0
2023-08-10T00:00:00,TSC,6.47,6.11,6.47,6.21479,6.2,6.39,3639500.0,3639500.0,0.0,22618728205.0,0.0,0.0,0.0,0.0,0.0,1906.0,5610555.0,1235.0,7429417.0,1.0,0.0,-620000.0,0.0,-620000.0,1000.0
2023-08-11T00:00:00,TSC,6.2,5.8,6.17,5.98211,6.04,6.2,2987100.0,2987100.0,0.0,17869160781.0,0.0,0.0,0.0,0.0,0.0,2280.0,5517234.0,1202.0,5517646.0,1.0,0.0,0.0,0.0,0.0,1000.0
2023-08-14T00:00:00,TSC,6.15,6.02,6.02,6.0906199999999995,6.06,6.04,2018600.0,2018600.0,0.0,12294525532.0,0.0,0.0,0.0,0.0,0.0,987.0,3663661.0,1017.0,4606257.0,1.0,0.0,0.0,0.0,0.0,1000.0
2023-08-15T00:00:00,TSC,6.22,6.05,6.1,6.13581,6.15,6.06,2827100.0,2827100.0,0.0,17346548451.0,0.0,0.0,0.0,0.0,0.0,1301.0,4787915.0,1239.0,5803500.0,1.0,0.0,-383000.0,0.0,-383000.0,1000.0
2023-08-16T00:00:00,TSC,6.15,6.01,6.13,6.06874,6.01,6.15,1853900.0,1853900.0,0.0,11250837086.0,0.0,0.0,0.0,0.0,0.0,1249.0,3388737.0,753.0,3879873.0,1.0,0.0,0.0,0.0,0.0,1000.0
2023-08-17T00:00:00,TSC,6.15,5.87,6.01,5.98264,5.89,6.01,3132400.0,3132400.0,0.0,18740021536.0,0.0,0.0,0.0,0.0,0.0,1655.0,4817996.0,1006.0,6508013.0,1.0,0.0,0.0,0.0,0.0,1000.0
2023-08-18T00:00:00,TSC,5.84,5.48,5.82,5.58476,5.48,5.89,4054200.0,4054200.0,0.0,22641733992.0,0.0,0.0,0.0,0.0,0.0,1987.0,4998015.0,1120.0,9373544.0,1.0,0.0,0.0,0.0,0.0,1000.0
2023-08-21T00:00:00,TSC,5.42,5.1,5.15,5.14507,5.12,5.48,10310700.0,10310700.0,0.0,53049273249.0,0.0,0.0,0.0,0.0,0.0,1911.0,12627367.0,1239.0,14582340.0,1.0,0.0,0.0,0.0,0.0,1000.0
2023-08-22T00:00:00,TSC,5.25,4.77,5.15,4.9896,5.25,5.12,4650600.0,4650600.0,0.0,23204633760.0,0.0,0.0,0.0,0.0,0.0,1522.0,7230735.0,943.0,7375595.0,1.0,0.0,0.0,0.0,0.0,1000.0
2023-08-23T00:00:00,TSC,5.6,5.2,5.35,5.41099,5.29,5.25,3702500.0,3702500.0,0.0,20034190475.0,0.0,0.0,0.0,0.0,0.0,1117.0,6205798.0,1059.0,7727355.0,1.0,0.0,0.0,0.0,0.0,1000.0
2023-08-24T00:00:00,TSC,5.36,5.16,5.29,5.28301,5.33,5.29,3585200.0,3585200.0,0.0,18940647452.0,0.0,0.0,0.0,0.0,0.0,1192.0,5698726.0,816.0,5863803.0,1.0,0.0,0.0,0.0,0.0,1000.0
2023-08-25T00:00:00,TSC,5.39,5.25,5.32,5.30804,5.26,5.33,1828200.0,1828200.0,0.0,9704158728.0,0.0,0.0,0.0,0.0,0.0,897.0,2907540.0,669.0,4185211.0,1.0,0.0,0.0,0.0,0.0,1000.0
2023-08-28T00:00:00,TSC,5.36,5.25,5.3,5.3119,5.35,5.26,3461700.0,3461700.0,0.0,18388204230.0,0.0,0.0,0.0,0.0,0.0,1013.0,4480506.0,750.0,4975556.0,1.0,0.0,0.0,0.0,0.0,1000.0
2023-08-29T00:00:00,TSC,5.62,5.34,5.35,5.44028,5.47,5.35,14167700.0,14167700.0,0.0,77076254956.0,0.0,0.0,0.0,0.0,0.0,4103.0,17869061.0,1224.0,16942372.0,1.0,0.0,-366000.0,0.0,-366000.0,1000.0
2023-08-30T00:00:00,TSC,5.66,5.42,5.5,5.5176300000000005,5.52,5.47,4451600.0,4451600.0,0.0,24562281708.0,0.0,0.0,0.0,0.0,0.0,1984.0,6792960.0,1223.0,8467328.0,1.0,0.0,0.0,0.0,0.0,1000.0
2023-08-31T00:00:00,TSC,5.63,5.28,5.63,5.37869,5.39,5.52,8942300.0,8942300.0,0.0,48097859587.0,0.0,0.0,0.0,0.0,0.0,5043.0,14270648.0,1441.0,12734380.0,1.0,0.0,0.0,0.0,0.0,1000.0
2023-09-05T00:00:00,TSC,5.45,5.29,5.45,5.33998,5.35,5.39,4871400.0,4871400.0,0.0,26013178572.0,0.0,0.0,0.0,0.0,0.0,3111.0,8785543.0,1227.0,7869814.0,1.0,0.0,0.0,0.0,0.0,1000.0
2023-09-06T00:00:00,TSC,5.45,5.28,5.35,5.37444,5.39,5.35,2966400.0,2966400.0,0.0,15942738816.0,0.0,0.0,0.0,0.0,0.0,1832.0,6574202.0,1475.0,6793579.0,1.0,0.0,0.0,0.0,0.0,1000.0
2023-09-07T00:00:00,TSC,5.59,5.38,5.4,5.46486,5.43,5.39,7165100.0,7165100.0,0.0,39156268386.0,0.0,0.0,0.0,0.0,0.0,3293.0,11770735.0,2371.0,14174201.0,1.0,0.0,0.0,0.0,0.0,1000.0
2023-09-08T00:00:00,TSC,5.74,5.49,5.49,5.598649999999999,5.61,5.43,9014100.0,9014100.0,0.0,50466790965.0,0.0,0.0,0.0,0.0,0.0,4179.0,13882192.0,2905.0,16456233.0,1.0,0.0,0.0,0.0,0.0,1000.0
2023-09-11T00:00:00,TSC,5.75,5.33,5.7,5.498819999999999,5.33,5.61,6406000.0,6406000.0,0.0,35225440920.0,0.0,0.0,0.0,0.0,0.0,3416.0,9816040.0,2203.0,11907819.0,1.0,0.0,0.0,0.0,0.0,1000.0
2023-09-12T00:00:00,TSC,5.39,5.2,5.39,5.293747280218509,5.39,5.33,4320200.0,4320200.0,0.0,22870047000.0,0.0,0.0,0.0,0.0,0.0,3259.0,8056700.0,1277.0,7569876.0,1.0,0.0,0.0,0.0,0.0,1000.0
2023-09-13T00:00:00,TSC,5.4,5.11,5.39,5.24355,5.16,5.39,7380600.0,7380600.0,0.0,38700545130.0,0.0,0.0,0.0,0.0,0.0,4233.0,11282080.0,1605.0,12126195.0,1.0,0.0,0.0,0.0,0.0,1000.0
2023-09-14T00:00:00,TSC,5.19,4.83,5.13,4.9527,4.83,5.16,7257600.0,7257600.0,0.0,35944715520.0,0.0,0.0,0.0,0.0,0.0,4498.0,11373527.0,1858.0,11207824.0,1.0,0.0,0.0,0.0,0.0,1000.0
2023-09-15T00:00:00,TSC,4.99,4.73,4.9,4.815300000000001,4.8,4.83,3080000.0,3080000.0,0.0,14831124000.0,0.0,0.0,0.0,0.0,0.0,2399.0,6381372.0,1084.0,5150670.0,1.0,0.0,0.0,0.0,0.0,1000.0
2023-09-18T00:00:00,TSC,4.78,4.65,4.75,4.6983999999999995,4.65,4.8,2604000.0,2604000.0,0.0,12234633600.0,0.0,0.0,0.0,0.0,0.0,2056.0,4340783.0,979.0,4331306.0,1.0,0.0,0.0,0.0,0.0,1000.0
2023-09-19T00:00:00,TSC,4.71,4.51,4.58,4.58872,4.6,4.65,2542600.0,2542600.0,0.0,11667279472.0,0.0,0.0,0.0,0.0,0.0,2049.0,4847768.0,1013.0,4253093.0,1.0,0.0,0.0,0.0,0.0,1000.0
2023-09-20T00:00:00,TSC,4.85,4.58,4.59,4.72054,4.85,4.6,1724100.0,1724100.0,0.0,8138683014.0,0.0,0.0,0.0,0.0,0.0,1568.0,4295741.0,1130.0,2773908.0,1.0,0.0,0.0,0.0,0.0,1000.0
2023-09-21T00:00:00,TSC,4.9,4.77,4.9,4.83007,4.77,4.85,1578900.0,1539900.0,39000.0,7639844793.0,202020000.0,0.0,0.0,0.0,0.0,1331.0,2684216.0,938.0,3424239.0,1.0,0.0,0.0,0.0,0.0,1000.0
2023-09-22T00:00:00,TSC,4.77,4.46,4.67,4.59375,4.55,4.77,2803300.0,2803300.0,0.0,12877659375.0,0.0,0.0,0.0,0.0,0.0,2131.0,5221181.0,1133.0,4752300.0,1.0,0.0,0.0,0.0,0.0,1000.0
2023-09-25T00:00:00,TSC,4.64,4.24,4.56,4.42132,4.24,4.55,2802300.0,2802300.0,0.0,12389865036.0,0.0,0.0,0.0,0.0,0.0,1504.0,3569807.0,942.0,4744215.0,1.0,0.0,0.0,0.0,0.0,1000.0
2023-09-26T00:00:00,TSC,4.28,4.0,4.2,4.142600000000001,4.0,4.24,2120800.0,2120800.0,0.0,8785626080.0,0.0,0.0,0.0,0.0,0.0,1510.0,3720830.0,894.0,3760238.0,1.0,0.0,0.0,0.0,0.0,1000.0
2023-09-27T00:00:00,TSC,4.06,3.78,3.89,3.89344,3.98,4.0,2484000.0,2484000.0,0.0,9671304960.0,0.0,0.0,0.0,0.0,0.0,2164.0,4993329.0,983.0,4441079.0,1.0,0.0,0.0,0.0,0.0,1000.0
2023-09-28T00:00:00,TSC,4.05,3.93,4.02,4.00144,3.97,3.98,1068600.0,1068600.0,0.0,4275938784.0,0.0,0.0,0.0,0.0,0.0,1290.0,2721512.0,878.0,1956148.0,1.0,0.0,0.0,0.0,0.0,1000.0
2023-09-29T00:00:00,TSC,4.14,4.02,4.04,4.06883,4.1,3.97,1238200.0,1238200.0,0.0,5038025306.0,0.0,0.0,0.0,0.0,0.0,1060.0,2578636.0,879.0,2241513.0,1.0,0.0,0.0,0.0,0.0,1000.0
2023-10-02T00:00:00,TSC,4.2,4.09,4.13,4.14546,4.15,4.1,849400.0,849400.0,0.0,3521153724.0,0.0,0.0,0.0,0.0,0.0,851.0,2291513.0,618.0,1766482.0,1.0,0.0,0.0,0.0,0.0,1000.0
2023-10-03T00:00:00,TSC,4.12,3.86,4.12,3.96136,3.86,4.15,2209700.0,2209700.0,0.0,8753417192.0,0.0,0.0,0.0,0.0,0.0,1537.0,3326442.0,762.0,4106515.0,1.0,0.0,0.0,0.0,0.0,1000.0
2023-10-04T00:00:00,TSC,3.88,3.72,3.72,3.8300300000000003,3.8,3.86,1851600.0,1851600.0,0.0,7091683548.0,0.0,0.0,0.0,0.0,0.0,1422.0,3204886.0,582.0,2766932.0,1.0,0.0,0.0,0.0,0.0,1000.0
2023-10-05T00:00:00,TSC,3.9,3.79,3.88,3.84573,3.8,3.8,760200.0,760200.0,0.0,2923523946.0,0.0,0.0,0.0,0.0,0.0,662.0,1519323.0,500.0,1621110.0,1.0,0.0,0.0,0.0,0.0,1000.0
2023-10-06T00:00:00,TSC,3.87,3.76,3.81,3.798883590753602,3.78,3.8,964700.0,964700.0,0.0,3664783000.0,0.0,0.0,0.0,0.0,0.0,1102.0,1889434.0,497.0,2312117.0,1.0,0.0,0.0,0.0,0.0,1000.0
2023-10-09T00:00:00,TSC,3.87,3.78,3.78,3.8324994296144195,3.86,3.78,876600.0,876600.0,0.0,3359569000.0,0.0,0.0,0.0,0.0,0.0,767.0,2234260.0,484.0,1430376.0,1.0,0.0,0.0,0.0,0.0,1000.0
2023-10-10T00:00:00,TSC,3.99,3.89,3.9,3.948995950747872,3.96,3.86,1210100.0,1210100.0,0.0,4778680000.0,0.0,0.0,0.0,0.0,0.0,898.0,2599698.0,826.0,1990791.0,1.0,0.0,0.0,0.0,0.0,1000.0
2023-10-11T00:00:00,TSC,4.03,3.93,3.99,3.982261709120789,4.0,3.96,973600.0,973600.0,0.0,3877130000.0,0.0,0.0,0.0,0.0,0.0,755.0,1987590.0,718.0,2656151.0,1.0,0.0,0.0,0.0,0.0,1000.0
2023-10-12T00:00:00,TSC,4.09,4.01,4.01,4.054284330815418,4.05,4.0,1032600.0,1032600.0,0.0,4186454000.0,0.0,0.0,0.0,0.0,0.0,630.0,3194085.0,723.0,2213375.0,1.0,0.0,0.0,0.0,0.0,1000.0
2023-10-13T00:00:00,TSC,4.0,3.88,3.98,3.9408480226274056,3.98,4.05,1979900.0,1979900.0,0.0,7802485000.0,0.0,0.0,0.0,0.0,0.0,1215.0,3689971.0,571.0,3691050.0,1.0,0.0,0.0,0.0,0.0,1000.0
2023-10-16T00:00:00,TSC,3.99,3.88,3.98,3.9252530487804878,3.9,3.98,984000.0,984000.0,0.0,3862449000.0,0.0,0.0,0.0,0.0,0.0,799.0,1959640.0,447.0,1806716.0,1.0,0.0,0.0,0.0,0.0,1000.0
2023-10-17T00:00:00,TSC,3.94,3.82,3.94,3.892487952482349,3.82,3.9,892300.0,892300.0,0.0,3473267000.0,0.0,0.0,0.0,0.0,0.0,712.0,1734601.0,422.0,1800451.0,1.0,0.0,0.0,0.0,0.0,1000.0
2023-10-18T00:00:00,TSC,3.84,3.56,3.8,3.714487213114754,3.63,3.82,1525000.0,1525000.0,0.0,5664593000.0,0.0,0.0,0.0,0.0,0.0,1223.0,2779551.0,532.0,2394114.0,1.0,0.0,0.0,0.0,0.0,1000.0
2023-10-19T00:00:00,TSC,3.7,3.52,3.63,3.611613599013969,3.56,3.63,973600.0,973600.0,0.0,3516267000.0,0.0,0.0,0.0,0.0,0.0,884.0,2088448.0,497.0,1986567.0,1.0,0.0,0.0,0.0,0.0,1000.0
2023-10-20T00:00:00,TSC,3.64,3.41,3.59,3.562820716340907,3.64,3.56,1007900.0,1007900.0,0.0,3590967000.0,0.0,0.0,0.0,0.0,0.0,1013.0,2112525.0,609.0,1905722.0,1.0,0.0,0.0,0.0,0.0,1000.0
2023-10-23T00:00:00,TSC,3.69,3.6,3.67,3.6429532528783466,3.63,3.64,720900.0,720900.0,0.0,2626205000.0,0.0,0.0,0.0,0.0,0.0,632.0,1728257.0,519.0,1846821.0,1.0,0.0,0.0,0.0,0.0,1000.0
2023-10-24T00:00:00,TSC,3.68,3.61,3.68,3.637587117212249,3.63,3.63,568200.0,568200.0,0.0,2066877000.0,0.0,0.0,0.0,0.0,0.0,604.0,1651459.0,448.0,1557383.0,1.0,0.0,0.0,0.0,0.0,1000.0
2023-10-25T00:00:00,TSC,3.73,3.66,3.68,3.6894088273195877,3.68,3.63,620800.0,620800.0,0.0,2290390000.0,0.0,0.0,0.0,0.0,0.0,550.0,1904536.0,582.0,1171933.0,1.0,0.0,0.0,0.0,0.0,1000.0
2023-10-26T00:00:00,TSC,3.64,3.43,3.58,3.4469584815151766,3.43,3.68,2418200.0,2418200.0,0.0,8335435000.0,0.0,0.0,0.0,0.0,0.0,1133.0,3251957.0,559.0,3782014.0,1.0,0.0,0.0,0.0,0.0,1000.0
2023-10-27T00:00:00,TSC,3.5,3.25,3.44,3.3987709497206704,3.47,3.43,948700.0,948700.0,0.0,3224414000.0,0.0,0.0,0.0,0.0,0.0,901.0,2396386.0,543.0,2745588.0,1.0,0.0,0.0,0.0,0.0,1000.0
2023-10-30T00:00:00,TSC,3.48,3.27,3.47,3.383344760769116,3.31,3.47,670900.0,670900.0,0.0,2269886000.0,0.0,0.0,0.0,0.0,0.0,644.0,1733176.0,381.0,1529841.0,1.0,0.0,0.0,0.0,0.0,1000.0
2023-10-31T00:00:00,TSC,3.44,3.21,3.44,3.3131069818281187,3.25,3.31,731900.0,731900.0,0.0,2424863000.0,0.0,0.0,0.0,0.0,0.0,646.0,1313262.0,467.0,1717164.0,1.0,0.0,0.0,0.0,0.0,1000.0
2023-11-01T00:00:00,TSC,3.34,3.19,3.34,3.2561787190082647,3.3,3.25,968000.0,968000.0,0.0,3151981000.0,0.0,0.0,0.0,0.0,0.0,657.0,1997060.0,505.0,2200333.0,1.0,0.0,0.0,0.0,0.0,1000.0
2023-11-02T00:00:00,TSC,3.53,3.35,3.38,3.447458966031774,3.53,3.3,1139300.0,1139300.0,0.0,3927690000.0,0.0,0.0,0.0,0.0,0.0,792.0,2512834.0,687.0,1954971.0,1.0,0.0,0.0,0.0,0.0,1000.0
2023-11-03T00:00:00,TSC,3.58,3.47,3.58,3.507480577136515,3.5,3.53,720800.0,720800.0,0.0,2528192000.0,0.0,0.0,0.0,0.0,0.0,622.0,1793333.0,471.0,2054570.0,1.0,0.0,0.0,0.0,0.0,1000.0
2023-11-06T00:00:00,TSC,3.58,3.49,3.51,3.5180848208294186,3.49,3.5,745100.0,745100.0,0.0,2621325000.0,0.0,0.0,0.0,0.0,0.0,567.0,2189442.0,464.0,1925024.0,1.0,0.0,0.0,0.0,0.0,1000.0
2023-11-07T00:00:00,TSC,3.52,3.44,3.48,3.4680979284369116,3.44,3.49,477900.0,477900.0,0.0,1657404000.0,0.0,0.0,0.0,0.0,0.0,694.0,1585539.0,353.0,1438806.0,1.0,0.0,0.0,0.0,0.0,1000.0
2023-11-08T00:00:00,TSC,3.63,3.42,3.43,3.5139188237365735,3.61,3.44,1135800.0,1135800.0,0.0,3991109000.0,0.0,0.0,0.0,20.0,70000.0,750.0,2404709.0,590.0,2295040.0,1.0,0.0,0.0,0.0,0.0,1000.0
2023-11-09T00:00:00,TSC,3.8,3.6,3.65,3.7083177144014994,3.76,3.61,1974100.0,1974100.0,0.0,7320590000.0,0.0,0.0,0.0,0.0,0.0,940.0,5592713.0,989.0,3971060.0,1.0,0.0,0.0,0.0,0.0,1000.0
2023-11-10T00:00:00,TSC,3.77,3.66,3.7,3.7132538994800695,3.68,3.76,1154000.0,1154000.0,0.0,4285095000.0,0.0,0.0,0.0,0.0,0.0,856.0,3548831.0,607.0,3030783.0,1.0,0.0,0.0,0.0,0.0,1000.0
2023-11-13T00:00:00,TSC,3.76,3.66,3.72,3.706762345140464,3.68,3.68,1146200.0,1146200.0,0.0,4248691000.0,0.0,0.0,0.0,0.0,0.0,773.0,3036202.0,558.0,2346716.0,1.0,0.0,0.0,0.0,0.0,1000.0
2023-11-14T00:00:00,TSC,3.86,3.7,3.7,3.793328671887486,3.86,3.68,2502800.0,2502800.0,0.0,9493943000.0,0.0,0.0,0.0,0.0,0.0,1272.0,5863261.0,907.0,3806070.0,1.0,0.0,0.0,0.0,0.0,1000.0
2023-11-15T00:00:00,TSC,4.0,3.82,4.0,3.9128758673862762,3.86,3.86,1037600.0,1037600.0,0.0,4060000000.0,0.0,0.0,0.0,0.0,0.0,727.0,2669015.0,834.0,2965901.0,1.0,0.0,0.0,0.0,0.0,1000.0
2023-11-16T00:00:00,TSC,3.87,3.77,3.83,3.803252652810664,3.83,3.86,1140300.0,1140300.0,0.0,4336849000.0,0.0,0.0,0.0,0.0,0.0,903.0,2732429.0,515.0,2554700.0,1.0,0.0,0.0,0.0,0.0,1000.0
2023-11-17T00:00:00,TSC,3.93,3.76,3.84,3.837802764889689,3.8,3.83,2112200.0,2112200.0,0.0,8106207000.0,0.0,0.0,0.0,114.0,440000.0,1248.0,4189018.0,858.0,4500471.0,1.0,0.0,0.0,0.0,0.0,1000.0
2023-11-20T00:00:00,TSC,3.79,3.65,3.7,3.7231508444962143,3.75,3.8,1030200.0,1030200.0,0.0,3835590000.0,0.0,0.0,0.0,0.0,0.0,940.0,2608421.0,487.0,2286243.0,1.0,0.0,0.0,0.0,0.0,1000.0
2023-11-21T00:00:00,TSC,3.82,3.7,3.8,3.753404095636325,3.81,3.75,1865400.0,1865400.0,0.0,7001600000.0,0.0,0.0,0.0,0.0,0.0,912.0,8189427.0,653.0,3401377.0,1.0,0.0,0.0,0.0,0.0,1000.0
2023-11-22T00:00:00,TSC,3.83,3.77,3.83,3.794664310954064,3.8,3.81,933900.0,933900.0,0.0,3543837000.0,0.0,0.0,0.0,0.0,0.0,801.0,2471623.0,532.0,2696927.0,1.0,0.0,0.0,0.0,0.0,1000.0
2023-11-23T00:00:00,TSC,3.91,3.79,3.82,3.837672737011248,3.8,3.8,2240400.0,2240400.0,0.0,8597922000.0,0.0,0.0,0.0,0.0,0.0,1025.0,4197986.0,1041.0,4300018.0,1.0,0.0,0.0,0.0,0.0,1000.0
2023-11-24T00:00:00,TSC,3.78,3.63,3.78,3.691030615970375,3.72,3.8,1917300.0,1917300.0,0.0,7076813000.0,0.0,0.0,0.0,0.0,0.0,1259.0,3466283.0,545.0,3824446.0,1.0,0.0,0.0,0.0,0.0,1000.0
2023-11-27T00:00:00,TSC,3.74,3.64,3.71,3.6858342983471943,3.66,3.72,949900.0,949900.0,0.0,3501174000.0,0.0,0.0,0.0,0.0,0.0,635.0,1747527.0,416.0,2857766.0,1.0,0.0,0.0,0.0,0.0,1000.0
2023-11-28T00:00:00,TSC,3.69,3.55,3.67,3.617800393959291,3.62,3.66,609200.0,609200.0,0.0,2203964000.0,0.0,0.0,0.0,0.0,0.0,785.0,2095780.0,400.0,1713222.0,1.0,0.0,0.0,0.0,0.0,1000.0
2023-11-29T00:00:00,TSC,3.69,3.62,3.69,3.6492236563282603,3.64,3.62,519100.0,519100.0,0.0,1894312000.0,0.0,0.0,0.0,0.0,0.0,572.0,1711568.0,447.0,1587783.0,1.0,0.0,0.0,0.0,0.0,1000.0
2023-11-30T00:00:00,TSC,3.71,3.63,3.64,3.6540438225404053,3.63,3.64,921900.0,921900.0,0.0,3368663000.0,0.0,0.0,0.0,0.0,0.0,771.0,3141937.0,533.0,3193982.0,1.0,0.0,0.0,0.0,0.0,1000.0
2023-12-01T00:00:00,TSC,3.64,3.6,3.64,3.6181620298815043,3.64,3.63,776400.0,776400.0,0.0,2809141000.0,0.0,0.0,0.0,0.0,0.0,668.0,2729486.0,325.0,1632338.0,1.0,0.0,0.0,0.0,0.0,1000.0
2023-12-04T00:00:00,TSC,3.8,3.65,3.67,3.731404072043853,3.77,3.64,1277000.0,1277000.0,0.0,4765003000.0,0.0,0.0,0.0,0.0,0.0,634.0,2608186.0,825.0,2940103.0,1.0,0.0,0.0,0.0,0.0,1000.0
2023-12-05T00:00:00,TSC,3.82,3.74,3.78,3.7733539680574473,3.75,3.77,807700.0,807700.0,0.0,3047738000.0,0.0,0.0,0.0,0.0,0.0,522.0,1687211.0,679.0,2566068.0,1.0,0.0,0.0,0.0,0.0,1000.0
2023-12-06T00:00:00,TSC,3.84,3.73,3.73,3.8071125,3.83,3.75,1280000.0,1280000.0,0.0,4873104000.0,0.0,0.0,0.0,0.0,0.0,637.0,2817604.0,915.0,2764627.0,1.0,0.0,0.0,0.0,0.0,1000.0
2023-12-07T00:00:00,TSC,3.93,3.76,3.82,3.8698939969604864,3.9,3.83,2632000.0,2632000.0,0.0,10185561000.0,0.0,0.0,0.0,0.0,0.0,1224.0,4953237.0,1334.0,4849102.0,1.0,0.0,0.0,0.0,0.0,1000.0
2023-12-08T00:00:00,TSC,3.97,3.82,3.94,3.882351251047528,3.86,3.9,835300.0,835300.0,0.0,3242928000.0,0.0,0.0,0.0,0.0,0.0,637.0,1952020.0,694.0,2558573.0,1.0,0.0,0.0,0.0,0.0,1000.0
2023-12-11T00:00:00,TSC,3.87,3.77,3.87,3.8074146022045183,3.79,3.86,916300.0,916300.0,0.0,3488734000.0,0.0,0.0,0.0,0.0,0.0,670.0,1639585.0,416.0,2046052.0,1.0,0.0,0.0,0.0,0.0,1000.0
2023-12-12T00:00:00,TSC,3.88,3.78,3.82,3.8264211964773764,3.85,3.79,1317200.0,1317200.0,0.0,5040162000.0,0.0,0.0,0.0,0.0,0.0,637.0,3041378.0,576.0,3122193.0,1.0,0.0,0.0,0.0,0.0,1000.0
2023-12-13T00:00:00,TSC,3.91,3.77,3.87,3.837646108039132,3.78,3.85,1175500.0,1175500.0,0.0,4511153000.0,0.0,0.0,0.0,0.0,0.0,734.0,2521565.0,632.0,3011493.0,1.0,0.0,0.0,0.0,0.0,1000.0
2023-12-14T00:00:00,TSC,3.83,3.75,3.81,3.7875947673554333,3.76,3.78,672700.0,672700.0,0.0,2547915000.0,0.0,0.0,0.0,0.0,0.0,590.0,1744987.0,483.0,1954027.0,1.0,0.0,0.0,0.0,0.0,1000.0
2023-12-15T00:00:00,TSC,3.79,3.71,3.75,3.7486088676446347,3.72,3.76,606700.0,606700.0,0.0,2274281000.0,0.0,0.0,0.0,0.0,0.0,645.0,1646641.0,400.0,1707804.0,1.0,0.0,0.0,0.0,0.0,1000.0
2023-12-18T00:00:00,TSC,3.78,3.69,3.71,3.7417925278219397,3.72,3.72,754800.0,754800.0,0.0,2824305000.0,0.0,0.0,0.0,0.0,0.0,581.0,1690858.0,446.0,1668008.0,1.0,0.0,0.0,0.0,0.0,1000.0
2023-12-19T00:00:00,TSC,3.88,3.73,3.75,3.7924453008453507,3.79,3.72,804400.0,804400.0,0.0,3050643000.0,0.0,0.0,0.0,0.0,0.0,682.0,2387609.0,713.0,2389813.0,1.0,0.0,0.0,0.0,0.0,1000.0
2023-12-20T00:00:00,TSC,3.84,3.76,3.84,3.7922740193291644,3.79,3.79,351800.0,351800.0,0.0,1334122000.0,0.0,0.0,0.0,0.0,0.0,410.0,1278500.0,439.0,1253944.0,1.0,0.0,0.0,0.0,0.0,1000.0
2023-12-21T00:00:00,TSC,3.79,3.74,3.79,3.758708303761533,3.74,3.79,422700.0,422700.0,0.0,1588806000.0,0.0,0.0,0.0,0.0,0.0,524.0,1366936.0,349.0,1214766.0,1.0,0.0,0.0,0.0,0.0,1000.0
2023-12-22T00:00:00,TSC,3.78,3.7,3.75,3.732613405551794,3.72,3.74,590800.0,590800.0,0.0,2205228000.0,0.0,0.0,0.0,0.0,0.0,523.0,2154355.0,357.0,1638942.0,1.0,0.0,0.0,0.0,0.0,1000.0
2023-12-25T00:00:00,TSC,3.77,3.71,3.75,3.737926637054019,3.72,3.72,697900.0,697900.0,0.0,2608699000.0,0.0,0.0,0.0,0.0,0.0,500.0,1990122.0,361.0,1903871.0,1.0,0.0,0.0,0.0,0.0,1000.0
2023-12-26T00:00:00,TSC,3.76,3.72,3.73,3.7335521639138616,3.73,3.72,478300.0,478300.0,0.0,1785758000.0,0.0,0.0,0.0,0.0,0.0,416.0,1715761.0,361.0,1544601.0,1.0,0.0,0.0,0.0,0.0,1000.0
2023-12-27T00:00:00,TSC,3.77,3.71,3.75,3.736054271356784,3.71,3.73,497500.0,497500.0,0.0,1858687000.0,0.0,0.0,0.0,0.0,0.0,606.0,1489836.0,469.0,1586126.0,1.0,0.0,0.0,0.0,0.0,1000.0
2023-12-28T00:00:00,TSC,3.75,3.71,3.74,3.7269753810082062,3.71,3.71,511800.0,511800.0,0.0,1907466000.0,0.0,0.0,0.0,0.0,0.0,408.0,1133243.0,341.0,1442801.0,1.0,0.0,0.0,0.0,0.0,1000.0
2023-12-29T00:00:00,TSC,3.76,3.72,3.72,3.742756064690027,3.74,3.71,445200.0,445200.0,0.0,1666275000.0,0.0,0.0,0.0,0.0,0.0,432.0,1148982.0,501.0,1575450.0,1.0,0.0,0.0,0.0,0.0,1000.0
2024-01-02T00:00:00,TSC,3.97,3.76,3.79,3.8609756891686566,3.9,3.74,2764200.0,2764200.0,0.0,10672509000.0,0.0,0.0,0.0,0.0,0.0,1231.0,5125557.0,1347.0,5137157.0,1.0,0.0,0.0,0.0,0.0,1000.0
2024-01-03T00:00:00,TSC,4.07,3.86,3.92,3.993595401371521,3.98,3.9,2479000.0,2479000.0,0.0,9900123000.0,0.0,0.0,0.0,0.0,0.0,1179.0,4364330.0,1224.0,5116725.0,1.0,0.0,0.0,0.0,0.0,1000.0
2024-01-04T00:00:00,TSC,4.08,3.86,4.08,3.927406945570173,3.88,3.98,1603900.0,1603900.0,0.0,6299168000.0,0.0,0.0,0.0,0.0,0.0,1268.0,2850639.0,909.0,4509398.0,1.0,0.0,0.0,0.0,0.0,1000.0
2024-01-05T00:00:00,TSC,3.9,3.8,3.9,3.8461516981132076,3.85,3.88,1325000.0,1325000.0,0.0,5096151000.0,0.0,0.0,0.0,0.0,0.0,994.0,3315883.0,580.0,2938091.0,1.0,0.0,0.0,0.0,0.0,1000.0
2024-01-08T00:00:00,TSC,3.91,3.85,3.85,3.8717230123571924,3.85,3.85,857800.0,857800.0,0.0,3321164000.0,0.0,0.0,0.0,0.0,0.0,623.0,2465827.0,624.0,2216079.0,1.0,0.0,0.0,0.0,0.0,1000.0
2024-01-09T00:00:00,TSC,3.88,3.79,3.86,3.831029066802652,3.8,3.85,980500.0,980500.0,0.0,3756324000.0,0.0,0.0,0.0,0.0,0.0,782.0,2938705.0,505.0,2705311.0,1.0,0.0,0.0,0.0,0.0,1000.0
2024-01-10T00:00:00,TSC,3.85,3.75,3.84,3.7828130520627665,3.79,3.8,962300.0,962300.0,0.0,3640201000.0,0.0,0.0,0.0,0.0,0.0,840.0,2304325.0,480.0,2510860.0,1.0,0.0,0.0,0.0,0.0,1000.0
2024-01-11T00:00:00,TSC,3.81,3.76,3.76,3.7812853018702146,3.77,3.79,796700.0,796700.0,0.0,3012550000.0,0.0,0.0,0.0,0.0,0.0,911.0,3354752.0,418.0,2060781.0,1.0,0.0,0.0,0.0,0.0,1000.0
2024-01-12T00:00:00,TSC,3.77,3.66,3.77,3.7113912986330178,3.66,3.77,1521600.0,1521600.0,0.0,5647253000.0,0.0,0.0,0.0,0.0,0.0,1175.0,2400001.0,484.0,2839484.0,1.0,0.0,0.0,0.0,0.0,1000.0
2024-01-15T00:00:00,TSC,3.73,3.65,3.66,3.6801807334620107,3.65,3.66,569900.0,569900.0,0.0,2097335000.0,0.0,0.0,0.0,0.0,0.0,707.0,1411407.0,412.0,1585885.0,1.0,0.0,0.0,0.0,0.0,1000.0
2024-01-16T00:00:00,TSC,3.74,3.64,3.64,3.6636960313999127,3.74,3.65,458600.0,458600.0,0.0,1680171000.0,0.0,0.0,0.0,0.0,0.0,654.0,1509640.0,294.0,1153642.0,1.0,0.0,0.0,0.0,0.0,1000.0
2024-01-17T00:00:00,TSC,3.75,3.68,3.74,3.7117391304347827,3.68,3.74,462300.0,462300.0,0.0,1715937000.0,0.0,0.0,0.0,0.0,0.0,544.0,1206493.0,393.0,1530919.0,1.0,0.0,0.0,0.0,0.0,1000.0
2024-01-18T00:00:00,TSC,3.7,3.66,3.7,3.6760700685453163,3.68,3.68,262600.0,262600.0,0.0,965336000.0,0.0,0.0,0.0,0.0,0.0,491.0,998292.0,278.0,1562919.0,1.0,0.0,0.0,0.0,0.0,1000.0
2024-01-19T00:00:00,TSC,3.74,3.68,3.7,3.691661474558671,3.69,3.68,481500.0,481500.0,0.0,1777535000.0,0.0,0.0,0.0,0.0,0.0,485.0,1300639.0,394.0,1870936.0,1.0,0.0,0.0,0.0,0.0,1000.0
2024-01-22T00:00:00,TSC,3.73,3.64,3.73,3.6639049041001495,3.69,3.69,870700.0,870700.0,0.0,3190162000.0,0.0,0.0,0.0,0.0,0.0,620.0,1553466.0,342.0,1837153.0,1.0,0.0,0.0,0.0,0.0,1000.0
2024-01-23T00:00:00,TSC,3.73,3.66,3.67,3.684431049691267,3.68,3.69,680200.0,680200.0,0.0,2506150000.0,0.0,0.0,0.0,0.0,0.0,543.0,1576928.0,354.0,1875643.0,1.0,0.0,0.0,0.0,0.0,1000.0
2024-01-24T00:00:00,TSC,3.73,3.68,3.7,3.7045708333333334,3.7,3.68,480000.0,480000.0,0.0,1778194000.0,0.0,0.0,0.0,0.0,0.0,426.0,1604259.0,467.0,1765587.0,1.0,0.0,0.0,0.0,0.0,1000.0
2024-01-25T00:00:00,TSC,3.74,3.69,3.7,3.7065734767025087,3.7,3.7,418500.0,418500.0,0.0,1551201000.0,0.0,0.0,0.0,0.0,0.0,363.0,1239196.0,410.0,1473829.0,1.0,0.0,0.0,0.0,0.0,1000.0
2024-01-26T00:00:00,TSC,3.73,3.69,3.69,3.6994487445723996,3.69,3.7,529700.0,529700.0,0.0,1959598000.0,0.0,0.0,0.0,0.0,0.0,440.0,1145230.0,355.0,1758458.0,1.0,0.0,0.0,0.0,0.0,1000.0
2024-01-29T00:00:00,TSC,3.71,3.65,3.7,3.674797599284893,3.66,3.69,783100.0,783100.0,0.0,2877734000.0,0.0,0.0,0.0,0.0,0.0,548.0,1511199.0,380.0,2562298.0,1.0,0.0,0.0,0.0,0.0,1000.0
2024-01-30T00:00:00,TSC,3.75,3.67,3.68,3.6940409390208986,3.68,3.66,698600.0,698600.0,0.0,2580657000.0,0.0,0.0,0.0,0.0,0.0,477.0,1855700.0,463.0,2185363.0,1.0,0.0,-121000.0,0.0,-121000.0,1000.0
2024-01-31T00:00:00,TSC,3.72,3.61,3.65,3.650633051976899,3.62,3.68,900400.0,900400.0,0.0,3287030000.0,0.0,0.0,0.0,0.0,0.0,0.0,0.0,0.0,0.0,1.0,0.0,0.0,0.0,0.0,1000.0
2024-02-01T00:00:00,TSC,3.65,3.6,3.65,3.6269924350848495,3.62,3.62,489100.0,489100.0,0.0,1773962000.0,0.0,0.0,0.0,0.0,0.0,0.0,0.0,0.0,0.0,1.0,0.0,0.0,0.0,0.0,1000.0
2024-02-02T00:00:00,TSC,3.66,3.54,3.66,3.588329316389132,3.54,3.62,912800.0,912800.0,0.0,3275427000.0,0.0,0.0,0.0,0.0,0.0,857.0,1352857.0,330.0,1976539.0,1.0,0.0,0.0,0.0,0.0,1000.0
2024-02-05T00:00:00,TSC,3.59,3.48,3.58,3.513238289205703,3.48,3.54,638300.0,638300.0,0.0,2242500000.0,0.0,0.0,0.0,0.0,0.0,722.0,1582842.0,339.0,1773160.0,1.0,0.0,0.0,0.0,0.0,1000.0
2024-02-06T00:00:00,TSC,3.51,3.48,3.48,3.4942433234421366,3.49,3.48,539200.0,539200.0,0.0,1884096000.0,0.0,0.0,0.0,0.0,0.0,573.0,1532803.0,227.0,1456523.0,1.0,0.0,0.0,0.0,0.0,1000.0
2024-02-07T00:00:00,TSC,3.58,3.49,3.49,3.512705314009662,3.51,3.49,579600.0,579600.0,0.0,2035964000.0,0.0,0.0,0.0,0.0,0.0,421.0,1460718.0,285.0,1486709.0,1.0,0.0,0.0,0.0,0.0,1000.0
2024-02-15T00:00:00,TSC,3.6,3.52,3.6,3.582340186915888,3.6,3.51,267500.0,267500.0,0.0,958276000.0,0.0,0.0,0.0,0.0,0.0,390.0,1017042.0,370.0,991900.0,1.0,0.0,0.0,0.0,0.0,1000.0
2024-02-16T00:00:00,TSC,3.64,3.59,3.61,3.6138174460431656,3.62,3.6,444800.0,444800.0,0.0,1607426000.0,0.0,0.0,0.0,0.0,0.0,421.0,1014375.0,410.0,1127098.0,1.0,0.0,0.0,0.0,0.0,1000.0
2024-02-19T00:00:00,TSC,3.7,3.63,3.63,3.6692798178195276,3.66,3.62,1053900.0,1053900.0,0.0,3867054000.0,0.0,0.0,0.0,0.0,0.0,564.0,2282090.0,640.0,2233758.0,1.0,0.0,0.0,0.0,0.0,1000.0
2024-02-20T00:00:00,TSC,3.69,3.62,3.68,3.651643412767008,3.65,3.66,809900.0,809900.0,0.0,2957466000.0,0.0,0.0,0.0,0.0,0.0,533.0,1811916.0,505.0,2100341.0,1.0,0.0,0.0,0.0,0.0,1000.0
2024-02-21T00:00:00,TSC,3.7,3.64,3.68,3.668042163153071,3.66,3.65,545500.0,545500.0,0.0,2000917000.0,0.0,0.0,0.0,0.0,0.0,424.0,1196564.0,461.0,1561697.0,1.0,0.0,0.0,0.0,0.0,1000.0
2024-02-22T00:00:00,TSC,3.89,3.66,3.66,3.791905728004328,3.89,3.66,2957400.0,2957400.0,0.0,11214182000.0,0.0,0.0,0.0,0.0,0.0,999.0,4979565.0,1410.0,4530503.0,1.0,0.0,0.0,0.0,0.0,1000.0
2024-02-23T00:00:00,TSC,3.91,3.72,3.9,3.822014367177664,3.72,3.89,1350300.0,1350300.0,0.0,5160866000.0,0.0,0.0,0.0,0.0,0.0,895.0,2325245.0,995.0,3951821.0,1.0,0.0,0.0,0.0,0.0,1000.0
2024-02-26T00:00:00,TSC,3.74,3.64,3.72,3.678067756759645,3.67,3.72,935700.0,935700.0,0.0,3441568000.0,0.0,0.0,0.0,0.0,0.0,803.0,1888398.0,420.0,2156662.0,1.0,0.0,0.0,0.0,0.0,1000.0
2024-02-27T00:00:00,TSC,3.72,3.67,3.69,3.6978591699184107,3.71,3.67,563800.0,563800.0,0.0,2084853000.0,0.0,0.0,0.0,0.0,0.0,454.0,1209149.0,427.0,1577470.0,1.0,0.0,0.0,0.0,0.0,1000.0
2024-02-28T00:00:00,TSC,3.76,3.69,3.71,3.7293109901326984,3.73,3.71,587800.0,587800.0,0.0,2192089000.0,0.0,0.0,0.0,0.0,0.0,422.0,1269637.0,555.0,2226517.0,1.0,0.0,0.0,0.0,0.0,1000.0
2024-02-29T00:00:00,TSC,3.74,3.64,3.73,3.676549581194272,3.69,3.73,1110300.0,1110300.0,0.0,4082073000.0,0.0,0.0,0.0,0.0,0.0,896.0,2237139.0,459.0,3052065.0,1.0,0.0,0.0,0.0,0.0,1000.0
2024-03-01T00:00:00,TSC,3.71,3.67,3.69,3.685308331235842,3.7,3.69,397300.0,397300.0,0.0,1464173000.0,0.0,0.0,0.0,0.0,0.0,497.0,942039.0,337.0,1271916.0,1.0,0.0,0.0,0.0,0.0,1000.0
2024-03-04T00:00:00,TSC,3.76,3.7,3.7,3.7340588036498814,3.72,3.7,887700.0,887700.0,0.0,3314724000.0,0.0,0.0,0.0,0.0,0.0,478.0,1742939.0,591.0,2474469.0,1.0,0.0,0.0,0.0,0.0,1000.0
2024-03-05T00:00:00,TSC,3.75,3.69,3.72,3.7119908256880736,3.71,3.72,763000.0,763000.0,0.0,2832249000.0,0.0,0.0,0.0,0.0,0.0,575.0,1502195.0,476.0,2386215.0,1.0,0.0,0.0,0.0,0.0,1000.0
2024-03-06T00:00:00,TSC,3.83,3.71,3.72,3.771594727018199,3.75,3.71,1714400.0,1714400.0,0.0,6466022000.0,0.0,0.0,0.0,0.0,0.0,661.0,3254469.0,1008.0,3942006.0,1.0,0.0,0.0,0.0,0.0,1000.0
2024-03-07T00:00:00,TSC,3.77,3.7,3.74,3.7384667942060674,3.75,3.75,1097700.0,1097700.0,0.0,4103715000.0,0.0,0.0,0.0,0.0,0.0,624.0,2228593.0,495.0,2633224.0,1.0,0.0,0.0,0.0,0.0,1000.0
2024-03-08T00:00:00,TSC,3.79,3.69,3.74,3.713116482112436,3.69,3.75,939200.0,939200.0,0.0,3487359000.0,0.0,0.0,0.0,0.0,0.0,612.0,1770282.0,487.0,2483560.0,1.0,0.0,0.0,0.0,0.0,1000.0
2024-03-11T00:00:00,TSC,3.7,3.65,3.7,3.6790573358241128,3.66,3.69,695900.0,695900.0,0.0,2560256000.0,0.0,0.0,0.0,0.0,0.0,554.0,1301821.0,340.0,1961880.0,1.0,0.0,0.0,0.0,0.0,1000.0
2024-03-12T00:00:00,TSC,3.67,3.61,3.62,3.6328186204938975,3.64,3.66,704600.0,704600.0,0.0,2559684000.0,0.0,0.0,0.0,0.0,0.0,684.0,1571876.0,338.0,1745348.0,1.0,0.0,0.0,0.0,0.0,1000.0
2024-03-13T00:00:00,TSC,3.67,3.64,3.64,3.6516082351186037,3.67,3.64,670300.0,670300.0,0.0,2447673000.0,0.0,0.0,0.0,0.0,0.0,553.0,1593550.0,344.0,1808548.0,1.0,0.0,0.0,0.0,0.0,1000.0
2024-03-14T00:00:00,TSC,3.69,3.6,3.67,3.6352136363636363,3.64,3.67,1100000.0,1100000.0,0.0,3998735000.0,0.0,0.0,0.0,0.0,0.0,824.0,1876314.0,434.0,2088459.0,1.0,0.0,0.0,0.0,0.0,1000.0
2024-03-15T00:00:00,TSC,3.66,3.6,3.63,3.6196883812746754,3.65,3.64,709200.0,709200.0,0.0,2567083000.0,0.0,0.0,0.0,0.0,0.0,710.0,1509040.0,367.0,1530166.0,1.0,0.0,0.0,0.0,0.0,1000.0
2024-03-18T00:00:00,TSC,3.69,3.55,3.62,3.603951093951094,3.58,3.65,932400.0,932400.0,0.0,3360324000.0,0.0,0.0,0.0,0.0,0.0,939.0,1928246.0,528.0,2293414.0,1.0,0.0,0.0,0.0,0.0,1000.0
2024-03-19T00:00:00,TSC,3.63,3.56,3.63,3.5924488124488123,3.6,3.58,610500.0,610500.0,0.0,2193190000.0,0.0,0.0,0.0,0.0,0.0,535.0,1241010.0,388.0,1427221.0,1.0,0.0,0.0,0.0,0.0,1000.0
2024-03-20T00:00:00,TSC,3.63,3.58,3.6,3.6069315673289184,3.63,3.6,362400.0,362400.0,0.0,1307152000.0,0.0,0.0,0.0,0.0,0.0,375.0,854977.0,368.0,993632.0,1.0,0.0,0.0,0.0,0.0,1000.0
2024-03-21T00:00:00,TSC,3.67,3.62,3.63,3.629493064729194,3.64,3.63,605600.0,605600.0,0.0,2198021000.0,0.0,0.0,0.0,0.0,0.0,468.0,1266851.0,453.0,1700618.0,1.0,0.0,0.0,0.0,0.0,1000.0
2024-03-22T00:00:00,TSC,3.66,3.59,3.66,3.628478781009948,3.64,3.64,794100.0,794100.0,0.0,2881375000.0,0.0,0.0,0.0,0.0,0.0,579.0,1551624.0,468.0,2303160.0,1.0,0.0,0.0,0.0,0.0,1000.0
2024-03-25T00:00:00,TSC,3.65,3.6,3.64,3.620199456029012,3.63,3.64,661800.0,661800.0,0.0,2395848000.0,0.0,0.0,0.0,0.0,0.0,486.0,1344275.0,388.0,1527684.0,1.0,0.0,0.0,0.0,0.0,1000.0
2024-03-26T00:00:00,TSC,3.64,3.61,3.61,3.6213092369477913,3.64,3.63,373500.0,373500.0,0.0,1352559000.0,0.0,0.0,0.0,0.0,0.0,366.0,904044.0,317.0,1025756.0,1.0,0.0,0.0,0.0,0.0,1000.0
2024-03-27T00:00:00,TSC,3.66,3.63,3.65,3.6428248259860787,3.65,3.64,517200.0,517200.0,0.0,1884069000.0,0.0,0.0,0.0,0.0,0.0,408.0,1179225.0,443.0,1534065.0,1.0,0.0,0.0,0.0,0.0,1000.0
2024-03-28T00:00:00,TSC,3.66,3.62,3.65,3.642084812623274,3.63,3.65,507000.0,507000.0,0.0,1846537000.0,0.0,0.0,0.0,0.0,0.0,339.0,1081901.0,403.0,1993549.0,1.0,0.0,0.0,0.0,0.0,1000.0
2024-03-29T00:00:00,TSC,3.65,3.59,3.65,3.613941553813257,3.59,3.63,841800.0,841800.0,0.0,3042216000.0,0.0,0.0,0.0,0.0,0.0,464.0,1321045.0,384.0,2077370.0,1.0,0.0,0.0,0.0,0.0,1000.0
2024-04-01T00:00:00,TSC,3.61,3.58,3.58,3.5872960656235757,3.59,3.59,658300.0,658300.0,0.0,2361517000.0,0.0,0.0,0.0,0.0,0.0,481.0,1382531.0,288.0,1485464.0,1.0,0.0,0.0,0.0,0.0,1000.0
2024-04-02T00:00:00,TSC,3.6,3.55,3.59,3.5811861379063954,3.59,3.59,559800.0,559800.0,0.0,2004748000.0,0.0,0.0,0.0,0.0,0.0,495.0,1355274.0,293.0,1284634.0,1.0,0.0,0.0,0.0,0.0,1000.0
2024-04-03T00:00:00,TSC,3.63,3.57,3.61,3.5904010775217,3.59,3.59,668200.0,668200.0,0.0,2399106000.0,0.0,0.0,0.0,0.0,0.0,440.0,1266902.0,388.0,2139161.0,1.0,0.0,0.0,0.0,0.0,1000.0
2024-04-04T00:00:00,TSC,3.59,3.54,3.58,3.5617490361023485,3.56,3.59,855900.0,855900.0,0.0,3048501000.0,0.0,0.0,0.0,0.0,0.0,572.0,1513332.0,311.0,2122896.0,1.0,0.0,0.0,0.0,0.0,1000.0
2024-04-05T00:00:00,TSC,3.55,3.42,3.55,3.4873030900723205,3.48,3.56,1521000.0,1521000.0,0.0,5304188000.0,0.0,0.0,0.0,0.0,0.0,1057.0,2520969.0,417.0,2619909.0,1.0,0.0,0.0,0.0,0.0,1000.0
2024-04-08T00:00:00,TSC,3.48,3.24,3.48,3.3049969391371588,3.24,3.48,3103700.0,3103700.0,0.0,10257719000.0,0.0,0.0,0.0,0.0,0.0,1477.0,4193539.0,815.0,6672087.0,1.0,0.0,0.0,0.0,0.0,1000.0
2024-04-09T00:00:00,TSC,3.28,3.06,3.06,3.1478467361435163,3.27,3.24,1928700.0,1928700.0,0.0,6071252000.0,0.0,0.0,0.0,0.0,0.0,1086.0,4048761.0,733.0,3004169.0,1.0,0.0,0.0,0.0,0.0,1000.0
2024-04-10T00:00:00,TSC,3.27,3.19,3.24,3.229562247749146,3.24,3.27,644200.0,644200.0,0.0,2080484000.0,0.0,0.0,0.0,0.0,0.0,578.0,1216494.0,346.0,1528637.0,1.0,0.0,0.0,0.0,0.0,1000.0
2024-04-11T00:00:00,TSC,3.27,3.17,3.23,3.2237808980547022,3.24,3.24,683700.0,683700.0,0.0,2204099000.0,0.0,0.0,0.0,0.0,0.0,604.0,1613119.0,392.0,1660238.0,1.0,0.0,0.0,0.0,0.0,1000.0
2024-04-12T00:00:00,TSC,3.24,3.15,3.24,3.1847649353315544,3.2,3.24,487100.0,487100.0,0.0,1551299000.0,0.0,0.0,0.0,0.0,0.0,479.0,1233760.0,292.0,1650458.0,1.0,0.0,0.0,0.0,0.0,1000.0
2024-04-15T00:00:00,TSC,3.2,2.98,3.16,3.054815644383184,2.98,3.2,1741200.0,1741200.0,0.0,5319045000.0,0.0,0.0,0.0,0.0,0.0,853.0,2203700.0,393.0,3648737.0,1.0,0.0,0.0,0.0,0.0,1000.0
2024-04-16T00:00:00,TSC,3.03,2.78,2.99,2.8245059895566706,2.78,2.98,1953400.0,1953400.0,0.0,5517390000.0,0.0,0.0,0.0,0.0,0.0,1084.0,2740388.0,494.0,3286306.0,1.0,0.0,0.0,0.0,0.0,1000.0
2024-04-17T00:00:00,TSC,2.85,2.77,2.83,2.818967334035827,2.85,2.78,759200.0,759200.0,0.0,2140160000.0,0.0,0.0,0.0,0.0,0.0,491.0,1227456.0,405.0,1317097.0,1.0,0.0,0.0,0.0,0.0,1000.0
2024-04-19T00:00:00,TSC,2.85,2.75,2.85,2.7943613378983407,2.8,2.85,759400.0,759400.0,0.0,2122038000.0,0.0,0.0,0.0,0.0,0.0,549.0,1239559.0,408.0,1206044.0,1.0,0.0,0.0,0.0,0.0,1000.0
2024-04-22T00:00:00,TSC,2.94,2.81,2.85,2.8833004849053654,2.93,2.8,639300.0,639300.0,0.0,1843294000.0,0.0,0.0,0.0,0.0,0.0,408.0,1318625.0,490.0,972569.0,1.0,0.0,0.0,0.0,0.0,1000.0
2024-04-23T00:00:00,TSC,2.97,2.85,2.93,2.906871992300289,2.9,2.93,311700.0,311700.0,0.0,906072000.0,0.0,0.0,0.0,0.0,0.0,308.0,578929.0,350.0,924179.0,1.0,0.0,0.0,0.0,0.0,1000.0
2024-04-24T00:00:00,TSC,2.94,2.7,2.9,2.8821947994711326,2.88,2.9,453800.0,453800.0,0.0,1307940000.0,0.0,0.0,0.0,0.0,0.0,492.0,1144759.0,335.0,1318039.0,1.0,0.0,0.0,0.0,0.0,1000.0
2024-04-25T00:00:00,TSC,2.97,2.88,2.88,2.938850969305331,2.94,2.88,495200.0,495200.0,0.0,1455319000.0,0.0,0.0,0.0,0.0,0.0,309.0,1371016.0,410.0,1400147.0,1.0,0.0,0.0,0.0,0.0,1000.0
2024-04-26T00:00:00,TSC,2.96,2.9,2.94,2.929990356798457,2.9,2.94,311100.0,311100.0,0.0,911520000.0,0.0,0.0,0.0,0.0,0.0,254.0,1018997.0,295.0,1135080.0,1.0,0.0,0.0,0.0,0.0,1000.0
2024-05-02T00:00:00,TSC,3.02,2.9,3.0,2.9718923409204185,3.02,2.9,601900.0,601900.0,0.0,1788782000.0,0.0,0.0,0.0,0.0,0.0,291.0,1447332.0,423.0,1110049.0,1.0,0.0,0.0,0.0,0.0,1000.0
2024-05-03T00:00:00,TSC,3.09,3.0,3.09,3.0209752111141377,3.0,3.02,367100.0,367100.0,0.0,1109000000.0,0.0,0.0,0.0,0.0,0.0,276.0,805592.0,318.0,1471086.0,1.0,0.0,0.0,0.0,0.0,1000.0
2024-05-06T00:00:00,TSC,3.05,3.0,3.04,3.011749771271729,3.02,3.0,437200.0,437200.0,0.0,1316737000.0,0.0,0.0,0.0,0.0,0.0,301.0,816821.0,307.0,1034717.0,1.0,0.0,0.0,0.0,0.0,1000.0
2024-05-07T00:00:00,TSC,3.03,2.99,3.03,3.004183673469388,3.0,3.02,362600.0,362600.0,0.0,1089317000.0,0.0,0.0,0.0,0.0,0.0,291.0,737019.0,266.0,929182.0,1.0,0.0,0.0,0.0,0.0,1000.0
2024-05-08T00:00:00,TSC,3.02,2.97,3.0,2.9933709817549956,3.02,3.0,345300.0,345300.0,0.0,1033611000.0,0.0,0.0,0.0,0.0,0.0,301.0,901859.0,243.0,843906.0,1.0,0.0,0.0,0.0,0.0,1000.0
2024-05-09T00:00:00,TSC,3.05,3.0,3.05,3.021434634974533,3.02,3.02,353400.0,353400.0,0.0,1067775000.0,0.0,0.0,0.0,0.0,0.0,228.0,823242.0,361.0,912669.0,1.0,0.0,0.0,0.0,0.0,1000.0
2024-05-10T00:00:00,TSC,3.08,3.02,3.02,3.0515175941714463,3.08,3.02,645100.0,645100.0,0.0,1968534000.0,0.0,0.0,0.0,0.0,0.0,406.0,1408588.0,409.0,1385774.0,1.0,0.0,0.0,0.0,0.0,1000.0
2024-05-13T00:00:00,TSC,3.23,3.08,3.08,3.1813566666666664,3.19,3.08,900000.0,900000.0,0.0,2863221000.0,0.0,0.0,0.0,0.0,0.0,469.0,1809879.0,587.0,1804591.0,1.0,0.0,0.0,0.0,0.0,1000.0
2024-05-14T00:00:00,TSC,3.27,3.11,3.27,3.2091419950971147,3.19,3.19,530300.0,530300.0,0.0,1701808000.0,0.0,0.0,0.0,0.0,0.0,350.0,1091595.0,386.0,1465566.0,1.0,0.0,0.0,0.0,0.0,1000.0
2024-05-15T00:00:00,TSC,3.2,3.14,3.2,3.16127,3.18,3.19,500000.0,500000.0,0.0,1580635000.0,0.0,0.0,0.0,0.0,0.0,399.0,1290817.0,309.0,1383930.0,1.0,0.0,0.0,0.0,0.0,1000.0
2024-05-16T00:00:00,TSC,3.2,3.14,3.2,3.1613585141903173,3.14,3.18,479200.0,479200.0,0.0,1514923000.0,0.0,0.0,0.0,0.0,0.0,412.0,968661.0,284.0,1117487.0,1.0,0.0,0.0,0.0,0.0,1000.0
2024-05-17T00:00:00,TSC,3.19,3.13,3.14,3.1485867565910484,3.19,3.14,326200.0,326200.0,0.0,1027069000.0,0.0,0.0,0.0,0.0,0.0,327.0,1396100.0,292.0,1125230.0,1.0,0.0,0.0,0.0,0.0,1000.0
2024-05-20T00:00:00,TSC,3.22,3.16,3.21,3.1829145928727853,3.18,3.19,502300.0,502300.0,0.0,1598778000.0,0.0,0.0,0.0,0.0,0.0,380.0,1481068.0,363.0,1784404.0,1.0,0.0,0.0,0.0,0.0,1000.0
2024-05-21T00:00:00,TSC,3.25,3.16,3.17,3.2003553234844624,3.25,3.18,785200.0,785200.0,0.0,2512919000.0,0.0,0.0,0.0,0.0,0.0,340.0,1572507.0,435.0,1683692.0,1.0,0.0,0.0,0.0,0.0,1000.0
2024-05-22T00:00:00,TSC,3.3,3.23,3.3,3.2588272740132975,3.23,3.25,706900.0,706900.0,0.0,2303665000.0,0.0,0.0,0.0,0.0,0.0,340.0,1149155.0,466.0,1939284.0,1.0,0.0,0.0,0.0,0.0,1000.0
2024-05-23T00:00:00,TSC,3.25,3.19,3.24,3.2141233480176212,3.2,3.23,340500.0,340500.0,0.0,1094409000.0,0.0,0.0,0.0,0.0,0.0,324.0,614463.0,285.0,1237517.0,1.0,0.0,0.0,0.0,0.0,1000.0
2024-05-24T00:00:00,TSC,3.22,3.12,3.2,3.1687868006759765,3.13,3.2,1124300.0,1124300.0,0.0,3562667000.0,0.0,0.0,0.0,0.0,0.0,559.0,1852547.0,326.0,2132557.0,1.0,0.0,0.0,0.0,0.0,1000.0
2024-05-27T00:00:00,TSC,3.17,3.1,3.15,3.1279623248334483,3.13,3.13,435300.0,435300.0,0.0,1361602000.0,0.0,0.0,0.0,0.0,0.0,325.0,849564.0,215.0,1103470.0,1.0,0.0,0.0,0.0,0.0,1000.0
2024-05-28T00:00:00,TSC,3.15,3.1,3.15,3.121921650440427,3.13,3.13,431400.0,431400.0,0.0,1346797000.0,0.0,0.0,0.0,0.0,0.0,417.0,831137.0,256.0,1433131.0,1.0,0.0,0.0,0.0,0.0,1000.0
2024-05-29T00:00:00,TSC,3.3,3.11,3.13,3.244217171717172,3.23,3.13,1663200.0,1663200.0,0.0,5395782000.0,0.0,0.0,0.0,0.0,0.0,626.0,3454752.0,705.0,2833283.0,1.0,0.0,0.0,0.0,0.0,1000.0
2024-05-30T00:00:00,TSC,3.31,3.22,3.23,3.2653791208791207,3.25,3.23,728000.0,728000.0,0.0,2377196000.0,0.0,0.0,0.0,0.0,0.0,392.0,1365003.0,511.0,2041076.0,1.0,0.0,0.0,0.0,0.0,1000.0
2024-05-31T00:00:00,TSC,3.32,3.2,3.26,3.272153011871611,3.23,3.25,682300.0,682300.0,0.0,2232590000.0,0.0,0.0,0.0,0.0,0.0,418.0,1376399.0,460.0,1807719.0,1.0,0.0,0.0,0.0,0.0,1000.0
2024-06-03T00:00:00,TSC,3.3,3.22,3.24,3.244058524173028,3.26,3.23,786000.0,786000.0,0.0,2549830000.0,0.0,0.0,0.0,0.0,0.0,460.0,1661449.0,322.0,2108668.0,1.0,0.0,0.0,0.0,0.0,1000.0
2024-06-04T00:00:00,TSC,3.26,3.2,3.26,3.224812609457093,3.22,3.26,571000.0,571000.0,0.0,1841368000.0,0.0,0.0,0.0,0.0,0.0,467.0,1230298.0,288.0,1394011.0,1.0,0.0,0.0,0.0,0.0,1000.0
2024-06-05T00:00:00,TSC,3.23,3.19,3.22,3.204655386912167,3.2,3.22,803800.0,803800.0,0.0,2575902000.0,0.0,0.0,0.0,0.0,0.0,485.0,1434825.0,274.0,1660075.0,1.0,0.0,0.0,0.0,0.0,1000.0
2024-06-06T00:00:00,TSC,3.35,3.2,3.2,3.2621056004100986,3.26,3.2,780300.0,780300.0,0.0,2545421000.0,0.0,0.0,0.0,0.0,0.0,456.0,1941130.0,520.0,2020870.0,1.0,0.0,0.0,0.0,0.0,1000.0
2024-06-07T00:00:00,TSC,3.29,3.22,3.26,3.248822589238146,3.26,3.26,563100.0,563100.0,0.0,1829412000.0,0.0,0.0,0.0,0.0,0.0,319.0,1319804.0,321.0,1502165.0,1.0,0.0,0.0,0.0,0.0,1000.0
2024-06-10T00:00:00,TSC,3.29,3.23,3.26,3.257616600790514,3.25,3.26,506000.0,506000.0,0.0,1648354000.0,0.0,0.0,0.0,0.0,0.0,330.0,1111427.0,339.0,1757817.0,1.0,0.0,0.0,0.0,0.0,1000.0
2024-06-11T00:00:00,TSC,3.29,3.2,3.27,3.220915921751522,3.22,3.25,771900.0,771900.0,0.0,2486225000.0,0.0,0.0,0.0,0.0,0.0,370.0,1247863.0,318.0,2811294.0,1.0,0.0,0.0,0.0,0.0,1000.0
2024-06-12T00:00:00,TSC,3.25,3.17,3.23,3.1960157382480845,3.25,3.22,482900.0,482900.0,0.0,1543356000.0,0.0,0.0,0.0,0.0,0.0,412.0,1132064.0,230.0,1592830.0,1.0,0.0,0.0,0.0,0.0,1000.0
2024-06-13T00:00:00,TSC,3.28,3.22,3.28,3.2422639455782316,3.24,3.25,367500.0,367500.0,0.0,1191532000.0,0.0,0.0,0.0,0.0,0.0,331.0,924921.0,360.0,1195551.0,1.0,0.0,0.0,0.0,0.0,1000.0
2024-06-14T00:00:00,TSC,3.35,3.24,3.26,3.3067846719273595,3.29,3.24,1850200.0,1850200.0,0.0,6118213000.0,0.0,0.0,0.0,0.0,0.0,561.0,2836398.0,860.0,3113805.0,1.0,0.0,0.0,0.0,0.0,1000.0
2024-06-17T00:00:00,TSC,3.36,3.25,3.3,3.2896368409538397,3.28,3.29,457100.0,457100.0,0.0,1503693000.0,0.0,0.0,0.0,0.0,0.0,297.0,928596.0,388.0,1355378.0,1.0,0.0,0.0,0.0,0.0,1000.0
2024-06-18T00:00:00,TSC,3.29,3.23,3.24,3.248927567905089,3.23,3.28,640600.0,640600.0,0.0,2081263000.0,0.0,0.0,0.0,0.0,0.0,381.0,1024337.0,301.0,1504829.0,1.0,0.0,0.0,0.0,0.0,1000.0
2024-06-19T00:00:00,TSC,3.28,3.2,3.21,3.21072319201995,3.22,3.23,601500.0,601500.0,0.0,1931250000.0,0.0,0.0,0.0,0.0,0.0,379.0,1236310.0,267.0,1358380.0,1.0,0.0,0.0,0.0,0.0,1000.0
2024-06-20T00:00:00,TSC,3.25,3.17,3.25,3.188920622414812,3.18,3.22,507700.0,507700.0,0.0,1619015000.0,0.0,0.0,0.0,0.0,0.0,418.0,990209.0,320.0,1302972.0,1.0,0.0,0.0,0.0,0.0,1000.0
2024-06-21T00:00:00,TSC,3.2,3.15,3.18,3.17779366940211,3.19,3.18,426500.0,426500.0,0.0,1355329000.0,0.0,0.0,0.0,0.0,0.0,395.0,1219090.0,218.0,966974.0,1.0,0.0,0.0,0.0,0.0,1000.0
2024-06-24T00:00:00,TSC,3.24,3.11,3.2,3.148271526543053,3.11,3.19,787400.0,787400.0,0.0,2478949000.0,0.0,0.0,0.0,0.0,0.0,441.0,1106945.0,296.0,1689393.0,1.0,0.0,0.0,0.0,0.0,1000.0
2024-06-25T00:00:00,TSC,3.17,3.08,3.12,3.1212343343580042,3.11,3.11,422900.0,422900.0,0.0,1319970000.0,0.0,0.0,0.0,0.0,0.0,314.0,1115183.0,187.0,1039005.0,1.0,0.0,0.0,0.0,0.0,1000.0
2024-06-26T00:00:00,TSC,3.15,3.07,3.15,3.093879326650274,3.08,3.11,528700.0,528700.0,0.0,1635734000.0,0.0,0.0,0.0,0.0,0.0,391.0,1117754.0,238.0,1237254.0,1.0,0.0,0.0,0.0,0.0,1000.0
2024-06-27T00:00:00,TSC,3.12,3.07,3.12,3.0893824701195216,3.1,3.08,100400.0,100400.0,0.0,310174000.0,0.0,0.0,0.0,0.0,0.0,229.0,413698.0,185.0,476650.0,1.0,0.0,0.0,0.0,0.0,1000.0
2024-06-28T00:00:00,TSC,3.1,3.06,3.1,3.073970240108218,3.06,3.1,295700.0,295700.0,0.0,908973000.0,0.0,0.0,0.0,0.0,0.0,256.0,608627.0,208.0,757411.0,1.0,0.0,0.0,0.0,0.0,1000.0
2024-07-01T00:00:00,TSC,3.07,3.03,3.06,3.0553899835796385,3.07,3.06,243600.0,243600.0,0.0,744293000.0,0.0,0.0,0.0,320.0,980000.0,278.0,635434.0,142.0,672698.0,1.0,0.0,0.0,0.0,0.0,1000.0
2024-07-02T00:00:00,TSC,3.09,3.07,3.07,3.0824471299093656,3.09,3.07,99300.0,99300.0,0.0,306087000.0,0.0,0.0,0.0,0.0,0.0,199.0,448003.0,133.0,539956.0,1.0,0.0,0.0,0.0,0.0,1000.0
2024-07-03T00:00:00,TSC,3.11,3.08,3.09,3.097432273262662,3.11,3.09,84900.0,84900.0,0.0,262972000.0,0.0,0.0,0.0,0.0,0.0,204.0,399573.0,175.0,535239.0,1.0,0.0,0.0,0.0,0.0,1000.0
2024-07-04T00:00:00,TSC,3.17,3.09,3.17,3.102898062342039,3.11,3.11,237400.0,237400.0,0.0,736628000.0,0.0,0.0,0.0,0.0,0.0,202.0,415130.0,257.0,1366165.0,1.0,0.0,0.0,0.0,0.0,1000.0
2024-07-05T00:00:00,TSC,3.16,3.08,3.08,3.1034468524251806,3.09,3.11,193800.0,193800.0,0.0,601448000.0,0.0,0.0,0.0,0.0,0.0,222.0,541522.0,243.0,799341.0,1.0,0.0,0.0,0.0,0.0,1000.0
2024-07-08T00:00:00,TSC,3.09,3.07,3.09,3.0775675675675673,3.09,3.09,148000.0,148000.0,0.0,455480000.0,0.0,0.0,0.0,0.0,0.0,221.0,700504.0,160.0,592154.0,1.0,0.0,0.0,0.0,0.0,1000.0
2024-07-09T00:00:00,TSC,3.1,3.07,3.09,3.0808763977032334,3.09,3.09,330900.0,330900.0,0.0,1019462000.0,0.0,0.0,0.0,0.0,0.0,258.0,567764.0,220.0,857033.0,1.0,0.0,0.0,0.0,0.0,1000.0
2024-07-10T00:00:00,TSC,3.12,3.08,3.1,3.087104013810962,3.08,3.09,231700.0,231700.0,0.0,715282000.0,0.0,0.0,0.0,0.0,0.0,202.0,389834.0,221.0,869689.0,1.0,0.0,0.0,0.0,0.0,1000.0
2024-07-11T00:00:00,TSC,3.1,3.06,3.1,3.0682455612398436,3.08,3.08,332300.0,332300.0,0.0,1019578000.0,0.0,0.0,0.0,0.0,0.0,273.0,806305.0,179.0,1030215.0,1.0,0.0,0.0,0.0,0.0,1000.0
2024-07-12T00:00:00,TSC,3.09,3.04,3.06,3.054729286300246,3.06,3.08,243800.0,243800.0,0.0,744743000.0,0.0,0.0,0.0,0.0,0.0,321.0,520959.0,187.0,1019981.0,1.0,0.0,0.0,0.0,0.0,1000.0
2024-07-15T00:00:00,TSC,3.14,3.03,3.1,3.0502916666666664,3.05,3.06,120000.0,120000.0,0.0,366035000.0,0.0,0.0,0.0,0.0,0.0,232.0,293693.0,222.0,660739.0,1.0,0.0,0.0,0.0,0.0,1000.0
2024-07-16T00:00:00,TSC,3.08,3.04,3.06,3.0596637646352445,3.04,3.05,333100.0,333100.0,0.0,1019174000.0,0.0,0.0,0.0,200.0,610000.0,305.0,718993.0,250.0,914418.0,1.0,0.0,0.0,0.0,0.0,1000.0
2024-07-17T00:00:00,TSC,3.05,2.99,3.04,3.009110878661088,2.99,3.04,573600.0,573600.0,0.0,1726026000.0,0.0,0.0,0.0,0.0,0.0,385.0,1043762.0,227.0,1202832.0,1.0,0.0,0.0,0.0,0.0,1000.0
2024-07-18T00:00:00,TSC,3.0,2.93,2.99,2.9638178294573647,2.99,2.99,258000.0,258000.0,0.0,764665000.0,0.0,0.0,0.0,0.0,0.0,341.0,576909.0,156.0,798086.0,1.0,0.0,0.0,0.0,0.0,1000.0
2024-07-19T00:00:00,TSC,3.01,2.96,3.0,2.9819010175763183,2.96,2.99,216200.0,216200.0,0.0,644687000.0,0.0,0.0,0.0,0.0,0.0,217.0,382134.0,168.0,704071.0,1.0,0.0,0.0,0.0,0.0,1000.0
2024-07-22T00:00:00,TSC,3.0,2.86,3.0,2.90401417362693,2.9,2.96,395100.0,395100.0,0.0,1147376000.0,0.0,0.0,0.0,0.0,0.0,363.0,791074.0,187.0,952998.0,1.0,0.0,0.0,0.0,0.0,1000.0
2024-07-23T00:00:00,TSC,2.93,2.86,2.86,2.885013404825737,2.87,2.9,74600.0,74600.0,0.0,215222000.0,0.0,0.0,0.0,0.0,0.0,212.0,327021.0,129.0,386061.0,1.0,0.0,0.0,0.0,0.0,1000.0
2024-07-24T00:00:00,TSC,2.96,2.8,2.96,2.8984825870646764,2.88,2.87,241200.0,241200.0,0.0,699114000.0,0.0,0.0,0.0,0.0,0.0,323.0,697040.0,245.0,967352.0,1.0,0.0,0.0,0.0,0.0,1000.0
2024-07-25T00:00:00,TSC,2.92,2.8,2.88,2.8378660220994476,2.85,2.88,144800.0,144800.0,0.0,410923000.0,0.0,0.0,0.0,0.0,0.0,284.0,546242.0,146.0,485962.0,1.0,0.0,0.0,0.0,0.0,1000.0
2024-07-26T00:00:00,TSC,2.89,2.83,2.85,2.852881040892193,2.85,2.85,107600.0,107600.0,0.0,306970000.0,0.0,0.0,0.0,0.0,0.0,200.0,419546.0,129.0,464374.0,1.0,0.0,0.0,0.0,0.0,1000.0
2024-07-29T00:00:00,TSC,2.87,2.82,2.86,2.845304678998912,2.85,2.85,183800.0,183800.0,0.0,522967000.0,0.0,0.0,0.0,0.0,0.0,221.0,521798.0,132.0,584554.0,1.0,0.0,0.0,0.0,0.0,1000.0
2024-07-30T00:00:00,TSC,2.88,2.82,2.83,2.8420234032179423,2.85,2.85,205100.0,205100.0,0.0,582899000.0,0.0,0.0,0.0,0.0,0.0,214.0,473242.0,139.0,550986.0,1.0,0.0,0.0,0.0,0.0,1000.0
2024-07-31T00:00:00,TSC,2.94,2.84,2.85,2.8834097989238177,2.89,2.85,353100.0,353100.0,0.0,1018132000.0,0.0,0.0,0.0,0.0,0.0,238.0,726430.0,260.0,818671.0,1.0,0.0,0.0,0.0,0.0,1000.0
2024-08-01T00:00:00,TSC,2.9,2.75,2.89,2.8117326521924224,2.84,2.89,234900.0,234900.0,0.0,660476000.0,0.0,0.0,0.0,0.0,0.0,324.0,829866.0,201.0,787715.0,1.0,0.0,0.0,0.0,0.0,1000.0
2024-08-02T00:00:00,TSC,2.84,2.77,2.84,2.8183155792276966,2.83,2.84,150200.0,150200.0,0.0,423311000.0,0.0,0.0,0.0,0.0,0.0,188.0,433812.0,139.0,541464.0,1.0,0.0,0.0,0.0,0.0,1000.0
2024-08-05T00:00:00,TSC,2.83,2.64,2.83,2.7149036738351255,2.65,2.83,446400.0,446400.0,0.0,1211933000.0,0.0,0.0,0.0,0.0,0.0,317.0,727710.0,208.0,1307643.0,1.0,0.0,0.0,0.0,0.0,1000.0
2024-08-06T00:00:00,TSC,2.7,2.59,2.68,2.6464200082678793,2.68,2.65,241900.0,241900.0,0.0,640169000.0,0.0,0.0,0.0,0.0,0.0,276.0,546448.0,172.0,604314.0,1.0,0.0,0.0,0.0,0.0,1000.0
2024-08-07T00:00:00,TSC,2.71,2.66,2.7,2.6833852867830426,2.69,2.68,160400.0,160400.0,0.0,430415000.0,0.0,0.0,0.0,0.0,0.0,174.0,354209.0,107.0,378501.0,1.0,0.0,0.0,0.0,0.0,1000.0
2024-08-08T00:00:00,TSC,2.7,2.63,2.69,2.673789078782826,2.64,2.69,239900.0,239900.0,0.0,641442000.0,0.0,0.0,0.0,0.0,0.0,179.0,404463.0,118.0,659192.0,1.0,0.0,0.0,0.0,0.0,1000.0
2024-08-09T00:00:00,TSC,2.69,2.63,2.63,2.662984496124031,2.69,2.64,77400.0,77400.0,0.0,206115000.0,0.0,0.0,0.0,0.0,0.0,188.0,476307.0,140.0,272521.0,1.0,0.0,0.0,0.0,0.0,1000.0
2024-08-12T00:00:00,TSC,2.71,2.53,2.71,2.641042553191489,2.63,2.69,141000.0,141000.0,0.0,372387000.0,0.0,0.0,0.0,0.0,0.0,237.0,346753.0,128.0,356783.0,1.0,0.0,0.0,0.0,0.0,1000.0
2024-08-13T00:00:00,TSC,2.64,2.58,2.6,2.61281328320802,2.6,2.63,159600.0,159600.0,0.0,417005000.0,0.0,0.0,0.0,0.0,0.0,272.0,521169.0,117.0,2463143.0,1.0,0.0,0.0,0.0,0.0,1000.0
2024-08-14T00:00:00,TSC,2.67,2.62,2.64,2.643748668796592,2.66,2.6,93900.0,93900.0,0.0,248248000.0,0.0,0.0,0.0,0.0,0.0,195.0,362503.0,162.0,327723.0,1.0,0.0,0.0,0.0,0.0,1000.0
2024-08-15T00:00:00,TSC,2.68,2.63,2.66,2.6506859205776174,2.65,2.66,110800.0,110800.0,0.0,293696000.0,0.0,0.0,0.0,0.0,0.0,161.0,363101.0,114.0,333530.0,1.0,0.0,0.0,0.0,0.0,1000.0
2024-08-16T00:00:00,TSC,2.73,2.6,2.65,2.6847458922430265,2.7,2.65,261700.0,261700.0,0.0,702598000.0,0.0,0.0,0.0,0.0,0.0,282.0,867995.0,198.0,495240.0,1.0,0.0,0.0,0.0,0.0,1000.0
2024-08-19T00:00:00,TSC,2.74,2.66,2.74,2.7022390722569134,2.71,2.7,112100.0,112100.0,0.0,302921000.0,0.0,0.0,0.0,0.0,0.0,195.0,399392.0,160.0,379534.0,1.0,0.0,0.0,0.0,0.0,1000.0
2024-08-20T00:00:00,TSC,2.73,2.67,2.67,2.70573179033356,2.73,2.71,293800.0,293800.0,0.0,794944000.0,0.0,0.0,0.0,0.0,0.0,243.0,783362.0,128.0,466445.0,1.0,0.0,0.0,0.0,0.0,1000.0
2024-08-21T00:00:00,TSC,2.74,2.69,2.73,2.717828810020877,2.73,2.73,239500.0,239500.0,0.0,650920000.0,0.0,0.0,0.0,0.0,0.0,236.0,654470.0,155.0,1095963.0,1.0,0.0,0.0,0.0,0.0,1000.0
2024-08-22T00:00:00,TSC,2.75,2.7,2.74,2.7242134831460674,2.72,2.73,213600.0,213600.0,0.0,581892000.0,0.0,0.0,0.0,0.0,0.0,197.0,592649.0,163.0,540554.0,1.0,0.0,0.0,0.0,0.0,1000.0
2024-08-23T00:00:00,TSC,2.83,2.74,2.75,2.772915766738661,2.76,2.72,509300.0,509300.0,0.0,1412246000.0,0.0,0.0,0.0,0.0,0.0,324.0,1262410.0,296.0,1146562.0,1.0,0.0,0.0,0.0,0.0,1000.0
2024-08-26T00:00:00,TSC,2.8,2.76,2.77,2.7749877630934896,2.79,2.76,204300.0,204300.0,0.0,566930000.0,0.0,0.0,0.0,0.0,0.0,172.0,629922.0,206.0,705457.0,1.0,0.0,0.0,0.0,0.0,1000.0
2024-08-27T00:00:00,TSC,2.8,2.73,2.8,2.755133171912833,2.73,2.79,206500.0,206500.0,0.0,568935000.0,0.0,0.0,0.0,0.0,0.0,187.0,492982.0,162.0,682409.0,1.0,0.0,0.0,0.0,0.0,1000.0
2024-08-28T00:00:00,TSC,2.74,2.7,2.72,2.7150096043027276,2.72,2.73,260300.0,260300.0,0.0,706717000.0,0.0,0.0,0.0,0.0,0.0,231.0,516048.0,137.0,425091.0,1.0,0.0,0.0,0.0,0.0,1000.0
2024-08-29T00:00:00,TSC,2.74,2.69,2.74,2.699183673469388,2.69,2.72,112700.0,112700.0,0.0,304198000.0,0.0,0.0,0.0,0.0,0.0,191.0,537877.0,154.0,323044.0,1.0,0.0,0.0,0.0,0.0,1000.0
2024-08-30T00:00:00,TSC,2.73,2.66,2.73,2.68890048453224,2.69,2.69,268300.0,268300.0,0.0,721432000.0,0.0,0.0,0.0,0.0,0.0,205.0,591392.0,202.0,836407.0,1.0,0.0,0.0,0.0,0.0,1000.0
2024-09-04T00:00:00,TSC,2.7,2.64,2.66,2.6542567567567565,2.66,2.69,414400.0,414400.0,0.0,1099924000.0,0.0,0.0,0.0,0.0,0.0,226.0,736736.0,137.0,668126.0,1.0,0.0,0.0,0.0,0.0,1000.0
2024-09-05T00:00:00,TSC,2.69,2.6,2.67,2.635619075829384,2.65,2.66,337600.0,337600.0,0.0,889785000.0,0.0,0.0,0.0,0.0,0.0,262.0,823916.0,153.0,537431.0,1.0,0.0,0.0,0.0,0.0,1000.0
2024-09-06T00:00:00,TSC,2.68,2.6,2.68,2.633561151079137,2.63,2.65,222400.0,222400.0,0.0,585704000.0,0.0,0.0,0.0,0.0,0.0,201.0,487550.0,126.0,482450.0,1.0,0.0,0.0,0.0,0.0,1000.0
2024-09-09T00:00:00,TSC,2.66,2.63,2.65,2.6457205104263926,2.64,2.63,321300.0,321300.0,0.0,850070000.0,0.0,0.0,0.0,0.0,0.0,179.0,808281.0,178.0,732527.0,1.0,0.0,0.0,0.0,0.0,1000.0
2024-09-10T00:00:00,TSC,2.74,2.63,2.63,2.6796677074041035,2.68,2.64,448400.0,448400.0,0.0,1201563000.0,0.0,0.0,0.0,0.0,0.0,282.0,1117199.0,295.0,981867.0,1.0,0.0,0.0,0.0,0.0,1000.0
2024-09-11T00:00:00,TSC,2.71,2.64,2.65,2.6718263473053896,2.67,2.68,267200.0,267200.0,0.0,713912000.0,0.0,0.0,0.0,0.0,0.0,212.0,704655.0,185.0,752375.0,1.0,0.0,0.0,0.0,0.0,1000.0
2024-09-12T00:00:00,TSC,2.7,2.67,2.67,2.688516427104723,2.68,2.67,194800.0,194800.0,0.0,523723000.0,0.0,0.0,0.0,0.0,0.0,162.0,512208.0,147.0,503789.0,1.0,0.0,0.0,0.0,0.0,1000.0
2024-09-13T00:00:00,TSC,2.7,2.62,2.7,2.661606138107417,2.67,2.68,195500.0,195500.0,0.0,520344000.0,0.0,0.0,0.0,0.0,0.0,196.0,559042.0,137.0,607409.0,1.0,0.0,0.0,0.0,0.0,1000.0
2024-09-16T00:00:00,TSC,2.72,2.62,2.67,2.7011630291489674,2.7,2.67,682700.0,682700.0,0.0,1844084000.0,0.0,0.0,0.0,0.0,0.0,320.0,1341813.0,305.0,1208244.0,1.0,0.0,0.0,0.0,0.0,1000.0
2024-09-17T00:00:00,TSC,2.8,2.7,2.7,2.7640882391332724,2.78,2.7,766100.0,766100.0,0.0,2117568000.0,0.0,0.0,0.0,0.0,0.0,353.0,1620914.0,353.0,1613812.0,1.0,0.0,0.0,0.0,0.0,1000.0
2024-09-18T00:00:00,TSC,2.97,2.81,2.83,2.9372717036369775,2.97,2.78,888100.0,888100.0,0.0,2608591000.0,0.0,0.0,0.0,0.0,0.0,407.0,3197321.0,265.0,902852.0,1.0,0.0,0.0,0.0,0.0,1000.0
2024-09-19T00:00:00,TSC,3.17,2.99,3.17,3.0840129207752467,3.0,2.97,1470500.0,1470500.0,0.0,4535041000.0,0.0,0.0,0.0,0.0,0.0,780.0,2254083.0,657.0,2754428.0,1.0,0.0,0.0,0.0,0.0,1000.0
2024-09-20T00:00:00,TSC,3.06,2.89,2.95,2.9619907212146774,2.9,3.0,711300.0,711300.0,0.0,2106864000.0,0.0,0.0,0.0,0.0,0.0,450.0,1144713.0,438.0,1812231.0,1.0,0.0,0.0,0.0,0.0,1000.0
2024-09-23T00:00:00,TSC,2.98,2.9,2.9,2.9430522020064616,2.94,2.9,588100.0,588100.0,0.0,1730809000.0,0.0,0.0,0.0,0.0,0.0,262.0,1848233.0,285.0,1242547.0,1.0,0.0,0.0,0.0,0.0,1000.0
2024-09-24T00:00:00,TSC,3.06,2.94,2.94,2.990778162558566,2.99,2.94,490900.0,490900.0,0.0,1468173000.0,0.0,0.0,0.0,0.0,0.0,306.0,1471955.0,379.0,1278926.0,1.0,0.0,0.0,0.0,0.0,1000.0
2024-09-25T00:00:00,TSC,3.03,2.94,2.97,2.9673741561056497,2.94,2.99,844300.0,844300.0,0.0,2505354000.0,0.0,0.0,0.0,0.0,0.0,351.0,1378245.0,348.0,1719609.0,1.0,0.0,0.0,0.0,0.0,1000.0
2024-09-26T00:00:00,TSC,2.95,2.88,2.94,2.90504,2.88,2.94,800000.0,800000.0,0.0,2324032000.0,0.0,0.0,0.0,0.0,0.0,467.0,1219287.0,297.0,1802303.0,1.0,0.0,0.0,0.0,0.0,1000.0
2024-09-27T00:00:00,TSC,3.0,2.86,2.87,2.900879701585328,2.88,2.88,321700.0,321700.0,0.0,933213000.0,0.0,0.0,0.0,0.0,0.0,257.0,648309.0,231.0,888760.0,1.0,0.0,0.0,0.0,0.0,1000.0
2024-09-30T00:00:00,TSC,2.94,2.8,2.8,2.854023358840113,2.84,2.88,248300.0,248300.0,0.0,708654000.0,0.0,0.0,0.0,0.0,0.0,265.0,642773.0,228.0,796690.0,1.0,0.0,0.0,0.0,0.0,1000.0
2024-10-01T00:00:00,TSC,2.92,2.83,2.83,2.8628967468175386,2.85,2.84,353500.0,353500.0,0.0,1012034000.0,0.0,0.0,0.0,0.0,0.0,310.0,864818.0,245.0,818267.0,1.0,0.0,0.0,0.0,0.0,1000.0
2024-10-02T00:00:00,TSC,2.9,2.83,2.9,2.85286,2.87,2.85,100000.0,100000.0,0.0,285286000.0,0.0,0.0,0.0,0.0,0.0,181.0,471381.0,185.0,606984.0,1.0,0.0,0.0,0.0,0.0,1000.0
2024-10-03T00:00:00,TSC,2.87,2.78,2.87,2.8052021957914,2.81,2.87,546500.0,546500.0,0.0,1533043000.0,0.0,0.0,0.0,0.0,0.0,351.0,1022468.0,174.0,1165490.0,1.0,0.0,0.0,0.0,0.0,1000.0
2024-10-04T00:00:00,TSC,2.84,2.7,2.84,2.755723388305847,2.76,2.81,266800.0,266800.0,0.0,735227000.0,0.0,0.0,0.0,0.0,0.0,327.0,859973.0,224.0,787401.0,1.0,0.0,0.0,0.0,0.0,1000.0
2024-10-07T00:00:00,TSC,2.85,2.7,2.77,2.796105886450714,2.85,2.76,287100.0,287100.0,0.0,802762000.0,0.0,0.0,0.0,0.0,0.0,236.0,1131137.0,175.0,495270.0,1.0,0.0,0.0,0.0,0.0,1000.0
2024-10-08T00:00:00,TSC,2.86,2.77,2.85,2.816572601334017,2.81,2.85,194900.0,194900.0,0.0,548950000.0,0.0,0.0,0.0,0.0,0.0,161.0,496640.0,181.0,751873.0,1.0,0.0,0.0,0.0,0.0,1000.0
2024-10-09T00:00:00,TSC,2.88,2.75,2.75,2.817016129032258,2.84,2.81,223200.0,223200.0,0.0,628758000.0,0.0,0.0,0.0,0.0,0.0,211.0,876169.0,209.0,1133785.0,1.0,0.0,0.0,0.0,0.0,1000.0
2024-10-10T00:00:00,TSC,2.87,2.75,2.79,2.798223607323724,2.81,2.84,256700.0,256700.0,0.0,718304000.0,0.0,0.0,0.0,0.0,0.0,261.0,714608.0,202.0,725943.0,1.0,0.0,0.0,0.0,0.0,1000.0
2024-10-11T00:00:00,TSC,2.81,2.75,2.81,2.7728990551964197,2.78,2.81,201100.0,201100.0,0.0,557630000.0,0.0,0.0,0.0,0.0,0.0,205.0,634317.0,128.0,580016.0,1.0,0.0,0.0,0.0,0.0,1000.0
2024-10-14T00:00:00,TSC,2.78,2.74,2.77,2.76014012143858,2.74,2.78,214100.0,214100.0,0.0,590946000.0,0.0,0.0,0.0,0.0,0.0,209.0,556793.0,116.0,632323.0,1.0,0.0,0.0,0.0,0.0,1000.0
2024-10-15T00:00:00,TSC,2.77,2.72,2.74,2.7330330672748007,2.72,2.74,263100.0,263100.0,0.0,719061000.0,0.0,0.0,0.0,0.0,0.0,216.0,565599.0,135.0,861645.0,1.0,0.0,-139000.0,0.0,-139000.0,1000.0
2024-10-16T00:00:00,TSC,2.77,2.71,2.72,2.737782761935277,2.75,2.72,312100.0,312100.0,0.0,854462000.0,0.0,0.0,0.0,0.0,0.0,176.0,567248.0,127.0,617571.0,1.0,0.0,0.0,0.0,0.0,1000.0
2024-10-17T00:00:00,TSC,2.78,2.72,2.75,2.7400494132180357,2.74,2.75,161900.0,161900.0,0.0,443614000.0,0.0,0.0,0.0,0.0,0.0,183.0,585602.0,153.0,641945.0,1.0,0.0,0.0,0.0,0.0,1000.0
2024-10-18T00:00:00,TSC,2.83,2.67,2.75,2.7436083037421466,2.67,2.74,366100.0,366100.0,0.0,1004435000.0,0.0,0.0,0.0,0.0,0.0,234.0,774942.0,195.0,792943.0,1.0,0.0,0.0,0.0,0.0,1000.0
2024-10-21T00:00:00,TSC,2.76,2.67,2.76,2.6935404896421846,2.7,2.67,212400.0,212400.0,0.0,572108000.0,0.0,0.0,0.0,0.0,0.0,193.0,670593.0,154.0,546845.0,1.0,0.0,0.0,0.0,0.0,1000.0
2024-10-22T00:00:00,TSC,2.76,2.68,2.76,2.687458369851008,2.68,2.7,114100.0,114100.0,0.0,306639000.0,0.0,0.0,0.0,0.0,0.0,189.0,380393.0,158.0,512304.0,1.0,0.0,0.0,0.0,0.0,1000.0
2024-10-23T00:00:00,TSC,2.7,2.68,2.68,2.687762771579566,2.7,2.68,170300.0,170300.0,0.0,457726000.0,0.0,0.0,0.0,0.0,0.0,179.0,366437.0,126.0,442176.0,1.0,0.0,0.0,0.0,0.0,1000.0
2024-10-24T00:00:00,TSC,2.76,2.66,2.7,2.7267075119872137,2.72,2.7,187700.0,187700.0,0.0,511803000.0,0.0,0.0,0.0,0.0,0.0,226.0,376275.0,197.0,608341.0,1.0,0.0,0.0,0.0,0.0,1000.0
2024-10-25T00:00:00,TSC,2.73,2.69,2.72,2.7097307221542226,2.69,2.72,81700.0,81700.0,0.0,221385000.0,0.0,0.0,0.0,0.0,0.0,166.0,188232.0,148.0,411304.0,1.0,0.0,0.0,0.0,0.0,1000.0
2024-10-28T00:00:00,TSC,2.74,2.65,2.69,2.673264481365065,2.68,2.69,222700.0,222700.0,0.0,595336000.0,0.0,0.0,0.0,0.0,0.0,260.0,359581.0,157.0,452688.0,1.0,0.0,0.0,0.0,0.0,1000.0
2024-10-29T00:00:00,TSC,2.73,2.65,2.69,2.6763576415826225,2.65,2.68,257800.0,257800.0,0.0,689965000.0,0.0,0.0,0.0,0.0,0.0,269.0,432433.0,166.0,600462.0,1.0,0.0,0.0,0.0,0.0,1000.0
2024-10-30T00:00:00,TSC,2.71,2.65,2.66,2.6719234194122885,2.69,2.65,224600.0,224600.0,0.0,600114000.0,0.0,0.0,0.0,0.0,0.0,257.0,819476.0,211.0,672957.0,1.0,0.0,0.0,0.0,0.0,1000.0
2024-10-31T00:00:00,TSC,2.78,2.6,2.78,2.6820257775287195,2.68,2.69,356900.0,356900.0,0.0,957215000.0,0.0,0.0,0.0,0.0,0.0,381.0,1026537.0,290.0,1213903.0,1.0,0.0,0.0,0.0,0.0,1000.0
2024-11-01T00:00:00,TSC,2.75,2.6,2.68,2.6173575683519172,2.64,2.68,654700.0,654700.0,0.0,1713584000.0,0.0,0.0,0.0,0.0,0.0,379.0,1313355.0,221.0,1437393.0,1.0,0.0,0.0,0.0,0.0,1000.0
2024-11-04T00:00:00,TSC,2.67,2.6,2.64,2.63135763338616,2.62,2.64,189300.0,189300.0,0.0,498116000.0,0.0,0.0,0.0,0.0,0.0,164.0,623132.0,157.0,575529.0,1.0,0.0,0.0,0.0,0.0,1000.0
2024-11-05T00:00:00,TSC,2.65,2.59,2.6,2.604011130136986,2.6,2.62,233600.0,233600.0,0.0,608297000.0,0.0,0.0,0.0,0.0,0.0,281.0,749570.0,179.0,586615.0,1.0,0.0,0.0,0.0,0.0,1000.0
2024-11-06T00:00:00,TSC,2.65,2.59,2.6,2.6132601961796595,2.63,2.6,387400.0,387400.0,0.0,1012377000.0,0.0,0.0,0.0,0.0,0.0,285.0,1018943.0,199.0,651948.0,1.0,0.0,0.0,0.0,0.0,1000.0
2024-11-07T00:00:00,TSC,2.65,2.6,2.63,2.6274946178686758,2.64,2.63,371600.0,371600.0,0.0,976377000.0,0.0,0.0,0.0,0.0,0.0,264.0,770746.0,230.0,1059738.0,1.0,0.0,-127000.0,0.0,-127000.0,1000.0
2024-11-08T00:00:00,TSC,2.64,2.61,2.64,2.6169481680071494,2.62,2.64,223800.0,223800.0,0.0,585673000.0,0.0,0.0,0.0,0.0,0.0,209.0,751950.0,159.0,760989.0,1.0,0.0,0.0,0.0,0.0,1000.0
2024-11-11T00:00:00,TSC,2.62,2.58,2.62,2.5912622012790307,2.59,2.62,297100.0,297100.0,0.0,769864000.0,0.0,0.0,0.0,0.0,0.0,317.0,697668.0,148.0,779736.0,1.0,0.0,0.0,0.0,0.0,1000.0
2024-11-12T00:00:00,TSC,2.63,2.58,2.6,2.5849848609964217,2.59,2.59,363300.0,363300.0,0.0,939125000.0,0.0,0.0,0.0,0.0,0.0,225.0,820671.0,166.0,992298.0,1.0,0.0,0.0,0.0,0.0,1000.0
2024-11-13T00:00:00,TSC,2.59,2.51,2.56,2.542340478564307,2.55,2.59,401200.0,401200.0,0.0,1019987000.0,0.0,0.0,0.0,0.0,0.0,310.0,902611.0,190.0,1102764.0,1.0,0.0,0.0,0.0,0.0,1000.0
2024-11-14T00:00:00,TSC,2.59,2.47,2.55,2.506408250355619,2.47,2.55,562400.0,562400.0,0.0,1409604000.0,0.0,0.0,0.0,0.0,0.0,323.0,991789.0,197.0,1640630.0,1.0,0.0,0.0,0.0,0.0,1000.0
2024-11-15T00:00:00,TSC,2.52,2.45,2.5,2.4799411517444305,2.47,2.47,713700.0,713700.0,0.0,1769934000.0,0.0,0.0,0.0,0.0,0.0,217.0,1106014.0,242.0,1570925.0,1.0,0.0,0.0,0.0,0.0,1000.0
2024-11-18T00:00:00,TSC,2.51,2.46,2.51,2.478254637436762,2.47,2.47,118600.0,118600.0,0.0,293921000.0,0.0,0.0,0.0,0.0,0.0,171.0,689357.0,120.0,389609.0,1.0,0.0,0.0,0.0,0.0,1000.0
2024-11-19T00:00:00,TSC,2.48,2.45,2.48,2.4578200972447326,2.46,2.47,123400.0,123400.0,0.0,303295000.0,0.0,0.0,0.0,0.0,0.0,152.0,393775.0,96.0,433534.0,1.0,0.0,0.0,0.0,0.0,1000.0
2024-11-20T00:00:00,TSC,2.5,2.42,2.42,2.45269224381332,2.47,2.46,602100.0,602100.0,0.0,1476766000.0,0.0,0.0,0.0,0.0,0.0,294.0,1031293.0,187.0,954017.0,1.0,0.0,0.0,0.0,0.0,1000.0
2024-11-21T00:00:00,TSC,2.5,2.44,2.47,2.4667586206896552,2.48,2.47,217500.0,217500.0,0.0,536520000.0,0.0,0.0,0.0,0.0,0.0,172.0,531001.0,167.0,451328.0,1.0,0.0,0.0,0.0,0.0,1000.0
2024-11-22T00:00:00,TSC,2.5,2.45,2.48,2.4656252649427723,2.47,2.48,235900.0,235900.0,0.0,581641000.0,0.0,0.0,0.0,0.0,0.0,165.0,586598.0,160.0,507092.0,1.0,0.0,0.0,0.0,0.0,1000.0
2024-11-25T00:00:00,TSC,2.5,2.42,2.47,2.4706946564885497,2.46,2.47,131000.0,131000.0,0.0,323661000.0,0.0,0.0,0.0,0.0,0.0,173.0,477616.0,129.0,360317.0,1.0,0.0,0.0,0.0,0.0,1000.0
2024-11-26T00:00:00,TSC,2.49,2.45,2.47,2.456697653829128,2.46,2.46,225900.0,225900.0,0.0,554968000.0,0.0,0.0,0.0,0.0,0.0,278.0,629091.0,136.0,584485.0,1.0,0.0,0.0,0.0,0.0,1000.0
2024-11-27T00:00:00,TSC,2.47,2.37,2.46,2.4439912917271407,2.46,2.46,206700.0,206700.0,0.0,505173000.0,0.0,0.0,0.0,0.0,0.0,224.0,561277.0,114.0,568613.0,1.0,0.0,0.0,0.0,0.0,1000.0
2024-11-28T00:00:00,TSC,2.47,2.42,2.46,2.441973525872443,2.42,2.46,166200.0,166200.0,0.0,405856000.0,0.0,0.0,0.0,0.0,0.0,227.0,437115.0,120.0,518246.0,1.0,0.0,0.0,0.0,0.0,1000.0
2024-11-29T00:00:00,TSC,2.44,2.37,2.37,2.393870116156283,2.41,2.42,189400.0,189400.0,0.0,453399000.0,0.0,0.0,0.0,0.0,0.0,329.0,780015.0,137.0,464808.0,1.0,0.0,0.0,0.0,0.0,1000.0
2024-12-02T00:00:00,TSC,2.42,2.39,2.41,2.397800875273523,2.39,2.41,182800.0,182800.0,0.0,438318000.0,0.0,0.0,0.0,0.0,0.0,213.0,482754.0,101.0,506588.0,1.0,0.0,0.0,0.0,0.0,1000.0
2024-12-03T00:00:00,TSC,2.43,2.39,2.4,2.406660682226212,2.39,2.39,278500.0,278500.0,0.0,670255000.0,0.0,0.0,0.0,0.0,0.0,197.0,617079.0,168.0,857901.0,1.0,0.0,0.0,0.0,0.0,1000.0
2024-12-04T00:00:00,TSC,2.42,2.38,2.39,2.3979283771532187,2.4,2.39,220600.0,220600.0,0.0,528983000.0,0.0,0.0,0.0,0.0,0.0,193.0,577030.0,135.0,650647.0,1.0,0.0,0.0,0.0,0.0,1000.0
2024-12-05T00:00:00,TSC,2.42,2.36,2.39,2.3912845528455287,2.41,2.4,184500.0,184500.0,0.0,441192000.0,0.0,0.0,0.0,0.0,0.0,277.0,548289.0,138.0,445337.0,1.0,0.0,0.0,0.0,0.0,1000.0
2024-12-06T00:00:00,TSC,2.46,2.41,2.43,2.4318132506780317,2.41,2.41,516200.0,516200.0,0.0,1255302000.0,0.0,0.0,0.0,0.0,0.0,259.0,1103046.0,210.0,803558.0,1.0,0.0,0.0,0.0,0.0,1000.0
2024-12-09T00:00:00,TSC,2.5,2.43,2.44,2.4677969174977332,2.46,2.41,441200.0,441200.0,0.0,1088792000.0,0.0,0.0,0.0,0.0,0.0,353.0,1497843.0,236.0,737724.0,1.0,0.0,0.0,0.0,0.0,1000.0
2024-12-10T00:00:00,TSC,2.49,2.45,2.46,2.461462962962963,2.46,2.46,216000.0,216000.0,0.0,531676000.0,0.0,0.0,0.0,0.0,0.0,226.0,710438.0,175.0,774740.0,1.0,0.0,0.0,0.0,0.0,1000.0
2024-12-11T00:00:00,TSC,2.48,2.44,2.48,2.4546399120395823,2.45,2.46,181900.0,181900.0,0.0,446499000.0,0.0,0.0,0.0,0.0,0.0,185.0,755268.0,147.0,571034.0,1.0,0.0,0.0,0.0,0.0,1000.0
2024-12-12T00:00:00,TSC,2.46,2.44,2.45,2.4536370808678503,2.45,2.45,253500.0,253500.0,0.0,621997000.0,0.0,0.0,0.0,0.0,0.0,206.0,631868.0,147.0,610454.0,1.0,0.0,0.0,0.0,0.0,1000.0
2024-12-13T00:00:00,TSC,2.57,2.45,2.45,2.5145503848845348,2.48,2.45,571600.0,571600.0,0.0,1437317000.0,0.0,0.0,0.0,0.0,0.0,311.0,1245534.0,405.0,1409645.0,1.0,0.0,0.0,0.0,0.0,1000.0
2024-12-16T00:00:00,TSC,2.56,2.49,2.5,2.513845497225779,2.51,2.48,234300.0,234300.0,0.0,588994000.0,0.0,0.0,0.0,0.0,0.0,236.0,527545.0,264.0,864712.0,1.0,0.0,0.0,0.0,0.0,1000.0
2024-12-17T00:00:00,TSC,2.53,2.44,2.51,2.4695467108899942,2.46,2.51,361800.0,361800.0,0.0,893482000.0,0.0,0.0,0.0,0.0,0.0,303.0,696798.0,203.0,1100847.0,1.0,0.0,0.0,0.0,0.0,1000.0
2024-12-18T00:00:00,TSC,2.49,2.45,2.45,2.464824858757062,2.47,2.46,265500.0,265500.0,0.0,654411000.0,0.0,0.0,0.0,0.0,0.0,218.0,667834.0,150.0,794070.0,1.0,0.0,0.0,0.0,0.0,1000.0
2024-12-19T00:00:00,TSC,2.49,2.45,2.47,2.462644591611479,2.47,2.47,226500.0,226500.0,0.0,557789000.0,0.0,0.0,0.0,0.0,0.0,221.0,909366.0,150.0,733895.0,1.0,0.0,0.0,0.0,0.0,1000.0
2024-12-20T00:00:00,TSC,2.48,2.45,2.47,2.463874467260752,2.47,2.47,258100.0,258100.0,0.0,635926000.0,0.0,0.0,0.0,0.0,0.0,158.0,564434.0,165.0,565533.0,1.0,0.0,0.0,0.0,0.0,1000.0
2024-12-23T00:00:00,TSC,2.49,2.45,2.47,2.459567327133037,2.45,2.47,247300.0,247300.0,0.0,608251000.0,0.0,0.0,0.0,0.0,0.0,197.0,558741.0,130.0,575050.0,1.0,0.0,0.0,0.0,0.0,1000.0
2024-12-24T00:00:00,TSC,2.48,2.41,2.48,2.439658959537572,2.45,2.45,173000.0,173000.0,0.0,422061000.0,0.0,0.0,0.0,0.0,0.0,224.0,556632.0,140.0,666479.0,1.0,0.0,0.0,0.0,0.0,1000.0
2024-12-25T00:00:00,TSC,2.47,2.42,2.45,2.443795691906005,2.45,2.45,306400.0,306400.0,0.0,748779000.0,0.0,0.0,0.0,0.0,0.0,282.0,894506.0,146.0,1152214.0,1.0,0.0,0.0,0.0,0.0,1000.0
2024-12-26T00:00:00,TSC,2.55,2.47,2.47,2.4887377521613834,2.5,2.45,347000.0,347000.0,0.0,863592000.0,0.0,0.0,0.0,0.0,0.0,275.0,789446.0,244.0,1042904.0,1.0,0.0,0.0,0.0,0.0,1000.0
2024-12-27T00:00:00,TSC,2.52,2.47,2.52,2.481654581410679,2.48,2.5,151700.0,151700.0,0.0,376467000.0,0.0,0.0,0.0,0.0,0.0,172.0,384164.0,198.0,1208315.0,1.0,0.0,0.0,0.0,0.0,1000.0
2024-12-30T00:00:00,TSC,2.49,2.46,2.47,2.4683707025411064,2.46,2.48,133800.0,133800.0,0.0,330268000.0,0.0,0.0,0.0,0.0,0.0,167.0,456072.0,124.0,467406.0,1.0,0.0,0.0,0.0,0.0,1000.0
2024-12-31T00:00:00,TSC,2.47,2.42,2.47,2.438469631755141,2.43,2.46,209100.0,209100.0,0.0,509884000.0,0.0,0.0,0.0,0.0,0.0,217.0,432363.0,121.0,642691.0,1.0,0.0,0.0,0.0,0.0,1000.0
2025-01-02T00:00:00,TSC,2.47,2.42,2.46,2.4341241379310343,2.43,2.43,72500.0,72500.0,0.0,176474000.0,0.0,0.0,0.0,0.0,0.0,149.0,349991.0,102.0,438490.0,1.0,0.0,0.0,0.0,0.0,1000.0
2025-01-03T00:00:00,TSC,2.48,2.42,2.48,2.4287039170506914,2.43,2.43,347200.0,347200.0,0.0,843246000.0,0.0,0.0,0.0,0.0,0.0,166.0,597704.0,142.0,841377.0,1.0,0.0,0.0,0.0,0.0,1000.0
2025-01-06T00:00:00,TSC,2.45,2.39,2.42,2.407224919093851,2.39,2.43,370800.0,370800.0,0.0,892599000.0,0.0,0.0,0.0,0.0,0.0,176.0,598888.0,133.0,1059318.0,1.0,0.0,0.0,0.0,0.0,1000.0
2025-01-07T00:00:00,TSC,2.43,2.37,2.4,2.3911165644171777,2.4,2.39,163000.0,163000.0,0.0,389752000.0,0.0,0.0,0.0,0.0,0.0,193.0,471118.0,106.0,379590.0,1.0,0.0,0.0,0.0,0.0,1000.0
2025-01-08T00:00:00,TSC,2.41,2.38,2.4,2.3961751383995975,2.39,2.4,198700.0,198700.0,0.0,476120000.0,0.0,0.0,0.0,0.0,0.0,152.0,505644.0,108.0,421376.0,1.0,0.0,0.0,0.0,0.0,1000.0
2025-01-09T00:00:00,TSC,2.43,2.37,2.4,2.3915074309978768,2.4,2.39,235500.0,235500.0,0.0,563200000.0,0.0,0.0,0.0,0.0,0.0,178.0,535011.0,168.0,683074.0,1.0,0.0,0.0,0.0,0.0,1000.0
2025-01-10T00:00:00,TSC,2.43,2.35,2.42,2.373334944417593,2.36,2.4,206900.0,206900.0,0.0,491043000.0,0.0,0.0,0.0,0.0,0.0,186.0,459795.0,145.0,512800.0,1.0,0.0,0.0,0.0,0.0,1000.0
2025-01-13T00:00:00,TSC,2.37,2.31,2.33,2.336413383364603,2.34,2.36,319800.0,319800.0,0.0,747185000.0,0.0,0.0,0.0,0.0,0.0,232.0,802432.0,144.0,748882.0,1.0,0.0,0.0,0.0,0.0,1000.0
2025-01-14T00:00:00,TSC,2.39,2.33,2.39,2.34572706194104,2.34,2.34,301900.0,301900.0,0.0,708175000.0,0.0,0.0,0.0,0.0,0.0,175.0,959451.0,107.0,1136678.0,1.0,0.0,0.0,0.0,0.0,1000.0
2025-01-15T00:00:00,TSC,2.37,2.32,2.33,2.3517894056847544,2.34,2.34,154800.0,154800.0,0.0,364057000.0,0.0,0.0,0.0,0.0,0.0,177.0,514650.0,83.0,939616.0,1.0,0.0,0.0,0.0,0.0,1000.0
2025-01-16T00:00:00,TSC,2.37,2.32,2.35,2.341151515151515,2.34,2.34,82500.0,82500.0,0.0,193145000.0,0.0,0.0,0.0,0.0,0.0,157.0,409998.0,102.0,470003.0,1.0,0.0,0.0,0.0,0.0,1000.0
2025-01-17T00:00:00,TSC,2.35,2.32,2.34,2.342545918367347,2.35,2.34,196000.0,196000.0,0.0,459139000.0,0.0,0.0,0.0,0.0,0.0,130.0,553660.0,112.0,540400.0,1.0,0.0,0.0,0.0,0.0,1000.0
2025-01-20T00:00:00,TSC,2.37,2.33,2.34,2.3484414327202323,2.34,2.35,103300.0,103300.0,0.0,242594000.0,0.0,0.0,0.0,600.0,1400000.0,136.0,290640.0,115.0,420200.0,1.0,0.0,0.0,0.0,0.0,1000.0
2025-01-21T00:00:00,TSC,2.37,2.32,2.34,2.3335754475703325,2.34,2.34,195500.0,195500.0,0.0,456214000.0,0.0,0.0,0.0,0.0,0.0,166.0,361325.0,106.0,522215.0,1.0,0.0,0.0,0.0,0.0,1000.0
2025-01-22T00:00:00,TSC,2.35,2.33,2.35,2.3419110854503464,2.33,2.34,173200.0,173200.0,0.0,405619000.0,0.0,0.0,0.0,0.0,0.0,110.0,433936.0,97.0,774120.0,1.0,0.0,0.0,0.0,0.0,1000.0
2025-01-23T00:00:00,TSC,2.35,2.33,2.33,2.3384989429175476,2.34,2.33,94600.0,94600.0,0.0,221222000.0,0.0,0.0,0.0,0.0,0.0,125.0,403164.0,89.0,476419.0,1.0,0.0,0.0,0.0,0.0,1000.0
2025-01-24T00:00:00,TSC,2.45,2.38,2.38,2.4133409651285667,2.42,2.34,567800.0,567800.0,0.0,1370295000.0,0.0,0.0,0.0,0.0,0.0,274.0,1052424.0,249.0,1961661.0,1.0,0.0,0.0,0.0,0.0,1000.0
2025-02-03T00:00:00,TSC,2.45,2.42,2.45,2.42945558739255,2.44,2.42,174500.0,174500.0,0.0,423940000.0,0.0,0.0,0.0,0.0,0.0,152.0,529589.0,129.0,387119.0,1.0,0.0,0.0,0.0,0.0,1000.0
2025-02-04T00:00:00,TSC,2.46,2.43,2.44,2.444529339853301,2.46,2.44,163600.0,163600.0,0.0,399925000.0,0.0,0.0,0.0,0.0,0.0,154.0,430513.0,136.0,703355.0,1.0,0.0,0.0,0.0,0.0,1000.0
2025-02-05T00:00:00,TSC,2.47,2.44,2.46,2.4557388028463794,2.46,2.46,238900.0,238900.0,0.0,586676000.0,0.0,0.0,0.0,0.0,0.0,177.0,446917.0,163.0,600630.0,1.0,0.0,0.0,0.0,0.0,1000.0
2025-02-06T00:00:00,TSC,2.55,2.46,2.46,2.495976856835307,2.54,2.46,371600.0,371600.0,0.0,927505000.0,0.0,0.0,0.0,0.0,0.0,267.0,1009454.0,317.0,642303.0,1.0,0.0,0.0,0.0,0.0,1000.0
2025-02-07T00:00:00,TSC,2.56,2.5,2.54,2.5226333333333333,2.53,2.54,300000.0,300000.0,0.0,756790000.0,0.0,0.0,0.0,0.0,0.0,276.0,711034.0,239.0,847913.0,1.0,0.0,0.0,0.0,0.0,1000.0
2025-02-10T00:00:00,TSC,2.62,2.53,2.54,2.593552549427679,2.6,2.53,961000.0,961000.0,0.0,2492404000.0,0.0,0.0,0.0,0.0,0.0,327.0,2155162.0,499.0,2424162.0,1.0,0.0,0.0,0.0,0.0,1000.0
2025-02-11T00:00:00,TSC,2.72,2.6,2.6,2.6764030235988203,2.7,2.6,542400.0,542400.0,0.0,1451681000.0,0.0,0.0,0.0,0.0,0.0,340.0,1376469.0,469.0,1986363.0,1.0,0.0,0.0,0.0,0.0,1000.0
2025-02-12T00:00:00,TSC,2.74,2.63,2.72,2.6957593426981186,2.63,2.7,377300.0,377300.0,0.0,1017110000.0,0.0,0.0,0.0,0.0,0.0,330.0,650133.0,391.0,1638251.0,1.0,0.0,0.0,0.0,0.0,1000.0
2025-02-13T00:00:00,TSC,2.68,2.58,2.68,2.616437747035573,2.6,2.63,202400.0,202400.0,0.0,529567000.0,0.0,0.0,0.0,0.0,0.0,258.0,566195.0,243.0,1446748.0,1.0,0.0,0.0,0.0,0.0,1000.0
2025-02-14T00:00:00,TSC,2.67,2.57,2.61,2.60310743367481,2.59,2.6,380700.0,380700.0,0.0,991003000.0,0.0,0.0,0.0,0.0,0.0,330.0,819737.0,259.0,1379728.0,1.0,0.0,0.0,0.0,0.0,1000.0
2025-02-17T00:00:00,TSC,2.65,2.59,2.59,2.6105182407091716,2.64,2.59,293300.0,293300.0,0.0,765665000.0,0.0,0.0,0.0,0.0,0.0,295.0,702033.0,215.0,1361358.0,1.0,0.0,0.0,0.0,0.0,1000.0
2025-02-18T00:00:00,TSC,2.7,2.63,2.66,2.665597122302158,2.64,2.64,347500.0,347500.0,0.0,926295000.0,0.0,0.0,0.0,0.0,0.0,243.0,545216.0,300.0,1351200.0,1.0,0.0,0.0,0.0,0.0,1000.0
2025-02-19T00:00:00,TSC,2.68,2.63,2.64,2.646693654990086,2.67,2.64,605200.0,605200.0,0.0,1601779000.0,0.0,0.0,0.0,0.0,0.0,321.0,1021793.0,247.0,1591234.0,1.0,0.0,0.0,0.0,0.0,1000.0
2025-02-20T00:00:00,TSC,2.69,2.65,2.67,2.6664732874467387,2.66,2.67,305100.0,305100.0,0.0,813541000.0,0.0,0.0,0.0,0.0,0.0,208.0,753106.0,233.0,1138164.0,1.0,0.0,0.0,0.0,0.0,1000.0
2025-02-21T00:00:00,TSC,2.7,2.62,2.66,2.6481167546174142,2.63,2.66,303200.0,303200.0,0.0,802909000.0,0.0,0.0,0.0,0.0,0.0,285.0,847143.0,254.0,1184823.0,1.0,0.0,0.0,0.0,0.0,1000.0
2025-02-24T00:00:00,TSC,2.64,2.61,2.64,2.621100702576112,2.61,2.63,256200.0,256200.0,0.0,671526000.0,0.0,0.0,0.0,0.0,0.0,251.0,692417.0,188.0,1179162.0,1.0,0.0,0.0,0.0,0.0,1000.0
2025-02-25T00:00:00,TSC,2.64,2.59,2.61,2.610558897243108,2.61,2.61,399000.0,399000.0,0.0,1041613000.0,0.0,0.0,0.0,0.0,0.0,276.0,956328.0,245.0,1132955.0,1.0,0.0,0.0,0.0,0.0,1000.0
2025-02-26T00:00:00,TSC,2.62,2.57,2.61,2.5977325581395347,2.62,2.61,326800.0,326800.0,0.0,848939000.0,0.0,0.0,0.0,0.0,0.0,281.0,794194.0,194.0,1141838.0,1.0,0.0,0.0,0.0,0.0,1000.0
2025-02-27T00:00:00,TSC,2.68,2.62,2.62,2.6505329763932832,2.67,2.62,410900.0,410900.0,0.0,1089104000.0,0.0,0.0,0.0,0.0,0.0,328.0,947551.0,349.0,1567306.0,1.0,0.0,0.0,0.0,0.0,1000.0
2025-02-28T00:00:00,TSC,2.69,2.63,2.64,2.669452631578947,2.68,2.67,380000.0,380000.0,0.0,1014392000.0,0.0,0.0,0.0,0.0,0.0,312.0,1086159.0,257.0,1361625.0,1.0,0.0,0.0,0.0,0.0,1000.0
2025-03-03T00:00:00,TSC,2.69,2.63,2.69,2.6521192950745593,2.63,2.68,221300.0,221300.0,0.0,586914000.0,0.0,0.0,0.0,0.0,0.0,258.0,638040.0,239.0,1110465.0,1.0,0.0,0.0,0.0,0.0,1000.0
2025-03-04T00:00:00,TSC,2.65,2.55,2.63,2.600892382639504,2.63,2.63,451600.0,451600.0,0.0,1174563000.0,0.0,0.0,0.0,0.0,0.0,305.0,774932.0,217.0,1517480.0,1.0,0.0,0.0,0.0,0.0,1000.0
2025-03-05T00:00:00,TSC,2.63,2.59,2.63,2.60587343441002,2.61,2.63,151700.0,151700.0,0.0,395311000.0,0.0,0.0,0.0,0.0,0.0,191.0,395255.0,208.0,1096246.0,1.0,0.0,0.0,0.0,0.0,1000.0
2025-03-06T00:00:00,TSC,2.61,2.58,2.6,2.5936054022313564,2.6,2.61,170300.0,170300.0,0.0,441691000.0,0.0,0.0,0.0,0.0,0.0,212.0,349228.0,170.0,1028644.0,1.0,0.0,0.0,0.0,0.0,1000.0
2025-03-07T00:00:00,TSC,2.61,2.58,2.6,2.596636532220677,2.6,2.6,431400.0,431400.0,0.0,1120189000.0,0.0,0.0,0.0,0.0,0.0,238.0,858977.0,187.0,1340840.0,1.0,0.0,0.0,0.0,0.0,1000.0
2025-03-10T00:00:00,TSC,2.63,2.58,2.62,2.6039862667148537,2.59,2.6,276700.0,276700.0,0.0,720523000.0,0.0,0.0,0.0,0.0,0.0,216.0,690722.0,215.0,1375918.0,1.0,0.0,0.0,0.0,0.0,1000.0
2025-03-11T00:00:00,TSC,2.59,2.55,2.58,2.5705547042598837,2.58,2.59,326300.0,326300.0,0.0,838772000.0,0.0,0.0,0.0,0.0,0.0,287.0,666260.0,145.0,1167070.0,1.0,0.0,0.0,0.0,0.0,1000.0
2025-03-12T00:00:00,TSC,2.61,2.57,2.58,2.5878041958041957,2.58,2.58,143000.0,143000.0,0.0,370056000.0,0.0,0.0,0.0,0.0,0.0,178.0,655335.0,191.0,941129.0,1.0,0.0,0.0,0.0,0.0,1000.0
2025-03-13T00:00:00,TSC,2.61,2.56,2.58,2.5800306278713627,2.57,2.58,130600.0,130600.0,0.0,336952000.0,0.0,0.0,0.0,0.0,0.0,223.0,411173.0,197.0,902982.0,1.0,0.0,0.0,0.0,0.0,1000.0
2025-03-14T00:00:00,TSC,2.59,2.55,2.57,2.5694968287526425,2.55,2.57,236500.0,236500.0,0.0,607686000.0,0.0,0.0,0.0,0.0,0.0,187.0,414709.0,179.0,1019054.0,1.0,0.0,0.0,0.0,0.0,1000.0
2025-03-17T00:00:00,TSC,2.6,2.55,2.55,2.5835740335521518,2.59,2.55,137100.0,137100.0,0.0,354208000.0,0.0,0.0,0.0,0.0,0.0,158.0,341387.0,158.0,639131.0,1.0,0.0,0.0,0.0,0.0,1000.0
2025-03-18T00:00:00,TSC,2.68,2.59,2.59,2.659664705882353,2.65,2.59,680000.0,680000.0,0.0,1808572000.0,0.0,0.0,0.0,0.0,0.0,327.0,1226667.0,416.0,2009169.0,1.0,0.0,0.0,0.0,0.0,1000.0
2025-03-19T00:00:00,TSC,2.8,2.65,2.65,2.7367215307067174,2.73,2.65,972100.0,972100.0,0.0,2660367000.0,0.0,0.0,0.0,0.0,0.0,421.0,1792951.0,561.0,2649877.0,1.0,0.0,0.0,0.0,0.0,1000.0
2025-03-20T00:00:00,TSC,2.76,2.67,2.76,2.7064672131147542,2.7,2.73,122000.0,122000.0,0.0,330189000.0,0.0,0.0,0.0,0.0,0.0,214.0,435620.0,297.0,1201007.0,1.0,0.0,0.0,0.0,0.0,1000.0
2025-03-21T00:00:00,TSC,2.72,2.61,2.7,2.665145180023229,2.64,2.7,344400.0,344400.0,0.0,917876000.0,0.0,0.0,0.0,0.0,0.0,284.0,676776.0,283.0,1305962.0,1.0,0.0,0.0,0.0,0.0,1000.0
2025-03-24T00:00:00,TSC,2.7,2.61,2.64,2.638481888481888,2.65,2.64,245700.0,245700.0,0.0,648275000.0,0.0,0.0,0.0,0.0,0.0,242.0,760150.0,186.0,781623.0,1.0,0.0,0.0,0.0,0.0,1000.0
2025-03-25T00:00:00,TSC,2.71,2.65,2.65,2.6759250949257853,2.69,2.65,579400.0,579400.0,0.0,1550431000.0,0.0,0.0,0.0,0.0,0.0,210.0,1228278.0,244.0,1107107.0,1.0,0.0,0.0,0.0,0.0,1000.0
2025-03-26T00:00:00,TSC,2.7,2.66,2.7,2.680928449744463,2.66,2.69,234800.0,234800.0,0.0,629482000.0,0.0,0.0,0.0,0.0,0.0,185.0,532589.0,223.0,1517983.0,1.0,0.0,0.0,0.0,0.0,1000.0
2025-03-27T00:00:00,TSC,2.74,2.65,2.66,2.6886082181405038,2.68,2.66,528100.0,528100.0,0.0,1419854000.0,0.0,0.0,0.0,0.0,0.0,292.0,1440050.0,298.0,1028999.0,1.0,0.0,0.0,0.0,0.0,1000.0
2025-03-28T00:00:00,TSC,2.86,2.68,2.68,2.819603711066932,2.86,2.68,2263500.0,2263500.0,0.0,6382173000.0,0.0,0.0,0.0,0.0,0.0,690.0,4911920.0,498.0,2367833.0,1.0,0.0,0.0,0.0,0.0,1000.0
2025-03-31T00:00:00,TSC,3.06,3.03,3.06,3.0584552374648353,3.06,2.86,2417200.0,2417200.0,0.0,7392898000.0,0.0,0.0,0.0,0.0,0.0,769.0,4900526.0,414.0,2478419.0,1.0,0.0,0.0,0.0,0.0,1000.0
2025-04-01T00:00:00,TSC,3.12,2.94,3.11,3.0285553379040158,2.94,3.06,1837800.0,1837800.0,0.0,5565879000.0,0.0,0.0,0.0,0.0,0.0,837.0,3163355.0,880.0,4411038.0,1.0,0.0,0.0,0.0,0.0,1000.0
2025-04-02T00:00:00,TSC,3.14,2.9,2.94,3.096525004941688,3.14,2.94,1517700.0,1517700.0,0.0,4699596000.0,0.0,0.0,0.0,0.0,0.0,764.0,5645037.0,454.0,1869836.0,1.0,0.0,0.0,0.0,0.0,1000.0
2025-04-03T00:00:00,TSC,3.2,2.93,3.06,2.9958590278560955,2.93,3.14,4433500.0,4433500.0,0.0,13282141000.0,0.0,0.0,0.0,0.0,0.0,973.0,5767161.0,932.0,6671027.0,1.0,0.0,0.0,0.0,0.0,1000.0
2025-04-04T00:00:00,TSC,2.96,2.74,2.82,2.857904452281243,2.95,2.93,1814800.0,1814800.0,0.0,5186525000.0,0.0,0.0,0.0,0.0,0.0,816.0,3701166.0,470.0,3288728.0,1.0,0.0,0.0,0.0,0.0,1000.0
2025-04-08T00:00:00,TSC,2.94,2.75,2.9,2.7938777272465605,2.75,2.95,1737100.0,1737100.0,0.0,4853245000.0,0.0,0.0,0.0,0.0,0.0,433.0,2211982.0,391.0,3024403.0,1.0,0.0,0.0,0.0,0.0,1000.0
2025-04-09T00:00:00,TSC,2.74,2.56,2.68,2.6010334029227558,2.56,2.75,1628600.0,1628600.0,0.0,4236043000.0,0.0,0.0,0.0,0.0,0.0,510.0,2169482.0,333.0,4722347.0,1.0,0.0,0.0,0.0,0.0,1000.0
2025-04-10T00:00:00,TSC,2.73,2.73,2.73,2.73,2.73,2.56,754100.0,754100.0,0.0,2058693000.0,0.0,0.0,0.0,0.0,0.0,352.0,2592282.0,49.0,754277.0,1.0,0.0,0.0,0.0,0.0,1000.0
2025-04-11T00:00:00,TSC,2.82,2.63,2.82,2.702129256581489,2.7,2.73,1811900.0,1811900.0,0.0,4895988000.0,0.0,0.0,0.0,0.0,0.0,774.0,2588155.0,499.0,3759254.0,1.0,0.0,0.0,0.0,0.0,1000.0
2025-04-14T00:00:00,TSC,2.73,2.6,2.73,2.6452106741573034,2.65,2.7,1352800.0,1352800.0,0.0,3578441000.0,0.0,0.0,0.0,0.0,0.0,672.0,2213512.0,292.0,2206557.0,1.0,0.0,0.0,0.0,0.0,1000.0
2025-04-15T00:00:00,TSC,2.83,2.61,2.64,2.7947094108237804,2.83,2.65,1500400.0,1500400.0,0.0,4193182000.0,0.0,0.0,0.0,0.0,0.0,648.0,3307652.0,419.0,1752389.0,1.0,0.0,0.0,0.0,0.0,1000.0
2025-04-16T00:00:00,TSC,3.02,2.89,2.92,2.9724159517737077,2.94,2.83,1725200.0,1725200.0,0.0,5128012000.0,0.0,0.0,0.0,0.0,0.0,664.0,3209751.0,623.0,3679072.0,1.0,0.0,0.0,0.0,0.0,1000.0
2025-04-17T00:00:00,TSC,2.95,2.82,2.87,2.875423578199052,2.9,2.94,675200.0,675200.0,0.0,1941486000.0,0.0,0.0,0.0,0.0,0.0,444.0,1367733.0,375.0,1603769.0,1.0,0.0,0.0,0.0,0.0,1000.0
2025-04-18T00:00:00,TSC,2.97,2.84,2.9,2.899875,2.89,2.9,872000.0,872000.0,0.0,2528691000.0,0.0,0.0,0.0,0.0,0.0,465.0,1850542.0,416.0,2413868.0,1.0,0.0,0.0,0.0,0.0,1000.0
2025-04-21T00:00:00,TSC,2.94,2.82,2.9,2.8575779816513758,2.86,2.89,490500.0,490500.0,0.0,1401642000.0,0.0,0.0,0.0,0.0,0.0,347.0,1193992.0,300.0,1398734.0,1.0,0.0,0.0,0.0,0.0,1000.0
2025-04-22T00:00:00,TSC,2.85,2.66,2.85,2.7254092953523235,2.78,2.86,1334000.0,1334000.0,0.0,3635696000.0,0.0,0.0,0.0,0.0,0.0,622.0,2052819.0,334.0,2059736.0,1.0,0.0,0.0,0.0,0.0,1000.0
2025-04-23T00:00:00,TSC,2.9,2.77,2.83,2.837065033233416,2.87,2.78,767300.0,767300.0,0.0,2176880000.0,0.0,0.0,0.0,0.0,0.0,305.0,1460982.0,334.0,1514732.0,1.0,0.0,0.0,0.0,0.0,1000.0
2025-04-24T00:00:00,TSC,2.91,2.82,2.88,2.8727764576859802,2.87,2.87,547100.0,547100.0,0.0,1571696000.0,0.0,0.0,0.0,0.0,0.0,297.0,1337834.0,298.0,1275671.0,1.0,0.0,0.0,0.0,0.0,1000.0
2025-04-25T00:00:00,TSC,2.9,2.8,2.9,2.838138827433628,2.81,2.87,361600.0,361600.0,0.0,1026271000.0,0.0,0.0,0.0,0.0,0.0,316.0,803388.0,282.0,1028027.0,1.0,0.0,0.0,0.0,0.0,1000.0
2025-04-28T00:00:00,TSC,2.85,2.8,2.82,2.8186300897170464,2.85,2.81,289800.0,289800.0,0.0,816839000.0,0.0,0.0,0.0,0.0,0.0,273.0,1257805.0,218.0,807950.0,1.0,0.0,0.0,0.0,0.0,1000.0
2025-04-29T00:00:00,TSC,2.89,2.85,2.88,2.86219739292365,2.86,2.85,375900.0,375900.0,0.0,1075900000.0,0.0,0.0,0.0,0.0,0.0,225.0,972376.0,244.0,837651.0,1.0,0.0,0.0,0.0,0.0,1000.0
2025-05-05T00:00:00,TSC,2.94,2.88,2.92,2.9182450280856234,2.92,2.86,658700.0,658700.0,0.0,1922248000.0,0.0,0.0,0.0,0.0,0.0,208.0,1076438.0,237.0,1066884.0,1.0,0.0,0.0,0.0,0.0,1000.0
2025-05-06T00:00:00,TSC,2.96,2.9,2.96,2.9140931056701027,2.9,2.92,620800.0,620800.0,0.0,1809069000.0,0.0,0.0,0.0,0.0,0.0,212.0,777460.0,253.0,1346545.0,1.0,-379518.0,0.0,0.0,0.0,1000.0
2025-05-07T00:00:00,TSC,2.91,2.85,2.9,2.876126776975064,2.87,2.9,429100.0,429100.0,0.0,1234146000.0,0.0,0.0,0.0,0.0,0.0,275.0,615533.0,197.0,985164.0,1.0,-379518.0,0.0,0.0,0.0,1000.0
2025-05-08T00:00:00,TSC,3.02,2.87,2.89,2.959390698587127,2.97,2.87,1019200.0,1019200.0,0.0,3016211000.0,0.0,0.0,0.0,0.0,0.0,328.0,1531777.0,362.0,1501963.0,1.0,-379518.0,0.0,0.0,0.0,1000.0
2025-05-09T00:00:00,TSC,3.04,2.93,2.97,2.974874109263658,2.93,2.97,421000.0,421000.0,0.0,1252422000.0,0.0,0.0,0.0,0.0,0.0,256.0,640085.0,297.0,1311566.0,1.0,-379518.0,0.0,0.0,0.0,1000.0
2025-05-12T00:00:00,TSC,2.94,2.89,2.93,2.9155149812734082,2.93,2.93,320400.0,320400.0,0.0,934131000.0,0.0,0.0,0.0,0.0,0.0,218.0,690175.0,184.0,781687.0,1.0,-379518.0,0.0,0.0,0.0,1000.0
2025-05-13T00:00:00,TSC,2.96,2.91,2.95,2.9316367051247654,2.92,2.93,372700.0,372700.0,0.0,1092621000.0,0.0,0.0,0.0,0.0,0.0,214.0,594829.0,201.0,1005450.0,1.0,-379518.0,0.0,0.0,0.0,1000.0
2025-05-14T00:00:00,TSC,2.95,2.85,2.95,2.8853000882612534,2.85,2.92,679800.0,679800.0,0.0,1961427000.0,0.0,0.0,0.0,0.0,0.0,475.0,939380.0,212.0,1371214.0,1.0,-379518.0,0.0,0.0,0.0,1000.0
2025-05-15T00:00:00,TSC,2.89,2.8,2.89,2.826952726074782,2.85,2.85,607100.0,607100.0,0.0,1716243000.0,0.0,0.0,0.0,0.0,0.0,520.0,923266.0,192.0,1205149.0,1.0,-379518.0,0.0,0.0,0.0,1000.0
2025-05-16T00:00:00,TSC,2.89,2.84,2.86,2.8594818263742865,2.85,2.85,665800.0,665800.0,0.0,1903843000.0,0.0,0.0,0.0,0.0,0.0,342.0,954501.0,226.0,1339492.0,1.0,-379518.0,0.0,0.0,0.0,1000.0
2025-05-19T00:00:00,TSC,2.88,2.83,2.85,2.856039094650206,2.83,2.85,291600.0,291600.0,0.0,832821000.0,0.0,0.0,0.0,0.0,0.0,247.0,454925.0,188.0,715954.0,1.0,-379518.0,0.0,0.0,0.0,1000.0
2025-05-20T00:00:00,TSC,3.0,2.82,2.82,2.9182733450792853,2.9,2.83,794600.0,794600.0,0.0,2318860000.0,0.0,0.0,0.0,0.0,0.0,324.0,1215678.0,431.0,2049906.0,1.0,-379518.0,0.0,0.0,0.0,1000.0
2025-05-21T00:00:00,TSC,2.95,2.81,2.9,2.8581581846221633,2.84,2.9,453900.0,453900.0,0.0,1297318000.0,0.0,0.0,0.0,0.0,0.0,398.0,834557.0,264.0,1491607.0,1.0,-379518.0,0.0,0.0,0.0,1000.0
2025-05-22T00:00:00,TSC,2.86,2.81,2.83,2.827295954577715,2.86,2.84,563600.0,563600.0,0.0,1593464000.0,0.0,0.0,0.0,0.0,0.0,385.0,929853.0,205.0,1077812.0,1.0,-379518.0,0.0,0.0,0.0,1000.0
2025-05-23T00:00:00,TSC,2.87,2.8,2.87,2.840250237567311,2.85,2.86,315700.0,315700.0,0.0,896667000.0,0.0,0.0,0.0,0.0,0.0,265.0,621692.0,221.0,1315459.0,1.0,-379518.0,-25000.0,0.0,-25000.0,1000.0
2025-05-26T00:00:00,TSC,2.93,2.77,2.85,2.8326015303119485,2.91,2.85,509700.0,509700.0,0.0,1443777000.0,0.0,0.0,0.0,0.0,0.0,353.0,1031553.0,246.0,1227413.0,1.0,-379518.0,0.0,0.0,0.0,1000.0
2025-05-27T00:00:00,TSC,2.93,2.88,2.91,2.8963328729281765,2.91,2.91,579200.0,579200.0,0.0,1677556000.0,0.0,0.0,0.0,0.0,0.0,364.0,912481.0,272.0,1789196.0,1.0,-379518.0,0.0,0.0,0.0,1000.0
2025-05-28T00:00:00,TSC,3.02,2.9,2.93,2.952382426557766,2.97,2.91,1518200.0,1518200.0,0.0,4482307000.0,0.0,0.0,0.0,0.0,0.0,536.0,2193719.0,465.0,2543012.0,1.0,-379518.0,0.0,0.0,0.0,1000.0
2025-05-29T00:00:00,TSC,3.02,2.97,2.98,2.986122878384065,2.97,2.97,712900.0,712900.0,0.0,2128807000.0,0.0,0.0,0.0,0.0,0.0,296.0,1034770.0,374.0,1909651.0,1.0,-379518.0,0.0,0.0,0.0,1000.0
2025-05-30T00:00:00,TSC,2.97,2.87,2.97,2.91649781518045,2.87,2.97,617900.0,617900.0,0.0,1802104000.0,0.0,0.0,0.0,0.0,0.0,331.0,918474.0,235.0,1492317.0,1.0,-379518.0,0.0,0.0,0.0,1000.0
2025-06-02T00:00:00,TSC,2.92,2.78,2.87,2.8243054222648754,2.87,2.87,1667200.0,1667200.0,0.0,4708682000.0,0.0,0.0,0.0,14680.0,42296120.0,646.0,2376187.0,247.0,2191189.0,1.0,-379518.0,0.0,0.0,0.0,1000.0
2025-06-03T00:00:00,TSC,2.9,2.85,2.9,2.8700834298957125,2.86,2.87,431500.0,431500.0,0.0,1238441000.0,0.0,0.0,0.0,0.0,0.0,310.0,902066.0,237.0,1320752.0,1.0,-379518.0,0.0,0.0,0.0,1000.0
2025-06-04T00:00:00,TSC,2.95,2.87,2.87,2.911259752179899,2.9,2.86,871600.0,871600.0,0.0,2537454000.0,0.0,0.0,0.0,0.0,0.0,371.0,1404229.0,421.0,1924589.0,1.0,-379518.0,0.0,0.0,0.0,1000.0
2025-06-05T00:00:00,TSC,2.96,2.86,2.93,2.9128219503907578,2.89,2.9,588600.0,588600.0,0.0,1714487000.0,0.0,0.0,0.0,0.0,0.0,319.0,1294783.0,341.0,1855774.0,1.0,-364838.0,0.0,0.0,0.0,1000.0
2025-06-06T00:00:00,TSC,2.92,2.85,2.88,2.8747128993125757,2.85,2.89,494600.0,494600.0,0.0,1421833000.0,0.0,0.0,0.0,0.0,0.0,312.0,885653.0,257.0,1274626.0,1.0,-364838.0,0.0,0.0,0.0,1000.0
2025-06-09T00:00:00,TSC,2.86,2.81,2.86,2.826211966510108,2.82,2.85,489700.0,489700.0,0.0,1383996000.0,0.0,0.0,0.0,0.0,0.0,381.0,1018475.0,196.0,1040194.0,1.0,-364838.0,0.0,0.0,0.0,1000.0
2025-06-10T00:00:00,TSC,2.86,2.82,2.85,2.8340395556759685,2.83,2.82,369100.0,369100.0,0.0,1046044000.0,0.0,0.0,0.0,0.0,0.0,227.0,1042588.0,185.0,925267.0,1.0,-364838.0,0.0,0.0,0.0,1000.0
2025-06-11T00:00:00,TSC,2.88,2.81,2.83,2.8372690058479533,2.84,2.83,171000.0,171000.0,0.0,485173000.0,0.0,0.0,0.0,0.0,0.0,237.0,798846.0,187.0,781488.0,1.0,-364838.0,0.0,0.0,0.0,1000.0
2025-06-12T00:00:00,TSC,2.87,2.83,2.83,2.8454770415177344,2.86,2.84,363700.0,363700.0,0.0,1034900000.0,0.0,0.0,0.0,0.0,0.0,258.0,786872.0,195.0,1245609.0,1.0,-364838.0,0.0,0.0,0.0,1000.0
2025-06-13T00:00:00,TSC,2.83,2.78,2.81,2.805279907084785,2.8,2.86,861000.0,861000.0,0.0,2415346000.0,0.0,0.0,0.0,0.0,0.0,431.0,1271588.0,211.0,1492831.0,1.0,-364838.0,0.0,0.0,0.0,1000.0
2025-06-16T00:00:00,TSC,2.89,2.78,2.78,2.832628131021195,2.87,2.8,519000.0,519000.0,0.0,1470134000.0,0.0,0.0,0.0,0.0,0.0,328.0,902495.0,241.0,1054830.0,1.0,-364838.0,0.0,0.0,0.0,1000.0
2025-06-17T00:00:00,TSC,2.91,2.82,2.82,2.86696978021978,2.85,2.87,364000.0,364000.0,0.0,1043577000.0,0.0,0.0,0.0,0.0,0.0,438.0,1466846.0,256.0,1263281.0,1.0,-364838.0,0.0,0.0,0.0,1000.0
2025-06-18T00:00:00,TSC,2.88,2.84,2.87,2.8537554880108074,2.84,2.85,296100.0,296100.0,0.0,844997000.0,0.0,0.0,0.0,0.0,0.0,216.0,683277.0,221.0,866858.0,1.0,-364838.0,0.0,0.0,0.0,1000.0
2025-06-19T00:00:00,TSC,2.86,2.83,2.86,2.8365456155890167,2.85,2.84,225800.0,225800.0,0.0,640492000.0,0.0,0.0,0.0,0.0,0.0,216.0,576737.0,183.0,952640.0,1.0,-364838.0,0.0,0.0,0.0,1000.0
2025-06-20T00:00:00,TSC,2.87,2.83,2.87,2.8502261613691933,2.85,2.85,327200.0,327200.0,0.0,932594000.0,0.0,0.0,0.0,0.0,0.0,229.0,713278.0,203.0,982706.0,1.0,-364838.0,0.0,0.0,0.0,1000.0
2025-06-23T00:00:00,TSC,2.84,2.8,2.82,2.8119150455113333,2.82,2.85,560300.0,560300.0,0.0,1575516000.0,0.0,0.0,0.0,0.0,0.0,313.0,939194.0,143.0,1094517.0,1.0,-364838.0,0.0,0.0,0.0,1000.0
2025-06-24T00:00:00,TSC,2.87,2.81,2.84,2.823232044198895,2.82,2.82,325800.0,325800.0,0.0,919809000.0,0.0,0.0,0.0,0.0,0.0,216.0,700654.0,199.0,1692153.0,1.0,-364838.0,0.0,0.0,0.0,1000.0
2025-06-25T00:00:00,TSC,2.84,2.81,2.82,2.81763345800748,2.82,2.82,294100.0,294100.0,0.0,828666000.0,0.0,0.0,0.0,0.0,0.0,226.0,650429.0,166.0,1348168.0,1.0,-364838.0,0.0,0.0,0.0,1000.0
2025-06-26T00:00:00,TSC,2.83,2.79,2.83,2.8089275285372977,2.81,2.82,376700.0,376700.0,0.0,1058123000.0,0.0,0.0,0.0,0.0,0.0,223.0,722178.0,154.0,1001561.0,1.0,-364838.0,0.0,0.0,0.0,1000.0
2025-06-27T00:00:00,TSC,2.82,2.8,2.82,2.8108273787138023,2.8,2.81,265900.0,265900.0,0.0,747399000.0,0.0,0.0,0.0,0.0,0.0,203.0,608295.0,123.0,754421.0,1.0,-364838.0,0.0,0.0,0.0,1000.0
2025-06-30T00:00:00,TSC,2.82,2.78,2.81,2.798466796875,2.79,2.8,512000.0,512000.0,0.0,1432815000.0,0.0,0.0,0.0,0.0,0.0,323.0,772187.0,171.0,1003155.0,1.0,-364838.0,0.0,0.0,0.0,1000.0
2025-07-01T00:00:00,TSC,2.82,2.77,2.8,2.7826147556216316,2.77,2.79,538100.0,538100.0,0.0,1497325000.0,0.0,0.0,0.0,0.0,0.0,294.0,726945.0,169.0,1000922.0,1.0,-364838.0,0.0,0.0,0.0,1000.0
2025-07-02T00:00:00,TSC,2.85,2.77,2.77,2.809005193767479,2.84,2.77,500600.0,500600.0,0.0,1406188000.0,0.0,0.0,0.0,0.0,0.0,285.0,969574.0,237.0,1477448.0,1.0,-364838.0,0.0,0.0,0.0,1000.0
2025-07-03T00:00:00,TSC,2.86,2.81,2.84,2.8301613849765257,2.81,2.84,340800.0,340800.0,0.0,964519000.0,0.0,0.0,0.0,0.0,0.0,268.0,625050.0,255.0,1726344.0,1.0,-364838.0,0.0,0.0,0.0,1000.0
2025-07-04T00:00:00,TSC,2.85,2.8,2.83,2.8188356973995274,2.82,2.81,338400.0,338400.0,0.0,953894000.0,0.0,0.0,0.0,0.0,0.0,256.0,645322.0,241.0,1212732.0,1.0,-364838.0,0.0,0.0,0.0,1000.0
2025-07-07T00:00:00,TSC,2.86,2.82,2.85,2.838435441370224,2.84,2.82,910800.0,910800.0,0.0,2585247000.0,0.0,0.0,0.0,0.0,0.0,317.0,1198561.0,261.0,1687646.0,1.0,-364838.0,0.0,0.0,0.0,1000.0
2025-07-08T00:00:00,TSC,3.0,2.84,2.86,2.964697448872022,2.99,2.84,2371500.0,2371500.0,0.0,7030780000.0,0.0,0.0,0.0,0.0,0.0,560.0,3391079.0,664.0,3420783.0,1.0,-364838.0,0.0,0.0,0.0,1000.0
2025-07-09T00:00:00,TSC,3.06,2.95,3.03,2.98990873990874,2.96,2.99,854700.0,854700.0,0.0,2555475000.0,0.0,0.0,0.0,0.0,0.0,375.0,1224838.0,412.0,2120009.0,1.0,-364838.0,0.0,0.0,0.0,1000.0
2025-07-10T00:00:00,TSC,3.07,2.95,2.97,2.9971549791866794,2.96,2.96,1249200.0,1249200.0,0.0,3744046000.0,0.0,0.0,0.0,0.0,0.0,498.0,1928748.0,407.0,2119346.0,1.0,-364838.0,0.0,0.0,0.0,1000.0
2025-07-11T00:00:00,TSC,3.06,2.97,2.99,3.0037585499316006,2.99,2.96,877200.0,877200.0,0.0,2634897000.0,0.0,0.0,0.0,0.0,0.0,447.0,1484614.0,425.0,1790132.0,1.0,-364838.0,0.0,0.0,0.0,1000.0
2025-07-14T00:00:00,TSC,3.04,2.93,3.0,2.9665056373316627,2.98,2.99,1277200.0,1277200.0,0.0,3788821000.0,0.0,0.0,0.0,0.0,0.0,587.0,1882126.0,302.0,1889036.0,1.0,-364838.0,0.0,0.0,0.0,1000.0
2025-07-15T00:00:00,TSC,3.18,2.99,2.99,3.1488362025571326,3.18,2.98,993300.0,993300.0,0.0,3127739000.0,0.0,0.0,0.0,0.0,0.0,511.0,4148344.0,328.0,1009952.0,1.0,-364838.0,0.0,0.0,0.0,1000.0
2025-07-16T00:00:00,TSC,3.33,3.2,3.26,3.252506116634148,3.23,3.18,2428300.0,3228900.0,0.0,10502017000.0,0.0,0.0,0.0,0.0,0.0,757.0,4536671.0,802.0,4896831.0,1.0,-364838.0,0.0,0.0,0.0,1000.0
2025-07-17T00:00:00,TSC,3.3,3.17,3.26,3.219233822070334,3.18,3.23,1814200.0,1814200.0,0.0,5840334000.0,0.0,0.0,0.0,0.0,0.0,576.0,2399651.0,571.0,2926486.0,1.0,-364838.0,0.0,0.0,0.0,1000.0
2025-07-18T00:00:00,TSC,3.25,3.11,3.22,3.171631229458716,3.18,3.18,1490900.0,1490900.0,0.0,4728585000.0,0.0,0.0,0.0,0.0,0.0,661.0,2427399.0,434.0,2704201.0,1.0,-364838.0,0.0,0.0,0.0,1000.0
2025-07-21T00:00:00,TSC,3.25,3.1,3.19,3.149493350221659,3.11,3.18,1736900.0,1736900.0,0.0,5470355000.0,0.0,0.0,0.0,0.0,0.0,574.0,2602188.0,380.0,3136528.0,1.0,-364838.0,0.0,0.0,0.0,1000.0
2025-07-22T00:00:00,TSC,3.15,3.08,3.11,3.1081053952321205,3.13,3.11,956400.0,956400.0,0.0,2972592000.0,0.0,0.0,0.0,0.0,0.0,499.0,1814790.0,293.0,1701974.0,1.0,-364838.0,0.0,0.0,0.0,1000.0
2025-07-23T00:00:00,TSC,3.27,3.09,3.17,3.18618416008587,3.2,3.13,1304300.0,1304300.0,0.0,4155740000.0,0.0,0.0,0.0,0.0,0.0,428.0,2227098.0,491.0,2366081.0,1.0,-364838.0,0.0,0.0,0.0,1000.0
2025-07-24T00:00:00,TSC,3.42,3.2,3.2,3.410312101910828,3.42,3.2,3925000.0,3925000.0,0.0,13385475000.0,0.0,0.0,0.0,0.0,0.0,719.0,5967385.0,606.0,4091547.0,1.0,-364838.0,0.0,0.0,0.0,1000.0
2025-07-25T00:00:00,TSC,3.52,3.36,3.43,3.429023883696781,3.37,3.42,1540800.0,1540800.0,0.0,5283440000.0,0.0,0.0,0.0,0.0,0.0,584.0,2162609.0,587.0,3041099.0,1.0,-364838.0,0.0,0.0,0.0,1000.0
2025-07-28T00:00:00,TSC,3.47,3.3,3.39,3.351275955892883,3.39,3.37,2094900.0,2094900.0,0.0,7020588000.0,0.0,0.0,0.0,0.0,0.0,880.0,3577169.0,474.0,3431706.0,1.0,-364838.0,0.0,0.0,0.0,1000.0
2025-07-29T00:00:00,TSC,3.46,3.18,3.46,3.2936362871682716,3.18,3.39,2377700.0,2377700.0,0.0,7831279000.0,0.0,0.0,0.0,0.0,0.0,884.0,2991860.0,459.0,3530811.0,1.0,-364838.0,0.0,0.0,0.0,1000.0
2025-07-30T00:00:00,TSC,3.32,3.16,3.18,3.206096251053075,3.23,3.18,949600.0,949600.0,0.0,3044509000.0,0.0,0.0,0.0,0.0,0.0,537.0,1927951.0,354.0,1688252.0,1.0,-364838.0,0.0,0.0,0.0,1000.0
2025-07-31T00:00:00,TSC,3.31,3.21,3.25,3.2462957130358703,3.31,3.23,1143000.0,1143000.0,0.0,3710516000.0,0.0,0.0,0.0,0.0,0.0,462.0,2290614.0,322.0,1805218.0,1.0,-364838.0,0.0,0.0,0.0,1000.0
2025-08-01T00:00:00,TSC,3.47,3.29,3.33,3.379269340974212,3.35,3.31,1047000.0,1047000.0,0.0,3538095000.0,0.0,0.0,0.0,0.0,0.0,442.0,1936931.0,546.0,2411443.0,1.0,-364838.0,0.0,0.0,0.0,1000.0
2025-08-04T00:00:00,TSC,3.45,3.35,3.42,3.3985852631578948,3.38,3.35,1187500.0,1187500.0,0.0,4035820000.0,0.0,0.0,0.0,0.0,0.0,407.0,1968119.0,475.0,2147005.0,1.0,-364838.0,0.0,0.0,0.0,1000.0
2025-08-05T00:00:00,TSC,3.43,3.27,3.42,3.359079465849387,3.28,3.38,1827200.0,1827200.0,0.0,6137710000.0,0.0,0.0,0.0,0.0,0.0,594.0,2501525.0,495.0,2966446.0,1.0,-364838.0,0.0,0.0,0.0,1000.0
2025-08-06T00:00:00,TSC,3.34,3.27,3.28,3.2946691253951528,3.29,3.28,949000.0,949000.0,0.0,3126641000.0,0.0,0.0,0.0,0.0,0.0,476.0,1749681.0,295.0,1588650.0,1.0,-364838.0,-513000.0,0.0,-513000.0,1000.0
2025-08-07T00:00:00,TSC,3.34,3.26,3.3,3.2840802036919157,3.29,3.29,785500.0,785500.0,0.0,2579645000.0,0.0,0.0,0.0,0.0,0.0,483.0,1764617.0,255.0,1438365.0,1.0,-364838.0,0.0,0.0,0.0,1000.0
2025-08-08T00:00:00,TSC,3.34,3.29,3.29,3.306075845012366,3.34,3.29,849100.0,849100.0,0.0,2807189000.0,0.0,0.0,0.0,0.0,0.0,439.0,1999190.0,372.0,1617546.0,1.0,-364838.0,0.0,0.0,0.0,1000.0
2025-08-11T00:00:00,TSC,3.4,3.35,3.39,3.368912645082468,3.36,3.34,654800.0,654800.0,0.0,2205964000.0,0.0,0.0,0.0,0.0,0.0,351.0,1400062.0,395.0,1508826.0,1.0,-364838.0,0.0,0.0,0.0,1000.0
2025-08-12T00:00:00,TSC,3.51,3.38,3.39,3.435660217960632,3.4,3.36,1183700.0,1183700.0,0.0,4066791000.0,0.0,0.0,0.0,0.0,0.0,472.0,1683848.0,508.0,2284181.0,1.0,-364838.0,0.0,0.0,0.0,1000.0
2025-08-13T00:00:00,TSC,3.44,3.32,3.4,3.35578947368421,3.36,3.4,824600.0,824600.0,0.0,2767184000.0,0.0,0.0,0.0,1300.0,4362526.315789473,599.0,1475533.0,335.0,1725156.0,1.0,-364838.0,0.0,0.0,0.0,1000.0
2025-08-14T00:00:00,TSC,3.39,3.34,3.37,3.3560059803502775,3.34,3.36,702300.0,702300.0,0.0,2356923000.0,0.0,0.0,0.0,0.0,0.0,363.0,1439440.0,299.0,1611463.0,1.0,-364838.0,0.0,0.0,0.0,1000.0
2025-08-15T00:00:00,TSC,3.37,3.26,3.37,3.298731732776618,3.26,3.34,766400.0,766400.0,0.0,2528148000.0,0.0,0.0,0.0,0.0,0.0,514.0,1530845.0,266.0,1353762.0,1.0,-364838.0,0.0,0.0,0.0,1000.0
2025-08-18T00:00:00,TSC,3.3,3.23,3.26,3.2565544041450774,3.27,3.26,501800.0,501800.0,0.0,1634139000.0,0.0,0.0,0.0,0.0,0.0,429.0,1619192.0,205.0,1032115.0,1.0,-363538.0,0.0,0.0,0.0,1000.0
2025-08-19T00:00:00,TSC,3.36,3.28,3.28,3.3287676056338027,3.33,3.27,994000.0,994000.0,0.0,3308795000.0,0.0,0.0,0.0,0.0,0.0,403.0,1665314.0,369.0,1631918.0,1.0,-363538.0,0.0,0.0,0.0,1000.0
2025-08-20T00:00:00,TSC,3.35,3.22,3.35,3.266998237497246,3.26,3.33,907800.0,907800.0,0.0,2965781000.0,0.0,0.0,0.0,0.0,0.0,504.0,1564367.0,313.0,1506972.0,1.0,-363538.0,0.0,0.0,0.0,1000.0
2025-08-21T00:00:00,TSC,3.27,3.2,3.27,3.220304672623407,3.21,3.26,682700.0,682700.0,0.0,2198502000.0,0.0,0.0,0.0,0.0,0.0,447.0,1248283.0,253.0,1178269.0,1.0,-363538.0,0.0,0.0,0.0,1000.0
2025-08-22T00:00:00,TSC,3.24,3.11,3.19,3.1762362551052465,3.19,3.21,1273200.0,1273200.0,0.0,4043984000.0,0.0,0.0,0.0,0.0,0.0,469.0,1842302.0,325.0,1654273.0,1.0,-363538.0,0.0,0.0,0.0,1000.0
2025-08-25T00:00:00,TSC,3.25,3.14,3.19,3.192781307645009,3.14,3.19,487900.0,487900.0,0.0,1557758000.0,0.0,0.0,0.0,0.0,0.0,252.0,958221.0,198.0,1144829.0,1.0,-363538.0,0.0,0.0,0.0,1000.0
2025-08-26T00:00:00,TSC,3.19,3.12,3.13,3.1575167439464193,3.19,3.14,194100.0,194100.0,0.0,612874000.0,0.0,0.0,0.0,0.0,0.0,251.0,667460.0,159.0,404521.0,1.0,-363538.0,0.0,0.0,0.0,1000.0
2025-08-27T00:00:00,TSC,3.26,3.18,3.23,3.2109803921568627,3.18,3.19,239700.0,239700.0,0.0,769672000.0,0.0,0.0,0.0,0.0,0.0,192.0,548619.0,199.0,676484.0,1.0,-363538.0,0.0,0.0,0.0,1000.0
2025-08-28T00:00:00,TSC,3.21,3.15,3.2,3.1762909535452324,3.17,3.18,409000.0,409000.0,0.0,1299103000.0,0.0,0.0,0.0,0.0,0.0,279.0,692503.0,150.0,873551.0,1.0,-363538.0,0.0,0.0,0.0,1000.0
2025-08-29T00:00:00,TSC,3.3,3.17,3.18,3.2125432157234197,3.23,3.17,422300.0,422300.0,0.0,1356657000.0,0.0,0.0,0.0,0.0,0.0,272.0,760125.0,277.0,914317.0,1.0,-363538.0,0.0,0.0,0.0,1000.0
2025-09-03T00:00:00,TSC,3.26,3.2,3.2,3.2219774159663865,3.21,3.23,380800.0,380800.0,0.0,1226929000.0,0.0,0.0,0.0,0.0,0.0,294.0,788187.0,195.0,1321153.0,1.0,-363538.0,0.0,0.0,0.0,1000.0
2025-09-04T00:00:00,TSC,3.28,3.2,3.28,3.2206219709208397,3.22,3.21,371400.0,371400.0,0.0,1196139000.0,0.0,0.0,0.0,0.0,0.0,272.0,672163.0,208.0,941635.0,1.0,-363538.0,0.0,0.0,0.0,1000.0
2025-09-05T00:00:00,TSC,3.26,3.21,3.23,3.232833782223932,3.23,3.22,519800.0,519800.0,0.0,1680427000.0,0.0,0.0,0.0,0.0,0.0,231.0,952448.0,253.0,1313829.0,1.0,-363538.0,0.0,0.0,0.0,1000.0
2025-09-08T00:00:00,TSC,3.23,3.08,3.23,3.1369838927824913,3.13,3.23,813300.0,813300.0,0.0,2551309000.0,0.0,0.0,0.0,0.0,0.0,388.0,1098976.0,180.0,1733134.0,1.0,-363538.0,0.0,0.0,0.0,1000.0
2025-09-09T00:00:00,TSC,3.13,3.1,3.11,3.120198833510074,3.13,3.13,377200.0,377200.0,0.0,1176939000.0,0.0,0.0,0.0,0.0,0.0,230.0,669259.0,156.0,879280.0,1.0,-363538.0,0.0,0.0,0.0,1000.0
2025-09-10T00:00:00,TSC,3.15,3.1,3.13,3.1189613526570046,3.1,3.13,124200.0,124200.0,0.0,387375000.0,0.0,0.0,0.0,0.0,0.0,181.0,372046.0,129.0,619491.0,1.0,-363538.0,0.0,0.0,0.0,1000.0
2025-09-11T00:00:00,TSC,3.14,3.0,3.11,3.0555902867476106,3.13,3.1,387100.0,387100.0,0.0,1182819000.0,0.0,0.0,0.0,0.0,0.0,315.0,820116.0,181.0,1027837.0,1.0,-363538.0,0.0,0.0,0.0,1000.0
2025-09-12T00:00:00,TSC,3.17,3.09,3.17,3.133532338308458,3.12,3.13,160800.0,160800.0,0.0,503872000.0,0.0,0.0,0.0,0.0,0.0,230.0,479311.0,198.0,698441.0,1.0,-363538.0,0.0,0.0,0.0,1000.0
2025-09-15T00:00:00,TSC,3.24,3.11,3.13,3.185883634100809,3.2,3.12,642800.0,642800.0,0.0,2047886000.0,0.0,0.0,0.0,0.0,0.0,306.0,1175237.0,311.0,1562301.0,1.0,-363538.0,0.0,0.0,0.0,1000.0
2025-09-16T00:00:00,TSC,3.28,3.17,3.22,3.237735849056604,3.2,3.2,789700.0,789700.0,0.0,2556840000.0,0.0,0.0,0.0,0.0,0.0,337.0,1303322.0,341.0,2027352.0,1.0,-363538.0,0.0,0.0,0.0,1000.0
2025-09-17T00:00:00,TSC,3.3,3.2,3.24,3.2482791791363828,3.25,3.2,467800.0,467800.0,0.0,1519545000.0,0.0,0.0,0.0,0.0,0.0,257.0,848677.0,358.0,1665541.0,1.0,-363538.0,0.0,0.0,0.0,1000.0
2025-09-18T00:00:00,TSC,3.33,3.21,3.25,3.2563409868099655,3.21,3.25,818800.0,818800.0,0.0,2666292000.0,0.0,0.0,0.0,0.0,0.0,260.0,1097100.0,366.0,1845592.0,1.0,-363538.0,0.0,0.0,0.0,1000.0
2025-09-19T00:00:00,TSC,3.27,3.2,3.21,3.224040548258138,3.22,3.21,350200.0,350200.0,0.0,1129059000.0,0.0,0.0,0.0,0.0,0.0,219.0,641305.0,265.0,1262598.0,1.0,-363538.0,0.0,0.0,0.0,1000.0
2025-09-22T00:00:00,TSC,3.25,3.16,3.19,3.1952461969575663,3.2,3.22,499600.0,499600.0,0.0,1596345000.0,0.0,0.0,0.0,0.0,0.0,254.0,924933.0,258.0,1526602.0,1.0,-363538.0,0.0,0.0,0.0,1000.0
2025-09-23T00:00:00,TSC,3.24,3.17,3.18,3.200578964297202,3.2,3.2,310900.0,310900.0,0.0,995060000.0,0.0,0.0,0.0,0.0,0.0,234.0,537357.0,198.0,1042025.0,1.0,-363538.0,0.0,0.0,0.0,1000.0
2025-09-24T00:00:00,TSC,3.2,3.1,3.2,3.1462157695939563,3.18,3.2,423600.0,423600.0,0.0,1332737000.0,0.0,0.0,0.0,0.0,0.0,368.0,743513.0,179.0,1055683.0,1.0,-363538.0,0.0,0.0,0.0,1000.0
2025-09-25T00:00:00,TSC,3.2,3.13,3.19,3.1614194484760523,3.16,3.18,344500.0,344500.0,0.0,1089109000.0,0.0,0.0,0.0,0.0,0.0,331.0,640059.0,162.0,740761.0,1.0,-363538.0,0.0,0.0,0.0,1000.0
2025-09-26T00:00:00,TSC,3.24,3.16,3.16,3.1961740331491715,3.17,3.16,651600.0,651600.0,0.0,2082627000.0,0.0,0.0,0.0,0.0,0.0,242.0,915942.0,287.0,1428114.0,1.0,-363538.0,0.0,0.0,0.0,1000.0
2025-09-29T00:00:00,TSC,3.2,3.13,3.17,3.169379815100154,3.17,3.17,259600.0,259600.0,0.0,822771000.0,0.0,0.0,0.0,0.0,0.0,249.0,478349.0,212.0,908914.0,1.0,-363538.0,0.0,0.0,0.0,1000.0
2025-09-30T00:00:00,TSC,3.17,3.07,3.17,3.102631169840653,3.12,3.17,514600.0,514600.0,0.0,1596614000.0,0.0,0.0,0.0,0.0,0.0,324.0,761850.0,222.0,1130202.0,1.0,-363538.0,0.0,0.0,0.0,1000.0
2025-10-01T00:00:00,TSC,3.12,3.06,3.06,3.0919052576782926,3.12,3.12,192100.0,192100.0,0.0,593955000.0,0.0,0.0,0.0,0.0,0.0,222.0,565846.0,127.0,576388.0,1.0,-363538.0,0.0,0.0,0.0,1000.0
2025-10-02T00:00:00,TSC,3.14,3.11,3.14,3.113677032187671,3.11,3.12,183300.0,183300.0,0.0,570737000.0,0.0,0.0,0.0,0.0,0.0,119.0,338549.0,180.0,566108.0,1.0,-363538.0,0.0,0.0,0.0,1000.0
2025-10-03T00:00:00,TSC,3.12,3.07,3.11,3.090671568627451,3.09,3.11,204000.0,204000.0,0.0,630497000.0,0.0,0.0,0.0,0.0,0.0,185.0,449554.0,148.0,435562.0,1.0,-363538.0,0.0,0.0,0.0,1000.0
2025-10-06T00:00:00,TSC,3.15,3.09,3.13,3.111614014933946,3.11,3.09,174100.0,174100.0,0.0,541732000.0,0.0,0.0,0.0,0.0,0.0,178.0,370908.0,165.0,460585.0,1.0,-363538.0,0.0,0.0,0.0,1000.0
2025-10-07T00:00:00,TSC,3.14,3.06,3.06,3.0811867027444917,3.09,3.11,258700.0,258700.0,0.0,797103000.0,0.0,0.0,0.0,0.0,0.0,226.0,715624.0,120.0,555808.0,1.0,-363538.0,0.0,0.0,0.0,1000.0
2025-10-08T00:00:00,TSC,3.13,3.07,3.13,3.099084880636605,3.12,3.09,301600.0,301600.0,0.0,934684000.0,0.0,0.0,0.0,0.0,0.0,188.0,687465.0,156.0,765500.0,1.0,-363538.0,0.0,0.0,0.0,1000.0
2025-10-09T00:00:00,TSC,3.15,3.07,3.15,3.1084551148225468,3.07,3.12,239500.0,239500.0,0.0,744475000.0,0.0,0.0,0.0,0.0,0.0,164.0,421462.0,188.0,775947.0,1.0,-363538.0,0.0,0.0,0.0,1000.0
2025-10-10T00:00:00,TSC,3.13,3.07,3.07,3.084451767525464,3.07,3.07,166900.0,166900.0,0.0,514795000.0,0.0,0.0,0.0,0.0,0.0,176.0,385222.0,194.0,511143.0,1.0,-363538.0,0.0,0.0,0.0,1000.0
2025-10-13T00:00:00,TSC,3.07,3.01,3.05,3.0547264437689967,3.07,3.07,329000.0,329000.0,0.0,1005005000.0,0.0,0.0,0.0,0.0,0.0,277.0,608647.0,130.0,486225.0,1.0,-363538.0,0.0,0.0,0.0,1000.0
2025-10-14T00:00:00,TSC,3.11,3.05,3.06,3.0680407757334662,3.07,3.07,201100.0,201100.0,0.0,616983000.0,0.0,0.0,0.0,0.0,0.0,184.0,422054.0,186.0,436105.0,1.0,-363538.0,0.0,0.0,0.0,1000.0
2025-10-15T00:00:00,TSC,3.09,2.86,3.09,3.001746762589928,3.03,3.07,347500.0,347500.0,0.0,1043107000.0,0.0,0.0,0.0,0.0,0.0,305.0,742878.0,210.0,1255746.0,1.0,-363538.0,0.0,0.0,0.0,1000.0
2025-10-16T00:00:00,TSC,3.04,3.0,3.03,3.0167554281032363,3.03,3.03,244100.0,244100.0,0.0,736390000.0,0.0,0.0,0.0,0.0,0.0,217.0,602388.0,165.0,410908.0,1.0,-363538.0,0.0,0.0,0.0,1000.0
2025-10-17T00:00:00,TSC,3.03,2.98,2.98,3.0000783229670582,3.0,3.03,434100.0,434100.0,0.0,1302334000.0,0.0,0.0,0.0,0.0,0.0,263.0,866331.0,176.0,770161.0,1.0,-363538.0,0.0,0.0,0.0,1000.0
2025-10-20T00:00:00,TSC,3.0,2.8,3.0,2.923092550790068,2.86,3.0,443000.0,443000.0,0.0,1294930000.0,0.0,0.0,0.0,0.0,0.0,215.0,610408.0,152.0,787883.0,1.0,-363538.0,0.0,0.0,0.0,1000.0
2025-10-21T00:00:00,TSC,2.88,2.79,2.86,2.83489396411093,2.86,2.86,429100.0,429100.0,0.0,1216453000.0,0.0,0.0,0.0,0.0,0.0,299.0,935074.0,148.0,613825.0,1.0,-363538.0,0.0,0.0,0.0,1000.0
2025-10-22T00:00:00,TSC,2.88,2.83,2.84,2.8485275619681834,2.88,2.86,270300.0,270300.0,0.0,769957000.0,0.0,0.0,0.0,0.0,0.0,189.0,594979.0,89.0,389944.0,1.0,-363538.0,0.0,0.0,0.0,1000.0
2025-10-23T00:00:00,TSC,2.9,2.86,2.88,2.876256767208043,2.87,2.88,129300.0,129300.0,0.0,371900000.0,0.0,0.0,0.0,0.0,0.0,167.0,306202.0,93.0,309450.0,1.0,-363538.0,0.0,0.0,0.0,1000.0
2025-10-24T00:00:00,TSC,2.87,2.82,2.87,2.842872821174952,2.83,2.87,154900.0,154900.0,0.0,440361000.0,0.0,0.0,0.0,0.0,0.0,171.0,394363.0,111.0,275763.0,1.0,-363538.0,0.0,0.0,0.0,1000.0
2025-10-27T00:00:00,TSC,2.9,2.84,2.84,2.8515751575157515,2.84,2.83,111100.0,111100.0,0.0,316810000.0,0.0,0.0,0.0,0.0,0.0,143.0,335271.0,116.0,234612.0,1.0,-363538.0,0.0,0.0,0.0,1000.0
2025-10-28T00:00:00,TSC,2.88,2.83,2.84,2.845881642512077,2.88,2.84,82800.0,82800.0,0.0,235639000.0,0.0,0.0,0.0,0.0,0.0,115.0,198646.0,89.0,218975.0,1.0,-363538.0,0.0,0.0,0.0,1000.0
2025-10-29T00:00:00,TSC,3.03,2.94,2.96,2.9722885714285714,3.0,2.88,350000.0,350000.0,0.0,1040301000.0,0.0,0.0,0.0,0.0,0.0,231.0,1173588.0,196.0,616726.0,1.0,-363538.0,0.0,0.0,0.0,1000.0
2025-10-30T00:00:00,TSC,3.05,2.96,3.02,2.984670955882353,2.99,3.0,544000.0,544000.0,0.0,1623661000.0,0.0,0.0,0.0,0.0,0.0,223.0,836901.0,202.0,1057870.0,1.0,-363538.0,0.0,0.0,0.0,1000.0
2025-10-31T00:00:00,TSC,3.05,2.97,3.0,3.0094531422271227,3.02,2.99,453500.0,453500.0,0.0,1364787000.0,0.0,0.0,0.0,0.0,0.0,179.0,856447.0,198.0,923870.0,1.0,-363538.0,0.0,0.0,0.0,1000.0
2025-11-03T00:00:00,TSC,3.13,3.02,3.02,3.0814125966123993,3.03,3.02,608100.0,608100.0,0.0,1873807000.0,0.0,0.0,0.0,0.0,0.0,182.0,750209.0,341.0,1620871.0,1.0,-363538.0,0.0,0.0,0.0,1000.0
2025-11-04T00:00:00,TSC,3.04,2.97,3.0,3.0044208494208493,3.04,3.03,207200.0,207200.0,0.0,622516000.0,0.0,0.0,0.0,0.0,0.0,186.0,376893.0,172.0,713754.0,1.0,-363538.0,0.0,0.0,0.0,1000.0
2025-11-05T00:00:00,TSC,3.08,2.94,3.04,2.968580846634282,2.96,3.04,288200.0,288200.0,0.0,855545000.0,0.0,0.0,0.0,0.0,0.0,253.0,988996.0,201.0,946071.0,1.0,-363538.0,0.0,0.0,0.0,1000.0
2025-11-06T00:00:00,TSC,3.0,2.93,2.97,2.959348010160881,2.97,2.96,118100.0,118100.0,0.0,349499000.0,0.0,0.0,0.0,0.0,0.0,156.0,463964.0,95.0,377036.0,1.0,-363538.0,0.0,0.0,0.0,1000.0
2025-11-07T00:00:00,TSC,2.98,2.92,2.97,2.9400985804416404,2.92,2.97,253600.0,253600.0,0.0,745609000.0,0.0,0.0,0.0,0.0,0.0,168.0,904972.0,121.0,572240.0,1.0,-363538.0,0.0,0.0,0.0,1000.0
2025-11-10T00:00:00,TSC,2.93,2.89,2.92,2.904068015497202,2.89,2.92,232300.0,232300.0,0.0,674615000.0,0.0,0.0,0.0,0.0,0.0,179.0,409656.0,98.0,625381.0,1.0,-363538.0,0.0,0.0,0.0,1000.0
2025-11-11T00:00:00,TSC,2.93,2.85,2.93,2.8836236391912906,2.9,2.89,192900.0,192900.0,0.0,556251000.0,0.0,0.0,0.0,0.0,0.0,188.0,432096.0,83.0,375430.0,1.0,-363538.0,0.0,0.0,0.0,1000.0
2025-11-12T00:00:00,TSC,2.94,2.91,2.92,2.929033613445378,2.93,2.9,142800.0,142800.0,0.0,418266000.0,0.0,0.0,0.0,0.0,0.0,152.0,442992.0,117.0,312773.0,1.0,-363538.0,0.0,0.0,0.0,1000.0
2025-11-13T00:00:00,TSC,2.97,2.93,2.93,2.9535313174946003,2.96,2.93,92600.0,92600.0,0.0,273497000.0,0.0,0.0,0.0,0.0,0.0,118.0,213638.0,143.0,484604.0,1.0,-363538.0,0.0,0.0,0.0,1000.0
2025-11-14T00:00:00,TSC,2.98,2.94,2.96,2.9579454545454547,2.96,2.96,165000.0,165000.0,0.0,488061000.0,0.0,0.0,0.0,0.0,0.0,136.0,391474.0,129.0,753744.0,1.0,-363538.0,0.0,0.0,0.0,1000.0
2025-11-17T00:00:00,TSC,2.98,2.94,2.94,2.9694788273615638,2.98,2.96,153500.0,153500.0,0.0,455815000.0,0.0,0.0,0.0,0.0,0.0,165.0,401135.0,145.0,578405.0,1.0,-363538.0,0.0,0.0,0.0,1000.0
2025-11-18T00:00:00,TSC,3.17,3.0,3.0,3.0850194552529184,3.09,2.98,514000.0,514000.0,0.0,1585700000.0,0.0,0.0,0.0,0.0,0.0,328.0,1139976.0,397.0,1413770.0,1.0,-363538.0,0.0,0.0,0.0,1000.0
2025-11-19T00:00:00,TSC,3.14,3.01,3.1,3.088953246753247,3.07,3.09,385000.0,385000.0,0.0,1189247000.0,0.0,0.0,0.0,0.0,0.0,222.0,787906.0,303.0,1673244.0,1.0,-363538.0,0.0,0.0,0.0,1000.0
2025-11-20T00:00:00,TSC,3.08,3.02,3.08,3.0575673053601746,3.03,3.07,412300.0,412300.0,0.0,1260635000.0,0.0,0.0,0.0,0.0,0.0,240.0,675498.0,216.0,1391688.0,1.0,-363538.0,0.0,0.0,0.0,1000.0
2025-11-21T00:00:00,TSC,3.07,3.0,3.03,3.025721393034826,3.02,3.03,402000.0,402000.0,0.0,1216340000.0,0.0,0.0,0.0,0.0,0.0,209.0,721932.0,193.0,959043.0,1.0,-363538.0,0.0,0.0,0.0,1000.0
2025-11-24T00:00:00,TSC,3.09,3.0,3.0,3.035211416490486,3.04,3.02,473000.0,473000.0,0.0,1435655000.0,0.0,0.0,0.0,0.0,0.0,249.0,895019.0,204.0,1489985.0,1.0,-363538.0,0.0,0.0,0.0,1000.0
2025-11-25T00:00:00,TSC,3.08,2.99,3.08,3.0284719488188974,2.99,3.04,406400.0,406400.0,0.0,1230771000.0,0.0,0.0,0.0,0.0,0.0,255.0,698213.0,247.0,1414616.0,1.0,-363538.0,0.0,0.0,0.0,1000.0
2025-11-26T00:00:00,TSC,3.02,2.98,2.99,2.999929707732149,3.01,2.99,270300.0,270300.0,0.0,810881000.0,0.0,0.0,0.0,0.0,0.0,200.0,1029523.0,144.0,943419.0,1.0,-363538.0,0.0,0.0,0.0,1000.0
2025-11-27T00:00:00,TSC,3.14,2.99,3.01,3.0447933266932274,3.04,3.01,401600.0,401600.0,0.0,1222789000.0,0.0,0.0,0.0,0.0,0.0,301.0,972763.0,295.0,1234000.0,1.0,-363538.0,0.0,0.0,0.0,1000.0
2025-11-28T00:00:00,TSC,3.08,3.03,3.07,3.0513365155131265,3.04,3.04,167600.0,167600.0,0.0,511404000.0,0.0,0.0,0.0,0.0,0.0,165.0,658295.0,256.0,1127951.0,1.0,-363538.0,0.0,0.0,0.0,1000.0
2025-12-01T00:00:00,TSC,3.25,3.04,3.05,3.2232744528606925,3.25,3.04,3340100.0,3340100.0,0.0,10766059000.0,0.0,0.0,0.0,0.0,0.0,656.0,5403858.0,569.0,3517854.0,1.0,-363538.0,0.0,0.0,0.0,1000.0
2025-12-02T00:00:00,TSC,3.35,3.22,3.29,3.278717578418347,3.22,3.25,1731100.0,1731100.0,0.0,5675788000.0,0.0,0.0,0.0,0.0,0.0,578.0,2554424.0,489.0,3334589.0,1.0,-363538.0,0.0,0.0,0.0,1000.0
2025-12-03T00:00:00,TSC,3.25,3.12,3.25,3.1778748689269487,3.17,3.22,858300.0,858300.0,0.0,2727570000.0,0.0,0.0,0.0,0.0,0.0,443.0,1852956.0,273.0,1549160.0,1.0,-363538.0,0.0,0.0,0.0,1000.0
2025-12-04T00:00:00,TSC,3.25,3.16,3.16,3.1963729639604974,3.16,3.17,779700.0,779700.0,0.0,2492212000.0,0.0,0.0,0.0,0.0,0.0,446.0,1381043.0,312.0,1892384.0,1.0,-363538.0,0.0,0.0,0.0,1000.0
2025-12-05T00:00:00,TSC,3.2,3.06,3.19,3.110353139569487,3.1,3.16,1008100.0,1008100.0,0.0,3135547000.0,0.0,0.0,0.0,0.0,0.0,619.0,1544483.0,266.0,1961876.0,1.0,-363538.0,0.0,0.0,0.0,1000.0
2025-12-08T00:00:00,TSC,3.31,3.11,3.11,3.2761970511813403,3.31,3.1,3309800.0,3309800.0,0.0,10843557000.0,0.0,0.0,0.0,0.0,0.0,861.0,4452376.0,534.0,3663250.0,1.0,-363538.0,0.0,0.0,0.0,1000.0
2025-12-09T00:00:00,TSC,3.53,3.3,3.33,3.395625274350095,3.37,3.31,4100600.0,4100600.0,0.0,13924101000.0,0.0,0.0,0.0,0.0,0.0,706.0,4677072.0,961.0,6444905.0,1.0,-363533.0,0.0,0.0,0.0,1000.0
2025-12-10T00:00:00,TSC,3.56,3.25,3.38,3.3717909604519773,3.25,3.37,1947000.0,1947000.0,0.0,6564877000.0,0.0,0.0,0.0,0.0,0.0,767.0,3072915.0,705.0,3371079.0,1.0,-363527.0,0.0,0.0,0.0,1000.0
2025-12-11T00:00:00,TSC,3.35,3.2,3.27,3.2517137216189536,3.2,3.25,1013000.0,1013000.0,0.0,3293986000.0,0.0,0.0,0.0,80000.0,260137097.7295163,451.0,1833367.0,346.0,1782722.0,1.0,-363527.0,0.0,0.0,0.0,1000.0
2025-12-12T00:00:00,TSC,3.25,3.0,3.24,3.0955511251480456,3.02,3.2,2533000.0,2533000.0,0.0,7841031000.0,0.0,0.0,0.0,0.0,0.0,715.0,3287572.0,423.0,3286350.0,1.0,-363527.0,0.0,0.0,0.0,1000.0
2025-12-15T00:00:00,TSC,3.08,2.98,3.05,3.016213549173966,3.0,3.02,901900.0,901900.0,0.0,2720323000.0,0.0,0.0,0.0,0.0,0.0,485.0,1913965.0,251.0,1307995.0,1.0,-363527.0,0.0,0.0,0.0,1000.0
2025-12-16T00:00:00,TSC,3.13,3.0,3.0,3.0698150594451783,3.13,3.0,454200.0,454200.0,0.0,1394310000.0,0.0,0.0,0.0,0.0,0.0,353.0,1412162.0,263.0,920808.0,1.0,-283527.0,0.0,0.0,0.0,1000.0
2025-12-17T00:00:00,TSC,3.16,3.08,3.15,3.121359754014349,3.13,3.13,292700.0,292700.0,0.0,913622000.0,0.0,0.0,0.0,0.0,0.0,264.0,820880.0,269.0,983566.0,1.0,-283527.0,0.0,0.0,0.0,1000.0
2025-12-18T00:00:00,TSC,3.15,3.07,3.13,3.091459050240881,3.08,3.13,290600.0,290600.0,0.0,898378000.0,0.0,0.0,0.0,0.0,0.0,300.0,908597.0,231.0,895518.0,1.0,-283527.0,0.0,0.0,0.0,1000.0
2025-12-19T00:00:00,TSC,3.1,3.05,3.09,3.073147925435959,3.08,3.08,332600.0,332600.0,0.0,1022129000.0,0.0,0.0,0.0,0.0,0.0,252.0,1038903.0,197.0,604202.0,1.0,-283527.0,0.0,0.0,0.0,1000.0
2025-12-22T00:00:00,TSC,3.15,3.05,3.08,3.0972934287573195,3.15,3.08,461100.0,461100.0,0.0,1428162000.0,0.0,0.0,0.0,0.0,0.0,281.0,964051.0,248.0,1217430.0,1.0,-283527.0,0.0,0.0,0.0,1000.0
2025-12-23T00:00:00,TSC,3.23,3.13,3.22,3.1855718148560523,3.23,3.15,628700.0,628700.0,0.0,2002769000.0,0.0,0.0,0.0,0.0,0.0,208.0,984280.0,384.0,1389057.0,1.0,-283527.0,0.0,0.0,0.0,1000.0
2025-12-24T00:00:00,TSC,3.23,3.13,3.23,3.161023461407684,3.14,3.23,294100.0,294100.0,0.0,929657000.0,0.0,0.0,0.0,0.0,0.0,237.0,763273.0,247.0,1139173.0,1.0,-283527.0,0.0,0.0,0.0,1000.0
2025-12-25T00:00:00,TSC,3.15,3.08,3.14,3.1066260987153482,3.09,3.14,295800.0,295800.0,0.0,918940000.0,0.0,0.0,0.0,0.0,0.0,271.0,764917.0,198.0,857064.0,1.0,-283527.0,0.0,0.0,0.0,1000.0
2025-12-26T00:00:00,TSC,3.09,3.02,3.09,3.039196354598177,3.07,3.09,241400.0,241400.0,0.0,733662000.0,0.0,0.0,0.0,0.0,0.0,315.0,663298.0,130.0,511800.0,1.0,-283527.0,0.0,0.0,0.0,1000.0
2025-12-29T00:00:00,TSC,3.09,3.06,3.09,3.0722352941176467,3.08,3.07,93500.0,93500.0,0.0,287254000.0,0.0,0.0,0.0,0.0,0.0,157.0,412795.0,110.0,577064.0,1.0,-283527.0,0.0,0.0,0.0,1000.0
2025-12-30T00:00:00,TSC,3.1,3.02,3.1,3.0535598141695703,3.08,3.08,172200.0,172200.0,0.0,525823000.0,0.0,0.0,0.0,0.0,0.0,212.0,648375.0,121.0,687631.0,1.0,-283527.0,0.0,0.0,0.0,1000.0
2025-12-31T00:00:00,TSC,3.08,3.03,3.07,3.047032710280374,3.06,3.08,128400.0,128400.0,0.0,391239000.0,0.0,0.0,0.0,0.0,0.0,214.0,479320.0,146.0,566948.0,1.0,-283527.0,0.0,0.0,0.0,1000.0
2026-01-05T00:00:00,TSC,3.09,3.03,3.04,3.0545014955134597,3.05,3.06,200600.0,200600.0,0.0,612733000.0,0.0,0.0,0.0,0.0,0.0,165.0,411880.0,129.0,706214.0,1.0,-283527.0,0.0,0.0,0.0,1000.0
2026-01-06T00:00:00,TSC,3.05,2.95,3.02,2.993585657370518,2.98,3.05,451800.0,451800.0,0.0,1352502000.0,0.0,0.0,0.0,0.0,0.0,355.0,787245.0,173.0,1171374.0,1.0,-283527.0,0.0,0.0,0.0,1000.0
2026-01-07T00:00:00,TSC,3.02,2.98,3.0,3.001743707093821,3.02,2.98,218500.0,218500.0,0.0,655881000.0,0.0,0.0,0.0,0.0,0.0,249.0,593470.0,155.0,367232.0,1.0,-283527.0,0.0,0.0,0.0,1000.0
2026-01-08T00:00:00,TSC,3.05,2.97,3.02,2.995365853658537,2.97,3.02,434600.0,434600.0,0.0,1301786000.0,0.0,0.0,0.0,0.0,0.0,265.0,749699.0,155.0,1118442.0,1.0,-283527.0,0.0,0.0,0.0,1000.0
2026-01-09T00:00:00,TSC,2.98,2.92,2.98,2.944146991622239,2.94,2.97,525200.0,525200.0,0.0,1546266000.0,0.0,0.0,0.0,0.0,0.0,303.0,840417.0,148.0,1147219.0,1.0,-283527.0,0.0,0.0,0.0,1000.0
2026-01-12T00:00:00,TSC,2.95,2.87,2.94,2.904037252343101,2.91,2.94,842900.0,842900.0,0.0,2447813000.0,0.0,0.0,0.0,0.0,0.0,485.0,1204276.0,186.0,1431419.0,1.0,-283527.0,0.0,0.0,0.0,1000.0
2026-01-13T00:00:00,TSC,2.96,2.9,2.91,2.9289076669414675,2.95,2.91,242600.0,242600.0,0.0,710553000.0,0.0,0.0,0.0,0.0,0.0,215.0,708496.0,139.0,582852.0,1.0,-283527.0,0.0,0.0,0.0,1000.0
2026-01-14T00:00:00,TSC,2.97,2.91,2.97,2.9268362131905574,2.94,2.95,410900.0,410900.0,0.0,1202637000.0,0.0,0.0,0.0,0.0,0.0,269.0,934965.0,178.0,967665.0,1.0,-283527.0,0.0,0.0,0.0,1000.0
2026-01-15T00:00:00,TSC,2.95,2.91,2.94,2.9219151727153476,2.94,2.94,457400.0,457400.0,0.0,1336484000.0,0.0,0.0,0.0,0.0,0.0,251.0,804119.0,169.0,946023.0,1.0,-283527.0,0.0,0.0,0.0,1000.0
2026-01-16T00:00:00,TSC,2.95,2.92,2.94,2.9296482683982688,2.95,2.94,184800.0,184800.0,0.0,541399000.0,0.0,0.0,0.0,0.0,0.0,227.0,464859.0,121.0,312530.0,1.0,-283527.0,0.0,0.0,0.0,1000.0
2026-01-19T00:00:00,TSC,2.97,2.92,2.94,2.939653916211293,2.94,2.95,109800.0,109800.0,0.0,322774000.0,0.0,0.0,0.0,0.0,0.0,197.0,406401.0,119.0,253610.0,1.0,-283527.0,0.0,0.0,0.0,1000.0
2026-01-20T00:00:00,TSC,2.99,2.94,2.97,2.963722721437741,2.95,2.94,155800.0,155800.0,0.0,461748000.0,0.0,0.0,0.0,0.0,0.0,182.0,323649.0,162.0,527417.0,1.0,-283527.0,0.0,0.0,0.0,1000.0
2026-01-21T00:00:00,TSC,2.95,2.9,2.95,2.911523418638339,2.92,2.95,414200.0,414200.0,0.0,1205953000.0,0.0,0.0,0.0,0.0,0.0,254.0,690225.0,118.0,619666.0,1.0,-283527.0,0.0,0.0,0.0,1000.0
2026-01-22T00:00:00,TSC,3.0,2.9,2.94,2.9550633397312858,3.0,2.92,260500.0,260500.0,0.0,769794000.0,0.0,0.0,0.0,9500.0,28073101.727447215,267.0,700569.0,155.0,567581.0,1.0,-283527.0,0.0,0.0,0.0,1000.0
2026-01-23T00:00:00,TSC,3.1,2.97,3.01,3.0216317443687792,2.97,3.0,381800.0,381800.0,0.0,1153659000.0,0.0,0.0,0.0,0.0,0.0,222.0,704758.0,284.0,1128722.0,1.0,-283527.0,0.0,0.0,0.0,1000.0
2026-01-26T00:00:00,TSC,2.98,2.9,2.95,2.9268052715291977,2.9,2.97,440100.0,440100.0,0.0,1288087000.0,0.0,0.0,0.0,0.0,0.0,227.0,720296.0,178.0,788780.0,1.0,-283527.0,0.0,0.0,0.0,1000.0
2026-01-27T00:00:00,TSC,2.91,2.85,2.89,2.8792178770949723,2.9,2.9,196900.0,196900.0,0.0,566918000.0,0.0,0.0,0.0,0.0,0.0,262.0,391416.0,102.0,368254.0,1.0,-274027.0,0.0,0.0,0.0,1000.0
2026-01-28T00:00:00,TSC,2.99,2.88,2.99,2.9091348088531186,2.9,2.9,49700.0,49700.0,0.0,144584000.0,0.0,0.0,0.0,0.0,0.0,160.0,312372.0,146.0,402597.0,1.0,-274027.0,0.0,0.0,0.0,1000.0
2026-01-29T00:00:00,TSC,2.95,2.89,2.9,2.9028439869989167,2.89,2.9,184600.0,184600.0,0.0,535865000.0,0.0,0.0,0.0,0.0,0.0,181.0,514620.0,114.0,461944.0,1.0,-274027.0,0.0,0.0,0.0,1000.0
2026-01-30T00:00:00,TSC,2.93,2.83,2.84,2.8794120048999594,2.89,2.89,244900.0,244900.0,0.0,705168000.0,0.0,0.0,0.0,0.0,0.0,309.0,814435.0,106.0,391084.0,1.0,-274027.0,0.0,0.0,0.0,1000.0
2026-02-02T00:00:00,TSC,2.9,2.85,2.9,2.8672391523713423,2.86,2.89,495500.0,495500.0,0.0,1420717000.0,0.0,0.0,0.0,0.0,0.0,260.0,872878.0,156.0,751916.0,1.0,-274027.0,0.0,0.0,0.0,1000.0
2026-02-03T00:00:00,TSC,2.89,2.85,2.87,2.8701540755467194,2.88,2.86,201200.0,201200.0,0.0,577475000.0,0.0,0.0,0.0,0.0,0.0,190.0,542266.0,132.0,619836.0,1.0,-274027.0,0.0,0.0,0.0,1000.0
2026-02-04T00:00:00,TSC,2.91,2.86,2.91,2.864384811975173,2.87,2.88,273900.0,273900.0,0.0,784555000.0,0.0,0.0,0.0,0.0,0.0,195.0,718281.0,149.0,659692.0,1.0,-274027.0,0.0,0.0,0.0,1000.0
2026-02-05T00:00:00,TSC,2.88,2.85,2.87,2.860424194815397,2.86,2.87,127300.0,127300.0,0.0,364132000.0,0.0,0.0,0.0,0.0,0.0,163.0,600446.0,104.0,413898.0,1.0,-274027.0,0.0,0.0,0.0,1000.0
2026-02-06T00:00:00,TSC,2.86,2.83,2.85,2.8426677208041564,2.84,2.86,442700.0,442700.0,0.0,1258449000.0,0.0,0.0,0.0,0.0,0.0,202.0,705771.0,158.0,705661.0,1.0,-274027.0,0.0,0.0,0.0,1000.0
2026-02-09T00:00:00,TSC,2.84,2.8,2.84,2.813082400813835,2.8,2.84,294900.0,294900.0,0.0,829578000.0,0.0,0.0,0.0,0.0,0.0,172.0,450530.0,108.0,557075.0,1.0,-274027.0,0.0,0.0,0.0,1000.0
2026-02-10T00:00:00,TSC,2.8,2.76,2.8,2.7792684085510686,2.79,2.8,210500.0,210500.0,0.0,585036000.0,0.0,0.0,0.0,0.0,0.0,175.0,407709.0,74.0,375425.0,1.0,-274027.0,0.0,0.0,0.0,1000.0
2026-02-11T00:00:00,TSC,2.84,2.78,2.84,2.797560553633218,2.82,2.79,115600.0,115600.0,0.0,323398000.0,0.0,0.0,0.0,0.0,0.0,159.0,362039.0,95.0,408710.0,1.0,-274027.0,0.0,0.0,0.0,1000.0
2026-02-12T00:00:00,TSC,2.85,2.81,2.82,2.8211262798634813,2.83,2.82,29300.0,29300.0,0.0,82659000.0,0.0,0.0,0.0,0.0,0.0,78.0,209370.0,79.0,277586.0,1.0,-274027.0,0.0,0.0,0.0,1000.0
2026-02-13T00:00:00,TSC,2.83,2.8,2.83,2.811011235955056,2.8,2.83,124600.0,124600.0,0.0,350252000.0,0.0,0.0,0.0,0.0,0.0,127.0,233369.0,72.0,316508.0,1.0,-274027.0,0.0,0.0,0.0,1000.0
2026-02-23T00:00:00,TSC,2.83,2.8,2.83,2.813461691147281,2.82,2.8,251900.0,251900.0,0.0,708711000.0,0.0,0.0,0.0,0.0,0.0,172.0,376255.0,105.0,495140.0,1.0,-274027.0,0.0,0.0,0.0,1000.0
2026-02-24T00:00:00,TSC,2.86,2.8,2.8,2.829647117296223,2.83,2.82,201200.0,201200.0,0.0,569325000.0,0.0,0.0,0.0,0.0,0.0,207.0,365853.0,138.0,375649.0,1.0,-274027.0,0.0,0.0,0.0,1000.0
2026-02-25T00:00:00,TSC,2.86,2.82,2.86,2.8296274217585693,2.83,2.83,134200.0,134200.0,0.0,379736000.0,0.0,0.0,0.0,0.0,0.0,164.0,276900.0,117.0,441330.0,1.0,-274027.0,0.0,0.0,0.0,1000.0
2026-02-26T00:00:00,TSC,2.85,2.82,2.85,2.8388907563025207,2.85,2.83,119000.0,119000.0,0.0,337828000.0,0.0,0.0,0.0,0.0,0.0,130.0,218964.0,136.0,335494.0,1.0,-274027.0,0.0,0.0,0.0,1000.0
2026-02-27T00:00:00,TSC,2.86,2.81,2.86,2.82208938547486,2.83,2.85,89500.0,89500.0,0.0,252577000.0,0.0,0.0,0.0,0.0,0.0,142.0,175680.0,129.0,316633.0,1.0,-274027.0,0.0,0.0,0.0,1000.0
2026-03-02T00:00:00,TSC,2.8,2.66,2.73,2.7431363636363635,2.7,2.83,374000.0,374000.0,0.0,1025933000.0,0.0,0.0,0.0,0.0,0.0,314.0,769292.0,150.0,656775.0,1.0,-273961.0,0.0,0.0,0.0,1000.0
2026-03-03T00:00:00,TSC,2.73,2.52,2.69,2.6261640340218713,2.56,2.7,823000.0,823000.0,0.0,2161333000.0,0.0,0.0,0.0,0.0,0.0,560.0,1180823.0,169.0,1075684.0,1.0,-273961.0,0.0,0.0,0.0,1000.0
2026-03-04T00:00:00,TSC,2.63,2.55,2.56,2.5900130039011704,2.6,2.56,230700.0,230700.0,0.0,597516000.0,0.0,0.0,0.0,0.0,0.0,279.0,503475.0,145.0,436040.0,1.0,-273961.0,0.0,0.0,0.0,1000.0
2026-03-05T00:00:00,TSC,2.65,2.58,2.61,2.604991652754591,2.59,2.6,119800.0,119800.0,0.0,312078000.0,0.0,0.0,0.0,0.0,0.0,212.0,304888.0,128.0,306746.0,1.0,-273961.0,0.0,0.0,0.0,1000.0
2026-03-06T00:00:00,TSC,2.6,2.55,2.57,2.568880114860014,2.55,2.59,139300.0,139300.0,0.0,357845000.0,0.0,0.0,0.0,0.0,0.0,217.0,300538.0,120.0,302381.0,1.0,-273961.0,0.0,0.0,0.0,1000.0
2026-03-09T00:00:00,TSC,2.5,2.38,2.4,2.3851355013550135,2.38,2.55,885600.0,885600.0,0.0,2112276000.0,0.0,0.0,0.0,0.0,0.0,331.0,948347.0,195.0,1477350.0,1.0,-273961.0,0.0,0.0,0.0,1000.0
2026-03-10T00:00:00,TSC,2.48,2.38,2.44,2.43442750287687,2.44,2.38,347600.0,347600.0,0.0,846207000.0,0.0,0.0,0.0,0.0,0.0,278.0,637978.0,160.0,526842.0,1.0,-273961.0,0.0,0.0,0.0,1000.0
2026-03-11T00:00:00,TSC,2.5,2.44,2.44,2.4717651146629604,2.49,2.44,143900.0,143900.0,0.0,355687000.0,0.0,0.0,0.0,0.0,0.0,192.0,349984.0,134.0,363223.0,1.0,-273961.0,0.0,0.0,0.0,1000.0
2026-03-12T00:00:00,TSC,2.5,2.45,2.49,2.4788357142857143,2.48,2.49,140000.0,140000.0,0.0,347037000.0,0.0,0.0,0.0,0.0,0.0,192.0,377666.0,129.0,414769.0,1.0,-273961.0,0.0,0.0,0.0,1000.0
2026-03-13T00:00:00,TSC,2.48,2.45,2.46,2.4604468802698145,2.46,2.48,118600.0,118600.0,0.0,291809000.0,0.0,0.0,0.0,0.0,0.0,184.0,303206.0,116.0,317413.0,1.0,-273961.0,0.0,0.0,0.0,1000.0
2026-03-16T00:00:00,TSC,2.5,2.47,2.5,2.4841756919374247,2.47,2.46,83100.0,83100.0,0.0,206435000.0,0.0,0.0,0.0,0.0,0.0,148.0,270897.0,108.0,261061.0,1.0,-273961.0,0.0,0.0,0.0,1000.0
2026-03-17T00:00:00,TSC,2.57,2.48,2.48,2.5317022357723578,2.55,2.47,196800.0,196800.0,0.0,498239000.0,0.0,0.0,0.0,0.0,0.0,213.0,492335.0,153.0,323343.0,1.0,-273961.0,0.0,0.0,0.0,1000.0
2026-03-18T00:00:00,TSC,2.6,2.53,2.58,2.574439592430859,2.54,2.55,137400.0,137400.0,0.0,353728000.0,0.0,0.0,0.0,0.0,0.0,142.0,310315.0,154.0,313382.0,1.0,-273961.0,0.0,0.0,0.0,1000.0
2026-03-19T00:00:00,TSC,2.58,2.52,2.54,2.5539910313901344,2.55,2.54,66900.0,66900.0,0.0,170862000.0,0.0,0.0,0.0,0.0,0.0,126.0,335407.0,141.0,290487.0,1.0,-273961.0,0.0,0.0,0.0,1000.0
2026-03-20T00:00:00,TSC,2.57,2.49,2.57,2.5091198979591836,2.5,2.55,156800.0,156800.0,0.0,393430000.0,0.0,0.0,0.0,0.0,0.0,156.0,365133.0,115.0,358785.0,1.0,-273961.0,0.0,0.0,0.0,1000.0
2026-03-23T00:00:00,TSC,2.52,2.46,2.5,2.48055396916048,2.46,2.5,175100.0,175100.0,0.0,434345000.0,0.0,0.0,0.0,0.0,0.0,136.0,319947.0,94.0,314297.0,1.0,-273961.0,0.0,0.0,0.0,1000.0
2026-03-24T00:00:00,TSC,2.53,2.45,2.47,2.4858984771573605,2.52,2.46,98500.0,98500.0,0.0,244861000.0,0.0,0.0,0.0,0.0,0.0,169.0,326107.0,86.0,225852.0,1.0,-273961.0,0.0,0.0,0.0,1000.0
2026-03-25T00:00:00,TSC,2.57,2.52,2.52,2.549433516915814,2.54,2.52,127100.0,127100.0,0.0,324033000.0,0.0,0.0,0.0,0.0,0.0,108.0,259605.0,128.0,291457.0,1.0,-273961.0,0.0,0.0,0.0,1000.0
2026-03-26T00:00:00,TSC,2.59,2.5,2.58,2.5395124593716143,2.53,2.54,92300.0,92300.0,0.0,234397000.0,0.0,0.0,0.0,0.0,0.0,105.0,264906.0,114.0,377808.0,1.0,-273961.0,0.0,0.0,0.0,1000.0
2026-03-27T00:00:00,TSC,2.59,2.51,2.53,2.551558028616852,2.58,2.53,125800.0,125800.0,0.0,320986000.0,0.0,0.0,0.0,0.0,0.0,139.0,314976.0,95.0,245711.0,1.0,-273961.0,0.0,0.0,0.0,1000.0
2026-03-30T00:00:00,TSC,2.56,2.47,2.56,2.49730572597137,2.51,2.58,195600.0,195600.0,0.0,488473000.0,0.0,0.0,0.0,0.0,0.0,208.0,443949.0,144.0,533445.0,1.0,-273961.0,0.0,0.0,0.0,1000.0
2026-03-31T00:00:00,TSC,2.55,2.5,2.54,2.5133878504672897,2.53,2.51,85600.0,85600.0,0.0,215146000.0,0.0,0.0,0.0,0.0,0.0,164.0,276873.0,109.0,209420.0,1.0,-273961.0,0.0,0.0,0.0,1000.0
2026-04-01T00:00:00,TSC,2.59,2.5,2.55,2.52321052631579,2.52,2.53,114000.0,114000.0,0.0,287646000.0,0.0,0.0,0.0,0.0,0.0,181.0,279726.0,126.0,432875.0,1.0,-273961.0,0.0,0.0,0.0,1000.0
2026-04-02T00:00:00,TSC,2.51,2.38,2.47,2.447446708831108,2.44,2.52,426900.0,426900.0,0.0,1044815000.0,0.0,0.0,0.0,0.0,0.0,394.0,750852.0,166.0,1441257.0,1.0,-273961.0,0.0,0.0,0.0,1000.0
2026-04-03T00:00:00,TSC,2.45,2.4,2.44,2.4218577981651372,2.42,2.44,305200.0,305200.0,0.0,739151000.0,0.0,0.0,0.0,0.0,0.0,218.0,544354.0,105.0,483123.0,1.0,-273961.0,0.0,0.0,0.0,1000.0
2026-04-06T00:00:00,TSC,2.46,2.41,2.44,2.4338754764930113,2.41,2.42,78700.0,78700.0,0.0,191546000.0,0.0,0.0,0.0,0.0,0.0,117.0,341931.0,107.0,308115.0,1.0,-273961.0,0.0,0.0,0.0,1000.0
2026-04-07T00:00:00,TSC,2.43,2.39,2.41,2.397866004962779,2.39,2.41,161200.0,161200.0,0.0,386536000.0,0.0,0.0,0.0,0.0,0.0,215.0,314659.0,109.0,424234.0,1.0,-273961.0,0.0,0.0,0.0,1000.0
2026-04-08T00:00:00,TSC,2.49,2.42,2.44,2.451311813186813,2.47,2.39,145600.0,145600.0,0.0,356911000.0,0.0,0.0,0.0,0.0,0.0,210.0,323034.0,163.0,325298.0,1.0,-273961.0,0.0,0.0,0.0,1000.0
2026-04-09T00:00:00,TSC,2.5,2.42,2.45,2.470686845168801,2.49,2.47,85900.0,85900.0,0.0,212232000.0,0.0,0.0,0.0,0.0,0.0,251.0,264615.0,139.0,310760.0,1.0,-273961.0,0.0,0.0,0.0,1000.0
2026-04-10T00:00:00,TSC,2.53,2.47,2.5,2.4946014492753625,2.49,2.49,82800.0,82800.0,0.0,206553000.0,0.0,0.0,0.0,0.0,0.0,146.0,292001.0,135.0,349046.0,1.0,-273961.0,0.0,0.0,0.0,1000.0
2026-04-13T00:00:00,TSC,2.49,2.41,2.48,2.441498708010336,2.43,2.49,154800.0,154800.0,0.0,377944000.0,0.0,0.0,0.0,0.0,0.0,223.0,500238.0,132.0,385315.0,1.0,-273961.0,0.0,0.0,0.0,1000.0
2026-04-14T00:00:00,TSC,2.46,2.41,2.44,2.433153998025666,2.41,2.43,202600.0,202600.0,0.0,492957000.0,0.0,0.0,0.0,0.0,0.0,240.0,410737.0,113.0,450244.0,1.0,-273961.0,0.0,0.0,0.0,1000.0
2026-04-15T00:00:00,TSC,2.47,2.4,2.44,2.4223316062176163,2.4,2.41,173700.0,173700.0,0.0,420759000.0,0.0,0.0,0.0,0.0,0.0,227.0,2330596.0,163.0,514535.0,1.0,-273961.0,0.0,0.0,0.0,1000.0
2026-04-16T00:00:00,TSC,2.42,2.37,2.4,2.389198456922417,2.4,2.4,233300.0,233300.0,0.0,557400000.0,0.0,0.0,0.0,0.0,0.0,251.0,406869.0,128.0,474994.0,1.0,-273961.0,0.0,0.0,0.0,1000.0
2026-04-17T00:00:00,TSC,2.41,2.37,2.4,2.3881543274244006,2.37,2.4,191800.0,191800.0,0.0,458048000.0,0.0,0.0,0.0,0.0,0.0,220.0,528186.0,130.0,370481.0,1.0,-273961.0,0.0,0.0,0.0,1000.0
2026-04-20T00:00:00,TSC,2.42,2.37,2.37,2.396233552631579,2.4,2.37,60800.0,60800.0,0.0,145691000.0,0.0,0.0,0.0,0.0,0.0,133.0,165339.0,108.0,227574.0,1.0,-273961.0,0.0,0.0,0.0,1000.0
2026-04-21T00:00:00,TSC,2.45,2.3,2.4,2.3647635135135134,2.36,2.4,118400.0,118400.0,0.0,279988000.0,0.0,0.0,0.0,0.0,0.0,273.0,359407.0,161.0,410652.0,1.0,-273961.0,0.0,0.0,0.0,1000.0
2026-04-22T00:00:00,TSC,2.38,2.35,2.35,2.3596321070234114,2.36,2.36,89700.0,89700.0,0.0,211659000.0,0.0,0.0,0.0,0.0,0.0,179.0,256761.0,117.0,356112.0,1.0,-273961.0,0.0,0.0,0.0,1000.0
2026-04-23T00:00:00,TSC,2.44,2.35,2.44,2.3749900990099007,2.39,2.36,151500.0,151500.0,0.0,359811000.0,0.0,0.0,0.0,0.0,0.0,165.0,257007.0,159.0,536723.0,1.0,-273961.0,0.0,0.0,0.0,1000.0
2026-04-24T00:00:00,TSC,2.39,2.34,2.39,2.3651992753623188,2.39,2.39,55200.0,55200.0,0.0,130559000.0,0.0,0.0,0.0,0.0,0.0,162.0,233248.0,114.0,291004.0,1.0,-273961.0,0.0,0.0,0.0,1000.0
2026-04-28T00:00:00,TSC,2.43,2.37,2.37,2.3896286811779768,2.38,2.39,78100.0,78100.0,0.0,186630000.0,0.0,0.0,0.0,0.0,0.0,109.0,154267.0,91.0,189142.0,1.0,-273961.0,0.0,0.0,0.0,1000.0
2026-04-29T00:00:00,TSC,2.4,2.35,2.38,2.372642585551331,2.39,2.38,52600.0,52600.0,0.0,124801000.0,0.0,0.0,0.0,0.0,0.0,149.0,123052.0,92.0,189078.0,1.0,-273961.0,0.0,0.0,0.0,1000.0
2026-05-04T00:00:00,TSC,2.43,2.37,2.4,2.3976320272572402,2.38,2.39,117400.0,117400.0,0.0,281482000.0,0.0,0.0,0.0,0.0,0.0,141.0,232244.0,122.0,356779.0,1.0,-273961.0,0.0,0.0,0.0,1000.0
2026-05-05T00:00:00,TSC,2.4,2.27,2.38,2.3390867229470453,2.37,2.38,130300.0,130300.0,0.0,304783000.0,0.0,0.0,0.0,0.0,0.0,175.0,227522.0,96.0,380085.0,1.0,-273961.0,0.0,0.0,0.0,1000.0
2026-05-06T00:00:00,TSC,2.37,2.34,2.37,2.3588322147651004,2.37,2.37,74500.0,74500.0,0.0,175733000.0,0.0,0.0,0.0,0.0,0.0,138.0,219995.0,116.0,311911.0,1.0,-273961.0,0.0,0.0,0.0,1000.0
2026-05-07T00:00:00,TSC,2.4,2.34,2.35,2.3639142335766423,2.34,2.37,109600.0,109600.0,0.0,259085000.0,0.0,0.0,0.0,0.0,0.0,180.0,262287.0,108.0,296928.0,1.0,-273961.0,0.0,0.0,0.0,1000.0
2026-05-08T00:00:00,TSC,2.39,2.34,2.34,2.3681978798586574,2.35,2.34,84900.0,84900.0,0.0,201060000.0,0.0,0.0,0.0,0.0,0.0,151.0,182102.0,119.0,456271.0,1.0,-273961.0,0.0,0.0,0.0,1000.0
2026-05-11T00:00:00,TSC,2.38,2.3,2.38,2.332249488752556,2.33,2.35,97800.0,97800.0,0.0,228094000.0,0.0,0.0,0.0,0.0,0.0,207.0,237548.0,129.0,451951.0,1.0,-273961.0,0.0,0.0,0.0,1000.0
2026-05-12T00:00:00,TSC,2.36,2.29,2.36,2.314133921411387,2.34,2.33,249400.0,249400.0,0.0,577145000.0,0.0,0.0,0.0,0.0,0.0,227.0,390835.0,107.0,402712.0,1.0,-273961.0,0.0,0.0,0.0,1000.0
2026-05-13T00:00:00,TSC,2.34,2.28,2.33,2.2992325717633277,2.31,2.34,170700.0,170700.0,0.0,392479000.0,0.0,0.0,0.0,0.0,0.0,204.0,370732.0,109.0,314574.0,1.0,-273961.0,0.0,0.0,0.0,1000.0
2026-05-14T00:00:00,TSC,2.36,2.3,2.33,2.3136983240223463,2.34,2.31,179000.0,179000.0,0.0,414152000.0,0.0,0.0,0.0,0.0,0.0,121.0,346814.0,116.0,377933.0,1.0,-273961.0,0.0,0.0,0.0,1000.0
2026-05-15T00:00:00,TSC,2.38,2.27,2.34,2.314712189616253,2.32,2.34,177200.0,177200.0,0.0,410167000.0,0.0,0.0,0.0,0.0,0.0,170.0,320501.0,166.0,439048.0,1.0,-273961.0,0.0,0.0,0.0,1000.0
2026-05-18T00:00:00,TSC,2.32,2.28,2.32,2.312873684210526,2.3,2.32,190000.0,190000.0,0.0,439446000.0,0.0,0.0,0.0,0.0,0.0,114.0,321895.0,129.0,329406.0,1.0,-273961.0,0.0,0.0,0.0,1000.0
2026-05-19T00:00:00,TSC,2.3,2.27,2.3,2.2866477272727277,2.3,2.3,123200.0,123200.0,0.0,281715000.0,0.0,0.0,0.0,0.0,0.0,148.0,277957.0,91.0,231059.0,1.0,-273961.0,0.0,0.0,0.0,1000.0
2026-05-20T00:00:00,TSC,2.3,2.23,2.3,2.253143148242486,2.24,2.3,196300.0,196300.0,0.0,442292000.0,0.0,0.0,0.0,0.0,0.0,201.0,346865.0,120.0,419761.0,1.0,-273961.0,0.0,0.0,0.0,1000.0
2026-05-21T00:00:00,TSC,2.28,2.23,2.23,2.240855704697987,2.24,2.24,59600.0,59600.0,0.0,133555000.0,0.0,0.0,0.0,0.0,0.0,149.0,224905.0,89.0,146159.0,1.0,-273961.0,0.0,0.0,0.0,1000.0
2026-05-22T00:00:00,TSC,2.28,2.23,2.24,2.2588422391857508,2.27,2.24,78600.0,78600.0,0.0,177545000.0,0.0,0.0,0.0,0.0,0.0,103.0,3211005.0,96.0,206533.0,1.0,-273961.0,0.0,0.0,0.0,1000.0
2026-05-25T00:00:00,TSC,2.28,2.24,2.25,2.246689774696707,2.24,2.27,57700.0,57700.0,0.0,129634000.0,0.0,0.0,0.0,0.0,0.0,145.0,204603.0,105.0,150006.0,1.0,-273961.0,0.0,0.0,0.0,1000.0
2026-05-26T00:00:00,TSC,2.3,2.23,2.26,2.243260517799353,2.23,2.24,123600.0,123600.0,0.0,277267000.0,0.0,0.0,0.0,0.0,0.0,157.0,274653.0,98.0,281558.0,1.0,-273961.0,0.0,0.0,0.0,1000.0
2026-05-27T00:00:00,TSC,2.26,2.22,2.26,2.2298130841121497,2.22,2.23,53500.0,53500.0,0.0,119295000.0,0.0,0.0,0.0,0.0,0.0,147.0,181215.0,84.0,150733.0,1.0,-273961.0,0.0,0.0,0.0,1000.0
2026-05-28T00:00:00,TSC,2.25,2.22,2.23,2.2278190630048464,2.23,2.22,61900.0,61900.0,0.0,137902000.0,0.0,0.0,0.0,0.0,0.0,114.0,164985.0,76.0,185420.0,1.0,-273961.0,0.0,0.0,0.0,1000.0
2026-05-29T00:00:00,TSC,2.26,2.2,2.23,2.2117495029821077,2.2,2.23,100600.0,100600.0,0.0,222502000.0,0.0,0.0,0.0,0.0,0.0,148.0,177125.0,95.0,345833.0,1.0,-273961.0,0.0,0.0,0.0,1000.0
2026-06-01T00:00:00,TSC,2.35,2.2,2.2,2.316108086307723,2.35,2.2,495900.0,495900.0,0.0,1148558000.0,0.0,0.0,0.0,0.0,0.0,284.0,952467.0,168.0,496455.0,1.0,-273961.0,0.0,0.0,0.0,1000.0
2026-06-02T00:00:00,TSC,2.51,2.45,2.47,2.495510857956568,2.51,2.35,561800.0,561800.0,0.0,1401978000.0,0.0,0.0,0.0,0.0,0.0,257.0,1221023.0,244.0,584506.0,1.0,-273961.0,0.0,0.0,0.0,1000.0
2026-06-03T00:00:00,TSC,2.65,2.34,2.64,2.4735162094763092,2.34,2.51,721800.0,721800.0,0.0,1785384000.0,0.0,0.0,0.0,0.0,0.0,306.0,851842.0,334.0,1397098.0,1.0,-273961.0,0.0,0.0,0.0,1000.0
2026-06-04T00:00:00,TSC,2.42,2.26,2.34,2.292496803069054,2.26,2.34,312800.0,312800.0,0.0,717093000.0,0.0,0.0,0.0,0.0,0.0,319.0,655123.0,150.0,470819.0,1.0,-273961.0,0.0,0.0,0.0,1000.0
2026-06-05T00:00:00,TSC,2.3,2.2,2.3,2.2300036258158085,2.26,2.26,275800.0,275800.0,0.0,615035000.0,0.0,0.0,0.0,0.0,0.0,304.0,705381.0,98.0,528551.0,1.0,-273961.0,0.0,0.0,0.0,1000.0
2026-06-08T00:00:00,TSC,2.29,2.23,2.26,2.2485504745470233,2.29,2.26,115900.0,115900.0,0.0,260607000.0,0.0,0.0,0.0,0.0,0.0,221.0,332702.0,104.0,212954.0,1.0,-273961.0,0.0,0.0,0.0,1000.0
2026-06-09T00:00:00,TSC,2.29,2.26,2.27,2.271090327344327,2.29,2.29,406300.0,406300.0,0.0,922744000.0,0.0,0.0,0.0,283.0,642718.5626384445,134.0,599191.0,112.0,558348.0,1.0,-273961.0,0.0,0.0,0.0,1000.0
2026-06-10T00:00:00,TSC,2.45,2.28,2.28,2.3933427698726066,2.45,2.29,1342300.0,1342300.0,0.0,3212584000.0,0.0,0.0,0.0,0.0,0.0,352.0,4556556.0,272.0,1439147.0,1.0,-273961.0,0.0,0.0,0.0,1000.0
2026-06-11T00:00:00,TSC,2.5,2.35,2.49,2.450836536701446,2.39,2.45,546300.0,546300.0,0.0,1338892000.0,0.0,0.0,0.0,0.0,0.0,242.0,791184.0,221.0,1183455.0,1.0,-273961.0,0.0,0.0,0.0,1000.0
2026-06-12T00:00:00,TSC,2.39,2.29,2.39,2.3524475920679886,2.31,2.39,882500.0,882500.0,0.0,2076035000.0,0.0,0.0,0.0,0.0,0.0,316.0,1448585.0,180.0,1145220.0,1.0,-273678.0,0.0,0.0,0.0,1000.0
2026-06-15T00:00:00,TSC,2.4,2.26,2.31,2.299605095541401,2.34,2.31,628000.0,628000.0,0.0,1444152000.0,0.0,0.0,0.0,0.0,0.0,329.0,1110189.0,142.0,807737.0,1.0,-273678.0,0.0,0.0,0.0,1000.0
2026-06-16T00:00:00,TSC,2.38,2.3,2.34,2.3486794171220398,2.37,2.34,219600.0,219600.0,0.0,515770000.0,0.0,0.0,0.0,0.0,0.0,208.0,942323.0,192.0,462005.0,1.0,-273678.0,0.0,0.0,0.0,1000.0
2026-06-17T00:00:00,TSC,2.37,2.33,2.37,2.3496267361111114,2.34,2.37,115200.0,115200.0,0.0,270677000.0,0.0,0.0,0.0,0.0,0.0,166.0,399960.0,133.0,506047.0,1.0,-273678.0,0.0,0.0,0.0,1000.0
2026-06-18T00:00:00,TSC,2.36,2.34,2.34,2.350636200716846,2.35,2.34,223200.0,223200.0,0.0,524662000.0,0.0,0.0,0.0,0.0,0.0,146.0,580381.0,129.0,534624.0,1.0,-273678.0,0.0,0.0,0.0,1000.0
2026-06-19T00:00:00,TSC,2.39,2.32,2.34,2.3419574468085105,2.32,2.35,141000.0,141000.0,0.0,330216000.0,0.0,0.0,0.0,0.0,0.0,103.0,294262.0,133.0,417698.0,1.0,-273678.0,0.0,0.0,0.0,1000.0
2026-06-22T00:00:00,TSC,2.38,2.32,2.33,2.351997690531178,2.35,2.32,86600.0,86600.0,0.0,203683000.0,0.0,0.0,0.0,0.0,0.0,109.0,280720.0,123.0,184459.0,1.0,-273678.0,0.0,0.0,0.0,1000.0
2026-06-23T00:00:00,TSC,2.36,2.3,2.35,2.3248313343328335,2.3,2.35,266800.0,266800.0,0.0,620265000.0,0.0,0.0,0.0,0.0,0.0,144.0,373808.0,111.0,439863.0,1.0,-273678.0,-55000.0,0.0,-55000.0,1000.0
2026-06-24T00:00:00,TSC,2.35,2.27,2.34,2.2928165007112375,2.27,2.3,140600.0,140600.0,0.0,322370000.0,0.0,0.0,0.0,0.0,0.0,132.0,244444.0,91.0,347473.0,1.0,-273678.0,0.0,0.0,0.0,1000.0
2026-06-25T00:00:00,TSC,2.3,2.24,2.24,2.2684982935153584,2.28,2.27,87900.0,87900.0,0.0,199401000.0,0.0,0.0,0.0,0.0,0.0,183.0,245598.0,94.0,211081.0,1.0,-273678.0,0.0,0.0,0.0,1000.0
2026-06-26T00:00:00,TSC,2.3,2.24,2.25,2.2788242574257422,2.26,2.28,80800.0,80800.0,0.0,184129000.0,0.0,0.0,0.0,0.0,0.0,115.0,234356.0,79.0,228013.0,1.0,-273678.0,0.0,0.0,0.0,1000.0
2026-06-29T00:00:00,TSC,2.28,2.24,2.26,2.255084388185654,2.28,2.26,189600.0,189600.0,0.0,427564000.0,0.0,0.0,0.0,0.0,0.0,152.0,361311.0,89.0,288487.0,1.0,-273678.0,0.0,0.0,0.0,1000.0
2026-06-30T00:00:00,TSC,2.28,2.24,2.28,2.268616780045351,2.28,2.28,44100.0,44100.0,0.0,100046000.0,0.0,0.0,0.0,0.0,0.0,142.0,174427.0,64.0,202626.0,1.0,-273678.0,0.0,0.0,0.0,1000.0
2026-07-01T00:00:00,TSC,2.31,2.26,2.26,2.2772340425531916,2.28,2.28,65800.0,65800.0,0.0,149842000.0,0.0,0.0,0.0,0.0,0.0,130.0,173350.0,81.0,290392.0,1.0,-273678.0,0.0,0.0,0.0,1000.0
2026-07-02T00:00:00,TSC,2.32,2.27,2.3,2.287287798408488,2.3,2.28,150800.0,150800.0,0.0,344923000.0,0.0,0.0,0.0,0.0,0.0,117.0,261103.0,86.0,262449.0,1.0,-273678.0,0.0,0.0,0.0,1000.0
2026-07-03T00:00:00,TSC,2.3,2.26,2.29,2.2757510148849796,2.27,2.3,73900.0,73900.0,0.0,168178000.0,0.0,0.0,0.0,0.0,0.0,113.0,185257.0,84.0,234586.0,1.0,-273678.0,0.0,0.0,0.0,1000.0
2026-07-06T00:00:00,TSC,2.28,2.15,2.27,2.2107041513399897,2.22,2.27,190300.0,190300.0,0.0,420697000.0,0.0,0.0,0.0,0.0,0.0,188.0,382465.0,96.0,631133.0,1.0,-273678.0,0.0,0.0,0.0,1000.0
2026-07-07T00:00:00,TSC,2.25,2.2,2.22,2.223968253968254,2.2,2.22,100800.0,100800.0,0.0,224176000.0,0.0,0.0,0.0,0.0,0.0,164.0,331197.0,80.0,258057.0,1.0,-273678.0,0.0,0.0,0.0,1000.0
2026-07-08T00:00:00,TSC,2.24,2.2,2.2,2.206817391304348,2.22,2.2,57500.0,57500.0,0.0,126892000.0,0.0,0.0,0.0,0.0,0.0,123.0,210062.0,64.0,187674.0,1.0,-273678.0,0.0,0.0,0.0,1000.0
2026-07-09T00:00:00,TSC,2.23,2.07,2.22,2.1297304404996713,2.18,2.22,152100.0,152100.0,0.0,323932000.0,0.0,0.0,0.0,0.0,0.0,264.0,419942.0,79.0,273482.0,1.0,-273678.0,0.0,0.0,0.0,1000.0
2026-07-10T00:00:00,TSC,2.2,2.12,2.19,2.1606189555125725,2.15,2.18,51700.0,51700.0,0.0,111704000.0,0.0,0.0,0.0,0.0,0.0,171.0,236410.0,73.0,148017.0,1.0,-273678.0,0.0,0.0,0.0,1000.0
2026-07-13T00:00:00,TSC,2.2,2.12,2.17,2.1475872769588826,2.12,2.15,128900.0,128900.0,0.0,276824000.0,0.0,0.0,0.0,0.0,0.0,199.0,258222.0,117.0,288943.0,1.0,-273678.0,0.0,0.0,0.0,1000.0
2026-07-14T00:00:00,TSC,2.15,2.11,2.15,2.1232751091703057,2.14,2.12,91600.0,91600.0,0.0,194492000.0,0.0,0.0,0.0,0.0,0.0,159.0,254117.0,60.0,182313.0,1.0,-273678.0,0.0,0.0,0.0,1000.0
2026-07-15T00:00:00,TSC,2.14,2.1,2.14,2.1174545454545455,2.13,2.14,66000.0,66000.0,0.0,139752000.0,0.0,0.0,0.0,0.0,0.0,146.0,201859.0,51.0,175675.0,1.0,-273678.0,0.0,0.0,0.0,1000.0
2026-07-16T00:00:00,TSC,2.15,2.08,2.12,2.106797202797203,2.13,2.13,143000.0,143000.0,0.0,301272000.0,0.0,0.0,0.0,0.0,0.0,195.0,321308.0,176.0,301259.0,1.0,-273678.0,0.0,0.0,0.0,1000.0
2026-07-17T00:00:00,TSC,2.14,2.07,2.11,2.0936214347450304,2.1,2.13,115700.0,115700.0,0.0,242232000.0,0.0,0.0,0.0,0.0,0.0,166.0,283395.0,139.0,248038.0,1.0,-273678.0,0.0,0.0,0.0,1000.0
2026-07-20T00:00:00,TSC,2.1,2.04,2.1,2.0552746113989637,2.04,2.1,96500.0,96500.0,0.0,198334000.0,0.0,0.0,0.0,0.0,0.0,127.0,322256.0,96.0,255584.0,1.0,-273678.0,0.0,0.0,0.0,1000.0
2026-07-21T00:00:00,TSC,2.07,1.99,2.05,2.0067967145790555,2.0,2.04,146100.0,146100.0,0.0,293193000.0,0.0,0.0,0.0,0.0,0.0,204.0,340062.0,88.0,288941.0,1.0,-273678.0,0.0,0.0,0.0,1000.0
2026-07-22T00:00:00,TSC,2.03,1.99,2.0,1.9986175115207372,2.0,2.0,108500.0,108500.0,0.0,216850000.0,0.0,0.0,0.0,0.0,0.0,139.0,256157.0,75.0,224355.0,1.0,-273678.0,0.0,0.0,0.0,1000.0
2026-07-23T00:00:00,TSC,2.02,1.9,2.0,1.963236842105263,2.0,2.0,76000.0,76000.0,0.0,149206000.0,0.0,0.0,0.0,0.0,0.0,134.0,250859.0,79.0,185841.0,1.0,-273678.0,0.0,0.0,0.0,1000.0
2026-07-24T00:00:00,TSC,2.02,1.98,2.0,1.9993737373737375,2.0,2.0,49500.0,49500.0,0.0,98969000.0,0.0,0.0,0.0,0.0,0.0,97.0,184144.0,93.0,210373.0,1.0,-273678.0,0.0,0.0,0.0,1000.0
2026-07-27T00:00:00,TSC,2.07,1.95,2.01,2.0016365688487587,1.97,2.0,88600.0,88600.0,0.0,177345000.0,0.0,0.0,0.0,0.0,0.0,109.0,229094.0,267.0,309647.0,1.0,-273678.0,0.0,0.0,0.0,1000.0
2026-07-28T00:00:00,TSC,2.0,1.95,2.0,1.9686677631578948,1.97,1.97,60800.0,60800.0,0.0,119695000.0,0.0,0.0,0.0,0.0,0.0,116.0,174489.0,71.0,240493.0,1.0,-273678.0,0.0,0.0,0.0,1000.0
2026-07-29T00:00:00,TSC,2.02,1.95,1.96,1.9626041666666667,1.96,1.97,48000.0,48000.0,0.0,94205000.0,0.0,0.0,0.0,0.0,0.0,97.0,166258.0,67.0,215815.0,1.0,-273678.0,0.0,0.0,0.0,1000.0
2026-07-30T00:00:00,TSC,2.02,1.96,1.96,1.9782005371530886,2.0,1.96,111700.0,111700.0,0.0,220965000.0,0.0,0.0,0.0,0.0,0.0,133.0,276229.0,102.0,230652.0,1.0,-273678.0,0.0,0.0,0.0,1000.0
2026-07-31T00:00:00,TSC,1.99,1.96,1.97,1.9775402504472273,1.98,2.0,111800.0,111800.0,0.0,221089000.0,0.0,0.0,0.0,0.0,0.0,130.0,264621.0,72.0,237187.0,1.0,-273678.0,0.0,0.0,0.0,1000.0
2026-08-03T00:00:00,TSC,2.0,1.97,1.98,1.9830917874396135,1.98,1.98,62100.0,62100.0,0.0,123150000.0,0.0,0.0,0.0,0.0,0.0,98.0,144897.0,73.0,269082.0,1.0,-273678.0,0.0,0.0,0.0,1000.0
2026-08-04T00:00:00,TSC,2.11,1.98,1.99,2.0875239923224567,2.08,1.98,468900.0,468900.0,0.0,978840000.0,0.0,0.0,0.0,0.0,0.0,211.0,1157777.0,183.0,580528.0,1.0,-273678.0,0.0,0.0,0.0,1000.0
2026-08-05T00:00:00,TSC,2.1,2.04,2.04,2.057094861660079,2.08,2.08,101200.0,101200.0,0.0,208178000.0,0.0,0.0,0.0,0.0,0.0,173.0,258164.0,138.0,430763.0,1.0,-273678.0,0.0,0.0,0.0,1000.0
2026-08-06T00:00:00,TSC,2.09,2.04,2.08,2.0633011789924973,2.05,2.08,93300.0,93300.0,0.0,192506000.0,0.0,0.0,0.0,0.0,0.0,129.0,195077.0,119.0,300473.0,1.0,-273678.0,0.0,0.0,0.0,1000.0
2026-08-07T00:00:00,TSC,2.07,2.02,2.06,2.0316,2.04,2.05,57500.0,57500.0,0.0,116817000.0,0.0,0.0,0.0,0.0,0.0,162.0,190257.0,108.0,246489.0,1.0,-273678.0,0.0,0.0,0.0,1000.0
2026-08-10T00:00:00,TSC,2.08,2.03,2.03,2.0438301043219074,2.05,2.04,67100.0,67100.0,0.0,137141000.0,0.0,0.0,0.0,0.0,0.0,134.0,182944.0,96.0,292655.0,1.0,-273678.0,0.0,0.0,0.0,1000.0
2026-08-11T00:00:00,TSC,2.07,2.03,2.03,2.043169291338583,2.04,2.05,50800.0,50800.0,0.0,103793000.0,0.0,0.0,0.0,0.0,0.0,108.0,165513.0,77.0,190606.0,1.0,-273678.0,0.0,0.0,0.0,1000.0
2026-08-12T00:00:00,TSC,2.07,2.04,2.04,2.046826086956522,2.05,2.04,92000.0,92000.0,0.0,188308000.0,0.0,0.0,0.0,0.0,0.0,128.0,190717.0,101.0,258763.0,1.0,-273678.0,0.0,0.0,0.0,1000.0
2026-08-13T00:00:00,TSC,2.05,2.0,2.03,2.019152189020153,2.02,2.05,143900.0,143900.0,0.0,290556000.0,0.0,0.0,0.0,0.0,0.0,152.0,193458.0,119.0,440107.0,1.0,-273678.0,0.0,0.0,0.0,1000.0
2026-08-14T00:00:00,TSC,2.01,1.97,2.01,1.9895033860045146,1.98,2.02,88600.0,88600.0,0.0,176270000.0,0.0,0.0,0.0,0.0,0.0,167.0,229826.0,97.0,455639.0,1.0,-273678.0,0.0,0.0,0.0,1000.0
2026-08-17T00:00:00,TSC,2.01,1.98,2.0,1.999131205673759,1.98,1.98,56400.0,56400.0,0.0,112751000.0,0.0,0.0,0.0,0.0,0.0,85.0,149247.0,86.0,328330.0,1.0,-273678.0,0.0,0.0,0.0,1000.0
2026-08-18T00:00:00,TSC,2.0,1.98,1.98,1.9821111111111112,1.99,1.98,9000.0,9000.0,0.0,17839000.0,0.0,0.0,0.0,0.0,0.0,62.0,61164.0,64.0,454245.0,1.0,-273678.0,0.0,0.0,0.0,1000.0
2026-08-19T00:00:00,TSC,1.99,1.96,1.99,1.981766169154229,1.97,1.99,40200.0,40200.0,0.0,79667000.0,0.0,0.0,0.0,0.0,0.0,87.0,92281.0,90.0,372999.0,1.0,-273678.0,0.0,0.0,0.0,1000.0
2026-08-20T00:00:00,TSC,1.99,1.95,1.99,1.9699790356394131,1.97,1.97,47700.0,47700.0,0.0,93968000.0,0.0,0.0,0.0,0.0,0.0,88.0,109569.0,83.0,323928.0,1.0,-273678.0,0.0,0.0,0.0,1000.0
2026-08-21T00:00:00,TSC,2.07,1.96,1.97,2.0096831844029244,2.07,1.97,492400.0,492400.0,0.0,989568000.0,0.0,0.0,0.0,0.0,0.0,135.0,1899164.0,158.0,644406.0,1.0,-273678.0,0.0,0.0,0.0,1000.0
2026-08-24T00:00:00,TSC,2.1,2.03,2.04,2.0577481323372466,2.05,2.07,93700.0,93700.0,0.0,192811000.0,0.0,0.0,0.0,0.0,0.0,104.0,235460.0,123.0,254681.0,1.0,-273678.0,0.0,0.0,0.0,1000.0
2026-08-25T00:00:00,TSC,2.09,2.02,2.05,2.0454909090909092,2.02,2.05,55000.0,55000.0,0.0,112502000.0,0.0,0.0,0.0,0.0,0.0,132.0,101782.0,137.0,243201.0,1.0,-273678.0,0.0,0.0,0.0,1000.0
2026-08-26T00:00:00,TSC,2.05,2.0,2.03,2.016951364175563,2.01,2.02,84300.0,84300.0,0.0,170029000.0,0.0,0.0,0.0,0.0,0.0,123.0,129661.0,109.0,268440.0,1.0,-273678.0,0.0,0.0,0.0,1000.0
2026-08-27T00:00:00,TSC,2.12,2.02,2.1,2.071216434810741,2.02,2.01,309100.0,309100.0,0.0,640213000.0,0.0,0.0,0.0,0.0,0.0,185.0,477491.0,153.0,901139.0,1.0,-273678.0,0.0,0.0,0.0,1000.0
2026-08-28T00:00:00,TSC,2.06,2.0,2.0,2.014880083420229,2.05,2.02,95900.0,95900.0,0.0,193227000.0,0.0,0.0,0.0,0.0,0.0,123.0,231080.0,80.0,196028.0,1.0,-273678.0,0.0,0.0,0.0,1000.0
2026-09-03T00:00:00,TSC,2.05,2.0,2.05,2.0064285714285712,2.0,2.05,36400.0,36400.0,0.0,73034000.0,0.0,0.0,0.0,0.0,0.0,113.0,179393.0,95.0,242238.0,1.0,-273678.0,0.0,0.0,0.0,1000.0
2026-09-04T00:00:00,TSC,2.03,1.99,2.0,2.002220421393841,2.01,2.0,61700.0,61700.0,0.0,123537000.0,0.0,0.0,0.0,0.0,0.0,104.0,249743.0,78.0,115615.0,1.0,-273678.0,0.0,0.0,0.0,1000.0
2026-09-07T00:00:00,TSC,2.03,1.96,2.0,1.9892267365661862,1.99,2.01,76300.0,76300.0,0.0,151778000.0,0.0,0.0,0.0,0.0,0.0,133.0,225617.0,134.0,315189.0,1.0,-273678.0,0.0,0.0,0.0,1000.0
2026-09-08T00:00:00,TSC,1.99,1.94,1.99,1.9534249628528977,1.94,1.99,134600.0,134600.0,0.0,262931000.0,0.0,0.0,0.0,0.0,0.0,181.0,323507.0,107.0,283508.0,1.0,-273678.0,0.0,0.0,0.0,1000.0
2026-09-09T00:00:00,TSC,1.98,1.94,1.98,1.9588611111111112,1.95,1.94,72000.0,72000.0,0.0,141038000.0,0.0,0.0,0.0,0.0,0.0,104.0,159442.0,95.0,201533.0,1.0,-273678.0,0.0,0.0,0.0,1000.0
2026-09-10T00:00:00,TSC,1.96,1.92,1.96,1.9366490299823633,1.94,1.95,56700.0,56700.0,0.0,109808000.0,0.0,0.0,0.0,0.0,0.0,116.0,184138.0,65.0,156261.0,1.0,-273678.0,0.0,0.0,0.0,1000.0
2026-09-11T00:00:00,TSC,1.95,1.89,1.93,1.9083187134502924,1.89,1.94,136800.0,136800.0,0.0,261058000.0,0.0,0.0,0.0,0.0,0.0,157.0,255553.0,84.0,251325.0,1.0,-273678.0,0.0,0.0,0.0,1000.0
2026-09-14T00:00:00,TSC,1.9,1.87,1.9,1.8860515021459228,1.88,1.89,93200.0,93200.0,0.0,175780000.0,0.0,0.0,0.0,0.0,0.0,107.0,154519.0,112.0,183674.0,1.0,-273676.0,0.0,0.0,0.0,1000.0
2026-09-15T00:00:00,TSC,1.91,1.87,1.88,1.8806963788300837,1.89,1.88,107700.0,107700.0,0.0,202551000.0,0.0,0.0,0.0,0.0,0.0,113.0,156918.0,67.0,171865.0,1.0,-273676.0,0.0,0.0,0.0,1000.0
2026-09-16T00:00:00,TSC,1.97,1.89,1.89,1.9391122071516644,1.93,1.89,81100.0,81100.0,0.0,157262000.0,0.0,0.0,0.0,0.0,0.0,114.0,175705.0,126.0,239416.0,1.0,-273651.0,0.0,0.0,0.0,1000.0
2026-09-17T00:00:00,TSC,1.94,1.9,1.91,1.9258495145631067,1.94,1.93,82400.0,82400.0,0.0,158690000.0,0.0,0.0,0.0,0.0,0.0,114.0,235127.0,93.0,192916.0,1.0,-273651.0,0.0,0.0,0.0,1000.0
2026-09-18T00:00:00,TSC,1.96,1.9,1.95,1.9262462159434914,1.93,1.94,99100.0,99100.0,0.0,190891000.0,0.0,0.0,0.0,0.0,0.0,116.0,171726.0,98.0,201655.0,1.0,-273651.0,0.0,0.0,0.0,1000.0
2026-09-21T00:00:00,TSC,1.94,1.91,1.93,1.9132835820895522,1.91,1.93,33500.0,33500.0,0.0,64095000.0,0.0,0.0,0.0,0.0,0.0,85.0,84600.0,62.0,108403.0,1.0,-273651.0,0.0,0.0,0.0,1000.0
2026-09-22T00:00:00,TSC,1.92,1.88,1.9,1.8948455284552845,1.88,1.91,61500.0,61500.0,0.0,116533000.0,0.0,0.0,0.0,0.0,0.0,146.0,152929.0,67.0,143984.0,1.0,-273651.0,0.0,0.0,0.0,1000.0
2026-09-23T00:00:00,TSC,1.91,1.87,1.91,1.8822073578595317,1.89,1.88,89700.0,89700.0,0.0,168834000.0,0.0,0.0,0.0,0.0,0.0,0.0,0.0,0.0,0.0,1.0,-273651.0,,,,1000.0
